# vtk DataFile Version 3.0
vtk output at time 4.3
ASCII
DATASET UNSTRUCTURED_GRID
POINTS 634 float
-1.82292 -0.910315 -6.31628 -1.78885 -0.894427 -7 -1.44056 -1.43947 -6.31727 
-1.41421 -1.41421 -7 -2.03983 0.000488583 -6.31607 -2 0 -7 
-1.8229 0.910766 -6.31536 -1.78885 0.894427 -7 -1.44108 1.4411 -6.31807 
-1.41421 1.41421 -7 -1.49462 -1.49434 -5.63811 -1.89123 -0.94492 -5.636 
-2.11573 0.000755119 -5.63527 -1.89088 0.946361 -5.63598 -1.49445 1.49594 -5.63697 
-1.99144 -0.995417 -4.95533 -1.57417 -1.57463 -4.95676 -2.22672 0.00113707 -4.95467 
-1.99092 0.996753 -4.95515 -1.57352 1.57566 -4.95578 -1.67327 -1.67345 -4.27371 
-2.11724 -1.05888 -4.27374 -2.36687 0.000369028 -4.27304 -2.1163 1.0592 -4.27347 
-1.67269 1.67416 -4.27289 -2.25492 -1.1276 -3.58948 -1.78239 -1.7826 -3.58967 
-2.52065 2.17546e-05 -3.58928 -2.25454 1.12757 -3.58895 -1.78241 1.78292 -3.58923 
-1.89152 -1.89139 -2.90355 -2.39262 -1.19638 -2.90388 -2.67539 -2.0884e-05 -2.90366 
-2.39291 1.19629 -2.9039 -1.89138 1.89135 -2.90323 -2.5173 -1.25845 -2.21671 
-1.98992 -1.98972 -2.21674 -2.81446 3.58985e-05 -2.2167 -2.51719 1.25857 -2.21659 
-1.9901 1.98995 -2.21689 -2.06751 -2.06746 -1.52866 -2.61545 -1.30759 -1.52858 
-2.92429 0.000125557 -1.52862 -2.61522 1.30791 -1.52881 -2.06746 2.06784 -1.52877 
-2.11732 -2.11727 -0.839725 -2.67806 -1.33898 -0.839684 -2.994 0.000185313 -0.839784 
-2.67809 1.33946 -0.84022 -2.1167 2.11769 -0.840207 -2.699 -1.34949 -0.150386 
-2.13383 -2.13397 -0.150593 -3.01751 0.000321557 -0.150668 -2.69867 1.35005 -0.150841 
-2.13334 2.13457 -0.151436 -2.67629 -1.33815 0.538974 -2.11584 -2.11583 0.53897 
-2.992 0.000331727 0.538651 -2.67596 1.33859 0.53859 -2.11531 2.11613 0.538409 
-2.06502 -2.06479 1.22864 -2.61195 -1.30567 1.22864 -2.91997 0.000186311 1.22882 
-2.61149 1.30598 1.22849 -2.06441 2.06488 1.2284 -1.986 -1.98567 1.91859 
-2.51194 -1.25583 1.91887 -2.80814 -2.92497e-05 1.91897 -2.51171 1.25589 1.91899 
-1.98559 1.98573 1.9188 -2.38624 -1.19306 2.60919 -1.88673 -1.88634 2.60931 
-2.6677 -0.000141736 2.60954 -2.38612 1.19287 2.60946 -1.88639 1.88616 2.60946 
-1.77662 -1.77613 3.30011 -2.24693 -1.1234 3.30026 -2.51199 -0.000172578 3.30043 
-2.24693 1.12324 3.30041 -1.77649 1.77606 3.30018 -2.10761 -1.05375 3.99145 
-1.66644 -1.66596 3.99139 -2.35623 -0.000153087 3.99161 -2.10771 1.05354 3.99142 
-1.66644 1.66593 3.99136 -1.56696 -1.56662 4.68298 -1.98196 -0.990919 4.68304 
-2.21581 -0.000191993 4.68297 -1.98199 0.99072 4.68288 -1.56702 1.56661 4.68275 
-1.88228 -0.940976 5.37479 -1.48818 -1.48772 5.37485 -2.10432 -0.000114919 5.37466 
-1.88232 0.940886 5.37466 -1.48822 1.48779 5.37467 -1.43765 -1.4371 6.0669 
-1.8184 -0.908939 6.06691 -2.033 -1.94825e-05 6.06679 -1.81841 0.908925 6.06676 
-1.43761 1.43717 6.06672 -1.79646 -0.897989 6.75905 -1.42028 -1.41975 6.75904 
-2.00851 -6.14887e-05 6.75891 -1.79647 0.897936 6.75894 -1.42026 1.41986 6.75886 
1.82271 -0.910796 -6.31574 1.44019 -1.44094 -6.31782 1.78885 -0.894427 -7 
1.41421 -1.41421 -7 1.49474 -1.49508 -5.63777 1.89115 -0.945656 -5.63595 
1.99229 -0.995819 -4.9551 1.57546 -1.57509 -4.95548 1.6738 -1.67332 -4.27255 
2.11732 -1.05835 -4.273 2.25529 -1.1277 -3.58913 1.78303 -1.7829 -3.5892 
1.89205 -1.89208 -2.9034 2.3934 -1.19689 -2.90377 2.51739 -1.25903 -2.21657 
1.98998 -1.99038 -2.21685 2.06737 -2.06812 -1.52885 2.6155 -1.30821 -1.52897 
2.11716 -2.11755 -0.84008 2.67807 -1.33942 -0.840128 2.69913 -1.3498 -0.150729 
2.1338 -2.13401 -0.150818 2.67605 -1.33815 0.539001 2.11567 -2.11569 0.539123 
2.06456 -2.06457 1.22902 2.61148 -1.30583 1.22901 1.98532 -1.9855 1.91919 
2.51146 -1.25594 1.9194 2.38584 -1.19328 2.60991 1.88587 -1.88639 2.60976 
1.77552 -1.77647 3.30043 2.24633 -1.12376 3.30066 2.10701 -1.05419 3.99147 
1.66538 -1.6665 3.99155 1.56589 -1.56706 4.6828 1.98112 -0.9913 4.68291 
1.88152 -0.941234 5.37456 1.48727 -1.48801 5.37465 1.43687 -1.43713 6.06668 
1.81778 -0.908816 6.06649 1.79593 -0.89765 6.75868 1.41978 -1.41956 6.75877 
2.03994 -0.000412181 -6.31417 2 0 -7 2.11545 0.000180212 -5.63623 
2.22773 0.000456717 -4.95522 2.36703 0.00022433 -4.27234 2.5216 7.62614e-06 -3.5888 
2.67592 -0.000127936 -2.9037 2.81489 -0.000287657 -2.21713 2.92447 -0.00033094 -1.52876 
2.99434 -0.000289213 -0.840224 3.01778 -0.000312008 -0.151193 2.99185 -0.000267779 0.538663 
2.91971 -0.000347768 1.22897 2.80803 -0.000385735 1.91925 2.66758 -0.000409517 2.60987 
2.51185 -0.000448866 3.30051 2.35604 -0.000365825 3.99169 2.21534 -0.000321454 4.68288 
2.10379 -0.000105751 5.37443 2.03238 0.000192031 6.06653 2.00789 0.000333258 6.75868 
1.82381 0.911901 -6.31815 1.78885 0.894427 -7 1.89204 0.94607 -5.63736 
1.99269 0.996616 -4.95588 2.11716 1.05876 -4.27337 2.25537 1.12756 -3.5889 
2.39349 1.19647 -2.90377 2.51771 1.25848 -2.21661 2.61596 1.30766 -1.52903 
2.67851 1.33902 -0.840244 2.69936 1.34933 -0.150702 2.67606 1.33757 0.53885 
2.61139 1.30518 1.22889 2.51155 1.25535 1.91935 2.3859 1.19256 2.60986 
2.24659 1.12305 3.3007 2.10723 1.05346 3.99157 1.98143 0.99071 4.68282 
1.88171 0.941 5.37449 1.81767 0.90912 6.0665 1.79571 0.898268 6.75869 
1.44198 1.44192 -6.31975 1.41421 1.41421 -7 1.49546 1.49548 -5.63803 
1.5758 1.57608 -4.95647 1.67392 1.67384 -4.27294 1.78325 1.78284 -3.58894 
1.89212 1.89147 -2.9032 1.99087 1.99016 -2.21674 2.06823 2.06784 -1.52879 
2.11766 2.11716 -0.839807 2.13396 2.13356 -0.150545 2.11566 2.11526 0.539151 
2.06456 2.06416 1.22897 1.98548 1.98511 1.91915 1.88617 1.8859 2.60987 
1.77597 1.77598 3.30063 1.66566 1.66592 3.99152 1.56624 1.56654 4.68265 
1.48746 1.48782 5.3745 1.43682 1.43726 6.06642 1.41947 1.42007 6.75853 
-0.910537 -1.82149 -6.32077 -0.894427 -1.78885 -7 -0.94496 -1.8918 -5.63771 
-0.995522 -1.99232 -4.95638 -1.05825 -2.11674 -4.27356 -1.12724 -2.25442 -3.58908 
-1.19649 -2.39266 -2.90377 -1.25853 -2.51682 -2.21655 -1.30798 -2.61529 -1.52893 
-1.33923 -2.67825 -0.840249 -1.34961 -2.69928 -0.150725 -1.33816 -2.67645 0.538836 
-1.3059 -2.61167 1.22841 -1.25622 -2.51159 1.91861 -1.19355 -2.38599 2.60914 
-1.12395 -2.24668 3.30017 -1.05426 -2.10732 3.99136 -0.991351 -1.98163 4.68309 
-0.941483 -1.88184 5.37497 -0.909456 -1.81783 6.06696 -0.898366 -1.79574 6.75913 
0.000647439 -2.03788 -6.32032 0 -2 -7 0.000312958 -2.11575 -5.63882 
0.00029183 -2.2275 -4.95672 8.64525e-05 -2.36669 -4.2734 -4.06367e-05 -2.52083 -3.58945 
-1.93861e-05 -2.67527 -2.90349 -5.82865e-05 -2.81416 -2.21656 -0.000180992 -2.92445 -1.52851 
-0.000120067 -2.9944 -0.840259 1.1457e-05 -3.01787 -0.150789 0.000126194 -2.99212 0.53867 
-5.87115e-05 -2.91989 1.22866 -0.000323345 -2.80802 1.91867 -0.000522472 -2.66758 2.60936 
-0.000754005 -2.51189 3.3001 -0.000823678 -2.35612 3.99139 -0.00079619 -2.21565 4.68299 
-0.000609492 -2.104 5.37487 -0.000523292 -2.0325 6.06703 -0.000463395 -2.00775 6.75919 
0.910972 -1.82192 -6.32039 0.894427 -1.78885 -7 0.94595 -1.89215 -5.63716 
0.996238 -1.99221 -4.95582 1.05852 -2.11687 -4.27323 1.12741 -2.25473 -3.58894 
1.19674 -2.39326 -2.904 1.25862 -2.51758 -2.21668 1.30749 -2.61569 -1.52876 
1.33891 -2.67833 -0.840055 1.3496 -2.69927 -0.150572 1.33827 -2.67627 0.538988 
1.30579 -2.61159 1.2289 1.25557 -2.51157 1.91909 1.19248 -2.38596 2.60939 
1.12262 -2.24687 3.30024 1.05278 -2.10765 3.99133 0.990011 -1.982 4.683 
0.940293 -1.88194 5.37475 0.908582 -1.81787 6.06691 0.897817 -1.79567 6.75913 
-0.910545 1.82264 -6.32056 -0.894427 1.78885 -7 0.000936745 2.03905 -6.32025 
0 2 -7 0.911634 1.82344 -6.32091 0.894427 1.78885 -7 
-0.944248 1.89171 -5.63761 0.000469487 2.11556 -5.63769 0.946348 1.89233 -5.63841 
-0.994884 1.9931 -4.95611 0.00102679 2.22785 -4.95646 0.99678 1.99274 -4.95644 
-1.0575 2.11707 -4.27246 0.000746441 2.36708 -4.27311 1.05893 2.1172 -4.27269 
-1.12707 2.2551 -3.5882 0.000354947 2.52128 -3.58935 1.12804 2.25529 -3.5885 
-1.19607 2.39241 -2.90274 0.000441558 2.67518 -2.90347 1.19701 2.39327 -2.90352 
-1.25847 2.51696 -2.21627 0.000556402 2.81466 -2.21702 1.25933 2.51745 -2.21647 
-1.30748 2.61606 -1.52927 0.000660287 2.92437 -1.52883 1.30833 2.61571 -1.52893 
-1.33829 2.67885 -0.84073 0.000640947 2.99484 -0.840495 1.33953 2.67816 -0.839905 
-1.34885 2.6995 -0.151035 0.000452131 3.01755 -0.151134 1.34972 2.69881 -0.15043 
-1.33749 2.67637 0.538466 0.000299467 2.99203 0.538769 1.33801 2.67577 0.53903 
-1.30553 2.61172 1.22857 0.000158335 2.91975 1.22905 1.30574 2.61111 1.22887 
-1.25582 2.51151 1.91886 -6.14313e-05 2.80777 1.9192 1.25578 2.51123 1.9193 
-1.19311 2.38581 2.60941 -0.000119688 2.66736 2.60974 1.19289 2.38558 2.60972 
-1.12364 2.24652 3.30027 -0.000312173 2.51177 3.30042 1.12305 2.24652 3.30054 
-1.05414 2.10738 3.99125 -0.000464711 2.35607 3.99148 1.05316 2.10731 3.99141 
-0.991284 1.98169 4.68286 -0.000528614 2.21557 4.68278 0.990274 1.98162 4.68279 
-0.94143 1.88196 5.37461 -0.000440732 2.1041 5.37456 0.940455 1.88185 5.37445 
-0.909406 1.81795 6.06662 -0.000473493 2.03255 6.06656 0.90856 1.81802 6.06649 
-0.898307 1.796 6.75885 -0.000413231 2.00805 6.75877 0.897485 1.79598 6.75864 
-1 -1 -7 0 -1 -7 1 -1 -7 
-1 0 -7 0 0 -7 1 0 -7 
-1 1 -7 0 1 -7 1 1 -7 
-1.00423 -1.00375 6.75908 -1.00417 0.000105995 6.75902 -1.00424 1.00394 6.75897 
-0.000228239 -1.0036 6.75901 -0.000250029 0.000138942 6.7589 -0.000304139 1.00384 6.75876 
1.0038 -1.00358 6.75875 1.00362 0.000208638 6.75868 1.0035 1.00403 6.75862 
-0.327817 -0.868254 -5.88851 0.815999 -0.596856 -5.59287 0.0424728 -0.159366 -3.77007 
0.513443 0.357349 -5.82408 -0.0712681 0.49934 -4.39284 -0.594384 0.953711 -3.6473 
0.611779 -0.511071 -4.45832 -0.167636 0.265587 -3.21093 0.665454 0.687406 -3.99816 
-0.0354368 -1.06069 0.0269849 0.124276 -0.059022 -0.63219 -1.02795 -0.0138301 -0.612284 
-0.292173 0.0779588 0.262867 -0.986995 0.562506 0.959315 -0.498312 -0.29452 2.94584 
0.711566 0.226139 3.23532 -0.722024 0.402051 2.65581 -0.14293 0.229312 3.9928 
-0.336978 -0.021324 1.13579 0.692438 0.643834 4.56703 -0.400406 0.990342 5.42023 
-0.294384 -0.320692 4.52218 0.586627 0.113248 4.38813 -0.370487 -1.23831 5.35942 
0.291249 0.548628 5.2296 0.804037 -0.380239 5.28595 0.515611 0.286234 -3.47001 
0.311463 -0.79302 -1.49907 0.342995 0.0369951 -2.10807 0.358483 -0.291141 0.79926 
0.456188 0.493869 0.294364 0.674765 0.293956 1.36003 0.672931 -0.681594 6.27527 
1.4514 0.0703912 -2.50686 0.429104 0.609855 6.09386 -0.886596 -0.325929 -3.76452 
-0.386641 0.187813 -3.75109 -0.0697028 0.312227 -3.71269 0.249394 -0.814705 -2.97713 
-0.732547 -0.0333761 -1.77924 -1.00835 -0.50868 0.517198 -0.18643 -0.833173 2.16076 
-0.761836 -0.0478405 3.73473 -0.444559 0.143276 4.86811 0.10942 0.343727 2.19045 
-0.331958 -0.619689 4.10643 0.355765 -0.614435 4.0516 0.819428 -0.473893 4.1319 
0.109969 0.0526553 4.83906 0.831052 0.246853 5.22737 1.40732 -0.49929 -3.25288 
-1.02681 -0.183038 -5.99064 -1.29696 -0.503543 -5.20325 -0.137046 -1.40785 -5.74499 
-1.45577 0.493255 -6.12782 -1.33766 1.20227 -5.40139 -0.369738 1.24053 -5.97949 
-1.54863 0.585454 -5.55882 -0.67145 -1.67588 -5.30104 -1.19837 -1.09625 -4.47826 
-0.942588 1.26615 -5.02454 -1.39093 -1.4123 -3.93541 -1.5203 0.650312 -3.67305 
-1.64927 -1.2377 -2.96404 -0.813493 -1.58086 -3.61194 -1.16567 1.19672 -2.79987 
-0.834684 -1.32808 -2.71464 -1.9443 -0.537235 -2.62291 -1.81328 -0.939931 -1.79534 
-1.98812 0.288968 -2.00582 -0.997729 -2.00178 -2.23308 -2.01747 -0.0108665 -0.859119 
-1.46032 1.17854 -1.79768 -1.80454 -1.05236 -0.408334 -1.25188 -1.97649 -0.294505 
-1.03333 1.46027 -0.90989 -1.89751 0.704739 -0.20586 -0.778581 -2.61537 -0.123298 
-1.8769 -1.27303 0.421081 -1.66144 1.2842 0.285594 -0.921309 2.37598 0.0457658 
-0.663256 1.40377 0.556574 -2.03873 -0.234129 1.71866 -1.81524 -0.151819 0.887257 
-1.45948 1.95648 0.977725 -1.30213 -1.48926 1.49829 -1.21621 -1.93048 0.658638 
-1.51973 1.04663 2.29989 -0.814701 1.64555 1.51693 -1.31139 -0.24537 2.05439 
-1.43038 0.0474337 3.03513 -1.28543 -1.05835 3.23244 -1.58446 0.631612 3.29599 
-1.91106 1.07415 3.21613 -0.270232 -1.65204 3.51311 -1.85542 -0.316783 3.69592 
-0.593542 1.54389 2.89491 -0.510336 1.10386 3.82815 -1.49224 -0.671248 4.32473 
-1.49903 0.323121 4.07692 -1.73982 0.472431 4.61067 -0.920115 1.34698 4.37337 
-0.676442 -1.28879 4.73898 -1.59732 -0.462915 4.95407 -1.14899 -0.890842 4.99552 
-0.787342 1.53844 5.33751 -1.26128 0.777251 5.16465 -0.953809 -0.0346912 4.54262 
-1.46837 0.332029 6.06249 -0.8986 -1.43325 5.70021 -0.0108316 1.44242 5.95674 
1.19722 0.0855834 -5.99084 1.52243 0.103484 -6.2609 0.50421 -1.37446 -5.81405 
0.992927 -1.24359 -5.24505 1.30392 -0.932184 -4.64773 1.35678 -0.121471 -4.95965 
0.269349 -1.65162 -4.83256 0.382837 -1.50977 -3.95016 1.51497 0.19359 -4.202 
2.00422 0.167766 -1.26657 0.775319 -2.62896 -0.153732 1.6668 -1.20818 0.465236 
2.04205 0.304163 0.209207 1.44353 -0.381522 1.35782 1.19371 -1.29477 2.3691 
0.552257 -1.7974 1.41274 1.43776 -1.50261 2.95736 1.57801 -0.165881 2.67657 
1.24593 -0.960047 4.24263 1.00522 -1.16607 3.5704 0.451439 -1.19693 3.00015 
1.64045 -0.140135 3.8689 1.20541 -0.442392 4.45483 0.242567 -1.20137 4.86908 
1.31921 -1.06013 4.79503 0.530544 -1.6593 5.17529 1.86468 -0.132698 5.08196 
1.43162 -0.158943 5.26812 0.296289 -1.48355 5.80412 1.40399 -0.0696103 5.96573 
1.16158 0.682718 -5.02989 1.44127 0.878284 -3.238 1.43025 1.10096 -1.96652 
1.63275 0.58294 3.7351 1.3114 0.43601 5.00074 0.998132 1.09087 -6.07712 
1.41943 1.2193 -4.0866 1.96979 1.09757 -0.742174 1.39129 1.24958 0.000644594 
1.11388 1.36802 1.41341 1.13153 1.20466 3.33094 1.14591 0.8983 4.28294 
0.31257 1.37276 -6.01055 0.705363 1.35747 -5.21887 0.557862 1.65676 -4.38264 
0.299738 1.55903 -3.62936 0.0877463 1.8846 -1.80322 1.35803 1.56292 -0.981511 
0.210895 1.9955 -0.198799 1.30527 1.91584 0.713184 0.0601227 1.30115 2.33818 
0.432833 1.69817 3.35427 -0.123924 -1.41043 -6.49276 -0.282923 -1.99611 -3.15087 
0.817677 -1.79277 -1.41006 -0.169975 -1.88183 2.79368 -0.111214 -1.56128 4.06376 
-0.562017 1.67215 -2.81872 0.0304907 2.48009 -1.66723 0.0298581 2.1701 1.4386 
0.341198 1.67868 4.16177 0.215787 1.07387 -5.07007 0.0135818 1.07672 -3.16629 
-0.591028 0.852432 -1.17217 0.545709 0.792261 -1.28947 0.327198 0.787832 3.90815 
-1.2022 -0.727799 5.58583 0.600642 -0.855582 4.75486 -0.99012 0.96215 -6.00027 
-0.220646 -2.05817 0.388645 1.251 0.356371 -0.762364 -0.931862 -1.39401 4.14329 
-0.00528166 0.799824 -0.369511 -1.22499 -0.797106 -0.917945 -0.923239 -0.734071 -1.54858 
1.17294 -1.22469 -2.48887 1.27036 0.222417 4.53162 -0.543817 -2.03947 -2.64579 
-0.283961 1.66646 5.1105 -0.480532 1.47413 -4.28298 -0.561132 -1.08906 3.32989 
0.802106 -1.2621 5.08679 -0.0786246 -1.86323 4.70765 -0.372946 -0.665572 -2.26326 
-1.82513 0.0769428 -3.40223 0.907223 0.913274 -5.60557 0.121962 -1.02158 -4.66917 
-0.830538 -0.951821 4.40247 -1.38879 -0.218636 -1.59401 -0.171955 1.44119 -5.28767 
-0.238268 -1.09665 4.42444 0.173831 1.82849 5.25939 0.0259783 -1.85563 -2.28609 
0.578022 0.953507 -5.43959 -0.161542 0.957157 3.55102 0.100518 1.48416 -0.799917 
0.0474765 1.30235 -1.28971 -0.170803 1.07578 -3.80526 -0.146391 -1.4647 4.42448 
-0.0716316 1.1396 4.81214 0.28727 1.20485 -4.18784 -0.12569 -1.65869 4.74084 
1.17816 -0.0133498 4.87832 0.0440377 1.14942 -0.909231 0.381362 1.35046 3.8452 
1.78939 0.997846 4.2684 0.13665 -1.31064 -1.9964 -0.0446856 1.34013 -4.04203 
-0.152189 -1.52468 4.73173 1.8551 0.404571 4.14815 -1.48547 -0.456023 -2.21386 
1.62222 0.647204 4.18037 -0.301142 -1.00835 -2.37065 -0.355699 0.85382 -4.21724 
-0.838871 0.908092 -4.54649 -0.571203 -1.52668 -2.1718 -1.87955 0.708675 -2.48665 
0.404105 1.72084 4.93826 1.6095 0.26207 4.37838 1.68083 0.203926 4.06982 
0.177223 1.68228 4.74995 1.49167 0.119658 4.71524 0.00998463 0.963253 -1.06553 
-0.183585 -1.41401 4.76172 -1.74602 1.15947 -2.59954 1.55529 0.204141 4.16055 
-0.213403 -1.32072 4.77963 1.64232 -0.0132519 4.65409 1.5056 -0.153222 4.52064 
1.38266 -0.125143 4.74951 1.81526 0.107226 4.28861 1.59309 -0.0130988 4.33665 
-1.31909 0.424887 -4.91787 -1.54579 0.75834 -5.11279 -1.41553 0.961636 -4.48812 
-1.12832 1.0165 -3.99014 -1.77161 -0.989432 -3.9055 -0.769169 -1.61886 -1.42944 
-1.53564 -1.4916 -1.24804 1.65091 -0.879367 -1.8624 0.847682 1.68884 4.72267 
0.500664 1.06945 4.77086 -0.809291 0.329078 -5.67701 -0.432504 -1.21502 1.14478 
-0.60608 -0.343078 1.87375 -0.965244 -0.382906 3.52234 -0.725314 0.475423 3.98441 
-1.18771 -1.30873 0.53536 1.16759 -1.804 -0.196183 -0.175678 1.36727 4.39152 
0.0956727 1.54244 4.49124 -0.96015 0.196074 4.08095 -1.78572 -0.0116925 -4.82857 
-0.648681 -1.04049 -1.88051 -0.42885 -1.29269 -2.00591 -1.57345 -0.292274 -4.15798 
-1.55847 -0.373826 -4.57573 -1.71869 0.102779 -4.40327 -1.88139 0.453566 -4.46149 
1.87116 -0.921225 -0.713303 0.977414 -0.550825 -0.260422 1.12305 -0.45644 -1.18127 
1.65919 0.104864 4.2226 1.65653 -0.597286 4.57917 -0.17365 1.29212 -4.6989 
1.3404 -0.645892 5.02284 1.70695 0.212083 4.22878 -1.02944 -1.41982 5.10007 
0.742951 1.4563 4.78094 
CELLS 2516 12580
4 247 268 448 521 
4 246 268 448 247 
4 378 564 329 606 
4 469 114 113 112 
4 521 268 448 484 
4 508 495 526 558 
4 349 388 374 350 
4 373 402 378 371 
4 470 355 465 149 
4 420 542 518 557 
4 397 374 402 371 
4 114 469 113 116 
4 152 496 153 174 
4 380 360 356 358 
4 355 470 465 357 
4 472 469 113 112 
4 606 582 329 633 
4 380 356 391 358 
4 525 582 585 606 
4 495 357 526 558 
4 472 420 518 557 
4 469 472 113 116 
4 419 528 389 382 
4 530 516 569 506 
4 357 507 526 558 
4 507 508 526 558 
4 256 472 113 112 
4 488 399 521 555 
4 394 363 608 439 
4 472 256 113 116 
4 355 340 338 337 
4 552 377 458 456 
4 411 533 13 409 
4 536 552 458 456 
4 495 470 465 149 
4 85 536 458 456 
4 408 533 13 411 
4 89 325 324 459 
4 402 378 377 379 
4 387 118 153 154 
4 118 387 153 404 
4 470 495 465 357 
4 478 476 363 625 
4 413 412 407 551 
4 412 467 407 551 
4 404 496 153 152 
4 8 533 13 408 
4 467 354 407 551 
4 170 495 465 149 
4 480 476 363 478 
4 613 476 363 480 
4 358 390 391 359 
4 366 384 367 372 
4 625 476 363 613 
4 539 571 381 602 
4 507 526 554 410 
4 116 540 404 472 
4 382 364 626 535 
4 288 285 510 544 
4 536 456 521 555 
4 379 402 403 376 
4 365 366 394 364 
4 390 391 356 358 
4 372 383 384 385 
4 372 366 383 363 
4 359 380 361 391 
4 122 604 624 474 
4 121 604 624 122 
4 531 462 377 397 
4 507 526 280 554 
4 377 386 348 493 
4 370 367 398 372 
4 509 286 285 510 
4 363 427 538 602 
4 346 462 377 531 
4 282 507 280 554 
4 506 530 525 569 
4 602 428 427 603 
4 509 285 282 544 
4 23 17 597 623 
4 22 23 416 623 
4 374 462 377 346 
4 325 455 564 543 
4 397 462 377 374 
4 23 597 416 623 
4 480 242 263 264 
4 358 572 565 544 
4 164 487 593 486 
4 375 379 402 377 
4 239 519 557 602 
4 389 361 356 390 
4 392 571 557 540 
4 398 385 435 504 
4 613 534 263 480 
4 372 398 395 385 
4 475 534 263 613 
4 564 455 325 614 
4 594 586 491 592 
4 242 534 263 475 
4 365 394 538 363 
4 319 516 322 321 
4 596 486 593 541 
4 597 18 23 599 
4 633 582 329 605 
4 597 17 18 598 
4 3 211 336 354 
4 395 385 478 383 
4 293 496 196 497 
4 480 534 263 242 
4 376 402 403 373 
4 384 383 364 625 
4 389 356 361 392 
4 3 336 2 354 
4 371 375 402 397 
4 506 206 633 606 
4 323 516 322 319 
4 525 516 322 323 
4 375 377 402 397 
4 476 480 263 264 
4 251 230 348 377 
4 515 516 451 559 
4 538 427 603 602 
4 195 496 196 293 
4 410 282 414 554 
4 379 403 402 378 
4 406 413 621 17 
4 3 2 211 354 
4 321 516 322 525 
4 369 400 401 376 
4 19 544 600 599 
4 369 395 368 398 
4 526 410 414 554 
4 441 446 444 451 
4 406 597 405 411 
4 451 371 378 374 
4 516 525 451 559 
4 389 413 621 406 
4 251 348 250 377 
4 239 602 557 218 
4 539 365 538 363 
4 153 387 174 496 
4 525 530 451 559 
4 369 395 398 385 
4 174 496 196 195 
4 497 496 196 174 
4 473 362 496 501 
4 87 454 82 83 
4 31 417 35 36 
4 529 535 382 497 
4 346 349 377 374 
4 412 413 471 551 
4 421 417 35 31 
4 372 395 383 385 
4 358 389 354 360 
4 307 524 513 311 
4 442 524 513 307 
4 406 389 597 416 
4 17 411 598 597 
4 361 391 390 359 
4 127 476 126 128 
4 251 250 230 377 
4 374 349 347 346 
4 380 362 360 358 
4 422 417 35 421 
4 36 417 35 422 
4 156 177 474 157 
4 397 455 371 611 
4 439 363 534 612 
4 22 17 23 623 
4 415 413 418 214 
4 365 430 425 437 
4 453 455 461 611 
4 504 524 513 442 
4 83 454 82 453 
4 389 413 418 415 
4 125 476 126 127 
4 377 493 348 249 
4 459 89 94 327 
4 43 425 48 47 
4 426 425 48 43 
4 386 349 377 348 
4 389 597 405 406 
4 549 421 389 423 
4 357 500 507 550 
4 383 384 366 372 
4 89 459 94 460 
4 365 437 427 394 
4 472 413 418 389 
4 241 242 475 240 
4 423 365 425 553 
4 422 423 425 553 
4 329 374 582 564 
4 214 413 418 472 
4 354 340 355 337 
4 346 377 348 345 
4 539 422 425 553 
4 367 537 365 528 
4 377 346 348 349 
4 311 524 513 504 
4 365 539 425 553 
4 156 157 474 624 
4 99 459 94 327 
4 419 416 389 549 
4 386 388 349 352 
4 164 491 506 586 
4 18 598 414 579 
4 598 411 414 597 
4 244 480 243 222 
4 350 349 347 374 
4 538 365 427 394 
4 176 177 474 156 
4 554 282 507 410 
4 157 124 125 624 
4 422 41 42 37 
4 459 99 94 460 
4 397 377 402 374 
4 374 378 377 402 
4 264 480 243 244 
4 599 414 19 544 
4 363 608 439 534 
4 135 483 268 138 
4 357 340 355 354 
4 477 157 474 502 
4 222 480 243 534 
4 218 557 424 602 
4 481 479 482 133 
4 392 360 356 380 
4 478 383 363 480 
4 268 483 135 484 
4 471 467 412 551 
4 154 387 174 153 
4 30 417 36 216 
4 52 427 57 55 
4 439 223 480 395 
4 371 402 378 374 
4 527 382 380 387 
4 511 529 513 560 
4 41 422 42 425 
4 399 400 395 369 
4 399 395 368 369 
4 222 223 480 439 
4 394 608 372 395 
4 352 388 350 353 
4 423 422 42 37 
4 386 351 349 348 
4 425 427 57 52 
4 386 377 378 379 
4 594 491 593 592 
4 445 536 399 552 
4 367 385 435 398 
4 422 423 42 425 
4 388 352 350 349 
4 375 379 377 399 
4 364 363 366 394 
4 561 529 560 568 
4 361 391 356 390 
4 43 423 42 37 
4 624 157 474 477 
4 357 343 344 341 
4 390 356 389 358 
4 528 561 560 568 
4 423 43 42 425 
4 384 385 435 367 
4 375 402 379 376 
4 599 18 414 579 
4 55 427 57 432 
4 357 340 343 341 
4 497 387 174 154 
4 537 528 560 568 
4 45 51 427 46 
4 116 115 473 404 
4 428 51 427 45 
4 372 394 366 363 
4 363 439 394 612 
4 361 382 380 527 
4 503 504 478 477 
4 352 351 349 386 
4 503 478 385 384 
4 502 177 474 176 
4 504 385 435 384 
4 0 4 12 405 
4 372 367 385 384 
4 0 2 1 336 
4 0 11 2 405 
4 11 0 12 405 
4 4 0 1 339 
4 1 339 5 4 
4 1 3 336 2 
4 1 336 339 0 
4 212 2 10 406 
4 2 11 10 406 
4 398 367 385 372 
4 341 338 357 340 
4 465 338 357 341 
4 2 212 210 407 
4 212 233 210 407 
4 4 5 7 339 
4 6 4 7 339 
4 12 6 13 408 
4 6 8 13 408 
4 8 6 7 342 
4 7 9 8 342 
4 7 339 342 6 
4 8 9 274 342 
4 606 525 451 614 
4 266 479 131 480 
4 8 274 273 410 
4 274 275 273 410 
4 8 273 279 410 
4 273 280 279 410 
4 16 10 11 406 
4 10 16 212 406 
4 15 11 12 406 
4 11 405 12 406 
4 355 338 357 465 
4 12 13 18 411 
4 396 611 453 616 
4 17 12 18 411 
4 134 479 131 266 
4 19 13 14 409 
4 14 279 19 409 
4 363 428 612 602 
4 15 21 16 406 
4 392 382 380 361 
4 16 213 212 412 
4 213 233 212 412 
4 16 214 213 413 
4 20 214 16 413 
4 114 115 473 116 
4 459 328 543 325 
4 340 338 357 355 
4 19 279 282 414 
4 17 622 617 623 
4 328 556 543 325 
4 529 537 513 560 
4 582 605 326 329 
4 26 214 20 415 
4 214 413 20 415 
4 152 115 473 114 
4 583 164 506 586 
4 157 177 474 502 
4 582 556 543 374 
4 23 28 27 416 
4 28 33 27 416 
4 29 28 23 416 
4 264 263 476 129 
4 507 500 508 550 
4 25 27 31 417 
4 556 582 543 325 
4 26 30 216 417 
4 30 26 31 417 
4 26 215 214 418 
4 215 236 214 418 
4 618 602 580 619 
4 548 618 580 619 
4 358 510 565 572 
4 496 153 387 404 
4 28 29 33 416 
4 29 291 34 419 
4 537 528 513 560 
4 585 582 543 374 
4 33 29 34 419 
4 480 222 439 534 
4 219 428 602 603 
4 420 389 539 548 
4 35 31 37 421 
4 31 32 37 421 
4 234 472 213 214 
4 471 472 213 234 
4 413 472 213 471 
4 33 38 37 423 
4 410 354 358 607 
4 39 33 34 419 
4 34 291 39 419 
4 35 37 41 422 
4 36 35 41 422 
4 582 585 543 325 
4 528 511 513 560 
4 214 472 213 413 
4 216 36 217 424 
4 149 470 110 111 
4 355 470 110 149 
4 43 37 38 423 
4 38 39 43 423 
4 39 44 43 426 
4 39 291 294 419 
4 39 297 44 426 
4 297 300 44 426 
4 297 39 294 419 
4 45 40 46 427 
4 40 41 46 427 
4 621 622 617 17 
4 441 367 63 442 
4 265 480 264 244 
4 47 41 42 425 
4 437 367 63 441 
4 47 41 425 46 
4 42 43 47 425 
4 131 480 264 265 
4 496 387 174 497 
4 511 522 293 510 
4 469 470 110 355 
4 44 300 49 429 
4 433 367 63 437 
4 442 367 63 433 
4 219 45 51 428 
4 50 46 52 427 
4 378 464 329 374 
4 51 46 50 427 
4 52 47 48 425 
4 48 53 52 430 
4 54 53 48 430 
4 559 515 516 530 
4 292 522 293 511 
4 529 537 560 568 
4 55 50 52 427 
4 50 55 51 427 
4 111 470 110 469 
4 404 115 473 152 
4 220 241 219 431 
4 151 473 152 172 
4 289 522 293 292 
4 58 52 53 430 
4 365 539 393 363 
4 403 388 352 187 
4 510 522 293 289 
4 377 488 566 573 
4 53 54 58 430 
4 54 59 58 433 
4 54 300 303 434 
4 300 304 303 434 
4 306 54 303 434 
4 59 54 306 435 
4 54 434 306 435 
4 114 473 152 151 
4 382 392 389 361 
4 55 60 56 432 
4 60 221 56 432 
4 61 57 62 436 
4 57 63 62 436 
4 163 486 162 137 
4 64 58 59 433 
4 59 306 64 438 
4 306 309 64 438 
4 60 65 222 439 
4 579 599 18 597 
4 60 222 221 440 
4 488 563 566 573 
4 67 66 61 436 
4 61 62 67 436 
4 498 486 162 163 
4 482 486 162 498 
4 62 63 67 436 
4 63 68 67 441 
4 68 73 67 441 
4 69 68 63 441 
4 64 69 63 441 
4 69 64 309 442 
4 64 438 309 442 
4 240 431 241 242 
4 246 267 448 268 
4 357 495 170 550 
4 137 486 162 482 
4 500 357 170 550 
4 396 461 611 616 
4 508 500 170 550 
4 495 508 170 550 
4 72 67 73 441 
4 563 456 566 573 
4 485 267 448 246 
4 484 267 448 485 
4 68 69 73 441 
4 69 315 74 441 
4 69 309 312 442 
4 315 69 312 442 
4 69 74 73 441 
4 70 76 75 445 
4 77 444 76 70 
4 77 70 72 444 
4 71 70 75 445 
4 224 71 75 445 
4 77 72 73 446 
4 72 441 73 446 
4 73 78 77 447 
4 78 83 77 447 
4 79 78 73 447 
4 79 73 74 441 
4 74 315 79 441 
4 421 389 417 549 
4 75 80 81 445 
4 75 226 225 448 
4 226 246 225 448 
4 449 444 76 77 
4 445 444 76 449 
4 71 445 65 70 
4 77 82 80 449 
4 82 77 83 446 
4 77 447 83 446 
4 78 79 83 447 
4 79 84 83 446 
4 79 315 318 450 
4 321 79 318 450 
4 84 79 321 451 
4 79 450 321 451 
4 80 86 85 452 
4 87 86 80 452 
4 87 80 82 449 
4 81 80 85 452 
4 224 445 65 71 
4 70 444 76 445 
4 82 446 83 453 
4 87 83 88 454 
4 268 267 448 484 
4 83 84 89 455 
4 321 89 84 455 
4 85 227 226 456 
4 227 248 226 456 
4 85 86 90 457 
4 86 92 90 457 
4 85 90 91 458 
4 403 187 352 494 
4 359 358 416 600 
4 228 249 227 377 
4 516 323 205 204 
4 87 88 92 454 
4 323 516 205 506 
4 88 93 92 454 
4 27 421 417 549 
4 93 89 94 460 
4 456 377 566 573 
4 365 425 427 437 
4 579 598 414 597 
4 365 528 430 367 
4 386 377 388 378 
4 505 516 205 204 
4 91 90 95 458 
4 624 122 156 124 
4 349 377 388 386 
4 374 377 388 349 
4 96 92 97 462 
4 92 98 97 462 
4 99 93 94 460 
4 392 381 571 540 
4 95 229 228 463 
4 229 249 228 463 
4 95 96 100 345 
4 95 100 101 345 
4 95 230 229 463 
4 230 250 229 463 
4 95 101 230 345 
4 96 97 100 346 
4 97 103 102 346 
4 97 102 100 346 
4 97 98 103 347 
4 99 103 98 347 
4 99 327 330 459 
4 327 328 330 459 
4 99 330 333 464 
4 330 331 333 464 
4 99 333 104 347 
4 99 104 103 347 
4 100 346 345 96 
4 103 347 346 97 
4 105 147 107 341 
4 106 105 107 338 
4 149 105 110 465 
4 105 106 110 465 
4 105 149 147 466 
4 149 168 147 466 
4 106 252 254 467 
4 252 233 254 467 
4 106 108 253 338 
4 109 106 254 468 
4 106 467 254 468 
4 106 107 108 338 
4 110 106 109 468 
4 106 253 252 467 
4 253 231 252 467 
4 107 147 148 341 
4 107 341 338 105 
4 112 110 109 468 
4 109 254 112 468 
4 110 112 111 469 
4 516 505 205 506 
4 111 150 149 470 
4 150 171 149 470 
4 114 150 111 470 
4 114 111 112 469 
4 184 505 205 204 
4 506 206 605 633 
4 378 377 388 374 
4 254 233 255 471 
4 112 255 256 472 
4 569 559 516 530 
4 329 374 556 582 
4 452 453 87 454 
4 449 453 87 452 
4 114 151 150 473 
4 151 172 150 473 
4 478 625 363 383 
4 488 521 248 547 
4 82 453 87 449 
4 115 118 152 404 
4 377 488 248 547 
4 456 377 248 547 
4 116 256 257 472 
4 258 116 257 472 
4 521 456 248 547 
4 386 490 488 546 
4 392 382 540 387 
4 118 153 152 404 
4 152 473 496 172 
4 454 453 87 82 
4 496 473 152 404 
4 366 537 365 367 
4 364 537 365 366 
4 139 532 488 546 
4 488 532 386 546 
4 386 270 490 546 
4 139 489 532 546 
4 571 548 580 619 
4 621 22 620 622 
4 386 532 489 546 
4 534 440 439 612 
4 41 422 40 36 
4 625 624 477 476 
4 122 155 154 474 
4 155 176 154 474 
4 395 372 363 608 
4 489 270 386 546 
4 488 490 139 546 
4 139 490 270 546 
4 139 270 489 546 
4 381 382 540 392 
4 427 422 40 41 
4 133 131 134 479 
4 626 474 604 382 
4 528 537 365 364 
4 598 579 18 597 
4 381 364 626 382 
4 625 364 626 381 
4 127 129 130 476 
4 595 583 574 631 
4 279 14 533 409 
4 231 407 517 211 
4 414 579 544 599 
4 389 416 406 622 
4 519 258 540 120 
4 8 14 533 279 
4 13 14 533 8 
4 363 383 395 480 
4 467 407 517 231 
4 385 478 504 369 
4 557 258 540 519 
4 160 159 130 478 
4 132 160 130 478 
4 409 14 533 13 
4 131 265 266 480 
4 265 244 266 480 
4 451 614 455 564 
4 433 58 63 64 
4 58 433 63 437 
4 354 407 517 467 
4 133 136 162 481 
4 136 137 162 481 
4 135 136 133 481 
4 133 161 160 482 
4 161 182 160 482 
4 211 407 517 354 
4 162 161 133 482 
4 613 475 534 519 
4 137 135 138 483 
4 426 423 39 33 
4 135 267 268 484 
4 136 135 137 481 
4 442 433 63 64 
4 548 539 571 381 
4 139 137 138 483 
4 137 164 163 486 
4 140 137 139 483 
4 38 39 423 33 
4 476 613 625 624 
4 441 442 63 64 
4 138 268 139 483 
4 139 268 269 488 
4 268 248 269 488 
4 139 270 142 489 
4 141 139 142 489 
4 139 269 270 490 
4 269 249 270 490 
4 139 141 140 491 
4 141 165 140 491 
4 164 140 165 491 
4 263 242 475 241 
4 622 597 406 617 
4 143 141 142 489 
4 142 270 143 489 
4 144 143 145 351 
4 143 272 146 351 
4 143 270 271 493 
4 143 146 145 351 
4 143 271 272 348 
4 166 144 145 352 
4 144 166 165 494 
4 166 187 165 494 
4 145 351 352 386 
4 145 167 166 352 
4 147 169 148 341 
4 147 168 169 344 
4 130 478 158 476 
4 240 602 239 218 
4 149 171 170 495 
4 171 192 170 495 
4 171 150 172 473 
4 602 571 580 619 
4 471 360 467 551 
4 152 173 172 496 
4 173 194 172 496 
4 564 325 585 615 
4 503 537 513 529 
4 154 175 174 497 
4 175 196 174 497 
4 416 597 406 622 
4 95 463 345 230 
4 426 419 423 581 
4 33 426 423 581 
4 604 382 540 381 
4 571 381 392 548 
4 543 459 455 564 
4 158 180 179 477 
4 489 630 141 491 
4 606 564 585 615 
4 160 181 180 482 
4 464 329 388 378 
4 339 405 340 342 
4 161 162 182 482 
4 162 183 182 498 
4 183 204 182 498 
4 184 183 162 498 
4 163 184 162 498 
4 184 163 164 486 
4 185 164 165 491 
4 208 329 388 464 
4 165 187 186 403 
4 622 597 617 623 
4 165 186 185 499 
4 186 206 185 499 
4 187 166 188 352 
4 166 167 188 352 
4 189 169 168 344 
4 169 190 344 189 
4 169 344 341 147 
4 170 192 191 500 
4 192 281 191 500 
4 189 170 191 500 
4 192 171 172 473 
4 172 193 192 501 
4 193 287 192 501 
4 194 193 172 501 
4 174 194 173 496 
4 174 195 194 496 
4 403 329 388 208 
4 603 40 422 602 
4 176 196 175 497 
4 176 177 197 502 
4 177 198 197 502 
4 176 197 196 497 
4 537 528 429 513 
4 416 597 622 623 
4 378 329 388 403 
4 501 362 496 510 
4 549 33 423 581 
4 201 180 202 504 
4 419 291 522 288 
4 491 630 141 492 
4 182 203 202 505 
4 203 182 204 505 
4 182 498 204 505 
4 183 184 204 498 
4 67 436 72 70 
4 622 406 621 617 
4 186 207 206 403 
4 207 329 206 403 
4 206 329 633 606 
4 208 187 188 353 
4 188 352 353 187 
4 188 353 209 208 
4 189 281 277 507 
4 281 280 277 507 
4 189 191 281 500 
4 189 277 278 507 
4 277 275 278 507 
4 189 278 190 344 
4 192 284 281 508 
4 284 192 287 509 
4 192 501 287 509 
4 193 194 287 501 
4 293 194 195 496 
4 194 290 287 509 
4 290 194 293 510 
4 194 496 293 510 
4 330 464 328 331 
4 196 296 293 511 
4 296 295 293 511 
4 299 296 196 511 
4 299 196 197 497 
4 143 630 141 489 
4 597 17 617 623 
4 197 198 302 512 
4 302 198 199 503 
4 199 305 302 513 
4 305 304 302 513 
4 308 305 199 513 
4 308 199 200 503 
4 200 201 308 514 
4 201 311 308 514 
4 311 201 202 504 
4 317 202 203 505 
4 202 314 311 515 
4 314 313 311 515 
4 317 314 202 515 
4 317 203 204 505 
4 204 320 317 516 
4 320 319 317 516 
4 323 320 204 516 
4 441 436 72 67 
4 205 206 323 506 
4 444 436 72 441 
4 328 464 330 459 
4 406 212 354 412 
4 235 472 236 256 
4 207 208 329 403 
4 208 209 335 353 
4 208 332 329 464 
4 332 328 329 464 
4 208 335 332 464 
4 335 331 332 464 
4 232 211 231 517 
4 70 436 72 444 
4 337 211 232 517 
4 211 337 336 354 
4 422 538 603 602 
4 213 234 233 471 
4 214 235 234 472 
4 235 256 234 472 
4 240 519 475 261 
4 214 418 236 472 
4 584 486 595 627 
4 216 237 236 518 
4 237 258 236 518 
4 17 621 406 617 
4 238 216 217 424 
4 535 364 626 625 
4 515 398 435 504 
4 239 260 238 519 
4 419 549 423 581 
4 519 604 120 540 
4 240 219 241 431 
4 220 221 241 431 
4 12 406 17 15 
4 525 606 585 615 
4 595 486 596 627 
4 463 377 228 632 
4 411 406 17 12 
4 223 224 244 395 
4 224 245 244 520 
4 245 266 244 520 
4 246 245 224 520 
4 226 247 246 448 
4 121 604 120 519 
4 247 226 248 521 
4 226 456 248 521 
4 207 208 403 186 
4 141 630 143 492 
4 232 231 253 467 
4 337 232 253 467 
4 233 234 255 471 
4 621 406 622 389 
4 575 539 389 393 
4 236 257 256 472 
4 236 258 257 472 
4 157 476 624 125 
4 410 340 354 607 
4 239 240 260 519 
4 240 241 261 475 
4 486 595 574 584 
4 241 262 261 475 
4 241 263 262 475 
4 412 413 354 406 
4 371 396 399 375 
4 245 246 266 520 
4 246 267 266 485 
4 56 432 51 55 
4 247 248 268 488 
4 249 269 248 488 
4 249 271 270 493 
4 249 250 271 348 
4 250 272 271 348 
4 250 251 272 348 
4 368 396 399 371 
4 272 348 351 386 
4 509 544 565 572 
4 274 276 275 507 
4 343 276 274 507 
4 275 276 278 507 
4 276 343 278 507 
4 98 462 93 99 
4 282 279 280 410 
4 92 462 93 98 
4 283 280 284 508 
4 280 281 284 508 
4 428 432 51 56 
4 283 284 287 509 
4 427 432 51 428 
4 286 283 287 509 
4 325 525 585 615 
4 627 486 596 590 
4 289 286 287 509 
4 287 290 289 509 
4 486 541 596 590 
4 289 292 291 522 
4 86 457 87 92 
4 289 290 293 510 
4 294 291 295 511 
4 295 291 292 522 
4 292 293 295 511 
4 297 294 295 511 
4 295 298 297 523 
4 298 301 297 523 
4 299 298 295 523 
4 295 296 299 511 
4 297 301 300 429 
4 298 299 301 523 
4 300 301 304 513 
4 301 302 304 513 
4 303 304 306 434 
4 304 307 306 435 
4 304 308 307 513 
4 308 311 307 513 
4 304 305 308 513 
4 306 307 309 442 
4 307 310 309 524 
4 310 313 309 524 
4 311 310 307 524 
4 312 309 313 524 
4 131 478 480 479 
4 310 311 313 524 
4 315 312 313 515 
4 312 524 313 515 
4 313 316 315 450 
4 316 313 317 515 
4 313 314 317 515 
4 315 316 319 516 
4 318 315 319 516 
4 316 317 319 516 
4 321 318 319 516 
4 452 457 87 86 
4 454 457 87 452 
4 319 320 323 516 
4 491 594 593 487 
4 325 321 322 525 
4 322 323 325 525 
4 621 17 22 622 
4 528 529 511 561 
4 331 334 333 350 
4 331 335 334 350 
4 92 457 87 454 
4 335 353 350 388 
4 506 525 516 569 
4 355 354 337 467 
4 472 468 255 471 
4 112 468 255 472 
4 254 468 255 112 
4 471 468 255 254 
4 344 357 341 465 
4 55 432 51 427 
4 389 354 413 406 
4 529 560 511 561 
4 374 346 347 99 
4 377 488 386 493 
4 174 152 496 173 
4 352 388 353 208 
4 511 513 429 528 
4 560 528 511 561 
4 509 565 510 572 
4 486 164 574 595 
4 355 357 360 470 
4 366 537 384 364 
4 384 535 503 477 
4 240 519 239 602 
4 607 533 405 597 
4 178 502 157 477 
4 357 410 358 526 
4 358 380 362 527 
4 155 474 156 176 
4 358 390 359 389 
4 358 359 391 380 
4 368 443 370 609 
4 503 529 512 535 
4 122 474 156 155 
4 595 631 574 584 
4 234 472 255 471 
4 461 371 396 611 
4 387 382 380 392 
4 360 470 362 473 
4 529 535 503 384 
4 364 537 384 529 
4 602 40 219 603 
4 362 473 380 360 
4 529 364 537 528 
4 578 579 562 544 
4 550 357 495 558 
4 170 357 465 495 
4 363 383 372 395 
4 583 595 596 627 
4 600 579 416 599 
4 359 579 562 578 
4 497 527 496 387 
4 256 472 255 234 
4 199 503 502 178 
4 510 527 496 497 
4 159 478 158 130 
4 362 527 496 510 
4 500 357 465 170 
4 539 422 553 575 
4 497 512 529 535 
4 602 427 612 363 
4 58 430 437 57 
4 437 430 58 433 
4 164 583 574 595 
4 525 325 455 614 
4 451 370 559 611 
4 583 590 574 631 
4 369 368 399 371 
4 398 368 369 371 
4 178 503 502 477 
4 206 506 326 323 
4 398 370 368 371 
4 472 360 389 392 
4 397 371 461 611 
4 401 400 369 485 
4 400 395 369 485 
4 500 507 344 357 
4 401 369 376 506 
4 502 535 477 503 
4 518 420 216 542 
4 400 369 399 371 
4 512 502 198 503 
4 597 416 579 599 
4 278 507 344 500 
4 198 502 512 197 
4 371 373 402 376 
4 343 507 344 278 
4 206 403 373 506 
4 357 507 344 343 
4 373 371 378 530 
4 373 403 376 506 
4 263 128 476 129 
4 399 375 396 461 
4 451 525 455 614 
4 422 424 417 420 
4 508 507 550 558 
4 375 377 397 531 
4 528 529 561 587 
4 375 402 376 371 
4 36 424 417 422 
4 401 376 400 379 
4 403 379 376 401 
4 399 379 377 532 
4 379 386 377 532 
4 388 386 378 403 
4 379 378 386 403 
4 400 379 399 532 
4 509 629 358 544 
4 216 424 417 36 
4 448 246 225 520 
4 443 395 439 609 
4 580 577 420 548 
4 225 246 224 520 
4 426 528 511 429 
4 410 358 533 607 
4 559 370 371 611 
4 562 510 358 572 
4 419 423 389 426 
4 210 407 211 2 
4 528 511 419 426 
4 482 485 369 478 
4 231 407 211 210 
4 527 529 497 511 
4 420 424 417 216 
4 476 613 624 126 
4 528 529 419 511 
4 537 528 568 587 
4 4 12 408 6 
4 12 4 408 405 
4 477 478 625 476 
4 2 407 211 354 
4 491 141 165 492 
4 607 579 414 597 
4 529 382 527 497 
4 507 357 550 558 
4 164 506 576 583 
4 395 400 399 485 
4 339 4 0 405 
4 336 339 0 2 
4 339 4 408 6 
4 342 8 6 408 
4 4 339 408 405 
4 274 8 342 533 
4 8 408 342 533 
4 342 339 408 6 
4 562 527 358 362 
4 339 342 408 405 
4 518 472 258 236 
4 346 96 97 462 
4 345 96 346 462 
4 341 105 147 466 
4 338 106 105 465 
4 105 341 338 465 
4 144 351 145 386 
4 143 351 144 386 
4 351 143 272 386 
4 348 272 143 386 
4 271 348 143 386 
4 352 166 144 494 
4 352 144 145 386 
4 344 147 168 466 
4 528 561 568 587 
4 472 236 214 235 
4 352 187 166 494 
4 168 189 344 465 
4 147 344 341 466 
4 187 353 208 352 
4 278 344 189 500 
4 335 208 353 388 
4 535 502 497 512 
4 425 538 422 539 
4 583 541 498 590 
4 141 143 144 492 
4 429 528 425 426 
4 561 529 568 587 
4 528 430 433 429 
4 504 179 180 477 
4 201 179 180 504 
4 121 260 261 519 
4 350 333 331 464 
4 529 537 568 587 
4 614 525 325 615 
4 536 399 555 521 
4 555 399 536 552 
4 99 374 346 462 
4 346 347 99 98 
4 530 559 525 569 
4 541 492 403 567 
4 478 131 482 479 
4 586 499 506 541 
4 388 208 352 187 
4 463 377 531 345 
4 427 538 394 363 
4 377 463 531 458 
4 380 358 359 527 
4 99 464 347 374 
4 528 382 419 529 
4 529 528 537 587 
4 528 425 430 429 
4 333 464 347 99 
4 164 570 184 574 
4 350 464 347 333 
4 374 464 347 350 
4 449 77 76 80 
4 95 463 531 345 
4 487 541 403 567 
4 463 95 531 458 
4 96 95 531 345 
4 445 449 76 80 
4 120 121 519 260 
4 401 379 400 532 
4 496 473 380 362 
4 453 455 374 461 
4 528 433 537 429 
4 615 564 325 614 
4 133 131 482 478 
4 379 403 386 143 
4 479 131 482 133 
4 75 445 76 80 
4 529 419 527 382 
4 492 487 403 567 
4 506 498 576 583 
4 2 339 0 405 
4 386 144 143 492 
4 386 143 271 493 
4 386 352 144 494 
4 388 335 208 464 
4 395 368 609 443 
4 355 106 338 465 
4 125 476 624 126 
4 521 532 400 399 
4 99 346 98 462 
4 346 347 98 97 
4 463 377 632 458 
4 374 461 460 453 
4 370 396 368 371 
4 532 521 400 484 
4 448 521 400 399 
4 521 448 400 484 
4 143 379 403 492 
4 403 386 143 492 
4 98 346 97 462 
4 478 133 132 160 
4 485 448 400 399 
4 433 367 430 528 
4 345 346 377 531 
4 352 386 388 403 
4 455 83 88 89 
4 374 460 455 453 
4 448 485 400 484 
4 131 133 132 478 
4 445 399 368 610 
4 396 610 461 453 
4 83 455 88 454 
4 419 359 288 522 
4 404 473 380 496 
4 455 611 397 461 
4 460 455 88 89 
4 455 460 88 454 
4 528 382 393 389 
4 548 539 420 618 
4 544 358 562 578 
4 392 571 548 577 
4 404 360 116 472 
4 253 467 338 337 
4 106 467 338 253 
4 355 467 338 106 
4 212 407 2 354 
4 210 407 233 231 
4 407 212 233 412 
4 408 13 12 411 
4 530 378 373 606 
4 337 467 338 355 
4 182 160 482 181 
4 99 460 462 93 
4 165 141 144 492 
4 425 430 365 528 
4 498 574 576 583 
4 410 274 275 507 
4 273 280 410 275 
4 164 491 586 592 
4 406 16 212 412 
4 93 460 88 89 
4 374 460 462 99 
4 461 460 462 374 
4 409 279 19 414 
4 460 93 88 454 
4 536 448 81 445 
4 454 460 92 461 
4 93 460 92 454 
4 412 16 213 413 
4 412 213 233 471 
4 226 448 81 536 
4 225 520 75 448 
4 75 448 81 226 
4 224 520 75 225 
4 445 448 81 75 
4 415 26 214 418 
4 526 629 283 414 
4 462 460 92 93 
4 557 238 239 218 
4 533 414 410 279 
4 537 435 367 384 
4 537 433 435 429 
4 417 27 31 421 
4 461 460 92 462 
4 238 557 239 519 
4 124 125 624 126 
4 420 392 548 577 
4 433 537 367 528 
4 31 27 32 421 
4 551 467 354 360 
4 416 29 33 419 
4 419 29 291 288 
4 472 360 471 551 
4 527 529 522 419 
4 421 37 35 422 
4 491 499 506 586 
4 32 33 37 423 
4 389 360 472 551 
4 373 506 530 525 
4 570 498 184 574 
4 443 441 437 436 
4 557 392 472 420 
4 430 437 367 433 
4 476 478 158 477 
4 435 442 515 504 
4 423 39 43 426 
4 426 44 43 48 
4 420 392 472 389 
4 294 419 291 522 
4 426 39 297 419 
4 526 629 509 283 
4 426 297 300 429 
4 419 294 297 511 
4 527 380 361 359 
4 470 360 358 357 
4 570 498 574 576 
4 47 52 46 425 
4 426 528 423 393 
4 48 44 49 429 
4 429 300 49 54 
4 336 2 405 339 
4 2 336 405 354 
4 425 48 52 430 
4 358 579 414 607 
4 559 516 525 569 
4 426 423 389 393 
4 360 470 358 362 
4 337 336 405 339 
4 505 482 498 369 
4 182 482 498 505 
4 430 58 52 57 
4 95 91 463 228 
4 58 63 57 437 
4 432 57 55 61 
4 430 54 58 433 
4 433 54 59 435 
4 435 306 59 438 
4 60 55 61 432 
4 336 337 405 354 
4 340 337 405 339 
4 432 60 221 440 
4 436 57 63 437 
4 416 359 288 419 
4 337 340 405 354 
4 438 306 309 442 
4 266 481 134 479 
4 439 60 65 61 
4 439 222 60 440 
4 135 481 134 266 
4 133 481 134 135 
4 436 63 67 441 
4 426 389 528 393 
4 441 64 69 442 
4 164 570 574 576 
4 22 416 620 622 
4 388 464 350 335 
4 479 481 134 133 
4 403 487 506 541 
4 441 69 315 442 
4 116 473 360 404 
4 442 309 312 524 
4 442 312 315 515 
4 458 91 463 95 
4 495 470 358 357 
4 444 72 77 446 
4 498 486 184 574 
4 77 73 447 446 
4 447 73 79 441 
4 441 315 79 450 
4 374 464 350 388 
4 445 80 81 452 
4 420 580 557 571 
4 360 473 116 469 
4 179 503 201 200 
4 456 377 547 566 
4 504 503 201 179 
4 449 77 82 446 
4 447 79 83 446 
4 446 79 84 451 
4 446 84 83 455 
4 450 318 321 516 
4 451 321 84 455 
4 452 86 85 457 
4 452 80 87 449 
4 196 293 497 511 
4 373 378 403 206 
4 226 536 81 85 
4 403 378 373 402 
4 470 495 358 362 
4 526 495 358 357 
4 456 226 85 536 
4 248 456 227 377 
4 457 90 85 458 
4 452 536 81 445 
4 528 393 365 553 
4 433 435 367 537 
4 632 91 463 458 
4 228 91 463 632 
4 227 377 249 248 
4 377 228 249 463 
4 495 526 358 362 
4 558 508 495 550 
4 444 70 436 443 
4 116 472 557 540 
4 529 522 511 527 
4 85 536 81 452 
4 519 381 604 540 
4 486 164 184 574 
4 360 473 380 404 
4 563 456 547 566 
4 224 439 445 395 
4 65 439 445 224 
4 459 330 99 464 
4 198 199 502 177 
4 110 149 465 355 
4 465 149 105 466 
4 110 465 106 355 
4 466 149 168 465 
4 254 467 233 412 
4 468 110 106 355 
4 443 441 367 437 
4 571 580 548 577 
4 468 112 110 469 
4 425 365 538 539 
4 425 365 427 538 
4 514 503 201 504 
4 470 171 149 495 
4 111 114 470 469 
4 470 114 150 473 
4 583 506 498 541 
4 200 503 201 514 
4 488 563 547 566 
4 254 233 471 412 
4 377 488 547 566 
4 543 459 464 328 
4 204 184 505 498 
4 459 543 464 374 
4 515 367 442 435 
4 406 2 354 212 
4 372 395 398 609 
4 528 423 393 553 
4 556 543 464 328 
4 557 258 116 540 
4 389 359 416 419 
4 543 556 464 374 
4 528 365 423 553 
4 487 486 506 541 
4 474 497 502 176 
4 520 485 480 395 
4 486 498 506 541 
4 329 556 464 328 
4 266 485 480 520 
4 604 381 519 626 
4 479 485 480 266 
4 160 159 478 180 
4 579 389 416 597 
4 556 329 464 374 
4 502 497 474 535 
4 164 491 592 593 
4 579 416 358 600 
4 395 485 480 479 
4 373 530 369 371 
4 457 531 90 458 
4 486 541 487 593 
4 96 531 90 457 
4 127 476 128 129 
4 491 487 492 594 
4 95 531 90 96 
4 506 530 369 373 
4 420 577 580 571 
4 363 372 394 608 
4 127 476 158 157 
4 423 389 549 419 
4 499 492 403 541 
4 371 375 397 461 
4 228 85 91 632 
4 632 85 91 458 
4 130 476 158 127 
4 458 531 90 95 
4 481 162 133 482 
4 162 481 137 482 
4 356 361 380 391 
4 631 590 574 584 
4 483 137 135 484 
4 544 358 509 565 
4 371 396 375 461 
4 481 135 137 484 
4 486 137 164 487 
4 453 452 449 445 
4 282 414 283 629 
4 282 629 283 509 
4 461 452 454 453 
4 483 268 139 489 
4 488 269 139 490 
4 489 141 139 491 
4 490 249 270 493 
4 269 249 490 488 
4 374 451 371 455 
4 492 144 165 494 
4 445 368 395 443 
4 629 282 414 544 
4 489 270 143 386 
4 493 143 270 386 
4 187 165 494 492 
4 170 168 149 465 
4 474 502 535 477 
4 189 168 170 465 
4 419 527 361 359 
4 170 495 192 508 
4 435 442 433 367 
4 410 533 340 607 
4 473 171 150 470 
4 511 293 497 510 
4 380 361 356 392 
4 474 624 626 604 
4 445 453 444 449 
4 433 513 54 435 
4 429 513 433 435 
4 548 571 539 618 
4 381 382 393 364 
4 584 590 574 498 
4 216 26 418 215 
4 419 522 511 529 
4 25 26 417 31 
4 417 26 25 415 
4 482 160 478 180 
4 444 368 396 610 
4 487 401 403 376 
4 482 162 182 498 
4 498 163 184 486 
4 405 389 607 597 
4 403 186 165 499 
4 403 165 187 492 
4 509 282 629 544 
4 499 186 206 403 
4 500 170 192 508 
4 192 281 500 508 
4 473 172 192 501 
4 418 26 216 417 
4 358 389 360 356 
4 399 488 377 555 
4 502 197 176 497 
4 180 478 504 477 
4 221 428 56 432 
4 459 455 89 325 
4 371 530 515 559 
4 51 428 220 219 
4 51 428 56 221 
4 476 157 477 158 
4 371 378 530 451 
4 527 419 361 382 
4 487 567 492 594 
4 507 189 281 500 
4 507 281 280 508 
4 567 541 492 594 
4 508 192 284 509 
4 501 194 287 509 
4 221 428 220 51 
4 509 194 290 510 
4 541 583 506 586 
4 511 196 299 497 
4 371 397 374 455 
4 299 197 302 512 
4 389 419 361 359 
4 586 492 499 541 
4 299 302 301 513 
4 512 198 302 503 
4 596 593 583 541 
4 503 199 302 513 
4 513 199 308 503 
4 503 200 308 514 
4 514 311 308 513 
4 201 311 514 504 
4 311 513 514 504 
4 504 202 311 515 
4 632 227 85 456 
4 451 444 370 611 
4 505 317 202 515 
4 311 515 313 524 
4 505 204 317 516 
4 551 472 413 471 
4 394 612 427 363 
4 431 428 220 221 
4 477 157 476 624 
4 469 473 116 114 
4 443 370 444 368 
4 395 70 443 439 
4 219 428 220 431 
4 498 590 574 583 
4 22 416 622 623 
4 491 492 499 586 
4 517 231 232 467 
4 517 337 211 354 
4 543 374 459 564 
4 156 122 624 474 
4 437 439 432 612 
4 123 624 121 519 
4 222 440 431 221 
4 385 384 504 503 
4 242 222 431 221 
4 360 467 468 471 
4 506 369 505 498 
4 241 242 431 221 
4 527 496 380 362 
4 462 397 531 461 
4 377 488 573 588 
4 451 374 378 564 
4 428 219 240 431 
4 488 555 573 588 
4 555 456 573 588 
4 389 551 472 413 
4 573 488 563 555 
4 395 224 244 520 
4 487 541 567 594 
4 510 293 497 496 
4 458 452 457 461 
4 521 248 247 488 
4 247 226 521 448 
4 367 442 370 515 
4 478 385 504 503 
4 369 371 376 373 
4 432 427 437 394 
4 400 371 376 369 
4 520 246 266 485 
4 487 403 506 376 
4 268 247 488 521 
4 488 248 249 377 
4 343 507 274 410 
4 282 410 280 507 
4 508 284 283 509 
4 370 444 396 611 
4 124 126 624 123 
4 506 605 525 633 
4 532 483 487 492 
4 367 441 370 442 
4 509 290 289 510 
4 288 289 291 522 
4 423 422 421 575 
4 534 428 240 431 
4 511 294 291 522 
4 511 291 295 522 
4 292 295 522 511 
4 511 295 297 523 
4 297 523 301 511 
4 295 299 523 511 
4 429 297 301 511 
4 429 301 300 513 
4 523 299 301 511 
4 513 304 300 434 
4 434 304 306 435 
4 435 304 307 513 
4 435 307 306 442 
4 389 423 421 575 
4 364 528 393 365 
4 442 307 309 524 
4 382 528 393 364 
4 377 227 632 456 
4 515 313 315 450 
4 450 313 316 515 
4 450 316 315 516 
4 515 317 316 516 
4 516 318 315 450 
4 571 392 420 577 
4 67 436 70 66 
4 483 532 487 401 
4 420 392 571 557 
4 428 40 427 603 
4 350 331 335 464 
4 467 355 354 360 
4 354 337 467 517 
4 370 441 515 442 
4 379 532 487 492 
4 206 205 184 570 
4 206 205 570 506 
4 341 344 465 466 
4 465 344 357 500 
4 421 549 32 423 
4 505 184 205 570 
4 441 370 443 367 
4 27 549 32 421 
4 470 360 355 469 
4 371 370 396 611 
4 457 90 96 92 
4 33 549 32 27 
4 423 549 32 33 
4 428 219 40 603 
4 380 387 392 404 
4 158 180 478 159 
4 526 629 358 509 
4 503 179 199 200 
4 218 424 36 602 
4 505 570 205 506 
4 580 548 420 618 
4 602 580 420 618 
4 531 457 96 92 
4 456 377 573 588 
4 370 441 451 515 
4 419 389 361 382 
4 570 506 505 498 
4 378 451 564 606 
4 443 439 394 609 
4 24 29 416 600 
4 414 629 358 526 
4 519 123 624 613 
4 21 413 415 20 
4 562 578 358 359 
4 443 444 370 441 
4 181 180 504 202 
4 549 25 21 601 
4 519 624 626 625 
4 532 379 487 401 
4 539 602 420 618 
4 608 439 395 394 
4 21 16 413 20 
4 413 16 21 406 
4 345 531 96 92 
4 180 181 504 482 
4 370 444 451 441 
4 453 455 454 460 
4 418 472 518 236 
4 472 418 518 420 
4 403 379 487 492 
4 383 385 478 384 
4 379 403 487 401 
4 461 375 397 531 
4 215 418 518 236 
4 532 379 386 489 
4 544 629 358 414 
4 182 181 504 202 
4 573 563 456 555 
4 506 401 486 487 
4 181 182 504 482 
4 505 182 504 202 
4 454 461 453 460 
4 620 389 413 621 
4 182 505 504 482 
4 216 215 518 236 
4 462 346 345 531 
4 466 341 105 465 
4 542 216 424 420 
4 168 344 466 465 
4 216 542 424 238 
4 580 542 424 420 
4 375 458 399 377 
4 85 228 227 632 
4 465 189 344 500 
4 33 419 549 416 
4 525 451 530 606 
4 389 21 415 601 
4 451 559 530 371 
4 343 357 507 410 
4 371 451 559 611 
4 374 397 462 461 
4 388 464 378 374 
4 395 479 480 478 
4 630 143 379 489 
4 164 506 570 576 
4 184 570 505 498 
4 453 451 455 611 
4 504 478 180 482 
4 401 483 486 487 
4 562 544 510 572 
4 177 502 178 199 
4 416 19 24 600 
4 518 418 216 420 
4 222 480 223 244 
4 126 613 263 476 
4 215 418 216 518 
4 143 386 379 489 
4 492 386 144 494 
4 467 106 355 468 
4 374 99 464 459 
4 632 228 227 377 
4 387 496 380 527 
4 528 389 426 419 
4 478 180 158 477 
4 443 372 370 609 
4 420 418 216 417 
4 244 480 223 395 
4 632 85 458 456 
4 403 352 386 494 
4 329 378 206 403 
4 377 632 458 456 
4 345 92 96 462 
4 360 355 354 357 
4 506 498 570 576 
4 541 586 492 594 
4 530 506 369 516 
4 445 453 452 461 
4 407 233 231 467 
4 498 506 369 486 
4 275 280 410 507 
4 422 37 423 421 
4 463 250 229 249 
4 522 527 288 510 
4 453 444 451 611 
4 355 468 110 469 
4 467 231 252 233 
4 359 527 288 522 
4 443 444 445 368 
4 268 139 489 532 
4 386 270 493 490 
4 22 620 413 621 
4 571 602 539 618 
4 574 164 576 583 
4 277 275 507 280 
4 461 531 462 457 
4 464 331 332 328 
4 416 23 19 599 
4 370 515 451 559 
4 478 131 130 132 
4 609 395 439 394 
4 534 613 363 480 
4 439 445 395 70 
4 17 22 413 621 
4 396 444 610 453 
4 131 129 478 130 
4 501 496 194 510 
4 172 496 194 501 
4 395 478 385 369 
4 482 479 485 478 
4 416 389 620 622 
4 435 513 442 504 
4 370 371 515 559 
4 513 434 54 435 
4 377 249 348 250 
4 488 377 386 532 
4 564 451 374 455 
4 459 374 99 460 
4 462 345 92 531 
4 532 268 139 488 
4 604 624 519 121 
4 586 491 492 594 
4 436 437 443 439 
4 372 398 370 609 
4 432 439 440 612 
4 123 126 624 613 
4 326 605 525 506 
4 505 506 516 369 
4 516 515 505 369 
4 26 415 21 25 
4 20 415 21 26 
4 363 381 602 539 
4 535 382 474 626 
4 487 506 401 376 
4 453 461 445 610 
4 537 513 384 503 
4 479 266 481 485 
4 463 249 377 250 
4 421 32 37 423 
4 509 510 544 572 
4 377 552 399 555 
4 593 164 491 487 
4 267 266 481 135 
4 266 267 481 485 
4 484 267 481 135 
4 429 44 300 426 
4 513 511 299 529 
4 427 46 52 425 
4 49 54 48 429 
4 583 164 592 593 
4 630 491 628 492 
4 267 484 481 485 
4 325 556 326 328 
4 458 552 399 377 
4 513 299 512 529 
4 435 513 384 537 
4 511 510 527 522 
4 438 442 64 433 
4 428 432 440 612 
4 446 444 453 449 
4 453 444 446 451 
4 72 444 441 446 
4 506 499 403 541 
4 499 185 506 206 
4 527 510 511 497 
4 451 450 321 516 
4 451 79 450 441 
4 453 446 83 455 
4 82 446 453 449 
4 519 624 604 626 
4 15 11 406 16 
4 428 440 431 534 
4 499 491 165 492 
4 467 254 468 471 
4 565 358 509 362 
4 503 179 178 199 
4 476 613 263 480 
4 480 264 476 129 
4 597 17 406 617 
4 540 404 118 116 
4 192 495 473 509 
4 519 475 534 240 
4 377 250 230 463 
4 230 345 348 377 
4 483 487 137 486 
4 481 482 479 484 
4 542 424 557 580 
4 551 407 389 354 
4 364 384 366 383 
4 46 427 41 425 
4 389 549 416 21 
4 556 329 326 328 
4 624 124 121 122 
4 118 404 540 387 
4 461 458 375 531 
4 399 458 375 461 
4 507 278 189 500 
4 536 552 452 458 
4 509 192 501 473 
4 445 552 452 536 
4 428 427 432 612 
4 564 585 374 582 
4 232 337 517 467 
4 282 554 283 414 
4 414 554 283 526 
4 407 413 389 354 
4 358 578 544 579 
4 471 472 468 360 
4 472 469 468 360 
4 521 226 456 536 
4 485 369 484 482 
4 377 249 488 493 
4 445 368 444 610 
4 413 22 21 620 
4 312 524 515 442 
4 354 389 405 406 
4 583 164 586 592 
4 602 519 571 381 
4 506 373 369 376 
4 531 458 375 377 
4 452 85 458 457 
4 387 527 382 497 
4 404 496 380 387 
4 604 382 381 626 
4 374 455 459 564 
4 358 414 410 533 
4 360 470 473 469 
4 439 437 443 394 
4 501 496 473 172 
4 458 85 452 536 
4 371 376 399 400 
4 130 129 478 476 
4 399 532 377 488 
4 375 376 399 371 
4 506 185 499 491 
4 539 553 365 393 
4 379 376 399 375 
4 342 533 408 405 
4 369 401 484 482 
4 238 424 557 542 
4 526 554 283 280 
4 579 358 359 600 
4 230 463 345 377 
4 123 261 519 121 
4 489 491 628 630 
4 280 554 283 282 
4 452 454 457 461 
4 557 519 571 602 
4 400 376 399 379 
4 389 413 21 620 
4 416 389 21 620 
4 441 442 450 515 
4 540 519 571 557 
4 323 525 326 325 
4 551 413 389 407 
4 354 212 407 412 
4 233 407 412 467 
4 411 12 408 405 
4 438 433 435 442 
4 123 613 261 126 
4 430 54 433 429 
4 485 479 395 478 
4 359 544 527 562 
4 412 406 16 413 
4 519 613 261 123 
4 411 406 12 405 
4 506 525 326 323 
4 430 57 425 437 
4 393 539 548 381 
4 429 513 54 433 
4 213 412 413 471 
4 389 359 361 390 
4 418 415 26 417 
4 504 513 384 435 
4 571 580 557 602 
4 199 502 503 198 
4 475 613 261 519 
4 472 392 557 540 
4 448 485 246 520 
4 381 519 571 540 
4 419 416 29 288 
4 184 185 570 164 
4 164 185 570 506 
4 527 544 359 288 
4 389 417 549 25 
4 422 425 41 427 
4 22 416 21 620 
4 354 412 407 413 
4 425 423 43 426 
4 223 224 439 65 
4 369 485 395 478 
4 48 426 44 429 
4 522 294 419 511 
4 224 223 439 395 
4 426 419 297 511 
4 585 582 564 606 
4 429 426 297 511 
4 539 393 548 389 
4 31 417 36 30 
4 416 549 33 27 
4 54 429 300 513 
4 52 425 430 57 
4 430 425 48 429 
4 630 628 483 492 
4 54 430 48 429 
4 222 223 439 65 
4 405 533 408 411 
4 420 389 417 421 
4 422 420 417 421 
4 398 371 369 530 
4 575 423 422 553 
4 474 624 535 626 
4 59 433 435 438 
4 442 524 515 504 
4 438 435 306 442 
4 432 61 60 439 
4 436 61 57 437 
4 370 372 443 367 
4 221 432 440 428 
4 437 63 436 441 
4 489 628 483 630 
4 383 625 384 478 
4 414 411 533 597 
4 19 409 18 13 
4 360 551 389 354 
4 60 439 440 432 
4 358 389 359 416 
4 158 157 477 179 
4 479 485 481 484 
4 604 474 387 382 
4 387 382 540 604 
4 520 485 395 448 
4 428 612 534 363 
4 442 315 441 450 
4 565 510 358 362 
4 315 442 515 450 
4 549 419 33 589 
4 414 409 18 19 
4 444 445 70 443 
4 446 77 444 449 
4 492 630 532 483 
4 446 73 447 441 
4 79 447 441 446 
4 377 552 555 456 
4 503 502 535 512 
4 452 445 80 449 
4 411 409 18 414 
4 543 585 374 564 
4 387 474 497 382 
4 527 522 359 419 
4 84 446 451 455 
4 451 446 79 441 
4 455 451 371 611 
4 457 531 458 461 
4 13 409 18 411 
4 460 459 455 89 
4 454 453 83 455 
4 583 595 164 596 
4 457 454 92 461 
4 456 555 536 552 
4 557 580 424 602 
4 503 513 384 504 
4 455 459 460 374 
4 380 404 392 360 
4 453 446 455 451 
4 462 92 461 457 
4 488 555 521 563 
4 441 450 451 515 
4 412 254 467 471 
4 516 451 450 515 
4 469 468 112 472 
4 539 363 538 602 
4 491 165 185 499 
4 495 470 171 473 
4 547 488 521 563 
4 274 410 342 343 
4 367 398 515 370 
4 515 398 367 435 
4 8 410 533 274 
4 357 358 410 354 
4 533 410 342 274 
4 456 547 521 563 
4 422 539 538 602 
4 419 549 581 589 
4 263 613 262 475 
4 436 441 444 443 
4 384 364 529 535 
4 154 387 474 497 
4 498 486 574 584 
4 491 506 185 164 
4 549 33 581 589 
4 580 420 424 602 
4 387 392 404 540 
4 420 422 424 602 
4 420 539 422 602 
4 409 411 533 414 
4 360 392 356 389 
4 607 414 533 597 
4 555 456 521 563 
4 383 625 363 364 
4 451 378 530 606 
4 359 600 544 579 
4 157 179 178 477 
4 477 624 535 474 
4 429 425 48 426 
4 528 425 423 365 
4 126 613 262 263 
4 405 533 411 597 
4 423 425 528 426 
4 33 426 581 589 
4 382 497 535 474 
4 133 160 478 482 
4 354 358 360 357 
4 482 481 137 484 
4 185 570 206 184 
4 368 395 399 445 
4 483 137 484 482 
4 483 484 268 532 
4 506 570 206 185 
4 137 486 482 483 
4 389 579 607 597 
4 368 396 370 444 
4 489 483 268 532 
4 493 490 249 488 
4 615 525 606 614 
4 487 628 164 491 
4 628 140 164 491 
4 494 187 492 403 
4 506 401 369 486 
4 170 189 465 500 
4 206 329 605 633 
4 495 171 192 473 
4 529 537 384 503 
4 509 501 362 473 
4 452 399 445 461 
4 364 366 363 383 
4 537 435 513 429 
4 137 483 628 487 
4 383 395 480 478 
4 363 519 613 534 
4 404 540 392 472 
4 499 165 403 492 
4 399 448 545 395 
4 499 403 206 506 
4 508 281 500 507 
4 137 483 140 628 
4 164 137 628 487 
4 497 502 197 512 
4 477 384 535 625 
4 428 534 602 363 
4 625 624 535 477 
4 364 382 529 535 
4 377 488 456 555 
4 509 501 194 510 
4 534 439 480 608 
4 240 534 602 428 
4 299 497 197 512 
4 512 302 299 513 
4 511 299 301 513 
4 302 512 503 513 
4 381 625 519 626 
4 308 503 514 513 
4 544 600 359 288 
4 515 504 202 505 
4 590 596 583 541 
4 524 311 515 504 
4 317 505 516 515 
4 154 474 604 122 
4 506 323 516 525 
4 504 513 514 503 
4 575 389 420 421 
4 497 512 299 529 
4 389 575 420 539 
4 398 369 504 515 
4 511 497 299 529 
4 422 575 420 421 
4 575 422 420 539 
4 164 137 140 628 
4 510 501 362 509 
4 580 420 557 542 
4 399 461 396 610 
4 628 483 139 489 
4 368 399 396 610 
4 448 226 521 536 
4 358 562 572 544 
4 519 534 602 240 
4 553 423 393 575 
4 521 488 268 532 
4 348 271 249 493 
4 363 534 602 519 
4 591 488 555 456 
4 488 591 377 456 
4 495 192 508 509 
4 522 288 289 510 
4 176 154 497 175 
4 364 363 381 625 
4 440 612 534 428 
4 301 429 511 513 
4 434 300 513 54 
4 539 553 393 575 
4 435 434 304 513 
4 513 307 435 442 
4 608 363 480 534 
4 395 363 480 608 
4 261 613 262 126 
4 503 179 504 477 
4 316 450 515 516 
4 525 321 516 451 
4 590 631 627 584 
4 497 154 176 474 
4 360 467 355 468 
4 626 624 535 625 
4 384 367 537 366 
4 474 154 604 387 
4 444 453 445 610 
4 583 631 627 590 
4 480 439 395 608 
4 401 482 486 483 
4 599 600 579 544 
4 528 364 382 529 
4 477 625 478 384 
4 612 437 439 394 
4 216 542 237 518 
4 475 613 262 261 
4 423 389 393 575 
4 616 453 461 611 
4 119 154 604 122 
4 399 552 458 452 
4 358 526 410 414 
4 426 419 581 589 
4 238 542 237 216 
4 578 579 358 359 
4 579 358 354 607 
4 445 545 448 395 
4 399 458 461 452 
4 622 17 22 623 
4 486 482 401 369 
4 510 362 527 562 
4 544 510 527 562 
4 348 271 493 386 
4 394 437 432 612 
4 456 377 588 591 
4 492 403 386 494 
4 583 596 590 627 
4 595 631 627 583 
4 533 279 409 414 
4 469 355 468 360 
4 493 386 490 488 
4 599 19 416 600 
4 515 371 398 530 
4 368 370 398 609 
4 157 476 125 127 
4 555 456 588 591 
4 23 416 597 599 
4 531 92 462 457 
4 399 545 445 395 
4 419 426 39 589 
4 593 583 164 596 
4 382 393 548 381 
4 433 64 438 59 
4 224 445 520 395 
4 75 445 520 224 
4 426 33 39 589 
4 504 515 369 505 
4 399 545 448 445 
4 358 562 359 527 
4 33 419 39 589 
4 488 555 588 591 
4 504 482 369 478 
4 126 476 263 128 
4 187 403 208 186 
4 377 488 588 591 
4 525 530 373 606 
4 486 584 498 590 
4 208 403 187 388 
4 526 362 495 508 
4 526 357 410 507 
4 486 593 164 596 
4 399 532 488 521 
4 448 445 520 75 
4 399 445 552 452 
4 395 445 520 448 
4 461 399 445 610 
4 367 443 437 394 
4 372 394 367 366 
4 469 114 470 473 
4 630 489 532 483 
4 532 484 268 521 
4 584 631 627 595 
4 427 425 538 422 
4 484 401 483 482 
4 120 119 604 122 
4 264 129 480 131 
4 389 354 405 607 
4 124 157 156 624 
4 240 475 534 242 
4 367 394 372 443 
4 362 470 495 473 
4 536 399 448 445 
4 393 382 548 389 
4 548 420 389 392 
4 509 473 362 495 
4 364 363 393 381 
4 562 510 362 358 
4 354 389 358 579 
4 369 505 482 504 
4 484 485 401 369 
4 392 382 548 381 
4 526 362 508 509 
4 508 362 495 509 
4 508 526 280 507 
4 401 532 484 483 
4 405 406 2 354 
4 565 509 510 362 
4 399 448 521 536 
4 282 279 410 414 
4 418 389 417 420 
4 358 509 362 526 
4 491 628 139 489 
4 541 594 593 586 
4 389 418 472 420 
4 398 371 515 370 
4 512 529 503 513 
4 389 417 415 418 
4 382 392 548 389 
4 541 486 498 590 
4 410 533 279 8 
4 283 509 526 508 
4 379 532 492 630 
4 379 532 630 489 
4 535 384 364 625 
4 369 482 498 486 
4 11 406 2 405 
4 478 480 476 129 
4 400 484 485 401 
4 515 530 369 516 
4 480 244 520 395 
4 595 486 164 596 
4 520 244 480 266 
4 484 400 532 401 
4 526 283 508 280 
4 15 21 406 17 
4 395 448 485 399 
4 17 18 23 597 
4 17 22 21 413 
4 17 411 18 598 
4 411 414 18 598 
4 406 411 17 597 
4 18 414 19 599 
4 23 18 19 599 
4 285 19 282 544 
4 19 414 282 544 
4 24 19 285 600 
4 19 544 285 600 
4 19 24 23 416 
4 21 415 413 389 
4 21 22 27 416 
4 406 21 413 17 
4 21 25 415 601 
4 25 417 415 601 
4 25 21 27 549 
4 22 23 27 416 
4 23 29 416 24 
4 29 24 285 600 
4 25 27 417 549 
4 27 416 549 21 
4 288 416 29 600 
4 29 285 288 600 
4 218 36 40 602 
4 36 422 40 602 
4 424 36 217 218 
4 424 422 36 602 
4 40 422 427 603 
4 422 538 427 603 
4 40 45 219 428 
4 40 427 45 428 
4 40 219 218 602 
4 219 240 218 602 
4 427 425 57 437 
4 432 57 61 437 
4 57 432 427 437 
4 439 432 61 437 
4 436 61 437 439 
4 66 61 436 439 
4 61 66 65 439 
4 439 65 445 70 
4 65 66 70 439 
4 66 436 70 439 
4 70 443 445 395 
4 443 70 436 439 
4 324 327 89 459 
4 89 455 321 325 
4 395 368 398 609 
4 115 404 116 118 
4 121 624 123 124 
4 258 116 472 557 
4 116 117 118 540 
4 117 120 118 540 
4 492 143 379 630 
4 258 117 116 540 
4 116 469 472 360 
4 117 258 120 540 
4 404 392 360 472 
4 613 625 624 519 
4 620 621 622 389 
4 120 258 259 519 
4 258 238 259 519 
4 359 562 579 544 
4 260 120 259 519 
4 483 139 140 628 
4 367 437 430 365 
4 544 510 509 285 
4 582 605 525 326 
4 25 389 417 601 
4 369 530 515 398 
4 243 480 242 534 
4 615 606 564 614 
4 549 389 25 601 
4 584 590 486 627 
4 612 427 432 394 
4 602 427 428 612 
4 264 480 242 243 
4 363 602 381 519 
4 487 594 593 541 
4 393 539 381 363 
4 619 602 571 618 
4 416 358 389 579 
4 579 544 358 414 
4 118 604 540 120 
4 628 139 140 491 
4 394 365 367 366 
4 625 519 363 381 
4 157 178 177 502 
4 387 604 540 118 
4 503 179 477 178 
4 613 519 363 625 
4 395 609 372 394 
4 367 365 394 437 
4 396 611 444 453 
4 506 206 326 605 
4 206 329 326 605 
4 378 206 373 606 
4 206 506 373 606 
4 329 206 378 606 
4 217 238 424 218 
4 414 533 358 607 
4 477 478 503 384 
4 428 240 219 602 
4 221 428 440 431 
4 525 373 506 606 
4 618 548 571 619 
4 365 364 363 393 
4 242 222 243 534 
4 431 440 222 534 
4 440 439 222 534 
4 363 364 365 394 
4 431 222 242 534 
4 237 238 258 557 
4 238 519 258 557 
4 237 518 542 557 
4 237 542 238 557 
4 518 237 258 557 
4 544 288 285 600 
4 238 260 259 519 
4 557 424 238 218 
4 21 389 549 601 
4 240 261 260 519 
4 609 443 372 394 
4 240 534 431 242 
4 579 354 389 607 
4 131 129 480 478 
4 374 455 397 461 
4 398 385 504 369 
4 564 606 451 614 
4 119 604 118 120 
4 121 120 604 122 
4 154 604 118 119 
4 472 518 258 557 
4 389 415 417 601 
4 396 453 461 616 
4 479 484 482 485 
4 487 492 483 628 
4 285 282 283 509 
4 283 286 285 509 
4 487 492 628 491 
4 285 286 289 510 
4 285 289 288 510 
4 289 286 509 510 
4 288 510 527 544 
4 387 604 118 154 
4 359 416 288 600 
4 525 321 451 455 
4 324 321 325 89 
4 321 525 325 455 
4 324 325 328 459 
4 324 328 327 459 
4 325 543 459 455 
4 582 585 325 525 
4 582 325 556 326 
4 325 525 326 582 
4 325 585 543 564 
4 633 605 525 582 
4 326 329 556 582 
4 564 329 374 378 
4 564 582 329 606 
4 340 354 357 410 
4 340 343 342 410 
4 340 342 405 533 
4 354 340 405 607 
4 340 533 405 607 
4 340 357 343 410 
4 342 410 533 340 
4 525 506 633 606 
4 525 633 582 606 
4 593 586 583 541 
4 583 586 593 592 
4 594 593 586 592 

CELL_TYPES 2516
10
10
10
10
10
10
10
10
10
10
10
10
10
10
10
10
10
10
10
10
10
10
10
10
10
10
10
10
10
10
10
10
10
10
10
10
10
10
10
10
10
10
10
10
10
10
10
10
10
10
10
10
10
10
10
10
10
10
10
10
10
10
10
10
10
10
10
10
10
10
10
10
10
10
10
10
10
10
10
10
10
10
10
10
10
10
10
10
10
10
10
10
10
10
10
10
10
10
10
10
10
10
10
10
10
10
10
10
10
10
10
10
10
10
10
10
10
10
10
10
10
10
10
10
10
10
10
10
10
10
10
10
10
10
10
10
10
10
10
10
10
10
10
10
10
10
10
10
10
10
10
10
10
10
10
10
10
10
10
10
10
10
10
10
10
10
10
10
10
10
10
10
10
10
10
10
10
10
10
10
10
10
10
10
10
10
10
10
10
10
10
10
10
10
10
10
10
10
10
10
10
10
10
10
10
10
10
10
10
10
10
10
10
10
10
10
10
10
10
10
10
10
10
10
10
10
10
10
10
10
10
10
10
10
10
10
10
10
10
10
10
10
10
10
10
10
10
10
10
10
10
10
10
10
10
10
10
10
10
10
10
10
10
10
10
10
10
10
10
10
10
10
10
10
10
10
10
10
10
10
10
10
10
10
10
10
10
10
10
10
10
10
10
10
10
10
10
10
10
10
10
10
10
10
10
10
10
10
10
10
10
10
10
10
10
10
10
10
10
10
10
10
10
10
10
10
10
10
10
10
10
10
10
10
10
10
10
10
10
10
10
10
10
10
10
10
10
10
10
10
10
10
10
10
10
10
10
10
10
10
10
10
10
10
10
10
10
10
10
10
10
10
10
10
10
10
10
10
10
10
10
10
10
10
10
10
10
10
10
10
10
10
10
10
10
10
10
10
10
10
10
10
10
10
10
10
10
10
10
10
10
10
10
10
10
10
10
10
10
10
10
10
10
10
10
10
10
10
10
10
10
10
10
10
10
10
10
10
10
10
10
10
10
10
10
10
10
10
10
10
10
10
10
10
10
10
10
10
10
10
10
10
10
10
10
10
10
10
10
10
10
10
10
10
10
10
10
10
10
10
10
10
10
10
10
10
10
10
10
10
10
10
10
10
10
10
10
10
10
10
10
10
10
10
10
10
10
10
10
10
10
10
10
10
10
10
10
10
10
10
10
10
10
10
10
10
10
10
10
10
10
10
10
10
10
10
10
10
10
10
10
10
10
10
10
10
10
10
10
10
10
10
10
10
10
10
10
10
10
10
10
10
10
10
10
10
10
10
10
10
10
10
10
10
10
10
10
10
10
10
10
10
10
10
10
10
10
10
10
10
10
10
10
10
10
10
10
10
10
10
10
10
10
10
10
10
10
10
10
10
10
10
10
10
10
10
10
10
10
10
10
10
10
10
10
10
10
10
10
10
10
10
10
10
10
10
10
10
10
10
10
10
10
10
10
10
10
10
10
10
10
10
10
10
10
10
10
10
10
10
10
10
10
10
10
10
10
10
10
10
10
10
10
10
10
10
10
10
10
10
10
10
10
10
10
10
10
10
10
10
10
10
10
10
10
10
10
10
10
10
10
10
10
10
10
10
10
10
10
10
10
10
10
10
10
10
10
10
10
10
10
10
10
10
10
10
10
10
10
10
10
10
10
10
10
10
10
10
10
10
10
10
10
10
10
10
10
10
10
10
10
10
10
10
10
10
10
10
10
10
10
10
10
10
10
10
10
10
10
10
10
10
10
10
10
10
10
10
10
10
10
10
10
10
10
10
10
10
10
10
10
10
10
10
10
10
10
10
10
10
10
10
10
10
10
10
10
10
10
10
10
10
10
10
10
10
10
10
10
10
10
10
10
10
10
10
10
10
10
10
10
10
10
10
10
10
10
10
10
10
10
10
10
10
10
10
10
10
10
10
10
10
10
10
10
10
10
10
10
10
10
10
10
10
10
10
10
10
10
10
10
10
10
10
10
10
10
10
10
10
10
10
10
10
10
10
10
10
10
10
10
10
10
10
10
10
10
10
10
10
10
10
10
10
10
10
10
10
10
10
10
10
10
10
10
10
10
10
10
10
10
10
10
10
10
10
10
10
10
10
10
10
10
10
10
10
10
10
10
10
10
10
10
10
10
10
10
10
10
10
10
10
10
10
10
10
10
10
10
10
10
10
10
10
10
10
10
10
10
10
10
10
10
10
10
10
10
10
10
10
10
10
10
10
10
10
10
10
10
10
10
10
10
10
10
10
10
10
10
10
10
10
10
10
10
10
10
10
10
10
10
10
10
10
10
10
10
10
10
10
10
10
10
10
10
10
10
10
10
10
10
10
10
10
10
10
10
10
10
10
10
10
10
10
10
10
10
10
10
10
10
10
10
10
10
10
10
10
10
10
10
10
10
10
10
10
10
10
10
10
10
10
10
10
10
10
10
10
10
10
10
10
10
10
10
10
10
10
10
10
10
10
10
10
10
10
10
10
10
10
10
10
10
10
10
10
10
10
10
10
10
10
10
10
10
10
10
10
10
10
10
10
10
10
10
10
10
10
10
10
10
10
10
10
10
10
10
10
10
10
10
10
10
10
10
10
10
10
10
10
10
10
10
10
10
10
10
10
10
10
10
10
10
10
10
10
10
10
10
10
10
10
10
10
10
10
10
10
10
10
10
10
10
10
10
10
10
10
10
10
10
10
10
10
10
10
10
10
10
10
10
10
10
10
10
10
10
10
10
10
10
10
10
10
10
10
10
10
10
10
10
10
10
10
10
10
10
10
10
10
10
10
10
10
10
10
10
10
10
10
10
10
10
10
10
10
10
10
10
10
10
10
10
10
10
10
10
10
10
10
10
10
10
10
10
10
10
10
10
10
10
10
10
10
10
10
10
10
10
10
10
10
10
10
10
10
10
10
10
10
10
10
10
10
10
10
10
10
10
10
10
10
10
10
10
10
10
10
10
10
10
10
10
10
10
10
10
10
10
10
10
10
10
10
10
10
10
10
10
10
10
10
10
10
10
10
10
10
10
10
10
10
10
10
10
10
10
10
10
10
10
10
10
10
10
10
10
10
10
10
10
10
10
10
10
10
10
10
10
10
10
10
10
10
10
10
10
10
10
10
10
10
10
10
10
10
10
10
10
10
10
10
10
10
10
10
10
10
10
10
10
10
10
10
10
10
10
10
10
10
10
10
10
10
10
10
10
10
10
10
10
10
10
10
10
10
10
10
10
10
10
10
10
10
10
10
10
10
10
10
10
10
10
10
10
10
10
10
10
10
10
10
10
10
10
10
10
10
10
10
10
10
10
10
10
10
10
10
10
10
10
10
10
10
10
10
10
10
10
10
10
10
10
10
10
10
10
10
10
10
10
10
10
10
10
10
10
10
10
10
10
10
10
10
10
10
10
10
10
10
10
10
10
10
10
10
10
10
10
10
10
10
10
10
10
10
10
10
10
10
10
10
10
10
10
10
10
10
10
10
10
10
10
10
10
10
10
10
10
10
10
10
10
10
10
10
10
10
10
10
10
10
10
10
10
10
10
10
10
10
10
10
10
10
10
10
10
10
10
10
10
10
10
10
10
10
10
10
10
10
10
10
10
10
10
10
10
10
10
10
10
10
10
10
10
10
10
10
10
10
10
10
10
10
10
10
10
10
10
10
10
10
10
10
10
10
10
10
10
10
10
10
10
10
10
10
10
10
10
10
10
10
10
10
10
10
10
10
10
10
10
10
10
10
10
10
10
10
10
10
10
10
10
10
10
10
10
10
10
10
10
10
10
10
10
10
10
10
10
10
10
10
10
10
10
10
10
10
10
10
10
10
10
10
10
10
10
10
10
10
10
10
10
10
10
10
10
10
10
10
10
10
10
10
10
10
10
10
10
10
10
10
10
10
10
10
10
10
10
10
10
10
10
10
10
10
10
10
10
10
10
10
10
10
10
10
10
10
10
10
10
10
10
10
10
10
10
10
10
10
10
10
10
10
10
10
10
10
10
10
10
10
10
10
10
10
10
10
10
10
10
10
10
10
10
10
10
10
10
10
10
10
10
10
10
10
10
10
10
10
10
10
10
10
10
10
10
10
10
10
10
10
10
10
10
10
10
10
10
10
10
10
10
10
10
10
10
10
10
10
10
10
10
10
10
10
10
10
10
10
10
10
10
10
10
10
10
10
10
10
10
10
10
10
10
10
10
10
10
10
10
10
10
10
10
10
10
10
10
10
10
10
10
10
10
10
10
10
10
10
10
10
10
10
10
10
10
10
10
10
10
10
10
10
10
10
10
10
10
10
10
10
10
10
10
10
10
10
10
10
10
10
10
10
10
10
10
10
10
10
10
10
10
10
10
10
10
10
10
10
10
10
10
10
10
10
10
10
10
10
10
10
10
10
10
10
10
10
10
10
10
10
10
10
10
10
10
10
10
10
10
10
10
10
10
10
10
10
10
10
10
10
10
10
10
10
10
10
10
10
10
10
10
10
10
10
10
10
10
10
10
10
10
10
10
10
10
10
10
10
10
10
10
10
10
10
10
10
10
10
10
10
10
10
10
10
10
10
10
10
10
10
10
10
10
10
10
10
10
10
10
10
10
10
10
10
10
10
10
10
10
10
10
10
10
10
10
10
10
10
10
10
10
10
10
10
10
10
10
10
10
10
10
10
10
10
10
10
10
10
10
10
10
10
10
10
10
10
10
10
10
10
10
10
10
10
10
10
10
10
10
10
10
10
10
10
10
10
10
10
10
10
10
10
10
10
10
10
10
10
10
10
10
10
10
10
10
10
10
10
10
10
10
10
10
10
10
10
10
10
10
10
10
10
10
10
10
10
10
10
10
10
10
10
10
10
10
10
10
10
10
10
10
10
10
10
10
10
10
10
10
10
10
10
10
10
10
10
10
10
10
10
10
10
10
10
10
10
10
10
10
10
10
10
10
10
10
10
10
10
10
10
10
10
10
10
10
10
10
10
10
10
10
10
10
10
10
10
10
10
10
10
10
10
10
10
10
10
10
10
10
10
10
10
10
10
10
10
10
10
10
10
10
10
10
10
10
10
10
10
10
10
10
10
10
10
10
10
10
10
10
10
10
10
10
10
10
10
10
10
10
10
10
10
10
10
10
10
10
10
10
10
10
10
10
10
10
10
10
10
10
10
10
10
10
10
10
10
10
10
10
10
10
10
10
10
10
10
10
10
10
10
10
10
10
10
10
10
10
10
10
10
10
10
10
10
10
10
10
10
10
10
10
10
10
10
10
10
10
10
10
10
10
10
10
10
10
10
10
10
10
10
10
10
10
10
10
10
10
10
10
10
10
10
10
10
10
10
10
10
10
10
10
10
10
10
10
10
10
10
10
10
10
10
10
10
10
10
10
10
10
10
10
10
10
10
10
10
10
10
10
10
10
10
10
10
10
10
10
10
10
10
10
10
10
10
10
10
10
10
10
10
10
10
10
10
10
10
10
10
10
10
10
10
10
10
10
10
10
10
10
10
10
10
10
10
10
10
10
10
10
10
10
10
10
10
10
10
10
10
10
10
10
10
10
10
10
10
10
10
10
10
10
10
10
10
10
10
10
10
10
10
10
10
10
10
10
10
10
10
10
10
10
10
10
10
10
10
10
10
10
10
10
10
10
10
10
10
10
10
10
10
10
10
10
10
10
10
10
10
10
10
10
10
10
10

POINT_DATA 634
VECTORS displacement float
-0.0121793 -0.0049432 -0.0162781
0 0 0
-0.00904493 -0.00795174 -0.017266
0 0 0
-0.0153576 0.000488583 -0.0160654
0 0 0
-0.0121602 0.0053945 -0.0153578
0 0 0
-0.00956634 0.00958343 -0.0180651
0 0 0
-0.0128799 -0.0126009 -0.0381121
-0.0169677 -0.00778756 -0.0359958
-0.0202343 0.000755119 -0.0352668
-0.0166145 0.00922869 -0.0359768
-0.012716 0.0142039 -0.0369658
-0.0182393 -0.0088156 -0.0553313
-0.0142132 -0.014678 -0.0567606
-0.0206155 0.00113707 -0.0546748
-0.0177149 0.0101519 -0.0551541
-0.0135671 0.0157095 -0.055778
-0.0147608 -0.0149326 -0.0737125
-0.0193682 -0.00993953 -0.0737356
-0.0213789 0.000369028 -0.0730371
-0.0184257 0.0102614 -0.0734749
-0.0141803 0.0156469 -0.0728871
-0.0188497 -0.00956328 -0.0894759
-0.014622 -0.0148285 -0.0896748
-0.0206547 2.17546e-05 -0.0892832
-0.0184752 0.00953827 -0.0889531
-0.014648 0.0151544 -0.0892288
-0.0144964 -0.0143696 -0.103554
-0.0183567 -0.00924388 -0.103878
-0.020885 -2.0884e-05 -0.103665
-0.0186458 0.00915776 -0.103904
-0.0143583 0.0143328 -0.103233
-0.0183703 -0.00898478 -0.11671
-0.0143438 -0.014138 -0.116737
-0.0205691 3.58985e-05 -0.116696
-0.0182557 0.00910025 -0.116586
-0.0145233 0.0143738 -0.116887
-0.0137131 -0.0136583 -0.128661
-0.0175737 -0.00864974 -0.128575
-0.0197851 0.000125557 -0.128621
-0.0173487 0.00897355 -0.128809
-0.0136607 0.0140459 -0.128773
-0.013306 -0.0132531 -0.139725
-0.0166689 -0.00828603 -0.139684
-0.0184724 0.000185313 -0.139784
-0.0166949 0.00876671 -0.14022
-0.0126886 0.0136773 -0.140207
-0.0157202 -0.00785158 -0.150386
-0.0125065 -0.0126523 -0.150593
-0.017514 0.000321557 -0.150668
-0.0153844 0.00840503 -0.150841
-0.0120187 0.0132467 -0.151436
-0.0149007 -0.00745252 -0.161026
-0.0118262 -0.0118107 -0.16103
-0.0164741 0.000331727 -0.161349
-0.0145637 0.00789819 -0.16141
-0.0112944 0.0121117 -0.161591
-0.0112203 -0.0109898 -0.171361
-0.0140824 -0.00673453 -0.171361
-0.0154638 0.000186311 -0.171178
-0.0136197 0.00704381 -0.171508
-0.010614 0.0110792 -0.171603
-0.0104197 -0.0100884 -0.181411
-0.0130101 -0.00636365 -0.181125
-0.0142464 -2.92497e-05 -0.181034
-0.012776 0.00642124 -0.181008
-0.0100051 0.0101494 -0.181198
-0.0119708 -0.00593139 -0.190807
-0.00970522 -0.00931905 -0.190686
-0.0131956 -0.000141736 -0.190463
-0.0118529 0.0057377 -0.190536
-0.00936734 0.00913731 -0.190542
-0.0088576 -0.00835843 -0.199887
-0.0108645 -0.0053702 -0.199744
-0.0119906 -0.000172578 -0.199568
-0.0108637 0.00520143 -0.199587
-0.00871984 0.00829252 -0.199819
-0.00973998 -0.00481713 -0.208554
-0.00792244 -0.00744792 -0.208607
-0.0107386 -0.000153087 -0.20839
-0.00984367 0.00460117 -0.20858
-0.00792426 0.00741284 -0.208636
-0.0070113 -0.00666715 -0.21702
-0.0087593 -0.00431736 -0.216964
-0.00970098 -0.000191993 -0.217025
-0.00878663 0.00411915 -0.217116
-0.00706727 0.00665305 -0.217253
-0.00801611 -0.00384399 -0.225215
-0.00644414 -0.00598455 -0.225145
-0.0088312 -0.000114919 -0.225339
-0.00805953 0.00375363 -0.22534
-0.00648491 0.00605137 -0.225333
-0.00613498 -0.00557793 -0.233102
-0.00766018 -0.00356741 -0.233093
-0.00853104 -1.94825e-05 -0.233213
-0.00766584 0.00355402 -0.233243
-0.00608776 0.00565569 -0.233285
-0.00761055 -0.00356223 -0.240951
-0.00607135 -0.00553713 -0.240961
-0.00851418 -6.14887e-05 -0.241087
-0.00761725 0.00350866 -0.241061
-0.00605021 0.00564394 -0.241139
0.0119637 -0.00542487 -0.0157388
0.00867572 -0.00942302 -0.0178191
0 0 0
0 0 0
0.0130028 -0.0133468 -0.0377666
0.0168816 -0.00852382 -0.0359547
0.019088 -0.00921804 -0.0550985
0.0155099 -0.0151382 -0.0554827
0.0152829 -0.0148101 -0.072551
0.0194448 -0.00941348 -0.0730007
0.0192179 -0.00966769 -0.0891305
0.0152622 -0.0151353 -0.0891989
0.0150278 -0.0150584 -0.103398
0.0191391 -0.00975496 -0.103773
0.0184571 -0.00956574 -0.116569
0.0143954 -0.0148017 -0.116849
0.0135761 -0.0143202 -0.128853
0.0176274 -0.00927889 -0.128972
0.0131486 -0.0135338 -0.140081
0.0166773 -0.00872234 -0.140128
0.0158514 -0.00815739 -0.150729
0.0124763 -0.0126897 -0.150818
0.014656 -0.0074554 -0.160999
0.0116577 -0.0116695 -0.160877
0.0107631 -0.0107698 -0.170981
0.0136117 -0.00689256 -0.170986
0.0097418 -0.00991579 -0.180813
0.0125307 -0.00647679 -0.180604
0.0115713 -0.00615217 -0.190093
0.00884979 -0.00936693 -0.190236
0.00774873 -0.00870358 -0.199572
0.0102601 -0.00572798 -0.19934
0.00913744 -0.00525246 -0.208531
0.00686965 -0.00798792 -0.208447
0.00593227 -0.00710572 -0.217203
0.0079198 -0.00469896 -0.217094
0.00725516 -0.00410208 -0.225438
0.005538 -0.00627001 -0.225349
0.0053517 -0.00561402 -0.233324
0.0070324 -0.00344482 -0.233509
0.00707351 -0.00322276 -0.241324
0.00556237 -0.00534991 -0.241226
0.0154673 -0.000412181 -0.0141746
0 0 0
0.0199567 0.000180212 -0.036227
0.0216242 0.000456717 -0.0552241
0.0215391 0.00022433 -0.0723352
0.0216012 7.62614e-06 -0.0888041
0.0214159 -0.000127936 -0.103697
0.0209951 -0.000287657 -0.11713
0.0199663 -0.00033094 -0.128761
0.0188102 -0.000289213 -0.140224
0.0177776 -0.000312008 -0.151193
0.0163187 -0.000267779 -0.161337
0.0151988 -0.000347768 -0.171033
0.0141326 -0.000385735 -0.180749
0.0130709 -0.000409517 -0.190131
0.0118507 -0.000448866 -0.199488
0.0105467 -0.000365825 -0.208314
0.00922878 -0.000321454 -0.217124
0.00830068 -0.000105751 -0.225571
0.00790964 0.000192031 -0.233475
0.00789229 0.000333258 -0.241317
0.0130632 0.00653011 -0.0181492
0 0 0
0.0177712 0.00893743 -0.0373625
0.0194871 0.010015 -0.0558787
0.0192842 0.00982291 -0.0733657
0.0193007 0.00952523 -0.0888997
0.0192303 0.00934228 -0.103773
0.0187806 0.00901367 -0.116608
0.0180935 0.00872355 -0.129025
0.0171162 0.00832207 -0.140244
0.0160785 0.00768844 -0.150702
0.0146623 0.00687457 -0.16115
0.0135221 0.006243 -0.171109
0.0126119 0.00588229 -0.180651
0.0116371 0.00542562 -0.190144
0.0105269 0.00501706 -0.199295
0.00935636 0.00452714 -0.20843
0.00822455 0.00410841 -0.217184
0.0074475 0.00386753 -0.225507
0.00693061 0.00374882 -0.233495
0.00685446 0.00384099 -0.241308
0.0104648 0.0103984 -0.0197531
0 0 0
0.0137281 0.0137473 -0.0380331
0.0158484 0.0161253 -0.0564748
0.0154109 0.0153245 -0.0729426
0.015484 0.0150687 -0.0889398
0.0150967 0.0144522 -0.103196
0.0152904 0.0145781 -0.116735
0.0144327 0.014047 -0.128787
0.0136414 0.0131446 -0.139807
0.012636 0.0122361 -0.150545
0.0116476 0.0112456 -0.160849
0.0107604 0.0103617 -0.171029
0.00989679 0.00952794 -0.180847
0.00915025 0.00887866 -0.190128
0.00819876 0.00821438 -0.199366
0.00715121 0.00740311 -0.208483
0.0062842 0.00658435 -0.217346
0.00572052 0.00608852 -0.2255
0.00530193 0.00574205 -0.233583
0.00525545 0.00585369 -0.241465
-0.00516583 -0.0107522 -0.0207723
0 0 0
-0.00782775 -0.0175374 -0.0377081
-0.00892049 -0.0191202 -0.0563781
-0.00931383 -0.018867 -0.0735585
-0.00920651 -0.018356 -0.0890804
-0.00935718 -0.0184005 -0.103768
-0.00906449 -0.0178909 -0.116553
-0.00904336 -0.017423 -0.128925
-0.00853245 -0.0168562 -0.140249
-0.00797286 -0.0160022 -0.150725
-0.00745956 -0.0150533 -0.161164
-0.00696614 -0.0138007 -0.171588
-0.00675666 -0.0126605 -0.181393
-0.00641946 -0.0117276 -0.190858
-0.00591936 -0.0106131 -0.199835
-0.00532482 -0.00944435 -0.208641
-0.00475026 -0.00843223 -0.216911
-0.00435068 -0.00757253 -0.225032
-0.004085 -0.0070913 -0.233043
-0.00393877 -0.00688287 -0.240872
0.000647439 -0.0134127 -0.0203176
0 0 0
0.000312958 -0.0202536 -0.038825
0.00029183 -0.0213944 -0.0567246
8.64525e-05 -0.0212003 -0.0733954
-4.06367e-05 -0.0208333 -0.0894522
-1.93861e-05 -0.0207607 -0.103491
-5.82865e-05 -0.0202671 -0.116555
-0.000180992 -0.0199405 -0.12851
-0.000120067 -0.0188706 -0.140259
1.1457e-05 -0.0178692 -0.150789
0.000126194 -0.0165908 -0.16133
-5.87115e-05 -0.0153841 -0.171341
-0.000323345 -0.0141261 -0.181329
-0.000522472 -0.0130764 -0.190635
-0.000754005 -0.011894 -0.199904
-0.000823678 -0.0106304 -0.208605
-0.00079619 -0.00954141 -0.217006
-0.000609492 -0.00851331 -0.225129
-0.000523292 -0.00803007 -0.232971
-0.000463395 -0.00775093 -0.240807
0.00560039 -0.0111818 -0.0203861
0 0 0
0.00881794 -0.0178822 -0.0371602
0.00963704 -0.0190076 -0.0558188
0.0095863 -0.0190033 -0.0732331
0.00937499 -0.0186571 -0.0889424
0.0096043 -0.0189949 -0.104005
0.00915708 -0.0186457 -0.116679
0.00855221 -0.0178185 -0.128757
0.00821585 -0.0169415 -0.140055
0.00795546 -0.0159924 -0.150572
0.00757607 -0.014879 -0.161012
0.00685661 -0.0137174 -0.171102
0.00610293 -0.0126347 -0.180912
0.00534641 -0.0116944 -0.190611
0.00458261 -0.0107973 -0.19976
0.0038487 -0.0097747 -0.208668
0.00340941 -0.00879542 -0.217001
0.00316085 -0.0076775 -0.225251
0.00321051 -0.00712652 -0.233088
0.00338944 -0.00681578 -0.240871
-0.0051736 0.011899 -0.0205605
0 0 0
0.000936745 0.0145794 -0.0202526
0 0 0
0.00626278 0.0127004 -0.0209102
0 0 0
-0.00711526 0.0174498 -0.0376117
0.000469487 0.0200721 -0.0376911
0.00921521 0.018061 -0.0384077
-0.00828322 0.019901 -0.05611
0.00102679 0.0217398 -0.0564628
0.0101785 0.0195336 -0.0564426
-0.00856228 0.0192 -0.0724588
0.000746441 0.0215854 -0.0731142
0.00999632 0.0193283 -0.0726944
-0.00903898 0.0190323 -0.0882023
0.000354947 0.0212815 -0.0893505
0.0100068 0.0192248 -0.0884951
-0.00894181 0.0181482 -0.102737
0.000441558 0.0206688 -0.103467
0.00988112 0.0190053 -0.103522
-0.00900304 0.0180271 -0.116273
0.000556402 0.0207687 -0.117018
0.0098603 0.0185176 -0.116473
-0.00854566 0.0181895 -0.129265
0.000660287 0.0198629 -0.128832
0.00939537 0.017835 -0.128925
-0.00759765 0.0174615 -0.14073
0.000640947 0.0193162 -0.140495
0.00883707 0.0167668 -0.139905
-0.00720498 0.0162167 -0.151035
0.000452131 0.0175536 -0.151134
0.00808236 0.0155258 -0.15043
-0.00679516 0.0149758 -0.161534
0.000299467 0.016502 -0.161231
0.00730903 0.0143737 -0.16097
-0.00659333 0.0138496 -0.171429
0.000158335 0.0152437 -0.170954
0.00680353 0.0132352 -0.171132
-0.00635046 0.0125807 -0.181143
-6.14313e-05 0.0138794 -0.180801
0.0063114 0.0122976 -0.180696
-0.00598124 0.0115425 -0.190591
-0.000119688 0.0128534 -0.190264
0.00576038 0.0113154 -0.190283
-0.00560596 0.0104551 -0.199728
-0.000312173 0.0117665 -0.199578
0.00501397 0.0104537 -0.199462
-0.00520922 0.00950458 -0.208748
-0.000464711 0.0105775 -0.208522
0.00422043 0.0094434 -0.208588
-0.00468326 0.00848252 -0.217145
-0.000528614 0.00946016 -0.217218
0.00367285 0.0084147 -0.217215
-0.00429761 0.00769646 -0.225387
-0.000440732 0.00861119 -0.225442
0.00332241 0.00758898 -0.225546
-0.00403477 0.00720654 -0.233378
-0.000473493 0.00808169 -0.233436
0.00318839 0.00727707 -0.233508
-0.00387971 0.00714089 -0.241149
-0.000413231 0.00805441 -0.241228
0.00305816 0.00712905 -0.241362
0 0 0
0 0 0
0 0 0
0 0 0
0 0 0
0 0 0
0 0 0
0 0 0
0 0 0
-0.0042296 -0.00375423 -0.240916
-0.00417363 0.000105995 -0.240979
-0.00423716 0.00393637 -0.241025
-0.000228239 -0.00359613 -0.240994
-0.000250029 0.000138942 -0.241097
-0.000304139 0.00384358 -0.241236
0.00379722 -0.0035802 -0.241255
0.00362158 0.000208638 -0.241324
0.00350229 0.00403395 -0.241377
-0.00251172 -0.00660936 -0.0241012
0.00670164 -0.00523114 -0.0311444
0.000535008 -0.00141868 -0.0797894
0.00482451 0.00291472 -0.0239895
0.000125759 0.00539285 -0.0631876
-0.00489633 0.00872577 -0.0831026
0.00627099 -0.00482811 -0.0622714
-0.00129353 0.00216014 -0.0926677
0.00663819 0.00644916 -0.0749288
-6.19563e-05 -0.00632067 -0.155369
0.000906552 -7.87689e-05 -0.14419
-0.00646857 0.000333308 -0.144535
-0.00153587 0.000542718 -0.158509
-0.00528551 0.00296368 -0.169104
-0.00257321 -0.00157253 -0.19619
0.00319901 0.000835712 -0.19999
-0.00373645 0.00169646 -0.192394
-0.000844936 0.000992515 -0.209653
-0.00191378 -0.000228717 -0.171669
0.00269344 0.00264619 -0.216494
-0.0019429 0.00388739 -0.226359
-0.00154059 -0.00135765 -0.215996
0.0022613 0.000312537 -0.214327
-0.00185286 -0.00479739 -0.225301
0.000832848 0.0020785 -0.224351
0.00287199 -0.00161862 -0.224802
0.00476167 0.00255425 -0.0868467
0.00212212 -0.00569642 -0.128684
0.00273357 8.41426e-05 -0.116641
0.00187531 -0.00176651 -0.16683
0.00279431 0.00279871 -0.159162
0.0033849 0.00125309 -0.174604
0.00231163 -0.00244259 -0.235863
0.0119512 0.000540597 -0.109227
0.00130312 0.0022955 -0.234021
-0.00793008 -0.00275278 -0.0815289
-0.00324721 0.00178179 -0.0802204
-0.000400466 0.00283316 -0.0806214
0.00190882 -0.00680445 -0.0987328
-0.00527808 -0.000588539 -0.123074
-0.00548611 -0.00287844 -0.162752
-0.00124547 -0.00428187 -0.186077
-0.00369131 -0.000332491 -0.206244
-0.00211974 0.000544739 -0.22001
0.00037227 0.00136663 -0.186264
-0.00178346 -0.00278895 -0.210966
0.00129888 -0.0028464 -0.210191
0.00331691 -0.00228713 -0.211261
0.000118489 0.000118762 -0.21975
0.00302106 0.000869884 -0.224252
0.0122823 -0.00433552 -0.093132
-0.0079006 -0.000788571 -0.0209942
-0.0116031 -0.00420479 -0.0443741
-0.00106206 -0.012701 -0.030144
-0.00981292 0.00320345 -0.0198191
-0.0112431 0.0116718 -0.0411361
-0.00209804 0.00931133 -0.0222128
-0.0134537 0.00569408 -0.0356377
-0.00572339 -0.0159092 -0.0447035
-0.0108959 -0.0103925 -0.0653411
-0.00784416 0.0122927 -0.0497402
-0.012228 -0.0122772 -0.0798002
-0.0131575 0.00602244 -0.0844194
-0.0131775 -0.00971935 -0.101605
-0.00665929 -0.0133206 -0.0866062
-0.00913409 0.00914025 -0.103571
-0.00671663 -0.0104064 -0.105626
-0.015216 -0.00425112 -0.108318
-0.013116 -0.006576 -0.123809
-0.0148754 0.00206312 -0.120056
-0.00729501 -0.014692 -0.115899
-0.0128997 0.000158325 -0.140151
-0.0106661 0.00860123 -0.124088
-0.0109925 -0.00640427 -0.147513
-0.00766911 -0.012123 -0.149116
-0.00641206 0.00972633 -0.13985
-0.0111229 0.00456004 -0.151109
-0.00464506 -0.0155634 -0.151557
-0.010567 -0.00723937 -0.160192
-0.00937316 0.00769705 -0.158688
-0.00479927 0.0139383 -0.154592
-0.00348038 0.00780443 -0.163117
-0.0105252 -0.00130501 -0.179276
-0.00973377 -0.000770755 -0.167764
-0.00760204 0.0106238 -0.168516
-0.00703055 -0.00781022 -0.176514
-0.00668495 -0.0106808 -0.163896
-0.00772112 0.00508406 -0.187373
-0.00432055 0.00838581 -0.176773
-0.00681398 -0.00142243 -0.184277
-0.00702552 0.000119607 -0.197211
-0.00640038 -0.00502752 -0.199749
-0.00770899 0.00288275 -0.200426
-0.00932977 0.00500603 -0.198923
-0.00185386 -0.00770001 -0.203269
-0.00864334 -0.00154427 -0.205206
-0.00315077 0.00719202 -0.195323
-0.00260169 0.00493338 -0.20748
-0.00672245 -0.00297328 -0.213115
-0.00676868 0.00142647 -0.210294
-0.00765122 0.00192851 -0.216552
-0.00434131 0.00582687 -0.213914
-0.00321481 -0.00533868 -0.218048
-0.00683459 -0.00193383 -0.220605
-0.00498077 -0.0035491 -0.22111
-0.003602 0.00620876 -0.225166
-0.00550044 0.00310636 -0.223156
-0.00427144 -0.000130608 -0.216087
-0.00611716 0.00134062 -0.233191
-0.00397881 -0.00553916 -0.229018
-0.000474996 0.00559547 -0.232283
0.00894449 0.00057814 -0.0217319
0.00985697 0.000407627 -0.0163595
0.00454905 -0.0118172 -0.026839
0.00982035 -0.0121316 -0.0439686
0.0128778 -0.00885053 -0.0600723
0.0136244 -0.00087363 -0.0506309
0.00287887 -0.016017 -0.0561994
0.00353594 -0.0135785 -0.0777439
0.0142926 0.0020615 -0.0708152
0.0139385 0.000992943 -0.133808
0.00466833 -0.0157107 -0.150996
0.0093197 -0.00682297 -0.161237
0.0116843 0.00161055 -0.157595
0.0073912 -0.00215806 -0.174649
0.00553925 -0.0064476 -0.188083
0.00266202 -0.0093324 -0.175269
0.0064395 -0.00738591 -0.195603
0.00761426 -0.00116556 -0.192364
0.00500233 -0.00455121 -0.212389
0.00412192 -0.00561971 -0.203963
0.00163336 -0.00583791 -0.196848
0.00734408 -0.000933888 -0.207568
0.0048285 -0.00218728 -0.215086
0.00048299 -0.00499745 -0.219823
0.00494746 -0.00472042 -0.218899
0.00153288 -0.00678314 -0.223072
0.00738436 -0.000788717 -0.22221
0.00545176 -0.000783483 -0.224572
0.000665212 -0.00581102 -0.230179
0.00527173 -0.000178326 -0.232419
0.0120296 0.00689867 -0.0494113
0.0122946 0.00772875 -0.0942504
0.0112002 0.00809082 -0.120804
0.00735829 0.0023639 -0.205837
0.00510872 0.00170407 -0.221444
0.00801489 0.00873416 -0.0222967
0.013113 0.0111226 -0.0757481
0.0128813 0.0069032 -0.142456
0.00828743 0.00709193 -0.154543
0.00569082 0.00671899 -0.175093
0.00516238 0.00543556 -0.20072
0.00475359 0.00374214 -0.212933
0.00266526 0.0109048 -0.0211707
0.00761442 0.0133278 -0.0449554
0.00590748 0.0160099 -0.0678506
0.00313451 0.013726 -0.085443
0.00119066 0.014068 -0.123716
0.00912447 0.0102659 -0.138308
0.00148635 0.0118325 -0.151487
0.00705156 0.0100742 -0.164458
4.94834e-05 0.00607674 -0.188174
0.0017169 0.00780299 -0.201203
0.0005425 -0.00457654 -0.0100551
-0.00222785 -0.0162389 -0.0971962
0.00534068 -0.0125416 -0.131109
-0.00139344 -0.00916074 -0.193889
-0.00110799 -0.00701811 -0.210039
-0.00401914 0.0133295 -0.103208
0.000787793 0.0174558 -0.126321
8.14809e-05 0.0110811 -0.174924
0.00104929 0.00732791 -0.211281
0.00300089 0.010392 -0.0466299
0.000595258 0.00929188 -0.0945108
-0.00375803 0.00616549 -0.135601
0.00420063 0.00558814 -0.133279
0.00126061 0.00346879 -0.208472
-0.0051248 -0.00280493 -0.227799
0.00204223 -0.0036913 -0.21863
-0.00724005 0.00778912 -0.0219265
-0.00115096 -0.0117491 -0.160421
0.00845489 0.0022654 -0.142484
-0.00451025 -0.00617029 -0.210901
3.34744e-05 0.00503671 -0.148785
-0.00807538 -0.00509133 -0.139143
-0.00657382 -0.0053392 -0.128046
0.00937943 -0.00968564 -0.110276
0.00511874 0.000723195 -0.215946
-0.00432491 -0.0157727 -0.107866
-0.001583 0.00683699 -0.222517
-0.00364271 0.0141075 -0.0694024
-0.00303622 -0.00514894 -0.201001
0.00272522 -0.0052382 -0.222227
-0.00100693 -0.00795511 -0.217467
-0.0028364 -0.00538826 -0.113759
-0.0149492 0.00063813 -0.091354
0.00883327 0.00831479 -0.03363
0.00142122 -0.00970326 -0.0582198
-0.00385195 -0.00409795 -0.214203
-0.00999739 -0.00145858 -0.126852
-0.000748412 0.0135565 -0.04276
-0.00148203 -0.0047102 -0.214543
0.000238648 0.00743955 -0.224197
0.000168371 -0.0142732 -0.114649
0.0061164 0.00888891 -0.0369034
-0.000973155 0.00434987 -0.203974
0.000931173 0.00954266 -0.141529
0.000732072 0.00922745 -0.133113
-0.000963859 0.00989897 -0.0792253
-0.00119188 -0.00635444 -0.214352
-0.000667447 0.00473344 -0.219273
0.00326176 0.0115295 -0.070866
-0.00113172 -0.00702806 -0.217959
0.00457891 -0.000262611 -0.220064
0.00057461 0.00759182 -0.139767
0.00137702 0.00601113 -0.207479
0.00767318 0.00418491 -0.212254
0.00108595 -0.0100088 -0.119678
0.000219343 0.0124874 -0.0747558
-0.00119958 -0.00644038 -0.21793
0.00804285 0.0015299 -0.210783
-0.0115106 -0.0036394 -0.115258
0.00696877 0.00262344 -0.211342
-0.00238159 -0.00795797 -0.111927
-0.00249334 0.00834913 -0.0686892
-0.00674988 0.00896029 -0.0608445
-0.00433299 -0.0114948 -0.116431
-0.0144243 0.00532097 -0.110728
0.00119702 0.00712836 -0.220506
0.00675667 0.000883384 -0.213823
0.00733458 0.000625557 -0.209983
0.000272105 0.00705773 -0.218311
0.00597226 0.000302698 -0.218014
0.00039034 0.00660695 -0.137206
-0.00128864 -0.00593489 -0.218338
-0.0134489 0.00871847 -0.10874
0.00669869 0.000631841 -0.211192
-0.00137755 -0.00551285 -0.218599
0.00667678 -0.000310876 -0.217179
0.00615159 -0.000936544 -0.215654
0.00547908 -0.000754842 -0.218475
0.00775459 0.000177605 -0.212585
0.00671848 -0.000338356 -0.213338
-0.0115849 0.0045201 -0.0519229
-0.0134845 0.00767042 -0.0482953
-0.0122229 0.00945458 -0.0645863
-0.00954525 0.00958706 -0.0763714
-0.015502 -0.00875849 -0.0811465
-0.0053543 -0.0111193 -0.130454
-0.010159 -0.00989102 -0.133413
0.0122325 -0.00663973 -0.122758
0.00310849 0.00708817 -0.217906
0.00174471 0.00440085 -0.218827
-0.00596991 0.00333889 -0.0299033
-0.00244007 -0.00655371 -0.171603
-0.00330573 -0.00189765 -0.181902
-0.00473528 -0.00187987 -0.2035
-0.00343178 0.00209365 -0.209401
-0.00662047 -0.00724913 -0.162539
0.00708104 -0.0108484 -0.150833
-0.00116442 0.00587998 -0.214168
-3.32051e-05 0.00658934 -0.215299
-0.00442791 0.000841755 -0.210476
-0.0162124 0.000610898 -0.0562121
-0.00472316 -0.00780791 -0.121762
-0.00316529 -0.00975561 -0.119469
-0.0142455 -0.00259571 -0.0736261
-0.0142234 -0.00319083 -0.0625965
-0.0154614 0.00129865 -0.067029
-0.0166991 0.00472494 -0.0664512
0.0119007 -0.00609769 -0.142985
0.00615976 -0.00332129 -0.150552
0.00772899 -0.00355306 -0.134793
0.0071122 0.000175456 -0.211891
0.00666046 -0.00292691 -0.216233
-0.000962329 0.012852 -0.0579301
0.00504704 -0.00290534 -0.221617
0.00731711 0.000657742 -0.211919
-0.0045999 -0.00572349 -0.222105
0.00269972 0.00604525 -0.218748
VECTORS reaction_forces float
0.00348666 -0.000538058 0.00800671
0 0 0
0.00691804 0.00560719 0.0155081
0 0 0
0.00124703 -0.00196965 0.00845486
0 0 0
0.000630834 -0.00182957 0.00428665
0 0 0
0.00335285 -0.00497332 0.00658823
0 0 0
0.00180926 0.0011032 0.00552525
0.00198953 0.002285 0.0127033
0.00171884 -0.000716299 0.0190197
0.00130157 -0.0027737 0.00651957
0.00142682 -0.0010017 0.00193009
-0.000262915 0.000480736 0.00982792
0.00282727 8.43604e-05 0.0203945
-0.00186622 -0.00118911 0.0261469
-0.00353133 -0.000206752 0.0153444
-0.00304451 -0.00270392 0.0172244
8.80384e-05 0.000780157 0.0055099
0.00578969 -0.00541702 0.0437817
0.00403856 -0.00264134 0.0226593
-0.00191742 0.000637818 0.0240124
-0.00260875 -0.00132324 0.00952397
0.00599194 -0.00133203 0.0229822
0.00166555 0.00102633 0.0216053
0.00920009 -0.00150249 0.0363825
0.00150578 -0.000422737 0.00833285
0.00177201 -0.00365058 0.0235109
-0.000822614 0.00121651 0.00593941
0.00356076 0.00128142 0.0180906
0.0086676 -0.00249112 0.0231492
0.0156126 -0.00362882 0.0445062
0.00111301 0.00149974 0.0092878
0.00459956 -0.000789001 0.016665
0.00268842 0.00357437 0.0294284
0.0103932 -0.00325731 0.0336054
0.00462689 -0.0011118 0.00994461
0.00522156 0.00210266 0.0347941
-6.34471e-05 0.0031417 0.0286331
-0.00108292 -0.000608487 0.0285467
0.00357107 0.00151021 0.0312042
0.00380754 0.00372061 0.0408987
0.000423156 0.00194448 0.0288956
-0.00349973 0.00186781 0.0103982
-0.00379736 -6.2423e-07 0.0174789
-0.00111466 8.11998e-05 0.0174893
0.000914022 0.000330275 0.0620492
-0.000274342 -0.00144938 0.0165623
-0.00123681 0.0014914 0.00603971
-0.00540996 0.00283351 0.0222351
-0.000864446 -0.000438125 0.0337629
-0.00109159 -0.00285998 0.0127336
-0.00580965 -0.0098478 0.0749031
-0.00327448 0.00308198 0.0172732
-0.00224302 5.00485e-05 0.011006
-0.0112899 0.000382173 0.0667379
-0.00623777 -0.00242786 0.0420067
-0.00513811 -0.0020338 0.019238
0.00103319 -0.00226184 0.0193635
-0.00417378 -0.00195643 0.0424257
-0.00326537 -1.76141e-07 0.0109568
-0.00775755 0.00456596 0.0687849
-0.00721689 -0.00214679 0.0292723
0.00137067 -0.000830888 0.0307346
-0.000868228 -0.00044384 0.016658
-0.00137152 0.00412564 0.0256855
9.77342e-05 0.000232767 0.00856291
-0.00284472 -0.00204585 0.0248642
-0.00462685 0.00719447 0.0593274
0.000618334 0.000599391 0.00941179
0.00278945 0.00762687 0.0269304
0.00275628 -0.00105472 0.020715
-0.000354025 -0.000690761 0.00767472
0.000427497 -0.00232936 0.0231087
-0.00225032 0.00102416 0.014364
-0.000931137 0.00150213 0.0208379
-0.000249889 -0.000971373 0.00332325
0.000207882 -0.00221958 0.0311368
-0.00439352 0.00135652 0.0127121
-0.0012341 -0.00279133 0.0131477
-0.00426906 0.000823923 0.00754854
-0.00197239 0.00162732 0.0165882
0.00131405 0.00119177 0.0133508
-0.00953971 -0.00629838 0.0126155
-0.00297675 0.00101961 0.00370378
-0.00758299 0.00381763 0.00835614
-0.00417144 0.00200491 0.00738223
-0.00535996 0.00626102 0.0137413
-0.00629503 -0.00203526 0.00417487
-0.00381119 -0.00412382 0.00279542
-0.0204208 0.00229782 0.012493
-0.00791448 0.00312511 0.00442213
-0.0036258 0.00263993 0.00404661
-0.00704642 -0.00815681 0.00249756
-0.0106842 -0.00253066 0.00181829
-0.00887839 0.00569598 -0.000686981
-0.00672674 0.00315399 -0.00131379
-0.017597 0.0153973 0.00231344
-0.00357244 0.000319553 -0.000791011
-0.000564844 -0.00100419 -0.000134731
-0.00183479 0.00203938 -0.000169429
-0.00394232 0.00428372 -0.00133157
-0.000643563 0.00109633 -0.000962144
-0.00402109 -0.000982711 0.00389978
0.00365094 0.00477154 0.00989414
0 0 0
0 0 0
-0.00033158 0.00130353 0.00186426
-0.000241758 0.000971654 0.01847
-0.00203367 5.8018e-05 0.0109247
-0.00386633 0.000102626 0.0177852
-0.00218764 0.000220197 0.0125729
0.000642296 0.00120564 0.0260985
2.11261e-06 0.00201431 0.0200421
-0.0121141 0.00398014 0.0766819
-0.00319991 9.75521e-05 0.0115357
-0.0164749 0.00189452 0.0579004
-0.00245885 0.002796 0.0138952
-0.00501937 0.00843302 0.0423931
-3.96475e-05 0.00833151 0.0360497
-0.00624836 0.00823416 0.0463504
-6.15354e-05 0.00498984 0.0241352
-0.00126203 0.00186647 0.0229978
0.0012635 -0.00168617 0.0245436
0.00323642 0.000558894 0.0294225
0.00247273 -0.00369906 0.0205889
0.00191841 -0.00235589 0.00831328
0.00316499 -0.00906991 0.033789
0.0056227 -0.00240422 0.036138
0.00118405 -0.014292 0.040156
0.000286784 -0.0018729 0.0125789
-0.00486395 -0.00347334 0.0314148
0.000190984 -0.00152535 0.00713338
0.00212641 -0.000194089 0.0145202
-0.000711361 0.000423202 0.00608733
0.000993515 0.00146921 0.0348415
0.00177059 7.38602e-05 0.00521484
0.0095451 -0.00370059 0.0156144
0.00419496 -0.00103782 0.00628983
0.00766619 -0.00140368 0.00558745
0.00215683 -0.00125435 0.00201694
0.0141024 -0.0163621 0.00762096
0.0127886 -0.00971648 0.00566769
0.00312452 -0.00716151 -7.13153e-05
0.000378737 -0.00133084 8.10135e-05
-0.00556784 0.00174729 0.00289439
0 0 0
-0.00766366 -0.00306576 0.0170742
0.00119759 -0.0017415 0.0128824
0.000827742 0.00156826 0.00767491
-0.00465221 0.00522113 0.0476422
-0.00877426 -0.000301906 0.033522
-0.0229626 -0.00158909 0.0766496
-0.00480784 4.06404e-05 0.01599
-0.00537136 0.00202743 0.035401
-0.00103279 -0.00364455 0.0785957
0.0149761 0.000208073 0.0501322
0.00594338 0.00286833 0.0188602
0.00175455 0.00536101 0.0398514
-0.00374311 0.00161712 0.0123283
-0.00982817 0.00235362 0.0334061
-0.000665543 0.000527372 0.00749239
0.00537255 0.00110844 0.0174978
0.0104241 -0.00209437 0.00770222
0.008665 -0.00420057 -0.00234694
0.00182852 -0.0018335 -0.00139504
-0.00333411 -0.00109159 0.00532406
0 0 0
-0.00681841 -0.00380699 0.01808
-0.00170667 -0.00551605 0.0139871
-0.00159104 -0.00242811 0.0288703
-0.000966099 -0.000326191 0.0114513
-0.0114343 -0.00177131 0.0520475
-0.00404084 -0.000736671 0.0161961
-0.00998219 -0.00711189 0.0448257
-0.00457513 -0.00125512 0.0273464
-0.000820511 0.001223 0.0271079
0.00616541 0.00766342 0.0402446
0.0194685 0.0143742 0.0665986
0.0031883 0.00599581 0.0205946
-0.0039438 0.00743934 0.0430394
-0.000129637 -0.000238428 0.00488244
0.00253744 0.000104036 0.0125101
0.0030456 0.00068953 0.00833558
0.00628408 0.00238889 0.0068475
0.0188381 0.00587861 0.000830655
0.00581717 0.00180697 -0.00217438
-0.000705108 -0.00576891 0.00719777
0 0 0
-0.00060023 -0.000770262 0.00264171
-0.00249488 -0.00527409 0.0308238
0.000179164 -0.000613633 0.00404498
-0.00238677 -0.00434547 0.0312964
-0.00172252 0.000582474 0.0118842
-0.00631458 -0.00633386 0.0444123
-0.00515197 -0.00963634 0.0257301
-0.00219826 -0.00365705 0.0165525
0.00139053 0.00164709 0.0313337
0.00282563 0.00295685 0.0132534
0.006474 0.00679776 0.0246449
0.00205641 0.0100083 0.0365211
-0.000980425 -0.000582862 0.0059988
0.00250766 -0.0033746 0.014805
0.00493955 -0.00106819 0.0113828
0.0108649 0.00771032 0.0174348
0.00377279 0.00471167 0.00468438
0.020004 0.018323 0.00933792
0.00155111 0.00070281 0.000582283
0.00191218 0.00236307 0.00417905
0 0 0
0.00412293 0.00433542 0.0161728
-0.000454652 0.00430417 0.0237005
0.00141141 0.00290196 0.0341565
0.00234002 -2.61401e-05 0.0106795
0.000378395 0.000342898 0.0343869
-0.000859256 0.000733165 0.00593637
0.00364413 0.0047411 0.0305441
0.000905793 0.00406228 0.0269026
-0.000889421 -0.000121069 0.00756304
-0.00257914 -0.00306325 0.0193604
-0.00374239 -0.00951036 0.0516539
0.00324219 -0.00306671 0.0373614
0.00752107 -0.0012371 0.0533348
0.00234875 -0.00158883 0.0138918
-3.1636e-05 -0.0065203 0.0194115
-0.00269818 -0.0056335 0.00538549
-0.00148198 -0.00567523 0.00206319
0.000422664 -0.00334995 0.000411087
-0.0027485 -0.0125417 0.000508558
0.0019173 0.00374305 0.00603789
0 0 0
0.00339934 0.00597907 0.0142979
0.000993222 0.00274925 0.0186516
0.00178864 0.000426306 0.0122436
0.00343762 -0.00219264 0.0283453
1.31288e-05 -0.00058686 0.0132078
-0.00443082 0.00547803 0.0333799
0.00367097 0.00525371 0.031145
0.00643478 0.0087409 0.0741879
-0.000320022 -0.00027574 0.00642114
-0.00320084 -0.00802381 0.0343485
-0.0033258 -0.00827343 0.0231212
0.000435542 -0.0103904 0.0565542
0.000174702 -0.000928039 0.0119588
0.00415771 -0.00218051 0.0297258
0.00478713 -0.00407682 0.0126472
0.00387972 -0.00740949 0.0134062
0.00555998 -0.0154148 0.00775107
0.00157643 -0.0127161 0.000502622
0.000467185 -0.00723227 7.19397e-05
0.00106499 0.00256578 0.00374693
0 0 0
0.000874171 0.00559522 0.0110438
-0.000819126 0.00149041 0.0154758
0.000376356 -0.000631038 0.0174775
-0.00154997 0.000617001 0.00777323
-0.0090114 0.00336771 0.0610142
-0.000850113 0.00264083 0.013072
0.00126379 0.00590982 0.0228217
0.00103689 0.00506202 0.0276958
0.000202441 0.000177733 0.00823964
0.00362189 -0.00981437 0.0414485
-0.00145559 -0.0116496 0.0282499
-0.0011977 -0.00456076 0.0126362
0.000451399 -0.00798379 0.0497274
0.00190312 0.000972753 0.0198946
0.0129752 -0.00466613 0.0344776
0.00514922 -0.00338987 0.00702736
0.0107678 -0.0100512 0.00735688
0.00335624 -0.0114227 0.00149863
0.00106755 -0.00872708 -0.000467738
-0.00225186 -0.00194427 0.00269422
0 0 0
-0.00351143 -0.0051632 0.00404108
0 0 0
-0.00120807 -0.00452386 0.0031884
0 0 0
-0.00123786 -0.00302601 0.00692767
-0.00424396 -0.00810752 0.0153213
0.00104439 -0.0029379 0.0101186
-0.00272366 -0.00722294 0.018154
-0.00147268 -0.0041165 0.0190658
-0.00101448 -0.00133143 0.00990308
-0.00145481 -0.00422375 0.0236504
-0.000734345 -0.000406023 0.0081543
-0.000482883 -0.00132868 0.01043
0.00604258 -0.0025051 0.0413426
0.00129631 -0.00124405 0.0292426
-0.000783865 -0.000587823 0.0119707
0.00414369 -0.0019467 0.02662
-0.000469027 -0.00273341 0.0193063
-0.00723299 -0.00971174 0.0789377
0.00332935 -0.00501705 0.0223029
-0.0022776 -0.00924757 0.0318962
-0.0013681 -0.00408865 0.0141049
-0.00158797 -0.00927799 0.0641651
-0.00213257 -0.00160479 0.00540977
-0.00652936 -0.0173843 0.0732477
-0.00310524 -0.00633969 0.049105
-0.00985452 -0.007299 0.0558117
-0.00146737 -0.00249882 0.0309474
-0.0015481 -0.00160947 0.0069083
-6.20582e-05 -2.87752e-05 0.0388588
0.00251592 0.00131161 0.0118188
-0.00952646 -0.00341438 0.0394471
0.000660222 0.00328757 0.0460281
0.00785954 0.00307582 0.0304086
-0.00597013 -0.00232878 0.0263945
-0.000510549 0.000725544 0.00926209
0.0109472 0.00973833 0.0510443
0.00195419 0.00132833 0.0235592
0.00339105 0.00538251 0.0344
-0.000502437 0.00379413 0.0132177
0.00283331 -0.000762641 0.0391968
-0.000468012 0.000336285 0.0217022
-0.00377593 0.00305156 0.033604
0.00151337 -0.00188399 0.012474
0.00102909 -0.00250228 0.0167831
0.00115382 -0.00159582 0.00690797
0.0013971 0.00187867 0.0314591
0.00176831 0.000695504 0.00974801
0.00736221 0.00264468 0.0175024
-0.000712409 0.00131818 0.00261486
0.000225639 0.00828402 0.0147041
0.00399681 0.00516747 0.00593654
-0.00197461 0.00237165 0.00295826
-0.000816505 0.0090512 0.00368912
0.0157576 0.0227482 0.0169601
-0.00386223 0.00807973 0.00287161
0.000796415 0.0107619 -0.00100677
0.00303559 0.00602203 0.000975221
-0.00409196 0.00993591 -0.00189785
0.000399938 0.00359827 -0.0012602
0.00723289 0.01413 0.00268796
0 0 0
0 0 0
0 0 0
0 0 0
0 0 0
0 0 0
0 0 0
0 0 0
0 0 0
-0.0160112 -0.0155862 -0.00319371
-0.0239686 -2.2724e-05 -0.0128539
-0.0132057 0.0152942 -0.00807179
-0.00186575 -0.028127 -0.00781653
-0.00578682 -0.000129335 -0.00984681
0.0010993 0.0191272 -0.00338807
0.00113955 -0.00979097 -0.00136073
0.0209827 -0.000491667 -0.00401682
0.00846679 0.00647759 -0.000191705
0.0101324 0.0167064 0.0776865
0.00314897 0.00591082 0.0306499
-0.000770354 -0.00050932 0.0156379
-0.00106884 0.00669771 0.0379799
0.00608077 0.00389216 0.0822473
0.00657447 0.000751328 0.0447176
-0.00856367 0.00436288 0.103211
0.00637945 0.00155124 0.0314111
0.0027698 -0.00130962 0.0437368
0.00351751 -0.00369248 0.197171
0.000519205 -0.00390033 0.0918184
-0.00113245 -0.00392678 0.0891445
-0.00427373 -0.00172127 0.0265682
-0.00468714 0.0210183 0.102367
-0.00504404 0.00276802 0.0151814
-0.0137521 -0.0015665 0.0604612
-0.00302061 0.0140489 0.02645
-0.0131352 0.000515617 0.0298023
-0.00495772 0.00566618 0.0282928
0.00113812 0.000863168 0.0110364
-0.0221642 0.0259508 0.0225965
-0.00625875 -0.00604844 0.01237
-0.000920101 -0.00231069 0.0106385
-0.0170189 -0.044557 0.0188547
0.00860548 0.01136 0.0264057
0.00829217 -0.00720456 0.0149421
-0.00042644 -0.00711942 0.0526443
0.00477005 0.0104006 0.0913513
0.00418309 -0.00657035 0.161813
0.00411673 -0.00196983 0.0436009
0.00414867 0.00830058 0.10526
0.00672227 0.00792219 0.0455504
0.0225331 -0.0312952 0.0114389
-0.0247916 -0.00858821 0.120345
0.0209269 0.0285127 0.0119667
0.0203627 0.00834351 0.246691
0.000591029 9.92557e-05 0.00516742
0.000498087 -0.000390718 0.00300433
-0.0105709 0.00406618 0.0930292
0.0114287 -0.00471644 0.0831582
-0.0119023 0.0030802 0.0686448
0.0194461 -0.00351363 0.121988
-0.00688299 -0.0014458 0.00786264
-0.0105925 -0.000830633 0.017064
0.000899289 0.0143766 0.0342572
-0.00824288 -0.014988 0.0343307
-0.00230873 -0.00768126 0.0121187
-0.00364734 -0.000707663 0.0169606
-0.00109316 -0.00104371 0.01109
0.0278432 0.0177829 0.0262412
-0.0132185 0.00443157 0.0983075
0.0101982 0.000525882 0.0362082
0.00736842 0.0016128 0.0584452
0.00159196 0.00968137 0.0250455
0.00157338 -0.00332502 0.00958228
0.000121453 -0.00149587 0.00436205
-0.00422159 -0.00779876 0.0297932
-0.000545994 -0.00314895 0.0175899
0.00254371 0.00738969 0.0306512
-4.98264e-05 0.00701527 0.0758348
-0.00626375 -0.00441184 0.0257141
0.0020396 0.000896426 0.0263829
0.00788152 -0.00650612 0.0842169
0.00842715 0.00264559 0.0776876
0.00367539 0.00346546 0.0562141
0.0138453 -0.00196838 0.159684
-0.00372207 0.00541943 0.0877966
0.0111237 -0.00167262 0.0570533
0.00978325 -0.00104172 0.0997931
0.0249736 0.00118018 0.126517
-0.00218168 0.00448953 0.0413958
0.00460036 0.00516008 0.138244
0.00576025 0.0037957 0.127272
-0.0107377 0.00291243 0.109077
-0.00603053 0.000169247 0.0814129
-0.000115269 -0.00824791 0.150951
-0.00328558 -0.00169594 0.0916054
-0.00234125 -0.00258656 0.0280567
-0.00898261 -0.000792795 0.0595312
-0.00485748 0.00387495 0.0926388
-0.00311989 -0.00298671 0.0285314
0.00496426 0.0190355 0.117796
-0.0112275 0.00918302 0.073909
-0.018231 0.00892963 0.129221
-0.00522859 -0.000478684 0.0165858
-0.00313547 -0.00172221 0.140549
-0.00205515 -0.00378642 0.0275934
0.00164509 0.0143035 0.101154
0.00317714 0.0152477 0.106662
-0.0088557 0.0147654 0.0534959
-0.00700398 0.00912115 0.046136
-0.000930091 -0.00507072 0.0837392
0.0012043 0.00040211 0.0354516
0.000257393 -0.00178957 0.00946631
0.00919579 -0.00881182 0.0509916
-0.00650118 0.00207371 0.0152792
0.00336037 -1.69291e-06 0.041431
-0.00105199 0.00111681 0.053034
-0.012954 -0.0040849 0.0253224
-0.0162548 0.0011129 0.0252536
-0.0110441 0.00286363 0.0146925
-0.00935759 0.0102003 0.0415372
-0.00594128 -0.00887171 0.0101432
-0.0128194 -0.000601011 0.014631
-0.0161983 -0.0116737 0.015618
-0.00916132 0.0135119 0.0157485
-0.0186465 0.00853046 0.0213769
-0.0256121 -0.00186416 0.0343831
-0.0318097 0.00293827 0.0138392
-0.00510643 -0.0151454 0.00469282
0.00396243 0.0397706 0.00710152
-0.00673336 -0.00431339 0.0242438
-0.0041881 -3.64976e-05 0.00408924
0.00310114 0.0100156 0.0276423
-0.00324492 0.00401656 0.0262079
-0.00724885 -0.000694192 0.0436169
-0.00557537 -0.00359709 0.0475289
-0.00311698 0.0102343 0.0388277
-0.0201352 0.0135529 0.170733
0.000800223 -0.00525237 0.0953883
-0.0245074 -0.00133814 0.14838
0.000494907 0.00249 0.0371056
0.0179184 -0.0170271 0.131549
0.0141702 0.00542752 0.142493
0.0365021 -0.00973458 0.196728
0.00811641 -0.0107656 0.0402927
0.0110556 -0.0450433 0.187399
-1.07841e-05 -2.24829e-05 0.0310812
-0.0123514 0.00908273 0.118671
0.00548817 -0.00012009 0.0311233
0.00491163 -0.00195769 0.0390501
0.00839681 -0.0053285 0.051127
-0.0069751 0.00412786 0.0306654
0.00465147 0.00132963 0.0162714
0.00971122 -0.0136208 0.0241084
0.0137337 -0.00713791 0.0121116
0.00563183 -0.00650144 0.00644775
0.0084674 -0.000157091 0.0112064
0.017198 -0.00149412 0.0127835
0.00571694 -0.012413 0.00522163
0.0138085 -0.00230103 0.00193233
-0.00485776 -0.0063817 0.0397014
-0.0108823 -0.00558668 0.127504
-0.0195596 -0.0315283 0.200945
-0.00536755 0.0021228 0.0287383
0.00465847 0.00116303 0.00913388
-0.00251219 -0.0038188 0.0120808
-0.000694385 -0.00421016 0.0298611
-0.00863615 -0.00952819 0.0800355
0.0109979 0.00687866 0.143466
0.0283488 0.0354196 0.176807
-0.00351143 0.0044579 0.0564262
0.0119405 0.00886688 0.0422485
-0.00546174 -0.0139772 0.0156263
-0.000702085 -0.0036411 0.0257775
-0.00185453 -0.00650917 0.0564282
-0.00447598 -0.00758631 0.0963515
-0.00737453 -0.0363437 0.208372
-0.00296585 -0.0111713 0.0642003
0.016447 0.00437043 0.238395
0.00647106 0.00340227 0.0240903
0.007244 0.0254253 0.1102
0.00605226 -0.00525694 0.0713429
-0.000236322 0.00276725 0.00501008
0.000701754 -0.0011241 0.0339842
0.000332605 0.038538 0.201911
0.00620254 -0.0058779 0.0628741
0.00481764 -0.00865366 0.024018
0.00367734 -0.00505308 0.0670976
-0.0040119 -0.0038501 0.0145331
0.00822763 0.00880262 0.0592357
0.00843703 0.00601513 0.0291712
0.000906137 -0.00221598 0.0236335
0.00430342 -0.00922062 0.104062
0.00209922 -0.0091502 0.139669
0.0055658 -0.0187642 0.156936
-0.000787825 -0.000156023 0.0200136
-0.022317 -0.0132077 0.0122586
0.00862921 -0.00919475 0.0224693
0.00253854 -0.00656667 0.0191332
-0.00210049 -0.00620005 0.145877
-0.00172551 -0.0012431 0.107513
-0.00421692 -0.0073387 0.0169672
0.00106909 0.00140594 0.0750366
0.00345562 -0.00308591 0.0414494
0.00998279 -0.00476554 0.0709521
-0.0195638 0.0110757 0.113442
0.00192715 0.00188901 0.00388064
-0.00156311 0.00103782 0.0134684
-0.000285105 0.00563191 0.00458045
-0.00111822 -0.00420982 0.030396
0.00110244 -0.000794092 0.00230205
0.0046092 -0.00546687 0.00578824
0.000379192 -0.00106733 0.00111015
0.00524427 -0.00141738 0.0367715
0.0158893 -0.00343851 0.0664559
-0.00160827 -0.000703385 0.00442249
-0.00274656 0.00618821 0.0329106
-0.00259641 -0.00415231 0.00542095
0.00262648 -0.00141122 0.0245752
-0.00164577 -0.00321809 0.0088356
-0.000688684 -0.00293271 0.00457831
0.00138992 0.00425064 0.00242338
-0.0117688 0.00867468 0.0942563
0.000276608 -0.000136048 0.00247972
-0.00144579 -0.000473495 0.00781753
0.000784589 -0.00125029 0.0117885
0.000198063 -0.0011782 0.00531439
0.00150281 0.000577237 0.00817867
0.000239129 -0.000591904 0.00119114
0.00042782 0.00516381 0.00984828
-4.06407e-06 0.000388046 0.00372308
0.000176277 -0.000475753 0.000421185
0.000485085 0.000357114 0.000661342
0.000156044 -0.000512474 0.00356823
0.000585287 0.000216253 0.00264821
0.00303275 0.000813973 0.00873811
0.00133158 0.0032141 0.0326873
-0.000122607 0.000144362 0.00205927
0.000196269 -0.000496466 0.000877598
0.00138585 0.000589515 0.00392224
0.00372287 -0.00147818 0.0361376
0.000950604 0.000159277 0.00211212
-4.79206e-05 0.000316302 0.0039852
0.000521223 0.000136382 0.00255961
-0.000541922 0.000480681 0.0308333
-0.000535072 0.00148263 0.00945839
0.00240232 0.000473355 0.011102
0.00286198 0.00407687 0.00466759
0.00147681 0.000574841 0.00266757
0.000101962 0.00022653 0.000471066
0.000911127 0.0013643 0.00222369
0.00143279 0.000425837 0.00206749
6.83915e-05 -0.000439023 0.00260544
5.23568e-05 -0.000323341 0.000528835
0.00188869 0.000359434 0.0101451
0.000189616 0.000405281 0.000672779
-6.20929e-05 -0.000297545 0.00037264
0.000393238 -9.83662e-06 0.000437461
0.000856306 0.000255264 0.00137303
0.000752526 0.000136359 0.00066283
0.000247029 0.000332563 0.000903237
0.000242784 0.000426557 0.000676546
-0.00486206 -0.000491322 0.0366905
-0.0017244 0.000200984 0.00455423
-0.00179984 -0.000363692 0.0115702
-0.00091451 -0.00348523 0.0216463
0.00254905 -0.00110404 0.0120482
0.01491 0.0110801 0.15662
0.00196844 -0.000475373 0.02055
-0.0208833 0.0165814 0.114746
0.0020486 0.00225485 0.00288689
0.00521157 0.00279501 0.0125148
0.00101924 -4.99551e-05 0.0250062
-0.000771453 -0.00132212 0.0275339
-0.00138585 0.00444356 0.0107391
-0.00430146 -0.00126626 0.00644454
-0.00614041 -0.000339006 0.0107183
-0.00623847 2.74382e-05 0.046766
0.00372979 0.00502044 0.0863684
0.000347438 0.00030367 0.00396849
0.00044663 0.000351833 0.00178333
-0.000634552 -9.20189e-05 0.000564852
-0.000839207 0.000438925 0.00338501
0.00103309 4.97589e-05 0.00529787
0.000339041 0.000101694 0.00181753
0.00331363 -0.00102695 0.0118425
0.00152673 -0.000227243 0.00876948
0.00125728 -0.000840532 0.0122718
-0.00106834 0.000115147 0.00987488
-0.00482768 0.0168287 0.139037
0.000734994 0.00953201 0.101476
-0.0038768 0.00986536 0.0557171
4.79166e-05 0.000154091 0.00018798
0.00523087 -0.000365578 0.00849804
-0.00148962 -0.0015231 0.00987887
0.00584501 -0.000231638 0.00404978
7.06071e-05 6.99371e-05 0.000152668
-0.00473338 -0.00520265 0.00311737
0.00223317 0.00171259 0.00342527
VECTORS nodal_velocity float
0.000836228 -5.62193e-05 0.00082757
0 0 0
6.17741e-05 -8.75984e-05 0.000619635
0 0 0
0.000668874 0.000491716 0.00202823
0 0 0
0.000109596 0.000187364 0.00163943
0 0 0
-0.000470562 -0.000357459 0.000525355
0 0 0
0.000690375 0.00116179 0.00127257
-0.000213436 0.000576943 0.00305945
-0.00069709 0.000109766 0.00367905
0.00043331 -0.000613982 0.00342857
0.00180478 -0.000635599 0.00120862
0.00100045 0.0016427 0.0021136
0.00214214 0.00188635 0.00227957
0.00288715 0.00168199 0.00353843
0.0031136 0.00182603 0.00470028
0.00345379 0.00154703 0.00152771
0.000611713 0.001167 0.00241482
0.00106323 0.00173252 0.00254506
0.00303463 0.00249572 0.00336791
0.00430519 0.00253561 0.00577183
0.00472498 0.00176541 0.00317505
0.000728587 0.00030258 0.00357903
0.000873731 0.000767725 0.0038417
0.00256072 0.000906705 0.00408187
0.0034198 0.00144633 0.00622413
0.0053599 0.00127338 0.00548706
0.00238113 0.000789224 0.00680966
0.00210834 0.000603267 0.00665484
0.00365369 0.000199154 0.00668098
0.0025399 0.000421131 0.00737466
0.00335549 -1.66516e-06 0.00804698
0.0015099 0.00012128 0.0103363
0.00139675 0.00160049 0.00935252
0.00393472 -0.000656176 0.00975619
0.00278196 -0.000843426 0.0106496
0.00197879 -0.000832636 0.0109937
0.00127002 0.00242844 0.0142165
0.00305883 0.00165326 0.0153867
0.00477333 -0.000478968 0.0149
0.00392091 -0.00256951 0.0145794
0.00196567 -0.0027747 0.0151601
0.00214942 0.00343252 0.019565
0.00400896 0.00136418 0.0203264
0.00417286 -0.000870765 0.0211404
0.00278719 -0.00251724 0.0195916
0.00294666 -0.00361765 0.019892
0.00685666 0.00407336 0.027362
0.00477494 0.00580386 0.0268385
0.00640256 -0.000526115 0.0264968
0.00533656 -0.00178372 0.026352
0.00472156 -0.00375772 0.0249048
0.0107731 0.00491557 0.0338021
0.0075065 0.00718831 0.0338493
0.0100034 5.74158e-05 0.0329358
0.00955268 -0.00313088 0.0330695
0.00765673 -0.00625307 0.0322158
0.00747426 0.00710743 0.0420563
0.0103327 0.00498069 0.0422879
0.0125913 0.000539134 0.0408165
0.0125568 -0.00336335 0.0417853
0.00809851 -0.00649338 0.0411895
0.00899282 0.00743725 0.0523178
0.0118214 0.00625849 0.0523252
0.0160144 -0.000259912 0.050356
0.0155662 -0.00496172 0.0520487
0.0114626 -0.00807224 0.0519391
0.0153693 0.00623477 0.0621874
0.0120148 0.00967608 0.0635463
0.0198538 -0.000686086 0.0604886
0.017279 -0.00850936 0.0614736
0.0139182 -0.0116358 0.0623504
0.0138741 0.0125478 0.0741531
0.0169669 0.00963513 0.073254
0.0189673 0.000953007 0.0710616
0.0159397 -0.00858242 0.0717689
0.0141131 -0.0132648 0.0732548
0.0149468 0.00831854 0.0840001
0.0128227 0.0124593 0.0845656
0.0162643 0.000227319 0.0820961
0.0139164 -0.00858658 0.0828288
0.0111008 -0.0129352 0.0840118
0.0102617 0.00965058 0.0937803
0.0122396 0.00617187 0.0927395
0.0136272 -0.00091523 0.0928973
0.0107697 -0.0084057 0.0943756
0.00773051 -0.0113706 0.0953992
0.0111292 0.00368796 0.101753
0.00894026 0.00695645 0.104223
0.0108718 -0.00141067 0.104199
0.00747093 -0.00736458 0.105077
0.00465673 -0.00981825 0.104446
0.0068596 0.00683805 0.113192
0.00898215 0.00296913 0.110798
0.00771223 -0.00417463 0.11374
0.00527012 -0.00685357 0.113158
0.00234123 -0.00701787 0.113841
0.00335139 0.00121498 0.114947
0.00425214 0.00459703 0.11692
0.00259162 -0.00382755 0.116256
0.00162338 -0.00459891 0.117847
-0.00351613 -0.00532719 0.116505
-0.00132531 0.000105733 -0.00107201
-0.00141139 0.000149336 -0.00046657
0 0 0
0 0 0
0.000247855 0.00333746 0.00149017
-0.000723737 0.00320831 -0.000323142
-7.88892e-05 0.00425001 0.00216043
0.00258725 0.00419063 0.00180654
0.00125931 0.00252394 0.00362132
0.00097461 0.00254213 0.00464316
-0.00114211 0.00121404 0.00664288
-0.000108686 0.000977294 0.00691851
-0.000725792 0.00193552 0.00836784
-0.00149102 0.00119821 0.00933461
-0.000978231 -0.000578157 0.0123445
-0.00103166 0.000540185 0.0108954
-0.00231435 -0.00137612 0.013415
-0.00154461 -0.00252221 0.0154164
-0.00371632 0.000632473 0.0179372
-0.00379183 -0.00126398 0.0205993
-0.00771849 0.00195651 0.026173
-0.00517883 0.00391102 0.0242936
-0.00955999 0.00534153 0.0334212
-0.00680301 0.00821712 0.0319592
-0.00904349 0.00931764 0.0400069
-0.0132991 0.0075971 0.0410179
-0.0134652 0.0115463 0.0498822
-0.0171246 0.00789136 0.0510915
-0.0183897 0.00687845 0.0625594
-0.0141859 0.0120398 0.0624566
-0.012084 0.011669 0.0742401
-0.0157603 0.00603834 0.0740457
-0.0134476 0.00496919 0.0868357
-0.010969 0.00854708 0.0850248
-0.00984919 0.00484301 0.0955326
-0.0113261 0.00366976 0.0956347
-0.0109196 0.00204319 0.105022
-0.00931991 0.00467677 0.103333
-0.00793595 0.00423397 0.11402
-0.00765168 0.0025594 0.113092
-0.00466294 -9.27796e-05 0.115805
-0.00670637 0.000306523 0.116354
-0.000942563 -5.96826e-05 -0.000942872
0 0 0
0.000383692 0.00136506 -0.00037855
0.000712815 0.00198856 0.00229983
-0.00066523 0.00237922 0.00513316
-0.0024522 0.000915407 0.00753782
-0.00225586 0.000822706 0.00988906
-0.00209443 -0.0011209 0.0122808
-0.00302523 -0.00265604 0.0169499
-0.00356565 -0.00265149 0.0218398
-0.0070943 -0.00103821 0.0260735
-0.0107944 0.000119971 0.0337952
-0.0148471 0.000176478 0.0439825
-0.0182227 0.00043632 0.053846
-0.0173373 -0.00045393 0.0635538
-0.0174002 -0.0013687 0.0747491
-0.0143937 -0.0012275 0.085103
-0.0109972 -0.0015256 0.0958133
-0.00922816 3.394e-05 0.103417
-0.0056132 0.00156621 0.109294
-0.00102763 0.00228639 0.109976
0.00113705 4.17492e-05 -0.00165882
0 0 0
0.00384155 0.00020539 -0.000784442
0.00227067 -7.59398e-05 0.00185843
0.000219417 0.000725251 0.00437165
-0.00211589 -0.000481006 0.00555878
-0.00296591 -0.000952853 0.00756487
-0.00271837 -0.0019481 0.0104767
-0.00211707 -0.000918589 0.0149589
-0.00380962 -0.001641 0.0194965
-0.00413255 -0.00359196 0.0273128
-0.00687528 -0.00584877 0.0344318
-0.0120587 -0.00797681 0.042742
-0.0146563 -0.00810602 0.0534104
-0.0165687 -0.00872002 0.0644272
-0.0152916 -0.00869143 0.0749041
-0.0143076 -0.00675859 0.0849202
-0.00950922 -0.00538827 0.0936075
-0.00812269 -0.00163012 0.101178
-0.00697608 0.000447327 0.107927
-0.00449376 0.00266192 0.110859
0.00169163 0.000942145 -0.000948409
0 0 0
0.00193615 0.00129488 -0.000472542
0.00346594 -0.000619796 3.27318e-05
-0.000241957 -0.00131192 0.00227441
-0.00296579 -0.00153341 0.00474532
-0.000998805 -0.00175252 0.00776424
-0.000770878 -0.000632989 0.0111204
-0.00190521 0.000937433 0.0161797
-0.00212777 -0.00221026 0.022558
-0.00274155 -0.00669373 0.0288387
-0.00395136 -0.00854592 0.0359551
-0.00671487 -0.0102928 0.0420326
-0.011653 -0.0125494 0.0515571
-0.0118496 -0.0125498 0.0632786
-0.0109086 -0.0121593 0.0747398
-0.0110952 -0.0101728 0.0857112
-0.00768895 -0.00663417 0.0931279
-0.00687483 -0.00357261 0.101422
-0.00701723 -0.00103335 0.10845
-0.00376156 0.000993143 0.111035
-7.61591e-05 0.000670417 0.000647132
0 0 0
0.000622708 0.000633498 0.00123071
0.00317658 0.000750853 0.000887251
0.00227049 0.00177149 0.00185022
0.00267117 0.00269174 0.00292515
0.00331668 0.00221837 0.00513602
0.00142316 0.00209325 0.0114562
0.000339666 0.00301155 0.0151195
7.30249e-05 0.00535453 0.0208586
0.00200667 0.00730791 0.0274014
0.00383642 0.00880253 0.0339715
0.00535075 0.00968222 0.0420223
0.0069757 0.010992 0.0525267
0.00833301 0.0125681 0.0628995
0.00925024 0.0146825 0.0723582
0.00811235 0.0151255 0.0826441
0.00615495 0.0133923 0.0921947
0.00502707 0.0114762 0.102269
0.00158282 0.00871223 0.111777
-4.38071e-05 0.00622014 0.117221
-0.00122054 -0.000274698 0.000175047
0 0 0
0.000274725 0.00200311 0.0017225
0.00344859 0.00212102 0.00104476
0.00322665 0.00227691 0.00127972
0.00238628 0.00236493 0.00168867
0.00122921 0.00193513 0.00410049
-0.00144621 0.0022616 0.00865325
-0.00176069 0.00361849 0.0137817
-0.00219716 0.00700603 0.019243
-0.00124578 0.00984083 0.0262699
-0.000300525 0.0123388 0.0332788
2.37639e-05 0.0119 0.0425109
0.00073089 0.013099 0.0519689
0.0009292 0.0145173 0.0618298
0.00265271 0.0173282 0.0720681
-0.000289411 0.0143568 0.0842054
-0.000616322 0.0124689 0.094546
-0.00171527 0.0111771 0.104185
-0.00312289 0.00840669 0.110422
-0.00493417 0.006446 0.115106
-0.00110368 0.000499444 0.00111606
0 0 0
-0.0003218 0.00373758 0.00311951
0.00228947 0.00418098 0.00272799
0.0021355 0.00345994 0.00320111
0.00103767 0.000985386 0.00537604
-3.57899e-05 0.00024292 0.00698334
-0.00161035 0.000583245 0.00989889
-0.00394871 0.00167639 0.0141174
-0.00448027 0.00387582 0.0200333
-0.00386821 0.00686125 0.0268982
-0.00357041 0.00990584 0.0339084
-0.00539052 0.0106719 0.0417389
-0.00794378 0.0131521 0.0506123
-0.00798305 0.0159477 0.060815
-0.00661022 0.0161796 0.0736635
-0.00750735 0.0109944 0.0861362
-0.00688348 0.00827606 0.0957715
-0.0058761 0.00805515 0.104903
-0.0067987 0.00558824 0.110968
-0.00758426 0.00117966 0.11454
0.000929395 -0.000692628 2.96718e-05
0 0 0
0.00189766 -0.000417375 0.000498899
0 0 0
0.000708921 0.000749684 -0.00114363
0 0 0
0.0032118 -0.000687448 -0.000581752
0.0028798 0.00119996 -0.000530484
0.00061834 0.00181605 0.000534523
0.00458315 -4.99509e-05 -0.00169688
0.00386974 -0.000570524 -0.000485833
0.00303439 -0.000433016 0.00139646
0.00457498 -0.00117093 0.000630801
0.00280641 -0.00257129 0.00232002
0.000874834 -0.00154821 0.0019474
0.00436012 -0.000693441 0.00428453
0.0030144 -0.00196711 0.00474925
-0.000966371 -0.00221912 0.00374689
0.00262047 -0.00208012 0.00859784
0.00152487 -0.00297453 0.00818797
0.000998994 -0.000866443 0.00747401
0.00131518 -0.00183299 0.0127605
-0.000297652 -0.00296974 0.0113438
-0.00145224 -0.00109718 0.0117698
-3.79241e-05 -0.00179822 0.0163691
-0.00132695 -0.00396627 0.0157236
-0.00169283 -0.000433403 0.0154749
0.00074931 -0.00364476 0.0206449
-0.00105817 -0.00616132 0.0203499
-0.00234169 -0.00424091 0.0226301
0.00334211 -0.00646846 0.0269598
0.000238646 -0.0103627 0.0266073
-0.00265384 -0.00918599 0.0287349
0.00515975 -0.00925247 0.032823
0.000435005 -0.0113625 0.0346576
-0.00298138 -0.0121218 0.0340726
0.00429995 -0.0103906 0.041536
0.000873193 -0.0126654 0.0433234
-0.00396663 -0.0133081 0.0407291
0.00681094 -0.0126021 0.0516841
0.0013512 -0.0149461 0.052308
-0.00572521 -0.0142477 0.0522926
0.00999937 -0.0141334 0.0630092
0.00284398 -0.0157434 0.0634415
-0.00541663 -0.0148723 0.0633487
0.00694574 -0.0152382 0.0736624
-0.000806924 -0.0176429 0.0741383
-0.00686333 -0.015716 0.0746023
0.00644805 -0.0154291 0.0850629
-0.000685057 -0.0158894 0.0840874
-0.00725144 -0.0133445 0.0853347
0.00483276 -0.0117744 0.0945367
-0.00154781 -0.0107397 0.0946633
-0.00486447 -0.00887879 0.0944891
0.00301054 -0.00962941 0.102455
-0.00306678 -0.00922959 0.103075
-0.0060697 -0.00653779 0.10091
-0.000730985 -0.00748857 0.110427
-0.00397855 -0.00567111 0.109113
-0.00539319 -0.00270747 0.106659
-0.00374522 -0.00403661 0.116313
-0.0049405 -0.0017979 0.11337
-0.0046597 0.00218986 0.111088
0 0 0
0 0 0
0 0 0
0 0 0
0 0 0
0 0 0
0 0 0
0 0 0
0 0 0
0.00299681 0.00560248 0.121938
0.00272442 0.00135143 0.124895
4.62035e-05 -0.00203446 0.122036
-0.0016401 0.00366367 0.12053
-0.000571564 0.00277088 0.126776
-0.00226467 0.00104265 0.121972
-0.00339672 0.00134428 0.11871
-0.000935946 0.00193272 0.120687
-0.00315496 0.00188956 0.116084
-0.000914073 0.000705824 0.00171573
-0.000194008 0.00141275 0.000625775
0.000927865 0.00131227 0.00580852
0.000678117 0.00116545 0.000442554
0.00109381 8.60945e-05 0.00222814
0.0015147 -0.000176394 0.00515035
0.00159306 0.0019581 0.00277331
0.000640009 0.000150425 0.00942913
-2.60567e-05 -0.000763298 0.00325401
-0.000291444 0.00218705 0.0279308
1.17622e-06 0.000452889 0.0226803
-0.00119185 0.000528988 0.0223916
-0.000336662 -0.000489381 0.0308916
0.0014259 -0.00207612 0.0370358
0.00530832 0.0018392 0.0674063
-0.00442238 -0.00155628 0.0725986
0.00632468 -0.0020508 0.0628077
0.00348277 -0.00150691 0.0876096
-0.000108107 -8.97789e-05 0.0408924
-0.00332196 -0.00424954 0.0993954
0.000850815 -0.00478387 0.111781
0.00404627 0.00350365 0.0969281
-0.00238695 -0.000343702 0.0949451
0.00297134 0.00885468 0.109268
-0.00134709 -0.00182002 0.109619
-0.00402743 0.00210563 0.108479
-5.10244e-06 0.000509101 0.00643939
-0.000231395 -0.000316645 0.0181958
0.000403771 -0.000352484 0.0150867
-0.00204318 0.000730726 0.0363437
-0.00144548 -0.00171714 0.029227
-0.00365197 -0.000936964 0.0424414
-0.00313483 0.00398534 0.120167
-0.00115832 0.000384667 0.0114446
-0.00209537 -0.000537115 0.119618
0.000945203 0.000147742 0.00606152
0.00100502 -9.71306e-05 0.00608966
0.000825535 6.52623e-05 0.00576347
0.000830135 0.000823984 0.0104549
8.32418e-05 -0.000349278 0.0154546
0.0012961 0.00106831 0.0331098
0.000830456 0.00318758 0.0553232
0.00815064 0.000111928 0.0820881
0.00410672 0.000281991 0.10227
-0.000225277 -0.0010668 0.0548018
0.00486845 0.00580323 0.0888949
-0.000885062 0.00503509 0.0878268
-0.00464882 0.00291364 0.0900815
0.00100743 0.00126146 0.102283
-0.00388729 -0.000596368 0.10928
-0.000260283 0.000211825 0.00816476
-0.000377246 0.000303452 0.00163541
0.00053909 0.000801302 0.00285676
-0.000570713 0.00115573 0.00138771
-0.000503483 0.000557891 0.00217914
0.00144056 -0.000335287 0.00129461
0.0011828 -0.000146395 0.000441809
0.000267063 -2.27229e-05 0.00306593
0.000735987 0.00113251 0.00140963
0.00117922 0.000189687 0.00337085
0.00230724 7.12015e-06 0.000479141
0.000537497 0.000979892 0.00329173
0.00238268 0.000965945 0.00558892
0.000983643 0.000576691 0.00551892
0.00131931 0.00209449 0.0038101
0.000908042 -0.000627253 0.00825283
0.000897716 0.000486707 0.00837967
0.00196606 -0.000499124 0.0075784
0.000346211 0.00038244 0.0117431
0.00141063 -0.000716957 0.0105298
0.00048582 0.00095973 0.00969358
0.000802751 -0.000287145 0.0190066
0.000457412 -0.000924088 0.0119301
0.00224774 0.0016966 0.0224981
0.000656121 0.00465902 0.0249912
-0.000153373 -0.00164125 0.0179304
0.0011305 -0.000619 0.0239554
0.000182354 0.00775365 0.0262878
0.00615562 0.00413131 0.0324212
0.00301729 -0.00255572 0.0289101
0.00229457 -0.0069843 0.0275076
0.000760072 -0.00473533 0.0321641
0.0099926 0.000505257 0.0478007
0.00504702 0.00065167 0.0371077
0.00485732 -0.00682443 0.0375439
0.00393762 0.00385642 0.0462465
0.00342579 0.00641951 0.0348377
0.0110827 -0.00491692 0.0571182
0.0020712 -0.00681888 0.0448811
0.00703835 0.000193767 0.0528692
0.0132655 9.78646e-05 0.0692186
0.0111564 0.00767563 0.0728481
0.0136713 -0.00499423 0.0738301
0.0148572 -0.0082997 0.0720036
0.00383759 0.0120637 0.0792794
0.0151312 0.0026379 0.0803929
0.00574508 -0.00969102 0.068048
0.00533906 -0.00834554 0.0847714
0.0119814 0.00440313 0.0908361
0.0122077 -0.00323693 0.0868123
0.011234 -0.00433867 0.0945716
0.00597517 -0.00944659 0.0934187
0.00604551 0.0100008 0.0988992
0.0103973 0.00257222 0.0994482
0.00771381 0.00609258 0.101298
0.00191989 -0.00854198 0.10547
0.00607565 -0.00539075 0.104788
0.00819501 0.00040133 0.0957444
0.00524931 -0.00191557 0.116065
0.00449751 0.00861035 0.110725
-0.00228024 -0.00419363 0.113423
3.54854e-05 0.000451177 -0.000355129
-0.000116897 0.000304648 -0.000312849
-0.00128219 0.00118572 0.000651527
0.000945846 0.00284387 0.00185132
0.00212064 0.00326983 0.00224936
0.000892937 0.00282319 0.00109219
0.00138267 0.00251117 0.00317587
0.0019823 0.00211014 0.0044257
-4.47986e-05 0.000548254 0.00378158
0.000473537 -0.0013746 0.0158091
-0.00241406 0.00732561 0.0258939
-0.00517857 0.00425991 0.0302362
-0.00461613 -8.70055e-05 0.0273126
-0.00766876 0.00225798 0.0421819
-0.00823767 0.00886185 0.0600355
-0.00336104 0.00671801 0.0440685
-0.0104489 0.0106399 0.0708603
-0.0114395 0.000964674 0.0657491
-0.00802274 0.00471892 0.0931163
-0.00656917 0.00774232 0.0826777
-0.00253167 0.00854384 0.0709706
-0.0110279 -0.00107469 0.0865955
-0.00695721 0.00144783 0.0961568
-0.000737721 0.00755881 0.102187
-0.00800675 0.00363017 0.0995047
-0.00359199 0.00799514 0.103765
-0.00936979 -0.000113603 0.102793
-0.00713524 -0.000212018 0.106971
-0.0027194 0.00753761 0.110717
-0.0039696 0.000939584 0.113286
0.00310421 0.00134196 0.000132265
-0.00226903 -0.000246884 0.00687883
9.41226e-05 0.0011785 0.0126989
-0.0117813 -0.00563905 0.0838879
-0.00651929 -0.00192364 0.102878
0.00222851 0.00131534 -0.000340418
-0.000787783 -0.00115544 0.00282942
-0.00152855 0.000133225 0.0187658
-0.00195879 -0.00350572 0.025635
-0.005096 -0.00652734 0.0417224
-0.00824983 -0.00905202 0.0771237
-0.00676802 -0.0068159 0.093727
0.00174882 0.000206782 0.000563441
0.00324659 0.000374019 8.6032e-06
0.00152933 -0.00159726 0.000864273
0.000293461 -0.000618282 0.00428785
1.7391e-05 1.52206e-05 0.0137186
-0.00136782 0.000558367 0.0194625
-0.00123144 -0.00580189 0.0236974
-0.00346712 -0.00844422 0.0339074
-0.000353887 -0.00692129 0.057877
-0.00275411 -0.0127717 0.077327
-0.000195099 0.00106422 0.00175863
0.00214955 0.00156212 0.00410731
-0.00177272 -0.000216519 0.0140999
0.00141486 0.0115778 0.0665414
0.00191865 0.0105825 0.0887317
0.00127313 -0.00017772 0.00858785
-0.000757215 -0.00202686 0.0148984
-0.000618826 -0.00964661 0.0452022
-0.0017607 -0.0105859 0.0905998
0.00324999 0.000285024 0.000562276
5.27357e-05 0.000320822 0.00785631
-0.000702631 -0.000508671 0.0173178
-8.76787e-05 0.000123079 0.0168887
-0.000741854 -0.00617067 0.086732
0.00680494 0.00476183 0.109262
-0.00336795 0.00489591 0.100455
0.000247429 0.000363268 0.000213849
-0.000189163 0.00674457 0.0304007
8.89392e-05 0.000115683 0.0192692
0.00878491 0.0110939 0.0891128
-0.00103297 -0.00196251 0.0236847
-0.000379774 0.000564077 0.018777
0.000275921 3.70063e-06 0.015702
-0.000769581 -0.000767875 0.0111784
-0.00707701 -0.00268785 0.0977687
0.00133286 0.000966763 0.00719819
-4.66711e-05 -0.00827296 0.102313
0.00256397 -0.00024904 0.000905685
0.00553994 0.00785996 0.0756656
-0.00497895 0.00589775 0.103624
0.000724602 0.0111247 0.0968686
0.000905165 -0.000216382 0.0133153
0.00156205 0.000237426 0.00585889
0.00314678 0.00102702 -0.000286272
0.000975643 0.00148743 0.00355521
0.0077137 0.00765116 0.0936034
4.54289e-05 -0.000230675 0.0148855
0.00291707 -2.77656e-05 0.000173759
0.0032219 0.00835844 0.0941031
-0.00277918 -0.00823805 0.102741
-0.000276076 -0.00034053 0.00903651
0.00294872 0.00090948 0.000101939
0.00235686 -0.00713838 0.0803175
-0.000764707 -0.00290947 0.0195881
-0.000367566 -0.000823684 0.0167503
0.00107164 -0.00019988 0.00447215
0.00214235 0.00988585 0.094559
0.000163677 -0.00637417 0.1017
0.00108423 -0.00098503 0.00162195
0.00148541 0.0104739 0.0984813
-0.0062717 -0.000613273 0.102653
-0.000655876 -0.00185223 0.0190188
-0.00189404 -0.00933503 0.0854967
-0.011085 -0.00656628 0.0901352
-0.00037165 -0.000242492 0.0134196
0.00151247 -0.000557607 0.00186246
0.00197402 0.010086 0.0990322
-0.0114328 -0.00368938 0.0893729
0.000777198 -8.65553e-05 0.0113871
-0.0098817 -0.00534447 0.0903486
0.000596362 0.000263234 0.0117128
0.0011371 0.000115826 0.00287917
0.00148256 0.000375404 0.00211546
5.03039e-05 2.19207e-05 0.0110268
0.00142569 -0.000292335 0.00921862
-0.0032202 -0.00805914 0.0987224
-0.00919313 -0.00315906 0.0938715
-0.0106425 -0.00304523 0.0892918
-0.00178439 -0.00887902 0.0968991
-0.00817266 -0.00184856 0.0995687
-0.00049917 -0.000924887 0.0180321
0.00242049 0.00961819 0.0996123
0.00128157 -0.000371066 0.00879892
-0.00970262 -0.00313627 0.091011
0.00274227 0.00920252 0.100001
-0.00858372 -0.00115574 0.0982068
-0.00782959 -0.000351373 0.0968417
-0.00743214 -0.000469176 0.100305
-0.0104586 -0.00229576 0.0916994
-0.00897552 -0.00152505 0.0934747
0.00138627 0.0008201 0.00310479
0.00233743 0.00125105 0.00366228
0.00248922 0.00144964 0.00343025
0.00252384 0.000631747 0.00377813
0.000605009 0.00055607 0.00346787
-0.00132964 0.000650911 0.0150443
0.000277332 0.00106483 0.0161119
0.00045663 -0.00150988 0.0131887
-0.0046364 -0.00788306 0.0962836
-0.00285825 -0.00571756 0.100939
0.000124713 0.000395098 0.0012693
0.000938408 0.00333797 0.0419713
0.00273414 0.000716422 0.0513601
0.00910287 0.00273437 0.0778701
0.00739941 -0.003887 0.086306
0.00283868 0.00441078 0.033713
-0.00169511 0.00365408 0.0244498
0.00121624 -0.00908904 0.0941923
-0.00102257 -0.00956583 0.0946833
0.00894225 -0.00180703 0.0875282
0.0023598 0.000883934 0.00336844
0.000225235 -0.000393381 0.0137308
-2.92712e-05 -0.000289158 0.0128167
0.00146503 0.00124461 0.00449848
0.00180323 0.000743728 0.00440442
0.00227768 0.00108147 0.00399659
0.00335385 0.00159921 0.00420726
-0.00134679 -0.00109962 0.0188282
-0.000320499 0.000933175 0.0241209
0.00080782 -0.000670431 0.0179267
-0.00989357 -0.00252813 0.091357
-0.00955584 0.00226812 0.0964536
0.00249086 -0.000529182 0.000399238
-0.00754261 0.00178985 0.103093
-0.0102466 -0.00297003 0.0913816
0.0064206 0.00894947 0.101231
-0.0044609 -0.00679218 0.0982857

CELL_DATA 2516
TENSORS stress float
-0.0263912 0.000175762 0.00418546
0.000175762 -0.0217429 -0.00268277
0.00418546 -0.00268277 -0.0648764

-0.0273958 -0.00390778 -0.00010036
-0.00390778 -0.0165178 0.000119739
-0.00010036 0.000119739 -0.0781481

-0.0263005 -0.00649146 -0.00715139
-0.00649146 -0.0245593 0.00127275
-0.00715139 0.00127275 -0.0213344

0.00474244 0.00681599 -0.167002
0.00681599 0.00606966 0.117892
-0.167002 0.117892 -0.930333

-0.000397593 0.00977386 0.00451516
0.00977386 0.00768469 0.00136058
0.00451516 0.00136058 -0.048449

-0.13285 0.0188612 -0.0633473
0.0188612 -0.0985159 -0.0632492
-0.0633473 -0.0632492 -1.34593

-0.0680126 -0.0078107 -0.00782851
-0.0078107 -0.0753667 -0.00397487
-0.00782851 -0.00397487 -0.00891063

-0.0329478 0.00221959 -0.00682923
0.00221959 -0.0488546 -0.00287622
-0.00682923 -0.00287622 -0.0528604

0.0131831 -0.0290794 -0.0746846
-0.0290794 -0.121801 0.0346348
-0.0746846 0.0346348 -1.20299

0.0310094 -0.0194692 0.0172732
-0.0194692 0.00135111 0.0749693
0.0172732 0.0749693 -0.672337

-0.0769525 -0.00215031 -0.00487673
-0.00215031 -0.0762596 0.00218271
-0.00487673 0.00218271 -0.0768841

0.0386522 0.0194294 -0.171366
0.0194294 0.0286755 0.099433
-0.171366 0.099433 -0.845957

0.0139603 -0.023485 -0.123024
-0.023485 -0.00268395 -0.0170364
-0.123024 -0.0170364 -0.721842

0.000728944 -0.00881676 -0.0113737
-0.00881676 0.0327186 0.0150062
-0.0113737 0.0150062 -1.04664

-0.502672 0.0393686 0.00288231
0.0393686 -0.431601 0.000374452
0.00288231 0.000374452 -1.55892

0.00287378 0.0280679 -0.0856909
0.0280679 0.0303403 0.153425
-0.0856909 0.153425 -0.939118

-0.0314735 -0.00600359 -0.00474676
-0.00600359 -0.0260999 -2.18304e-05
-0.00474676 -2.18304e-05 -0.0382187

-0.0276558 0.0205619 -0.0226639
0.0205619 -0.0197526 0.00211692
-0.0226639 0.00211692 -1.04969

-0.0357424 -0.00543921 -0.00028766
-0.00543921 -0.0309068 0.000206831
-0.00028766 0.000206831 -0.0496038

-0.186377 0.0174776 -0.0585231
0.0174776 -0.212054 -0.0548286
-0.0585231 -0.0548286 -1.40795

0.0484757 -0.00235617 0.0426995
-0.00235617 0.0200779 0.106224
0.0426995 0.106224 -0.70255

0.0245486 0.023295 -0.0737317
0.023295 0.0150752 0.143679
-0.0737317 0.143679 -0.879833

0.131626 0.0141271 -0.0216205
0.0141271 0.144226 -0.0693036
-0.0216205 -0.0693036 -0.505546

-0.0341933 -0.00894289 -0.00515656
-0.00894289 -0.0355726 -0.00426348
-0.00515656 -0.00426348 -0.0960611

-0.203562 0.0314743 -0.0461656
0.0314743 -0.299023 -0.0225058
-0.0461656 -0.0225058 -1.45425

-0.185928 0.0377751 -0.0552899
0.0377751 -0.229711 -0.0233412
-0.0552899 -0.0233412 -1.42956

-0.0367252 0.0339486 -0.0850667
0.0339486 -0.0436593 0.149577
-0.0850667 0.149577 -0.98318

-0.0523413 -1.09778e-05 0.00113022
-1.09778e-05 -0.0319244 0.00529238
0.00113022 0.00529238 -0.0563071

-0.0105097 -0.0114849 -0.0119432
-0.0114849 0.00854021 -0.00140655
-0.0119432 -0.00140655 -0.232192

0.0395733 0.028017 -0.0767085
0.028017 0.0434237 0.122981
-0.0767085 0.122981 -0.871305

-1.82709 -0.000502293 0.135112
-0.000502293 -1.82734 -0.105465
0.135112 -0.105465 -2.18792

-0.0555587 0.00523089 0.00485701
0.00523089 -0.0426974 0.00770832
0.00485701 0.00770832 -0.0408468

-0.153208 -0.0119376 0.0857503
-0.0119376 -0.1838 -0.0250333
0.0857503 -0.0250333 -1.39622

-0.0270571 0.0140925 -0.000205568
0.0140925 -0.020159 0.00223368
-0.000205568 0.00223368 -0.0310612

0.0702734 0.0346547 -0.0640184
0.0346547 0.00560131 -0.0467944
-0.0640184 -0.0467944 -1.1792

-0.0398161 0.0112649 0.0018949
0.0112649 -0.0336819 0.00500312
0.0018949 0.00500312 -0.0434668

-0.190596 -0.06809 0.00351011
-0.06809 -0.120785 0.0173402
0.00351011 0.0173402 -1.25659

-0.0117051 -0.00531586 0.00181292
-0.00531586 0.00518123 0.00413646
0.00181292 0.00413646 -0.0195581

-0.0568051 -0.00358688 -0.00414078
-0.00358688 -0.0624289 -0.00385557
-0.00414078 -0.00385557 -0.0303287

0.0777134 0.00243535 -0.103872
0.00243535 0.134388 0.00725256
-0.103872 0.00725256 -0.496342

-0.0981976 0.00561859 -0.0987863
0.00561859 -0.0628974 0.0296922
-0.0987863 0.0296922 -0.841991

-0.497865 0.0172121 -0.0215467
0.0172121 -0.324591 -0.0409629
-0.0215467 -0.0409629 -1.53257

0.0312241 0.0110697 -0.0139306
0.0110697 0.0214898 0.00565792
-0.0139306 0.00565792 -0.240362

-0.108342 -0.0309769 0.036853
-0.0309769 -0.0320674 0.124264
0.036853 0.124264 -1.31054

-0.310179 0.0286227 0.0576324
0.0286227 -0.286937 0.0941241
0.0576324 0.0941241 -1.46507

0.0757378 -0.00692176 -0.119824
-0.00692176 0.12907 -0.0195701
-0.119824 -0.0195701 -0.649369

-0.266297 -0.0149811 -0.00409473
-0.0149811 -0.282388 0.0616871
-0.00409473 0.0616871 -1.21809

-0.157999 0.0307441 0.0543237
0.0307441 -0.0183999 0.0844283
0.0543237 0.0844283 -1.31192

0.0128436 0.0092806 -0.0548931
0.0092806 -0.0665141 -0.0474727
-0.0548931 -0.0474727 -1.21418

8.44936e-05 -0.00610089 -0.00694798
-0.00610089 -0.0311188 0.00584836
-0.00694798 0.00584836 -0.243908

0.0250924 -0.00960215 -0.00713299
-0.00960215 0.0327847 -0.00324658
-0.00713299 -0.00324658 -0.240415

-0.0872918 0.00626501 0.029764
0.00626501 -0.0716191 -0.0291569
0.029764 -0.0291569 -1.11538

-0.0181792 0.011784 -0.00524667
0.011784 -0.0273289 -0.0150147
-0.00524667 -0.0150147 -0.283699

0.0174677 0.00482288 -0.0146763
0.00482288 0.0318645 0.00237955
-0.0146763 0.00237955 -0.292392

0.0235531 -0.00607165 0.000837663
-0.00607165 0.00698865 0.053974
0.000837663 0.053974 -0.509346

-0.412869 -0.0502146 0.0462309
-0.0502146 -0.220669 -0.0620583
0.0462309 -0.0620583 -1.52052

0.136207 0.0190898 -0.0851479
0.0190898 0.113405 0.0770484
-0.0851479 0.0770484 -0.643798

-0.0210314 -0.0152111 -0.028495
-0.0152111 0.00254484 0.0168679
-0.028495 0.0168679 -0.549138

0.0604268 0.00578088 -0.0370669
0.00578088 0.0369827 -0.211392
-0.0370669 -0.211392 -0.747619

-0.0188777 -0.000183179 0.00440487
-0.000183179 -0.00403832 0.00150147
0.00440487 0.00150147 -0.0242872

-0.0622466 -0.00075577 -0.00343621
-0.00075577 -0.0743676 -0.00527713
-0.00343621 -0.00527713 -0.0704985

0.0575909 -0.0288501 0.0113255
-0.0288501 0.0294401 -0.000613297
0.0113255 -0.000613297 -0.302495

-0.0536016 0.00343342 0.0122675
0.00343342 -0.0442242 0.00929972
0.0122675 0.00929972 -1.06319

0.0135989 -0.000284871 -0.00960411
-0.000284871 0.0321104 0.00293049
-0.00960411 0.00293049 -0.198118

0.0106681 3.34407e-05 -0.0102419
3.34407e-05 0.0521611 0.00341514
-0.0102419 0.00341514 -0.238169

0.0155815 0.0101307 -0.0187443
0.0101307 0.0438198 -0.0657412
-0.0187443 -0.0657412 -0.936358

0.00274005 0.0121106 -0.0570604
0.0121106 0.036823 0.00873393
-0.0570604 0.00873393 -0.432803

0.00561254 0.0191181 -0.0513164
0.0191181 0.0187814 0.0225591
-0.0513164 0.0225591 -0.44048

-0.0386733 0.0012397 -0.00109088
0.0012397 -0.0434026 -0.00172963
-0.00109088 -0.00172963 0.00720526

-0.232963 0.0232823 0.0191497
0.0232823 -0.118466 -0.129907
0.0191497 -0.129907 -1.48697

-0.0461396 0.0022731 0.000746255
0.0022731 -0.0248598 -0.00881987
0.000746255 -0.00881987 0.0111761

0.00174779 -0.00956026 -0.00488212
-0.00956026 0.0147069 -0.00842706
-0.00488212 -0.00842706 -0.152674

-0.0182562 0.00176178 -0.0129437
0.00176178 -0.0461786 -0.151087
-0.0129437 -0.151087 -0.940884

0.011356 -0.0172189 0.0148318
-0.0172189 0.0597369 0.013966
0.0148318 0.013966 -0.372834

-0.0448136 7.90525e-05 0.00149192
7.90525e-05 -0.0499121 -0.000443571
0.00149192 -0.000443571 -0.00272837

-0.0914652 0.0396196 0.0312186
0.0396196 -0.0380223 -0.121748
0.0312186 -0.121748 -1.41567

-0.0348261 -0.00822223 -0.00177798
-0.00822223 -0.0310344 -0.0033798
-0.00177798 -0.0033798 -0.0836049

0.0475789 0.000983282 0.0207579
0.000983282 0.0197359 0.0129389
0.0207579 0.0129389 -0.35591

0.0520565 0.0202137 0.0101452
0.0202137 -0.00584875 -0.189517
0.0101452 -0.189517 -0.851639

-0.00396008 0.00464363 0.151894
0.00464363 -0.02846 -0.0694039
0.151894 -0.0694039 -1.07575

0.00764658 0.0176347 0.157928
0.0176347 0.0211857 -0.0668904
0.157928 -0.0668904 -0.990269

-0.0392322 0.000943906 -0.00144206
0.000943906 -0.0443417 -0.00289962
-0.00144206 -0.00289962 0.00358925

-0.0274019 -0.00221772 0.0021153
-0.00221772 -0.0212739 -0.00168731
0.0021153 -0.00168731 -0.0346806

-0.0583731 0.00116575 -0.00700463
0.00116575 -0.0583733 -0.00262591
-0.00700463 -0.00262591 -0.0150667

0.0069544 0.0109907 0.156892
0.0109907 0.00511523 -0.0617444
0.156892 -0.0617444 -0.997635

0.00818313 0.00588869 -0.00693846
0.00588869 -0.0124601 -0.00327462
-0.00693846 -0.00327462 -0.220033

0.0667505 0.000918408 -0.0165616
0.000918408 0.0762944 -0.15508
-0.0165616 -0.15508 -0.866178

-0.0138664 -0.000396111 -0.00540647
-0.000396111 -0.0199632 0.00423766
-0.00540647 0.00423766 -0.0629479

-0.0590053 -0.00257856 -0.000487085
-0.00257856 -0.0595472 -0.0012878
-0.000487085 -0.0012878 -0.0307134

-0.046457 -0.00511685 -0.0111741
-0.00511685 -0.0599038 0.0418246
-0.0111741 0.0418246 -0.569555

0.0545954 0.00343653 0.036363
0.00343653 0.0524495 0.0355709
0.036363 0.0355709 -0.885467

0.0635101 -0.00150863 -0.0206571
-0.00150863 0.0351874 0.066433
-0.0206571 0.066433 -0.636847

0.00407349 -0.00826875 -0.00156283
-0.00826875 0.0060355 -0.00467451
-0.00156283 -0.00467451 -0.181112

0.0152386 0.00312966 0.00514354
0.00312966 0.000868864 0.00611286
0.00514354 0.00611286 -0.243907

-0.0208527 0.00175162 0.00202261
0.00175162 -0.0452196 0.000156757
0.00202261 0.000156757 -0.20386

0.0407833 0.0104998 0.0076503
0.0104998 0.0502896 0.0152909
0.0076503 0.0152909 -0.231484

-0.0210756 -0.00525203 -0.000541538
-0.00525203 -0.0164705 0.00340841
-0.000541538 0.00340841 -0.0339323

-0.0184498 -0.00428103 -0.00183977
-0.00428103 -0.0180431 0.00313586
-0.00183977 0.00313586 -0.0502971

-0.00389176 -0.0030049 0.00532614
-0.0030049 -0.0127418 0.00798087
0.00532614 0.00798087 -0.264136

0.0752236 0.0158379 0.00154447
0.0158379 0.113737 -0.00595508
0.00154447 -0.00595508 -0.282184

-0.0187902 -0.00587513 -0.0082196
-0.00587513 -0.00498089 0.0132406
-0.0082196 0.0132406 -0.0918847

-0.0245507 0.000952739 -0.00692016
0.000952739 -0.0284679 0.00213384
-0.00692016 0.00213384 -0.0709717

-0.0457175 -0.00248811 0.14167
-0.00248811 -0.00269252 -0.0784715
0.14167 -0.0784715 -1.09297

-0.0351851 -0.00599645 -0.00285826
-0.00599645 -0.0252984 0.00154415
-0.00285826 0.00154415 -0.04679

-0.108756 0.00144007 0.124258
0.00144007 -0.136817 -0.0398395
0.124258 -0.0398395 -1.26506

-1.79005 0.000381272 -0.064118
0.000381272 -1.78919 -0.168721
-0.064118 -0.168721 -2.12492

-0.0159117 -0.00100586 -0.0050026
-0.00100586 -0.025315 0.0086315
-0.0050026 0.0086315 -0.202224

-0.0427845 -0.0311241 -0.00901252
-0.0311241 -0.0316042 -0.070751
-0.00901252 -0.070751 -0.710242

0.0225321 -0.00290136 0.00165741
-0.00290136 0.00837394 -0.00683557
0.00165741 -0.00683557 -0.21511

-0.0280633 -0.00172774 -0.00430527
-0.00172774 -0.013873 -0.00328979
-0.00430527 -0.00328979 -0.0356765

0.0735483 -0.00722009 -0.0305133
-0.00722009 0.0369136 -0.0122212
-0.0305133 -0.0122212 -0.271985

0.0344635 0.011996 0.0359419
0.011996 -0.00745406 0.0341978
0.0359419 0.0341978 -0.875689

0.129976 -0.29104 -0.152771
-0.29104 -1.84371 -0.526065
-0.152771 -0.526065 -1.70545

-0.0668371 0.000193053 -0.00498925
0.000193053 -0.0600803 0.000421535
-0.00498925 0.000421535 -0.0679651

-0.0272533 -0.00426894 -0.0029231
-0.00426894 -0.0360188 0.0103518
-0.0029231 0.0103518 -0.0470437

-0.0243253 -0.00258274 -0.000542598
-0.00258274 0.0017034 0.0182346
-0.000542598 0.0182346 -0.0887527

-0.0182775 -0.00148523 -0.00414574
-0.00148523 -0.00315694 0.0155614
-0.00414574 0.0155614 -0.0717371

-0.0481472 -0.00229754 -0.00359715
-0.00229754 -0.0548141 -0.0010305
-0.00359715 -0.0010305 -0.0218847

0.00286639 0.00937626 0.00118818
0.00937626 0.0105964 0.00373917
0.00118818 0.00373917 -0.214204

-0.0320606 0.00686218 0.00313961
0.00686218 -0.020114 -0.000658128
0.00313961 -0.000658128 0.0113703

-0.0468688 0.00156971 -0.00270005
0.00156971 -0.0523976 0.00680963
-0.00270005 0.00680963 -0.139329

0.100487 -0.0262672 0.0350777
-0.0262672 0.120535 0.0056676
0.0350777 0.0056676 -0.303374

0.0505647 -0.0413935 -0.047632
-0.0413935 0.0553501 -0.0757759
-0.047632 -0.0757759 -0.541888

-0.208817 0.013778 0.00473345
0.013778 -0.137958 -0.083682
0.00473345 -0.083682 -1.38118

-0.052647 0.000824569 -0.0029759
0.000824569 -0.0590179 -0.00591963
-0.0029759 -0.00591963 -0.0374702

-0.0897421 -0.0149944 0.14097
-0.0149944 -0.10695 0.0564696
0.14097 0.0564696 -1.26656

-0.803102 0.347427 -0.299438
0.347427 -0.907778 -0.238188
-0.299438 -0.238188 -1.68079

-0.0131371 -0.00324224 -0.00902418
-0.00324224 -0.00610041 0.0123969
-0.00902418 0.0123969 -0.0727011

-0.0493999 -0.0010061 -0.0146348
-0.0010061 -0.0487278 0.00265443
-0.0146348 0.00265443 -0.10139

0.0389697 0.00320612 0.0686411
0.00320612 0.0735881 -0.125117
0.0686411 -0.125117 -0.936023

-0.0232773 0.00250824 -0.00191215
0.00250824 -0.0150154 0.00820297
-0.00191215 0.00820297 -0.125323

-0.146105 -0.0146779 0.0053417
-0.0146779 -0.0647691 -0.0715937
0.0053417 -0.0715937 -1.3371

-0.0264444 -0.00470533 0.00170188
-0.00470533 -0.0176462 0.000816952
0.00170188 0.000816952 -0.124464

0.0365061 0.0575514 0.14528
0.0575514 -0.0392014 0.0129234
0.14528 0.0129234 -1.19408

-0.0709558 -0.00617355 -0.00381371
-0.00617355 -0.0306592 -0.00570309
-0.00381371 -0.00570309 -0.0559993

-0.0269599 -0.00318285 -0.00200024
-0.00318285 -0.0149835 -0.00750825
-0.00200024 -0.00750825 -0.0803009

-0.0753075 0.0139753 0.130036
0.0139753 -0.0472046 0.0609627
0.130036 0.0609627 -1.24579

-0.0395089 -0.00311096 0.0162013
-0.00311096 -0.0286804 0.00197749
0.0162013 0.00197749 -0.00422557

-0.0146679 -0.010407 0.00511827
-0.010407 -0.0368552 0.0453729
0.00511827 0.0453729 -0.51615

-0.0127668 -0.00194253 0.0244722
-0.00194253 0.00806777 0.022498
0.0244722 0.022498 -0.448701

-0.0386002 -0.0153076 -0.0834638
-0.0153076 -0.0227571 -0.0509832
-0.0834638 -0.0509832 -0.744491

-0.0471775 -0.00979185 0.00387172
-0.00979185 -0.0521184 0.00389743
0.00387172 0.00389743 -0.117195

-0.0163399 0.0070726 0.0145185
0.0070726 -0.0326009 -0.00141413
0.0145185 -0.00141413 -0.166871

0.086378 -0.0226187 -0.101234
-0.0226187 0.0510241 -0.0556568
-0.101234 -0.0556568 -0.51778

-0.0474447 -0.0236511 -0.097215
-0.0236511 -0.0718871 -0.0158148
-0.097215 -0.0158148 -0.75457

0.0692099 -0.00901185 -0.0916806
-0.00901185 0.0855401 -0.0798269
-0.0916806 -0.0798269 -0.781405

0.00646224 -0.00805888 -0.00938313
-0.00805888 0.000216008 -0.000462012
-0.00938313 -0.000462012 -0.0513945

0.0548682 -0.0170825 0.0798242
-0.0170825 0.0478181 0.0611307
0.0798242 0.0611307 -0.46566

0.0514464 0.025298 -0.0160063
0.025298 0.0747862 -0.0484809
-0.0160063 -0.0484809 -0.507555

-0.0472754 0.00118153 -0.000391843
0.00118153 -0.0480034 -0.00278904
-0.000391843 -0.00278904 0.00171173

-0.090997 -0.0054862 0.0259781
-0.0054862 -0.0429792 0.101228
0.0259781 0.101228 -1.22708

0.0712282 -0.0195941 0.077376
-0.0195941 0.0834593 0.0289199
0.077376 0.0289199 -0.455202

0.00970324 -0.00726568 -0.000460552
-0.00726568 -0.000911685 0.00534912
-0.000460552 0.00534912 -0.181839

-0.0966177 -0.00708298 0.00668979
-0.00708298 -0.0769164 0.00809311
0.00668979 0.00809311 -1.24328

-0.0140967 -0.00659704 -0.000412174
-0.00659704 -0.001125 -0.00446492
-0.000412174 -0.00446492 -0.217082

-0.0220562 -0.00446189 -0.000802433
-0.00446189 -0.00478376 -0.00426917
-0.000802433 -0.00426917 -0.221528

-0.141095 0.0283839 0.0193762
0.0283839 -0.0850739 -0.014494
0.0193762 -0.014494 -1.17082

-0.134367 -0.00150071 0.129616
-0.00150071 -0.148001 -0.0306953
0.129616 -0.0306953 -1.31875

0.0504368 0.00208577 0.0451648
0.00208577 0.0622412 -0.0177258
0.0451648 -0.0177258 -0.870061

0.00269823 -0.00089566 0.00304871
-0.00089566 0.00693804 0.00967331
0.00304871 0.00967331 -0.218411

-0.0272668 0.00776883 0.00142221
0.00776883 -0.00509742 -0.0048796
0.00142221 -0.0048796 0.00990872

-0.0462097 -0.000854841 -0.00190078
-0.000854841 -0.0514223 -0.000946248
-0.00190078 -0.000946248 0.007932

0.0960858 -0.0181393 -0.0963329
-0.0181393 0.116887 -0.041245
-0.0963329 -0.041245 -0.869113

0.030812 -0.0248477 0.0650082
-0.0248477 0.0464599 0.0244599
0.0650082 0.0244599 -0.520185

-0.0198241 -0.0199025 0.0594859
-0.0199025 -0.0259223 0.0459803
0.0594859 0.0459803 -0.58138

0.00735756 -0.00370253 -0.0364877
-0.00370253 0.0482992 0.00143003
-0.0364877 0.00143003 -0.307733

-0.00880523 -0.00415401 -0.00475451
-0.00415401 -0.0137862 -0.000768511
-0.00475451 -0.000768511 -0.031736

0.0754526 -0.0025767 0.00340355
-0.0025767 0.0671224 0.00746865
0.00340355 0.00746865 -0.171623

-0.0236659 0.0082799 0.162168
0.0082799 -0.0258569 -0.0771964
0.162168 -0.0771964 -1.09678

0.0597196 -0.00760785 0.0899673
-0.00760785 0.0247797 0.142769
0.0899673 0.142769 -0.873908

0.0765032 0.0176344 0.0180249
0.0176344 0.0736345 -0.0236095
0.0180249 -0.0236095 -0.263364

-0.0243752 -0.00363362 -0.00406183
-0.00363362 -0.027334 0.00177052
-0.00406183 0.00177052 -0.0502154

-0.0277656 -0.00430098 -0.00138146
-0.00430098 -0.0237682 -0.00171997
-0.00138146 -0.00171997 -0.23168

0.0159866 -0.0020607 -0.0137388
-0.0020607 0.00445132 -0.00476319
-0.0137388 -0.00476319 -0.0386044

-0.0540291 -0.0153068 0.0878114
-0.0153068 -0.0890477 0.0731941
0.0878114 0.0731941 -1.06887

0.0145189 0.011965 -0.00982314
0.011965 0.0313516 0.00468021
-0.00982314 0.00468021 -0.228583

-0.0417168 0.00316984 0.00276578
0.00316984 -0.0117832 -0.00718689
0.00276578 -0.00718689 0.0152912

-0.0184937 -0.00872669 -0.00152987
-0.00872669 -0.00857977 0.00157108
-0.00152987 0.00157108 -0.00917037

-0.0371136 0.000202461 0.0216895
0.000202461 0.000629506 -0.0211318
0.0216895 -0.0211318 -0.395184

0.0364281 0.0128895 0.0495271
0.0128895 0.0568388 -0.00742455
0.0495271 -0.00742455 -0.34092

-0.0659539 0.0018033 -0.00481481
0.0018033 -0.0750215 0.0030915
-0.00481481 0.0030915 -0.0162504

0.0896106 0.0283453 0.141667
0.0283453 -0.00418239 0.00475807
0.141667 0.00475807 -1.16613

0.0739369 -0.00677268 0.113053
-0.00677268 0.0666382 0.0269089
0.113053 0.0269089 -0.609471

-0.315134 0.0176662 -0.05965
0.0176662 -0.301003 -0.0212555
-0.05965 -0.0212555 -1.3421

0.00466819 0.00809826 -0.0110589
0.00809826 0.011099 -0.00390065
-0.0110589 -0.00390065 -0.258104

-0.028689 -0.0075098 -0.0010601
-0.0075098 -0.024165 -0.00397355
-0.0010601 -0.00397355 -0.0206099

0.0185494 0.0109872 -0.000939045
0.0109872 0.0521438 0.0098385
-0.000939045 0.0098385 -0.301754

-0.0420453 -0.0199058 0.0356767
-0.0199058 -0.0517045 0.0749239
0.0356767 0.0749239 -0.981871

0.0699641 -0.0105471 -0.00109057
-0.0105471 0.0389143 0.0402459
-0.00109057 0.0402459 -0.238276

-0.00689947 -0.0280822 0.0445211
-0.0280822 0.0614282 -0.0219533
0.0445211 -0.0219533 -0.448867

0.088381 -0.00511895 0.0742471
-0.00511895 0.106711 0.0100984
0.0742471 0.0100984 -0.369831

-0.0491137 -0.00390121 -0.00235218
-0.00390121 -0.0295116 0.00240131
-0.00235218 0.00240131 -0.0294998

0.0610282 -0.0128267 0.0451064
-0.0128267 0.0492764 0.141967
0.0451064 0.141967 -0.809014

-0.666629 0.0734135 -0.0114429
0.0734135 -1.12607 -0.145499
-0.0114429 -0.145499 -1.45747

-0.047085 0.00598659 0.000548764
0.00598659 -0.0549765 0.00308227
0.000548764 0.00308227 -0.00682813

0.0613659 -0.0153315 0.0587589
-0.0153315 0.0850504 0.0199204
0.0587589 0.0199204 -0.446775

0.0606874 0.0011185 -0.0102212
0.0011185 0.0932861 -0.00524132
-0.0102212 -0.00524132 -0.260431

-0.066502 0.000313022 0.000378645
0.000313022 -0.077046 0.00348667
0.000378645 0.00348667 -0.021127

-0.0340041 -0.00580919 -0.000949879
-0.00580919 -0.038366 -0.00101688
-0.000949879 -0.00101688 -0.239594

-0.00892135 -0.0235859 0.0467093
-0.0235859 0.080908 0.0272535
0.0467093 0.0272535 -0.474591

0.0242736 0.00390102 -0.0355514
0.00390102 0.0705875 0.00702472
-0.0355514 0.00702472 -0.292987

-0.00764345 -0.0083264 -0.0038077
-0.0083264 0.00203233 0.00449743
-0.0038077 0.00449743 0.0104972

-0.0344584 -0.0243854 0.0940385
-0.0243854 0.0159687 -0.0393183
0.0940385 -0.0393183 -0.858258

-0.0552893 0.000944578 -0.00291871
0.000944578 -0.0635253 0.00152539
-0.00291871 0.00152539 0.00620409

0.00196374 -0.00154764 0.000924769
-0.00154764 0.0029083 0.0102408
0.000924769 0.0102408 -0.0342869

-0.066345 -0.0156541 0.121459
-0.0156541 -0.0630852 -0.0841253
0.121459 -0.0841253 -1.17873

-0.180279 -0.0040156 0.0980501
-0.0040156 -0.154546 -0.0513402
0.0980501 -0.0513402 -1.31841

-0.00992373 -0.0024672 -0.0122429
-0.0024672 -0.0124007 -0.00364069
-0.0122429 -0.00364069 -0.213136

-0.0584593 -0.00410772 -0.00437121
-0.00410772 -0.0712312 -0.00508487
-0.00437121 -0.00508487 -0.00725808

0.0258397 -0.00965305 0.0329006
-0.00965305 0.0992764 -0.00927621
0.0329006 -0.00927621 -0.315266

-0.00270896 0.0081607 -0.0385054
0.0081607 0.0369546 -0.0217298
-0.0385054 -0.0217298 -0.347196

-0.422741 -0.0667065 0.0509456
-0.0667065 -0.259294 -0.0622969
0.0509456 -0.0622969 -1.53751

0.0157058 -0.000407481 -0.0153111
-0.000407481 0.0210091 0.010364
-0.0153111 0.010364 -0.275474

0.0126269 -0.0174232 0.0654504
-0.0174232 0.026704 0.00192336
0.0654504 0.00192336 -0.41723

-0.0194112 -0.00657524 -0.00327538
-0.00657524 -0.01634 -0.00182738
-0.00327538 -0.00182738 -0.00214746

-0.0397491 -0.00317784 -0.0047872
-0.00317784 -0.0479052 -0.00211816
-0.0047872 -0.00211816 -0.00487612

-0.0583042 -0.00230615 -0.0110798
-0.00230615 -0.0648709 -0.00128196
-0.0110798 -0.00128196 -0.0319158

0.00172703 -0.00260168 0.00436316
-0.00260168 -0.00515427 -0.0118959
0.00436316 -0.0118959 -0.2023

-0.13693 -0.0111611 0.106558
-0.0111611 -0.0850822 -0.155052
0.106558 -0.155052 -1.27297

-0.0177167 -0.00270486 -0.0149068
-0.00270486 0.0109914 0.00937844
-0.0149068 0.00937844 -0.233093

-0.00858192 -0.000603258 0.00612603
-0.000603258 -0.0156772 -0.0100168
0.00612603 -0.0100168 -0.0865063

0.096763 -0.00663079 -0.0236942
-0.00663079 0.129384 0.0674713
-0.0236942 0.0674713 -0.582589

-0.00536672 -0.000160443 -0.031653
-0.000160443 0.0414071 -0.0103125
-0.031653 -0.0103125 -0.328942

0.000502805 -0.00313632 -0.00813597
-0.00313632 -0.00201884 -0.00305814
-0.00813597 -0.00305814 -0.194359

0.0577125 -0.0214207 0.0203862
-0.0214207 0.00332963 0.0465264
0.0203862 0.0465264 -0.481002

0.00341108 0.00135973 0.0148197
0.00135973 -0.0216841 -0.0100111
0.0148197 -0.0100111 -0.143973

0.0175059 -0.00107674 0.00845384
-0.00107674 -0.016609 0.00123459
0.00845384 0.00123459 -0.970041

-0.0439189 -0.0073051 0.00313028
-0.0073051 -0.0379089 0.0127132
0.00313028 0.0127132 -0.264238

0.00145646 0.000223776 0.00796056
0.000223776 -0.0123466 -0.00825878
0.00796056 -0.00825878 -0.0827164

-0.19357 -0.00160396 0.0577776
-0.00160396 -0.11065 0.0905511
0.0577776 0.0905511 -1.36816

0.0591322 -0.00900551 -0.105193
-0.00900551 0.105531 -0.01873
-0.105193 -0.01873 -0.513584

0.0372492 -0.026789 0.0448858
-0.026789 0.05796 0.0666093
0.0448858 0.0666093 -0.52248

0.0102232 -0.01186 0.00504282
-0.01186 0.0015984 -0.0131435
0.00504282 -0.0131435 -0.288121

0.0222467 -0.000687092 -0.00278687
-0.000687092 0.00531413 -0.00990582
-0.00278687 -0.00990582 -0.135249

-0.0752469 -0.000717333 -0.00910338
-0.000717333 -0.0703449 -0.000959711
-0.00910338 -0.000959711 -0.0720517

0.0183956 0.00432232 -0.0487074
0.00432232 0.0469688 -0.0596623
-0.0487074 -0.0596623 -0.790386

0.0935141 -0.0128724 0.009669
-0.0128724 0.0801885 -0.027294
0.009669 -0.027294 -0.37548

-0.00890073 -0.0140334 0.0547109
-0.0140334 0.0130829 0.01505
0.0547109 0.01505 -0.439699

-0.0390645 0.00794126 0.0036112
0.00794126 -0.0287229 -0.00119255
0.0036112 -0.00119255 -0.113268

-0.0159511 0.00302428 0.00119229
0.00302428 -0.0195202 0.00266584
0.00119229 0.00266584 -0.102895

-0.00539951 0.000331187 -0.00578683
0.000331187 -0.0107812 -0.00262563
-0.00578683 -0.00262563 -0.192224

0.0346984 -0.00467743 -0.00755917
-0.00467743 0.0268283 0.00365024
-0.00755917 0.00365024 -0.171285

-0.0547333 0.00198756 -0.00105982
0.00198756 -0.0536763 0.00396323
-0.00105982 0.00396323 0.0113291

0.0541159 -0.00549311 0.0686696
-0.00549311 0.0910756 0.00721108
0.0686696 0.00721108 -0.375735

-0.0426712 -0.00016261 0.00158761
-0.00016261 -0.0589106 0.000349574
0.00158761 0.000349574 0.00391743

0.0194182 -0.00610157 0.0241943
-0.00610157 0.0622971 0.0082315
0.0241943 0.0082315 -0.263579

-0.0445692 -0.00346606 -0.00352194
-0.00346606 -0.0493477 0.00273842
-0.00352194 0.00273842 -0.0105259

-0.0166603 -0.0019549 -0.00155241
-0.0019549 -0.0136809 0.0061599
-0.00155241 0.0061599 -0.0447742

-0.0305358 0.00353877 -0.00132242
0.00353877 -0.0211998 0.00531652
-0.00132242 0.00531652 -0.0593297

0.0491033 0.00114721 0.00168601
0.00114721 0.0724481 0.0036772
0.00168601 0.0036772 -0.135026

0.0175628 -0.00697285 0.0566396
-0.00697285 0.0638105 0.00755687
0.0566396 0.00755687 -0.416012

-0.0559725 0.000436587 -0.00338567
0.000436587 -0.065308 0.00136092
-0.00338567 0.00136092 0.00613297

-0.0689207 -0.00545581 0.00638504
-0.00545581 -0.0542591 -0.00242661
0.00638504 -0.00242661 -0.0550571

-0.0693675 -0.00914726 -0.0126049
-0.00914726 -0.0372695 0.00463333
-0.0126049 0.00463333 -0.389892

0.0841504 -0.0185611 -0.00787305
-0.0185611 0.0572723 -0.0367293
-0.00787305 -0.0367293 -0.380998

0.0547979 -0.000707271 0.0289455
-0.000707271 0.0612175 0.0232557
0.0289455 0.0232557 -0.867055

0.00631142 0.0128852 0.0714559
0.0128852 0.0370739 -0.00297722
0.0714559 -0.00297722 -0.412754

0.000646091 0.00791428 -0.0298998
0.00791428 0.0411503 -0.000879154
-0.0298998 -0.000879154 -0.3293

-1.68244 0.00028867 0.116461
0.00028867 -1.68275 0.07036
0.116461 0.07036 -1.94503

-0.0315257 0.00372116 0.0206682
0.00372116 -0.031482 0.0144241
0.0206682 0.0144241 -1.03199

0.0745622 -0.000758497 0.00337824
-0.000758497 0.0423281 -0.0393524
0.00337824 -0.0393524 -0.391878

-0.0292058 0.0129166 0.0627599
0.0129166 0.00629189 -0.00276393
0.0627599 -0.00276393 -0.461234

0.00976003 -0.00594996 -0.0103663
-0.00594996 0.0238911 -0.00873261
-0.0103663 -0.00873261 -0.208837

-0.0580895 0.00165004 -0.00219016
0.00165004 -0.0718117 -0.00495987
-0.00219016 -0.00495987 -0.0675424

-0.0332307 -0.0107711 0.108782
-0.0107711 -0.0977283 -0.0545055
0.108782 -0.0545055 -1.06187

-0.022782 0.000239156 -0.00440385
0.000239156 -0.0100986 -8.0948e-05
-0.00440385 -8.0948e-05 -0.310954

-1.68244 0.00028867 0.116461
0.00028867 -1.68275 0.07036
0.116461 0.07036 -1.94503

-0.0313051 0.00239323 -0.084227
0.00239323 0.0093554 -0.0407149
-0.084227 -0.0407149 -0.636835

0.113667 -0.00823808 -0.00282542
-0.00823808 0.0663442 -0.0187986
-0.00282542 -0.0187986 -0.311776

0.0271165 -0.0124201 0.0100718
-0.0124201 0.0408844 0.0108674
0.0100718 0.0108674 -0.293769

-0.0134143 0.00194752 -0.101615
0.00194752 0.0156303 0.0404498
-0.101615 0.0404498 -0.810421

0.00139393 -0.0100536 0.0146375
-0.0100536 0.0250173 0.00948471
0.0146375 0.00948471 -0.309293

0.0272348 -0.00723098 0.00275958
-0.00723098 0.0576925 0.00548502
0.00275958 0.00548502 -0.227206

0.0594542 -0.00188596 0.00494146
-0.00188596 0.0438726 -0.00390628
0.00494146 -0.00390628 -0.191468

0.133835 0.018286 -0.00335129
0.018286 0.134706 -0.0356498
-0.00335129 -0.0356498 -0.687535

-0.00282434 -0.0254032 -0.0110732
-0.0254032 -0.0428148 -0.0169304
-0.0110732 -0.0169304 -0.237531

-0.0594441 -0.00296091 0.0025994
-0.00296091 -0.0640762 0.00125619
0.0025994 0.00125619 -0.00438433

0.00793818 0.0136369 -0.0100266
0.0136369 -0.00409672 -0.00593626
-0.0100266 -0.00593626 -0.216442

0.00677578 -0.00774225 -0.0302351
-0.00774225 0.073311 -0.0249843
-0.0302351 -0.0249843 -0.331295

-0.00308972 -0.0101086 -0.00869575
-0.0101086 -0.0143102 -0.00695986
-0.00869575 -0.00695986 -0.228022

-0.510839 -0.0473086 -0.051864
-0.0473086 -0.695909 0.0447112
-0.051864 0.0447112 -1.67859

-0.0111188 -0.00149951 -0.00886917
-0.00149951 -0.0167415 -0.00527312
-0.00886917 -0.00527312 -0.229889

-1.54773 -0.161659 -0.496791
-0.161659 -1.14379 -0.139859
-0.496791 -0.139859 -1.95054

-0.688908 0.0237416 -0.106263
0.0237416 -0.785498 -0.00259993
-0.106263 -0.00259993 -1.84358

-0.337183 -0.0721839 -0.0571002
-0.0721839 -0.356245 -0.0577264
-0.0571002 -0.0577264 -1.53865

-1.12374 -0.228534 -0.503076
-0.228534 -1.03953 -0.199745
-0.503076 -0.199745 -1.75306

-1.93118 -0.000454858 -0.636725
-0.000454858 -1.94546 0.0202565
-0.636725 0.0202565 -2.38259

-2.08953 0.00437258 -0.375429
0.00437258 -2.09066 -0.330053
-0.375429 -0.330053 -2.63357

-1.9619 0.00365146 -0.505054
0.00365146 -1.96942 -0.204986
-0.505054 -0.204986 -2.42602

-0.0905485 0.0140629 0.00678585
0.0140629 -0.026462 -0.00426375
0.00678585 -0.00426375 -1.41853

0.0516561 0.0987561 -0.0412119
0.0987561 -0.0144546 0.0125405
-0.0412119 0.0125405 -1.36765

0.0148013 -0.00221865 0.00123943
-0.00221865 0.0159532 0.000698816
0.00123943 0.000698816 -0.169604

-1.68244 0.00028867 0.116461
0.00028867 -1.68275 0.07036
0.116461 0.07036 -1.94503

-0.642774 -0.0897902 0.154736
-0.0897902 -1.09094 0.0326968
0.154736 0.0326968 -1.3856

-0.253345 0.0185252 -0.0876799
0.0185252 -0.254475 0.0193289
-0.0876799 0.0193289 -1.11552

-0.0262134 -0.0448728 -0.0743685
-0.0448728 0.0156463 -0.004275
-0.0743685 -0.004275 -0.931115

-1.93118 -0.000454858 -0.636725
-0.000454858 -1.94546 0.0202565
-0.636725 0.0202565 -2.38259

-1.04332 0.213508 -0.476225
0.213508 -0.986294 0.240922
-0.476225 0.240922 -1.59616

-0.247054 0.0714492 -0.102189
0.0714492 -0.363394 0.112957
-0.102189 0.112957 -1.62756

-0.69193 -0.0238824 -0.199131
-0.0238824 -0.715292 0.0285203
-0.199131 0.0285203 -1.94616

-1.19697 0.118796 -0.479554
0.118796 -0.661814 0.0526436
-0.479554 0.0526436 -1.52164

-2.19054 -0.00558439 -0.397372
-0.00558439 -2.19052 0.398082
-0.397372 0.398082 -2.80332

-1.84686 -0.00396976 -0.503822
-0.00396976 -1.85405 0.223506
-0.503822 0.223506 -2.23298

-2.19054 -0.00558439 -0.397372
-0.00558439 -2.19052 0.398082
-0.397372 0.398082 -2.80332

-0.0273633 -0.00116665 0.000766013
-0.00116665 -0.0198644 -0.000809411
0.000766013 -0.000809411 -0.0519775

-0.00306202 0.0048748 0.0108335
0.0048748 -0.0154723 -0.00830526
0.0108335 -0.00830526 -0.16007

-0.253972 -0.13482 -0.108616
-0.13482 -0.141063 0.149291
-0.108616 0.149291 -1.5188

-0.256999 -0.089829 -0.115379
-0.089829 0.121514 0.139826
-0.115379 0.139826 -1.41897

-0.231233 -0.0157553 -0.0158745
-0.0157553 -0.244445 -0.058
-0.0158745 -0.058 -1.11382

-0.101023 0.0340921 -0.011614
0.0340921 -0.0264999 -0.0561052
-0.011614 -0.0561052 -0.98144

-0.0376731 0.00773495 0.0190234
0.00773495 -0.0773195 0.0878942
0.0190234 0.0878942 -1.17409

-0.0794564 -0.058887 0.085284
-0.058887 -0.040141 0.0653806
0.085284 0.0653806 -1.15951

-0.093866 -0.0319226 0.115475
-0.0319226 -0.158244 0.0287238
0.115475 0.0287238 -1.30054

0.000834557 -0.03021 0.0861439
-0.03021 -0.0980478 0.0314961
0.0861439 0.0314961 -1.22733

-0.213479 -0.0130438 0.100446
-0.0130438 -0.308841 -0.123063
0.100446 -0.123063 -1.04427

0.0123529 0.0143497 0.136853
0.0143497 -0.0735083 -0.0392764
0.136853 -0.0392764 -1.20381

-0.027644 0.000455575 0.00181446
0.000455575 -0.0160578 0.000625723
0.00181446 0.000625723 -0.06789

0.121364 -0.0213218 0.169581
-0.0213218 -0.0141995 -0.0338382
0.169581 -0.0338382 -1.17351

-0.00427064 -0.00215939 0.0118021
-0.00215939 -0.0152051 -0.0153088
0.0118021 -0.0153088 -0.144945

-0.0448706 -0.00768128 0.113099
-0.00768128 -0.0695857 -0.105515
0.113099 -0.105515 -1.17051

-0.0258204 -0.0122014 0.0762504
-0.0122014 -0.0771998 -0.127241
0.0762504 -0.127241 -1.17111

-0.0562777 0.00732833 -0.0219218
0.00732833 -0.0453106 0.0515806
-0.0219218 0.0515806 -0.429023

0.02052 -0.0166589 0.089855
-0.0166589 0.0267443 0.109443
0.089855 0.109443 -1.06543

0.131585 0.016098 -0.001181
0.016098 0.108599 0.0215169
-0.001181 0.0215169 -0.668203

-0.10137 -0.02327 0.0767626
-0.02327 -0.0578155 0.0916144
0.0767626 0.0916144 -1.18377

-0.132733 -0.0103354 -0.00877369
-0.0103354 -0.0722606 0.188916
-0.00877369 0.188916 -1.17932

-0.033862 -0.0535378 0.0974659
-0.0535378 -0.0622123 0.15045
0.0974659 0.15045 -0.985951

-0.0497073 -0.0173423 0.0920283
-0.0173423 -0.0631782 0.123981
0.0920283 0.123981 -0.968345

0.0186565 -0.0183889 -0.123992
-0.0183889 0.0449007 0.0702421
-0.123992 0.0702421 -0.828952

-0.0348733 -0.00605926 -0.00249127
-0.00605926 -0.0152214 0.00124534
-0.00249127 0.00124534 -0.0341772

-1.13352 0.269021 0.220527
0.269021 -0.458811 -0.0654927
0.220527 -0.0654927 -1.44074

-0.0175097 -1.7834e-06 0.0753527
-1.7834e-06 0.0532816 -0.111314
0.0753527 -0.111314 -1.06873

0.0610434 0.0118397 0.10446
0.0118397 0.0186606 -0.0449551
0.10446 -0.0449551 -1.04096

-0.0574893 -0.00282747 0.00401906
-0.00282747 -0.0309863 -0.00246501
0.00401906 -0.00246501 -0.0502352

0.0953957 -0.0230498 -0.00191841
-0.0230498 0.040609 -0.0299979
-0.00191841 -0.0299979 -0.333648

-0.0291139 -0.00505986 -0.00336096
-0.00505986 -0.0131031 0.00333009
-0.00336096 0.00333009 -0.0419801

0.0095756 -0.0333167 0.106706
-0.0333167 0.0290087 0.126746
0.106706 0.126746 -0.804034

0.00188673 -0.0140268 0.0955105
-0.0140268 -0.00376299 0.144568
0.0955105 0.144568 -0.889735

0.0549891 -0.0191916 -0.16281
-0.0191916 0.0680816 0.052055
-0.16281 0.052055 -0.790336

-0.0137763 -0.00388858 -0.00235338
-0.00388858 -0.0164165 0.00513703
-0.00235338 0.00513703 -0.0542467

-0.0216103 -0.00339853 -0.0248292
-0.00339853 0.0160065 -0.00222958
-0.0248292 -0.00222958 -0.364576

-0.0484366 -0.0053742 -0.00106797
-0.0053742 -0.0419011 -0.00240657
-0.00106797 -0.00240657 -0.0363382

-0.0556416 0.0165213 0.132801
0.0165213 -0.0082889 -0.0638707
0.132801 -0.0638707 -0.801218

0.0057347 0.018138 0.129954
0.018138 0.0533459 -0.0502132
0.129954 -0.0502132 -0.693877

-0.0473934 0.0207803 0.103902
0.0207803 -0.00971357 -0.10839
0.103902 -0.10839 -0.80245

-0.0114826 -0.00395724 0.00389826
-0.00395724 0.0124775 0.00209833
0.00389826 0.00209833 -0.218353

-0.415689 -0.0206068 -0.102729
-0.0206068 -0.306327 -0.0562176
-0.102729 -0.0562176 -1.44

0.0036606 0.000761037 0.0994775
0.000761037 0.0799568 0.0505163
0.0994775 0.0505163 -0.654117

-0.0376447 -0.00686952 -0.00200374
-0.00686952 -0.0188065 -2.43661e-05
-0.00200374 -2.43661e-05 -0.0305687

-0.0426637 -0.0260008 0.0452014
-0.0260008 -0.0201978 0.0770269
0.0452014 0.0770269 -0.660078

-0.0450415 -0.0159491 0.0753619
-0.0159491 -0.0294138 0.0671197
0.0753619 0.0671197 -0.656095

-0.0343194 0.000647396 0.090606
0.000647396 -0.0748994 0.114989
0.090606 0.114989 -0.832498

-0.0350043 -0.00977553 0.0362085
-0.00977553 -0.058173 0.140178
0.0362085 0.140178 -0.827445

0.05479 -0.0101546 0.019002
-0.0101546 0.0160042 0.0439284
0.019002 0.0439284 -0.520696

0.0118099 -0.00569702 0.0204233
-0.00569702 -0.00289235 0.0415757
0.0204233 0.0415757 -0.619316

0.0821492 0.00129211 -0.0188952
0.00129211 0.0977969 -0.1618
-0.0188952 -0.1618 -0.838555

0.0421667 -0.00732033 -0.0857675
-0.00732033 0.115696 -0.0188027
-0.0857675 -0.0188027 -0.653063

0.0131173 0.022245 0.100606
0.022245 0.0498616 -0.0954497
0.100606 -0.0954497 -0.696269

0.00246088 0.0192403 0.0826504
0.0192403 -0.00335365 -0.0923913
0.0826504 -0.0923913 -0.637905

0.0819028 0.00599355 -0.000301061
0.00599355 0.0163061 -0.0312608
-0.000301061 -0.0312608 -0.348112

-0.0518149 -0.00465893 0.000499584
-0.00465893 -0.0464897 -0.00355451
0.000499584 -0.00355451 -0.0439233

0.0253432 0.0239825 0.0973411
0.0239825 0.00798925 -0.0769825
0.0973411 -0.0769825 -0.625141

-0.0147379 0.00131183 -0.00978189
0.00131183 -0.0214833 0.000878577
-0.00978189 0.000878577 -0.206519

0.0508881 -0.0131177 0.018488
-0.0131177 0.0337063 0.0280354
0.018488 0.0280354 -0.332437

0.0468536 -0.0216079 -0.00858255
-0.0216079 0.0548605 0.0758633
-0.00858255 0.0758633 -0.638591

-0.0042599 -0.00635496 0.0658249
-0.00635496 0.0293412 0.0367303
0.0658249 0.0367303 -0.50758

0.0258704 -0.0201496 0.0828333
-0.0201496 0.0829733 0.0139992
0.0828333 0.0139992 -0.498796

-0.0195193 -0.0246186 0.0234055
-0.0246186 -0.0593877 0.174917
0.0234055 0.174917 -0.987103

-0.0329606 0.00334591 0.015356
0.00334591 -0.043654 0.201272
0.015356 0.201272 -1.07636

-0.0171743 0.00177475 0.0306735
0.00177475 -0.035432 0.143105
0.0306735 0.143105 -1.0477

-0.0271261 0.0132519 0.0646527
0.0132519 0.020078 -0.0215529
0.0646527 -0.0215529 -0.512524

-0.365106 -0.025279 0.00412167
-0.025279 -0.394704 0.0301044
0.00412167 0.0301044 -1.37234

0.0788697 0.0196107 0.0752392
0.0196107 0.0624455 -0.0390215
0.0752392 -0.0390215 -0.548334

0.0562241 0.0152272 0.0608553
0.0152272 0.0541042 -0.0540966
0.0608553 -0.0540966 -0.559885

0.0574775 -0.0168906 0.0625611
-0.0168906 0.0991456 0.0279557
0.0625611 0.0279557 -0.365972

0.0719719 -0.028577 0.0613286
-0.028577 0.0879715 0.0304139
0.0613286 0.0304139 -0.364673

-0.0312125 -0.00528553 -0.000142264
-0.00528553 -0.0105405 0.0020872
-0.000142264 0.0020872 -0.0240751

0.0989183 -0.00699533 -0.012713
-0.00699533 0.0825693 -0.0246278
-0.012713 -0.0246278 -0.368448

-0.0323635 -0.0191864 0.0385112
-0.0191864 -0.0523585 0.145057
0.0385112 0.145057 -1.00125

0.0134071 -0.0165653 0.0443662
-0.0165653 -0.0219324 0.0635405
0.0443662 0.0635405 -0.524488

-0.0848723 0.016369 -0.100951
0.016369 -0.116743 0.0198547
-0.100951 0.0198547 -1.25462

-0.0725449 0.0244967 -0.0951674
0.0244967 -0.107959 0.0268442
-0.0951674 0.0268442 -1.22945

0.00464063 0.0139305 0.0736103
0.0139305 0.0596538 -0.0196171
0.0736103 -0.0196171 -0.438246

0.0260457 0.0160821 0.0584509
0.0160821 0.0683944 -0.0286714
0.0584509 -0.0286714 -0.431214

0.000332786 0.0132056 0.0556643
0.0132056 0.0177575 -0.0337971
0.0556643 -0.0337971 -0.422687

0.0319806 0.00157294 0.056416
0.00157294 0.0393442 -0.0691798
0.056416 -0.0691798 -0.5638

0.0406492 0.0270122 0.0421962
0.0270122 0.0644182 -0.04251
0.0421962 -0.04251 -0.391093

0.0956301 0.0267589 0.0362284
0.0267589 0.127509 -0.0596097
0.0362284 -0.0596097 -0.296439

0.099893 -0.000120587 0.0823295
-0.000120587 0.077154 -0.0574684
0.0823295 -0.0574684 -0.462753

0.0145378 -0.0101059 0.00618405
-0.0101059 0.0221738 0.0134553
0.00618405 0.0134553 -0.331767

0.0127087 -0.0330084 0.0284519
-0.0330084 0.0398638 0.00925632
0.0284519 0.00925632 -0.33063

0.0117038 0.00267839 0.115047
0.00267839 -0.0184077 0.0243389
0.115047 0.0243389 -1.12849

-0.00224805 -0.00667718 -0.0132481
-0.00667718 0.00252406 -0.00382842
-0.0132481 -0.00382842 -0.182752

-0.00123753 -0.0069832 -0.001019
-0.0069832 -0.00111601 -0.0146704
-0.001019 -0.0146704 -0.180965

0.0200586 -0.00802752 0.0502657
-0.00802752 0.0750758 -0.00301765
0.0502657 -0.00301765 -0.318834

0.0215561 0.000913225 -0.013223
0.000913225 0.0309908 -0.00217617
-0.013223 -0.00217617 -0.16435

-0.00631783 0.00196413 0.032055
0.00196413 0.0275732 0.0163777
0.032055 0.0163777 -0.34099

0.0239652 0.0156968 0.0503574
0.0156968 0.0802243 0.00307084
0.0503574 0.00307084 -0.315391

-0.0033993 -0.00687286 0.006589
-0.00687286 -0.00135881 -0.00758134
0.006589 -0.00758134 -0.183189

0.00528644 -0.0206954 -0.0925671
-0.0206954 0.0214278 -0.0406176
-0.0925671 -0.0406176 -0.688582

0.0777524 -0.00994511 0.0356433
-0.00994511 -0.0100659 -0.187565
0.0356433 -0.187565 -0.592097

-0.0705516 0.0297211 -0.0928246
0.0297211 -0.0807665 0.0273165
-0.0928246 0.0273165 -1.25271

0.0291426 0.0193514 0.0311506
0.0193514 0.0437236 -0.026449
0.0311506 -0.026449 -0.356184

0.0125068 -0.00360068 0.00305085
-0.00360068 0.0254126 -0.0164274
0.00305085 -0.0164274 -0.192708

-0.00726016 -0.0114875 -0.00109169
-0.0114875 0.0157621 -0.0158742
-0.00109169 -0.0158742 -0.203466

0.00359349 -0.0225912 0.0122307
-0.0225912 0.0158337 0.0216011
0.0122307 0.0216011 -0.311266

0.0155904 -0.00428703 0.0124178
-0.00428703 0.0320135 0.00687017
0.0124178 0.00687017 -0.283193

-0.0350727 -0.0022581 -0.00279148
-0.0022581 -0.022264 0.000328356
-0.00279148 0.000328356 -0.000797847

0.0140771 -0.00401707 0.0128729
-0.00401707 0.0296808 0.00549431
0.0128729 0.00549431 -0.284667

0.0283616 0.000647521 0.025306
0.000647521 0.0657119 0.000894256
0.025306 0.000894256 -0.284568

0.0138934 0.00643448 0.0229659
0.00643448 0.0330074 -0.0126638
0.0229659 -0.0126638 -0.274396

0.0218423 0.00870598 0.0225346
0.00870598 0.0485074 -0.0131573
0.0225346 -0.0131573 -0.265541

-0.0395546 -0.00382694 0.00740289
-0.00382694 -0.0318036 -0.00105926
0.00740289 -0.00105926 -0.130131

0.0814345 0.00869825 -0.0101746
0.00869825 0.0351643 -0.0722544
-0.0101746 -0.0722544 -0.558462

0.111502 -0.00632781 0.00119341
-0.00632781 0.0640195 -0.0194844
0.00119341 -0.0194844 -0.313637

0.00843757 -0.00700157 -0.00157258
-0.00700157 0.0323071 0.00076282
-0.00157258 0.00076282 -0.272482

0.00763543 -0.008114 -0.00127661
-0.008114 0.0282653 -9.42587e-05
-0.00127661 -9.42587e-05 -0.274301

-0.0436214 0.0345294 -0.0834404
0.0345294 -0.0569352 0.0311431
-0.0834404 0.0311431 -1.22049

-0.0708732 0.00402007 -0.128764
0.00402007 -0.0331899 0.0187095
-0.128764 0.0187095 -0.906536

0.00937927 -0.0125221 0.0120273
-0.0125221 -0.0129969 -0.00967073
0.0120273 -0.00967073 -0.278811

0.0118729 -0.00837753 -0.164861
-0.00837753 0.05263 -0.0628121
-0.164861 -0.0628121 -0.847247

0.0215314 0.00804774 -0.00922306
0.00804774 -0.0310369 -0.116106
-0.00922306 -0.116106 -0.653799

0.018566 0.00682178 -0.00639431
0.00682178 0.0411661 -0.0132331
-0.00639431 -0.0132331 -0.257266

-0.0120712 0.0138889 0.0580304
0.0138889 0.0205633 0.0411655
0.0580304 0.0411655 -0.483481

-0.0389681 0.00489201 0.00259979
0.00489201 -0.0533088 0.00304462
0.00259979 0.00304462 -0.00279076

0.0220515 -0.0133381 -0.00381394
-0.0133381 0.013723 -0.134453
-0.00381394 -0.134453 -0.725973

-0.0364415 0.00418752 -0.00165673
0.00418752 -0.0115821 -0.00140879
-0.00165673 -0.00140879 -0.0147312

0.0286169 0.00961568 -0.00687909
0.00961568 0.0579514 -0.0138701
-0.00687909 -0.0138701 -0.247102

0.00416636 0.00197139 -0.000698009
0.00197139 0.0183134 -0.0292704
-0.000698009 -0.0292704 -0.225753

0.0275896 0.00934055 0.00611237
0.00934055 0.016976 -0.0189483
0.00611237 -0.0189483 -0.240532

-0.00185722 0.00150073 0.00712905
0.00150073 -0.00982409 -0.0177114
0.00712905 -0.0177114 -0.261854

0.0254212 0.00588759 0.00381016
0.00588759 0.0197456 -0.010206
0.00381016 -0.010206 -0.25478

0.0168342 0.0022895 0.0121657
0.0022895 0.0132959 -0.0203415
0.0121657 -0.0203415 -0.223138

0.0316504 0.00518399 0.00562765
0.00518399 0.0140945 -0.0175694
0.00562765 -0.0175694 -0.233451

0.0110449 -0.00290388 -0.143972
-0.00290388 0.054922 0.032061
-0.143972 0.032061 -0.859809

0.198557 0.0190184 -0.00537457
0.0190184 0.146008 0.0224524
-0.00537457 0.0224524 -0.629973

0.00404573 -0.00190343 -0.0167617
-0.00190343 0.00760574 0.000492863
-0.0167617 0.000492863 -0.241934

0.0192617 -0.0050095 -0.00893183
-0.0050095 0.0181701 -0.00171239
-0.00893183 -0.00171239 -0.233332

-0.00993064 -0.00107334 -0.0129114
-0.00107334 -0.0026881 -0.0105877
-0.0129114 -0.0105877 -0.194311

-0.00555091 0.000550432 -0.0110075
0.000550432 0.00312844 -0.00373567
-0.0110075 -0.00373567 -0.191014

-0.00723929 0.00349375 0.00687604
0.00349375 -0.00176689 0.000992007
0.00687604 0.000992007 -0.0734871

0.0101984 0.00624097 -0.00717127
0.00624097 0.0242454 -0.0188796
-0.00717127 -0.0188796 -0.200935

0.0113298 0.0106631 -0.000797294
0.0106631 0.0156219 -0.00152014
-0.000797294 -0.00152014 -0.201456

-0.0143172 0.00197782 -0.0136869
0.00197782 0.00466258 5.164e-05
-0.0136869 5.164e-05 -0.201643

0.00724027 -0.00543971 -0.0114075
-0.00543971 -0.0090052 -0.00596826
-0.0114075 -0.00596826 -0.209397

0.0963951 0.013398 0.103637
0.013398 0.10987 -0.102027
0.103637 -0.102027 -0.928402

0.0184117 0.0106951 -0.0175021
0.0106951 0.0164534 0.00575498
-0.0175021 0.00575498 -0.242333

-0.0495995 0.00406786 -0.00225059
0.00406786 -0.0266118 -0.00104988
-0.00225059 -0.00104988 -0.0419977

-0.0171535 0.00396059 -0.0169779
0.00396059 -0.0219807 -0.00201221
-0.0169779 -0.00201221 -0.191253

-0.00558377 0.000583772 -0.0135081
0.000583772 0.00261246 -0.0135665
-0.0135081 -0.0135665 -0.187298

-0.00628933 -0.00572942 0.00653901
-0.00572942 -0.00964598 0.00508193
0.00653901 0.00508193 -0.076562

0.00254688 -0.00363958 0.0119507
-0.00363958 -0.0134023 0.00383674
0.0119507 0.00383674 -0.0955531

-0.00364132 0.00203372 -0.0114713
0.00203372 0.00445897 -0.00639033
-0.0114713 -0.00639033 -0.186796

-0.00759976 -0.00134806 -0.0172617
-0.00134806 0.00655302 -0.00652939
-0.0172617 -0.00652939 -0.150375

-0.00312433 -0.0016436 -0.0194127
-0.0016436 0.00956028 -0.0061921
-0.0194127 -0.0061921 -0.146917

-0.000733178 0.00485783 -0.0157165
0.00485783 0.0111139 3.01678e-05
-0.0157165 3.01678e-05 -0.145267

0.0155332 0.01267 -0.0166959
0.01267 0.0172846 -0.00676307
-0.0166959 -0.00676307 -0.149561

0.0204546 0.00352943 -0.00682155
0.00352943 0.0360633 0.0117135
-0.00682155 0.0117135 -0.138324

-0.00802497 0.00318141 -0.010409
0.00318141 0.00376573 0.00455522
-0.010409 0.00455522 -0.188758

0.0193609 -0.00941201 0.0143549
-0.00941201 0.00902948 0.0402698
0.0143549 0.0402698 -0.268713

-0.00741483 0.00603161 -0.0105982
0.00603161 -0.00525238 -0.00403452
-0.0105982 -0.00403452 -0.0905434

-0.172978 0.0140099 -0.0827582
0.0140099 -0.176397 -0.071705
-0.0827582 -0.071705 -1.28191

0.000379977 0.00817755 0.0127811
0.00817755 -0.00608313 -0.00205375
0.0127811 -0.00205375 -0.0934051

-0.170282 -0.00534864 -0.0346096
-0.00534864 -0.212083 -0.0393426
-0.0346096 -0.0393426 -1.25733

-0.0302219 0.000893816 0.00176338
0.000893816 -0.0162013 -4.00897e-05
0.00176338 -4.00897e-05 -0.0663133

-0.129943 -0.0236566 -0.0405763
-0.0236566 -0.132451 -0.0494483
-0.0405763 -0.0494483 -1.22868

-0.0967157 0.0112065 -0.0831918
0.0112065 -0.0363623 -0.0717284
-0.0831918 -0.0717284 -1.21288

-0.00818247 -0.000682888 -0.0163946
-0.000682888 -0.00940418 0.000911264
-0.0163946 0.000911264 -0.145648

-0.0510846 0.0049103 -0.00311538
0.0049103 -0.0269579 -0.0011666
-0.00311538 -0.0011666 -0.0428221

0.001452 0.00154363 0.00785774
0.00154363 0.00346739 -0.00814503
0.00785774 -0.00814503 -0.0827212

-0.0104863 -0.00154282 0.00355023
-0.00154282 -0.00764145 -0.0105118
0.00355023 -0.0105118 -0.0920244

0.0037042 0.00426465 -0.0178291
0.00426465 0.0143581 0.000426529
-0.0178291 0.000426529 -0.141505

-0.00537148 -0.00249656 -0.0120517
-0.00249656 0.00526458 0.00304713
-0.0120517 0.00304713 -0.130234

-0.0319268 -0.00653071 -0.0182778
-0.00653071 -0.0182226 -0.000856935
-0.0182778 -0.000856935 -0.191726

-0.00935374 -0.00399599 -0.0129989
-0.00399599 -0.00629377 0.00906658
-0.0129989 0.00906658 -0.147622

3.73679e-05 -0.00240962 -0.020558
-0.00240962 0.00881031 -0.000859116
-0.020558 -0.000859116 -0.125078

-0.0133262 0.0100264 -0.00652042
0.0100264 -0.0156668 -0.00195666
-0.00652042 -0.00195666 -0.0959044

-0.00212819 0.00728474 -0.00830317
0.00728474 -0.00661753 0.0070528
-0.00830317 0.0070528 -0.089869

-0.00174379 0.00387126 -0.00881555
0.00387126 0.00460976 3.5781e-05
-0.00881555 3.5781e-05 -0.10204

-0.0156543 0.00149333 -0.00493008
0.00149333 -0.0156781 0.000948056
-0.00493008 0.000948056 -0.127761

-0.0120898 0.00253103 -0.0065361
0.00253103 -0.0180782 0.00189822
-0.0065361 0.00189822 -0.127114

-0.0149282 -0.000927292 -0.0112734
-0.000927292 0.00516578 0.004882
-0.0112734 0.004882 -0.104657

0.00912198 -0.000150639 -0.0187908
-0.000150639 0.0116856 0.000401761
-0.0187908 0.000401761 -0.106127

-0.00982946 -0.00167102 -0.0199134
-0.00167102 -0.00408226 -0.00109952
-0.0199134 -0.00109952 -0.098914

-0.00154653 -0.00233587 -0.0181908
-0.00233587 0.00390831 -0.00368641
-0.0181908 -0.00368641 -0.0867179

-0.0133114 -0.00154423 -0.0189128
-0.00154423 -0.0111465 0.00475987
-0.0189128 0.00475987 -0.101782

0.00132743 0.000604183 -0.0211031
0.000604183 0.00725889 0.00672533
-0.0211031 0.00672533 -0.11649

-0.00459368 -0.000354545 -0.0129826
-0.000354545 0.00195016 0.0105593
-0.0129826 0.0105593 -0.122598

0.0874553 -0.0113876 0.11846
-0.0113876 0.0858619 0.0382785
0.11846 0.0382785 -0.567953

-0.0107567 0.0174646 -0.00507135
0.0174646 -0.015701 0.00289225
-0.00507135 0.00289225 -0.0725384

-0.00494714 0.00171885 -0.000912704
0.00171885 0.00216747 0.00199536
-0.000912704 0.00199536 -0.0743265

-0.00125034 0.00107279 0.0031055
0.00107279 0.00236667 -0.00368961
0.0031055 -0.00368961 -0.0707158

-0.00229156 0.00590231 -0.00725106
0.00590231 -0.00799566 0.00110256
-0.00725106 0.00110256 -0.0908989

-0.00890574 0.005937 -0.00656962
0.005937 -0.00893683 -7.67792e-05
-0.00656962 -7.67792e-05 -0.0927097

-0.0107243 0.00632441 -0.00655009
0.00632441 -0.00967945 -0.0041187
-0.00655009 -0.0041187 -0.13461

-0.004236 0.00582428 -0.00945626
0.00582428 -0.0208344 -0.00227397
-0.00945626 -0.00227397 -0.0793665

0.00727961 -0.000653476 -0.00801914
-0.000653476 -0.0132733 0.000778507
-0.00801914 0.000778507 -0.0733908

-0.00114947 -0.00164369 -0.0172727
-0.00164369 0.00299812 -0.00396256
-0.0172727 -0.00396256 -0.086345

-0.00442356 -0.00229131 -0.0172362
-0.00229131 -0.00199309 0.00195731
-0.0172362 0.00195731 -0.088962

-0.0148055 -0.00791028 -0.00936052
-0.00791028 -0.00470413 -0.00153072
-0.00936052 -0.00153072 -0.0809757

-0.00867496 -0.00390346 -0.0113553
-0.00390346 -0.00287753 0.00775821
-0.0113553 0.00775821 -0.111158

-0.000407287 -0.00283974 -0.00939484
-0.00283974 0.00118821 0.0111663
-0.00939484 0.0111663 -0.0946149

-0.0136113 -0.00385871 -0.00385999
-0.00385871 -0.00793518 -0.00147165
-0.00385999 -0.00147165 -0.0838559

-0.011083 -0.00522241 -0.00844637
-0.00522241 -0.0235548 0.00786566
-0.00844637 0.00786566 -0.0985179

-0.0155819 0.0109922 -0.00204722
0.0109922 -0.0291329 -0.00219497
-0.00204722 -0.00219497 -0.0477867

-0.0103219 0.00926965 -0.00460295
0.00926965 -0.0272079 0.00174367
-0.00460295 0.00174367 -0.0448142

-0.00474325 0.003564 -0.0103095
0.003564 -0.0149674 -0.00333564
-0.0103095 -0.00333564 -0.0607375

-0.0158756 0.00707863 -4.70008e-05
0.00707863 -0.0211702 0.0033415
-4.70008e-05 0.0033415 -0.0457118

-0.00796319 0.00668328 -0.00878708
0.00668328 -0.0101185 -0.00264006
-0.00878708 -0.00264006 -0.133469

-0.00649756 0.00627111 -0.00684975
0.00627111 -0.00403083 0.00646216
-0.00684975 0.00646216 -0.0909713

-0.00911549 -0.00236001 -0.0109121
-0.00236001 -0.0200706 -0.00181748
-0.0109121 -0.00181748 -0.080104

-0.00681759 -0.00117873 -0.00824274
-0.00117873 -0.0202837 -0.00521162
-0.00824274 -0.00521162 -0.0523767

-0.0189292 0.00214192 -0.0101663
0.00214192 -0.0179817 -0.00390877
-0.0101663 -0.00390877 -0.0996078

-0.0156349 -0.000868836 -0.000533222
-0.000868836 -0.0106602 -0.00304151
-0.000533222 -0.00304151 -0.0652808

-0.0071095 0.000663609 0.00123443
0.000663609 0.00142601 0.00159821
0.00123443 0.00159821 -0.0564307

-0.0345524 0.010894 0.00491696
0.010894 -0.0216932 0.00242743
0.00491696 0.00242743 -0.0388565

-0.0389601 0.00743936 0.00477585
0.00743936 -0.0179432 0.00253615
0.00477585 0.00253615 -0.0391007

-0.00265309 0.00993744 -0.0061182
0.00993744 -0.0170872 -0.000123486
-0.0061182 -0.000123486 -0.0235324

-0.0152273 0.0162922 -0.00852907
0.0162922 -0.0376895 0.000933864
-0.00852907 0.000933864 -0.0354001

-0.0170273 0.0161378 -0.00242279
0.0161378 -0.0232035 0.00168432
-0.00242279 0.00168432 -0.0192702

-0.0342693 0.00311772 0.00196314
0.00311772 -0.0375615 0.00530817
0.00196314 0.00530817 0.00578731

0.0243611 -0.00132815 0.0608607
-0.00132815 0.0209795 -0.0686565
0.0608607 -0.0686565 -0.914906

-0.0385978 0.00888507 0.000664245
0.00888507 -0.0236706 0.00353484
0.000664245 0.00353484 -0.0275164

-0.0111242 0.000939689 0.00116477
0.000939689 -0.0193498 0.0120324
0.00116477 0.0120324 -0.112683

0.0102512 0.00128856 -0.0111324
0.00128856 -0.00251142 0.00582094
-0.0111324 0.00582094 -0.0177414

-0.00596933 -0.00559254 0.00390501
-0.00559254 -0.00721466 0.00584313
0.00390501 0.00584313 -0.0794593

-0.0165473 -0.0116446 -0.0103534
-0.0116446 -0.0280004 -0.000519093
-0.0103534 -0.000519093 -0.0294299

0.0902709 0.00145304 0.090065
0.00145304 0.0841317 0.0347114
0.090065 0.0347114 -0.596363

-0.0200615 -0.00565194 0.000346443
-0.00565194 -0.0177557 -0.00355239
0.000346443 -0.00355239 -0.0152597

-0.0313773 0.00512321 0.000104096
0.00512321 -0.00757544 -0.000870968
0.000104096 -0.000870968 -0.0102294

0.0966468 0.00336955 0.0164119
0.00336955 0.102053 0.00298032
0.0164119 0.00298032 -0.239092

-0.0958904 0.0143563 0.107897
0.0143563 -0.0536587 -0.0514208
0.107897 -0.0514208 -1.09021

0.0577666 0.0135078 0.0202051
0.0135078 0.0795106 -0.0164723
0.0202051 -0.0164723 -0.256092

-0.0381072 0.00861737 -0.0099295
0.00861737 -0.0593084 -0.00697963
-0.0099295 -0.00697963 -0.00173962

0.00364722 -0.00380704 0.000627669
-0.00380704 0.00519625 0.0101177
0.000627669 0.0101177 -0.0989636

-0.0187447 0.0115533 -0.00470335
0.0115533 -0.0239995 -0.00200849
-0.00470335 -0.00200849 -0.00496024

-0.0195462 0.0112444 -0.0296521
0.0112444 0.0097038 0.0226579
-0.0296521 0.0226579 -0.35916

-0.0601292 0.00156418 -0.00537429
0.00156418 -0.0694189 0.000923981
-0.00537429 0.000923981 -0.00575404

-0.0558428 -0.0071438 -0.00626006
-0.0071438 -0.0513848 -0.000582156
-0.00626006 -0.000582156 0.00238212

-0.0201385 0.00409682 0.00062542
0.00409682 -0.038264 6.39378e-05
0.00062542 6.39378e-05 -0.00550588

-0.0124103 0.00132097 -0.0012205
0.00132097 -0.0355019 0.00284076
-0.0012205 0.00284076 -0.00109047

-0.01268 -0.00419601 -0.000875978
-0.00419601 -0.0103412 -0.00110894
-0.000875978 -0.00110894 0.00231872

0.0866455 -0.0153646 -0.0259976
-0.0153646 0.0735264 0.0824027
-0.0259976 0.0824027 -0.594467

-0.0198009 0.0155913 -0.00246366
0.0155913 -0.0089235 -0.00613469
-0.00246366 -0.00613469 -0.00476714

-0.0266636 0.00959073 -0.00156899
0.00959073 -0.0117356 -0.00594432
-0.00156899 -0.00594432 -0.00849948

-0.00419109 0.014178 -0.000467801
0.014178 -0.0197914 -0.000349369
-0.000467801 -0.000349369 0.0093137

-0.00765917 0.0121588 0.000919158
0.0121588 -0.0240904 0.000249775
0.000919158 0.000249775 0.00615576

-0.0141281 0.0125419 0.000800584
0.0125419 -0.00859739 -0.00393995
0.000800584 -0.00393995 0.013967

-0.0277377 0.00714577 0.00402931
0.00714577 -0.0159694 -0.00399349
0.00402931 -0.00399349 0.00594186

-0.0160214 0.013922 0.00353237
0.013922 -0.0294807 -0.00236241
0.00353237 -0.00236241 0.000978031

-0.0126796 0.00603211 0.000688802
0.00603211 -0.0316877 -0.00479215
0.000688802 -0.00479215 0.00174819

-0.00936689 0.00407197 -0.000605737
0.00407197 -0.0310903 -0.00178186
-0.000605737 -0.00178186 0.00116183

-0.00924929 0.00508521 -0.000605784
0.00508521 -0.0308904 -0.00541644
-0.000605784 -0.00541644 0.0012814

-0.00994136 -0.00120969 -0.000428942
-0.00120969 -0.0294498 -0.00136012
-0.000428942 -0.00136012 0.00783547

-0.00569242 -0.00251752 -0.00015317
-0.00251752 -0.023001 -0.00356409
-0.00015317 -0.00356409 0.0117405

-0.0266957 -0.0108526 -0.00798777
-0.0108526 -0.0130373 0.00234434
-0.00798777 0.00234434 -0.00691793

-0.0101688 -0.00670068 -0.000229561
-0.00670068 0.000962306 0.0058177
-0.000229561 0.0058177 0.00447615

-0.0312451 -0.00386782 -7.22087e-05
-0.00386782 -0.0198478 0.000466455
-7.22087e-05 0.000466455 0.00901789

-0.0269796 -0.00355816 0.00176626
-0.00355816 -0.0120145 0.00490005
0.00176626 0.00490005 0.0138732

-0.00883771 -0.00475482 0.00136304
-0.00475482 -0.0195012 -0.0023643
0.00136304 -0.0023643 0.00763749

-0.000335945 -0.00250956 0.000478427
-0.00250956 -0.0104916 -0.00324833
0.000478427 -0.00324833 0.0142308

-0.0210037 0.00920555 -0.000818496
0.00920555 -0.045223 -0.00351678
-0.000818496 -0.00351678 -0.00641027

-0.0188592 -0.00094924 -0.000218879
-0.00094924 -0.0447444 0.00256327
-0.000218879 0.00256327 -0.00113242

-1.0463 0.224294 0.532044
0.224294 -1.00088 -0.1854
0.532044 -0.1854 -1.64965

-1.30778 0.162362 0.477975
0.162362 -0.783698 -0.0919487
0.477975 -0.0919487 -1.65629

-0.324429 0.0871536 0.0516555
0.0871536 -0.377336 -0.098685
0.0516555 -0.098685 -1.59974

-0.630257 0.00749646 0.186465
0.00749646 -0.684229 -0.00967116
0.186465 -0.00967116 -1.85797

-0.577024 0.0207344 0.180873
0.0207344 -0.928492 0.0667506
0.180873 0.0667506 -2.16177

-0.426776 0.00312054 0.147443
0.00312054 -0.648456 -0.101556
0.147443 -0.101556 -1.98558

-0.410917 -0.0831068 0.055507
-0.0831068 -0.383774 0.0285568
0.055507 0.0285568 -1.19833

0.0531094 0.0333532 0.0969344
0.0333532 0.0609304 0.0648229
0.0969344 0.0648229 -0.847195

-2.16006 -0.00497675 0.360293
-0.00497675 -2.15924 -0.391327
0.360293 -0.391327 -2.75085

-0.0331128 -0.0764967 -0.0236566
-0.0764967 0.10643 0.0638904
-0.0236566 0.0638904 -1.2289

-0.420377 -0.00546764 -0.0198009
-0.00546764 -0.143132 0.0673293
-0.0198009 0.0673293 -1.41792

-2.16006 -0.00497675 0.360293
-0.00497675 -2.15924 -0.391327
0.360293 -0.391327 -2.75085

-0.0538075 -0.0512462 -0.0130205
-0.0512462 -0.0911319 0.0780126
-0.0130205 0.0780126 -1.31082

-0.259813 -0.250336 0.074133
-0.250336 -0.0671462 -0.0452409
0.074133 -0.0452409 -1.46171

-0.212043 -0.181984 0.112902
-0.181984 0.278529 -0.00695843
0.112902 -0.00695843 -1.30872

-1.69525 -0.000384716 0.640126
-0.000384716 -1.70968 -0.0170584
0.640126 -0.0170584 -1.98705

-1.89469 -0.00393123 0.495862
-0.00393123 -1.90157 -0.224845
0.495862 -0.224845 -2.31277

-0.101818 0.034308 -0.0335051
0.034308 -0.123576 0.12554
-0.0335051 0.12554 -1.07985

-0.099714 0.0165809 -0.0556909
0.0165809 -0.0034174 0.0903642
-0.0556909 0.0903642 -1.03866

-0.0339432 -0.0161569 -0.0781324
-0.0161569 -0.0153394 0.101082
-0.0781324 0.101082 -1.19012

0.00363793 -0.0100516 0.00146913
-0.0100516 0.00410232 0.00783533
0.00146913 0.00783533 -0.0781077

-0.136468 0.0161791 -0.121135
0.0161791 -0.10475 0.0415314
-0.121135 0.0415314 -1.25389

-0.137387 0.00560213 -0.10992
0.00560213 -0.110651 -0.0405606
-0.10992 -0.0405606 -1.26158

0.015513 0.0158977 -0.17834
0.0158977 0.0459218 0.0469701
-0.17834 0.0469701 -0.998985

-0.0620523 0.0175316 -0.132761
0.0175316 0.00883855 0.107728
-0.132761 0.107728 -1.04904

-0.00350154 -0.00173521 0.00481109
-0.00173521 -0.00612505 0.00535922
0.00481109 0.00535922 -0.106163

-0.0240177 -0.00690113 -0.00284302
-0.00690113 -0.0215447 0.0061587
-0.00284302 0.0061587 -0.0545352

-0.037501 -0.00318413 -0.0103512
-0.00318413 -0.0432497 -0.00496153
-0.0103512 -0.00496153 0.00482719

-0.0867472 -0.00764941 0.00927438
-0.00764941 -0.067255 0.218198
0.00927438 0.218198 -1.15673

0.012848 0.0406649 -0.0753111
0.0406649 -0.0339863 0.140938
-0.0753111 0.140938 -0.994814

0.00151492 -0.00569972 -0.0094316
-0.00569972 -0.0158206 -0.00368493
-0.0094316 -0.00368493 -0.0756503

-0.0507873 -0.00559322 -0.00191005
-0.00559322 -0.0433468 -0.00241397
-0.00191005 -0.00241397 -0.0392374

-0.0267365 0.00379841 -0.011042
0.00379841 -0.022922 -0.0111233
-0.011042 -0.0111233 -0.0482558

-0.0128862 0.0118045 -0.00838004
0.0118045 -0.0154275 -0.00431203
-0.00838004 -0.00431203 -0.0574721

-0.0714941 -0.00294622 -0.147067
-0.00294622 -0.0274005 0.0319376
-0.147067 0.0319376 -0.999273

-0.0719853 -0.00846673 -0.168292
-0.00846673 -0.0310522 -0.0641768
-0.168292 -0.0641768 -0.988831

0.0228794 0.0181199 -0.010949
0.0181199 0.0335402 0.000541347
-0.010949 0.000541347 -0.239509

-0.0453271 0.00233002 -0.00542568
0.00233002 -0.0227845 0.0023829
-0.00542568 0.0023829 -0.0395929

0.00547819 0.00434749 -0.0104725
0.00434749 0.00975418 -0.00480729
-0.0104725 -0.00480729 -0.0473149

0.0852585 0.0162597 -0.123137
0.0162597 0.12916 0.0452323
-0.123137 0.0452323 -0.606715

-0.0361916 0.00252999 -0.00246752
0.00252999 -0.0109451 -0.00103123
-0.00246752 -0.00103123 -0.0195073

-0.0342008 0.00518537 0.00225323
0.00518537 -0.00648614 0.000670374
0.00225323 0.000670374 -0.0136894

0.025348 0.00540548 -0.086699
0.00540548 -0.0351455 0.119131
-0.086699 0.119131 -0.81233

0.0652521 0.0173809 -0.0732976
0.0173809 -0.00460052 0.0973662
-0.0732976 0.0973662 -0.706654

-0.0503686 0.0054371 -0.00160968
0.0054371 -0.023139 0.00340776
-0.00160968 0.00340776 -0.0410801

-0.0290419 0.00295764 0.000538907
0.00295764 -0.0281716 -0.00139976
0.000538907 -0.00139976 0.00348156

0.0618489 0.0131413 -0.0308299
0.0131413 0.0382309 0.0259298
-0.0308299 0.0259298 -0.688385

0.00787266 0.00923112 -0.133949
0.00923112 0.0226136 0.0131689
-0.133949 0.0131689 -0.706694

-0.024852 -0.000972618 -0.154486
-0.000972618 0.021521 -0.0689127
-0.154486 -0.0689127 -0.876908

-0.00923466 -0.000917724 -0.0145306
-0.000917724 -0.0371353 0.00272979
-0.0145306 0.00272979 -0.0687142

-0.135438 -0.00890977 -0.126262
-0.00890977 -0.0940065 -0.0230233
-0.126262 -0.0230233 -1.0396

0.0409223 0.00895811 0.00273641
0.00895811 0.0253765 -0.0136754
0.00273641 -0.0136754 -0.279186

0.0814487 -0.00737918 0.00772066
-0.00737918 0.060148 -0.021356
0.00772066 -0.021356 -0.274347

-0.026595 -0.00353306 -0.0023456
-0.00353306 -0.0145714 0.00693095
-0.0023456 0.00693095 -0.0203681

-0.0308854 0.00441252 0.000333612
0.00441252 -0.0320588 0.000719469
0.000333612 0.000719469 -0.00101072

-0.0241065 0.00175781 -0.000784136
0.00175781 -0.0253101 -0.000477691
-0.000784136 -0.000477691 0.0044043

-0.0330586 -0.0032621 -0.00584409
-0.0032621 -0.0155219 0.00497424
-0.00584409 0.00497424 -0.0299098

0.0244122 -0.00471231 0.0139472
-0.00471231 0.00665903 0.0426401
0.0139472 0.0426401 -0.603426

-0.114086 0.00669476 0.107994
0.00669476 -0.0900121 0.0310809
0.107994 0.0310809 -1.20615

-0.0271889 -7.6307e-05 0.00319776
-7.6307e-05 -0.0374545 0.00252504
0.00319776 0.00252504 -0.00245483

0.0352983 -0.00970093 -0.0102646
-0.00970093 0.0360718 -0.0072092
-0.0102646 -0.0072092 -0.20976

0.00769969 -0.0138462 0.0467869
-0.0138462 0.0245608 0.0458382
0.0467869 0.0458382 -0.419593

0.011416 -0.0116926 -0.0204418
-0.0116926 0.0115876 0.0113645
-0.0204418 0.0113645 -0.286159

-0.000757345 0.0056583 -0.0503879
0.0056583 0.0537388 -0.00054821
-0.0503879 -0.00054821 -0.389389

-0.0120258 -0.00693102 -0.0503824
-0.00693102 0.0463391 -0.00246152
-0.0503824 -0.00246152 -0.396318

0.0345932 -0.0143221 0.0133871
-0.0143221 0.0238288 0.0038811
0.0133871 0.0038811 -0.184813

-0.0120946 -0.00386313 0.00518476
-0.00386313 -0.0227088 0.000852726
0.00518476 0.000852726 0.00990306

-0.0321102 -0.00458564 -0.0021776
-0.00458564 -0.0231797 0.00729598
-0.0021776 0.00729598 -0.0255368

-0.0402648 -0.00439209 -0.00272116
-0.00439209 -0.0327272 0.0083951
-0.00272116 0.0083951 -0.0425047

-0.0485178 5.39205e-05 -0.00792946
5.39205e-05 -0.032531 0.0105585
-0.00792946 0.0105585 -0.062144

0.120415 0.00311937 -0.0594444
0.00311937 0.0705192 0.0118424
-0.0594444 0.0118424 -0.576369

0.00976723 -0.0201868 0.0449236
-0.0201868 0.0201365 0.0245728
0.0449236 0.0245728 -0.403561

0.009635 0.000855549 0.0134752
0.000855549 -0.0126645 -0.0132271
0.0134752 -0.0132271 -0.13885

0.0793223 -0.00971205 -0.0493067
-0.00971205 0.0856449 0.00926712
-0.0493067 0.00926712 -0.468368

0.054159 -0.00556913 0.0014747
-0.00556913 0.043649 -0.0342126
0.0014747 -0.0342126 -0.330736

-0.111019 0.00665134 0.117578
0.00665134 -0.131794 -0.0457806
0.117578 -0.0457806 -1.28362

0.0159111 -0.00364309 -0.0207506
-0.00364309 0.0355064 0.0307509
-0.0207506 0.0307509 -0.517635

0.0729992 0.00929132 -0.0270018
0.00929132 0.0568633 0.000691026
-0.0270018 0.000691026 -0.380268

-0.00943991 -0.00309707 0.00422204
-0.00309707 -0.022503 -0.00749034
0.00422204 -0.00749034 -0.219096

-0.0107189 -0.00124965 -0.00146563
-0.00124965 -0.00707792 0.00381996
-0.00146563 0.00381996 -0.0576702

-0.0321825 -0.0329866 0.0723769
-0.0329866 -0.066486 -0.118397
0.0723769 -0.118397 -1.24749

-1.04491 -0.117674 -0.0531583
-0.117674 -0.57993 -0.0532916
-0.0531583 -0.0532916 -1.77998

-0.157669 -0.0133502 0.0896415
-0.0133502 -0.174074 -0.128289
0.0896415 -0.128289 -1.30999

-0.160165 0.0216772 0.145964
0.0216772 -0.234722 0.0943321
0.145964 0.0943321 -1.37437

0.0406744 0.0193011 -0.0506038
0.0193011 0.0722846 0.0749561
-0.0506038 0.0749561 -0.502869

-0.250701 0.0410173 -0.0136276
0.0410173 -0.326823 -0.0108926
-0.0136276 -0.0108926 -1.3798

-0.277016 0.0439486 0.0224969
0.0439486 -0.291511 0.023214
0.0224969 0.023214 -1.37608

-0.0265328 0.0147197 -0.0143341
0.0147197 -0.0219987 0.00378959
-0.0143341 0.00378959 -0.229737

-0.111047 0.0168374 -0.00621083
0.0168374 0.0324608 -0.0424057
-0.00621083 -0.0424057 -1.18497

0.0351859 0.00129788 -0.00375493
0.00129788 0.026825 0.00414413
-0.00375493 0.00414413 -0.123518

0.1522 0.0126875 -0.0345444
0.0126875 0.142719 0.0726661
-0.0345444 0.0726661 -0.425905

0.00527384 -0.00278928 0.01732
-0.00278928 -0.00608036 -0.0116188
0.01732 -0.0116188 -0.172156

0.00958487 -0.00358121 0.0131627
-0.00358121 -0.0115361 -0.00535718
0.0131627 -0.00535718 -0.161451

-0.014484 -0.0329639 0.109397
-0.0329639 -0.0363094 -0.0888262
0.109397 -0.0888262 -1.20078

-0.00326894 -0.0027461 0.00749335
-0.0027461 -0.00816712 -0.0154549
0.00749335 -0.0154549 -0.170576

-0.00342601 -0.00415038 0.00074223
-0.00415038 -0.0142113 -0.0214942
0.00074223 -0.0214942 -0.171493

-0.0281 -0.00419982 0.000289777
-0.00419982 -0.0217725 -0.00184087
0.000289777 -0.00184087 -0.0471778

-0.00177191 -0.00105684 -0.000735011
-0.00105684 0.00302275 -0.0124941
-0.000735011 -0.0124941 -0.221958

0.00380356 -0.00278308 -0.00116596
-0.00278308 0.0135708 -0.0179615
-0.00116596 -0.0179615 -0.216487

-0.319579 -0.0125186 0.000723961
-0.0125186 -0.332646 -0.169826
0.000723961 -0.169826 -1.40223

0.0105135 0.00054115 0.0058704
0.00054115 -0.00371939 -0.00853654
0.0058704 -0.00853654 -0.11293

0.000883279 0.000421894 0.011799
0.000421894 -0.00631053 -0.00642916
0.011799 -0.00642916 -0.111975

0.00703513 0.00134562 0.00669798
0.00134562 -0.00990674 -0.0104936
0.00669798 -0.0104936 -0.115486

-0.0056668 0.00123713 0.0208255
0.00123713 -0.0134921 -0.0105108
0.0208255 -0.0105108 -0.138351

-0.000282987 -0.00215033 0.0183365
-0.00215033 -0.0059326 0.00624534
0.0183365 0.00624534 -0.134907

-1.14677 -0.132425 0.00425091
-0.132425 -0.892145 -0.170389
0.00425091 -0.170389 -1.93342

-0.0014121 0.00124666 0.0175272
0.00124666 -0.00877608 -0.0112041
0.0175272 -0.0112041 -0.130004

-0.0435505 0.00895562 -0.00191768
0.00895562 -0.0385759 0.0193005
-0.00191768 0.0193005 -0.388013

-0.00477836 0.00295591 0.00380453
0.00295591 -0.0067493 -0.0110614
0.00380453 -0.0110614 -0.082137

-0.0195305 0.0363225 0.0588975
0.0363225 0.00733409 -0.0436565
0.0588975 -0.0436565 -0.538985

-0.00849091 0.00291138 0.00286833
0.00291138 -0.0103451 -0.00272044
0.00286833 -0.00272044 -0.0898519

-0.00546619 0.00322019 0.0119689
0.00322019 -0.0124023 -0.00783941
0.0119689 -0.00783941 -0.1159

-0.0299601 0.00613139 -0.00411097
0.00613139 -0.00823276 -0.0159289
-0.00411097 -0.0159289 -0.220769

-0.00736914 -0.01283 0.0126941
-0.01283 0.0221997 0.0597746
0.0126941 0.0597746 -0.600216

-0.00290853 0.00642566 0.000479358
0.00642566 -0.00612867 -0.00243615
0.000479358 -0.00243615 -0.0687315

-0.00450658 0.00361347 0.00361091
0.00361347 -0.000331184 -0.000441063
0.00361091 -0.000441063 -0.0718876

-0.0101164 -0.00164045 -0.00237121
-0.00164045 -0.02117 -0.00204435
-0.00237121 -0.00204435 -0.0564525

-0.0149911 0.0145072 0.0477071
0.0145072 0.0224127 -0.0317458
0.0477071 -0.0317458 -0.513191

0.0396165 -0.00284432 -0.0217348
-0.00284432 0.047199 0.00854183
-0.0217348 0.00854183 -0.266802

0.0134476 0.00203244 -0.00910262
0.00203244 0.0394101 0.00538073
-0.00910262 0.00538073 -0.155441

-0.00625097 0.00223387 0.00239995
0.00223387 -0.0164575 -0.00165444
0.00239995 -0.00165444 -0.0735694

-0.0326366 0.000821995 -0.00550538
0.000821995 -0.0156714 -0.00192989
-0.00550538 -0.00192989 -0.0426059

-0.0326745 0.000664383 -0.00463104
0.000664383 -0.0171936 -0.0010091
-0.00463104 -0.0010091 -0.0434082

-0.0140127 -0.0107625 0.0045861
-0.0107625 -0.0105119 0.00104555
0.0045861 0.00104555 -0.0149828

-0.0188398 -0.0104974 0.0107621
-0.0104974 -0.0114709 0.0040677
0.0107621 0.0040677 -0.0161369

-0.0263984 0.000993322 -0.000101381
0.000993322 -0.0127583 0.00960534
-0.000101381 0.00960534 -0.0323697

-0.0395937 -0.00513215 -0.000877326
-0.00513215 -0.0099893 0.00659052
-0.000877326 0.00659052 -0.035551

0.0107735 -0.000148608 0.0107089
-0.000148608 -0.00621282 0.00626048
0.0107089 0.00626048 -0.0243886

-0.0412282 -0.00142442 0.00966823
-0.00142442 -0.0370283 0.00622257
0.00966823 0.00622257 -0.055423

-0.00991117 0.00833371 0.00580641
0.00833371 -0.0118957 0.00248922
0.00580641 0.00248922 -0.0448979

-0.0578884 0.0451468 0.02355
0.0451468 -0.0288972 -0.0130428
0.02355 -0.0130428 -0.306917

0.0256471 -0.0175494 0.121843
-0.0175494 0.0184963 -0.0239166
0.121843 -0.0239166 -1.07518

-0.0277207 -0.00571024 0.00793409
-0.00571024 -0.0150874 0.00692496
0.00793409 0.00692496 -0.00705788

-0.0158927 -0.00605796 0.00392297
-0.00605796 -0.0106575 0.00501148
0.00392297 0.00501148 -0.00139028

-0.0112046 0.00316417 0.00397247
0.00316417 -0.00684347 -0.00190061
0.00397247 -0.00190061 0.0167868

-0.0157063 -0.00552598 0.0012748
-0.00552598 -0.020885 -0.00449514
0.0012748 -0.00449514 -4.00128e-05

-0.0265806 -0.00236729 0.00334623
-0.00236729 -0.0239488 -0.000308132
0.00334623 -0.000308132 0.00425446

-0.0186181 -0.00559147 0.00960725
-0.00559147 -0.0185202 0.00383512
0.00960725 0.00383512 -0.000258865

-0.0290794 -0.000594352 0.00389135
-0.000594352 -0.0301304 -0.00119108
0.00389135 -0.00119108 0.00520202

-0.00279497 0.00310368 0.00649092
0.00310368 -0.021785 0.00822848
0.00649092 0.00822848 0.0140885

-0.0212832 0.00127512 0.000485172
0.00127512 -0.0347763 0.0124035
0.000485172 0.0124035 -0.00652164

-0.0246787 0.000109544 0.000471927
0.000109544 -0.0412828 0.0126781
0.000471927 0.0126781 -0.0102582

-0.0259492 -0.006417 0.000914274
-0.006417 -0.0476378 0.00362398
0.000914274 0.00362398 0.00660295

-0.0153083 0.000892625 0.00373588
0.000892625 -0.0334447 0.00602079
0.00373588 0.00602079 0.00187125

-1.69525 -0.000384716 0.640126
-0.000384716 -1.70968 -0.0170584
0.640126 -0.0170584 -1.98705

-1.56845 -0.0436384 0.520563
-0.0436384 -1.10125 0.132852
0.520563 0.132852 -2.15116

-0.00480702 0.00579288 0.00720175
0.00579288 -0.00645655 -0.00246929
0.00720175 -0.00246929 -0.207454

0.067312 -0.0114022 0.0114725
-0.0114022 0.0421641 0.0614397
0.0114725 0.0614397 -0.373283

-0.13707 -0.00121844 -0.0934198
-0.00121844 -0.116269 -0.0402483
-0.0934198 -0.0402483 -1.20652

-0.0610095 -0.00492596 -0.0766728
-0.00492596 0.0275747 -0.0853655
-0.0766728 -0.0853655 -1.12005

-0.072401 -0.0266878 -0.178329
-0.0266878 -0.0106123 -0.0767619
-0.178329 -0.0767619 -1.01287

0.0530743 -0.00782709 0.0163218
-0.00782709 0.00657503 0.0466454
0.0163218 0.0466454 -0.526318

-0.126204 -0.0110884 0.0094363
-0.0110884 -0.0966428 0.0779732
0.0094363 0.0779732 -1.37908

-0.0128599 -0.0271343 -0.119283
-0.0271343 0.00273951 -0.0508991
-0.119283 -0.0508991 -0.794827

-0.0371536 -0.0225064 -0.110003
-0.0225064 -0.0373387 -0.0798181
-0.110003 -0.0798181 -0.816491

-0.0466725 -0.0117876 -0.0058787
-0.0117876 -0.0312647 0.000886575
-0.0058787 0.000886575 -0.0491447

-0.0424761 0.0012533 -0.0174607
0.0012533 -0.0560438 -0.0195032
-0.0174607 -0.0195032 -0.423302

-0.00837193 -0.0185801 -0.0640513
-0.0185801 0.0315827 -0.0208002
-0.0640513 -0.0208002 -0.522983

-0.00825319 -0.0141112 -0.0610391
-0.0141112 0.0330539 -0.0414194
-0.0610391 -0.0414194 -0.518913

0.127392 -0.00753496 0.165637
-0.00753496 0.103219 -0.0239056
0.165637 -0.0239056 -0.93263

-0.0292172 0.0078816 0.00124236
0.0078816 -0.0348856 0.000742377
0.00124236 0.000742377 0.00481666

0.0598685 0.00363016 0.0780466
0.00363016 0.0325015 -0.0399651
0.0780466 -0.0399651 -0.59204

0.0510583 -0.00306003 0.0749942
-0.00306003 0.0449863 -0.0353895
0.0749942 -0.0353895 -0.587823

0.0424191 -0.00630909 -0.0481871
-0.00630909 0.0546941 0.0283219
-0.0481871 0.0283219 -0.556616

-0.00970142 -0.00164765 0.0296269
-0.00164765 0.00612437 0.0655698
0.0296269 0.0655698 -0.662401

-0.0360859 -0.00613162 0.00261997
-0.00613162 -0.0322832 -0.000406506
0.00261997 -0.000406506 -0.0365145

0.000575579 -0.000808274 -0.000437329
-0.000808274 0.00323469 -0.00726585
-0.000437329 -0.00726585 -0.20418

-0.00371621 0.00103894 0.0032309
0.00103894 -0.010502 0.00350224
0.0032309 0.00350224 -0.00604381

-0.0398146 -0.00803911 -0.00167782
-0.00803911 -0.035163 -0.00148702
-0.00167782 -0.00148702 -0.0487914

-0.0258419 -0.00549876 0.0105123
-0.00549876 -0.0243698 0.00348933
0.0105123 0.00348933 -0.175065

-0.0365088 0.00367027 -0.000106486
0.00367027 -0.0317094 0.00600642
-0.000106486 0.00600642 0.00272421

-1.71482 0.000173561 -0.222156
0.000173561 -1.71654 -0.0221738
-0.222156 -0.0221738 -2.00125

0.00382008 -0.00223875 0.0150415
-0.00223875 -0.00144053 0.00559865
0.0150415 0.00559865 -0.126864

-0.0049606 -0.00244901 0.0118093
-0.00244901 0.00126478 0.00890795
0.0118093 0.00890795 -0.106726

0.00152341 -0.00417599 0.00812706
-0.00417599 0.00560768 0.0129209
0.00812706 0.0129209 -0.103631

-0.0123783 -0.0050781 0.00943767
-0.0050781 -0.00389068 0.00521145
0.00943767 0.00521145 -0.109383

0.00499796 -0.00296121 0.00828218
-0.00296121 0.00165058 0.00724076
0.00828218 0.00724076 -0.0671553

-0.00181409 -0.00416232 0.0028802
-0.00416232 -0.00352163 0.00511901
0.0028802 0.00511901 -0.0726541

0.00632473 0.00162274 0.00199833
0.00162274 0.00212309 0.0115521
0.00199833 0.0115521 -0.0353787

-0.0574698 0.00282504 -0.00138584
0.00282504 -0.0569855 -0.000333017
-0.00138584 -0.000333017 -0.0340142

-0.0113089 0.00387995 -0.00107248
0.00387995 -0.00970706 0.00482227
-0.00107248 0.00482227 -0.00112172

-0.0672424 0.00608261 0.133167
0.00608261 -0.0582902 -0.0367212
0.133167 -0.0367212 -1.13563

-0.030165 0.00501382 0.000859597
0.00501382 -0.0349933 0.00442828
0.000859597 0.00442828 -0.0508081

0.00233119 -0.00301333 0.0025967
-0.00301333 -0.00959922 0.00267279
0.0025967 0.00267279 -0.0287678

-0.0205809 0.000802922 0.00162254
0.000802922 -0.0341976 0.00522551
0.00162254 0.00522551 0.00295746

-0.0149139 -0.000767662 0.00373581
-0.000767662 -0.0327794 0.00620362
0.00373581 0.00620362 0.00227018

-1.60433 -0.121314 0.526865
-0.121314 -1.10424 0.166139
0.526865 0.166139 -2.16885

-2.40432 0.00665547 0.435388
0.00665547 -2.4044 0.432629
0.435388 0.432629 -3.16278

-1.69525 -0.000384716 0.640126
-0.000384716 -1.70968 -0.0170584
0.640126 -0.0170584 -1.98705

0.0194904 0.00994128 -0.0812822
0.00994128 -0.0239189 -0.0678241
-0.0812822 -0.0678241 -1.08116

-0.0148159 0.0179553 -0.0509771
0.0179553 0.0653003 -0.108053
-0.0509771 -0.108053 -1.05744

-0.23178 -0.0473564 -0.0169801
-0.0473564 -0.248904 -0.0117351
-0.0169801 -0.0117351 -1.27595

-0.0560971 -0.0399461 -0.127459
-0.0399461 0.0183366 -0.111471
-0.127459 -0.111471 -1.01211

-0.048687 -0.023454 -0.139151
-0.023454 -0.0324202 -0.10958
-0.139151 -0.10958 -0.921076

-0.0331586 -0.0230801 -0.107348
-0.0230801 -0.0323336 -0.128575
-0.107348 -0.128575 -0.92042

0.0458509 -0.0142059 -0.116922
-0.0142059 0.0597733 -0.0879483
-0.116922 -0.0879483 -0.796011

0.0328927 -0.0217858 -0.10431
-0.0217858 0.0371802 -0.0692068
-0.10431 -0.0692068 -0.69398

0.0611657 -0.00607697 -0.121622
-0.00607697 0.0239356 -0.0851824
-0.121622 -0.0851824 -0.619482

-0.0376028 -0.00100601 -0.00426243
-0.00100601 -0.0329964 0.00501884
-0.00426243 0.00501884 -0.0123265

0.0377735 -0.0266965 0.0374958
-0.0266965 0.0377622 0.0272429
0.0374958 0.0272429 -0.395031

0.0374909 -0.0135123 -0.0603369
-0.0135123 0.081292 -0.0343065
-0.0603369 -0.0343065 -0.439943

0.031657 -0.0274598 -0.0374343
-0.0274598 0.0777342 -0.00303147
-0.0374343 -0.00303147 -0.321062

-0.0125123 -0.0150379 -0.0279267
-0.0150379 -0.00396881 -0.0211456
-0.0279267 -0.0211456 -0.348204

0.053165 -0.00543849 -0.0687202
-0.00543849 0.0741188 -0.0440266
-0.0687202 -0.0440266 -0.395867

0.00163166 -0.0100926 0.00530028
-0.0100926 -0.017964 -0.0176895
0.00530028 -0.0176895 -0.371291

0.00668353 0.0118027 0.151387
0.0118027 0.0244288 -0.0173371
0.151387 -0.0173371 -1.01527

-0.0270474 -0.00049209 0.0044106
-0.00049209 -0.0214568 0.004239
0.0044106 0.004239 0.0085295

0.00687381 0.0024838 -0.0783886
0.0024838 0.0164517 -0.0993736
-0.0783886 -0.0993736 -0.849978

0.0416108 0.00113947 0.0763356
0.00113947 0.0412687 -0.04086
0.0763356 -0.04086 -0.614425

0.0030259 -0.00280052 0.00847402
-0.00280052 0.0115685 0.00485701
0.00847402 0.00485701 -0.178711

0.0297407 0.0434623 0.0465533
0.0434623 -0.016738 -0.103841
0.0465533 -0.103841 -0.698789

-0.012358 0.000782146 0.00437197
0.000782146 -0.0193234 0.00257946
0.00437197 0.00257946 -0.0218018

0.00668091 -0.00355887 0.012657
-0.00355887 0.00428494 0.0102774
0.012657 0.0102774 -0.119656

-0.00386343 -0.00560567 0.00694959
-0.00560567 0.00374068 0.0132097
0.00694959 0.0132097 -0.116191

0.000783902 -0.00349258 0.00838296
-0.00349258 0.00611401 0.01359
0.00838296 0.01359 -0.102412

-0.00558474 -0.00667481 0.00567645
-0.00667481 -0.0014353 0.00941207
0.00567645 0.00941207 -0.106915

-0.00741717 -0.00202466 -0.0192913
-0.00202466 -0.0195472 -0.00302127
-0.0192913 -0.00302127 -0.147796

-0.0083764 -0.00404472 0.164828
-0.00404472 -0.0605594 0.0492587
0.164828 0.0492587 -1.18979

-0.022325 0.00218513 -0.00110512
0.00218513 -0.0301314 -0.000129012
-0.00110512 -0.000129012 -0.0296259

-0.0218727 0.0040992 -0.00203687
0.0040992 -0.0339865 0.000520393
-0.00203687 0.000520393 -0.0310499

-0.0122119 -0.00634537 0.000708399
-0.00634537 -0.0190162 -0.00282291
0.000708399 -0.00282291 -0.0266993

-0.0111885 0.00710841 0.00268247
0.00710841 -0.0249893 0.00256641
0.00268247 0.00256641 0.00992345

-0.0265885 0.00414166 0.00287015
0.00414166 -0.0494086 0.00421588
0.00287015 0.00421588 -0.00497179

-0.0120023 0.00804925 0.00254046
0.00804925 -0.0207747 0.000197025
0.00254046 0.000197025 0.00301743

-0.273621 0.0304793 -0.0257558
0.0304793 -0.303907 -0.0770279
-0.0257558 -0.0770279 -1.18879

-0.0152574 -0.0364813 0.0138591
-0.0364813 -0.0260582 -0.126535
0.0138591 -0.126535 -0.975872

-0.25277 -0.0430275 0.0134083
-0.0430275 -0.184295 -0.0506053
0.0134083 -0.0506053 -1.25756

-0.247041 0.161683 0.0709905
0.161683 -0.125099 0.169084
0.0709905 0.169084 -1.54371

-0.296338 0.177261 0.126607
0.177261 0.132999 0.0897753
0.126607 0.0897753 -1.45802

-2.40432 0.00665547 0.435388
0.00665547 -2.4044 0.432629
0.435388 0.432629 -3.16278

-0.00795958 0.00255247 -0.0937207
0.00255247 -0.0211267 -0.13788
-0.0937207 -0.13788 -1.04307

0.0399739 -0.0312722 -0.0832461
-0.0312722 -0.0345853 -0.124541
-0.0832461 -0.124541 -0.864094

-0.00520905 -0.0244617 -0.110481
-0.0244617 -0.0271766 -0.133551
-0.110481 -0.133551 -0.914115

0.0558213 -0.0147027 -0.0872734
-0.0147027 0.0600128 -0.105615
-0.0872734 -0.105615 -0.797549

0.0138957 -0.0275012 -0.0706765
-0.0275012 0.0261865 -0.103299
-0.0706765 -0.103299 -0.649305

0.00820591 -0.013689 -0.09203
-0.013689 -0.003682 -0.117556
-0.09203 -0.117556 -0.809257

0.0931628 -0.00874873 -0.0724877
-0.00874873 0.0945918 -0.0893431
-0.0724877 -0.0893431 -0.678772

0.0764267 -0.00683777 -0.070444
-0.00683777 0.0386612 -0.083856
-0.070444 -0.083856 -0.670239

-0.0479471 -0.00290002 -0.00456075
-0.00290002 -0.0286324 -0.0037084
-0.00456075 -0.0037084 -0.0239268

0.0307053 -0.0203847 -0.0297626
-0.0203847 0.00104744 -0.0544623
-0.0297626 -0.0544623 -0.533217

0.0156073 -0.01612 -0.0128488
-0.01612 -0.0390937 -0.0814352
-0.0128488 -0.0814352 -0.544264

0.0719784 -0.0244148 -0.0394756
-0.0244148 0.0473276 -0.0501094
-0.0394756 -0.0501094 -0.447987

0.0481534 -0.00328923 -0.0564092
-0.00328923 0.0660608 -0.0520335
-0.0564092 -0.0520335 -0.402185

-0.0261925 -0.00765076 0.00495562
-0.00765076 -0.0286089 0.00757033
0.00495562 0.00757033 -0.00933776

-0.0391605 -0.00938093 0.137821
-0.00938093 -0.0572177 -0.028332
0.137821 -0.028332 -1.17526

0.0434534 -0.00707983 -0.028833
-0.00707983 0.0340074 -0.0310383
-0.028833 -0.0310383 -0.310789

0.0305585 -0.0208344 -0.0193452
-0.0208344 0.0290341 -0.0105082
-0.0193452 -0.0105082 -0.283118

0.0175546 -0.00335327 -0.0114623
-0.00335327 0.00587647 -0.0193569
-0.0114623 -0.0193569 -0.273319

0.00415136 0.0014712 -0.0105228
0.0014712 0.00118601 -0.0210921
-0.0105228 -0.0210921 -0.280062

0.0226196 -0.00381349 -0.00703935
-0.00381349 0.0102739 -0.00596739
-0.00703935 -0.00596739 -0.263353

0.0167738 0.0004237 -0.00870238
0.0004237 0.0171873 -0.00424881
-0.00870238 -0.00424881 -0.23669

0.0186861 -0.00538642 0.00353891
-0.00538642 0.0160149 0.00853996
0.00353891 0.00853996 -0.214229

-0.0251719 0.00285999 0.0142598
0.00285999 -0.0152205 0.00148037
0.0142598 0.00148037 -0.240964

-0.000243762 -0.00211262 0.00493028
-0.00211262 -0.00310287 0.00951588
0.00493028 0.00951588 -0.185075

-0.00509985 -0.000329825 0.0102734
-0.000329825 -0.00962712 0.0129557
0.0102734 0.0129557 -0.129231

-0.00966017 -0.000729201 0.00409117
-0.000729201 -0.00603939 0.00889675
0.00409117 0.00889675 -0.163962

-0.00270539 -0.00127051 2.76192e-05
-0.00127051 -0.00755091 0.0127012
2.76192e-05 0.0127012 -0.161116

-0.00621915 -0.000123698 0.0045219
-0.000123698 -0.00124428 0.0125694
0.0045219 0.0125694 -0.159865

-0.00919241 -0.0039249 0.00411658
-0.0039249 -0.00537161 0.016377
0.00411658 0.016377 -0.12148

-0.00630976 -0.00228712 0.00478939
-0.00228712 -0.00762613 0.0169945
0.00478939 0.0169945 -0.113747

-0.00656204 -0.00106818 -0.00512381
-0.00106818 -0.000878656 0.0301982
-0.00512381 0.0301982 -0.106941

-0.00128874 -0.00261541 0.00293022
-0.00261541 -0.00309802 0.0109949
0.00293022 0.0109949 -0.104252

0.00825297 -0.00539582 -0.0171568
-0.00539582 0.016826 0.00264502
-0.0171568 0.00264502 -0.129146

-0.0191691 -0.00745894 -0.000998358
-0.00745894 -0.0207288 0.00143673
-0.000998358 0.00143673 -0.0954133

-0.000551411 0.00158927 -0.0137094
0.00158927 0.0070254 0.0014741
-0.0137094 0.0014741 -0.120231

-0.026493 0.000333229 0.000472677
0.000333229 -0.00844958 0.000716618
0.000472677 0.000716618 0.00242796

-0.116957 -0.00531538 0.0842121
-0.00531538 -0.0361239 0.0762157
0.0842121 0.0762157 -1.19606

0.052136 0.00830239 -0.0250583
0.00830239 -0.0061629 0.169813
-0.0250583 0.169813 -0.814393

-0.0157462 0.00394262 -0.00115602
0.00394262 -0.0279207 0.00142523
-0.00115602 0.00142523 -0.0201637

-0.0235051 0.011669 -0.00463031
0.011669 -0.0375058 0.00736444
-0.00463031 0.00736444 -0.00761669

-0.04248 0.00302406 -0.00104333
0.00302406 -0.030781 0.00288951
-0.00104333 0.00288951 -0.0195417

-0.0146692 -0.0010681 -0.00189335
-0.0010681 0.0154202 0.00556983
-0.00189335 0.00556983 0.00872496

-0.0292547 0.00340464 -0.00454734
0.00340464 -0.0179243 0.00188615
-0.00454734 0.00188615 0.00139768

-0.0247666 0.00189977 -0.0047082
0.00189977 -0.0130593 0.00222003
-0.0047082 0.00222003 0.00494104

-1.66286 0.064532 0.0841915
0.064532 -1.12716 -0.29466
0.0841915 -0.29466 -2.42326

-0.0106798 0.00361918 -0.0141764
0.00361918 -0.0101424 0.00323307
-0.0141764 0.00323307 -0.131143

-1.63528 -0.000273969 0.0303653
-0.000273969 -1.633 -0.256162
0.0303653 -0.256162 -1.86476

-1.79005 0.000381272 -0.064118
0.000381272 -1.78919 -0.168721
-0.064118 -0.168721 -2.12492

0.0351832 -0.0261465 0.0349905
-0.0261465 0.0434361 0.0252915
0.0349905 0.0252915 -0.405226

0.00454184 0.00257512 0.028565
0.00257512 0.0107805 0.159882
0.028565 0.159882 -1.02486

-0.0121066 -0.00311499 0.0194772
-0.00311499 -0.0489954 0.15008
0.0194772 0.15008 -0.93593

-0.0101638 0.00847218 -0.0305714
0.00847218 -0.0585749 0.169802
-0.0305714 0.169802 -0.927276

0.0461297 0.00959585 0.000476354
0.00959585 0.0317419 0.0397726
0.000476354 0.0397726 -0.290596

0.0077565 0.0091454 0.0359667
0.0091454 -0.0315385 0.144583
0.0359667 0.144583 -0.840706

-0.0144455 -0.00296978 -0.0030769
-0.00296978 -0.0108076 0.00227377
-0.0030769 0.00227377 -0.0646985

0.0462303 -0.00759594 0.0228119
-0.00759594 0.010002 0.112761
0.0228119 0.112761 -0.609366

0.0642411 -0.00323433 -0.0211659
-0.00323433 0.0175885 0.0927067
-0.0211659 0.0927067 -0.612093

-0.0499759 -0.000365539 0.118738
-0.000365539 -0.0768653 0.0155367
0.118738 0.0155367 -1.24248

0.010441 -0.0142041 0.0331261
-0.0142041 -0.0275503 0.0692328
0.0331261 0.0692328 -0.527712

0.0571759 -0.00306088 -0.0256968
-0.00306088 0.0680861 0.0098426
-0.0256968 0.0098426 -0.37803

-0.0151249 -0.00767702 -0.00265988
-0.00767702 -0.0281685 -0.0116127
-0.00265988 -0.0116127 -0.204398

0.0157146 0.00636453 -0.00727881
0.00636453 -0.00569289 0.0303616
-0.00727881 0.0303616 -0.438837

0.0563188 0.00705964 0.0852093
0.00705964 0.0491702 -0.0409348
0.0852093 -0.0409348 -0.602717

-0.0287938 0.01487 -0.0617949
0.01487 -0.0308876 0.0436266
-0.0617949 0.0436266 -0.612057

0.0620137 0.0202916 -0.00445008
0.0202916 -0.0256623 0.000817108
-0.00445008 0.000817108 -0.269388

0.0270643 -0.0115217 0.00538697
-0.0115217 0.00578468 -0.0160874
0.00538697 -0.0160874 -0.251328

-0.0564379 -0.00697975 0.157906
-0.00697975 -0.0579998 0.063556
0.157906 0.063556 -1.26027

-0.0244428 -0.00474817 -0.000853707
-0.00474817 -0.0260303 -0.000729432
-0.000853707 -0.000729432 -0.0445141

-0.0157747 -0.00287018 -0.00432904
-0.00287018 -0.0176818 0.00170376
-0.00432904 0.00170376 -0.0632126

-0.03569 0.0115252 -0.000277193
0.0115252 -0.0225723 -0.00407222
-0.000277193 -0.00407222 -0.0140828

-0.0497996 0.0125942 0.128297
0.0125942 -0.139887 0.00357205
0.128297 0.00357205 -1.30383

0.00648182 0.000278603 -0.00293534
0.000278603 -0.00467273 -0.00814175
-0.00293534 -0.00814175 -0.148263

0.000692551 0.00126189 -0.00980767
0.00126189 -0.00425354 -0.0139901
-0.00980767 -0.0139901 -0.127777

-0.00535314 0.000871273 -0.00125284
0.000871273 -0.00841261 -0.0120567
-0.00125284 -0.0120567 -0.132695

0.00588799 0.00146293 -0.0113498
0.00146293 -0.000480401 -0.0120242
-0.0113498 -0.0120242 -0.118205

-0.0335609 0.00216554 -0.00840899
0.00216554 -0.0119246 -0.00324348
-0.00840899 -0.00324348 -0.0769947

0.0571351 0.0253565 -0.0458651
0.0253565 0.0799532 0.0494376
-0.0458651 0.0494376 -0.390386

-0.0142111 0.00495135 -0.00412559
0.00495135 -0.00610946 -0.00150941
-0.00412559 -0.00150941 -0.0381661

-0.0197913 0.0108096 -0.000405387
0.0108096 -0.00545238 0.00192217
-0.000405387 0.00192217 -0.026882

-0.0163843 0.00200519 -0.000282815
0.00200519 -0.0241493 0.000860527
-0.000282815 0.000860527 -0.0188984

-0.0262855 -0.00710318 0.00525498
-0.00710318 -0.0269205 0.0069459
0.00525498 0.0069459 -0.0114523

-0.91927 0.0397294 -0.064113
0.0397294 0.327923 -0.0928678
-0.064113 -0.0928678 -1.5591

-1.86963 -0.00108412 0.108799
-0.00108412 -1.86723 -0.282632
0.108799 -0.282632 -2.25842

0.0136256 0.00949595 -0.0178759
0.00949595 0.00900909 0.180197
-0.0178759 0.180197 -1.01264

-0.101995 0.0299707 0.126716
0.0299707 -0.106101 0.0564525
0.126716 0.0564525 -1.27583

-0.0648009 0.00467771 0.074935
0.00467771 -0.130148 -0.00773048
0.074935 -0.00773048 -0.786721

0.00632594 0.000436052 -0.044725
0.000436052 -0.0198438 0.165248
-0.044725 0.165248 -0.800515

0.0477275 0.0113278 -0.0279041
0.0113278 0.000644459 0.146436
-0.0279041 0.146436 -0.697086

-0.00570513 0.00225852 -0.00919384
0.00225852 0.00495628 0.00698698
-0.00919384 0.00698698 -0.294136

0.0844653 -0.0597843 0.100535
-0.0597843 0.0333249 -0.0219899
0.100535 -0.0219899 -0.644466

0.0356981 0.0060466 0.000185922
0.0060466 0.00887117 0.048895
0.000185922 0.048895 -0.40128

0.0542989 -0.0164234 0.020681
-0.0164234 -0.0216243 -0.00449989
0.020681 -0.00449989 -0.27127

-0.013534 -0.00239863 -0.0011416
-0.00239863 -0.0115484 0.00252605
-0.0011416 0.00252605 -0.0681302

-0.0174332 0.0168237 0.00387571
0.0168237 -0.04649 -0.0080241
0.00387571 -0.0080241 -0.306509

0.00253225 0.0168193 0.00338372
0.0168193 -0.0265926 -0.0105222
0.00338372 -0.0105222 -0.272651

0.0732456 0.0446811 0.120642
0.0446811 0.178816 0.141086
0.120642 0.141086 -0.953102

0.00351023 0.0045008 -0.0108402
0.0045008 0.00154465 0.00729358
-0.0108402 0.00729358 -0.0349733

-0.000907513 0.0013175 -0.00253329
0.0013175 -0.00494718 -0.0100373
-0.00253329 -0.0100373 -0.123679

-0.0225653 -0.00278802 -0.00927043
-0.00278802 -0.023241 -0.0117673
-0.00927043 -0.0117673 -0.128319

-0.00605001 0.000283029 -0.00738904
0.000283029 -0.00372641 0.00795967
-0.00738904 0.00795967 -0.268329

-0.0142304 -0.00051458 0.00211502
-0.00051458 -0.0128341 0.00275433
0.00211502 0.00275433 -0.0428726

-0.00886851 -0.0020966 0.0112172
-0.0020966 0.00306152 0.00288282
0.0112172 0.00288282 -0.0048731

-0.0305086 -0.00366849 0.00564407
-0.00366849 -0.0253976 0.00349388
0.00564407 0.00349388 0.00153647

-0.0248409 0.0066786 0.00050224
0.0066786 -0.0208582 0.0023683
0.00050224 0.0023683 0.00456607

-0.0166748 0.00274756 0.00698147
0.00274756 -0.0163965 0.00230851
0.00698147 0.00230851 0.0148647

0.000336583 0.00838157 0.00142554
0.00838157 -0.00510114 0.0019814
0.00142554 0.0019814 0.0196459

-0.048621 0.00466757 -0.00197395
0.00466757 -0.0519589 0.00188905
-0.00197395 0.00188905 -0.125427

-0.0320407 -0.000161062 0.00158523
-0.000161062 -0.0279003 -0.00258979
0.00158523 -0.00258979 0.00182358

0.0750739 0.00893839 -0.0142197
0.00893839 0.0754685 -0.14605
-0.0142197 -0.14605 -0.865815

-1.22231 -0.140876 0.112853
-0.140876 -0.456811 0.268116
0.112853 0.268116 -1.98258

-1.76681 0.000842412 0.0764364
0.000842412 -1.76356 0.312738
0.0764364 0.312738 -2.0855

-1.06744 0.0506902 -0.0487324
0.0506902 -0.0623623 0.186947
-0.0487324 0.186947 -1.76239

-1.76681 0.000842412 0.0764364
0.000842412 -1.76356 0.312738
0.0764364 0.312738 -2.0855

-0.0216183 0.00037153 0.00321554
0.00037153 -0.042541 -0.0044271
0.00321554 -0.0044271 -0.0103057

-0.0327459 0.000562694 0.0222706
0.000562694 0.168726 -0.183334
0.0222706 -0.183334 -1.01369

-0.0266784 0.0045943 0.00509991
0.0045943 -0.0337719 -0.00380268
0.00509991 -0.00380268 -0.00920379

-0.123525 -0.014369 -0.0169802
-0.014369 -0.105201 -0.154651
-0.0169802 -0.154651 -1.20909

-0.0191533 -0.011473 -0.0421613
-0.011473 -0.00341472 -0.161251
-0.0421613 -0.161251 -1.04153

0.00855859 -0.00603363 0.00637341
-0.00603363 0.00977884 0.00411312
0.00637341 0.00411312 -0.2584

0.0395682 -0.0296825 -0.0523794
-0.0296825 -0.0199422 -0.159713
-0.0523794 -0.159713 -0.849028

0.0119654 -0.0134476 0.00689234
-0.0134476 0.0327679 -0.00149879
0.00689234 -0.00149879 -0.280449

-0.062671 -0.0200972 -0.0253776
-0.0200972 -0.102774 -0.169547
-0.0253776 -0.169547 -0.960777

-0.0225313 -0.00620527 -0.00295658
-0.00620527 -0.0166125 0.000587411
-0.00295658 0.000587411 -0.0416772

-0.0159972 -0.00462042 -0.00686378
-0.00462042 -0.0163147 0.00226233
-0.00686378 0.00226233 -0.0641577

0.00493595 -0.0186404 -0.0307061
-0.0186404 -0.0309267 -0.18481
-0.0307061 -0.18481 -0.851456

0.010624 -0.00598244 -0.0326556
-0.00598244 -0.0392971 -0.181696
-0.0326556 -0.181696 -0.80173

-0.0248888 -0.000164324 -0.00541467
-0.000164324 -0.0181692 0.00280837
-0.00541467 0.00280837 -0.0680194

0.00383447 0.0159197 -0.0020349
0.0159197 -0.0522212 -0.119393
-0.0020349 -0.119393 -0.666075

-0.00444354 0.0123964 -0.00583738
0.0123964 -0.0178174 -0.0050669
-0.00583738 -0.0050669 -0.0312792

0.0985752 -0.00403116 -0.0270845
-0.00403116 0.066685 -0.141575
-0.0270845 -0.141575 -0.670076

0.0045538 0.0247178 0.0082218
0.0247178 -0.0444499 -0.0784057
0.0082218 -0.0784057 -0.610781

0.0761861 0.0152683 -0.00136004
0.0152683 0.0264339 -0.0848664
-0.00136004 -0.0848664 -0.549564

0.0622072 0.00876643 -0.00709467
0.00876643 -0.00814841 -0.0750058
-0.00709467 -0.0750058 -0.572656

0.074826 0.0300574 0.0223508
0.0300574 0.0441791 -0.0529213
0.0223508 -0.0529213 -0.497335

0.0761794 -0.000578544 0.0148199
-0.000578544 0.0261798 -0.0722541
0.0148199 -0.0722541 -0.379778

0.0691741 0.0028074 0.0103464
0.0028074 0.00412764 -0.0489135
0.0103464 -0.0489135 -0.374613

0.0361647 0.000501346 -0.000540783
0.000501346 0.0031577 -0.0733985
-0.000540783 -0.0733985 -0.403184

0.0595214 -0.0224188 -0.0243195
-0.0224188 0.00660387 -0.0744333
-0.0243195 -0.0744333 -0.461055

0.00368974 0.00908746 0.0482739
0.00908746 0.0242557 -0.0391442
0.0482739 -0.0391442 -0.373828

0.0318052 0.000185502 -0.005928
0.000185502 -0.0182508 -0.050052
-0.005928 -0.050052 -0.396927

0.0514789 0.00820177 -0.00984845
0.00820177 0.0310871 -0.0478112
-0.00984845 -0.0478112 -0.262511

0.0537093 -0.00860662 0.0125096
-0.00860662 0.0208536 -0.0430874
0.0125096 -0.0430874 -0.265949

-0.00129553 -0.00138084 0.00397522
-0.00138084 -0.000431533 -0.00984533
0.00397522 -0.00984533 -0.272489

-0.00980476 0.00045502 -0.0063542
0.00045502 0.00539558 -0.00848914
-0.0063542 -0.00848914 -0.229403

-0.00367612 -0.00524525 0.00673843
-0.00524525 0.0158507 -0.00585862
0.00673843 -0.00585862 -0.222873

-0.00883793 -0.000763913 -1.85869e-05
-0.000763913 0.000835444 -0.000990083
-1.85869e-05 -0.000990083 -0.231212

0.00853425 0.00106538 -0.00583771
0.00106538 0.00433333 -0.00769925
-0.00583771 -0.00769925 -0.271033

-0.00549479 0.006387 0.000445423
0.006387 -0.00332312 0.00296962
0.000445423 0.00296962 -0.202251

-0.00533033 0.00281861 -0.00391757
0.00281861 -0.000963422 0.00290695
-0.00391757 0.00290695 -0.180322

-0.00935822 0.00172632 -0.00663184
0.00172632 -0.0029967 0.00637362
-0.00663184 0.00637362 -0.190481

-0.000288064 -0.00159819 0.000433398
-0.00159819 0.00145907 0.00306485
0.000433398 0.00306485 -0.17745

-0.0160717 -0.00491527 -0.00070583
-0.00491527 -0.00577337 0.00464593
-0.00070583 0.00464593 -0.182383

0.00371624 0.00678453 0.0107137
0.00678453 -0.00378993 -0.00933762
0.0107137 -0.00933762 -0.155694

-0.00612678 -0.00213732 -0.00266207
-0.00213732 -0.00156899 0.00651153
-0.00266207 0.00651153 -0.188646

-0.00109806 0.000225653 0.00330468
0.000225653 0.0011991 0.0156073
0.00330468 0.0156073 -0.142391

-0.0196985 -0.00117172 -0.00262795
-0.00117172 -0.0211851 0.00873262
-0.00262795 0.00873262 -0.173179

-0.018226 0.00080224 -0.0010725
0.00080224 -0.0145735 0.0161478
-0.0010725 0.0161478 -0.155921

-0.000307846 0.000276437 0.00538705
0.000276437 0.00494239 0.0192366
0.00538705 0.0192366 -0.140364

0.00162627 -0.000937274 0.000390116
-0.000937274 -0.0012333 0.0164145
0.000390116 0.0164145 -0.155884

-0.00842417 0.00154617 -0.00689878
0.00154617 -0.0125481 0.0175892
-0.00689878 0.0175892 -0.132027

-0.0127432 0.00116737 -0.00121704
0.00116737 -0.00507886 0.0129614
-0.00121704 0.0129614 -0.113139

-0.00203654 -0.001071 0.000927586
-0.001071 -0.0139549 0.0212459
0.000927586 0.0212459 -0.127613

0.00233262 0.00114028 -0.000403425
0.00114028 0.010689 0.018871
-0.000403425 0.018871 -0.0882201

-0.0107085 0.00888037 -0.00514776
0.00888037 -0.0257762 0.00170821
-0.00514776 0.00170821 -0.040324

-0.0194722 0.0072218 -0.00281313
0.0072218 -0.0262072 0.00349854
-0.00281313 0.00349854 -0.044894

-0.00177005 -0.0013254 -0.00702992
-0.0013254 0.00303889 0.0242324
-0.00702992 0.0242324 -0.0977431

-0.0168741 0.00124344 -0.00150025
0.00124344 -0.0145732 0.0105185
-0.00150025 0.0105185 -0.0461812

-0.0125166 -0.00150773 -0.00276232
-0.00150773 -0.00731189 0.00727601
-0.00276232 0.00727601 -0.0673724

-0.0151323 -8.72298e-06 0.00248471
-8.72298e-06 -0.00415974 0.010415
0.00248471 0.010415 -0.0655645

-0.0433045 -0.00336995 0.126966
-0.00336995 -0.0156649 0.00711651
0.126966 0.00711651 -1.11948

0.0859492 -0.00912303 -0.00257597
-0.00912303 0.0774655 -0.0325228
-0.00257597 -0.0325228 -0.395776

-0.0385307 -0.00228678 -0.000180962
-0.00228678 -0.0212298 0.00329163
-0.000180962 0.00329163 0.00328845

-0.0448389 -0.00418347 -0.00179774
-0.00418347 -0.0249637 0.00329212
-0.00179774 0.00329212 -0.000491914

-0.0212866 0.00830242 -0.00322486
0.00830242 -0.0322345 -0.00215555
-0.00322486 -0.00215555 -0.0440321

-0.0472083 0.00382285 -0.00215032
0.00382285 -0.0392354 0.00335981
-0.00215032 0.00335981 0.017237

-0.0244895 -0.00517502 -0.00195284
-0.00517502 -0.0268257 -0.00131275
-0.00195284 -0.00131275 -0.0834925

0.173345 0.00104948 -0.0138247
0.00104948 0.293977 -0.166254
-0.0138247 -0.166254 -0.609713

0.0218911 0.019929 -0.0383816
0.019929 0.0429865 0.200233
-0.0383816 0.200233 -1.00498

0.00376398 0.00281034 -0.0978399
0.00281034 -0.0238572 0.175679
-0.0978399 0.175679 -1.13273

-0.0373065 0.0191617 -0.0813255
0.0191617 -0.0788589 0.147929
-0.0813255 0.147929 -1.15138

-0.0707457 0.0168516 -0.0215556
0.0168516 -0.103782 0.146686
-0.0215556 0.146686 -1.18631

-0.642774 -0.0897902 0.154736
-0.0897902 -1.09094 0.0326968
0.154736 0.0326968 -1.3856

-0.00698454 -0.00560724 -0.00592199
-0.00560724 0.0146685 0.00243047
-0.00592199 0.00243047 -0.294694

-0.0753081 0.0324362 0.0767057
0.0324362 -0.0384164 0.0653248
0.0767057 0.0653248 -1.20343

0.0917925 -0.0114675 0.000959277
-0.0114675 0.0792449 -0.0315063
0.000959277 -0.0315063 -0.381011

-0.03293 -0.00422112 -0.00357728
-0.00422112 -0.0453349 -0.00246674
-0.00357728 -0.00246674 0.0111388

-0.0509215 -0.00110298 0.000939359
-0.00110298 -0.0357334 -0.00276089
0.000939359 -0.00276089 -0.00423899

0.0547728 -0.0256694 -0.112331
-0.0256694 0.0737848 -0.0442587
-0.112331 -0.0442587 -0.674191

-0.0396082 0.00495201 0.00112901
0.00495201 -0.0537539 0.00139876
0.00112901 0.00139876 -0.00377845

0.00462374 0.00905091 -0.00169876
0.00905091 0.0174777 -0.0318905
-0.00169876 -0.0318905 -0.429718

0.0926135 -0.00796325 -0.00492387
-0.00796325 0.078771 -0.0309924
-0.00492387 -0.0309924 -0.379887

0.0550076 0.00684372 -0.0212533
0.00684372 0.0614398 -0.148602
-0.0212533 -0.148602 -0.88155

-0.0113419 -0.00164485 -0.000362331
-0.00164485 -0.0113388 0.00202389
-0.000362331 0.00202389 -0.0679299

-0.176052 0.0618749 -0.0494955
0.0618749 -0.249049 -0.0123222
-0.0494955 -0.0123222 -1.39552

0.00898555 -0.0129253 0.00234451
-0.0129253 0.0181301 -0.0238429
0.00234451 -0.0238429 -0.315628

-0.0463303 -0.00368086 -0.0297028
-0.00368086 -0.0386713 -0.0122272
-0.0297028 -0.0122272 -0.340791

0.0686301 -0.0061291 -0.00420784
-0.0061291 0.0529933 0.0526805
-0.00420784 0.0526805 -0.371229

-0.302379 0.0143501 0.0196546
0.0143501 -0.426765 -0.00929023
0.0196546 -0.00929023 -1.49629

0.000347884 -0.00899784 -0.0167975
-0.00899784 0.00967684 -0.00167479
-0.0167975 -0.00167479 -0.290812

-0.220155 0.0846272 -0.00418212
0.0846272 -0.168157 -0.0413497
-0.00418212 -0.0413497 -1.3249

-0.0415588 0.00930219 -0.0798749
0.00930219 -0.0587323 -0.0729933
-0.0798749 -0.0729933 -1.01537

0.0169472 -0.00572048 -0.04395
-0.00572048 0.0732254 0.00111065
-0.04395 0.00111065 -0.354365

-0.0272339 0.00180944 0.0619884
0.00180944 -0.0176359 -0.0259139
0.0619884 -0.0259139 -1.02284

-0.053797 0.0266963 -0.0161515
0.0266963 -0.0235058 -0.0632655
-0.0161515 -0.0632655 -1.11147

-0.00445705 0.000599037 0.00338886
0.000599037 -0.0208919 -0.000663945
0.00338886 -0.000663945 -0.140202

0.125921 -0.00326804 -0.0465727
-0.00326804 0.106482 -0.0185149
-0.0465727 -0.0185149 -0.271651

0.0267901 0.00621218 -0.044004
0.00621218 0.0785052 0.00199755
-0.044004 0.00199755 -0.348679

-0.0149029 -0.00151378 -0.00189431
-0.00151378 -0.0114054 0.00304887
-0.00189431 0.00304887 -0.0649467

-0.0385448 0.0150717 -0.0316575
0.0150717 -0.0611598 0.222002
-0.0316575 0.222002 -1.07787

-0.0131765 0.00148155 0.000537829
0.00148155 -0.00751349 0.000676632
0.000537829 0.000676632 -0.0580445

0.0456669 0.0146124 -0.0433672
0.0146124 0.0567036 0.0293301
-0.0433672 0.0293301 -0.730519

-0.105857 0.0182757 -0.0782175
0.0182757 -0.0770013 -0.0161783
-0.0782175 -0.0161783 -1.16235

0.0191263 -0.0309101 -0.0343124
-0.0309101 0.0126306 -0.00444265
-0.0343124 -0.00444265 -0.343009

0.109543 0.00677141 0.0106758
0.00677141 0.0745654 -0.0229412
0.0106758 -0.0229412 -0.289428

0.0348105 -0.0103928 0.0159884
-0.0103928 0.024358 0.0330781
0.0159884 0.0330781 -0.36668

0.0632688 0.0151037 -0.0693972
0.0151037 0.0919394 -0.0387013
-0.0693972 -0.0387013 -0.876519

0.111945 -0.0034486 -0.00129482
-0.0034486 0.0660263 -0.0283634
-0.00129482 -0.0283634 -0.316829

0.128073 0.0238486 -0.0328952
0.0238486 0.145351 -0.150908
-0.0328952 -0.150908 -0.766071

-0.184269 0.00424122 -0.0715996
0.00424122 -0.175702 -0.0702696
-0.0715996 -0.0702696 -1.3035

-0.375252 0.111319 -0.0911441
0.111319 -0.303471 -0.0676475
-0.0911441 -0.0676475 -1.40903

0.0180794 0.00149109 -0.00892179
0.00149109 0.0260443 -0.00069652
-0.00892179 -0.00069652 -0.192921

-0.0153206 -0.00198335 -0.0041854
-0.00198335 -0.017568 0.0025987
-0.0041854 0.0025987 -0.0601747

0.0100051 -0.010819 0.0983059
-0.010819 -0.00454106 -0.124423
0.0983059 -0.124423 -1.03128

-0.079478 0.00651751 0.000720839
0.00651751 -0.131906 -0.0711086
0.000720839 -0.0711086 -1.07499

0.0795239 -0.00606663 -0.0465035
-0.00606663 0.0662524 -0.0397527
-0.0465035 -0.0397527 -0.642782

-0.0139199 0.0310923 -0.0303672
0.0310923 -0.0522983 0.189023
-0.0303672 0.189023 -0.999143

-0.0062644 -0.00897216 -0.0166617
-0.00897216 -0.00931289 -0.00114228
-0.0166617 -0.00114228 -0.313353

0.0989443 -0.00824584 -0.0469464
-0.00824584 0.0987315 -0.0482555
-0.0469464 -0.0482555 -0.619495

-0.00328805 -0.00269801 0.00648243
-0.00269801 -0.0125579 -0.0131821
0.00648243 -0.0131821 -0.181349

-0.0646496 -0.00606191 -0.0595832
-0.00606191 -0.0359626 -0.0926371
-0.0595832 -0.0926371 -0.922883

-0.330775 0.0478233 0.0467154
0.0478233 -0.309198 -0.0407339
0.0467154 -0.0407339 -1.3472

-0.000326806 -0.0197657 0.0487686
-0.0197657 0.00823424 0.0496333
0.0487686 0.0496333 -0.565482

0.0366017 -0.0113079 -0.0297024
-0.0113079 0.0120544 -0.0182564
-0.0297024 -0.0182564 -0.453668

0.0388886 -0.00859039 0.00517617
-0.00859039 0.0585603 -0.0271782
0.00517617 -0.0271782 -0.306727

-0.00468747 0.00173891 2.9063e-05
0.00173891 0.00742994 -0.00682375
2.9063e-05 -0.00682375 -0.258443

-0.0181522 0.00215881 -0.00381105
0.00215881 0.0037551 -0.00730042
-0.00381105 -0.00730042 -0.267954

-0.00905772 -0.000865341 -0.0011207
-0.000865341 -0.0055487 0.00422933
-0.0011207 0.00422933 -0.0562626

-0.0287172 -0.00346106 -0.0056428
-0.00346106 -0.0226116 0.00219069
-0.0056428 0.00219069 -0.0488987

-0.0205248 -0.000151474 0.00308761
-0.000151474 -0.0384973 -0.000549279
0.00308761 -0.000549279 -0.113421

-0.0160222 -0.00167495 -0.00339519
-0.00167495 -0.0107217 0.0039475
-0.00339519 0.0039475 -0.0643106

-0.0193647 0.00184168 -2.39051e-05
0.00184168 -0.0344734 0.00133698
-2.39051e-05 0.00133698 -0.109715

-0.0131133 0.000410577 -0.00566345
0.000410577 -0.00947506 0.0128471
-0.00566345 0.0128471 -0.113639

-0.0156278 -0.00221339 -0.0171981
-0.00221339 -0.0281208 -0.0108559
-0.0171981 -0.0108559 -0.315103

-0.0271602 -0.00267033 -0.00584433
-0.00267033 -0.0167261 -0.000592419
-0.00584433 -0.000592419 -0.0732267

0.013682 -0.00260415 0.00396684
-0.00260415 0.00142557 0.00528524
0.00396684 0.00528524 -0.097285

0.116084 0.00775621 0.0490143
0.00775621 0.104895 0.0984124
0.0490143 0.0984124 -0.806996

-0.0226083 -0.0104614 -0.0048628
-0.0104614 -0.0257776 0.00191039
-0.0048628 0.00191039 -0.0394369

-0.0562058 0.0023412 -0.00571074
0.0023412 -0.0318881 0.00327406
-0.00571074 0.00327406 -0.112547

-0.00333073 0.00398856 -0.00761409
0.00398856 -0.00466853 0.00512743
-0.00761409 0.00512743 -0.0849003

0.120191 0.0844735 0.0981614
0.0844735 0.156273 0.163478
0.0981614 0.163478 -0.828253

-0.0571012 -0.000252501 -0.011903
-0.000252501 -0.0512144 0.00387514
-0.011903 0.00387514 -0.104062

0.0166187 0.0162342 -0.0308497
0.0162342 0.0114989 -0.0177744
-0.0308497 -0.0177744 -0.317444

0.0307354 -0.0195747 0.0238254
-0.0195747 0.00868115 0.0795355
0.0238254 0.0795355 -0.657166

-0.0459586 -0.00117018 -0.00537547
-0.00117018 -0.0442224 -0.00298565
-0.00537547 -0.00298565 -0.111576

0.0559281 -0.0192512 -0.0235053
-0.0192512 0.0377174 -0.00838357
-0.0235053 -0.00838357 -0.315321

0.0833641 0.00958035 0.108477
0.00958035 0.0877573 -0.0963857
0.108477 -0.0963857 -0.94305

-0.726052 -0.0326238 0.123308
-0.0326238 -1.26817 0.249038
0.123308 0.249038 -1.71058

0.0789018 -0.0173746 -0.0365931
-0.0173746 0.0503151 -0.0200059
-0.0365931 -0.0200059 -0.291789

-0.011388 -0.00559806 -0.00263697
-0.00559806 -0.00527281 -0.00300831
-0.00263697 -0.00300831 -0.0342832

-1.76681 0.000842412 0.0764364
0.000842412 -1.76356 0.312738
0.0764364 0.312738 -2.0855

-0.00736583 -0.00536541 -0.00232784
-0.00536541 -0.00605451 0.00237986
-0.00232784 0.00237986 -0.0158542

-0.955383 -0.0433087 0.0910924
-0.0433087 -0.42475 0.182218
0.0910924 0.182218 -1.23756

-0.0153518 0.00191758 -0.0119035
0.00191758 -0.00774119 0.00705948
-0.0119035 0.00705948 -0.0340879

-0.0212123 0.000186132 0.00285669
0.000186132 -0.0131697 -0.00474693
0.00285669 -0.00474693 -0.0387915

-0.00175392 0.0036014 0.00150628
0.0036014 0.010568 -0.00493566
0.00150628 -0.00493566 -0.216516

-0.059819 0.000750401 0.00303542
0.000750401 -0.0384594 0.0110132
0.00303542 0.0110132 -0.0846965

-0.0304916 -0.000322011 -0.0015826
-0.000322011 -0.0205949 0.00266043
-0.0015826 0.00266043 -0.0542647

0.0639978 -0.0133156 0.0620895
-0.0133156 0.0345265 0.0592955
0.0620895 0.0592955 -0.535819

-0.247815 0.01986 -0.0777932
0.01986 -0.243561 -0.0128936
-0.0777932 -0.0128936 -1.41372

-0.0601302 0.00335577 -0.0064368
0.00335577 -0.0598496 0.000137888
-0.0064368 0.000137888 -0.0297661

0.11608 -0.00806701 -0.00193071
-0.00806701 0.109807 -0.0216455
-0.00193071 -0.0216455 -0.346592

-0.0273638 -0.00886017 -0.00309028
-0.00886017 -0.0322184 -0.00199369
-0.00309028 -0.00199369 -0.049349

-0.00413308 -0.0273509 0.0479422
-0.0273509 -0.0144815 0.0477399
0.0479422 0.0477399 -0.577911

-0.000612413 -0.00123016 -0.0154826
-0.00123016 -0.00673883 0.00112828
-0.0154826 0.00112828 -0.0122373

-0.0422382 -0.020535 -0.0162978
-0.020535 -0.0539832 0.00112109
-0.0162978 0.00112109 -0.0456683

-0.0460774 -0.00723084 -0.00566512
-0.00723084 -0.0477753 0.00917416
-0.00566512 0.00917416 -0.0261699

-0.0417265 -0.00443625 -0.00105171
-0.00443625 -0.0376684 0.000429366
-0.00105171 0.000429366 -0.00679227

-0.058321 -0.00677569 -0.00101089
-0.00677569 -0.0809578 -0.00297069
-0.00101089 -0.00297069 -0.0215403

-0.0237494 0.00175659 0.00095109
0.00175659 -0.0284496 0.0061142
0.00095109 0.0061142 0.00836153

-0.0230816 0.00529364 -0.00635876
0.00529364 -0.0412785 0.0152987
-0.00635876 0.0152987 -0.051614

-0.109477 0.00341463 -0.000485716
0.00341463 -0.117377 -0.123274
-0.000485716 -0.123274 -1.19533

0.0551148 -0.0255222 0.0494788
-0.0255222 0.0718458 0.0680758
0.0494788 0.0680758 -0.503776

-0.0149057 0.00477668 -0.00860831
0.00477668 -0.00922528 -0.00833354
-0.00860831 -0.00833354 -0.101475

-0.0417438 0.00676499 -0.00343735
0.00676499 -0.0404798 0.00730276
-0.00343735 0.00730276 -0.221125

0.04254 -0.00457223 0.0299473
-0.00457223 0.0185573 0.0462005
0.0299473 0.0462005 -0.59338

0.000909855 0.0109859 -0.00215022
0.0109859 0.00992793 -0.0046326
-0.00215022 -0.0046326 -0.0874959

0.114131 0.0298797 0.0260693
0.0298797 0.0726998 -0.0122972
0.0260693 -0.0122972 -0.406672

-0.400944 -0.0159546 0.0198784
-0.0159546 -0.44614 0.0148041
0.0198784 0.0148041 -1.42722

-0.0461489 0.00426867 5.77311e-05
0.00426867 -0.0366714 0.00192198
5.77311e-05 0.00192198 -0.122832

0.0559771 -0.0188233 -0.0192889
-0.0188233 0.0625747 -0.144226
-0.0192889 -0.144226 -0.851528

0.0880858 -0.0224277 0.0923962
-0.0224277 0.12278 -0.0602796
0.0923962 -0.0602796 -0.533818

-0.23089 0.158592 -0.118623
0.158592 -0.11659 -0.0447962
-0.118623 -0.0447962 -1.51786

-0.00411547 0.0128377 0.0418171
0.0128377 -0.0171507 -0.0487231
0.0418171 -0.0487231 -0.66312

-0.0232148 0.0022738 -0.00714986
0.0022738 -0.0370694 -0.000302445
-0.00714986 -0.000302445 -0.163081

-0.140823 0.178324 -0.100823
0.178324 0.280984 -0.0676762
-0.100823 -0.0676762 -1.33369

-0.0176259 0.00149562 -0.0369881
0.00149562 -0.0391022 -0.0603814
-0.0369881 -0.0603814 -0.697898

0.100732 -0.0200153 0.0572655
-0.0200153 0.0904444 0.0731099
0.0572655 0.0731099 -0.49949

8.02707e-05 0.0079025 -0.0174152
0.0079025 0.00590803 0.0049558
-0.0174152 0.0049558 -0.297663

0.00263009 0.0156619 0.025036
0.0156619 0.0311209 -0.0204401
0.025036 -0.0204401 -0.606697

0.105911 -0.00608722 -0.0030391
-0.00608722 0.0534957 -0.0198708
-0.0030391 -0.0198708 -0.318814

-0.35792 0.0278057 -0.0999378
0.0278057 -0.658155 0.0172027
-0.0999378 0.0172027 -1.62122

-0.441119 0.0509127 -0.0634448
0.0509127 -0.668219 -0.0315475
-0.0634448 -0.0315475 -1.64524

0.00395141 0.00491379 -0.0217956
0.00491379 0.00688904 -0.000674479
-0.0217956 -0.000674479 -0.246047

-0.265756 0.0350098 -0.113756
0.0350098 -0.28129 -0.25912
-0.113756 -0.25912 -1.33307

-0.0169302 0.000790704 0.000256196
0.000790704 -0.0178478 0.00622521
0.000256196 0.00622521 -0.0234012

0.129904 -0.018787 0.105475
-0.018787 0.062052 -0.0655934
0.105475 -0.0655934 -1.01011

0.0822489 -0.00929562 -0.0469338
-0.00929562 0.1049 -0.00999803
-0.0469338 -0.00999803 -0.579782

-0.30175 0.0145815 -0.075303
0.0145815 -0.34502 -0.0228989
-0.075303 -0.0228989 -1.47074

-0.0148883 -0.000376696 -0.0012527
-0.000376696 -0.0150047 0.000782556
-0.0012527 0.000782556 -0.0613797

-0.0422932 -0.000836483 0.00434018
-0.000836483 -0.0316767 0.0134341
0.00434018 0.0134341 -0.12004

0.142482 -0.0422511 -0.165036
-0.0422511 -0.072857 0.0268154
-0.165036 0.0268154 -0.657699

-1.06763 -0.224727 -0.299627
-0.224727 -1.53397 -0.465776
-0.299627 -0.465776 -2.16141

0.0622479 0.0247779 -0.16342
0.0247779 -0.240822 0.0351717
-0.16342 0.0351717 -0.924919

-0.225339 -0.0596014 -0.282995
-0.0596014 -0.243481 0.135805
-0.282995 0.135805 -1.2697

0.15505 0.0512902 -0.155531
0.0512902 -0.0907994 -0.0342927
-0.155531 -0.0342927 -0.689918

-0.447583 -0.275715 -0.0363658
-0.275715 -0.899107 0.198643
-0.0363658 0.198643 -1.30585

0.122398 -0.0622172 -0.0892373
-0.0622172 0.092049 0.152191
-0.0892373 0.152191 -0.713354

-0.536862 -0.178775 -0.188126
-0.178775 -1.08747 0.0133794
-0.188126 0.0133794 -1.47849

0.0632635 -0.0142365 -0.0687653
-0.0142365 0.0455553 -0.150163
-0.0687653 -0.150163 -0.836845

-0.735104 -0.25789 -0.10682
-0.25789 -1.128 -0.0276611
-0.10682 -0.0276611 -1.40011

-0.0375782 0.0102451 -0.00372796
0.0102451 -0.0649167 0.139037
-0.00372796 0.139037 -0.826927

-0.0104641 0.00407762 0.000208129
0.00407762 -0.0285889 -0.00259944
0.000208129 -0.00259944 0.0108804

-0.00790393 0.0124506 -0.00508018
0.0124506 -0.028532 -0.00734351
-0.00508018 -0.00734351 0.0253264

0.139161 0.0181478 0.196499
0.0181478 -0.204496 0.0374901
0.196499 0.0374901 -0.942204

-0.181684 -0.0242558 0.238525
-0.0242558 -0.207035 -0.139399
0.238525 -0.139399 -1.16566

-0.544179 -0.242552 0.161903
-0.242552 -1.03342 0.0608353
0.161903 0.0608353 -1.33308

-0.0330774 -0.00369693 0.00390044
-0.00369693 -0.0495587 8.03815e-05
0.00390044 8.03815e-05 -0.00762887

-0.00613798 0.00437669 0.00638615
0.00437669 -0.0120758 0.00204105
0.00638615 0.00204105 0.0148891

-0.0309118 -0.000935398 0.00221778
-0.000935398 -0.0280469 -0.00222628
0.00221778 -0.00222628 -0.000343902

-0.0488482 -0.000445508 -0.00366008
-0.000445508 -0.0390248 -0.00240749
-0.00366008 -0.00240749 -0.0220597

-0.0100688 -0.00247386 0.00742267
-0.00247386 -0.0101584 -0.00568448
0.00742267 -0.00568448 0.0310793

-0.0073149 0.00257156 0.00418795
0.00257156 -0.0197697 0.00589399
0.00418795 0.00589399 0.0217973

-0.0458579 -0.0083622 0.00532778
-0.0083622 -0.0666945 0.00716274
0.00532778 0.00716274 -0.0190822

-0.0249901 0.0315802 0.162829
0.0315802 -0.229997 0.139737
0.162829 0.139737 -1.31856

0.108172 -0.00578787 -0.00238437
-0.00578787 0.0923622 -0.0269882
-0.00238437 -0.0269882 -0.3503

0.0498203 -0.00507874 0.0204035
-0.00507874 0.00572303 0.152443
0.0204035 0.152443 -0.822262

-0.00910667 0.000966421 0.00443314
0.000966421 -0.023671 0.00579007
0.00443314 0.00579007 0.0197363

-0.0771962 0.106565 0.189819
0.106565 -0.0850921 0.1069
0.189819 0.1069 -1.08593

-0.319438 -0.0408358 0.200044
-0.0408358 -0.97497 0.0430755
0.200044 0.0430755 -1.38743

-0.033353 -0.00190073 0.00162749
-0.00190073 -0.0503482 -0.00289722
0.00162749 -0.00289722 -0.000818265

-0.597448 0.267533 0.0520613
0.267533 -1.06202 0.236843
0.0520613 0.236843 -1.58204

-0.0390504 0.00468085 -0.000512703
0.00468085 -0.042039 0.00416017
-0.000512703 0.00416017 0.00158021

-0.0203981 -0.0146335 -0.0322645
-0.0146335 -0.0208141 -0.0186026
-0.0322645 -0.0186026 -0.488131

0.0422309 0.012432 0.0301107
0.012432 0.0079262 0.0275403
0.0301107 0.0275403 -0.431734

-0.0132823 -0.00481331 -0.00418716
-0.00481331 -0.00887833 0.00410806
-0.00418716 0.00410806 -0.0616483

-0.0187072 -0.00135608 0.00433777
-0.00135608 -0.0181078 0.00897286
0.00433777 0.00897286 -0.0169728

0.0405267 0.00274633 0.0247275
0.00274633 0.0150443 -0.0219982
0.0247275 -0.0219982 -0.422186

0.111361 -0.0119957 -0.000462541
-0.0119957 0.0969323 -0.0269695
-0.000462541 -0.0269695 -0.347613

0.0960715 -0.00721853 0.0313552
-0.00721853 0.0921991 -0.0237843
0.0313552 -0.0237843 -0.2304

-0.0202057 -0.00121776 -0.00733686
-0.00121776 -0.00174743 -0.00335629
-0.00733686 -0.00335629 -0.215057

-0.0298132 -0.00438116 -0.00720737
-0.00438116 -0.0178369 0.00236433
-0.00720737 0.00236433 -0.223937

0.074022 0.00630822 -0.0174761
0.00630822 0.0559947 0.0404493
-0.0174761 0.0404493 -0.318559

-0.0233728 -0.00171169 0.00327065
-0.00171169 -0.00716043 0.0061775
0.00327065 0.0061775 0.0261626

0.107651 -0.00870471 0.00175595
-0.00870471 0.0558075 -0.0206322
0.00175595 -0.0206322 -0.317507

-0.0323416 -0.00383005 -0.00673192
-0.00383005 -0.0258534 0.00249189
-0.00673192 0.00249189 -0.0556816

-0.0274003 0.00566659 -0.00275605
0.00566659 -0.0140216 0.00457753
-0.00275605 0.00457753 -0.0407702

-0.0456643 0.0110424 0.00180215
0.0110424 -0.0289437 0.00192943
0.00180215 0.00192943 -0.0484543

-0.0284425 -0.00177651 -0.00402831
-0.00177651 -0.0343398 0.00104901
-0.00402831 0.00104901 0.0180132

-0.0156117 0.0045899 -0.00172542
0.0045899 -0.0390402 -0.00798785
-0.00172542 -0.00798785 0.0109187

-0.00909973 -0.00514355 -0.00537425
-0.00514355 -0.0178058 -0.00231113
-0.00537425 -0.00231113 -0.0715933

-0.0312431 0.00710711 -0.00292747
0.00710711 -0.0174753 0.00711559
-0.00292747 0.00711559 -0.0293206

0.0145694 -0.00187439 0.0194761
-0.00187439 -0.0120984 -0.0138889
0.0194761 -0.0138889 -0.140822

-0.0113442 0.0072587 0.00437568
0.0072587 0.00295062 0.00628581
0.00437568 0.00628581 -0.023579

-0.02707 0.00183145 -5.96329e-05
0.00183145 -0.0359059 0.006618
-5.96329e-05 0.006618 0.00845208

-0.0343753 0.00467385 -0.000468798
0.00467385 -0.0423749 -0.000991078
-0.000468798 -0.000991078 0.00191606

-0.0410945 -0.00564337 0.0161493
-0.00564337 -0.0440873 0.0280241
0.0161493 0.0280241 -0.405743

-0.0425308 0.00546365 -0.00272033
0.00546365 -0.0481462 2.29295e-05
-0.00272033 2.29295e-05 -0.011415

-0.114718 0.0260668 0.0301296
0.0260668 -0.147438 0.0175672
0.0301296 0.0175672 -1.21724

-0.0391612 -0.00801573 -0.00226697
-0.00801573 -0.0434677 0.00209005
-0.00226697 0.00209005 0.0124545

-0.0195495 -0.0230633 0.018044
-0.0230633 0.00856357 -0.0212629
0.018044 -0.0212629 -0.62384

0.113214 -0.00730296 -0.00130336
-0.00730296 0.0692667 -0.0268316
-0.00130336 -0.0268316 -0.315021

0.100773 0.00910565 0.0333294
0.00910565 0.0676031 -0.00744752
0.0333294 -0.00744752 -0.314147

-0.0345701 -0.00358156 -2.48428e-05
-0.00358156 -0.0285689 -0.00142552
-2.48428e-05 -0.00142552 0.00876077

-0.0167452 0.00589416 0.00808423
0.00589416 -0.0194117 0.000778743
0.00808423 0.000778743 -0.081134

-0.0431199 -0.00464166 -0.00244963
-0.00464166 -0.0351999 -0.00258861
-0.00244963 -0.00258861 -0.00170567

-0.0407708 -0.0080741 -0.00433051
-0.0080741 -0.0411671 0.00415753
-0.00433051 0.00415753 0.010455

0.01443 0.0011969 -0.0120171
0.0011969 0.00581045 0.00710246
-0.0120171 0.00710246 -0.0621624

-0.0285138 0.00725881 0.00195739
0.00725881 -0.0360737 -0.00011269
0.00195739 -0.00011269 0.00601733

-0.0333915 0.00636329 -0.00452845
0.00636329 -0.0218962 0.0054644
-0.00452845 0.0054644 -0.0351013

-0.0362805 0.00843279 -0.000687312
0.00843279 -0.0408481 0.000821783
-0.000687312 0.000821783 -0.00646993

-0.0178533 0.00728355 -0.000707826
0.00728355 -0.0310691 0.000608765
-0.000707826 0.000608765 0.0135383

-0.0047914 0.00638796 -0.00555009
0.00638796 -0.0122179 0.00394471
-0.00555009 0.00394471 -0.0788878

-0.017504 0.00858434 -0.0508116
0.00858434 -0.0285416 0.0311249
-0.0508116 0.0311249 -0.46378

-0.0243687 0.00563887 -0.0200441
0.00563887 -0.0356998 0.0156265
-0.0200441 0.0156265 -0.0353734

0.00242939 -0.00714297 -0.0748534
-0.00714297 0.0274095 -0.0422814
-0.0748534 -0.0422814 -0.903222

0.0245548 0.00875862 -0.0187277
0.00875862 0.0113462 -0.0131075
-0.0187277 -0.0131075 0.0225721

-0.0124386 -0.0157075 -0.000175432
-0.0157075 0.00785196 -0.0363788
-0.000175432 -0.0363788 -0.341964

-0.0228519 -0.00600789 -0.00235378
-0.00600789 -0.0165085 0.00387222
-0.00235378 0.00387222 -0.0329164

-0.0139578 0.000942266 0.0191351
0.000942266 -0.0244126 -0.0149763
0.0191351 -0.0149763 -0.15569

-0.0299391 -0.000644946 0.00205799
-0.000644946 -0.0316804 0.00577317
0.00205799 0.00577317 0.0052465

-0.00323416 0.00187901 0.0121968
0.00187901 -0.0298667 -0.00852485
0.0121968 -0.00852485 -0.158023

0.00165198 0.0100368 -0.00545046
0.0100368 -0.000817144 -0.0020353
-0.00545046 -0.0020353 -0.0708009

0.0905548 0.0233574 0.0233766
0.0233574 0.0886915 -0.0162629
0.0233766 -0.0162629 -0.638549

-0.0320174 0.00697023 -0.00456352
0.00697023 -0.0217067 0.00486816
-0.00456352 0.00486816 -0.0307663

-0.0206306 0.000238209 -0.00191363
0.000238209 -0.0208172 -3.29586e-05
-0.00191363 -3.29586e-05 -0.0733896

-0.036899 0.00190779 -0.200752
0.00190779 -0.192909 0.0677814
-0.200752 0.0677814 -0.753136

-0.0206417 0.00548298 0.000910641
0.00548298 -0.02577 0.00578416
0.000910641 0.00578416 -0.00464785

-0.0254333 -0.00160517 0.00282367
-0.00160517 -0.0251604 -0.00317547
0.00282367 -0.00317547 0.00821724

-0.0325316 -0.00458043 -4.20977e-05
-0.00458043 -0.0465839 0.00151043
-4.20977e-05 0.00151043 -0.00170872

-0.0457583 0.00210828 -0.00395925
0.00210828 -0.0442249 0.00566124
-0.00395925 0.00566124 -0.016538

0.0116402 0.00690539 0.00597954
0.00690539 0.00534987 0.0224965
0.00597954 0.0224965 -0.127914

0.244533 -0.106208 0.0884938
-0.106208 0.027607 -0.12328
0.0884938 -0.12328 -0.763709

-0.00133278 0.00547897 -0.00788416
0.00547897 0.00599855 0.00777698
-0.00788416 0.00777698 -0.291304

-0.0150254 0.00716002 -0.00616334
0.00716002 -0.0147519 -0.000904285
-0.00616334 -0.000904285 -0.0563699

-0.00155922 0.000423424 -0.0043703
0.000423424 -0.0224184 -0.000691735
-0.0043703 -0.000691735 0.0238786

-0.0163563 0.0120416 -0.00103649
0.0120416 -0.0435646 -0.0167549
-0.00103649 -0.0167549 -0.000475787

-0.033894 0.00907808 -0.00138975
0.00907808 -0.0247006 -0.00139698
-0.00138975 -0.00139698 -0.013522

-0.0726456 -0.00898508 0.00340763
-0.00898508 -0.0731303 0.0044311
0.00340763 0.0044311 -0.0775484

-0.0242964 -0.00403443 -0.000684006
-0.00403443 -0.0166974 0.0039686
-0.000684006 0.0039686 -0.108552

-0.0203102 0.00578247 -0.00447426
0.00578247 -0.0151771 -0.000310528
-0.00447426 -0.000310528 -0.0598956

-0.0179037 0.00725831 0.00438498
0.00725831 -0.0196013 0.00393754
0.00438498 0.00393754 -0.0655781

-0.00387392 0.00544824 0.00399197
0.00544824 -0.0106469 0.00394034
0.00399197 0.00394034 -0.057016

-0.0248366 -0.000440046 0.00124359
-0.000440046 -0.0295707 0.00528868
0.00124359 0.00528868 0.00626733

-0.0116026 0.00229753 0.00560118
0.00229753 -0.0177029 0.00735856
0.00560118 0.00735856 0.020175

0.00374643 0.00129888 -0.00413746
0.00129888 -0.0192732 -0.000339743
-0.00413746 -0.000339743 0.0263629

0.0052036 2.77842e-05 0.0199928
2.77842e-05 -0.00867612 -0.0106046
0.0199928 -0.0106046 -0.145042

-0.0312137 0.00911642 -0.000447963
0.00911642 -0.0248958 0.00186151
-0.000447963 0.00186151 -0.0933679

0.0317149 0.00865716 0.0195485
0.00865716 0.0347468 -0.0167706
0.0195485 -0.0167706 -0.282545

-0.0456886 0.00131388 0.000652885
0.00131388 -0.0541659 0.000963422
0.000652885 0.000963422 -0.00603206

-0.0415114 0.0033422 0.000449837
0.0033422 -0.0632909 0.000731296
0.000449837 0.000731296 -0.00779283

-0.0222655 -0.00503683 0.00261095
-0.00503683 -0.0282755 -0.00321672
0.00261095 -0.00321672 -0.0660682

-0.0378129 -0.00301861 0.00167627
-0.00301861 -0.0156798 -0.00803757
0.00167627 -0.00803757 -0.0337949

-0.0157044 0.00528453 0.00039076
0.00528453 -0.0123356 0.00176272
0.00039076 0.00176272 -0.0840513

0.00397851 -0.000251478 0.01768
-0.000251478 -0.0155962 -0.0137106
0.01768 -0.0137106 -0.148554

-0.0211063 0.00794714 0.000288637
0.00794714 -0.0289551 0.00444951
0.000288637 0.00444951 -0.105612

-0.0160209 0.00517762 0.000708324
0.00517762 -0.0107885 -0.00170526
0.000708324 -0.00170526 -0.060044

-0.0267237 -0.00376578 0.00182
-0.00376578 -0.0354372 -0.000357128
0.00182 -0.000357128 -0.0692288

0.00352841 0.0186291 0.061482
0.0186291 -0.00523895 -0.10495
0.061482 -0.10495 -0.816219

-0.0486706 -0.00330647 -0.0811953
-0.00330647 -0.038509 -0.0236017
-0.0811953 -0.0236017 -0.974425

-0.0379629 -0.00721969 -0.000825549
-0.00721969 -0.0331049 0.000403254
-0.000825549 0.000403254 -0.0515655

-0.0111417 -0.00162236 -0.00406107
-0.00162236 -0.00926183 -0.00532469
-0.00406107 -0.00532469 -0.0241871

-0.0016294 -0.00362922 -0.00638784
-0.00362922 -0.00301586 -5.77025e-05
-0.00638784 -5.77025e-05 -0.00720232

-0.0136568 0.00265265 0.00859012
0.00265265 -0.0159716 0.00637642
0.00859012 0.00637642 -0.716998

0.0420684 -0.00135422 0.0234365
-0.00135422 0.0186866 0.0474527
0.0234365 0.0474527 -0.593443

0.0677318 0.00518332 -0.00199752
0.00518332 0.0823112 -0.137139
-0.00199752 -0.137139 -0.856074

0.0237984 0.00790591 0.0281707
0.00790591 -0.00886318 0.0482417
0.0281707 0.0482417 -0.676151

-0.117906 0.0279869 -0.0522681
0.0279869 -0.120133 0.0848645
-0.0522681 0.0848645 -1.09114

-1.86963 -0.00108412 0.108799
-0.00108412 -1.86723 -0.282632
0.108799 -0.282632 -2.25842

-0.793642 -0.132204 0.104523
-0.132204 -1.22478 -0.303839
0.104523 -0.303839 -1.69665

0.0507803 -0.0713624 0.104208
-0.0713624 0.214207 -0.130488
0.104208 -0.130488 -0.768005

-0.473811 -0.044743 -0.0599316
-0.044743 -0.432316 -0.090656
-0.0599316 -0.090656 -1.6745

-0.523799 -0.0458282 0.0563085
-0.0458282 -0.353157 -0.00318701
0.0563085 -0.00318701 -1.43504

-0.14495 -0.0224627 0.00894156
-0.0224627 -0.0394054 0.193282
0.00894156 0.193282 -1.2143

0.179928 -0.00222521 0.00766784
-0.00222521 0.0529133 0.0203284
0.00766784 0.0203284 -1.04806

-0.0403603 -0.00699802 -0.0141155
-0.00699802 -0.0433478 -0.00404911
-0.0141155 -0.00404911 -0.0619497

-0.974724 0.0436726 0.120273
0.0436726 -0.379163 -0.165207
0.120273 -0.165207 -1.33213

-0.00761815 -0.0060805 0.0155243
-0.0060805 -0.0100577 0.0023454
0.0155243 0.0023454 -0.15297

-0.0226347 -0.0032653 -0.00178819
-0.0032653 -0.0378299 -0.00193953
-0.00178819 -0.00193953 0.00260067

-0.0175907 1.40302e-05 0.0129977
1.40302e-05 -0.0134388 0.0141747
0.0129977 0.0141747 -0.0132407

0.0459292 0.0241194 0.0175675
0.0241194 0.0530091 -0.0142067
0.0175675 -0.0142067 -0.33451

-0.0171823 -0.000710688 -0.000602374
-0.000710688 -0.0186786 -8.27902e-05
-0.000602374 -8.27902e-05 -0.0711903

-0.286232 -0.0592764 -0.13178
-0.0592764 0.0582133 0.135299
-0.13178 0.135299 -1.39597

-0.326443 0.0341368 0.0497177
0.0341368 -0.176631 -0.0608585
0.0497177 -0.0608585 -1.16861

-0.0078513 -0.00122443 0.00106736
-0.00122443 -0.0130253 0.00726928
0.00106736 0.00726928 -0.0460773

-0.117491 -0.0215674 0.0751925
-0.0215674 -0.0761125 0.0995643
0.0751925 0.0995643 -1.2078

-0.0192973 -0.00109001 -0.000408385
-0.00109001 -0.0121705 -0.00374812
-0.000408385 -0.00374812 -0.0286641

-0.0353358 -0.0038225 -0.00412155
-0.0038225 -0.0457619 -0.00202273
-0.00412155 -0.00202273 -0.00624509

-0.032636 -0.00526134 -0.00321411
-0.00526134 -0.0399909 -0.00458055
-0.00321411 -0.00458055 -0.00677616

-0.0698701 -0.00960045 0.0866837
-0.00960045 -0.0731048 -0.138955
0.0866837 -0.138955 -1.12825

-0.036108 -0.00813124 0.0016444
-0.00813124 -0.032024 0.00436168
0.0016444 0.00436168 -0.0417447

-0.00555511 0.00391792 0.000927253
0.00391792 0.00162312 -0.00163504
0.000927253 -0.00163504 -0.0543906

-0.0326057 -0.00495672 -0.000495529
-0.00495672 -0.0390561 -0.00196141
-0.000495529 -0.00196141 -0.0300373

-0.0329135 -0.0048889 -0.000941559
-0.0048889 -0.0375927 -0.0012437
-0.000941559 -0.0012437 -0.0292565

0.00426676 -0.01021 0.0996914
-0.01021 0.0456669 0.112617
0.0996914 0.112617 -1.04921

-0.0382697 0.00873874 0.0128289
0.00873874 0.00130904 0.204018
0.0128289 0.204018 -1.11323

-0.023163 0.00759489 -0.0013028
0.00759489 -0.0223198 0.00261632
-0.0013028 0.00261632 -0.0731933

-0.0206278 0.00470843 -0.0118332
0.00470843 -0.0142199 -0.00311577
-0.0118332 -0.00311577 -0.11139

-0.0213248 0.0109287 0.00372266
0.0109287 -0.0235115 0.00223428
0.00372266 0.00223428 -0.0824496

0.000566655 0.00926615 -0.00452685
0.00926615 0.00584252 0.00133074
-0.00452685 0.00133074 -0.0916315

-0.0012755 0.00957592 0.00412621
0.00957592 0.0087772 -0.00295679
0.00412621 -0.00295679 -0.0609733

0.00288302 -0.031774 0.100944
-0.031774 0.0072849 0.129358
0.100944 0.129358 -0.854563

-0.0421219 0.0040194 -0.00704714
0.0040194 -0.0192612 -0.136286
-0.00704714 -0.136286 -1.13175

-0.00687675 -0.00264002 -0.00173577
-0.00264002 -0.00955883 0.00385916
-0.00173577 0.00385916 0.0233971

0.0554895 -0.0107761 0.00892692
-0.0107761 0.0321346 0.0619631
0.00892692 0.0619631 -0.395724

-0.209024 -0.0538606 0.0659195
-0.0538606 -0.117496 -0.140402
0.0659195 -0.140402 -1.25444

-0.0282305 -0.00361045 -0.00154234
-0.00361045 -0.0407562 -0.0260559
-0.00154234 -0.0260559 -0.324714

-0.0120716 -0.0175354 0.00962081
-0.0175354 -0.0125295 -0.0196951
0.00962081 -0.0196951 -0.328684

-0.0303095 -0.0205319 0.0730983
-0.0205319 0.0088297 0.023028
0.0730983 0.023028 -0.652194

-0.0239364 0.000820258 0.00280822
0.000820258 -0.0298615 -0.00186881
0.00280822 -0.00186881 0.00527271

0.0459223 0.00191468 -0.0538261
0.00191468 0.0256859 0.0636401
-0.0538261 0.0636401 -0.400974

0.0210378 0.00160876 -0.0146826
0.00160876 0.0246287 0.0115768
-0.0146826 0.0115768 -0.272091

0.0111168 0.00580481 0.0249552
0.00580481 -0.0175787 0.0464362
0.0249552 0.0464362 -0.688193

-0.0339575 -0.00163289 -0.00728054
-0.00163289 -0.0577404 -0.0545987
-0.00728054 -0.0545987 -0.368555

-0.0800788 -0.0166179 0.089779
-0.0166179 -0.0373603 0.0157556
0.089779 0.0157556 -0.719537

-0.194559 0.0243683 0.0251115
0.0243683 -0.132418 0.0418724
0.0251115 0.0418724 -1.35742

-0.0102628 0.0134383 0.0936323
0.0134383 0.0223301 -0.105582
0.0936323 -0.105582 -0.737095

0.0520762 0.0310255 0.0896433
0.0310255 -0.000156439 -0.103502
0.0896433 -0.103502 -0.672908

0.151103 -0.0115229 -0.03705
-0.0115229 0.127229 0.120687
-0.03705 0.120687 -0.889458

0.0662569 0.0286561 0.0176425
0.0286561 0.0536259 -0.0631179
0.0176425 -0.0631179 -0.675169

-0.015932 -0.0106399 0.0676036
-0.0106399 0.0076774 0.0262816
0.0676036 0.0262816 -0.545031

-0.0132443 0.00476244 0.00278866
0.00476244 -0.00263293 0.00524671
0.00278866 0.00524671 -0.0267831

-0.0223238 0.00350091 0.0727766
0.00350091 0.0584635 -0.0105859
0.0727766 -0.0105859 -0.530886

-0.0650154 0.016983 0.0225452
0.016983 -0.0839838 0.0756747
0.0225452 0.0756747 -1.15608

-0.0168194 -0.0107254 -0.0075348
-0.0107254 -0.0201796 0.00295958
-0.0075348 0.00295958 -0.0558858

-0.0143861 0.0057023 0.00853551
0.0057023 -0.018411 0.000692379
0.00853551 0.000692379 -0.0808675

-0.0411519 0.000159034 -0.0015818
0.000159034 -0.0337044 0.000999433
-0.0015818 0.000999433 -0.206561

-0.0138661 -0.0134826 0.0113745
-0.0134826 -0.01306 0.0501819
0.0113745 0.0501819 -0.787675

-0.0440644 -0.0117727 0.0195706
-0.0117727 -0.00820662 -0.00848853
0.0195706 -0.00848853 -0.296782

0.00195309 -0.00192207 0.00110904
-0.00192207 0.023256 -0.00869133
0.00110904 -0.00869133 -0.211121

-0.0440712 0.00193539 -0.00193052
0.00193539 -0.0746526 -0.0282677
-0.00193052 -0.0282677 -0.23557

0.0218119 0.0249769 0.0571473
0.0249769 0.0706785 -0.0192179
0.0571473 -0.0192179 -0.429671

0.0377891 0.0189792 0.0480784
0.0189792 0.054814 -0.0191629
0.0480784 -0.0191629 -0.340003

0.0491783 -0.0360184 0.0164169
-0.0360184 0.0585481 0.0479731
0.0164169 0.0479731 -0.754469

0.154909 0.0414751 0.0368549
0.0414751 0.113654 -0.0664939
0.0368549 -0.0664939 -0.493933

-0.0172281 0.0108994 0.0750239
0.0108994 -0.0619133 -0.0156278
0.0750239 -0.0156278 -0.657096

-0.00828036 -0.0138672 0.000774823
-0.0138672 -0.00385331 -0.153953
0.000774823 -0.153953 -1.11177

0.0646061 0.0567739 -0.00993141
0.0567739 0.0952461 -0.0526852
-0.00993141 -0.0526852 -0.32744

0.0606805 0.020356 0.0210335
0.020356 0.0520647 -0.0586693
0.0210335 -0.0586693 -0.498154

0.0748821 0.00766315 -0.00399504
0.00766315 0.0735 -0.054038
-0.00399504 -0.054038 -0.8173

-0.0692415 0.0327676 -0.0624248
0.0327676 -0.0489854 -0.005328
-0.0624248 -0.005328 -1.31752

-0.0134264 0.000129551 0.000782755
0.000129551 -0.01673 0.00137117
0.000782755 0.00137117 -0.069517

0.0235942 0.00155787 0.0252861
0.00155787 0.0575805 -0.00108198
0.0252861 -0.00108198 -0.289449

0.0117975 -0.00463201 0.0475701
-0.00463201 0.00383832 -0.00326677
0.0475701 -0.00326677 -0.64548

0.0233323 0.0198175 0.0367561
0.0198175 0.0213863 -0.0168456
0.0367561 -0.0168456 -0.367592

0.0521902 0.0205404 0.011555
0.0205404 0.0676349 -0.0210228
0.011555 -0.0210228 -0.312791

-0.471642 0.504769 -0.0100105
0.504769 -0.962754 -0.00898333
-0.0100105 -0.00898333 -1.23401

-0.0223753 0.000206859 -0.173558
0.000206859 -0.0989758 -0.120283
-0.173558 -0.120283 -0.894662

-0.00818406 -0.00510254 0.01878
-0.00510254 0.0202746 -0.0120339
0.01878 -0.0120339 -0.348255

-0.113214 -0.00817296 0.00786138
-0.00817296 -0.0586535 -0.0868454
0.00786138 -0.0868454 -1.12976

-0.0157038 -0.00184396 -0.00918761
-0.00184396 -0.0225133 -0.00103201
-0.00918761 -0.00103201 -0.0808844

-0.0505336 -0.00307012 0.0562306
-0.00307012 -0.0545176 -0.0106063
0.0562306 -0.0106063 -0.74831

-0.0435246 -0.00914561 -0.0721782
-0.00914561 -0.00852585 -0.040169
-0.0721782 -0.040169 -1.1207

-1.71482 0.000173561 -0.222156
0.000173561 -1.71654 -0.0221738
-0.222156 -0.0221738 -2.00125

-0.00443142 -0.00477777 0.00208369
-0.00477777 -0.00455111 0.00655742
0.00208369 0.00655742 -0.106279

0.00160655 0.000712777 0.0104362
0.000712777 0.0015287 0.00965903
0.0104362 0.00965903 -0.112543

-0.00972739 0.00978465 -0.000345993
0.00978465 -0.0171522 0.00754109
-0.000345993 0.00754109 -0.302211

-0.0154968 0.0159056 -0.00217363
0.0159056 -0.00163623 -0.00869085
-0.00217363 -0.00869085 0.0054054

0.0364422 0.00604439 -0.00690401
0.00604439 0.0447019 -0.0214428
-0.00690401 -0.0214428 -0.191392

0.0250772 0.000926259 -0.0120069
0.000926259 0.0412534 0.0077446
-0.0120069 0.0077446 -0.222445

0.00281193 0.00448227 -0.00886888
0.00448227 0.0470646 -0.0169754
-0.00886888 -0.0169754 -0.247179

0.0409329 0.00849294 0.0109336
0.00849294 0.0448555 -0.0228577
0.0109336 -0.0228577 -0.2022

0.012282 0.00200307 -0.00641803
0.00200307 0.00874053 -0.00651274
-0.00641803 -0.00651274 -0.231864

0.0055056 0.00351547 -0.0114261
0.00351547 0.00845621 0.000400514
-0.0114261 0.000400514 -0.241435

-1.1726 -0.2318 -0.0352985
-0.2318 -0.744827 -0.156883
-0.0352985 -0.156883 -1.5063

-1.71482 0.000173561 -0.222156
0.000173561 -1.71654 -0.0221738
-0.222156 -0.0221738 -2.00125

0.0214811 0.0035928 -0.0181648
0.0035928 0.0208001 -0.00184855
-0.0181648 -0.00184855 -0.251766

0.0505074 0.00145551 -0.0183379
0.00145551 0.0336064 -0.00291303
-0.0183379 -0.00291303 -0.163791

0.105554 0.0192027 0.0957617
0.0192027 0.0679258 -0.0967033
0.0957617 -0.0967033 -0.707823

-0.729626 -0.205654 -0.0341128
-0.205654 -1.16857 -0.225422
-0.0341128 -0.225422 -1.5145

-0.0076437 0.00990637 -0.00857715
0.00990637 0.00253538 -0.00161433
-0.00857715 -0.00161433 -0.200882

-0.00522628 -0.00228195 0.0131414
-0.00228195 -0.0146553 -0.012927
0.0131414 -0.012927 -0.146575

0.00629464 -0.00486008 -0.0147072
-0.00486008 0.016894 -0.00203806
-0.0147072 -0.00203806 -0.200303

-0.0107463 -0.00309631 -0.0194178
-0.00309631 -0.0302432 -0.00399821
-0.0194178 -0.00399821 -0.248806

-0.00401521 0.00201933 0.00629071
0.00201933 -0.00696436 -0.0158729
0.00629071 -0.0158729 -0.127931

0.00312333 0.00355731 0.00866053
0.00355731 -0.00914624 -0.0128916
0.00866053 -0.0128916 -0.126267

0.00679198 -0.00538736 -0.0191626
-0.00538736 0.0229726 -0.00270873
-0.0191626 -0.00270873 -0.13778

-0.0626155 0.0030591 0.0745114
0.0030591 -0.0493292 -0.00134824
0.0745114 -0.00134824 -0.758799

-0.0222526 -0.00380795 -0.0116827
-0.00380795 -0.0277171 -0.00359631
-0.0116827 -0.00359631 -0.181607

-0.0101427 0.000317614 -0.000395849
0.000317614 -0.013847 0.00166279
-0.000395849 0.00166279 -0.0642266

-0.0876947 0.00869474 0.112502
0.00869474 -0.0691053 0.0347389
0.112502 0.0347389 -1.15885

-0.0468202 0.000418093 -0.00391836
0.000418093 -0.0358116 0.00393664
-0.00391836 0.00393664 0.00739952

0.00786731 0.000529922 0.0149186
0.000529922 -0.0130895 -0.0108363
0.0149186 -0.0108363 -0.141053

-0.0385593 -0.00339049 -0.0102615
-0.00339049 -0.0240952 0.000271932
-0.0102615 0.000271932 -0.0480834

-0.00263583 -0.00527627 -0.0122322
-0.00527627 0.00308934 0.00639077
-0.0122322 0.00639077 -0.13821

0.0773694 0.0382237 -0.141091
0.0382237 0.0762165 0.0385774
-0.141091 0.0385774 -0.786058

-4.90718e-05 0.00171951 0.00136464
0.00171951 0.0101088 0.00913648
0.00136464 0.00913648 -0.168903

-0.000953984 0.000316348 0.00578297
0.000316348 0.00529988 0.0186239
0.00578297 0.0186239 -0.139981

-0.0321355 0.0123563 -0.00216808
0.0123563 -0.0301884 -0.00341456
-0.00216808 -0.00341456 -0.0125343

-0.133812 0.0201691 -0.0721521
0.0201691 -0.143895 -0.0264535
-0.0721521 -0.0264535 -1.38355

-0.00790214 -0.00468902 -0.00885323
-0.00468902 -0.00773137 -0.001073
-0.00885323 -0.001073 -0.109045

0.0141111 0.000303274 0.00744487
0.000303274 -0.00502492 -0.00171225
0.00744487 -0.00171225 -0.0762856

-0.0112616 -0.00204539 -0.0187817
-0.00204539 -0.00685354 -0.00221345
-0.0187817 -0.00221345 -0.104758

-0.00209886 -0.00420978 -0.0163973
-0.00420978 -0.0104338 0.00581253
-0.0163973 0.00581253 -0.112357

-0.00628068 -0.000249236 -0.0108777
-0.000249236 0.00310443 0.00935781
-0.0108777 0.00935781 -0.118838

-0.0610516 -0.00598039 -0.00206268
-0.00598039 -0.0537039 0.00356052
-0.00206268 0.00356052 -0.0027942

-0.0201343 0.0101263 -0.00318405
0.0101263 -0.0271564 0.000694128
-0.00318405 0.000694128 -0.0659296

0.0725268 -0.0167266 0.0149923
-0.0167266 0.0652473 0.0564443
0.0149923 0.0564443 -0.54073

-0.0270009 0.0094352 -0.134517
0.0094352 -0.0311573 0.0665615
-0.134517 0.0665615 -1.05277

-0.00320907 -0.00579498 0.000108748
-0.00579498 0.00571267 0.00411851
0.000108748 0.00411851 -0.227924

-0.0342011 0.0045886 0.00120809
0.0045886 -0.00839205 7.59312e-05
0.00120809 7.59312e-05 -0.0128789

-0.00845768 -0.0108737 0.00166852
-0.0108737 -0.00674582 0.00226914
0.00166852 0.00226914 -0.222236

-0.00425148 0.00368216 -0.00654868
0.00368216 -0.00443918 0.00110745
-0.00654868 0.00110745 -0.0745855

0.00270865 -0.00260926 -0.0110038
-0.00260926 0.00416895 0.000556325
-0.0110038 0.000556325 -0.0798215

-0.0024455 -0.000708222 -0.00375766
-0.000708222 0.00532098 -0.00143838
-0.00375766 -0.00143838 -0.0746774

-0.00750418 -0.00370651 -0.00469118
-0.00370651 -0.00404104 0.000416714
-0.00469118 0.000416714 -0.0635128

0.00364416 0.000793084 -0.00107546
0.000793084 0.0148317 0.0174824
-0.00107546 0.0174824 -0.0868847

-0.000461046 -0.00325525 -0.00556153
-0.00325525 0.0046033 0.00206555
-0.00556153 0.00206555 -0.0596906

-0.0123722 0.00997676 -0.00273615
0.00997676 -0.0239868 -0.00149348
-0.00273615 -0.00149348 -0.0360865

-0.0128596 0.0112335 -0.00549199
0.0112335 -0.0208579 -0.00129577
-0.00549199 -0.00129577 -0.0593281

0.0434532 -0.0188615 -0.0299749
-0.0188615 0.0351556 -0.0611053
-0.0299749 -0.0611053 -0.532481

-0.0424265 0.00468652 -0.00125331
0.00468652 -0.0364371 0.00201358
-0.00125331 0.00201358 -0.0335523

-0.00278269 0.00625464 0.00602367
0.00625464 0.00114901 -0.00102204
0.00602367 -0.00102204 -0.0332663

-0.0540121 0.00589261 -0.00472534
0.00589261 -0.0554287 -0.00743628
-0.00472534 -0.00743628 -0.0561019

-0.0286234 -0.0111773 -0.0748182
-0.0111773 -0.01476 -0.0538772
-0.0748182 -0.0538772 -1.075

-0.140092 0.0317286 -0.0652546
0.0317286 -0.15508 -0.0607772
-0.0652546 -0.0607772 -1.37101

-0.027192 0.0120211 0.00350205
0.0120211 -0.00882763 -0.000786408
0.00350205 -0.000786408 -0.0286819

-0.0129134 0.00799091 -0.00220886
0.00799091 0.00834505 -0.00141893
-0.00220886 -0.00141893 0.00383397

-0.0171988 0.0154887 -0.00242588
0.0154887 -0.0232644 0.00198418
-0.00242588 0.00198418 -0.0217691

-0.0218511 0.00917993 -0.000272959
0.00917993 -0.0260052 -0.000531467
-0.000272959 -0.000531467 -0.0636259

0.166272 -0.0194104 0.0581224
-0.0194104 0.161315 -0.0403259
0.0581224 -0.0403259 -0.364205

-0.00816957 -0.00777051 0.00270236
-0.00777051 -0.0267676 -0.0290527
0.00270236 -0.0290527 -0.307968

-0.0288065 0.0111295 -0.000999347
0.0111295 -0.020735 -0.00169276
-0.000999347 -0.00169276 -0.0104565

-0.0282378 0.0137349 -0.000527294
0.0137349 -0.0177618 -0.00452764
-0.000527294 -0.00452764 -0.00950445

-0.0415255 0.00536066 0.000245241
0.00536066 -0.0305599 0.0086935
0.000245241 0.0086935 -0.0320977

-0.0300747 0.00881847 -0.000495754
0.00881847 -0.0154836 -0.00507597
-0.000495754 -0.00507597 -0.0127366

-0.124126 -0.0238866 -0.0769931
-0.0238866 -0.195464 -0.0302011
-0.0769931 -0.0302011 -1.18614

-0.118894 0.00676017 -0.0731027
0.00676017 -0.0574334 -0.0651637
-0.0731027 -0.0651637 -1.23452

0.00461544 -0.00180787 -0.0105845
-0.00180787 0.0051757 0.00154789
-0.0105845 0.00154789 -0.123441

-0.00671283 -0.0179309 -0.063142
-0.0179309 -0.0524392 0.124869
-0.063142 0.124869 -0.799648

0.0429685 0.01973 0.0392421
0.01973 -0.0151205 -0.037975
0.0392421 -0.037975 -0.717843

-0.0156603 0.00696681 0.00496904
0.00696681 -0.0217721 0.00267413
0.00496904 0.00267413 -0.0475862

-0.00860801 0.0104438 -0.0558331
0.0104438 -0.0260906 0.036013
-0.0558331 0.036013 -0.606586

-0.00623143 0.00236044 0.00636172
0.00236044 -0.0176386 -0.00128161
0.00636172 -0.00128161 -0.088689

0.0139105 0.0199526 -0.0770328
0.0199526 0.0329915 -0.0225195
-0.0770328 -0.0225195 -0.944322

-0.045911 0.00513772 -0.00141382
0.00513772 -0.0211768 0.00154166
-0.00141382 0.00154166 -0.0347562

-0.00732557 0.00842863 -0.00383901
0.00842863 -0.00899964 -0.0026024
-0.00383901 -0.0026024 -0.133376

-0.000386207 0.00789434 -0.00998331
0.00789434 -0.00484828 -0.0030936
-0.00998331 -0.0030936 -0.128682

-0.0343091 -0.0042983 -0.0019697
-0.0042983 -0.0209183 -0.00736873
-0.0019697 -0.00736873 0.00288042

0.0280888 -0.0142969 -0.027575
-0.0142969 0.0380633 -0.012687
-0.027575 -0.012687 -0.279958

-0.0602003 0.0249467 0.00460669
0.0249467 -0.103507 0.0586369
0.00460669 0.0586369 -1.22793

-0.446893 -0.000127469 0.0554223
-0.000127469 -0.64459 -0.00164113
0.0554223 -0.00164113 -1.55449

-0.0677027 -0.00578962 0.00450671
-0.00578962 -0.22715 -0.0352167
0.00450671 -0.0352167 -1.11395

-0.285128 0.0284364 0.0567113
0.0284364 -0.367735 -0.0282307
0.0567113 -0.0282307 -1.39742

-0.292206 -0.0118911 0.00509389
-0.0118911 -0.178385 0.211625
0.00509389 0.211625 -1.58146

-0.144758 0.00149631 0.0240193
0.00149631 -0.240137 -0.00120477
0.0240193 -0.00120477 -1.30154

0.0114258 0.00658574 -0.00844019
0.00658574 0.00202351 -0.00142889
-0.00844019 -0.00142889 -0.169844

-0.000719621 -0.00580166 0.0178897
-0.00580166 -0.0161229 0.0454091
0.0178897 0.0454091 -0.645344

-0.156809 -0.00964602 -0.0836512
-0.00964602 -0.0743329 0.109024
-0.0836512 0.109024 -1.24107

-0.0222123 0.00398399 0.0177063
0.00398399 -0.0102772 0.0285067
0.0177063 0.0285067 -0.468116

0.0270225 3.47545e-05 0.0297535
3.47545e-05 0.0527559 0.0138925
0.0297535 0.0138925 -0.365874

0.0091604 -0.014483 0.00715737
-0.014483 -0.0030263 -0.00248228
0.00715737 -0.00248228 -0.210719

-0.160173 0.00791914 -0.113009
0.00791914 -0.11025 -0.0474823
-0.113009 -0.0474823 -1.25258

-0.0528857 0.0165835 -0.13703
0.0165835 0.0302723 0.0741913
-0.13703 0.0741913 -1.04381

-0.0693014 0.0166513 -0.178299
0.0166513 -0.0618773 0.0182345
-0.178299 0.0182345 -1.1223

-0.0293822 -0.00254891 -0.00332059
-0.00254891 -0.0332543 -0.00219564
-0.00332059 -0.00219564 -0.0829231

0.0163832 -0.00756124 0.00545575
-0.00756124 0.0100042 -0.000312343
0.00545575 -0.000312343 -0.218732

-0.0457596 0.00379834 -0.00467643
0.00379834 -0.0223447 0.000723631
-0.00467643 0.000723631 -0.0357576

0.0507716 -0.00317137 0.0140105
-0.00317137 0.137209 0.159419
0.0140105 0.159419 -0.967883

-0.0354551 0.00326883 -0.00181347
0.00326883 -0.0109658 -0.000883912
-0.00181347 -0.000883912 -0.0166265

-0.0341141 0.000304358 0.00101978
0.000304358 -0.0206939 -0.00326144
0.00101978 -0.00326144 -0.0123221

-0.00373562 -0.00232631 0.00398864
-0.00232631 -0.00879908 0.00406689
0.00398864 0.00406689 -0.109858

-0.0308168 -0.00464187 -0.00125386
-0.00464187 -0.0220807 0.00226958
-0.00125386 0.00226958 -0.0065806

-0.00980602 0.00757627 0.00759912
0.00757627 0.00263919 -0.0154265
0.00759912 -0.0154265 -0.200647

-0.471752 -0.0615836 -0.0237853
-0.0615836 -0.262224 -0.0143956
-0.0237853 -0.0143956 -1.56851

-0.039024 0.00388963 -0.00574178
0.00388963 -0.0526761 0.00222759
-0.00574178 0.00222759 -0.204612

0.0658747 -0.0148761 0.0447823
-0.0148761 0.0456312 -0.00969381
0.0447823 -0.00969381 -0.521159

-0.0362632 -0.00250831 0.000176313
-0.00250831 -0.0168943 -0.00118968
0.000176313 -0.00118968 -0.0099064

-0.0172062 0.0141721 -0.0644899
0.0141721 -0.015273 0.0859945
-0.0644899 0.0859945 -0.696549

0.103993 0.00716315 0.077017
0.00716315 0.125064 -0.0478344
0.077017 -0.0478344 -0.772417

-0.0191862 -0.00751653 -0.00583696
-0.00751653 -0.0100424 0.00491909
-0.00583696 0.00491909 0.00723659

0.169159 -0.00697624 0.0217335
-0.00697624 0.146515 -0.019481
0.0217335 -0.019481 -0.346118

0.0128005 -0.00509289 -0.00206751
-0.00509289 -0.0060429 0.000420799
-0.00206751 0.000420799 -0.050513

0.0172159 -0.0128611 -0.0564604
-0.0128611 0.0417642 -0.00822492
-0.0564604 -0.00822492 -0.418875

-0.00359011 -0.00326935 -0.000244745
-0.00326935 -0.0094242 -0.00672957
-0.000244745 -0.00672957 -0.137717

-0.0350538 0.00681708 -2.82897e-05
0.00681708 -0.0136606 0.00924476
-2.82897e-05 0.00924476 -0.0634618

-0.028535 -0.000599698 0.000268223
-0.000599698 -0.0109408 -0.000805714
0.000268223 -0.000805714 -0.00561145

-0.016284 0.00060276 9.30061e-05
0.00060276 -0.0248424 -0.00654116
9.30061e-05 -0.00654116 -0.147165

0.0571356 0.00327529 -0.0487
0.00327529 0.028971 0.0190278
-0.0487 0.0190278 -0.482646

-0.00141539 0.00622183 0.000481636
0.00622183 -0.00562043 -0.00706379
0.000481636 -0.00706379 -0.134632

0.00414332 -0.00354729 0.0132069
-0.00354729 -0.00773685 0.00420058
0.0132069 0.00420058 -0.175044

-0.0623725 0.0277709 0.0374145
0.0277709 -0.067198 -0.00404965
0.0374145 -0.00404965 -1.13176

-0.0244697 -0.00635207 -0.00380132
-0.00635207 -0.0150951 0.00343835
-0.00380132 0.00343835 0.0026581

-0.00923205 -0.0170565 -0.0428244
-0.0170565 0.0158867 -0.00285468
-0.0428244 -0.00285468 -0.45437

-0.0078462 -0.00324233 0.00058485
-0.00324233 -0.0116405 0.00454163
0.00058485 0.00454163 -0.0479712

-0.196551 0.00592331 0.0196918
0.00592331 -0.194672 -0.0813312
0.0196918 -0.0813312 -1.30201

0.0147529 0.00320354 0.000865153
0.00320354 0.0210747 -0.00750905
0.000865153 -0.00750905 -0.120326

-0.0137366 -0.00801467 0.000812228
-0.00801467 -0.00416061 -0.00404287
0.000812228 -0.00404287 -0.0657989

-0.0145177 0.00811505 -0.00341914
0.00811505 -0.0244513 0.000184993
-0.00341914 0.000184993 0.00734814

-0.0182346 0.000989267 -0.00446018
0.000989267 -0.025658 0.00331794
-0.00446018 0.00331794 -0.0662253

-0.0168213 0.00800739 -0.00219817
0.00800739 -0.0246305 -0.000866919
-0.00219817 -0.000866919 0.00283516

0.00260355 0.000116952 0.00706554
0.000116952 0.00621011 -0.00237451
0.00706554 -0.00237451 -0.215958

-0.0140784 -0.00241787 -0.00201764
-0.00241787 -0.00741875 0.00843139
-0.00201764 0.00843139 -0.0228001

-0.0250292 0.0097359 -0.00289387
0.0097359 -0.036706 0.0013727
-0.00289387 0.0013727 -0.0049096

-0.017286 -0.00940565 -0.00197692
-0.00940565 -0.00450954 -0.0075664
-0.00197692 -0.0075664 -0.0644128

0.047074 -0.000886448 0.0195295
-0.000886448 0.0473547 0.0633886
0.0195295 0.0633886 -0.543695

0.0142186 -0.00862749 0.000274622
-0.00862749 0.00520933 0.00678159
0.000274622 0.00678159 -0.211448

-0.00654645 0.000624356 -0.0193707
0.000624356 -0.0101269 -0.0133702
-0.0193707 -0.0133702 -0.238733

0.10086 -0.00773398 0.0860644
-0.00773398 0.101929 -0.0435107
0.0860644 -0.0435107 -0.565745

-0.0404708 0.00540078 -0.00378797
0.00540078 -0.032331 0.00470844
-0.00378797 0.00470844 -0.0398015

-0.0485525 0.00153085 -0.00465319
0.00153085 -0.049474 0.000740745
-0.00465319 0.000740745 -0.0580747

-0.0246209 0.0179719 0.00148578
0.0179719 -0.0142065 -0.00448809
0.00148578 -0.00448809 -0.0181001

-0.0271628 0.014309 0.0010011
0.014309 -0.0221238 -9.38074e-05
0.0010011 -9.38074e-05 -0.0230901

0.0115678 4.25551e-05 0.00527053
4.25551e-05 0.0120892 0.000850666
0.00527053 0.000850666 -0.198902

-0.0212808 0.00939969 -0.00398823
0.00939969 -0.03398 0.00197679
-0.00398823 0.00197679 0.000142244

0.0191532 4.89969e-05 0.00941139
4.89969e-05 -0.000514481 -0.00770409
0.00941139 -0.00770409 -0.103649

0.00380271 0.00189073 0.0134237
0.00189073 -0.0113981 -0.00903103
0.0134237 -0.00903103 -0.115292

0.0186541 0.00713109 -0.0185484
0.00713109 0.0335711 0.0150458
-0.0185484 0.0150458 -0.918634

-0.0148152 -0.00200954 -0.00340058
-0.00200954 -0.00862452 0.0044587
-0.00340058 0.0044587 -0.0633385

0.0032015 -0.0016737 0.00837991
-0.0016737 0.000385987 -0.0125108
0.00837991 -0.0125108 -0.073533

0.0352133 0.00333468 -0.0277823
0.00333468 0.0381532 -0.149767
-0.0277823 -0.149767 -0.93356

-0.0407764 0.0123641 -0.000371928
0.0123641 -0.0333854 0.000594086
-0.000371928 0.000594086 -0.0780712

0.00183812 0.0034029 0.00498985
0.0034029 0.00110386 -0.0110776
0.00498985 -0.0110776 -0.0889126

-0.00683179 -7.84061e-05 -0.00147623
-7.84061e-05 0.0026551 -0.00189653
-0.00147623 -0.00189653 -0.054972

-0.0124964 0.0022051 -0.00541702
0.0022051 -0.0129843 0.00151061
-0.00541702 0.00151061 -0.0624097

-0.0810826 -0.0117538 0.00602057
-0.0117538 -0.0295255 -0.108857
0.00602057 -0.108857 -1.21817

-0.11415 -0.00116905 0.0260406
-0.00116905 -0.0975702 -0.170237
0.0260406 -0.170237 -1.23034

-0.011872 0.00689046 -0.00629992
0.00689046 -0.0111173 -0.00946836
-0.00629992 -0.00946836 -0.0336535

0.0155526 0.00430378 -0.014541
0.00430378 0.0141062 -0.00301657
-0.014541 -0.00301657 -0.013176

-0.0211002 0.00107735 0.00124429
0.00107735 -0.00858139 0.00866755
0.00124429 0.00866755 -0.0234202

-0.0324365 -0.00871384 0.0158499
-0.00871384 -0.029289 0.00946641
0.0158499 0.00946641 -0.051233

-0.0248851 -3.83955e-06 0.000915475
-3.83955e-06 -0.0151269 5.57753e-05
0.000915475 5.57753e-05 0.0133708

-0.0510902 -0.00217973 -0.00331428
-0.00217973 -0.0184805 0.00814167
-0.00331428 0.00814167 -0.0403404

-0.012828 -0.00543221 0.00637681
-0.00543221 -0.0030017 -0.00108848
0.00637681 -0.00108848 -0.0248419

-0.00716483 0.000225088 0.00509375
0.000225088 -0.0246153 0.012551
0.00509375 0.012551 0.0145124

0.00131121 -0.00236754 -0.00167067
-0.00236754 -0.0120499 0.0075871
-0.00167067 0.0075871 -0.11575

0.094932 0.0239039 0.00413084
0.0239039 0.194283 -0.207715
0.00413084 -0.207715 -0.879275

-0.0249967 0.00416648 -0.00235938
0.00416648 -0.0379205 0.00561935
-0.00235938 0.00561935 -0.0104575

-0.0433412 -0.00314121 0.00374784
-0.00314121 -0.0493298 0.00476447
0.00374784 0.00476447 -0.0153976

-0.000647837 -0.00255877 0.00638343
-0.00255877 -0.0178399 0.0081239
0.00638343 0.0081239 0.0211346

-0.15227 -0.0241914 0.0150393
-0.0241914 -0.187753 0.0179272
0.0150393 0.0179272 -1.33387

0.0667283 -0.00414634 -0.0284042
-0.00414634 0.0829762 -0.00995257
-0.0284042 -0.00995257 -0.286224

-0.463211 0.0526344 0.100649
0.0526344 -0.489493 -0.0496432
0.100649 -0.0496432 -1.58196

-0.033628 0.0257069 0.022411
0.0257069 -0.0163858 -0.0752672
0.022411 -0.0752672 -0.934065

-0.0796474 0.00663908 -0.0799289
0.00663908 -0.0192022 -0.0667886
-0.0799289 -0.0667886 -1.16784

0.0883297 -0.0116154 -0.0138407
-0.0116154 0.0651416 -0.0111418
-0.0138407 -0.0111418 -0.156258

-0.167524 -0.00701647 0.00606244
-0.00701647 -0.228573 0.0345022
0.00606244 0.0345022 -1.00309

0.0447736 0.00586126 -0.164955
0.00586126 0.0703624 -0.0556172
-0.164955 -0.0556172 -0.955267

-0.0281686 -0.00014572 -0.0480875
-0.00014572 -0.0267113 -0.0876562
-0.0480875 -0.0876562 -0.715036

-0.000551207 0.0207169 -0.0179611
0.0207169 -0.0174554 0.0135991
-0.0179611 0.0135991 -0.9031

0.0541208 0.0190268 -0.0507922
0.0190268 0.0580593 0.00482023
-0.0507922 0.00482023 -0.41008

-0.0240414 0.00213555 -0.00575556
0.00213555 -0.0155675 -0.000736698
-0.00575556 -0.000736698 -0.0906951

0.0184843 -0.00046807 0.000601915
-0.00046807 0.0190839 -0.0192949
0.000601915 -0.0192949 -0.274978

-0.0167748 0.013983 0.0150967
0.013983 0.00741727 -0.0415608
0.0150967 -0.0415608 -0.327376

0.0181206 -0.00431714 0.0180578
-0.00431714 0.001639 0.0452273
0.0180578 0.0452273 -0.614576

0.104684 0.0183102 0.00351787
0.0183102 0.0967521 0.0354732
0.00351787 0.0354732 -0.451585

-0.00888191 -0.00341653 -0.00167869
-0.00341653 -0.00499358 0.00417825
-0.00167869 0.00417825 -0.0587109

0.0640131 -0.000148324 0.0806634
-0.000148324 0.0225974 0.0932183
0.0806634 0.0932183 -0.663667

0.0699417 0.0443042 0.00922723
0.0443042 0.0388128 -0.0586009
0.00922723 -0.0586009 -0.621167

-0.0437396 -0.0416287 0.0964239
-0.0416287 0.00843425 0.0728202
0.0964239 0.0728202 -0.691929

-0.0378312 -0.0215133 0.125117
-0.0215133 -0.0325202 0.106529
0.125117 0.106529 -0.816587

0.00309463 0.000591741 0.0182499
0.000591741 0.00144899 0.0079573
0.0182499 0.0079573 -0.150004

0.00249751 -0.000781989 0.00108045
-0.000781989 -0.00848169 0.00235572
0.00108045 0.00235572 -0.0926839

-0.0264808 -0.00281161 -0.0094877
-0.00281161 -0.0141614 -0.00248128
-0.0094877 -0.00248128 -0.0312047

0.00752216 0.000297191 0.0138334
0.000297191 0.00665896 0.00774423
0.0138334 0.00774423 -0.105227

0.009897 -0.00555029 0.0114055
-0.00555029 0.0108847 0.0110566
0.0114055 0.0110566 -0.043894

-0.123439 -0.0335804 0.0400691
-0.0335804 -0.201615 -0.0486154
0.0400691 -0.0486154 -1.31604

-0.0178385 0.00397463 0.00195143
0.00397463 -0.0154721 0.0034296
0.00195143 0.0034296 -0.0104205

-0.00819217 0.00775067 -0.0075469
0.00775067 -0.0171253 0.00749912
-0.0075469 0.00749912 0.00228109

0.0528645 0.0103215 0.0104012
0.0103215 0.0816599 -0.205798
0.0104012 -0.205798 -0.935864

-0.0130387 0.00120186 0.000181023
0.00120186 -0.00920509 0.00686168
0.000181023 0.00686168 -0.0112702

-0.229356 -0.0522108 -0.0293216
-0.0522108 -0.257085 -0.0218504
-0.0293216 -0.0218504 -1.32847

-0.0464552 0.022617 -0.0472906
0.022617 0.0635936 -0.116285
-0.0472906 -0.116285 -1.06333

-0.0360377 -0.014691 -0.145587
-0.014691 0.0038921 -0.126966
-0.145587 -0.126966 -0.932118

0.0537659 -0.000889234 0.0814389
-0.000889234 0.0172293 0.0899552
0.0814389 0.0899552 -0.686098

0.0297984 -0.00655269 0.0150938
-0.00655269 0.0772516 0.0358983
0.0150938 0.0358983 -0.980115

-0.0422887 0.00367787 -0.00308324
0.00367787 -0.0194738 0.00724364
-0.00308324 0.00724364 -0.0232315

0.0134402 -0.0160411 -0.0536874
-0.0160411 0.0343439 -0.0230851
-0.0536874 -0.0230851 -0.426925

-0.0338106 -0.00353819 -0.00407457
-0.00353819 -0.0361705 0.000786506
-0.00407457 0.000786506 -0.219425

-0.00905052 -0.00279479 0.000691285
-0.00279479 -0.00926906 0.00824353
0.000691285 0.00824353 -0.288654

-0.0146803 -0.00591592 -0.000628531
-0.00591592 -0.00816332 0.00473752
-0.000628531 0.00473752 -0.0215061

-0.0602488 -0.00556927 0.00656871
-0.00556927 -0.0634962 -0.00699049
0.00656871 -0.00699049 -0.153415

0.00637484 -0.00994645 0.00609159
-0.00994645 0.00704645 0.0198209
0.00609159 0.0198209 -0.270167

-0.00315592 -0.00561736 0.00506008
-0.00561736 -0.0100461 0.0114462
0.00506008 0.0114462 -0.270748

0.026348 -0.008937 -0.0246975
-0.008937 0.0338469 -0.00766524
-0.0246975 -0.00766524 -0.210239

0.0204855 -0.00491094 -0.00474188
-0.00491094 0.0121361 5.88763e-06
-0.00474188 5.88763e-06 -0.015987

0.0422777 0.0383529 0.0154906
0.0383529 0.0625842 -0.0466631
0.0154906 -0.0466631 -0.766836

-0.0329849 0.00525514 -0.00194775
0.00525514 -0.0281073 0.00768536
-0.00194775 0.00768536 -0.0376505

-0.564798 0.013746 -0.0599598
0.013746 -0.560042 0.0482785
-0.0599598 0.0482785 -1.73729

-0.14843 0.0164576 -0.0353036
0.0164576 -0.048585 -0.167532
-0.0353036 -0.167532 -1.36775

-0.026907 0.00512365 -0.00290384
0.00512365 -0.0096777 0.00608393
-0.00290384 0.00608393 -0.0284791

-0.0217192 0.0171761 -0.118048
0.0171761 -0.0349575 -0.151851
-0.118048 -0.151851 -1.11559

0.119917 -0.0356419 -0.113146
-0.0356419 0.111449 -0.0904806
-0.113146 -0.0904806 -0.690885

0.0085365 -0.0119497 -4.14487e-05
-0.0119497 0.00872106 0.0143671
-4.14487e-05 0.0143671 -0.259738

-0.10861 -0.00894225 -0.0653794
-0.00894225 -0.106749 -0.0891243
-0.0653794 -0.0891243 -1.01999

0.00472212 0.00125323 0.000138606
0.00125323 0.00838129 0.0100338
0.000138606 0.0100338 -0.0340479

0.13395 -0.0248709 -0.0384109
-0.0248709 0.127744 -0.0718546
-0.0384109 -0.0718546 -0.355436

-0.0130372 -0.0132778 0.00166859
-0.0132778 -0.0304976 -0.00120916
0.00166859 -0.00120916 -0.0329831

0.109089 -0.0171986 -0.0137082
-0.0171986 0.0784152 -0.041119
-0.0137082 -0.041119 -0.264524

0.0346203 0.0310545 0.0682191
0.0310545 0.0631911 -0.0319961
0.0682191 -0.0319961 -0.825565

-0.0260423 0.000589454 0.000566227
0.000589454 -0.0269583 0.0061666
0.000566227 0.0061666 -0.0343507

0.0273491 -0.0205327 -0.0118702
-0.0205327 0.0269872 -0.0350899
-0.0118702 -0.0350899 -0.316525

0.0112747 -0.0101261 -0.0132922
-0.0101261 0.00161684 -0.0185762
-0.0132922 -0.0185762 -0.354887

-0.0272123 0.000991713 -0.00686612
0.000991713 -0.0251931 0.00461805
-0.00686612 0.00461805 -0.0654645

0.0152829 -0.0108252 -0.0180109
-0.0108252 0.00101906 -0.0214315
-0.0180109 -0.0214315 -0.279843

0.0319453 -0.00826261 -0.00338381
-0.00826261 0.0238396 -0.0085377
-0.00338381 -0.0085377 -0.25328

-0.00562681 -0.00603654 0.000228845
-0.00603654 -0.00810651 0.00578179
0.000228845 0.00578179 -0.253086

0.0105206 -0.00729131 -0.00227071
-0.00729131 0.00603227 0.00160699
-0.00227071 0.00160699 -0.221461

-0.016571 -0.00200894 0.00862579
-0.00200894 -0.0215494 0.00395488
0.00862579 0.00395488 -0.21363

0.0126231 -0.0148049 -0.00834187
-0.0148049 -0.00315493 0.00425461
-0.00834187 0.00425461 -0.204209

0.0136125 -0.00275655 0.00197985
-0.00275655 0.0240883 0.0165394
0.00197985 0.0165394 -0.132755

-0.0217423 0.0110754 0.00276429
0.0110754 -0.00887998 0.000699617
0.00276429 0.000699617 -0.017835

0.00979112 -0.00909369 0.00764464
-0.00909369 -0.0125531 -0.00220697
0.00764464 -0.00220697 -0.0919484

0.00835992 0.00298715 0.0110481
0.00298715 -0.00133874 0.0133789
0.0110481 0.0133789 -0.126172

0.0120345 -0.00137148 0.00640873
-0.00137148 -0.00241718 0.00910146
0.00640873 0.00910146 -0.153949

-0.0114913 -0.00359515 0.00372077
-0.00359515 -0.0101209 0.014691
0.00372077 0.014691 -0.125348

0.0366109 0.00315159 0.0305543
0.00315159 0.0646732 0.135363
0.0305543 0.135363 -0.986951

0.00274495 3.98474e-05 0.00438753
3.98474e-05 -0.0256216 0.00476763
0.00438753 0.00476763 -0.317695

0.0353085 -0.0100022 0.000882862
-0.0100022 0.0233189 0.0141931
0.000882862 0.0141931 -0.244128

0.00499466 0.000572263 -0.0135511
0.000572263 -0.000111869 0.0112058
-0.0135511 0.0112058 -0.290803

-0.0331087 0.00892092 -0.164477
0.00892092 -0.0157964 0.0670464
-0.164477 0.0670464 -1.00614

-0.0208036 -0.000986402 0.00442729
-0.000986402 -0.0257001 0.00133659
0.00442729 0.00133659 -0.137893

0.00665025 0.00182871 -0.00386014
0.00182871 0.00794496 0.00219985
-0.00386014 0.00219985 -0.122112

0.0269382 -0.00907128 0.00781843
-0.00907128 0.0185977 0.0196082
0.00781843 0.0196082 -0.257972

-0.00742675 -0.00431786 -0.00261933
-0.00431786 -0.00703153 0.00327099
-0.00261933 0.00327099 -0.0594859

0.0333683 0.0140868 0.126326
0.0140868 0.0627255 -0.0296014
0.126326 -0.0296014 -0.950169

-0.0298045 -0.00335242 -0.00165421
-0.00335242 -0.03414 0.0043059
-0.00165421 0.0043059 -0.0402063

-0.819117 0.278443 0.155192
0.278443 -0.509603 -0.274651
0.155192 -0.274651 -1.86055

-1.03571 -0.178103 0.0210758
-0.178103 -1.02532 -0.255107
0.0210758 -0.255107 -1.49216

-0.0386136 -0.00318696 0.000378552
-0.00318696 -0.0318548 0.000784533
0.000378552 0.000784533 -0.0262525

0.000743334 -0.00292404 -0.0345093
-0.00292404 0.0571566 0.0094361
-0.0345093 0.0094361 -0.354613

0.0406772 0.0140456 -0.0188786
0.0140456 0.0331515 -0.0023113
-0.0188786 -0.0023113 -0.210467

0.0744657 0.0137558 -0.0270375
0.0137558 0.0449085 0.0253543
-0.0270375 0.0253543 -0.315721

0.010033 0.00139918 0.000612453
0.00139918 0.0156816 0.00321012
0.000612453 0.00321012 -0.247371

0.0282891 0.00556408 -0.0121519
0.00556408 -0.0207793 -0.0123468
-0.0121519 -0.0123468 -0.218315

-0.0169468 -0.00404786 0.00164634
-0.00404786 -0.0393159 0.00249149
0.00164634 0.00249149 -0.277963

-0.0700454 -0.0558911 -0.0519609
-0.0558911 -0.0281248 0.0940565
-0.0519609 0.0940565 -1.35473

0.010982 -0.00115087 -0.00181877
-0.00115087 0.00853521 0.00147458
-0.00181877 0.00147458 -0.0792356

0.018128 -0.0230943 -0.0110373
-0.0230943 0.0659646 -0.0112953
-0.0110373 -0.0112953 -0.24252

-0.0817114 0.0119094 -0.0608613
0.0119094 -0.0447314 -0.0533908
-0.0608613 -0.0533908 -0.974776

-0.0416489 -0.000718193 -0.00645058
-0.000718193 -0.0537273 -0.00169173
-0.00645058 -0.00169173 -0.018959

-0.0353108 0.00376143 -0.000956229
0.00376143 -0.0125529 -0.00133496
-0.000956229 -0.00133496 -0.0140931

-0.0523005 0.00190449 -0.00569575
0.00190449 -0.0443585 -0.00935559
-0.00569575 -0.00935559 -0.0543752

0.058594 -0.00306012 0.0106175
-0.00306012 0.0215811 0.0277983
0.0106175 0.0277983 -0.276531

-0.0501687 0.0042241 -0.00136952
0.0042241 -0.0266588 -0.0011969
-0.00136952 -0.0011969 -0.0406896

-0.0505726 0.00432178 -1.3272e-05
0.00432178 -0.0266426 -0.000826654
-1.3272e-05 -0.000826654 -0.0405223

-0.0754664 0.0120392 0.0354131
0.0120392 -0.0829105 0.0906921
0.0354131 0.0906921 -1.14664

-0.0383846 0.00144291 -0.00364828
0.00144291 -0.0171089 0.000298981
-0.00364828 0.000298981 -0.0336057

-0.0204074 0.000963172 -0.012428
0.000963172 -0.0214631 -0.00802274
-0.012428 -0.00802274 -0.166755

-0.0233756 0.0037149 -0.000522432
0.0037149 -0.0142085 0.00456205
-0.000522432 0.00456205 -0.0265403

0.091348 -0.0125784 -0.0708213
-0.0125784 0.0563568 -0.0810487
-0.0708213 -0.0810487 -0.622159

-0.0491188 0.0115852 0.00419719
0.0115852 -0.0548647 0.000561528
0.00419719 0.000561528 -0.058551

-0.026066 -0.00276077 0.00973857
-0.00276077 -0.0169732 0.000661749
0.00973857 0.000661749 -0.0478119

-0.0245839 0.00484567 -0.00191663
0.00484567 -0.0155963 -0.00532555
-0.00191663 -0.00532555 -0.0562265

-0.021657 -0.0109382 -0.000255561
-0.0109382 -0.00410088 -0.00538242
-0.000255561 -0.00538242 -0.169573

-0.0423453 0.00250376 -0.0200664
0.00250376 -0.0504021 -0.0128895
-0.0200664 -0.0128895 -0.25881

-0.0331609 -0.0045996 -0.000437306
-0.0045996 -0.0325798 -0.000238922
-0.000437306 -0.000238922 -0.0857442

-0.0103073 0.00213812 0.000841167
0.00213812 -0.0197152 0.00581113
0.000841167 0.00581113 -0.303383

-0.0356421 -0.00399881 -0.000574147
-0.00399881 -0.0366765 -0.0024204
-0.000574147 -0.0024204 -0.0888487

0.0120093 0.000308369 0.00138096
0.000308369 0.00140258 -0.00676952
0.00138096 -0.00676952 -0.0974339

-0.018175 0.00047604 -0.00620744
0.00047604 -0.00965324 0.00194877
-0.00620744 0.00194877 -0.0319767

-0.000224338 0.000480221 0.0012669
0.000480221 0.00429973 -0.00206594
0.0012669 -0.00206594 -0.0200289

-0.0475659 0.00872113 -0.00332985
0.00872113 -0.0278176 0.00679005
-0.00332985 0.00679005 -0.0326335

-0.775294 0.248633 -0.0285224
0.248633 -0.951444 0.276071
-0.0285224 0.276071 -1.42475

-0.238199 0.0450421 -0.0269989
0.0450421 0.0362655 -0.179526
-0.0269989 -0.179526 -1.13367

0.035214 0.00302246 -0.0565524
0.00302246 0.0728306 -0.201261
-0.0565524 -0.201261 -0.981588

-0.0103791 -0.000349185 0.00393766
-0.000349185 -0.0174436 0.00357943
0.00393766 0.00357943 -0.102312

0.0419815 0.0115784 -0.00982795
0.0115784 0.0534826 0.021264
-0.00982795 0.021264 -0.26846

-0.0155195 -0.0107502 -0.000993345
-0.0107502 -0.0125243 0.00203981
-0.000993345 0.00203981 -0.0440842

-0.00157634 -0.00540355 -0.00308105
-0.00540355 0.00847922 -0.00320809
-0.00308105 -0.00320809 0.000444704

-0.0112822 0.00151032 -0.00104636
0.00151032 -0.000921294 -0.00740864
-0.00104636 -0.00740864 -0.164293

-0.097247 -0.00433295 -0.0204701
-0.00433295 -0.128969 -0.140163
-0.0204701 -0.140163 -1.00167

-0.00209604 0.0256513 0.00986193
0.0256513 -0.0859525 -0.134314
0.00986193 -0.134314 -0.729756

-0.00602128 -0.0221791 0.086757
-0.0221791 0.00236471 0.0217157
0.086757 0.0217157 -0.559363

0.00977154 -0.00826448 -0.00408222
-0.00826448 -0.0136014 0.0183078
-0.00408222 0.0183078 -0.326339

0.0170574 0.0142292 0.00203929
0.0142292 0.0290618 -0.0985692
0.00203929 -0.0985692 -0.571587

0.0313469 0.0107434 0.0032252
0.0107434 -0.0267782 -0.0701458
0.0032252 -0.0701458 -0.62421

0.0450022 0.0272823 -0.015428
0.0272823 -0.0129343 -0.0760826
-0.015428 -0.0760826 -0.580605

0.0724573 -0.00471289 0.0116605
-0.00471289 0.027769 -0.0743941
0.0116605 -0.0743941 -0.38591

0.0892977 -0.00335149 0.0141007
-0.00335149 0.0349026 -0.0557209
0.0141007 -0.0557209 -0.34905

0.0390979 -0.00434277 -0.00266709
-0.00434277 0.00833738 -0.0757799
-0.00266709 -0.0757799 -0.40605

0.0678265 -0.00285623 0.020501
-0.00285623 0.0321802 -0.052143
0.020501 -0.052143 -0.398868

-0.00671051 0.0113504 0.00777233
0.0113504 0.0149381 -0.038778
0.00777233 -0.038778 -0.388564

0.0549737 -0.00655784 -0.00172166
-0.00655784 0.0143735 -0.0573133
-0.00172166 -0.0573133 -0.36862

0.0101315 -0.00686078 0.00899509
-0.00686078 0.00423839 -0.0246272
0.00899509 -0.0246272 -0.267816

0.014332 0.00366943 0.00956967
0.00366943 0.0115632 -0.012727
0.00956967 -0.012727 -0.230795

0.0171966 -0.00575295 -0.00616552
-0.00575295 0.0271207 -0.00852646
-0.00616552 -0.00852646 -0.211001

9.14763e-05 0.000450416 -0.00291711
0.000450416 0.0156696 0.00574733
-0.00291711 0.00574733 -0.21295

-0.0105719 0.00865653 0.0985546
0.00865653 -0.00304796 0.0365482
0.0985546 0.0365482 -0.678794

-0.0193588 0.00607794 0.0146306
0.00607794 0.0241893 -0.0242603
0.0146306 -0.0242603 -0.512081

-0.008496 -1.35948e-05 -0.006594
-1.35948e-05 -0.00258956 0.00266529
-0.006594 0.00266529 -0.183243

0.0970003 0.0251084 0.00684659
0.0251084 0.0927971 -0.0270074
0.00684659 -0.0270074 -0.465863

-0.0319497 0.0103987 0.00252137
0.0103987 -0.00661859 -0.00350742
0.00252137 -0.00350742 -0.0134273

0.0172057 0.00405483 0.00197597
0.00405483 0.0302509 0.0284348
0.00197597 0.0284348 -0.106408

-0.0111234 -0.00346091 -0.00486788
-0.00346091 -0.00204851 0.0187742
-0.00486788 0.0187742 -0.147328

0.0155573 -0.0024236 -0.010526
-0.0024236 0.0232266 0.0274379
-0.010526 0.0274379 -0.107177

0.00557365 0.000922469 0.000398085
0.000922469 0.00758514 0.0255363
0.000398085 0.0255363 -0.12892

0.00420545 0.00301925 -0.000470729
0.00301925 0.0229684 0.0160613
-0.000470729 0.0160613 -0.0951709

0.00953714 0.00484024 0.0264338
0.00484024 -0.0277819 0.0446308
0.0264338 0.0446308 -0.691829

-0.0123595 0.0035161 -0.0221006
0.0035161 -0.0135687 -0.00175882
-0.0221006 -0.00175882 -0.173457

-0.0256907 -0.00532714 -0.00889064
-0.00532714 -0.017828 0.000798776
-0.00889064 0.000798776 -0.0444838

0.0553431 -0.00307214 0.0209459
-0.00307214 0.0321965 0.057759
0.0209459 0.057759 -0.640037

-0.00507609 0.000817916 0.0276113
0.000817916 0.00397052 0.0171725
0.0276113 0.0171725 -0.381675

-0.0344501 -0.00356325 -0.00352234
-0.00356325 -0.0134661 0.0063118
-0.00352234 0.0063118 0.0200061

-0.402877 -0.043961 0.0432485
-0.043961 -0.346583 0.0459501
0.0432485 0.0459501 -1.4857

-0.649475 -0.198441 -0.0708083
-0.198441 -0.842083 -0.266784
-0.0708083 -0.266784 -1.36951

-0.0484045 -0.00488883 -0.00355047
-0.00488883 -0.0599982 -0.0195777
-0.00355047 -0.0195777 -0.199633

-0.0962632 0.0183695 -0.0154188
0.0183695 -0.0875544 0.0120907
-0.0154188 0.0120907 -0.0765837

0.00927409 -0.00956218 0.0100139
-0.00956218 -0.0057475 0.000820172
0.0100139 0.000820172 -0.0750829

-0.0266771 -0.0065735 0.00138003
-0.0065735 -0.0245411 -0.000195589
0.00138003 -0.000195589 -0.0993504

-0.521697 -0.00110463 0.168852
-0.00110463 -1.02384 0.0162474
0.168852 0.0162474 -1.32403

0.0306716 0.112554 0.130459
0.112554 0.0651978 0.144006
0.130459 0.144006 -0.891507

0.0105214 0.00316007 0.0912937
0.00316007 0.0251838 0.0288879
0.0912937 0.0288879 -0.656267

-0.0032176 -0.00541731 0.00352632
-0.00541731 -0.00540335 0.00568523
0.00352632 0.00568523 -0.0923098

-0.0111253 0.0015214 0.00360698
0.0015214 -0.00616266 -0.00164552
0.00360698 -0.00164552 -0.166743

0.0561231 0.021537 0.105614
0.021537 0.0639511 0.0325587
0.105614 0.0325587 -0.622519

-0.0493459 0.0225072 -0.0691576
0.0225072 -0.0912051 0.0184206
-0.0691576 0.0184206 -1.30493

-0.0494209 0.00363473 0.000859529
0.00363473 -0.0413501 0.00382414
0.000859529 0.00382414 -0.126104

-0.0244649 0.00994562 -0.00358257
0.00994562 -0.0315012 6.35445e-06
-0.00358257 6.35445e-06 -0.00238146

0.0517115 0.00221626 0.112
0.00221626 0.042531 -0.0240882
0.112 -0.0240882 -0.628705

0.0331911 0.00265914 0.102468
0.00265914 0.0424751 -0.0278937
0.102468 -0.0278937 -0.614016

0.0639789 -0.00153061 0.00640695
-0.00153061 0.0479403 0.0241715
0.00640695 0.0241715 -0.313656

0.0959893 -0.00441002 -0.0481962
-0.00441002 0.0869214 0.0281118
-0.0481962 0.0281118 -0.738003

-0.00333671 -0.00389101 0.00240332
-0.00389101 -0.0135004 0.00259094
0.00240332 0.00259094 -0.182898

-0.125293 -0.0248168 0.00103633
-0.0248168 -0.13617 -0.0997904
0.00103633 -0.0997904 -1.31053

0.00584048 0.00193431 -0.00788406
0.00193431 0.0124265 -0.00494828
-0.00788406 -0.00494828 -0.242614

0.0233222 -0.0183587 0.0286561
-0.0183587 -0.0158662 0.0422317
0.0286561 0.0422317 -0.50194

-0.0200869 -0.00600051 0.00354055
-0.00600051 -0.0117236 0.00697614
0.00354055 0.00697614 -0.0936726

0.0497336 -0.00113739 0.0285027
-0.00113739 0.0191761 0.043919
0.0285027 0.043919 -0.59004

0.0565881 -0.0326359 -0.0158085
-0.0326359 0.0055231 0.0380966
-0.0158085 0.0380966 -0.55031

-0.0189473 0.00952419 -0.00152408
0.00952419 -0.0300056 0.000441931
-0.00152408 0.000441931 0.00217977

-0.035286 0.00382698 0.000219015
0.00382698 -0.0121017 -0.00104368
0.000219015 -0.00104368 -0.0130792

0.0248464 -0.00567517 -0.00387625
-0.00567517 0.0266709 0.00365038
-0.00387625 0.00365038 -0.0878426

0.0307492 0.0380401 0.0444913
0.0380401 0.00342266 -0.00777383
0.0444913 -0.00777383 -0.812276

-0.0151256 -0.00785604 0.00286946
-0.00785604 -0.00521723 0.00811703
0.00286946 0.00811703 -0.088631

-0.0455014 0.000732733 0.000136575
0.000732733 -0.046595 -0.00609391
0.000136575 -0.00609391 -0.0621427

-0.0341212 0.00628464 -0.00352097
0.00628464 -0.0298386 0.00350553
-0.00352097 0.00350553 -0.210702

0.0507248 0.0150679 0.115203
0.0150679 -0.000224911 -0.105079
0.115203 -0.105079 -0.846155

-0.124176 -0.0123786 0.0083639
-0.0123786 -0.0954892 -0.0791507
0.0083639 -0.0791507 -1.25926

0.0361415 0.0118877 -0.00844491
0.0118877 0.0281273 0.0203522
-0.00844491 0.0203522 -0.330173

0.0462767 -0.0185352 0.12179
-0.0185352 -0.0132042 0.117468
0.12179 0.117468 -0.888623

-0.0125665 0.0011111 0.0108658
0.0011111 -0.0335137 -0.101269
0.0108658 -0.101269 -0.988045

-0.00357655 -0.00660291 0.00125293
-0.00660291 0.00490311 0.00343066
0.00125293 0.00343066 -0.124903

0.00167472 -0.00389479 0.0116171
-0.00389479 -0.0130687 0.00707636
0.0116171 0.00707636 -0.159656

0.0366278 0.00169441 0.130913
0.00169441 0.0106737 0.0709999
0.130913 0.0709999 -0.800443

0.0115187 0.0155238 -0.021929
0.0155238 0.0267244 0.0317765
-0.021929 0.0317765 -0.403397

-0.0347083 0.00207378 -0.0127476
0.00207378 -0.0328573 0.0116909
-0.0127476 0.0116909 -0.0371217

0.0223291 -0.013022 0.00898983
-0.013022 -0.036408 0.0284781
0.00898983 0.0284781 -0.587184

0.00967083 -0.00585494 -0.0041317
-0.00585494 0.0129661 0.00380606
-0.0041317 0.00380606 -0.187491

0.0172174 -0.0220377 0.121726
-0.0220377 -0.0486452 0.100412
0.121726 0.100412 -0.935076

-0.00882247 -0.0064382 0.0939009
-0.0064382 0.0224134 0.116206
0.0939009 0.116206 -1.04502

-0.0167271 0.00658867 -0.00104651
0.00658867 -0.0303709 0.0022164
-0.00104651 0.0022164 0.0153595

0.00367078 -0.0088174 0.0110338
-0.0088174 -0.00772307 0.00358865
0.0110338 0.00358865 -0.15767

0.00433503 -0.0113178 -0.00286137
-0.0113178 0.00777889 0.00457325
-0.00286137 0.00457325 -0.100381

-0.0175069 -0.00291991 0.00416685
-0.00291991 -0.00913381 -0.00933908
0.00416685 -0.00933908 -0.0235476

0.091959 -0.00100543 0.036732
-0.00100543 0.0439492 0.127987
0.036732 0.127987 -0.66969

0.0341542 -0.00264303 0.0312985
-0.00264303 -0.0111296 0.100621
0.0312985 0.100621 -0.768688

-0.0552576 -0.00127788 -0.00766319
-0.00127788 -0.0601427 0.00397269
-0.00766319 0.00397269 -0.0453322

0.00835144 0.0148278 -0.00673926
0.0148278 0.0133505 -0.00213155
-0.00673926 -0.00213155 -0.209621

-0.0491692 -0.00709836 -0.0118503
-0.00709836 -0.0597774 0.00115054
-0.0118503 0.00115054 -0.0502546

-0.0344127 -0.00402469 -0.00435566
-0.00402469 -0.0416131 -0.00404792
-0.00435566 -0.00404792 -0.0171718

0.0636485 -0.0107738 0.0162184
-0.0107738 0.038435 0.106928
0.0162184 0.106928 -0.65744

-0.0280779 -0.0073422 0.00322873
-0.0073422 -0.0269515 -0.0014124
0.00322873 -0.0014124 0.00239919

-0.107257 0.0142091 0.0161226
0.0142091 -0.0842911 -0.107246
0.0161226 -0.107246 -1.14675

0.00654301 -0.00408395 0.0130254
-0.00408395 -0.00549166 0.00492185
0.0130254 0.00492185 -0.146909

-0.0525602 0.00280591 -0.00292456
0.00280591 -0.0236905 0.000681738
-0.00292456 0.000681738 -0.0412511

-0.0148804 -0.00269153 -0.00994076
-0.00269153 -0.0259734 0.00205164
-0.00994076 0.00205164 -0.0797916

0.00583794 -0.00637839 0.012779
-0.00637839 -0.00604301 0.00446946
0.012779 0.00446946 -0.147505

0.00288933 -0.001748 0.0125428
-0.001748 -0.00131685 0.00697855
0.0125428 0.00697855 -0.130932

-0.046467 -0.00252987 0.00227001
-0.00252987 -0.0509262 0.00381903
0.00227001 0.00381903 -0.0612555

-0.0794057 0.0147728 0.115814
0.0147728 -0.0127903 0.0444803
0.115814 0.0444803 -1.17117

0.00228268 -0.00336218 0.0124291
-0.00336218 -0.00190322 0.00735323
0.0124291 0.00735323 -0.131294

0.0267557 -0.0207545 0.024249
-0.0207545 -0.0133988 0.116865
0.024249 0.116865 -0.692356

-0.0318978 -0.000439925 0.00144304
-0.000439925 -0.0462594 0.00125942
0.00144304 0.00125942 0.00153916

-0.0686383 -0.0148068 0.166551
-0.0148068 -0.251916 0.0114344
0.166551 0.0114344 -0.857851

0.0862799 -0.0216817 0.040742
-0.0216817 0.0873935 0.0789267
0.040742 0.0789267 -0.50111

-0.0797039 0.141509 0.142265
0.141509 -0.242661 0.0818712
0.142265 0.0818712 -1.02652

0.0143858 -0.00388396 0.0399148
-0.00388396 -0.0263858 0.080613
0.0399148 0.080613 -0.559049

0.0131479 -0.0326366 0.0240713
-0.0326366 0.0192182 0.0659399
0.0240713 0.0659399 -0.583644

-0.0604265 0.00472313 -0.000415929
0.00472313 -0.0523914 -0.00194308
-0.000415929 -0.00194308 -0.0508117

-0.00864721 0.0135958 -0.00118519
0.0135958 0.000845674 -0.000525146
-0.00118519 -0.000525146 -0.00534586

0.0432658 0.0811813 0.11178
0.0811813 0.0524735 0.140661
0.11178 0.140661 -0.890766

-0.111766 -0.00092106 0.106475
-0.00092106 -0.0625357 -0.0469129
0.106475 -0.0469129 -0.919389

0.00361592 -0.00762672 -0.00555372
-0.00762672 -0.00298483 -0.00192443
-0.00555372 -0.00192443 -0.0391814

0.00998556 -0.00340988 0.1471
-0.00340988 0.011437 0.0602011
0.1471 0.0602011 -0.83125

-0.0345895 -0.00407266 0.000342933
-0.00407266 -0.0431801 -0.00464711
0.000342933 -0.00464711 -0.107944

0.0236756 0.00752666 0.0391817
0.00752666 0.15272 0.174172
0.0391817 0.174172 -0.664473

-0.0915773 -0.00677399 -0.0155918
-0.00677399 -0.0853824 -0.00925117
-0.0155918 -0.00925117 -0.170328

-0.0336855 -0.00576375 -0.00510998
-0.00576375 -0.0441216 -0.00167556
-0.00510998 -0.00167556 -0.0127389

-0.0491685 -0.00536506 -0.00348171
-0.00536506 -0.0523807 0.00601979
-0.00348171 0.00601979 -0.00798255

0.00672783 0.00622537 0.000139684
0.00622537 0.00687822 -0.0013179
0.000139684 -0.0013179 -0.140177

-0.0370001 -0.00158781 0.00397682
-0.00158781 -0.0348812 0.00701093
0.00397682 0.00701093 -0.0154663

-0.00983092 0.0012189 -0.000438096
0.0012189 -0.0117937 0.000808509
-0.000438096 0.000808509 -0.0582806

0.00354051 -0.00450583 0.00374529
-0.00450583 0.00476347 0.00886827
0.00374529 0.00886827 -0.0842831

-0.0226854 -0.00541993 -0.00498607
-0.00541993 -0.0178059 -0.00655403
-0.00498607 -0.00655403 -0.054616

0.022025 -0.00274089 0.0175861
-0.00274089 0.0146313 0.00842862
0.0175861 0.00842862 -0.137905

-0.0211733 0.00457469 -0.00686467
0.00457469 -0.0212682 0.000400667
-0.00686467 0.000400667 -0.0822843

0.0583862 -0.0127716 -0.0245163
-0.0127716 0.0401903 -0.144949
-0.0245163 -0.144949 -0.855403

0.0342904 -0.00822332 -0.0259672
-0.00822332 0.0298951 -0.00723759
-0.0259672 -0.00723759 -0.249177

-0.0172499 0.0141665 0.0987742
0.0141665 -0.0386127 -0.105364
0.0987742 -0.105364 -0.974002

-0.0475707 -0.0245038 0.018386
-0.0245038 -0.073791 0.0855955
0.018386 0.0855955 -0.812201

-0.0116726 0.00428912 -0.00706048
0.00428912 -0.0106214 -0.000988155
-0.00706048 -0.000988155 -0.195089

-0.00499333 -0.00451885 -0.0101513
-0.00451885 -0.00656767 0.00387623
-0.0101513 0.00387623 -0.271697

0.0432602 -0.0148711 0.0262366
-0.0148711 0.0380615 0.118386
0.0262366 0.118386 -0.666739

-0.0335956 0.0107858 -0.0208409
0.0107858 -0.00381922 -0.00796642
-0.0208409 -0.00796642 -0.00975961

-0.0313999 -0.00344877 -0.00251914
-0.00344877 -0.0409273 0.00880341
-0.00251914 0.00880341 -0.000263518

-0.567791 0.00852565 -0.0195898
0.00852565 -0.419319 0.00998716
-0.0195898 0.00998716 -1.54298

-0.0329392 -0.0087708 -0.00254326
-0.0087708 -0.021513 0.00300905
-0.00254326 0.00300905 0.00736824

-0.0437323 0.009061 0.00395919
0.009061 -0.0219858 0.000426513
0.00395919 0.000426513 -0.0282965

0.0179911 0.00594546 -0.0462772
0.00594546 0.0462683 -0.0573808
-0.0462772 -0.0573808 -0.797198

0.0514898 0.0161953 0.0407313
0.0161953 0.0825925 -0.0489516
0.0407313 -0.0489516 -0.604741

-0.0112886 -0.0080293 -0.000365442
-0.0080293 -0.0179183 -0.00170895
-0.000365442 -0.00170895 -0.203007

-0.0255243 0.00462009 -0.00249648
0.00462009 -0.0291074 0.0062548
-0.00249648 0.0062548 -0.184672

-0.0573003 -0.0168223 0.0559848
-0.0168223 -0.081212 0.0726198
0.0559848 0.0726198 -0.805807

0.00406511 0.00115715 -0.00938523
0.00115715 -0.00698892 -0.00990986
-0.00938523 -0.00990986 -0.153867

-0.0299976 0.0115358 0.00180736
0.0115358 -0.0241468 0.00345651
0.00180736 0.00345651 -0.0262548

-0.0506948 0.00118072 0.000650573
0.00118072 -0.0651004 0.00134861
0.000650573 0.00134861 -0.0118172

-0.0600431 0.00120275 -0.00989261
0.00120275 -0.0542131 -0.00360138
-0.00989261 -0.00360138 -0.0523393

-0.0413693 0.00764972 0.000442492
0.00764972 -0.0307195 0.0019645
0.000442492 0.0019645 -0.0249605

-0.0357698 0.00619421 0.00414001
0.00619421 -0.0506829 -0.00167286
0.00414001 -0.00167286 -0.0201802

-0.491152 0.00107769 0.0449257
0.00107769 -0.457148 0.0192203
0.0449257 0.0192203 -1.55312

-0.0194395 0.00134843 -0.000960809
0.00134843 -0.0216956 0.00227416
-0.000960809 0.00227416 -0.0740899

-0.0159355 -0.000172065 6.44304e-05
-0.000172065 -0.00894087 0.00744859
6.44304e-05 0.00744859 -0.0247436

-0.0390145 -0.0109915 0.00174217
-0.0109915 -0.0218792 0.00302667
0.00174217 0.00302667 -0.102661

-0.0434431 -0.000981177 0.00434355
-0.000981177 -0.0294805 0.00157495
0.00434355 0.00157495 -0.0751093

-0.160382 -0.0121121 0.0378368
-0.0121121 -0.127989 -0.00667308
0.0378368 -0.00667308 -1.21097

0.00629918 -0.00144306 -0.00112052
-0.00144306 -0.00782833 -0.0015521
-0.00112052 -0.0015521 -0.0759313

-0.292375 0.0341584 0.0398989
0.0341584 -0.162413 -0.0561055
0.0398989 -0.0561055 -1.15159

-0.0352874 -0.013236 0.0596428
-0.013236 -0.00765029 0.017304
0.0596428 0.017304 -0.567054

-0.0218248 0.00662253 0.00291463
0.00662253 -0.00483884 -0.00139797
0.00291463 -0.00139797 0.0126694

0.122792 0.0132454 0.0244664
0.0132454 0.0606037 -0.0940851
0.0244664 -0.0940851 -0.655351

-0.0494493 -0.00194793 0.00538482
-0.00194793 -0.0407893 0.00280535
0.00538482 0.00280535 -0.109885

-0.071808 -0.0368929 -0.0805245
-0.0368929 0.0239444 0.109838
-0.0805245 0.109838 -1.17478

-0.689046 0.0771287 -0.0876194
0.0771287 -0.453158 0.0865889
-0.0876194 0.0865889 -1.50878

0.142859 0.0241298 -0.0237522
0.0241298 0.119546 -0.140703
-0.0237522 -0.140703 -0.624734

-0.0214701 0.00130237 0.0038884
0.00130237 -0.0318452 0.00236874
0.0038884 0.00236874 -0.140873

-0.0409028 -0.00378862 0.00223987
-0.00378862 -0.0144559 -0.00561493
0.00223987 -0.00561493 -0.0443639

-0.0295984 -0.000614571 -0.00068879
-0.000614571 -0.0264173 -0.00244639
-0.00068879 -0.00244639 0.00782637

-0.12151 -0.00420955 0.117128
-0.00420955 -0.0643402 0.0459278
0.117128 0.0459278 -1.20719

0.0197089 -0.010557 0.0134862
-0.010557 -0.0307564 0.0320185
0.0134862 0.0320185 -0.575731

-0.0179561 -0.000987103 -0.00131524
-0.000987103 -0.017245 0.000889607
-0.00131524 0.000889607 -0.0685619

-0.454281 -0.00518263 -0.114698
-0.00518263 -0.284707 -0.124899
-0.114698 -0.124899 -1.23862

-0.037294 0.00765464 -0.000163505
0.00765464 -0.0457156 0.00167976
-0.000163505 0.00167976 -0.00869894

-0.0367067 0.00182673 -0.002445
0.00182673 -0.0222463 -0.00375337
-0.002445 -0.00375337 -0.0172992

-0.00146859 0.00650917 0.125335
0.00650917 0.0566365 -0.113738
0.125335 -0.113738 -1.0007

-0.0219901 0.00926758 -0.00303952
0.00926758 -0.0278245 0.00510601
-0.00303952 0.00510601 -0.124388

0.00562394 -0.00453328 0.0101003
-0.00453328 -0.0175134 -0.00924397
0.0101003 -0.00924397 -0.165655

-0.036475 0.00921488 -0.00483067
0.00921488 -0.0361319 0.00344727
-0.00483067 0.00344727 -0.213186

0.0493636 -0.00563045 0.00414899
-0.00563045 0.0521429 0.0123251
0.00414899 0.0123251 -0.213328

-0.00351812 0.00727412 -0.00796049
0.00727412 0.00331432 0.00540554
-0.00796049 0.00540554 -0.13328

-0.0572011 -0.00990547 0.140153
-0.00990547 -0.0324742 0.0339142
0.140153 0.0339142 -1.12346

-0.0314279 0.00104884 0.00493893
0.00104884 -0.0217087 0.000631374
0.00493893 0.000631374 -0.0947602

-0.00734551 0.000892734 0.00324767
0.000892734 -0.0152837 -0.00179031
0.00324767 -0.00179031 -0.194486

-0.0411683 -0.0107632 -0.0722533
-0.0107632 -0.0686618 -0.0905237
-0.0722533 -0.0905237 -0.883502

-4.62988e-05 -0.0120724 -0.117488
-0.0120724 -0.033271 -0.069961
-0.117488 -0.069961 -0.828804

0.0211845 -0.00279582 0.00100831
-0.00279582 0.00686247 0.00951228
0.00100831 0.00951228 -0.136055

-0.0188976 0.00140838 -0.000713635
0.00140838 -0.0316419 -0.00721992
-0.000713635 -0.00721992 -0.158124

-0.0871436 0.0352028 0.108646
0.0352028 -0.0549196 0.0244676
0.108646 0.0244676 -1.14828

0.0258318 0.0103678 0.00190872
0.0103678 0.0576804 0.00102886
0.00190872 0.00102886 -0.182274

-0.0110483 0.00801445 0.00720541
0.00801445 -0.0284455 -0.00445622
0.00720541 -0.00445622 -0.122539

0.0176465 0.00347269 0.00517238
0.00347269 0.00140242 -0.0181067
0.00517238 -0.0181067 -0.262592

-0.0510762 -0.00512716 0.0164686
-0.00512716 -0.0363826 0.00236359
0.0164686 0.00236359 -0.011151

-0.0659756 0.00970071 -0.00474921
0.00970071 -0.0385265 0.00488853
-0.00474921 0.00488853 -0.0174868

-0.0291934 -0.00965574 -0.00415321
-0.00965574 -0.0198552 -0.0177383
-0.00415321 -0.0177383 -0.0386089

-0.0274158 -0.00449366 -0.00395237
-0.00449366 -0.0234389 -0.0012745
-0.00395237 -0.0012745 -0.00712334

-0.0188387 0.00627284 -0.00341619
0.00627284 -0.0320024 -0.00076937
-0.00341619 -0.00076937 0.0131068

-0.0494198 -0.00383462 -0.00173788
-0.00383462 -0.0390742 0.00249744
-0.00173788 0.00249744 -0.060004

0.0279175 0.0248737 -0.0376581
0.0248737 0.0327279 0.0262013
-0.0376581 0.0262013 -0.433949

-0.00977961 -0.00342224 -0.00209248
-0.00342224 -0.000356633 0.00882404
-0.00209248 0.00882404 -0.0184655

-0.0316606 0.000641883 -0.00138947
0.000641883 -0.0166089 -0.00381415
-0.00138947 -0.00381415 -0.197815

-0.0360836 0.0016303 -0.00928881
0.0016303 -0.0360314 0.00631013
-0.00928881 0.00631013 -0.196456

0.0416166 0.00234665 -0.0211562
0.00234665 0.0373871 -0.00558297
-0.0211562 -0.00558297 -0.21034

0.0184292 0.0102732 -0.0166359
0.0102732 0.039544 0.0198395
-0.0166359 0.0198395 -0.28228

-0.01231 -0.00824562 0.000255506
-0.00824562 -0.00759332 0.00209354
0.000255506 0.00209354 -0.0459199

0.0244179 -0.0024138 -0.00134361
-0.0024138 0.0164575 0.00112061
-0.00134361 0.00112061 -0.0715433

-0.00937591 -0.00347193 0.0101585
-0.00347193 -0.0173028 0.00537061
0.0101585 0.00537061 -0.126515

0.0531343 -0.00557782 0.157779
-0.00557782 0.0266634 0.111557
0.157779 0.111557 -0.761368

0.0314879 -0.0351645 0.127372
-0.0351645 0.00971935 0.104469
0.127372 0.104469 -0.803647

0.101961 -0.0039027 0.00954176
-0.0039027 0.0794098 0.0326821
0.00954176 0.0326821 -0.368395

0.0371865 0.00207026 -0.0380382
0.00207026 0.0505448 0.00507456
-0.0380382 0.00507456 -0.501814

-0.0290954 0.000204612 -0.00831688
0.000204612 -0.0206683 0.000985282
-0.00831688 0.000985282 -0.0502347

-0.012569 0.00685453 0.00242034
0.00685453 -0.00449779 -0.000409104
0.00242034 -0.000409104 -0.0581547

0.00317381 -0.00350851 0.00609184
-0.00350851 0.00236284 -0.015251
0.00609184 -0.015251 -0.306854

-0.00676519 0.000142516 0.000910952
0.000142516 -0.00869496 -0.0124325
0.000910952 -0.0124325 -0.12769

-0.0187198 0.00717912 0.000418216
0.00717912 -0.00167531 -0.00489507
0.000418216 -0.00489507 0.0160115

0.00981156 -0.022734 0.0718772
-0.022734 0.0648469 -0.00213822
0.0718772 -0.00213822 -0.517771

0.0678673 0.000846795 -0.0201335
0.000846795 0.0603585 -0.149528
-0.0201335 -0.149528 -0.876853

-0.0201948 0.00972574 0.000648425
0.00972574 -0.000524442 0.00920835
0.000648425 0.00920835 -0.00614701

-0.00970433 -0.00108861 8.37169e-05
-0.00108861 -0.0127562 0.00762644
8.37169e-05 0.00762644 -0.0480838

-0.0135333 -0.00243183 0.00453266
-0.00243183 -0.00632184 -0.0127871
0.00453266 -0.0127871 -0.114452

0.000293967 0.00155917 -0.00417251
0.00155917 -0.00634516 -0.00852318
-0.00417251 -0.00852318 -0.113698

-0.00816203 0.000854682 0.00332423
0.000854682 -0.00518166 -0.0131301
0.00332423 -0.0131301 -0.0951282

-0.0541474 0.0173757 0.0509054
0.0173757 -0.0542354 -0.012055
0.0509054 -0.012055 -0.526609

0.0850724 -0.0160393 -0.0261954
-0.0160393 0.0774366 -0.0405312
-0.0261954 -0.0405312 -0.3696

-0.00532661 0.000481798 0.0177511
0.000481798 0.0308885 0.000361683
0.0177511 0.000361683 -0.337038

0.0462538 0.020733 0.0173315
0.020733 0.0457632 -0.0113888
0.0173315 -0.0113888 -0.323581

-0.0104465 -0.00134873 -0.00135697
-0.00134873 -0.0120169 0.00526743
-0.00135697 0.00526743 -0.0549815

-0.0556824 0.00834319 -0.00796611
0.00834319 -0.0574297 0.00899465
-0.00796611 0.00899465 -0.0660023

0.0110733 0.00337812 0.00231946
0.00337812 1.816e-05 -0.0103702
0.00231946 -0.0103702 -0.098318

-0.00653776 0.00497924 0.00768607
0.00497924 0.00360888 -0.000614872
0.00768607 -0.000614872 -0.017286

-0.0393299 0.01182 0.00312476
0.01182 -0.0258738 0.00205025
0.00312476 0.00205025 -0.03018

0.016022 0.00831905 -0.0198246
0.00831905 0.0318477 -0.034385
-0.0198246 -0.034385 -0.379868

0.0040757 0.00550096 0.00256744
0.00550096 0.0046738 -0.0213381
0.00256744 -0.0213381 -0.296648

0.10416 0.0185223 0.0253366
0.0185223 0.0847117 -0.0760514
0.0253366 -0.0760514 -0.605223

-0.00322395 0.0172954 -0.0131394
0.0172954 0.00144322 -0.0171504
-0.0131394 -0.0171504 -0.202218

-0.013014 0.0025469 -0.00158989
0.0025469 -0.003384 0.0113607
-0.00158989 0.0113607 -0.297224

0.0331511 -0.00736691 -0.00221874
-0.00736691 0.0227292 -0.00178567
-0.00221874 -0.00178567 -0.0541307

-0.0131113 -0.0111309 0.00770765
-0.0111309 -0.00579145 0.00084325
0.00770765 0.00084325 -0.0824446

0.00010557 0.0018238 -0.0172589
0.0018238 -0.00215729 -0.0023591
-0.0172589 -0.0023591 -0.116625

-0.0265097 0.00174121 -0.005737
0.00174121 -0.00625112 0.00563885
-0.005737 0.00563885 -0.0284805

-0.00144413 -0.00419309 -0.00131778
-0.00419309 -0.0112678 0.00196134
-0.00131778 0.00196134 -0.0280669

0.0180476 0.0147509 -0.0302352
0.0147509 0.0345835 -0.0561204
-0.0302352 -0.0561204 -0.684287

-0.00838361 -0.00172023 -0.000722578
-0.00172023 -0.0134719 0.0126305
-0.000722578 0.0126305 -0.0903373

-0.00305413 -0.000919743 -0.00932263
-0.000919743 -0.00994687 0.00324852
-0.00932263 0.00324852 -0.0979433

-0.0302098 -0.00988549 -0.00063731
-0.00988549 -0.0417135 0.00670003
-0.00063731 0.00670003 -0.0892231

-0.0104882 0.002208 -0.00812938
0.002208 -0.00815249 -0.000118024
-0.00812938 -0.000118024 -0.0762063

0.0520267 0.0211794 -0.0384913
0.0211794 0.0338329 0.0244196
-0.0384913 0.0244196 -0.424925

-0.135984 -0.0198556 0.0621607
-0.0198556 -0.121679 0.100967
0.0621607 0.100967 -1.30884

0.00555669 -0.00725228 0.000709507
-0.00725228 0.00338106 0.00929882
0.000709507 0.00929882 -0.287568

-0.0158104 0.000364491 -0.00117893
0.000364491 -0.0113794 0.0129024
-0.00117893 0.0129024 -0.0266509

-0.151175 -0.0258231 -0.076861
-0.0258231 -0.139263 0.150128
-0.076861 0.150128 -1.40053

0.0419392 -0.00116528 -0.0797378
-0.00116528 0.0376106 -0.121365
-0.0797378 -0.121365 -0.949012

0.0343524 -0.00976513 -0.0214004
-0.00976513 0.0323037 -0.00255859
-0.0214004 -0.00255859 -0.24043

-0.0260749 0.00360966 -0.0105573
0.00360966 -0.0230834 0.000780773
-0.0105573 0.000780773 -0.282253

-0.0176779 -0.000877961 -0.00147213
-0.000877961 -0.013995 -0.00826587
-0.00147213 -0.00826587 -0.22369

0.012205 -0.0171275 0.124331
-0.0171275 -0.00429001 -0.0165109
0.124331 -0.0165109 -1.11174

-0.00388279 0.0070908 -0.0887066
0.0070908 0.0332945 0.0759871
-0.0887066 0.0759871 -0.714148

-0.0560289 0.0255271 -0.142556
0.0255271 -0.0075817 -0.11509
-0.142556 -0.11509 -1.14031

0.00632422 0.0146931 0.0128174
0.0146931 -0.00510832 0.0286199
0.0128174 0.0286199 -0.33686

-0.0311269 0.00798492 0.00117112
0.00798492 -0.0196939 -0.00980957
0.00117112 -0.00980957 -0.00225401

-0.0367506 0.0090843 2.86105e-05
0.0090843 -0.0375419 0.00242041
2.86105e-05 0.00242041 0.00365386

0.0156881 -0.000422077 0.00549415
-0.000422077 0.0111794 -0.00439537
0.00549415 -0.00439537 -0.0377712

0.00149358 0.00180534 0.000604255
0.00180534 -0.0125858 -0.00620175
0.000604255 -0.00620175 -0.11884

0.00911595 -0.0307739 0.0286144
-0.0307739 -0.0140846 0.0781568
0.0286144 0.0781568 -0.605968

-0.0457584 0.00882708 0.0224285
0.00882708 0.0338882 0.0866907
0.0224285 0.0866907 -1.22666

-0.0566449 0.00642133 -0.00350107
0.00642133 -0.0518055 -0.0195791
-0.00350107 -0.0195791 -0.367354

-0.0137368 -0.00833705 0.0258039
-0.00833705 0.0429434 0.0184407
0.0258039 0.0184407 -0.339094

0.145415 0.00551142 0.133073
0.00551142 0.193447 0.0166678
0.133073 0.0166678 -0.6381

-0.0535964 0.00385239 -0.00529473
0.00385239 -0.0297954 -0.00198538
-0.00529473 -0.00198538 -0.0601469

0.0456756 0.0336982 -0.034833
0.0336982 0.0651831 0.0126433
-0.034833 0.0126433 -0.31343

-0.102965 0.00757074 -0.0942788
0.00757074 -0.084794 0.0410988
-0.0942788 0.0410988 -0.871638

-0.0205232 -0.0035729 -0.00286773
-0.0035729 -0.0232894 0.0015406
-0.00286773 0.0015406 0.00351227

-0.0480903 -0.00067634 -0.00413026
-0.00067634 -0.0441607 0.00293995
-0.00413026 0.00293995 -0.0532733

0.169478 0.150972 0.0807378
0.150972 0.380138 0.413067
0.0807378 0.413067 -0.909995

-0.00281583 0.0090189 -5.56086e-05
0.0090189 -0.004342 0.00281631
-5.56086e-05 0.00281631 -0.0209398

0.0542147 -0.0141239 -0.108247
-0.0141239 0.0654479 -0.124544
-0.108247 -0.124544 -0.855137

-0.0263461 0.0104515 0.00421064
0.0104515 -0.0217352 0.00262496
0.00421064 0.00262496 -0.0648113

0.025473 0.0012741 0.0029014
0.0012741 0.0728727 0.000618879
0.0029014 0.000618879 -0.262437

-0.0371585 -0.00589123 -0.00188033
-0.00589123 -0.0239263 0.00292653
-0.00188033 0.00292653 -0.0232656

-1.13713 -0.0398396 -0.059092
-0.0398396 -1.371 -0.26396
-0.059092 -0.26396 -1.6547

-0.0803024 -0.0166062 0.0413515
-0.0166062 -0.0198426 -0.160531
0.0413515 -0.160531 -1.23057

-0.210988 0.000507729 0.0314605
0.000507729 -0.194666 -0.108542
0.0314605 -0.108542 -1.41901

-0.102405 0.00725433 0.0265109
0.00725433 0.00647197 0.0897648
0.0265109 0.0897648 -1.25622

0.0433007 0.012352 -0.0129472
0.012352 0.0610816 -0.133917
-0.0129472 -0.133917 -0.904289

-0.018514 0.036903 0.0214801
0.036903 -0.0139064 0.102151
0.0214801 0.102151 -1.02125

-0.0764367 0.0107141 -0.0794017
0.0107141 -0.111002 0.0887253
-0.0794017 0.0887253 -1.21978

-0.0102696 0.00816889 0.00216818
0.00816889 0.0021198 0.000692225
0.00216818 0.000692225 -0.0182108

0.0136235 0.00570192 -0.000671795
0.00570192 -0.00128827 0.00121158
-0.000671795 0.00121158 -0.0928721

-0.0419368 -0.00146817 0.00114585
-0.00146817 -0.0213104 0.000558376
0.00114585 0.000558376 0.00662213

0.00623157 0.000110037 0.0013438
0.000110037 -0.00334173 0.00283361
0.0013438 0.00283361 -0.089294

-0.0108567 0.00347759 0.0867378
0.00347759 0.0213131 0.0373234
0.0867378 0.0373234 -1.04604

0.0192667 0.00534856 0.00434088
0.00534856 0.0215992 0.0181613
0.00434088 0.0181613 -0.128396

-0.0898638 0.0809233 0.0724456
0.0809233 -0.124801 0.0920288
0.0724456 0.0920288 -1.25364

-0.00863835 -0.000322358 -0.000514839
-0.000322358 -0.0119428 0.00598001
-0.000514839 0.00598001 -0.049709

-0.0283402 0.000118911 -0.0159445
0.000118911 -0.0202111 0.0624954
-0.0159445 0.0624954 -0.563378

-0.0588251 -0.000294928 -0.00927078
-0.000294928 -0.0510379 0.00197803
-0.00927078 0.00197803 -0.104363

-0.047329 0.00417591 -0.00213194
0.00417591 -0.0531252 0.000838278
-0.00213194 0.000838278 -0.015515

-0.0348418 0.0156715 0.00339834
0.0156715 -0.0361004 -0.00062946
0.00339834 -0.00062946 -0.0458053

0.0575604 -0.0105433 -0.0423701
-0.0105433 0.0433694 -0.0344608
-0.0423701 -0.0344608 -0.666784

0.179026 -0.00467489 -0.0885477
-0.00467489 0.195987 -0.0188711
-0.0885477 -0.0188711 -0.570189

0.0653908 -0.0118852 -0.0397666
-0.0118852 0.0464579 0.0237298
-0.0397666 0.0237298 -0.491101

-0.0321009 -0.00220781 -0.000353459
-0.00220781 -0.0379704 -0.00425917
-0.000353459 -0.00425917 -0.0340097

-0.304526 -0.0748134 0.0318144
-0.0748134 -0.302035 -0.0328205
0.0318144 -0.0328205 -1.43969

-0.0841822 -1.42869e-05 -0.115557
-1.42869e-05 -0.0536186 0.038984
-0.115557 0.038984 -1.18632

0.0219237 -0.00587351 -0.000973642
-0.00587351 0.00646611 0.0011201
-0.000973642 0.0011201 -0.175676

0.0513419 -0.00421878 -0.125924
-0.00421878 0.0760394 -0.0829449
-0.125924 -0.0829449 -0.792617

-0.020995 0.00570897 0.00318706
0.00570897 -0.0181469 0.00515362
0.00318706 0.00515362 -0.0346488

-0.0106209 -0.00178014 -0.00522711
-0.00178014 -0.0102513 -0.0079398
-0.00522711 -0.0079398 -0.0499691

-0.0107562 0.000565864 0.00415133
0.000565864 -0.0184405 -0.00560408
0.00415133 -0.00560408 -0.201023

-0.0430159 0.00631828 0.00123099
0.00631828 -0.0351107 0.0100259
0.00123099 0.0100259 -0.0214656

-0.023817 -0.00407132 0.00512918
-0.00407132 -0.00643606 0.00312737
0.00512918 0.00312737 -0.0454185

-0.0129432 0.00354591 0.00426906
0.00354591 -0.011776 0.00473976
0.00426906 0.00473976 -0.0292157

0.113668 -0.0116736 0.0323272
-0.0116736 0.096669 0.0421562
0.0323272 0.0421562 -0.429831

-0.0455552 0.00561387 0.00422873
0.00561387 -0.0295148 0.000112701
0.00422873 0.000112701 -0.0510606

-0.169539 0.00799862 -0.131594
0.00799862 -0.150474 0.195265
-0.131594 0.195265 -0.91047

0.0551931 0.00781096 0.0103603
0.00781096 0.0278446 0.00229098
0.0103603 0.00229098 -0.0528657

-0.039985 -0.00911415 0.0274137
-0.00911415 -0.0936127 0.0600982
0.0274137 0.0600982 -0.638668

-0.0819661 0.0187977 9.21019e-05
0.0187977 -0.0373031 -0.146097
9.21019e-05 -0.146097 -1.17213

-0.255762 -0.0157577 0.126888
-0.0157577 -0.311885 0.123834
0.126888 0.123834 -1.32725

-0.0364131 0.00481364 -0.00211864
0.00481364 -0.0405668 0.000166626
-0.00211864 0.000166626 -0.000442654

0.0535905 -0.0030643 -0.0256409
-0.0030643 0.0284274 0.0355462
-0.0256409 0.0355462 -0.328297

-0.0645724 0.00884252 -0.0121268
0.00884252 -0.066345 0.0135115
-0.0121268 0.0135115 -0.079229

-0.0124872 -0.0208071 0.055962
-0.0208071 0.034265 -0.160544
0.055962 -0.160544 -1.11222

-0.0269089 0.00383569 0.000833538
0.00383569 -0.0320305 0.00389811
0.000833538 0.00389811 -0.0488103

-0.0129568 0.00844099 -0.0101913
0.00844099 -0.00097064 0.0661273
-0.0101913 0.0661273 -0.546884

-0.00236946 -0.000666898 -0.00494951
-0.000666898 -0.0126615 -0.000993377
-0.00494951 -0.000993377 -0.0252993

-0.047137 0.00400534 0.0945549
0.00400534 -0.0296986 0.0572472
0.0945549 0.0572472 -1.10956

-0.109676 0.0221375 0.112198
0.0221375 -0.0818562 0.0352017
0.112198 0.0352017 -1.14606

0.0100901 -0.00666489 -0.00584346
-0.00666489 0.0220552 0.00152985
-0.00584346 0.00152985 -0.123357

0.0867727 0.0268576 -0.0248966
0.0268576 0.0651018 0.0557479
-0.0248966 0.0557479 -0.493402

-0.0323505 0.00516246 -0.00393561
0.00516246 -0.0129188 0.00976179
-0.00393561 0.00976179 -0.068538

-0.0675024 -0.00704036 0.0319727
-0.00704036 0.0322535 0.0928243
0.0319727 0.0928243 -1.24495

-0.12186 -0.0149527 0.0625665
-0.0149527 0.0175087 0.102163
0.0625665 0.102163 -1.15079

0.072525 0.0168777 0.0520217
0.0168777 0.195874 0.258217
0.0520217 0.258217 -0.90753

-0.207407 0.0980457 -0.0281399
0.0980457 -0.375511 0.0626444
-0.0281399 0.0626444 -1.38108

0.0604434 0.0231006 -0.0226425
0.0231006 0.0262698 -0.0107113
-0.0226425 -0.0107113 -0.180492

0.0282061 0.0208004 -0.0170922
0.0208004 0.0347496 0.0179019
-0.0170922 0.0179019 -0.280481

-0.00667955 0.00758598 0.0111385
0.00758598 0.0201682 -0.0128786
0.0111385 -0.0128786 -0.311567

0.0251861 0.010931 0.00627643
0.010931 0.0195151 0.00382203
0.00627643 0.00382203 -0.110344

0.063149 -0.0025839 0.0257928
-0.0025839 0.0714279 -0.123102
0.0257928 -0.123102 -0.90225

-0.000255438 -0.0140684 0.104125
-0.0140684 0.0288054 0.114646
0.104125 0.114646 -1.05266

0.0173928 0.00787452 -0.0050944
0.00787452 0.00221433 0.0318665
-0.0050944 0.0318665 -0.349255

-0.0377518 0.0148739 0.0880905
0.0148739 -0.182898 -0.0363202
0.0880905 -0.0363202 -1.36546

-0.0132456 -0.00372229 0.000320767
-0.00372229 -0.00815664 -0.000129319
0.000320767 -0.000129319 -0.0629857

-0.0281701 0.00925212 0.00989306
0.00925212 0.0151809 -0.0218704
0.00989306 -0.0218704 -0.321557

-0.0544292 0.000355695 0.013524
0.000355695 -0.0550474 0.0357048
0.013524 0.0357048 -0.655272

-0.0132134 0.00449044 0.00852116
0.00449044 -0.00910073 -0.0227831
0.00852116 -0.0227831 -0.335359

-0.147034 -0.00179467 0.0301708
-0.00179467 -0.11409 0.132633
0.0301708 0.132633 -1.31672

0.0247356 0.00214853 0.0789877
0.00214853 0.026142 -0.00513266
0.0789877 -0.00513266 -0.937312

0.00228882 -0.0347453 0.0940826
-0.0347453 -0.0213872 0.131277
0.0940826 0.131277 -0.836155

0.0116978 -0.00551992 -0.00290721
-0.00551992 0.0300802 -0.0165432
-0.00290721 -0.0165432 -0.220703

0.105252 -0.0172107 0.012495
-0.0172107 0.0864669 0.0586963
0.012495 0.0586963 -0.474884

0.0300371 -0.023964 -0.0146947
-0.023964 0.0434568 -0.0143872
-0.0146947 -0.0143872 -0.277909

-0.00709072 0.00431275 -0.0166011
0.00431275 -0.00851092 0.0265845
-0.0166011 0.0265845 -0.352124

-0.0154852 -0.0143265 -0.023023
-0.0143265 -0.0221298 0.0530392
-0.023023 0.0530392 -0.810411

-0.0100833 0.00434649 0.00489848
0.00434649 -0.00632524 -0.00427794
0.00489848 -0.00427794 -0.0969953

0.0772782 0.0215534 -0.0281309
0.0215534 0.055945 0.054036
-0.0281309 0.054036 -0.502451

0.021884 0.0150063 0.109918
0.0150063 0.0214963 -0.0970504
0.109918 -0.0970504 -0.764273

-0.0113031 0.00590658 0.00992918
0.00590658 -0.0162193 0.00108711
0.00992918 0.00108711 -0.073939

-0.00980986 0.00129671 -0.000312639
0.00129671 -0.0122461 0.000304381
-0.000312639 0.000304381 -0.0577418

-0.00918918 0.0295717 0.0134196
0.0295717 -0.0493544 -0.119092
0.0134196 -0.119092 -0.930743

0.0288186 0.0127335 0.105787
0.0127335 0.038652 0.0513743
0.105787 0.0513743 -0.733904

-0.0232009 -0.00413986 0.0522216
-0.00413986 0.00586002 0.011074
0.0522216 0.011074 -0.424572

-0.0385212 0.00658304 0.121669
0.00658304 0.00701228 0.00978157
0.121669 0.00978157 -1.06513

-0.208696 -0.0174109 0.0359305
-0.0174109 -0.0401215 0.102924
0.0359305 0.102924 -1.25396

0.0125366 0.0289775 0.0548899
0.0289775 0.0518714 -0.00525055
0.0548899 -0.00525055 -0.432095

-0.00679392 5.18916e-05 -0.0143352
5.18916e-05 -0.01068 -0.00971749
-0.0143352 -0.00971749 -0.151841

0.00109518 0.00833609 0.00485797
0.00833609 -0.0224091 0.000176747
0.00485797 0.000176747 -0.134679

-0.0220504 0.0145056 0.0320676
0.0145056 -0.0146309 -0.0319535
0.0320676 -0.0319535 -0.454493

0.0532958 0.0489188 0.00965406
0.0489188 0.0268609 -0.0579327
0.00965406 -0.0579327 -0.631352

0.0153388 -0.000937864 -0.000740106
-0.000937864 0.000836327 -0.0095212
-0.000740106 -0.0095212 -0.142688

-0.0918242 0.0301136 0.0203934
0.0301136 -0.133844 -0.00180896
0.0203934 -0.00180896 -0.755083

-0.0286269 -0.00798901 -0.00287086
-0.00798901 -0.0234183 0.000834452
-0.00287086 0.000834452 -0.0295226

0.139572 0.0255027 0.0384064
0.0255027 0.104867 -0.0392827
0.0384064 -0.0392827 -0.377688

-0.0505906 -0.0238072 -0.0146316
-0.0238072 -0.0912102 0.0187149
-0.0146316 0.0187149 -0.757991

0.0343276 -0.0171577 0.0759043
-0.0171577 0.0486198 0.0562206
0.0759043 0.0562206 -0.51936

-0.0261603 0.00556453 0.13099
0.00556453 0.0153362 -0.0396838
0.13099 -0.0396838 -0.794576

0.0319345 0.00536775 0.00819023
0.00536775 0.0639148 -0.0362174
0.00819023 -0.0362174 -0.28604

0.00844444 0.00796703 0.0237685
0.00796703 0.0428593 -0.0302618
0.0237685 -0.0302618 -0.27501

0.0415099 0.00980963 0.0230327
0.00980963 0.0493896 -0.0104071
0.0230327 -0.0104071 -0.347232

-0.0398747 0.00740359 -0.00262505
0.00740359 -0.0443357 0.00660154
-0.00262505 0.00660154 -0.0472376

0.0459599 0.0131572 0.0259187
0.0131572 0.0364065 -0.0093868
0.0259187 -0.0093868 -0.322188

-0.0351547 0.00288639 -0.0209489
0.00288639 -0.0268635 -0.00305063
-0.0209489 -0.00305063 -0.206353

-0.657745 0.0494376 -0.0367552
0.0494376 -0.610937 0.0618909
-0.0367552 0.0618909 -1.64393

-0.0450429 -0.00129824 0.0714348
-0.00129824 -0.0423677 0.0486082
0.0714348 0.0486082 -0.779528

0.105405 -0.0168364 0.0564965
-0.0168364 0.0924821 0.0208754
0.0564965 0.0208754 -0.475347

-0.037283 -0.00861719 -0.00641002
-0.00861719 -0.0469489 0.0105803
-0.00641002 0.0105803 -0.137241

0.0055555 -0.0180338 0.0885861
-0.0180338 0.0120267 0.0254465
0.0885861 0.0254465 -0.553302

0.0460741 0.0251256 -0.0408825
0.0251256 0.055659 0.00576089
-0.0408825 0.00576089 -0.40634

0.0462951 0.015581 -0.0126528
0.015581 0.0275756 -0.00835782
-0.0126528 -0.00835782 -0.209737

0.0273038 -0.00316534 0.0023479
-0.00316534 0.0326439 0.0153777
0.0023479 0.0153777 -0.141001

0.000747604 0.00196689 -0.00966375
0.00196689 0.0186822 0.00221162
-0.00966375 0.00221162 -0.212008

-0.0240204 -0.00424519 -0.0144995
-0.00424519 -0.0142244 -0.00107262
-0.0144995 -0.00107262 -0.254876

0.0428129 -0.00341837 -0.0196464
-0.00341837 0.0249075 -0.0107932
-0.0196464 -0.0107932 -0.172604

0.0180722 -0.00585008 0.00225843
-0.00585008 0.021386 -0.000317655
0.00225843 -0.000317655 -0.145044

-0.0218342 -0.000671923 -0.0065285
-0.000671923 -0.0166682 0.00674246
-0.0065285 0.00674246 -0.30444

-0.0211985 -0.0102113 -0.00867538
-0.0102113 -0.00912628 0.00283799
-0.00867538 0.00283799 -0.194287

-0.0458567 0.00796404 -0.00535427
0.00796404 -0.0502817 0.0109003
-0.00535427 0.0109003 -0.0555226

0.0138708 0.00124206 -0.00795338
0.00124206 0.0340206 0.00288199
-0.00795338 0.00288199 -0.243812

0.0664051 -0.0715241 0.100231
-0.0715241 0.050077 -0.0419998
0.100231 -0.0419998 -1.175

-0.0540981 -0.00691931 0.109155
-0.00691931 -0.0446242 -0.0978583
0.109155 -0.0978583 -1.21682

-0.0795447 -0.0012368 0.00563216
-0.0012368 -0.0189766 0.0593646
0.00563216 0.0593646 -1.25267

0.0048979 -0.00865254 -0.0202334
-0.00865254 -0.00637128 -0.00300974
-0.0202334 -0.00300974 -0.24047

-0.131244 0.0118436 0.030256
0.0118436 -0.115505 -0.0104673
0.030256 -0.0104673 -1.16468

0.00575129 -0.00660295 -0.0177971
-0.00660295 -0.0111297 0.0138621
-0.0177971 0.0138621 -0.234326

0.014219 0.00534994 0.00591566
0.00534994 0.013363 0.000529416
0.00591566 0.000529416 -0.103903

0.0649038 0.00496179 -0.062448
0.00496179 0.0501852 0.0148298
-0.062448 0.0148298 -0.568729

0.0972141 0.0167228 -0.0562433
0.0167228 0.101725 0.0266382
-0.0562433 0.0266382 -0.552476

-0.00590618 -0.000637617 -0.00325479
-0.000637617 0.00704052 0.00223357
-0.00325479 0.00223357 -0.101156

0.0181109 0.00787592 0.00105267
0.00787592 0.0141622 0.0180875
0.00105267 0.0180875 -0.299726

-0.0147044 0.000994003 -0.0099286
0.000994003 -0.00759641 0.00803767
-0.0099286 0.00803767 -0.140277

0.0328606 0.00187167 -0.0725003
0.00187167 0.0407451 -0.127554
-0.0725003 -0.127554 -0.933291

-0.00313898 -0.00225135 -0.000238586
-0.00225135 -0.0176888 0.0158124
-0.000238586 0.0158124 -0.142849

0.0612632 0.00799414 0.076762
0.00799414 0.0719644 -0.0483443
0.076762 -0.0483443 -0.604147

-0.0817453 0.000751837 0.104661
0.000751837 -0.0405323 -0.108383
0.104661 -0.108383 -1.19287

-0.0217398 0.0076729 -0.00783603
0.0076729 -0.0301501 0.00116308
-0.00783603 0.00116308 -0.142834

-0.00238382 -0.00154669 -0.0119479
-0.00154669 -0.00376545 0.0019606
-0.0119479 0.0019606 -0.0892907

-0.0425815 0.00155209 -0.00867699
0.00155209 -0.0424628 0.00792037
-0.00867699 0.00792037 -0.0465871

0.000208623 -0.00114053 -0.0167946
-0.00114053 -0.0093216 0.0028622
-0.0167946 0.0028622 -0.111467

-0.0112124 -0.00358708 -0.0150944
-0.00358708 -0.0146091 0.00524282
-0.0150944 0.00524282 -0.114553

-0.0425475 0.00348802 -0.00011781
0.00348802 -0.0323035 0.00867966
-0.00011781 0.00867966 -0.026247

0.0806171 -0.0104039 -0.0320292
-0.0104039 0.0812525 -0.0193968
-0.0320292 -0.0193968 -0.300895

-0.00447084 0.00465149 -0.0034487
0.00465149 -0.00411959 0.00306362
-0.0034487 0.00306362 -0.0566486

-0.0983861 0.00578808 0.0994335
0.00578808 -0.0685112 -0.0867829
0.0994335 -0.0867829 -1.20457

-0.028046 -0.00119291 0.00575701
-0.00119291 -0.0215874 0.00233129
0.00575701 0.00233129 -0.0104052

0.0757262 0.0138455 -0.0604883
0.0138455 0.0654407 -0.0341795
-0.0604883 -0.0341795 -0.551369

-0.0993089 0.0147575 0.0255714
0.0147575 -0.118534 -0.0549533
0.0255714 -0.0549533 -1.00966

0.00843597 0.000341157 -0.00748847
0.000341157 0.00965435 -0.00129072
-0.00748847 -0.00129072 -0.0536013

-0.0224151 -0.0041195 -0.00321209
-0.0041195 -0.0192457 0.00730601
-0.00321209 0.00730601 -0.115997

-0.0115648 -0.00418489 -0.000965607
-0.00418489 -0.00848115 -0.00595077
-0.000965607 -0.00595077 -0.0392437

-0.0288824 0.00548983 -0.000675744
0.00548983 -0.03232 0.00236248
-0.000675744 0.00236248 -0.00218092

-0.0941647 0.00136477 0.098762
0.00136477 -0.094587 -0.0729638
0.098762 -0.0729638 -1.26011

-0.0202629 -0.00727724 -0.00326146
-0.00727724 -0.0226768 -0.006026
-0.00326146 -0.006026 -0.0216321

-0.0037371 -0.00879287 -0.004697
-0.00879287 -0.0155317 0.00275157
-0.004697 0.00275157 -0.0479556

-0.0134993 -0.00232841 -0.00313268
-0.00232841 -0.0162171 0.00206597
-0.00313268 0.00206597 -0.0590175

-0.0284816 -0.00114521 0.00133395
-0.00114521 -0.0428331 -0.00598307
0.00133395 -0.00598307 -0.038596

-0.0472338 0.00951349 0.00328347
0.00951349 -0.0334633 0.00422934
0.00328347 0.00422934 -0.0459873

0.0762637 -0.0283834 0.0170623
-0.0283834 0.0572257 0.0686265
0.0170623 0.0686265 -0.48817

0.0802673 -0.0120747 -0.0169259
-0.0120747 0.0762012 -0.0127959
-0.0169259 -0.0127959 -0.165549

-0.0452362 -0.0028617 -0.0021642
-0.0028617 -0.0407022 -0.00669145
-0.0021642 -0.00669145 -0.037867

-0.0962292 -0.000461727 -0.051389
-0.000461727 -0.0971336 0.00909173
-0.051389 0.00909173 -1.07681

-0.0146196 -0.00882389 -0.00159865
-0.00882389 -0.0371812 0.00567739
-0.00159865 0.00567739 -0.0818483

-0.0240014 0.0040574 0.00169242
0.0040574 -0.0262337 -0.00194839
0.00169242 -0.00194839 0.00637622

-0.0452735 -0.00015074 -0.00184897
-0.00015074 -0.0243331 0.00226839
-0.00184897 0.00226839 -0.0433458

0.00389291 -0.00672108 -0.00240031
-0.00672108 -0.0092953 -0.006854
-0.00240031 -0.006854 -0.11123

0.0315784 -0.0103698 0.0278258
-0.0103698 0.172535 0.291227
0.0278258 0.291227 -1.04299

0.000320796 -0.0106497 0.000825674
-0.0106497 0.000853246 0.00201932
0.000825674 0.00201932 -0.10007

-0.0534919 -0.000822132 -0.113457
-0.000822132 -0.0865521 0.135631
-0.113457 0.135631 -1.21897

-0.0154214 -0.0144898 0.0241782
-0.0144898 0.00593332 0.0374022
0.0241782 0.0374022 -0.444385

-0.0173955 0.00478586 0.00191792
0.00478586 -0.00961775 0.0123399
0.00191792 0.0123399 -0.0409678

0.0251045 0.00657539 -0.164569
0.00657539 0.062404 -0.0559715
-0.164569 -0.0559715 -0.965796

-0.0458883 0.00138407 -0.00201682
0.00138407 -0.0229696 0.00113306
-0.00201682 0.00113306 -0.0422372

-1.79742 -0.000532222 -0.0583308
-0.000532222 -1.79518 0.258878
-0.0583308 0.258878 -2.13696

-0.0183658 -0.00813337 -0.00416423
-0.00813337 -0.0214716 -0.00420235
-0.00416423 -0.00420235 -0.172913

0.00594685 0.0158089 0.00279753
0.0158089 -0.0108813 -0.0199037
0.00279753 -0.0199037 -0.197816

0.0243942 -0.136038 -0.1074
-0.136038 0.193532 0.29407
-0.1074 0.29407 -1.09764

-0.384499 0.0154074 0.0687573
0.0154074 -0.41883 0.0237717
0.0687573 0.0237717 -1.42079

-0.551865 0.0310226 -0.200288
0.0310226 -1.09029 0.215296
-0.200288 0.215296 -1.40938

-0.0525265 0.00592546 -0.00437956
0.00592546 -0.0238642 0.000888216
-0.00437956 0.000888216 -0.0453488

0.0894174 -0.0109594 0.0286726
-0.0109594 0.0615444 0.0344293
0.0286726 0.0344293 -0.39368

0.0440786 0.00988518 0.0829571
0.00988518 0.0268318 -0.0350066
0.0829571 -0.0350066 -0.622115

0.0441345 0.0110092 0.00676721
0.0110092 0.0506934 0.0144898
0.00676721 0.0144898 -0.229872

0.0080845 -0.00261305 -0.0101513
-0.00261305 0.0124039 0.00200947
-0.0101513 0.00200947 -0.120129

0.102152 -0.00197241 -0.0286905
-0.00197241 0.0924886 -0.00151003
-0.0286905 -0.00151003 -0.280795

0.0328263 0.000460089 -0.0939279
0.000460089 0.0566909 -0.0416225
-0.0939279 -0.0416225 -0.517332

-0.0115595 -0.00351401 0.000422729
-0.00351401 -0.00990852 0.00228664
0.000422729 0.00228664 -0.0675522

-0.00595748 -0.00270529 0.000138745
-0.00270529 -0.00798403 0.00788113
0.000138745 0.00788113 -0.0436814

0.0300304 -0.0014952 0.0802657
-0.0014952 0.0275823 -0.0373699
0.0802657 -0.0373699 -0.628224

0.112131 -0.0430076 -0.00470633
-0.0430076 0.109066 0.0871771
-0.00470633 0.0871771 -0.463966

0.058775 0.00603373 -0.0449421
0.00603373 0.0127222 0.0316914
-0.0449421 0.0316914 -0.760119

-0.00327251 -0.0132289 0.0501086
-0.0132289 0.00681636 0.0665821
0.0501086 0.0665821 -0.564693

-0.037862 -0.0124629 0.0341903
-0.0124629 -0.0707789 0.0327744
0.0341903 0.0327744 -0.623862

-0.0903684 -0.0283453 0.108504
-0.0283453 -0.0851768 -0.0558337
0.108504 -0.0558337 -1.27393

0.013827 -0.00635004 0.0266615
-0.00635004 -0.0113883 0.0173349
0.0266615 0.0173349 -0.946939

-0.279024 0.0623224 -0.00109715
0.0623224 -0.326582 0.0109823
-0.00109715 0.0109823 -1.47526

-0.0557649 0.00388079 -0.00369164
0.00388079 -0.0268415 0.00197443
-0.00369164 0.00197443 -0.0483918

0.0824607 -0.012685 -0.0141156
-0.012685 0.0820536 0.0202656
-0.0141156 0.0202656 -0.24525

-0.00617763 -0.0115137 -0.00779963
-0.0115137 -0.0214683 -0.00697417
-0.00779963 -0.00697417 -0.0418252

-0.0409869 -0.000922775 0.0738863
-0.000922775 -0.0113875 -0.166527
0.0738863 -0.166527 -1.05292

0.0143227 -0.0145271 -0.0194034
-0.0145271 0.0268243 -0.01286
-0.0194034 -0.01286 -0.250348

0.0694187 0.00156537 -0.0273259
0.00156537 0.0835547 -0.00116709
-0.0273259 -0.00116709 -0.287314

-0.0257617 0.00929331 0.0328312
0.00929331 -0.0189734 -0.0242253
0.0328312 -0.0242253 -0.463391

-0.0828667 0.0510895 0.0647772
0.0510895 -0.0388035 -0.0314171
0.0647772 -0.0314171 -0.519353

0.0280028 0.00470402 -0.0021893
0.00470402 0.0373141 0.0126133
-0.0021893 0.0126133 -0.241266

-0.143348 -0.0219747 0.0888134
-0.0219747 -0.30795 -0.0210945
0.0888134 -0.0210945 -1.34063

0.09734 0.00313257 0.037764
0.00313257 0.141044 0.00619928
0.037764 0.00619928 -0.360867

0.0740174 -0.0015617 0.0689946
-0.0015617 0.0628794 -0.037111
0.0689946 -0.037111 -0.563804

0.0852736 0.0263066 -0.0459188
0.0263066 0.111629 -0.0190033
-0.0459188 -0.0190033 -0.443784

-0.0064309 0.00308633 0.02268
0.00308633 -0.0191196 -0.0119888
0.02268 -0.0119888 -0.153361

-0.255394 -0.0529675 0.0231811
-0.0529675 -0.250505 0.0371132
0.0231811 0.0371132 -1.37695

-0.0082941 0.00160973 0.00624361
0.00160973 -0.0104565 -0.00580211
0.00624361 -0.00580211 -0.103587

-0.0153723 0.00281003 0.00869303
0.00281003 -0.0264216 0.00967414
0.00869303 0.00967414 -0.0776345

-0.0111133 0.00442201 0.00195028
0.00442201 -0.0147934 0.00309901
0.00195028 0.00309901 -0.0992607

0.00148585 0.00379913 0.00693761
0.00379913 0.00558771 5.80908e-05
0.00693761 5.80908e-05 -0.0839294

-0.030308 0.000205507 -0.0152384
0.000205507 -0.0201718 -0.00527211
-0.0152384 -0.00527211 -0.073293

-0.0184099 -0.0023099 -0.00124512
-0.0023099 -0.0309458 0.0035593
-0.00124512 0.0035593 -0.0671536

-0.0164148 0.0026635 0.00644252
0.0026635 -0.0224153 -0.00504287
0.00644252 -0.00504287 -0.104778

0.0110596 -0.0057048 0.0639136
-0.0057048 -0.0297161 -0.0116008
0.0639136 -0.0116008 -1.17068

8.37412e-05 -0.00396202 0.00270997
-0.00396202 -0.00435046 0.00449351
0.00270997 0.00449351 -0.0933867

-0.0266106 0.0066588 -0.0133607
0.0066588 -0.0113242 -0.00318834
-0.0133607 -0.00318834 -0.0385754

-0.038037 0.00347629 0.000576347
0.00347629 -0.025506 -0.00030344
0.000576347 -0.00030344 0.00662007

-0.0304871 -0.0046112 -0.00322076
-0.0046112 -0.0289266 -0.00290051
-0.00322076 -0.00290051 -0.0553481

-0.0187142 0.00518415 0.00202537
0.00518415 -0.0123209 0.00229111
0.00202537 0.00229111 -0.0506813

-0.0070331 0.00429405 0.00675088
0.00429405 -0.00556875 -0.00123853
0.00675088 -0.00123853 -0.0380797

-0.0296066 -0.00216337 0.00304242
-0.00216337 -0.0320535 0.00908668
0.00304242 0.00908668 0.00417186

-0.00407567 -0.00538148 -0.000929798
-0.00538148 -0.0231509 0.00153414
-0.000929798 0.00153414 -0.084777

-0.252602 0.0189022 0.0338145
0.0189022 -0.231262 0.0154305
0.0338145 0.0154305 -1.2102

-0.0130322 -0.00708512 -0.000318628
-0.00708512 -0.0137958 0.00036662
-0.000318628 0.00036662 -0.0341703

-0.0504791 -0.000594161 -0.137296
-0.000594161 0.0301246 -0.0978752
-0.137296 -0.0978752 -1.12759

-0.00531816 -0.0292754 -0.00343916
-0.0292754 -0.0523369 -0.0484723
-0.00343916 -0.0484723 -0.393469

0.00784906 -0.0177624 -0.0914326
-0.0177624 0.0311759 -0.121048
-0.0914326 -0.121048 -0.898702

-0.0478086 0.000398657 0.0024244
0.000398657 -0.0503466 0.00812115
0.0024244 0.00812115 -0.0903263

-0.0433365 0.00107309 0.011254
0.00107309 -0.00431385 0.0125525
0.011254 0.0125525 -0.337544

0.0334148 -0.00562514 0.00316293
-0.00562514 0.023223 -0.0270162
0.00316293 -0.0270162 -0.295217

-0.0256565 0.00695373 -0.00753321
0.00695373 -0.0329375 0.00859645
-0.00753321 0.00859645 -0.0834837

-0.0215204 0.00124463 -0.00324425
0.00124463 -0.0270699 0.00033213
-0.00324425 0.00033213 -0.213698

-0.0363499 0.00207575 -0.00155794
0.00207575 -0.0316583 0.0147669
-0.00155794 0.0147669 -0.383362

0.0944451 0.0136182 -0.0372784
0.0136182 0.0781803 0.0434853
-0.0372784 0.0434853 -0.724899

-0.0278003 0.00764323 0.00575393
0.00764323 -0.0316437 -0.000515261
0.00575393 -0.000515261 -0.0233979

-0.0192798 0.00867945 0.00211684
0.00867945 -0.0230119 0.00427416
0.00211684 0.00427416 -0.105614

-0.0341905 -0.000434072 -0.0077587
-0.000434072 -0.0251324 0.00563573
-0.0077587 0.00563573 -0.0320126

-0.179503 0.0628399 -0.126428
0.0628399 -0.0682777 -0.0906855
-0.126428 -0.0906855 -1.24426

-0.00494325 0.00214947 -0.0022781
0.00214947 -0.0135105 0.0020303
-0.0022781 0.0020303 -0.0524772

-0.026968 0.00348638 -0.00637436
0.00348638 -0.025284 0.00590615
-0.00637436 0.00590615 -0.0791386

0.00665908 -0.0105366 -0.0431555
-0.0105366 0.013339 -0.0318553
-0.0431555 -0.0318553 -0.452118

-0.0167597 0.00402611 -0.0289626
0.00402611 0.00793474 -0.00408881
-0.0289626 -0.00408881 -0.31295

-0.0653209 0.00971596 0.0169381
0.00971596 -0.0761661 -7.5787e-05
0.0169381 -7.5787e-05 -0.443585

0.0189903 -0.0119368 -0.0267462
-0.0119368 0.0512729 0.000690218
-0.0267462 0.000690218 -0.298737

-0.0454953 -0.0014582 -0.00801606
-0.0014582 -0.00989353 -0.0384997
-0.00801606 -0.0384997 -0.564724

-0.0239027 0.00548309 -0.00223783
0.00548309 0.00818564 0.016803
-0.00223783 0.016803 -0.00200513

-0.0459051 -0.0249217 -0.0660344
-0.0249217 -0.0107975 -0.0890587
-0.0660344 -0.0890587 -0.959705

-0.00889336 0.00208398 -0.00720244
0.00208398 0.000752217 0.0140946
-0.00720244 0.0140946 -0.212122

-0.00300861 -0.00401472 0.0105627
-0.00401472 0.00635303 0.0324656
0.0105627 0.0324656 -0.366866

0.00547545 -0.0110638 -0.0428112
-0.0110638 0.0184989 -0.0336913
-0.0428112 -0.0336913 -0.449201

0.0105254 -0.0145593 -0.00839294
-0.0145593 0.0202233 -0.0412163
-0.00839294 -0.0412163 -0.324419

0.0210318 0.00166147 -0.0177979
0.00166147 0.00215565 -0.0548997
-0.0177979 -0.0548997 -0.421437

-0.0206733 -0.000817987 -0.0135176
-0.000817987 -0.0166271 -0.0188516
-0.0135176 -0.0188516 -0.373859

0.115578 -0.00539808 -0.0422954
-0.00539808 0.0969583 0.0355059
-0.0422954 0.0355059 -0.345583

0.0389967 -0.0150133 -0.00756878
-0.0150133 0.0171786 0.00473513
-0.00756878 0.00473513 -0.229945

0.0238144 0.0244285 0.0505896
0.0244285 -0.0112571 -0.105689
0.0505896 -0.105689 -0.851491

-0.00295054 -4.70113e-05 0.0098075
-4.70113e-05 -0.0255574 0.00956024
0.0098075 0.00956024 -0.14148

-0.0222892 -0.00148951 -0.00400962
-0.00148951 -0.0225138 0.00118951
-0.00400962 0.00118951 -0.0681244

0.0318103 -0.0036175 0.00542186
-0.0036175 0.030118 0.0154003
0.00542186 0.0154003 -0.134327

7.81772e-05 0.00381924 0.0131282
0.00381924 -0.0082179 0.0123238
0.0131282 0.0123238 -0.13538

0.0236011 0.0231436 -0.0659552
0.0231436 0.0515729 0.00181853
-0.0659552 0.00181853 -0.44406

-0.0161073 -0.00255957 0.0028709
-0.00255957 -0.00893518 0.00440557
0.0028709 0.00440557 -0.071705

0.026343 -0.0261913 -0.0107936
-0.0261913 0.00569793 -0.00305152
-0.0107936 -0.00305152 -0.211502

0.0112085 -0.00731456 0.0908142
-0.00731456 0.017302 0.0766902
0.0908142 0.0766902 -0.661411

0.0580587 -0.0122986 -0.0229947
-0.0122986 0.0500395 -0.0324253
-0.0229947 -0.0324253 -0.415179

0.0863077 0.0151982 0.0986278
0.0151982 0.0920703 0.0862001
0.0986278 0.0862001 -0.599705

0.0161187 0.00540125 0.00919703
0.00540125 0.00550789 0.000857235
0.00919703 0.000857235 -0.133642

0.0366336 -0.027005 -0.0341649
-0.027005 0.016801 -0.0409843
-0.0341649 -0.0409843 -0.506237

0.0626525 -0.0339325 0.0670703
-0.0339325 0.0476085 0.0369757
0.0670703 0.0369757 -0.489196

-0.00774875 -0.0321804 0.0428773
-0.0321804 -0.0203122 0.0347632
0.0428773 0.0347632 -0.604438

-0.00787849 0.00257632 -0.00117589
0.00257632 -0.0103253 0.00329126
-0.00117589 0.00329126 -0.0520205

-0.0555664 -0.0143283 -0.0795355
-0.0143283 -0.0291519 -0.128327
-0.0795355 -0.128327 -0.998772

0.0770313 -0.0162335 0.0169101
-0.0162335 0.0737773 0.0600545
0.0169101 0.0600545 -0.534917

-0.0250643 0.00762501 -0.00410675
0.00762501 -0.0234713 0.00257895
-0.00410675 0.00257895 -0.0715218

-0.0207947 -0.00262675 0.00292403
-0.00262675 -0.0146811 0.00570112
0.00292403 0.00570112 -0.0397364

-0.0274468 0.00797408 0.000307532
0.00797408 -0.0396539 0.00342733
0.000307532 0.00342733 -0.11237

-0.0374239 0.00942325 -0.00470878
0.00942325 -0.0229125 -0.000483373
-0.00470878 -0.000483373 -0.0637913

0.0668217 -0.011379 -0.0210657
-0.011379 0.0632645 -0.141036
-0.0210657 -0.141036 -0.849835

0.0867136 -0.00449935 0.00242046
-0.00449935 0.0442754 0.0322791
0.00242046 0.0322791 -0.31636

0.10972 -0.00704705 0.0542521
-0.00704705 0.0891412 0.00280832
0.0542521 0.00280832 -0.44923

-0.0257635 -0.0062104 0.00535542
-0.0062104 -0.0245694 0.00242519
0.00535542 0.00242519 -0.0441063

-0.0232649 -0.00120922 0.00598983
-0.00120922 -0.0114535 -0.00273258
0.00598983 -0.00273258 0.0172131

0.0625155 -0.00920679 -0.00108749
-0.00920679 0.0160286 0.00757411
-0.00108749 0.00757411 -0.350041

-0.0563763 0.0044761 -4.91985e-05
0.0044761 -0.0329051 -0.00357866
-4.91985e-05 -0.00357866 -0.0502322

-0.0342682 0.00403993 -0.000245288
0.00403993 -0.0118286 -0.00449594
-0.000245288 -0.00449594 -0.011274

-0.025885 0.0182163 -0.125672
0.0182163 -0.00271616 -0.110846
-0.125672 -0.110846 -1.15394

0.046305 -0.00472337 -0.00364433
-0.00472337 0.0209091 -0.131113
-0.00364433 -0.131113 -0.741375

0.0367302 -0.0176455 -0.0631152
-0.0176455 0.078356 -0.0152216
-0.0631152 -0.0152216 -0.443908

-0.0267108 -0.00763617 -0.00195632
-0.00763617 0.00693232 0.00933827
-0.00195632 0.00933827 -0.459333

0.0133742 2.90052e-05 0.000579852
2.90052e-05 0.0124743 0.0113103
0.000579852 0.0113103 -0.281468

-0.00875942 0.00892487 0.00671701
0.00892487 -0.0139314 -0.051909
0.00671701 -0.051909 -0.444557

0.037953 0.00196662 0.00772789
0.00196662 0.0407406 -0.0297054
0.00772789 -0.0297054 -0.246292

0.0736347 -0.00721246 0.0379618
-0.00721246 0.0572954 0.0452671
0.0379618 0.0452671 -0.512913

0.0342368 -0.00278942 -0.00211776
-0.00278942 0.0343238 -0.00612838
-0.00211776 -0.00612838 -0.210725

0.0443817 0.0137031 0.00639396
0.0137031 0.0193076 0.0080604
0.00639396 0.0080604 -0.190543

0.00528192 0.00974118 -0.00440704
0.00974118 0.0260582 0.0131616
-0.00440704 0.0131616 -0.209823

-0.0360151 0.00361958 0.00286137
0.00361958 -0.0649299 0.0173464
0.00286137 0.0173464 -0.250095

0.0133462 0.0045881 -0.00197843
0.0045881 0.023001 0.0160991
-0.00197843 0.0160991 -0.266384

0.00462685 -0.00968565 0.00173115
-0.00968565 0.0145709 -0.00387514
0.00173115 -0.00387514 -0.207821

-0.00941304 0.00198681 -0.00343777
0.00198681 0.00224322 0.0241289
-0.00343777 0.0241289 -0.130052

-0.0214979 -0.00579512 -0.0109179
-0.00579512 -0.0161351 0.00641259
-0.0109179 0.00641259 -0.0805775

-0.0179148 -0.00233768 -0.00332281
-0.00233768 -0.0141059 0.00258189
-0.00332281 0.00258189 -0.0663294

0.018165 -0.023541 -0.0608923
-0.023541 0.0446256 -0.0025114
-0.0608923 -0.0025114 -0.454383

-0.189986 -0.108351 -0.0476344
-0.108351 -0.182979 0.0832865
-0.0476344 0.0832865 -1.39898

-0.00392405 0.0116368 -0.0327796
0.0116368 0.0222395 0.0127664
-0.0327796 0.0127664 -0.420644

-0.00114471 -0.000709502 0.000240527
-0.000709502 -0.000815331 -0.0173929
0.000240527 -0.0173929 -0.29363

0.01479 -0.0015592 -0.0889243
-0.0015592 0.0412944 0.0214827
-0.0889243 0.0214827 -0.549331

-0.0240545 0.00290084 0.00508595
0.00290084 -0.014842 0.000768432
0.00508595 0.000768432 -0.0895427

-0.0167926 -0.00212055 -0.00343123
-0.00212055 -0.0129733 0.00223752
-0.00343123 0.00223752 -0.063947

-0.0231866 0.00152379 -0.0035097
0.00152379 -0.0374541 0.00312058
-0.0035097 0.00312058 -0.216403

-0.0380861 0.00777647 -0.000216516
0.00777647 -0.040152 -0.00177618
-0.000216516 -0.00177618 -0.118868

0.0535703 -0.0154541 0.0950515
-0.0154541 0.0555675 -0.177686
0.0950515 -0.177686 -0.969472

0.0105248 0.00451928 -0.00471159
0.00451928 0.00851482 -0.0377219
-0.00471159 -0.0377219 -0.535928

0.0254198 -0.00151792 -0.0192195
-0.00151792 0.0368311 -0.00308947
-0.0192195 -0.00308947 -0.227893

0.00773594 0.00589132 -0.0125584
0.00589132 0.00770222 0.000268348
-0.0125584 0.000268348 -0.228212

-0.018661 -0.0105094 0.0165283
-0.0105094 -0.062335 0.0957718
0.0165283 0.0957718 -0.709113

0.0290574 0.0110162 0.00676204
0.0110162 0.0359948 0.0178227
0.00676204 0.0178227 -0.25575

-0.0422726 0.0077626 0.0615491
0.0077626 -0.0479544 0.0134575
0.0615491 0.0134575 -0.753838

-0.0241189 -3.1453e-05 0.000292714
-3.1453e-05 -0.0124597 0.00083461
0.000292714 0.00083461 -0.0612735

0.0372568 0.0192203 -0.0693445
0.0192203 0.0822248 0.0153727
-0.0693445 0.0153727 -0.440363

-0.0132561 0.00451322 0.00162551
0.00451322 -0.0146555 0.00784443
0.00162551 0.00784443 -0.0270805

-0.00741369 0.00987253 0.0096906
0.00987253 0.152746 -0.0496458
0.0096906 -0.0496458 -1.19685

0.054255 0.00553334 0.0794547
0.00553334 0.0384833 -0.0434163
0.0794547 -0.0434163 -0.590235

0.0953404 -0.0137332 0.0121738
-0.0137332 0.0318771 0.0901337
0.0121738 0.0901337 -0.49546

-0.0049787 0.0119412 -0.00594906
0.0119412 -0.0137869 -0.109287
-0.00594906 -0.109287 -0.991471

-0.261728 0.0183418 0.062929
0.0183418 -0.374188 0.0654109
0.062929 0.0654109 -1.47997

-0.023121 0.00865244 0.000452573
0.00865244 -0.0254051 0.00346783
0.000452573 0.00346783 -0.109784

-0.0203488 0.00327328 0.00120826
0.00327328 -0.0253092 0.00535682
0.00120826 0.00535682 -0.0354392

-0.0758709 0.0156487 0.136499
0.0156487 -0.0594644 -0.0537077
0.136499 -0.0537077 -1.14316

-0.00858477 -0.00614556 -4.71746e-05
-0.00614556 -0.0199756 -0.00217997
-4.71746e-05 -0.00217997 -0.100134

0.0382705 -0.0154618 -0.0477795
-0.0154618 0.0156419 -0.101633
-0.0477795 -0.101633 -0.874797

0.0137131 -0.0256825 -0.00530847
-0.0256825 0.029402 -0.132909
-0.00530847 -0.132909 -0.910307

-0.0245981 -0.00168153 0.00358002
-0.00168153 -0.0215186 -0.00462779
0.00358002 -0.00462779 0.015214

-0.00969619 0.00886474 -0.00760374
0.00886474 -0.0199949 0.00989499
-0.00760374 0.00989499 -0.280424

-0.0346194 0.00417956 -3.47929e-05
0.00417956 -0.0117873 -0.0016904
-3.47929e-05 -0.0016904 -0.0123258

-0.0325048 -0.00326601 0.000321171
-0.00326601 -0.0354148 0.00507255
0.000321171 0.00507255 0.0029435

-0.0155923 -0.00418355 -0.00596314
-0.00418355 -0.0178686 0.00187556
-0.00596314 0.00187556 -0.0627268

-0.0146296 -0.00205468 -0.00277912
-0.00205468 -0.011651 0.00222039
-0.00277912 0.00222039 -0.0617454

-0.0195541 -0.0422312 0.100667
-0.0422312 -0.00938694 -0.141827
0.100667 -0.141827 -1.14393

-0.175054 -0.0315683 -0.0177234
-0.0315683 -0.0748412 0.106867
-0.0177234 0.106867 -1.33836

-0.0408635 0.00153333 -0.00175343
0.00153333 -0.033576 -0.0025381
-0.00175343 -0.0025381 0.00140303

-0.0111932 -0.00447423 0.107455
-0.00447423 0.0213368 -0.127969
0.107455 -0.127969 -1.03497

-0.0227138 -0.017784 0.00343778
-0.017784 -0.00556363 0.00112468
0.00343778 0.00112468 -0.113721

-0.0019089 0.00022012 0.00253153
0.00022012 -0.0197409 -0.000822196
0.00253153 -0.000822196 -0.138561

0.0148065 0.00569271 -0.00929911
0.00569271 0.0364531 0.00808123
-0.00929911 0.00808123 -0.226661

-0.053269 0.00451629 -8.30409e-07
0.00451629 -0.0297733 -0.00190369
-8.30409e-07 -0.00190369 -0.0450094

0.0101898 0.00980407 0.13341
0.00980407 0.0499533 -0.094663
0.13341 -0.094663 -0.974107

-0.045833 0.00274501 0.00229713
0.00274501 -0.059286 0.00503577
0.00229713 0.00503577 -0.0201092

-0.0230585 0.0093665 0.000638068
0.0093665 -0.0262464 0.00536941
0.000638068 0.00536941 -0.108859

0.017756 0.0218582 0.0774433
0.0218582 -0.0180496 -0.0116166
0.0774433 -0.0116166 -0.625747

-0.00534211 -0.00280726 -0.00611159
-0.00280726 -0.0114663 0.0034714
-0.00611159 0.0034714 -0.0530644

0.0399682 0.0203568 -0.00184696
0.0203568 0.0372168 0.0207851
-0.00184696 0.0207851 -0.568724

0.0103565 0.00538062 -0.00438382
0.00538062 0.0222664 -0.0172857
-0.00438382 -0.0172857 -0.201874

-0.021083 0.00923175 -0.0056556
0.00923175 -0.013822 -0.00412212
-0.0056556 -0.00412212 -0.13489

0.01096 0.0072859 0.000569844
0.0072859 0.00629264 0.000512904
0.000569844 0.000512904 -0.0709676

0.0256455 0.0139895 0.0702208
0.0139895 -0.0241241 -0.0112469
0.0702208 -0.0112469 -0.618875

-0.00342384 -0.00175511 0.00955135
-0.00175511 -0.0245657 -0.000226535
0.00955135 -0.000226535 -0.143578

-0.0193686 0.00883175 0.000801332
0.00883175 -0.0216927 0.00352834
0.000801332 0.00352834 -0.102918

0.0295444 -0.00497833 0.0213387
-0.00497833 0.00268826 -0.108789
0.0213387 -0.108789 -0.938398

0.0140865 0.0177969 0.0778027
0.0177969 -0.0176056 -0.0179127
0.0778027 -0.0179127 -0.642756

-0.0535519 0.00450707 -0.000605999
0.00450707 -0.0300298 -0.00208379
-0.000605999 -0.00208379 -0.0454066

-0.0122131 -0.00303437 -0.00348759
-0.00303437 -0.00118739 0.00395534
-0.00348759 0.00395534 -0.148695

-0.00136676 0.00283268 -0.00249102
0.00283268 0.0120525 0.00700404
-0.00249102 0.00700404 -0.218214

-0.026233 0.00658731 -2.03158e-05
0.00658731 -0.0442382 0.00340374
-2.03158e-05 0.00340374 -0.0196836

-0.0353822 0.00411149 -0.000846778
0.00411149 -0.0125121 -0.00192544
-0.000846778 -0.00192544 -0.0133966

-0.0432458 0.000714626 -0.00687044
0.000714626 -0.0285167 -0.00399044
-0.00687044 -0.00399044 -0.064371

-0.015723 -0.00405465 -0.0032785
-0.00405465 -0.0115595 0.00246011
-0.0032785 0.00246011 -0.0679639

-0.0272658 0.00179238 0.00383449
0.00179238 -0.0363643 0.00145758
0.00383449 0.00145758 0.00789187

-0.024782 -0.0015231 -0.101315
-0.0015231 -0.0121741 -0.0847076
-0.101315 -0.0847076 -1.10961

-0.571917 0.00735922 0.0446074
0.00735922 -0.496591 0.001028
0.0446074 0.001028 -1.62143

-0.0124063 -0.00147191 -0.00472888
-0.00147191 -0.0188454 0.00113033
-0.00472888 0.00113033 -0.0617783

-0.0444467 -0.00294042 0.000393272
-0.00294042 -0.0305484 0.00740153
0.000393272 0.00740153 -0.0536695

-0.0211057 0.00612972 -0.012136
0.00612972 -0.0173151 -0.00658295
-0.012136 -0.00658295 -0.109271

-0.0457901 0.00516618 0.00199531
0.00516618 -0.0524014 -0.00178863
0.00199531 -0.00178863 -0.0791509

-0.0152975 0.00860825 -0.00440954
0.00860825 0.00388521 0.00321742
-0.00440954 0.00321742 -0.106165

-0.019629 0.0092791 -0.00326915
0.0092791 -0.0140431 0.00313202
-0.00326915 0.00313202 -0.0671544

0.0434936 -0.00580127 -0.00251818
-0.00580127 0.0501784 -0.0044885
-0.00251818 -0.0044885 -0.149827

-0.0300687 0.0079757 0.00632319
0.0079757 -0.0186648 0.000467745
0.00632319 0.000467745 -0.278544

-0.192896 0.0282876 -0.118987
0.0282876 -0.126423 0.0358852
-0.118987 0.0358852 -1.25303

-0.0500966 0.00192342 -0.00920412
0.00192342 -0.052558 0.0115992
-0.00920412 0.0115992 -0.0565639

-0.0124838 0.00438537 -0.00387668
0.00438537 -0.00349454 -0.00211565
-0.00387668 -0.00211565 -0.0514649

-0.0163941 -0.00220158 -0.00283487
-0.00220158 -0.0137582 0.00229433
-0.00283487 0.00229433 -0.065839

0.0162944 0.00155226 0.0302285
0.00155226 0.0315941 0.00650327
0.0302285 0.00650327 -0.400551

-0.0225809 0.0110681 0.00231941
0.0110681 -0.0188311 0.00291803
0.00231941 0.00291803 -0.10022

0.0357689 0.0242748 -0.0597175
0.0242748 0.060234 0.0369922
-0.0597175 0.0369922 -0.448771

0.0145405 -0.00142735 0.00179968
-0.00142735 0.0184467 -0.0121147
0.00179968 -0.0121147 -0.171016

-0.371511 0.0122431 -0.0380301
0.0122431 -0.37137 -0.0204805
-0.0380301 -0.0204805 -1.45701

0.0143144 0.00667536 -0.0228849
0.00667536 0.044072 -0.0087765
-0.0228849 -0.0087765 -0.307992

0.0291936 0.00346921 0.0144292
0.00346921 -0.000541932 0.00726496
0.0144292 0.00726496 -0.268517

0.0165014 9.31902e-05 -0.00286923
9.31902e-05 0.0325873 -0.0034353
-0.00286923 -0.0034353 -0.166204

-0.0666265 0.0146336 -0.0840227
0.0146336 -0.0129933 -0.0416122
-0.0840227 -0.0416122 -1.09382

-0.0213363 -0.00070032 0.00222893
-0.00070032 -0.0180526 0.00103307
0.00222893 0.00103307 -0.0663601

-0.0175063 0.00117191 0.00634436
0.00117191 -0.0169435 0.0286217
0.00634436 0.0286217 -0.727251

0.0472902 -0.0151869 0.0243722
-0.0151869 0.0205443 0.0555512
0.0243722 0.0555512 -0.696385

-0.146845 0.00756424 -0.12962
0.00756424 -0.0779515 -0.106803
-0.12962 -0.106803 -1.20363

0.0767874 -0.00664395 -0.0203376
-0.00664395 0.0615183 0.00987651
-0.0203376 0.00987651 -0.413937

-0.148789 -0.0154527 -0.050399
-0.0154527 -0.174211 -0.0729212
-0.050399 -0.0729212 -1.18945

-0.111018 0.0227484 0.0547081
0.0227484 -0.113664 -0.0144074
0.0547081 -0.0144074 -1.20429

-0.0183264 -0.009341 0.00141763
-0.009341 -0.0193402 0.00379156
0.00141763 0.00379156 -0.146191

-0.00542358 0.00673872 0.0010725
0.00673872 -0.00735697 0.000452009
0.0010725 0.000452009 -0.0902843

-0.00423101 0.0157098 0.0165906
0.0157098 -0.00891407 0.00632374
0.0165906 0.00632374 -0.662407

-0.0747681 0.00994487 -0.0850932
0.00994487 -0.0426541 -0.105326
-0.0850932 -0.105326 -1.173

0.0445788 0.0228889 -0.128622
0.0228889 0.0250434 -0.111631
-0.128622 -0.111631 -1.11599

-0.162891 0.0252685 0.0104503
0.0252685 -0.0835847 -0.134226
0.0104503 -0.134226 -1.45311

-0.0351013 -0.00148871 -0.0145093
-0.00148871 -0.0307265 -0.00766606
-0.0145093 -0.00766606 -0.0766094

-0.673079 -0.0655435 0.00593327
-0.0655435 -0.70517 0.0324269
0.00593327 0.0324269 -1.72036

0.0533837 0.00205718 -0.0711377
0.00205718 0.0444163 -0.123938
-0.0711377 -0.123938 -0.928108

-0.0452251 0.00536133 -0.00358991
0.00536133 -0.0316311 0.00131589
-0.00358991 0.00131589 -0.0709358

-0.140296 -0.0390127 0.0967241
-0.0390127 -0.0248025 -0.112422
0.0967241 -0.112422 -1.14157

0.0217007 -0.0195138 0.0585812
-0.0195138 0.0631899 0.0660401
0.0585812 0.0660401 -0.722072

-0.186898 -0.0352394 -0.0143325
-0.0352394 -0.135019 -0.0903861
-0.0143325 -0.0903861 -1.33218

-0.0159398 -0.00509469 0.00417573
-0.00509469 -0.010737 0.00138846
0.00417573 0.00138846 -0.0322231

-0.0198155 -0.00178244 -0.000532732
-0.00178244 -0.0183709 0.00478398
-0.000532732 0.00478398 -0.0453354

0.13613 -0.0273928 0.0413599
-0.0273928 0.128619 0.064858
0.0413599 0.064858 -0.653957

0.0275388 -0.00222061 0.00367137
-0.00222061 0.0253738 0.00324808
0.00367137 0.00324808 -0.0835551

0.0179006 0.0146851 -0.0224199
0.0146851 0.0305102 -0.0361662
-0.0224199 -0.0361662 -0.357846

0.0951815 -0.00738702 0.0715069
-0.00738702 0.0838923 0.0695953
0.0715069 0.0695953 -0.746585

0.0470492 -0.0191099 0.0117148
-0.0191099 0.0398643 0.0228585
0.0117148 0.0228585 -0.69859

-0.0170415 -0.00410593 -0.00713913
-0.00410593 -0.0134228 0.00223753
-0.00713913 0.00223753 -0.0716229

-0.457441 -0.00964048 0.0168919
-0.00964048 -0.484546 0.0234429
0.0168919 0.0234429 -1.512

0.0404723 0.00661816 -0.0313428
0.00661816 0.0770433 -0.179855
-0.0313428 -0.179855 -0.987004

-0.00774008 -0.00225316 0.00209727
-0.00225316 0.00850613 -0.00843034
0.00209727 -0.00843034 0.0195841

-0.0173907 -0.00410691 0.00391615
-0.00410691 -0.00176521 -0.00503952
0.00391615 -0.00503952 0.00451038

0.0838885 0.0034251 -0.0241282
0.0034251 0.0526973 -0.00830168
-0.0241282 -0.00830168 -0.288617

-0.0071029 -0.0053304 0.00251422
-0.0053304 -0.0185167 0.00391741
0.00251422 0.00391741 -0.0997568

-0.114222 0.016269 0.0554928
0.016269 -0.532585 0.0478656
0.0554928 0.0478656 -1.4288

-0.00714942 0.00032233 0.00377531
0.00032233 -0.0169475 -0.00565922
0.00377531 -0.00565922 -0.199018

-0.0455506 -0.00885061 0.00341519
-0.00885061 -0.0388928 -0.00295152
0.00341519 -0.00295152 -0.0958015

-0.00156357 -0.00634676 -0.00598716
-0.00634676 -0.00483281 0.00244667
-0.00598716 0.00244667 -0.0971837

-0.00465582 0.00342919 -0.0108794
0.00342919 -0.0114211 -0.00768423
-0.0108794 -0.00768423 -0.15666

-0.00986314 -0.0045518 -0.00379853
-0.0045518 -0.0120256 0.00131476
-0.00379853 0.00131476 -0.0586979

-0.00559988 0.00319944 -0.00228254
0.00319944 -0.00454639 -0.0113703
-0.00228254 -0.0113703 -0.140114

-0.0352586 0.00216454 -0.00991595
0.00216454 -0.0289165 -0.00646923
-0.00991595 -0.00646923 -0.0713282

-0.00781525 0.0156498 -0.00849241
0.0156498 0.00282553 -0.147311
-0.00849241 -0.147311 -1.12765

0.0469461 -0.0212579 0.147739
-0.0212579 0.0565641 0.0292611
0.147739 0.0292611 -1.03517

-0.0232209 0.00511929 -0.00235304
0.00511929 -0.0259315 0.00393609
-0.00235304 0.00393609 -0.109082

-0.0101133 0.00292699 0.153451
0.00292699 -0.0360224 -0.0671916
0.153451 -0.0671916 -1.08992

-0.0346257 -0.0014171 0.11589
-0.0014171 -0.0215055 0.00779279
0.11589 0.00779279 -1.12513

-0.160273 0.00739051 0.120972
0.00739051 -0.19271 -0.0201162
0.120972 -0.0201162 -1.35361

-0.139891 -0.0106129 0.112609
-0.0106129 -0.146779 -0.0616589
0.112609 -0.0616589 -1.28663

-0.0668643 -0.00518523 0.0985989
-0.00518523 -0.101694 0.02436
0.0985989 0.02436 -1.2094

-0.0125078 -0.00248978 0.135409
-0.00248978 0.0254522 -0.124909
0.135409 -0.124909 -1.09059

-0.0361408 0.0160189 0.133546
0.0160189 -0.00659285 -0.135741
0.133546 -0.135741 -1.07964

0.0647613 0.0352957 0.0528676
0.0352957 0.0585685 -0.153039
0.0528676 -0.153039 -0.830673

-0.0849079 -0.00750137 0.102352
-0.00750137 -0.00527423 -0.1738
0.102352 -0.1738 -1.20482

-0.0554293 0.00364252 0.0858462
0.00364252 -0.0799726 -0.116385
0.0858462 -0.116385 -1.00522

-0.00949409 0.0211802 0.0600188
0.0211802 -0.0486222 -0.121541
0.0600188 -0.121541 -0.938291

-0.0196172 0.0186637 0.131286
0.0186637 -0.0319747 -0.097667
0.131286 -0.097667 -0.962066

-0.0422255 -0.00789068 0.116592
-0.00789068 -0.0933648 0.0603354
0.116592 0.0603354 -1.05995

-0.0229251 -0.011298 0.137509
-0.011298 0.0844881 0.01679
0.137509 0.01679 -0.857949

-0.348704 -0.0266562 0.0397469
-0.0266562 -0.262557 -0.0322612
0.0397469 -0.0322612 -1.63386

0.0533788 0.000797403 0.13498
0.000797403 0.0419811 0.0552638
0.13498 0.0552638 -0.784294

0.00136952 -0.0178136 0.110139
-0.0178136 0.0208943 0.0544044
0.110139 0.0544044 -0.76738

-0.0777593 -0.00591508 0.14546
-0.00591508 -0.0299296 0.0606782
0.14546 0.0606782 -0.850924

-0.126835 0.0285016 0.178587
0.0285016 0.0102523 -0.0517083
0.178587 -0.0517083 -0.897528

0.0130974 0.0348975 0.119466
0.0348975 -0.00579393 -0.101092
0.119466 -0.101092 -0.860701

0.0131497 0.00994656 0.0884512
0.00994656 -0.0185909 -0.127361
0.0884512 -0.127361 -0.869423

-0.0285433 -0.00766373 0.123855
-0.00766373 0.00773596 0.0711545
0.123855 0.0711545 -0.793369

0.0597263 0.0015935 0.141482
0.0015935 0.165176 0.0079751
0.141482 0.0079751 -0.673445

-0.14374 0.017901 0.0627489
0.017901 -0.138989 -0.0991752
0.0627489 -0.0991752 -1.03424

0.0191167 0.0100445 0.093509
0.0100445 0.0171137 -0.118526
0.093509 -0.118526 -0.7864

-0.0214804 -0.00563107 0.0416857
-0.00563107 -0.0146037 0.0462998
0.0416857 0.0462998 -0.446936

0.0410326 -0.0294172 0.0405228
-0.0294172 0.0529064 0.0459029
0.0405228 0.0459029 -0.397878

0.0591408 -0.0170847 0.0299981
-0.0170847 0.0239391 0.0556149
0.0299981 0.0556149 -0.445266

0.0244582 -0.0193899 0.0292057
-0.0193899 0.00294026 0.0555374
0.0292057 0.0555374 -0.516941

0.0548943 -0.0260984 0.0321379
-0.0260984 0.0500387 0.0275685
0.0321379 0.0275685 -0.374304

0.0618233 -0.0197823 0.022607
-0.0197823 0.0649735 0.0226825
0.022607 0.0226825 -0.367009

-0.000610265 -0.0166288 0.00861066
-0.0166288 0.00362874 0.0275253
0.00861066 0.0275253 -0.34109

-0.00291928 -0.00814085 0.0123721
-0.00814085 0.0114162 0.0114992
0.0123721 0.0114992 -0.341586

0.0539919 -0.00445622 0.0237801
-0.00445622 0.0591066 0.0448815
0.0237801 0.0448815 -0.32371

0.044678 0.00401054 0.0297326
0.00401054 0.0381329 0.0416416
0.0297326 0.0416416 -0.335243

-0.0269684 -0.0099725 0.0112475
-0.0099725 0.0252958 0.00269917
0.0112475 0.00269917 -0.31277

0.0110263 -0.00623994 -0.0113558
-0.00623994 0.0130128 0.000262919
-0.0113558 0.000262919 -0.238876

-0.0479812 -0.00898824 0.00259319
-0.00898824 -0.0386961 0.0048594
0.00259319 0.0048594 -0.324404

-0.0165713 0.00155077 -0.0132443
0.00155077 -0.00618925 0.00315931
-0.0132443 0.00315931 -0.247441

0.00324856 0.00512092 -0.0154918
0.00512092 -0.0049347 -0.0135607
-0.0154918 -0.0135607 -0.195632

0.00151795 0.000109118 -0.00905931
0.000109118 -0.0089258 -0.00582616
-0.00905931 -0.00582616 -0.181779

-0.00269529 0.00212301 -0.00929548
0.00212301 -0.0180925 -0.00570148
-0.00929548 -0.00570148 -0.186812

-0.00274073 0.00854115 -0.00850554
0.00854115 -0.00135686 -0.00560177
-0.00850554 -0.00560177 -0.126818

-0.0027171 0.000289593 -0.0138973
0.000289593 -0.0129427 -0.00440942
-0.0138973 -0.00440942 -0.173146

0.00314833 -9.9625e-05 -0.0139688
-9.9625e-05 -0.00268763 -0.0056874
-0.0139688 -0.0056874 -0.166725

-0.0032156 0.000228208 -0.00761079
0.000228208 -0.00162959 0.000482001
-0.00761079 0.000482001 -0.13574

-0.00113033 -0.00328944 -0.0084886
-0.00328944 0.00539439 -0.00128409
-0.0084886 -0.00128409 -0.139663

-0.0184502 -0.00375421 0.000866368
-0.00375421 -0.0102743 0.000902306
0.000866368 0.000902306 -0.0278802

-0.0149977 -0.00870497 0.000330837
-0.00870497 -0.00269643 0.00214065
0.000330837 0.00214065 -0.0318342

-0.00651225 0.000486337 -0.00892726
0.000486337 -0.0127902 0.0111377
-0.00892726 0.0111377 -0.135938

0.0737882 0.0144132 -0.107989
0.0144132 0.0990183 0.0667678
-0.107989 0.0667678 -0.625148

-0.0209234 0.0120436 -0.00993846
0.0120436 -0.0108773 0.028647
-0.00993846 0.028647 -0.375459

-0.0112777 0.0326253 -0.05933
0.0326253 -0.0684267 0.0660394
-0.05933 0.0660394 -0.845577

-0.00509126 0.0202976 -0.085087
0.0202976 -0.00575866 0.0523205
-0.085087 0.0523205 -0.666081

0.0516666 0.0246195 -0.0875157
0.0246195 0.0575035 0.0492127
-0.0875157 0.0492127 -0.545824

-0.0356508 -0.00067976 0.00351526
-0.00067976 -0.0340798 0.00609495
0.00351526 0.00609495 -0.016728

-0.00558039 0.020298 -0.0528129
0.020298 -0.00202016 0.0868863
-0.0528129 0.0868863 -0.663835

0.0393239 0.0012064 -0.090424
0.0012064 0.074893 0.139455
-0.090424 0.139455 -0.899764

0.0555066 0.0254856 -0.0578525
0.0254856 0.0625016 0.0809779
-0.0578525 0.0809779 -0.541614

-0.0343611 0.00413243 -0.0743171
0.00413243 -0.013111 0.111423
-0.0743171 0.111423 -0.980634

0.0490655 0.00964495 -0.0113376
0.00964495 0.0369457 0.0225736
-0.0113376 0.0225736 -0.320114

-0.0959567 0.026059 0.111117
0.026059 -0.0580146 0.031654
0.111117 0.031654 -1.18722

0.0201549 0.0196299 -0.0458801
0.0196299 0.010309 0.0546748
-0.0458801 0.0546748 -0.500085

0.0291993 0.00705192 -0.0393389
0.00705192 -0.0163878 0.0581946
-0.0393389 0.0581946 -0.5065

0.0355175 -0.0100653 0.0193949
-0.0100653 0.058945 -0.137477
0.0193949 -0.137477 -0.962177

0.0491029 0.0278207 -0.036889
0.0278207 0.025324 0.0493027
-0.036889 0.0493027 -0.426753

-0.00453698 -0.000710495 -0.000558633
-0.000710495 -0.0072878 0.00291092
-0.000558633 0.00291092 -0.0319758

-0.038477 -0.0161751 0.0201125
-0.0161751 -0.0281027 -0.0207979
0.0201125 -0.0207979 -0.321768

-0.0205184 0.0203642 -0.0152262
0.0203642 -0.072566 -0.174825
-0.0152262 -0.174825 -0.965674

-0.0230824 -0.0045733 -0.000890519
-0.0045733 -0.00956214 0.00477482
-0.000890519 0.00477482 -0.037386

0.0137748 0.0190837 0.121504
0.0190837 0.0691022 0.0481344
0.121504 0.0481344 -0.751869

0.0198548 0.00423376 -0.0156461
0.00423376 0.0278358 -0.00335687
-0.0156461 -0.00335687 -0.0777996

-0.0015568 -0.0112569 0.00037118
-0.0112569 -0.00155694 -0.00184673
0.00037118 -0.00184673 -0.212106

-0.0344754 -0.00505533 0.00140641
-0.00505533 -0.0259254 0.000794264
0.00140641 0.000794264 -0.0475288

-0.0156921 0.0139644 0.120348
0.0139644 -0.028683 0.0782647
0.120348 0.0782647 -0.828445

-0.0192287 -0.00271994 -0.00406373
-0.00271994 -0.0137428 0.0024161
-0.00406373 0.0024161 -0.0677299

-0.0472092 0.0109533 0.00557383
0.0109533 -0.0546785 0.000949326
0.00557383 0.000949326 -0.332687

0.0359123 -0.00225816 0.0314375
-0.00225816 0.0343962 0.0271086
0.0314375 0.0271086 -0.324645

-0.0106265 -0.00289134 0.00728674
-0.00289134 -0.0201912 -0.00484649
0.00728674 -0.00484649 -0.221577

0.0811768 0.00173212 0.000970047
0.00173212 0.0853822 0.0439555
0.000970047 0.0439555 -0.373931

-0.000651945 -0.000514872 0.00434196
-0.000514872 -0.00657857 0.00651907
0.00434196 0.00651907 -0.0294008

0.150815 0.000104986 0.0112468
0.000104986 0.151679 0.0613014
0.0112468 0.0613014 -0.309122

0.058885 -0.00606313 0.0171952
-0.00606313 0.0203315 0.0454279
0.0171952 0.0454279 -0.524378

0.0291628 0.0292031 0.070183
0.0292031 0.0268093 0.0160212
0.070183 0.0160212 -0.976604

-0.131266 0.000816895 0.0158942
0.000816895 -0.116645 -0.099096
0.0158942 -0.099096 -1.16459

0.0455295 0.025932 -0.0780536
0.025932 0.0252448 0.0372461
-0.0780536 0.0372461 -0.551196

-0.00214037 0.000284238 0.00242825
0.000284238 -0.00458136 -0.000226162
0.00242825 -0.000226162 -0.0240326

-0.0123652 -0.0047182 0.0130543
-0.0047182 -0.0302629 0.00634856
0.0130543 0.00634856 -0.338951

-0.0142407 -0.00979147 -0.015504
-0.00979147 0.0203509 0.0371677
-0.015504 0.0371677 -0.444559

0.0337699 -0.00156923 -0.0242205
-0.00156923 0.0440521 -0.0124771
-0.0242205 -0.0124771 -0.243954

0.111562 0.00837577 -0.0740205
0.00837577 0.133944 0.0377303
-0.0740205 0.0377303 -0.496559

0.0135145 -0.00393222 -0.0206543
-0.00393222 -0.000563553 -0.0117136
-0.0206543 -0.0117136 -0.261091

-0.00494865 0.0121921 0.00277074
0.0121921 0.00282729 0.0230734
0.00277074 0.0230734 -0.362415

-0.0198183 0.0123183 -0.00852179
0.0123183 -0.0213865 0.000927795
-0.00852179 0.000927795 -0.198349

-0.0720158 -0.014363 -0.00240062
-0.014363 -0.0647336 0.00674062
-0.00240062 0.00674062 -0.373628

-0.0400915 -0.00342645 0.00598787
-0.00342645 -0.0269595 0.000608435
0.00598787 0.000608435 -0.099985

-0.0313242 -0.00582361 -0.00433154
-0.00582361 -0.0255916 0.00565463
-0.00433154 0.00565463 -0.0705977

-0.006824 -0.00581128 -0.000245109
-0.00581128 -0.00254594 0.00181889
-0.000245109 0.00181889 -0.0295897

-0.00377484 -0.00361482 0.00275098
-0.00361482 -0.00809387 0.000384008
0.00275098 0.000384008 -0.00717466

-0.0392247 0.00151664 -0.0076045
0.00151664 -0.0444459 0.00987303
-0.0076045 0.00987303 -0.0497267

-0.0136932 -0.00340475 0.00187873
-0.00340475 -0.0260522 -0.0036776
0.00187873 -0.0036776 -0.019362

0.0567814 -0.0147163 0.0185973
-0.0147163 0.0185324 0.0613875
0.0185973 0.0613875 -0.448189

-0.282269 -0.0841156 0.0977634
-0.0841156 -0.451594 0.0508257
0.0977634 0.0508257 -1.55666

0.0514876 0.000545668 -0.0162419
0.000545668 0.064462 0.00853144
-0.0162419 0.00853144 -0.187452

0.0236772 -0.00337454 0.0178984
-0.00337454 0.00819718 0.0303773
0.0178984 0.0303773 -0.351896

0.0372094 -0.0038296 -0.00406436
-0.0038296 0.0187292 0.00632832
-0.00406436 0.00632832 -0.26895

-0.0144734 -0.0110644 -0.00175414
-0.0110644 -0.0298816 -0.00440154
-0.00175414 -0.00440154 -0.052665

0.000554412 -0.00399594 0.0157059
-0.00399594 -0.0155595 0.0408864
0.0157059 0.0408864 -0.645375

-0.0611185 0.00721205 0.0152848
0.00721205 -0.0467485 -0.00752498
0.0152848 -0.00752498 -0.555167

-0.00411705 -0.00304273 -0.010618
-0.00304273 0.00364139 -0.00461851
-0.010618 -0.00461851 -0.210378

0.0205949 0.00251384 -0.00707121
0.00251384 0.0177522 0.00150247
-0.00707121 0.00150247 -0.252514

0.00600031 -0.0101477 -0.00987715
-0.0101477 -0.0183227 -0.00511412
-0.00987715 -0.00511412 -0.234986

0.107933 0.0141268 0.0303882
0.0141268 0.0915668 0.0168911
0.0303882 0.0168911 -0.24313

0.0120944 0.00651194 -0.000449167
0.00651194 -0.00397259 -0.00553239
-0.000449167 -0.00553239 -0.257004

0.0999853 -0.000537602 -0.0178219
-0.000537602 0.00676978 0.073785
-0.0178219 0.073785 -0.511459

0.0630939 -0.00689864 -0.0361293
-0.00689864 -0.00372384 0.0658152
-0.0361293 0.0658152 -0.500079

-0.0165254 -0.0116138 0.0129053
-0.0116138 -0.0715153 0.0904079
0.0129053 0.0904079 -0.720483

0.0839927 -0.0198294 -0.00643831
-0.0198294 -0.00102398 0.073596
-0.00643831 0.073596 -0.520672

0.0479202 -0.00358206 -0.0255645
-0.00358206 -0.00958929 0.0775199
-0.0255645 0.0775199 -0.63208

0.0982918 0.0190335 0.0680525
0.0190335 0.0590274 -0.116379
0.0680525 -0.116379 -0.748462

0.0558236 0.0121976 -0.0372467
0.0121976 -0.00983986 0.0487678
-0.0372467 0.0487678 -0.437559

0.0852043 -0.00922917 0.0287115
-0.00922917 0.0314003 0.0607639
0.0287115 0.0607639 -0.42615

0.00823452 0.00243788 0.138656
0.00243788 -0.000409858 0.067465
0.138656 0.067465 -0.819041

0.026778 -0.00239536 -0.0153064
-0.00239536 0.0211164 0.0417794
-0.0153064 0.0417794 -0.349602

-0.0163519 0.0103413 -0.00460737
0.0103413 -0.00337843 -0.0026763
-0.00460737 -0.0026763 -0.191736

0.0312361 -0.000257833 -0.00376809
-0.000257833 -0.00229334 0.00297028
-0.00376809 0.00297028 -0.268388

-0.380635 0.0951591 -0.0435986
0.0951591 -0.26911 -0.00670112
-0.0435986 -0.00670112 -1.42248

-0.00381904 0.000794854 0.00307579
0.000794854 -0.0136756 -0.00190288
0.00307579 -0.00190288 -0.192593

-0.0333592 0.000485993 -0.00237432
0.000485993 -0.0278023 -0.00940239
-0.00237432 -0.00940239 -0.0310557

0.00389174 0.00756327 0.0142119
0.00756327 0.00213128 -0.00323985
0.0142119 -0.00323985 -0.146314

-0.0356574 -0.00440667 0.00121541
-0.00440667 -0.0255097 -0.00158018
0.00121541 -0.00158018 -0.0516866

-0.00784718 0.0243224 -0.0648779
0.0243224 0.0171298 0.0400042
-0.0648779 0.0400042 -0.521782

0.0421895 0.0113627 -0.0623602
0.0113627 0.0583621 0.0450114
-0.0623602 0.0450114 -0.400799

-0.00687596 0.019174 -0.0754382
0.019174 0.0386121 0.0163672
-0.0754382 0.0163672 -0.513938

0.0160209 0.00919763 0.00167414
0.00919763 -0.0273362 0.169372
0.00167414 0.169372 -0.720548

0.0907173 0.00187117 0.107608
0.00187117 0.0890937 0.0513026
0.107608 0.0513026 -0.708566

-0.023715 0.00179215 0.00080425
0.00179215 -0.0124083 -0.000625421
0.00080425 -0.000625421 -0.0632435

-0.00445612 0.00639775 0.0053748
0.00639775 -0.0203017 -0.00729775
0.0053748 -0.00729775 -0.121311

0.00100678 0.000918773 0.00146269
0.000918773 0.0123666 -0.00432476
0.00146269 -0.00432476 -0.00180702

0.00561868 0.0215052 0.0187376
0.0215052 -0.0815371 -0.153645
0.0187376 -0.153645 -0.912913

-0.00698683 0.000432695 -0.00380099
0.000432695 -0.0348806 -0.153632
-0.00380099 -0.153632 -0.923856

0.00130605 -0.000388729 0.00020259
-0.000388729 0.0116933 -0.00742649
0.00020259 -0.00742649 0.00270869

0.00985816 0.00665877 -0.0124785
0.00665877 -0.0337791 -0.148281
-0.0124785 -0.148281 -0.873462

-0.00338196 -0.00492164 -0.00182321
-0.00492164 -0.0279416 -0.140645
-0.00182321 -0.140645 -0.826427

0.0197964 -0.0157191 0.0280836
-0.0157191 -0.056296 -0.133664
0.0280836 -0.133664 -0.886155

-0.0862331 0.0051715 -0.0116093
0.0051715 -0.139456 -0.141509
-0.0116093 -0.141509 -0.986452

0.0126771 -0.00714472 -0.0909719
-0.00714472 0.0575523 0.0290848
-0.0909719 0.0290848 -0.576123

-0.0749993 0.0205572 0.0726816
0.0205572 -0.113607 -0.0898689
0.0726816 -0.0898689 -1.01475

-0.014012 -0.0100214 0.00256656
-0.0100214 -0.0025932 0.00460346
0.00256656 0.00460346 -0.0510054

-0.0281936 -0.0053213 0.00444755
-0.0053213 -0.0112956 -0.0031979
0.00444755 -0.0031979 -0.0474504

-0.0181881 -0.0111572 0.000632186
-0.0111572 -0.0107496 0.00093302
0.000632186 0.00093302 -0.0536764

-0.016348 -0.0114759 -0.00396578
-0.0114759 -0.0135084 0.00112974
-0.00396578 0.00112974 -0.0263968

-0.0350602 -0.00700018 0.00125864
-0.00700018 -0.022904 0.00108361
0.00125864 0.00108361 -0.0389027

-0.0260955 -0.00400626 0.000577113
-0.00400626 -0.00674721 0.0029171
0.000577113 0.0029171 -0.0249514

-0.0273015 -0.00410377 -0.000682648
-0.00410377 -0.015143 0.0024257
-0.000682648 0.0024257 -0.0407668

0.000697889 7.70035e-05 0.00685116
7.70035e-05 0.011606 0.00741692
0.00685116 0.00741692 0.00236913

-0.0263672 -0.00341385 -2.03792e-05
-0.00341385 -0.0128341 0.00282215
-2.03792e-05 0.00282215 -0.0397619

-0.0515323 -0.0113251 -0.00309254
-0.0113251 -0.0381571 -0.00790987
-0.00309254 -0.00790987 -0.0550667

-0.0309919 -0.0055493 -0.000956056
-0.0055493 -0.023032 0.00232458
-0.000956056 0.00232458 -0.0450267

-0.0477165 0.00629349 -0.00643135
0.00629349 -0.0232164 0.0144181
-0.00643135 0.0144181 -0.0492701

-0.0523175 -0.00323071 -0.000257021
-0.00323071 -0.0399682 -0.000195118
-0.000257021 -0.000195118 -0.0337134

-0.0265848 -0.00719835 -0.00608488
-0.00719835 -0.0208144 5.3035e-05
-0.00608488 5.3035e-05 -0.0256414

0.0257586 0.0195554 0.0602058
0.0195554 -0.00750773 0.00184394
0.0602058 0.00184394 -0.715784

-1.79742 -0.000532222 -0.0583308
-0.000532222 -1.79518 0.258878
-0.0583308 0.258878 -2.13696

-1.12519 0.22208 -0.229531
0.22208 -0.732743 0.196673
-0.229531 0.196673 -1.49337

-0.174703 -0.00534539 -0.0660367
-0.00534539 -0.164372 -0.0405601
-0.0660367 -0.0405601 -1.04965

-0.294004 0.0152801 -0.0917049
0.0152801 -0.3133 -0.00344666
-0.0917049 -0.00344666 -1.20563

-0.65588 -0.23878 0.0689541
-0.23878 -1.09458 0.170664
0.0689541 0.170664 -1.38995

-0.848588 0.210365 -0.19292
0.210365 -1.09987 0.224891
-0.19292 0.224891 -1.52487

-0.0172144 -0.0122368 -0.00332138
-0.0122368 -0.0183216 0.000357108
-0.00332138 0.000357108 -0.0450983

-0.0350109 -0.00676546 -0.00289957
-0.00676546 -0.0309313 -0.000116149
-0.00289957 -0.000116149 -0.0486948

-0.00758738 0.00315064 0.000916539
0.00315064 -0.0111981 0.00598889
0.000916539 0.00598889 -0.0491526

-0.0131295 -0.00020119 -0.00230082
-0.00020119 -0.0137838 0.00544253
-0.00230082 0.00544253 -0.0545164

-0.0073598 -0.00414465 0.00125895
-0.00414465 -0.00864042 0.00358814
0.00125895 0.00358814 -0.0359395

TENSORS Lagrange_strain float
0.00440561 3.08705e-06 7.3954e-05
3.08705e-06 0.00448912 -4.6912e-05
7.3954e-05 -4.6912e-05 -0.0119915

0.00443248 -7.01872e-05 -1.94417e-06
-7.01872e-05 0.00462769 2.98756e-06
-1.94417e-06 2.98756e-06 -0.01218

0.00420649 -0.000116602 -0.000126343
-0.000116602 0.00423782 2.25309e-05
-0.000126343 2.25309e-05 -0.0114254

0.00898332 0.000117871 -0.00291515
0.000117871 0.0090001 0.00206801
-0.00291515 0.00206801 -0.0231461

0.00452428 0.000175445 7.98011e-05
0.000175445 0.00466963 2.45529e-05
7.98011e-05 2.45529e-05 -0.012048

0.00972901 0.00034077 -0.00106703
0.00034077 0.0103409 -0.0010574
-0.00106703 -0.0010574 -0.0271498

0.0038436 -0.00014015 -0.000138536
-0.00014015 0.00371151 -7.03429e-05
-0.000138536 -7.03429e-05 -0.0108249

0.00439126 3.9802e-05 -0.000120685
3.9802e-05 0.00410572 -5.08227e-05
-0.000120685 -5.08227e-05 -0.0116778

0.0110493 -0.000523351 -0.00122732
-0.000523351 0.00863376 0.000600321
-0.00122732 0.000600321 -0.0259667

0.00805206 -0.000347894 0.000299613
-0.000347894 0.00752079 0.00132026
0.000299613 0.00132026 -0.0200291

0.00406389 -3.85962e-05 -8.61123e-05
-3.85962e-05 0.00407632 3.85341e-05
-8.61123e-05 3.85341e-05 -0.0116413

0.00890392 0.000341816 -0.00299121
0.000341816 0.00871852 0.0017369
-0.00299121 0.0017369 -0.0223685

0.00809534 -0.00041939 -0.00216513
-0.00041939 0.00779636 -0.000297241
-0.00216513 -0.000297241 -0.0205461

0.0093683 -0.000157723 -0.000210894
-0.000157723 0.00994019 0.000249765
-0.000210894 0.000249765 -0.0246968

0.007495 0.000696844 0.000115939
0.000696844 0.0087567 1.49532e-05
0.000115939 1.49532e-05 -0.0264459

0.00887776 0.000500274 -0.00150789
0.000500274 0.00937401 0.00268217
-0.00150789 0.00268217 -0.0233596

0.00422891 -0.000107822 -8.38521e-05
-0.000107822 0.00432544 -4.64508e-07
-8.38521e-05 -4.64508e-07 -0.0116077

0.00925661 0.000366678 -0.00040436
0.000366678 0.00939793 1.46538e-05
-0.00040436 1.46538e-05 -0.0243509

0.00425199 -9.7638e-05 -5.06869e-06
-9.7638e-05 0.00433883 3.5046e-06
-5.06869e-06 3.5046e-06 -0.0117089

0.00986488 0.000314974 -0.000982055
0.000314974 0.00940843 -0.000915716
-0.000982055 -0.000915716 -0.0271232

0.00834584 -3.96333e-05 0.000739101
-3.96333e-05 0.00783887 0.00186211
0.000739101 0.00186211 -0.0205816

0.00893805 0.000414443 -0.00129925
0.000414443 0.00877755 0.00250186
-0.00129925 0.00250186 -0.0226566

0.00786989 0.000255071 -0.000370381
0.000255071 0.00809769 -0.00121198
-0.000370381 -0.00121198 -0.0191024

0.00452299 -0.000160563 -9.13864e-05
-0.000160563 0.0044983 -7.56963e-05
-9.13864e-05 -7.56963e-05 -0.0122835

0.0102757 0.000561611 -0.000757335
0.000561611 0.00857656 -0.000339301
-0.000757335 -0.000339301 -0.0271993

0.0100623 0.000674807 -0.000916352
0.000674807 0.00927931 -0.000345476
-0.000916352 -0.000345476 -0.027307

0.00892466 0.00060475 -0.00149585
0.00060475 0.00880628 0.00261253
-0.00149585 0.00261253 -0.0233681

0.00407197 -2.99059e-07 1.99518e-05
-2.99059e-07 0.00443834 9.37422e-05
1.99518e-05 9.37422e-05 -0.0117097

0.0052921 -0.000205892 -0.00021137
-0.000205892 0.00563401 -2.24505e-05
-0.00021137 -2.24505e-05 -0.0143314

0.0089587 0.000499297 -0.00135092
0.000499297 0.00903338 0.00214402
-0.00135092 0.00214402 -0.0227548

0 0 0.00232975
0 0 -0.00181855
0.00232975 -0.00181855 -0.0214021

0.00400579 9.38268e-05 8.58034e-05
9.38268e-05 0.00423659 0.000136192
8.58034e-05 0.000136192 -0.0114464

0.0101144 -0.000217041 0.00144531
-0.000217041 0.00956391 -0.000381523
0.00144531 -0.000381523 -0.0272705

0.0042231 0.000253015 -3.48255e-06
0.000253015 0.00434701 3.96577e-05
-3.48255e-06 3.96577e-05 -0.0115663

0.0110851 0.000624037 -0.00103321
0.000624037 0.00992421 -0.000792449
-0.00103321 -0.000792449 -0.026548

0.00418175 0.00020217 3.35955e-05
0.00020217 0.00429187 8.85547e-05
3.35955e-05 8.85547e-05 -0.0115981

0.00862232 -0.00121054 -2.98298e-05
-0.00121054 0.00986644 0.000356529
-2.98298e-05 0.000356529 -0.0256592

0.0042459 -9.5474e-05 3.21264e-05
-9.5474e-05 0.00454928 7.29006e-05
3.21264e-05 7.29006e-05 -0.011615

0.00403309 -6.43551e-05 -7.31704e-05
-6.43551e-05 0.00393216 -6.82285e-05
-7.31704e-05 -6.82285e-05 -0.0112126

0.00716033 4.28987e-05 -0.00183567
4.28987e-05 0.00817767 0.000124011
-0.00183567 0.000124011 -0.0186778

0.00750357 9.97158e-05 -0.00172719
9.97158e-05 0.00813171 0.000520324
-0.00172719 0.000520324 -0.0212295

0.0069328 0.000309357 -0.00030709
0.000309357 0.0100044 -0.000688676
-0.00030709 -0.000688676 -0.0266521

0.00581855 0.000198716 -0.000249304
0.000198716 0.00564424 9.97217e-05
-0.000249304 9.97217e-05 -0.0146955

0.00956134 -0.00054888 0.000642144
-0.00054888 0.0109349 0.002108
0.000642144 0.002108 -0.0271462

0.00887568 0.000512386 0.000989283
0.000512386 0.00929383 0.0015964
0.000989283 0.0015964 -0.0268887

0.0079229 -0.000123599 -0.0021121
-0.000123599 0.00887832 -0.000342759
-0.0021121 -0.000342759 -0.0205611

0.0081948 -0.000259877 -0.000165272
-0.000259877 0.00790086 0.00115262
-0.000165272 0.00115262 -0.0240517

0.00885264 0.000552168 0.000933042
0.000552168 0.0113465 0.00141552
0.000933042 0.00141552 -0.0269896

0.0108401 0.000170817 -0.000868636
0.000170817 0.00941889 -0.000799793
-0.000868636 -0.000799793 -0.0263667

0.00567931 -0.000109397 -0.000124503
-0.000109397 0.00511971 0.000104886
-0.000124503 0.000104886 -0.0143404

0.00568415 -0.000172197 -0.000128336
-0.000172197 0.00582252 -5.25858e-05
-0.000128336 -5.25858e-05 -0.0147212

0.00904539 0.00011142 0.000500727
0.00011142 0.00932309 -0.000524894
0.000500727 -0.000524894 -0.0246369

0.00561737 0.000211327 -9.25904e-05
0.000211327 0.00545347 -0.000265017
-9.25904e-05 -0.000265017 -0.0147742

0.00584471 8.66971e-05 -0.000263521
8.66971e-05 0.00610336 4.50082e-05
-0.000263521 4.50082e-05 -0.0153364

0.00711769 -0.000108602 1.27031e-05
-0.000108602 0.00681959 0.000958152
1.27031e-05 0.000958152 -0.0179766

0.00749575 -0.000890813 0.000795816
-0.000890813 0.0109203 -0.000995059
0.000795816 -0.000995059 -0.0273974

0.0087679 0.000340476 -0.00149206
0.000340476 0.00835823 0.00135332
-0.00149206 0.00135332 -0.0207081

0.0067498 -0.000272587 -0.000499925
-0.000272587 0.00717149 0.000296899
-0.000499925 0.000296899 -0.0182444

0.00865398 0.000107799 -0.000641424
0.000107799 0.0082475 -0.00369791
-0.000641424 -0.00369791 -0.0212857

0.0042194 -3.36194e-06 7.78861e-05
-3.36194e-06 0.00448591 2.67632e-05
7.78861e-05 2.67632e-05 -0.0115966

0.00421633 -1.35675e-05 -6.07225e-05
-1.35675e-05 0.0039989 -9.32076e-05
-6.07225e-05 -9.32076e-05 -0.0116396

0.00643408 -0.000517776 0.000201216
-0.000517776 0.00592984 -1.24914e-05
0.000201216 -1.24914e-05 -0.0156441

0.00909813 6.16961e-05 0.000198762
6.16961e-05 0.0092656 0.000138268
0.000198762 0.000138268 -0.0242803

0.00532767 -5.23385e-06 -0.000170883
-5.23385e-06 0.00566007 5.00784e-05
-0.000170883 5.00784e-05 -0.0141283

0.00539071 5.94448e-07 -0.000180831
5.94448e-07 0.00613537 5.90508e-05
-0.000180831 5.90508e-05 -0.0147165

0.00896207 0.00018168 -0.000324628
0.00018168 0.00946843 -0.00114438
-0.000324628 -0.00114438 -0.0234517

0.00632181 0.000217633 -0.00101014
0.000217633 0.00693364 0.00015842
-0.00101014 0.00015842 -0.0170576

0.00648336 0.00034309 -0.000909847
0.00034309 0.00672069 0.000399998
-0.000909847 0.000399998 -0.0170817

0.00399503 2.2265e-05 -1.9335e-05
2.2265e-05 0.00391011 -3.06467e-05
-1.9335e-05 -3.06467e-05 -0.0109133

0.00921083 0.000414901 0.000358671
0.000414901 0.0112712 -0.00214686
0.000358671 -0.00214686 -0.0283288

0.00378798 4.07679e-05 1.31124e-05
4.07679e-05 0.00417025 -0.000156112
1.31124e-05 -0.000156112 -0.0109159

0.00503173 -0.00017158 -8.56893e-05
-0.00017158 0.00526429 -0.000149153
-8.56893e-05 -0.000149153 -0.0134134

0.00896697 3.03532e-05 -0.000235435
3.03532e-05 0.00847281 -0.00264348
-0.000235435 -0.00264348 -0.0229186

0.00602885 -0.000308894 0.000265458
-0.000308894 0.00689681 0.000249967
0.000265458 0.000249967 -0.0164543

0.0039946 1.41762e-06 2.62779e-05
1.41762e-06 0.00390307 -7.90596e-06
2.62779e-05 -7.90596e-06 -0.010979

0.0103365 0.000706159 0.000584939
0.000706159 0.0113119 -0.00200185
0.000584939 -0.00200185 -0.0284992

0.00443165 -0.000147595 -3.15229e-05
-0.000147595 0.00449972 -6.00701e-05
-3.15229e-05 -6.00701e-05 -0.0121442

0.00661276 1.74877e-05 0.000369992
1.74877e-05 0.00611351 0.000232723
0.000369992 0.000232723 -0.016223

0.00926071 0.000362046 0.000181856
0.000362046 0.00823147 -0.00332264
0.000181856 -0.00332264 -0.0223322

0.00975667 7.93493e-05 0.00263041
7.93493e-05 0.00930917 -0.00120981
0.00263041 -0.00120981 -0.0247517

0.00925301 0.000310483 0.00273187
0.000310483 0.00948182 -0.00116728
0.00273187 -0.00116728 -0.0239849

0.00400997 1.6959e-05 -2.56088e-05
1.6959e-05 0.00391823 -5.13439e-05
-2.56088e-05 -5.13439e-05 -0.0109521

0.00424172 -3.97855e-05 3.7417e-05
-3.97855e-05 0.00435174 -2.99512e-05
3.7417e-05 -2.99512e-05 -0.0116054

0.0039181 2.09461e-05 -0.000123845
2.09461e-05 0.00391808 -4.64857e-05
-0.000123845 -4.64857e-05 -0.0110306

0.00935615 0.000191812 0.00271237
0.000191812 0.0093101 -0.00107451
0.00271237 -0.00107451 -0.0239972

0.00557847 0.000105788 -0.00012511
0.000105788 0.00520844 -5.32767e-05
-0.00012511 -5.32767e-05 -0.0141666

0.0091366 1.67234e-05 -0.000291917
1.67234e-05 0.00931289 -0.00271453
-0.000291917 -0.00271453 -0.0229756

0.00455187 -7.04182e-06 -9.62408e-05
-7.04182e-06 0.00444257 7.48743e-05
-9.62408e-05 7.48743e-05 -0.0120352

0.00399219 -4.62756e-05 -8.65577e-06
-4.62756e-05 0.00398245 -2.28774e-05
-8.65577e-06 -2.28774e-05 -0.0112207

0.0068138 -9.13641e-05 -0.000196957
-9.13641e-05 0.00657167 0.000745243
-0.000196957 0.000745243 -0.0180803

0.00918146 6.26866e-05 0.000627688
6.26866e-05 0.00914362 0.000607373
0.000627688 0.000607373 -0.0230461

0.0081427 -2.77781e-05 -0.000358577
-2.77781e-05 0.00763659 0.00116354
-0.000358577 0.00116354 -0.0199025

0.00524406 -0.000148415 -2.77412e-05
-0.000148415 0.00527912 -8.35928e-05
-2.77412e-05 -8.35928e-05 -0.013743

0.00572522 5.6149e-05 8.7818e-05
5.6149e-05 0.0054671 0.000111505
8.7818e-05 0.000111505 -0.0145658

0.00527484 3.14372e-05 3.53657e-05
3.14372e-05 0.00483778 2.33572e-06
3.53657e-05 2.33572e-06 -0.0136669

0.00576281 0.000188466 0.00013264
0.000188466 0.00593264 0.000275926
0.00013264 0.000275926 -0.0147665

0.00429795 -9.43092e-05 -9.51611e-06
-9.43092e-05 0.00438071 6.01053e-05
-9.51611e-06 6.01053e-05 -0.0116492

0.00442038 -7.68266e-05 -3.28664e-05
-7.68266e-05 0.00442769 5.55308e-05
-3.28664e-05 5.55308e-05 -0.011862

0.00563879 -5.39729e-05 9.18957e-05
-5.39729e-05 0.00547956 0.000147278
9.18957e-05 0.000147278 -0.0146647

0.00616241 0.000284506 3.25101e-05
0.000284506 0.00685388 -0.000103414
3.25101e-05 -0.000103414 -0.0158749

0.00455744 -0.000105578 -0.000145272
-0.000105578 0.00480579 0.00023261
-0.000145272 0.00023261 -0.0124509

0.00449195 1.71413e-05 -0.000122917
1.71413e-05 0.00442183 3.77118e-05
-0.000122917 3.77118e-05 -0.0120452

0.00917013 -4.86792e-05 0.00245444
-4.86792e-05 0.00993058 -0.00136622
0.00245444 -0.00136622 -0.0248883

0.00421842 -0.000107662 -5.04802e-05
-0.000107662 0.00439599 2.70983e-05
-5.04802e-05 2.70983e-05 -0.0117027

0.00982937 2.20894e-05 0.00212589
2.20894e-05 0.00931924 -0.000679044
0.00212589 -0.000679044 -0.0260866

-2.22045e-16 -1.11022e-16 -0.00110591
-1.11022e-16 0 -0.0029101
-0.00110591 -0.0029101 -0.0209789

0.00523604 -1.80246e-05 -8.87644e-05
-1.80246e-05 0.00506737 0.000152393
-8.87644e-05 0.000152393 -0.0137649

0.00742573 -0.000557479 -0.000165346
-0.000557479 0.00762577 -0.00124271
-0.000165346 -0.00124271 -0.0199953

0.00564298 -5.21751e-05 2.71129e-05
-5.21751e-05 0.00538916 -0.000116337
2.71129e-05 -0.000116337 -0.0142728

0.00420221 -3.10637e-05 -7.61173e-05
-3.10637e-05 0.00445704 -5.81194e-05
-7.61173e-05 -5.81194e-05 -0.0116503

0.00645833 -0.000129335 -0.00053776
-0.000129335 0.00580048 -0.000215861
-0.00053776 -0.000215861 -0.0153712

0.0091503 0.000215559 0.000618342
0.000215559 0.00840055 0.000593732
0.000618342 0.000593732 -0.0225434

0.0230276 -0.00582572 -0.00311961
-0.00582572 -0.0113762 -0.00902087
-0.00311961 -0.00902087 -0.0242135

0.00407479 3.4393e-06 -8.8121e-05
3.4393e-06 0.00419603 7.41693e-06
-8.8121e-05 7.41693e-06 -0.0116538

0.00437551 -7.66213e-05 -5.17056e-05
-7.66213e-05 0.0042183 0.000182914
-5.17056e-05 0.000182914 -0.0116926

0.00443719 -4.62386e-05 -9.78846e-06
-4.62386e-05 0.00490511 0.000320701
-9.78846e-06 0.000320701 -0.0124169

0.0044563 -2.66351e-05 -7.34671e-05
-2.66351e-05 0.00472824 0.000274101
-7.34671e-05 0.000274101 -0.0122065

0.00406852 -4.12186e-05 -6.36099e-05
-4.12186e-05 0.00394883 -1.83345e-05
-6.36099e-05 -1.83345e-05 -0.0111831

0.00536944 0.000168307 1.80788e-05
0.000168307 0.00550782 7.03644e-05
1.80788e-05 7.03644e-05 -0.0141776

0.00394887 0.000123205 5.55002e-05
0.000123205 0.00416348 -1.17211e-05
5.55002e-05 -1.17211e-05 -0.0110034

0.00465035 2.81346e-05 -4.76279e-05
2.81346e-05 0.00455121 0.000119883
-4.76279e-05 0.000119883 -0.0126912

0.00656666 -0.000471906 0.000625203
-0.000471906 0.00692773 0.000102365
0.000625203 0.000102365 -0.016294

0.00740656 -0.000741152 -0.000838797
-0.000741152 0.00749243 -0.00133032
-0.000838797 -0.00133032 -0.0187461

0.00908748 0.000243973 6.90447e-05
0.000243973 0.0103612 -0.00136763
6.90447e-05 -0.00136763 -0.0270422

0.0041062 1.48007e-05 -5.25483e-05
1.48007e-05 0.00399189 -0.000104618
-5.25483e-05 -0.000104618 -0.0113395

0.00995018 -0.000260321 0.00241814
-0.000260321 0.00963317 0.000958671
0.00241814 0.000958671 -0.0263384

0.00635312 0.00606223 -0.00534033
0.00606223 0.00459234 -0.00428786
-0.00534033 -0.00428786 -0.0241033

0.00454272 -5.82942e-05 -0.000159603
-5.82942e-05 0.00466942 0.00021825
-0.000159603 0.00021825 -0.0122291

0.00441302 -1.80729e-05 -0.000258542
-1.80729e-05 0.00442512 4.67784e-05
-0.000258542 4.67784e-05 -0.0122155

0.00913391 5.30199e-05 0.00119042
5.30199e-05 0.00975715 -0.0021753
0.00119042 -0.0021753 -0.0237039

0.00471128 4.49815e-05 -3.36841e-05
4.49815e-05 0.00485959 0.00014481
-3.36841e-05 0.00014481 -0.0128051

0.00934795 -0.000261779 8.03602e-05
-0.000261779 0.0108075 -0.00116117
8.03602e-05 -0.00116117 -0.0271391

0.00467811 -8.44434e-05 3.05231e-05
-8.44434e-05 0.00483603 1.39747e-05
3.05231e-05 1.39747e-05 -0.0127665

0.0109375 0.0010278 0.00247916
0.0010278 0.00956726 0.000217946
0.00247916 0.000217946 -0.026362

0.00382011 -0.000110594 -6.7424e-05
-0.000110594 0.00454339 -0.000100862
-6.7424e-05 -0.000100862 -0.0116228

0.00444136 -5.72013e-05 -3.55888e-05
-5.72013e-05 0.00465627 -0.000133063
-3.55888e-05 -0.000133063 -0.0122166

0.00975432 0.000255126 0.00223039
0.000255126 0.0102469 0.0010395
0.00223039 0.0010395 -0.0264317

0.00396925 -5.59736e-05 0.00028645
-5.59736e-05 0.00416348 3.49491e-05
0.00028645 3.49491e-05 -0.0111251

0.0068577 -0.000186135 8.76872e-05
-0.000186135 0.00645898 0.000805898
8.76872e-05 0.000805898 -0.0176714

0.00633421 -3.52157e-05 0.000433093
-3.52157e-05 0.00670727 0.000401062
0.000433093 0.000401062 -0.0170476

0.00761214 -0.000273495 -0.00145834
-0.000273495 0.00789217 -0.000901777
-0.00145834 -0.000901777 -0.0204861

0.00453617 -0.000175661 6.82991e-05
-0.000175661 0.00444764 6.84154e-05
6.82991e-05 6.84154e-05 -0.0124105

0.00509171 0.000126888 0.000255188
0.000126888 0.00479971 -2.51003e-05
0.000255188 -2.51003e-05 -0.0132808

0.00778281 -0.000404053 -0.00177524
-0.000404053 0.00714573 -0.000980239
-0.00177524 -0.000980239 -0.0185949

0.00777963 -0.000423776 -0.00169779
-0.000423776 0.0073388 -0.000287104
-0.00169779 -0.000287104 -0.0203373

0.00870165 -0.000159185 -0.00161017
-0.000159185 0.00899564 -0.00139147
-0.00161017 -0.00139147 -0.0219755

0.00466522 -0.00014474 -0.000165111
-0.00014474 0.00455286 -8.28978e-06
-0.000165111 -8.28978e-06 -0.0120827

0.00712078 -0.000305882 0.00140687
-0.000305882 0.00699422 0.0010775
0.00140687 0.0010775 -0.0177723

0.0071524 0.000453156 -0.00028606
0.000453156 0.00757288 -0.000848888
-0.00028606 -0.000848888 -0.0184124

0.0039313 2.12194e-05 -7.01844e-06
2.12194e-05 0.00391824 -4.9392e-05
-7.01844e-06 -4.9392e-05 -0.01092

0.00942179 -9.54759e-05 0.00044117
-9.54759e-05 0.0102854 0.00172908
0.00044117 0.00172908 -0.0261428

0.00711352 -0.00035195 0.00136417
-0.00035195 0.00733217 0.000514916
0.00136417 0.000514916 -0.0178887

0.00535497 -0.000130367 -8.80711e-06
-0.000130367 0.00516445 9.46191e-05
-8.80711e-06 9.46191e-05 -0.013746

0.0095848 -0.000126265 0.000112152
-0.000126265 0.00993596 0.000122317
0.000112152 0.000122317 -0.0261497

0.00521696 -0.000118442 -8.18978e-06
-0.000118442 0.00544941 -8.26131e-05
-8.18978e-06 -8.26131e-05 -0.0140769

0.00515185 -8.01395e-05 -1.51011e-05
-8.01395e-05 0.00546149 -7.91579e-05
-1.51011e-05 -7.91579e-05 -0.0140776

0.00867756 0.000506285 0.000335179
0.000506285 0.00967542 -0.000257078
0.000335179 -0.000257078 -0.0250043

0.00981404 -3.09698e-05 0.00221675
-3.09698e-05 0.00956041 -0.000509412
0.00221675 -0.000509412 -0.0265756

0.00900396 3.71767e-05 0.00078198
3.71767e-05 0.00921372 -0.00031549
0.00078198 -0.00031549 -0.0228799

0.00540555 -1.59386e-05 4.95228e-05
-1.59386e-05 0.0054811 0.000175485
4.95228e-05 0.000175485 -0.0142124

0.00394646 0.000139498 2.51616e-05
0.000139498 0.00434475 -8.63452e-05
2.51616e-05 -8.63452e-05 -0.0111168

0.0039313 -1.53501e-05 -3.36726e-05
-1.53501e-05 0.00383771 -1.6753e-05
-3.36726e-05 -1.6753e-05 -0.0108296

0.00934718 -0.00032352 -0.00168117
-0.00032352 0.00971626 -0.000720878
-0.00168117 -0.000720878 -0.0233454

0.00707933 -0.000445661 0.00114662
-0.000445661 0.00735964 0.000434804
0.00114662 0.000434804 -0.0183359

0.00706119 -0.000356475 0.00104914
-0.000356475 0.00695225 0.000810858
0.00104914 0.000810858 -0.0185175

0.00570822 -6.65259e-05 -0.000650038
-6.65259e-05 0.006444 2.49072e-05
-0.000650038 2.49072e-05 -0.015559

0.00443537 -7.46042e-05 -8.3976e-05
-7.46042e-05 0.0043459 -1.36239e-05
-8.3976e-05 -1.36239e-05 -0.0116928

0.00584236 -4.63044e-05 6.11125e-05
-4.63044e-05 0.00569265 0.000133373
6.11125e-05 0.000133373 -0.0142561

0.00959149 0.000144408 0.00281118
0.000144408 0.00954137 -0.00135161
0.00281118 -0.00135161 -0.0249302

0.00932929 -0.000132158 0.00156963
-0.000132158 0.00870694 0.00249668
0.00156963 0.00249668 -0.0227953

0.00627778 0.000316808 0.000323487
0.000316808 0.00622724 -0.000414737
0.000323487 -0.000414737 -0.0154515

0.00438704 -6.52517e-05 -7.16661e-05
-6.52517e-05 0.00433391 3.12463e-05
-7.16661e-05 3.12463e-05 -0.0117882

0.00521799 -7.71804e-05 -2.52543e-05
-7.71804e-05 0.00528961 -3.40445e-05
-2.52543e-05 -3.40445e-05 -0.0140881

0.00470723 -3.70278e-05 -0.000242156
-3.70278e-05 0.00449966 -8.42946e-05
-0.000242156 -8.42946e-05 -0.0119862

0.00933692 -0.000272231 0.00152492
-0.000272231 0.00870863 0.00128868
0.00152492 0.00128868 -0.0241351

0.00549326 0.000214937 -0.000179285
0.000214937 0.00579583 8.62026e-05
-0.000179285 8.62026e-05 -0.0145137

0.00376266 5.68677e-05 4.88258e-05
5.68677e-05 0.00430036 -0.00012717
4.88258e-05 -0.00012717 -0.0109472

0.00417217 -0.000156741 -2.70438e-05
-0.000156741 0.00435025 2.7712e-05
-2.70438e-05 2.7712e-05 -0.0113847

0.00578446 4.14538e-06 0.000389439
4.14538e-06 0.00646155 -0.000374252
0.000389439 -0.000374252 -0.016222

0.00621424 0.000231721 0.000878524
0.000231721 0.00658133 -0.000134093
0.000878524 -0.000134093 -0.016157

0.00390486 3.23572e-05 -8.52458e-05
3.23572e-05 0.00374205 5.44618e-05
-8.52458e-05 5.44618e-05 -0.0109297

0.0113306 0.000507419 0.00241968
0.000507419 0.00963982 7.42474e-05
0.00241968 7.42474e-05 -0.0264332

0.00800048 -0.000119446 0.001981
-0.000119446 0.00786599 0.000467051
0.001981 0.000467051 -0.0197604

0.00826963 0.000318349 -0.000964164
0.000318349 0.00851351 -0.000320539
-0.000964164 -0.000320539 -0.0252868

0.0056071 0.00014522 -0.000194832
0.00014522 0.00572256 -6.97507e-05
-0.000194832 -6.97507e-05 -0.0147436

0.00416971 -0.000134822 -1.87505e-05
-0.000134822 0.0042509 -7.02572e-05
-1.87505e-05 -7.02572e-05 -0.0114066

0.00580852 0.000196944 -1.16384e-05
0.000196944 0.00641131 0.000172408
-1.16384e-05 0.000172408 -0.015557

0.00888085 -0.000355811 0.000629251
-0.000355811 0.00870802 0.00132039
0.000629251 0.00132039 -0.0232873

0.00623488 -0.00018954 -1.82583e-05
-0.00018954 0.00567627 0.000715589
-1.82583e-05 0.000715589 -0.0149362

0.00615636 -0.000502798 0.000791084
-0.000502798 0.00738416 -0.000382432
0.000791084 -0.000382432 -0.0173313

0.00680303 -9.19473e-05 0.0013158
-9.19473e-05 0.00713344 0.000178274
0.0013158 0.000178274 -0.0170065

0.00397107 -7.0072e-05 -4.15603e-05
-7.0072e-05 0.004323 4.24259e-05
-4.15603e-05 4.24259e-05 -0.0113963

0.00890316 -0.000228959 0.000795907
-0.000228959 0.00869792 0.00248567
0.000795907 0.00248567 -0.0221076

0.00812817 0.00128546 -0.000201103
0.00128546 0 -0.00254186
-0.000201103 -0.00254186 -0.0211275

0.00400939 0.00010746 9.64965e-06
0.00010746 0.00386768 5.43737e-05
9.64965e-06 5.43737e-05 -0.010996

0.00693131 -0.000274827 0.0010458
-0.000274827 0.00735839 0.000347224
0.0010458 0.000347224 -0.0177424

0.00596158 1.97876e-05 -0.000177057
1.97876e-05 0.00654652 -9.64325e-05
-0.000177057 -9.64325e-05 -0.0154333

0.0039313 5.6037e-06 6.59169e-06
5.6037e-06 0.00374205 6.14302e-05
6.59169e-06 6.14302e-05 -0.0109793

0.00524515 -0.000104185 -1.76438e-05
-0.000104185 0.00516683 -2.15365e-05
-1.76438e-05 -2.15365e-05 -0.0140887

0.00616472 -0.000421908 0.000830369
-0.000421908 0.00777733 0.000476883
0.000830369 0.000476883 -0.0177375

0.00575098 6.98306e-05 -0.000633873
6.98306e-05 0.0065835 0.000122866
-0.000633873 0.000122866 -0.0155601

0.00416686 -0.000149613 -6.73775e-05
-0.000149613 0.00434071 7.95256e-05
-6.73775e-05 7.95256e-05 -0.0112375

0.00804718 -0.000434332 0.00165405
-0.000434332 0.00894682 -0.00070776
0.00165405 -0.00070776 -0.0221055

0.00387913 1.69538e-05 -5.1759e-05
1.69538e-05 0.00373125 2.67405e-05
-5.1759e-05 2.67405e-05 -0.0107502

0.00450884 -2.76717e-05 1.58915e-05
-2.76717e-05 0.00452576 0.000181086
1.58915e-05 0.000181086 -0.0118566

0.00960884 -0.000285929 0.00209229
-0.000285929 0.00966327 -0.00144215
0.00209229 -0.00144215 -0.0255694

0.00923371 -7.6272e-05 0.00167865
-7.6272e-05 0.00968777 -0.000865484
0.00167865 -0.000865484 -0.026321

0.00530638 -4.40447e-05 -0.000216763
-4.40447e-05 0.00526215 -6.05703e-05
-0.000216763 -6.05703e-05 -0.0139933

0.00394078 -7.37116e-05 -7.73505e-05
-7.37116e-05 0.00371151 -8.99033e-05
-7.73505e-05 -8.99033e-05 -0.0108693

0.00574571 -0.000173991 0.000582937
-0.000173991 0.00706371 -0.000160751
0.000582937 -0.000160751 -0.0159866

0.005825 0.000145529 -0.000687404
0.000145529 0.00653761 -0.00038714
-0.000687404 -0.00038714 -0.0159535

0.00762999 -0.00118312 0.000877478
-0.00118312 0.0105465 -0.000998809
0.000877478 -0.000998809 -0.0273777

0.00578986 -6.90936e-06 -0.000276037
-6.90936e-06 0.00588533 0.000186792
-0.000276037 0.000186792 -0.0150621

0.006422 -0.000312432 0.00116231
-0.000312432 0.00667653 3.3979e-05
0.00116231 3.3979e-05 -0.0168592

0.00416312 -0.000118089 -5.7972e-05
-0.000118089 0.00421824 -3.2282e-05
-5.7972e-05 -3.2282e-05 -0.0112539

0.00406194 -5.7031e-05 -8.46413e-05
-5.7031e-05 0.00391549 -3.75406e-05
-8.46413e-05 -3.75406e-05 -0.0110402

0.00403306 -4.13519e-05 -0.000195808
-4.13519e-05 0.00391515 -2.27473e-05
-0.000195808 -2.27473e-05 -0.0112139

0.00537141 -4.68785e-05 7.54077e-05
-4.68785e-05 0.00524839 -0.000205928
7.54077e-05 -0.000205928 -0.013947

0.00925661 -0.000209499 0.00183048
-0.000209499 0.0101876 -0.00266216
0.00183048 -0.00266216 -0.0263006

0.00519018 -4.84623e-05 -0.000263361
-4.84623e-05 0.00570508 0.000167144
-0.000263361 0.000167144 -0.0143199

0.00471676 -1.09558e-05 0.000107354
-1.09558e-05 0.00458937 -0.000176413
0.000107354 -0.000176413 -0.0123803

0.00786438 -0.000120819 -0.00040764
-0.000120819 0.00845022 0.00117912
-0.00040764 0.00117912 -0.0198311

0.00567883 -3.0952e-06 -0.000565089
-3.0952e-06 0.00651897 -0.000182011
-0.000565089 -0.000182011 -0.015733

0.00530103 -5.61283e-05 -0.000143997
-5.61283e-05 0.00525593 -5.03484e-05
-0.000143997 -5.03484e-05 -0.0138552

0.00744426 -0.000384205 0.000360391
-0.000384205 0.00646845 0.000826553
0.000360391 0.000826553 -0.0177659

0.00518619 2.42701e-05 0.000259782
2.42701e-05 0.00473552 -0.000176122
0.000259782 -0.000176122 -0.0131376

0.00943908 -1.92385e-05 0.000134731
-1.92385e-05 0.00882922 2.85485e-05
0.000134731 2.85485e-05 -0.0235919

0.00523425 -0.000130967 5.41184e-05
-0.000130967 0.00534162 0.000226615
5.41184e-05 0.000226615 -0.0143548

0.00481397 3.93419e-06 0.000139772
3.93419e-06 0.0045661 -0.00014534
0.000139772 -0.00014534 -0.0123962

0.00909715 -2.41598e-05 0.00099908
-2.41598e-05 0.0105809 0.00152321
0.00099908 0.00152321 -0.0270793

0.0071389 -0.000161265 -0.00185803
-0.000161265 0.00797153 -0.000329029
-0.00185803 -0.000329029 -0.0186681

0.00712055 -0.000480648 0.000795266
-0.000480648 0.00749198 0.00117626
0.000795266 0.00117626 -0.0184492

0.00587379 -0.000212403 9.54064e-05
-0.000212403 0.0057191 -0.000230866
9.54064e-05 -0.000230866 -0.0151037

0.00526044 -1.2308e-05 -4.91675e-05
-1.2308e-05 0.00495667 -0.000173541
-4.91675e-05 -0.000173541 -0.013246

0.00403407 -1.28952e-05 -0.000160768
-1.28952e-05 0.00412198 -1.69593e-05
-0.000160768 -1.69593e-05 -0.0116164

0.00825732 7.85148e-05 -0.000851652
7.85148e-05 0.00876961 -0.00103832
-0.000851652 -0.00103832 -0.0216628

0.00702603 -0.000230956 0.000166867
-0.000230956 0.00678521 -0.000492635
0.000166867 -0.000492635 -0.0169768

0.00631557 -0.000251993 0.000971276
-0.000251993 0.00671099 0.000267446
0.000971276 0.000267446 -0.0169751

0.00451065 0.000142446 6.3767e-05
0.000142446 0.00469637 -2.06523e-05
6.3767e-05 -2.06523e-05 -0.0125113

0.00471886 5.42859e-05 2.11237e-05
5.42859e-05 0.0046548 4.74108e-05
2.11237e-05 4.74108e-05 -0.0125343

0.00525508 6.03675e-06 -0.000102066
6.03675e-06 0.00515859 -4.33099e-05
-0.000102066 -4.33099e-05 -0.0137581

0.00549823 -8.393e-05 -0.000133639
-8.393e-05 0.00535689 6.52432e-05
-0.000133639 6.52432e-05 -0.0138644

0.0038137 3.56803e-05 -1.8855e-05
3.56803e-05 0.00383264 6.99028e-05
-1.8855e-05 6.99028e-05 -0.0107348

0.00645487 -9.86291e-05 0.0012197
-9.86291e-05 0.0071203 0.000127132
0.0012197 0.000127132 -0.0168419

0.00403359 -2.92976e-06 2.78184e-05
-2.92976e-06 0.00374205 6.05539e-06
2.78184e-05 6.05539e-06 -0.0108617

0.00558199 -0.000109548 0.000431733
-0.000109548 0.00635229 0.000144548
0.000431733 0.000144548 -0.0151268

0.00403336 -6.22017e-05 -6.22771e-05
-6.22017e-05 0.00394752 4.81796e-05
-6.22771e-05 4.81796e-05 -0.011082

0.00439571 -3.50413e-05 -2.77348e-05
-3.50413e-05 0.00444921 0.000108926
-2.77348e-05 0.000108926 -0.0118213

0.00432133 6.34614e-05 -2.30997e-05
6.34614e-05 0.00448888 9.41956e-05
-2.30997e-05 9.41956e-05 -0.0119037

0.00528957 2.05892e-05 2.95003e-05
2.05892e-05 0.00570894 6.38857e-05
2.95003e-05 6.38857e-05 -0.0136924

0.00630406 -0.000125099 0.00100582
-0.000125099 0.00713501 0.00013358
0.00100582 0.00013358 -0.0170453

0.00387913 7.83299e-06 -6.00037e-05
7.83299e-06 0.00371151 2.3847e-05
-6.00037e-05 2.3847e-05 -0.0107393

0.00395607 -9.80253e-05 0.00011274
-9.80253e-05 0.00421914 -4.28316e-05
0.00011274 -4.28316e-05 -0.0115078

0.00551673 -0.000164054 -0.000221947
-0.000164054 0.00609172 7.88594e-05
-0.000221947 7.88594e-05 -0.015822

0.00703958 -0.000333115 -0.000140178
-0.000333115 0.00655562 -0.000656573
-0.000140178 -0.000656573 -0.0168917

0.00905028 -1.19689e-05 0.000500919
-1.19689e-05 0.00916534 0.000394186
0.000500919 0.000394186 -0.0228587

0.00626743 0.000230702 0.00126723
0.000230702 0.0068213 -5.0604e-05
0.00126723 -5.0604e-05 -0.0168222

0.00576077 0.000141716 -0.000534655
0.000141716 0.00648858 -1.68127e-05
-0.000534655 -1.68127e-05 -0.015765

0 0 0.00201037
0 0 0.00121456
0.00201037 0.00121456 -0.0197819

0.00917334 6.72599e-05 0.00034531
6.72599e-05 0.00917423 0.000225881
0.00034531 0.000225881 -0.0240589

0.00703846 -1.38245e-05 5.62997e-05
-1.38245e-05 0.00645878 -0.000702589
5.62997e-05 -0.000702589 -0.0169117

0.00618741 0.000231159 0.00111338
0.000231159 0.00682554 -4.70496e-05
0.00111338 -4.70496e-05 -0.0171164

0.00536951 -0.000106867 -0.000184594
-0.000106867 0.00562321 -0.000155196
-0.000184594 -0.000155196 -0.0142061

0.00424405 2.96124e-05 -3.87112e-05
2.96124e-05 0.00399788 -8.76209e-05
-3.87112e-05 -8.76209e-05 -0.0116342

0.00962094 -0.000194633 0.00187724
-0.000194633 0.00846329 -0.000952236
0.00187724 -0.000952236 -0.0241103

0.00560893 4.29754e-06 -7.2052e-05
4.29754e-06 0.00583617 1.34252e-06
-7.2052e-05 1.34252e-06 -0.0151788

0 0 0.00201037
0 0 0.00121456
0.00201037 0.00121456 -0.0197819

0.00701866 4.2949e-05 -0.00148286
4.2949e-05 0.00774634 -0.000716412
-0.00148286 -0.000716412 -0.0193257

0.00704192 -0.000147878 -5.21376e-05
-0.000147878 0.00619207 -0.000335116
-5.21376e-05 -0.000335116 -0.016205

0.00593528 -0.000223238 0.000183999
-0.000223238 0.00618226 0.000196523
0.000183999 0.000196523 -0.0154426

0.00809013 3.18249e-05 -0.00177769
3.18249e-05 0.00860854 0.0006931
-0.00177769 0.0006931 -0.0216134

0.00574966 -0.000180784 0.000263908
-0.000180784 0.00617351 0.000172271
0.000263908 0.000172271 -0.0154398

0.00552786 -0.000129813 4.7867e-05
-0.000129813 0.00607455 9.53818e-05
4.7867e-05 9.53818e-05 -0.0146836

0.00584144 -3.38481e-05 8.82007e-05
-3.38481e-05 0.00556176 -6.69518e-05
8.82007e-05 -6.69518e-05 -0.0143197

0.00884872 0.000327607 -6.25338e-05
0.000327607 0.00886502 -0.000622402
-6.25338e-05 -0.000622402 -0.0213446

0.00566644 -0.000455497 -0.000197327
-0.000455497 0.00494804 -0.000300714
-0.000197327 -0.000300714 -0.0141895

0.00387913 -5.31703e-05 4.56606e-05
-5.31703e-05 0.00379603 2.20786e-05
4.56606e-05 2.20786e-05 -0.0108623

0.00551747 0.000244584 -0.000178488
0.000244584 0.00530163 -0.000106413
-0.000178488 -0.000106413 -0.0141598

0.00569739 -0.000140105 -0.000542013
-0.000140105 0.00689195 -0.000444027
-0.000542013 -0.000444027 -0.0159721

0.0054787 -0.00018141 -0.000155124
-0.00018141 0.00527737 -0.000123898
-0.000155124 -0.000123898 -0.0142048

0.00920561 -0.000834598 -0.00100702
-0.000834598 0.00594537 0.000775503
-0.00100702 0.000775503 -0.0266223

0.00539401 -2.69872e-05 -0.000158058
-2.69872e-05 0.0052932 -9.44432e-05
-0.000158058 -9.44432e-05 -0.0141785

-0.000881584 -0.00286724 -0.00862422
-0.00286724 0.00637241 -0.00241743
-0.00862422 -0.00241743 -0.0227661

0.00811353 0.000410551 -0.00193298
0.000410551 0.00642451 -0.000113378
-0.00193298 -0.000113378 -0.0273792

0.00919823 -0.00128936 -0.00110106
-0.00128936 0.00886521 -0.00105943
-0.00110106 -0.00105943 -0.027314

0.00315927 -0.00408478 -0.00878271
-0.00408478 0.00474779 -0.00348017
-0.00878271 -0.00348017 -0.0228116

0 -1.11022e-16 -0.0109697
-1.11022e-16 0 0.000348988
-0.0109697 0.000348988 -0.0224463

-2.22045e-16 0 -0.00646067
0 0 -0.00567981
-0.00646067 -0.00567981 -0.0242135

0 0 -0.0086995
0 0 -0.00353086
-0.0086995 -0.00353086 -0.0228077

0.0103066 0.000248931 6.18444e-06
0.000248931 0.011447 -0.000218459
6.18444e-06 -0.000218459 -0.0285751

0.0118665 0.00175628 -0.000829369
0.00175628 0.0106902 7.2759e-05
-0.000829369 7.2759e-05 -0.0286729

0.00528062 -3.98187e-05 2.16284e-05
-3.98187e-05 0.00530129 1.14623e-05
2.16284e-05 1.14623e-05 -0.0136961

0 0 0.00201037
0 0 0.00121456
0.00201037 0.00121456 -0.0197819

0.00789998 -0.00157755 0.00274737
-0.00157755 -1.11022e-16 0.000568526
0.00274737 0.000568526 -0.0205031

0.00772092 0.000315518 -0.00156815
0.000315518 0.00771204 0.000195945
-0.00156815 0.000195945 -0.0229837

0.00851299 -0.000814158 -0.00133633
-0.000814158 0.00926462 -0.000221149
-0.00133633 -0.000221149 -0.0230435

0 6.93889e-17 -0.0109697
6.93889e-17 0 0.000348988
-0.0109697 0.000348988 -0.0224463

0.00317579 0.00383127 -0.00832483
0.00383127 0.00428776 0.00418963
-0.00832483 0.00418963 -0.0215067

0.0108563 0.00128155 -0.00186955
0.00128155 0.00879243 0.0020398
-0.00186955 0.0020398 -0.0287822

0.00826276 -0.000403772 -0.00350507
-0.000403772 0.00786145 0.000598118
-0.00350507 0.000598118 -0.0289388

-0.00072895 0.0021291 -0.00836521
0.0021291 0.0088814 0.00096605
-0.00836521 0.00096605 -0.0214074

-2.22045e-16 0 -0.0068331
0 0 0.00684531
-0.0068331 0.00684531 -0.0252872

0 0 -0.00868584
0 0 0.00385322
-0.00868584 0.00385322 -0.0215184

-2.22045e-16 1.11022e-16 -0.0068331
1.11022e-16 0 0.00684531
-0.0068331 0.00684531 -0.0252872

0.00432041 -2.09419e-05 1.35409e-05
-2.09419e-05 0.00445503 -1.45063e-05
1.35409e-05 -1.45063e-05 -0.011832

0.0051503 8.728e-05 0.000189597
8.728e-05 0.00492749 -0.000145415
0.000189597 -0.000145415 -0.0133401

0.00919123 -0.00235584 -0.00205423
-0.00235584 0.011129 0.00295948
-0.00205423 0.00295948 -0.0283867

0.00741949 -0.00154827 -0.00214672
-0.00154827 0.0141151 0.00284235
-0.00214672 0.00284235 -0.028384

0.00795928 -0.000280035 -0.000313897
-0.000280035 0.00774038 -0.0008902
-0.000313897 -0.0008902 -0.0231307

0.0079836 0.000608414 -0.000234633
0.000608414 0.00933046 -0.000850308
-0.000234633 -0.000850308 -0.0231366

0.0100187 0.000140574 0.000310891
0.000140574 0.00932102 0.00147671
0.000310891 0.00147671 -0.0255808

0.0092318 -0.00104349 0.001454
-0.00104349 0.00992955 0.00108776
0.001454 0.00108776 -0.0253805

0.0103 -0.000565216 0.00197286
-0.000565216 0.00914571 0.000476954
0.00197286 0.000476954 -0.0264924

0.0108963 -0.00053597 0.00145046
-0.00053597 0.00912629 0.000528629
0.00145046 0.000528629 -0.0263212

0.00814431 -0.000214454 0.00181663
-0.000214454 0.00644047 -0.0022012
0.00181663 -0.0022012 -0.0219995

0.0108214 0.000252856 0.00234927
0.000252856 0.00928006 -0.00066298
0.00234927 -0.00066298 -0.026203

0.00437654 8.16525e-06 3.22843e-05
8.16525e-06 0.00458455 1.12117e-05
3.22843e-05 1.12117e-05 -0.0120508

0.0118301 -0.000383505 0.00294271
-0.000383505 0.00939924 -0.000572187
0.00294271 -0.000572187 -0.0266204

0.00505881 -3.90296e-05 0.000206538
-3.90296e-05 0.00486242 -0.000269562
0.000206538 -0.000269562 -0.0131442

0.00988093 -0.000146725 0.00194363
-0.000146725 0.00944232 -0.00179506
0.00194363 -0.00179506 -0.0255437

0.0101655 -0.000224966 0.00130972
-0.000224966 0.00925933 -0.00216969
0.00130972 -0.00216969 -0.0256048

0.00592147 0.000130382 -0.000380419
0.000130382 0.00611711 0.000909963
-0.000380419 0.000909963 -0.0163388

0.00976012 -0.000290372 0.00155199
-0.000290372 0.009877 0.00187184
0.00155199 0.00187184 -0.025006

0.00884623 0.00028863 -2.52411e-05
0.00028863 0.00843484 0.000370672
-2.52411e-05 0.000370672 -0.020968

0.00914505 -0.000408008 0.00130409
-0.000408008 0.00992333 0.00155906
0.00130409 0.00155906 -0.0254928

0.00877659 -0.000182856 -0.000168544
-0.000182856 0.00988302 0.00323229
-0.000168544 0.00323229 -0.0252298

0.00907099 -0.000950045 0.00168656
-0.000950045 0.00856183 0.00263205
0.00168656 0.00263205 -0.0233319

0.00877464 -0.000304715 0.00159823
-0.000304715 0.00853625 0.00215723
0.00159823 0.00215723 -0.0230356

0.00846612 -0.000330675 -0.00218041
-0.000330675 0.00893577 0.00122682
-0.00218041 0.00122682 -0.0221318

0.004112 -0.000108822 -4.39721e-05
-0.000108822 0.00446486 2.1812e-05
-4.39721e-05 2.1812e-05 -0.0115922

-0.0010628 0.00484029 0.00381437
0.00484029 0.0107434 -0.00122733
0.00381437 -0.00122733 -0.0218272

0.00915253 -1.01819e-05 0.00128088
-1.01819e-05 0.0104263 -0.00187772
0.00128088 -0.00187772 -0.0249989

0.0102101 0.000210651 0.00179987
0.000210651 0.00944627 -0.000788976
0.00179987 -0.000788976 -0.0248501

0.00397007 -5.07289e-05 7.1025e-05
-5.07289e-05 0.00444575 -4.37122e-05
7.1025e-05 -4.37122e-05 -0.0116125

0.00703314 -0.000413398 -3.58939e-05
-0.000413398 0.00604872 -0.00053369
-3.58939e-05 -0.00053369 -0.01627

0.00421568 -9.08607e-05 -5.93774e-05
-9.08607e-05 0.00450326 5.85574e-05
-5.93774e-05 5.85574e-05 -0.0117291

0.00829985 -0.000593167 0.00187223
-0.000593167 0.00864977 0.00221979
0.00187223 0.00221979 -0.021704

0.00878312 -0.000245643 0.00166148
-0.000245643 0.00868383 0.00252613
0.00166148 0.00252613 -0.0225835

0.00864862 -0.000345138 -0.00285564
-0.000345138 0.00887784 0.000911642
-0.00285564 0.000911642 -0.0219346

0.0044933 -6.97483e-05 -4.21209e-05
-6.97483e-05 0.00444594 9.08389e-05
-4.21209e-05 9.08389e-05 -0.0119422

0.005763 -6.10611e-05 -0.000445974
-6.10611e-05 0.0064385 -3.93702e-05
-0.000445974 -3.93702e-05 -0.0159837

0.00407329 -9.64686e-05 -1.88346e-05
-9.64686e-05 0.0041906 -4.24801e-05
-1.88346e-05 -4.24801e-05 -0.0114271

0.00760604 0.000295989 0.00232434
0.000295989 0.00844656 -0.00113376
0.00232434 -0.00113376 -0.0211803

0.00758753 0.000324791 0.00227631
0.000324791 0.00843399 -0.000890649
0.00227631 -0.000890649 -0.0204265

0.00772456 0.000370516 0.00182291
0.000370516 0.00839716 -0.00190587
0.00182291 -0.00190587 -0.0212271

0.00519234 -7.10704e-05 6.55824e-05
-7.10704e-05 0.00562201 4.16832e-05
6.55824e-05 4.16832e-05 -0.0141706

0.00747407 -0.000352512 -0.00171988
-0.000352512 0.00940911 -0.000907414
-0.00171988 -0.000907414 -0.0260029

0.00722841 1.24581e-05 0.00175777
1.24581e-05 0.00859536 0.000895731
0.00175777 0.000895731 -0.0200412

0.00407517 -0.000123338 -3.53471e-05
-0.000123338 0.00441343 -5.43798e-07
-3.53471e-05 -5.43798e-07 -0.011516

0.00712402 -0.000466125 0.000800456
-0.000466125 0.0075256 0.00136089
0.000800456 0.00136089 -0.0194199

0.00711806 -0.000286 0.00132596
-0.000286 0.0073961 0.00118858
0.00132596 0.00118858 -0.0193152

0.0083542 1.24881e-05 0.00158502
1.24881e-05 0.00762606 0.00202546
0.00158502 0.00202546 -0.0213537

0.0082385 -0.000175326 0.000641194
-0.000175326 0.00782586 0.0024629
0.000641194 0.0024629 -0.0213666

0.0075418 -0.000182205 0.00033771
-0.000182205 0.00684609 0.000779177
0.00033771 0.000779177 -0.0183114

0.0075551 -0.000102 0.000361568
-0.000102 0.00729221 0.000730576
0.000361568 0.000730576 -0.0192545

0.0091006 2.31785e-05 -0.000334443
2.31785e-05 0.00938625 -0.00283474
-0.000334443 -0.00283474 -0.0228065

0.00756311 -0.000130553 -0.00150293
-0.000130553 0.00887819 -0.000329073
-0.00150293 -0.000329073 -0.0203869

0.00770997 0.000396606 0.001766
0.000396606 0.00836713 -0.00167677
0.001766 -0.00167677 -0.0204741

0.00752924 0.00034553 0.00145685
0.00034553 0.00742327 -0.00163519
0.00145685 -0.00163519 -0.0194353

0.0070429 0.000107197 -8.14078e-06
0.000107197 0.00586543 -0.000555967
-8.14078e-06 -0.000555967 -0.0162719

0.00408833 -8.36116e-05 8.84932e-06
-8.36116e-05 0.00418388 -6.2784e-05
8.84932e-06 -6.2784e-05 -0.0114853

0.00771387 0.000430868 0.00171306
0.000430868 0.00740021 -0.00136697
0.00171306 -0.00136697 -0.0194388

0.00525421 2.37026e-05 -0.000172804
2.37026e-05 0.00513318 1.87697e-05
-0.000172804 1.87697e-05 -0.0138431

0.00647382 -0.000235568 0.000328526
-0.000235568 0.00616529 0.000497443
0.000328526 0.000497443 -0.0160095

0.00783918 -0.000388422 -0.000140697
-0.000388422 0.0079847 0.00132387
-0.000140697 0.00132387 -0.0199397

0.00663732 -0.000114224 0.00116062
-0.000114224 0.00723884 0.000651059
0.00116062 0.000651059 -0.0179287

0.00673383 -0.000360784 0.00146462
-0.000360784 0.00775877 0.000244533
0.00146462 0.000244533 -0.0182167

0.00924495 -0.000438453 0.000407972
-0.000438453 0.00854064 0.00305461
0.000407972 0.00305461 -0.023426

0.00944131 6.30761e-05 0.000255076
6.30761e-05 0.00926619 0.00349532
0.000255076 0.00349532 -0.0245509

0.00946393 3.49826e-05 0.000520231
3.49826e-05 0.00914302 0.00249345
0.000520231 0.00249345 -0.0243044

0.00640389 0.000237869 0.00114437
0.000237869 0.00725051 -0.000382807
0.00114437 -0.000382807 -0.0178368

0.00819564 -0.000448467 7.08063e-05
-0.000448467 0.00766784 0.000539195
7.08063e-05 0.000539195 -0.0249708

0.00777741 0.000351586 0.00132118
0.000351586 0.00748149 -0.000691414
0.00132118 -0.000691414 -0.0189953

0.00757537 0.000272606 0.00107012
0.000272606 0.00753682 -0.000954358
0.00107012 -0.000954358 -0.0189921

0.00641249 -0.000304077 0.00111166
-0.000304077 0.00716173 0.000497141
0.00111166 0.000497141 -0.0167732

0.00665 -0.00051366 0.00109037
-0.00051366 0.00693928 0.000539573
0.00109037 0.000539573 -0.0167727

0.00408783 -9.48959e-05 -2.47058e-06
-9.48959e-05 0.00445909 3.67625e-05
-2.47058e-06 3.67625e-05 -0.0115038

0.00705065 -0.000125875 -0.000225347
-0.000125875 0.006756 -0.000446129
-0.000225347 -0.000446129 -0.0169253

0.00911205 -0.000340887 0.000668702
-0.000340887 0.00875774 0.00253848
0.000668702 0.00253848 -0.0235723

0.00719743 -0.000297487 0.000784159
-0.000297487 0.00656298 0.00112679
0.000784159 0.00112679 -0.0179791

0.00999674 0.000289726 -0.00169709
0.000289726 0.00941722 0.000335579
-0.00169709 0.000335579 -0.0261672

0.00999078 0.000434584 -0.00159907
0.000434584 0.00934916 0.000462716
-0.00159907 0.000462716 -0.0259553

0.00626402 0.00025035 0.00130554
0.00025035 0.00725242 -0.000348677
0.00130554 -0.000348677 -0.0172421

0.00646843 0.000288983 0.00104091
0.000288983 0.00723026 -0.000507005
0.00104091 -0.000507005 -0.0172977

0.00633039 0.000237833 0.00098886
0.000237833 0.00664392 -0.000600615
0.00098886 -0.000600615 -0.0168264

0.00734657 2.78256e-05 0.000989939
2.78256e-05 0.00747674 -0.00122286
0.000989939 -0.00122286 -0.0188548

0.00648154 0.000485724 0.000753591
0.000485724 0.00690889 -0.0007534
0.000753591 -0.0007534 -0.0168438

0.00643554 0.000481922 0.000646746
0.000481922 0.00700799 -0.0010576
0.000646746 -0.0010576 -0.0162144

0.00755964 -2.75227e-06 0.00145068
-2.75227e-06 0.00715144 -0.00101214
0.00145068 -0.00101214 -0.018091

0.00604741 -0.000181578 0.00011457
-0.000181578 0.00618406 0.000242159
0.00011457 0.000242159 -0.0157727

0.00593193 -0.000592457 0.000509862
-0.000592457 0.00642074 0.000166597
0.000509862 0.000166597 -0.0158328

0.0101732 5.16318e-05 0.00198
5.16318e-05 0.00962843 0.00040459
0.00198 0.00040459 -0.0255266

0.00518617 -0.00011987 -0.000232417
-0.00011987 0.00527151 -6.87134e-05
-0.000232417 -6.87134e-05 -0.013717

0.00520785 -0.000125469 -2.02763e-05
-0.000125469 0.00521067 -0.00025561
-2.02763e-05 -0.00025561 -0.0136821

0.00580063 -0.000143882 0.000897145
-0.000143882 0.00679074 -5.26784e-05
0.000897145 -5.26784e-05 -0.0158857

0.00527148 1.63027e-05 -0.000232187
1.63027e-05 0.00544062 -3.97626e-05
-0.000232187 -3.97626e-05 -0.0137339

0.00579189 3.45555e-05 0.000573266
3.45555e-05 0.00640078 0.000292549
0.000573266 0.000292549 -0.0158138

0.0058103 0.000281293 0.000898862
0.000281293 0.00682289 5.51323e-05
0.000898862 5.51323e-05 -0.0158854

0.00519176 -0.000123548 0.000113701
-0.000123548 0.0052285 -0.000130763
0.000113701 -0.000130763 -0.0136987

0.00770266 -0.000370456 -0.00161969
-0.000370456 0.00798783 -0.000720889
-0.00161969 -0.000720889 -0.0202064

0.00833028 -0.000182621 0.000618857
-0.000182621 0.0067729 -0.00328258
0.000618857 -0.00328258 -0.0192019

0.0100052 0.00052682 -0.0015586
0.00052682 0.00981389 0.000461671
-0.0015586 0.000461671 -0.0263805

0.00625606 0.00034794 0.000558405
0.00034794 0.0065187 -0.000470056
0.000558405 -0.000470056 -0.0162514

0.00531888 -6.4383e-05 5.67202e-05
-6.4383e-05 0.00555017 -0.000292885
5.67202e-05 -0.000292885 -0.0140222

0.0051586 -0.000205927 -1.68e-05
-0.000205927 0.00557135 -0.000283152
-1.68e-05 -0.000283152 -0.0140178

0.00583238 -0.000405703 0.000221632
-0.000405703 0.00605204 0.000384481
0.000221632 0.000384481 -0.0154311

0.00577372 -7.72404e-05 0.000226234
-7.72404e-05 0.00606878 0.000124544
0.000226234 0.000124544 -0.0152117

0.00397945 -4.05638e-05 -4.92993e-05
-4.05638e-05 0.00420947 5.9296e-06
-4.92993e-05 5.9296e-06 -0.0111334

0.00577226 -7.23706e-05 0.000234224
-7.23706e-05 0.00605265 0.000100381
0.000234224 0.000100381 -0.015212

0.00578666 1.15425e-05 0.000453246
1.15425e-05 0.00645793 1.69184e-05
0.000453246 1.69184e-05 -0.0154506

0.00570248 0.000115939 0.000413977
0.000115939 0.00604667 -0.000225515
0.000413977 -0.000225515 -0.0150964

0.00568901 0.000156739 0.000406416
0.000156739 0.00616872 -0.000234218
0.000406416 -0.000234218 -0.0150966

0.00460206 -6.86634e-05 0.00013051
-6.86634e-05 0.00474109 -1.8846e-05
0.00013051 -1.8846e-05 -0.012708

0.00798961 0.000156162 -0.000176709
0.000156162 0.00716118 -0.00127065
-0.000176709 -0.00127065 -0.0190048

0.00703376 -0.000113607 1.83065e-05
-0.000113607 0.00618107 -0.000347135
1.83065e-05 -0.000347135 -0.0162071

0.00562603 -0.000125664 -2.27013e-05
-0.000125664 0.00605414 1.58936e-05
-2.27013e-05 1.58936e-05 -0.0150445

0.00564383 -0.000145584 -1.74904e-05
-0.000145584 0.00601384 8.04635e-07
-1.74904e-05 8.04635e-07 -0.0150444

0.0100852 0.000612836 -0.0013974
0.000612836 0.00984007 0.000530036
-0.0013974 0.000530036 -0.0262218

0.00804751 6.94667e-05 -0.00224592
6.94667e-05 0.00871559 0.000316417
-0.00224592 0.000316417 -0.0223063

0.00588645 -0.000224868 0.000215393
-0.000224868 0.00548606 -0.000163501
0.000215393 -0.000163501 -0.0149127

0.00843945 -0.000146119 -0.00288523
-0.000146119 0.00916362 -0.00109278
-0.00288523 -0.00109278 -0.0223681

0.00799041 0.00014446 -0.000159416
0.00014446 0.00704774 -0.00204959
-0.000159416 -0.00204959 -0.0195944

0.00564176 0.000122578 -0.000107471
0.000122578 0.00604692 -0.000235709
-0.000107471 -0.000235709 -0.014943

0.00645784 0.000249146 0.00101966
0.000249146 0.00704172 0.000725792
0.00101966 0.000725792 -0.0175483

0.00408809 8.77949e-05 4.60369e-05
8.77949e-05 0.00383055 5.36954e-05
4.60369e-05 5.36954e-05 -0.0109915

0.00814407 -0.00023903 -6.96489e-05
-0.00023903 0.00799857 -0.00235903
-6.96489e-05 -0.00235903 -0.0207163

0.00397831 7.51222e-05 -2.93228e-05
7.51222e-05 0.00442479 -2.48564e-05
-2.93228e-05 -2.48564e-05 -0.0113551

0.00564329 0.000172769 -0.000116045
0.000172769 0.00616937 -0.00024694
-0.000116045 -0.00024694 -0.0149428

0.00540649 3.57777e-05 -8.41911e-06
3.57777e-05 0.00565933 -0.000521099
-8.41911e-06 -0.000521099 -0.0143657

0.00579338 0.000168046 0.000110334
0.000168046 0.00560218 -0.000341987
0.000110334 -0.000341987 -0.0146579

0.0056401 2.73449e-05 0.000128294
2.73449e-05 0.00549631 -0.000320011
0.000128294 -0.000320011 -0.0146587

0.00582192 0.000105864 6.9435e-05
0.000105864 0.00571979 -0.000187074
6.9435e-05 -0.000187074 -0.0148414

0.00558378 4.16089e-05 0.000217897
4.16089e-05 0.00551981 -0.000363908
0.000217897 -0.000363908 -0.0143691

0.00582574 9.34036e-05 0.000101496
9.34036e-05 0.0055102 -0.000315282
0.000101496 -0.000315282 -0.0145744

0.00847556 -5.46145e-05 -0.00252274
-5.46145e-05 0.00925737 0.00055045
-0.00252274 0.00055045 -0.0225298

0.00936197 0.000341368 -0.000101353
0.000341368 0.00842025 0.000387442
-0.000101353 0.000387442 -0.020987

0.00553644 -3.39272e-05 -0.000292659
-3.39272e-05 0.00559982 1.2088e-05
-0.000292659 1.2088e-05 -0.01452

0.00564303 -8.97416e-05 -0.000155023
-8.97416e-05 0.00562327 -2.66674e-05
-0.000155023 -2.66674e-05 -0.0145343

0.00516753 -1.90611e-05 -0.000224215
-1.90611e-05 0.00529694 -0.000187055
-0.000224215 -0.000187055 -0.0138019

0.00518075 9.89893e-06 -0.000190719
9.89893e-06 0.00533605 -6.64336e-05
-0.000190719 -6.64336e-05 -0.0138089

0.00460339 6.27202e-05 0.000120372
6.27202e-05 0.00470145 1.75864e-05
0.000120372 1.75864e-05 -0.0122881

0.00533495 0.000112099 -0.000123858
0.000112099 0.00558648 -0.000336392
-0.000123858 -0.000336392 -0.0141098

0.00539345 0.000191336 -1.18221e-05
0.000191336 0.00547071 -3.07661e-05
-1.18221e-05 -3.07661e-05 -0.0140809

0.00511031 3.5118e-05 -0.000240661
3.5118e-05 0.00545073 -3.21341e-06
-0.000240661 -3.21341e-06 -0.0139085

0.00549756 -9.73889e-05 -0.00019863
-9.73889e-05 0.00520599 -0.000102552
-0.00019863 -0.000102552 -0.0140446

0.00968582 0.000234421 0.00179346
0.000234421 0.00992452 -0.00177691
0.00179346 -0.00177691 -0.0240553

0.00568489 0.000192184 -0.000305366
0.000192184 0.00564892 0.000107188
-0.000305366 0.000107188 -0.0146357

0.00401204 7.2961e-05 -3.97396e-05
7.2961e-05 0.00442478 -1.83867e-05
-3.97396e-05 -1.83867e-05 -0.0115666

0.0051504 7.11753e-05 -0.000296401
7.11753e-05 0.00506319 -3.48364e-05
-0.000296401 -3.48364e-05 -0.0136367

0.00516467 1.07294e-05 -0.000234779
1.07294e-05 0.00531116 -0.000239803
-0.000234779 -0.000239803 -0.0137593

0.00466898 -0.000102779 0.000114362
-0.000102779 0.00460848 8.99104e-05
0.000114362 8.99104e-05 -0.0122939

0.00489663 -6.52864e-05 0.000209966
-6.52864e-05 0.00460999 6.79004e-05
0.000209966 6.79004e-05 -0.0125591

0.00517869 3.65661e-05 -0.000198924
3.65661e-05 0.00532357 -0.000113462
-0.000198924 -0.000113462 -0.013771

0.00493731 -2.4233e-05 -0.000302858
-2.4233e-05 0.00519073 -0.000116501
-0.000302858 -0.000116501 -0.0133009

0.00496468 -2.95608e-05 -0.000340951
-2.95608e-05 0.00519172 -0.000110535
-0.000340951 -0.000110535 -0.0132929

0.00498034 8.70207e-05 -0.000275663
8.70207e-05 0.00519259 -8.77737e-07
-0.000275663 -8.77737e-07 -0.0132909

0.00518554 0.00022733 -0.000293341
0.00022733 0.00521648 -0.000121307
-0.000293341 -0.000121307 -0.0134523

0.00510423 6.30896e-05 -0.00011937
6.30896e-05 0.00538482 0.000204167
-0.00011937 0.000204167 -0.0134236

0.00513373 5.68319e-05 -0.000182825
5.68319e-05 0.00534539 7.71301e-05
-0.000182825 7.71301e-05 -0.0137714

0.00586289 -0.000169065 0.000253048
-0.000169065 0.00567627 0.000715589
0.000253048 0.000715589 -0.0149362

0.00470133 0.000108355 -0.000187896
0.000108355 0.00474052 -7.04982e-05
-0.000187896 -7.04982e-05 -0.0124866

0.00925148 0.000256483 -0.00139118
0.000256483 0.00918746 -0.00121179
-0.00139118 -0.00121179 -0.0258062

0.0048223 0.00014679 0.000224702
0.00014679 0.00470611 -3.61227e-05
0.000224702 -3.61227e-05 -0.0125566

0.0093251 -9.12455e-05 -0.000533518
-9.12455e-05 0.00858072 -0.000633479
-0.000533518 -0.000633479 -0.0253428

0.00433564 1.60319e-05 3.13366e-05
1.60319e-05 0.00458736 -5.50026e-07
3.13366e-05 -5.50026e-07 -0.0120178

0.00933938 -0.000415985 -0.000641649
-0.000415985 0.00929684 -0.000801028
-0.000641649 -0.000801028 -0.0255585

0.00925305 0.000207683 -0.00140099
0.000207683 0.0103273 -0.0012021
-0.00140099 -0.0012021 -0.0259778

0.00498308 -1.23231e-05 -0.000287644
-1.23231e-05 0.00496069 1.56576e-05
-0.000287644 1.56576e-05 -0.0131621

0.00399827 8.8096e-05 -5.50138e-05
8.8096e-05 0.00443145 -2.04414e-05
-5.50138e-05 -2.04414e-05 -0.0115683

0.00473759 2.76158e-05 0.000138695
2.76158e-05 0.0047739 -0.000143136
0.000138695 -0.000143136 -0.0124718

0.00468004 -2.77769e-05 6.24311e-05
-2.77769e-05 0.00473125 -0.000185009
6.24311e-05 -0.000185009 -0.0124796

0.00500457 7.63585e-05 -0.00031308
7.63585e-05 0.00519538 6.12782e-06
-0.00031308 6.12782e-06 -0.01328

0.00487327 -4.50269e-05 -0.000211904
-4.50269e-05 0.00506406 5.19389e-05
-0.000211904 5.19389e-05 -0.0130502

0.00494029 -0.00011756 -0.000321641
-0.00011756 0.00518575 -1.84754e-05
-0.000321641 -1.84754e-05 -0.0135896

0.00496216 -7.19536e-05 -0.000228773
-7.19536e-05 0.00501711 0.000158257
-0.000228773 0.000158257 -0.0131963

0.0049022 -4.3526e-05 -0.000361888
-4.3526e-05 0.0050592 -1.69169e-05
-0.000361888 -1.69169e-05 -0.0130278

0.00470058 0.000180057 -0.000114046
0.000180057 0.00465849 -3.393e-05
-0.000114046 -3.393e-05 -0.0124768

0.00477451 0.000130715 -0.000145487
0.000130715 0.00469362 0.000125013
-0.000145487 0.000125013 -0.0124971

0.00478536 6.94906e-05 -0.00015431
6.94906e-05 0.00489918 5.81765e-07
-0.00015431 5.81765e-07 -0.012707

0.00482666 2.68482e-05 -8.60429e-05
2.68482e-05 0.00482614 1.79993e-05
-8.60429e-05 1.79993e-05 -0.0128694

0.00488189 4.54897e-05 -0.000114326
4.54897e-05 0.00477426 3.47237e-05
-0.000114326 3.47237e-05 -0.0128668

0.00462251 -1.67709e-05 -0.000197755
-1.67709e-05 0.00498288 8.60151e-05
-0.000197755 8.60151e-05 -0.0126799

0.00491441 -2.76377e-06 -0.00033075
-2.76377e-06 0.00496 6.76276e-06
-0.00033075 6.76276e-06 -0.0128448

0.00470602 -3.00759e-05 -0.000350545
-3.00759e-05 0.0048086 -1.99052e-05
-0.000350545 -1.99052e-05 -0.0125874

0.00471629 -4.19846e-05 -0.000320194
-4.19846e-05 0.00481365 -6.56865e-05
-0.000320194 -6.56865e-05 -0.0125105

0.00470837 -2.79208e-05 -0.000332867
-2.79208e-05 0.00474675 8.34682e-05
-0.000332867 8.34682e-05 -0.0125734

0.00488432 1.05658e-05 -0.000371758
1.05658e-05 0.00499052 0.000117627
-0.000371758 0.000117627 -0.0129178

0.00486187 -6.59453e-06 -0.000228535
-6.59453e-06 0.00497937 0.000185205
-0.000228535 0.000185205 -0.0129414

0.00788253 -0.000201348 0.00207515
-0.000201348 0.00784961 0.000665601
0.00207515 0.000665601 -0.0193975

0.00461962 0.000313563 -8.87421e-05
0.000313563 0.00453072 5.18188e-05
-8.87421e-05 5.18188e-05 -0.0121923

0.00461845 3.08491e-05 -1.56321e-05
3.08491e-05 0.00474614 3.62396e-05
-1.56321e-05 3.62396e-05 -0.0123282

0.00464825 1.92354e-05 5.53063e-05
1.92354e-05 0.00471335 -6.41438e-05
5.53063e-05 -6.41438e-05 -0.0123012

0.00478402 0.000105962 -0.000126867
0.000105962 0.0046814 1.96876e-05
-0.000126867 1.96876e-05 -0.0125028

0.00471053 0.000106595 -0.000114937
0.000106595 0.00470982 -1.14785e-06
-0.000114937 -1.14785e-06 -0.0124896

0.00489625 0.000113596 -0.000114732
0.000113596 0.00491503 -7.16504e-05
-0.000114732 -7.16504e-05 -0.0130085

0.00476373 0.00010463 -0.000165874
0.00010463 0.00446547 -4.00373e-05
-0.000165874 -4.00373e-05 -0.0122859

0.00484914 -1.18539e-05 -0.000140477
-1.18539e-05 0.00447987 1.37397e-05
-0.000140477 1.37397e-05 -0.0123012

0.00472402 -2.95445e-05 -0.000303996
-2.95445e-05 0.00479794 -7.0526e-05
-0.000303996 -7.0526e-05 -0.0125033

0.00471792 -4.12975e-05 -0.00030333
-4.12975e-05 0.00476108 3.39099e-05
-0.00030333 3.39099e-05 -0.012497

0.00455499 -0.000142082 -0.000164668
-0.000142082 0.00473612 -2.77706e-05
-0.000164668 -2.77706e-05 -0.0123327

0.00477512 -7.0268e-05 -0.000200102
-7.0268e-05 0.00487924 0.000135663
-0.000200102 0.000135663 -0.0127537

0.00478273 -5.11422e-05 -0.00016556
-5.11422e-05 0.00481151 0.000196285
-0.00016556 0.000196285 -0.0126029

0.00460023 -6.92857e-05 -6.7601e-05
-6.92857e-05 0.00470207 -2.67157e-05
-6.7601e-05 -2.67157e-05 -0.0123594

0.00478086 -9.38373e-05 -0.000148746
-9.38373e-05 0.004557 0.000138387
-0.000148746 0.000138387 -0.0124829

0.0044993 0.00019739 -3.5755e-05
0.00019739 0.00425598 -3.85544e-05
-3.5755e-05 -3.85544e-05 -0.0117908

0.00454457 0.000166424 -8.08922e-05
0.000166424 0.00424122 3.10141e-05
-8.08922e-05 3.10141e-05 -0.0117875

0.00463719 6.40527e-05 -0.000181453
6.40527e-05 0.00445336 -5.89131e-05
-0.000181453 -5.89131e-05 -0.0120751

0.00444676 0.000127067 -4.35065e-07
0.000127067 0.00435168 5.93289e-05
-4.35065e-07 5.93289e-05 -0.0118011

0.00492908 0.000120051 -0.000154161
0.000120051 0.00489033 -4.55973e-05
-0.000154161 -4.55973e-05 -0.0130052

0.00471 0.000112521 -0.000119882
0.000112521 0.00475407 0.000114595
-0.000119882 0.000114595 -0.0125025

0.00469958 -4.24002e-05 -0.000191832
-4.24002e-05 0.00450263 -3.21975e-05
-0.000191832 -3.21975e-05 -0.0122755

0.00459446 -2.11531e-05 -0.000145011
-2.11531e-05 0.0043524 -9.22361e-05
-0.000145011 -9.22361e-05 -0.0119335

0.00465602 3.8521e-05 -0.000180239
3.8521e-05 0.00467332 -6.82474e-05
-0.000180239 -6.82474e-05 -0.0124856

0.00449542 -1.55642e-05 -8.89685e-06
-1.55642e-05 0.00458469 -5.41441e-05
-8.89685e-06 -5.41441e-05 -0.012101

0.00450559 1.19216e-05 2.23098e-05
1.19216e-05 0.00465891 2.77667e-05
2.23098e-05 2.77667e-05 -0.0120873

0.00417033 0.000195495 8.70297e-05
0.000195495 0.00440128 4.31547e-05
8.70297e-05 4.31547e-05 -0.0116221

0.00409556 0.00013342 8.44701e-05
0.00013342 0.00447299 4.51083e-05
8.44701e-05 4.51083e-05 -0.011622

0.00449193 0.000178508 -0.000107891
0.000178508 0.00423259 -2.04932e-06
-0.000107891 -2.04932e-06 -0.0116023

0.00448465 0.000292515 -0.000150431
0.000292515 0.00408105 1.66713e-05
-0.000150431 1.66713e-05 -0.0115943

0.00431172 0.000289792 -4.26811e-05
0.000289792 0.00420067 2.98435e-05
-4.26811e-05 2.98435e-05 -0.01145

0.00403159 5.59862e-05 3.47739e-05
5.59862e-05 0.00397243 9.3737e-05
3.47739e-05 9.3737e-05 -0.0109803

0.00908202 -2.58762e-05 0.00104643
-2.58762e-05 0.00901911 -0.00120333
0.00104643 -0.00120333 -0.0231194

0.00407111 0.000159466 1.17722e-05
0.000159466 0.00433914 6.25447e-05
1.17722e-05 6.25447e-05 -0.0114493

0.00482965 1.70454e-05 1.91836e-05
1.70454e-05 0.00468225 0.000211498
1.91836e-05 0.000211498 -0.0126826

0.00456285 2.30257e-05 -0.000196444
2.30257e-05 0.0043333 0.000102958
-0.000196444 0.000102958 -0.0116604

0.00467553 -0.000100321 6.83724e-05
-0.000100321 0.00465324 0.00010267
6.83724e-05 0.00010267 -0.0123438

0.0043912 -0.000209119 -0.00018281
-0.000209119 0.00418533 -9.30083e-06
-0.00018281 -9.30083e-06 -0.0115586

0.00806449 2.75949e-05 0.00158004
2.75949e-05 0.007953 0.000603979
0.00158004 0.000603979 -0.0197566

0.00422575 -0.000101471 6.12353e-06
-0.000101471 0.00426714 -6.28117e-05
6.12353e-06 -6.28117e-05 -0.0114106

0.00400332 9.19189e-05 1.81867e-06
9.19189e-05 0.00443086 -1.53486e-05
1.81867e-06 -1.53486e-05 -0.0113413

0.00628669 6.05176e-05 0.000294817
6.05176e-05 0.00638422 5.20924e-05
0.000294817 5.20924e-05 -0.015377

0.00872752 0.000253043 0.00187871
0.000253043 0.00947962 -0.000884472
0.00187871 -0.000884472 -0.0243715

0.00596748 0.000242564 0.000357434
0.000242564 0.00635787 -0.000293006
0.000357434 -0.000293006 -0.0152982

0.0041233 0.000154662 -0.000175525
0.000154662 0.00374255 -0.000123358
-0.000175525 -0.000123358 -0.0109536

0.00483798 -6.82025e-05 9.72025e-06
-6.82025e-05 0.00486601 0.000177778
9.72025e-06 0.000177778 -0.0126966

0.00422272 0.000207507 -8.31296e-05
0.000207507 0.00412829 -3.55572e-05
-8.31296e-05 -3.55572e-05 -0.0112562

0.00579336 0.000202479 -0.000531258
0.000202479 0.00631867 0.000403897
-0.000531258 0.000403897 -0.0158942

0.00390276 2.80829e-05 -9.51766e-05
2.80829e-05 0.00373595 1.61095e-05
-9.51766e-05 1.61095e-05 -0.0108509

0.00383203 -0.00012824 -0.00011089
-0.00012824 0.00391195 -1.04902e-05
-0.00011089 -1.04902e-05 -0.0108543

0.0042759 7.35555e-05 1.10673e-05
7.35555e-05 0.00395041 1.05546e-06
1.10673e-05 1.05546e-06 -0.0111882

0.00434237 2.3686e-05 -2.15696e-05
2.3686e-05 0.00392767 5.01701e-05
-2.15696e-05 5.01701e-05 -0.0111822

0.00420058 -7.53612e-05 -1.55425e-05
-7.53612e-05 0.00424258 -1.957e-05
-1.55425e-05 -1.957e-05 -0.011258

0.00805515 -0.000276205 -0.000454635
-0.000276205 0.00782249 0.00144375
-0.000454635 0.00144375 -0.0196649

0.00413508 0.000280051 -4.34935e-05
0.000280051 0.00433055 -0.000108421
-4.34935e-05 -0.000108421 -0.0113209

0.00407681 0.000172227 -2.77127e-05
0.000172227 0.00434507 -0.000105068
-2.77127e-05 -0.000105068 -0.011322

0.00432342 0.000254648 -8.27142e-06
0.000254648 0.00404317 -6.16068e-06
-8.27142e-06 -6.16068e-06 -0.0111645

0.00431414 0.000218358 1.62469e-05
0.000218358 0.00401896 4.43517e-06
1.62469e-05 4.43517e-06 -0.0111674

0.00411595 0.000225281 1.41505e-05
0.000225281 0.00421539 -6.97245e-05
1.41505e-05 -6.97245e-05 -0.0111114

0.00401222 0.000128286 7.12298e-05
0.000128286 0.00422371 -7.06664e-05
7.12298e-05 -7.06664e-05 -0.011113

0.00425579 0.000250008 6.24614e-05
0.000250008 0.00401402 -4.17793e-05
6.24614e-05 -4.17793e-05 -0.0111674

0.0043065 0.000108305 1.21936e-05
0.000108305 0.00396511 -8.47338e-05
1.21936e-05 -8.47338e-05 -0.0111631

0.00434999 7.30888e-05 -1.06911e-05
7.30888e-05 0.00395982 -3.14858e-05
-1.06911e-05 -3.14858e-05 -0.0111893

0.00434999 9.12861e-05 -1.06911e-05
9.12861e-05 0.00396131 -9.57743e-05
-1.06911e-05 -9.57743e-05 -0.0111893

0.00430175 -2.17399e-05 -7.5656e-06
-2.17399e-05 0.00395138 -2.40561e-05
-7.5656e-06 -2.40561e-05 -0.0111095

0.00430723 -4.52389e-05 -2.69411e-06
-4.52389e-05 0.00399636 -6.3045e-05
-2.69411e-06 -6.3045e-05 -0.0111111

0.00407503 -0.000194952 -0.000141237
-0.000194952 0.00432028 4.14215e-05
-0.000141237 4.14215e-05 -0.0112955

0.00416838 -0.000120369 -4.04894e-06
-0.000120369 0.00436844 0.000102865
-4.04894e-06 0.000102865 -0.0112968

0.00396985 -6.94606e-05 -1.39229e-06
-6.94606e-05 0.00417454 8.2195e-06
-1.39229e-06 8.2195e-06 -0.0110385

0.00396417 -6.39078e-05 3.11391e-05
-6.39078e-05 0.00423298 8.66386e-05
3.11391e-05 8.66386e-05 -0.0110347

0.00426916 -8.54145e-05 2.41082e-05
-8.54145e-05 0.00407765 -4.1854e-05
2.41082e-05 -4.1854e-05 -0.011165

0.00430493 -4.50922e-05 8.46713e-06
-4.50922e-05 0.00412253 -5.7495e-05
8.46713e-06 -5.7495e-05 -0.011165

0.00430264 0.000165244 -1.44597e-05
0.000165244 0.00386768 -6.21622e-05
-1.44597e-05 -6.21622e-05 -0.0111622

0.00430253 -1.70639e-05 -3.85073e-06
-1.70639e-05 0.00383771 4.52352e-05
-3.85073e-06 4.52352e-05 -0.0111076

0.00348067 0.00401954 0.00928062
0.00401954 0.00438271 -0.00324319
0.00928062 -0.00324319 -0.022082

-0.000924394 0.00288622 0.00832411
0.00288622 0.00847903 -0.00162497
0.00832411 -0.00162497 -0.0219694

0.00977175 0.00155747 0.00101555
0.00155747 0.00883121 -0.00176926
0.00101555 -0.00176926 -0.0280205

0.00847849 0.000146188 0.00330494
0.000146188 0.0075441 -0.000248396
0.00330494 -0.000248396 -0.0282963

0.0118161 0.000368065 0.00319156
0.000368065 0.00564218 0.00115406
0.00319156 0.00115406 -0.0311048

0.0116084 5.29825e-05 0.00263692
5.29825e-05 0.0077154 -0.00170451
0.00263692 -0.00170451 -0.0309901

0.0066791 -0.00146872 0.00102895
-0.00146872 0.00717433 0.000360775
0.00102895 0.000360775 -0.0226552

0.00892337 0.000611431 0.00174189
0.000611431 0.00909439 0.000983548
0.00174189 0.000983548 -0.0226102

-2.22045e-16 1.11022e-16 0.00619694
1.11022e-16 0 -0.00673073
0.00619694 -0.00673073 -0.0249644

0.00949427 -0.00137112 -0.000285251
-0.00137112 0.0119996 0.000977195
-0.000285251 0.000977195 -0.0271536

0.00652806 -9.75348e-05 -0.000268996
-9.75348e-05 0.0114646 0.00106031
-0.000268996 0.00106031 -0.0264697

0 1.11022e-16 0.00619694
1.11022e-16 2.22045e-16 -0.00673073
0.00619694 -0.00673073 -0.0249644

0.0105563 -0.000921503 -9.86698e-05
-0.000921503 0.00990398 0.00123038
-9.86698e-05 0.00123038 -0.0271341

0.00849285 -0.00442847 0.00149881
-0.00442847 0.0118958 -0.00117932
0.00149881 -0.00117932 -0.0280534

0.00671481 -0.0031954 0.00214099
-0.0031954 0.0155069 -0.000572389
0.00214099 -0.000572389 -0.0280374

0 9.71445e-17 0.0110481
9.71445e-17 0 -0.000294415
0.0110481 -0.000294415 -0.0198001

0 0 0.00854553
0 0 -0.00387491
0.00854553 -0.00387491 -0.0220552

0.00892757 0.000602492 -0.000534329
0.000602492 0.00855323 0.00214026
-0.000534329 0.00214026 -0.0238982

0.00818761 0.000288795 -0.000918463
0.000288795 0.00990883 0.00153135
-0.000918463 0.00153135 -0.0239639

0.00986654 -0.000296483 -0.00130765
-0.000296483 0.0101982 0.00173164
-0.00130765 0.00173164 -0.026093

0.00474052 -0.000180391 2.51539e-05
-0.000180391 0.00474902 0.000138007
2.51539e-05 0.000138007 -0.0124267

0.00926092 0.000285176 -0.00206427
0.000285176 0.00981365 0.000721638
-0.00206427 0.000721638 -0.0259701

0.00931232 0.00010398 -0.00187093
0.00010398 0.0097791 -0.000688927
-0.00187093 -0.000688927 -0.0260324

0.00928311 0.000281501 -0.00310059
0.000281501 0.00981415 0.000821516
-0.00310059 0.000821516 -0.0242443

0.00867945 0.000307575 -0.00231025
0.000307575 0.00994409 0.00186816
-0.00231025 0.00186816 -0.0243205

0.00483412 -3.10303e-05 8.34755e-05
-3.10303e-05 0.00478698 9.3827e-05
8.34755e-05 9.3827e-05 -0.0126995

0.00438496 -0.000123885 -5.03046e-05
-0.000123885 0.00442954 0.000108641
-5.03046e-05 0.000108641 -0.0118725

0.00402141 -5.71419e-05 -0.000183008
-5.71419e-05 0.00391815 -8.7778e-05
-0.000183008 -8.7778e-05 -0.0109499

0.0092469 -0.000136663 0.000170173
-0.000136663 0.00962673 0.00375109
0.000170173 0.00375109 -0.025193

0.00958987 0.00072391 -0.00131522
0.00072391 0.00875723 0.00246179
-0.00131522 0.00246179 -0.0237953

0.00479643 -0.000102483 -0.00016697
-0.000102483 0.00448529 -6.55085e-05
-0.00016697 -6.55085e-05 -0.0122898

0.00406364 -0.000100402 -3.37101e-05
-0.000100402 0.00419719 -4.26184e-05
-3.37101e-05 -4.26184e-05 -0.0114458

0.00432534 6.82807e-05 -0.000194957
6.82807e-05 0.00439362 -0.00019655
-0.000194957 -0.00019655 -0.0117732

0.00451641 0.000212015 -0.00014754
0.000212015 0.00447052 -7.59502e-05
-0.00014754 -7.59502e-05 -0.0119924

0.00847366 -5.53956e-05 -0.00257182
-5.53956e-05 0.00925785 0.000546134
-0.00257182 0.000546134 -0.0234815

0.00843734 -0.000147361 -0.00293906
-0.000147361 0.00916315 -0.00111413
-0.00293906 -0.00111413 -0.0233338

0.00564675 0.000325146 -0.000196692
0.000325146 0.00583866 9.68206e-06
-0.000196692 9.68206e-06 -0.0147025

0.00403787 4.17809e-05 -9.58793e-05
4.17809e-05 0.00444253 4.2265e-05
-9.58793e-05 4.2265e-05 -0.0115748

0.00458632 7.81509e-05 -0.000184419
7.81509e-05 0.00466282 -8.49102e-05
-0.000184419 -8.49102e-05 -0.0120719

0.00783805 0.000290727 -0.00216581
0.000290727 0.00862279 0.000796462
-0.00216581 0.000796462 -0.0200745

0.004002 4.53592e-05 -4.36648e-05
4.53592e-05 0.00445537 -1.81414e-05
-4.36648e-05 -1.81414e-05 -0.01142

0.00397799 9.301e-05 3.98076e-05
9.301e-05 0.00447575 1.19415e-05
3.98076e-05 1.19415e-05 -0.0113769

0.00885024 9.59421e-05 -0.00152029
9.59421e-05 0.00776746 0.00209573
-0.00152029 0.00209573 -0.0215748

0.00870529 0.000308928 -0.00128009
0.000308928 0.00745548 0.00170619
-0.00128009 0.00170619 -0.0205951

0.00398068 9.75304e-05 -2.84169e-05
9.75304e-05 0.0044695 6.0402e-05
-2.84169e-05 6.0402e-05 -0.0115678

0.00406613 5.31054e-05 9.56884e-06
5.31054e-05 0.00408181 -2.49562e-05
9.56884e-06 -2.49562e-05 -0.0110796

0.00836199 0.000234976 -0.000538062
0.000234976 0.00793885 0.000453884
-0.000538062 0.000453884 -0.0205533

0.00782146 0.000163989 -0.0023549
0.000163989 0.00808365 0.000226013
-0.0023549 0.000226013 -0.0204489

0.00825085 -1.37477e-05 -0.00269872
-1.37477e-05 0.00907453 -0.00120086
-0.00269872 -0.00120086 -0.0224161

0.00472445 -1.67008e-05 -0.000255886
-1.67008e-05 0.00422319 4.82063e-05
-0.000255886 4.82063e-05 -0.0120489

0.0081467 -0.000158439 -0.00220255
-0.000158439 0.00888178 -0.000403473
-0.00220255 -0.000403473 -0.0233635

0.00611937 0.000160873 5.09472e-05
0.000160873 0.00584042 -0.000242557
5.09472e-05 -0.000242557 -0.015251

0.0064622 -0.000132424 0.000137226
-0.000132424 0.00607996 -0.000376781
0.000137226 -0.000376781 -0.0155497

0.00414972 -6.3434e-05 -4.1505e-05
-6.3434e-05 0.00436541 0.000122581
-4.1505e-05 0.000122581 -0.0114593

0.00408274 7.92379e-05 5.95061e-06
7.92379e-05 0.00406172 1.25188e-05
5.95061e-06 1.25188e-05 -0.0111093

0.00411258 3.1577e-05 -1.38529e-05
3.1577e-05 0.00409099 -8.63552e-06
-1.38529e-05 -8.63552e-06 -0.0111052

0.00411628 -5.85272e-05 -0.000103334
-5.85272e-05 0.00443102 8.81037e-05
-0.000103334 8.81037e-05 -0.0115451

0.00759663 -8.44759e-05 0.000248572
-8.44759e-05 0.00727915 0.000749044
0.000248572 0.000749044 -0.019161

0.00924014 0.000122035 0.00186167
0.000122035 0.00966394 0.000526348
0.00186167 0.000526348 -0.0255508

0.00416446 -1.32429e-06 5.65534e-05
-1.32429e-06 0.00398008 4.44365e-05
5.65534e-05 4.44365e-05 -0.0111195

0.00565166 -0.000173975 -0.000179696
-0.000173975 0.0056655 -0.000124965
-0.000179696 -0.000124965 -0.0143985

0.00637999 -0.000249253 0.000831097
-0.000249253 0.00668271 0.00081328
0.000831097 0.00081328 -0.0168553

0.00583147 -0.000209367 -0.000365471
-0.000209367 0.00583484 0.000203573
-0.000365471 0.000203573 -0.0151315

0.00597815 0.000101136 -0.000899812
0.000101136 0.00695821 -1.02617e-05
-0.000899812 -1.02617e-05 -0.0165737

0.00589978 -0.000124389 -0.000899389
-0.000124389 0.00694889 -4.32168e-05
-0.000899389 -4.32168e-05 -0.0165719

0.00557833 -0.000257087 0.000234886
-0.000257087 0.0053846 6.97731e-05
0.000234886 6.97731e-05 -0.0140209

0.00423083 -6.93567e-05 9.16692e-05
-6.93567e-05 0.00404008 1.4915e-05
9.16692e-05 1.4915e-05 -0.0111052

0.00414425 -8.23144e-05 -3.85455e-05
-8.23144e-05 0.00430436 0.000128981
-3.85455e-05 0.000128981 -0.0114574

0.00416659 -7.88146e-05 -4.81745e-05
-7.88146e-05 0.00430164 0.000148466
-4.81745e-05 0.000148466 -0.0115882

0.00415375 1.07771e-06 -0.00014013
1.07771e-06 0.00444038 0.00018699
-0.00014013 0.00018699 -0.0117989

0.0084253 5.63881e-05 -0.00103841
5.63881e-05 0.00752893 0.000213717
-0.00103841 0.000213717 -0.0195844

0.00634888 -0.000362306 0.000797386
-0.000362306 0.00653591 0.00043478
0.000797386 0.00043478 -0.0166436

0.00519935 1.51614e-05 0.000235968
1.51614e-05 0.00479886 -0.000232935
0.000235968 -0.000232935 -0.0131456

0.00727369 -0.000174327 -0.000869872
-0.000174327 0.00738717 0.000161908
-0.000869872 0.000161908 -0.0181043

0.006461 -9.98857e-05 2.6248e-05
-9.98857e-05 0.00627207 -0.000606091
2.6248e-05 -0.000606091 -0.0160514

0.0098672 0.000114313 0.00201112
0.000114313 0.00948895 -0.0007785
0.00201112 -0.0007785 -0.0263283

0.00692226 -6.56026e-05 -0.000364568
-6.56026e-05 0.00727342 0.000539657
-0.000364568 0.000539657 -0.0181822

0.00689049 0.000167254 -0.000477185
0.000167254 0.00660146 1.84331e-05
-0.000477185 1.84331e-05 -0.0168289

0.00539083 -5.57646e-05 7.04853e-05
-5.57646e-05 0.00515653 -0.000129735
7.04853e-05 -0.000129735 -0.014023

0.00450525 -2.23861e-05 -2.6566e-05
-2.23861e-05 0.00457069 6.74472e-05
-2.6566e-05 6.74472e-05 -0.012045

0.0104142 -0.000597164 0.001227
-0.000597164 0.00981322 -0.0019919
0.001227 -0.0019919 -0.0265727

0.00225393 -0.00209979 -0.000915218
-0.00209979 0.01042 -0.00113052
-0.000915218 -0.00113052 -0.0258774

0.00958066 -0.00024493 0.00153605
-0.00024493 0.00929327 -0.00220503
0.00153605 -0.00220503 -0.0262341

0.0101634 0.000395873 0.00249001
0.000395873 0.00882817 0.00162059
0.00249001 0.00162059 -0.0267336

0.00700035 0.000346469 -0.00089623
0.000346469 0.00756756 0.0013228
-0.00089623 0.0013228 -0.0182875

0.0094095 0.000730961 -0.00030712
0.000730961 0.00806194 -7.76537e-05
-0.00030712 -7.76537e-05 -0.0259234

0.00888711 0.000781132 0.000314277
0.000781132 0.00862108 0.000510537
0.000314277 0.000510537 -0.0259183

0.00521634 0.000264116 -0.000252733
0.000264116 0.00529737 6.82884e-05
-0.000252733 6.82884e-05 -0.0140779

0.00859125 0.000295735 -0.000146738
0.000295735 0.0111354 -0.000959818
-0.000146738 -0.000959818 -0.0258596

0.00526923 2.33083e-05 -6.67481e-05
2.33083e-05 0.00511913 7.29432e-05
-6.67481e-05 7.29432e-05 -0.0132619

0.00775138 0.000228355 -0.000614825
0.000228355 0.00758173 0.00128411
-0.000614825 0.00128411 -0.0181891

0.0052746 -5.03041e-05 0.000302783
-5.03041e-05 0.00507027 -0.000204769
0.000302783 -0.000204769 -0.0135781

0.0053046 -6.44114e-05 0.00022936
-6.44114e-05 0.00492509 -9.36944e-05
0.00022936 -9.36944e-05 -0.013437

0.0102776 -0.000598965 0.00186416
-0.000598965 0.00988816 -0.00148445
0.00186416 -0.00148445 -0.0262219

0.00516413 -4.95906e-05 0.000130133
-4.95906e-05 0.00507646 -0.000270872
0.000130133 -0.000270872 -0.0135073

0.0051955 -7.47394e-05 1.12042e-05
-7.47394e-05 0.00500262 -0.000377256
1.12042e-05 -0.000377256 -0.0134893

0.00429635 -7.53944e-05 5.16366e-06
-7.53944e-05 0.00440995 -3.26763e-05
5.16366e-06 -3.26763e-05 -0.0117584

0.00538301 -1.87807e-05 -9.48114e-06
-1.87807e-05 0.00546866 -0.000223626
-9.48114e-06 -0.000223626 -0.0142171

0.00537873 -4.96787e-05 -1.70536e-05
-4.96787e-05 0.00555351 -0.000319901
-1.70536e-05 -0.000319901 -0.0142249

0.00865433 -0.000228546 -2.31003e-05
-0.000228546 0.00837407 -0.00311409
-2.31003e-05 -0.00311409 -0.0257955

0.00504006 9.59138e-06 0.000101548
9.59138e-06 0.00478441 -0.000150359
0.000101548 -0.000150359 -0.0128639

0.00492147 7.44773e-06 0.000206761
7.44773e-06 0.00479203 -0.000113041
0.000206761 -0.000113041 -0.0127935

0.00503675 2.39937e-05 0.000116157
2.39937e-05 0.0047325 -0.000184875
0.000116157 -0.000184875 -0.0128501

0.00500014 2.19893e-05 0.0003658
2.19893e-05 0.00485908 -0.000185358
0.0003658 -0.000185358 -0.0130623

0.00501741 -3.84495e-05 0.000321932
-3.84495e-05 0.00491547 0.000110019
0.000321932 0.000110019 -0.0130805

0.00314576 -0.00233465 6.31141e-05
-0.00233465 0.00757219 -0.00308462
6.31141e-05 -0.00308462 -0.0257932

0.00499218 2.21504e-05 0.000307486
2.21504e-05 0.00485945 -0.000197662
0.000307486 -0.000197662 -0.0129994

0.00585265 0.000160568 -3.48835e-05
0.000160568 0.00594105 0.000346868
-3.48835e-05 0.000346868 -0.0159144

0.00470212 5.29204e-05 6.64225e-05
5.29204e-05 0.00466689 -0.000194878
6.64225e-05 -0.000194878 -0.0123858

0.00669622 0.000651436 0.00104316
0.000651436 0.00717747 -0.000772646
0.00104316 -0.000772646 -0.0181439

0.00470858 5.22099e-05 4.97297e-05
5.22099e-05 0.00467532 -4.72814e-05
4.97297e-05 -4.72814e-05 -0.0124486

0.00488668 5.76482e-05 0.000209773
5.76482e-05 0.00476194 -0.000137938
0.000209773 -0.000137938 -0.0127838

0.00506093 0.000110024 -7.04882e-05
0.000110024 0.00545031 -0.000283666
-7.04882e-05 -0.000283666 -0.0140136

0.00708925 -0.000229434 0.000222997
-0.000229434 0.00761944 0.00105077
0.000222997 0.00105077 -0.0190433

0.00465765 0.000115353 7.67861e-06
0.000115353 0.00459999 -4.24256e-05
7.67861e-06 -4.24256e-05 -0.0122274

0.00462439 6.4857e-05 6.25839e-05
6.4857e-05 0.00469927 -7.79049e-06
6.25839e-05 -7.79049e-06 -0.0122876

0.00457511 -2.94291e-05 -4.26551e-05
-2.94291e-05 0.00437673 -3.58612e-05
-4.26551e-05 -3.58612e-05 -0.011965

0.006555 0.00026038 0.000848698
0.00026038 0.00722652 -0.0005608
0.000848698 -0.0005608 -0.0179143

0.005936 -5.06859e-05 -0.000388076
-5.06859e-05 0.00607243 0.00015454
-0.000388076 0.00015454 -0.015192

0.00508049 3.62402e-05 -0.000159073
3.62402e-05 0.00554651 9.39053e-05
-0.000159073 9.39053e-05 -0.0136227

0.00468739 4.01202e-05 4.15097e-05
4.01202e-05 0.00450417 -2.86271e-05
4.15097e-05 -2.86271e-05 -0.0122234

0.00418487 1.4722e-05 -9.73109e-05
1.4722e-05 0.00448957 -3.38433e-05
-9.73109e-05 -3.38433e-05 -0.0117078

0.00419566 1.18885e-05 -8.18709e-05
1.18885e-05 0.00447368 -1.75817e-05
-8.18709e-05 -1.75817e-05 -0.0117105

0.00426905 -0.000193357 8.09377e-05
-0.000193357 0.00433161 1.85956e-05
8.09377e-05 1.85956e-05 -0.0114707

0.00421606 -0.000188651 0.000190118
-0.000188651 0.00434796 7.20649e-05
0.000190118 7.20649e-05 -0.0114577

0.00420248 1.77892e-05 -1.83379e-06
1.77892e-05 0.00444715 0.000170037
-1.83379e-06 0.000170037 -0.0116213

0.00403156 -9.2175e-05 -1.5587e-05
-9.2175e-05 0.00456287 0.000116852
-1.5587e-05 0.000116852 -0.0116119

0.00462013 -2.64907e-06 0.000188993
-2.64907e-06 0.00431474 0.000110844
0.000188993 0.000110844 -0.0117295

0.00423831 -2.55919e-05 0.000170657
-2.55919e-05 0.00431341 0.000110115
0.000170657 0.000110115 -0.0117274

0.0044765 0.000149654 0.000102208
0.000149654 0.00444077 4.40589e-05
0.000102208 4.40589e-05 -0.0118638

0.00521732 0.000807924 0.000415792
0.000807924 0.00574037 -0.000220803
0.000415792 -0.000220803 -0.0148708

0.00991814 -0.000313367 0.00210411
-0.000313367 0.00978085 -0.000426893
0.00210411 -0.000426893 -0.025106

0.00407218 -0.000102672 0.000140204
-0.000102672 0.00429876 0.000122397
0.000140204 0.000122397 -0.0112824

0.00417823 -0.00010887 6.9277e-05
-0.00010887 0.00427199 8.85422e-05
6.9277e-05 8.85422e-05 -0.0112882

0.00413199 5.68088e-05 7.02008e-05
5.68088e-05 0.0042104 -3.37053e-05
7.02008e-05 -3.37053e-05 -0.0110979

0.00422333 -9.92162e-05 2.2397e-05
-9.92162e-05 0.00413038 -7.96299e-05
2.2397e-05 -7.96299e-05 -0.0112231

0.00407425 -4.25396e-05 5.90242e-05
-4.25396e-05 0.00412153 -5.66165e-06
5.90242e-05 -5.66165e-06 -0.0111018

0.0041747 -0.000100472 0.000169732
-0.000100472 0.00417651 6.77049e-05
0.000169732 6.77049e-05 -0.0112231

0.00406664 -1.06912e-05 6.8626e-05
-1.06912e-05 0.00404782 -2.12676e-05
6.8626e-05 -2.12676e-05 -0.0110482

0.00432791 5.56871e-05 0.000114756
5.56871e-05 0.00398677 0.000145397
0.000114756 0.000145397 -0.0111009

0.00424904 2.29131e-05 8.62839e-06
2.29131e-05 0.00400664 0.000219118
8.62839e-06 0.000219118 -0.0112122

0.00425421 1.97238e-06 8.39428e-06
1.97238e-06 0.00395598 0.000223949
8.39428e-06 0.000223949 -0.0112123

0.00418547 -0.000115259 1.60937e-05
-0.000115259 0.00379603 6.39119e-05
1.60937e-05 6.39119e-05 -0.0109615

0.00427984 1.59818e-05 6.6032e-05
1.59818e-05 0.00395412 0.000106357
6.6032e-05 0.000106357 -0.0111405

0 -6.93889e-17 0.0110481
-6.93889e-17 0 -0.000294415
0.0110481 -0.000294415 -0.0198001

-0.000366152 -0.000835092 0.00906396
-0.000835092 0.00796343 0.00238853
0.00906396 0.00238853 -0.0252865

0.00531739 0.000103832 0.000123547
0.000103832 0.00528756 -4.2127e-05
0.000123547 -4.2127e-05 -0.0139745

0.00685238 -0.000204527 0.000201197
-0.000204527 0.00639861 0.00109289
0.000201197 0.00109289 -0.0166407

0.0090655 -1.70754e-05 -0.00158528
-1.70754e-05 0.00942908 -0.000675705
-0.00158528 -0.000675705 -0.0253267

0.00895714 -8.12054e-05 -0.00129956
-8.12054e-05 0.0105386 -0.00145292
-0.00129956 -0.00145292 -0.0252997

0.00845879 -0.000473828 -0.00311126
-0.000473828 0.00955387 -0.00134418
-0.00311126 -0.00134418 -0.0237267

0.00759198 -0.000140551 0.000291081
-0.000140551 0.00675821 0.000826703
0.000291081 0.000826703 -0.0183288

0.00996826 -0.000197569 0.000175249
-0.000197569 0.0105023 0.0013043
0.000175249 0.0013043 -0.0275967

0.00808174 -0.000485291 -0.00209175
-0.000485291 0.00835741 -0.000899634
-0.00209175 -0.000899634 -0.0213565

0.00805895 -0.000401138 -0.0019299
-0.000401138 0.00805457 -0.00140062
-0.0019299 -0.00140062 -0.0213209

0.00410809 -0.000211664 -0.000103767
-0.000211664 0.00438461 1.54919e-05
-0.000103767 1.54919e-05 -0.0116491

0.00612417 2.21658e-05 -0.000311707
2.21658e-05 0.00588123 -0.00034666
-0.000311707 -0.00034666 -0.0162807

0.00664723 -0.000333983 -0.00113531
-0.000333983 0.00736389 -0.000373339
-0.00113531 -0.000373339 -0.0181117

0.00662173 -0.000253854 -0.00108279
-0.000253854 0.00736271 -0.000733453
-0.00108279 -0.000733453 -0.018068

0.0101575 -0.000135346 0.00286866
-0.000135346 0.00970925 -0.000422883
0.00286866 -0.000422883 -0.0242266

0.00408972 0.000141533 2.19235e-05
0.000141533 0.00398796 1.30802e-05
2.19235e-05 1.30802e-05 -0.0110297

0.00788705 6.40122e-05 0.00136887
6.40122e-05 0.00739551 -0.000700895
0.00136887 -0.000700895 -0.019311

0.00769026 -5.56328e-05 0.00131649
-5.56328e-05 0.0075805 -0.000619825
0.00131649 -0.000619825 -0.0192755

0.00737316 -0.000112808 -0.000850248
-0.000112808 0.00759299 0.000502096
-0.000850248 0.000502096 -0.018888

0.0074446 -2.83183e-05 0.000514408
-2.83183e-05 0.00772843 0.00114862
0.000514408 0.00114862 -0.0197356

0.00418983 -0.000110052 4.63448e-05
-0.000110052 0.00425814 -7.23973e-06
4.63448e-05 -7.23973e-06 -0.0115345

0.00532514 -1.46611e-05 -1.18753e-05
-1.46611e-05 0.00537273 -0.000130289
-1.18753e-05 -0.000130289 -0.0140047

0.00436017 1.86823e-05 5.71023e-05
1.86823e-05 0.00423824 6.18978e-05
5.71023e-05 6.18978e-05 -0.0114065

0.00421508 -0.000144319 -2.95844e-05
-0.000144319 0.00429859 -2.63788e-05
-2.95844e-05 -2.63788e-05 -0.0116588

0.0049677 -9.85589e-05 0.000183558
-9.85589e-05 0.00499382 6.10436e-05
0.000183558 6.10436e-05 -0.0133786

0.00398896 6.59248e-05 -1.823e-06
6.59248e-05 0.00407515 0.000106261
-1.823e-06 0.000106261 -0.0110366

0 0 -0.00383391
0 0 -0.000382669
-0.00383391 -0.000382669 -0.0201384

0.00501002 -4.00498e-05 0.000263658
-4.00498e-05 0.00491513 9.85882e-05
0.000263658 9.85882e-05 -0.0130196

0.0047824 -4.3769e-05 0.000207127
-4.3769e-05 0.00489388 0.000156929
0.000207127 0.000156929 -0.0127352

0.00483131 -7.47382e-05 0.000142169
-7.47382e-05 0.00490458 0.000227729
0.000142169 0.000227729 -0.0127477

0.00472279 -9.10162e-05 0.000165193
-9.10162e-05 0.0048749 9.15376e-05
0.000165193 9.15376e-05 -0.0127087

0.00471663 -5.3042e-05 0.000145134
-5.3042e-05 0.00465623 0.000128003
0.000145134 0.000128003 -0.0122826

0.00467891 -7.46397e-05 4.96313e-05
-7.46397e-05 0.00464814 9.04851e-05
4.96313e-05 9.04851e-05 -0.0122949

0.00457531 2.92781e-05 3.48469e-05
2.92781e-05 0.00449976 0.000204274
3.48469e-05 0.000204274 -0.0118876

0.00401616 5.07013e-05 -2.4494e-05
5.07013e-05 0.00402483 -5.80537e-06
-2.4494e-05 -5.80537e-06 -0.0112823

0.0042324 6.97153e-05 -1.8905e-05
6.97153e-05 0.0042612 8.52372e-05
-1.8905e-05 8.52372e-05 -0.0113114

0.00936043 0.000107322 0.00229652
0.000107322 0.00950962 -0.000646583
0.00229652 -0.000646583 -0.0250519

0.00435087 9.00511e-05 1.4991e-05
9.00511e-05 0.0042642 7.817e-05
1.4991e-05 7.817e-05 -0.0117314

0.00454689 -5.4102e-05 4.56197e-05
-5.4102e-05 0.00433259 4.72444e-05
4.56197e-05 4.72444e-05 -0.0117285

0.00420892 1.43911e-05 2.86941e-05
1.43911e-05 0.00396436 9.22927e-05
2.86941e-05 9.22927e-05 -0.0110979

0.00427984 -1.38436e-05 6.6032e-05
-1.38436e-05 0.003959 0.000109588
6.6032e-05 0.000109588 -0.0111405

-0.000730537 -0.00218124 0.00916323
-0.00218124 0.00819083 0.00292642
0.00916323 0.00292642 -0.0253079

-2.22045e-16 0 0.00747484
0 0 0.00742746
0.00747484 0.00742746 -0.0275985

0 0 0.0110481
0 0 -0.000294415
0.0110481 -0.000294415 -0.0198001

0.0100661 0.000186203 -0.00136295
0.000186203 0.00928928 -0.00112555
-0.00136295 -0.00112555 -0.02496

0.00907259 0.000328799 -0.000841999
0.000328799 0.0105157 -0.00181675
-0.000841999 -0.00181675 -0.0249285

0.00878104 -0.000840736 -0.000219717
-0.000840736 0.00847649 -0.000128866
-0.000219717 -0.000128866 -0.0251036

0.00852523 -0.00071085 -0.00223267
-0.00071085 0.00985533 -0.00194234
-0.00223267 -0.00194234 -0.0239301

0.00840886 -0.0004186 -0.00243588
-0.0004186 0.00869444 -0.00193312
-0.00243588 -0.00193312 -0.0225891

0.00860556 -0.00041218 -0.00188599
-0.00041218 0.00861972 -0.00226168
-0.00188599 -0.00226168 -0.0226541

0.00859247 -0.000253185 -0.00204653
-0.000253185 0.00883751 -0.00155162
-0.00204653 -0.00155162 -0.0219218

0.00801702 -0.000389284 -0.00183556
-0.000389284 0.00809345 -0.00121624
-0.00183556 -0.00121624 -0.0204782

0.00808392 -0.000109507 -0.00213979
-0.000109507 0.0074139 -0.00150761
-0.00213979 -0.00150761 -0.0196149

0.00405465 -1.80687e-05 -7.53195e-05
-1.80687e-05 0.00413739 8.8756e-05
-7.53195e-05 8.8756e-05 -0.0112165

0.00659072 -0.000479279 0.000668104
-0.000479279 0.00659165 0.000482007
0.000668104 0.000482007 -0.0167539

0.00660163 -0.000243265 -0.00107193
-0.000243265 0.00738842 -0.000608004
-0.00107193 -0.000608004 -0.0175239

0.00595251 -0.000493249 -0.000668578
-0.000493249 0.00678103 -5.84851e-05
-0.000668578 -5.84851e-05 -0.0159831

0.00589747 -0.000270676 -0.000498657
-0.000270676 0.00605066 -0.000381007
-0.000498657 -0.000381007 -0.0157244

0.00662393 -9.90855e-05 -0.0012191
-9.90855e-05 0.00700043 -0.000783502
-0.0012191 -0.000783502 -0.0170088

0.00626527 -0.000180756 9.4347e-05
-0.000180756 0.00591359 -0.000314597
9.4347e-05 -0.000314597 -0.016018

0.00934768 0.000210603 0.00261576
0.000210603 0.00965115 -0.000308706
0.00261576 -0.000308706 -0.0243052

0.00403516 -8.80796e-06 7.80791e-05
-8.80796e-06 0.00413555 7.49957e-05
7.80791e-05 7.49957e-05 -0.0110572

0.00854871 4.65233e-05 -0.00137635
4.65233e-05 0.00872368 -0.00173041
-0.00137635 -0.00173041 -0.0222061

0.00771557 1.93052e-05 0.00134078
1.93052e-05 0.00770909 -0.000713507
0.00134078 -0.000713507 -0.0195461

0.00519208 -5.01046e-05 0.000147134
-5.01046e-05 0.00534525 8.34771e-05
0.000147134 8.34771e-05 -0.0137345

0.00825438 0.000778295 0.000819368
0.000778295 0.00741869 -0.00183887
0.000819368 -0.00183887 -0.0202626

0.00436667 1.40569e-05 7.72176e-05
1.40569e-05 0.00424151 4.56124e-05
7.72176e-05 4.56124e-05 -0.0115231

0.00498437 -6.36806e-05 0.000222336
-6.36806e-05 0.00494123 0.0001807
0.000222336 0.0001807 -0.0129692

0.00483129 -0.000100396 0.00012134
-0.000100396 0.00496783 0.000232584
0.00012134 0.000232584 -0.0128722

0.00481317 -6.24523e-05 0.000146686
-6.24523e-05 0.0049088 0.000239566
0.000146686 0.000239566 -0.0127311

0.00478792 -0.00011964 9.88273e-05
-0.00011964 0.00486239 0.000165643
9.88273e-05 0.000165643 -0.0127216

0.00505265 -3.62681e-05 -0.000338648
-3.62681e-05 0.00483435 -5.36046e-05
-0.000338648 -5.36046e-05 -0.0131445

0.0104254 -6.40101e-05 0.00283141
-6.40101e-05 0.00947948 0.000836094
0.00283141 0.000836094 -0.0259971

0.00432631 3.92152e-05 -1.95803e-05
3.92152e-05 0.00418614 -2.2882e-06
-1.95803e-05 -2.2882e-06 -0.0115231

0.00435785 7.35613e-05 -3.606e-05
7.35613e-05 0.00414034 9.19275e-06
-3.606e-05 9.19275e-06 -0.0115249

0.00439108 -0.000113971 1.24999e-05
-0.000113971 0.00426891 -4.99265e-05
1.24999e-05 -4.99265e-05 -0.0115875

0.00425363 0.000127624 4.74583e-05
0.000127624 0.00400566 4.52606e-05
4.74583e-05 4.52606e-05 -0.0110984

0.00424245 7.42809e-05 5.07592e-05
7.42809e-05 0.00383264 7.43959e-05
5.07592e-05 7.43959e-05 -0.0110971

0.00425649 0.000144529 4.49508e-05
0.000144529 0.00409884 3.36235e-06
4.49508e-05 3.36235e-06 -0.0112024

0.00806137 0.00055117 -0.000377646
0.00055117 0.00753963 -0.00121675
-0.000377646 -0.00121675 -0.0235875

0.00908226 -0.000646229 0.000299355
-0.000646229 0.00893285 -0.00207421
0.000299355 -0.00207421 -0.0234971

0.00810891 -0.00076445 0.000300127
-0.00076445 0.00933712 -0.000792811
0.000300127 -0.000792811 -0.0250846

0.00933483 0.00283197 0.00145704
0.00283197 0.0114172 0.00334449
0.00145704 0.00334449 -0.0287847

0.00703534 0.00309368 0.00239642
0.00309368 0.0146724 0.00204528
0.00239642 0.00204528 -0.0287357

2.22045e-16 -1.11022e-16 0.00747484
-1.11022e-16 0 0.00742746
0.00747484 0.00742746 -0.0275985

0.00950339 5.66923e-05 -0.001604
5.66923e-05 0.00927553 -0.00236495
-0.001604 -0.00236495 -0.0243732

0.009298 -0.000557612 -0.00145734
-0.000557612 0.00796628 -0.00218404
-0.00145734 -0.00218404 -0.0222939

0.00891878 -0.000436458 -0.00193836
-0.000436458 0.0085247 -0.00234984
-0.00193836 -0.00234984 -0.0227331

0.00872712 -0.000262253 -0.00153242
-0.000262253 0.00880175 -0.00185795
-0.00153242 -0.00185795 -0.0219886

0.00759563 -0.000493565 -0.00125029
-0.000493565 0.0078155 -0.00182218
-0.00125029 -0.00182218 -0.0197735

0.00846219 -0.000242504 -0.00160796
-0.000242504 0.00824816 -0.00206497
-0.00160796 -0.00206497 -0.0216071

0.00846225 -0.000156808 -0.00127425
-0.000156808 0.00848584 -0.00158084
-0.00127425 -0.00158084 -0.0208469

0.00846412 -0.000121774 -0.00123835
-0.000121774 0.00778769 -0.00147582
-0.00123835 -0.00147582 -0.0203962

0.00395477 -5.20823e-05 -8.0593e-05
-5.20823e-05 0.0043015 -6.55115e-05
-8.0593e-05 -6.55115e-05 -0.0113352

0.00735861 -0.000365703 -0.000525532
-0.000365703 0.00682542 -0.000968917
-0.000525532 -0.000968917 -0.0182812

0.00740633 -0.000289365 -0.000230441
-0.000289365 0.00642583 -0.00143866
-0.000230441 -0.00143866 -0.0181566

0.00725851 -0.000438871 -0.000700177
-0.000438871 0.00681509 -0.00089321
-0.000700177 -0.00089321 -0.0176274

0.00662746 -6.05182e-05 -0.00100348
-6.05182e-05 0.00694945 -0.000923566
-0.00100348 -0.000923566 -0.0170261

0.00416869 -0.000137393 8.7549e-05
-0.000137393 0.00412506 0.000133699
8.7549e-05 0.000133699 -0.011254

0.00992049 -0.000166965 0.00238752
-0.000166965 0.00958957 -0.000504542
0.00238752 -0.000504542 -0.0256774

0.00626674 -0.000128203 -0.000515678
-0.000128203 0.00609701 -0.000555146
-0.000515678 -0.000555146 -0.0157006

0.0059843 -0.000374482 -0.000348057
-0.000374482 0.0059573 -0.000192076
-0.000348057 -0.000192076 -0.0152673

0.00587631 -6.08174e-05 -0.000207285
-6.08174e-05 0.00566606 -0.000349736
-0.000207285 -0.000349736 -0.0149708

0.00575589 2.57116e-05 -0.000190754
2.57116e-05 0.00570189 -0.000380335
-0.000190754 -0.000380335 -0.0149695

0.00587273 -6.86739e-05 -0.000128734
-6.86739e-05 0.00565114 -0.000111999
-0.000128734 -0.000111999 -0.0148912

0.00563103 7.32064e-06 -0.000158768
7.32064e-06 0.00563862 -8.04879e-05
-0.000158768 -8.04879e-05 -0.0145594

0.00555149 -9.64562e-05 5.87008e-05
-9.64562e-05 0.00550376 0.000146719
5.87008e-05 0.000146719 -0.0142799

0.0052572 5.16195e-05 0.000248848
5.16195e-05 0.00543536 2.1428e-05
0.000248848 2.1428e-05 -0.0142592

0.00525086 -3.77136e-05 8.4677e-05
-3.77136e-05 0.00519969 0.000165549
8.4677e-05 0.000165549 -0.0137293

0.00494359 -5.69993e-06 0.000180277
-5.69993e-06 0.00486235 0.000227876
0.000180277 0.000227876 -0.0129677

0.0050372 -1.29721e-05 7.11434e-05
-1.29721e-05 0.00510236 0.000154943
7.11434e-05 0.000154943 -0.0134029

0.00512178 -2.27187e-05 -4.60394e-07
-2.27187e-05 0.00503521 0.00022201
-4.60394e-07 0.00022201 -0.013393

0.00503919 -2.08195e-06 7.8762e-05
-2.08195e-06 0.00512874 0.000219991
7.8762e-05 0.000219991 -0.0133905

0.0048311 -7.02044e-05 7.13768e-05
-7.02044e-05 0.00489988 0.000288401
7.13768e-05 0.000288401 -0.0128702

0.00484179 -4.07932e-05 8.33312e-05
-4.07932e-05 0.00481841 0.000299191
8.33312e-05 0.000299191 -0.0127753

0.00477243 -1.89736e-05 -9.14376e-05
-1.89736e-05 0.00487544 0.00053208
-9.14376e-05 0.00053208 -0.0127202

0.00483916 -4.67739e-05 5.04796e-05
-4.67739e-05 0.00480689 0.00019307
5.04796e-05 0.00019307 -0.0127005

0.00499165 -9.69728e-05 -0.000301166
-9.69728e-05 0.00514506 4.61808e-05
-0.000301166 4.61808e-05 -0.013157

0.0046456 -0.000133885 -1.83834e-05
-0.000133885 0.00461772 2.4732e-05
-1.83834e-05 2.4732e-05 -0.0124182

0.00487901 2.85078e-05 -0.000240855
2.85078e-05 0.00501471 2.60264e-05
-0.000240855 2.60264e-05 -0.0129549

0.00400954 5.97546e-06 8.32809e-06
5.97546e-06 0.00433361 1.27267e-05
8.32809e-06 1.27267e-05 -0.0111996

0.00889979 -8.70198e-05 0.00143705
-8.70198e-05 0.010343 0.00127443
0.00143705 0.00127443 -0.0256742

0.00907683 0.000147291 -0.000436832
0.000147291 0.00803793 0.00297989
-0.000436832 0.00297989 -0.0218669

0.00435558 7.07672e-05 -2.04647e-05
7.07672e-05 0.00413695 2.52033e-05
-2.04647e-05 2.52033e-05 -0.011445

0.00423853 0.000209477 -8.1816e-05
0.000209477 0.0039869 0.000130129
-8.1816e-05 0.000130129 -0.0112024

0.00401536 5.43056e-05 -1.84431e-05
5.43056e-05 0.0042254 5.10867e-05
-1.84431e-05 5.10867e-05 -0.0112955

0.00401862 -1.91931e-05 -3.34844e-05
-1.91931e-05 0.00455918 9.84687e-05
-3.34844e-05 9.84687e-05 -0.0112904

0.0040241 6.11476e-05 -8.03622e-05
6.11476e-05 0.00422758 3.33812e-05
-8.03622e-05 3.33812e-05 -0.0111541

0.00404213 3.4128e-05 -8.32092e-05
3.4128e-05 0.0042524 3.92877e-05
-8.32092e-05 3.92877e-05 -0.0111538

3.02931e-05 0.00115387 0.00141953
0.00115387 0.00923215 -0.00537441
0.00141953 -0.00537441 -0.0281371

0.00488228 6.49153e-05 -0.00024907
6.49153e-05 0.00489161 5.71032e-05
-0.00024907 5.71032e-05 -0.0129627

0 0 0.000524361
0 0 -0.00442352
0.000524361 -0.00442352 -0.0192092

-1.11022e-16 0 -0.00110591
0 -2.22045e-16 -0.0029101
-0.00110591 -0.0029101 -0.0209789

0.00657995 -0.000469439 0.00062408
-0.000469439 0.00672897 0.000448743
0.00062408 0.000448743 -0.0168969

0.009419 4.89322e-05 0.000492581
4.89322e-05 0.00954671 0.00275735
0.000492581 0.00275735 -0.024352

0.00903711 -5.36456e-05 0.000332088
-5.36456e-05 0.00838135 0.00262821
0.000332088 0.00262821 -0.0228727

0.00906613 0.000149934 -0.000533306
0.000149934 0.00820749 0.00296932
-0.000533306 0.00296932 -0.02273

0.00621404 0.000172302 7.59939e-06
0.000172302 0.00595497 0.000706356
7.59939e-06 0.000706356 -0.0154492

0.00874173 0.000164521 0.000629546
0.000164521 0.00804211 0.00253624
0.000629546 0.00253624 -0.0218637

0.00450879 -5.32903e-05 -5.50872e-05
-5.32903e-05 0.0045742 4.01788e-05
-5.50872e-05 4.01788e-05 -0.0120985

0.0079002 -0.000135077 0.000397568
-0.000135077 0.00725216 0.00198463
0.000397568 0.00198463 -0.019354

0.0081139 -5.84814e-05 -0.000368289
-5.84814e-05 0.00727767 0.00163509
-0.000368289 0.00163509 -0.0195096

0.0102061 -3.61233e-06 0.00203681
-3.61233e-06 0.00971782 0.000255058
0.00203681 0.000255058 -0.0263672

0.00720094 -0.000255265 0.000587953
-0.000255265 0.00651935 0.00122604
0.000587953 0.00122604 -0.0179787

0.00661763 -5.45913e-05 -0.000455254
-5.45913e-05 0.00681321 0.000179346
-0.000455254 0.000179346 -0.0167784

0.00527085 -0.000137735 -4.72206e-05
-0.000137735 0.00503666 -0.000206231
-4.72206e-05 -0.000206231 -0.0137823

0.00672568 0.000114192 -0.000128546
0.000114192 0.00634099 0.000542739
-0.000128546 0.000542739 -0.0169933

0.00781439 0.000125127 0.00149577
0.000125127 0.00768544 -0.000714861
0.00149577 -0.000714861 -0.0195075

0.00711893 0.00026645 -0.00108903
0.00026645 0.00708144 0.000770763
-0.00108903 0.000770763 -0.0188356

0.00659292 0.000365248 -7.62318e-05
0.000365248 0.00502087 2.14081e-05
-7.62318e-05 2.14081e-05 -0.014984

0.00589352 -0.000206749 9.75647e-05
-0.000206749 0.00551277 -0.000277485
9.75647e-05 -0.000277485 -0.0147402

0.0101253 -0.000120785 0.00273429
-0.000120785 0.0100891 0.00110294
0.00273429 0.00110294 -0.0266437

0.00435182 -8.52578e-05 -1.50818e-05
-8.52578e-05 0.00432332 -1.30402e-05
-1.50818e-05 -1.30402e-05 -0.0117217

0.00451714 -5.15028e-05 -7.71756e-05
-5.15028e-05 0.00448302 3.01675e-05
-7.71756e-05 3.01675e-05 -0.0120404

0.00403804 0.000206933 -4.86314e-06
0.000206933 0.00427374 -7.20062e-05
-4.86314e-06 -7.20062e-05 -0.0112979

0.0108056 0.000225129 0.00222572
0.000225129 0.00919617 7.20813e-05
0.00222572 7.20813e-05 -0.0268214

0.00516536 5.04455e-06 -5.16541e-05
5.04455e-06 0.00496531 -0.000142313
-5.16541e-05 -0.000142313 -0.0132877

0.00498643 2.27599e-05 -0.000173534
2.27599e-05 0.00489808 -0.000245477
-0.000173534 -0.000245477 -0.0130026

0.00495122 1.55976e-05 -2.27272e-05
1.55976e-05 0.00489664 -0.000211365
-2.27272e-05 -0.000211365 -0.0130161

0.00498941 2.64045e-05 -0.000200836
2.64045e-05 0.0048755 -0.000210734
-0.000200836 -0.000210734 -0.0129241

0.00432373 3.89783e-05 -0.000148523
3.89783e-05 0.00471222 -5.63581e-05
-0.000148523 -5.63581e-05 -0.0121579

0.0066208 0.000456182 -0.000817908
0.000456182 0.00703118 0.000877047
-0.000817908 0.000877047 -0.0169872

0.0043589 8.89439e-05 -7.28289e-05
8.89439e-05 0.00450447 -2.62911e-05
-7.28289e-05 -2.62911e-05 -0.0117854

0.00422695 0.000194053 -7.02889e-06
0.000194053 0.0044846 3.42492e-05
-7.02889e-06 3.42492e-05 -0.0116184

0.00432278 3.59977e-05 -5.01747e-06
3.59977e-05 0.00418333 1.5219e-05
-5.01747e-06 1.5219e-05 -0.0114439

0.00416969 -0.000127574 9.28334e-05
-0.000127574 0.00415805 0.000122679
9.28334e-05 0.000122679 -0.0112885

-0.00142144 0.000571417 -0.00109428
0.000571417 0.0206655 -0.00217901
-0.00109428 -0.00217901 -0.0279276

0 0 0.00187545
0 0 -0.00487192
0.00187545 -0.00487192 -0.0218307

0.00948703 0.000167625 -0.000309238
0.000167625 0.00942563 0.00310879
-0.000309238 0.00310879 -0.0242379

0.00982849 0.000539366 0.00216927
0.000539366 0.00974701 0.00096368
0.00216927 0.00096368 -0.0263971

0.00798427 8.30459e-05 0.00131023
8.30459e-05 0.0068151 -0.000133687
0.00131023 -0.000133687 -0.0203788

0.00846852 8.15142e-06 -0.00079222
8.15142e-06 0.0080061 0.00289706
-0.00079222 0.00289706 -0.0214112

0.00840152 0.000201893 -0.000491499
0.000201893 0.00756708 0.0025602
-0.000491499 0.0025602 -0.0204192

0.0056777 4.07377e-05 -0.000167501
4.07377e-05 0.00586909 0.000126845
-0.000167501 0.000126845 -0.0151192

0.00847472 -0.00106923 0.00175701
-0.00106923 0.00754758 -0.000389225
0.00175701 -0.000389225 -0.0200891

0.00673352 0.000108296 4.1611e-06
0.000108296 0.00625022 0.000872319
4.1611e-06 0.000872319 -0.0166839

0.00648166 -0.000296012 0.000363458
-0.000296012 0.00512034 -7.2069e-05
0.000363458 -7.2069e-05 -0.0149906

0.00454125 -4.30274e-05 -2.09969e-05
-4.30274e-05 0.00457695 4.46163e-05
-2.09969e-05 4.46163e-05 -0.0121429

0.00583155 0.000301488 6.62389e-05
0.000301488 0.00531123 -0.000134031
6.62389e-05 -0.000134031 -0.0149747

0.0058316 0.000301524 5.7663e-05
0.000301524 0.00530999 -0.000178809
5.7663e-05 -0.000178809 -0.0147377

0.0091892 0.000812697 0.00207981
0.000812697 0.0110765 0.00243386
0.00207981 0.00243386 -0.0245876

0.00453921 8.08171e-05 -0.000191435
8.08171e-05 0.00450378 0.000129012
-0.000191435 0.000129012 -0.0118663

0.00494856 2.3634e-05 -4.53818e-05
2.3634e-05 0.00487636 -0.000175669
-4.53818e-05 -0.000175669 -0.0129396

0.00477485 -5.00417e-05 -0.000164641
-5.00417e-05 0.0047631 -0.000206843
-0.000164641 -0.000206843 -0.0128072

0.00558805 5.05552e-06 -0.00012594
5.05552e-06 0.0056292 0.000144882
-0.00012594 0.000144882 -0.0147507

0.00441422 -9.26745e-06 3.73441e-05
-9.26745e-06 0.00443922 4.90247e-05
3.73441e-05 4.90247e-05 -0.0118128

0.00422128 -3.78613e-05 0.000198277
-3.78613e-05 0.00443547 5.11181e-05
0.000198277 5.11181e-05 -0.0114317

0.00404302 -6.59252e-05 9.96477e-05
-6.59252e-05 0.00413479 6.15805e-05
9.96477e-05 6.15805e-05 -0.0111105

0.00408064 0.000119928 8.85279e-06
0.000119928 0.00415219 4.17724e-05
8.85279e-06 4.17724e-05 -0.0111209

0.00411573 4.93069e-05 0.00012333
4.93069e-05 0.00412076 4.0671e-05
0.00012333 4.0671e-05 -0.0110504

0.00426113 0.000150573 2.52187e-05
0.000150573 0.00416348 3.49491e-05
2.52187e-05 3.49491e-05 -0.0111251

0.00455691 8.37444e-05 -3.47142e-05
8.37444e-05 0.00449701 3.3576e-05
-3.47142e-05 3.3576e-05 -0.0125087

0.00403359 -2.88889e-06 2.78452e-05
-2.88889e-06 0.004108 -4.59884e-05
2.78452e-05 -4.59884e-05 -0.0110877

0.0092477 0.000159953 -0.000251348
0.000159953 0.00925926 -0.00255826
-0.000251348 -0.00255826 -0.0230061

0.000423572 -0.00251878 0.00190668
-0.00251878 0.0137387 0.00506411
0.00190668 0.00506411 -0.0279387

-2.22045e-16 0 0.00131862
0 0 0.00539511
0.00131862 0.00539511 -0.0206671

-0.000503135 0.000956675 -0.000794036
0.000956675 0.0171335 0.00375858
-0.000794036 0.00375858 -0.0278516

-2.22045e-16 0 0.00131862
0 0 0.00539511
0.00131862 0.00539511 -0.0206671

0.00430066 6.64485e-06 5.67998e-05
6.64485e-06 0.00392498 -7.82257e-05
5.67998e-05 -7.82257e-05 -0.0112216

0.00813345 3.39641e-06 0.000365937
3.39641e-06 0.0117671 -0.00311969
0.000365937 -0.00311969 -0.0247986

0.00418651 8.24774e-05 9.00882e-05
8.24774e-05 0.00405907 -6.71962e-05
9.00882e-05 -6.71962e-05 -0.0112253

0.0091986 -0.000251739 -0.000276891
-0.000251739 0.00954446 -0.002643
-0.000276891 -0.002643 -0.0254806

0.00925913 -0.00019774 -0.000714811
-0.00019774 0.00955873 -0.00276861
-0.000714811 -0.00276861 -0.0243841

0.0056659 -0.000108417 0.000115849
-0.000108417 0.00568775 7.73276e-05
0.000115849 7.73276e-05 -0.0147593

0.00914822 -0.000530012 -0.000923362
-0.000530012 0.00809085 -0.00279451
-0.000923362 -0.00279451 -0.0221752

0.00570934 -0.000241362 0.000126014
-0.000241362 0.00608265 -2.33881e-05
0.000126014 -2.33881e-05 -0.0151639

0.00875048 -0.000357928 -0.000444476
-0.000357928 0.00804159 -0.00296163
-0.000444476 -0.00296163 -0.022688

0.00431757 -0.000111447 -5.22181e-05
-0.000111447 0.00442385 1.01509e-05
-5.22181e-05 1.01509e-05 -0.0117399

0.00451223 -8.29222e-05 -0.000121942
-8.29222e-05 0.00450669 4.00362e-05
-0.000121942 4.00362e-05 -0.0120578

0.00875791 -0.00033249 -0.000539811
-0.00033249 0.00812366 -0.00323691
-0.000539811 -0.00323691 -0.0219881

0.00862452 -0.000106872 -0.000578369
-0.000106872 0.0077421 -0.00317719
-0.000578369 -0.00317719 -0.0213584

0.0044234 -2.90551e-06 -9.62767e-05
-2.90551e-06 0.00454419 4.96314e-05
-9.62767e-05 4.96314e-05 -0.0120554

0.00791927 0.000284946 -3.46553e-05
0.000284946 0.00691471 -0.00210591
-3.46553e-05 -0.00210591 -0.0195631

0.00451007 0.00022266 -0.000102853
0.00022266 0.0042697 -8.93738e-05
-0.000102853 -8.93738e-05 -0.0116887

0.00862292 -7.32998e-05 -0.000484884
-7.32998e-05 0.00805519 -0.00248841
-0.000484884 -0.00248841 -0.0206325

0.00761602 0.000442844 0.000148967
0.000442844 0.00673887 -0.00138055
0.000148967 -0.00138055 -0.018914

0.00791831 0.0002737 -2.22889e-05
0.0002737 0.00702728 -0.00149429
-2.22889e-05 -0.00149429 -0.0188259

0.00801293 0.000157365 -0.000122127
0.000157365 0.00675291 -0.00132112
-0.000122127 -0.00132112 -0.018884

0.00755548 0.000539419 0.000401769
0.000539419 0.00700706 -0.000931295
0.000401769 -0.000931295 -0.0182483

0.00707791 -1.01492e-05 0.000260737
-1.01492e-05 0.0061784 -0.00128272
0.000260737 -0.00128272 -0.016688

0.00706497 5.04138e-05 0.000180917
5.04138e-05 0.00589745 -0.000866872
0.000180917 -0.000866872 -0.0164864

0.006777 9.23126e-06 -8.32034e-06
9.23126e-06 0.00618266 -0.00130222
-8.32034e-06 -0.00130222 -0.0166819

0.00735381 -0.000403115 -0.0004353
-0.000403115 0.00640457 -0.00131742
-0.0004353 -0.00131742 -0.0175379

0.00610224 0.000164179 0.000856928
0.000164179 0.00647113 -0.000697103
0.000856928 -0.000697103 -0.0162583

0.00679047 3.48365e-06 -0.000103992
3.48365e-06 0.00589226 -0.000886468
-0.000103992 -0.000886468 -0.0164824

0.00614897 0.000146801 -0.000174724
0.000146801 0.00577985 -0.00085437
-0.000174724 -0.00085437 -0.0151146

0.00624471 -0.00015414 0.00021873
-0.00015414 0.00565156 -0.000770856
0.00021873 -0.000770856 -0.0151203

0.00565495 -2.45889e-05 7.23813e-05
-2.45889e-05 0.00566996 -0.000180677
7.23813e-05 -0.000180677 -0.0148412

0.00530272 7.96696e-06 -0.000112578
7.96696e-06 0.00557508 -0.000154776
-0.000112578 -0.000154776 -0.0142841

0.00530101 -9.4065e-05 0.000117828
-9.4065e-05 0.00565096 -0.000108534
0.000117828 -0.000108534 -0.014281

0.00534623 -1.37645e-05 -2.1129e-06
-1.37645e-05 0.00551971 -2.21273e-05
-2.1129e-06 -2.21273e-05 -0.0142902

0.00575396 1.88515e-05 -0.000107583
1.88515e-05 0.00567843 -0.000142536
-0.000107583 -0.000142536 -0.0148925

0.00526734 0.000114597 7.97554e-06
0.000114597 0.00530653 4.82783e-05
7.97554e-06 4.82783e-05 -0.0139202

0.00515014 5.0475e-05 -6.96037e-05
5.0475e-05 0.00522869 4.70992e-05
-6.96037e-05 4.70992e-05 -0.0136548

0.00515703 3.08234e-05 -0.000117706
3.08234e-05 0.00527152 0.00010842
-0.000117706 0.00010842 -0.0137545

0.00519065 -2.86703e-05 7.10023e-06
-2.86703e-05 0.00522211 4.99174e-05
7.10023e-06 4.99174e-05 -0.0136542

0.00504235 -8.82299e-05 -1.23555e-05
-8.82299e-05 0.00522729 7.84428e-05
-1.23555e-05 7.84428e-05 -0.0136066

0.00516165 0.000121565 0.000187431
0.000121565 0.00502682 -0.000163791
0.000187431 -0.000163791 -0.013373

0.00518363 -3.84072e-05 -4.77516e-05
-3.84072e-05 0.00526568 0.000110881
-4.77516e-05 0.000110881 -0.0137536

0.00500863 4.08e-06 5.84713e-05
4.08e-06 0.00505035 0.000273571
5.84713e-05 0.000273571 -0.0132054

0.00502347 -2.10536e-05 -4.65867e-05
-2.10536e-05 0.00499708 0.000151734
-4.65867e-05 0.000151734 -0.0133992

0.0049261 1.43885e-05 -1.90875e-05
1.43885e-05 0.00499209 0.000283295
-1.90875e-05 0.000283295 -0.0132194

0.0049911 5.08428e-06 9.47466e-05
5.08428e-06 0.00508586 0.000337813
9.47466e-05 0.000337813 -0.0132014

0.00512258 -1.67156e-05 5.95469e-06
-1.67156e-05 0.00507172 0.000287777
5.95469e-06 0.000287777 -0.0133777

0.00492751 2.76987e-05 -0.00012221
2.76987e-05 0.00485404 0.000309026
-0.00012221 0.000309026 -0.0129733

0.00474189 2.09149e-05 -2.13506e-05
2.09149e-05 0.00487985 0.000227418
-2.13506e-05 0.000227418 -0.0127489

0.00499655 -1.90764e-05 1.57598e-05
-1.90764e-05 0.00478328 0.000373584
1.57598e-05 0.000373584 -0.0129414

0.00474144 2.04317e-05 -6.96517e-06
2.04317e-05 0.00489199 0.000332233
-6.96517e-06 0.000332233 -0.0125805

0.00451054 0.000159444 -9.06073e-05
0.000159444 0.00423982 3.03607e-05
-9.06073e-05 3.03607e-05 -0.0117355

0.00441993 0.000129619 -4.94053e-05
0.000129619 0.00429885 6.1983e-05
-4.94053e-05 6.1983e-05 -0.0117495

0.00477116 -2.36753e-05 -0.000125143
-2.36753e-05 0.00485844 0.000426585
-0.000125143 0.000426585 -0.0126452

0.00440413 2.24307e-05 -2.68454e-05
2.24307e-05 0.00444549 0.00018588
-2.68454e-05 0.00018588 -0.0118338

0.00453052 -2.71096e-05 -4.88397e-05
-2.71096e-05 0.00462418 0.000127719
-4.88397e-05 0.000127719 -0.0121587

0.00447211 -8.84035e-08 4.37898e-05
-8.84035e-08 0.00466943 0.000183124
4.37898e-05 0.000183124 -0.0121384

0.0093902 -5.71932e-05 0.00220267
-5.71932e-05 0.00987713 0.000100516
0.00220267 0.000100516 -0.0251645

0.00703974 -0.000163878 -4.77216e-05
-0.000163878 0.00688611 -0.000583795
-4.77216e-05 -0.000583795 -0.0171829

0.00390901 -4.10488e-05 -3.26063e-06
-4.10488e-05 0.0042197 5.81559e-05
-3.26063e-06 5.81559e-05 -0.0110699

0.00386282 -7.51121e-05 -3.18657e-05
-7.51121e-05 0.0042197 5.81559e-05
-3.18657e-05 5.81559e-05 -0.0110699

0.00442097 0.000149058 -5.6734e-05
0.000149058 0.00422426 -3.79726e-05
-5.6734e-05 -3.79726e-05 -0.0117011

0.0038137 6.86577e-05 -3.81099e-05
6.86577e-05 0.00395682 5.93336e-05
-3.81099e-05 5.93336e-05 -0.0107648

0.00454653 -9.29163e-05 -3.47574e-05
-9.29163e-05 0.00450461 -2.363e-05
-3.47574e-05 -2.363e-05 -0.0122124

0.0082331 2.04545e-05 -0.000239779
2.04545e-05 0.0103741 -0.00300076
-0.000239779 -0.00300076 -0.0212887

0.00940001 0.00035383 -0.00067114
0.00035383 0.00979355 0.00347783
-0.00067114 0.00347783 -0.0243374

0.0101184 4.11451e-05 -0.00168733
4.11451e-05 0.0096344 0.00304049
-0.00168733 0.00304049 -0.0255207

0.0099265 0.000332566 -0.00139051
0.000332566 0.00919514 0.00254233
-0.00139051 0.00254233 -0.0252995

0.00977148 0.000297074 -0.000361263
0.000297074 0.00919705 0.00251908
-0.000361263 0.00251908 -0.0254515

0.00789998 -0.00157755 0.00274737
-0.00157755 0 0.000568526
0.00274737 0.000568526 -0.0205031

0.00561768 -0.000100576 -9.90669e-05
-0.000100576 0.00600575 4.56449e-05
-9.90669e-05 4.56449e-05 -0.0151672

0.00949227 0.000582682 0.00131642
0.000582682 0.0101491 0.00111186
0.00131642 0.00111186 -0.0259455

0.0070351 -0.000205905 1.42701e-05
-0.000205905 0.00680835 -0.000566514
1.42701e-05 -0.000566514 -0.0170334

0.00406049 -7.57862e-05 -6.33598e-05
-7.57862e-05 0.00383771 -4.36143e-05
-6.33598e-05 -4.36143e-05 -0.0108815

0.00385339 -1.98768e-05 1.65818e-05
-1.98768e-05 0.00412611 -4.90288e-05
1.65818e-05 -4.90288e-05 -0.0110369

0.00803361 -0.000459912 -0.0019758
-0.000459912 0.00837207 -0.000782997
-0.0019758 -0.000782997 -0.0205089

0.00408668 8.88558e-05 2.00594e-05
8.88558e-05 0.00383264 2.46329e-05
2.00594e-05 2.46329e-05 -0.0109989

0.00642403 0.000161952 -3.23439e-05
0.000161952 0.00665313 -0.000572688
-3.23439e-05 -0.000572688 -0.0169357

0.00704249 -0.000143111 -8.88704e-05
-0.000143111 0.00679266 -0.000557595
-8.88704e-05 -0.000557595 -0.0170209

0.00912813 0.000122226 -0.000376927
0.000122226 0.00924764 -0.00260317
-0.000376927 -0.00260317 -0.0230395

0.00456807 -2.95007e-05 -7.27711e-06
-2.95007e-05 0.00456815 3.57319e-05
-7.27711e-06 3.57319e-05 -0.0121519

0.01011 0.00110159 -0.00082033
0.00110159 0.00880986 -0.000213135
-0.00082033 -0.000213135 -0.02684

0.00591432 -0.000231843 4.12902e-05
-0.000231843 0.00607828 -0.000420599
4.12902e-05 -0.000420599 -0.0155239

0.00558301 -6.61576e-05 -0.000527359
-6.61576e-05 0.00572094 -0.000216086
-0.000527359 -0.000216086 -0.0153053

0.00680746 -0.000109979 -7.32724e-05
-0.000109979 0.00652446 0.000939659
-7.32724e-05 0.000939659 -0.0166731

0.009782 0.000254188 0.00031666
0.000254188 0.00757396 -0.000145341
0.00031666 -0.000145341 -0.0266438

0.00571789 -0.00016166 -0.000303237
-0.00016166 0.00588582 -3.28088e-05
-0.000303237 -3.28088e-05 -0.0151283

0.00880068 0.00150697 -6.5431e-05
0.00150697 0.00972577 -0.000676634
-6.5431e-05 -0.000676634 -0.0261426

0.00909074 0.000167977 -0.00138787
0.000167977 0.00878302 -0.00127619
-0.00138787 -0.00127619 -0.0236755

0.00594483 -0.000102596 -0.000785741
-0.000102596 0.00695667 2.0142e-05
-0.000785741 2.0142e-05 -0.0163105

0.00912297 3.23771e-05 0.00105925
3.23771e-05 0.00928981 -0.000470413
0.00105925 -0.000470413 -0.0240321

0.00923963 0.000476036 -0.000290397
0.000476036 0.0097806 -0.00111123
-0.000290397 -0.00111123 -0.0249739

0.00505995 1.0748e-05 6.01475e-05
1.0748e-05 0.00476501 -1.15149e-05
6.01475e-05 -1.15149e-05 -0.0130555

0.00681246 -5.95983e-05 -0.000825616
-5.95983e-05 0.00646336 -0.000332881
-0.000825616 -0.000332881 -0.015948

0.00602079 0.000111279 -0.000786935
0.000111279 0.00695104 3.52052e-05
-0.000786935 3.52052e-05 -0.0163111

0.00450692 -2.71369e-05 -3.41934e-05
-2.71369e-05 0.00456978 5.38253e-05
-3.41934e-05 5.38253e-05 -0.0120967

0.00945946 0.000267222 -0.000555433
0.000267222 0.00907656 0.0038527
-0.000555433 0.0038527 -0.0244624

0.00447695 2.65963e-05 9.77134e-06
2.65963e-05 0.00457864 1.21198e-05
9.77134e-06 1.21198e-05 -0.012036

0.00827131 0.000260734 -0.000758967
0.000260734 0.0084693 0.000505733
-0.000758967 0.000505733 -0.0210912

0.00906162 0.000326206 -0.00136777
0.000326206 0.00957557 -0.000280598
-0.00136777 -0.000280598 -0.0251043

0.00620937 -0.000554669 -0.0006056
-0.000554669 0.00609296 -8.19512e-05
-0.0006056 -8.19512e-05 -0.0158909

0.00683796 0.00012135 0.000183937
0.00012135 0.0062096 -0.000406671
0.000183937 -0.000406671 -0.0159431

0.00647632 -0.000186759 0.000284771
-0.000186759 0.00628831 0.000587941
0.000284771 0.000587941 -0.0163194

0.00906577 0.000271246 -0.00121551
0.000271246 0.00957856 -0.000671758
-0.00121551 -0.000671758 -0.0231621

0.00704584 -6.19094e-05 -2.52678e-05
-6.19094e-05 0.00622125 -0.000503143
-2.52678e-05 -0.000503143 -0.0162589

0.00911998 0.000428836 -0.000576194
0.000428836 0.00943393 -0.00264387
-0.000576194 -0.00264387 -0.0223487

0.00920556 8.20455e-05 -0.00119836
8.20455e-05 0.00935704 -0.00118246
-0.00119836 -0.00118246 -0.0260218

0.00782601 0.00198201 -0.00153416
0.00198201 0.00910893 -0.00113689
-0.00153416 -0.00113689 -0.0258158

0.00539017 2.68364e-05 -0.000157654
2.68364e-05 0.00553313 -1.07832e-05
-0.000157654 -1.07832e-05 -0.0140551

0.00450763 -3.55713e-05 -7.45868e-05
-3.55713e-05 0.0044674 4.59465e-05
-7.45868e-05 4.59465e-05 -0.0120045

0.00960041 -0.000199847 0.00169521
-0.000199847 0.00934109 -0.00216031
0.00169521 -0.00216031 -0.0243808

0.00922969 0.000115686 5.20872e-06
0.000115686 0.00829584 -0.00123941
5.20872e-06 -0.00123941 -0.0238878

0.00823518 -0.000108974 -0.000819125
-0.000108974 0.00799678 -0.000705769
-0.000819125 -0.000705769 -0.020199

0.00934595 0.000555215 -0.000539489
0.000555215 0.00867344 0.00329202
-0.000539489 0.00329202 -0.0236385

0.00583311 -0.000161209 -0.000301168
-0.000161209 0.00577925 -2.51511e-05
-0.000301168 -2.51511e-05 -0.0152906

0.00822128 -0.000147937 -0.000827011
-0.000147937 0.00821691 -0.000854619
-0.000827011 -0.000854619 -0.0201547

0.00523811 -4.87022e-05 0.000110731
-4.87022e-05 0.00507154 -0.00023243
0.000110731 -0.00023243 -0.0136223

0.00821761 -0.000106558 -0.00104361
-0.000106558 0.0087331 -0.00161164
-0.00104361 -0.00161164 -0.0225252

0.00810982 0.000850796 0.000915266
0.000850796 0.00850804 -0.000653908
0.000915266 -0.000653908 -0.0252211

0.00707549 -0.000354475 0.000865022
-0.000354475 0.0072296 0.000874559
0.000865022 0.000874559 -0.0185732

0.00698813 -0.000203313 -0.000531884
-0.000203313 0.0065489 -0.000326037
-0.000531884 -0.000326037 -0.0173637

0.00606986 -0.000153997 9.46698e-05
-0.000153997 0.00642431 -0.000470931
9.46698e-05 -0.000470931 -0.0157486

0.00550341 3.12895e-05 4.85713e-06
3.12895e-05 0.00572072 -0.000121884
4.85713e-06 -0.000121884 -0.0146856

0.00539119 3.88228e-05 -6.2937e-05
3.88228e-05 0.00578392 -0.000130065
-6.2937e-05 -0.000130065 -0.014724

0.00451279 -1.54795e-05 -2.04709e-05
-1.54795e-05 0.00457585 7.4684e-05
-2.04709e-05 7.4684e-05 -0.0120424

0.00430075 -6.21828e-05 -9.96979e-05
-6.21828e-05 0.00441042 3.84903e-05
-9.96979e-05 3.84903e-05 -0.0117733

0.00480193 -2.79904e-06 5.48669e-05
-2.79904e-06 0.00447942 -9.63209e-06
5.48669e-05 -9.63209e-06 -0.0125551

0.00448576 -3.00259e-05 -6.06656e-05
-3.00259e-05 0.00458104 6.96749e-05
-6.06656e-05 6.96749e-05 -0.0120865

0.00477959 3.30574e-05 -3.92931e-07
3.30574e-05 0.00450842 2.38594e-05
-3.92931e-07 2.38594e-05 -0.0125329

0.00476068 7.32697e-06 -9.99166e-05
7.32697e-06 0.00482603 0.000226704
-9.99166e-05 0.000226704 -0.0127322

0.00580878 -4.01801e-05 -0.000310804
-4.01801e-05 0.00558537 -0.000195294
-0.000310804 -0.000195294 -0.0151779

0.00441228 -4.79771e-05 -0.000103506
-4.79771e-05 0.00459968 -1.10732e-05
-0.000103506 -1.10732e-05 -0.0121176

0.00497972 -4.67593e-05 6.99934e-05
-4.67593e-05 0.00475965 9.34001e-05
6.99934e-05 9.34001e-05 -0.012705

0.00935643 0.000142603 0.000839138
0.000142603 0.00915793 0.00171443
0.000839138 0.00171443 -0.0226129

0.00434977 -0.000187853 -8.58779e-05
-0.000187853 0.00429293 3.37151e-05
-8.58779e-05 3.37151e-05 -0.0116672

0.00429738 4.18961e-05 -0.000100887
4.18961e-05 0.00473376 5.80222e-05
-0.000100887 5.80222e-05 -0.012405

0.00472463 7.16273e-05 -0.000134406
7.16273e-05 0.00470061 9.08207e-05
-0.000134406 9.08207e-05 -0.0124374

0.00925408 0.00148275 0.00185214
0.00148275 0.00989067 0.00298736
0.00185214 0.00298736 -0.0230721

0.00433702 -4.54911e-06 -0.000210324
-4.54911e-06 0.00444271 6.83321e-05
-0.000210324 6.83321e-05 -0.0122007

0.00605445 0.000290639 -0.000550625
0.000290639 0.00596341 -0.000316021
-0.000550625 -0.000316021 -0.0155501

0.00793874 -0.000349562 0.000413118
-0.000349562 0.00754355 0.00140032
0.000413118 0.00140032 -0.0198731

0.00448649 -2.10004e-05 -9.51872e-05
-2.10004e-05 0.00451769 -5.25993e-05
-9.51872e-05 -5.25993e-05 -0.0123828

0.00643581 -0.000345982 -0.00041956
-0.000345982 0.0061093 -0.000154906
-0.00041956 -0.000154906 -0.0158366

0.00969134 0.000166178 0.0018795
0.000166178 0.00976751 -0.00167561
0.0018795 -0.00167561 -0.0240705

0.00923872 -0.000596141 0.00223459
-0.000596141 -0.000325035 0.00435416
0.00223459 0.00435416 -0.0232283

0.00656107 -0.000313095 -0.000652159
-0.000313095 0.00604831 -0.000361325
-0.000652159 -0.000361325 -0.0157082

0.00437289 -0.000100548 -4.66524e-05
-0.000100548 0.00448267 -5.3163e-05
-4.66524e-05 -5.3163e-05 -0.0117535

-1.11022e-16 -1.11022e-16 0.00131862
-1.11022e-16 -2.22045e-16 0.00539511
0.00131862 0.00539511 -0.0206671

0.00433888 -9.63494e-05 -4.12066e-05
-9.63494e-05 0.0043625 4.20954e-05
-4.12066e-05 4.20954e-05 -0.0115349

0 -0.000771983 0.00159503
-0.000771983 0.00937617 0.00323476
0.00159503 0.00323476 -0.0203221

0.0043318 3.43395e-05 -0.000210414
3.43395e-05 0.00446857 0.000124586
-0.000210414 0.000124586 -0.0117204

0.00430414 3.29301e-06 5.03695e-05
3.29301e-06 0.00444853 -8.38637e-05
5.03695e-05 -8.38637e-05 -0.0117261

0.00532021 6.45365e-05 2.31257e-05
6.45365e-05 0.0055414 -8.32258e-05
2.31257e-05 -8.32258e-05 -0.014185

0.00414479 1.34564e-05 5.37234e-05
1.34564e-05 0.00452811 0.000194531
5.37234e-05 0.000194531 -0.012003

0.0042941 -5.80069e-06 -2.79518e-05
-5.80069e-06 0.00447181 4.67599e-05
-2.79518e-05 4.67599e-05 -0.0118426

0.00765095 -0.000238398 0.00109561
-0.000238398 0.00712326 0.00104388
0.00109561 0.00104388 -0.0186336

0.00923962 0.000357806 -0.00129741
0.000357806 0.00930748 -0.000161854
-0.00129741 -0.000161854 -0.026757

0.00397427 6.02574e-05 -0.000113769
6.02574e-05 0.00397927 2.32308e-06
-0.000113769 2.32308e-06 -0.0112019

0.00703824 -0.000144963 -3.65375e-05
-0.000144963 0.0069248 -0.000390339
-3.65375e-05 -0.000390339 -0.0168625

0.00436709 -0.000159064 -5.46459e-05
-0.000159064 0.00427992 -3.52267e-05
-5.46459e-05 -3.52267e-05 -0.0117395

0.00719541 -0.000490007 0.000848185
-0.000490007 0.00701071 0.000841225
0.000848185 0.000841225 -0.0186031

0.00441318 -2.20233e-05 -0.000273737
-2.20233e-05 0.00430316 1.99391e-05
-0.000273737 1.99391e-05 -0.0115179

0.00425915 -0.000368437 -0.000288029
-0.000368437 0.00404778 1.96766e-05
-0.000288029 1.96766e-05 -0.0115173

0.00408279 -0.000129803 -0.000100193
-0.000129803 0.00405217 0.000161991
-0.000100193 0.000161991 -0.0112811

0.00399595 -7.96549e-05 -1.86156e-05
-7.96549e-05 0.00406876 7.38712e-06
-1.86156e-05 7.38712e-06 -0.0111041

0.00405959 -0.000121572 -1.7811e-05
-0.000121572 0.00365329 -5.25543e-05
-1.7811e-05 -5.25543e-05 -0.011005

0.00411303 3.15465e-05 1.68307e-05
3.15465e-05 0.00402856 0.000107896
1.68307e-05 0.000107896 -0.0110415

0.00447809 9.51671e-05 -0.000112554
9.51671e-05 0.00415158 0.00027027
-0.000112554 0.00027027 -0.0117453

0.00936903 6.17128e-05 -1.19418e-06
6.17128e-05 0.00923402 -0.00213747
-1.19418e-06 -0.00213747 -0.0253072

0.00719686 -0.000458067 0.000876373
-0.000458067 0.0074971 0.0012023
0.000876373 0.0012023 -0.0183657

0.00467608 8.5852e-05 -0.000151874
8.5852e-05 0.00477825 -0.000146171
-0.000151874 -0.000146171 -0.0125707

0.00506272 0.0001213 -6.01311e-05
0.0001213 0.00508537 0.000129145
-6.01311e-05 0.000129145 -0.0138081

0.00772894 -8.19325e-05 0.000529735
-8.19325e-05 0.00729965 0.000813653
0.000529735 0.000813653 -0.0191776

0.00472275 0.000197274 -3.75142e-05
0.000197274 0.00488493 -8.06016e-05
-3.75142e-05 -8.06016e-05 -0.0125606

0.0074872 0.000536674 0.000465307
0.000536674 0.00674409 -0.000224133
0.000465307 -0.000224133 -0.017432

0.0082397 -0.00028279 0.000340924
-0.00028279 0.00743644 0.000273568
0.000340924 0.000273568 -0.0252364

0.00450298 7.65834e-05 1.33914e-06
7.65834e-05 0.00467304 3.39752e-05
1.33914e-06 3.39752e-05 -0.0125607

0.00898594 -0.000336296 -0.000338911
-0.000336296 0.00911037 -0.00251863
-0.000338911 -0.00251863 -0.0226786

0.0075432 -0.000404239 0.00162042
-0.000404239 0.0081621 -0.00105794
0.00162042 -0.00105794 -0.0191465

0.00936694 0.00278406 -0.00222936
0.00278406 0.0113934 -0.00114654
-0.00222936 -0.00114654 -0.0286511

0.00763127 0.000229327 0.00073615
0.000229327 0.00739883 -0.000852339
0.00073615 -0.000852339 -0.0196596

0.00500389 4.08477e-05 -0.000126884
4.08477e-05 0.00475542 -5.37014e-06
-0.000126884 -5.37014e-06 -0.0131783

0.00776504 0.00313112 -0.00192093
0.00313112 0.0153052 -0.00159767
-0.00192093 -0.00159767 -0.0286735

0.00773102 2.75766e-05 -0.000645353
2.75766e-05 0.00734686 -0.00106004
-0.000645353 -0.00106004 -0.019926

0.00768875 -0.000358914 0.00101029
-0.000358914 0.00750399 0.00129085
0.00101029 0.00129085 -0.0186187

0.00576643 0.000142022 -0.000311706
0.000142022 0.00587139 9.12041e-05
-0.000311706 9.12041e-05 -0.0151957

0.00720937 0.000280349 0.000446606
0.000280349 0.00772059 -0.000357789
0.000446606 -0.000357789 -0.0192143

0.00703605 -0.000109273 -5.58579e-05
-0.000109273 0.00609493 -0.000354213
-5.58579e-05 -0.000354213 -0.0161952

0.0107409 0.000496506 -0.00183355
0.000496506 0.00544063 0.000298202
-0.00183355 0.000298202 -0.0268058

0.00981949 0.000904193 -0.00120638
0.000904193 0.00581765 -0.000539822
-0.00120638 -0.000539822 -0.026669

0.00555815 8.81961e-05 -0.000386826
8.81961e-05 0.0056112 -1.14247e-05
-0.000386826 -1.14247e-05 -0.0145673

0.00877294 0.000585476 -0.00207247
0.000585476 0.00841972 -0.00470477
-0.00207247 -0.00470477 -0.0253752

0.00430731 1.42455e-05 4.47601e-06
1.42455e-05 0.00429075 0.000110061
4.47601e-06 0.000110061 -0.0115285

0.0107616 -0.000340867 0.00181375
-0.000340867 0.00954327 -0.00112919
0.00181375 -0.00112919 -0.0250029

0.00777504 -0.000167007 -0.000820936
-0.000167007 0.00817971 -0.000182018
-0.000820936 -0.000182018 -0.0196087

0.00929006 0.000263554 -0.00125213
0.000263554 0.00851545 -0.000344245
-0.00125213 -0.000344245 -0.0267262

0.00450695 -6.75469e-06 -2.27732e-05
-6.75469e-06 0.0045049 1.37533e-05
-2.27732e-05 1.37533e-05 -0.0120342

0.00451587 -1.50206e-05 7.66012e-05
-1.50206e-05 0.00470636 0.000237296
7.66012e-05 0.000237296 -0.0125676

0.00977583 -0.000756575 -0.00297624
-0.000756575 0.00595043 0.000475514
-0.00297624 0.000475514 -0.0199879

0.00833421 -0.00396669 -0.00514926
-0.00396669 0 -0.00812509
-0.00514926 -0.00812509 -0.0257637

0.0108489 0.000447201 -0.00292953
0.000447201 0.00545789 0.000614299
-0.00292953 0.000614299 -0.0221496

0.00880216 -0.00102548 -0.00500641
-0.00102548 0.00847745 0.00248597
-0.00500641 0.00248597 -0.0250063

0.010189 0.000923252 -0.00280436
0.000923252 0.00581799 -0.000602426
-0.00280436 -0.000602426 -0.0203698

0.009212 -0.00482585 -0.000767349
-0.00482585 0.0011267 0.00352218
-0.000767349 0.00352218 -0.0213082

0.00901597 -0.00109 -0.00166324
-0.00109 0.00846274 0.00276625
-0.00166324 0.00276625 -0.0213548

0.00974453 -0.00312579 -0.00331986
-0.00312579 0 0.000232917
-0.00331986 0.000232917 -0.0221603

0.00909278 -0.000249651 -0.00119427
-0.000249651 0.00878285 -0.00261688
-0.00119427 -0.00261688 -0.0224535

0.00699345 -0.00452313 -0.00191752
-0.00452313 0 -0.000465687
-0.00191752 -0.000465687 -0.0200704

0.00823393 0.00018346 -6.81508e-05
0.00018346 0.00775127 0.00243014
-6.81508e-05 0.00243014 -0.0213211

0.00427579 7.32253e-05 3.69264e-06
7.32253e-05 0.00395026 -4.60103e-05
3.69264e-06 -4.60103e-05 -0.0110725

0.00423839 0.000223584 -8.99125e-05
0.000223584 0.00386768 -0.000129731
-8.99125e-05 -0.000129731 -0.0109012

0.0117888 0.000330008 0.0034831
0.000330008 0.00566167 0.000654777
0.0034831 0.000654777 -0.0229076

0.00868213 -0.000400941 0.00423518
-0.000400941 0.008227 -0.00253567
0.00423518 -0.00253567 -0.0241041

0.00869984 -0.00425938 0.00286791
-0.00425938 0 0.00105832
0.00286791 0.00105832 -0.0205738

0.00417097 -6.63941e-05 6.88576e-05
-6.63941e-05 0.00387508 1.2224e-06
6.88576e-05 1.2224e-06 -0.0110992

0.00423311 7.858e-05 0.000112868
7.858e-05 0.00412649 3.59473e-05
0.000112868 3.59473e-05 -0.0111212

0.00405975 -1.6803e-05 3.9054e-05
-1.6803e-05 0.00411125 -3.95579e-05
3.9054e-05 -3.95579e-05 -0.0111199

0.00398397 -7.94093e-06 -6.4812e-05
-7.94093e-06 0.00416033 -4.2688e-05
-6.4812e-05 -4.2688e-05 -0.0112576

0.00409274 -4.44577e-05 0.000131042
-4.44577e-05 0.00409127 -0.000100763
0.000131042 -0.000100763 -0.0109057

0.00422098 4.61729e-05 7.40747e-05
4.61729e-05 0.00399722 0.000104133
7.40747e-05 0.000104133 -0.0109909

0.00414216 -0.000150152 9.40744e-05
-0.000150152 0.00376817 0.000126422
9.40744e-05 0.000126422 -0.0111015

0.0116152 0.000534475 0.0029147
0.000534475 0.00794235 0.00257997
0.0029147 0.00257997 -0.0266335

0.00703584 -0.000104054 -4.44231e-05
-0.000104054 0.00675094 -0.000485607
-4.44231e-05 -0.000485607 -0.0167878

0.00902818 -8.91535e-05 0.000350754
-8.91535e-05 0.00824079 0.00267905
0.000350754 0.00267905 -0.0220096

0.00422641 1.73273e-05 7.84049e-05
1.73273e-05 0.00396477 0.000102282
7.84049e-05 0.000102282 -0.0109899

0.00907096 0.00186983 0.00343576
0.00186983 0.0089387 0.00199487
0.00343576 0.00199487 -0.0241858

0.0115953 -0.000718695 0.00351739
-0.000718695 0 0.000757418
0.00351739 0.000757418 -0.0225935

0.00413778 -3.41598e-05 2.88321e-05
-3.41598e-05 0.00383264 -5.12006e-05
2.88321e-05 -5.12006e-05 -0.0110075

0.0093695 0.00465636 0.00107226
0.00465636 0.00107851 0.00419246
0.00107226 0.00419246 -0.0232256

0.00401111 8.40487e-05 -8.96889e-06
8.40487e-05 0.0039574 7.34833e-05
-8.96889e-06 7.34833e-05 -0.0109895

0.00656594 -0.00026272 -0.000576252
-0.00026272 0.00655924 -0.000332002
-0.000576252 -0.000332002 -0.0173684

0.00697376 0.000222748 0.000534943
0.000222748 0.0063594 0.000489275
0.000534943 0.000489275 -0.0170953

0.00449976 -8.63751e-05 -7.46293e-05
-8.63751e-05 0.00457896 7.25635e-05
-7.46293e-05 7.25635e-05 -0.0120746

0.00425368 -2.43966e-05 7.66348e-05
-2.43966e-05 0.00426424 0.000158603
7.66348e-05 0.000158603 -0.011437

0.00686971 4.98106e-05 0.000445285
4.98106e-05 0.00641348 -0.000391598
0.000445285 -0.000391598 -0.0170007

0.00704281 -0.000215442 -1.05804e-05
-0.000215442 0.00678253 -0.000485218
-1.05804e-05 -0.000485218 -0.016791

0.00628385 -0.000129321 0.000555511
-0.000129321 0.00621421 -0.00042283
0.000555511 -0.00042283 -0.0152169

0.0051294 -2.20438e-05 -0.000133111
-2.20438e-05 0.00546073 -6.15927e-05
-0.000133111 -6.15927e-05 -0.014019

0.00512423 -7.86575e-05 -0.000130784
-7.86575e-05 0.00533934 3.91656e-05
-0.000130784 3.91656e-05 -0.0140086

0.00660297 0.00011389 -0.000311773
0.00011389 0.00627813 0.000721752
-0.000311773 0.000721752 -0.01605

0.00392776 -3.07361e-05 5.77838e-05
-3.07361e-05 0.00421899 0.000109217
5.77838e-05 0.000109217 -0.0109189

0.00704153 -0.000156209 2.82447e-05
-0.000156209 0.00611055 -0.000367543
2.82447e-05 -0.000367543 -0.0161982

0.00430213 -6.88156e-05 -0.000118924
-6.88156e-05 0.00441866 4.37663e-05
-0.000118924 4.37663e-05 -0.0118266

0.00423667 0.00010172 -4.86276e-05
0.00010172 0.00447685 8.11745e-05
-4.86276e-05 8.11745e-05 -0.0117174

0.00410659 0.000198143 3.19447e-05
0.000198143 0.00440687 3.43186e-05
3.19447e-05 3.43186e-05 -0.0116562

0.00403254 -3.19084e-05 -7.13312e-05
-3.19084e-05 0.00392661 1.84917e-05
-7.13312e-05 1.84917e-05 -0.0108682

0.00425854 8.23674e-05 -3.05352e-05
8.23674e-05 0.00383771 -0.000141109
-3.05352e-05 -0.000141109 -0.0109972

0.00464668 -9.24148e-05 -9.5036e-05
-9.24148e-05 0.00449042 -4.12125e-05
-9.5036e-05 -4.12125e-05 -0.0121781

0.00414665 0.000127675 -5.17124e-05
0.000127675 0.00439386 0.000125724
-5.17124e-05 0.000125724 -0.011537

0.00527138 -3.3819e-05 0.000342106
-3.3819e-05 0.00479228 -0.00024473
0.000342106 -0.00024473 -0.0131969

0.00428129 0.000130443 7.72355e-05
0.000130443 0.00453794 0.000111009
7.72355e-05 0.000111009 -0.0116572

0.00410502 3.28811e-05 -9.22772e-07
3.28811e-05 0.00394629 0.000116844
-9.22772e-07 0.000116844 -0.0109888

0.00407242 8.39332e-05 -8.35182e-06
8.39332e-05 0.0039288 -1.76024e-05
-8.35182e-06 -1.76024e-05 -0.011006

0.00599854 -0.000101396 0.000289044
-0.000101396 0.00594548 0.000493188
0.000289044 0.000493188 -0.0161235

0.00405866 9.81008e-05 -4.81273e-05
9.81008e-05 0.00395785 2.99565e-07
-4.81273e-05 2.99565e-07 -0.0111088

0.00954825 0.000465858 0.000503343
0.000465858 0.00896566 0.000283791
0.000503343 0.000283791 -0.02541

0.00396319 -0.000143945 -4.01512e-05
-0.000143945 0.00388591 3.6994e-05
-4.01512e-05 3.6994e-05 -0.0108439

0.00711017 -0.000412653 0.000321507
-0.000412653 0.00761426 -0.000372778
0.000321507 -0.000372778 -0.0192163

0.0070381 -0.000131156 -2.5455e-05
-0.000131156 0.00624884 -0.00047626
-2.5455e-05 -0.00047626 -0.0162576

0.00687685 0.000163434 0.000595926
0.000163434 0.00628248 -0.000131714
0.000595926 -0.000131714 -0.0161784

0.00396959 -6.43114e-05 -5.66091e-07
-6.43114e-05 0.00407737 -2.52796e-05
-5.66091e-07 -2.52796e-05 -0.0109841

0.00460125 0.000105844 0.000141725
0.000105844 0.00455308 1.34772e-05
0.000141725 1.34772e-05 -0.0122553

0.00394078 -8.33322e-05 -4.34207e-05
-8.33322e-05 0.00408298 -4.58118e-05
-4.34207e-05 -4.58118e-05 -0.0110446

0.00394078 -0.000144998 -7.66371e-05
-0.000144998 0.00393369 7.35738e-05
-7.66371e-05 7.35738e-05 -0.0108726

0.00479605 2.14483e-05 -0.000211253
2.14483e-05 0.00464083 0.000125818
-0.000211253 0.000125818 -0.0122843

0.00409881 0.000130348 3.45643e-05
0.000130348 0.00396307 -2.05682e-06
3.45643e-05 -2.05682e-06 -0.0110121

0.00416814 0.000114291 -8.00278e-05
0.000114291 0.00437456 9.65471e-05
-8.00278e-05 9.65471e-05 -0.011579

0.0040812 0.000151409 -1.21733e-05
0.000151409 0.00399918 1.44385e-05
-1.21733e-05 1.44385e-05 -0.0111108

0.00417771 0.000130804 -1.25582e-05
0.000130804 0.00394034 1.07148e-05
-1.25582e-05 1.07148e-05 -0.0109914

0.00471239 0.000114665 -9.70455e-05
0.000114665 0.00457889 7.00964e-05
-9.70455e-05 7.00964e-05 -0.0123182

0.0065201 0.000155111 -0.000903563
0.000155111 0.00632327 0.000555038
-0.000903563 0.000555038 -0.0170375

0.00435468 0.000101264 -0.000354267
0.000101264 0.00415133 0.000276081
-0.000354267 0.000276081 -0.0115596

0.00870153 -0.000127328 -0.00131622
-0.000127328 0.00914834 -0.000740328
-0.00131622 -0.000740328 -0.0228973

0.00448597 0.000157254 -0.000331354
0.000157254 0.00424799 -0.000231585
-0.000331354 -0.000231585 -0.0112825

0.00581209 -0.000281262 -2.11651e-07
-0.000281262 0.0061757 -0.000643588
-2.11651e-07 -0.000643588 -0.0157042

0.00426983 -0.000107898 -4.1536e-05
-0.000107898 0.0043838 6.83063e-05
-4.1536e-05 6.83063e-05 -0.0116276

0.0050289 1.66541e-05 0.000336247
1.66541e-05 0.00484096 -0.000263942
0.000336247 -0.000263942 -0.01319

0.00406267 -1.15845e-05 3.63956e-05
-1.15845e-05 0.00403133 0.000101867
3.63956e-05 0.000101867 -0.011036

0.00520731 3.36224e-05 0.000213129
3.36224e-05 0.00472916 -0.000149818
0.000213129 -0.000149818 -0.0132446

0.00470231 0.000180292 -9.52966e-05
0.000180292 0.00465793 -3.5406e-05
-9.52966e-05 -3.5406e-05 -0.012301

0.00825323 0.000418563 0.000401906
0.000418563 0.00821839 -0.000295429
0.000401906 -0.000295429 -0.0203066

0.00416398 0.000125192 -8.06286e-05
0.000125192 0.00434913 8.60093e-05
-8.06286e-05 8.60093e-05 -0.0115314

0.00451857 4.27364e-06 -3.45019e-05
4.27364e-06 0.00451527 -6.45019e-07
-3.45019e-05 -6.45019e-07 -0.0121314

0.00846023 3.56683e-05 -0.00358083
3.56683e-05 0.005704 0.00118211
-0.00358083 0.00118211 -0.0197571

0.00420473 9.84537e-05 1.60984e-05
9.84537e-05 0.00411258 0.000102105
1.60984e-05 0.000102105 -0.0112346

0.00407572 -2.88335e-05 4.97854e-05
-2.88335e-05 0.00408068 -5.63438e-05
4.97854e-05 -5.63438e-05 -0.0110511

0.00413474 -8.22399e-05 -7.50863e-07
-8.22399e-05 0.00388243 2.66338e-05
-7.50863e-07 2.66338e-05 -0.0110408

0.0040225 3.78482e-05 -6.99401e-05
3.78482e-05 0.00405004 0.000100088
-6.99401e-05 0.000100088 -0.0111773

0.00508481 0.000123989 0.000105732
0.000123989 0.00497221 0.000396771
0.000105732 0.000396771 -0.0131024

0.0111993 -0.00187643 0.00165194
-0.00187643 0.00728986 -0.0022355
0.00165194 -0.0022355 -0.022271

0.00571622 9.8488e-05 -0.000144326
9.8488e-05 0.00584787 0.000140605
-0.000144326 0.000140605 -0.0151094

0.00447925 0.000128592 -0.000109066
0.000128592 0.00448434 -1.57629e-05
-0.000109066 -1.57629e-05 -0.0119712

0.00429914 7.57053e-06 -7.72618e-05
7.57053e-06 0.00392444 -1.22457e-05
-7.72618e-05 -1.22457e-05 -0.0109793

0.00432668 0.00021607 -1.84345e-05
0.00021607 0.00383771 -0.000295964
-1.84345e-05 -0.000295964 -0.0111167

0.00406916 0.000163011 -2.45617e-05
0.000163011 0.00423429 -2.47427e-05
-2.45617e-05 -2.47427e-05 -0.0112891

0.0041085 -0.000161215 6.02479e-05
-0.000161215 0.00409994 7.81755e-05
6.02479e-05 7.81755e-05 -0.0116853

0.0046235 -7.24159e-05 -1.18285e-05
-7.24159e-05 0.0047599 7.01311e-05
-1.18285e-05 7.01311e-05 -0.0125796

0.00442923 0.000103824 -7.92145e-05
0.000103824 0.00452155 -5.21838e-06
-7.92145e-05 -5.21838e-06 -0.0119886

0.00451015 0.000130284 7.74706e-05
0.000130284 0.00447971 6.99592e-05
7.74706e-05 6.99592e-05 -0.0120511

0.00460918 9.78255e-05 7.05053e-05
9.78255e-05 0.00448756 7.0025e-05
7.05053e-05 7.0025e-05 -0.0120524

0.00411445 -7.89502e-06 2.20211e-05
-7.89502e-06 0.00402938 9.33154e-05
2.20211e-05 9.33154e-05 -0.0110576

0.00416264 4.12563e-05 9.90434e-05
4.12563e-05 0.004053 0.000129927
9.90434e-05 0.000129927 -0.0110008

0.00434144 2.32974e-05 -7.31415e-05
2.32974e-05 0.00392791 -6.01741e-06
-7.31415e-05 -6.01741e-06 -0.0109882

0.00515264 2.86063e-07 0.000351033
2.86063e-07 0.00490301 -0.000186829
0.000351033 -0.000186829 -0.013222

0.00449744 0.000163604 -8.0279e-06
0.000163604 0.00461098 3.3186e-05
-8.0279e-06 3.3186e-05 -0.0123147

0.00597005 0.000155479 0.000345583
0.000155479 0.00602433 -0.000298265
0.000345583 -0.000298265 -0.015294

0.00401987 2.35901e-05 1.14747e-05
2.35901e-05 0.00386768 1.69587e-05
1.14747e-05 1.69587e-05 -0.0109965

0.00412743 5.99693e-05 8.0062e-06
5.99693e-05 0.00373642 1.27802e-05
8.0062e-06 1.27802e-05 -0.0109952

0.00449705 -9.03856e-05 4.66531e-05
-9.03856e-05 0.00438924 -5.70731e-05
4.66531e-05 -5.70731e-05 -0.0119949

0.00407373 -5.41785e-05 2.96213e-05
-5.41785e-05 0.00447108 -0.000142102
2.96213e-05 -0.000142102 -0.011571

0.00459481 9.48559e-05 6.80778e-06
9.48559e-05 0.00465536 3.14451e-05
6.80778e-06 3.14451e-05 -0.0123308

0.00518703 -4.74514e-06 0.000310252
-4.74514e-06 0.00483534 -0.00024156
0.000310252 -0.00024156 -0.0132275

0.00470996 0.000142639 5.21081e-06
0.000142639 0.00456912 7.87978e-05
5.21081e-06 7.87978e-05 -0.0124989

0.00446519 9.29583e-05 1.27896e-05
9.29583e-05 0.00455921 -2.99309e-05
1.27896e-05 -2.99309e-05 -0.0120321

0.00448859 -6.76037e-05 3.26789e-05
-6.76037e-05 0.00433225 -6.54618e-06
3.26789e-05 -6.54618e-06 -0.0119795

0.00843956 0.000331784 0.00107434
0.000331784 0.00828262 -0.00184306
0.00107434 -0.00184306 -0.0216641

0.00869514 -5.88399e-05 -0.00142467
-5.88399e-05 0.00887625 -0.000413338
-0.00142467 -0.000413338 -0.0232273

0.0042431 -0.000129602 -1.45472e-05
-0.000129602 0.00433031 7.07676e-06
-1.45472e-05 7.07676e-06 -0.0117127

0.0043458 -2.91093e-05 -7.17022e-05
-2.91093e-05 0.00437948 -9.41744e-05
-7.17022e-05 -9.41744e-05 -0.0116074

0.00435718 -6.52266e-05 -0.000112879
-6.52266e-05 0.00433222 -1.05087e-06
-0.000112879 -1.05087e-06 -0.0114671

0.0077665 4.74127e-05 0.000158532
4.74127e-05 0.00772529 0.000110363
0.000158532 0.000110363 -0.0202934

0.00772234 -2.43313e-05 0.000415753
-2.43313e-05 0.00730406 0.000834551
0.000415753 0.000834551 -0.019177

0.00906957 9.2297e-05 -3.91192e-05
9.2297e-05 0.00933594 -0.0023967
-3.91192e-05 -0.0023967 -0.0228842

0.00802379 0.000142038 0.000492513
0.000142038 0.00743966 0.000845138
0.000492513 0.000845138 -0.0199951

0.0087515 0.000497336 -0.000914421
0.000497336 0.00871587 0.00146323
-0.000914421 0.00146323 -0.0239643

0 0 0.00187545
0 0 -0.00487192
0.00187545 -0.00487192 -0.0218307

0.00810969 -0.00228036 0.00190853
-0.00228036 0.000465113 -0.00532154
0.00190853 -0.00532154 -0.0229315

0.00776765 -0.00125669 0.00190552
-0.00125669 0.010696 -0.00238458
0.00190552 -0.00238458 -0.0222867

0.00844457 -0.000805438 -0.00112189
-0.000805438 0.00916893 -0.00170768
-0.00112189 -0.00170768 -0.0279674

0.00624361 -0.000804257 0.000965179
-0.000804257 0.00926507 -0.000221519
0.000965179 -0.000221519 -0.0251906

0.00863786 -0.000397703 0.00014734
-0.000397703 0.0105522 0.00329115
0.00014734 0.00329115 -0.0257642

0.0116447 -3.55177e-05 3.08691e-05
-3.55177e-05 0.00937033 0.000402671
3.08691e-05 0.000402671 -0.0256585

0.00431206 -0.000125663 -0.00024935
-0.000125663 0.00425843 -7.15926e-05
-0.00024935 -7.15926e-05 -0.011784

0 0.000779311 0.00210848
0.000779311 0.0105319 -0.00293775
0.00210848 -0.00293775 -0.0216157

0.00502966 -0.000109008 0.000272241
-0.000109008 0.00498544 4.08104e-05
0.000272241 4.08104e-05 -0.0132544

0.00420126 -5.86362e-05 -3.17257e-05
-5.86362e-05 0.00392838 -3.4295e-05
-3.17257e-05 -3.4295e-05 -0.0110753

0.00422761 1.72546e-07 0.00022974
1.72546e-07 0.00430184 0.000250587
0.00022974 0.000250587 -0.0114172

0.00632605 0.000432872 0.000314423
0.000432872 0.00645369 -0.000250965
0.000314423 -0.000250965 -0.0161044

0.00454277 -1.27601e-05 -1.13697e-05
-1.27601e-05 0.00451592 -1.51298e-06
-1.13697e-05 -1.51298e-06 -0.0121302

0.00721455 -0.0010019 -0.00241013
-0.0010019 0.0133074 0.00271874
-0.00241013 0.00271874 -0.0276715

0.00667099 0.000599434 0.000852012
0.000599434 0.00935076 -0.000927717
0.000852012 -0.000927717 -0.0236827

0.00451471 -2.18895e-05 1.83942e-05
-2.18895e-05 0.00442175 0.000128524
1.83942e-05 0.000128524 -0.0118832

0.00913911 -0.000377127 0.00127565
-0.000377127 0.00987956 0.00169545
0.00127565 0.00169545 -0.0256277

0.00427468 -1.95378e-05 -7.14571e-06
-1.95378e-05 0.00440263 -6.6301e-05
-7.14571e-06 -6.6301e-05 -0.0116113

0.00411626 -6.86249e-05 -7.29862e-05
-6.86249e-05 0.00392903 -3.57613e-05
-7.29862e-05 -3.57613e-05 -0.011089

0.00412642 -9.44465e-05 -5.69307e-05
-9.44465e-05 0.00399435 -8.10158e-05
-5.69307e-05 -8.10158e-05 -0.0111363

0.00935694 -0.000181929 0.00148106
-0.000181929 0.00930849 -0.00237554
0.00148106 -0.00237554 -0.024889

0.00421395 -0.000145986 2.91515e-05
-0.000145986 0.00428742 7.69589e-05
2.91515e-05 7.69589e-05 -0.0116021

0.00451502 7.03417e-05 1.67686e-05
7.03417e-05 0.004644 -2.8374e-05
1.67686e-05 -2.8374e-05 -0.0120698

0.00423642 -8.89883e-05 -8.76732e-06
-8.89883e-05 0.00412064 -3.46746e-05
-8.76732e-06 -3.46746e-05 -0.0114364

0.00422149 -8.77725e-05 -1.66547e-05
-8.77725e-05 0.0041375 -2.1992e-05
-1.66547e-05 -2.1992e-05 -0.0114321

0.0093798 -0.000173636 0.00171168
-0.000173636 0.0101218 0.00193094
0.00171168 0.00193094 -0.0248197

0.00934454 0.000158073 0.000216176
0.000158073 0.0100799 0.00350638
0.000216176 0.00350638 -0.0252074

0.00449163 0.000136332 -2.26319e-05
0.000136332 0.00450679 4.67371e-05
-2.26319e-05 4.67371e-05 -0.0121096

0.00467379 8.46267e-05 -0.000208751
8.46267e-05 0.00478884 -5.40857e-05
-0.000208751 -5.40857e-05 -0.0126451

0.00456689 0.000196127 6.64157e-05
0.000196127 0.00452783 4.01764e-05
6.64157e-05 4.01764e-05 -0.01223

0.00475831 0.000166402 -7.94689e-05
0.000166402 0.00485306 2.46142e-05
-7.94689e-05 2.46142e-05 -0.0125917

0.00456903 0.000171908 7.35763e-05
0.000171908 0.00474983 -5.13933e-05
7.35763e-05 -5.13933e-05 -0.012208

0.00856437 -0.000566391 0.00177542
-0.000566391 0.00864686 0.00226453
0.00177542 0.00226453 -0.0221974

0.0094776 7.02105e-05 -0.000138935
7.02105e-05 0.00990172 -0.00232931
-0.000138935 -0.00232931 -0.025313

0.00416953 -4.74454e-05 -3.08033e-05
-4.74454e-05 0.00412135 6.8223e-05
-3.08033e-05 6.8223e-05 -0.0110216

0.00685582 -0.000192851 0.00015462
-0.000192851 0.00643583 0.00109677
0.00015462 0.00109677 -0.0168206

0.00836756 -0.000971192 0.00111358
-0.000971192 0.0100085 -0.00237592
0.00111358 -0.00237592 -0.0255822

0.00575209 -6.45798e-05 -2.58418e-05
-6.45798e-05 0.00552729 -0.00046099
-2.58418e-05 -0.00046099 -0.0151795

0.00584867 -0.000314146 0.000171955
-0.000314146 0.00584011 -0.000351337
0.000171955 -0.000351337 -0.0154411

0.00710998 -0.000366765 0.00128623
-0.000366765 0.00781064 0.000400709
0.00128623 0.000400709 -0.0195211

0.00413254 1.47177e-05 4.95559e-05
1.47177e-05 0.00402614 -3.30903e-05
4.95559e-05 -3.30903e-05 -0.0110732

0.00678866 3.3785e-05 -0.000943768
3.3785e-05 0.00642345 0.00112592
-0.000943768 0.00112592 -0.016811

0.00582592 2.92765e-05 -0.000265037
2.92765e-05 0.00589065 0.000208064
-0.000265037 0.000208064 -0.0150621

0.00795795 0.000104407 0.000435776
0.000104407 0.00744497 0.000812749
0.000435776 0.000812749 -0.020044

0.00597505 -2.85777e-05 -0.000124891
-2.85777e-05 0.00554904 -0.000962111
-0.000124891 -0.000962111 -0.0156242

0.00701067 -0.000296324 0.00157612
-0.000296324 0.00777378 0.000272732
0.00157612 0.000272732 -0.0199072

0.00912886 0.000434452 0.000429969
0.000434452 0.0102382 0.000690893
0.000429969 0.000690893 -0.0268345

0.0077352 0.000239203 0.00164425
0.000239203 0.00831819 -0.00185574
0.00164425 -0.00185574 -0.020741

0.00834425 0.00055537 0.00156983
0.00055537 0.00740351 -0.00183428
0.00156983 -0.00183428 -0.0201253

0.0101236 -0.000206924 -0.000651717
-0.000206924 0.0096994 0.00211123
-0.000651717 0.00211123 -0.0239082

0.00828213 0.000512385 0.000302344
0.000512385 0.00805561 -0.00111071
0.000302344 -0.00111071 -0.0204818

0.00677205 -0.00019092 0.00119341
-0.00019092 0.00719512 0.000465401
0.00119341 0.000465401 -0.0182399

0.00429896 8.55764e-05 4.91719e-05
8.55764e-05 0.0044895 9.26715e-05
4.91719e-05 9.26715e-05 -0.0116621

0.00637554 6.20524e-05 0.00128728
6.20524e-05 0.00782416 -0.000183964
0.00128728 -0.000183964 -0.0182732

0.00959943 0.000303957 0.00038468
0.000303957 0.00926243 0.00131765
0.00038468 0.00131765 -0.0251882

0.00447955 -0.000192588 -0.000133248
-0.000192588 0.00441932 5.21863e-05
-0.000133248 5.21863e-05 -0.0119305

0.00462611 0.000102401 0.000149689
0.000102401 0.00455355 1.19511e-05
0.000149689 1.19511e-05 -0.012268

0.00496624 2.83816e-06 -2.67451e-05
2.83816e-06 0.00509979 1.71441e-05
-2.67451e-05 1.71441e-05 -0.0136591

0.00810207 -0.000240674 0.000192464
-0.000240674 0.00811575 0.000887711
0.000192464 0.000887711 -0.0211881

0.00525008 -0.000211136 0.00034812
-0.000211136 0.00589311 -0.000150383
0.00034812 -0.000150383 -0.0149065

0.00528141 -3.46974e-05 1.59682e-05
-3.46974e-05 0.00566368 -0.000152912
1.59682e-05 -0.000152912 -0.0141949

0.00526752 3.47906e-05 -3.42463e-05
3.47906e-05 0.00471917 -0.000499146
-3.42463e-05 -0.000499146 -0.0138162

0.00639441 0.000448205 0.00101733
0.000448205 0.00727295 -0.000338726
0.00101733 -0.000338726 -0.0172694

0.0062373 0.000340874 0.000853121
0.000340874 0.00654375 -0.0003397
0.000853121 -0.0003397 -0.0161421

0.0084277 -0.000644479 0.000285442
-0.000644479 0.00859565 0.000845019
0.000285442 0.000845019 -0.0214143

0.00826488 0.000743972 0.00064935
0.000743972 0.00752307 -0.00117708
0.00064935 -0.00117708 -0.0189178

0.00764342 0.000195354 0.0013141
0.000195354 0.00684242 -0.000276769
0.0013141 -0.000276769 -0.0193089

0.00975229 -0.000249502 6.6181e-07
-0.000249502 0.00984719 -0.00264693
6.6181e-07 -0.00264693 -0.0252985

0.00633802 0.00102078 -0.000164202
0.00102078 0.006884 -0.000933816
-0.000164202 -0.000933816 -0.0163048

0.00733592 0.000365576 0.000378754
0.000365576 0.00718232 -0.00103203
0.000378754 -0.00103203 -0.018229

0.00900848 0.000137321 -6.75827e-05
0.000137321 0.00898376 -0.000952495
-6.75827e-05 -0.000952495 -0.0223912

0.0101903 0.000585238 -0.00105412
0.000585238 0.0105477 -7.06746e-05
-0.00105412 -7.06746e-05 -0.0273301

0.00457452 2.34855e-06 1.30488e-05
2.34855e-06 0.00451519 2.41452e-05
1.30488e-05 2.41452e-05 -0.0121363

0.00578704 2.78874e-05 0.000452859
2.78874e-05 0.0063979 -1.77542e-05
0.000452859 -1.77542e-05 -0.0154506

0.00765337 -8.32558e-05 0.000835139
-8.32558e-05 0.00751043 -5.27194e-05
0.000835139 -5.27194e-05 -0.0196144

0.00634265 0.000356179 0.000656584
0.000356179 0.00630926 -0.000301415
0.000656584 -0.000301415 -0.0162608

0.00623104 0.000368976 0.000209815
0.000368976 0.00650848 -0.000373662
0.000209815 -0.000373662 -0.01593

0.00900485 0.00885662 -0.000276425
0.00885662 -1.11022e-16 -0.000220112
-0.000276425 -0.000220112 -0.0200108

0.00890867 -2.06469e-05 -0.00311987
-2.06469e-05 0.00754791 -0.00217984
-0.00311987 -0.00217984 -0.0220175

0.0058386 -9.12826e-05 0.000339392
-9.12826e-05 0.00634979 -0.000211854
0.000339392 -0.000211854 -0.0158627

0.00871571 -0.000145819 0.000132606
-0.000145819 0.00969413 -0.0014941
0.000132606 -0.0014941 -0.0247568

0.00462829 -3.31927e-05 -0.000162495
-3.31927e-05 0.0045061 -1.86825e-05
-0.000162495 -1.86825e-05 -0.0122419

0.00762124 -5.51265e-05 0.000986371
-5.51265e-05 0.00754952 -0.000184142
0.000986371 -0.000184142 -0.0203261

0.00935258 -0.000163523 -0.00125868
-0.000163523 0.00997537 -0.000712242
-0.00125868 -0.000712242 -0.0252083

0 0 -0.00383391
0 0 -0.000382669
-0.00383391 -0.000382669 -0.0201384

0.00481481 -8.5702e-05 3.5868e-05
-8.5702e-05 0.00481263 0.000115639
3.5868e-05 0.000115639 -0.0127039

0.00489593 1.29706e-05 0.000182965
1.29706e-05 0.00489436 0.000170122
0.000182965 0.000170122 -0.0128415

0.00577101 0.00017526 6.13757e-07
0.00017526 0.00563784 0.000132668
6.13757e-07 0.000132668 -0.0150969

0.00410644 0.000285722 -3.83634e-05
0.000285722 0.0043556 -0.00015366
-3.83634e-05 -0.00015366 -0.011247

0.00553478 0.000108816 -0.000118082
0.000108816 0.00568237 -0.000381296
-0.000118082 -0.000381296 -0.0142123

0.0055552 1.6606e-05 -0.000208262
1.6606e-05 0.00584498 0.000139786
-0.000208262 0.000139786 -0.0145347

0.00535669 8.0519e-05 -0.000152639
8.0519e-05 0.00615023 -0.000302211
-0.000152639 -0.000302211 -0.0147683

0.00564583 0.000152956 0.000196261
0.000152956 0.00571584 -0.000408448
0.000196261 -0.000408448 -0.0143703

0.00558913 3.5902e-05 -0.000111761
3.5902e-05 0.00552534 -0.000118798
-0.000111761 -0.000118798 -0.014437

0.00554892 6.32147e-05 -0.000197938
6.32147e-05 0.00560152 1.05407e-05
-0.000197938 1.05407e-05 -0.0145247

0 -0.0040606 -0.000611186
-0.0040606 0.00758619 -0.00277135
-0.000611186 -0.00277135 -0.0211253

0 0 -0.00383391
0 0 -0.000382669
-0.00383391 -0.000382669 -0.0201384

0.00575095 6.48126e-05 -0.000316577
6.48126e-05 0.00573822 -2.77969e-05
-0.000316577 -2.77969e-05 -0.0147907

0.00563724 2.62117e-05 -0.000320659
2.62117e-05 0.00533319 -5.19564e-05
-0.000320659 -5.19564e-05 -0.0138781

0.00890003 0.000342269 0.00167547
0.000342269 0.00822337 -0.00170376
0.00167547 -0.00170376 -0.0211446

0.00782414 -0.00359814 -0.000555434
-0.00359814 0 -0.00394084
-0.000555434 -0.00394084 -0.0213056

0.00520432 0.000177566 -0.000150873
0.000177566 0.00538691 -3.24648e-05
-0.000150873 -3.24648e-05 -0.0139205

0.00505166 -4.121e-05 0.000230234
-4.121e-05 0.00488225 -0.000227358
0.000230234 -0.000227358 -0.0131629

0.0053161 -8.70178e-05 -0.000256866
-8.70178e-05 0.0055059 -3.32579e-05
-0.000256866 -3.32579e-05 -0.0140488

0.0055575 -5.52484e-05 -0.000340449
-5.52484e-05 0.00520755 -6.75851e-05
-0.000340449 -6.75851e-05 -0.0143554

0.00493863 3.59326e-05 0.000109107
3.59326e-05 0.00488576 -0.000279487
0.000109107 -0.000279487 -0.0129692

0.0050348 6.36188e-05 0.000150805
6.36188e-05 0.0048145 -0.000226969
0.000150805 -0.000226969 -0.0129718

0.00498547 -9.68175e-05 -0.000336531
-9.68175e-05 0.00527535 -4.89426e-05
-0.000336531 -4.89426e-05 -0.0132888

0.0074914 5.47122e-05 0.00130424
5.47122e-05 0.00772743 -2.40417e-05
0.00130424 -2.40417e-05 -0.0204247

0.00506308 -6.83976e-05 -0.000204719
-6.83976e-05 0.00496466 -6.54483e-05
-0.000204719 -6.54483e-05 -0.0134623

0.00457771 5.72873e-06 -7.76861e-06
5.72873e-06 0.00451122 2.93126e-05
-7.76861e-06 2.93126e-05 -0.0120986

0.0092532 0.000158318 0.0019431
0.000158318 0.00957973 0.000587742
0.0019431 0.000587742 -0.02519

0.00385051 7.51062e-06 -6.94191e-05
7.51062e-06 0.00404816 6.96258e-05
-6.94191e-05 6.96258e-05 -0.0109082

0.00518904 9.33577e-06 0.000261507
9.33577e-06 0.00481262 -0.000190566
0.000261507 -0.000190566 -0.013163

0.00417466 -6.09152e-05 -0.000181355
-6.09152e-05 0.00443437 4.76191e-06
-0.000181355 4.76191e-06 -0.0117086

0.00495894 -9.49222e-05 -0.000215207
-9.49222e-05 0.00506165 0.00011105
-0.000215207 0.00011105 -0.013154

0.00888584 0.000680731 -0.00246043
0.000680731 0.0088573 0.000667056
-0.00246043 0.000667056 -0.022032

0.0051101 3.08555e-05 2.40248e-05
3.08555e-05 0.00529284 0.000157519
2.40248e-05 0.000157519 -0.0135887

0.00497897 5.7573e-06 0.000102142
5.7573e-06 0.00509183 0.000326727
0.000102142 0.000326727 -0.0131952

0.00411393 0.00022189 -3.83056e-05
0.00022189 0.00414891 -6.04136e-05
-3.83056e-05 -6.04136e-05 -0.0112588

0.0101162 0.000361626 -0.00121985
0.000361626 0.00993301 -0.000434771
-0.00121985 -0.000434771 -0.0273914

0.00479833 -8.41619e-05 -0.000154942
-8.41619e-05 0.00480118 -1.90716e-05
-0.000154942 -1.90716e-05 -0.0127074

0.00491345 5.38094e-06 0.000129734
5.38094e-06 0.00456952 -3.04088e-05
0.000129734 -3.04088e-05 -0.0124102

0.00472923 -3.67686e-05 -0.000330532
-3.67686e-05 0.00480782 -3.9572e-05
-0.000330532 -3.9572e-05 -0.0126413

0.00490404 -7.57414e-05 -0.000288484
-7.57414e-05 0.00475414 0.000102031
-0.000288484 0.000102031 -0.0127643

0.00481558 -4.66614e-06 -0.000191511
-4.66614e-06 0.00498411 0.000164041
-0.000191511 0.000164041 -0.0128911

0.00380019 -0.000107367 -3.65712e-05
-0.000107367 0.0039321 6.29978e-05
-3.65712e-05 6.29978e-05 -0.0108841

0.00451909 0.000181811 -5.57819e-05
0.000181811 0.00439302 1.25866e-05
-5.57819e-05 1.25866e-05 -0.0120088

0.0076405 -0.000300159 0.000268576
-0.000300159 0.00751033 0.000994572
0.000268576 0.000994572 -0.0188828

0.00934214 0.000168076 -0.00235214
0.000168076 0.00926442 0.00117263
-0.00235214 0.00117263 -0.0243364

0.00538059 -0.000103916 -1.54211e-06
-0.000103916 0.00554077 6.88535e-05
-1.54211e-06 6.88535e-05 -0.014299

0.00398321 8.23026e-05 2.13237e-05
8.23026e-05 0.00444675 1.4071e-06
2.13237e-05 1.4071e-06 -0.0113575

0.00534345 -0.00019502 2.6541e-05
-0.00019502 0.00537416 3.71988e-05
2.6541e-05 3.71988e-05 -0.0141424

0.00466092 6.60926e-05 -0.00011463
6.60926e-05 0.00465732 1.96088e-05
-0.00011463 1.96088e-05 -0.0123035

0.0047367 -4.69379e-05 -0.000193401
-4.69379e-05 0.00476266 9.20463e-06
-0.000193401 9.20463e-06 -0.0124445

0.00463789 -1.27249e-05 -6.58112e-05
-1.27249e-05 0.00477727 -2.61378e-05
-6.58112e-05 -2.61378e-05 -0.0123598

0.00456168 -6.65804e-05 -8.23899e-05
-6.65804e-05 0.0046238 6.99636e-06
-8.23899e-05 6.99636e-06 -0.0121492

0.00473214 1.41943e-05 -1.88198e-05
1.41943e-05 0.00493347 0.000307722
-1.88198e-05 0.000307722 -0.0125896

0.00459373 -5.85041e-05 -9.78366e-05
-5.85041e-05 0.00468465 3.60119e-05
-9.78366e-05 3.60119e-05 -0.0121758

0.00445917 0.000179169 -4.80688e-05
0.000179169 0.00425057 -2.62286e-05
-4.80688e-05 -2.62286e-05 -0.0116822

0.00455194 0.000201703 -9.65222e-05
0.000201703 0.00440819 -2.27163e-05
-9.65222e-05 -2.27163e-05 -0.01199

0.00736048 -0.000338393 -0.000529334
-0.000338393 0.00721037 -0.00108374
-0.000529334 -0.00108374 -0.0184956

0.00411212 8.41409e-05 -2.21165e-05
8.41409e-05 0.00421967 3.55671e-05
-2.21165e-05 3.55671e-05 -0.0114467

0.00444978 0.000112277 0.000106834
0.000112277 0.00452059 -1.7684e-05
0.000106834 -1.7684e-05 -0.0118124

0.00416238 0.00010572 -8.34844e-05
0.00010572 0.00413698 -0.000131387
-8.34844e-05 -0.000131387 -0.0115867

0.00935017 -0.000198871 -0.00130459
-0.000198871 0.00959636 -0.000943576
-0.00130459 -0.000943576 -0.024684

0.0100226 0.000569024 -0.00110293
0.000569024 0.00975649 -0.00102289
-0.00110293 -0.00102289 -0.0271559

0.00415491 0.000215778 6.20338e-05
0.000215778 0.00448486 -1.36212e-05
6.20338e-05 -1.36212e-05 -0.0115897

0.00409982 0.000143489 -3.90269e-05
0.000143489 0.00448182 -2.50227e-05
-3.90269e-05 -2.50227e-05 -0.0113271

0.00432203 0.000278127 -4.27293e-05
0.000278127 0.00421296 3.51637e-05
-4.27293e-05 3.51637e-05 -0.0114806

0.00447961 0.000164815 -4.42864e-06
0.000164815 0.00440511 -9.08508e-06
-4.42864e-06 -9.08508e-06 -0.0119769

0.0075427 -0.000349994 0.00102565
-0.000349994 0.00745472 -0.000701108
0.00102565 -0.000701108 -0.0175719

0.0058661 -0.000139111 4.91781e-05
-0.000139111 0.00553225 -0.000514253
4.91781e-05 -0.000514253 -0.0151306

0.00410176 0.000199862 -1.76394e-05
0.000199862 0.00424675 -2.99592e-05
-1.76394e-05 -2.99592e-05 -0.0112935

0.00409019 0.000246649 -9.25928e-06
0.000246649 0.00427846 -8.00547e-05
-9.25928e-06 -8.00547e-05 -0.0112984

0.00408843 9.61614e-05 4.32663e-06
9.61614e-05 0.00428518 0.00015366
4.32663e-06 0.00015366 -0.0114604

0.00407092 0.000158343 -8.75181e-06
0.000158343 0.0043331 -8.97072e-05
-8.75181e-06 -8.97072e-05 -0.0113416

0.00949707 -0.00042548 -0.0013382
-0.00042548 0.00822442 -0.000531122
-0.0013382 -0.000531122 -0.0247518

0.00916636 0.000127185 -0.00122688
0.000127185 0.0102606 -0.00108878
-0.00122688 -0.00108878 -0.0260387

0.00497147 -3.24612e-05 -0.000185776
-3.24612e-05 0.00498131 2.7439e-05
-0.000185776 2.7439e-05 -0.0130114

0.00844692 -0.000323741 -0.00109967
-0.000323741 0.00763288 0.00218369
-0.00109967 0.00218369 -0.0211872

0.00851393 0.000352765 0.000677024
0.000352765 0.00747296 -0.0006716
0.000677024 -0.0006716 -0.0205779

0.0044616 0.00012503 8.81862e-05
0.00012503 0.00435196 4.75448e-05
8.81862e-05 4.75448e-05 -0.0118229

0.00733388 0.000187493 -0.000985615
0.000187493 0.00702093 0.000638144
-0.000985615 0.000638144 -0.0188858

0.0047679 4.23396e-05 0.000110751
4.23396e-05 0.00456284 -2.28377e-05
0.000110751 -2.28377e-05 -0.0124098

0.00903242 0.000357501 -0.00134717
0.000357501 0.00937248 -0.000388229
-0.00134717 -0.000388229 -0.0234907

0.00399866 9.21611e-05 -2.49644e-05
9.21611e-05 0.00444275 2.73839e-05
-2.49644e-05 2.73839e-05 -0.0115182

0.0049315 0.00015133 -6.70221e-05
0.00015133 0.0049015 -4.496e-05
-6.70221e-05 -4.496e-05 -0.0130123

0.00497972 0.000141817 -0.000175328
0.000141817 0.00489957 -5.36253e-05
-0.000175328 -5.36253e-05 -0.0130059

0.00396495 -7.71756e-05 -3.48934e-05
-7.71756e-05 0.00420538 -0.00013021
-3.48934e-05 -0.00013021 -0.0110967

0.00589276 -0.000257389 -0.000492654
-0.000257389 0.00607226 -0.000230681
-0.000492654 -0.000230681 -0.0152584

0.0101102 0.000439537 0.00018903
0.000439537 0.00934016 0.0010336
0.00018903 0.0010336 -0.0260038

0.009184 -2.21508e-06 0.00109178
-2.21508e-06 0.00569719 -1.60054e-05
0.00109178 -1.60054e-05 -0.0256366

0.0100246 -9.74724e-05 0.000169348
-9.74724e-05 0.0071798 -0.000658841
0.000169348 -0.000658841 -0.0239692

0.00922593 0.000507635 0.00112099
0.000507635 0.00777538 -0.000462744
0.00112099 -0.000462744 -0.0257723

0.0091919 -0.000212234 0.000101224
-0.000212234 0.011254 0.00356692
0.000101224 0.00356692 -0.0289374

0.0100025 2.99153e-05 0.000513741
2.99153e-05 0.00830879 -9.89402e-05
0.000513741 -9.89402e-05 -0.0258638

0.00530453 0.000118181 -0.000147879
0.000118181 0.00513564 -2.57462e-05
-0.000147879 -2.57462e-05 -0.0136165

0.00758228 -0.000103942 0.000317679
-0.000103942 0.00730687 0.000798555
0.000317679 0.000798555 -0.0194576

0.00878228 -0.000178619 -0.00141629
-0.000178619 0.0102528 0.00187162
-0.00141629 0.00187162 -0.0258603

0.00639357 7.09989e-05 0.000314955
7.09989e-05 0.00660712 0.000506835
0.000314955 0.000506835 -0.0171591

0.00623343 1.63321e-07 0.000530551
1.63321e-07 0.00669554 0.000248984
0.000530551 0.000248984 -0.0164075

0.00550049 -0.000259849 0.00012322
-0.000259849 0.00528165 -4.61606e-05
0.00012322 -4.61606e-05 -0.0140987

0.00896579 0.000145338 -0.00193187
0.000145338 0.00984677 -0.000810491
-0.00193187 -0.000810491 -0.0258145

0.00867264 0.000292888 -0.00238431
0.000292888 0.0101528 0.00129021
-0.00238431 0.00129021 -0.024399

0.00928858 0.000295309 -0.00309424
0.000295309 0.00940874 0.000313979
-0.00309424 0.000313979 -0.0248596

0.00451042 -4.57791e-05 -5.93374e-05
-4.57791e-05 0.00444099 -3.88178e-05
-5.93374e-05 -3.88178e-05 -0.012151

0.00557233 -0.000135612 9.23712e-05
-0.000135612 0.00545769 -8.95186e-06
9.23712e-05 -8.95186e-06 -0.0142969

0.00401123 6.81427e-05 -8.2635e-05
6.81427e-05 0.00443161 1.29166e-05
-8.2635e-05 1.29166e-05 -0.0115261

0.00914805 -5.56896e-05 0.000246986
-5.56896e-05 0.0107146 0.00273601
0.000246986 0.00273601 -0.0244672

0.0039976 5.86282e-05 -3.21025e-05
5.86282e-05 0.00443741 -1.5558e-05
-3.21025e-05 -1.5558e-05 -0.0113868

0.00404103 5.47146e-06 1.80242e-05
5.47146e-06 0.00428198 -5.76017e-05
1.80242e-05 -5.76017e-05 -0.011292

0.00486207 -4.1672e-05 6.88288e-05
-4.1672e-05 0.00477114 7.09915e-05
6.88288e-05 7.09915e-05 -0.0127324

0.00406281 -8.33478e-05 -2.21164e-05
-8.33478e-05 0.00421975 4.023e-05
-2.21164e-05 4.023e-05 -0.0112282

0.00517433 0.000135939 0.000133362
0.000135939 0.00539732 -0.000274079
0.000133362 -0.000274079 -0.0139074

0.00716026 -0.00109999 -0.000464008
-0.00109999 0.0108714 -0.000363428
-0.000464008 -0.000363428 -0.0274998

0.00507575 6.97422e-05 -0.000101078
6.97422e-05 0.00483091 3.87889e-05
-0.000101078 3.87889e-05 -0.013554

0.00754899 -0.000267374 0.000790655
-0.000267374 0.00718644 -0.000160664
0.000790655 -0.000160664 -0.0185125

0.00398262 -4.50635e-05 3.11369e-06
-4.50635e-05 0.00433041 -2.09951e-05
3.11369e-06 -2.09951e-05 -0.0112692

0.00761694 0.000253501 -0.00113915
0.000253501 0.00765354 0.0015094
-0.00113915 0.0015094 -0.0200225

0.00892716 0.000129574 0.00134965
0.000129574 0.00930096 -0.000863601
0.00134965 -0.000863601 -0.0222135

0.00408957 -0.000135042 -0.000103154
-0.000135042 0.0042539 8.70893e-05
-0.000103154 8.70893e-05 -0.0111659

0.00755983 -0.000125415 0.000388459
-0.000125415 0.00715399 -0.000337858
0.000388459 -0.000337858 -0.0172862

0.00477408 -9.14087e-05 -3.73365e-05
-9.14087e-05 0.00443567 7.45608e-06
-3.73365e-05 7.45608e-06 -0.0120716

0.0064198 -0.000231353 -0.00099939
-0.000231353 0.00686045 -0.000150422
-0.00099939 -0.000150422 -0.0169751

0.00500396 -5.87102e-05 -5.13558e-06
-5.87102e-05 0.00489935 -0.000117793
-5.13558e-06 -0.000117793 -0.0130832

0.00424604 0.000122627 -9.34114e-07
0.000122627 0.00462998 0.000163257
-9.34114e-07 0.000163257 -0.0119706

0.00403424 -1.07851e-05 4.72105e-06
-1.07851e-05 0.0043502 -1.42185e-05
4.72105e-06 -1.42185e-05 -0.0112801

0.00495787 1.07815e-05 8.18159e-07
1.07815e-05 0.00480442 -0.000114432
8.18159e-07 -0.000114432 -0.0130685

0.00732189 5.88195e-05 -0.000862555
5.88195e-05 0.00681783 0.000333895
-0.000862555 0.000333895 -0.017907

0.00499906 0.000111625 7.67393e-06
0.000111625 0.00492369 -0.000123728
7.67393e-06 -0.000123728 -0.0130727

0.0052817 -6.35517e-05 0.000230334
-6.35517e-05 0.00506808 7.38387e-05
0.000230334 7.38387e-05 -0.0136012

0.00943335 0.000495649 0.000646608
0.000495649 0.00934687 -7.75877e-05
0.000646608 -7.75877e-05 -0.0249789

0.00406706 -0.000114097 -6.71578e-05
-0.000114097 0.0042355 6.09058e-05
-6.71578e-05 6.09058e-05 -0.0111746

0.00637092 -0.000306293 -0.000760162
-0.000306293 0.00682172 -5.59624e-05
-0.000760162 -5.59624e-05 -0.0171723

0.00451739 -5.81612e-05 9.83756e-06
-5.81612e-05 0.00444921 8.03768e-05
9.83756e-06 8.03768e-05 -0.0119138

0.00911846 0.000104132 0.000331709
0.000104132 0.00915409 -0.00140662
0.000331709 -0.00140662 -0.0258467

0.00501263 5.74691e-05 1.4456e-05
5.74691e-05 0.00512624 -0.000131683
1.4456e-05 -0.000131683 -0.0130963

0.00449162 -0.000143945 1.40703e-05
-0.000143945 0.00466348 -7.1429e-05
1.40703e-05 -7.1429e-05 -0.0121477

0.00421996 0.000145743 -6.04866e-05
0.000145743 0.00404148 3.20535e-06
-6.04866e-05 3.20535e-06 -0.0111178

0.00453808 1.78204e-05 -7.95114e-05
1.78204e-05 0.00440495 5.86163e-05
-7.95114e-05 5.86163e-05 -0.0120287

0.00421271 0.00014381 -3.88855e-05
0.00014381 0.00407242 -1.54014e-05
-3.88855e-05 -1.54014e-05 -0.0111633

0.00539584 1.93875e-06 0.00012082
1.93875e-06 0.00546037 -3.82234e-05
0.00012082 -3.82234e-05 -0.014178

0.00429147 -4.33712e-05 -3.57525e-05
-4.33712e-05 0.00441104 0.000149078
-3.57525e-05 0.000149078 -0.0115845

0.00420128 0.000174817 -5.11793e-05
0.000174817 0.00399154 2.4198e-05
-5.11793e-05 2.4198e-05 -0.0111646

0.00443985 -0.000168928 -3.51448e-05
-0.000168928 0.00466922 -0.00013364
-3.51448e-05 -0.00013364 -0.0121115

0.00740516 -1.64687e-05 0.000350347
-1.64687e-05 0.00741124 0.00111515
0.000350347 0.00111515 -0.0187134

0.00553087 -0.00015477 4.05297e-06
-0.00015477 0.00536903 0.000120949
4.05297e-06 0.000120949 -0.0141713

0.00546504 1.0928e-05 -0.00034845
1.0928e-05 0.00540205 -0.000234841
-0.00034845 -0.000234841 -0.0143429

0.00796673 -0.000139961 0.00151205
-0.000139961 0.00798491 -0.000760838
0.00151205 -0.000760838 -0.0195076

0.00414864 9.69919e-05 -6.69222e-05
9.69919e-05 0.00429479 8.3174e-05
-6.69222e-05 8.3174e-05 -0.011555

0.00421502 2.74645e-05 -8.21937e-05
2.74645e-05 0.00419848 1.30609e-05
-8.21937e-05 1.30609e-05 -0.0116664

0.0041627 0.000322719 2.6414e-05
0.000322719 0.00434996 -7.92007e-05
2.6414e-05 -7.92007e-05 -0.0114419

0.00419207 0.000256922 1.77934e-05
0.000256922 0.00428259 -1.57422e-06
1.77934e-05 -1.57422e-06 -0.0114552

0.00540129 7.30878e-07 8.89854e-05
7.30878e-07 0.00541042 1.70813e-05
8.89854e-05 1.70813e-05 -0.0140331

0.00421255 0.000168788 -7.05335e-05
0.000168788 0.00398442 3.48823e-05
-7.05335e-05 3.48823e-05 -0.0111314

0.00509263 7.54775e-07 0.000164196
7.54775e-07 0.00473925 -0.000135577
0.000164196 -0.000135577 -0.012803

0.00500073 3.37706e-05 0.000235251
3.37706e-05 0.00472752 -0.000159039
0.000235251 -0.000159039 -0.0128252

0.00896148 0.00012718 -0.000321766
0.00012718 0.00922838 0.000252501
-0.000321766 0.000252501 -0.0231969

0.00448673 -3.60267e-05 -6.07673e-05
-3.60267e-05 0.00459799 7.87244e-05
-6.07673e-05 7.87244e-05 -0.0120899

0.0047304 -3.02435e-05 0.000147357
-3.02435e-05 0.00467986 -0.000220452
0.000147357 -0.000220452 -0.012349

0.00923671 5.92857e-05 -0.000494171
5.92857e-05 0.00929486 -0.00261868
-0.000494171 -0.00261868 -0.0234824

0.00433767 0.000221892 -6.32902e-06
0.000221892 0.00447045 1.07073e-05
-6.32902e-06 1.07073e-05 -0.0120343

0.00478457 6.09338e-05 8.71393e-05
6.09338e-05 0.00477146 -0.000195253
8.71393e-05 -0.000195253 -0.0125409

0.00449612 -1.46787e-06 -2.68095e-05
-1.46787e-06 0.00466653 -3.33887e-05
-2.68095e-05 -3.33887e-05 -0.0120759

0.00453384 3.96002e-05 -9.51803e-05
3.96002e-05 0.00452496 2.69361e-05
-9.51803e-05 2.69361e-05 -0.0120686

0.0094445 -0.000212187 8.62057e-05
-0.000212187 0.0103791 -0.00182439
8.62057e-05 -0.00182439 -0.0261499

0.0093932 -2.40374e-05 0.00044652
-2.40374e-05 0.00970567 -0.00292811
0.00044652 -0.00292811 -0.0258204

0.00439176 0.000123804 -0.00011121
0.000123804 0.00440517 -0.000167313
-0.00011121 -0.000167313 -0.0117153

0.00452935 7.74594e-05 -0.000257248
7.74594e-05 0.00450372 -5.31634e-05
-0.000257248 -5.31634e-05 -0.0117069

0.00420793 1.9288e-05 2.19652e-05
1.9288e-05 0.0044325 0.000153426
2.19652e-05 0.000153426 -0.011553

0.00429606 -0.000156507 0.000279777
-0.000156507 0.00435192 0.000167627
0.000279777 0.000167627 -0.0117532

0.00400917 -9.11275e-08 1.61415e-05
-9.11275e-08 0.00418443 8.11358e-07
1.61415e-05 8.11358e-07 -0.0110362

0.00394514 -3.91128e-05 -5.85871e-05
-3.91128e-05 0.0045303 0.000144204
-5.85871e-05 0.000144204 -0.011577

0.00429661 -9.75037e-05 0.00011275
-9.75037e-05 0.0044731 -1.93759e-05
0.00011275 -1.93759e-05 -0.0116376

0.00428216 4.06579e-06 9.01265e-05
4.06579e-06 0.00396863 0.000221792
9.01265e-05 0.000221792 -0.011061

0.00497292 -4.2522e-05 -2.89362e-05
-4.2522e-05 0.00473304 0.000134133
-2.89362e-05 0.000134133 -0.0128155

0.00902211 0.000428677 7.31092e-05
0.000428677 0.01082 -0.00361053
7.31092e-05 -0.00361053 -0.0238424

0.00423473 7.48621e-05 -4.16966e-05
7.48621e-05 0.00400264 9.9124e-05
-4.16966e-05 9.9124e-05 -0.0112294

0.00407326 -5.64334e-05 6.60998e-05
-5.64334e-05 0.00396568 8.39173e-05
6.60998e-05 8.39173e-05 -0.0111498

0.00430251 -4.59797e-05 0.000112938
-4.59797e-05 0.00399359 0.000143493
0.000112938 0.000143493 -0.0110405

0.00982109 -0.000433227 0.00037833
-0.000433227 0.00919049 0.000368217
0.00037833 0.000368217 -0.0264743

0.00621676 -7.46712e-05 -0.000509194
-7.46712e-05 0.0065096 -0.000175779
-0.000509194 -0.000175779 -0.015737

0.00838301 0.000928985 0.00184061
0.000928985 0.00793985 -0.00078715
0.00184061 -0.00078715 -0.0266317

0.00858697 0.000459737 0.000397017
0.000459737 0.00889418 -0.00132919
0.000397017 -0.00132919 -0.0229004

0.00917073 0.000125396 -0.00134967
0.000125396 0.010247 -0.00112149
-0.00134967 -0.00112149 -0.0255816

0.00594582 -0.000208691 -0.000243163
-0.000208691 0.00552877 -0.000199552
-0.000243163 -0.000199552 -0.0141137

0.008171 -0.000124539 0.00010902
-0.000124539 0.00708277 0.00060186
0.00010902 0.00060186 -0.0221193

0.00933232 0.000109094 -0.00286994
0.000109094 0.00978041 -0.000963715
-0.00286994 -0.000963715 -0.0239565

0.00762023 -1.29879e-06 -0.000838731
-1.29879e-06 0.0076464 -0.00153889
-0.000838731 -0.00153889 -0.0201491

0.0088718 0.000370227 -0.000314976
0.000370227 0.00856968 0.000237144
-0.000314976 0.000237144 -0.0226696

0.00678348 0.000341803 -0.000901806
0.000341803 0.00685512 8.94994e-05
-0.000901806 8.94994e-05 -0.0171181

0.00453373 3.83336e-05 -0.000100962
3.83336e-05 0.00468572 -1.29563e-05
-0.000100962 -1.29563e-05 -0.0123599

0.00583378 -8.28141e-06 1.23606e-05
-8.28141e-06 0.00584399 -0.000344746
1.23606e-05 -0.000344746 -0.0150603

0.00568485 0.000250781 0.000268672
0.000250781 0.00611903 -0.00073471
0.000268672 -0.00073471 -0.0154971

0.00759307 -7.73714e-05 0.000320768
-7.73714e-05 0.00729843 0.000794649
0.000320768 0.000794649 -0.0192467

0.00747128 0.000328606 6.02328e-05
0.000328606 0.00732931 0.000624055
6.02328e-05 0.000624055 -0.0180678

0.00452445 -6.12928e-05 -3.0335e-05
-6.12928e-05 0.00459433 7.38037e-05
-3.0335e-05 7.38037e-05 -0.012077

0.00834659 -1.00004e-06 0.00141113
-1.00004e-06 0.00760327 0.00164041
0.00141113 0.00164041 -0.0201796

0.00813253 0.000793285 0.000158588
0.000793285 0.00757319 -0.00103847
0.000158588 -0.00103847 -0.0197514

0.00713256 -0.00074451 0.00170209
-0.00074451 0.00806907 0.00128049
0.00170209 0.00128049 -0.0199488

0.00803182 -0.000381144 0.00218921
-0.000381144 0.00812571 0.00186418
0.00218921 0.00186418 -0.0213444

0.00510049 1.07887e-05 0.000320538
1.07887e-05 0.00507056 0.000140057
0.000320538 0.000140057 -0.013323

0.00485783 -1.40279e-05 1.93399e-05
-1.40279e-05 0.00466071 4.16977e-05
1.93399e-05 4.16977e-05 -0.0125458

0.00420242 -5.04954e-05 -0.000167697
-5.04954e-05 0.00442367 -4.38436e-05
-0.000167697 -4.38436e-05 -0.0115996

0.00491308 5.5026e-06 0.000242931
5.5026e-06 0.00489727 0.000136382
0.000242931 0.000136382 -0.0128017

0.00462219 -9.95394e-05 0.000200835
-9.95394e-05 0.00463954 0.000195619
0.000200835 0.000195619 -0.012055

0.0101824 -0.000598746 0.000674001
-0.000598746 0.00878855 -0.00083899
0.000674001 -0.00083899 -0.0263325

0.00422019 7.14e-05 3.45261e-05
7.14e-05 0.00426268 6.06115e-05
3.45261e-05 6.06115e-05 -0.0113707

0.00429234 0.000139294 -0.00013335
0.000139294 0.00413207 0.000132482
-0.00013335 0.000132482 -0.0112474

0.00928028 0.000183967 0.000183663
0.000183967 0.00981345 -0.00357851
0.000183663 -0.00357851 -0.0238101

0.00425712 2.16143e-05 3.20353e-06
2.16143e-05 0.00432601 0.000121287
3.20353e-06 0.000121287 -0.0114345

0.00911246 -0.00092635 -0.000445106
-0.00092635 0.00862212 -0.000326341
-0.000445106 -0.000326341 -0.0257265

0.00869428 0.000412571 -0.000774905
0.000412571 0.0106725 -0.00196197
-0.000774905 -0.00196197 -0.0248434

0.00846128 -0.000260188 -0.00254663
-0.000260188 0.0091709 -0.0022309
-0.00254663 -0.0022309 -0.0229608

0.00834856 -1.44822e-05 0.001424
-1.44822e-05 0.00769215 0.00158437
0.001424 0.00158437 -0.0203855

0.00921027 -0.000116364 0.000245341
-0.000116364 0.0100593 0.000612797
0.000245341 0.000612797 -0.0242221

0.00398142 6.59351e-05 -5.45781e-05
6.59351e-05 0.00439098 0.000128048
-5.45781e-05 0.000128048 -0.0113972

0.00644537 -0.000288157 -0.000950889
-0.000288157 0.00682064 -0.000410382
-0.000950889 -0.000410382 -0.0170228

0.00513766 -6.34661e-05 -7.51719e-05
-6.34661e-05 0.00509547 1.27963e-05
-7.51719e-05 1.27963e-05 -0.013845

0.00567517 -5.02603e-05 1.62711e-05
-5.02603e-05 0.00567095 0.000150643
1.62711e-05 0.000150643 -0.0149663

0.0042808 -0.000106259 -1.1017e-05
-0.000106259 0.00439796 8.35892e-05
-1.1017e-05 8.35892e-05 -0.0115617

0.00459743 -9.99021e-05 0.000115728
-9.99021e-05 0.00453913 -0.000123462
0.000115728 -0.000123462 -0.0127527

0.00570841 -0.000178819 0.000111192
-0.000178819 0.00571987 0.000354994
0.000111192 0.000354994 -0.0148838

0.00566796 -0.000100974 9.27633e-05
-0.000100974 0.00554411 0.000206042
9.27633e-05 0.000206042 -0.0147645

0.00554565 -0.000160527 -0.000442486
-0.000160527 0.00568159 -0.000134366
-0.000442486 -0.000134366 -0.0143495

0.00461766 -8.82516e-05 -8.39154e-05
-8.82516e-05 0.0044677 -5.73698e-09
-8.39154e-05 -5.73698e-09 -0.011757

0.00837981 0.000686157 0.000267921
0.000686157 0.00874313 -0.000817366
0.000267921 -0.000817366 -0.0215556

0.00421598 9.44046e-05 -3.44491e-05
9.44046e-05 0.00430356 0.000135786
-3.44491e-05 0.000135786 -0.0115837

0.00818133 0.0002439 -0.000934717
0.0002439 0.00824429 0.00095524
-0.000934717 0.00095524 -0.0277382

0.00940361 0.000303629 -0.000569439
0.000303629 0.0112137 -0.00279831
-0.000569439 -0.00279831 -0.0276032

0.00416181 9.2074e-05 -5.13177e-05
9.2074e-05 0.00447118 0.000107536
-5.13177e-05 0.000107536 -0.0115844

0.00975114 0.000316993 -0.00203923
0.000316993 0.0095209 -0.00261491
-0.00203923 -0.00261491 -0.0251376

0.00879995 -0.000636201 -0.0019849
-0.000636201 0.0086463 -0.00158829
-0.0019849 -0.00158829 -0.0212094

0.00567747 -0.000214545 2.19155e-06
-0.000214545 0.0056803 0.000257995
2.19155e-06 0.000257995 -0.0147708

0.00845717 -0.000159547 -0.00114243
-0.000159547 0.00848802 -0.00157273
-0.00114243 -0.00157273 -0.0231831

0.00451748 2.26475e-05 1.93213e-06
2.26475e-05 0.00458319 0.000177396
1.93213e-06 0.000177396 -0.011893

0.00723265 -0.000447934 -0.000682869
-0.000447934 0.00711906 -0.00127823
-0.000682869 -0.00127823 -0.017141

0.00446665 -0.00023835 2.95592e-05
-0.00023835 0.00415296 -2.13836e-05
2.95592e-05 -2.13836e-05 -0.0116084

0.00669018 -0.000309632 -0.000247359
-0.000309632 0.00613747 -0.00073465
-0.000247359 -0.00073465 -0.0156423

0.0085706 0.000556615 0.00119129
0.000556615 0.00907875 -0.000580085
0.00119129 -0.000580085 -0.0222534

0.00428541 1.06335e-05 9.93317e-06
1.06335e-05 0.00426894 0.000108983
9.93317e-06 0.000108983 -0.0115805

0.00611767 -0.000369162 -0.00021414
-0.000369162 0.00610954 -0.000628054
-0.00021414 -0.000628054 -0.0156627

0.00621696 -0.000182047 -0.000239717
-0.000182047 0.00604342 -0.000333872
-0.000239717 -0.000333872 -0.01595

0.00441415 1.78785e-05 -0.000121901
1.78785e-05 0.0044506 8.16102e-05
-0.000121901 8.16102e-05 -0.0119782

0.00590166 -0.00019514 -0.000323433
-0.00019514 0.00564531 -0.000386107
-0.000323433 -0.000386107 -0.0150186

0.00588072 -0.000148481 -6.37545e-05
-0.000148481 0.00573493 -0.000157547
-6.37545e-05 -0.000157547 -0.0148733

0.00553919 -0.000108179 -6.96813e-08
-0.000108179 0.00549492 9.77421e-05
-6.96813e-08 9.77421e-05 -0.0145395

0.00552761 -0.000130858 -4.17451e-05
-0.000130858 0.00544711 2.36681e-05
-4.17451e-05 2.36681e-05 -0.0142843

0.00526569 -3.58541e-05 0.000150037
-3.58541e-05 0.0051763 6.69172e-05
0.000150037 6.69172e-05 -0.0139243

0.00551442 -0.000265712 -0.00014831
-0.000265712 0.00523127 7.18331e-05
-0.00014831 7.18331e-05 -0.0140322

0.00504443 -4.93583e-05 3.38888e-05
-4.93583e-05 0.00523294 0.00029009
3.38888e-05 0.00029009 -0.0132631

0.00417345 0.000198838 4.89586e-05
0.000198838 0.00440454 1.25217e-05
4.89586e-05 1.25217e-05 -0.0114777

0.00496961 -0.000163332 0.000135295
-0.000163332 0.00456858 -3.89167e-05
0.000135295 -3.89167e-05 -0.0125518

0.00506548 5.38272e-05 0.000194078
5.38272e-05 0.00489141 0.000235409
0.000194078 0.000235409 -0.0130329

0.00525554 -2.44402e-05 0.000112564
-2.44402e-05 0.00499638 0.000158322
0.000112564 0.000158322 -0.0133972

0.00484277 -6.43032e-05 6.43316e-05
-6.43032e-05 0.00486756 0.000258561
6.43316e-05 0.000258561 -0.0128855

0.0093975 5.94043e-05 0.000520112
5.94043e-05 0.00990402 0.00235893
0.000520112 0.00235893 -0.0242809

0.00605173 6.56681e-07 8.11517e-05
6.56681e-07 0.00554313 8.70911e-05
8.11517e-05 8.70911e-05 -0.0153112

0.00588237 -0.000179685 1.86026e-05
-0.000179685 0.0056668 0.000255019
1.86026e-05 0.000255019 -0.0147712

0.00582606 1.05957e-05 -0.000244241
1.05957e-05 0.00573471 0.000200837
-0.000244241 0.000200837 -0.0151038

0.00896366 0.00015816 -0.00286816
0.00015816 0.00926457 0.00118148
-0.00286816 0.00118148 -0.0238044

0.00485698 -1.7714e-05 7.87812e-05
-1.7714e-05 0.00476914 2.38596e-05
7.87812e-05 2.38596e-05 -0.0129251

0.00497816 3.28364e-05 -6.72176e-05
3.28364e-05 0.00500132 3.96779e-05
-6.72176e-05 3.96779e-05 -0.0130174

0.00586313 -0.000163185 0.000141713
-0.000163185 0.00571296 0.000351344
0.000141713 0.000351344 -0.0148831

0.00455716 -7.74897e-05 -4.70064e-05
-7.74897e-05 0.00456436 5.77797e-05
-4.70064e-05 5.77797e-05 -0.012084

0.0091877 0.000250804 0.00218752
0.000250804 0.00970368 -0.000522517
0.00218752 -0.000522517 -0.0238021

0.0042994 -6.01411e-05 -2.932e-05
-6.01411e-05 0.00422155 7.61137e-05
-2.932e-05 7.61137e-05 -0.0116025

0.00532272 0.00496467 0.00257885
0.00496467 0.0105629 -0.00511929
0.00257885 -0.00511929 -0.0281209

0.00304708 -0.0031428 0.000361939
-0.0031428 0.00320957 -0.00444189
0.000361939 -0.00444189 -0.0202817

0.00410422 -5.72062e-05 6.6963e-06
-5.72062e-05 0.00422559 1.38956e-05
6.6963e-06 1.38956e-05 -0.0113941

0.00581053 -5.23571e-05 -0.00061707
-5.23571e-05 0.00682369 0.000168169
-0.00061707 0.000168169 -0.0161605

0.00574021 0.000252329 -0.000330552
0.000252329 0.00560479 -3.84384e-05
-0.000330552 -3.84384e-05 -0.0144193

0.00664739 0.00024775 -0.000481368
0.00024775 0.00611673 0.000454709
-0.000481368 0.000454709 -0.0159638

0.00560267 2.50588e-05 1.2843e-05
2.50588e-05 0.00570388 6.24119e-05
1.2843e-05 6.24119e-05 -0.0146554

0.00587437 9.93837e-05 -0.000216726
9.93837e-05 0.00499386 -0.000219367
-0.000216726 -0.000219367 -0.0142007

0.00566273 -7.27023e-05 3.10218e-05
-7.27023e-05 0.00526159 4.93218e-05
3.10218e-05 4.93218e-05 -0.0146503

0.0102712 -0.00100212 -0.000874484
-0.00100212 0.0110233 0.00157196
-0.000874484 0.00157196 -0.0278903

0.00482115 -2.06625e-05 -3.28921e-05
-2.06625e-05 0.00477726 2.56397e-05
-3.28921e-05 2.56397e-05 -0.0124972

0.00544376 -0.000413423 -0.000194003
-0.000413423 0.00630411 -0.000189622
-0.000194003 -0.000189622 -0.0148737

0.00829151 0.00021301 -0.00106803
0.00021301 0.00895231 -0.000933328
-0.00106803 -0.000933328 -0.0230456

0.00413426 -1.28724e-05 -0.000114096
-1.28724e-05 0.00391737 -2.99268e-05
-0.000114096 -2.99268e-05 -0.0111823

0.00399471 6.74802e-05 -1.69461e-05
6.74802e-05 0.00440344 -2.35664e-05
-1.69461e-05 -2.35664e-05 -0.0113477

0.00412306 3.41972e-05 -0.000100614
3.41972e-05 0.00426549 -0.000165308
-0.000100614 -0.000165308 -0.0116259

0.00635703 -5.51666e-05 0.000189213
-5.51666e-05 0.005692 0.000495965
0.000189213 0.000495965 -0.0152827

0.00399837 7.57633e-05 -2.41892e-05
7.57633e-05 0.00442048 -2.10028e-05
-2.41892e-05 -2.10028e-05 -0.0115471

0.00399216 7.75017e-05 -2.23611e-07
7.75017e-05 0.00442182 -1.44604e-05
-2.23611e-07 -1.44604e-05 -0.0115431

0.00941129 0.000216625 0.00060547
0.000216625 0.00928021 0.00157647
0.00060547 0.00157647 -0.0250281

0.0040722 2.58682e-05 -6.44734e-05
2.58682e-05 0.00445419 5.44356e-06
-6.44734e-05 5.44356e-06 -0.0115591

0.00498386 1.74047e-05 -0.000219686
1.74047e-05 0.00496513 -0.00014015
-0.000219686 -0.00014015 -0.013313

0.00422052 6.67391e-05 -9.25231e-06
6.67391e-05 0.00438513 8.06194e-05
-9.25231e-06 8.06194e-05 -0.0115551

0.00833831 -0.000224089 -0.00124269
-0.000224089 0.00771115 -0.00142486
-0.00124269 -0.00142486 -0.0199511

0.00423592 0.000207884 7.42812e-05
0.000207884 0.00413279 1.00191e-05
7.42812e-05 1.00191e-05 -0.0116439

0.00430314 -4.97284e-05 0.000171995
-4.97284e-05 0.00446626 1.21148e-05
0.000171995 1.21148e-05 -0.0117992

0.00435719 8.70038e-05 -3.37473e-05
8.70038e-05 0.00451871 -9.36663e-05
-3.37473e-05 -9.36663e-05 -0.0119198

0.00489797 -0.000196333 -4.04977e-06
-0.000196333 0.00521279 -9.5378e-05
-4.04977e-06 -9.5378e-05 -0.0134255

0.00528778 4.46192e-05 -0.00035587
4.46192e-05 0.00514345 -0.000229151
-0.00035587 -0.000229151 -0.0142337

0.00447151 -8.25579e-05 -8.02085e-06
-8.25579e-05 0.00448191 -4.22916e-06
-8.02085e-06 -4.22916e-06 -0.012172

0.00578135 3.82205e-05 2.00366e-05
3.82205e-05 0.00561262 0.000104483
2.00366e-05 0.000104483 -0.0150966

0.00447393 -7.17792e-05 -1.04342e-05
-7.17792e-05 0.00445534 -4.27359e-05
-1.04342e-05 -4.27359e-05 -0.0121799

0.0049586 5.48814e-06 2.3746e-05
5.48814e-06 0.00476829 -0.000118539
2.3746e-05 -0.000118539 -0.012699

0.00429349 8.53866e-06 -0.00010978
8.53866e-06 0.00444658 3.4413e-05
-0.00010978 3.4413e-05 -0.0116708

0.00440327 8.58729e-06 2.23836e-05
8.58729e-06 0.00448458 -3.62349e-05
2.23836e-05 -3.62349e-05 -0.0116718

0.0039986 0.000156532 -5.88256e-05
0.000156532 0.00435301 0.000120078
-5.88256e-05 0.000120078 -0.0114515

0.00573232 0.00440359 -0.000497525
0.00440359 0.00261654 0.00482948
-0.000497525 0.00482948 -0.0209897

0.0066538 0.000795371 -0.000507017
0.000795371 0.0115858 -0.00304498
-0.000507017 -0.00304498 -0.0246784

0.00931936 5.94574e-05 -0.000984631
5.94574e-05 0.010014 -0.00348069
-0.000984631 -0.00348069 -0.0242583

0.00477917 -6.27016e-06 6.98425e-05
-6.27016e-06 0.00465238 6.32155e-05
6.98425e-05 6.32155e-05 -0.0125635

0.00594542 0.000208312 -0.000178563
0.000208312 0.00615147 0.000381028
-0.000178563 0.000381028 -0.0152539

0.00440173 -0.000193026 -1.75959e-05
-0.000193026 0.00445562 3.58482e-05
-1.75959e-05 3.58482e-05 -0.0118235

0.00426476 -9.71265e-05 -5.44801e-05
-9.71265e-05 0.00444537 -5.66492e-05
-5.44801e-05 -5.66492e-05 -0.0114251

0.00499285 2.71225e-05 -1.80512e-05
2.71225e-05 0.00517874 -0.000131245
-1.80512e-05 -0.000131245 -0.0134235

0.00862046 -7.8257e-05 -0.000366594
-7.8257e-05 0.00805734 -0.00245369
-0.000366594 -0.00245369 -0.0229052

0.00831762 0.000460498 0.000182427
0.000460498 0.00681733 -0.00236617
0.000182427 -0.00236617 -0.0201697

0.00700056 -0.000397653 0.00152698
-0.000397653 0.00714955 0.000386412
0.00152698 0.000386412 -0.018442

0.00612943 -0.000148248 -6.96693e-05
-0.000148248 0.00570952 0.000329279
-6.96693e-05 0.000329279 -0.0155106

0.00723751 0.000256086 4.10938e-05
0.000256086 0.00745302 -0.00173417
4.10938e-05 -0.00173417 -0.0188328

0.0079507 0.000192248 5.70804e-05
0.000192248 0.00691093 -0.00123221
5.70804e-05 -0.00123221 -0.019295

0.00784933 0.000488839 -0.000267803
0.000488839 0.0068111 -0.00133955
-0.000267803 -0.00133955 -0.0188789

0.0070517 -8.4512e-05 0.000204604
-8.4512e-05 0.00624762 -0.00132002
0.000204604 -0.00132002 -0.0167551

0.00705648 -6.01297e-05 0.00024783
-6.01297e-05 0.00607944 -0.000987422
0.00024783 -0.000987422 -0.0164071

0.0068051 -7.77708e-05 -4.6316e-05
-7.77708e-05 0.00625114 -0.00134382
-4.6316e-05 -0.00134382 -0.0167568

0.00703329 -5.1097e-05 0.000360323
-5.1097e-05 0.00639214 -0.000927432
0.000360323 -0.000927432 -0.0169186

0.00608371 0.00020349 0.000137329
0.00020349 0.00647073 -0.000690911
0.000137329 -0.000690911 -0.0163515

0.00679956 -0.000117445 -2.93117e-05
-0.000117445 0.0060704 -0.00101495
-2.93117e-05 -0.00101495 -0.0163919

0.00575981 -0.00012265 0.000160869
-0.00012265 0.0056528 -0.000441755
0.000160869 -0.000441755 -0.0148581

0.00559711 6.61226e-05 0.000170117
6.61226e-05 0.00554703 -0.000229859
0.000170117 -0.000229859 -0.0144462

0.00546259 -0.000103433 -0.00010919
-0.000103433 0.00564027 -0.00015554
-0.00010919 -0.00015554 -0.0142843

0.00530232 7.98942e-06 -5.16931e-05
7.98942e-06 0.00558205 9.77923e-05
-5.16931e-05 9.77923e-05 -0.014173

0.00756258 0.00015669 0.00172224
0.00015669 0.00769412 0.000636766
0.00172224 0.000636766 -0.0198944

0.00648442 0.000108605 0.000261101
0.000108605 0.00726571 -0.000417437
0.000261101 -0.000417437 -0.0178908

0.00513075 -4.10205e-07 -0.00011694
-4.10205e-07 0.0052369 4.28374e-05
-0.00011694 4.28374e-05 -0.0136688

0.00745962 0.000450158 0.000119089
0.000450158 0.00738533 -0.000468151
0.000119089 -0.000468151 -0.0181923

0.00400687 0.000186629 4.46372e-05
0.000186629 0.00446201 -6.18884e-05
4.46372e-05 -6.18884e-05 -0.0113838

0.00493232 7.28728e-05 3.46768e-05
7.28728e-05 0.0051673 0.000500898
3.46768e-05 0.000500898 -0.0129759

0.00491692 -6.22191e-05 -8.5942e-05
-6.22191e-05 0.00508028 0.000329593
-8.5942e-05 0.000329593 -0.0132045

0.00494819 -4.35536e-05 -0.000186455
-4.35536e-05 0.00508661 0.000483451
-0.000186455 0.000483451 -0.0129441

0.00499934 1.66709e-05 6.39094e-06
1.66709e-05 0.00503607 0.000449601
6.39094e-06 0.000449601 -0.0130972

0.00474111 5.41979e-05 -8.21136e-06
5.41979e-05 0.00507851 0.000282092
-8.21136e-06 0.000282092 -0.0127364

0.00800365 8.71079e-05 0.000461673
8.71079e-05 0.00733624 0.00078146
0.000461673 0.00078146 -0.0200333

0.00508545 6.32102e-05 -0.000387574
6.32102e-05 0.00506304 -3.04505e-05
-0.000387574 -3.04505e-05 -0.0134746

0.00429571 -9.56321e-05 -0.000157245
-9.56321e-05 0.00443686 1.42434e-05
-0.000157245 1.42434e-05 -0.0117545

0.00806486 -5.45148e-05 0.000365676
-5.45148e-05 0.00765109 0.00101243
0.000365676 0.00101243 -0.0198889

0.00612318 1.4247e-05 0.0004897
1.4247e-05 0.00628539 0.000306821
0.0004897 0.000306821 -0.016221

0.00384306 -6.40091e-05 -6.24386e-05
-6.40091e-05 0.00421992 0.000111573
-6.24386e-05 0.000111573 -0.010914

0.00803981 -0.000779453 0.000762607
-0.000779453 0.00904124 0.00077719
0.000762607 0.00077719 -0.0264177

0.00660154 -0.00350572 -0.00120603
-0.00350572 0.00316375 -0.00467334
-0.00120603 -0.00467334 -0.02144

0.00496336 -8.76486e-05 -6.23291e-05
-8.76486e-05 0.00475518 -0.000346472
-6.23291e-05 -0.000346472 -0.0134109

0.00386335 0.000329539 -0.000272173
0.000329539 0.00402018 0.000213245
-0.000272173 0.000213245 -0.0114908

0.00484746 -0.000171576 0.000175947
-0.000171576 0.00457745 1.39236e-05
0.000175947 1.39236e-05 -0.0123683

0.00458479 -0.00011797 2.36008e-05
-0.00011797 0.00462313 -4.07868e-06
2.36008e-05 -4.07868e-06 -0.0124141

0.00885496 -2.1419e-05 0.00299734
-2.1419e-05 0 0.00028432
0.00299734 0.00028432 -0.0206263

0.00881748 0.00198293 0.00240941
0.00198293 0.0094299 0.0026461
0.00240941 0.0026461 -0.0229967

0.00759215 5.80162e-05 0.00160019
5.80162e-05 0.00785302 0.000501041
0.00160019 0.000501041 -0.019846

0.00476617 -9.71612e-05 6.11817e-05
-9.71612e-05 0.00472695 9.99178e-05
6.11817e-05 9.99178e-05 -0.0125286

0.00503214 2.73148e-05 6.39154e-05
2.73148e-05 0.0051212 -2.97235e-05
6.39154e-05 -2.97235e-05 -0.0134302

0.00784051 0.000387241 0.00185615
0.000387241 0.00798025 0.0005669
0.00185615 0.0005669 -0.019824

0.0105885 0.000399757 -0.0011554
0.000399757 0.0098372 0.000308725
-0.0011554 0.000308725 -0.0270717

0.00449864 6.51979e-05 1.54777e-05
6.51979e-05 0.00464346 6.75133e-05
1.54777e-05 6.75133e-05 -0.0125642

0.00417116 0.000178602 -6.33638e-05
0.000178602 0.00404473 5.11396e-08
-6.33638e-05 5.11396e-08 -0.0111601

0.00791573 3.86948e-05 0.00196769
3.86948e-05 0.00774935 -0.000420228
0.00196769 -0.000420228 -0.0197784

0.00759993 4.65264e-05 0.00179606
4.65264e-05 0.00776325 -0.000487624
0.00179606 -0.000487624 -0.0195075

0.00648498 -2.77574e-05 0.000116799
-2.77574e-05 0.00619702 0.00042907
0.000116799 0.00042907 -0.0159035

0.00882773 -7.93149e-05 -0.000851483
-7.93149e-05 0.008666 0.00048841
-0.000851483 0.00048841 -0.0215667

0.0052494 -6.97573e-05 3.88962e-05
-6.97573e-05 0.00506695 4.5328e-05
3.88962e-05 4.5328e-05 -0.013637

0.00982334 -0.000442661 9.63969e-06
-0.000442661 0.00963694 -0.00170433
9.63969e-06 -0.00170433 -0.0265689

0.0055394 3.44203e-05 -0.000144292
3.44203e-05 0.00565768 -9.28374e-05
-0.000144292 -9.28374e-05 -0.0145593

0.00718704 -0.000329174 0.000504704
-0.000329174 0.00648362 0.000751273
0.000504704 0.000751273 -0.0177737

0.00458174 -0.000107604 6.18041e-05
-0.000107604 0.00473191 0.000122755
6.18041e-05 0.000122755 -0.012435

0.00780406 -2.0399e-05 0.000504176
-2.0399e-05 0.00725705 0.000772983
0.000504176 0.000772983 -0.0191731

0.0077636 -0.000584703 -0.000269188
-0.000584703 0.00684632 0.000674575
-0.000269188 0.000674575 -0.0186425

0.00421396 0.000171038 -2.69774e-05
0.000171038 0.00401534 7.74858e-06
-2.69774e-05 7.74858e-06 -0.0111357

0.00398786 6.8643e-05 3.8303e-06
6.8643e-05 0.00440427 -1.84214e-05
3.8303e-06 -1.84214e-05 -0.0113371

0.00495844 -0.000101955 -6.81639e-05
-0.000101955 0.00499119 6.40212e-05
-6.81639e-05 6.40212e-05 -0.0127595

0.00873467 0.000680626 0.000769162
0.000680626 0.00824492 -0.000141011
0.000769162 -0.000141011 -0.021787

0.00459074 -0.000140909 4.99614e-05
-0.000140909 0.00476873 0.000142924
4.99614e-05 0.000142924 -0.0124259

0.00426114 1.31614e-05 2.44194e-06
1.31614e-05 0.00424147 -0.000107712
2.44194e-06 -0.000107712 -0.0117464

0.00506037 0.00011271 -6.16614e-05
0.00011271 0.00513719 6.19735e-05
-6.16614e-05 6.19735e-05 -0.0137636

0.0091924 0.000267672 0.00200687
0.000267672 0.00827526 -0.00185182
0.00200687 -0.00185182 -0.0222858

0.00939078 -0.000221945 0.000129184
-0.000221945 0.00990829 -0.00134126
0.000129184 -0.00134126 -0.0261336

0.00629524 0.000213482 -0.000150265
0.000213482 0.00615084 0.000365896
-0.000150265 0.000365896 -0.0158839

0.00940956 -0.000326612 0.00211502
-0.000326612 0.00834193 0.00205569
0.00211502 0.00205569 -0.0227364

0.00921484 1.85995e-05 0.000180607
1.85995e-05 0.00884368 -0.00176534
0.000180607 -0.00176534 -0.0235936

0.00487213 -0.00011857 2.28762e-05
-0.00011857 0.00502431 6.05628e-05
2.28762e-05 6.05628e-05 -0.0129892

0.00519902 -6.9716e-05 0.000202998
-6.9716e-05 0.00493416 0.000124251
0.000202998 0.000124251 -0.013369

0.00872109 2.96701e-05 0.00230737
2.96701e-05 0.00825696 0.00125183
0.00230737 0.00125183 -0.0216956

0.00634022 0.000278554 -0.000388949
0.000278554 0.00661283 0.00056337
-0.000388949 0.00056337 -0.0166822

0.00421367 3.72535e-05 -0.000225331
3.72535e-05 0.004247 0.000206513
-0.000225331 0.000206513 -0.0115459

0.0076934 -0.000233211 0.000163764
-0.000233211 0.00664119 0.000506145
0.000163764 0.000506145 -0.0187416

0.0053157 -0.000105067 -7.30047e-05
-0.000105067 0.00537481 6.79266e-05
-7.30047e-05 6.79266e-05 -0.0138836

0.00942441 -0.000389077 0.00211302
-0.000389077 0.00824417 0.00175053
0.00211302 0.00175053 -0.0230089

0.0092942 -0.000106772 0.00161584
-0.000106772 0.00985647 0.00199425
0.00161584 0.00199425 -0.0245945

0.00418019 0.00011832 -1.855e-05
0.00011832 0.00393512 3.91564e-05
-1.855e-05 3.91564e-05 -0.010977

0.00518973 -0.000158155 0.00019272
-0.000158155 0.00498498 6.28526e-05
0.00019272 6.28526e-05 -0.0133789

0.00484161 -0.000203239 -5.01066e-05
-0.000203239 0.00490339 8.04141e-05
-5.01066e-05 8.04141e-05 -0.01273

0.00425838 -5.23841e-05 7.36736e-05
-5.23841e-05 0.00440875 -0.000165123
7.36736e-05 -0.000165123 -0.0115693

0.00864227 -1.56322e-05 0.000639404
-1.56322e-05 0.00778729 0.00224088
0.000639404 0.00224088 -0.0204923

0.00863259 -4.57221e-05 0.000543562
-4.57221e-05 0.00782443 0.00176229
0.000543562 0.00176229 -0.0211903

0.0041159 -2.28741e-05 -0.00013534
-2.28741e-05 0.00402825 7.01046e-05
-0.00013534 7.01046e-05 -0.0114214

0.00540559 0.00026602 -0.000120674
0.00026602 0.00549527 -3.95635e-05
-0.000120674 -3.95635e-05 -0.014159

0.00421827 -0.000127317 -0.000209376
-0.000127317 0.00402784 2.02694e-05
-0.000209376 2.02694e-05 -0.0115148

0.00416196 -7.22247e-05 -7.70498e-05
-7.22247e-05 0.00403266 -7.16166e-05
-7.70498e-05 -7.16166e-05 -0.0112522

0.00823268 -0.000192549 0.000285256
-0.000192549 0.00778428 0.00187421
0.000285256 0.00187421 -0.0201763

0.00407829 -0.000131879 5.70646e-05
-0.000131879 0.00409844 -2.51515e-05
5.70646e-05 -2.51515e-05 -0.0111038

0.00900026 0.000252967 0.000280544
0.000252967 0.00941443 -0.00185754
0.000280544 -0.00185754 -0.0248732

0.0051638 -7.31545e-05 0.000228198
-7.31545e-05 0.0049475 8.62047e-05
0.000228198 8.62047e-05 -0.0132671

0.00395545 5.03243e-05 -5.16767e-05
5.03243e-05 0.0044737 1.22243e-05
-5.16767e-05 1.22243e-05 -0.0115569

0.00465024 -4.82734e-05 -0.000176416
-4.82734e-05 0.00445133 3.62713e-05
-0.000176416 3.62713e-05 -0.0122152

0.00516011 -0.000114354 0.000223849
-0.000114354 0.00494659 7.82513e-05
0.000223849 7.82513e-05 -0.0132686

0.00501696 -3.12201e-05 0.000220333
-3.12201e-05 0.0049413 0.000122473
0.000220333 0.000122473 -0.0130671

0.00426498 -4.54188e-05 4.01865e-05
-4.54188e-05 0.00418502 6.74009e-05
4.01865e-05 6.74009e-05 -0.0117098

0.00916104 0.000268027 0.00199961
0.000268027 0.010344 0.00075303
0.00199961 0.00075303 -0.025649

0.0050136 -6.01925e-05 0.000218332
-6.01925e-05 0.0049383 0.000129087
0.000218332 0.000129087 -0.013066

0.00816686 -0.000371295 0.000428576
-0.000371295 0.00745111 0.00205015
0.000428576 0.00205015 -0.0201897

0.00412556 -7.88625e-06 2.54668e-05
-7.88625e-06 0.00386768 2.21874e-05
2.54668e-05 2.21874e-05 -0.0110041

0.00884144 -0.000263933 0.00298346
-0.000263933 0.00559489 0.000201143
0.00298346 0.000201143 -0.0206378

0.0075204 -0.000389137 0.00072171
-0.000389137 0.0075407 0.00139235
0.00072171 0.00139235 -0.0185555

0.00949551 0.00250008 0.00259918
0.00250008 0.00659055 0.0015051
0.00259918 0.0015051 -0.0227096

0.00740319 -6.98495e-05 0.000704634
-6.98495e-05 0.00667231 0.00142392
0.000704634 0.00142392 -0.0183968

0.00729153 -0.000584882 0.00042764
-0.000584882 0.00740025 0.00116108
0.00042764 0.00116108 -0.0189182

0.00403761 8.47683e-05 -7.32887e-06
8.47683e-05 0.00418187 -3.4327e-05
-7.32887e-06 -3.4327e-05 -0.0115035

0.00423714 0.000244195 -2.08182e-05
0.000244195 0.0044078 -9.16245e-06
-2.08182e-05 -9.16245e-06 -0.0114283

0.00903778 0.00142287 0.00208259
0.00142287 0.0091993 0.00258542
0.00208259 0.00258542 -0.0229923

0.0077074 -1.47603e-05 0.00186725
-1.47603e-05 0.00858383 -0.00083902
0.00186725 -0.00083902 -0.022127

0.00458294 -0.000137022 -9.82705e-05
-0.000137022 0.00446446 -3.41934e-05
-9.82705e-05 -3.41934e-05 -0.0118984

0.00852107 -6.18712e-05 0.00259048
-6.18712e-05 0.00854671 0.0010636
0.00259048 0.0010636 -0.021956

0.00461291 -7.30914e-05 5.98514e-06
-7.30914e-05 0.00445872 -8.23272e-05
5.98514e-06 -8.23272e-05 -0.012396

0.00720419 0.000133754 0.000693272
0.000133754 0.00948986 0.00312979
0.000693272 0.00312979 -0.0205848

0.00437481 -0.000121465 -0.000275169
-0.000121465 0.0044859 -0.000163368
-0.000275169 -0.000163368 -0.0127126

0.00416187 -0.000103481 -9.04252e-05
-0.000103481 0.00397446 -2.96531e-05
-9.04252e-05 -2.96531e-05 -0.0111873

0.00397517 -9.63179e-05 -6.15014e-05
-9.63179e-05 0.00391752 0.000106459
-6.15014e-05 0.000106459 -0.0110132

0.0050732 0.000111739 1.33229e-06
0.000111739 0.00507593 -2.243e-05
1.33229e-06 -2.243e-05 -0.0132415

0.0040871 -2.85259e-05 7.03016e-05
-2.85259e-05 0.00412502 0.000123772
7.03016e-05 0.000123772 -0.0112502

0.00454268 2.1897e-05 -8.39526e-06
2.1897e-05 0.00450746 1.41916e-05
-8.39526e-06 1.41916e-05 -0.0120345

0.00476652 -8.07559e-05 6.5081e-05
-8.07559e-05 0.00478854 0.000156091
6.5081e-05 0.000156091 -0.0125078

0.00438492 -9.7302e-05 -8.79596e-05
-9.7302e-05 0.00447243 -0.000116016
-8.79596e-05 -0.000116016 -0.0118977

0.00522627 -4.90306e-05 0.000308853
-4.90306e-05 0.00509315 0.000148423
0.000308853 0.000148423 -0.0133233

0.0045572 8.21328e-05 -0.000121981
8.21328e-05 0.00455573 7.06465e-06
-0.000121981 7.06465e-06 -0.0122394

0.00914256 -0.000227775 -0.0004308
-0.000227775 0.00882316 -0.00253325
-0.0004308 -0.00253325 -0.0226313

0.00586135 -0.000148145 -0.000464628
-0.000148145 0.00578341 -0.000131941
-0.000464628 -0.000131941 -0.0148606

0.00911414 0.000249556 0.00171335
0.000249556 0.00872986 -0.00184347
0.00171335 -0.00184347 -0.023374

0.00806934 -0.000437529 0.000321621
-0.000437529 0.00760159 0.00150053
0.000321621 0.00150053 -0.0210458

0.00518601 7.70717e-05 -0.000124474
7.70717e-05 0.0052049 -1.4458e-05
-0.000124474 -1.4458e-05 -0.0137651

0.00563171 -8.08142e-05 -0.00018193
-8.08142e-05 0.00560354 7.34257e-05
-0.00018193 7.34257e-05 -0.0147844

0.00801287 -0.000266227 0.00046347
-0.000266227 0.00792229 0.00207841
0.00046347 0.00207841 -0.0201926

0.00395426 0.000194135 -0.000368417
0.000194135 0.00448879 -0.000140598
-0.000368417 -0.000140598 -0.0113429

0.00411519 -6.19155e-05 -4.45091e-05
-6.19155e-05 0.00394406 0.000155444
-4.45091e-05 0.000155444 -0.0110548

0.00651381 0.000152141 -0.000269968
0.000152141 0.00914214 0.000100457
-0.000269968 0.000100457 -0.0260046

0.00396376 -0.000157514 -4.4988e-05
-0.000157514 0.00416902 5.33308e-05
-4.4988e-05 5.33308e-05 -0.0110434

0.00399939 0.000162557 7.00162e-05
0.000162557 0.00438996 7.64659e-06
7.00162e-05 7.64659e-06 -0.0114427

0.00828898 0.00010738 -0.000809712
0.00010738 0.00879591 -0.000998916
-0.000809712 -0.000998916 -0.0217423

0.00759951 0.00028978 0.000717862
0.00028978 0.00815762 -0.000856103
0.000717862 -0.000856103 -0.0196684

0.00526511 -0.000144075 -9.95461e-06
-0.000144075 0.00514613 -3.10667e-05
-9.95461e-06 -3.10667e-05 -0.0138322

0.00504159 8.28727e-05 -4.39368e-05
8.28727e-05 0.00497739 0.000109826
-4.39368e-05 0.000109826 -0.0134788

0.00794637 -0.000299404 0.000974049
-0.000299404 0.00751772 0.00127579
0.000974049 0.00127579 -0.0208851

0.00517233 2.08599e-05 -0.000165903
2.08599e-05 0.00497415 -0.000173608
-0.000165903 -0.000173608 -0.013336

0.00418012 0.000207083 3.20279e-05
0.000207083 0.00428519 6.11709e-05
3.20279e-05 6.11709e-05 -0.0114721

0.00403537 2.11933e-05 1.15454e-05
2.11933e-05 0.00377677 2.36882e-05
1.15454e-05 2.36882e-05 -0.0109938

0.0040588 2.15079e-05 -0.0001747
2.15079e-05 0.00416354 -6.36081e-05
-0.0001747 -6.36081e-05 -0.0115158

0.00405622 0.000137312 7.8279e-06
0.000137312 0.00424744 3.46927e-05
7.8279e-06 3.46927e-05 -0.0113699

0.00420267 0.000111181 7.31735e-05
0.000111181 0.00393493 -2.96279e-05
7.31735e-05 -2.96279e-05 -0.0112404

0.00773696 1.92161e-05 0.000786018
1.92161e-05 0.00834028 0.000322027
0.000786018 0.000322027 -0.0263094

0.00454191 2.42373e-05 -1.77161e-05
2.42373e-05 0.00450144 4.00696e-05
-1.77161e-05 4.00696e-05 -0.0121418

0.00428399 -3.03681e-06 1.06011e-06
-3.03681e-06 0.00440957 0.000131693
1.06011e-06 0.000131693 -0.011593

0.00442631 -0.000197258 3.05066e-05
-0.000197258 0.00473381 5.32366e-05
3.05066e-05 5.32366e-05 -0.0124098

0.00426927 -1.76701e-05 7.69506e-05
-1.76701e-05 0.00451992 2.80172e-05
7.69506e-05 2.80172e-05 -0.0120026

0.00882684 -0.000210153 0.000643476
-0.000210153 0.00939897 -0.000283357
0.000643476 -0.000283357 -0.0252045

0.00482223 -2.59248e-05 -2.04838e-05
-2.59248e-05 0.00456857 -2.75355e-05
-2.04838e-05 -2.75355e-05 -0.0123546

0.00696434 0.000602035 0.000682437
0.000602035 0.00929062 -0.000846442
0.000682437 -0.000846442 -0.0236985

0.00669925 -0.00023746 0.00105376
-0.00023746 0.00719449 0.000308565
0.00105376 0.000308565 -0.018351

0.00400308 0.000118896 5.15378e-05
0.000118896 0.00430826 -2.47902e-05
5.15378e-05 -2.47902e-05 -0.011109

0.00889576 0.000237565 0.00043195
0.000237565 0.00778207 -0.0016578
0.00043195 -0.0016578 -0.0205347

0.00441577 -3.49741e-05 9.55883e-05
-3.49741e-05 0.00457125 4.95322e-05
9.55883e-05 4.95322e-05 -0.012361

0.00910679 -0.000664914 -0.00135822
-0.000664914 0.010819 0.00188272
-0.00135822 0.00188272 -0.0259091

0.00492704 0.00134326 -0.0015234
0.00134326 0.00913498 0.00131688
-0.0015234 0.00131688 -0.0248771

0.00873169 0.000435119 -0.00040734
0.000435119 0.00831751 -0.00247019
-0.00040734 -0.00247019 -0.0205307

0.00489246 2.337e-05 6.9237e-05
2.337e-05 0.00470632 4.20914e-05
6.9237e-05 4.20914e-05 -0.0129303

0.00407921 -6.80958e-05 3.95509e-05
-6.80958e-05 0.0045541 -9.89232e-05
3.95509e-05 -9.89232e-05 -0.0116965

0.00402905 -1.10357e-05 -1.22326e-05
-1.10357e-05 0.00408621 -4.34883e-05
-1.22326e-05 -4.34883e-05 -0.0110301

0.00902919 -7.08334e-05 0.00202141
-7.08334e-05 0.0100431 0.000779564
0.00202141 0.000779564 -0.0256511

0.00757528 -0.000189182 0.000241383
-0.000189182 0.00667116 0.000568641
0.000241383 0.000568641 -0.0186124

0.00451276 -1.77103e-05 -2.39502e-05
-1.77103e-05 0.00452556 1.56778e-05
-2.39502e-05 1.56778e-05 -0.0121

0.00586269 -7.01806e-05 -0.00198829
-7.01806e-05 0.00890997 -0.00203066
-0.00198829 -0.00203066 -0.0234543

0.00410237 0.000137409 -2.95928e-06
0.000137409 0.00395109 2.96568e-05
-2.95928e-06 2.96568e-05 -0.011111

0.00403894 3.28117e-05 -4.32228e-05
3.28117e-05 0.00429854 -6.63092e-05
-4.32228e-05 -6.63092e-05 -0.0113354

0.00901332 0.000108378 0.00216655
0.000108378 0.0100485 -0.00197112
0.00216655 -0.00197112 -0.0242395

0.0047853 0.000166292 -5.35163e-05
0.000166292 0.00468057 8.99506e-05
-5.35163e-05 8.99506e-05 -0.0127382

0.00530187 -8.15409e-05 0.000175408
-8.15409e-05 0.00488638 -0.000162165
0.000175408 -0.000162165 -0.0134427

0.00507196 0.000165259 -8.47125e-05
0.000165259 0.00507808 6.08787e-05
-8.47125e-05 6.08787e-05 -0.0137537

0.00577702 -0.000100987 7.03365e-05
-0.000100987 0.00582654 0.000221079
7.03365e-05 0.000221079 -0.0145872

0.00492187 0.000130556 -0.000139716
0.000130556 0.00504442 9.61783e-05
-0.000139716 9.61783e-05 -0.0130881

0.00930915 -0.000171416 0.00242956
-0.000171416 0.0097438 0.000562275
0.00242956 0.000562275 -0.025071

0.00448611 1.8808e-05 8.77373e-05
1.8808e-05 0.00466063 1.11879e-05
8.77373e-05 1.11879e-05 -0.0123466

0.00526238 1.59454e-05 5.42612e-05
1.59454e-05 0.00511989 -2.94395e-05
5.42612e-05 -2.94395e-05 -0.013756

0.00848459 -0.000191147 -0.00126971
-0.000191147 0.00799571 -0.00158065
-0.00126971 -0.00158065 -0.0219895

0.00859075 -0.000213872 -0.00205527
-0.000213872 0.00799421 -0.00122546
-0.00205527 -0.00122546 -0.0216721

0.005243 -5.01411e-05 1.72096e-05
-5.01411e-05 0.00498594 0.000167564
1.72096e-05 0.000167564 -0.0132584

0.00501016 2.52757e-05 -1.34736e-05
2.52757e-05 0.00478155 -0.000127241
-1.34736e-05 -0.000127241 -0.0131622

0.00914072 0.000631257 0.00187759
0.000631257 0.00971027 0.000402656
0.00187759 0.000402656 -0.0251281

0.00528757 0.000186026 3.28528e-05
0.000186026 0.00585958 1.43868e-05
3.28528e-05 1.43868e-05 -0.0141086

0.00492295 0.000143777 0.000127105
0.000143777 0.0046106 -7.8736e-05
0.000127105 -7.8736e-05 -0.0127641

0.0058463 6.2626e-05 9.32349e-05
6.2626e-05 0.00555436 -0.000324541
9.32349e-05 -0.000324541 -0.0148152

0.00388864 -9.21918e-05 0.000291125
-9.21918e-05 0.00415219 4.17724e-05
0.000291125 4.17724e-05 -0.0111209

0.00373423 0.000173929 -8.39191e-05
0.000173929 0.00422725 8.62387e-05
-8.39191e-05 8.62387e-05 -0.0111198

0.00423073 -0.000173289 -7.34033e-05
-0.000173289 0.00439844 -0.00031351
-7.34033e-05 -0.00031351 -0.0116534

0.00411673 -8.07008e-05 -6.99498e-05
-8.07008e-05 0.00418811 -2.24891e-05
-6.99498e-05 -2.24891e-05 -0.0112449

0.00417142 0.000112655 -6.04582e-05
0.000112655 0.00393497 -1.36612e-05
-6.04582e-05 -1.36612e-05 -0.0109877

0.00416297 -6.88413e-05 -3.07865e-05
-6.88413e-05 0.00434854 4.43696e-05
-3.07865e-05 4.43696e-05 -0.0117364

0.0066775 0.000446438 -0.000671493
0.000446438 0.00676526 0.000463586
-0.000671493 0.000463586 -0.0171726

0.00429255 -6.14143e-05 -3.70785e-05
-6.14143e-05 0.00446177 0.000156044
-3.70785e-05 0.000156044 -0.0115838

0.00496567 1.15324e-05 -2.33513e-05
1.15324e-05 0.00523566 -6.75539e-05
-2.33513e-05 -6.75539e-05 -0.0136755

0.00499428 2.91798e-05 -0.000163539
2.91798e-05 0.00499524 0.000110646
-0.000163539 0.000110646 -0.0135445

0.00573165 4.23956e-05 -0.000371085
4.23956e-05 0.00565536 -9.5968e-05
-0.000371085 -9.5968e-05 -0.0144425

0.00577064 0.000184887 -0.000297925
0.000184887 0.00614928 0.000355947
-0.000297925 0.000355947 -0.0152491

0.00442912 -0.000148041 4.41514e-06
-0.000148041 0.00451392 3.66971e-05
4.41514e-06 3.66971e-05 -0.0118858

0.00492171 -4.3349e-05 -2.45782e-05
-4.3349e-05 0.00477878 1.9408e-05
-2.45782e-05 1.9408e-05 -0.0125018

0.00491087 -6.22461e-05 0.000178857
-6.22461e-05 0.00476854 9.44512e-05
0.000178857 9.44512e-05 -0.0128759

0.0086742 -9.74784e-05 0.00277449
-9.74784e-05 0.0082009 0.00195615
0.00277449 0.00195615 -0.0213647

0.00867908 -0.000626748 0.00223082
-0.000626748 0.00828875 0.00183277
0.00223082 0.00183277 -0.0217117

0.00710566 -7.0076e-05 0.000168339
-7.0076e-05 0.00670078 0.0005786
0.000168339 0.0005786 -0.016925

0.00705221 3.69461e-05 -0.00066901
3.69461e-05 0.00729138 8.75144e-05
-0.00066901 8.75144e-05 -0.0181566

0.00429291 3.65896e-06 -0.000147075
3.65896e-06 0.00444429 1.73711e-05
-0.000147075 1.73711e-05 -0.0117976

0.0044709 0.00012306 4.30284e-05
0.00012306 0.0046159 -7.04188e-06
4.30284e-05 -7.04188e-06 -0.0120547

0.00586998 -6.28725e-05 0.000107979
-6.28725e-05 0.00585527 -0.000270517
0.000107979 -0.000270517 -0.0153101

0.00490943 2.44657e-06 1.50732e-05
2.44657e-06 0.00487494 -0.000218883
1.50732e-05 -0.000218883 -0.0129445

0.00401216 0.000128918 7.39543e-06
0.000128918 0.00431846 -8.66423e-05
7.39543e-06 -8.66423e-05 -0.0110966

0.00670229 -0.000407293 0.00127257
-0.000407293 0.00769018 -3.7378e-05
0.00127257 -3.7378e-05 -0.018292

0.00927928 1.49338e-05 -0.000357819
1.49338e-05 0.00914947 -0.00261933
-0.000357819 -0.00261933 -0.0230371

0.00409606 0.000174587 1.14571e-05
0.000174587 0.00444932 0.000162869
1.14571e-05 0.000162869 -0.0113765

0.00449891 -1.94498e-05 1.00985e-06
-1.94498e-05 0.00444408 0.000134833
1.00985e-06 0.000134833 -0.011901

0.0047441 -4.38964e-05 7.87748e-05
-4.38964e-05 0.00487362 -0.000224867
7.87748e-05 -0.000224867 -0.0127558

0.00492189 2.79522e-05 -7.48356e-05
2.79522e-05 0.00480295 -0.000149705
-7.48356e-05 -0.000149705 -0.012812

0.00471403 1.51529e-05 5.77718e-05
1.51529e-05 0.00476765 -0.000231419
5.77718e-05 -0.000231419 -0.0125418

0.00647226 0.000311716 0.000902039
0.000311716 0.00647188 -0.000216849
0.000902039 -0.000216849 -0.0175314

0.0068992 -0.000288184 -0.00046111
-0.000288184 0.0067602 -0.000724583
-0.00046111 -0.000724583 -0.0168486

0.00576999 8.58646e-06 0.00032062
8.58646e-06 0.00642023 7.21765e-06
0.00032062 7.21765e-06 -0.0157857

0.00631072 0.000372313 0.00031111
0.000372313 0.00630259 -0.000204467
0.00031111 -0.000204467 -0.0159333

0.00451945 -2.41447e-05 -2.45633e-05
-2.41447e-05 0.00449127 9.31425e-05
-2.45633e-05 9.31425e-05 -0.0119886

0.00419857 0.00014985 -0.000140789
0.00014985 0.00416738 0.000158821
-0.000140789 0.000158821 -0.0116947

0.00495733 6.05802e-05 4.01364e-05
6.05802e-05 0.00475899 -0.000182585
4.01364e-05 -0.000182585 -0.0126991

0.00431019 8.94861e-05 0.000135842
8.94861e-05 0.00449247 -1.10408e-05
0.000135842 -1.10408e-05 -0.0116033

0.0040852 0.000212146 5.52865e-05
0.000212146 0.00432689 3.63152e-05
5.52865e-05 3.63152e-05 -0.0114691

0.00625858 0.00014864 -0.000352811
0.00014864 0.00654169 -0.000612492
-0.000352811 -0.000612492 -0.0164313

0.00582039 9.87411e-05 4.61928e-05
9.87411e-05 0.00583087 -0.000378601
4.61928e-05 -0.000378601 -0.0151964

0.00828652 0.000331036 0.000439293
0.000331036 0.00793783 -0.00133949
0.000439293 -0.00133949 -0.0199349

0.00527427 0.000310318 -0.000230296
0.000310318 0.005358 -0.000304943
-0.000230296 -0.000304943 -0.013953

0.00563725 4.55297e-05 -2.37374e-05
4.55297e-05 0.00580946 0.000205906
-2.37374e-05 0.000205906 -0.0150836

0.00492069 -0.000132318 -3.8231e-05
-0.000132318 0.00473344 -3.16081e-05
-3.8231e-05 -3.16081e-05 -0.0123527

0.00458936 -0.000199835 0.000136788
-0.000199835 0.00472094 1.47865e-05
0.000136788 1.47865e-05 -0.012354

0.00491418 3.2719e-05 -0.000303669
3.2719e-05 0.00487315 -4.19433e-05
-0.000303669 -4.19433e-05 -0.0128685

0.00415046 3.12802e-05 -0.000101417
3.12802e-05 0.00451433 9.96335e-05
-0.000101417 9.96335e-05 -0.0116027

0.00450182 -7.52983e-05 -2.35706e-05
-7.52983e-05 0.00432545 3.46858e-05
-2.35706e-05 3.46858e-05 -0.0116935

0.00778261 0.000264171 -0.000529083
0.000264171 0.00807808 -0.000991747
-0.000529083 -0.000991747 -0.020275

0.00472742 -3.09256e-05 -1.25302e-05
-3.09256e-05 0.00463629 0.00022253
-1.25302e-05 0.00022253 -0.0124403

0.00481796 -1.65687e-05 -0.000164137
-1.65687e-05 0.00469413 5.69596e-05
-0.000164137 5.69596e-05 -0.0125791

0.00457133 -0.000177529 -1.05857e-05
-0.000177529 0.00436505 0.00011803
-1.05857e-05 0.00011803 -0.0121866

0.00460489 3.96393e-05 -0.000142688
3.96393e-05 0.00464657 -2.10538e-06
-0.000142688 -2.10538e-06 -0.0122765

0.00694481 0.000380344 -0.000686849
0.000380344 0.00661982 0.000432369
-0.000686849 0.000432369 -0.0171793

0.00961097 -0.000348028 0.00105782
-0.000348028 0.00987137 0.00171572
0.00105782 0.00171572 -0.0265702

0.00580113 -0.000130236 1.66369e-05
-0.000130236 0.00576183 0.000169564
1.66369e-05 0.000169564 -0.0150827

0.00430677 6.63317e-06 -2.09344e-05
6.63317e-06 0.00438626 0.00022811
-2.09344e-05 0.00022811 -0.0116061

0.00995778 -0.000471204 -0.0013007
-0.000471204 0.0101856 0.00253104
-0.0013007 0.00253104 -0.0275574

0.00940662 -1.8796e-05 -0.00139221
-1.8796e-05 0.0093295 -0.00212737
-0.00139221 -0.00212737 -0.0237032

0.00580737 -0.000175727 -0.000385041
-0.000175727 0.0057717 -4.9931e-05
-0.000385041 -4.9931e-05 -0.0147621

0.00548602 6.4925e-05 -0.00018842
6.4925e-05 0.00553977 1.82531e-05
-0.00018842 1.82531e-05 -0.0147384

0.00526416 -1.58539e-05 -2.93726e-05
-1.58539e-05 0.00533054 -0.000142695
-2.93726e-05 -0.000142695 -0.0140822

0.0100302 -0.000305407 0.00214978
-0.000305407 0.00972695 -0.000296029
0.00214978 -0.000296029 -0.0253865

0.00765146 0.000125544 -0.00155882
0.000125544 0.00831735 0.00133116
-0.00155882 0.00133116 -0.0205383

0.00929378 0.000463238 -0.00247659
0.000463238 0.0101578 -0.0019848
-0.00247659 -0.0019848 -0.0254039

0.00609555 0.000263437 0.000224596
0.000263437 0.00588969 0.000510078
0.000224596 0.000510078 -0.0156672

0.00402596 0.000143371 2.07159e-05
0.000143371 0.00423151 -0.000173477
2.07159e-05 -0.000173477 -0.0111832

0.00400939 0.000163116 4.66778e-07
0.000163116 0.00399517 4.27123e-05
4.66778e-07 4.27123e-05 -0.0109957

0.00466652 -7.62262e-06 9.64111e-05
-7.62262e-06 0.00458537 -7.76322e-05
9.64111e-05 -7.76322e-05 -0.0120063

0.00499307 3.24148e-05 9.76886e-06
3.24148e-05 0.00474042 -0.000109091
9.76886e-06 -0.000109091 -0.0128531

0.00750742 -0.000551692 0.000509751
-0.000551692 0.00709257 0.00137712
0.000509751 0.00137712 -0.0190192

0.00965412 0.000158747 0.000380317
0.000158747 0.0110829 0.00146564
0.000380317 0.00146564 -0.0267155

0.00564197 0.000114992 -6.22923e-05
0.000114992 0.00572889 -0.000344683
-6.22923e-05 -0.000344683 -0.0155293

0.00561174 -0.000150427 0.000463145
-0.000150427 0.00662901 0.000328529
0.000463145 0.000328529 -0.015828

0.00847985 9.9707e-05 0.00235028
9.9707e-05 0.00934179 0.000289509
0.00235028 0.000289509 -0.0210572

0.00406407 6.90505e-05 -9.35853e-05
6.90505e-05 0.00449128 -3.53705e-05
-9.35853e-05 -3.53705e-05 -0.0117626

0.00615902 0.000605377 -0.00062282
0.000605377 0.00651108 0.000228022
-0.00062282 0.000228022 -0.0158936

0.00769077 0.000134363 -0.00165035
0.000134363 0.00801398 0.000718923
-0.00165035 0.000718923 -0.0214717

0.00415428 -6.41652e-05 -5.07808e-05
-6.41652e-05 0.00410457 2.71731e-05
-5.07808e-05 2.71731e-05 -0.0111434

0.00417192 -1.21284e-05 -7.29472e-05
-1.21284e-05 0.00424237 5.1994e-05
-7.29472e-05 5.1994e-05 -0.0116331

0.00930335 0.00264034 0.00159907
0.00264034 0.0129202 0.00755828
0.00159907 0.00755828 -0.0252238

0.0044154 0.000161964 -7.72785e-07
0.000161964 0.00438798 4.99956e-05
-7.72785e-07 4.99956e-05 -0.0116295

0.00896947 -0.0002518 -0.00190092
-0.0002518 0.00916963 -0.00219162
-0.00190092 -0.00219162 -0.0227227

0.0044058 0.000187585 7.47132e-05
0.000187585 0.00448863 4.66724e-05
7.47132e-05 4.66724e-05 -0.0119907

0.00560582 2.29675e-05 5.58785e-05
2.29675e-05 0.00645658 1.50974e-05
5.58785e-05 1.50974e-05 -0.0151926

0.00407041 -0.000105793 -3.32071e-05
-0.000105793 0.00430804 5.17155e-05
-3.32071e-05 5.17155e-05 -0.0114011

0.00415864 -0.000687091 -0.000987486
-0.000687091 -1.11022e-16 -0.00458884
-0.000987486 -0.00458884 -0.0201775

0.00947518 -0.000299746 0.000719255
-0.000299746 0.0105705 -0.00274996
0.000719255 -0.00274996 -0.0263518

0.00951357 6.88937e-06 0.000549309
6.88937e-06 0.00981747 -0.00182258
0.000549309 -0.00182258 -0.0272297

0.00918603 0.000131118 0.000449359
0.000131118 0.0111352 0.00151782
0.000449359 0.00151782 -0.0266828

0.00908848 0.000221296 -0.000228499
0.000221296 0.00941252 -0.00233502
-0.000228499 -0.00233502 -0.023268

0.00921106 0.000660947 0.000362388
0.000660947 0.0092944 0.00178377
0.000362388 0.00178377 -0.0240699

0.00989855 0.000188032 -0.00136897
0.000188032 0.00928172 0.00154045
-0.00136897 0.00154045 -0.0257963

0.00427285 0.000146645 3.84532e-05
0.000146645 0.0044955 1.25064e-05
3.84532e-05 1.25064e-05 -0.0115901

0.00497026 0.000102438 -1.26702e-05
0.000102438 0.00470259 2.16526e-05
-1.26702e-05 2.16526e-05 -0.0126358

0.00384835 -2.64569e-05 2.0228e-05
-2.64569e-05 0.00421872 9.67552e-06
2.0228e-05 9.67552e-06 -0.0110108

0.00486545 1.98339e-06 2.40032e-05
1.98339e-06 0.00469357 5.01616e-05
2.40032e-05 5.01616e-05 -0.0125453

0.00927427 6.45362e-05 0.00148967
6.45362e-05 0.00984414 0.000640913
0.00148967 0.000640913 -0.0245852

0.00510921 9.61196e-05 7.64227e-05
9.61196e-05 0.00515175 0.000318443
7.64227e-05 0.000318443 -0.0132231

0.00995609 0.00144786 0.00123073
0.00144786 0.00933919 0.00157369
0.00123073 0.00157369 -0.0260892

0.00451695 -5.70561e-06 -9.62376e-06
-5.70561e-06 0.00445762 0.000105693
-9.62376e-06 0.000105693 -0.0119307

0.00683269 2.4298e-06 -0.000282843
2.4298e-06 0.00697737 0.00110533
-0.000282843 0.00110533 -0.018278

0.00431501 -5.30732e-06 -0.000163869
-5.30732e-06 0.00445479 3.4859e-05
-0.000163869 3.4859e-05 -0.0121972

0.00403984 7.49709e-05 -3.7732e-05
7.49709e-05 0.00393578 1.47075e-05
-3.7732e-05 1.47075e-05 -0.0111142

0.00427029 0.000281312 6.02194e-05
0.000281312 0.00424762 -1.09564e-05
6.02194e-05 -1.09564e-05 -0.0116401

0.00817367 -0.000189038 -0.000745937
-0.000189038 0.00791902 -0.000611703
-0.000745937 -0.000611703 -0.020286

0.00857323 -8.33064e-05 -0.00155365
-8.33064e-05 0.00887529 -0.000330725
-0.00155365 -0.000330725 -0.0203845

0.00738947 -0.000213283 -0.000702943
-0.000213283 0.00705059 0.000414723
-0.000702943 0.000414723 -0.0181367

0.00425732 -3.96211e-05 -6.22411e-06
-3.96211e-05 0.00415189 -7.5247e-05
-6.22411e-06 -7.5247e-05 -0.0114945

0.00889261 -0.00133111 0.00052777
-0.00133111 0.00893678 -0.000522305
0.00052777 -0.000522305 -0.0265278

0.00936184 -2.74434e-06 -0.00200828
-2.74434e-06 0.00990389 0.000666841
-0.00200828 0.000666841 -0.025617

0.00544981 -0.000105361 -1.65177e-05
-0.000105361 0.00517226 1.97018e-05
-1.65177e-05 1.97018e-05 -0.0137616

0.00857196 -7.16697e-05 -0.00220418
-7.16697e-05 0.00901278 -0.00144498
-0.00220418 -0.00144498 -0.0219868

0.00431057 0.000102445 5.64639e-05
0.000102445 0.00436169 9.12554e-05
5.64639e-05 9.12554e-05 -0.0116505

0.00448401 -3.20037e-05 -9.25437e-05
-3.20037e-05 0.00449067 -0.000140349
-9.25437e-05 -0.000140349 -0.0119325

0.00526497 1.00123e-05 7.02236e-05
1.00123e-05 0.0051271 -9.69643e-05
7.02236e-05 -9.69643e-05 -0.0138074

0.0040386 0.000113332 2.16207e-05
0.000113332 0.0041806 0.000177144
2.16207e-05 0.000177144 -0.0112965

0.00427003 -7.31924e-05 9.06221e-05
-7.31924e-05 0.00458203 5.53938e-05
9.06221e-05 5.53938e-05 -0.0118299

0.00435899 6.37249e-05 7.53051e-05
6.37249e-05 0.00437992 8.37198e-05
7.53051e-05 8.37198e-05 -0.0116507

0.00748221 -0.000209436 0.00057332
-0.000209436 0.00717759 0.000742601
0.00057332 0.000742601 -0.0178362

0.00412361 0.000100659 7.47307e-05
0.000100659 0.00441165 2.11692e-06
7.47307e-05 2.11692e-06 -0.0116872

0.00730419 0.000170889 -0.00237478
0.000170889 0.00763575 0.00348914
-0.00237478 0.00348914 -0.0212623

0.00517968 0.000140444 0.000182492
0.000140444 0.00468831 4.06804e-05
0.000182492 4.06804e-05 -0.0124666

0.00740153 -0.000163413 0.000486057
-0.000163413 0.00644134 0.00106299
0.000486057 0.00106299 -0.0188164

0.00924118 0.000337718 1.72663e-05
0.000337718 0.0100547 -0.00249712
1.72663e-05 -0.00249712 -0.0255394

0.00903277 -0.000268334 0.00217266
-0.000268334 0.00803541 0.00211869
0.00217266 0.00211869 -0.0253391

0.00404851 8.64402e-05 -3.7522e-05
8.64402e-05 0.00397395 2.89574e-06
-3.7522e-05 2.89574e-06 -0.0110349

0.00651385 -5.4174e-05 -0.000457056
-5.4174e-05 0.00606185 0.000633616
-0.000457056 0.000633616 -0.0159437

0.00418983 0.000158812 -0.000214292
0.000158812 0.00415823 0.000238561
-0.000214292 0.000238561 -0.0117773

0.00952189 -0.00037577 0.0009797
-0.00037577 0.0103765 -0.0027489
0.0009797 -0.0027489 -0.0254679

0.00436949 6.88127e-05 1.49559e-05
6.88127e-05 0.00427751 6.89763e-05
1.49559e-05 6.89763e-05 -0.0117357

0.00686166 0.00015128 -0.000180708
0.00015128 0.00707551 0.00116968
-0.000180708 0.00116968 -0.0182359

0.00448279 -1.19444e-05 -8.76033e-05
-1.19444e-05 0.004298 -1.7511e-05
-8.76033e-05 -1.7511e-05 -0.0116472

0.00935424 7.41694e-05 0.0016291
7.41694e-05 0.009661 0.000994559
0.0016291 0.000994559 -0.0249578

0.00895921 0.000397639 0.00194475
0.000397639 0.00945117 0.000598398
0.00194475 0.000598398 -0.0248656

0.00496161 -0.000119734 -0.000102835
-0.000119734 0.00517639 2.57617e-05
-0.000102835 2.57617e-05 -0.0131171

0.00759364 0.000482209 -0.000444385
0.000482209 0.00720544 0.000985558
-0.000444385 0.000985558 -0.018355

0.0043028 9.26526e-05 -6.98231e-05
9.26526e-05 0.00465199 0.000171651
-6.98231e-05 0.000171651 -0.0120518

0.00946809 -0.000123467 0.000550839
-0.000123467 0.0112559 0.00156829
0.000550839 0.00156829 -0.0268313

0.00835563 -0.00026113 0.0010697
-0.00026113 0.01085 0.00172698
0.0010697 0.00172698 -0.0253446

0.00886842 0.000312058 0.000899743
0.000312058 0.0111124 0.00446695
0.000899743 0.00446695 -0.0241093

0.0102091 0.00175134 -0.000583882
0.00175134 0.00722725 0.00112653
-0.000583882 0.00112653 -0.0259007

0.00588467 0.000414998 -0.000399534
0.000414998 0.00527195 -0.000191597
-0.000399534 -0.000191597 -0.014101

0.00591313 0.000373749 -0.000305898
0.000373749 0.00603079 0.000321591
-0.000305898 0.000321591 -0.0152502

0.00567831 0.000136168 0.000198321
0.000136168 0.00615975 -0.000230642
0.000198321 -0.000230642 -0.0154072

0.00510815 0.000196307 0.000110024
0.000196307 0.00500631 6.79321e-05
0.000110024 6.79321e-05 -0.0130122

0.00929098 -4.82887e-05 0.000443283
-4.82887e-05 0.00944411 -0.0021451
0.000443283 -0.0021451 -0.0233867

0.00941713 -0.000242458 0.00179098
-0.000242458 0.00993824 0.00196908
0.00179098 0.00196908 -0.0247607

0.0062671 0.00014144 -9.15203e-05
0.00014144 0.00599403 0.000567671
-9.15203e-05 0.000567671 -0.015911

0.0114731 0.000265074 0.00149589
0.000265074 0.008882 -0.000640426
0.00149589 -0.000640426 -0.0274366

0.00450343 -6.68187e-05 5.33462e-06
-6.68187e-05 0.00459483 -2.88986e-06
5.33462e-06 -2.88986e-06 -0.0120953

0.00546895 0.000166007 0.000180186
0.000166007 0.00624712 -0.00038355
0.000180186 -0.00038355 -0.015407

0.00711031 6.3683e-06 0.00023756
6.3683e-06 0.00709907 0.0006299
0.00023756 0.0006299 -0.0191411

0.00585008 8.07656e-05 0.000153206
8.07656e-05 0.00592361 -0.000405237
0.000153206 -0.000405237 -0.0155362

0.00946801 -2.84693e-05 0.000509761
-2.84693e-05 0.0100664 0.00226763
0.000509761 0.00226763 -0.0266509

0.00917491 3.8841e-05 0.00136452
3.8841e-05 0.00919584 -9.70103e-05
0.00136452 -9.70103e-05 -0.023425

0.00860013 -0.00061902 0.00165468
-0.00061902 0.00818293 0.0022926
0.00165468 0.0022926 -0.0218311

0.00542393 -9.92e-05 -5.29878e-05
-9.92e-05 0.0057535 -0.000294958
-5.29878e-05 -0.000294958 -0.0143947

0.00764378 -0.000309119 0.000224403
-0.000309119 0.00730636 0.0010385
0.000224403 0.0010385 -0.0183127

0.00588293 -0.000430704 -0.000266204
-0.000430704 0.00612351 -0.000260343
-0.000266204 -0.000260343 -0.0152679

0.00601079 7.75944e-05 -0.000292783
7.75944e-05 0.0059844 0.000474882
-0.000292783 0.000474882 -0.0157793

0.0082367 -0.000256132 -0.000404247
-0.000256132 0.0081174 0.000937042
-0.000404247 0.000937042 -0.0214207

0.00470339 7.7958e-05 8.63956e-05
7.7958e-05 0.00477096 -7.46475e-05
8.63956e-05 -7.46475e-05 -0.0125507

0.00755705 0.000387061 -0.000501811
0.000387061 0.00717485 0.000955389
-0.000501811 0.000955389 -0.0183796

0.00830012 0.000266458 0.00192251
0.000266458 0.00829014 -0.00170661
0.00192251 -0.00170661 -0.0212311

0.00462204 0.000106092 0.00017436
0.000106092 0.00453342 1.89071e-05
0.00017436 1.89071e-05 -0.0122053

0.00454249 2.32876e-05 -6.16908e-06
2.32876e-05 0.00449876 5.27272e-06
-6.16908e-06 5.27272e-06 -0.0120256

0.00904943 0.000527726 0.000232472
0.000527726 0.00833367 -0.00208684
0.000232472 -0.00208684 -0.02282

0.00815589 0.000228426 0.00185582
0.000228426 0.00832962 0.000904997
0.00185582 0.000904997 -0.0209659

0.00608776 -7.47943e-05 0.000925046
-7.47943e-05 0.00660938 0.000198872
0.000925046 0.000198872 -0.0166827

0.00907384 0.00012054 0.00211465
0.00012054 0.00988175 0.00014706
0.00211465 0.00014706 -0.0246206

0.00799957 -0.000305594 0.000599248
-0.000305594 0.0110116 0.00174186
0.000599248 0.00174186 -0.0259338

0.00637433 0.000519313 0.000976841
0.000519313 0.00708162 -8.97409e-05
0.000976841 -8.97409e-05 -0.0171663

0.00503763 1.14112e-06 -0.000252473
1.14112e-06 0.00496795 -0.000170087
-0.000252473 -0.000170087 -0.013241

0.00511311 0.000149641 8.48396e-05
0.000149641 0.00469123 3.28723e-06
8.48396e-05 3.28723e-06 -0.0130049

0.00634826 0.000260592 0.000573558
0.000260592 0.00648232 -0.000564925
0.000573558 -0.000564925 -0.0169668

0.00802068 0.000875852 0.000166518
0.000875852 0.00754564 -0.00102668
0.000166518 -0.00102668 -0.0197426

0.00522781 -1.68236e-05 -1.29896e-05
-1.68236e-05 0.00496769 -0.000166641
-1.29896e-05 -0.000166641 -0.0132858

0.00748726 0.000538179 0.000361951
0.000538179 0.00673675 -3.4261e-05
0.000361951 -3.4261e-05 -0.0198369

0.00421066 -0.000143459 -5.06782e-05
-0.000143459 0.00430423 1.47109e-05
-5.06782e-05 1.47109e-05 -0.0115238

0.00752565 0.000458355 0.000681819
0.000458355 0.00690269 -0.000697233
0.000681819 -0.000697233 -0.0173417

0.00784227 -0.000425657 -0.000245116
-0.000425657 0.00711514 0.000326215
-0.000245116 0.000326215 -0.0202727

0.00711254 -0.000307732 0.00133705
-0.000307732 0.00736764 0.000995075
0.00133705 0.000995075 -0.0183519

0.00784632 0.000101221 0.00229788
0.000101221 0.00858455 -0.000710878
0.00229788 -0.000710878 -0.0213492

0.00585051 9.65451e-05 0.000147507
9.65451e-05 0.00642371 -0.00064416
0.000147507 -0.00064416 -0.0154774

0.00558746 0.000143041 0.000424339
0.000143041 0.0062064 -0.00053106
0.000424339 -0.00053106 -0.0151263

0.00634784 0.00017618 0.000412717
0.00017618 0.00648993 -0.000184512
0.000412717 -0.000184512 -0.0162261

0.00425083 0.000132993 -4.64312e-05
0.000132993 0.00417084 0.000116573
-4.64312e-05 0.000116573 -0.0115947

0.00634452 0.000236444 0.000463716
0.000236444 0.00617397 -0.000168477
0.000463716 -0.000168477 -0.0158693

0.00501143 5.21651e-05 -0.000368819
5.21651e-05 0.00515998 -5.07779e-05
-0.000368819 -5.07779e-05 -0.0137181

0.00672893 0.000881284 -0.000716996
0.000881284 0.007556 0.0011142
-0.000716996 0.0011142 -0.025905

0.00779252 -2.17957e-05 0.0012503
-2.17957e-05 0.00784032 0.000845568
0.0012503 0.000845568 -0.0208009

0.00761915 -0.000302483 0.000999148
-0.000302483 0.00738745 0.000372624
0.000999148 0.000372624 -0.018348

0.00473974 -0.000154642 -0.000113021
-0.000154642 0.00456638 0.000186638
-0.000113021 0.000186638 -0.0127366

0.00707662 -0.000323595 0.00155998
-0.000323595 0.0071915 0.000452902
0.00155998 0.000452902 -0.0184668

0.00667087 0.000451017 -0.000725034
0.000451017 0.00684337 0.000105663
-0.000725034 0.000105663 -0.0170219

0.00583666 0.000279721 -0.000222372
0.000279721 0.00550088 -0.00015124
-0.000222372 -0.00015124 -0.0144097

0.00522385 -5.67469e-05 4.08165e-05
-5.67469e-05 0.0053201 0.000269531
4.08165e-05 0.000269531 -0.0134739

0.00529187 3.50982e-05 -0.000170415
3.50982e-05 0.00561376 3.5563e-05
-0.000170415 3.5563e-05 -0.0141785

0.00533613 -7.5965e-05 -0.000253044
-7.5965e-05 0.00551143 -1.60866e-05
-0.000253044 -1.60866e-05 -0.0144452

0.0056214 -6.11432e-05 -0.000343692
-6.11432e-05 0.00529928 -0.000190777
-0.000343692 -0.000190777 -0.0139113

0.00517649 -0.000105022 4.01292e-05
-0.000105022 0.00523596 -6.26939e-06
4.01292e-05 -6.26939e-06 -0.0134267

0.00562078 -1.20358e-05 -0.000110535
-1.20358e-05 0.00571291 0.00012467
-0.000110535 0.00012467 -0.0150695

0.00504999 -0.000183306 -0.000151483
-0.000183306 0.00526632 4.91173e-05
-0.000151483 4.91173e-05 -0.0137167

0.00424164 0.00014308 -9.46796e-05
0.00014308 0.00416234 0.000192501
-9.46796e-05 0.000192501 -0.0116428

0.00554743 2.23503e-05 -0.000143556
2.23503e-05 0.00590919 5.1044e-05
-0.000143556 5.1044e-05 -0.0147163

0.0108099 -0.00128312 0.00169947
-0.00128312 0.0105076 -0.00068572
0.00169947 -0.00068572 -0.0266884

0.00987317 -0.000131519 0.0018729
-0.000131519 0.0100417 -0.00166993
0.0018729 -0.00166993 -0.0261879

0.00958591 -2.21363e-05 9.23038e-05
-2.21363e-05 0.0106701 0.000997605
9.23038e-05 0.000997605 -0.0266237

0.0056075 -0.000154969 -0.000354632
-0.000154969 0.00540499 -5.05435e-05
-0.000354632 -5.05435e-05 -0.0144389

0.0089198 0.000211259 0.00050617
0.000211259 0.00919879 -0.000200031
0.00050617 -0.000200031 -0.0248321

0.00560985 -0.000118065 -0.000321026
-0.000118065 0.00530805 0.000244132
-0.000321026 0.000244132 -0.0143411

0.00496195 9.60542e-05 0.000103439
9.60542e-05 0.00494651 9.6262e-06
0.000103439 9.6262e-06 -0.0128487

0.00774943 8.85083e-05 -0.00110929
8.85083e-05 0.00748753 0.000255805
-0.00110929 0.000255805 -0.0191244

0.00784972 0.000299918 -0.000998541
0.000299918 0.0079318 0.000468125
-0.000998541 0.000468125 -0.0193206

0.00471436 -1.14709e-05 -5.75101e-05
-1.14709e-05 0.00494675 4.02124e-05
-5.75101e-05 4.02124e-05 -0.0126873

0.00597459 0.000141061 2.20988e-05
0.000141061 0.00590328 0.000324065
2.20988e-05 0.000324065 -0.0153473

0.00486187 1.76787e-05 -0.000174839
1.76787e-05 0.00498954 0.000140489
-0.000174839 0.000140489 -0.0130713

0.00919442 3.59719e-05 -0.00126094
3.59719e-05 0.00933479 -0.00223818
-0.00126094 -0.00223818 -0.0234796

0.00507497 -4.03518e-05 -4.10934e-06
-4.03518e-05 0.00481422 0.000277676
-4.10934e-06 0.000277676 -0.0131111

0.007778 0.000142281 0.00134687
0.000142281 0.0079687 -0.000848847
0.00134687 -0.000848847 -0.0196571

0.00937233 3.71835e-06 0.00178761
3.71835e-06 0.0101069 -0.00185358
0.00178761 -0.00185358 -0.0257826

0.0048906 0.000137695 -0.000137363
0.000137695 0.00473954 2.0934e-05
-0.000137363 2.0934e-05 -0.0129621

0.00475462 -2.77766e-05 -0.000210031
-2.77766e-05 0.00472952 3.48011e-05
-0.000210031 3.48011e-05 -0.0125023

0.00420303 2.79717e-05 -0.000153373
2.79717e-05 0.00420524 0.000139901
-0.000153373 0.000139901 -0.0115824

0.00492464 -2.05917e-05 -0.000295496
-2.05917e-05 0.00475321 5.00143e-05
-0.000295496 5.00143e-05 -0.0127694

0.00481515 -6.45315e-05 -0.000265635
-6.45315e-05 0.00475395 9.19953e-05
-0.000265635 9.19953e-05 -0.0127286

0.00405474 6.25751e-05 -2.12831e-06
6.25751e-05 0.00423855 0.00015335
-2.12831e-06 0.00015335 -0.0113729

0.00648104 -0.000187429 -0.000569571
-0.000187429 0.00649255 -0.000348164
-0.000569571 -0.000348164 -0.0159801

0.00456815 8.35074e-05 -6.0407e-05
8.35074e-05 0.00457438 5.43976e-05
-6.0407e-05 5.43976e-05 -0.0120762

0.00934103 9.5665e-05 0.00169761
9.5665e-05 0.00987124 -0.00148288
0.00169761 -0.00148288 -0.0257134

0.0041156 -2.13708e-05 0.000101775
-2.13708e-05 0.00423161 4.12641e-05
0.000101775 4.12641e-05 -0.0112924

0.00773324 0.000248102 -0.00107526
0.000248102 0.00755111 -0.000599554
-0.00107526 -0.000599554 -0.0190309

0.0085807 0.000263732 0.000452641
0.000263732 0.0082366 -0.000973501
0.000452641 -0.000973501 -0.0230441

0.00465638 6.08933e-06 -0.000131898
6.08933e-06 0.00467813 -2.32171e-05
-0.000131898 -2.32171e-05 -0.0121652

0.00469714 -7.3999e-05 -5.61654e-05
-7.3999e-05 0.00475409 0.000128399
-5.61654e-05 0.000128399 -0.0126709

0.0044104 -7.51309e-05 -1.69672e-05
-7.51309e-05 0.00446574 -0.000105325
-1.69672e-05 -0.000105325 -0.0118003

0.0041161 9.85675e-05 -1.1995e-05
9.85675e-05 0.0040543 4.17046e-05
-1.1995e-05 4.17046e-05 -0.0111325

0.00979371 1.85359e-05 0.00169266
1.85359e-05 0.00978419 -0.00124092
0.00169266 -0.00124092 -0.0262936

0.00427819 -0.000130668 -5.76044e-05
-0.000130668 0.00423478 -0.000106534
-5.76044e-05 -0.000106534 -0.011467

0.00459008 -0.000157987 -8.25003e-05
-0.000157987 0.00437835 4.83808e-05
-8.25003e-05 4.83808e-05 -0.0119148

0.00451938 -4.17759e-05 -5.59778e-05
-4.17759e-05 0.00447067 3.65305e-05
-5.59778e-05 3.65305e-05 -0.0120051

0.0043508 -2.05095e-05 2.36564e-05
-2.05095e-05 0.00409317 -0.000105728
2.36564e-05 -0.000105728 -0.0115468

0.00409567 0.000170674 5.80892e-05
0.000170674 0.00434293 7.49136e-05
5.80892e-05 7.49136e-05 -0.0115957

0.00746761 -0.00050916 0.000303334
-0.00050916 0.00712631 0.00121106
0.000303334 0.00121106 -0.018202

0.00583204 -0.000217153 -0.000300806
-0.000217153 0.00575892 -0.0002286
-0.000300806 -0.0002286 -0.0142452

0.00411704 -5.13465e-05 -3.8264e-05
-5.13465e-05 0.00419835 -0.000118226
-3.8264e-05 -0.000118226 -0.0114676

0.00885481 -8.02406e-06 -0.000900027
-8.02406e-06 0.00883834 0.000163887
-0.000900027 0.000163887 -0.0239952

0.00471798 -0.000158564 -2.75168e-05
-0.000158564 0.00431319 0.000100003
-2.75168e-05 0.000100003 -0.0121893

0.00410876 7.28662e-05 2.9846e-05
7.28662e-05 0.00406866 -3.44753e-05
2.9846e-05 -3.44753e-05 -0.0110762

0.00406447 -2.77586e-06 -3.26865e-05
-2.77586e-06 0.00444033 4.0276e-05
-3.26865e-05 4.0276e-05 -0.0116153

0.00497134 -0.00012064 -4.21229e-05
-0.00012064 0.00473456 -0.000121252
-4.21229e-05 -0.000121252 -0.0127837

0.00911893 -0.00018074 0.000488895
-0.00018074 0.0117028 0.00499336
0.000488895 0.00499336 -0.0255041

0.00482058 -0.000191195 1.46241e-05
-0.000191195 0.00483025 3.53432e-05
1.46241e-05 3.53432e-05 -0.0126737

0.0100895 -2.24183e-05 -0.0019534
-2.24183e-05 0.00950063 0.00234634
-0.0019534 0.00234634 -0.0260163

0.00628844 -0.000259863 0.000427455
-0.000259863 0.00667085 0.000661597
0.000427455 0.000661597 -0.0169704

0.00434784 8.60378e-05 3.3686e-05
8.60378e-05 0.00448745 0.000218096
3.3686e-05 0.000218096 -0.0117889

0.00916322 0.000121809 -0.00286297
0.000121809 0.00982072 -0.000969849
-0.00286297 -0.000969849 -0.023956

0.00404436 2.47615e-05 -3.56355e-05
2.47615e-05 0.00445579 2.02244e-05
-3.56355e-05 2.02244e-05 -0.0116048

0 0 -0.00100604
0 0 0.00446492
-0.00100604 0.00446492 -0.0210339

0.00504108 -0.000145927 -7.29759e-05
-0.000145927 0.00498528 -7.47148e-05
-7.29759e-05 -7.47148e-05 -0.0134006

0.00543253 0.000283507 4.82128e-05
0.000283507 0.00512979 -0.000353466
4.82128e-05 -0.000353466 -0.013882

0.00918986 -0.00238259 -0.00203029
-0.00238259 0.0120946 0.00545552
-0.00203029 0.00545552 -0.0260315

0.00829828 0.00027325 0.00117978
0.00027325 0.00768573 0.000425864
0.00117978 0.000425864 -0.0253652

0.00920385 0.000559586 -0.00353145
0.000559586 -0.000314626 0.00376969
-0.00353145 0.00376969 -0.0211826

0.00397685 0.000106332 -7.73404e-05
0.000106332 0.00449139 1.59361e-05
-7.73404e-05 1.59361e-05 -0.0116083

0.00715081 -0.000196956 0.000510316
-0.000196956 0.00665082 0.000609998
0.000510316 0.000609998 -0.0170974

0.00785531 0.000175804 0.00145635
0.000175804 0.00754561 -0.000610366
0.00145635 -0.000610366 -0.0195855

0.00579698 0.000197634 0.000116976
0.000197634 0.00591394 0.000261666
0.000116976 0.000261666 -0.0147641

0.00496596 -4.69337e-05 -0.000178126
-4.69337e-05 0.00504329 3.55387e-05
-0.000178126 3.55387e-05 -0.0130205

0.00661192 -3.56451e-05 -0.000506713
-3.56451e-05 0.0064383 -3.04807e-05
-0.000506713 -3.04807e-05 -0.0158844

0.0070447 9.30056e-06 -0.00165519
9.30056e-06 0.0074728 -0.000728336
-0.00165519 -0.000728336 -0.0183591

0.00455649 -6.30571e-05 6.65925e-06
-6.30571e-05 0.00458613 4.03891e-05
6.65925e-06 4.03891e-05 -0.0121529

0.00450348 -4.84806e-05 1.98311e-06
-4.84806e-05 0.00446705 0.00013936
1.98311e-06 0.00013936 -0.0118859

0.00769701 -2.78859e-05 0.00140901
-2.78859e-05 0.00765244 -0.000652094
0.00140901 -0.000652094 -0.0195987

0.00757424 -0.000772564 -7.66853e-05
-0.000772564 0.00751972 0.00153499
-7.66853e-05 0.00153499 -0.0183169

0.00879856 0.00010807 -0.000795004
0.00010807 0.00797482 0.000557476
-0.000795004 0.000557476 -0.0213121

0.00704128 -0.000236448 0.000880735
-0.000236448 0.00722189 0.00117234
0.000880735 0.00117234 -0.0185438

0.00724736 -0.000223149 0.000602708
-0.000223149 0.00665792 0.000580878
0.000602708 0.000580878 -0.018751

0.00987517 -0.000513285 0.00183709
-0.000513285 0.00995843 -0.000921521
0.00183709 -0.000921521 -0.0265318

0.00925197 -0.000113158 0.000448681
-0.000113158 0.00880015 0.000306811
0.000448681 0.000306811 -0.0233128

0.00951755 0.00110636 -3.97373e-05
0.00110636 0.00866792 0.000223642
-3.97373e-05 0.000223642 -0.0269659

0.00396367 6.96297e-05 -6.5209e-05
6.96297e-05 0.00448282 3.51198e-05
-6.5209e-05 3.51198e-05 -0.0116172

0.00622671 -0.000227853 -0.000250055
-0.000227853 0.00621988 0.000355239
-0.000250055 0.000355239 -0.015292

0.00455646 -0.000206806 -0.000137903
-0.000206806 0.00428197 -0.000123285
-0.000137903 -0.000123285 -0.0117966

0.00906958 -2.43253e-05 0.0012687
-2.43253e-05 0.00960684 -0.00288589
0.0012687 -0.00288589 -0.0243778

0.00561957 -0.000261389 -0.000349488
-0.000261389 0.00584421 -0.000231103
-0.000349488 -0.000231103 -0.0147653

0.00625473 2.79419e-05 -0.000490491
2.79419e-05 0.00650971 -2.17529e-05
-0.000490491 -2.17529e-05 -0.0157665

0.00636409 0.000167166 0.000587287
0.000167166 0.00648672 -0.000429857
0.000587287 -0.000429857 -0.0170403

0.00598403 0.000913827 0.00115109
0.000913827 0.00677884 -0.000546125
0.00115109 -0.000546125 -0.0173754

0.00570502 8.45532e-05 -4.06019e-05
8.45532e-05 0.00587163 0.000228652
-4.06019e-05 0.000228652 -0.014767

0.0105471 -0.000391133 0.00150679
-0.000391133 0.00761146 -0.000353417
0.00150679 -0.000353417 -0.026042

0.00671134 5.57644e-05 0.000677776
5.57644e-05 0.00749771 0.000111219
0.000677776 0.000111219 -0.0171007

0.00778788 -2.87674e-05 0.00121145
-2.87674e-05 0.00758752 -0.000650312
0.00121145 -0.000650312 -0.0191691

0.00710615 0.000471893 -0.000809458
0.000471893 0.00757962 -0.000334419
-0.000809458 -0.000334419 -0.0179477

0.00509102 5.51675e-05 0.000398629
5.51675e-05 0.00486279 -0.000211343
0.000398629 -0.000211343 -0.0132218

0.00898193 -0.000941586 0.000404358
-0.000941586 0.00906642 0.000639724
0.000404358 0.000639724 -0.0262273

0.00477935 2.88055e-05 0.000109191
2.88055e-05 0.00474046 -0.000102088
0.000109191 -0.000102088 -0.0126232

0.0046359 5.06456e-05 0.000152542
5.06456e-05 0.00443735 0.000170555
0.000152542 0.000170555 -0.012184

0.00474176 7.93776e-05 3.45027e-05
7.93776e-05 0.00467571 5.50619e-05
3.45027e-05 5.50619e-05 -0.0125339

0.00473382 6.81687e-05 0.000121703
6.81687e-05 0.00480741 1.35333e-06
0.000121703 1.35333e-06 -0.0124974

0.00438797 3.73119e-06 -0.00026928
3.73119e-06 0.00457005 -9.28559e-05
-0.00026928 -9.28559e-05 -0.012087

0.00456593 -4.1436e-05 -2.26386e-05
-4.1436e-05 0.00434096 6.28068e-05
-2.26386e-05 6.28068e-05 -0.0120144

0.00473611 4.77659e-05 0.000112926
4.77659e-05 0.00462836 -8.87924e-05
0.000112926 -8.87924e-05 -0.0125423

0.010422 -0.000102228 0.00108834
-0.000102228 0.00969053 -0.000197778
0.00108834 -0.000197778 -0.0259884

0.00480967 -7.11431e-05 4.81317e-05
-7.11431e-05 0.00473007 7.93894e-05
4.81317e-05 7.93894e-05 -0.0125629

0.00422307 0.000119599 -0.000236116
0.000119599 0.00449792 -5.61798e-05
-0.000236116 -5.61798e-05 -0.0117061

0.00391978 6.23963e-05 1.02009e-05
6.23963e-05 0.00414484 -5.57901e-06
1.02009e-05 -5.57901e-06 -0.0110094

0.00433964 -8.28056e-05 -5.69134e-05
-8.28056e-05 0.00436764 -5.14334e-05
-5.69134e-05 -5.14334e-05 -0.0118164

0.00439124 9.30784e-05 3.53931e-05
9.30784e-05 0.00450606 4.05288e-05
3.53931e-05 4.05288e-05 -0.011893

0.00445031 7.70648e-05 0.000118928
7.70648e-05 0.0044765 -2.18013e-05
0.000118928 -2.18013e-05 -0.0118214

0.00407413 -3.8833e-05 5.3854e-05
-3.8833e-05 0.00403011 0.000160495
5.3854e-05 0.000160495 -0.0110495

0.00480328 -9.6577e-05 -1.70774e-05
-9.6577e-05 0.00446083 2.71158e-05
-1.70774e-05 2.71158e-05 -0.0123439

0.00808844 0.000331749 0.000688073
0.000331749 0.0084743 0.000340976
0.000688073 0.000340976 -0.0242625

0.00439181 -0.000127232 -5.64323e-06
-0.000127232 0.00437817 6.31635e-06
-5.64323e-06 6.31635e-06 -0.0117035

0.00912475 -3.25167e-06 -0.00238461
-3.25167e-06 0.0105639 -0.00167718
-0.00238461 -0.00167718 -0.0254522

0.00644787 -0.000525461 -6.54104e-05
-0.000525461 0.00560648 -0.000853717
-6.54104e-05 -0.000853717 -0.0161001

0.00873765 -0.000316189 -0.00160013
-0.000316189 0.00915348 -0.00212801
-0.00160013 -0.00212801 -0.0228833

0.00438732 7.07068e-06 4.31997e-05
7.07068e-06 0.00434176 0.000143596
4.31997e-05 0.000143596 -0.012075

0.00544256 1.94503e-05 0.000196425
1.94503e-05 0.00614208 0.000218944
0.000196425 0.000218944 -0.0154438

0.00611027 -0.000100653 5.83967e-05
-0.000100653 0.00592689 -0.000480117
5.83967e-05 -0.000480117 -0.0154067

0.00456032 0.00012504 -0.00013412
0.00012504 0.00443002 0.000151894
-0.00013412 0.000151894 -0.0121771

0.00522728 2.23406e-05 -5.77231e-05
2.23406e-05 0.00512775 6.39612e-06
-5.77231e-05 6.39612e-06 -0.0138749

0.00589115 3.72979e-05 -2.87668e-05
3.72979e-05 0.0059746 0.000267525
-2.87668e-05 0.000267525 -0.0159233

0.00878354 0.000244161 -0.000658626
0.000244161 0.0084922 0.000769324
-0.000658626 0.000769324 -0.0213534

0.00423118 0.00013725 0.000101691
0.00013725 0.00416218 -9.11048e-06
0.000101691 -9.11048e-06 -0.0114106

0.0047053 0.000155789 3.74121e-05
0.000155789 0.0046384 7.57864e-05
3.74121e-05 7.57864e-05 -0.0125361

0.00415805 -7.78104e-06 -0.000137096
-7.78104e-06 0.00432081 9.95787e-05
-0.000137096 9.95787e-05 -0.0115205

0.00848645 0.00113614 -0.00213203
0.00113614 0.0104613 -0.00149897
-0.00213203 -0.00149897 -0.0258353

0.00458656 3.86846e-05 -4.10353e-05
3.86846e-05 0.00443281 3.60606e-05
-4.10353e-05 3.60606e-05 -0.0119759

0.00448495 6.26981e-05 -0.000113496
6.26981e-05 0.00451541 0.000104475
-0.000113496 0.000104475 -0.0121524

0.00658072 -0.000189501 -0.000767115
-0.000189501 0.00670125 -0.000564502
-0.000767115 -0.000564502 -0.017207

0.00561082 7.19669e-05 -0.000514752
7.19669e-05 0.00605435 -7.36335e-05
-0.000514752 -7.36335e-05 -0.0153177

0.00602058 0.00017367 0.000300398
0.00017367 0.00582655 5.20708e-06
0.000300398 5.20708e-06 -0.0163317

0.00580295 -0.000214281 -0.000477262
-0.000214281 0.00638277 1.24495e-05
-0.000477262 1.24495e-05 -0.0155158

0.00656439 -2.63512e-05 -0.000141873
-2.63512e-05 0.00720305 -0.000669088
-0.000141873 -0.000669088 -0.0182651

0.00398505 9.82805e-05 -3.97061e-05
9.82805e-05 0.00456131 0.000297129
-3.97061e-05 0.000297129 -0.0113477

0.00852911 -0.000445158 -0.00115581
-0.000445158 0.0091543 -0.00157279
-0.00115581 -0.00157279 -0.0231867

0.00525184 3.75064e-05 -0.000127403
3.75064e-05 0.00542457 0.000251367
-0.000127403 0.000251367 -0.0140478

0.00606607 -7.21897e-05 0.000188047
-7.21897e-05 0.00623343 0.000576337
0.000188047 0.000576337 -0.0160556

0.0065261 -0.000199 -0.00076124
-0.000199 0.00676029 -0.000596949
-0.00076124 -0.000596949 -0.0171892

0.00596802 -0.000262051 -0.000153116
-0.000262051 0.00613998 -0.000735553
-0.000153116 -0.000735553 -0.0156496

0.00667253 2.9588e-05 -0.000313958
2.9588e-05 0.0063326 -0.00097484
-0.000313958 -0.00097484 -0.0168361

0.00597795 -1.51805e-05 -0.000243562
-1.51805e-05 0.00605021 -0.000338742
-0.000243562 -0.000338742 -0.0159496

0.00708892 -9.67166e-05 -0.000746007
-9.67166e-05 0.00675396 0.000628816
-0.000746007 0.000628816 -0.0167863

0.00589027 -0.000269457 -0.000137141
-0.000269457 0.00549895 7.92507e-05
-0.000137141 7.92507e-05 -0.0145807

0.0089108 0.000434848 0.000875766
0.000434848 0.00828266 -0.00185771
0.000875766 -0.00185771 -0.0221717

0.00510872 -7.10337e-07 0.000172023
-7.10337e-07 0.00470298 0.000167956
0.000172023 0.000167956 -0.0130569

0.00447903 -2.67257e-05 -7.14755e-05
-2.67257e-05 0.00447511 2.10086e-05
-7.14755e-05 2.10086e-05 -0.0120485

0.0052624 -6.48066e-05 9.51284e-05
-6.48066e-05 0.00523238 0.000269836
9.51284e-05 0.000269836 -0.0133989

0.00503512 6.87613e-05 0.00023078
6.87613e-05 0.00488619 0.000216741
0.00023078 0.000216741 -0.0130771

0.00658081 0.000415215 -0.00117017
0.000415215 0.00708435 3.42273e-05
-0.00117017 3.42273e-05 -0.0173681

0.0045125 -4.58794e-05 5.04e-05
-4.58794e-05 0.00464134 7.72561e-05
5.04e-05 7.72561e-05 -0.0121886

0.00568816 -0.000470168 -0.00019243
-0.000470168 0.00531762 -5.65967e-05
-0.00019243 -5.65967e-05 -0.0142319

0.00766616 -0.000127424 0.00158834
-0.000127424 0.00777558 0.00133556
0.00158834 0.00133556 -0.0198788

0.00689883 -0.000221349 -0.000414974
-0.000221349 0.0067555 -0.000575119
-0.000414974 -0.000575119 -0.017163

0.00799436 0.000276123 0.00172761
0.000276123 0.00809748 0.00150494
0.00172761 0.00150494 -0.0198197

0.00517121 9.69626e-05 0.000161393
9.69626e-05 0.00498053 1.48487e-05
0.000161393 1.48487e-05 -0.0131972

0.00722731 -0.00048467 -0.000607066
-0.00048467 0.00687113 -0.000729394
-0.000607066 -0.000729394 -0.0180462

0.00733991 -0.000608241 0.00118208
-0.000608241 0.00707009 0.00065252
0.00118208 0.00065252 -0.0181044

0.00730683 -0.000576364 0.00075822
-0.000576364 0.00708247 0.000613538
0.00075822 0.000613538 -0.0188909

0.00453043 4.63333e-05 -2.15204e-05
4.63333e-05 0.00448654 5.83492e-05
-2.15204e-05 5.83492e-05 -0.0119713

0.00868661 -0.000254032 -0.00138679
-0.000254032 0.00915762 -0.002251
-0.00138679 -0.002251 -0.0235406

0.00763046 -0.000291325 0.000302083
-0.000291325 0.00757261 0.00105775
0.000302083 0.00105775 -0.018872

0.00446407 0.000136869 -7.22137e-05
0.000136869 0.00449263 4.5741e-05
-7.22137e-05 4.5741e-05 -0.0120739

0.00432162 -4.7156e-05 5.13994e-05
-4.7156e-05 0.00443118 0.000101004
5.13994e-05 0.000101004 -0.0117328

0.00471145 0.000143113 5.54879e-06
0.000143113 0.00449242 6.07211e-05
5.54879e-06 6.07211e-05 -0.0125032

0.00426104 0.000169141 -8.30393e-05
0.000169141 0.00452167 -8.15381e-06
-8.30393e-05 -8.15381e-06 -0.0119193

0.00911679 -0.00020283 -0.000369255
-0.00020283 0.00905979 -0.00246199
-0.000369255 -0.00246199 -0.0227127

0.00681538 -8.07848e-05 4.44291e-05
-8.07848e-05 0.00605308 0.000573979
4.44291e-05 0.000573979 -0.0160282

0.00756215 -0.000127102 0.000960104
-0.000127102 0.00719318 5.75488e-05
0.000960104 5.75488e-05 -0.0180248

0.0043255 -0.000111567 9.45448e-05
-0.000111567 0.00434679 4.31106e-05
9.45448e-05 4.31106e-05 -0.0117171

0.0039938 -2.17259e-05 0.000105722
-2.17259e-05 0.00420603 -4.84626e-05
0.000105722 -4.84626e-05 -0.0110127

0.00679839 -0.000165077 -1.72967e-05
-0.000165077 0.0059642 0.000140299
-1.72967e-05 0.000140299 -0.016203

0.00399389 8.02722e-05 -8.31629e-07
8.02722e-05 0.00441532 -6.30325e-05
-8.31629e-07 -6.30325e-05 -0.0116087

0.00399105 7.24879e-05 -4.36284e-06
7.24879e-05 0.00439417 -7.94589e-05
-4.36284e-06 -7.94589e-05 -0.0113204

0.00973574 0.000332946 -0.0021698
0.000332946 0.0101469 -0.0019106
-0.0021698 -0.0019106 -0.0257405

0.00850575 -8.4088e-05 -6.18532e-05
-8.4088e-05 0.00805528 -0.0022981
-6.18532e-05 -0.0022981 -0.0210591

0.0066252 -0.000317398 -0.00112044
-0.000317398 0.00737295 -0.000274151
-0.00112044 -0.000274151 -0.0175563

0.00620897 -0.00013685 -3.46275e-05
-0.00013685 0.0068115 0.000169235
-3.46275e-05 0.000169235 -0.0171099

0.00583024 3.41539e-07 1.44358e-05
3.41539e-07 0.00581369 0.000205063
1.44358e-05 0.000205063 -0.0150864

0.00647196 0.000159615 0.000115005
0.000159615 0.00637758 -0.00092239
0.000115005 -0.00092239 -0.0169084

0.00584431 3.56866e-05 0.000138737
3.56866e-05 0.00589309 -0.000531329
0.000138737 -0.000531329 -0.0148933

0.00755439 -0.000129636 0.000674879
-0.000129636 0.00726197 0.000799178
0.000674879 0.000799178 -0.0185004

0.00565067 -5.01045e-05 -3.70918e-05
-5.01045e-05 0.00565194 -0.000113091
-3.70918e-05 -0.000113091 -0.0143968

0.00575682 0.000245976 0.000112454
0.000245976 0.00530668 0.000139446
0.000112454 0.000139446 -0.0141187

0.00530532 0.000174947 -7.84028e-05
0.000174947 0.00567788 0.000234338
-7.84028e-05 0.000234338 -0.0142075

0.00539802 6.50379e-05 4.95211e-05
6.50379e-05 0.00487955 0.000306513
4.95211e-05 0.000306513 -0.0140849

0.00570497 8.2473e-05 -3.69564e-05
8.2473e-05 0.0058775 0.00029073
-3.69564e-05 0.00029073 -0.0149457

0.00534199 -0.000173854 2.76253e-05
-0.000173854 0.00552025 -7.10489e-05
2.76253e-05 -7.10489e-05 -0.0141244

0.00483369 3.56491e-05 -6.10225e-05
3.56491e-05 0.00504352 0.000424728
-6.10225e-05 0.000424728 -0.0130143

0.00451998 -0.000104134 -0.000192983
-0.000104134 0.00461645 0.000112634
-0.000192983 0.000112634 -0.0122409

0.00448714 -4.19383e-05 -5.93881e-05
-4.19383e-05 0.00455562 4.55959e-05
-5.93881e-05 4.55959e-05 -0.0120868

0.00659398 -0.000422421 -0.0010802
-0.000422421 0.0070696 -4.69293e-05
-0.0010802 -4.69293e-05 -0.0174392

0.00964151 -0.00193287 -0.00078264
-0.00193287 0.00976565 0.00140599
-0.00078264 0.00140599 -0.0271325

0.00624403 0.000208996 -0.000578998
0.000208996 0.00671285 0.000230827
-0.000578998 0.000230827 -0.0168044

0.00576317 -1.26503e-05 5.49846e-06
-1.26503e-05 0.00576887 -0.000308737
5.49846e-06 -0.000308737 -0.0151073

0.0070387 -2.8857e-05 -0.00156734
-2.8857e-05 0.00751367 0.000373202
-0.00156734 0.000373202 -0.018601

0.00452419 5.20546e-05 9.03503e-05
5.20546e-05 0.00468965 1.36146e-05
9.03503e-05 1.36146e-05 -0.0123485

0.00448471 -3.80466e-05 -6.12817e-05
-3.80466e-05 0.00455338 3.95015e-05
-6.12817e-05 3.95015e-05 -0.0120674

0.00526861 2.73534e-05 -6.20882e-05
2.73534e-05 0.00501268 5.60557e-05
-6.20882e-05 5.60557e-05 -0.0138515

0.00460603 0.000139536 -4.471e-06
0.000139536 0.00456914 -3.12466e-05
-4.471e-06 -3.12466e-05 -0.0125323

0.00958557 -0.000285712 0.00164077
-0.000285712 0.00963098 -0.00308335
0.00164077 -0.00308335 -0.0241103

0.0070704 8.09773e-05 -8.38293e-05
8.09773e-05 0.00703581 -0.000655532
-8.38293e-05 -0.000655532 -0.0182584

0.00560712 -2.72108e-05 -0.000341746
-2.72108e-05 0.00581228 -5.36989e-05
-0.000341746 -5.36989e-05 -0.0145835

0.00551652 0.000105801 -0.000219717
0.000105801 0.00551573 6.60199e-06
-0.000219717 6.60199e-06 -0.0143645

0.00788394 -0.000187045 0.000285657
-0.000187045 0.00710361 0.00168225
0.000285657 0.00168225 -0.01995

0.00579698 0.000197725 0.000116754
0.000197725 0.00592051 0.000321039
0.000116754 0.000321039 -0.0149486

0.00772659 0.000139204 0.0010779
0.000139204 0.00762437 0.000234073
0.0010779 0.000234073 -0.0204659

0.00437298 -5.72449e-07 5.35705e-06
-5.72449e-07 0.0045823 1.4882e-05
5.35705e-06 1.4882e-05 -0.0120009

0.00659578 0.000345588 -0.00123104
0.000345588 0.00740415 0.000276735
-0.00123104 0.000276735 -0.0175321

0.00435821 8.09825e-05 2.88541e-05
8.09825e-05 0.004333 0.00013877
2.88541e-05 0.00013877 -0.0116081

0.00945279 0.000176112 0.00015845
0.000176112 0.0123197 -0.000779637
0.00015845 -0.000779637 -0.0270907

0.00777603 9.80178e-05 0.00139327
9.80178e-05 0.00749217 -0.000761152
0.00139327 -0.000761152 -0.0192904

0.00787669 -0.000245654 0.00021143
-0.000245654 0.00673718 0.00159479
0.00021143 0.00159479 -0.0182617

0.00923901 0.000212833 -0.000109967
0.000212833 0.00908612 -0.00190193
-0.000109967 -0.00190193 -0.0237663

0.00999294 0.000330401 0.00105249
0.000330401 0.007993 0.00113872
0.00105249 0.00113872 -0.0268852

0.00468689 0.000155295 8.04814e-06
0.000155295 0.00464597 6.15709e-05
8.04814e-06 6.15709e-05 -0.0125592

0.00435753 5.87267e-05 2.14785e-05
5.87267e-05 0.0042684 9.47655e-05
2.14785e-05 9.47655e-05 -0.0116294

0.00928791 0.000277919 0.00236599
0.000277919 0.00957278 -0.00094618
0.00236599 -0.00094618 -0.0250954

0.00480427 -0.000110321 -1.6167e-06
-0.000110321 0.00459978 -3.82611e-05
-1.6167e-06 -3.82611e-05 -0.0125323

0.0090894 -0.00027441 -0.000829848
-0.00027441 0.00868687 -0.00177434
-0.000829848 -0.00177434 -0.0226608

0.00887857 -0.000459126 -9.30312e-05
-0.000459126 0.00916606 -0.00231159
-9.30312e-05 -0.00231159 -0.0230534

0.00403475 -3.02021e-05 6.30977e-05
-3.02021e-05 0.00409014 -8.2042e-05
6.30977e-05 -8.2042e-05 -0.0109836

0.00567777 0.000158913 -0.000130448
0.000158913 0.00549268 0.000177432
-0.000130448 0.000177432 -0.0148084

0.0039914 7.49788e-05 -6.49731e-07
7.49788e-05 0.0044015 -2.98565e-05
-6.49731e-07 -2.98565e-05 -0.0113323

0.00405832 -5.86378e-05 5.7218e-06
-5.86378e-05 0.00400601 8.94817e-05
5.7218e-06 8.94817e-05 -0.0110352

0.00451803 -7.50848e-05 -0.000106001
-7.50848e-05 0.0044773 3.31722e-05
-0.000106001 3.31722e-05 -0.0120341

0.00449594 -3.68636e-05 -4.97611e-05
-3.68636e-05 0.0045495 3.92068e-05
-4.97611e-05 3.92068e-05 -0.0120561

0.0098037 -0.000768406 0.00171044
-0.000768406 0.0099929 -0.00240584
0.00171044 -0.00240584 -0.0256293

0.00902262 -0.000563935 -0.00027383
-0.000563935 0.0108172 0.00182329
-0.00027383 0.00182329 -0.0269674

0.00394727 2.7526e-05 -3.10156e-05
2.7526e-05 0.00407818 -4.5114e-05
-3.10156e-05 -4.5114e-05 -0.0110236

0.00921952 -8.74003e-05 0.00185755
-8.74003e-05 0.00980138 -0.00221776
0.00185755 -0.00221776 -0.0244498

0.00461632 -0.000319276 6.05668e-05
-0.000319276 0.00492386 1.993e-05
6.05668e-05 1.993e-05 -0.0127059

0.00507982 3.9536e-06 4.5037e-05
3.9536e-06 0.00475979 -1.43016e-05
4.5037e-05 -1.43016e-05 -0.0130524

0.00546315 0.000102481 -0.000170116
0.000102481 0.00585189 0.000146217
-0.000170116 0.000146217 -0.0145151

0.00399391 8.09921e-05 7.87501e-09
8.09921e-05 0.00441577 -3.34714e-05
7.87501e-09 -3.34714e-05 -0.0115722

0.00906583 0.000168654 0.00230863
0.000168654 0.00976995 -0.00164471
0.00230863 -0.00164471 -0.0239318

0.00411176 4.92531e-05 4.05413e-05
4.92531e-05 0.00387025 8.89139e-05
4.05413e-05 8.89139e-05 -0.0111502

0.00468721 0.000168113 1.13181e-05
0.000168113 0.00463008 9.5104e-05
1.13181e-05 9.5104e-05 -0.0125437

0.00773989 0.000391546 0.00135724
0.000391546 0.00709741 -0.000206311
0.00135724 -0.000206311 -0.0192917

0.00457428 -5.03499e-05 -0.000108705
-5.03499e-05 0.00446447 6.13987e-05
-0.000108705 6.13987e-05 -0.0119911

0.00748368 0.000364724 -3.29403e-05
0.000364724 0.00743433 0.000368348
-3.29403e-05 0.000368348 -0.0189456

0.00535106 9.66597e-05 -7.47828e-05
9.66597e-05 0.00556433 -0.000308329
-7.47828e-05 -0.000308329 -0.0141129

0.00478144 0.000165723 -9.93801e-05
0.000165723 0.00491186 -7.18428e-05
-9.93801e-05 -7.18428e-05 -0.0129427

0.00479101 0.000130835 1.06117e-05
0.000130835 0.00470722 1.01912e-05
1.06117e-05 1.01912e-05 -0.0123815

0.00783778 0.000250779 0.00123117
0.000250779 0.00694577 -0.000198306
0.00123117 -0.000198306 -0.0192142

0.00510802 -3.14948e-05 0.000167476
-3.14948e-05 0.00472843 -4.56439e-06
0.000167476 -4.56439e-06 -0.0130858

0.00468453 0.000158524 1.42263e-05
0.000158524 0.00464289 6.26183e-05
1.42263e-05 6.26183e-05 -0.0125078

0.00935174 -9.05133e-05 0.000365196
-9.05133e-05 0.0088751 -0.00189733
0.000365196 -0.00189733 -0.0233489

0.00777366 0.000319022 0.00136423
0.000319022 0.00720493 -0.000319185
0.00136423 -0.000319185 -0.019489

0.00399339 8.08331e-05 -1.06849e-05
8.08331e-05 0.00441572 -3.66523e-05
-1.06849e-05 -3.66523e-05 -0.0115747

0.00490505 -5.44511e-05 -6.22263e-05
-5.44511e-05 0.00510299 6.95213e-05
-6.22263e-05 6.95213e-05 -0.0132202

0.0053264 5.10354e-05 -4.77635e-05
5.10354e-05 0.00556694 0.000128584
-4.77635e-05 0.000128584 -0.0142148

0.00429433 0.000118252 -3.13886e-07
0.000118252 0.00397101 6.01226e-05
-3.13886e-07 6.01226e-05 -0.0113106

0.00399015 7.37652e-05 -1.50055e-05
7.37652e-05 0.00440092 -3.40086e-05
-1.50055e-05 -3.40086e-05 -0.0113388

0.00421451 1.28463e-05 -0.000121438
1.28463e-05 0.00447885 -7.06977e-05
-0.000121438 -7.06977e-05 -0.0118719

0.00451169 -7.27667e-05 -5.86252e-05
-7.27667e-05 0.00458654 4.34586e-05
-5.86252e-05 4.34586e-05 -0.0121302

0.00410743 3.21563e-05 6.78449e-05
3.21563e-05 0.003944 2.56927e-05
6.78449e-05 2.56927e-05 -0.0109928

0.00956575 -2.33489e-05 -0.00175956
-2.33489e-05 0.00979038 -0.00146521
-0.00175956 -0.00146521 -0.025147

0.00720674 0.000129457 0.000779749
0.000129457 0.00853983 6.00296e-05
0.000779749 6.00296e-05 -0.0265821

0.00455993 -2.6398e-05 -8.42782e-05
-2.6398e-05 0.00444445 2.00235e-05
-8.42782e-05 2.00235e-05 -0.0120327

0.00415603 -5.2867e-05 6.88591e-06
-5.2867e-05 0.00440529 0.00013101
6.88591e-06 0.00013101 -0.0117205

0.00467199 0.000110168 -0.00021409
0.000110168 0.00474018 -0.000115268
-0.00021409 -0.000115268 -0.0126012

0.00436883 9.27151e-05 3.55468e-05
9.27151e-05 0.00425026 -3.13505e-05
3.55468e-05 -3.13505e-05 -0.0119332

0.00463085 0.000154555 -7.78175e-05
0.000154555 0.00497518 5.76577e-05
-7.78175e-05 5.76577e-05 -0.0126907

0.00446852 0.000166569 -5.74278e-05
0.000166569 0.00456879 5.55096e-05
-5.74278e-05 5.55096e-05 -0.0120895

0.00539589 -0.00010417 -4.3699e-05
-0.00010417 0.00551588 -7.9191e-05
-4.3699e-05 -7.9191e-05 -0.0137465

0.00539431 0.000143044 0.000110445
0.000143044 0.00559874 7.05661e-06
0.000110445 7.05661e-06 -0.0146938

0.00860987 0.000501562 -0.00206346
0.000501562 0.00978892 0.00061149
-0.00206346 0.00061149 -0.0255828

0.00420209 3.46692e-05 -0.0001627
3.46692e-05 0.00415798 0.00020486
-0.0001627 0.00020486 -0.0116248

0.00443426 7.87182e-05 -6.86673e-05
7.87182e-05 0.00459584 -3.70935e-05
-6.86673e-05 -3.70935e-05 -0.011975

0.00450304 -3.94973e-05 -5.07898e-05
-3.94973e-05 0.00455045 4.05172e-05
-5.07898e-05 4.05172e-05 -0.0120896

0.00636478 2.73991e-05 0.000540507
2.73991e-05 0.00664002 0.000118954
0.000540507 0.000118954 -0.016692

0.0046153 0.000198669 4.02888e-05
0.000198669 0.00468275 5.1655e-05
4.02888e-05 5.1655e-05 -0.012472

0.00672249 0.000436035 -0.00106278
0.000436035 0.0071636 0.000654247
-0.00106278 0.000654247 -0.0175258

0.00527225 -2.5835e-05 2.88053e-05
-2.5835e-05 0.00534268 -0.000211157
2.88053e-05 -0.000211157 -0.013725

0.00842263 0.000217386 -0.000660993
0.000217386 0.00842522 -0.000357535
-0.000660993 -0.000357535 -0.0260952

0.00582129 0.000119537 -0.000411367
0.000119537 0.00635627 -0.000154397
-0.000411367 -0.000154397 -0.0155758

0.00603682 6.18631e-05 0.000254461
6.18631e-05 0.00550293 0.000135454
0.000254461 0.000135454 -0.0149362

0.00520629 1.6831e-06 -5.00438e-05
1.6831e-06 0.00549505 -6.04511e-05
-5.00438e-05 -6.04511e-05 -0.0137407

0.00893621 0.000262447 -0.00146693
0.000262447 0.00989249 -0.000721768
-0.00146693 -0.000721768 -0.0247456

0.00446145 -1.26039e-05 3.96623e-05
-1.26039e-05 0.00452041 1.8626e-05
3.96623e-05 1.8626e-05 -0.012052

0.00777159 2.07089e-05 0.000119653
2.07089e-05 0.00778237 0.000496965
0.000119653 0.000496965 -0.020399

0.00829385 -0.000271572 0.000431009
-0.000271572 0.00781683 0.000967592
0.000431009 0.000967592 -0.0205004

0.00874345 0.000141342 -0.00225174
0.000141342 0.00997177 -0.00184036
-0.00225174 -0.00184036 -0.0254223

0.00708547 -0.000119043 -0.000354658
-0.000119043 0.00681099 0.000178936
-0.000354658 0.000178936 -0.0172933

0.00908979 -0.000273817 -0.000870136
-0.000273817 0.00863688 -0.00126926
-0.000870136 -0.00126926 -0.0247778

0.00937587 0.000405344 0.000936723
0.000405344 0.0093264 -0.0002567
0.000936723 -0.0002567 -0.0254271

0.00489985 -0.000167592 2.4293e-05
-0.000167592 0.00488161 6.631e-05
2.4293e-05 6.631e-05 -0.0130726

0.00473653 0.000120985 1.86126e-05
0.000120985 0.00470188 8.19569e-06
1.86126e-05 8.19569e-06 -0.0124829

0.0075865 0.000281071 0.000286953
0.000281071 0.00750234 0.000117227
0.000286953 0.000117227 -0.0196893

0.00936742 0.000181845 -0.00147332
0.000181845 0.009943 -0.00181691
-0.00147332 -0.00181691 -0.0255516

0.0103439 0.000416625 -0.00222108
0.000416625 0.00999285 -0.00192603
-0.00222108 -0.00192603 -0.0257366

0.00979872 0.000451701 0.000213781
0.000451701 0.0112354 -0.00222249
0.000213781 -0.00222249 -0.0284095

0.00439223 -2.66302e-05 -0.000256369
-2.66302e-05 0.0044709 -0.00013512
-0.000256369 -0.00013512 -0.0120557

0.00735262 -0.00115586 5.83057e-05
-0.00115586 0.00678686 0.000520138
5.83057e-05 0.000520138 -0.026343

0.00942099 3.89621e-05 -0.00123855
3.89621e-05 0.00926025 -0.00217532
-0.00123855 -0.00217532 -0.0235299

0.00423579 9.62155e-05 -6.33053e-05
9.62155e-05 0.00447981 2.36024e-05
-6.33053e-05 2.36024e-05 -0.0119309

0.00827455 -0.000709675 0.00164718
-0.000709675 0.0103382 -0.00189305
0.00164718 -0.00189305 -0.0249507

0.0078852 -0.000347928 0.00102235
-0.000347928 0.00862734 0.00115908
0.00102235 0.00115908 -0.0209023

0.00911771 -0.00062763 -0.000252907
-0.00062763 0.010046 -0.00154117
-0.000252907 -0.00154117 -0.026549

0.00432951 -9.15325e-05 7.35691e-05
-9.15325e-05 0.00442268 2.47679e-05
7.35691e-05 2.47679e-05 -0.0116795

0.00437967 -3.19519e-05 -9.68887e-06
-3.19519e-05 0.00440559 8.46329e-05
-9.68887e-06 8.46329e-05 -0.0117909

0.0087423 -0.000490271 0.000723422
-0.000490271 0.0086077 0.00114019
0.000723422 0.00114019 -0.0209066

0.00497893 -3.98846e-05 6.47966e-05
-3.98846e-05 0.00494004 5.75089e-05
6.47966e-05 5.75089e-05 -0.0127118

0.00618066 0.000262742 -0.000399551
0.000262742 0.00640656 -0.000642444
-0.000399551 -0.000642444 -0.0161564

0.00887546 -0.000132332 0.00126262
-0.000132332 0.00867406 0.00122453
0.00126262 0.00122453 -0.0216538

0.00820928 -0.00034222 0.000210594
-0.00034222 0.00808116 0.000399024
0.000210594 0.000399024 -0.0206178

0.00452126 -7.36952e-05 -0.000126807
-7.36952e-05 0.00458642 3.9521e-05
-0.000126807 3.9521e-05 -0.0121614

0.00810285 -0.00017079 0.000236776
-0.00017079 0.00761344 0.000534
0.000236776 0.000534 -0.0258286

0.00939262 0.000120394 -0.000549006
0.000120394 0.0100647 -0.00311084
-0.000549006 -0.00311084 -0.0243669

0.00408968 -4.05561e-05 3.7169e-05
-4.05561e-05 0.00438158 -0.000149107
3.7169e-05 -0.000149107 -0.0111525

0.00408659 -7.38273e-05 6.92778e-05
-7.38273e-05 0.00436723 -8.90997e-05
6.92778e-05 -8.90997e-05 -0.0112487

0.00660054 6.14887e-05 -0.000426561
6.14887e-05 0.00604072 -0.00014831
-0.000426561 -0.00014831 -0.0157057

0.0048149 -9.56345e-05 4.35587e-05
-9.56345e-05 0.00460993 6.93186e-05
4.35587e-05 6.93186e-05 -0.0125416

0.0124194 0.000270859 0.000913032
0.000270859 0.00498378 0.000801165
0.000913032 0.000801165 -0.0261995

0.0052953 5.64877e-06 6.35716e-05
5.64877e-06 0.00511951 -9.79328e-05
6.35716e-05 -9.79328e-05 -0.0138064

0.00438872 -0.000158855 6.03312e-05
-0.000158855 0.00450821 -5.17416e-05
6.03312e-05 -5.17416e-05 -0.0122102

0.00480906 -0.00011396 -0.000105726
-0.00011396 0.00475036 4.29991e-05
-0.000105726 4.29991e-05 -0.0126009

0.00509279 6.16439e-05 -0.000192403
6.16439e-05 0.00497158 -0.000134189
-0.000192403 -0.000134189 -0.0133084

0.00454534 -8.1708e-05 -6.78218e-05
-8.1708e-05 0.00450662 2.33198e-05
-6.78218e-05 2.33198e-05 -0.0120384

0.00496587 5.73875e-05 -4.10288e-05
5.73875e-05 0.00498507 -0.000199342
-4.10288e-05 -0.000199342 -0.0131273

0.00435541 3.88952e-05 -0.000175258
3.88952e-05 0.00446947 -0.000113965
-0.000175258 -0.000113965 -0.0119966

0.00980634 0.000282405 -0.000130269
0.000282405 0.0100135 -0.00252021
-0.000130269 -0.00252021 -0.0255311

0.00982589 -0.000375148 0.00255166
-0.000375148 0.0099857 0.000490202
0.00255166 0.000490202 -0.0248962

0.00468467 9.18929e-05 -4.145e-05
9.18929e-05 0.00463607 6.97979e-05
-4.145e-05 6.97979e-05 -0.0125473

0.0097818 4.89414e-05 0.00265813
4.89414e-05 0.00930922 -0.00117143
0.00265813 -0.00117143 -0.0248619

0.00955787 -2.25071e-05 0.00201204
-2.25071e-05 0.00978724 0.000112081
0.00201204 0.000112081 -0.0252471

0.00985448 0.00012833 0.00206715
0.00012833 0.00926768 -0.000326542
0.00206715 -0.000326542 -0.0266702

0.00957131 -0.000195031 0.0019318
-0.000195031 0.00944438 -0.00104222
0.0019318 -0.00104222 -0.0261581

0.00993263 -9.15793e-05 0.00168543
-9.15793e-05 0.00930355 0.000433154
0.00168543 0.000433154 -0.0257597

0.00946537 -5.44956e-05 0.00234138
-5.44956e-05 0.0101425 -0.00215269
0.00234138 -0.00215269 -0.025156

0.00924884 0.000277545 0.00231511
0.000277545 0.00977635 -0.00235339
0.00231511 -0.00235339 -0.0247531

0.00901908 0.000629762 0.000921098
0.000629762 0.00890748 -0.00269294
0.000921098 -0.00269294 -0.0224358

0.00922646 -0.000144687 0.00176117
-0.000144687 0.0106573 -0.00299221
0.00176117 -0.00299221 -0.0260831

0.00896102 6.15977e-05 0.0014892
6.15977e-05 0.00852232 -0.00203274
0.0014892 -0.00203274 -0.0233841

0.00908187 0.000376188 0.0010424
0.000376188 0.00838305 -0.00213053
0.0010424 -0.00213053 -0.0229166

0.00899796 0.000328976 0.00227553
0.000328976 0.00876954 -0.00171061
0.00227553 -0.00171061 -0.0232484

0.00947196 -0.000140413 0.0020218
-0.000140413 0.00855241 0.00106665
0.0020218 0.00106665 -0.0240617

0.00787385 -0.000200287 0.00242595
-0.000200287 0.00979715 0.00028138
0.00242595 0.00028138 -0.0224798

0.0090979 -0.000473741 0.00065708
-0.000473741 0.0106258 -0.000548854
0.00065708 -0.000548854 -0.0288899

0.00871333 1.30935e-05 0.00237865
1.30935e-05 0.00850875 0.000979458
0.00237865 0.000979458 -0.0217227

0.00804591 -0.000318252 0.0019302
-0.000318252 0.00839256 0.000960094
0.0019302 0.000960094 -0.0211688

0.00766257 -0.000106231 0.00255408
-0.000106231 0.00851512 0.00107134
0.00255408 0.00107134 -0.0215897

0.00706411 0.000505851 0.00313332
0.000505851 0.00951156 -0.000901328
0.00313332 -0.000901328 -0.0221281

0.0087969 0.000621559 0.00207907
0.000621559 0.00845223 -0.00178214
0.00207907 -0.00178214 -0.0222625

0.00889751 0.000175554 0.00154279
0.000175554 0.00832836 -0.00223744
0.00154279 -0.00223744 -0.0223089

0.00784532 -0.000137504 0.00217156
-0.000137504 0.00849017 0.00125955
0.00217156 0.00125955 -0.0212863

0.00766293 2.88766e-05 0.00249232
2.88766e-05 0.00955149 0.000137608
0.00249232 0.000137608 -0.020957

0.00822181 0.000316123 0.0010746
0.000316123 0.00830308 -0.001741
0.0010746 -0.001741 -0.0230447

0.00839623 0.000176005 0.00162445
0.000176005 0.00835612 -0.00208413
0.00162445 -0.00208413 -0.0214746

0.00631862 -0.00010208 0.000741557
-0.00010208 0.00644214 0.000820774
0.000741557 0.000820774 -0.0168735

0.00657565 -0.000528691 0.000721708
-0.000528691 0.00678898 0.00081442
0.000721708 0.00081442 -0.0168763

0.0071882 -0.000306501 0.000528894
-0.000306501 0.00655573 0.000986299
0.000528894 0.000986299 -0.0174217

0.00718691 -0.000347517 0.00051458
-0.000347517 0.00680047 0.000982842
0.00051458 0.000982842 -0.0180573

0.00665475 -0.000468667 0.000573951
-0.000468667 0.00656879 0.000487438
0.000573951 0.000487438 -0.0166334

0.00663834 -0.000355407 0.000407043
-0.000355407 0.00669588 0.000402009
0.000407043 0.000402009 -0.0166462

0.00598313 -0.000298658 0.000156888
-0.000298658 0.00605888 0.000488631
0.000156888 0.000488631 -0.0157291

0.00591777 -0.000146364 0.000222965
-0.000146364 0.00617473 0.000207868
0.000222965 0.000207868 -0.0157617

0.00634989 -8.07388e-05 0.000423847
-8.07388e-05 0.00644116 0.000796688
0.000423847 0.000796688 -0.0160345

0.00638467 7.12233e-05 0.000528397
7.12233e-05 0.00626687 0.000739602
0.000528397 0.000739602 -0.0160352

0.00539288 -0.000178817 0.000203454
-0.000178817 0.00633056 4.71033e-05
0.000203454 4.71033e-05 -0.0153499

0.00558709 -0.00011187 -0.000196634
-0.00011187 0.00562225 6.76513e-06
-0.000196634 6.76513e-06 -0.0145405

0.00548111 -0.000161229 5.03039e-05
-0.000161229 0.00564743 8.74311e-05
5.03039e-05 8.74311e-05 -0.0150914

0.00535872 2.7879e-05 -0.000230837
2.7879e-05 0.00554454 5.83851e-05
-0.000230837 5.83851e-05 -0.0144251

0.0053579 9.21273e-05 -0.000270834
9.21273e-05 0.00521073 -0.000239167
-0.000270834 -0.000239167 -0.0138708

0.00528592 2.13348e-06 -0.000156934
2.13348e-06 0.00509827 -0.000102017
-0.000156934 -0.000102017 -0.0136681

0.0052994 3.82949e-05 -0.000161073
3.82949e-05 0.00502291 -9.97875e-05
-0.000161073 -9.97875e-05 -0.0136679

0.00492275 0.000153427 -0.000149326
0.000153427 0.00494766 -9.78611e-05
-0.000149326 -9.78611e-05 -0.0129878

0.00520719 5.3604e-06 -0.000243047
5.3604e-06 0.00502334 -7.71225e-05
-0.000243047 -7.71225e-05 -0.0135195

0.00520334 -1.61692e-06 -0.000244335
-1.61692e-06 0.00509827 -9.96489e-05
-0.000244335 -9.96489e-05 -0.0135153

0.00496174 4.1407e-06 -0.000133581
4.1407e-06 0.0049901 9.34762e-06
-0.000133581 9.34762e-06 -0.0130971

0.00497473 -5.90156e-05 -0.000148735
-5.90156e-05 0.00509168 -2.22092e-05
-0.000148735 -2.22092e-05 -0.0131905

0.00427278 -6.74004e-05 1.53854e-05
-6.74004e-05 0.00441964 1.57705e-05
1.53854e-05 1.57705e-05 -0.0116145

0.00430099 -0.000156315 6.04569e-06
-0.000156315 0.00452201 3.74312e-05
6.04569e-06 3.74312e-05 -0.0117175

0.00497315 8.6581e-06 -0.000156954
8.6581e-06 0.00486041 0.000196518
-0.000156954 0.000196518 -0.0130306

0.00792004 0.000256911 -0.00190152
0.000256911 0.00837244 0.00117095
-0.00190152 0.00117095 -0.020107

0.00595525 0.00021648 -0.000180454
0.00021648 0.00613458 0.000511985
-0.000180454 0.000511985 -0.0159956

0.00868864 0.000582343 -0.0010283
0.000582343 0.00766612 0.00116173
-0.0010283 0.00116173 -0.0216606

0.00758036 0.000363727 -0.00149811
0.000363727 0.00756781 0.000925354
-0.00149811 0.000925354 -0.0197436

0.00742847 0.000442292 -0.00154695
0.000442292 0.00753347 0.000873208
-0.00154695 0.000873208 -0.018807

0.00410713 -1.22245e-05 6.21381e-05
-1.22245e-05 0.00413523 0.00010759
6.21381e-05 0.00010759 -0.0112765

0.00754398 0.000363811 -0.000936517
0.000363811 0.00760969 0.00152708
-0.000936517 0.00152708 -0.0197312

0.00894916 2.10837e-05 -0.00159708
2.10837e-05 0.00959141 0.00243871
-0.00159708 0.00243871 -0.023254

0.00743356 0.000457922 -0.00102968
0.000457922 0.00756112 0.00142747
-0.00102968 0.00142747 -0.0187966

0.00879801 7.05691e-05 -0.00129771
7.05691e-05 0.00918213 0.00193299
-0.00129771 0.00193299 -0.0234973

0.00637336 0.000173323 -0.000201231
0.000173323 0.0061552 0.000404938
-0.000201231 0.000404938 -0.0158607

0.00923474 0.000467721 0.00191598
0.000467721 0.00990541 0.00053453
0.00191598 0.00053453 -0.0255542

0.0070112 0.000352701 -0.000812508
0.000352701 0.00683398 0.000970597
-0.000812508 0.000970597 -0.0178587

0.00728892 0.000127617 -0.000698788
0.000127617 0.00647177 0.00103145
-0.000698788 0.00103145 -0.0178551

0.00928577 -0.000182444 0.000327748
-0.000182444 0.00971265 -0.00238742
0.000327748 -0.00238742 -0.023943

0.00695701 0.000500132 -0.000655789
0.000500132 0.0065292 0.000879363
-0.000655789 0.000879363 -0.0171458

0.00446122 -1.27031e-05 -1.02568e-05
-1.27031e-05 0.00441178 5.16346e-05
-1.02568e-05 5.16346e-05 -0.0117473

0.00554222 -0.00028982 0.000356541
-0.00028982 0.00572832 -0.000367172
0.000356541 -0.000367172 -0.0151537

0.00918676 0.000363416 -0.000270814
0.000363416 0.00826504 -0.00305432
-0.000270814 -0.00305432 -0.0230921

0.00425523 -8.21008e-05 -1.57184e-05
-8.21008e-05 0.00449813 8.41142e-05
-1.57184e-05 8.41142e-05 -0.0117166

0.00790386 0.000340763 0.00213306
0.000340763 0.0088915 0.000854729
0.00213306 0.000854729 -0.021262

0.00483793 7.60678e-05 -0.000276245
7.60678e-05 0.00498111 -5.93292e-05
-0.000276245 -5.93292e-05 -0.0126138

0.00535925 -0.000201988 5.35432e-06
-0.000201988 0.00535928 -2.79996e-05
5.35432e-06 -2.79996e-05 -0.0140721

0.00423441 -9.07448e-05 2.48981e-05
-9.07448e-05 0.00438793 1.38905e-05
2.48981e-05 1.38905e-05 -0.0117125

0.00835898 0.000249084 0.00211629
0.000249084 0.008125 0.00138117
0.00211629 0.00138117 -0.02161

0.004475 -4.88014e-05 -7.24839e-05
-4.88014e-05 0.00457361 4.2685e-05
-7.24839e-05 4.2685e-05 -0.0121

0.00560849 0.000196228 0.000103192
0.000196228 0.00547481 1.90768e-05
0.000103192 1.90768e-05 -0.0151232

0.00623516 -4.0804e-05 0.000555481
-4.0804e-05 0.00620757 0.000481679
0.000555481 0.000481679 -0.015843

0.00537629 -5.20855e-05 0.000127167
-5.20855e-05 0.00520486 -8.09565e-05
0.000127167 -8.09565e-05 -0.0140597

0.006831 3.09663e-05 1.80034e-05
3.09663e-05 0.00690653 0.000776063
1.80034e-05 0.000776063 -0.0169241

0.0044963 -9.17357e-06 7.64268e-05
-9.17357e-06 0.00438974 0.000115292
7.64268e-05 0.000115292 -0.0117367

0.00711079 1.97602e-06 0.000198582
1.97602e-06 0.00712686 0.00108169
0.000198582 0.00108169 -0.0167569

0.00759328 -0.000109002 0.000306716
-0.000109002 0.00690168 0.000806424
0.000306716 0.000806424 -0.0183976

0.00942459 0.000523094 0.00121421
0.000523094 0.0093804 0.000270157
0.00121421 0.000270157 -0.0239365

0.00892501 1.40995e-05 0.000277608
1.40995e-05 0.00919093 -0.00171075
0.000277608 -0.00171075 -0.0248277

0.00752759 0.00046519 -0.00137854
0.00046519 0.00716508 0.000658503
-0.00137854 0.000658503 -0.018693

0.00444068 5.0996e-06 4.26651e-05
5.0996e-06 0.00439679 -3.87668e-06
4.26651e-05 -3.87668e-06 -0.011671

0.00598017 -8.45511e-05 0.000232939
-8.45511e-05 0.0056597 0.000109233
0.000232939 0.000109233 -0.0154851

0.00623618 -0.000175653 -0.000271767
-0.000175653 0.00685581 0.000656039
-0.000271767 0.000656039 -0.0170475

0.00576089 -2.88094e-05 -0.000433929
-2.88094e-05 0.00594615 -0.000224395
-0.000433929 -0.000224395 -0.0148597

0.00760905 0.000150036 -0.0013077
0.000150036 0.008011 0.000664438
-0.0013077 0.000664438 -0.0188414

0.00579304 -7.11822e-05 -0.00037187
-7.11822e-05 0.00554123 -0.000210786
-0.00037187 -0.000210786 -0.0147663

0.00603552 0.000218678 4.69896e-05
0.000218678 0.00617404 0.000413271
4.69896e-05 0.000413271 -0.0159735

0.00514688 0.000220985 -0.00014978
0.000220985 0.00511867 1.64919e-05
-0.00014978 1.64919e-05 -0.013716

0.00553311 -0.0002574 -3.8337e-05
-0.0002574 0.00566357 0.000115951
-3.8337e-05 0.000115951 -0.0154736

0.00442333 -6.14967e-05 0.000106251
-6.14967e-05 0.00465911 1.07399e-05
0.000106251 1.07399e-05 -0.0123463

0.00438745 -0.000104533 -7.66572e-05
-0.000104533 0.00449055 9.95607e-05
-7.66572e-05 9.95607e-05 -0.0120221

0.00439657 -0.000104352 -4.35781e-06
-0.000104352 0.00447349 3.1896e-05
-4.35781e-06 3.1896e-05 -0.0117289

0.00435331 -6.4923e-05 4.8634e-05
-6.4923e-05 0.00427574 6.80393e-06
4.8634e-05 6.80393e-06 -0.0114321

0.00427213 2.72683e-05 -0.000134418
2.72683e-05 0.00417855 0.000174426
-0.000134418 0.000174426 -0.011629

0.00436958 -6.11855e-05 3.3184e-05
-6.11855e-05 0.00414763 -6.49579e-05
3.3184e-05 -6.49579e-05 -0.0114535

0.00719726 -0.000264116 0.000329589
-0.000264116 0.00651051 0.00108713
0.000329589 0.00108713 -0.0174214

0.0104797 -0.00148683 0.00163821
-0.00148683 0.00745235 0.000924579
0.00163821 0.000924579 -0.0273649

0.00561775 9.86426e-06 -0.000289207
9.86426e-06 0.00585102 0.000150786
-0.000289207 0.000150786 -0.0143288

0.00633407 -6.0807e-05 0.000317856
-6.0807e-05 0.0060562 0.000538872
0.000317856 0.000538872 -0.0160031

0.00605201 -6.87378e-05 -6.7072e-05
-6.87378e-05 0.00572005 0.000117439
-6.7072e-05 0.000117439 -0.0150723

0.00454141 -0.000198649 -3.09975e-05
-0.000198649 0.00426466 -7.79279e-05
-3.09975e-05 -7.79279e-05 -0.0118544

0.00759639 -7.16487e-05 0.000279847
-7.16487e-05 0.00730828 0.000718835
0.000279847 0.000718835 -0.0194668

0.00648679 0.000128856 0.000272249
0.000128856 0.00674449 -0.000125403
0.000272249 -0.000125403 -0.0178943

0.00529208 -5.43417e-05 -0.000187816
-5.43417e-05 0.00543154 -7.67442e-05
-0.000187816 -7.67442e-05 -0.0140629

0.00575713 4.52457e-05 -0.000121757
4.52457e-05 0.0057059 3.2589e-05
-0.000121757 3.2589e-05 -0.0147809

0.00565199 -0.000181846 -0.000172801
-0.000181846 0.00521562 -8.74424e-05
-0.000172801 -8.74424e-05 -0.0143175

0.0065055 0.000253913 0.000539964
0.000253913 0.00621275 0.000296262
0.000539964 0.000296262 -0.0154318

0.0057716 0.000116864 -5.28127e-06
0.000116864 0.00548363 -9.11346e-05
-5.28127e-06 -9.11346e-05 -0.0146935

0.00813626 -9.7242e-06 -0.000311607
-9.7242e-06 0.00646345 0.00130803
-0.000311607 0.00130803 -0.0183651

0.00764348 -0.000122852 -0.000640188
-0.000122852 0.00644515 0.00116547
-0.000640188 0.00116547 -0.0179966

0.00801167 -0.000206942 0.000223285
-0.000206942 0.0070289 0.00158797
0.000223285 0.00158797 -0.0200585

0.00800849 -0.000354797 -0.000113628
-0.000354797 0.00648253 0.00130449
-0.000113628 0.00130449 -0.0183672

0.00812684 -6.45844e-05 -0.000446512
-6.45844e-05 0.00709727 0.00136406
-0.000446512 0.00136406 -0.0195539

0.00904828 0.000338357 0.00118349
0.000338357 0.0083435 -0.00204846
0.00118349 -0.00204846 -0.0215753

0.00726646 0.000220431 -0.0006628
0.000220431 0.00608849 0.000869104
-0.0006628 0.000869104 -0.017146

0.00740081 -0.000165809 0.000509284
-0.000165809 0.0064352 0.00107587
0.000509284 0.00107587 -0.017341

0.00849217 4.31046e-05 0.00244442
4.31046e-05 0.00833847 0.0011876
0.00244442 0.0011876 -0.0217393

0.00630176 -4.22783e-05 -0.000273576
-4.22783e-05 0.00619887 0.000744628
-0.000273576 0.000744628 -0.0160493

0.00507322 0.00018554 -8.08462e-05
0.00018554 0.00530606 -4.68881e-05
-8.08462e-05 -4.68881e-05 -0.0137349

0.00607138 -4.47982e-06 -6.52539e-05
-4.47982e-06 0.00546965 5.99244e-05
-6.52539e-05 5.99244e-05 -0.0149362

0.00766089 0.0016932 -0.000759169
0.0016932 0.00963217 -0.000109755
-0.000759169 -0.000109755 -0.0261071

0.00529166 1.41915e-05 5.12173e-05
1.41915e-05 0.00511475 -3.14267e-05
5.12173e-05 -3.14267e-05 -0.0137566

0.00417726 8.76474e-06 -4.1994e-05
8.76474e-06 0.0042769 -0.000166169
-4.1994e-05 -0.000166169 -0.0114995

0.00508927 0.000135726 0.000249896
0.000135726 0.00505742 -5.72754e-05
0.000249896 -5.72754e-05 -0.0132831

0.00423731 -7.90981e-05 2.15198e-05
-7.90981e-05 0.00441947 -2.8069e-05
2.15198e-05 -2.8069e-05 -0.0117616

0.00671625 0.000436454 -0.00115277
0.000436454 0.00716624 0.000706298
-0.00115277 0.000706298 -0.0180296

0.00657905 0.000205031 -0.00110676
0.000205031 0.00686999 0.000799513
-0.00110676 0.000799513 -0.0169438

0.00658818 0.000344469 -0.0013371
0.000344469 0.0074051 0.0002941
-0.0013371 0.0002941 -0.0180381

0.00823467 0.000165476 2.55587e-05
0.000165476 0.0074706 0.00295929
2.55587e-05 0.00295929 -0.0204302

0.00860623 3.35581e-05 0.00188883
3.35581e-05 0.00857432 0.000907691
0.00188883 0.000907691 -0.0211835

0.00438771 3.21672e-05 1.44304e-05
3.21672e-05 0.00459072 -1.08758e-05
1.44304e-05 -1.08758e-05 -0.0120281

0.00496429 0.00011478 9.39107e-05
0.00011478 0.00467994 -0.000128413
9.39107e-05 -0.000128413 -0.0128191

0.00429099 1.642e-05 2.58563e-05
1.642e-05 0.0044951 -7.64005e-05
2.58563e-05 -7.64005e-05 -0.0114847

0.00930905 0.000384558 0.000330026
0.000384558 0.00775415 -0.00269697
0.000330026 -0.00269697 -0.0225132

0.00897746 6.88021e-06 -7.21334e-05
6.88021e-06 0.00848346 -0.00268942
-7.21334e-05 -0.00268942 -0.0228139

0.00427598 -7.08137e-06 3.6146e-06
-7.08137e-06 0.00446267 -0.000131256
3.6146e-06 -0.000131256 -0.0114256

0.00894271 0.000118098 -0.000225027
0.000118098 0.00816471 -0.00260322
-0.000225027 -0.00260322 -0.0222698

0.00850647 -8.74462e-05 -2.90678e-05
-8.74462e-05 0.00807074 -0.00246576
-2.90678e-05 -0.00246576 -0.0216506

0.00924361 -0.000283224 0.000477783
-0.000283224 0.00788314 -0.00234829
0.000477783 -0.00234829 -0.0223686

0.00873941 9.32069e-05 -0.000199609
9.32069e-05 0.00779435 -0.00247138
-0.000199609 -0.00247138 -0.0227211

0.0070664 -0.000128276 -0.0016045
-0.000128276 0.00787045 0.000511381
-0.0016045 0.000511381 -0.0190035

0.00890787 0.000364631 0.00125475
0.000364631 0.00821586 -0.0015773
0.00125475 -0.0015773 -0.0232488

0.00440764 -0.000179921 4.55803e-05
-0.000179921 0.00461286 8.08508e-05
4.55803e-05 8.08508e-05 -0.0119662

0.0042459 -9.5474e-05 7.87496e-05
-9.5474e-05 0.00454928 -5.69224e-05
7.87496e-05 -5.69224e-05 -0.0118114

0.00440526 -0.00020031 1.13853e-05
-0.00020031 0.00453892 1.59777e-05
1.13853e-05 1.59777e-05 -0.0119411

0.0043087 -0.000206114 -6.99574e-05
-0.000206114 0.00435983 1.98269e-05
-6.99574e-05 1.98269e-05 -0.0115902

0.00416978 -0.000125656 2.23227e-05
-0.000125656 0.00438809 1.89731e-05
2.23227e-05 1.89731e-05 -0.0116146

0.00414101 -7.19576e-05 1.02326e-05
-7.19576e-05 0.00448851 5.13766e-05
1.02326e-05 5.13766e-05 -0.0115576

0.00424337 -7.36748e-05 -1.20552e-05
-7.36748e-05 0.00446173 4.26346e-05
-1.20552e-05 4.26346e-05 -0.0117126

0.0042701 1.47151e-06 0.000121145
1.47151e-06 0.00446622 0.000131042
0.000121145 0.000131042 -0.0114266

0.00423956 -6.12761e-05 -3.58419e-07
-6.12761e-05 0.00448262 4.96233e-05
-3.58419e-07 4.96233e-05 -0.0117153

0.00410663 -0.000203307 -5.44923e-05
-0.000203307 0.00434645 -0.00013996
-5.44923e-05 -0.00013996 -0.0116679

0.00425388 -9.96209e-05 -1.687e-05
-9.96209e-05 0.00439688 4.08837e-05
-1.687e-05 4.08837e-05 -0.0117113

0.00405612 0.000112836 -0.000113766
0.000112836 0.00449643 0.00025436
-0.000113766 0.00025436 -0.0116845

0.00400015 -5.79917e-05 -4.53237e-06
-5.79917e-05 0.00422183 -3.4074e-06
-4.53237e-06 -3.4074e-06 -0.0113845

0.00420584 -0.000129295 -0.000107488
-0.000129295 0.00430949 9.18177e-07
-0.000107488 9.18177e-07 -0.0114967

0.00824123 0.000349975 0.00105215
0.000349975 0.00764461 3.24909e-05
0.00105215 3.24909e-05 -0.0205066

0 0 -0.00100604
0 0 0.00446492
-0.00100604 0.00446492 -0.0210339

0.00053859 0.00396965 -0.00397609
0.00396965 0.00740071 0.00347498
-0.00397609 0.00347498 -0.0212018

0.00800962 -9.32119e-05 -0.00113663
-9.32119e-05 0.00819172 -0.00069729
-0.00113663 -0.00069729 -0.0229714

0.00792393 0.000273259 -0.00157635
0.000273259 0.00757503 -4.6821e-05
-0.00157635 -4.6821e-05 -0.0236361

0.00783631 -0.00418613 0.00116753
-0.00418613 0 0.00298898
0.00116753 0.00298898 -0.0204753

0.00594611 0.00374507 -0.00338434
0.00374507 0.00154404 0.00390951
-0.00338434 0.00390951 -0.021173

0.00441242 -0.000219738 -5.87182e-05
-0.000219738 0.00439261 6.16937e-06
-5.87182e-05 6.16937e-06 -0.0118005

0.00425724 -0.000121474 -5.11993e-05
-0.000121474 0.00433051 -2.19076e-06
-5.11993e-05 -2.19076e-06 -0.0117008

0.00452446 5.66553e-05 1.56557e-05
5.66553e-05 0.0044596 0.000105844
1.56557e-05 0.000105844 -0.0119322

0.00449042 -3.5426e-06 -4.11775e-05
-3.5426e-06 0.00447872 9.62034e-05
-4.11775e-05 9.62034e-05 -0.0119613

0.00445019 -7.43943e-05 2.19459e-05
-7.43943e-05 0.00442714 6.35299e-05
2.19459e-05 6.35299e-05 -0.0117777

SCALARS relative_volume float
LOOKUP_TABLE default
0.996723
0.996694
0.996856
0.994116
0.996961
0.991984
0.996589
0.99665
0.992845
0.99502
0.996335
0.994575
0.99479
0.993816
0.989009
0.994161
0.996779
0.993539
0.996711
0.991238
0.995042
0.994374
0.996368
0.99655
0.990749
0.991113
0.993645
0.996631
0.996333
0.994545
0.978346
0.996635
0.991476
0.996836
0.993529
0.996709
0.992007
0.997009
0.996599
0.996186
0.993833
0.989457
0.996488
0.992396
0.990406
0.995665
0.991353
0.992273
0.99299
0.996198
0.996505
0.992961
0.996021
0.996307
0.995541
0.990111
0.995832
0.99525
0.994992
0.996939
0.996411
0.9964
0.99333
0.996602
0.996528
0.994257
0.995819
0.995744
0.996845
0.991139
0.996895
0.996652
0.993833
0.996118
0.996771
0.992095
0.996603
0.996161
0.994486
0.993505
0.993982
0.996828
0.99682
0.996657
0.993903
0.996364
0.99476
0.996777
0.9966
0.994893
0.994578
0.995354
0.996539
0.996355
0.996212
0.996644
0.996859
0.996809
0.99618
0.996805
0.996716
0.996687
0.993397
0.996741
0.992196
0.978777
0.9963
0.994544
0.996497
0.996839
0.996577
0.994345
0.986022
0.996451
0.996731
0.99673
0.99679
0.996681
0.996442
0.996958
0.996311
0.996842
0.995686
0.991493
0.996601
0.992352
0.98611
0.996794
0.996438
0.994433
0.996559
0.992079
0.996543
0.993222
0.996574
0.996694
0.992662
0.996854
0.995247
0.995621
0.994477
0.996383
0.996389
0.995868
0.994253
0.995072
0.996949
0.995922
0.995864
0.996783
0.992684
0.996129
0.996532
0.992502
0.996338
0.996285
0.992562
0.991903
0.994647
0.996416
0.997019
0.996796
0.994981
0.995661
0.995055
0.996279
0.996916
0.99701
0.993381
0.994541
0.996737
0.996759
0.99617
0.997037
0.993162
0.996503
0.996966
0.996975
0.995689
0.996296
0.996573
0.993603
0.995582
0.990736
0.996307
0.996852
0.996348
0.993605
0.996681
0.995817
0.99654
0.996737
0.994836
0.98655
0.996733
0.996129
0.996759
0.996548
0.996075
0.995791
0.996457
0.99711
0.994251
0.996719
0.996999
0.992855
0.991732
0.996327
0.99664
0.996485
0.996079
0.989898
0.99632
0.995869
0.996969
0.996787
0.996581
0.996425
0.992248
0.996314
0.996732
0.995953
0.996145
0.996457
0.995734
0.996565
0.993955
0.995963
0.996789
0.991674
0.995972
0.995713
0.996197
0.996746
0.996376
0.994748
0.996451
0.99568
0.9965
0.996642
0.996415
0.996742
0.996771
0.996355
0.996769
0.996509
0.996748
0.996848
0.996729
0.997059
0.996013
0.996711
0.996506
0.995474
0.996325
0.994667
0.995897
0.996163
0.980007
0.993545
0.996209
0.99552
0.996527
0.996443
0.993225
0.995974
0.980007
0.994955
0.996679
0.996365
0.994474
0.996176
0.996638
0.996815
0.995753
0.99617
0.996669
0.996403
0.996283
0.996295
0.987746
0.996254
0.982126
0.98636
0.989857
0.984429
0.977049
0.975334
0.976746
0.992126
0.992796
0.996645
0.980007
0.986967
0.991815
0.994043
0.977049
0.98535
0.989845
0.986254
0.986134
0.974193
0.97806
0.974193
0.996768
0.996512
0.990895
0.992064
0.991926
0.993495
0.992917
0.992949
0.992061
0.992804
0.991995
0.992999
0.996728
0.99365
0.996558
0.99293
0.992966
0.995364
0.993801
0.995722
0.992741
0.992604
0.993584
0.993585
0.994617
0.996817
0.98725
0.993752
0.993987
0.996637
0.996461
0.996817
0.994615
0.994205
0.994939
0.996817
0.995891
0.996676
0.994285
0.995039
0.994304
0.996387
0.990078
0.995248
0.996807
0.994744
0.994719
0.994035
0.994104
0.995638
0.995114
0.994971
0.995498
0.995044
0.995021
0.996289
0.996625
0.995176
0.996302
0.996294
0.995359
0.995529
0.995835
0.993637
0.993357
0.993529
0.995406
0.990171
0.995782
0.995642
0.996425
0.99644
0.996877
0.996499
0.993572
0.995363
0.992374
0.992524
0.995884
0.996006
0.995781
0.9955
0.996172
0.996872
0.996178
0.996138
0.996194
0.99342
0.996501
0.996498
0.996374
0.996734
0.996056
0.996415
0.996483
0.994949
0.995396
0.992545
0.996178
0.996593
0.996461
0.996147
0.996332
0.996901
0.996314
0.996481
0.996358
0.996464
0.996434
0.995667
0.996658
0.996344
0.996322
0.992815
0.993813
0.996176
0.994561
0.994941
0.996456
0.995552
0.996778
0.994858
0.996887
0.996578
0.996435
0.99646
0.996204
0.996416
0.996469
0.996487
0.994525
0.996192
0.996346
0.99646
0.99642
0.996465
0.996825
0.996555
0.996529
0.996406
0.996407
0.994768
0.996422
0.996704
0.996342
0.996475
0.996792
0.996747
0.996489
0.996602
0.996638
0.996656
0.996717
0.996832
0.996466
0.996315
0.996758
0.991802
0.996771
0.991772
0.996724
0.992257
0.992733
0.996562
0.996696
0.996841
0.996735
0.996694
0.99667
0.996304
0.996562
0.996717
0.996686
0.996773
0.996772
0.996574
0.99658
0.996721
0.996818
0.996726
0.99682
0.996682
0.996744
0.996687
0.995825
0.99677
0.996843
0.996868
0.996764
0.996733
0.996589
0.996753
0.996836
0.996819
0.996783
0.996766
0.996694
0.996789
0.99675
0.996659
0.99679
0.996824
0.996831
0.996822
0.9966
0.996763
0.996737
0.996834
0.996647
0.996794
0.996892
0.996781
0.996778
0.996952
0.996803
0.996898
0.996874
0.994279
0.996798
0.996626
0.997062
0.996792
0.99685
0.995736
0.996919
0.996932
0.996977
0.993073
0.996718
0.996765
0.996802
0.996936
0.995894
0.996645
0.996746
0.996882
0.996931
0.997025
0.995695
0.996983
0.996939
0.997045
0.997009
0.997064
0.996968
0.996946
0.996953
0.996964
0.996965
0.996989
0.997037
0.99694
0.997078
0.996954
0.99701
0.997025
0.997105
0.996853
0.996879
0.985126
0.984963
0.989636
0.986831
0.98526
0.987202
0.990611
0.994725
0.974544
0.993361
0.990666
0.974544
0.99238
0.9913
0.993082
0.979751
0.977516
0.992856
0.993391
0.993082
0.996866
0.992246
0.992199
0.994062
0.993522
0.996717
0.996765
0.996842
0.992844
0.993802
0.996801
0.996654
0.996772
0.996813
0.993532
0.993552
0.996503
0.996739
0.996991
0.995835
0.996874
0.996915
0.994428
0.995003
0.996716
0.996915
0.995192
0.994903
0.994241
0.996717
0.992972
0.996407
0.996673
0.996891
0.996882
0.996944
0.996835
0.995238
0.992521
0.996871
0.996649
0.995838
0.99624
0.996005
0.99592
0.996687
0.997011
0.996827
0.996713
0.996623
0.995856
0.995882
0.996632
0.99612
0.996344
0.992146
0.995584
0.996289
0.996276
0.996848
0.992735
0.986076
0.99177
0.991357
0.995836
0.990742
0.990783
0.996186
0.993002
0.996899
0.99669
0.996532
0.996563
0.993042
0.996501
0.996478
0.996775
0.996377
0.996448
0.990426
0.996749
0.996712
0.996709
0.99658
0.996635
0.984264
0.996637
0.995561
0.996789
0.995304
0.996739
0.996658
0.996249
0.995195
0.996841
0.996844
0.996807
0.995452
0.996515
0.996764
0.996779
0.996795
0.996787
0.996964
0.996941
0.996859
0.996814
0.99703
0.996654
0.996876
0.995809
0.993759
0.996929
0.997002
0.997089
0.996973
0.99694
0.99697
0.996914
0.997059
0.996887
0.996842
0.996871
0.996938
0.979751
0.981571
0.996382
0.996244
0.992358
0.993359
0.99354
0.995583
0.991906
0.994484
0.994201
0.996675
0.995392
0.995473
0.995491
0.994835
0.996897
0.995478
0.995504
0.995609
0.994933
0.996748
0.996443
0.997027
0.996686
0.996358
0.996876
0.979624
0.996689
0.996735
0.996781
0.996684
0.996898
0.99684
0.997007
0.996603
0.997021
0.993006
0.996712
0.996977
0.996922
0.996943
0.981393
0.971781
0.979751
0.99358
0.993837
0.99139
0.993692
0.993842
0.993896
0.994862
0.995075
0.995365
0.996819
0.996061
0.996059
0.996414
0.995908
0.99623
0.995833
0.993909
0.996961
0.994416
0.995374
0.996561
0.99487
0.996918
0.996741
0.996716
0.996784
0.996723
0.996524
0.993018
0.996823
0.996808
0.996904
0.997006
0.996825
0.996995
0.991352
0.993797
0.991592
0.99089
0.991848
0.971781
0.993621
0.994311
0.994025
0.994891
0.99512
0.994485
0.995514
0.9953
0.996762
0.995468
0.995249
0.996035
0.996166
0.996882
0.992974
0.996341
0.996372
0.996283
0.996201
0.996347
0.996437
0.996513
0.996177
0.996481
0.996625
0.996509
0.996536
0.996549
0.996651
0.996678
0.996722
0.996741
0.996758
0.996651
0.996725
0.996986
0.992721
0.994606
0.996884
0.996867
0.996787
0.997125
0.996942
0.996985
0.980347
0.996598
0.980562
0.978777
0.996038
0.993826
0.99386
0.993863
0.996408
0.99429
0.9968
0.995303
0.995379
0.992658
0.995324
0.996281
0.996286
0.995702
0.995487
0.99491
0.996339
0.996386
0.992642
0.996782
0.996777
0.996855
0.992255
0.996618
0.996667
0.996617
0.996728
0.996693
0.996281
0.996903
0.996923
0.996898
0.99688
0.990125
0.97787
0.99389
0.992285
0.9939
0.994454
0.994993
0.996135
0.995393
0.995938
0.996321
0.996789
0.995886
0.996128
0.99484
0.996997
0.996672
0.996525
0.996189
0.996865
0.997059
0.996913
0.996957
0.997033
0.997143
0.996352
0.996901
0.994786
0.985264
0.979052
0.987729
0.979052
0.996847
0.99426
0.996863
0.992431
0.993647
0.996315
0.994407
0.996331
0.993436
0.996829
0.996778
0.994249
0.9944
0.99673
0.994773
0.996919
0.995467
0.99498
0.99565
0.995414
0.995874
0.9962
0.99612
0.995915
0.995816
0.995972
0.995849
0.996515
0.996477
0.996203
0.996334
0.99641
0.996316
0.996256
0.996407
0.996487
0.996434
0.996521
0.996428
0.996588
0.996455
0.996631
0.996395
0.996478
0.996653
0.996588
0.996595
0.996667
0.996626
0.996851
0.996842
0.996796
0.996781
0.996839
0.996809
0.996817
0.993277
0.996351
0.996906
0.996861
0.996773
0.996863
0.996652
0.996666
0.994054
0.993362
0.992986
0.992682
0.986967
0.996162
0.992827
0.996424
0.99687
0.996792
0.995332
0.996772
0.995771
0.996429
0.994622
0.996798
0.99119
0.996158
0.995705
0.996291
0.989876
0.996182
0.991536
0.993475
0.996242
0.993634
0.993242
0.996554
0.996983
0.99631
0.996795
0.993276
0.996837
0.995063
0.992731
0.996085
0.996765
0.996099
0.994766
0.996655
0.995515
0.991698
0.990318
0.996613
0.996789
0.993773
0.992918
0.995491
0.99364
0.996024
0.995739
0.996452
0.993772
0.990642
0.995285
0.995782
0.996421
0.996263
0.996175
0.996863
0.996765
0.996529
0.996796
0.996558
0.996649
0.995925
0.99671
0.996828
0.995209
0.996805
0.996435
0.996791
0.995324
0.996396
0.996156
0.995092
0.996432
0.99638
0.994604
0.985105
0.996575
0.996927
0.979052
0.996998
0.98858
0.996907
0.996854
0.996419
0.996492
0.996748
0.995681
0.990915
0.996599
0.996718
0.996736
0.995157
0.99703
0.996626
0.996697
0.996808
0.996561
0.996948
0.996712
0.992481
0.995879
0.996684
0.996102
0.99537
0.996846
0.996393
0.989711
0.996419
0.994726
0.99606
0.991053
0.994872
0.996363
0.993244
0.994643
0.996106
0.996146
0.995237
0.996587
0.988546
0.988167
0.99633
0.99099
0.996903
0.994457
0.995832
0.990226
0.996795
0.996458
0.99519
0.981756
0.993508
0.991449
0.995068
0.988472
0.99549
0.987027
0.994741
0.986504
0.994075
0.997
0.997056
0.993826
0.992044
0.987638
0.996795
0.997082
0.996897
0.99673
0.997128
0.997075
0.996658
0.991993
0.996622
0.994612
0.99705
0.993044
0.988383
0.996813
0.986587
0.99683
0.995372
0.995858
0.99682
0.996917
0.995907
0.996656
0.996971
0.996322
0.996208
0.99649
0.997078
0.996605
0.99672
0.996824
0.996689
0.996944
0.996948
0.996772
0.996837
0.996644
0.99699
0.996912
0.996845
0.995494
0.996756
0.992295
0.99686
0.995033
0.996676
0.996632
0.996913
0.99671
0.996828
0.996856
0.996959
0.996899
0.996796
0.996817
0.996976
0.996781
0.995435
0.99678
0.994266
0.997288
0.995968
0.996856
0.99646
0.996907
0.99647
0.996867
0.995616
0.996816
0.996718
0.993893
0.996925
0.996953
0.996826
0.996741
0.996735
0.995518
0.996163
0.996812
0.997092
0.996894
0.996855
0.996358
0.996605
0.996781
0.996756
0.996861
0.996934
0.997063
0.997129
0.996611
0.996604
0.996396
0.996743
0.99672
0.996711
0.996807
0.996728
0.996572
0.996584
0.99681
0.996662
0.994442
0.99365
0.99669
0.996948
0.997056
0.99467
0.995369
0.994815
0.99495
0.992779
0.97787
0.985071
0.995481
0.988734
0.989589
0.99256
0.994469
0.996614
0.988366
0.996538
0.996902
0.996948
0.996335
0.996743
0.991834
0.99166
0.996875
0.99255
0.996896
0.996804
0.996831
0.992972
0.996732
0.996904
0.996758
0.996765
0.993862
0.993369
0.996705
0.996616
0.996677
0.996817
0.996921
0.994358
0.993229
0.997116
0.996099
0.991965
0.99581
0.995944
0.994907
0.996933
0.996029
0.996361
0.99484
0.995592
0.994372
0.991633
0.994743
0.995083
0.995132
0.9953
0.995297
0.996954
0.99549
0.992863
0.996789
0.996722
0.996174
0.994451
0.995956
0.996491
0.995934
0.996005
0.996296
0.995004
0.996381
0.9947
0.993456
0.996561
0.99585
0.994935
0.992446
0.996768
0.996423
0.995051
0.996048
0.996475
0.988416
0.993794
0.996002
0.992872
0.996704
0.99432
0.993296
0.979624
0.996719
0.996739
0.996023
0.997055
0.996741
0.996591
0.996456
0.996722
0.99641
0.996355
0.985995
0.979624
0.996416
0.996841
0.995372
0.986031
0.996424
0.996551
0.99652
0.996149
0.996642
0.996663
0.996745
0.994264
0.996338
0.996806
0.992828
0.996844
0.996618
0.99673
0.996646
0.995053
0.996578
0.996653
0.996846
0.991711
0.996688
0.996876
0.996693
0.996687
0.996697
0.996704
0.996723
0.995795
0.993494
0.996361
0.996911
0.996321
0.996823
0.996857
0.996861
0.996849
0.996873
0.996914
0.996856
0.996789
0.995626
0.996723
0.996981
0.996548
0.993471
0.991694
0.996881
0.997092
0.996889
0.996728
0.996999
0.995977
0.996896
0.99691
0.99675
0.996901
0.992206
0.992521
0.996725
0.994306
0.994858
0.996815
0.995011
0.996726
0.99419
0.996758
0.996606
0.996658
0.99692
0.996404
0.992584
0.988512
0.992519
0.99044
0.990449
0.991622
0.996586
0.994944
0.99232
0.995466
0.99617
0.996429
0.992154
0.99364
0.99303
0.996616
0.996471
0.996751
0.99458
0.996886
0.996872
0.996695
0.996897
0.996418
0.98963
0.996124
0.995771
0.996885
0.994727
0.995347
0.997021
0.997018
0.996952
0.995929
0.996603
0.996726
0.996945
0.996479
0.995812
0.996633
0.996513
0.993005
0.996971
0.99564
0.996873
0.9916
0.996822
0.996821
0.996989
0.996733
0.996966
0.996421
0.996949
0.996873
0.996812
0.995642
0.996471
0.996262
0.99593
0.996723
0.996579
0.996906
0.996855
0.996526
0.996911
0.996819
0.996694
0.99429
0.99681
0.996867
0.994312
0.996594
0.996815
0.996902
0.996807
0.99279
0.992418
0.996908
0.99715
0.996919
0.996722
0.997005
0.996732
0.996961
0.997036
0.996682
0.995201
0.996851
0.996736
0.997102
0.991666
0.996661
0.988876
0.993903
0.99299
0.997096
0.992542
0.99438
0.994593
0.994108
0.996134
0.996668
0.996325
0.995999
0.995165
0.996296
0.996857
0.995227
0.995438
0.994733
0.994214
0.996621
0.996773
0.996858
0.996799
0.997021
0.991772
0.99695
0.997018
0.994506
0.996984
0.991204
0.993708
0.993968
0.995103
0.994273
0.996813
0.995866
0.996148
0.996095
0.996948
0.996184
0.99626
0.99617
0.99661
0.997151
0.994954
0.996769
0.987826
0.992027
0.99688
0.993297
0.995619
0.996307
0.993082
0.997027
0.996808
0.996842
0.996857
0.994741
0.996806
0.996246
0.995984
0.996707
0.996238
0.996456
0.996226
0.996429
0.996273
0.996462
0.996788
0.996934
0.996786
0.996707
0.996625
0.996615
0.994232
0.995986
0.996495
0.996165
0.993674
0.996491
0.996746
0.996407
0.996853
0.994333
0.996751
0.986776
0.985577
0.996775
0.996134
0.996655
0.996464
0.996375
0.996409
0.996004
0.992393
0.996901
0.996585
0.99352
0.996715
0.996889
0.996596
0.996461
0.996706
0.996706
0.992862
0.9968
0.996413
0.996883
0.995564
0.996558
0.996796
0.996778
0.996457
0.995945
0.996597
0.996008
0.996565
0.996822
0.996898
0.997043
0.996737
0.986866
0.992761
0.994272
0.996669
0.996538
0.996858
0.997119
0.996519
0.993105
0.994436
0.995266
0.996021
0.995391
0.995084
0.995316
0.996173
0.996372
0.995932
0.99613
0.995859
0.996126
0.996271
0.99643
0.996555
0.996454
0.994847
0.995447
0.996461
0.996211
0.996922
0.996906
0.996571
0.996875
0.996719
0.996875
0.994789
0.996444
0.996805
0.995307
0.99585
0.997
0.989843
0.987801
0.996085
0.996234
0.996862
0.996601
0.98777
0.994522
0.995083
0.996765
0.996494
0.995471
0.992413
0.996382
0.9969
0.995366
0.995352
0.996446
0.995306
0.996443
0.991998
0.996366
0.995489
0.996684
0.995407
0.995513
0.996939
0.996894
0.99698
0.994574
0.996738
0.996586
0.996197
0.994518
0.9923
0.996234
0.994324
0.993742
0.996692
0.996537
0.994655
0.99591
0.996749
0.995142
0.99656
0.993961
0.993755
0.996988
0.996568
0.996808
0.996929
0.995371
0.994678
0.996563
0.996485
0.996569
0.996786
0.995299
0.996919
0.992753
0.99662
0.996707
0.996699
0.996614
0.996674
0.996571
0.993001
0.996668
0.994892
0.996839
0.993257
0.996043
0.992709
0.995239
0.995307
0.996554
0.997051
0.994524
0.99354
0.996969
0.99447
0.996485
0.995522
0.995953
0.996794
0.996731
0.996683
0.996805
0.996833
0.996848
0.996782
0.996767
0.996685
0.994647
0.996497
0.993755
0.99406
0.996386
0.996172
0.9952
0.996938
0.996853
0.988888
0.996937
0.996784
0.994722
0.995575
0.996337
0.996312
0.994024
0.996584
0.996829
0.996671
0.996544
0.996773
0.996741
0.988982
0.996716
0.996931
0.996558
0.996607
0.992229
0.996842
0.991873
0.995111
0.997047
0.995575
0.996437
0.993136
0.988493
0.995936
0.996459
0.996766
0.996934
0.992578
0.995189
0.996754
0.990665
0.99679
0.996842
0.994035
0.996524
0.996516
0.99616
0.996738
0.99666
0.993163
0.996609
0.996386
0.993869
0.994297
0.996745
0.996412
0.992911
0.996779
0.996564
0.996304
0.996767
0.99669
0.996806
0.996902
0.996968
0.996605
0.995886
0.997001
0.996291
0.996216
0.996673
0.996369
0.996879
0.996997
0.996594
0.994889
0.994625
0.996499
0.995755
0.996765
0.996848
0.996115
0.996627
0.997079
0.99566
0.994676
0.997006
0.996863
0.996656
0.996704
0.99674
0.995025
0.996433
0.996084
0.996348
0.996841
0.996504
0.996811
0.997028
0.996779
0.996019
0.996159
0.995756
0.996431
0.996073
0.997104
0.996763
0.996708
0.996893
0.996961
0.995048
0.996728
0.996732
0.996565
0.996784
0.995998
0.992016
0.996189
0.996917
0.991615
0.994282
0.996534
0.996013
0.996262
0.993522
0.994875
0.993195
0.996003
0.996918
0.996859
0.997061
0.996671
0.995111
0.993087
0.995541
0.996089
0.996147
0.996621
0.996443
0.99365
0.99696
0.996614
0.995964
0.997002
0.994718
0.996724
0.996568
0.996816
0.983634
0.992785
0.991179
0.992716
0.994509
0.99368
0.992532
0.997008
0.996833
0.996906
0.996813
0.993742
0.996812
0.992334
0.996864
0.995104
0.99639
0.99671
0.996709
0.995265
0.996487
0.99587
0.996751
0.990456
0.992803
0.996617
0.994945
0.996851
0.996862
0.996343
0.996765
0.996846
0.996917
0.996396
0.996679
0.993089
0.997199
0.99458
0.992909
0.990942
0.996837
0.996299
0.996401
0.993566
0.99674
0.995272
0.996962
0.99325
0.992755
0.9968
0.995995
0.996721
0.992952
0.993027
0.995041
0.99072
0.996795
0.996391
0.996126
0.996884
0.994615
0.99378
0.996024
0.991956
0.996818
0.996006
0.994606
0.99593
0.99198
0.994225
0.994321
0.996515
0.996188
0.996435
0.995898
0.994343
0.996724
0.995904
0.994759
0.996762
0.996833
0.993885
0.994937
0.995657
0.993542
0.992221
0.995904
0.996542
0.996585
0.995496
0.995311
0.996684
0.9939
0.996825
0.996679
0.994168
0.995683
0.994482
0.996483
0.99637
0.996267
0.996661
0.99632
0.996217
0.987655
0.994278
0.996207
0.996368
0.995356
0.996111
0.996658
0.996835
0.996469
0.996138
0.996758
0.996754
0.995977
0.996362
0.996594
0.99646
0.993676
0.992833
0.992719
0.996307
0.992514
0.996314
0.996848
0.995629
0.99596
0.996769
0.996227
0.996564
0.994313
0.99656
0.995575
0.992833
0.996457
0.996783
0.99666
0.996701
0.996636
0.99676
0.996654
0.996881
0.992648
0.996895
0.995772
0.993107
0.99698
0.996578
0.9969
0.996884
0.992399
0.996881
0.996874
0.996803
0.996732
0.996676
0.995951
0.997076
0.996685
0.992971
0.996656
0.996948
0.996722
0.996714
0.994391
0.996773
0.992691
0.995619
0.996871
0.994255
0.996728
0.978697
0.996399
0.996434
0.994259
0.989874
0.987188
0.996693
0.996316
0.99531
0.996662
0.996772
0.996828
0.995711
0.996803
0.996906
0.995246
0.996321
0.994866
0.995273
0.99471
0.992398
0.994035
0.990346
0.996662
0.996844
0.996866
0.993513
0.996417
0.996668
0.995441
0.995005
0.996527
0.99128
0.996713
0.995717
0.996306
0.99651
0.990985
0.996695
0.996703
0.996685
0.996845
0.996688
0.996712
0.996624
0.993245
0.996776
0.996843
0.996905
0.996717
0.996826
0.996929
0.996903
0.996728
0.99159
0.996894
0.993378
0.995624
0.994311
0.996474
0.995839
0.996323
0.996628
0.996238
0.995623
0.995314
0.996821
0.99661
0.996793
0.992256
0.996862
0.996663
0.995692
0.996048
0.995184
0.996356
0.995077
0.997036
0.993798
0.996377
0.995913
0.995714
0.996142
0.995802
0.995756
0.996677
0.996533
0.994376
0.996539
0.996724
0.996863
0.996627
0.995901
0.996778
0.996513
0.995042
0.996104
0.995739
0.996731
0.995627
0.995871
0.995039
0.996864
0.99358
0.995857
0.9967
0.996847
0.996506
0.996686
0.99477
0.996501
0.996295
0.996783
0.997035
0.996217
0.996634
0.996904
0.993266
0.994912
0.996034
0.995537
0.996265
0.995575
0.996555
0.995863
0.996637
0.996686
0.996516
0.995946
0.996349
0.996482
0.996647
0.996707
0.996772
0.995826
0.99135
0.995788
0.996133
0.995496
0.996674
0.996787
0.996189
0.996448
0.994314
0.995417
0.99656
0.996403
0.994526
0.996479
0.994351
0.996773
0.99606
0.996913
0.993701
0.995485
0.995907
0.993821
0.990232
0.996576
0.996827
0.992949
0.996674
0.994437
0.994287
0.996991
0.996084
0.9969
0.996878
0.996779
0.996806
0.993297
0.991947
0.996851
0.993776
0.99663
0.996572
0.996527
0.996672
0.994137
0.996679
0.996576
0.995062
0.996866
0.995504
0.996546
0.996539
0.996921
0.995091
0.996534
0.996623
0.99416
0.994997
0.996669
0.996566
0.99642
0.996796
0.996891
0.996646
0.996782
0.996908
0.993381
0.988375
0.996789
0.99667
0.996611
0.99651
0.996711
0.996764
0.996918
0.996027
0.991993
0.996569
0.996874
0.99678
0.995952
0.996631
0.995955
0.996648
0.989956
0.996287
0.996316
0.996717
0.993291
0.996747
0.994621
0.995059
0.992461
0.996208
0.992184
0.992459
0.996494
0.996758
0.994901
0.992912
0.993712
0.991591
0.996626
0.987059
0.99441
0.996608
0.992857
0.995033
0.991731
0.996901
0.99682
0.995849
0.996998
0.996092
0.995265
0.995116
0.99676
0.989133
0.994285
0.997161
0.997045
0.99661
0.996685
0.990359
0.996367
0.996502
0.996757
0.996531
0.996831
0.996605
0.996649
0.993428
0.994084
0.996576
0.993414
0.993268
0.99156
0.991992
0.992627
0.993607
0.993458
0.994809
0.9929
0.993392
0.993863
0.993808
0.993216
0.994517
0.989823
0.994866
0.994679
0.993981
0.993801
0.994329
0.994258
0.994453
0.995654
0.992814
0.994664
0.995523
0.996113
0.995923
0.995506
0.996226
0.996322
0.995996
0.996012
0.996417
0.996279
0.996072
0.996397
0.995752
0.996214
0.996452
0.996478
0.996418
0.996668
0.996479
0.996553
0.996637
0.996654
0.996908
0.996932
0.996588
0.995638
0.995769
0.99409
0.994897
0.995684
0.996808
0.994915
0.994556
0.995727
0.993761
0.996339
0.992747
0.995571
0.995492
0.994289
0.995955
0.996951
0.995827
0.993659
0.996864
0.99493
0.997
0.996394
0.996739
0.994262
0.996764
0.995675
0.996272
0.996271
0.996432
0.996975
0.997095
0.995654
0.994116
0.99251
0.995539
0.996994
0.995851
0.99567
0.996559
0.996296
0.996288
0.995909
0.996312
0.995427
0.996546
0.996675
0.996967
0.997032
0.996654
0.996899
0.995888
0.989669
0.99687
0.996056
0.996406
0.996775
0.99495
0.994935
0.996408
0.9964
0.996289
0.996967
0.996285
0.995787
0.995667
0.994466
0.995678
0.99517
0.995187
0.995825
0.996096
0.994465
0.996117
0.996405
0.996318
0.99037
0.99641
0.99679
0.996638
0.996723
0.995431
0.996126
0.99553
0.99472
0.995391
0.996768
0.996617
0.997133
0.993886
0.993963
0.997147
0.994184
0.994312
0.994102
0.993155
0.995457
0.993187
0.996873
0.996809
0.996823
0.996909
0.996775
0.996904
0.996821
0.997143
0.996835
0.996617
0.996768
0.996698
0.996678
0.996853
0.994833
0.978697
0.986227
0.99258
0.991201
0.9869
0.985836
0.996829
0.996717
0.996872
0.996827
0.996924
VECTORS fiber_vector float
5.04819e-05 0.000575089 1
-0.000130815 0.000795876 1
-0.000241718 -0.000323088 1
-0.00156415 0.00179212 0.999997
-2.63672e-05 0.000522454 1
0.000913326 0.00122091 0.999999
8.28618e-05 -3.1748e-06 1
-0.000170318 -0.000211211 1
0.00262989 0.00026645 0.999996
-5.28987e-05 0.0012775 0.999999
-6.10169e-05 -0.000153248 1
-0.00137275 0.000871351 0.999999
-0.00208716 4.0563e-06 0.999998
-0.000809726 -0.000486955 1
0.00367274 0.000315986 0.999993
-0.00155698 0.00173041 0.999997
-0.000237553 -0.000463891 1
-0.000725876 -0.00122641 0.999999
-0.000142893 -0.000491939 1
0.000938756 0.00114956 0.999999
-0.000211052 0.00113425 0.999999
-0.00137701 0.000861455 0.999999
0.000614232 -0.000224968 1
-0.000415595 -0.00049204 1
0.00145789 0.00226539 0.999996
0.0013442 0.00253955 0.999996
-0.00152104 0.00166206 0.999997
9.66289e-05 0.000641393 1
-0.000305961 0.000529294 1
-0.00136019 0.000895941 0.999999
0.00476255 -0.00371754 0.999982
0.000220378 0.000514214 1
-0.00109655 0.00221486 0.999997
0.000316315 0.000568291 1
0.00307136 0.000518157 0.999995
0.000345792 0.000592081 1
-0.00477921 0.00272022 0.999985
0.000264892 -0.000390751 1
-5.05935e-05 0.000119946 1
-0.00206031 -0.000202558 0.999998
-0.00100543 0.00040216 0.999999
0.00349715 0.000482692 0.999994
-0.000929207 8.52012e-05 1
0.00034412 -0.00102812 0.999999
0.000141945 -0.000707909 1
-0.00204876 -0.000179108 0.999998
-0.00577088 0.00550617 0.999968
5.58226e-05 -0.00138993 0.999999
0.00351076 0.00081888 0.999994
-0.000545879 0.000526014 1
-0.000593344 0.000912898 0.999999
-0.00070146 -0.00124487 0.999999
-0.000102661 -0.000268979 1
-0.00107544 0.00058041 0.999999
-0.00020686 0.0016687 0.999999
0.000443359 0.00294118 0.999996
-0.000764039 0.00091969 0.999999
-0.000251378 0.000278725 1
0.000171074 -0.00187925 0.999998
0.000368394 0.000638859 1
-0.000320691 4.72918e-05 1
0.000374222 -0.000268005 1
-0.000735203 -0.00126024 0.999999
-0.000495906 -0.00035722 1
-0.000165548 -0.000190584 1
-3.30974e-05 -0.000453713 1
-0.00148496 0.000713033 0.999999
-0.00150302 0.000724026 0.999999
5.14687e-05 5.74245e-05 1
0.00136321 0.00307537 0.999994
0.000129988 0.000197754 1
0.000116699 -0.000229493 1
-0.000683542 -0.00186827 0.999998
0.000822046 0.000733977 0.999999
0.000143033 7.29107e-05 1
0.00209648 0.00339237 0.999992
-0.000226532 -0.000483094 1
0.000886551 0.000862116 0.999999
0.000332196 -0.00250123 0.999997
0.000586643 -0.000784107 1
0.000162253 -0.000685634 1
0.000138847 6.78896e-05 1
0.000161573 -0.000550413 1
-9.89308e-06 7.61287e-05 1
0.000101233 -0.000509656 1
-0.000800517 0.00120815 0.999999
-0.000304356 -0.00178007 0.999998
-0.00089654 6.44817e-05 1
7.6748e-05 0.000215656 1
-0.000194364 0.00170497 0.999999
-9.98457e-05 -0.000528284 1
8.82405e-05 0.000546972 1
-8.74968e-05 -0.000394508 1
-0.000579016 0.000944899 0.999999
-6.89409e-05 -0.000151033 1
-0.000435154 0.00146119 0.999999
4.54524e-05 -0.00036213 1
-0.000639744 0.000175132 1
-0.000355712 0.00158391 0.999999
0.000850343 0.000123388 1
-0.000243337 -0.000648586 1
-0.000909046 7.67399e-05 1
0.000630638 -0.000745502 1
-0.00021485 -0.000523135 1
-0.000452463 0.000227881 1
-0.00225974 -0.00594628 0.99998
-0.00022101 0.000148264 1
-0.00075992 -0.0010498 0.999999
-0.000472138 0.000990881 0.999999
-0.000326846 3.82081e-06 1
-0.00034717 -0.000180813 1
-0.000237214 7.76011e-05 1
-0.013246 -0.0116451 0.999844
-5.11047e-05 -0.000134574 1
-0.000333427 4.05401e-06 1
-0.000257799 -0.000626515 1
-0.000327858 -0.000473631 1
3.37484e-05 0.000184131 1
-0.0007922 0.0011954 0.999999
8.35086e-05 0.000162377 1
-2.18698e-05 -0.000117517 1
0.00139545 0.000454158 0.999999
-0.000740479 -0.000712514 0.999999
-0.000647206 0.0031021 0.999995
-0.000129084 -1.18078e-05 1
-0.000149243 -0.000674092 1
-0.0128618 -0.0114458 0.999852
-0.000317086 -0.000487294 1
-0.000331493 -3.64718e-05 1
0.000155785 -0.000723057 1
3.17566e-05 9.81117e-05 1
-0.000473333 0.00301377 0.999995
0.000285551 -0.000216757 1
-0.000811121 3.40659e-06 1
0.000124342 -0.000348604 1
-0.000327416 -0.000492306 1
-0.000207154 -0.000334694 1
7.82202e-05 0.000256381 1
-0.000160473 0.00153997 0.999999
0.00064772 0.000923559 0.999999
-0.000634989 -0.00121614 0.999999
-5.04957e-05 -0.000301216 1
-0.000195329 -5.32779e-05 1
-0.000771353 -0.000781173 0.999999
-0.000721051 -0.000996819 0.999999
-0.00127973 -0.000434887 0.999999
0.000562402 -4.76773e-05 1
0.00122749 0.000976661 0.999999
-0.000723649 -0.000200703 1
0.000103573 7.17503e-05 1
-0.000294036 -0.000510962 1
0.00121629 0.00101116 0.999999
-0.000205286 0.000129067 1
-0.000147293 -0.000839731 1
-0.000300584 -0.00108055 0.999999
-0.000306711 -0.00107248 0.999999
8.616e-05 -0.000396553 1
-0.000385359 0.000789757 1
-2.23397e-05 -0.000537674 1
-0.00105102 0.00134098 0.999999
7.85792e-05 0.000249999 1
4.98919e-05 1.26386e-05 1
-0.000797076 -0.000339057 1
0.00117842 0.000792297 0.999999
0.00115996 0.000910238 0.999999
-0.00170073 -2.58776e-05 0.999999
5.40227e-05 -0.000109867 1
0.000286465 0.000452992 1
0.000828612 -0.001181 0.999999
0.000731883 0.00149182 0.999999
0.00113295 -5.85083e-05 0.999999
0.00015438 -4.61245e-05 1
-0.000288435 -0.00104221 0.999999
0.000528565 -0.000229512 1
0.000578707 0.00149813 0.999999
-0.00156524 0.000927541 0.999998
0.000143862 0.000156272 1
0.000347902 -0.000366659 1
0.00148268 -0.000594361 0.999999
0.00151238 -0.000577347 0.999999
0.000137926 0.000212386 1
-0.000690337 -0.000306429 1
0.000964687 -0.000203096 1
0.00337857 0.00240025 0.999991
-0.00010111 -0.00024639 1
0.000352373 -0.000378578 1
0.000871243 -6.45715e-05 1
0.000774456 0.00156762 0.999998
0.000178588 0.00165335 0.999999
0.00159551 0.000253899 0.999999
0.00186694 0.000185002 0.999998
2.96883e-05 -0.000397573 1
0.000903124 0.00155771 0.999998
0.000108561 -0.00519466 0.999987
9.75292e-05 0.000172591 1
0.00200926 -8.90178e-05 0.999998
0.000442295 -0.000698265 1
0.000130984 0.000226432 1
-0.000289385 -0.00103903 0.999999
0.00156484 0.000164599 0.999999
-0.00170225 -2.67234e-05 0.999999
0.000257856 -0.000250099 1
0.00161 -0.00176781 0.999997
0.00012227 0.000204539 1
-0.000671964 0.000227232 1
0.000120985 0.000247147 1
-0.000261045 0.000740307 1
-0.000366216 0.000981714 0.999999
5.40321e-05 -4.25898e-05 1
0.000894943 0.000230507 1
-0.00195918 -0.00090104 0.999998
0.000591431 0.00302515 0.999995
-0.00138021 0.000915394 0.999999
0.00216839 6.12545e-05 0.999998
0.000262075 -0.00025955 1
-2.4875e-05 9.26152e-05 1
-5.0594e-05 0.000120197 1
-0.000360967 0.000983922 0.999999
-5.24971e-05 -4.85842e-05 1
-0.000295618 0.000531477 1
-0.000582957 0.000253322 1
0.000523801 0.000319788 1
-0.00168274 -0.000178752 0.999999
-0.00021438 0.00102339 0.999999
0.000479569 0.00152434 0.999999
-0.000526423 0.000142107 1
-0.000664619 0.00043543 1
-0.000204358 0.000784348 1
-0.000498936 0.000309227 1
0.000362271 -0.00129152 0.999999
-0.00205596 -0.000200318 0.999998
0.00116957 0.00134145 0.999998
0.00130065 3.6868e-05 0.999999
-1.73338e-05 0.00042788 1
-5.61541e-05 -0.000164757 1
-0.000444903 -0.000222899 1
-0.000351471 -0.00183555 0.999998
0.00181855 0.000541599 0.999998
1.70353e-05 0.000249338 1
5.59439e-05 0.000256804 1
-6.34965e-05 0.000909105 1
-0.000147056 0.00028113 1
0.0001022 0.000192989 1
0.00217362 0.000123555 0.999998
0.00031578 0.000114865 1
0.00131096 1.76394e-05 0.999999
-3.03192e-05 0.000345456 1
-0.000602231 0.000184143 1
0.000491109 0.000426447 1
-6.122e-05 -0.000242365 1
0.00183373 0.000185692 0.999998
0.000105667 0.000186572 1
0.000132562 0.000458909 1
-0.000180459 -0.000370645 1
-0.000351771 -0.00170616 0.999999
-2.41478e-05 -0.000538408 1
0.00214362 0.000139584 0.999998
-0.00171225 -0.00017575 0.999999
0.00410271 0.00247865 0.999988
-0.000657071 -0.00134102 0.999999
-0.000351727 -0.00173897 0.999998
0.00200053 0.000107322 0.999998
-0.000574706 -0.000399885 1
-0.000280087 4.68098e-05 1
6.78245e-05 -0.000685533 1
0.00104057 0.000524195 0.999999
0.00410271 0.00247865 0.999988
-0.00142707 -0.000637883 0.999999
-0.000363634 -0.000792016 1
0.00130674 0.00101752 0.999999
-0.00101584 -0.000564795 0.999999
0.0013035 0.00101803 0.999999
-0.000155371 -0.000212061 1
0.000287582 0.000430828 1
-0.000312888 -0.000183599 1
-0.000748268 -0.000877069 0.999999
0.000318495 0.000113916 1
-0.000515157 -0.000503928 1
-0.00195073 -0.000858496 0.999998
-0.000572189 -0.000406402 1
-0.0062053 0.000358924 0.999981
-0.000542625 -0.000452755 1
-0.0179429 -0.00709981 0.999814
-0.00628827 -0.00379283 0.999973
-0.00624357 -0.00388273 0.999973
-0.0177538 -0.00732456 0.999816
-0.0224492 0.00071419 0.999748
-0.013246 -0.0116451 0.999844
-0.0178099 -0.00722851 0.999815
-0.00478648 -0.00606479 0.99997
-0.00469836 -0.00587426 0.999972
-6.37264e-05 -0.000259606 1
0.00410271 0.00247865 0.999988
0.0073937 0.00116111 0.999972
-0.00349491 -0.00920612 0.999952
-0.00358254 -0.00910522 0.999952
-0.0224492 0.00071419 0.999748
-0.0177014 0.00796432 0.999812
-0.00560705 0.00534776 0.99997
-0.00573985 0.00529562 0.999969
-0.0178665 0.0076984 0.999811
-0.0140255 0.0140505 0.999803
-0.017758 0.00787782 0.999811
-0.0140255 0.0140505 0.999803
6.59531e-06 -0.00037282 1
-0.0004588 0.00037944 1
-0.0074277 0.0170914 0.999826
-0.00740401 0.0170481 0.999827
-0.00252666 0.00735502 0.99997
-0.00252759 0.00728935 0.99997
-0.000848876 -0.00191524 0.999998
-0.000917516 -0.002137 0.999997
-0.000457443 -0.00085663 1
-0.00140949 -0.000726301 0.999999
0.00531281 -0.00589909 0.999968
-0.000150092 0.000565912 1
0.000344057 0.000177216 1
0.0013486 0.000411511 0.999999
-0.000577902 8.50543e-05 1
-0.000130088 0.00109126 0.999999
-0.000116078 0.00107549 0.999999
0.000559675 0.00100708 0.999999
0.000116969 -0.000853531 1
-0.000323943 -0.000262986 1
-0.000969594 -0.000935807 0.999999
-0.000936812 -0.000940373 0.999999
0.000194969 0.00177777 0.999998
0.000417184 0.000804024 1
-0.00203206 0.000660934 0.999998
0.000110305 -0.000514855 1
0.00493873 -0.00537223 0.999973
-0.0010742 0.00207999 0.999997
-0.000120026 -0.00078675 1
0.000123655 -0.000517897 1
-0.000364063 -0.00114599 0.999999
-0.000226472 -0.000553665 1
0.00137239 0.00148577 0.999998
0.000466965 0.0014435 0.999999
-0.00205859 0.000678368 0.999998
-0.000775884 9.98407e-05 1
-0.00175245 -4.79948e-05 0.999998
-2.25241e-05 -0.000439872 1
0.00143889 -0.001818 0.999997
0.00125705 -0.00130484 0.999998
0.00144468 -0.00181967 0.999997
-0.000803882 0.00116124 0.999999
0.0025685 0.00281183 0.999993
0.0021786 0.00131562 0.999997
-1.80362e-05 -0.000545528 1
0.00123566 0.00179229 0.999998
0.00123483 0.00182813 0.999998
0.000990819 0.00228323 0.999997
0.000990045 0.00228031 0.999997
0.000619714 0.00125554 0.999999
0.000528469 0.000549477 1
-0.000437526 -0.0019469 0.999998
-0.000763444 -0.000150245 1
0.00126301 -0.00130702 0.999998
0.00153859 -0.00234257 0.999996
-0.000364402 -0.0011811 0.999999
4.61968e-05 -0.000455687 1
0.00153732 -0.00234243 0.999996
-0.000205724 0.00101326 0.999999
0.000665634 0.000883984 0.999999
0.000738105 0.000275244 1
0.00116192 0.00102581 0.999999
0.00182104 4.78526e-05 0.999998
0.000159413 0.00189285 0.999998
-0.000497029 0.00132715 0.999999
-0.000486331 0.00134085 0.999999
0.001694 -0.000715558 0.999998
4.72301e-05 0.00131429 0.999999
0.000780801 -0.00100084 0.999999
0.000782063 -0.00100116 0.999999
0.00205855 0.000949075 0.999997
0.00205528 0.000947681 0.999997
4.57781e-05 -0.000478783 1
-0.000353109 -0.0018497 0.999998
0.000200631 0.00192411 0.999998
0.00105132 0.00188688 0.999998
0.00186359 -0.000286442 0.999998
0.00185806 2.07341e-05 0.999998
0.00218972 -0.000686663 0.999997
0.00221077 -0.000690705 0.999997
0.00193249 -0.00121381 0.999997
0.000503681 -0.00155926 0.999999
0.00193811 -0.00119925 0.999997
0.00162644 -0.00168055 0.999997
0.00119304 -0.000796992 0.999999
0.00103015 0.00101149 0.999999
0.00181976 0.000793008 0.999998
-2.20491e-05 -0.00083851 1
0.000249491 -0.000380971 1
-0.000688599 0.000821258 0.999999
0.00250217 9.19941e-05 0.999997
0.000211376 -0.000413131 1
0.00184654 0.000827778 0.999998
0.00250316 9.20314e-05 0.999997
-0.000687589 0.000820062 0.999999
-0.000770362 -0.00111069 0.999999
3.22495e-05 -0.000959465 1
0.00180813 -0.000432206 0.999998
0.0018317 -0.000993872 0.999998
0.000817127 -0.000980543 0.999999
0.000664058 -0.000969557 0.999999
0.0012938 0.00101552 0.999999
0.00155952 0.000720776 0.999999
-9.58606e-05 -0.000319591 1
0.00155954 0.00072069 0.999999
0.00159572 0.000199459 0.999999
0.0020778 -0.000620824 0.999998
0.00207764 -0.000619647 0.999998
-1.95569e-05 -0.000106364 1
7.37612e-05 -0.000939151 1
-0.000363514 -0.000793014 1
0.00101082 0.000490585 0.999999
0.0010111 0.000490796 0.999999
0.00185531 -0.000339673 0.999998
-0.00105194 -0.000474664 0.999999
0.000893743 0.00141067 0.999999
-0.00180528 -0.000287406 0.999998
0.000119511 -0.00247414 0.999997
0.00101584 -0.00063895 0.999999
0.000597309 0.000724335 1
-7.49571e-05 0.00015643 1
-0.000220097 -0.00170052 0.999999
0.000203561 0.000565504 1
0.00101582 -0.000640126 0.999999
0.000923291 -0.00149696 0.999998
0.000643532 -0.00198566 0.999998
0.00064744 -0.0019836 0.999998
0.000518476 -0.0016138 0.999999
0.000918991 -0.00150061 0.999998
0.000547887 -0.00147149 0.999999
-0.00181429 -0.000292173 0.999998
-0.000527318 -0.000243642 1
0.000476274 0.000788675 1
0.000470794 0.000792815 1
0.000933457 -0.000190994 1
0.000932101 -0.000192124 1
-0.000859885 9.00493e-05 1
0.000627441 -0.00107853 0.999999
0.000638941 -0.00108265 0.999999
8.71299e-05 -0.00112 0.999999
0.000563038 0.000715626 1
4.22021e-05 -0.00073639 1
0.000450245 0.00128191 0.999999
0.000107302 0.000578247 1
0.000801051 0.000187044 1
0.000938228 -0.000291238 1
-0.000845293 9.39411e-05 1
-0.000483105 0.00010179 1
0.000935987 -0.000291819 1
0.000517269 -0.000521693 1
0.000443448 -0.00051037 1
0.000526975 -0.000521611 1
0.00032468 -0.000779652 1
0.000341975 -0.000715561 1
0.000157245 -0.000893168 1
0.000178588 0.00165335 0.999999
-0.000663145 0.000520373 1
0.00158866 0.00101802 0.999998
-0.000488594 0.000100593 1
0.0033134 0.00240625 0.999992
0.000306046 0.00017218 1
0.00307944 0.00266991 0.999992
0.00155852 0.0014773 0.999998
0.000518289 -0.000166456 1
0.000106504 0.000580164 1
-5.60627e-06 0.000377286 1
-0.000156339 0.000297103 1
0.000455254 -0.000510166 1
0.000239004 -0.000722474 1
1.96323e-05 -0.00106968 0.999999
0.000108769 -0.000576494 1
0.00023682 -0.000721681 1
0.000633849 0.000333866 1
0.000636535 0.000315206 1
0.000676552 -5.43086e-05 1
0.000435947 0.00065014 1
0.000433242 0.00064645 1
0.000712804 -2.7708e-05 1
0.000319977 -0.000158066 1
0.000482596 -0.000304471 1
0.000524801 -0.000392256 1
0.000483571 -0.000308618 1
0.000181179 -0.000424559 1
0.000183044 -0.000422558 1
0.000828347 -0.000218141 1
0.000570545 0.000557743 1
0.000375735 0.00074981 1
0.000381716 0.000754173 1
0.000675514 0.000103195 1
0.00065394 8.99642e-05 1
0.000303631 0.000415737 1
0.000748973 1.96097e-05 1
0.000729979 -3.10887e-05 1
0.000526642 -0.000385344 1
0.000525477 -0.000395779 1
0.000412627 -0.000501143 1
7.47751e-05 -0.000582317 1
0.000102928 -0.000402469 1
0.000395784 -0.00053912 1
0.000142654 -0.00027528 1
0.000591885 0.000302671 1
0.00059016 0.000302314 1
0.000568028 -5.37211e-05 1
0.000654277 0.000504852 1
0.0003022 0.000414183 1
0.000644708 0.000325755 1
0.000597124 -0.000116796 1
0.000688193 -0.000325952 1
-0.000645235 0.000531053 1
0.000588104 -0.0004544 1
0.000590438 -0.00044789 1
0.000401009 0.000663824 1
0.000401631 0.000665138 1
0.000420343 0.000357374 1
0.000421035 0.000336396 1
0.000309096 0.000471688 1
-5.85318e-05 0.000193321 1
-0.000408443 -0.000938476 0.999999
0.000244208 0.000622079 1
-0.000752036 -0.000432385 1
0.000529423 8.04204e-05 1
-0.000466891 -0.000393777 1
0.000409324 -0.000200304 1
0.000892596 -7.52759e-05 1
0.000348218 -0.000382106 1
0.000209769 0.000572503 1
0.00109127 -4.56544e-05 0.999999
0.000965629 7.60971e-05 1
0.000443033 -0.000641044 1
-0.000108361 -6.51776e-05 1
-0.000776054 -0.000404964 1
0.000130023 0.000269548 1
-0.00190106 0.00108338 0.999998
0.000144297 0.000218243 1
0.000131481 0.000155142 1
-4.13957e-06 0.00012751 1
-1.09313e-05 0.000126143 1
0.000260271 -0.000263063 1
-0.000184201 0.000642332 1
0.000165197 0.000287834 1
0.000167507 0.000296536 1
-6.80438e-05 -6.56962e-05 1
-1.92434e-05 -4.86589e-05 1
0.000137052 0.000165647 1
0.000138548 0.000168507 1
-1.92434e-05 -4.86589e-05 1
-6.50133e-05 -6.02476e-05 1
-0.000129102 -6.66137e-05 1
-0.000129102 -6.66137e-05 1
-6.64558e-05 -3.63377e-06 1
-6.72737e-05 -2.73596e-06 1
0.000172187 -0.000304924 1
0.000171751 -0.000305424 1
0.000158728 3.77588e-05 1
0.000158392 3.92114e-05 1
-5.51828e-05 8.60794e-05 1
-5.51828e-05 8.60794e-05 1
-6.49448e-05 -6.21928e-05 1
-5.91845e-05 0.000137521 1
0.0174196 -0.00801538 0.999816
0.0176196 -0.00775543 0.999815
0.00637007 -0.00434229 0.99997
0.0064521 -0.00421881 0.99997
0.005392 0.000912984 0.999985
0.00541278 0.000870068 0.999985
0.00429128 -0.00905473 0.99995
0.00436716 -0.00897988 0.99995
0.0127154 -0.0138107 0.999824
0.00548205 -0.00486765 0.999973
0.00404623 -0.00416708 0.999983
0.0127154 -0.0138107 0.999824
0.00555108 -0.00493963 0.999972
0.00798372 -0.0159823 0.99984
0.00796159 -0.0159321 0.999841
0.0225471 -0.000600847 0.999746
0.017481 -0.00792661 0.999816
0.0027361 -0.0017062 0.999995
0.00266517 -0.00163561 0.999995
0.00175336 -0.000320287 0.999998
-0.000596285 -0.000261562 1
0.000952644 0.000377592 0.999999
0.000944114 0.000376819 0.999999
-0.00112621 0.00057407 0.999999
-0.00105257 0.00050626 0.999999
-0.000775975 -0.000406386 1
-0.000290449 -0.000280919 1
-9.49565e-05 -4.3185e-06 1
0.000454028 -0.000284734 1
-0.000767569 0.0015534 0.999999
-0.000404909 -0.000486513 1
-3.10342e-05 -0.000451194 1
0.000272283 -0.000243499 1
0.000531597 5.64901e-05 1
-0.0018444 -0.000317443 0.999998
-0.00183618 -0.000313084 0.999998
-0.000916156 9.2477e-05 1
8.67345e-05 0.000627237 1
0.000578238 -7.74565e-05 1
-0.00165835 0.000679387 0.999998
0.000231033 0.000525304 1
0.000225002 0.000550478 1
-0.00112716 0.00208235 0.999997
-0.000428325 0.000997236 0.999999
8.3815e-05 0.000633565 1
-2.28464e-05 0.000358068 1
-0.000145675 0.000212674 1
-0.00202554 -0.00025359 0.999998
-0.00145355 -0.000484331 0.999999
0.000550542 -0.000111413 1
-0.00134465 -0.000359947 0.999999
0.000518691 -0.000454693 1
0.000271286 -0.000288216 1
-0.000258336 0.000824741 1
-4.91346e-05 0.00036718 1
-4.46724e-06 0.000351956 1
-0.00028948 0.000873187 1
0.000509442 0.000528019 1
0.000198654 -0.000444961 1
-5.68503e-05 0.000385635 1
0.000220666 0.000445333 1
0.00157925 0.00145824 0.999998
-0.00121291 0.000739264 0.999999
-0.00245264 -3.1968e-05 0.999997
-0.00244012 -3.17107e-05 0.999997
-0.000163788 0.000352313 1
-4.478e-06 0.000351976 1
-0.000250927 0.000843859 1
-0.000205305 0.000868476 1
-0.000221555 0.00108393 0.999999
-0.000210495 0.000651878 1
0.00145594 0.000653474 0.999999
-0.000581109 8.63041e-05 1
-0.000842617 -1.92434e-05 1
4.99608e-05 -0.000910167 1
-0.000416106 0.000355914 1
-0.000202533 0.000292247 1
-0.000553512 0.000863409 0.999999
-0.0010137 0.000578048 0.999999
-0.000828073 -2.46595e-05 1
-0.000702699 0.00201879 0.999998
-0.00210671 -0.0110727 0.999936
-9.26464e-05 -0.000110278 1
-0.000448742 5.63385e-05 1
-0.00126316 0.00139587 0.999998
-0.00402585 0.00620256 0.999973
-0.00402803 0.00620503 0.999973
-0.000196225 0.000429529 1
-0.002028 -0.0110295 0.999937
-0.00020207 -3.95747e-05 1
-0.0010519 0.00134617 0.999999
-0.000701602 -6.77747e-05 1
-0.000810006 0.000227074 1
-0.000741024 0.00204716 0.999998
-0.000595836 0.000456148 1
-0.000598258 0.000462289 1
6.67637e-05 -0.000346157 1
0.00087914 -0.000973465 0.999999
0.000876456 -0.000970079 0.999999
-0.00201005 -0.0109879 0.999938
-0.000915879 9.32958e-05 1
-0.000669343 0.000160381 1
-0.000917376 0.000102525 1
-0.000530746 -4.28564e-05 1
-0.000527267 -4.46004e-05 1
-0.00206637 -0.0110108 0.999937
-0.000652569 -6.66472e-05 1
-0.000238421 0.00141113 0.999999
-0.000583944 0.000262535 1
0.00164281 -0.00112095 0.999998
-0.00064092 0.000532922 1
-0.000685085 0.000165733 1
0.000552005 -0.000947417 0.999999
0.000125462 0.000825529 1
-0.000746334 0.000601677 1
-0.000976295 3.89103e-05 1
-0.00095382 0.000364353 0.999999
0.00171357 -0.000721005 0.999998
-0.00115234 0.000820489 0.999999
0.00044852 -0.000239756 1
-0.000744531 0.000591508 1
-0.000314761 0.000583015 1
-0.000315689 0.000584411 1
-0.000104752 0.000659235 1
-0.000107894 0.000661279 1
-0.000100394 0.000963415 1
-7.14806e-05 0.000951814 1
-0.000311901 0.000533605 1
-0.000364337 0.00053104 1
-0.000627593 0.000315984 1
0.000107022 0.00165111 0.999999
0.00017492 -0.00085915 1
9.43177e-06 0.000605532 1
1.36676e-05 0.000603143 1
0.000186267 0.000250933 1
0.000410936 0.000274784 1
0.000257848 0.000414434 1
0.000410936 0.000274784 1
0.000322161 0.000320588 1
0.000196751 0.000263013 1
-0.000129902 0.000438223 1
-0.000129373 0.000438789 1
0.000110648 0.000198164 1
0.000125929 0.000208445 1
0.0225471 -0.000600847 0.999746
0.0192081 0.00941291 0.999771
-0.000902647 0.000405351 1
9.11997e-05 0.00221259 0.999998
0.00122298 0.000876256 0.999999
0.00121791 0.000856493 0.999999
-0.00181572 -0.00100875 0.999998
0.000628397 0.00127632 0.999999
0.000606313 -0.0014259 0.999999
-0.00158338 -0.00111163 0.999998
-0.00158574 -0.00110077 0.999998
-2.8956e-05 -0.000459697 1
-0.000902681 -0.000772771 0.999999
-0.00183745 -0.0010612 0.999998
-0.00184718 -0.00106108 0.999998
0.000325728 -0.000599391 1
9.76128e-05 8.84154e-05 1
0.000766774 -0.000349351 1
0.000813511 -0.000267194 1
-0.000905471 0.000744526 0.999999
-0.000161387 0.000630906 1
0.000232337 -0.000442314 1
-0.00116303 -0.000672096 0.999999
-0.000254689 0.000322169 1
-3.56707e-05 -0.000471273 1
-0.000611424 -0.000186856 1
-8.48334e-05 -6.55851e-05 1
-0.00782706 -0.000781232 0.999969
-0.000648585 -6.85591e-05 1
-0.000658376 -0.000109005 1
-0.000653796 -0.000109943 1
-0.000758918 -0.000244625 1
-0.000834694 0.000101874 1
-0.000965353 4.0848e-05 1
-0.000611858 0.000311639 1
-2.22048e-05 -0.000192677 1
-0.000355273 2.84164e-05 1
0.000106757 -0.000827347 1
-0.000494223 -3.46641e-05 1
-0.000482688 -3.80948e-05 1
2.13945e-05 0.000199455 1
0.000125929 0.000208445 1
0.0192639 0.00940866 0.99977
0.0153802 0.0152827 0.999765
0.0225471 -0.000600847 0.999746
0.00198518 0.00236232 0.999995
0.0019555 0.00233337 0.999995
0.00422394 0.0043295 0.999982
-0.00182462 -0.000959506 0.999998
-0.00179904 -0.00234412 0.999996
-0.00181102 -0.002352 0.999996
-0.00122765 -0.00172765 0.999998
-0.00169983 -0.00094726 0.999998
-0.00181575 -0.00206992 0.999996
-8.07247e-05 -5.78737e-05 1
0.00150978 0.000704766 0.999999
-0.00194125 -0.000891215 0.999998
-0.00194001 -0.000856902 0.999998
-0.00155857 -0.00172884 0.999997
-0.00198701 -0.00155309 0.999997
0.000199548 -0.00072013 1
8.81361e-05 -0.000576869 1
-9.06105e-05 -4.96277e-05 1
-0.00118458 -0.000547748 0.999999
0.000926172 -0.000151113 1
-0.000655924 -0.00062354 1
0.00087951 -0.00266846 0.999996
-0.00026875 0.000331407 1
-0.000374376 -0.000251754 1
-0.000635798 -0.000188809 1
-0.000667302 -8.95789e-05 1
-0.000752822 -0.000243518 1
0.000504336 -0.00011643 1
-8.76954e-05 -0.000745536 1
-0.000333407 -0.000228834 1
-0.000331758 -0.000224356 1
-0.000218488 -0.000453331 1
2.36505e-05 0.000205539 1
2.19842e-05 0.000202084 1
3.8662e-05 0.000271146 1
0.00394422 0.00710461 0.999967
0.00401745 0.00702678 0.999967
0.00421163 0.00431692 0.999982
0.00900964 0.0182654 0.999793
0.00895017 0.0182013 0.999794
0.0153802 0.0152827 0.999765
0.000814436 0.000770607 0.999999
-0.000948409 -0.00172438 0.999998
-0.00169628 -0.0024253 0.999996
-0.00123671 -0.00173187 0.999998
-0.00177105 -0.0019806 0.999996
-0.000832929 -0.00176016 0.999998
-0.00103184 -0.00199348 0.999997
-0.00101544 -0.00130746 0.999999
-5.31988e-05 -0.000324657 1
-0.000658462 -0.00189665 0.999998
-0.00064797 -0.00184541 0.999998
-0.00114741 -0.00193196 0.999997
-0.0019872 -0.00155633 0.999997
-4.91791e-05 0.000545245 1
0.000811105 -0.000953436 0.999999
-0.00160737 -0.00173075 0.999997
-0.00159987 -0.00145711 0.999998
-0.00118847 -0.00197711 0.999997
-0.00119273 -0.00197789 0.999997
-0.00102799 -0.00149454 0.999998
-0.00129212 -0.00129492 0.999998
-0.000890511 -0.000888163 0.999999
-0.000491165 -0.0011466 0.999999
-0.000658423 -0.000628033 1
-0.000373643 -0.000253015 1
-0.00033551 -0.000639017 1
-0.000341705 -0.000643871 1
-0.000321999 -0.000510415 1
-0.000635794 -0.000190034 1
-0.000617163 -0.000284036 1
-0.000606472 -0.000277186 1
-0.000686303 -0.000502072 1
0.000516574 -0.000134454 1
-0.0006277 -0.000531388 1
0.000413664 1.01085e-05 1
5.84219e-05 -0.00028817 1
-0.000712334 -0.00179224 0.999998
-0.000165649 0.00234167 0.999997
-0.000295298 -0.000185092 1
3.8662e-05 0.000271146 1
-1.09805e-05 -5.8095e-05 1
-1.15462e-05 -3.39535e-05 1
-0.000124701 -7.84941e-05 1
-0.000125797 -7.78733e-05 1
0.000956045 -0.0193946 0.999811
0.000395657 3.85262e-05 1
0.00106947 -0.00902205 0.999959
-0.00225974 -0.00594628 0.99998
0.00148567 0.000816839 0.999999
-5.48039e-06 -0.00013424 1
-0.000270623 0.00198401 0.999998
-0.000273026 0.00194801 0.999998
-0.000134457 0.00141593 0.999999
0.000471662 0.00201667 0.999998
-0.000859806 -7.70898e-06 1
3.38764e-05 0.00173197 0.999999
5.55408e-05 0.00173827 0.999999
-0.000139405 -0.000672301 1
0.00105132 0.00188679 0.999998
-0.000651892 0.000901421 0.999999
-0.000145389 -0.000593108 1
-0.000164621 0.00149098 0.999999
0.000939077 -0.000121786 1
-0.00113591 0.00103659 0.999999
0.000228274 0.00163023 0.999999
0.000661173 0.00120313 0.999999
0.00107493 0.000525976 0.999999
-0.000115663 -0.000499809 1
-0.000880447 5.6263e-05 1
0.000167878 0.0003854 1
0.00118519 0.00044461 0.999999
2.07547e-05 0.000457161 1
-0.000293909 0.000533721 1
-0.000292311 0.000534003 1
-0.000344211 0.000623821 1
-0.000122776 0.000777075 1
-0.00186658 0.00146778 0.999997
-1.00035e-05 0.000668785 1
0.000219909 0.00064551 1
-0.000296404 -0.000188029 1
-3.58784e-05 0.000569911 1
0.00117137 -0.0189883 0.999819
0.00383557 -0.00996378 0.999943
-1.04321e-05 -0.000154387 1
-0.000304362 -0.000257462 1
0.000737944 7.96863e-05 1
-0.00116903 0.00210659 0.999997
-0.000461605 0.00100819 0.999999
-0.00119663 0.000802755 0.999999
0.000510001 -0.000852178 1
9.39328e-05 0.00219746 0.999998
0.000161261 0.00163375 0.999999
-0.000876884 -1.52248e-05 1
-0.00045564 0.00154235 0.999999
-0.000472214 0.0014488 0.999999
-0.00038397 0.000131855 1
9.49689e-05 0.00022234 1
-0.000342145 0.000623625 1
-0.000637319 0.000333988 1
0.000845591 0.00108044 0.999999
-2.8598e-06 0.000681873 1
0.000235707 0.000778346 1
0.000261392 0.000413571 1
0.000102061 0.000273011 1
0.000321181 0.000319304 1
7.82202e-05 0.000256381 1
6.17297e-05 0.000195792 1
0.000315843 0.000356761 1
-0.000335241 -0.00177483 0.999998
0.0014405 0.0209463 0.99978
0.00269349 0.0110204 0.999936
0.00145579 0.0208253 0.999782
0.00269349 0.0110204 0.999936
0.000170655 -0.000118459 1
-0.00112114 0.00190402 0.999998
0.000177926 -0.000132528 1
0.000899943 0.000907823 0.999999
0.000815933 0.000774422 0.999999
0.000844205 0.00108408 0.999999
-0.000964734 -0.00173618 0.999998
0.000988656 0.00056637 0.999999
-0.000318369 -0.00185617 0.999998
-0.000125379 -0.000525455 1
-0.000881425 4.3464e-05 1
-0.000477641 -0.00226845 0.999997
-0.000812269 -0.00170277 0.999998
-0.000885244 5.11467e-05 1
0.000110764 -0.00244425 0.999997
0.000537821 5.77722e-05 1
-0.00100901 -0.00194237 0.999998
0.000550534 -0.00134033 0.999999
0.00015249 -0.00127564 0.999999
0.000141949 -0.0012205 0.999999
0.00113202 -0.00072966 0.999999
0.000127553 -0.00230608 0.999997
-4.87249e-05 -0.00140085 0.999999
0.000130952 -0.00230674 0.999997
-0.00113049 -0.00188999 0.999998
0.0016155 -0.00165841 0.999997
-4.67712e-05 -0.00140031 0.999999
-0.000283085 -0.00276148 0.999996
-0.000283781 -0.00275696 0.999996
0.000514049 -0.00161479 0.999999
-0.000214846 -0.00132704 0.999999
-0.000218375 -0.00132437 0.999999
-0.000462164 -0.00115732 0.999999
-0.00102381 -0.00149395 0.999998
8.10661e-05 -0.00113991 0.999999
-0.000177884 -0.00128628 0.999999
-0.000281668 -0.00113399 0.999999
-0.000177713 -0.00128695 0.999999
-6.37346e-06 -0.00107729 0.999999
-0.000480552 0.000300391 1
-0.000281491 -0.00113492 0.999999
0.000112139 -0.000580403 1
-0.000112799 -0.000770948 1
-6.42178e-05 -0.000480698 1
-6.25532e-05 -0.000461882 1
-0.000329801 -0.000515646 1
-0.000257639 -0.000490447 1
7.36078e-05 -0.000602582 1
-0.000249331 -0.00050622 1
0.000105053 -0.000401705 1
0.000536881 0.000293038 1
0.000557516 0.000281843 1
-0.000675819 -0.000495873 1
-0.000611738 0.000184456 1
-8.99712e-05 -0.00068607 1
-9.62036e-05 -0.000676997 1
0.000789124 -0.00119805 0.999999
-0.000344318 -0.00173441 0.999998
8.32015e-05 0.000109462 1
8.32015e-05 0.000109462 1
0.000552002 6.35979e-05 1
6.34293e-05 0.000119973 1
-0.000319049 -0.000487472 1
0.000209754 -0.00705732 0.999975
-0.000468731 0.00115066 0.999999
-0.000109992 0.000769576 1
0.000559612 -0.000336185 1
0.000571029 -0.000329707 1
0.0073937 0.00116111 0.999972
0.000987978 0.000568248 0.999999
-0.000140501 -0.000495837 1
-0.000349764 -0.00182713 0.999998
0.000107705 -4.14693e-05 1
4.38269e-05 0.000384384 1
-0.00169813 -0.000957235 0.999998
-0.000131819 0.000101795 1
-0.000335107 -0.00185409 0.999998
-0.00035022 -0.0018349 0.999998
-0.000572784 -0.00186147 0.999998
-0.000883926 -2.41509e-05 1
0.00131177 -0.000188409 0.999999
2.0129e-05 -0.000377218 1
-0.00119314 -0.000300202 0.999999
8.85175e-05 0.00222557 0.999997
-0.000964075 0.000774154 0.999999
-0.00163196 -0.000670529 0.999998
0.000180167 0.00163681 0.999999
-0.000538205 -0.000886813 0.999999
-0.00229057 7.72383e-05 0.999997
-0.000658073 -0.00134328 0.999999
-0.0006604 -0.00112424 0.999999
0.000178594 8.89586e-05 1
-0.00116921 -0.00120183 0.999999
-0.00229836 7.73418e-05 0.999997
-0.000847862 -2.65151e-05 1
-0.000498006 0.00130334 0.999999
0.000339797 0.000183456 1
-0.000374669 -0.000277945 1
-0.00113464 -0.000114543 0.999999
-0.000656203 -0.000655214 1
-0.000480358 -0.000600886 1
0.000674143 0.00119318 0.999999
-0.000849669 -0.000120254 1
-0.000357596 -0.000813775 1
-0.000288196 -0.00166327 0.999999
0.00161616 0.00124416 0.999998
0.00135885 0.00102368 0.999999
-0.000172129 0.000379536 1
-0.000859052 4.35023e-05 1
-4.54439e-05 -0.000711808 1
-0.000422103 -0.000721089 1
-0.000767826 -0.00110825 0.999999
-0.000791893 0.00154446 0.999999
-0.00164446 -0.000998784 0.999998
-0.000749367 -0.00114613 0.999999
-0.00108471 -0.00012462 0.999999
-0.000775461 -0.000561051 1
0.00631259 0.00228674 0.999977
0.00143341 0.000863513 0.999999
-0.00145915 -0.000844249 0.999999
0.000664352 0.000938828 0.999999
0.00097363 -0.00042872 0.999999
0.000922248 -0.000386577 1
-0.000817704 -1.10756e-05 1
-0.000138226 -0.000448858 1
0.000255959 5.41261e-05 1
-0.000843451 -4.33972e-05 1
1.45722e-05 0.000205425 1
-6.81196e-06 8.41857e-05 1
-0.00170788 -0.000942974 0.999998
-0.000433053 -0.000649963 1
1.18356e-05 9.08226e-05 1
-0.000630889 0.000512676 1
4.88706e-06 -0.000122618 1
-0.000117871 0.000218851 1
-2.8315e-05 0.00025077 1
0.00866865 0.00860406 0.999925
-0.000342096 -2.91423e-05 1
-0.00156071 -0.000667146 0.999999
-0.000115088 0.00130397 0.999999
-0.000313046 6.10785e-05 1
-0.00116768 -0.00129439 0.999999
0.00021746 -0.000543599 1
0.00867282 0.0094661 0.999918
-0.00159935 -0.00172979 0.999997
-0.000160156 -4.328e-05 1
0.00269349 0.0110204 0.999936
-0.00048897 -7.20428e-05 1
0.00325694 0.00760542 0.999966
-0.000185886 -0.000251089 1
-0.000354603 -1.78574e-05 1
-0.000907574 0.000913963 0.999999
0.000262951 0.000200439 1
3.04974e-06 -0.00037427 1
0.00116037 0.00085487 0.999999
0.00174438 0.00286451 0.999994
1.08103e-05 0.000236752 1
-0.000357764 -0.00137872 0.999999
-0.000180358 -8.1928e-05 1
0.00118725 0.000863212 0.999999
-0.000335504 0.0002316 1
-0.000332479 0.00024396 1
4.78449e-05 0.00038062 1
-1.94634e-05 0.000370706 1
-9.75539e-05 2.69263e-05 1
-6.08785e-06 0.000388641 1
-0.00039646 0.000247588 1
0.000389638 -0.000860678 1
0.00123706 0.00135158 0.999998
-5.3503e-05 0.000514625 1
0.000109991 0.000200188 1
0.000707768 0.000746073 0.999999
0.000174965 0.000637839 1
0.00105777 -0.00109018 0.999999
2.59363e-05 0.0011411 0.999999
0.000236965 4.30697e-05 1
-0.000318852 -0.00125263 0.999999
0.000670357 -0.000673009 1
-0.00736393 -0.0154135 0.999854
0.000699164 -0.000350703 1
-0.000380946 -1.6403e-06 1
-0.00729798 -0.0153242 0.999856
-0.000193084 -0.000790908 1
0.000991334 0.00134269 0.999999
-0.001148 0.000814142 0.999999
0.000933194 -0.000171817 1
-0.000358896 -0.000847894 1
-0.00604733 0.000388445 0.999982
-0.006142 0.000356589 0.999981
-0.000837107 0.000102997 1
-0.00576166 -0.0141981 0.999883
-0.000413037 0.000463329 1
-0.000250914 0.000147752 1
-0.000238836 -0.000622184 1
0.0018136 0.00243408 0.999995
-0.000797096 -8.52702e-05 1
5.15722e-05 0.000248247 1
-0.00786285 0.000284373 0.999969
-0.008036 -0.0166858 0.999829
-0.00628792 0.000563863 0.99998
-0.00760532 0.00829516 0.999937
-0.00725397 0.000259969 0.999974
-0.00745442 0.00798717 0.99994
-0.00745878 0.00819026 0.999939
-0.00630379 0.000476514 0.99998
-0.000148576 -0.000881758 1
-0.00769685 -0.00095065 0.99997
-0.000203004 0.00131475 0.999999
-1.977e-05 3.25072e-05 1
1.0053e-05 -0.000198273 1
0.00506389 8.09712e-05 0.999987
0.00725451 -0.00810639 0.999941
0.00725195 0.00216158 0.999971
0.000192082 0.000257627 1
0.000294302 0.00037529 1
0.000295778 0.000375418 1
0.000210067 0.000455113 1
0.000398366 0.000229133 1
3.91578e-05 0.000197719 1
0.000193482 0.000258649 1
0.0054434 0.00950507 0.99994
-0.000350103 -0.00162501 0.999999
-0.000161181 0.00238795 0.999997
4.71597e-05 0.000202005 1
0.00863036 0.00826335 0.999929
0.00534949 0.00155027 0.999985
-0.000100073 -5.09804e-05 1
0.00867269 0.00945347 0.999918
-0.000121367 0.000115912 1
-0.00150268 -0.000859551 0.999999
0.00100356 0.000879681 0.999999
-0.000824571 -3.59318e-05 1
6.15507e-05 0.000737701 1
0.00155889 -0.000841705 0.999998
-0.000350432 -0.00161444 0.999999
0.000773823 -0.000840612 0.999999
-0.00117527 -0.00068078 0.999999
-0.00118066 -0.000686871 0.999999
-0.000782459 0.00184507 0.999998
0.000114521 0.000108392 1
-0.000358992 -0.000846265 1
-0.000136401 -0.000465309 1
0.00010539 0.000650207 1
0.000307712 0.000521856 1
7.86641e-05 7.31552e-05 1
-1.52295e-05 -0.000237904 1
-0.000183288 -0.000457701 1
-0.000416921 0.000174777 1
-0.000393114 -1.81828e-06 1
-0.000433624 2.36088e-05 1
-0.000169064 0.000281042 1
0.000112382 0.000104856 1
0.000949626 0.000361842 0.999999
8.53543e-05 0.000180819 1
-0.00074235 -0.000988537 0.999999
6.5822e-05 -2.92222e-05 1
0.000680634 -0.000191292 1
-0.00036094 -0.000813115 1
0.00157896 -0.00015551 0.999999
0.000155691 8.46238e-05 1
-0.000826891 -0.000145938 1
0.000122364 3.61678e-05 1
5.54684e-05 -4.48293e-05 1
0.000658083 0.000353136 1
0.000110549 9.91754e-05 1
-0.000403857 0.00015184 1
8.47433e-05 0.000178189 1
8.75727e-05 8.67113e-05 1
0.000671335 0.00032897 1
-0.001905 0.00140621 0.999997
-0.000352551 0.000244363 1
-0.00128242 -0.000538745 0.999999
2.60662e-05 -0.000648765 1
0.000496725 -0.000889324 0.999999
5.38943e-05 -0.000353107 1
-0.000357336 -2.69583e-05 1
-1.22267e-05 0.000377932 1
-0.000640563 0.000172053 1
0.00065971 0.000322266 1
-0.000370319 -0.000939407 0.999999
-0.000418662 0.000177835 1
-0.000773064 -6.46559e-05 1
-0.00764543 0.000244356 0.999971
0.000117899 0.000495271 1
0.000251871 0.000294802 1
1.00519e-07 0.00010276 1
-0.000105692 7.22336e-06 1
0.000167142 7.71536e-05 1
0.0060829 -0.00642532 0.999961
-0.00116056 0.000796484 0.999999
-0.000376324 0.000358666 1
-0.000100726 1.54626e-05 1
-9.4599e-05 -0.00054996 1
0.000158891 0.000381862 1
0.000383576 -0.00014465 1
0.000157832 9.01396e-05 1
-0.000350535 0.000397072 1
6.19371e-06 0.000529104 1
-1.41514e-05 0.000532368 1
-6.33265e-05 0.00036372 1
7.11932e-05 0.000401134 1
-0.000116498 1.33406e-05 1
-0.00046776 1.6327e-05 1
-0.000143377 0.000300998 1
0.000419575 -0.000684743 1
0.000102246 9.7215e-05 1
-7.31029e-05 0.000151966 1
0.000698464 -0.000312209 1
0.000282082 -0.000287764 1
-8.58373e-05 0.000272247 1
-0.000465485 1.27869e-05 1
7.14695e-05 0.000215185 1
0.000333982 0.000170115 1
0.000702569 -0.000320324 1
0.000562606 -0.0015626 0.999999
-0.00129375 -0.000340228 0.999999
9.21624e-05 -9.997e-05 1
0.000307703 -0.000277235 1
0.000256205 -0.000308041 1
0.000748762 -4.42031e-05 1
0.00066211 0.000659914 1
-0.000262632 -0.00132138 0.999999
0.000209996 0.000456738 1
-0.000723023 -5.95162e-05 1
0.00383557 -0.00996378 0.999943
0.00691636 -0.0112985 0.999912
0.00644232 -0.0068553 0.999956
-0.00504115 -0.00779416 0.999957
-0.000578624 -0.00907226 0.999959
-0.000452662 -0.00148746 0.999999
-0.00475833 0.00271661 0.999985
-0.000241359 -0.000289101 1
0.00431118 -0.00675918 0.999968
-0.000508896 -0.000245688 1
0.000232163 -3.60463e-05 1
5.98574e-05 0.000741859 1
0.000944798 -0.000315511 1
-0.000772447 -6.55112e-05 1
-0.00719535 0.0161385 0.999844
-0.000729455 0.00707624 0.999975
-0.000656631 0.000176011 1
-0.00100072 -0.000911247 0.999999
0.000435577 -0.000219477 1
0.000213896 -4.08683e-05 1
0.000202695 -1.42652e-05 1
-0.000736738 0.000956048 0.999999
0.00042847 -0.000223178 1
0.000411547 0.000472522 1
0.000350117 -0.000137052 1
0.000353551 -0.00013367 1
-0.000465562 -0.000630176 1
-0.000171222 -0.000392074 1
0.000346736 0.000561622 1
-5.50651e-05 0.000510399 1
0.000567876 0.000606105 1
0.000186657 0.000642701 1
0.00057302 0.00057332 1
0.00165544 0.00155782 0.999997
-0.00095253 0.000919322 0.999999
0.000191522 7.95521e-05 1
-0.000171864 0.00150583 0.999999
-0.00107456 0.00166347 0.999998
0.000221817 -0.000720948 1
0.000527638 -0.0010148 0.999999
0.00115914 -4.29841e-06 0.999999
0.000204533 5.11929e-05 1
-0.000171563 0.00150383 0.999999
-0.00138025 0.000915391 0.999999
0.000152653 0.000387376 1
0.000421403 -0.000817659 1
0.00123743 -8.66494e-05 0.999999
1.01581e-05 -0.00127812 0.999999
0.00128947 -0.00162881 0.999998
0.000887574 -0.00270979 0.999996
-0.000569916 0.00131314 0.999999
-0.000347076 -0.000957577 0.999999
0.00140565 0.000692383 0.999999
-0.000432118 1.52311e-05 1
0.00174899 2.94924e-05 0.999998
-0.000162704 0.00078112 1
-0.000339507 -0.000196061 1
-0.000799238 -0.00015037 1
0.00037715 -0.000146568 1
-0.000370645 0.0012198 0.999999
0.000955276 -0.000263186 1
-0.000950286 -1.77041e-05 1
-0.000124794 -0.000612271 1
0.00213466 -0.000354244 0.999998
0.00150428 -0.000575972 0.999999
1.43876e-05 0.00084041 1
0.000581001 -0.00144148 0.999999
0.000707037 -0.00046454 1
-0.000684266 0.000272479 1
0.00162092 -0.00162052 0.999997
0.00117863 -0.000748383 0.999999
9.64285e-05 -0.0010096 0.999999
0.000759981 0.00090822 0.999999
-0.000776159 -6.54231e-05 1
0.00159574 0.000199435 0.999999
0.000589931 0.000353653 1
0.00182761 -0.000987879 0.999998
0.00111564 -0.000782629 0.999999
-0.00766148 -0.000449306 0.999971
-0.00764676 -0.00688436 0.999947
0.00166831 -0.000120539 0.999999
-0.000105462 9.25868e-05 1
-0.000309862 -0.000474156 1
0.000743708 5.22142e-06 1
-0.000815319 -0.00103856 0.999999
-0.00782706 -0.000781232 0.999969
-0.000493355 -3.70331e-05 1
-0.000527615 -0.00010226 1
0.00130427 5.11431e-06 0.999999
0.000123781 0.000256472 1
0.000866183 -0.000985163 0.999999
0.000670494 0.000781132 0.999999
0.000750151 -0.000776407 0.999999
0.000920603 -0.00149811 0.999998
0.000253258 -0.00100493 0.999999
0.000667777 0.000790333 0.999999
-0.00124904 -0.0068839 0.999976
-0.00782706 -0.000781232 0.999969
0.000541659 0.000964944 0.999999
0.000578911 -0.000174002 1
0.000816152 -0.00164662 0.999998
1.35336e-05 -0.00805516 0.999968
8.10154e-05 -0.00113978 0.999999
-0.000533143 0.000174397 1
0.000555997 0.00070697 1
0.000221185 0.000709067 1
-0.000848159 0.000167483 1
-0.000851117 0.000169318 1
0.000459701 -0.000393612 1
0.000765051 -4.31373e-05 1
0.000331965 -0.000747889 1
-0.000814967 -4.68343e-05 1
0.000324504 -0.00057091 1
0.000111568 1.46563e-05 1
-0.000533427 0.000174521 1
-0.000399779 -6.87464e-05 1
0.000140513 -0.000605427 1
-0.000803591 -0.000262453 1
1.98487e-05 -0.00106941 0.999999
0.000108795 -0.000576263 1
0.000133267 0.000270595 1
0.000745247 0.000851101 0.999999
0.000673665 -5.52172e-05 1
-0.00102401 -0.000128809 0.999999
0.000461754 -0.000305588 1
0.000328271 -0.000247655 1
0.000159083 -0.000429313 1
9.64277e-05 -4.57223e-05 1
0.000462983 0.000353217 1
0.000657225 0.000907532 0.999999
-0.00175273 0.00136432 0.999998
-0.000897614 -0.000891828 0.999999
0.000222001 0.000566005 1
-0.00078725 -0.000757714 0.999999
0.000771841 -4.22043e-06 1
0.000530127 -0.000397534 1
0.00040177 -0.000533175 1
0.000420585 -0.000317229 1
0.000100635 -0.000394874 1
0.000319071 -0.0003908 1
0.000511834 0.0002877 1
0.000532437 5.5108e-05 1
-0.000641873 -0.00170024 0.999998
-0.000325912 -0.000191918 1
0.000649351 0.000489586 1
-0.000283029 -0.00023154 1
-0.000801388 -0.000762389 0.999999
0.000672497 0.000886495 0.999999
0.00034204 0.000583746 1
0.000157986 0.000546126 1
0.000326955 0.000456773 1
0.000451807 0.000340569 1
0.000874992 0.000515156 0.999999
0.000304413 -0.000826134 1
0.000151982 0.000367516 1
0.000156683 0.000369046 1
0.000220854 0.000802278 1
0.000202352 0.000313248 1
-0.000728629 -0.000625335 1
0.00157451 0.00149709 0.999998
0.000367336 8.16466e-05 1
-0.000381016 0.00117047 0.999999
-0.000375993 -0.000887628 1
0.000652454 0.000505113 1
-0.00117978 0.00102452 0.999999
-0.00102282 -0.00012895 0.999999
-0.000903246 5.28822e-05 1
0.000106832 0.000586545 1
0.000260031 0.000396876 1
0.000258597 0.000397564 1
9.58199e-05 -0.000247446 1
-0.00159967 -0.00146373 0.999998
0.00549619 0.00117894 0.999984
0.00764543 0.000764991 0.99997
0.00504889 -0.00328558 0.999982
0.00775781 0.00101697 0.999969
0.00057655 -0.00173776 0.999998
0.00511772 -0.00431146 0.999978
0.000239155 -0.000207606 1
0.000556557 0.00068324 1
0.00112042 -9.50943e-05 0.999999
0.000673415 0.00102599 0.999999
0.00130358 0.000758949 0.999999
-0.000740006 -0.000736027 0.999999
0.000596555 0.000259373 1
-0.00105673 0.000520731 0.999999
-0.00118303 -3.23653e-05 0.999999
-0.000776548 -0.000104654 1
-0.000895448 -0.000890716 0.999999
0.000107692 0.000583067 1
0.000248613 -0.000822347 1
0.000225846 0.000552638 1
1.29862e-05 -0.000345614 1
-0.000824682 -0.000428941 1
-4.24823e-05 -0.000364275 1
-9.68981e-05 -0.000723747 1
-0.00332751 -0.00539847 0.99998
-2.08935e-06 -0.000160542 1
0.000889356 0.00085922 0.999999
3.76731e-05 -0.000293262 1
-0.00141521 0.00114748 0.999998
0.000862039 -0.00217945 0.999997
-5.35985e-05 -0.000325369 1
0.000870639 0.000410878 1
-0.000746624 -4.39583e-05 1
-0.00143787 -0.000798616 0.999999
-0.000339892 0.000355073 1
-0.000945525 0.000181741 1
6.32402e-05 -0.000270151 1
-0.000360798 0.000396276 1
-0.00121935 0.000169411 0.999999
-0.000368822 0.000362492 1
-0.000700459 -6.76864e-05 1
0.000119307 -0.000418885 1
-5.07443e-05 -0.000328654 1
-0.0014169 -0.000739414 0.999999
-0.000677814 0.000184153 1
-0.000336987 -0.000502379 1
-0.000342644 0.000284171 1
-0.000306911 -9.70328e-05 1
0.000114526 0.000171263 1
-0.000899055 7.08406e-05 1
0.00012449 0.0001947 1
-0.000904824 0.000908043 0.999999
-0.000451571 0.000247732 1
0.000123837 0.000196121 1
-0.000290425 -9.87362e-05 1
0.000958081 0.000850086 0.999999
-0.00017988 0.000420779 1
-0.00192143 6.62149e-05 0.999998
0.000972874 -0.000215469 1
-0.00041578 0.000137923 1
-2.33222e-06 -0.000120909 1
0.000301479 0.000471864 1
0.00031452 0.000477907 1
-0.00101638 0.000569476 0.999999
0.000104697 0.000188019 1
-0.000825643 0.000163142 1
-0.000698772 0.000122298 1
-4.2812e-05 -0.000475515 1
-0.000845399 -2.23266e-05 1
-0.000427568 0.000250145 1
-0.000817246 -0.00169301 0.999998
0.000301402 0.000195425 1
-0.000607583 0.000139481 1
-0.000877453 0.000100872 1
0.000520028 0.000282481 1
-0.00087743 0.00225124 0.999997
-0.000122378 -8.9972e-05 1
0.000299968 -0.000200296 1
-0.000628937 0.00053764 1
-9.04462e-05 0.000982653 1
-0.000196754 0.000655379 1
7.91569e-05 0.000350485 1
-0.00018508 0.00102307 0.999999
0.0001056 -0.000341913 1
-8.85622e-05 0.000364452 1
0.000257319 0.000186187 1
0.000113051 -0.00104549 0.999999
-2.62356e-06 0.000486592 1
0.000263521 0.000527972 1
-7.57722e-05 0.000361074 1
0.00600243 0.00318608 0.999977
-0.00169995 -0.000173243 0.999999
0.0060838 0.00309573 0.999977
0.000603551 -0.00170792 0.999998
0.0014209 0.00136133 0.999998
7.65768e-05 -0.000830999 1
0.000314155 0.000352986 1
-0.00105499 -0.00017285 0.999999
-0.00022363 -0.00119025 0.999999
-0.000256472 0.000106914 1
-0.00157689 0.000643194 0.999999
0.000514765 2.04976e-05 1
0.000327134 -0.00112723 0.999999
0.000611703 -0.000994837 0.999999
0.000563356 0.000584573 1
-0.000119734 0.000404716 1
-0.000793632 -1.87626e-05 1
0.000610487 0.00146421 0.999999
-0.00012758 -0.00148853 0.999999
0.00201105 0.00125591 0.999997
0.00127228 0.00119473 0.999998
-0.000365637 -6.22662e-05 1
0.000169092 8.86094e-05 1
-0.000311182 -8.44307e-06 1
-0.000521586 -0.000104051 1
-0.000620564 0.000262146 1
-0.000657286 -0.000259711 1
-0.000254965 -2.29238e-05 1
-0.000567466 0.000179222 1
0.000161944 -0.00119835 0.999999
-0.000228328 -5.03015e-05 1
0.00325615 0.0028125 0.999991
0.00221853 0.00209664 0.999995
-0.00173247 -0.00212483 0.999996
0.000599952 0.0015565 0.999999
-0.000886817 -0.00039735 1
0.000206903 0.000548542 1
-0.00144935 -0.000802359 0.999999
-0.0010725 -0.000340567 0.999999
0.000853554 0.00120211 0.999999
0.000220154 -0.000471096 1
-3.09749e-05 -0.000167588 1
0.000896531 0.00141669 0.999999
0.000844437 0.00108702 0.999999
-0.00191859 5.72418e-05 0.999998
-0.000222353 -0.000251213 1
-8.04094e-05 -0.000493918 1
-0.000442297 0.000217997 1
0.00428719 0.00649995 0.99997
0.00166834 0.00307175 0.999994
-0.000443534 0.000220119 1
-0.000255432 3.91085e-06 1
-0.00130206 -0.00100949 0.999999
0.000661279 0.00119974 0.999999
-0.000828943 -0.00206596 0.999997
-0.000759066 0.00021426 1
-0.0012441 -0.00229998 0.999997
6.6381e-05 -0.00024653 1
-0.00111702 -0.00208648 0.999997
0.00059567 -0.00162091 0.999999
-0.000436045 0.000166256 1
-0.00106789 -0.00208995 0.999997
-0.00107377 -0.00131691 0.999999
-0.000980765 0.000121041 1
-0.00142815 -0.00199555 0.999997
-0.000897954 -0.00156471 0.999998
-0.000966061 -0.000927224 0.999999
-0.000479596 -0.00116182 0.999999
-0.00050706 -0.000800011 1
-0.000464699 -0.000872898 1
-0.00039264 -0.000505534 1
0.000330805 0.000611179 1
0.0002595 4.85395e-05 1
-0.00026876 -0.000200852 1
-0.00011128 -0.000771057 1
-0.000658125 -0.000240175 1
-0.000446332 0.00118977 0.999999
0.000741542 0.000659544 1
0.000658936 0.00119862 0.999999
-0.00121351 0.000789748 0.999999
-0.00157933 0.00137298 0.999998
0.000362479 0.000151543 1
0.000363853 0.000385022 1
0.000898322 0.00141729 0.999999
-0.000833137 -4.17763e-05 1
0.000172323 -0.000652565 1
-0.000432281 0.00012691 1
0.000994333 -0.0193471 0.999812
-0.000941545 -0.00716414 0.999974
7.49379e-05 -0.000349702 1
-0.00187774 0.00040529 0.999998
0.000308973 0.000485091 1
-0.00107248 0.00158183 0.999998
0.00045281 0.00129278 0.999999
-0.000681586 -0.000605016 1
0.00047642 0.00132907 0.999999
0.000648218 -0.00163501 0.999998
-0.000503761 -0.000252932 1
0.000207266 0.00163119 0.999999
-0.00100206 -0.000643067 0.999999
0.000173018 1.36271e-05 1
0.000221803 0.000579476 1
0.000136636 -0.000355884 1
0.000495484 0.00145057 0.999999
0.000186292 0.000523306 1
0.000185776 0.000523731 1
-0.000223902 0.000786298 1
9.51768e-05 0.000583473 1
-0.000303748 0.000459673 1
-0.000394267 0.000135574 1
-0.000778997 -0.00106049 0.999999
0.000485455 0.000341298 1
-8.41442e-06 0.000676449 1
6.56528e-05 0.000519928 1
0.000157899 -0.000192699 1
-0.000815671 -0.00068646 0.999999
-0.000329646 -3.98869e-05 1
0.00102055 0.000482795 0.999999
-0.000327038 -4.27503e-05 1
-0.000321455 0.000508799 1
-0.000352757 -1.83133e-05 1
-6.03317e-05 0.000625747 1
0.000226953 0.000791476 1
-0.00146525 0.00935964 0.999955
-0.00299713 0.00214956 0.999993
-0.000421914 -0.000298805 1
0.000239386 4.38354e-05 1
-0.00111705 0.00137543 0.999998
-0.000273409 -0.000418177 1
-0.000481462 0.000295387 1
0.00014256 -0.00026601 1
-0.000798218 -0.00199827 0.999998
0.000874688 -0.0026168 0.999996
0.00134448 0.000726123 0.999999
0.000358401 0.00146245 0.999999
0.000649706 -0.00143584 0.999999
8.43324e-05 -0.000891336 1
0.000144789 -0.00123222 0.999999
3.32131e-05 -0.00226541 0.999997
9.12618e-05 -0.00151266 0.999999
3.23901e-05 -0.00226529 0.999997
0.000176796 -0.0018618 0.999998
0.000162393 -0.00165046 0.999999
9.82931e-05 -0.00151021 0.999999
0.00052102 -0.00189003 0.999998
0.000430986 -0.00143637 0.999999
-0.000217202 -0.00132474 0.999999
-9.14866e-05 -0.000818963 1
0.000611108 4.59257e-05 1
0.000604897 0.000657949 1
-0.000270396 -0.00127891 0.999999
-0.000105568 0.000407954 1
0.000200322 0.000524469 1
-4.7415e-05 -0.000192445 1
-6.31862e-05 -0.000463001 1
-0.000382229 -0.000159634 1
-0.000235684 -0.000215124 1
7.32355e-05 -0.000569902 1
0.000165168 0.000402513 1
0.00057075 0.000184979 1
-0.000439905 0.000319282 1
8.75016e-05 0.000546279 1
0.000882506 0.000864486 0.999999
0.000116245 0.000109768 1
0.00111456 -0.000466679 0.999999
6.94551e-05 -0.00743049 0.999972
4.91657e-05 -0.000712373 1
-0.000554775 0.000353866 1
-0.000583685 -0.00056318 1
-0.000630647 -0.000531787 1
0.00721689 0.000580745 0.999974
0.00863899 0.00865191 0.999925
0.000915374 -0.000161753 1
-0.000687544 -0.000297968 1
0.000140947 -0.000264067 1
0.00142267 -5.55524e-05 0.999999
0.00145109 -0.000384692 0.999999
0.000237514 4.46534e-05 1
0.000127053 0.000192076 1
0.0014393 -5.01836e-05 0.999999
0.000921099 -0.00014632 1
0.000662725 0.000778261 0.999999
-0.000998835 1.55638e-05 1
-0.00108355 -0.0001245 0.999999
-0.000369321 0.000423533 1
-0.00129249 -0.00129502 0.999998
0.000486781 0.00152515 0.999999
-0.000554465 -0.000267339 1
0.000663942 0.000661392 1
0.000677968 0.00104395 0.999999
0.000146913 0.00017174 1
0.00022011 0.000580419 1
0.00010088 -0.000175641 1
-0.000157384 -0.000401447 1
-0.000574096 -0.000255538 1
7.41271e-05 -0.000318644 1
9.80181e-05 8.5061e-05 1
0.000657868 -0.00206864 0.999998
-0.000705644 0.000913363 0.999999
-0.000363264 0.00141922 0.999999
0.000370667 0.001384 0.999999
-0.000434379 -0.000909253 0.999999
0.000370639 5.44095e-05 1
-0.000575203 -0.00018939 1
0.00248796 0.00143423 0.999996
-0.000666881 0.000941758 0.999999
-0.000359867 0.000234147 1
0.000686097 0.000964282 0.999999
-7.27991e-05 0.000264927 1
0.000434462 0.000813543 1
-0.000269052 -0.000575401 1
8.12118e-05 8.54076e-05 1
-0.000589315 -0.000185393 1
0.000181015 -0.000105222 1
0.000285808 -0.000285563 1
0.000105251 0.00104039 0.999999
5.89415e-05 0.00107008 0.999999
-0.000382062 0.000351796 1
-0.000515965 -0.000502699 1
-0.000333137 0.000251759 1
0.000152397 7.13114e-05 1
0.000257466 0.00104031 0.999999
-1.93451e-05 0.000370607 1
0.000178349 -0.000565666 1
-0.000484294 -0.000237221 1
8.73195e-05 0.000588728 1
-0.000847045 4.10262e-05 1
-0.00049235 -0.000237311 1
-0.000319361 -0.000251666 1
0.000297679 -0.000202866 1
0.000286637 -0.000548318 1
-0.000324188 -0.000251916 1
0.000544731 0.00138365 0.999999
8.4566e-05 0.00010775 1
0.00720898 0.000224195 0.999974
0.00100931 0.00135481 0.999999
0.00805371 0.00580401 0.999951
0.000852946 0.00176322 0.999998
0.000771672 0.00107063 0.999999
0.000131067 0.000452063 1
0.000218722 0.000607081 1
0.00863745 0.00865987 0.999925
0.00162816 -0.00180237 0.999997
-0.000280427 -0.000360609 1
0.00270295 0.0014046 0.999995
-6.02407e-05 -0.000301755 1
0.000666642 0.0072937 0.999973
-0.000282636 -0.000259389 1
0.000223475 -3.11823e-06 1
-8.21691e-05 -4.2127e-06 1
-0.000451347 0.000325684 1
-4.16877e-05 0.000525238 1
-0.000767822 -8.3925e-05 1
-0.000680771 -0.000284989 1
0.000143756 -0.000387948 1
-0.000364295 -6.26148e-05 1
-0.000765174 7.01021e-05 1
-0.000379375 -0.00138634 0.999999
-0.00168724 -0.00100755 0.999998
0.000332543 -0.00135026 0.999999
0.000200178 0.00112594 0.999999
-8.16485e-05 0.000903911 1
-0.000745394 0.00113166 0.999999
0.000608192 0.0014595 0.999999
-5.61082e-05 0.000583205 1
-8.47401e-05 0.000365598 1
0.00396184 -0.00370515 0.999985
7.26983e-05 -0.000252686 1
0.000240265 0.000618928 1
-0.000468823 -0.000244309 1
0.000688082 -0.000271579 1
-0.00105837 -0.000348784 0.999999
1.78326e-05 -0.000114826 1
0.000184795 0.00115408 0.999999
-0.000211147 0.000387763 1
0.000329652 0.000604669 1
-5.7454e-05 0.000170844 1
-0.000620699 -0.000369588 1
0.000189292 0.000509998 1
5.30211e-05 8.50284e-05 1
0.000952112 -0.000388458 0.999999
-0.000779235 -6.28333e-05 1
-0.000452848 0.00023718 1
-0.000240791 -0.000145019 1
0.000474847 0.00026517 1
-0.000525885 -0.00905843 0.999959
-0.000490737 -0.000124569 1
-0.000715986 0.0070824 0.999975
0.00137268 0.00069224 0.999999
9.79713e-05 0.000257066 1
0.0004436 -0.00158887 0.999999
0.000549574 5.15444e-05 1
0.00132058 -0.000252737 0.999999
-0.000243356 -0.0090863 0.999959
0.000443996 -0.00159019 0.999999
0.000336118 0.000167523 1
-2.29825e-05 0.000451526 1
7.69338e-05 0.000356802 1
0.000294386 -0.000512321 1
0.00061699 0.00103324 0.999999
-0.000818015 -4.6128e-05 1
-0.000664867 0.00712236 0.999974
0.000163147 0.000107746 1
-5.33475e-05 -0.00032496 1
4.57205e-05 -0.000424349 1
5.26962e-05 -6.34695e-05 1
-0.000810149 0.000225437 1
9.53652e-05 5.95522e-05 1
-0.000558722 0.000913878 0.999999
0.000254763 0.000362359 1
0.000772249 -0.00121165 0.999999
0.000520851 2.68189e-05 1
-0.000883804 0.000663238 0.999999
-0.00123704 -0.000825597 0.999999
-0.00125797 -0.000825334 0.999999
-0.000202622 -4.20414e-05 1
-0.000380494 -3.39452e-06 1
0.000365631 -0.000923547 1
-0.000159861 -0.000873972 1
4.30202e-05 -6.89671e-05 1
0.000468148 -0.00137645 0.999999
0.000102061 0.000273011 1
-7.26274e-05 0.000356176 1
0.00010275 -0.000343955 1
0.000226134 -0.000230374 1
8.0062e-05 8.53922e-05 1
-0.00018558 0.000707732 1
-0.00153805 0.000697474 0.999999
-0.000453909 0.00025117 1
0.000379059 -0.000134248 1
3.91536e-06 -0.000148523 1
0.000229714 0.000494618 1
-0.00111359 0.00137564 0.999998
-0.000298395 -0.000478041 1
-0.000518596 -0.00025239 1
-0.000118717 -0.000133899 1
0.00247011 0.00138998 0.999996
0.00136833 0.00148215 0.999998
0.00014431 0.000758889 1
-0.000467976 -0.000117685 1
-0.000426944 -3.59259e-05 1
0.000331906 0.00015037 1
0.000178389 -0.000517551 1
-0.000469695 0.000141854 1
9.66613e-05 0.000256026 1
0.0018149 3.84577e-05 0.999998
-0.000555851 -0.0018553 0.999998
0.000228607 0.000582625 1
-0.000668834 0.000183545 1
-0.000671081 0.00029789 1
-0.000641181 0.00033233 1
-0.000608734 0.000139431 1
0.00154581 -0.000804089 0.999999
-0.000338488 -0.00182851 0.999998
0.00157204 0.000133746 0.999999
0.00111435 -0.000780605 0.999999
-0.000749333 0.000139097 1
-0.000626158 0.000455855 1
-0.000428514 0.000220799 1
0.000155758 -0.000510463 1
0.000242302 0.000524061 1
-0.000762455 -0.00138918 0.999999
0.000214131 -0.00074801 1
-0.00016152 -0.0011743 0.999999
0.000277432 -0.000890262 1
0.00082747 0.00123927 0.999999
0.000612036 3.55284e-06 1
0.000613288 3.73075e-06 1
0.000320063 -0.000189311 1
-0.000414534 5.00414e-05 1
-0.000632764 -7.112e-05 1
-0.000255637 -0.00123878 0.999999
0.000134483 -0.000251806 1
0.000189288 -0.000215439 1
0.0005678 -0.000153426 1
0.000695245 -5.39205e-05 1
-0.00159907 0.000665134 0.999999
-0.000487488 -0.000879445 1
0.000833879 0.0012446 0.999999
-0.000413883 0.000435114 1
0.000759396 -0.00177475 0.999998
-0.000796733 -0.00170196 0.999998
-0.00187379 -0.00109233 0.999998
-0.000668954 0.000997895 0.999999
-0.000951851 0.000728583 0.999999
0.000408736 -0.000680817 1
-0.00127728 0.000809613 0.999999
-0.00111263 -0.000263626 0.999999
-6.2501e-05 0.00137537 0.999999
0.000147405 0.000171135 1
7.90355e-05 0.000151406 1
-0.000695307 -3.16459e-05 1
-0.000433049 0.000153633 1
0.00102614 0.00141604 0.999998
-0.00020917 -0.00106171 0.999999
-0.000181624 -0.000237715 1
0.00183414 0.000796147 0.999998
0.00249061 1.50595e-05 0.999997
-0.000192175 -0.000555143 1
-0.00190221 0.00108307 0.999998
-0.00115801 0.000497943 0.999999
0.00013954 0.000126505 1
0.000213415 0.000414435 1
0.00876956 0.0189269 0.999782
0.000430082 0.000526395 1
-0.00162812 -0.00212742 0.999996
0.000458616 0.000330929 1
0.000962453 0.000716686 0.999999
6.15174e-05 -0.000392178 1
0.00208755 -0.00936867 0.999954
0.000415156 0.000347011 1
0.000498441 0.00174029 0.999998
-0.000283229 -0.00104105 0.999999
-0.000244276 -0.0010759 0.999999
-0.000493222 0.00118873 0.999999
-0.000175547 0.000751029 1
0.00029365 0.000636471 1
-0.000444029 0.000198504 1
3.53756e-05 0.000411229 1
0.000178013 0.000104511 1
-0.000399468 -0.000166085 1
1.6806e-05 -0.000626622 1
-0.000504033 -0.000341989 1
-0.000714954 0.00010549 1
-0.000467348 0.00155209 0.999999
-0.000342941 -2.97997e-05 1
9.29991e-05 0.00018577 1
0.000479553 0.000322141 1
-0.000695684 -0.000966874 0.999999
-0.000804559 -0.000155096 1
-0.00085365 3.55862e-06 1
0.000187493 -0.000415928 1
-0.000735743 0.00196307 0.999998
-0.001024 -0.000200763 0.999999
0.000179807 5.64634e-07 1
-0.00128103 -0.000433109 0.999999
0.000454752 0.000533801 1
-0.000344093 -0.000169311 1
-0.000847821 0.000524262 1
0.00029044 0.000443175 1
7.79829e-05 0.000199266 1
-0.000406192 -3.04819e-05 1
0.000857223 0.000541043 0.999999
-8.45823e-05 0.000311646 1
-0.00735332 0.00813792 0.99994
-0.000195456 0.000164463 1
0.000851789 0.00158385 0.999998
0.000833917 0.000825504 0.999999
-0.000350333 -0.000583829 1
9.5747e-05 8.36763e-05 1
-0.00110564 0.00157873 0.999998
-0.00063132 0.000460822 1
0.000844514 0.000774239 0.999999
0.000552294 0.000270235 1
-0.000266855 0.00162027 0.999999
-0.000358492 0.000221208 1
-3.09719e-05 0.000435938 1
0.000664721 -0.00039364 1
5.52471e-05 -0.000459558 1
-0.000934018 0.00120987 0.999999
-0.000378083 -0.000647731 1
5.2932e-05 -0.00113482 0.999999
-0.000516451 -0.00153082 0.999999
-0.000126615 0.000377406 1
-0.00520613 0.00338324 0.999981
-0.000241263 -0.000764674 1
-0.00110671 0.00137368 0.999998
0.000525667 -0.000811281 1
-0.000279646 0.000260112 1
-0.000206363 -0.000901587 1
-0.000320165 -0.000479137 1
-0.000356309 0.00143017 0.999999
-0.000542974 -0.000851693 0.999999
-0.000423185 -0.000655055 1
0.00122827 -1.75278e-05 0.999999
0.000188507 0.000759348 1
0.000637221 -0.000982965 0.999999
-0.000394579 -0.000391041 1
-9.7328e-05 -0.000513967 1
0.00149262 0.00116528 0.999998
-0.000463842 -0.000928199 0.999999
0.000621731 0.00129856 0.999999
-0.00159947 -0.00145633 0.999998
-0.000284288 0.00143668 0.999999
-0.00034466 0.00121646 0.999999
-5.23456e-05 0.000513611 1
-0.00104161 0.00119211 0.999999
0.000970037 -0.00157278 0.999998
-0.000799237 -0.000172515 1
-0.000762986 -0.000105538 1
1.15015e-05 -0.00164725 0.999999
0.00131212 0.000938327 0.999999
0.00150619 0.000659588 0.999999
0.000865123 -0.00117082 0.999999
-0.00110377 -0.00119988 0.999999
0.00203168 0.000186285 0.999998
3.96682e-05 0.000453688 1
-0.000329686 0.000113845 1
0.0016393 -0.000812339 0.999998
-8.68669e-05 -0.00149634 0.999999
2.23361e-05 0.000457067 1
0.000663056 -0.00027466 1
-8.94303e-05 -0.000399211 1
0.00106593 -0.00110566 0.999999
0.000742735 0.000116185 1
0.00116863 0.00137236 0.999998
0.00177934 -0.00154348 0.999997
0.000628701 -0.00139217 0.999999
0.00131076 1.76953e-05 0.999999
0.00130182 -0.0003226 0.999999
-0.000592204 0.000451477 1
0.00141519 -0.000645819 0.999999
-4.56022e-05 0.000902084 1
-0.00539558 0.00341124 0.99998
0.000751805 0.000107251 1
0.00119931 0.000794987 0.999999
-2.90003e-05 6.53716e-05 1
0.00143323 0.000868203 0.999999
-0.00119069 0.000621652 0.999999
6.69997e-05 -0.000995694 1
-0.000193763 -0.000462792 1
-9.17327e-05 -0.000817561 1
0.000469634 0.000673967 1
0.000557882 -0.000178159 1
0.00010917 -0.000228154 1
0.000828814 0.00124734 0.999999
0.000395316 -0.000218221 1
-0.000597066 0.000454255 1
-0.000824027 8.19243e-05 1
-0.00101209 0.0015101 0.999998
-0.000201095 0.00057147 1
-0.000198329 -0.00102242 0.999999
0.00027353 0.000595601 1
-0.000833962 -0.00108635 0.999999
-0.00191632 5.30738e-05 0.999998
-0.000433777 0.000157518 1
-0.00183207 -0.000261266 0.999998
-0.00153969 0.000321737 0.999999
-4.72009e-05 0.000434995 1
0.000632604 0.00116667 0.999999
8.22057e-05 -0.000492453 1
-0.000404701 -0.00192032 0.999998
5.87841e-05 -0.000463874 1
0.000777328 -0.000558956 1
-0.000755961 0.000473252 1
0.000335971 0.000185301 1
0.000507769 0.000132795 1
-0.000589453 0.000463975 1
0.000333678 -0.000247699 1
0.000290001 -0.00024734 1
0.000196567 0.00054382 1
-0.00114733 -0.00118272 0.999999
0.000516426 0.000276273 1
-0.00074471 0.000451747 1
8.12616e-05 -0.000310331 1
-0.00184971 -0.000264752 0.999998
0.000707599 -0.00152887 0.999999
0.000307235 -0.000390217 1
0.000274245 -0.000247246 1
0.000164338 -0.000349259 1
0.000134475 0.000168868 1
-0.000226153 0.000604711 1
0.000222762 -0.000433784 1
0.000504053 -0.000259152 1
-0.000821385 2.44345e-05 1
0.000500568 -0.000163386 1
0.000371002 0.000637555 1
0.000539242 0.00124729 0.999999
-0.000693762 -0.00080073 0.999999
0.000225038 -0.000434615 1
-0.000787746 0.00042236 1
0.000524515 -0.000185394 1
0.000166768 3.82833e-05 1
0.000103024 0.000639578 1
9.53939e-05 -0.000193404 1
0.000324265 -0.00103352 0.999999
1.07301e-05 -0.0001548 1
-0.000140839 0.000722072 1
0.000581572 0.000918074 0.999999
-0.000462049 0.000287729 1
-0.00105944 -0.000174712 0.999999
8.51248e-05 0.000634988 1
-0.00205578 0.0091238 0.999956
0.000122984 -0.000250666 1
-0.000209283 -0.000919281 1
-0.00745408 0.0175856 0.999818
2.91928e-05 0.00105564 0.999999
-0.00745442 0.00773606 0.999942
8.21857e-05 0.000642682 1
0.00101028 0.000877146 0.999999
0.000969145 -1.85126e-05 1
-0.000463855 0.00143091 0.999999
0.000377881 6.44127e-05 1
-0.000470709 -0.0005824 1
-0.0015302 -0.000128077 0.999999
-0.000818491 -3.00353e-05 1
-0.000679907 0.000180397 1
0.000933985 -0.000117575 1
0.000555198 0.00118334 0.999999
-0.00104555 0.00051628 0.999999
0.000621465 0.00107298 0.999999
0.000690978 0.000963232 0.999999
-0.00128601 0.00165331 0.999998
-0.000740266 0.000420892 1
-0.00111983 0.00186314 0.999998
9.99301e-05 0.000644795 1
-0.000377638 -0.000150705 1
-0.000254529 -0.000286289 1
-0.000374021 -0.000738909 1
-0.001875 -0.00110605 0.999998
-0.00171977 -0.000173257 0.999999
0.00169045 -0.000813641 0.999998
0.00231321 9.84718e-05 0.999997
-0.000464714 0.00142897 0.999999
-0.000749328 0.000415443 1
0.00199156 0.000273652 0.999998
0.000732641 -0.000284216 1
-0.00070274 -0.000197062 1
-0.00037167 -3.32666e-05 1
0.000351383 0.000142247 1
-0.000577735 0.000154449 1
-0.000807688 -0.00017918 1
5.62527e-05 0.000257308 1
-0.000487806 0.000210622 1
-0.000360005 0.000322703 1
-0.000776375 -0.000119302 1
-0.000483163 0.000110349 1
-0.000540113 7.01864e-05 1
0.000195994 7.51234e-05 1
-0.000581089 0.00053084 1
2.35262e-05 0.000377478 1
-0.000133226 -0.000462607 1
-0.000679727 0.000180863 1
-0.000648348 0.000196121 1
-9.72275e-05 0.000353139 1
-0.000472542 -4.62577e-06 1
0.00635306 0.0043272 0.99997
-0.000216281 -0.00052346 1
-0.00100223 0.000392121 0.999999
-0.000701178 -0.0007252 0.999999
-0.00108938 -0.00202491 0.999997
0.000540036 0.000360057 1
-0.000213051 -0.000205102 1
0.000476018 -0.00102705 0.999999
-0.00111602 0.000362775 0.999999
-0.000190268 0.000169674 1
-0.000251953 0.00141302 0.999999
-0.000771629 0.000991905 0.999999
-0.000116428 -0.000122661 1
3.74345e-05 0.000261673 1
-0.000476133 -7.70869e-05 1
0.00213552 0.00263422 0.999994
-0.000963552 0.000360199 0.999999
-0.00104703 0.000326801 0.999999
-0.00150889 -0.000916029 0.999998
-0.00120307 -0.000314137 0.999999
0.000560196 0.00100822 0.999999
-0.00136599 4.45634e-05 0.999999
-0.000245935 0.000279057 1
0.00021542 0.000575835 1
-0.000863699 -0.00201661 0.999998
-0.000200014 0.000907714 1
0.000438405 0.00111787 0.999999
-0.00153502 -0.000948134 0.999998
-0.00108245 -0.00209183 0.999997
-0.000347949 -0.00181786 0.999998
-0.00106703 -0.00132645 0.999999
-0.000569822 0.000868788 0.999999
-0.000920385 -0.000968622 0.999999
-5.66049e-05 -0.00170885 0.999999
-0.000330363 -0.000273429 1
-0.000845048 -1.40389e-05 1
-0.000146738 -0.000544326 1
-0.000234066 -0.000208699 1
-0.00197665 0.000335748 0.999998
-0.000323705 -0.000469704 1
-0.000702345 -0.00081719 0.999999
0.000604796 4.68154e-05 1
-0.00152044 -0.000950837 0.999998
0.000742961 0.000317725 1
-0.000256889 -8.16247e-05 1
-0.00113771 -0.00146679 0.999998
0.00106155 0.000678715 0.999999
0.00103092 0.000747676 0.999999
-0.000969334 0.000366702 0.999999
-0.000763789 -0.00201714 0.999998
0.000655628 0.000913117 0.999999
0.0003337 0.000191688 1
-0.000620059 0.000543884 1
7.43602e-05 0.000195323 1
6.61348e-05 0.000519936 1
-0.000275233 -0.00115626 0.999999
0.000301599 0.00118655 0.999999
0.00121078 0.000867012 0.999999
5.36912e-05 0.000712426 1
0.000337658 0.000230572 1
0.000268524 0.00116818 0.999999
0.000192313 0.000518006 1
0.000217832 0.000581871 1
-0.000301124 -0.00023311 1
0.000144575 -0.00148614 0.999999
-0.00193392 -0.000890485 0.999998
-4.01252e-05 0.000726674 1
0.000820961 0.00124198 0.999999
-0.000330538 -0.00184331 0.999998
0.00055812 -0.0018509 0.999998
0.00120497 0.000845455 0.999999
1.93952e-05 -0.00122566 0.999999
2.64497e-05 -0.000646537 1
-0.000256096 0.000687012 1
-0.000198343 0.000435809 1
-0.000463148 0.00156239 0.999999
-0.000791458 -0.000770813 0.999999
-0.000167339 -0.000239514 1
-0.000321417 -0.000490313 1
-0.000844797 -2.03912e-05 1
-0.00181924 -0.0003624 0.999998
0.00145465 -0.000797437 0.999999
-0.000701345 0.00095996 0.999999
0.000239851 -0.000643639 1
-0.00152221 -0.000132698 0.999999
0.000514479 2.13609e-05 1
-0.000839509 -3.55911e-05 1
-0.000102558 0.000362499 1
-0.00047774 0.000105403 1
-1.6851e-05 -0.000754473 1
-0.000185129 0.000329173 1
-0.000845273 0.000132021 1
0.000262743 0.000446658 1
-0.000132992 0.00137338 0.999999
-0.00046401 0.0015604 0.999999
0.00068273 -7.24894e-06 1
0.000286635 0.000169609 1
-0.00211814 0.000918084 0.999997
0.000413754 0.000519953 1
-0.000426293 0.00312848 0.999995
0.000737015 -0.000369399 1
-7.39216e-05 0.0020804 0.999998
-0.000427173 -0.000798801 1
-0.00108767 0.000919833 0.999999
2.89167e-05 0.000266919 1
0.000399959 0.000499471 1
0.000768083 -0.00118782 0.999999
-0.000477739 0.000105403 1
-0.000148042 -0.000870658 1
-8.89948e-05 -0.000716895 1
0.00031992 0.000264298 1
0.000637322 0.000758058 1
0.000217309 0.000580999 1
-9.49135e-05 0.000355543 1
-0.00085446 9.10191e-06 1
-0.000830442 -2.92211e-05 1
-0.00112962 0.00164578 0.999998
0.00136142 -0.000350241 0.999999
2.80544e-05 0.000362634 1
0.000111266 -0.000580284 1
-3.96877e-05 2.80347e-05 1
0.000176376 9.10836e-05 1
-0.00156253 0.000926886 0.999998
0.00019321 0.00051829 1
0.000124102 -0.000536903 1
0.000159063 0.000186066 1
3.46268e-05 0.000263402 1
0.000736342 -0.000368923 1
-0.00091975 7.62437e-05 1
-7.24967e-05 0.000548495 1
0.000626923 -0.00107725 0.999999
0.000119302 0.00037106 1
0.00031291 0.000805228 1
0.000700756 -0.000250636 1
-0.000335549 -0.000271286 1
4.7877e-05 0.000255241 1
-0.000223074 -0.000942161 1
0.000826921 -0.000670008 0.999999
0.00019315 0.000518271 1
-0.000321757 -6.94002e-05 1
-0.00105202 0.00134316 0.999999
-0.00035391 3.26227e-05 1
0.00021702 0.000580518 1
-0.000201427 -0.000428435 1
-0.000811063 -2.6667e-05 1
-3.04502e-05 9.74956e-05 1
-0.00069838 -0.000334264 1
0.000921719 0.00223749 0.999997
-0.000895661 6.44382e-05 1
5.03684e-05 0.000711312 1
-7.08689e-05 0.000526022 1
0.000480119 0.000394139 1
-5.65169e-05 0.000472816 1
0.000331488 0.00016538 1
0.000192135 -3.08506e-05 1
-0.000143227 -0.000246354 1
-0.00090744 -0.000342089 1
-0.00059197 0.000482021 1
-0.000346481 0.000363901 1
-0.000847046 -2.20649e-05 1
0.00150957 0.000661368 0.999999
-0.000470913 0.000185236 1
-0.00211572 0.000916063 0.999997
-0.00087063 0.000640778 0.999999
-0.00050653 -0.000343437 1
-0.00170475 -3.32706e-05 0.999999
0.000178588 0.00165335 0.999999
0.000151616 9.97169e-06 1
-0.000996256 -0.000273351 0.999999
0.000395915 0.000453026 1
0.000755268 -5.19548e-05 1
0.00054473 9.91963e-05 1
-0.00108851 -0.000251104 0.999999
0.000154803 0.00073687 1
-0.00014257 -0.00075692 1
-0.000236525 -0.00044774 1
-0.000326149 -0.000254998 1
-0.000219361 0.000167737 1
-0.000176538 0.000635967 1
-0.000450407 -0.000255422 1
-0.00033692 -0.00021934 1
0.0014823 0.00305216 0.999994
-0.00034115 0.000350551 1
-0.00255895 -0.00210664 0.999995
-0.000492793 -0.00187126 0.999998
9.58659e-05 0.00052893 1
-0.00112924 0.00199658 0.999997
0.000269974 0.000852589 1
-0.000343275 0.000451361 1
-0.000606345 0.000387331 1
-0.000602732 0.000227886 1
0.000276129 0.000850201 1
1.12895e-05 0.00010505 1
-0.000964732 -0.00122199 0.999999
0.00142296 0.00112242 0.999998
0.000520688 0.000126391 1
-0.000808901 -2.71996e-05 1
-0.00281192 0.0074822 0.999968
-0.000431266 -0.000307039 1
-0.00010377 8.43208e-05 1
-4.41363e-05 9.72781e-05 1
-0.000482427 -0.000406994 1
-0.000478829 0.000104962 1
-0.00162811 -0.00122469 0.999998
-0.000850799 0.000526241 1
0.000135965 0.000346695 1
-7.28233e-05 -9.76633e-05 1
-0.00029211 0.000468185 1
-0.000865286 4.84728e-05 1
-0.000355465 0.000445342 1
-0.000353672 0.000395134 1
0.000816707 0.000832173 0.999999
0.000120159 -0.000858201 1
3.59439e-05 0.000252476 1
0.000675871 -0.00078451 0.999999
0.000823438 -0.00120297 0.999999
-0.000372376 0.000898474 1
-0.000101086 0.000831685 1
-0.000491174 0.000682715 1
0.000310969 -9.19308e-05 1
0.0005835 -0.000734275 1
0.000349729 -0.00255607 0.999997
-1.54943e-05 -0.0002991 1
0.000329039 -0.00135602 0.999999
0.000258302 -0.00173071 0.999998
0.000318988 -0.00132916 0.999999
0.000588662 0.00152282 0.999999
0.00282971 -0.000582936 0.999996
-0.000954164 2.40642e-05 1
0.00248961 0.00144673 0.999996
0.00126663 0.00116754 0.999999
0.00231595 0.00132448 0.999996
0.00264613 -0.00054032 0.999996
0.000609078 -0.00197053 0.999998
0.000650458 -0.00206712 0.999998
0.00162084 0.0017248 0.999997
0.00231025 -9.28763e-05 0.999997
-0.000655063 -0.00177266 0.999998
6.95587e-05 -0.00192644 0.999998
0.0016504 0.00138631 0.999998
0.00159684 0.0014117 0.999998
0.000524311 0.00158747 0.999999
0.000504784 0.00137673 0.999999
0.00144875 0.000656784 0.999999
0.00144813 0.00066593 0.999999
0.00100467 0.00100622 0.999999
0.0010237 0.00101296 0.999999
0.00105216 0.00139857 0.999998
0.00105204 0.00139738 0.999998
0.00118115 -1.18831e-05 0.999999
0.000700217 0.000517654 1
0.00100084 0.000455001 0.999999
0.00049835 0.000678619 1
0.000503916 -0.000149287 1
0.000786394 0.000194871 1
0.00077846 0.000201962 1
0.000243108 0.000386145 1
0.000551768 0.000203504 1
0.000554733 0.000194732 1
0.000240836 0.000359466 1
0.000360041 0.000181928 1
0.000231597 -0.000506466 1
0.000296391 -0.000665108 1
0.000182123 9.64109e-05 1
-0.00166355 0.000690614 0.999998
-0.00103299 0.00157704 0.999998
4.06045e-05 0.00117985 0.999999
-0.00146182 0.00127992 0.999998
-0.00189327 0.00141467 0.999997
-2.53574e-05 0.000532145 1
-0.00146219 0.00128033 0.999998
-0.00199463 0.00151088 0.999997
-0.00189319 0.00141491 0.999997
-0.000751945 0.000471054 1
-0.000386324 0.00142053 0.999999
0.000198841 -0.000466722 1
-0.00122693 0.0017084 0.999998
-0.00122242 0.00169844 0.999998
-0.000426918 -0.000687211 1
-0.00132172 0.00209512 0.999997
-0.000759183 0.000447418 1
0.000692371 -0.000402304 1
-0.000518199 -0.00191654 0.999998
-0.000144614 -0.000500928 1
0.00164204 0.00130423 0.999998
-7.17308e-05 -8.39088e-05 1
-0.000252273 0.00119863 0.999999
8.30227e-05 -0.000349942 1
0.00203033 0.00173487 0.999996
-0.000861369 -7.52063e-06 1
0.00105603 0.000457304 0.999999
0.000647608 0.000949745 0.999999
-0.0002514 0.00121444 0.999999
0.000145144 0.000759365 1
-0.000549391 0.000216033 1
0.00016744 0.000836494 1
0.000662756 0.00135852 0.999999
0.000109106 -0.000363697 1
0.000234732 -0.000235293 1
-0.0015903 0.000896678 0.999998
-0.000639311 0.000325959 1
0.000679283 -0.000387659 1
-4.37562e-05 0.000729501 1
-0.00168872 -0.00100836 0.999998
-0.0013867 0.00054422 0.999999
-0.00187122 -0.00109543 0.999998
-0.000290515 0.00138172 0.999999
6.76325e-05 3.59577e-05 1
0.000688741 -0.000380241 1
0.000558674 2.71794e-05 1
-0.000349935 -0.000386745 1
-0.000226139 -0.000553552 1
-0.00021565 -0.000217427 1
-0.000533456 4.68264e-05 1
-0.000255603 -0.00033916 1
0.000524303 0.00158739 0.999999
-0.00123154 0.00249811 0.999996
-0.000799432 0.000157968 1
0.000622826 0.000975461 0.999999
0.000816395 0.00124864 0.999999
-0.000160159 -0.000497885 1
0.000571708 0.00059824 1
0.000604529 0.000661118 1
-0.000250674 0.00119123 0.999999
0.000512423 0.00129682 0.999999
0.000232356 0.000679536 1
0.00103454 -0.000145817 0.999999
0.000518046 0.0013601 0.999999
-5.36934e-05 0.00202554 0.999998
-0.000929348 0.00171376 0.999998
-6.11949e-05 0.0013065 0.999999
-5.29856e-05 0.0020294 0.999998
-0.000106544 0.00120475 0.999999
0.000139811 -0.00188952 0.999998
-0.0013176 0.00208522 0.999997
0.000833332 0.00149635 0.999999
0.00272218 0.00128036 0.999995
-0.00078505 0.00184392 0.999998
7.87012e-05 5.97354e-05 1
0.000178588 0.00165335 0.999999
-0.000632763 0.000188916 1
-0.000881702 0.000662223 0.999999
0.000187055 -0.000479457 1
-0.000195915 -4.47558e-05 1
9.21216e-05 -0.000334255 1
-0.00213672 0.00090517 0.999997
-0.00186333 0.00150466 0.999997
-0.00213976 0.000907665 0.999997
-0.000199333 0.00110802 0.999999
0.00132608 0.00118919 0.999998
0.000317924 0.000173754 1
-0.000438709 0.00018382 1
-0.000490767 0.00021713 1
0.00030486 -0.00242792 0.999997
-0.000355556 -0.00194626 0.999998
-0.00047571 0.00023259 1
-0.000544844 -0.00227941 0.999997
0.000217081 -0.00185479 0.999998
-0.000565949 -0.00221685 0.999997
4.61254e-05 -0.00158175 0.999999
-0.00167435 0.000415513 0.999999
-4.99967e-05 -0.0015111 0.999999
0.000217652 -0.000477267 1
0.000358854 -0.000652292 1
0.000147845 -0.000621137 1
6.71785e-05 -0.000531584 1
0.000232341 -0.000505958 1
0.000209235 -0.000477604 1
-0.000145697 -0.00049729 1
5.48388e-05 -0.000526061 1
-0.000145234 -0.00050065 1
6.99884e-05 -0.000770574 1
-0.000142844 -0.000495071 1
-0.000180184 -0.000554463 1
3.4719e-05 -0.000385878 1
-0.000205046 -0.000420074 1
0.000438383 4.84882e-05 1
-0.00205578 0.0091238 0.999956
-0.00722721 0.0080013 0.999942
0.000268387 0.000249052 1
0.000194994 0.000792762 1
0.000742691 0.00610426 0.999981
-0.00707248 0.00783425 0.999944
-0.000276538 -0.000399433 1
-0.000143364 -0.000487579 1
-0.000723575 0.000158706 1
-0.000733175 0.000123302 1
-0.000562124 0.000193778 1
SCALARS fiber_stretch float
LOOKUP_TABLE default
0.987936
0.987745
0.988509
0.97658
0.987879
0.972471
0.989116
0.988253
0.973687
0.979766
0.98829
0.977376
0.979238
0.97499
0.973195
0.976361
0.988324
0.975345
0.988222
0.972499
0.979202
0.977081
0.980712
0.98764
0.97242
0.97231
0.976352
0.988221
0.985564
0.97698
0.978364
0.988487
0.972347
0.988366
0.97309
0.988334
0.974003
0.988317
0.988724
0.981144
0.97854
0.972983
0.985195
0.972475
0.97274
0.979223
0.975652
0.972636
0.973276
0.985555
0.985169
0.975052
0.985115
0.984544
0.981859
0.972217
0.979073
0.981586
0.978483
0.988335
0.988292
0.984232
0.975418
0.98577
0.985174
0.976267
0.982794
0.98277
0.989026
0.971258
0.989024
0.986495
0.976813
0.983408
0.98896
0.971083
0.987781
0.983643
0.977413
0.974934
0.97572
0.988987
0.988326
0.988908
0.975708
0.985732
0.976754
0.987891
0.988716
0.981753
0.976682
0.979895
0.986161
0.985327
0.986238
0.985123
0.988282
0.988067
0.985226
0.983997
0.987471
0.987881
0.974794
0.988228
0.973564
0.978796
0.986139
0.979801
0.985624
0.988281
0.984509
0.977197
0.975486
0.988277
0.988238
0.987505
0.987718
0.988754
0.98572
0.988935
0.987227
0.983571
0.981075
0.972582
0.988595
0.973305
0.975599
0.987695
0.987709
0.976008
0.987112
0.972482
0.987151
0.973281
0.988309
0.987708
0.973209
0.988812
0.98217
0.982805
0.9793
0.987512
0.98663
0.981229
0.979452
0.977778
0.987843
0.982067
0.981415
0.98902
0.973506
0.981948
0.986158
0.973499
0.985823
0.985822
0.974675
0.973062
0.976852
0.985685
0.988821
0.989111
0.976376
0.981493
0.981308
0.984318
0.988238
0.985641
0.974751
0.976939
0.984427
0.988141
0.985811
0.987941
0.975566
0.985379
0.988992
0.98855
0.983644
0.98371
0.98901
0.973208
0.98004
0.974385
0.985146
0.988528
0.98432
0.976435
0.984951
0.982516
0.982846
0.988538
0.977642
0.978644
0.988943
0.982097
0.984446
0.98896
0.985811
0.982102
0.984317
0.988699
0.977645
0.989191
0.988072
0.974095
0.973323
0.985907
0.989071
0.983884
0.983917
0.972237
0.984823
0.982996
0.988682
0.988898
0.988723
0.985954
0.973344
0.985576
0.987542
0.979968
0.984141
0.986047
0.982073
0.986775
0.976123
0.985541
0.987526
0.972544
0.981154
0.981377
0.98478
0.986665
0.988315
0.978097
0.982877
0.982878
0.987409
0.987386
0.986146
0.986038
0.989207
0.983014
0.989079
0.984757
0.988856
0.988108
0.988025
0.986212
0.982807
0.989202
0.988425
0.984051
0.982963
0.976874
0.983034
0.984109
0.980018
0.975644
0.982943
0.982735
0.985692
0.988297
0.975592
0.984704
0.980018
0.980484
0.983662
0.984436
0.978148
0.984439
0.985207
0.985576
0.978423
0.985708
0.989078
0.985739
0.983898
0.985693
0.973014
0.98572
0.976969
0.972235
0.972302
0.976922
0.977296
0.975486
0.976926
0.971004
0.970904
0.986209
0.980018
0.979282
0.976746
0.976685
0.977296
0.978257
0.970791
0.97063
0.978358
0.974385
0.978245
0.974385
0.988097
0.98657
0.971199
0.971201
0.976595
0.976589
0.974083
0.974289
0.973147
0.973323
0.977753
0.973444
0.987876
0.973015
0.986768
0.974122
0.974059
0.983526
0.974673
0.978807
0.974174
0.974444
0.976389
0.976693
0.977618
0.98834
0.977929
0.974681
0.974833
0.988319
0.983595
0.988201
0.978055
0.977156
0.977819
0.987986
0.983887
0.988507
0.978591
0.979361
0.978543
0.985727
0.97365
0.979754
0.988417
0.980388
0.980495
0.978413
0.9784
0.981518
0.980556
0.976927
0.979401
0.979312
0.980372
0.983594
0.988448
0.980368
0.98606
0.98386
0.979857
0.981908
0.981614
0.976293
0.97514
0.975393
0.982001
0.974709
0.980821
0.980824
0.983084
0.983084
0.988429
0.982929
0.976143
0.981856
0.973481
0.973699
0.982607
0.98255
0.98303
0.980964
0.983012
0.983652
0.981742
0.984101
0.98404
0.974139
0.986188
0.986223
0.983986
0.98617
0.984059
0.983986
0.986206
0.979585
0.98061
0.973262
0.983614
0.985878
0.985883
0.984448
0.984671
0.988804
0.984671
0.984428
0.984788
0.984788
0.98721
0.980811
0.983659
0.984841
0.984841
0.973425
0.977439
0.984974
0.977376
0.98021
0.984944
0.982295
0.988947
0.979065
0.98858
0.984944
0.98553
0.985233
0.985232
0.985047
0.985526
0.985318
0.97721
0.978788
0.985373
0.985358
0.986101
0.986094
0.987635
0.985789
0.985819
0.985993
0.985855
0.975648
0.985256
0.988366
0.986269
0.986145
0.98763
0.987361
0.986133
0.986609
0.986618
0.98662
0.986456
0.986485
0.986132
0.984951
0.987434
0.973852
0.987364
0.974328
0.987909
0.974106
0.973676
0.98675
0.988364
0.987449
0.987442
0.986631
0.986864
0.986317
0.986715
0.986886
0.987444
0.987424
0.987211
0.987047
0.987049
0.987239
0.987072
0.987332
0.98741
0.987347
0.986998
0.986974
0.980411
0.987732
0.987595
0.987622
0.987418
0.987431
0.986906
0.987638
0.987622
0.987418
0.987424
0.98759
0.987164
0.987317
0.987563
0.987438
0.988139
0.988142
0.987851
0.988128
0.986909
0.987418
0.987648
0.987994
0.987435
0.987825
0.987839
0.98831
0.98831
0.98833
0.988338
0.988484
0.988959
0.976607
0.988484
0.987236
0.988271
0.987579
0.988374
0.980044
0.988524
0.988594
0.984503
0.975324
0.984583
0.988986
0.987222
0.98868
0.983977
0.98909
0.989086
0.988749
0.988755
0.988678
0.980138
0.988614
0.988613
0.988773
0.988769
0.988826
0.988825
0.988769
0.988774
0.988747
0.988747
0.988828
0.988826
0.98864
0.988639
0.9889
0.988904
0.988772
0.988772
0.988775
0.98883
0.977669
0.977784
0.971576
0.971292
0.968396
0.968514
0.977082
0.977128
0.974716
0.972467
0.97317
0.974716
0.972487
0.971542
0.971558
0.98
0.977696
0.975809
0.975742
0.973557
0.987495
0.973684
0.97362
0.975454
0.975376
0.987219
0.988056
0.98899
0.974481
0.975915
0.987634
0.988488
0.988157
0.987935
0.976236
0.976387
0.985188
0.988357
0.987854
0.97972
0.988514
0.988558
0.978187
0.979188
0.988365
0.988858
0.979231
0.979338
0.977327
0.987878
0.976357
0.984631
0.984327
0.988474
0.988828
0.988832
0.988388
0.980652
0.974114
0.988818
0.985496
0.983
0.984752
0.983287
0.983288
0.985879
0.988832
0.988476
0.988344
0.988131
0.98022
0.983216
0.986767
0.981729
0.983818
0.973316
0.981649
0.983027
0.985877
0.987882
0.973065
0.973779
0.973412
0.972899
0.981542
0.973732
0.973737
0.985822
0.973797
0.986649
0.981642
0.986328
0.986471
0.973425
0.9864
0.986418
0.988172
0.98568
0.985672
0.973863
0.987052
0.987124
0.987066
0.986851
0.986833
0.973865
0.986915
0.983957
0.987537
0.981688
0.987473
0.987133
0.985887
0.980772
0.987697
0.987636
0.987963
0.981922
0.984691
0.986283
0.987701
0.988223
0.98822
0.988463
0.988476
0.98831
0.98832
0.988201
0.988203
0.988065
0.985017
0.974571
0.988653
0.988647
0.98884
0.988713
0.988836
0.988713
0.98889
0.988837
0.988724
0.988724
0.988978
0.988797
0.98
0.974385
0.985926
0.983219
0.974344
0.974372
0.975985
0.9815
0.972012
0.97841
0.978447
0.988282
0.983585
0.981721
0.981766
0.975473
0.988909
0.980499
0.980535
0.98093
0.980066
0.988398
0.985896
0.988528
0.988272
0.986531
0.988902
0.979655
0.986895
0.987183
0.98717
0.987209
0.987641
0.987629
0.988041
0.988653
0.988624
0.974626
0.988199
0.988202
0.98884
0.988797
0.974363
0.97201
0.98
0.97472
0.974753
0.974573
0.975776
0.97715
0.977083
0.977833
0.979308
0.980189
0.98872
0.983103
0.98232
0.983887
0.98415
0.982844
0.983852
0.975392
0.988881
0.977542
0.980259
0.98617
0.979528
0.98841
0.986946
0.987044
0.987187
0.987196
0.986768
0.973656
0.98841
0.988408
0.988345
0.988839
0.988841
0.988734
0.976128
0.97622
0.974593
0.970789
0.970839
0.97201
0.975322
0.977452
0.977002
0.977764
0.980027
0.978154
0.978931
0.979391
0.9886
0.981549
0.981676
0.982214
0.982826
0.988682
0.973984
0.984174
0.984614
0.984915
0.984917
0.984996
0.985333
0.985617
0.985638
0.986175
0.986947
0.986506
0.986516
0.986519
0.987046
0.987142
0.987198
0.987218
0.986755
0.987504
0.98696
0.988737
0.973987
0.977889
0.988489
0.988734
0.98864
0.988645
0.988783
0.988783
0.971456
0.986952
0.980603
0.978796
0.982958
0.975344
0.97686
0.977006
0.98443
0.977892
0.987827
0.980455
0.980296
0.973276
0.981857
0.983078
0.986121
0.98286
0.980298
0.980984
0.984902
0.98515
0.972992
0.988209
0.987886
0.988638
0.972809
0.986623
0.986912
0.986898
0.986991
0.987767
0.982866
0.988144
0.988313
0.98849
0.988647
0.971671
0.977926
0.975461
0.973245
0.979409
0.978355
0.979368
0.984765
0.979705
0.983175
0.984895
0.987782
0.984911
0.985152
0.975102
0.988063
0.986976
0.98711
0.985139
0.988117
0.988502
0.988827
0.988817
0.988888
0.988812
0.987412
0.98885
0.976723
0.97166
0.979115
0.971749
0.979115
0.988715
0.974886
0.988711
0.974186
0.975311
0.98513
0.977573
0.984719
0.977049
0.98819
0.987869
0.977765
0.978409
0.987871
0.980242
0.988242
0.97915
0.980904
0.980994
0.980934
0.981582
0.98317
0.983375
0.983177
0.982306
0.983607
0.983379
0.984769
0.984764
0.985047
0.985612
0.985616
0.985606
0.984995
0.985982
0.986251
0.98615
0.986251
0.9863
0.986536
0.986151
0.986706
0.98651
0.986692
0.98671
0.986532
0.986941
0.987169
0.986974
0.987339
0.988195
0.988181
0.987274
0.988095
0.987767
0.987787
0.974511
0.982667
0.988868
0.988868
0.98823
0.989177
0.987712
0.97848
0.975359
0.974145
0.974372
0.974216
0.979282
0.984716
0.973709
0.982819
0.989059
0.988901
0.979276
0.98894
0.982918
0.982832
0.976689
0.987773
0.97279
0.984354
0.984576
0.983186
0.972991
0.984755
0.973507
0.976037
0.983554
0.975672
0.974706
0.986858
0.983923
0.983554
0.987829
0.975231
0.987891
0.978682
0.974572
0.983981
0.983928
0.983545
0.976563
0.983607
0.977396
0.97363
0.973842
0.985845
0.987923
0.975314
0.97582
0.979593
0.976075
0.984591
0.979638
0.986284
0.977215
0.974453
0.981251
0.982483
0.984125
0.985205
0.985166
0.987884
0.988157
0.987365
0.98784
0.987388
0.987186
0.984705
0.987808
0.987213
0.977125
0.988264
0.987517
0.987484
0.976655
0.987724
0.984327
0.979925
0.98754
0.984036
0.975633
0.976495
0.984167
0.988177
0.979115
0.988398
0.979467
0.98821
0.988204
0.985713
0.987924
0.988086
0.981189
0.972875
0.988735
0.982993
0.988191
0.981221
0.988415
0.988416
0.988655
0.988834
0.988934
0.988897
0.988185
0.974364
0.981462
0.987349
0.986095
0.980635
0.98736
0.982413
0.974437
0.987359
0.977058
0.980667
0.970926
0.980143
0.986734
0.970903
0.979871
0.981205
0.984687
0.980597
0.983671
0.972825
0.972966
0.985325
0.974294
0.988404
0.974676
0.980195
0.972907
0.987892
0.987352
0.979808
0.973896
0.9776
0.974673
0.979418
0.97846
0.978412
0.977589
0.977289
0.979724
0.978447
0.988866
0.989039
0.976824
0.975598
0.97921
0.988839
0.988816
0.988818
0.988678
0.989034
0.988948
0.988836
0.973002
0.983069
0.977743
0.988949
0.975514
0.977145
0.988931
0.976498
0.988949
0.982478
0.982756
0.987852
0.988497
0.982852
0.983066
0.984665
0.985881
0.985892
0.983819
0.989021
0.983669
0.988103
0.988213
0.988275
0.989072
0.988942
0.987747
0.988396
0.986715
0.988274
0.98895
0.988933
0.983744
0.988829
0.974259
0.989097
0.980595
0.983608
0.983689
0.988955
0.987669
0.988894
0.989068
0.987639
0.988927
0.988353
0.988827
0.988948
0.987605
0.982815
0.988373
0.976834
0.988653
0.984171
0.988304
0.986722
0.988902
0.986667
0.987622
0.979483
0.988401
0.987794
0.980044
0.988702
0.988887
0.988898
0.98876
0.986811
0.977475
0.984775
0.987956
0.98896
0.988821
0.988646
0.988246
0.98734
0.987939
0.987875
0.987874
0.988881
0.988938
0.988951
0.986689
0.987608
0.984587
0.988942
0.988944
0.987932
0.988361
0.987592
0.986684
0.987422
0.987895
0.987948
0.978096
0.976497
0.988218
0.988324
0.988466
0.979496
0.980636
0.976848
0.979801
0.975742
0.977926
0.976799
0.977459
0.97163
0.974484
0.973895
0.974004
0.988146
0.978146
0.986657
0.988863
0.988517
0.983764
0.987795
0.971935
0.97603
0.988045
0.974035
0.98832
0.988849
0.988801
0.974793
0.98833
0.987857
0.988497
0.988502
0.974864
0.974467
0.987816
0.987274
0.987694
0.987328
0.987717
0.977551
0.974358
0.988917
0.983036
0.974082
0.984703
0.984438
0.980285
0.988865
0.983045
0.984823
0.979751
0.984252
0.979891
0.972795
0.979039
0.979668
0.975799
0.979304
0.981591
0.988269
0.981557
0.974486
0.987997
0.987656
0.986246
0.978583
0.984981
0.985703
0.986087
0.982579
0.983725
0.978351
0.9809
0.980501
0.974373
0.98356
0.981602
0.977352
0.972286
0.987789
0.984428
0.980189
0.983605
0.983941
0.979785
0.977735
0.984009
0.974929
0.987682
0.979463
0.974466
0.979655
0.987214
0.987075
0.984787
0.988689
0.985685
0.985358
0.985121
0.985525
0.985457
0.985368
0.978647
0.979655
0.985098
0.986024
0.978627
0.978463
0.985981
0.986749
0.985851
0.98554
0.986946
0.986943
0.986622
0.979362
0.986446
0.987827
0.974484
0.989032
0.986749
0.988222
0.986758
0.97772
0.986318
0.986717
0.988677
0.972223
0.987211
0.987512
0.987278
0.987153
0.987025
0.989056
0.987918
0.980936
0.97536
0.985597
0.988577
0.985756
0.98762
0.987477
0.987563
0.987776
0.98733
0.987749
0.988249
0.987937
0.98133
0.988487
0.988117
0.988345
0.975004
0.972465
0.988342
0.988608
0.988453
0.987951
0.982271
0.984753
0.988642
0.988637
0.988473
0.988593
0.974934
0.973613
0.986903
0.978583
0.979206
0.988106
0.980932
0.987512
0.976227
0.988415
0.986902
0.986908
0.988841
0.984623
0.973649
0.974026
0.975736
0.973887
0.970631
0.973793
0.98629
0.980349
0.973796
0.982691
0.983456
0.9858
0.973843
0.975296
0.974823
0.987774
0.985599
0.988407
0.975226
0.988548
0.988644
0.987185
0.988708
0.985994
0.972111
0.986353
0.981313
0.988667
0.979773
0.977534
0.988771
0.982562
0.987855
0.982878
0.98683
0.987957
0.988656
0.986845
0.98193
0.986841
0.986305
0.974701
0.988762
0.982678
0.988014
0.97381
0.986817
0.987778
0.98882
0.987898
0.988774
0.98572
0.988348
0.988772
0.987814
0.981108
0.985727
0.985553
0.980298
0.988378
0.988265
0.988492
0.988478
0.985867
0.988806
0.987114
0.987091
0.976528
0.987836
0.987574
0.976235
0.987892
0.987379
0.98785
0.987858
0.973499
0.973837
0.988215
0.988224
0.988379
0.988177
0.988902
0.988355
0.988294
0.988877
0.987101
0.975866
0.988707
0.988787
0.988898
0.973166
0.984137
0.973004
0.976831
0.974083
0.985785
0.977631
0.975749
0.979644
0.977067
0.982733
0.987563
0.984825
0.984381
0.980564
0.981766
0.987849
0.979613
0.98005
0.979848
0.978423
0.986587
0.987374
0.988332
0.987115
0.987871
0.973311
0.988564
0.988689
0.975899
0.988499
0.973934
0.97484
0.976769
0.979402
0.975477
0.988537
0.98283
0.986058
0.98492
0.988371
0.987165
0.985004
0.985125
0.985546
0.988173
0.978207
0.988348
0.971866
0.972005
0.988348
0.974538
0.978561
0.985118
0.976542
0.988035
0.982709
0.988323
0.984233
0.977493
0.988352
0.984213
0.983921
0.987949
0.984867
0.985014
0.985353
0.985612
0.985977
0.985868
0.986648
0.988456
0.987368
0.986881
0.986512
0.98703
0.975417
0.98457
0.985118
0.98478
0.975905
0.98699
0.986897
0.985004
0.987842
0.975908
0.988329
0.971472
0.979508
0.98854
0.983707
0.985475
0.983907
0.985236
0.985697
0.985241
0.971709
0.987424
0.985014
0.976683
0.988754
0.988587
0.988306
0.984599
0.988385
0.98839
0.974651
0.988373
0.986597
0.988377
0.979846
0.988288
0.98813
0.988008
0.986483
0.985664
0.987753
0.984788
0.987745
0.987219
0.98826
0.988259
0.988482
0.978785
0.975009
0.97544
0.987357
0.984628
0.988106
0.988509
0.986485
0.976826
0.979623
0.981385
0.984367
0.980986
0.980515
0.980939
0.983102
0.983456
0.9831
0.982936
0.983513
0.983472
0.98503
0.985448
0.985612
0.985725
0.979904
0.981946
0.986236
0.981639
0.988551
0.986939
0.986707
0.986971
0.986816
0.987181
0.979762
0.986433
0.988176
0.979909
0.983645
0.989026
0.973224
0.978325
0.986498
0.988442
0.987554
0.987508
0.979156
0.976733
0.979953
0.987392
0.986478
0.979976
0.972552
0.987356
0.988777
0.980022
0.980298
0.983968
0.978196
0.986269
0.973068
0.985333
0.982065
0.987487
0.98064
0.98118
0.988802
0.988598
0.987158
0.97797
0.987496
0.988184
0.98614
0.97746
0.973516
0.983988
0.976999
0.976121
0.986925
0.98654
0.978064
0.983176
0.988387
0.981079
0.986019
0.97672
0.975095
0.988962
0.98653
0.987188
0.988363
0.979293
0.97858
0.988513
0.985739
0.988418
0.988684
0.979616
0.988834
0.97481
0.986644
0.988376
0.987709
0.986642
0.986846
0.988221
0.974013
0.986848
0.979602
0.988935
0.979145
0.981269
0.977026
0.981431
0.980899
0.98843
0.988506
0.976737
0.977623
0.98803
0.977798
0.987526
0.979199
0.987206
0.988749
0.988925
0.98667
0.988686
0.987892
0.987413
0.988031
0.986587
0.987685
0.977107
0.985027
0.976346
0.978728
0.986139
0.985105
0.979599
0.988592
0.988883
0.973648
0.988895
0.988491
0.978016
0.980134
0.986071
0.986429
0.978892
0.986574
0.988461
0.988945
0.988417
0.988565
0.988696
0.973335
0.987784
0.988339
0.987512
0.987924
0.97447
0.987568
0.976014
0.981477
0.988829
0.97925
0.987562
0.973746
0.974806
0.979254
0.986985
0.988234
0.988908
0.974011
0.981211
0.987826
0.976264
0.988827
0.9886
0.975459
0.98718
0.986466
0.98615
0.985305
0.986825
0.974607
0.987576
0.986148
0.977763
0.978088
0.986653
0.98675
0.974548
0.98579
0.987153
0.985073
0.988817
0.988818
0.988278
0.988691
0.988951
0.988194
0.982677
0.988348
0.98623
0.986363
0.985452
0.984633
0.988043
0.987419
0.98704
0.978402
0.978047
0.982929
0.981676
0.988132
0.987872
0.984571
0.986971
0.988841
0.981538
0.976691
0.988558
0.988027
0.987162
0.987105
0.987379
0.982312
0.983007
0.984088
0.983938
0.987939
0.988236
0.987219
0.988329
0.988464
0.983431
0.984686
0.979862
0.985948
0.984801
0.98757
0.987569
0.987048
0.988329
0.988237
0.979515
0.987481
0.987341
0.987738
0.987647
0.982671
0.973067
0.984802
0.988326
0.972052
0.976009
0.985127
0.985151
0.985817
0.974283
0.979246
0.974265
0.984208
0.988754
0.988943
0.987921
0.987063
0.980796
0.972918
0.984348
0.984045
0.978716
0.988167
0.983978
0.978293
0.988794
0.988298
0.97445
0.988302
0.977013
0.987936
0.98469
0.988533
0.979615
0.973292
0.972389
0.972951
0.976455
0.975633
0.973862
0.988342
0.987283
0.988928
0.987375
0.975105
0.986688
0.973561
0.987997
0.981552
0.987728
0.988823
0.988291
0.979504
0.979403
0.981696
0.988439
0.973111
0.974046
0.986142
0.977766
0.988281
0.987995
0.986096
0.988639
0.988099
0.988281
0.982002
0.988244
0.978507
0.987455
0.981003
0.974126
0.974331
0.988904
0.983927
0.988153
0.974199
0.988195
0.981595
0.988284
0.974723
0.974817
0.986796
0.981473
0.987875
0.972799
0.974326
0.975593
0.973755
0.985798
0.984632
0.984472
0.986902
0.976333
0.974925
0.98396
0.972176
0.987831
0.984472
0.980672
0.984341
0.972984
0.976294
0.977925
0.9855
0.981516
0.984614
0.984094
0.978345
0.987369
0.981448
0.978539
0.987719
0.987901
0.976914
0.97881
0.983176
0.975069
0.973721
0.982684
0.98667
0.986909
0.982887
0.980059
0.986625
0.979962
0.988409
0.982505
0.979518
0.981476
0.978418
0.984401
0.984757
0.98364
0.988337
0.984003
0.986187
0.97375
0.978978
0.981481
0.987181
0.981359
0.982831
0.985485
0.986434
0.98572
0.985449
0.985991
0.986482
0.984815
0.986188
0.988289
0.985174
0.972946
0.97346
0.973012
0.985455
0.974852
0.985555
0.987068
0.980689
0.980489
0.987231
0.984533
0.986842
0.976238
0.986802
0.980146
0.973876
0.986953
0.987419
0.98835
0.987148
0.987189
0.988562
0.98389
0.98785
0.973947
0.988643
0.980784
0.976684
0.98776
0.987248
0.988129
0.988805
0.973351
0.988466
0.988013
0.987922
0.988386
0.988336
0.981629
0.985652
0.988466
0.97571
0.987736
0.988862
0.988316
0.987134
0.974162
0.987245
0.973636
0.982883
0.988141
0.97575
0.988327
0.97874
0.986508
0.98602
0.973621
0.974305
0.978588
0.988324
0.982754
0.980219
0.985125
0.986894
0.983987
0.981469
0.987772
0.988043
0.980205
0.981512
0.978456
0.981281
0.98107
0.973107
0.976409
0.97266
0.988315
0.984589
0.988133
0.975318
0.985124
0.984107
0.982812
0.982471
0.985122
0.97361
0.98275
0.980644
0.981888
0.98669
0.973419
0.987296
0.987741
0.987387
0.987424
0.987839
0.987912
0.987378
0.973665
0.987357
0.988225
0.988929
0.988113
0.988035
0.988108
0.988889
0.987579
0.975436
0.988227
0.974215
0.983768
0.976849
0.987851
0.984435
0.984473
0.987748
0.986028
0.983948
0.978414
0.988524
0.987384
0.988412
0.973822
0.987952
0.987773
0.982642
0.984563
0.983533
0.984362
0.981565
0.988587
0.976538
0.985852
0.983813
0.98266
0.984226
0.98302
0.983921
0.98307
0.985311
0.977577
0.986857
0.987878
0.98651
0.986836
0.982478
0.987736
0.985665
0.97992
0.982687
0.97998
0.986715
0.981788
0.981729
0.980927
0.987956
0.976176
0.980946
0.987852
0.988198
0.987418
0.988009
0.977023
0.983841
0.98181
0.988213
0.988926
0.983664
0.988323
0.988615
0.973919
0.978714
0.982287
0.982741
0.984798
0.982946
0.984994
0.981325
0.985498
0.98578
0.98569
0.985815
0.984941
0.985774
0.9869
0.987683
0.987839
0.982406
0.972489
0.983052
0.984777
0.981223
0.987574
0.987859
0.986051
0.987388
0.975592
0.981572
0.985309
0.985531
0.979847
0.984938
0.97932
0.987926
0.982311
0.988324
0.972532
0.98052
0.981568
0.975944
0.972743
0.987361
0.988302
0.974582
0.987388
0.977076
0.976675
0.988955
0.98508
0.988603
0.988903
0.987893
0.98787
0.974034
0.972659
0.988915
0.975244
0.987212
0.986861
0.985378
0.98836
0.975775
0.988787
0.987377
0.980519
0.987936
0.980871
0.985786
0.986973
0.987541
0.980598
0.986827
0.987413
0.976372
0.980317
0.988358
0.986691
0.985683
0.988625
0.988596
0.988057
0.987795
0.988946
0.974529
0.973055
0.987894
0.98821
0.987318
0.987995
0.987228
0.987837
0.986158
0.985197
0.974081
0.988307
0.987952
0.987836
0.983166
0.987449
0.982318
0.986179
0.973555
0.984301
0.984951
0.986164
0.97494
0.987874
0.979389
0.979285
0.974246
0.982555
0.974907
0.974241
0.986841
0.987438
0.980113
0.974113
0.973923
0.971175
0.987871
0.973301
0.976187
0.987997
0.97473
0.978875
0.973089
0.988251
0.988139
0.97887
0.987206
0.983711
0.978106
0.979165
0.987764
0.973829
0.975329
0.988785
0.988687
0.984169
0.987379
0.973448
0.986097
0.987714
0.987319
0.986602
0.987888
0.986785
0.987931
0.974134
0.974786
0.987373
0.974821
0.974426
0.972964
0.97349
0.9739
0.974519
0.974933
0.977307
0.973568
0.976336
0.976815
0.976475
0.975642
0.977262
0.97068
0.978036
0.978602
0.978172
0.977621
0.977484
0.977437
0.978482
0.978819
0.976683
0.97829
0.982982
0.982979
0.982424
0.981777
0.983226
0.983213
0.984145
0.984112
0.983835
0.983834
0.98453
0.985352
0.984793
0.985469
0.986032
0.986237
0.986237
0.986927
0.986388
0.986392
0.986816
0.986721
0.988317
0.988213
0.986883
0.979687
0.983874
0.9781
0.980058
0.981013
0.988659
0.98007
0.976469
0.981023
0.97622
0.984011
0.974111
0.981979
0.981983
0.975763
0.982705
0.988183
0.98473
0.976635
0.988214
0.978507
0.987306
0.985828
0.988218
0.978151
0.987826
0.984761
0.984029
0.98584
0.98293
0.988194
0.9831
0.98143
0.97577
0.974856
0.981129
0.98826
0.984393
0.982805
0.985028
0.980978
0.985123
0.983897
0.986189
0.984405
0.987577
0.987905
0.988202
0.988502
0.988303
0.98848
0.982424
0.97225
0.985567
0.983867
0.984812
0.988075
0.98034
0.981943
0.985837
0.985108
0.985578
0.984447
0.985197
0.981463
0.981838
0.979736
0.981461
0.980251
0.978187
0.982704
0.982506
0.978019
0.98382
0.986169
0.984951
0.973543
0.986147
0.988434
0.986627
0.988168
0.981805
0.98291
0.981796
0.979357
0.978587
0.987899
0.987098
0.988449
0.977228
0.97692
0.988508
0.977477
0.97811
0.977375
0.977015
0.980812
0.976474
0.987961
0.988118
0.987987
0.988342
0.988317
0.988375
0.988218
0.988507
0.988215
0.988263
0.988219
0.988246
0.98855
0.988436
0.979279
0.97874
0.978568
0.976759
0.976078
0.979311
0.978598
0.988129
0.98823
0.987996
0.987966
0.988152
SCALARS pressure float
LOOKUP_TABLE default
0.0376701
0.0406872
0.0240647
0.306507
0.0137206
0.525766
0.0507633
0.0448876
0.437203
0.213326
0.0766987
0.259543
0.236855
0.337729
0.831063
0.301968
0.0319307
0.365701
0.038751
0.602127
0.211332
0.28007
0.0765645
0.0552757
0.652279
0.615067
0.354522
0.0468576
0.0780537
0.262769
1.94745
0.0463676
0.577743
0.0260924
0.367774
0.0389883
0.522659
0.00869398
0.0498542
0.094747
0.334362
0.785007
0.0625494
0.483651
0.687395
0.148187
0.588924
0.496106
0.422618
0.0916475
0.060846
0.424762
0.109736
0.08102
0.159601
0.718019
0.131396
0.189208
0.216736
0.0157344
0.0690376
0.0718215
0.387005
0.0508028
0.0584467
0.292319
0.13108
0.138695
0.0249569
0.612801
0.0199411
0.0454065
0.335106
0.100581
0.0324847
0.515052
0.0498218
0.0961985
0.268477
0.369391
0.320479
0.0266615
0.0277855
0.0439377
0.328522
0.0747701
0.241044
0.0322591
0.0497553
0.225305
0.259474
0.179383
0.0570011
0.0759331
0.0899775
0.0468038
0.0238261
0.02893
0.0935899
0.0310746
0.0385519
0.0413301
0.38046
0.0357578
0.503545
1.90139
0.0811503
0.261543
0.0614015
0.0258709
0.0538411
0.282893
1.13973
0.0649608
0.0367719
0.0371249
0.0310572
0.0416153
0.0669138
0.0136014
0.0795317
0.0274507
0.145325
0.575985
0.0497117
0.487749
1.13056
0.0306462
0.0665058
0.274488
0.0545386
0.515993
0.0561848
0.398926
0.0525381
0.0407481
0.456102
0.0241383
0.189224
0.151133
0.268616
0.0721638
0.0719372
0.126793
0.2913
0.208885
0.0149054
0.120991
0.127107
0.031189
0.453685
0.100172
0.0576826
0.47227
0.0774345
0.0827893
0.465663
0.533705
0.252461
0.0695916
0.00748517
0.0299
0.218713
0.147638
0.209042
0.0840253
0.0181091
0.00968265
0.382102
0.263136
0.0377422
0.0339749
0.0944047
0.0060555
0.403981
0.0609043
0.0127362
0.0120813
0.143889
0.0825511
0.0524086
0.360234
0.156298
0.652746
0.0807788
0.0244879
0.0770202
0.35854
0.0431327
0.131446
0.0582464
0.0360417
0.232903
1.08339
0.0362965
0.10012
0.0354858
0.0548917
0.103988
0.134201
0.066042
-0.00162869
0.292249
0.0375368
0.00980494
0.436052
0.55108
0.0784868
0.0456495
0.0633834
0.104317
0.739847
0.0795864
0.125966
0.0126329
0.0308435
0.051697
0.0685758
0.498328
0.0799394
0.0369218
0.118814
0.0976338
0.0652917
0.139987
0.0540819
0.323048
0.115355
0.0312022
0.557461
0.116307
0.142423
0.0920999
0.0358962
0.0725478
0.241674
0.067259
0.145172
0.0603519
0.0461221
0.0694681
0.036586
0.0323602
0.0768479
0.0325548
0.0606212
0.0348143
0.0250385
0.0370218
0.00449142
0.111546
0.0383825
0.0594123
0.16551
0.0798583
0.250346
0.123123
0.0958346
1.77007
0.364999
0.0916628
0.161383
0.0583952
0.0658146
0.397609
0.114612
1.77007
0.219595
0.0439216
0.075256
0.269402
0.094294
0.0474263
0.0293805
0.139665
0.0943899
0.0426349
0.070867
0.0837362
0.0818074
0.961778
0.0859165
1.54735
1.106
0.744026
1.30544
2.08641
2.27125
2.11911
0.511848
0.443484
0.0462833
1.77007
1.03977
0.541114
0.313894
2.08641
1.20859
0.746002
1.11779
1.12681
2.39479
1.97797
2.39479
0.0330684
0.0595349
0.637946
0.518152
0.529832
0.369654
0.429696
0.426371
0.51755
0.441515
0.522195
0.421655
0.0371973
0.355447
0.054807
0.428323
0.424709
0.17687
0.339387
0.142673
0.447652
0.461439
0.360675
0.36041
0.255132
0.0280906
1.01102
0.344319
0.320419
0.0462369
0.065881
0.0280657
0.25515
0.297204
0.222422
0.0281465
0.123393
0.0422253
0.288383
0.211599
0.286519
0.0724527
0.720672
0.190167
0.0290066
0.24098
0.243517
0.313906
0.306874
0.149967
0.203466
0.219536
0.165067
0.211097
0.212933
0.083301
0.0474093
0.19727
0.0809135
0.0826142
0.178959
0.160833
0.129984
0.355337
0.384324
0.366768
0.173191
0.710716
0.135673
0.149852
0.069783
0.0682432
0.0219427
0.0623203
0.36199
0.177671
0.485412
0.469986
0.124651
0.112258
0.134865
0.164159
0.095342
0.024433
0.0952354
0.0983519
0.0926857
0.378398
0.0608253
0.0611061
0.0745665
0.0372676
0.106578
0.0704006
0.0626491
0.220623
0.174804
0.468008
0.0944391
0.0515963
0.0649881
0.0972796
0.0785297
0.0193782
0.0803032
0.0634981
0.0758317
0.0650637
0.0671631
0.147288
0.0460388
0.0772458
0.0794668
0.440351
0.336866
0.094143
0.260915
0.221101
0.0658446
0.15833
0.0316892
0.230066
0.0209183
0.0535112
0.0677576
0.0653221
0.0911786
0.0698709
0.0643359
0.0625688
0.264614
0.095136
0.0767609
0.0653
0.0689765
0.0644788
0.0274978
0.0554972
0.058168
0.0704326
0.0703873
0.240712
0.069156
0.039403
0.0767958
0.0634231
0.0308324
0.0354695
0.0619929
0.0504739
0.0468271
0.0449622
0.0389143
0.0272687
0.0643389
0.0801075
0.0344035
0.543761
0.0330361
0.546564
0.0375788
0.497026
0.448652
0.0544114
0.0402882
0.0259339
0.0367174
0.0411475
0.0434469
0.0806252
0.0544232
0.0387436
0.0416325
0.0328716
0.0330579
0.0530311
0.0524274
0.0381399
0.0284398
0.0376086
0.0281187
0.04208
0.035968
0.0417471
0.131545
0.0329987
0.0257021
0.0231998
0.0337287
0.0368507
0.0516712
0.0348123
0.0264615
0.0281655
0.0317929
0.0334951
0.0409036
0.031278
0.0351341
0.0443852
0.0308338
0.027448
0.026816
0.0275859
0.0505168
0.0338332
0.03643
0.0264927
0.0455062
0.0305253
0.0207047
0.0317007
0.0320013
0.0144242
0.0294389
0.0198336
0.0220145
0.289855
0.0299283
0.0477189
0.00333388
0.0308811
0.0246592
0.140654
0.0176923
0.0163941
0.0134642
0.413253
0.0396048
0.0330518
0.0300401
0.0159015
0.123001
0.0451007
0.0349485
0.0213028
0.0163342
0.00690081
0.144765
0.0111638
0.0156329
0.00488958
0.00853127
0.00291949
0.0125884
0.0148414
0.0142063
0.0130985
0.0129528
0.0105186
0.00565097
0.0155503
0.00157678
0.014025
0.00837365
0.00690048
-0.00113445
0.0242123
0.0215787
1.23228
1.24926
0.767168
1.05748
1.22243
1.02027
0.664341
0.244385
2.35672
0.385193
0.660475
2.35672
0.485253
0.596222
0.414077
1.79732
2.03634
0.435083
0.380597
0.413135
0.0234558
0.498369
0.503207
0.312517
0.367419
0.0385964
0.0333659
0.0253079
0.43691
0.338651
0.0299853
0.0444572
0.0326381
0.0285953
0.366056
0.363956
0.0610296
0.0359015
0.0106942
0.130766
0.0222147
0.0181254
0.274043
0.215334
0.0381959
0.0179107
0.196102
0.225403
0.293413
0.0383614
0.423016
0.0709624
0.0442502
0.0205115
0.0213183
0.0150041
0.0261634
0.190785
0.470082
0.0223661
0.0461299
0.129111
0.0877186
0.112136
0.120668
0.0421302
0.00830012
0.0269422
0.0384989
0.0477309
0.128478
0.124552
0.047293
0.101133
0.0776428
0.508812
0.155406
0.0834684
0.0836797
0.0251557
0.448719
1.13494
0.547243
0.589751
0.12997
0.652441
0.648202
0.092756
0.421185
0.0205024
0.0436619
0.0576542
0.0544673
0.417192
0.0606708
0.0630435
0.0323501
0.073569
0.066371
0.684818
0.0353787
0.0391342
0.0394524
0.0525033
0.0470409
1.32411
0.0467306
0.156713
0.0312216
0.183727
0.0362293
0.0445896
0.0863207
0.195128
0.0259229
0.0255751
0.0292463
0.16859
0.0599956
0.0341945
0.0320926
0.0303046
0.0310921
0.0131691
0.0154825
0.0238421
0.028378
0.00660931
0.0445598
0.0222349
0.131234
0.34368
0.016622
0.00931349
0.000420406
0.0122104
0.015425
0.0124657
0.0180026
0.00349717
0.0208604
0.0254065
0.022328
0.0156272
1.79732
1.60696
0.0729058
0.0879355
0.486619
0.384496
0.365294
0.155556
0.533974
0.268316
0.296994
0.0423606
0.17394
0.166591
0.164704
0.234007
0.019762
0.166557
0.163926
0.153168
0.221993
0.0349612
0.0667899
0.00675399
0.0412563
0.0750923
0.0218313
1.81087
0.0414949
0.0368072
0.0321666
0.0418841
0.0201689
0.0259966
0.00897697
0.0494898
0.00737923
0.420388
0.0386555
0.0120119
0.0172737
0.015141
1.62581
2.65716
1.79732
0.361864
0.335654
0.585544
0.349957
0.334061
0.328638
0.230129
0.207969
0.178127
0.0276419
0.106498
0.107053
0.0705569
0.121562
0.0895277
0.129208
0.328054
0.0133249
0.275551
0.177182
0.0547054
0.228595
0.0178277
0.0362301
0.0387712
0.031838
0.0379784
0.0582534
0.419574
0.0273608
0.0289697
0.0193091
0.00875145
0.0269896
0.00991985
0.588773
0.339062
0.564874
0.638618
0.540453
2.65716
0.357386
0.286235
0.3155
0.227238
0.203074
0.268244
0.163673
0.18505
0.0335021
0.167155
0.18925
0.10956
0.0959902
0.0213797
0.423879
0.0777761
0.0745083
0.0832958
0.0915749
0.0768197
0.0675764
0.0598425
0.0937855
0.0628074
0.0479859
0.0598873
0.0571242
0.0557761
0.0453482
0.0425608
0.0381271
0.0362129
0.0346891
0.0451037
0.0379189
0.0108382
0.449715
0.25614
0.0212769
0.0228759
0.0309342
-0.00315866
0.0152605
0.0109616
1.73776
0.050655
1.71101
1.90139
0.108869
0.336511
0.332344
0.332005
0.070908
0.288163
0.0299839
0.184378
0.176754
0.456441
0.181607
0.084256
0.082564
0.142938
0.165743
0.223913
0.077679
0.0728264
0.458237
0.0316624
0.0322231
0.0241151
0.49784
0.0488178
0.0437793
0.0488204
0.0375993
0.0408267
0.0844327
0.0194955
0.0173752
0.0198107
0.0215528
0.716815
1.99842
0.330002
0.494643
0.327223
0.271344
0.216238
0.0982951
0.175559
0.118904
0.0795318
0.0310709
0.123477
0.0989038
0.23368
0.00997281
0.043178
0.0580418
0.0927018
0.0233124
0.00356003
0.0181233
0.013711
0.00606888
-0.00496046
0.0753355
0.0193725
0.238424
1.22057
1.87196
0.964064
1.87196
0.0248217
0.29257
0.023218
0.479271
0.354698
0.0800208
0.276467
0.0785718
0.375408
0.0269403
0.0321565
0.292482
0.276801
0.0370258
0.238154
0.0178467
0.168272
0.216893
0.148981
0.172866
0.12611
0.0924731
0.100437
0.121287
0.131643
0.115294
0.127791
0.0599817
0.0637955
0.0914052
0.0779375
0.0702328
0.0797382
0.0860553
0.0703564
0.0622052
0.0676118
0.0587597
0.0680759
0.0519227
0.0654471
0.0474298
0.0713542
0.0629067
0.0452431
0.0518304
0.0509998
0.0436535
0.0478681
0.0250662
0.0256029
0.0301911
0.0321581
0.0258761
0.029067
0.0282855
0.392817
0.0774537
0.018824
0.0234315
0.0325177
0.0230689
0.0449359
0.0474636
0.313367
0.384275
0.422516
0.453614
1.03977
0.09567
0.439053
0.0699911
0.0223754
0.030298
0.181878
0.0323802
0.135872
0.0695009
0.255034
0.0302035
0.606873
0.0961709
0.141931
0.0832019
0.741812
0.0935959
0.571069
0.371886
0.0880642
0.355903
0.396258
0.0551836
0.0130824
0.0811278
0.0304183
0.392524
0.0262448
0.209383
0.448402
0.103751
0.0351066
0.102504
0.240437
0.0462859
0.164216
0.55449
0.695918
0.0495991
0.0310211
0.341939
0.428792
0.165668
0.35512
0.109643
0.140606
0.0657316
0.341165
0.662391
0.185858
0.135004
0.0697594
0.0852336
0.0941172
0.023623
0.0334092
0.057481
0.0303515
0.0545176
0.0454092
0.119617
0.0390377
0.0273925
0.195339
0.0292743
0.0668804
0.0309665
0.18393
0.0707925
0.0964422
0.205917
0.0672523
0.073892
0.257309
1.23493
0.0541908
0.0169813
1.87196
0.00975816
0.872565
0.0190603
0.0243912
0.069234
0.0609916
0.0351171
0.145765
0.635032
0.0499153
0.0402348
0.0363104
0.198842
0.00652953
0.0472966
0.0400075
0.0287291
0.0536064
0.0146125
0.038658
0.474063
0.125605
0.0418686
0.101116
0.177427
0.0255527
0.0732805
0.758101
0.0685506
0.244325
0.107651
0.62178
0.228129
0.0744552
0.397842
0.251542
0.102771
0.0972249
0.190982
0.0531355
0.879097
0.918193
0.0784023
0.626705
0.0193931
0.272716
0.130878
0.705836
0.0304242
0.0646699
0.196024
1.58767
0.367831
0.579506
0.208556
0.884179
0.166303
1.03427
0.242675
1.08774
0.309807
0.00939087
0.00370318
0.335846
0.518127
0.970228
0.0300883
0.00110823
0.0197675
0.0366443
-0.00361736
0.00176243
0.0438782
0.524517
0.0499219
0.255573
0.00434713
0.416072
0.893946
0.0281732
1.0805
0.0265031
0.176448
0.127192
0.0279363
0.0179293
0.122205
0.0464399
0.0140432
0.0790034
0.0905289
0.0628473
0.00145687
0.0513497
0.0379589
0.0273974
0.0410208
0.014923
0.0145777
0.0328329
0.026013
0.0461171
0.0106575
0.0181746
0.0249447
0.163641
0.0340307
0.493131
0.0233915
0.211609
0.04418
0.0485903
0.0181261
0.039097
0.0266752
0.0238276
0.013974
0.0195234
0.0301297
0.0278662
0.0117947
0.0319657
0.169942
0.031814
0.291128
-0.019491
0.115517
0.0240923
0.0646868
0.018791
0.0637081
0.023322
0.153101
0.0281634
0.0382791
0.327648
0.0170199
0.0141255
0.0269414
0.0355071
0.0369745
0.163856
0.0955462
0.0287157
3.30266e-05
0.0201322
0.0240389
0.0744415
0.0498485
0.0317943
0.034361
0.0238456
0.0160467
0.00304352
-0.00361205
0.049505
0.0498258
0.0720277
0.0352955
0.0375317
0.0388697
0.0290959
0.0373637
0.0533907
0.051891
0.0289511
0.0437966
0.272643
0.353868
0.0408778
0.0148635
0.00394919
0.248876
0.177563
0.235344
0.220405
0.443059
1.99842
1.23836
0.167673
0.86021
0.770666
0.46622
0.271739
0.0485526
0.895339
0.056882
0.019288
0.0147568
0.0785238
0.0356837
0.541329
0.55723
0.022318
0.467134
0.0200439
0.0291143
0.0264677
0.423742
0.0366256
0.0194409
0.0338997
0.0332543
0.33309
0.383397
0.0395587
0.0487459
0.0424287
0.0284075
0.0178239
0.281465
0.397712
-0.00232051
0.1027
0.526986
0.131233
0.117762
0.224558
0.0161751
0.109788
0.0754747
0.231552
0.153418
0.278992
0.561466
0.241676
0.206996
0.203709
0.185095
0.184429
0.0142201
0.164915
0.435025
0.0309616
0.0378882
0.0938058
0.271534
0.116351
0.0619706
0.118098
0.112394
0.0824667
0.215581
0.0751234
0.245413
0.374633
0.0558626
0.128469
0.222973
0.478581
0.0332244
0.0694248
0.209948
0.107625
0.0643221
0.889469
0.338671
0.112055
0.433876
0.0397005
0.284454
0.390916
1.81087
0.0384206
0.0364692
0.109697
0.00390921
0.0367494
0.0520383
0.0657674
0.0388038
0.0702804
0.0758243
1.14124
1.81087
0.0698283
0.026559
0.178114
1.13757
0.0686633
0.0554857
0.0590382
0.0965984
0.0463035
0.0440966
0.0360051
0.290248
0.0771922
0.0294054
0.438551
0.0250774
0.0487584
0.0369126
0.0459188
0.210824
0.0529479
0.0452117
0.0249527
0.553751
0.0415596
0.0223998
0.0409576
0.0416299
0.0406715
0.0391832
0.0377401
0.134319
0.37031
0.0751401
0.0184907
0.0791466
0.0277587
0.0243146
0.023934
0.0250193
0.0228029
0.0185161
0.0241485
0.0310152
0.151291
0.037472
0.0116333
0.0551809
0.372794
0.555394
0.0215672
0.000244792
0.0207441
0.0371608
0.012206
0.114302
0.0199993
0.0185013
0.0347277
0.0194316
0.50191
0.470282
0.0378832
0.286267
0.229998
0.0283396
0.213761
0.0375197
0.29914
0.033948
0.0499004
0.0446388
0.017449
0.0712687
0.463878
0.881993
0.469601
0.683427
0.684016
0.562144
0.0521315
0.220729
0.490737
0.166869
0.0953652
0.0681948
0.507669
0.355473
0.417825
0.0485199
0.0641148
0.0346206
0.259968
0.0210158
0.0223767
0.0407975
0.019826
0.0692712
0.767496
0.0987705
0.136551
0.0210213
0.24301
0.18112
0.00733069
0.0101478
0.0145851
0.119965
0.0502439
0.0373921
0.0150291
0.0627638
0.13218
0.0472225
0.0595459
0.420443
0.0123023
0.149238
0.0224859
0.56441
0.0281662
0.0278987
0.0105403
0.036706
0.0128722
0.0690481
0.0147657
0.0222149
0.0287361
0.149755
0.0640067
0.0851356
0.120985
0.0375344
0.0520337
0.0189759
0.0241256
0.0584151
0.0183729
0.0283367
0.0409624
0.288803
0.0289261
0.0233152
0.286731
0.0507444
0.0286569
0.0197162
0.0292968
0.442925
0.480687
0.0188809
-0.00549427
0.0177006
0.0376528
0.00888037
0.036637
0.0135572
0.0057559
0.0421627
0.196687
0.0244582
0.0360229
-0.000882312
0.557963
0.0455063
0.844887
0.328026
0.422231
0.00092874
0.466395
0.280044
0.256639
0.307036
0.0993
0.0434347
0.0791367
0.112245
0.198272
0.0833829
0.0241955
0.192352
0.170804
0.242412
0.295646
0.0484868
0.0328894
0.023949
0.0303487
0.00770408
0.547032
0.014577
0.0076788
0.267113
0.0111713
0.604972
0.348731
0.321421
0.205034
0.291022
0.0283313
0.12638
0.0964688
0.102324
0.0147833
0.0923867
0.0855819
0.0946499
0.0500146
-0.00554489
0.220658
0.0329143
0.954042
0.521587
0.0216879
0.390755
0.153173
0.0808267
0.411784
0.0069815
0.0312473
0.025506
0.0256734
0.242585
0.0291171
0.0873961
0.113999
0.03929
0.087847
0.0658317
0.0889398
0.0683028
0.0839169
0.0649135
0.0316848
0.0161524
0.0315701
0.0397171
0.0481107
0.0489867
0.295222
0.113524
0.0618336
0.0953066
0.351681
0.0614655
0.0358389
0.070812
0.0246481
0.284692
0.0347169
1.06309
1.1844
0.0322403
0.0989043
0.0455462
0.065449
0.0738853
0.0702684
0.111409
0.484298
0.0199061
0.052809
0.367073
0.0381117
0.0206523
0.0503447
0.0654518
0.0391724
0.0392458
0.435007
0.0296997
0.0695419
0.0213748
0.158151
0.0541782
0.0302837
0.0321356
0.0651103
0.117186
0.050495
0.111135
0.0537224
0.0280073
0.019935
0.00531783
0.0360057
1.0505
0.4452
0.291181
0.0433782
0.0576652
0.0240427
-0.00244919
0.0588322
0.409296
0.272601
0.187673
0.110056
0.175156
0.206547
0.182846
0.095228
0.0749498
0.119538
0.0996203
0.126779
0.0997577
0.0844819
0.0683
0.0555612
0.0657297
0.230805
0.169083
0.0647761
0.092022
0.0173319
0.0196503
0.0535001
0.0227977
0.038587
0.0226657
0.236691
0.0664616
0.0293342
0.184166
0.127594
0.00930336
0.745055
0.953691
0.102679
0.0868005
0.0238521
0.0501896
0.956522
0.265213
0.206854
0.0336436
0.0613437
0.167481
0.481826
0.0722918
0.0194492
0.178154
0.17945
0.0672457
0.185031
0.0665782
0.523999
0.0747823
0.164828
0.0418277
0.17371
0.162733
0.0155911
0.0201556
0.0121084
0.259368
0.0363246
0.051413
0.0915539
0.265218
0.492975
0.0886346
0.285184
0.344708
0.041192
0.0570167
0.251047
0.121718
0.0348958
0.200421
0.0549515
0.322168
0.343809
0.0105795
0.0539074
0.0294224
0.0167295
0.177927
0.248554
0.0535775
0.0626398
0.0530671
0.0310659
0.185119
0.0175434
0.446099
0.0486192
0.0391673
0.0402151
0.0492368
0.0431198
0.0528829
0.421123
0.0436381
0.226333
0.0255393
0.392802
0.109145
0.449629
0.19035
0.183759
0.0545432
0.00438247
0.265009
0.364564
0.0128501
0.269942
0.0619046
0.162692
0.115763
0.030182
0.0365106
0.0421904
0.0291159
0.0266351
0.0253264
0.0317025
0.0337496
0.0415753
0.252275
0.0616639
0.343288
0.311188
0.072461
0.0944193
0.195139
0.0157248
0.0241969
0.843362
0.0156947
0.0313382
0.244313
0.156886
0.0774047
0.0797678
0.314773
0.0522635
0.0267997
0.0425375
0.0555318
0.0323498
0.0355443
0.833806
0.0384083
0.01654
0.0545184
0.0493443
0.49978
0.0258201
0.535458
0.203331
0.00466477
0.157318
0.0667077
0.407548
0.883663
0.120776
0.0647294
0.0332408
0.0160631
0.464346
0.195593
0.0345877
0.659202
0.0305695
0.0254174
0.315176
0.0580677
0.0591817
0.0952643
0.037274
0.0444946
0.404379
0.0492989
0.0723717
0.331111
0.287374
0.0360026
0.0695544
0.430115
0.0329207
0.0540109
0.0811811
0.0328699
0.040663
0.0292192
0.019326
0.0125781
0.0494993
0.124435
0.00953392
0.082028
0.0895238
0.0437787
0.074769
0.0219411
0.0102226
0.0510646
0.22719
0.254147
0.0623414
0.138028
0.0333328
0.0250738
0.100439
0.0477169
0.00146118
0.147704
0.249542
0.00895541
0.0235148
0.044769
0.0399165
0.0361573
0.211664
0.0690303
0.103825
0.077188
0.025815
0.0597048
0.0290755
0.0067383
0.0317946
0.110666
0.0959663
0.138784
0.0679996
0.104541
-0.000583204
0.0337825
0.0395589
0.0204138
0.0135929
0.210552
0.0373976
0.0369814
0.0537155
0.0316157
0.113022
0.522167
0.0928766
0.0179469
0.563655
0.289821
0.0579245
0.11047
0.0851208
0.367942
0.228246
0.401308
0.111881
0.0176916
0.0235462
0.00363457
0.0433109
0.203646
0.412843
0.158601
0.103296
0.0997459
0.0478463
0.0675237
0.353132
0.0134334
0.0485081
0.120126
0.00936589
0.245158
0.0376309
0.054697
0.0281168
1.38761
0.443571
0.608222
0.450719
0.266636
0.351225
0.469072
0.00878688
0.0268456
0.018875
0.0288014
0.345195
0.0291766
0.489434
0.0234301
0.203976
0.0714087
0.0386564
0.0389158
0.188618
0.0650586
0.126417
0.0346936
0.682085
0.441373
0.0490955
0.221745
0.0245969
0.0236138
0.0767399
0.0331974
0.0252239
0.0179783
0.0731649
0.0420435
0.410161
-0.0100573
0.257422
0.430468
0.631633
0.0258075
0.0820929
0.0700488
0.363481
0.0359166
0.186937
0.0134434
0.395465
0.445865
0.030404
0.113842
0.0379358
0.426732
0.41838
0.213044
0.654666
0.0312597
0.0725083
0.0993593
0.0218808
0.255891
0.34137
0.109883
0.528703
0.0281293
0.111515
0.254916
0.119225
0.525947
0.295478
0.285084
0.0596416
0.0943884
0.0681384
0.122575
0.282675
0.0378013
0.123076
0.240298
0.0338205
0.0265992
0.329762
0.222144
0.147304
0.365545
0.500924
0.122562
0.0564385
0.0519977
0.163725
0.183732
0.0421711
0.326917
0.0271893
0.0444164
0.299931
0.145471
0.268467
0.063397
0.0745687
0.0854443
0.043816
0.0799404
0.089457
0.97087
0.28898
0.0924868
0.0738243
0.178573
0.101536
0.0452889
0.0270179
0.0641927
0.0977069
0.0349613
0.0351951
0.114314
0.0748705
0.0505537
0.0653068
0.35284
0.438513
0.450396
0.0806478
0.470478
0.0799016
0.0254402
0.151213
0.117846
0.0333404
0.0891509
0.0541925
0.286562
0.0545589
0.156973
0.438383
0.0649079
0.0318133
0.0438772
0.0401934
0.0467916
0.0336993
0.0463418
0.0217464
0.457157
0.0200129
0.136734
0.409167
0.011837
0.0525524
0.0197632
0.0211278
0.482955
0.021524
0.0224081
0.029578
0.0366369
0.0422282
0.118227
0.00302669
0.0412685
0.423391
0.0445497
0.0146196
0.0376508
0.0388775
0.279627
0.0329653
0.453004
0.151291
0.0226603
0.292762
0.0370317
1.90985
0.0709167
0.0675835
0.293237
0.741374
1.01718
0.0405799
0.080906
0.183735
0.0450146
0.0332136
0.0287182
0.142605
0.0296734
0.0192076
0.190204
0.0809232
0.229541
0.18705
0.244168
0.48316
0.314833
0.693624
0.0436661
0.0269119
0.023157
0.368433
0.0697337
0.0447803
0.169375
0.213674
0.0586497
0.597308
0.0408277
0.142302
0.0822938
0.0596373
0.627615
0.0407791
0.0398095
0.0417225
0.0256186
0.0412576
0.0388364
0.0478695
0.396444
0.0325511
0.0255034
0.0189743
0.0382539
0.0272388
0.0168939
0.0191627
0.0373345
0.564689
0.0203328
0.382647
0.150375
0.286559
0.0628272
0.128398
0.0795264
0.0473592
0.0874293
0.150457
0.184091
0.027614
0.0493018
0.0304452
0.497348
0.0236437
0.0437969
0.14404
0.107258
0.195024
0.0761579
0.206704
0.00590739
0.338802
0.0734211
0.121174
0.141742
0.0978903
0.13275
0.137053
0.0443489
0.0579233
0.279645
0.0566628
0.0376425
0.0241329
0.04784
0.122962
0.0322492
0.0598204
0.210967
0.10236
0.140442
0.0373384
0.150934
0.126312
0.210833
0.0234081
0.361163
0.128036
0.0400191
0.0250707
0.0598236
0.0413759
0.239916
0.0617902
0.0834561
0.0314798
0.00583513
0.0904989
0.0465045
0.0191236
0.39418
0.22472
0.109607
0.159704
0.0852064
0.155749
0.0558661
0.127328
0.0473882
0.0422847
0.0594942
0.117013
0.076679
0.0628745
0.0457407
0.0394035
0.0327833
0.130531
0.590649
0.13411
0.0985301
0.164415
0.0428131
0.0312377
0.0923479
0.065702
0.286778
0.172296
0.0552139
0.0709247
0.26337
0.0635658
0.281355
0.0326174
0.106961
0.0183307
0.350505
0.165832
0.122747
0.336746
0.705294
0.0527701
0.0270324
0.426166
0.0428983
0.273628
0.289064
0.0103009
0.103372
0.0195775
0.0216587
0.0320626
0.029342
0.390958
0.529418
0.0243455
0.341609
0.0473328
0.0534036
0.0584671
0.0426839
0.304655
0.0417427
0.0527212
0.20868
0.023291
0.163846
0.0564172
0.0565983
0.017905
0.205785
0.0571892
0.0479931
0.302055
0.215425
0.0429961
0.0540317
0.0691761
0.0300516
0.0204303
0.0453778
0.0317488
0.0185794
0.382189
0.896648
0.03101
0.0428882
0.0492307
0.0591141
0.0391924
0.0336088
0.0187183
0.109092
0.524115
0.0530728
0.0224811
0.0319971
0.117554
0.0472106
0.117589
0.0460097
0.733296
0.0832019
0.0799553
0.0390385
0.391146
0.0352497
0.2539
0.209517
0.476141
0.091877
0.504152
0.476325
0.0612858
0.034355
0.225184
0.43014
0.348788
0.566529
0.0474791
1.03287
0.276769
0.049264
0.435556
0.212394
0.551366
0.0196333
0.0278406
0.129736
0.0102142
0.103145
0.189171
0.203892
0.0340291
0.817995
0.28983
-0.00678337
0.00488186
0.050677
0.0417921
0.691869
0.0743717
0.0600816
0.0345267
0.057579
0.0268622
0.0500868
0.0451678
0.377548
0.310553
0.0527447
0.378686
0.393755
0.568863
0.524433
0.459321
0.359216
0.374124
0.235781
0.431667
0.380208
0.332136
0.337886
0.398515
0.265462
0.748373
0.229645
0.248372
0.319538
0.338037
0.284466
0.291622
0.271392
0.149514
0.438989
0.250057
0.161007
0.101313
0.120729
0.163181
0.0897903
0.0800707
0.11269
0.11103
0.0702039
0.084144
0.104814
0.0716122
0.137027
0.0900671
0.0657726
0.0630622
0.0692
0.0436384
0.0629354
0.0554216
0.0468618
0.045133
0.0188682
0.0165095
0.051747
0.150781
0.135753
0.308427
0.225644
0.145551
0.0288195
0.223812
0.261849
0.141202
0.342702
0.0780342
0.447062
0.15654
0.164563
0.289238
0.117442
0.0146002
0.129449
0.35292
0.0233435
0.222997
0.0100363
0.0717398
0.0359765
0.29094
0.0335671
0.144858
0.0847788
0.0841317
0.0691239
0.0122104
0.00220901
0.148387
0.306877
0.470834
0.16014
0.0102514
0.127193
0.14615
0.0553772
0.0836843
0.0827133
0.121512
0.0798513
0.170126
0.0556787
0.0425045
0.0129865
0.00634779
0.0444657
0.0197024
0.124292
0.763507
0.0238341
0.106674
0.0710039
0.03234
0.220127
0.221011
0.0702847
0.0713888
0.0824362
0.0145433
0.0829606
0.134901
0.146903
0.269508
0.145901
0.197916
0.197048
0.130525
0.103182
0.270405
0.100569
0.0704887
0.0798149
0.690743
0.0700293
0.0307391
0.0467636
0.0376179
0.170833
0.100082
0.160734
0.243954
0.176252
0.0331223
0.0486897
-0.00385546
0.32961
0.321908
-0.00523602
0.299128
0.285917
0.307552
0.404047
0.168631
0.40112
0.0225369
0.0289799
0.027538
0.0187511
0.032289
0.0192647
0.0277371
-0.00489099
0.0263211
0.048252
0.0330168
0.0400677
0.0419997
0.0243469
0.232511
1.90985
1.1171
0.462907
0.604311
1.0468
1.15778
0.0268781
0.0382123
0.022646
0.0271432
0.0173133
