# vtk DataFile Version 3.0
vtk output at time 5
ASCII
DATASET UNSTRUCTURED_GRID
POINTS 634 float
-1.81862 -0.90869 -6.31049 -1.78885 -0.894427 -7 -1.4373 -1.43687 -6.3112 
-1.41421 -1.41421 -7 -2.03438 0.000401076 -6.3103 -2 0 -7 
-1.81859 0.909119 -6.30992 -1.78885 0.894427 -7 -1.43761 1.43802 -6.31163 
-1.41421 1.41421 -7 -1.49011 -1.49014 -5.62487 -1.88548 -0.942286 -5.62352 
-2.10885 0.000693886 -5.62296 -1.88515 0.943608 -5.62347 -1.48988 1.49158 -5.62406 
-1.98548 -0.992573 -4.93642 -1.56949 -1.57 -4.93735 -2.22004 0.000944678 -4.93601 
-1.98503 0.993881 -4.93628 -1.5688 1.57108 -4.93647 -1.66855 -1.66891 -4.249 
-2.11109 -1.0557 -4.24895 -2.36012 0.000447564 -4.2485 -2.11046 1.05642 -4.2487 
-1.66804 1.66971 -4.2482 -2.24932 -1.12469 -3.56 -1.77806 -1.77828 -3.56016 
-2.51457 0.000221567 -3.55978 -2.24906 1.12511 -3.55953 -1.77795 1.77883 -3.55955 
-1.88758 -1.88743 -2.87018 -2.38753 -1.19373 -2.87032 -2.66947 6.14038e-05 -2.87003 
-2.38766 1.19391 -2.87015 -1.8873 1.88766 -2.86972 -2.51229 -1.25598 -2.17977 
-1.98615 -1.98589 -2.1799 -2.80879 2.46951e-06 -2.17961 -2.51217 1.25615 -2.17955 
-1.98607 1.98624 -2.17976 -2.06397 -2.06366 -1.48886 -2.6108 -1.30512 -1.4887 
-2.9188 0.000239867 -1.48855 -2.61047 1.30558 -1.48877 -2.0637 2.06421 -1.48869 
-2.11392 -2.11349 -0.797335 -2.6737 -1.33651 -0.797246 -2.98897 0.000447717 -0.797177 
-2.67331 1.33727 -0.797452 -2.1132 2.1141 -0.797319 -2.69489 -1.34704 -0.105562 
-2.13061 -2.13025 -0.105707 -3.01246 0.000584495 -0.105646 -2.69426 1.34789 -0.105649 
-2.12976 2.13081 -0.105912 -2.67225 -1.33576 0.586176 -2.11278 -2.11246 0.586187 
-2.98708 0.000511551 0.586224 -2.67163 1.33646 0.586151 -2.112 2.11289 0.586221 
-2.06206 -2.06173 1.27815 -2.60814 -1.30377 1.27829 -2.91572 0.000239335 1.27846 
-2.60753 1.30416 1.27843 -2.06133 2.06191 1.27831 -1.98358 -1.98332 1.97046 
-2.50882 -1.25436 1.97075 -2.80456 -8.80823e-05 1.97073 -2.50851 1.25441 1.97069 
-1.983 1.98341 1.97068 -2.38376 -1.19193 2.66332 -1.88484 -1.88452 2.66319 
-2.66486 -6.68418e-05 2.6632 -2.38351 1.1918 2.66302 -1.88432 1.88447 2.66311 
-1.77533 -1.77485 3.35606 -2.24528 -1.12242 3.35599 -2.51001 0.0001378 3.35578 
-2.24494 1.12264 3.35558 -1.77478 1.77497 3.35567 -2.10652 -1.05285 4.04868 
-1.6656 -1.66499 4.0488 -2.35493 0.000347671 4.04841 -2.10622 1.05342 4.0482 
-1.66509 1.66535 4.04834 -1.56651 -1.56579 4.74146 -1.98128 -0.990037 4.74128 
-2.21499 0.000457956 4.74105 -1.98111 0.990853 4.74091 -1.56621 1.56636 4.74107 
-1.88215 -0.940333 5.43383 -1.48817 -1.48717 5.43407 -2.10414 0.000543894 5.4337 
-1.88201 0.941242 5.4336 -1.48796 1.48793 5.43368 -1.438 -1.4368 6.12669 
-1.81869 -0.908485 6.12635 -2.03323 0.000413591 6.12614 -1.81866 0.909375 6.12606 
-1.43791 1.43756 6.12622 -1.79724 -0.897569 6.81857 -1.42105 -1.41951 6.81888 
-2.00925 0.000455721 6.81827 -1.79725 0.898479 6.81821 -1.4211 1.42031 6.81836 
1.81901 -0.90883 -6.31021 1.43768 -1.43765 -6.31156 1.78885 -0.894427 -7 
1.41421 -1.41421 -7 1.49097 -1.49055 -5.62452 1.88617 -0.942759 -5.62339 
1.98665 -0.992758 -4.936 1.57111 -1.57018 -4.93611 1.66972 -1.66891 -4.24784 
2.11192 -1.05539 -4.248 2.25023 -1.12494 -3.55911 1.77914 -1.77868 -3.55938 
1.88805 -1.88808 -2.8694 2.38834 -1.1944 -2.86946 2.51236 -1.25673 -2.17886 
1.98605 -1.98675 -2.17914 2.06347 -2.06463 -1.48812 2.61045 -1.30613 -1.48814 
2.11314 -2.1142 -0.796733 2.67321 -1.33746 -0.796781 2.69431 -1.34785 -0.105092 
2.13 -2.13073 -0.105103 2.67191 -1.33647 0.586813 2.11222 -2.11286 0.586849 
2.06148 -2.062 1.27882 2.60779 -1.30429 1.27888 1.98287 -1.98334 1.97127 
2.50849 -1.25454 1.97134 2.38342 -1.19198 2.6639 1.88403 -1.88457 2.66378 
1.77446 -1.77496 3.35638 2.24478 -1.12271 3.35649 2.10615 -1.05325 4.04922 
1.66485 -1.66513 4.04914 1.56576 -1.56605 4.74199 1.98076 -0.990514 4.74201 
1.88118 -0.94082 5.4347 1.48706 -1.48756 5.43471 1.43643 -1.43717 6.12735 
1.81733 -0.908992 6.12725 1.79541 -0.898046 6.81949 1.41913 -1.41994 6.8195 
2.03491 -4.77782e-05 -6.30922 2 0 -7 2.10924 0.000292545 -5.62352 
2.22123 0.00037543 -4.93612 2.36087 0.000249976 -4.24762 2.51573 4.9832e-05 -3.5588 
2.67028 -0.000220704 -2.8693 2.80924 -0.000366346 -2.17908 2.91897 -0.000503366 -1.48801 
2.98898 -0.000600932 -0.796936 3.01244 -0.000627547 -0.10551 2.98713 -0.000503992 0.586516 
2.91589 -0.00044097 1.27892 2.80483 -0.000326149 1.9714 2.66506 -0.000310614 2.66398 
2.51003 -0.000334162 3.35665 2.35483 -0.000179966 4.04934 2.21473 -5.29322e-05 4.74208 
2.10342 2.9867e-05 5.43475 2.03203 1.15349e-05 6.12718 2.00754 5.56653e-05 6.81931 
1.8196 0.909848 -6.3117 1.78885 0.894427 -7 1.88651 0.943317 -5.62427 
1.98685 0.993508 -4.9365 2.11177 1.05581 -4.24818 2.25016 1.12482 -3.55889 
2.38852 1.1939 -2.86933 2.51287 1.2561 -2.1788 2.61115 1.30533 -1.48808 
2.6738 1.33659 -0.796782 2.6947 1.34696 -0.105208 2.67189 1.33549 0.5866 
2.60805 1.30336 1.27893 2.50886 1.25385 1.97147 2.38381 1.19141 2.66406 
2.24516 1.12223 3.35656 2.10634 1.05299 4.04918 1.98092 0.990519 4.74194 
1.88135 0.940945 5.4346 1.81743 0.909139 6.12717 1.79545 0.898204 6.81937 
1.43866 1.4385 -6.31277 1.41421 1.41421 -7 1.4913 1.49112 -5.6246 
1.57113 1.57101 -4.9367 1.66971 1.66927 -4.2479 1.77926 1.77855 -3.55892 
1.88833 1.88766 -2.86917 1.98697 1.98634 -2.17911 2.06451 2.06405 -1.48811 
2.11396 2.11346 -0.796576 2.13047 2.13006 -0.104941 2.11247 2.11202 0.586901 
2.06187 2.06117 1.27899 1.98345 1.98275 1.97138 1.88458 1.88412 2.66382 
1.77493 1.77464 3.35639 1.66515 1.6651 4.04898 1.56603 1.56623 4.74178 
1.4873 1.48772 5.43451 1.43667 1.43743 6.12718 1.41923 1.42018 6.81936 
-0.908534 -1.81795 -6.31346 -0.894427 -1.78885 -7 -0.942095 -1.88617 -5.62464 
-0.992356 -1.98631 -4.93702 -1.05504 -2.11109 -4.24886 -1.12442 -2.24917 -3.55972 
-1.19399 -2.38755 -2.87022 -1.25627 -2.51193 -2.17962 -1.30568 -2.61048 -1.4889 
-1.33701 -2.67348 -0.7975 -1.34765 -2.69482 -0.105706 -1.33633 -2.6723 0.586114 
-1.30424 -2.60796 1.27807 -1.25471 -2.50855 1.97059 -1.19236 -2.38359 2.66329 
-1.12305 -2.24493 3.35602 -1.05353 -2.10605 4.04883 -0.990886 -1.9807 4.74157 
-0.941408 -1.88134 5.43425 -0.909778 -1.81766 6.12688 -0.899055 -1.79569 6.81931 
0.000754541 -2.03343 -6.31312 0 -2 -7 0.00073028 -2.10923 -5.62511 
0.000741982 -2.22073 -4.93704 0.000537792 -2.36029 -4.2485 0.00029708 -2.51487 -3.55965 
-1.99747e-05 -2.66953 -2.86982 -0.000260885 -2.80872 -2.17954 -0.000411538 -2.91907 -1.48855 
-0.000300921 -2.98918 -0.797423 -0.000281587 -3.01299 -0.105648 -0.000270276 -2.98764 0.586126 
-0.000423366 -2.91591 1.27839 -0.000592028 -2.80467 1.9707 -0.000603902 -2.66496 2.66331 
-0.000591487 -2.50989 3.35604 -0.000390729 -2.35466 4.04892 -0.000354557 -2.21458 4.74177 
-0.000530959 -2.1036 5.43459 -0.000769209 -2.03235 6.12713 -0.00103354 -2.00779 6.81953 
0.909456 -1.8181 -6.31316 0.894427 -1.78885 -7 0.943723 -1.88629 -5.62408 
0.993764 -1.98614 -4.93645 1.05611 -2.11113 -4.24825 1.12507 -2.24942 -3.55917 
1.19416 -2.38801 -2.8698 1.25591 -2.51258 -2.17915 1.30485 -2.61112 -1.48829 
1.33632 -2.67392 -0.796942 1.34707 -2.69512 -0.105201 1.33573 -2.67239 0.586596 
1.30369 -2.60819 1.27881 1.25386 -2.50875 1.97105 1.19119 -2.38367 2.66349 
1.12196 -2.245 3.35624 1.05276 -2.10613 4.04904 0.990138 -1.98084 4.7419 
0.940285 -1.88164 5.43474 0.908194 -1.81788 6.12732 0.897056 -1.796 6.81966 
-0.908548 1.81879 -6.31331 -0.894427 1.78885 -7 0.000840213 2.03418 -6.31303 
0 2 -7 0.909707 1.8192 -6.31346 0.894427 1.78885 -7 
-0.941478 1.88637 -5.62441 0.000763701 2.10913 -5.62424 0.943714 1.88655 -5.62475 
-0.991749 1.98704 -4.93665 0.00121985 2.22108 -4.93668 0.994022 1.98668 -4.93663 
-1.05446 2.11159 -4.24785 0.00101311 2.36071 -4.24794 1.05637 2.11141 -4.24767 
-1.12406 2.24991 -3.55892 0.000745151 2.51537 -3.55912 1.1256 2.24981 -3.55865 
-1.19331 2.38766 -2.8693 0.000586578 2.66974 -2.86933 1.1946 2.38814 -2.86933 
-1.2558 2.51224 -2.17921 0.000556369 2.80923 -2.17928 1.2569 2.51259 -2.17896 
-1.30507 2.61115 -1.48884 0.000586677 2.91913 -1.48819 1.30601 2.61092 -1.48832 
-1.33616 2.674 -0.797535 0.000605507 2.9893 -0.797183 1.33742 2.67351 -0.796823 
-1.34676 2.69496 -0.105542 0.000411739 3.0125 -0.105681 1.3477 2.69448 -0.105013 
-1.3354 2.6722 0.586238 0.000443083 2.98723 0.58645 1.33622 2.67165 0.58677 
-1.30363 2.60813 1.27842 0.00036369 2.91569 1.27864 1.30416 2.60729 1.27882 
-1.2541 2.50863 1.97064 0.000124894 2.80452 1.97078 1.25449 2.50827 1.97116 
-1.19174 2.3836 2.66316 2.37488e-05 2.66483 2.66323 1.19183 2.38333 2.66356 
-1.12242 2.24497 3.35577 -5.44209e-05 2.50993 3.35578 1.12244 2.24484 3.35608 
-1.05306 2.10639 4.04846 -5.77328e-05 2.35487 4.04853 1.05301 2.10622 4.04871 
-0.990587 1.98115 4.74116 -0.000116758 2.21484 4.74146 0.990393 1.98106 4.74159 
-0.94116 1.88188 5.43385 -0.000343844 2.10381 5.43424 0.940535 1.88178 5.43445 
-0.90971 1.81827 6.12641 -0.000690865 2.03275 6.12684 0.908387 1.81817 6.12707 
-0.899205 1.79644 6.81875 -0.00105994 2.00842 6.81903 0.897171 1.79636 6.81951 
-1 -1 -7 0 -1 -7 1 -1 -7 
-1 0 -7 0 0 -7 1 0 -7 
-1 1 -7 0 1 -7 1 1 -7 
-1.00498 -1.00365 6.81929 -1.00486 0.00030725 6.81922 -1.00499 1.00434 6.81888 
-0.00089607 -1.00376 6.81968 -0.000836369 0.000242845 6.81961 -0.00091483 1.00426 6.81938 
1.00326 -1.00389 6.8196 1.00327 0.000181074 6.81956 1.00326 1.00426 6.81952 
-0.326674 -0.866251 -5.88055 0.814311 -0.595174 -5.58263 0.0426611 -0.158916 -3.74492 
0.512265 0.356554 -5.81618 -0.0709442 0.497791 -4.37258 -0.592635 0.95129 -3.62088 
0.610214 -0.509575 -4.43833 -0.167006 0.264988 -3.18212 0.663953 0.685595 -3.97396 
-0.0355319 -1.05864 0.0737083 0.12392 -0.0589514 -0.588868 -1.02591 -0.0138879 -0.568842 
-0.291646 0.0777543 0.310344 -0.985158 0.56156 1.00969 -0.497802 -0.294196 3.00277 
0.711268 0.226047 3.29306 -0.72106 0.401705 2.71187 -0.14259 0.229308 4.05192 
-0.336247 -0.0213045 1.18705 0.692482 0.643867 4.62676 -0.400286 0.990496 5.48054 
-0.294073 -0.320484 4.58194 0.586684 0.113447 4.44772 -0.37049 -1.23818 5.41963 
0.291363 0.54887 5.29014 0.803986 -0.379963 5.34644 0.514688 0.285482 -3.44268 
0.310745 -0.791399 -1.45996 0.342343 0.0369108 -2.07263 0.357953 -0.290657 0.849305 
0.455249 0.492852 0.342114 0.673859 0.293496 1.41204 0.672563 -0.681653 6.33619 
1.44827 0.0701132 -2.47266 0.428973 0.61017 6.15479 -0.884064 -0.325047 -3.73877 
-0.385377 0.187378 -3.72579 -0.0692029 0.31147 -3.68729 0.249199 -0.812794 -2.94649 
-0.730948 -0.0332296 -1.7419 -1.00658 -0.507736 0.565856 -0.186099 -0.832101 2.21576 
-0.761195 -0.0476653 3.79308 -0.444306 0.143437 4.9281 0.109478 0.343341 2.24543 
-0.331595 -0.619329 4.16562 0.355783 -0.61404 4.11071 0.819337 -0.473497 4.19125 
0.110179 0.0528833 4.8992 0.831047 0.247133 5.28792 1.40423 -0.498077 -3.22317 
-1.02396 -0.182724 -5.98354 -1.29308 -0.502191 -5.18857 -0.136311 -1.4039 -5.73475 
-1.45229 0.492358 -6.12097 -1.3337 1.19882 -5.38733 -0.368753 1.23777 -5.972 
-1.54405 0.583845 -5.54671 -0.669328 -1.67094 -5.2859 -1.19477 -1.09303 -4.45691 
-0.939725 1.26254 -5.00795 -1.38706 -1.40865 -3.90939 -1.51627 0.64875 -3.646 
-1.6455 -1.23498 -2.93176 -0.811367 -1.57701 -3.58413 -1.16294 1.19437 -2.7674 
-0.832737 -1.32512 -2.68174 -1.93995 -0.53601 -2.58877 -1.80961 -0.938096 -1.7572 
-1.98382 0.28843 -1.96868 -0.995823 -1.99763 -2.19683 -2.0136 -0.0107282 -0.816776 
-1.45723 1.17623 -1.75953 -1.80134 -1.05036 -0.364132 -1.24973 -1.97286 -0.249855 
-1.03135 1.45745 -0.867606 -1.89391 0.703478 -0.16055 -0.777485 -2.61096 -0.0779933 
-1.87388 -1.27078 0.468474 -1.65838 1.28192 0.332976 -0.919773 2.37185 0.0921127 
-0.661965 1.40125 0.605214 -2.0357 -0.233837 1.77102 -1.81213 -0.15159 0.937042 
-1.45705 1.95348 1.02736 -1.3002 -1.48708 1.55013 -1.21445 -1.92732 0.707014 
-1.51764 1.04547 2.35416 -0.813186 1.64314 1.56891 -1.30946 -0.244967 2.10849 
-1.42902 0.0474319 3.09164 -1.28445 -1.05762 3.28938 -1.58296 0.631346 3.35257 
-1.90924 1.07351 3.27175 -0.269896 -1.65086 3.57065 -1.85427 -0.31633 3.75307 
-0.592717 1.54259 2.95083 -0.509711 1.10337 3.88649 -1.49157 -0.670684 4.38322 
-1.49819 0.323179 4.13509 -1.7391 0.472697 4.66918 -0.919442 1.34662 4.43204 
-0.676212 -1.28832 4.79833 -1.59698 -0.462376 5.01324 -1.1488 -0.890489 5.055 
-0.787133 1.53843 5.39717 -1.26095 0.77747 5.22408 -0.953346 -0.0344965 4.60197 
-1.46863 0.332375 6.12225 -0.898778 -1.43308 5.76018 -0.0109459 1.44271 6.01725 
1.19463 0.085529 -5.98351 1.51942 0.103509 -6.25526 0.503207 -1.37071 -5.80489 
0.99035 -1.23967 -5.23021 1.30038 -0.929379 -4.62765 1.35285 -0.121197 -4.94287 
0.268882 -1.64658 -4.81383 0.382228 -1.50576 -3.92499 1.51113 0.192997 -4.17881 
1.99999 0.167319 -1.22531 0.773687 -2.62467 -0.108347 1.66373 -1.2063 0.513557 
2.0383 0.303371 0.256618 1.44142 -0.381051 1.40996 1.19248 -1.29346 2.42387 
0.551317 -1.79481 1.46454 1.43665 -1.50126 3.01327 1.57653 -0.165625 2.73251 
1.24576 -0.959293 4.3018 1.00485 -1.16513 3.62831 0.451268 -1.19583 3.05704 
1.63966 -0.139863 3.92728 1.20525 -0.441901 4.51453 0.242768 -1.20096 4.92904 
1.31915 -1.05952 4.85487 0.530671 -1.65895 5.23522 1.86437 -0.132399 5.14206 
1.43146 -0.158695 5.3286 0.296203 -1.48342 5.86442 1.40375 -0.0696169 6.02647 
1.15815 0.680611 -5.01337 1.43823 0.876064 -3.20759 1.42731 1.09874 -1.92884 
1.63201 0.582759 3.79305 1.31125 0.436134 5.06086 0.995769 1.08816 -6.06949 
1.416 1.21608 -4.06131 1.96592 1.09538 -0.698551 1.38859 1.24709 0.0472146 
1.11248 1.36595 1.46536 1.13098 1.20381 3.38799 1.14577 0.898219 4.34208 
0.31203 1.36936 -6.00329 0.703332 1.35337 -5.2036 0.556513 1.65191 -4.3599 
0.299283 1.55517 -3.60153 0.0875492 1.88072 -1.76488 1.3555 1.55991 -0.939103 
0.210581 1.99169 -0.153178 1.30339 1.91267 0.76202 0.0603352 1.29966 2.39326 
0.432812 1.69697 3.4112 -0.123908 -1.40903 -6.48933 -0.282166 -1.99148 -3.11968 
0.815922 -1.78925 -1.36974 -0.16972 -1.88 2.84937 -0.110882 -1.56036 4.12229 
-0.56062 1.66852 -2.78601 0.0304022 2.4754 -1.62767 0.030127 2.16688 1.48988 
0.341479 1.67807 4.22025 0.215209 1.07073 -5.05466 0.0137481 1.07407 -3.13651 
-0.589901 0.850621 -1.13124 0.544518 0.790612 -1.24915 0.327317 0.787523 3.96689 
-1.20227 -0.727524 5.64564 0.600737 -0.855154 4.8149 -0.987465 0.959845 -5.99277 
-0.220523 -2.05461 0.436471 1.24825 0.355569 -0.719279 -0.931382 -1.39324 4.20168 
-0.00528005 0.798208 -0.324833 -1.22261 -0.795533 -0.875954 -0.921313 -0.732529 -1.50967 
1.17047 -1.22212 -2.45427 1.27021 0.222667 4.59126 -0.542666 -2.03504 -2.61166 
-0.283718 1.66625 5.17006 -0.47903 1.47006 -4.26009 -0.560606 -1.08823 3.38721 
0.802162 -1.26174 5.14684 -0.0782621 -1.86238 4.76673 -0.372001 -0.66406 -2.22848 
-1.82071 0.0769358 -3.37293 0.904712 0.910784 -5.59422 0.121845 -1.01854 -4.65025 
-0.830172 -0.951318 4.46151 -1.38583 -0.218197 -1.55535 -0.171319 1.43704 -5.27319 
-0.237968 -1.09614 4.48375 0.173995 1.82831 5.31914 0.0258331 -1.85161 -2.25033 
0.576438 0.950838 -5.42725 -0.161129 0.956556 3.60896 0.100331 1.4812 -0.757118 
0.0473432 1.29966 -1.24919 -0.170149 1.07296 -3.77987 -0.146095 -1.46398 4.48354 
-0.0713439 1.13944 4.87183 0.286727 1.20146 -4.16463 -0.125381 -1.65798 4.80012 
1.17805 -0.0130326 4.93843 0.0439243 1.14708 -0.866993 0.381518 1.3498 3.90337 
1.78886 0.997608 4.32696 0.136355 -1.30776 -1.95966 -0.0443223 1.33655 -4.01762 
-0.151911 -1.52404 4.79111 1.85445 0.40457 4.20664 -1.48212 -0.454958 -2.17826 
1.62174 0.647127 4.23904 -0.300359 -1.00608 -2.33621 -0.35459 0.851435 -4.1951 
-0.836471 0.905544 -4.52668 -0.569984 -1.5234 -2.13583 -1.87539 0.707316 -2.45186 
0.404335 1.72054 4.99777 1.60909 0.262234 4.4375 1.68019 0.204038 4.1284 
0.177532 1.68189 4.80922 1.49146 0.119898 4.77502 0.00991053 0.961258 -1.02407 
-0.183333 -1.41345 4.82121 -1.74217 1.15723 -2.56516 1.55477 0.204287 4.21938 
-0.21317 -1.32022 4.83921 1.64201 -0.0129621 4.71371 1.50531 -0.15286 4.58018 
1.38248 -0.124811 4.80942 1.81467 0.107421 4.34747 1.59263 -0.0128222 4.3958 
-1.31521 0.423685 -4.9008 -1.54126 0.756169 -5.09656 -1.41148 0.958999 -4.46684 
-1.12522 1.01386 -3.9654 -1.76682 -0.986723 -3.87889 -0.767628 -1.61558 -1.38966 
-1.53283 -1.48874 -1.20738 1.64738 -0.877773 -1.82414 0.847817 1.68849 4.78186 
0.50082 1.06939 4.83062 -0.807031 0.328147 -5.66701 -0.431889 -1.21309 1.19572 
-0.605081 -0.342552 1.92754 -0.964452 -0.382576 3.58013 -0.724721 0.475334 4.04306 
-1.18586 -1.30649 0.583655 1.16518 -1.8009 -0.150694 -0.175259 1.36688 4.45046 
0.0960144 1.54201 4.55025 -0.959529 0.196148 4.1396 -1.78046 -0.0117357 -4.80982 
-0.647278 -1.03822 -1.84328 -0.427923 -1.28988 -1.96922 -1.56891 -0.291347 -4.13397 
-1.55386 -0.372744 -4.55514 -1.71377 0.10255 -4.38126 -1.87608 0.452346 -4.43942 
1.86729 -0.919646 -0.669674 0.975255 -0.549809 -0.215038 1.12053 -0.455508 -1.14026 
1.65865 0.105064 4.28149 1.65625 -0.596712 4.6386 -0.172906 1.28823 -4.67969 
1.34031 -0.645445 5.08297 1.70639 0.212223 4.2876 -1.02932 -1.41937 5.15946 
0.743076 1.4561 4.84043 
CELLS 2516 12580
4 247 268 448 521 
4 246 268 448 247 
4 378 564 329 606 
4 469 114 113 112 
4 521 268 448 484 
4 508 495 526 558 
4 349 388 374 350 
4 373 402 378 371 
4 470 355 465 149 
4 420 542 518 557 
4 397 374 402 371 
4 114 469 113 116 
4 152 496 153 174 
4 380 360 356 358 
4 355 470 465 357 
4 472 469 113 112 
4 606 582 329 633 
4 380 356 391 358 
4 525 582 585 606 
4 495 357 526 558 
4 472 420 518 557 
4 469 472 113 116 
4 419 528 389 382 
4 530 516 569 506 
4 357 507 526 558 
4 507 508 526 558 
4 256 472 113 112 
4 488 399 521 555 
4 394 363 608 439 
4 472 256 113 116 
4 355 340 338 337 
4 552 377 458 456 
4 411 533 13 409 
4 536 552 458 456 
4 495 470 465 149 
4 85 536 458 456 
4 408 533 13 411 
4 89 325 324 459 
4 402 378 377 379 
4 387 118 153 154 
4 118 387 153 404 
4 470 495 465 357 
4 478 476 363 625 
4 413 412 407 551 
4 412 467 407 551 
4 404 496 153 152 
4 8 533 13 408 
4 467 354 407 551 
4 170 495 465 149 
4 480 476 363 478 
4 613 476 363 480 
4 358 390 391 359 
4 366 384 367 372 
4 625 476 363 613 
4 539 571 381 602 
4 507 526 554 410 
4 116 540 404 472 
4 382 364 626 535 
4 288 285 510 544 
4 536 456 521 555 
4 379 402 403 376 
4 365 366 394 364 
4 390 391 356 358 
4 372 383 384 385 
4 372 366 383 363 
4 359 380 361 391 
4 122 604 624 474 
4 121 604 624 122 
4 531 462 377 397 
4 507 526 280 554 
4 377 386 348 493 
4 370 367 398 372 
4 509 286 285 510 
4 363 427 538 602 
4 346 462 377 531 
4 282 507 280 554 
4 506 530 525 569 
4 602 428 427 603 
4 509 285 282 544 
4 23 17 597 623 
4 22 23 416 623 
4 374 462 377 346 
4 325 455 564 543 
4 397 462 377 374 
4 23 597 416 623 
4 480 242 263 264 
4 358 572 565 544 
4 164 487 593 486 
4 375 379 402 377 
4 239 519 557 602 
4 389 361 356 390 
4 392 571 557 540 
4 398 385 435 504 
4 613 534 263 480 
4 372 398 395 385 
4 475 534 263 613 
4 564 455 325 614 
4 594 586 491 592 
4 242 534 263 475 
4 365 394 538 363 
4 319 516 322 321 
4 596 486 593 541 
4 597 18 23 599 
4 633 582 329 605 
4 597 17 18 598 
4 3 211 336 354 
4 395 385 478 383 
4 293 496 196 497 
4 480 534 263 242 
4 376 402 403 373 
4 384 383 364 625 
4 389 356 361 392 
4 3 336 2 354 
4 371 375 402 397 
4 506 206 633 606 
4 323 516 322 319 
4 525 516 322 323 
4 375 377 402 397 
4 476 480 263 264 
4 251 230 348 377 
4 515 516 451 559 
4 538 427 603 602 
4 195 496 196 293 
4 410 282 414 554 
4 379 403 402 378 
4 406 413 621 17 
4 3 2 211 354 
4 321 516 322 525 
4 369 400 401 376 
4 19 544 600 599 
4 369 395 368 398 
4 526 410 414 554 
4 441 446 444 451 
4 406 597 405 411 
4 451 371 378 374 
4 516 525 451 559 
4 389 413 621 406 
4 251 348 250 377 
4 239 602 557 218 
4 539 365 538 363 
4 153 387 174 496 
4 525 530 451 559 
4 369 395 398 385 
4 174 496 196 195 
4 497 496 196 174 
4 473 362 496 501 
4 87 454 82 83 
4 31 417 35 36 
4 529 535 382 497 
4 346 349 377 374 
4 412 413 471 551 
4 421 417 35 31 
4 372 395 383 385 
4 358 389 354 360 
4 307 524 513 311 
4 442 524 513 307 
4 406 389 597 416 
4 17 411 598 597 
4 361 391 390 359 
4 127 476 126 128 
4 251 250 230 377 
4 374 349 347 346 
4 380 362 360 358 
4 422 417 35 421 
4 36 417 35 422 
4 156 177 474 157 
4 397 455 371 611 
4 439 363 534 612 
4 22 17 23 623 
4 415 413 418 214 
4 365 430 425 437 
4 453 455 461 611 
4 504 524 513 442 
4 83 454 82 453 
4 389 413 418 415 
4 125 476 126 127 
4 377 493 348 249 
4 459 89 94 327 
4 43 425 48 47 
4 426 425 48 43 
4 386 349 377 348 
4 389 597 405 406 
4 549 421 389 423 
4 357 500 507 550 
4 383 384 366 372 
4 89 459 94 460 
4 365 437 427 394 
4 472 413 418 389 
4 241 242 475 240 
4 423 365 425 553 
4 422 423 425 553 
4 329 374 582 564 
4 214 413 418 472 
4 354 340 355 337 
4 346 377 348 345 
4 539 422 425 553 
4 367 537 365 528 
4 377 346 348 349 
4 311 524 513 504 
4 365 539 425 553 
4 156 157 474 624 
4 99 459 94 327 
4 419 416 389 549 
4 386 388 349 352 
4 164 491 506 586 
4 18 598 414 579 
4 598 411 414 597 
4 244 480 243 222 
4 350 349 347 374 
4 538 365 427 394 
4 176 177 474 156 
4 554 282 507 410 
4 157 124 125 624 
4 422 41 42 37 
4 459 99 94 460 
4 397 377 402 374 
4 374 378 377 402 
4 264 480 243 244 
4 599 414 19 544 
4 363 608 439 534 
4 135 483 268 138 
4 357 340 355 354 
4 477 157 474 502 
4 222 480 243 534 
4 218 557 424 602 
4 481 479 482 133 
4 392 360 356 380 
4 478 383 363 480 
4 268 483 135 484 
4 471 467 412 551 
4 154 387 174 153 
4 30 417 36 216 
4 52 427 57 55 
4 439 223 480 395 
4 371 402 378 374 
4 527 382 380 387 
4 511 529 513 560 
4 41 422 42 425 
4 399 400 395 369 
4 399 395 368 369 
4 222 223 480 439 
4 394 608 372 395 
4 352 388 350 353 
4 423 422 42 37 
4 386 351 349 348 
4 425 427 57 52 
4 386 377 378 379 
4 594 491 593 592 
4 445 536 399 552 
4 367 385 435 398 
4 422 423 42 425 
4 388 352 350 349 
4 375 379 377 399 
4 364 363 366 394 
4 561 529 560 568 
4 361 391 356 390 
4 43 423 42 37 
4 624 157 474 477 
4 357 343 344 341 
4 390 356 389 358 
4 528 561 560 568 
4 423 43 42 425 
4 384 385 435 367 
4 375 402 379 376 
4 599 18 414 579 
4 55 427 57 432 
4 357 340 343 341 
4 497 387 174 154 
4 537 528 560 568 
4 45 51 427 46 
4 116 115 473 404 
4 428 51 427 45 
4 372 394 366 363 
4 363 439 394 612 
4 361 382 380 527 
4 503 504 478 477 
4 352 351 349 386 
4 503 478 385 384 
4 502 177 474 176 
4 504 385 435 384 
4 0 4 12 405 
4 372 367 385 384 
4 0 2 1 336 
4 0 11 2 405 
4 11 0 12 405 
4 4 0 1 339 
4 1 339 5 4 
4 1 3 336 2 
4 1 336 339 0 
4 212 2 10 406 
4 2 11 10 406 
4 398 367 385 372 
4 341 338 357 340 
4 465 338 357 341 
4 2 212 210 407 
4 212 233 210 407 
4 4 5 7 339 
4 6 4 7 339 
4 12 6 13 408 
4 6 8 13 408 
4 8 6 7 342 
4 7 9 8 342 
4 7 339 342 6 
4 8 9 274 342 
4 606 525 451 614 
4 266 479 131 480 
4 8 274 273 410 
4 274 275 273 410 
4 8 273 279 410 
4 273 280 279 410 
4 16 10 11 406 
4 10 16 212 406 
4 15 11 12 406 
4 11 405 12 406 
4 355 338 357 465 
4 12 13 18 411 
4 396 611 453 616 
4 17 12 18 411 
4 134 479 131 266 
4 19 13 14 409 
4 14 279 19 409 
4 363 428 612 602 
4 15 21 16 406 
4 392 382 380 361 
4 16 213 212 412 
4 213 233 212 412 
4 16 214 213 413 
4 20 214 16 413 
4 114 115 473 116 
4 459 328 543 325 
4 340 338 357 355 
4 19 279 282 414 
4 17 622 617 623 
4 328 556 543 325 
4 529 537 513 560 
4 582 605 326 329 
4 26 214 20 415 
4 214 413 20 415 
4 152 115 473 114 
4 583 164 506 586 
4 157 177 474 502 
4 582 556 543 374 
4 23 28 27 416 
4 28 33 27 416 
4 29 28 23 416 
4 264 263 476 129 
4 507 500 508 550 
4 25 27 31 417 
4 556 582 543 325 
4 26 30 216 417 
4 30 26 31 417 
4 26 215 214 418 
4 215 236 214 418 
4 618 602 580 619 
4 548 618 580 619 
4 358 510 565 572 
4 496 153 387 404 
4 28 29 33 416 
4 29 291 34 419 
4 537 528 513 560 
4 585 582 543 374 
4 33 29 34 419 
4 480 222 439 534 
4 219 428 602 603 
4 420 389 539 548 
4 35 31 37 421 
4 31 32 37 421 
4 234 472 213 214 
4 471 472 213 234 
4 413 472 213 471 
4 33 38 37 423 
4 410 354 358 607 
4 39 33 34 419 
4 34 291 39 419 
4 35 37 41 422 
4 36 35 41 422 
4 582 585 543 325 
4 528 511 513 560 
4 214 472 213 413 
4 216 36 217 424 
4 149 470 110 111 
4 355 470 110 149 
4 43 37 38 423 
4 38 39 43 423 
4 39 44 43 426 
4 39 291 294 419 
4 39 297 44 426 
4 297 300 44 426 
4 297 39 294 419 
4 45 40 46 427 
4 40 41 46 427 
4 621 622 617 17 
4 441 367 63 442 
4 265 480 264 244 
4 47 41 42 425 
4 437 367 63 441 
4 47 41 425 46 
4 42 43 47 425 
4 131 480 264 265 
4 496 387 174 497 
4 511 522 293 510 
4 469 470 110 355 
4 44 300 49 429 
4 433 367 63 437 
4 442 367 63 433 
4 219 45 51 428 
4 50 46 52 427 
4 378 464 329 374 
4 51 46 50 427 
4 52 47 48 425 
4 48 53 52 430 
4 54 53 48 430 
4 559 515 516 530 
4 292 522 293 511 
4 529 537 560 568 
4 55 50 52 427 
4 50 55 51 427 
4 111 470 110 469 
4 404 115 473 152 
4 220 241 219 431 
4 151 473 152 172 
4 289 522 293 292 
4 58 52 53 430 
4 365 539 393 363 
4 403 388 352 187 
4 510 522 293 289 
4 377 488 566 573 
4 53 54 58 430 
4 54 59 58 433 
4 54 300 303 434 
4 300 304 303 434 
4 306 54 303 434 
4 59 54 306 435 
4 54 434 306 435 
4 114 473 152 151 
4 382 392 389 361 
4 55 60 56 432 
4 60 221 56 432 
4 61 57 62 436 
4 57 63 62 436 
4 163 486 162 137 
4 64 58 59 433 
4 59 306 64 438 
4 306 309 64 438 
4 60 65 222 439 
4 579 599 18 597 
4 60 222 221 440 
4 488 563 566 573 
4 67 66 61 436 
4 61 62 67 436 
4 498 486 162 163 
4 482 486 162 498 
4 62 63 67 436 
4 63 68 67 441 
4 68 73 67 441 
4 69 68 63 441 
4 64 69 63 441 
4 69 64 309 442 
4 64 438 309 442 
4 240 431 241 242 
4 246 267 448 268 
4 357 495 170 550 
4 137 486 162 482 
4 500 357 170 550 
4 396 461 611 616 
4 508 500 170 550 
4 495 508 170 550 
4 72 67 73 441 
4 563 456 566 573 
4 485 267 448 246 
4 484 267 448 485 
4 68 69 73 441 
4 69 315 74 441 
4 69 309 312 442 
4 315 69 312 442 
4 69 74 73 441 
4 70 76 75 445 
4 77 444 76 70 
4 77 70 72 444 
4 71 70 75 445 
4 224 71 75 445 
4 77 72 73 446 
4 72 441 73 446 
4 73 78 77 447 
4 78 83 77 447 
4 79 78 73 447 
4 79 73 74 441 
4 74 315 79 441 
4 421 389 417 549 
4 75 80 81 445 
4 75 226 225 448 
4 226 246 225 448 
4 449 444 76 77 
4 445 444 76 449 
4 71 445 65 70 
4 77 82 80 449 
4 82 77 83 446 
4 77 447 83 446 
4 78 79 83 447 
4 79 84 83 446 
4 79 315 318 450 
4 321 79 318 450 
4 84 79 321 451 
4 79 450 321 451 
4 80 86 85 452 
4 87 86 80 452 
4 87 80 82 449 
4 81 80 85 452 
4 224 445 65 71 
4 70 444 76 445 
4 82 446 83 453 
4 87 83 88 454 
4 268 267 448 484 
4 83 84 89 455 
4 321 89 84 455 
4 85 227 226 456 
4 227 248 226 456 
4 85 86 90 457 
4 86 92 90 457 
4 85 90 91 458 
4 403 187 352 494 
4 359 358 416 600 
4 228 249 227 377 
4 516 323 205 204 
4 87 88 92 454 
4 323 516 205 506 
4 88 93 92 454 
4 27 421 417 549 
4 93 89 94 460 
4 456 377 566 573 
4 365 425 427 437 
4 579 598 414 597 
4 365 528 430 367 
4 386 377 388 378 
4 505 516 205 204 
4 91 90 95 458 
4 624 122 156 124 
4 349 377 388 386 
4 374 377 388 349 
4 96 92 97 462 
4 92 98 97 462 
4 99 93 94 460 
4 392 381 571 540 
4 95 229 228 463 
4 229 249 228 463 
4 95 96 100 345 
4 95 100 101 345 
4 95 230 229 463 
4 230 250 229 463 
4 95 101 230 345 
4 96 97 100 346 
4 97 103 102 346 
4 97 102 100 346 
4 97 98 103 347 
4 99 103 98 347 
4 99 327 330 459 
4 327 328 330 459 
4 99 330 333 464 
4 330 331 333 464 
4 99 333 104 347 
4 99 104 103 347 
4 100 346 345 96 
4 103 347 346 97 
4 105 147 107 341 
4 106 105 107 338 
4 149 105 110 465 
4 105 106 110 465 
4 105 149 147 466 
4 149 168 147 466 
4 106 252 254 467 
4 252 233 254 467 
4 106 108 253 338 
4 109 106 254 468 
4 106 467 254 468 
4 106 107 108 338 
4 110 106 109 468 
4 106 253 252 467 
4 253 231 252 467 
4 107 147 148 341 
4 107 341 338 105 
4 112 110 109 468 
4 109 254 112 468 
4 110 112 111 469 
4 516 505 205 506 
4 111 150 149 470 
4 150 171 149 470 
4 114 150 111 470 
4 114 111 112 469 
4 184 505 205 204 
4 506 206 605 633 
4 378 377 388 374 
4 254 233 255 471 
4 112 255 256 472 
4 569 559 516 530 
4 329 374 556 582 
4 452 453 87 454 
4 449 453 87 452 
4 114 151 150 473 
4 151 172 150 473 
4 478 625 363 383 
4 488 521 248 547 
4 82 453 87 449 
4 115 118 152 404 
4 377 488 248 547 
4 456 377 248 547 
4 116 256 257 472 
4 258 116 257 472 
4 521 456 248 547 
4 386 490 488 546 
4 392 382 540 387 
4 118 153 152 404 
4 152 473 496 172 
4 454 453 87 82 
4 496 473 152 404 
4 366 537 365 367 
4 364 537 365 366 
4 139 532 488 546 
4 488 532 386 546 
4 386 270 490 546 
4 139 489 532 546 
4 571 548 580 619 
4 621 22 620 622 
4 386 532 489 546 
4 534 440 439 612 
4 41 422 40 36 
4 625 624 477 476 
4 122 155 154 474 
4 155 176 154 474 
4 395 372 363 608 
4 489 270 386 546 
4 488 490 139 546 
4 139 490 270 546 
4 139 270 489 546 
4 381 382 540 392 
4 427 422 40 41 
4 133 131 134 479 
4 626 474 604 382 
4 528 537 365 364 
4 598 579 18 597 
4 381 364 626 382 
4 625 364 626 381 
4 127 129 130 476 
4 595 583 574 631 
4 279 14 533 409 
4 231 407 517 211 
4 414 579 544 599 
4 389 416 406 622 
4 519 258 540 120 
4 8 14 533 279 
4 13 14 533 8 
4 363 383 395 480 
4 467 407 517 231 
4 385 478 504 369 
4 557 258 540 519 
4 160 159 130 478 
4 132 160 130 478 
4 409 14 533 13 
4 131 265 266 480 
4 265 244 266 480 
4 451 614 455 564 
4 433 58 63 64 
4 58 433 63 437 
4 354 407 517 467 
4 133 136 162 481 
4 136 137 162 481 
4 135 136 133 481 
4 133 161 160 482 
4 161 182 160 482 
4 211 407 517 354 
4 162 161 133 482 
4 613 475 534 519 
4 137 135 138 483 
4 426 423 39 33 
4 135 267 268 484 
4 136 135 137 481 
4 442 433 63 64 
4 548 539 571 381 
4 139 137 138 483 
4 137 164 163 486 
4 140 137 139 483 
4 38 39 423 33 
4 476 613 625 624 
4 441 442 63 64 
4 138 268 139 483 
4 139 268 269 488 
4 268 248 269 488 
4 139 270 142 489 
4 141 139 142 489 
4 139 269 270 490 
4 269 249 270 490 
4 139 141 140 491 
4 141 165 140 491 
4 164 140 165 491 
4 263 242 475 241 
4 622 597 406 617 
4 143 141 142 489 
4 142 270 143 489 
4 144 143 145 351 
4 143 272 146 351 
4 143 270 271 493 
4 143 146 145 351 
4 143 271 272 348 
4 166 144 145 352 
4 144 166 165 494 
4 166 187 165 494 
4 145 351 352 386 
4 145 167 166 352 
4 147 169 148 341 
4 147 168 169 344 
4 130 478 158 476 
4 240 602 239 218 
4 149 171 170 495 
4 171 192 170 495 
4 171 150 172 473 
4 602 571 580 619 
4 471 360 467 551 
4 152 173 172 496 
4 173 194 172 496 
4 564 325 585 615 
4 503 537 513 529 
4 154 175 174 497 
4 175 196 174 497 
4 416 597 406 622 
4 95 463 345 230 
4 426 419 423 581 
4 33 426 423 581 
4 604 382 540 381 
4 571 381 392 548 
4 543 459 455 564 
4 158 180 179 477 
4 489 630 141 491 
4 606 564 585 615 
4 160 181 180 482 
4 464 329 388 378 
4 339 405 340 342 
4 161 162 182 482 
4 162 183 182 498 
4 183 204 182 498 
4 184 183 162 498 
4 163 184 162 498 
4 184 163 164 486 
4 185 164 165 491 
4 208 329 388 464 
4 165 187 186 403 
4 622 597 617 623 
4 165 186 185 499 
4 186 206 185 499 
4 187 166 188 352 
4 166 167 188 352 
4 189 169 168 344 
4 169 190 344 189 
4 169 344 341 147 
4 170 192 191 500 
4 192 281 191 500 
4 189 170 191 500 
4 192 171 172 473 
4 172 193 192 501 
4 193 287 192 501 
4 194 193 172 501 
4 174 194 173 496 
4 174 195 194 496 
4 403 329 388 208 
4 603 40 422 602 
4 176 196 175 497 
4 176 177 197 502 
4 177 198 197 502 
4 176 197 196 497 
4 537 528 429 513 
4 416 597 622 623 
4 378 329 388 403 
4 501 362 496 510 
4 549 33 423 581 
4 201 180 202 504 
4 419 291 522 288 
4 491 630 141 492 
4 182 203 202 505 
4 203 182 204 505 
4 182 498 204 505 
4 183 184 204 498 
4 67 436 72 70 
4 622 406 621 617 
4 186 207 206 403 
4 207 329 206 403 
4 206 329 633 606 
4 208 187 188 353 
4 188 352 353 187 
4 188 353 209 208 
4 189 281 277 507 
4 281 280 277 507 
4 189 191 281 500 
4 189 277 278 507 
4 277 275 278 507 
4 189 278 190 344 
4 192 284 281 508 
4 284 192 287 509 
4 192 501 287 509 
4 193 194 287 501 
4 293 194 195 496 
4 194 290 287 509 
4 290 194 293 510 
4 194 496 293 510 
4 330 464 328 331 
4 196 296 293 511 
4 296 295 293 511 
4 299 296 196 511 
4 299 196 197 497 
4 143 630 141 489 
4 597 17 617 623 
4 197 198 302 512 
4 302 198 199 503 
4 199 305 302 513 
4 305 304 302 513 
4 308 305 199 513 
4 308 199 200 503 
4 200 201 308 514 
4 201 311 308 514 
4 311 201 202 504 
4 317 202 203 505 
4 202 314 311 515 
4 314 313 311 515 
4 317 314 202 515 
4 317 203 204 505 
4 204 320 317 516 
4 320 319 317 516 
4 323 320 204 516 
4 441 436 72 67 
4 205 206 323 506 
4 444 436 72 441 
4 328 464 330 459 
4 406 212 354 412 
4 235 472 236 256 
4 207 208 329 403 
4 208 209 335 353 
4 208 332 329 464 
4 332 328 329 464 
4 208 335 332 464 
4 335 331 332 464 
4 232 211 231 517 
4 70 436 72 444 
4 337 211 232 517 
4 211 337 336 354 
4 422 538 603 602 
4 213 234 233 471 
4 214 235 234 472 
4 235 256 234 472 
4 240 519 475 261 
4 214 418 236 472 
4 584 486 595 627 
4 216 237 236 518 
4 237 258 236 518 
4 17 621 406 617 
4 238 216 217 424 
4 535 364 626 625 
4 515 398 435 504 
4 239 260 238 519 
4 419 549 423 581 
4 519 604 120 540 
4 240 219 241 431 
4 220 221 241 431 
4 12 406 17 15 
4 525 606 585 615 
4 595 486 596 627 
4 463 377 228 632 
4 411 406 17 12 
4 223 224 244 395 
4 224 245 244 520 
4 245 266 244 520 
4 246 245 224 520 
4 226 247 246 448 
4 121 604 120 519 
4 247 226 248 521 
4 226 456 248 521 
4 207 208 403 186 
4 141 630 143 492 
4 232 231 253 467 
4 337 232 253 467 
4 233 234 255 471 
4 621 406 622 389 
4 575 539 389 393 
4 236 257 256 472 
4 236 258 257 472 
4 157 476 624 125 
4 410 340 354 607 
4 239 240 260 519 
4 240 241 261 475 
4 486 595 574 584 
4 241 262 261 475 
4 241 263 262 475 
4 412 413 354 406 
4 371 396 399 375 
4 245 246 266 520 
4 246 267 266 485 
4 56 432 51 55 
4 247 248 268 488 
4 249 269 248 488 
4 249 271 270 493 
4 249 250 271 348 
4 250 272 271 348 
4 250 251 272 348 
4 368 396 399 371 
4 272 348 351 386 
4 509 544 565 572 
4 274 276 275 507 
4 343 276 274 507 
4 275 276 278 507 
4 276 343 278 507 
4 98 462 93 99 
4 282 279 280 410 
4 92 462 93 98 
4 283 280 284 508 
4 280 281 284 508 
4 428 432 51 56 
4 283 284 287 509 
4 427 432 51 428 
4 286 283 287 509 
4 325 525 585 615 
4 627 486 596 590 
4 289 286 287 509 
4 287 290 289 509 
4 486 541 596 590 
4 289 292 291 522 
4 86 457 87 92 
4 289 290 293 510 
4 294 291 295 511 
4 295 291 292 522 
4 292 293 295 511 
4 297 294 295 511 
4 295 298 297 523 
4 298 301 297 523 
4 299 298 295 523 
4 295 296 299 511 
4 297 301 300 429 
4 298 299 301 523 
4 300 301 304 513 
4 301 302 304 513 
4 303 304 306 434 
4 304 307 306 435 
4 304 308 307 513 
4 308 311 307 513 
4 304 305 308 513 
4 306 307 309 442 
4 307 310 309 524 
4 310 313 309 524 
4 311 310 307 524 
4 312 309 313 524 
4 131 478 480 479 
4 310 311 313 524 
4 315 312 313 515 
4 312 524 313 515 
4 313 316 315 450 
4 316 313 317 515 
4 313 314 317 515 
4 315 316 319 516 
4 318 315 319 516 
4 316 317 319 516 
4 321 318 319 516 
4 452 457 87 86 
4 454 457 87 452 
4 319 320 323 516 
4 491 594 593 487 
4 325 321 322 525 
4 322 323 325 525 
4 621 17 22 622 
4 528 529 511 561 
4 331 334 333 350 
4 331 335 334 350 
4 92 457 87 454 
4 335 353 350 388 
4 506 525 516 569 
4 355 354 337 467 
4 472 468 255 471 
4 112 468 255 472 
4 254 468 255 112 
4 471 468 255 254 
4 344 357 341 465 
4 55 432 51 427 
4 389 354 413 406 
4 529 560 511 561 
4 374 346 347 99 
4 377 488 386 493 
4 174 152 496 173 
4 352 388 353 208 
4 511 513 429 528 
4 560 528 511 561 
4 509 565 510 572 
4 486 164 574 595 
4 355 357 360 470 
4 366 537 384 364 
4 384 535 503 477 
4 240 519 239 602 
4 607 533 405 597 
4 178 502 157 477 
4 357 410 358 526 
4 358 380 362 527 
4 155 474 156 176 
4 358 390 359 389 
4 358 359 391 380 
4 368 443 370 609 
4 503 529 512 535 
4 122 474 156 155 
4 595 631 574 584 
4 234 472 255 471 
4 461 371 396 611 
4 387 382 380 392 
4 360 470 362 473 
4 529 535 503 384 
4 364 537 384 529 
4 602 40 219 603 
4 362 473 380 360 
4 529 364 537 528 
4 578 579 562 544 
4 550 357 495 558 
4 170 357 465 495 
4 363 383 372 395 
4 583 595 596 627 
4 600 579 416 599 
4 359 579 562 578 
4 497 527 496 387 
4 256 472 255 234 
4 199 503 502 178 
4 510 527 496 497 
4 159 478 158 130 
4 362 527 496 510 
4 500 357 465 170 
4 539 422 553 575 
4 497 512 529 535 
4 602 427 612 363 
4 58 430 437 57 
4 437 430 58 433 
4 164 583 574 595 
4 525 325 455 614 
4 451 370 559 611 
4 583 590 574 631 
4 369 368 399 371 
4 398 368 369 371 
4 178 503 502 477 
4 206 506 326 323 
4 398 370 368 371 
4 472 360 389 392 
4 397 371 461 611 
4 401 400 369 485 
4 400 395 369 485 
4 500 507 344 357 
4 401 369 376 506 
4 502 535 477 503 
4 518 420 216 542 
4 400 369 399 371 
4 512 502 198 503 
4 597 416 579 599 
4 278 507 344 500 
4 198 502 512 197 
4 371 373 402 376 
4 343 507 344 278 
4 206 403 373 506 
4 357 507 344 343 
4 373 371 378 530 
4 373 403 376 506 
4 263 128 476 129 
4 399 375 396 461 
4 451 525 455 614 
4 422 424 417 420 
4 508 507 550 558 
4 375 377 397 531 
4 528 529 561 587 
4 375 402 376 371 
4 36 424 417 422 
4 401 376 400 379 
4 403 379 376 401 
4 399 379 377 532 
4 379 386 377 532 
4 388 386 378 403 
4 379 378 386 403 
4 400 379 399 532 
4 509 629 358 544 
4 216 424 417 36 
4 448 246 225 520 
4 443 395 439 609 
4 580 577 420 548 
4 225 246 224 520 
4 426 528 511 429 
4 410 358 533 607 
4 559 370 371 611 
4 562 510 358 572 
4 419 423 389 426 
4 210 407 211 2 
4 528 511 419 426 
4 482 485 369 478 
4 231 407 211 210 
4 527 529 497 511 
4 420 424 417 216 
4 476 613 624 126 
4 528 529 419 511 
4 537 528 568 587 
4 4 12 408 6 
4 12 4 408 405 
4 477 478 625 476 
4 2 407 211 354 
4 491 141 165 492 
4 607 579 414 597 
4 529 382 527 497 
4 507 357 550 558 
4 164 506 576 583 
4 395 400 399 485 
4 339 4 0 405 
4 336 339 0 2 
4 339 4 408 6 
4 342 8 6 408 
4 4 339 408 405 
4 274 8 342 533 
4 8 408 342 533 
4 342 339 408 6 
4 562 527 358 362 
4 339 342 408 405 
4 518 472 258 236 
4 346 96 97 462 
4 345 96 346 462 
4 341 105 147 466 
4 338 106 105 465 
4 105 341 338 465 
4 144 351 145 386 
4 143 351 144 386 
4 351 143 272 386 
4 348 272 143 386 
4 271 348 143 386 
4 352 166 144 494 
4 352 144 145 386 
4 344 147 168 466 
4 528 561 568 587 
4 472 236 214 235 
4 352 187 166 494 
4 168 189 344 465 
4 147 344 341 466 
4 187 353 208 352 
4 278 344 189 500 
4 335 208 353 388 
4 535 502 497 512 
4 425 538 422 539 
4 583 541 498 590 
4 141 143 144 492 
4 429 528 425 426 
4 561 529 568 587 
4 528 430 433 429 
4 504 179 180 477 
4 201 179 180 504 
4 121 260 261 519 
4 350 333 331 464 
4 529 537 568 587 
4 614 525 325 615 
4 536 399 555 521 
4 555 399 536 552 
4 99 374 346 462 
4 346 347 99 98 
4 530 559 525 569 
4 541 492 403 567 
4 478 131 482 479 
4 586 499 506 541 
4 388 208 352 187 
4 463 377 531 345 
4 427 538 394 363 
4 377 463 531 458 
4 380 358 359 527 
4 99 464 347 374 
4 528 382 419 529 
4 529 528 537 587 
4 528 425 430 429 
4 333 464 347 99 
4 164 570 184 574 
4 350 464 347 333 
4 374 464 347 350 
4 449 77 76 80 
4 95 463 531 345 
4 487 541 403 567 
4 463 95 531 458 
4 96 95 531 345 
4 445 449 76 80 
4 120 121 519 260 
4 401 379 400 532 
4 496 473 380 362 
4 453 455 374 461 
4 528 433 537 429 
4 615 564 325 614 
4 133 131 482 478 
4 379 403 386 143 
4 479 131 482 133 
4 75 445 76 80 
4 529 419 527 382 
4 492 487 403 567 
4 506 498 576 583 
4 2 339 0 405 
4 386 144 143 492 
4 386 143 271 493 
4 386 352 144 494 
4 388 335 208 464 
4 395 368 609 443 
4 355 106 338 465 
4 125 476 624 126 
4 521 532 400 399 
4 99 346 98 462 
4 346 347 98 97 
4 463 377 632 458 
4 374 461 460 453 
4 370 396 368 371 
4 532 521 400 484 
4 448 521 400 399 
4 521 448 400 484 
4 143 379 403 492 
4 403 386 143 492 
4 98 346 97 462 
4 478 133 132 160 
4 485 448 400 399 
4 433 367 430 528 
4 345 346 377 531 
4 352 386 388 403 
4 455 83 88 89 
4 374 460 455 453 
4 448 485 400 484 
4 131 133 132 478 
4 445 399 368 610 
4 396 610 461 453 
4 83 455 88 454 
4 419 359 288 522 
4 404 473 380 496 
4 455 611 397 461 
4 460 455 88 89 
4 455 460 88 454 
4 528 382 393 389 
4 548 539 420 618 
4 544 358 562 578 
4 392 571 548 577 
4 404 360 116 472 
4 253 467 338 337 
4 106 467 338 253 
4 355 467 338 106 
4 212 407 2 354 
4 210 407 233 231 
4 407 212 233 412 
4 408 13 12 411 
4 530 378 373 606 
4 337 467 338 355 
4 182 160 482 181 
4 99 460 462 93 
4 165 141 144 492 
4 425 430 365 528 
4 498 574 576 583 
4 410 274 275 507 
4 273 280 410 275 
4 164 491 586 592 
4 406 16 212 412 
4 93 460 88 89 
4 374 460 462 99 
4 461 460 462 374 
4 409 279 19 414 
4 460 93 88 454 
4 536 448 81 445 
4 454 460 92 461 
4 93 460 92 454 
4 412 16 213 413 
4 412 213 233 471 
4 226 448 81 536 
4 225 520 75 448 
4 75 448 81 226 
4 224 520 75 225 
4 445 448 81 75 
4 415 26 214 418 
4 526 629 283 414 
4 462 460 92 93 
4 557 238 239 218 
4 533 414 410 279 
4 537 435 367 384 
4 537 433 435 429 
4 417 27 31 421 
4 461 460 92 462 
4 238 557 239 519 
4 124 125 624 126 
4 420 392 548 577 
4 433 537 367 528 
4 31 27 32 421 
4 551 467 354 360 
4 416 29 33 419 
4 419 29 291 288 
4 472 360 471 551 
4 527 529 522 419 
4 421 37 35 422 
4 491 499 506 586 
4 32 33 37 423 
4 389 360 472 551 
4 373 506 530 525 
4 570 498 184 574 
4 443 441 437 436 
4 557 392 472 420 
4 430 437 367 433 
4 476 478 158 477 
4 435 442 515 504 
4 423 39 43 426 
4 426 44 43 48 
4 420 392 472 389 
4 294 419 291 522 
4 426 39 297 419 
4 526 629 509 283 
4 426 297 300 429 
4 419 294 297 511 
4 527 380 361 359 
4 470 360 358 357 
4 570 498 574 576 
4 47 52 46 425 
4 426 528 423 393 
4 48 44 49 429 
4 429 300 49 54 
4 336 2 405 339 
4 2 336 405 354 
4 425 48 52 430 
4 358 579 414 607 
4 559 516 525 569 
4 426 423 389 393 
4 360 470 358 362 
4 337 336 405 339 
4 505 482 498 369 
4 182 482 498 505 
4 430 58 52 57 
4 95 91 463 228 
4 58 63 57 437 
4 432 57 55 61 
4 430 54 58 433 
4 433 54 59 435 
4 435 306 59 438 
4 60 55 61 432 
4 336 337 405 354 
4 340 337 405 339 
4 432 60 221 440 
4 436 57 63 437 
4 416 359 288 419 
4 337 340 405 354 
4 438 306 309 442 
4 266 481 134 479 
4 439 60 65 61 
4 439 222 60 440 
4 135 481 134 266 
4 133 481 134 135 
4 436 63 67 441 
4 426 389 528 393 
4 441 64 69 442 
4 164 570 574 576 
4 22 416 620 622 
4 388 464 350 335 
4 479 481 134 133 
4 403 487 506 541 
4 441 69 315 442 
4 116 473 360 404 
4 442 309 312 524 
4 442 312 315 515 
4 458 91 463 95 
4 495 470 358 357 
4 444 72 77 446 
4 498 486 184 574 
4 77 73 447 446 
4 447 73 79 441 
4 441 315 79 450 
4 374 464 350 388 
4 445 80 81 452 
4 420 580 557 571 
4 360 473 116 469 
4 179 503 201 200 
4 456 377 547 566 
4 504 503 201 179 
4 449 77 82 446 
4 447 79 83 446 
4 446 79 84 451 
4 446 84 83 455 
4 450 318 321 516 
4 451 321 84 455 
4 452 86 85 457 
4 452 80 87 449 
4 196 293 497 511 
4 373 378 403 206 
4 226 536 81 85 
4 403 378 373 402 
4 470 495 358 362 
4 526 495 358 357 
4 456 226 85 536 
4 248 456 227 377 
4 457 90 85 458 
4 452 536 81 445 
4 528 393 365 553 
4 433 435 367 537 
4 632 91 463 458 
4 228 91 463 632 
4 227 377 249 248 
4 377 228 249 463 
4 495 526 358 362 
4 558 508 495 550 
4 444 70 436 443 
4 116 472 557 540 
4 529 522 511 527 
4 85 536 81 452 
4 519 381 604 540 
4 486 164 184 574 
4 360 473 380 404 
4 563 456 547 566 
4 224 439 445 395 
4 65 439 445 224 
4 459 330 99 464 
4 198 199 502 177 
4 110 149 465 355 
4 465 149 105 466 
4 110 465 106 355 
4 466 149 168 465 
4 254 467 233 412 
4 468 110 106 355 
4 443 441 367 437 
4 571 580 548 577 
4 468 112 110 469 
4 425 365 538 539 
4 425 365 427 538 
4 514 503 201 504 
4 470 171 149 495 
4 111 114 470 469 
4 470 114 150 473 
4 583 506 498 541 
4 200 503 201 514 
4 488 563 547 566 
4 254 233 471 412 
4 377 488 547 566 
4 543 459 464 328 
4 204 184 505 498 
4 459 543 464 374 
4 515 367 442 435 
4 406 2 354 212 
4 372 395 398 609 
4 528 423 393 553 
4 556 543 464 328 
4 557 258 116 540 
4 389 359 416 419 
4 543 556 464 374 
4 528 365 423 553 
4 487 486 506 541 
4 474 497 502 176 
4 520 485 480 395 
4 486 498 506 541 
4 329 556 464 328 
4 266 485 480 520 
4 604 381 519 626 
4 479 485 480 266 
4 160 159 478 180 
4 579 389 416 597 
4 556 329 464 374 
4 502 497 474 535 
4 164 491 592 593 
4 579 416 358 600 
4 395 485 480 479 
4 373 530 369 371 
4 457 531 90 458 
4 486 541 487 593 
4 96 531 90 457 
4 127 476 128 129 
4 491 487 492 594 
4 95 531 90 96 
4 506 530 369 373 
4 420 577 580 571 
4 363 372 394 608 
4 127 476 158 157 
4 423 389 549 419 
4 499 492 403 541 
4 371 375 397 461 
4 228 85 91 632 
4 632 85 91 458 
4 130 476 158 127 
4 458 531 90 95 
4 481 162 133 482 
4 162 481 137 482 
4 356 361 380 391 
4 631 590 574 584 
4 483 137 135 484 
4 544 358 509 565 
4 371 396 375 461 
4 481 135 137 484 
4 486 137 164 487 
4 453 452 449 445 
4 282 414 283 629 
4 282 629 283 509 
4 461 452 454 453 
4 483 268 139 489 
4 488 269 139 490 
4 489 141 139 491 
4 490 249 270 493 
4 269 249 490 488 
4 374 451 371 455 
4 492 144 165 494 
4 445 368 395 443 
4 629 282 414 544 
4 489 270 143 386 
4 493 143 270 386 
4 187 165 494 492 
4 170 168 149 465 
4 474 502 535 477 
4 189 168 170 465 
4 419 527 361 359 
4 170 495 192 508 
4 435 442 433 367 
4 410 533 340 607 
4 473 171 150 470 
4 511 293 497 510 
4 380 361 356 392 
4 474 624 626 604 
4 445 453 444 449 
4 433 513 54 435 
4 429 513 433 435 
4 548 571 539 618 
4 381 382 393 364 
4 584 590 574 498 
4 216 26 418 215 
4 419 522 511 529 
4 25 26 417 31 
4 417 26 25 415 
4 482 160 478 180 
4 444 368 396 610 
4 487 401 403 376 
4 482 162 182 498 
4 498 163 184 486 
4 405 389 607 597 
4 403 186 165 499 
4 403 165 187 492 
4 509 282 629 544 
4 499 186 206 403 
4 500 170 192 508 
4 192 281 500 508 
4 473 172 192 501 
4 418 26 216 417 
4 358 389 360 356 
4 399 488 377 555 
4 502 197 176 497 
4 180 478 504 477 
4 221 428 56 432 
4 459 455 89 325 
4 371 530 515 559 
4 51 428 220 219 
4 51 428 56 221 
4 476 157 477 158 
4 371 378 530 451 
4 527 419 361 382 
4 487 567 492 594 
4 507 189 281 500 
4 507 281 280 508 
4 567 541 492 594 
4 508 192 284 509 
4 501 194 287 509 
4 221 428 220 51 
4 509 194 290 510 
4 541 583 506 586 
4 511 196 299 497 
4 371 397 374 455 
4 299 197 302 512 
4 389 419 361 359 
4 586 492 499 541 
4 299 302 301 513 
4 512 198 302 503 
4 596 593 583 541 
4 503 199 302 513 
4 513 199 308 503 
4 503 200 308 514 
4 514 311 308 513 
4 201 311 514 504 
4 311 513 514 504 
4 504 202 311 515 
4 632 227 85 456 
4 451 444 370 611 
4 505 317 202 515 
4 311 515 313 524 
4 505 204 317 516 
4 551 472 413 471 
4 394 612 427 363 
4 431 428 220 221 
4 477 157 476 624 
4 469 473 116 114 
4 443 370 444 368 
4 395 70 443 439 
4 219 428 220 431 
4 498 590 574 583 
4 22 416 622 623 
4 491 492 499 586 
4 517 231 232 467 
4 517 337 211 354 
4 543 374 459 564 
4 156 122 624 474 
4 437 439 432 612 
4 123 624 121 519 
4 222 440 431 221 
4 385 384 504 503 
4 242 222 431 221 
4 360 467 468 471 
4 506 369 505 498 
4 241 242 431 221 
4 527 496 380 362 
4 462 397 531 461 
4 377 488 573 588 
4 451 374 378 564 
4 428 219 240 431 
4 488 555 573 588 
4 555 456 573 588 
4 389 551 472 413 
4 573 488 563 555 
4 395 224 244 520 
4 487 541 567 594 
4 510 293 497 496 
4 458 452 457 461 
4 521 248 247 488 
4 247 226 521 448 
4 367 442 370 515 
4 478 385 504 503 
4 369 371 376 373 
4 432 427 437 394 
4 400 371 376 369 
4 520 246 266 485 
4 487 403 506 376 
4 268 247 488 521 
4 488 248 249 377 
4 343 507 274 410 
4 282 410 280 507 
4 508 284 283 509 
4 370 444 396 611 
4 124 126 624 123 
4 506 605 525 633 
4 532 483 487 492 
4 367 441 370 442 
4 509 290 289 510 
4 288 289 291 522 
4 423 422 421 575 
4 534 428 240 431 
4 511 294 291 522 
4 511 291 295 522 
4 292 295 522 511 
4 511 295 297 523 
4 297 523 301 511 
4 295 299 523 511 
4 429 297 301 511 
4 429 301 300 513 
4 523 299 301 511 
4 513 304 300 434 
4 434 304 306 435 
4 435 304 307 513 
4 435 307 306 442 
4 389 423 421 575 
4 364 528 393 365 
4 442 307 309 524 
4 382 528 393 364 
4 377 227 632 456 
4 515 313 315 450 
4 450 313 316 515 
4 450 316 315 516 
4 515 317 316 516 
4 516 318 315 450 
4 571 392 420 577 
4 67 436 70 66 
4 483 532 487 401 
4 420 392 571 557 
4 428 40 427 603 
4 350 331 335 464 
4 467 355 354 360 
4 354 337 467 517 
4 370 441 515 442 
4 379 532 487 492 
4 206 205 184 570 
4 206 205 570 506 
4 341 344 465 466 
4 465 344 357 500 
4 421 549 32 423 
4 505 184 205 570 
4 441 370 443 367 
4 27 549 32 421 
4 470 360 355 469 
4 371 370 396 611 
4 457 90 96 92 
4 33 549 32 27 
4 423 549 32 33 
4 428 219 40 603 
4 380 387 392 404 
4 158 180 478 159 
4 526 629 358 509 
4 503 179 199 200 
4 218 424 36 602 
4 505 570 205 506 
4 580 548 420 618 
4 602 580 420 618 
4 531 457 96 92 
4 456 377 573 588 
4 370 441 451 515 
4 419 389 361 382 
4 570 506 505 498 
4 378 451 564 606 
4 443 439 394 609 
4 24 29 416 600 
4 414 629 358 526 
4 519 123 624 613 
4 21 413 415 20 
4 562 578 358 359 
4 443 444 370 441 
4 181 180 504 202 
4 549 25 21 601 
4 519 624 626 625 
4 532 379 487 401 
4 539 602 420 618 
4 608 439 395 394 
4 21 16 413 20 
4 413 16 21 406 
4 345 531 96 92 
4 180 181 504 482 
4 370 444 451 441 
4 453 455 454 460 
4 418 472 518 236 
4 472 418 518 420 
4 403 379 487 492 
4 383 385 478 384 
4 379 403 487 401 
4 461 375 397 531 
4 215 418 518 236 
4 532 379 386 489 
4 544 629 358 414 
4 182 181 504 202 
4 573 563 456 555 
4 506 401 486 487 
4 181 182 504 482 
4 505 182 504 202 
4 454 461 453 460 
4 620 389 413 621 
4 182 505 504 482 
4 216 215 518 236 
4 462 346 345 531 
4 466 341 105 465 
4 542 216 424 420 
4 168 344 466 465 
4 216 542 424 238 
4 580 542 424 420 
4 375 458 399 377 
4 85 228 227 632 
4 465 189 344 500 
4 33 419 549 416 
4 525 451 530 606 
4 389 21 415 601 
4 451 559 530 371 
4 343 357 507 410 
4 371 451 559 611 
4 374 397 462 461 
4 388 464 378 374 
4 395 479 480 478 
4 630 143 379 489 
4 164 506 570 576 
4 184 570 505 498 
4 453 451 455 611 
4 504 478 180 482 
4 401 483 486 487 
4 562 544 510 572 
4 177 502 178 199 
4 416 19 24 600 
4 518 418 216 420 
4 222 480 223 244 
4 126 613 263 476 
4 215 418 216 518 
4 143 386 379 489 
4 492 386 144 494 
4 467 106 355 468 
4 374 99 464 459 
4 632 228 227 377 
4 387 496 380 527 
4 528 389 426 419 
4 478 180 158 477 
4 443 372 370 609 
4 420 418 216 417 
4 244 480 223 395 
4 632 85 458 456 
4 403 352 386 494 
4 329 378 206 403 
4 377 632 458 456 
4 345 92 96 462 
4 360 355 354 357 
4 506 498 570 576 
4 541 586 492 594 
4 530 506 369 516 
4 445 453 452 461 
4 407 233 231 467 
4 498 506 369 486 
4 275 280 410 507 
4 422 37 423 421 
4 463 250 229 249 
4 522 527 288 510 
4 453 444 451 611 
4 355 468 110 469 
4 467 231 252 233 
4 359 527 288 522 
4 443 444 445 368 
4 268 139 489 532 
4 386 270 493 490 
4 22 620 413 621 
4 571 602 539 618 
4 574 164 576 583 
4 277 275 507 280 
4 461 531 462 457 
4 464 331 332 328 
4 416 23 19 599 
4 370 515 451 559 
4 478 131 130 132 
4 609 395 439 394 
4 534 613 363 480 
4 439 445 395 70 
4 17 22 413 621 
4 396 444 610 453 
4 131 129 478 130 
4 501 496 194 510 
4 172 496 194 501 
4 395 478 385 369 
4 482 479 485 478 
4 416 389 620 622 
4 435 513 442 504 
4 370 371 515 559 
4 513 434 54 435 
4 377 249 348 250 
4 488 377 386 532 
4 564 451 374 455 
4 459 374 99 460 
4 462 345 92 531 
4 532 268 139 488 
4 604 624 519 121 
4 586 491 492 594 
4 436 437 443 439 
4 372 398 370 609 
4 432 439 440 612 
4 123 126 624 613 
4 326 605 525 506 
4 505 506 516 369 
4 516 515 505 369 
4 26 415 21 25 
4 20 415 21 26 
4 363 381 602 539 
4 535 382 474 626 
4 487 506 401 376 
4 453 461 445 610 
4 537 513 384 503 
4 479 266 481 485 
4 463 249 377 250 
4 421 32 37 423 
4 509 510 544 572 
4 377 552 399 555 
4 593 164 491 487 
4 267 266 481 135 
4 266 267 481 485 
4 484 267 481 135 
4 429 44 300 426 
4 513 511 299 529 
4 427 46 52 425 
4 49 54 48 429 
4 583 164 592 593 
4 630 491 628 492 
4 267 484 481 485 
4 325 556 326 328 
4 458 552 399 377 
4 513 299 512 529 
4 435 513 384 537 
4 511 510 527 522 
4 438 442 64 433 
4 428 432 440 612 
4 446 444 453 449 
4 453 444 446 451 
4 72 444 441 446 
4 506 499 403 541 
4 499 185 506 206 
4 527 510 511 497 
4 451 450 321 516 
4 451 79 450 441 
4 453 446 83 455 
4 82 446 453 449 
4 519 624 604 626 
4 15 11 406 16 
4 428 440 431 534 
4 499 491 165 492 
4 467 254 468 471 
4 565 358 509 362 
4 503 179 178 199 
4 476 613 263 480 
4 480 264 476 129 
4 597 17 406 617 
4 540 404 118 116 
4 192 495 473 509 
4 519 475 534 240 
4 377 250 230 463 
4 230 345 348 377 
4 483 487 137 486 
4 481 482 479 484 
4 542 424 557 580 
4 551 407 389 354 
4 364 384 366 383 
4 46 427 41 425 
4 389 549 416 21 
4 556 329 326 328 
4 624 124 121 122 
4 118 404 540 387 
4 461 458 375 531 
4 399 458 375 461 
4 507 278 189 500 
4 536 552 452 458 
4 509 192 501 473 
4 445 552 452 536 
4 428 427 432 612 
4 564 585 374 582 
4 232 337 517 467 
4 282 554 283 414 
4 414 554 283 526 
4 407 413 389 354 
4 358 578 544 579 
4 471 472 468 360 
4 472 469 468 360 
4 521 226 456 536 
4 485 369 484 482 
4 377 249 488 493 
4 445 368 444 610 
4 413 22 21 620 
4 312 524 515 442 
4 354 389 405 406 
4 583 164 586 592 
4 602 519 571 381 
4 506 373 369 376 
4 531 458 375 377 
4 452 85 458 457 
4 387 527 382 497 
4 404 496 380 387 
4 604 382 381 626 
4 374 455 459 564 
4 358 414 410 533 
4 360 470 473 469 
4 439 437 443 394 
4 501 496 473 172 
4 458 85 452 536 
4 371 376 399 400 
4 130 129 478 476 
4 399 532 377 488 
4 375 376 399 371 
4 506 185 499 491 
4 539 553 365 393 
4 379 376 399 375 
4 342 533 408 405 
4 369 401 484 482 
4 238 424 557 542 
4 526 554 283 280 
4 579 358 359 600 
4 230 463 345 377 
4 123 261 519 121 
4 489 491 628 630 
4 280 554 283 282 
4 452 454 457 461 
4 557 519 571 602 
4 400 376 399 379 
4 389 413 21 620 
4 416 389 21 620 
4 441 442 450 515 
4 540 519 571 557 
4 323 525 326 325 
4 551 413 389 407 
4 354 212 407 412 
4 233 407 412 467 
4 411 12 408 405 
4 438 433 435 442 
4 123 613 261 126 
4 430 54 433 429 
4 485 479 395 478 
4 359 544 527 562 
4 412 406 16 413 
4 519 613 261 123 
4 411 406 12 405 
4 506 525 326 323 
4 430 57 425 437 
4 393 539 548 381 
4 429 513 54 433 
4 213 412 413 471 
4 389 359 361 390 
4 418 415 26 417 
4 504 513 384 435 
4 571 580 557 602 
4 199 502 503 198 
4 475 613 261 519 
4 472 392 557 540 
4 448 485 246 520 
4 381 519 571 540 
4 419 416 29 288 
4 184 185 570 164 
4 164 185 570 506 
4 527 544 359 288 
4 389 417 549 25 
4 422 425 41 427 
4 22 416 21 620 
4 354 412 407 413 
4 425 423 43 426 
4 223 224 439 65 
4 369 485 395 478 
4 48 426 44 429 
4 522 294 419 511 
4 224 223 439 395 
4 426 419 297 511 
4 585 582 564 606 
4 429 426 297 511 
4 539 393 548 389 
4 31 417 36 30 
4 416 549 33 27 
4 54 429 300 513 
4 52 425 430 57 
4 430 425 48 429 
4 630 628 483 492 
4 54 430 48 429 
4 222 223 439 65 
4 405 533 408 411 
4 420 389 417 421 
4 422 420 417 421 
4 398 371 369 530 
4 575 423 422 553 
4 474 624 535 626 
4 59 433 435 438 
4 442 524 515 504 
4 438 435 306 442 
4 432 61 60 439 
4 436 61 57 437 
4 370 372 443 367 
4 221 432 440 428 
4 437 63 436 441 
4 489 628 483 630 
4 383 625 384 478 
4 414 411 533 597 
4 19 409 18 13 
4 360 551 389 354 
4 60 439 440 432 
4 358 389 359 416 
4 158 157 477 179 
4 479 485 481 484 
4 604 474 387 382 
4 387 382 540 604 
4 520 485 395 448 
4 428 612 534 363 
4 442 315 441 450 
4 565 510 358 362 
4 315 442 515 450 
4 549 419 33 589 
4 414 409 18 19 
4 444 445 70 443 
4 446 77 444 449 
4 492 630 532 483 
4 446 73 447 441 
4 79 447 441 446 
4 377 552 555 456 
4 503 502 535 512 
4 452 445 80 449 
4 411 409 18 414 
4 543 585 374 564 
4 387 474 497 382 
4 527 522 359 419 
4 84 446 451 455 
4 451 446 79 441 
4 455 451 371 611 
4 457 531 458 461 
4 13 409 18 411 
4 460 459 455 89 
4 454 453 83 455 
4 583 595 164 596 
4 457 454 92 461 
4 456 555 536 552 
4 557 580 424 602 
4 503 513 384 504 
4 455 459 460 374 
4 380 404 392 360 
4 453 446 455 451 
4 462 92 461 457 
4 488 555 521 563 
4 441 450 451 515 
4 412 254 467 471 
4 516 451 450 515 
4 469 468 112 472 
4 539 363 538 602 
4 491 165 185 499 
4 495 470 171 473 
4 547 488 521 563 
4 274 410 342 343 
4 367 398 515 370 
4 515 398 367 435 
4 8 410 533 274 
4 357 358 410 354 
4 533 410 342 274 
4 456 547 521 563 
4 422 539 538 602 
4 419 549 581 589 
4 263 613 262 475 
4 436 441 444 443 
4 384 364 529 535 
4 154 387 474 497 
4 498 486 574 584 
4 491 506 185 164 
4 549 33 581 589 
4 580 420 424 602 
4 387 392 404 540 
4 420 422 424 602 
4 420 539 422 602 
4 409 411 533 414 
4 360 392 356 389 
4 607 414 533 597 
4 555 456 521 563 
4 383 625 363 364 
4 451 378 530 606 
4 359 600 544 579 
4 157 179 178 477 
4 477 624 535 474 
4 429 425 48 426 
4 528 425 423 365 
4 126 613 262 263 
4 405 533 411 597 
4 423 425 528 426 
4 33 426 581 589 
4 382 497 535 474 
4 133 160 478 482 
4 354 358 360 357 
4 482 481 137 484 
4 185 570 206 184 
4 368 395 399 445 
4 483 137 484 482 
4 483 484 268 532 
4 506 570 206 185 
4 137 486 482 483 
4 389 579 607 597 
4 368 396 370 444 
4 489 483 268 532 
4 493 490 249 488 
4 615 525 606 614 
4 487 628 164 491 
4 628 140 164 491 
4 494 187 492 403 
4 506 401 369 486 
4 170 189 465 500 
4 206 329 605 633 
4 495 171 192 473 
4 529 537 384 503 
4 509 501 362 473 
4 452 399 445 461 
4 364 366 363 383 
4 537 435 513 429 
4 137 483 628 487 
4 383 395 480 478 
4 363 519 613 534 
4 404 540 392 472 
4 499 165 403 492 
4 399 448 545 395 
4 499 403 206 506 
4 508 281 500 507 
4 137 483 140 628 
4 164 137 628 487 
4 497 502 197 512 
4 477 384 535 625 
4 428 534 602 363 
4 625 624 535 477 
4 364 382 529 535 
4 377 488 456 555 
4 509 501 194 510 
4 534 439 480 608 
4 240 534 602 428 
4 299 497 197 512 
4 512 302 299 513 
4 511 299 301 513 
4 302 512 503 513 
4 381 625 519 626 
4 308 503 514 513 
4 544 600 359 288 
4 515 504 202 505 
4 590 596 583 541 
4 524 311 515 504 
4 317 505 516 515 
4 154 474 604 122 
4 506 323 516 525 
4 504 513 514 503 
4 575 389 420 421 
4 497 512 299 529 
4 389 575 420 539 
4 398 369 504 515 
4 511 497 299 529 
4 422 575 420 421 
4 575 422 420 539 
4 164 137 140 628 
4 510 501 362 509 
4 580 420 557 542 
4 399 461 396 610 
4 628 483 139 489 
4 368 399 396 610 
4 448 226 521 536 
4 358 562 572 544 
4 519 534 602 240 
4 553 423 393 575 
4 521 488 268 532 
4 348 271 249 493 
4 363 534 602 519 
4 591 488 555 456 
4 488 591 377 456 
4 495 192 508 509 
4 522 288 289 510 
4 176 154 497 175 
4 364 363 381 625 
4 440 612 534 428 
4 301 429 511 513 
4 434 300 513 54 
4 539 553 393 575 
4 435 434 304 513 
4 513 307 435 442 
4 608 363 480 534 
4 395 363 480 608 
4 261 613 262 126 
4 503 179 504 477 
4 316 450 515 516 
4 525 321 516 451 
4 590 631 627 584 
4 497 154 176 474 
4 360 467 355 468 
4 626 624 535 625 
4 384 367 537 366 
4 474 154 604 387 
4 444 453 445 610 
4 583 631 627 590 
4 480 439 395 608 
4 401 482 486 483 
4 599 600 579 544 
4 528 364 382 529 
4 477 625 478 384 
4 612 437 439 394 
4 216 542 237 518 
4 475 613 262 261 
4 423 389 393 575 
4 616 453 461 611 
4 119 154 604 122 
4 399 552 458 452 
4 358 526 410 414 
4 426 419 581 589 
4 238 542 237 216 
4 578 579 358 359 
4 579 358 354 607 
4 445 545 448 395 
4 399 458 461 452 
4 622 17 22 623 
4 486 482 401 369 
4 510 362 527 562 
4 544 510 527 562 
4 348 271 493 386 
4 394 437 432 612 
4 456 377 588 591 
4 492 403 386 494 
4 583 596 590 627 
4 595 631 627 583 
4 533 279 409 414 
4 469 355 468 360 
4 493 386 490 488 
4 599 19 416 600 
4 515 371 398 530 
4 368 370 398 609 
4 157 476 125 127 
4 555 456 588 591 
4 23 416 597 599 
4 531 92 462 457 
4 399 545 445 395 
4 419 426 39 589 
4 593 583 164 596 
4 382 393 548 381 
4 433 64 438 59 
4 224 445 520 395 
4 75 445 520 224 
4 426 33 39 589 
4 504 515 369 505 
4 399 545 448 445 
4 358 562 359 527 
4 33 419 39 589 
4 488 555 588 591 
4 504 482 369 478 
4 126 476 263 128 
4 187 403 208 186 
4 377 488 588 591 
4 525 530 373 606 
4 486 584 498 590 
4 208 403 187 388 
4 526 362 495 508 
4 526 357 410 507 
4 486 593 164 596 
4 399 532 488 521 
4 448 445 520 75 
4 399 445 552 452 
4 395 445 520 448 
4 461 399 445 610 
4 367 443 437 394 
4 372 394 367 366 
4 469 114 470 473 
4 630 489 532 483 
4 532 484 268 521 
4 584 631 627 595 
4 427 425 538 422 
4 484 401 483 482 
4 120 119 604 122 
4 264 129 480 131 
4 389 354 405 607 
4 124 157 156 624 
4 240 475 534 242 
4 367 394 372 443 
4 362 470 495 473 
4 536 399 448 445 
4 393 382 548 389 
4 548 420 389 392 
4 509 473 362 495 
4 364 363 393 381 
4 562 510 362 358 
4 354 389 358 579 
4 369 505 482 504 
4 484 485 401 369 
4 392 382 548 381 
4 526 362 508 509 
4 508 362 495 509 
4 508 526 280 507 
4 401 532 484 483 
4 405 406 2 354 
4 565 509 510 362 
4 399 448 521 536 
4 282 279 410 414 
4 418 389 417 420 
4 358 509 362 526 
4 491 628 139 489 
4 541 594 593 586 
4 389 418 472 420 
4 398 371 515 370 
4 512 529 503 513 
4 389 417 415 418 
4 382 392 548 389 
4 541 486 498 590 
4 410 533 279 8 
4 283 509 526 508 
4 379 532 492 630 
4 379 532 630 489 
4 535 384 364 625 
4 369 482 498 486 
4 11 406 2 405 
4 478 480 476 129 
4 400 484 485 401 
4 515 530 369 516 
4 480 244 520 395 
4 595 486 164 596 
4 520 244 480 266 
4 484 400 532 401 
4 526 283 508 280 
4 15 21 406 17 
4 395 448 485 399 
4 17 18 23 597 
4 17 22 21 413 
4 17 411 18 598 
4 411 414 18 598 
4 406 411 17 597 
4 18 414 19 599 
4 23 18 19 599 
4 285 19 282 544 
4 19 414 282 544 
4 24 19 285 600 
4 19 544 285 600 
4 19 24 23 416 
4 21 415 413 389 
4 21 22 27 416 
4 406 21 413 17 
4 21 25 415 601 
4 25 417 415 601 
4 25 21 27 549 
4 22 23 27 416 
4 23 29 416 24 
4 29 24 285 600 
4 25 27 417 549 
4 27 416 549 21 
4 288 416 29 600 
4 29 285 288 600 
4 218 36 40 602 
4 36 422 40 602 
4 424 36 217 218 
4 424 422 36 602 
4 40 422 427 603 
4 422 538 427 603 
4 40 45 219 428 
4 40 427 45 428 
4 40 219 218 602 
4 219 240 218 602 
4 427 425 57 437 
4 432 57 61 437 
4 57 432 427 437 
4 439 432 61 437 
4 436 61 437 439 
4 66 61 436 439 
4 61 66 65 439 
4 439 65 445 70 
4 65 66 70 439 
4 66 436 70 439 
4 70 443 445 395 
4 443 70 436 439 
4 324 327 89 459 
4 89 455 321 325 
4 395 368 398 609 
4 115 404 116 118 
4 121 624 123 124 
4 258 116 472 557 
4 116 117 118 540 
4 117 120 118 540 
4 492 143 379 630 
4 258 117 116 540 
4 116 469 472 360 
4 117 258 120 540 
4 404 392 360 472 
4 613 625 624 519 
4 620 621 622 389 
4 120 258 259 519 
4 258 238 259 519 
4 359 562 579 544 
4 260 120 259 519 
4 483 139 140 628 
4 367 437 430 365 
4 544 510 509 285 
4 582 605 525 326 
4 25 389 417 601 
4 369 530 515 398 
4 243 480 242 534 
4 615 606 564 614 
4 549 389 25 601 
4 584 590 486 627 
4 612 427 432 394 
4 602 427 428 612 
4 264 480 242 243 
4 363 602 381 519 
4 487 594 593 541 
4 393 539 381 363 
4 619 602 571 618 
4 416 358 389 579 
4 579 544 358 414 
4 118 604 540 120 
4 628 139 140 491 
4 394 365 367 366 
4 625 519 363 381 
4 157 178 177 502 
4 387 604 540 118 
4 503 179 477 178 
4 613 519 363 625 
4 395 609 372 394 
4 367 365 394 437 
4 396 611 444 453 
4 506 206 326 605 
4 206 329 326 605 
4 378 206 373 606 
4 206 506 373 606 
4 329 206 378 606 
4 217 238 424 218 
4 414 533 358 607 
4 477 478 503 384 
4 428 240 219 602 
4 221 428 440 431 
4 525 373 506 606 
4 618 548 571 619 
4 365 364 363 393 
4 242 222 243 534 
4 431 440 222 534 
4 440 439 222 534 
4 363 364 365 394 
4 431 222 242 534 
4 237 238 258 557 
4 238 519 258 557 
4 237 518 542 557 
4 237 542 238 557 
4 518 237 258 557 
4 544 288 285 600 
4 238 260 259 519 
4 557 424 238 218 
4 21 389 549 601 
4 240 261 260 519 
4 609 443 372 394 
4 240 534 431 242 
4 579 354 389 607 
4 131 129 480 478 
4 374 455 397 461 
4 398 385 504 369 
4 564 606 451 614 
4 119 604 118 120 
4 121 120 604 122 
4 154 604 118 119 
4 472 518 258 557 
4 389 415 417 601 
4 396 453 461 616 
4 479 484 482 485 
4 487 492 483 628 
4 285 282 283 509 
4 283 286 285 509 
4 487 492 628 491 
4 285 286 289 510 
4 285 289 288 510 
4 289 286 509 510 
4 288 510 527 544 
4 387 604 118 154 
4 359 416 288 600 
4 525 321 451 455 
4 324 321 325 89 
4 321 525 325 455 
4 324 325 328 459 
4 324 328 327 459 
4 325 543 459 455 
4 582 585 325 525 
4 582 325 556 326 
4 325 525 326 582 
4 325 585 543 564 
4 633 605 525 582 
4 326 329 556 582 
4 564 329 374 378 
4 564 582 329 606 
4 340 354 357 410 
4 340 343 342 410 
4 340 342 405 533 
4 354 340 405 607 
4 340 533 405 607 
4 340 357 343 410 
4 342 410 533 340 
4 525 506 633 606 
4 525 633 582 606 
4 593 586 583 541 
4 583 586 593 592 
4 594 593 586 592 

CELL_TYPES 2516
10
10
10
10
10
10
10
10
10
10
10
10
10
10
10
10
10
10
10
10
10
10
10
10
10
10
10
10
10
10
10
10
10
10
10
10
10
10
10
10
10
10
10
10
10
10
10
10
10
10
10
10
10
10
10
10
10
10
10
10
10
10
10
10
10
10
10
10
10
10
10
10
10
10
10
10
10
10
10
10
10
10
10
10
10
10
10
10
10
10
10
10
10
10
10
10
10
10
10
10
10
10
10
10
10
10
10
10
10
10
10
10
10
10
10
10
10
10
10
10
10
10
10
10
10
10
10
10
10
10
10
10
10
10
10
10
10
10
10
10
10
10
10
10
10
10
10
10
10
10
10
10
10
10
10
10
10
10
10
10
10
10
10
10
10
10
10
10
10
10
10
10
10
10
10
10
10
10
10
10
10
10
10
10
10
10
10
10
10
10
10
10
10
10
10
10
10
10
10
10
10
10
10
10
10
10
10
10
10
10
10
10
10
10
10
10
10
10
10
10
10
10
10
10
10
10
10
10
10
10
10
10
10
10
10
10
10
10
10
10
10
10
10
10
10
10
10
10
10
10
10
10
10
10
10
10
10
10
10
10
10
10
10
10
10
10
10
10
10
10
10
10
10
10
10
10
10
10
10
10
10
10
10
10
10
10
10
10
10
10
10
10
10
10
10
10
10
10
10
10
10
10
10
10
10
10
10
10
10
10
10
10
10
10
10
10
10
10
10
10
10
10
10
10
10
10
10
10
10
10
10
10
10
10
10
10
10
10
10
10
10
10
10
10
10
10
10
10
10
10
10
10
10
10
10
10
10
10
10
10
10
10
10
10
10
10
10
10
10
10
10
10
10
10
10
10
10
10
10
10
10
10
10
10
10
10
10
10
10
10
10
10
10
10
10
10
10
10
10
10
10
10
10
10
10
10
10
10
10
10
10
10
10
10
10
10
10
10
10
10
10
10
10
10
10
10
10
10
10
10
10
10
10
10
10
10
10
10
10
10
10
10
10
10
10
10
10
10
10
10
10
10
10
10
10
10
10
10
10
10
10
10
10
10
10
10
10
10
10
10
10
10
10
10
10
10
10
10
10
10
10
10
10
10
10
10
10
10
10
10
10
10
10
10
10
10
10
10
10
10
10
10
10
10
10
10
10
10
10
10
10
10
10
10
10
10
10
10
10
10
10
10
10
10
10
10
10
10
10
10
10
10
10
10
10
10
10
10
10
10
10
10
10
10
10
10
10
10
10
10
10
10
10
10
10
10
10
10
10
10
10
10
10
10
10
10
10
10
10
10
10
10
10
10
10
10
10
10
10
10
10
10
10
10
10
10
10
10
10
10
10
10
10
10
10
10
10
10
10
10
10
10
10
10
10
10
10
10
10
10
10
10
10
10
10
10
10
10
10
10
10
10
10
10
10
10
10
10
10
10
10
10
10
10
10
10
10
10
10
10
10
10
10
10
10
10
10
10
10
10
10
10
10
10
10
10
10
10
10
10
10
10
10
10
10
10
10
10
10
10
10
10
10
10
10
10
10
10
10
10
10
10
10
10
10
10
10
10
10
10
10
10
10
10
10
10
10
10
10
10
10
10
10
10
10
10
10
10
10
10
10
10
10
10
10
10
10
10
10
10
10
10
10
10
10
10
10
10
10
10
10
10
10
10
10
10
10
10
10
10
10
10
10
10
10
10
10
10
10
10
10
10
10
10
10
10
10
10
10
10
10
10
10
10
10
10
10
10
10
10
10
10
10
10
10
10
10
10
10
10
10
10
10
10
10
10
10
10
10
10
10
10
10
10
10
10
10
10
10
10
10
10
10
10
10
10
10
10
10
10
10
10
10
10
10
10
10
10
10
10
10
10
10
10
10
10
10
10
10
10
10
10
10
10
10
10
10
10
10
10
10
10
10
10
10
10
10
10
10
10
10
10
10
10
10
10
10
10
10
10
10
10
10
10
10
10
10
10
10
10
10
10
10
10
10
10
10
10
10
10
10
10
10
10
10
10
10
10
10
10
10
10
10
10
10
10
10
10
10
10
10
10
10
10
10
10
10
10
10
10
10
10
10
10
10
10
10
10
10
10
10
10
10
10
10
10
10
10
10
10
10
10
10
10
10
10
10
10
10
10
10
10
10
10
10
10
10
10
10
10
10
10
10
10
10
10
10
10
10
10
10
10
10
10
10
10
10
10
10
10
10
10
10
10
10
10
10
10
10
10
10
10
10
10
10
10
10
10
10
10
10
10
10
10
10
10
10
10
10
10
10
10
10
10
10
10
10
10
10
10
10
10
10
10
10
10
10
10
10
10
10
10
10
10
10
10
10
10
10
10
10
10
10
10
10
10
10
10
10
10
10
10
10
10
10
10
10
10
10
10
10
10
10
10
10
10
10
10
10
10
10
10
10
10
10
10
10
10
10
10
10
10
10
10
10
10
10
10
10
10
10
10
10
10
10
10
10
10
10
10
10
10
10
10
10
10
10
10
10
10
10
10
10
10
10
10
10
10
10
10
10
10
10
10
10
10
10
10
10
10
10
10
10
10
10
10
10
10
10
10
10
10
10
10
10
10
10
10
10
10
10
10
10
10
10
10
10
10
10
10
10
10
10
10
10
10
10
10
10
10
10
10
10
10
10
10
10
10
10
10
10
10
10
10
10
10
10
10
10
10
10
10
10
10
10
10
10
10
10
10
10
10
10
10
10
10
10
10
10
10
10
10
10
10
10
10
10
10
10
10
10
10
10
10
10
10
10
10
10
10
10
10
10
10
10
10
10
10
10
10
10
10
10
10
10
10
10
10
10
10
10
10
10
10
10
10
10
10
10
10
10
10
10
10
10
10
10
10
10
10
10
10
10
10
10
10
10
10
10
10
10
10
10
10
10
10
10
10
10
10
10
10
10
10
10
10
10
10
10
10
10
10
10
10
10
10
10
10
10
10
10
10
10
10
10
10
10
10
10
10
10
10
10
10
10
10
10
10
10
10
10
10
10
10
10
10
10
10
10
10
10
10
10
10
10
10
10
10
10
10
10
10
10
10
10
10
10
10
10
10
10
10
10
10
10
10
10
10
10
10
10
10
10
10
10
10
10
10
10
10
10
10
10
10
10
10
10
10
10
10
10
10
10
10
10
10
10
10
10
10
10
10
10
10
10
10
10
10
10
10
10
10
10
10
10
10
10
10
10
10
10
10
10
10
10
10
10
10
10
10
10
10
10
10
10
10
10
10
10
10
10
10
10
10
10
10
10
10
10
10
10
10
10
10
10
10
10
10
10
10
10
10
10
10
10
10
10
10
10
10
10
10
10
10
10
10
10
10
10
10
10
10
10
10
10
10
10
10
10
10
10
10
10
10
10
10
10
10
10
10
10
10
10
10
10
10
10
10
10
10
10
10
10
10
10
10
10
10
10
10
10
10
10
10
10
10
10
10
10
10
10
10
10
10
10
10
10
10
10
10
10
10
10
10
10
10
10
10
10
10
10
10
10
10
10
10
10
10
10
10
10
10
10
10
10
10
10
10
10
10
10
10
10
10
10
10
10
10
10
10
10
10
10
10
10
10
10
10
10
10
10
10
10
10
10
10
10
10
10
10
10
10
10
10
10
10
10
10
10
10
10
10
10
10
10
10
10
10
10
10
10
10
10
10
10
10
10
10
10
10
10
10
10
10
10
10
10
10
10
10
10
10
10
10
10
10
10
10
10
10
10
10
10
10
10
10
10
10
10
10
10
10
10
10
10
10
10
10
10
10
10
10
10
10
10
10
10
10
10
10
10
10
10
10
10
10
10
10
10
10
10
10
10
10
10
10
10
10
10
10
10
10
10
10
10
10
10
10
10
10
10
10
10
10
10
10
10
10
10
10
10
10
10
10
10
10
10
10
10
10
10
10
10
10
10
10
10
10
10
10
10
10
10
10
10
10
10
10
10
10
10
10
10
10
10
10
10
10
10
10
10
10
10
10
10
10
10
10
10
10
10
10
10
10
10
10
10
10
10
10
10
10
10
10
10
10
10
10
10
10
10
10
10
10
10
10
10
10
10
10
10
10
10
10
10
10
10
10
10
10
10
10
10
10
10
10
10
10
10
10
10
10
10
10
10
10
10
10
10
10
10
10
10
10
10
10
10
10
10
10
10
10
10
10
10
10
10
10
10
10
10
10
10
10
10
10
10
10
10
10
10
10
10
10
10
10
10
10
10
10
10
10
10
10
10
10
10
10
10
10
10
10
10
10
10
10
10
10
10
10
10
10
10
10
10
10
10
10
10
10
10
10
10
10
10
10
10
10
10
10
10
10
10
10
10
10
10
10
10
10
10
10
10
10
10
10
10
10
10
10
10
10
10
10
10
10
10
10
10
10
10
10
10
10
10
10
10
10
10
10
10
10
10
10
10
10
10
10
10
10
10
10
10
10
10
10
10
10
10
10
10
10
10
10
10
10
10
10
10
10
10
10
10
10
10
10
10
10
10
10
10
10
10
10
10
10
10
10
10
10
10
10
10
10
10
10
10
10
10
10
10
10
10
10
10
10
10
10
10
10
10
10
10
10
10
10
10
10
10
10
10
10
10
10
10
10
10
10
10
10
10
10
10
10
10
10
10
10
10
10
10
10
10
10
10
10
10
10
10
10
10
10
10
10
10
10
10
10
10
10
10
10
10
10
10
10
10
10
10
10
10
10
10
10
10
10
10
10
10
10
10
10
10
10
10
10
10
10
10
10
10
10
10
10
10
10
10
10
10
10
10
10
10
10
10
10
10
10
10
10
10
10
10
10
10
10
10
10
10
10
10
10
10
10
10
10
10
10
10
10
10
10
10
10
10
10
10
10
10
10
10
10
10
10
10
10
10
10
10
10
10
10
10
10
10
10
10
10
10
10
10
10
10
10
10
10
10
10
10
10
10
10
10
10
10
10
10
10
10
10
10
10
10
10
10
10
10
10
10
10
10
10
10
10
10
10
10
10
10
10
10
10
10
10
10
10
10
10
10
10
10
10
10
10
10
10
10
10
10
10
10
10
10
10
10
10
10
10
10
10
10
10
10
10
10
10
10
10
10
10
10
10
10
10
10
10
10
10
10
10
10
10
10
10
10
10
10
10
10
10
10
10
10
10
10
10
10
10
10
10
10
10
10
10
10
10
10
10
10
10
10
10
10
10
10
10
10
10
10
10
10
10
10
10
10
10
10
10
10
10
10
10
10
10
10
10
10
10
10
10
10
10
10
10
10
10
10
10
10
10
10
10
10
10
10
10
10
10
10
10
10
10
10
10
10
10
10
10
10
10
10
10
10
10
10
10
10
10
10
10
10
10
10
10
10
10
10
10
10
10
10
10
10
10
10
10
10
10
10
10
10
10
10
10
10
10
10
10
10
10
10
10
10
10
10
10
10
10
10
10
10
10
10
10
10
10
10
10
10
10
10
10
10
10
10
10
10
10
10
10
10
10
10
10
10
10
10
10
10
10
10
10
10
10
10
10
10
10
10
10
10
10
10
10
10
10
10
10
10
10
10
10
10
10
10
10
10
10
10
10
10
10
10
10
10
10
10
10
10
10
10
10
10
10
10
10
10
10
10
10
10
10
10
10
10
10
10
10
10
10
10
10
10
10
10
10
10
10
10
10
10
10
10
10
10
10
10
10
10
10
10
10
10
10
10
10
10
10
10
10
10
10
10
10
10
10

POINT_DATA 634
VECTORS displacement float
-0.00787791 -0.00331824 -0.0104928
0 0 0
-0.00577891 -0.00535728 -0.0111952
0 0 0
-0.00990423 0.000401076 -0.0102985
0 0 0
-0.00784875 0.00374773 -0.00992088
0 0 0
-0.00608758 0.0065052 -0.0116315
0 0 0
-0.00837071 -0.00840305 -0.0248711
-0.0112182 -0.00515385 -0.023524
-0.0133615 0.000693886 -0.0229627
-0.0108831 0.00647584 -0.0234667
-0.00814541 0.00983947 -0.0240564
-0.0122825 -0.00597141 -0.03642
-0.00953666 -0.0100456 -0.037345
-0.0139281 0.000944678 -0.0360091
-0.0118234 0.00727965 -0.0362784
-0.00884634 0.0111304 -0.0364676
-0.0100357 -0.0103987 -0.048997
-0.0132196 -0.00676721 -0.0489491
-0.0146261 0.000447564 -0.0484956
-0.0125881 0.00748692 -0.0487002
-0.00952759 0.0111936 -0.0482016
-0.0132519 -0.00665944 -0.0600041
-0.0102928 -0.0105097 -0.0601576
-0.0145681 0.000221567 -0.0597822
-0.0129929 0.00707325 -0.0595294
-0.0101803 0.0110639 -0.0595483
-0.0105575 -0.010407 -0.0701751
-0.0132685 -0.00660161 -0.0703241
-0.0149618 6.14038e-05 -0.0700322
-0.0133953 0.00677418 -0.0701503
-0.0102777 0.0106371 -0.0697172
-0.01336 -0.00651632 -0.0797747
-0.010573 -0.0103102 -0.0798976
-0.0148934 2.46951e-06 -0.0796149
-0.0132341 0.00668748 -0.0795551
-0.0104925 0.0106575 -0.0797588
-0.0101739 -0.00986636 -0.0888622
-0.0129241 -0.00618883 -0.0887046
-0.0142868 0.000239867 -0.0885526
-0.012603 0.00663947 -0.0887689
-0.00990309 0.0104134 -0.0886907
-0.00990591 -0.00947387 -0.0973346
-0.0123106 -0.00581233 -0.0972461
-0.0134407 0.000447717 -0.0971767
-0.0119142 0.00657376 -0.0974521
-0.00918526 0.0100844 -0.0973193
-0.0116045 -0.00540409 -0.105562
-0.00928954 -0.0089328 -0.105707
-0.0124571 0.000584495 -0.105646
-0.0109801 0.00624573 -0.105649
-0.00844037 0.0094937 -0.105912
-0.0108569 -0.00505894 -0.113824
-0.00875935 -0.00844233 -0.113813
-0.0115483 0.000511551 -0.113776
-0.0102335 0.00576372 -0.113849
-0.00798518 0.00887476 -0.113779
-0.00825835 -0.0079294 -0.121845
-0.0102659 -0.00483085 -0.12171
-0.0112146 0.000239335 -0.121539
-0.0096561 0.00522298 -0.12157
-0.00753136 0.00811103 -0.121694
-0.00799664 -0.00774042 -0.129545
-0.0098892 -0.00489414 -0.129246
-0.0106654 -8.80823e-05 -0.129273
-0.00957568 0.00494782 -0.129312
-0.00741567 0.007834 -0.129318
-0.00949295 -0.00479518 -0.136675
-0.00782169 -0.00749617 -0.136812
-0.0103491 -6.68418e-05 -0.136799
-0.00924074 0.00466498 -0.136981
-0.00729525 0.00744418 -0.13689
-0.00756709 -0.0070846 -0.143942
-0.00920806 -0.00438199 -0.144011
-0.0100057 0.0001378 -0.144218
-0.00886825 0.0046026 -0.144421
-0.00701314 0.0071993 -0.144328
-0.00864595 -0.00391097 -0.151321
-0.00708469 -0.00647336 -0.151203
-0.00943433 0.000347671 -0.151585
-0.00835092 0.00448512 -0.151796
-0.00658086 0.00683554 -0.151662
-0.0065596 -0.0058364 -0.158544
-0.00807621 -0.00343544 -0.158721
-0.00888105 0.000457956 -0.158954
-0.00790694 0.00425168 -0.15909
-0.00625532 0.006408 -0.158932
-0.00788849 -0.00320046 -0.166173
-0.00643499 -0.00543833 -0.165931
-0.00865194 0.000543894 -0.166305
-0.00774902 0.00410944 -0.166401
-0.00622054 0.00618936 -0.166324
-0.00648564 -0.00528135 -0.173312
-0.00794277 -0.0031139 -0.173652
-0.0087583 0.000413591 -0.173857
-0.00791815 0.00400387 -0.173945
-0.00639308 0.00604725 -0.173785
-0.00838061 -0.00314174 -0.181427
-0.00683997 -0.00529333 -0.18112
-0.00924838 0.000455721 -0.181727
-0.00839099 0.00405221 -0.181787
-0.00688996 0.00609936 -0.18164
0.00826481 -0.00345839 -0.0102115
0.00616125 -0.00613082 -0.011556
0 0 0
0 0 0
0.00923571 -0.00880921 -0.0245151
0.0119074 -0.00562666 -0.0233928
0.0134484 -0.00615721 -0.0360024
0.0111561 -0.0102249 -0.0361077
0.0112099 -0.0103976 -0.0478365
0.0140536 -0.00645863 -0.048002
0.0141582 -0.0069029 -0.0591112
0.0113711 -0.0109103 -0.0593836
0.0110252 -0.0110618 -0.0694022
0.0140767 -0.00726793 -0.0694559
0.0134215 -0.00726737 -0.0788578
0.0104646 -0.0111724 -0.0791425
0.00967317 -0.0108301 -0.0881218
0.0125806 -0.00719689 -0.0881368
0.00912315 -0.0101802 -0.0967332
0.0118123 -0.00676345 -0.0967814
0.0110288 -0.00620836 -0.105092
0.00867481 -0.00940591 -0.105103
0.0105127 -0.00577298 -0.113187
0.0082041 -0.00884755 -0.113151
0.0076849 -0.00820521 -0.121182
0.00991785 -0.00535551 -0.121117
0.00729202 -0.00776387 -0.128731
0.00956099 -0.00507595 -0.128665
0.00915697 -0.00484883 -0.136104
0.00700788 -0.00755119 -0.136216
0.00669236 -0.00719235 -0.14362
0.0087119 -0.00467164 -0.143507
0.00827795 -0.00431886 -0.150776
0.00633339 -0.00661716 -0.150859
0.00580512 -0.00609899 -0.158013
0.00755445 -0.0039124 -0.157992
0.00691802 -0.00368754 -0.165296
0.00532803 -0.0058272 -0.165293
0.0049169 -0.0056516 -0.172647
0.00659178 -0.00362072 -0.172755
0.00655208 -0.00361866 -0.180512
0.00491546 -0.00572882 -0.180503
0.0104403 -4.77782e-05 -0.00921877
0 0 0
0.0137443 0.000292545 -0.0235245
0.0151215 0.00037543 -0.0361241
0.015382 0.000249976 -0.0476225
0.0157305 4.9832e-05 -0.0587952
0.0157685 -0.000220704 -0.0693036
0.0153443 -0.000366346 -0.0790795
0.0144591 -0.000503366 -0.0880066
0.0134509 -0.000600932 -0.0969357
0.0124423 -0.000627547 -0.10551
0.011606 -0.000503992 -0.113484
0.0113791 -0.00044097 -0.12108
0.0109333 -0.000326149 -0.128598
0.0105504 -0.000310614 -0.136015
0.0100253 -0.000334162 -0.14335
0.00934147 -0.000179966 -0.150661
0.00861799 -5.29322e-05 -0.157917
0.00793187 2.9867e-05 -0.165248
0.00755508 1.15349e-05 -0.172822
0.00753811 5.56653e-05 -0.180686
0.00885985 0.00447685 -0.0117024
0 0 0
0.0122405 0.00618428 -0.0242682
0.0136454 0.00690641 -0.0364951
0.0138988 0.00687783 -0.048179
0.0140901 0.00678995 -0.0588905
0.0142556 0.00676993 -0.0693258
0.0139323 0.00663535 -0.0788022
0.0132791 0.0063958 -0.0880783
0.0124109 0.00589829 -0.0967816
0.0114167 0.0053175 -0.105208
0.0104982 0.00479054 -0.1134
0.0101798 0.00442621 -0.121075
0.00992463 0.00438554 -0.128526
0.00954893 0.004277 -0.135938
0.00908813 0.00419325 -0.143443
0.0084712 0.00405926 -0.15082
0.00772043 0.00391744 -0.158064
0.00708213 0.00381277 -0.165403
0.00669107 0.00376759 -0.17283
0.00660037 0.00377652 -0.18063
0.00714036 0.00698458 -0.0127667
0 0 0
0.00956091 0.00938034 -0.0245991
0.0111802 0.0110595 -0.0366994
0.0111929 0.0107583 -0.047898
0.0114966 0.0107866 -0.058923
0.0113047 0.0106358 -0.0691703
0.0113917 0.0107568 -0.0791135
0.0107126 0.0102557 -0.0881085
0.00994516 0.00944278 -0.096576
0.00914533 0.00873485 -0.104941
0.0084576 0.00800452 -0.113099
0.0080711 0.00736897 -0.121009
0.00787425 0.0071706 -0.12862
0.00756341 0.00709456 -0.136177
0.00716416 0.0068694 -0.143613
0.00664079 0.00658366 -0.151021
0.00608075 0.00627734 -0.158217
0.00556006 0.00597946 -0.165494
0.00515368 0.00591691 -0.17282
0.00501466 0.0059658 -0.180636
-0.00316243 -0.00721075 -0.01346
0 0 0
-0.00496315 -0.0119064 -0.0246366
-0.00575465 -0.0131079 -0.0370194
-0.00610211 -0.013214 -0.0488603
-0.00638208 -0.013106 -0.0597235
-0.00685496 -0.0132844 -0.0702201
-0.00679893 -0.0129974 -0.0796223
-0.00674138 -0.0126109 -0.0889038
-0.00631198 -0.0120818 -0.0974999
-0.0060137 -0.0115402 -0.105706
-0.00563685 -0.0109049 -0.113886
-0.0053075 -0.0100903 -0.121927
-0.00524489 -0.00961644 -0.129411
-0.00523217 -0.0093243 -0.136707
-0.00501735 -0.00886227 -0.14398
-0.00459266 -0.00817886 -0.151168
-0.00428523 -0.0074949 -0.15843
-0.00427581 -0.00707615 -0.165746
-0.00440716 -0.00691608 -0.173117
-0.00462772 -0.00683427 -0.180694
0.000754541 -0.00895401 -0.0131191
0 0 0
0.00073028 -0.0137424 -0.0251063
0.000741982 -0.0146265 -0.0370415
0.000537792 -0.014802 -0.0485018
0.00029708 -0.0148699 -0.0596486
-1.99747e-05 -0.0150242 -0.0698187
-0.000260885 -0.0148318 -0.0795399
-0.000411538 -0.0145604 -0.0885468
-0.000300921 -0.0136562 -0.0974228
-0.000281587 -0.0129928 -0.105648
-0.000270276 -0.0121096 -0.113874
-0.000423366 -0.011402 -0.121607
-0.000592028 -0.0107773 -0.1293
-0.000603902 -0.0104507 -0.136686
-0.000591487 -0.00989272 -0.143957
-0.000390729 -0.00916926 -0.15108
-0.000354557 -0.00847106 -0.158231
-0.000530959 -0.00811183 -0.165405
-0.000769209 -0.00787556 -0.172867
-0.00103354 -0.00778547 -0.180469
0.00408445 -0.00735854 -0.0131637
0 0 0
0.0065909 -0.012027 -0.0240813
0.00716325 -0.0129417 -0.0364497
0.0071718 -0.0132555 -0.0482547
0.00703146 -0.0133567 -0.0591691
0.007025 -0.0137468 -0.0697996
0.00644623 -0.0136508 -0.0791461
0.00591085 -0.0132477 -0.0882884
0.00561977 -0.0125313 -0.0969422
0.00542579 -0.0118408 -0.105201
0.00503373 -0.0109988 -0.113404
0.00475243 -0.0103168 -0.121191
0.00439535 -0.00982051 -0.128948
0.00405293 -0.00940268 -0.13651
0.00392509 -0.00892949 -0.143761
0.00382209 -0.0082572 -0.150961
0.00353632 -0.00763672 -0.158103
0.00315307 -0.00737066 -0.165256
0.00282243 -0.00713467 -0.172685
0.0026291 -0.00714499 -0.180343
-0.0031764 0.00804843 -0.0133095
0 0 0
0.000840213 0.0097066 -0.0130281
0 0 0
0.00433586 0.00845587 -0.0134627
0 0 0
-0.00434586 0.0121063 -0.0244084
0.000763701 0.0136418 -0.0242375
0.00658202 0.0122894 -0.0247491
-0.00514824 0.0138392 -0.0366508
0.00121985 0.014975 -0.0366757
0.0074204 0.0134729 -0.0366296
-0.00551957 0.0137227 -0.0478459
0.00101311 0.0152168 -0.0479405
0.007432 0.0135389 -0.0476672
-0.00603003 0.0138441 -0.0589195
0.000745151 0.0153714 -0.0591249
0.00756446 0.0137409 -0.0586538
-0.00617672 0.0133946 -0.069305
0.000586578 0.0152352 -0.0693274
0.00746325 0.0138759 -0.0693254
-0.0063378 0.0133042 -0.0792128
0.000556369 0.015341 -0.0792803
0.00743034 0.013657 -0.0789631
-0.00613824 0.0132778 -0.0888449
0.000586677 0.014618 -0.088186
0.00707781 0.0130459 -0.0883218
-0.00545972 0.0126107 -0.0975349
0.000605507 0.0137735 -0.0971829
0.00672145 0.0121176 -0.0968235
-0.00511947 0.0116762 -0.105542
0.000411739 0.0124978 -0.105681
0.00606011 0.0111968 -0.105013
-0.004703 0.0108025 -0.113762
0.000443083 0.0117059 -0.11355
0.00552272 0.0102614 -0.11323
-0.00469872 0.0102619 -0.121576
0.00036369 0.0111837 -0.121357
0.00522118 0.00942288 -0.12118
-0.00463564 0.00970116 -0.12936
0.000124894 0.0106228 -0.129217
0.00502101 0.00933211 -0.12884
-0.00460838 0.00933209 -0.136841
2.37488e-05 0.0103197 -0.136767
0.00470177 0.00906439 -0.136435
-0.00438842 0.00889703 -0.144234
-5.44209e-05 0.00993445 -0.144218
0.00440876 0.00877071 -0.143924
-0.00412083 0.00851515 -0.151544
-5.77328e-05 0.00938249 -0.151468
0.00406943 0.00834602 -0.151291
-0.00398543 0.0079497 -0.158841
-0.000116758 0.00873534 -0.158544
0.00379161 0.00786088 -0.158412
-0.0040279 0.00761173 -0.166154
-0.000343844 0.00831615 -0.165763
0.00340304 0.0075133 -0.165549
-0.00433856 0.00752467 -0.173588
-0.000690865 0.00828303 -0.173161
0.00301558 0.00742348 -0.172931
-0.00477747 0.0075848 -0.181251
-0.00105994 0.00841804 -0.180973
0.0027437 0.00750338 -0.180486
0 0 0
0 0 0
0 0 0
0 0 0
0 0 0
0 0 0
0 0 0
0 0 0
0 0 0
-0.00497923 -0.00364891 -0.180706
-0.0048642 0.00030725 -0.180781
-0.00498747 0.00434178 -0.181117
-0.00089607 -0.00376349 -0.180316
-0.000836369 0.000242845 -0.180394
-0.00091483 0.00425611 -0.180624
0.00326022 -0.00388506 -0.180403
0.00327246 0.000181074 -0.180437
0.00325995 0.00425918 -0.180481
-0.00136821 -0.00460586 -0.0161357
0.0050141 -0.00354988 -0.0208969
0.000723309 -0.000969043 -0.0546379
0.00364728 0.00211919 -0.0160891
0.000449625 0.00384422 -0.0429198
-0.00314711 0.00630423 -0.0566828
0.00470589 -0.00333236 -0.0422833
-0.000664222 0.00156156 -0.0638562
0.00513727 0.00463846 -0.0507309
-0.000157071 -0.00427468 -0.108646
0.000550665 -8.18933e-06 -0.100868
-0.00443743 0.000275467 -0.101093
-0.00100855 0.000338138 -0.111032
-0.00344943 0.00201707 -0.118726
-0.00206319 -0.00124789 -0.139257
0.0029007 0.000744604 -0.142253
-0.00277286 0.00135061 -0.136339
-0.000504571 0.000989223 -0.150533
-0.00118285 -0.00020918 -0.120404
0.0027379 0.00267909 -0.156768
-0.0018228 0.0040411 -0.166051
-0.00122991 -0.00115002 -0.156228
0.00231864 0.000511394 -0.154731
-0.00185623 -0.004666 -0.165094
0.000946218 0.00232044 -0.163813
0.00282153 -0.00134316 -0.164311
0.00383942 0.00180145 -0.0595127
0.00140417 -0.00407531 -0.0895819
0.0020813 -2.1867e-07 -0.0812017
0.00134492 -0.00128197 -0.116784
0.00185543 0.0017815 -0.111411
0.00247929 0.000793452 -0.122592
0.00194356 -0.00250099 -0.174943
0.00882847 0.000262593 -0.0750232
0.00117258 0.00261118 -0.173092
-0.00539883 -0.0018711 -0.0557736
-0.00198333 0.00134664 -0.0549247
9.94474e-05 0.00207564 -0.0552237
0.00171356 -0.00489256 -0.068091
-0.00367856 -0.000442033 -0.0857406
-0.00371893 -0.00193431 -0.114094
-0.00091448 -0.00321005 -0.131072
-0.0030508 -0.000157292 -0.147893
-0.00186624 0.000705383 -0.160015
0.000429416 0.000981062 -0.131282
-0.00142079 -0.0024288 -0.15177
0.00131626 -0.00245142 -0.151089
0.00322533 -0.0018909 -0.151908
0.000328378 0.000346711 -0.159606
0.0030159 0.00114931 -0.163708
0.00919219 -0.0031223 -0.0634254
-0.00505319 -0.000474432 -0.0138991
-0.00772223 -0.00285306 -0.0296889
-0.000327272 -0.00875152 -0.0199059
-0.00633187 0.0023058 -0.0129635
-0.0072874 0.00821745 -0.0270679
-0.0011135 0.0065483 -0.0147207
-0.00886643 0.00408462 -0.0235319
-0.00360097 -0.0109658 -0.0295645
-0.00729225 -0.00716762 -0.0439937
-0.00498172 0.00868037 -0.0331511
-0.00835907 -0.00863398 -0.0537767
-0.00911947 0.00446086 -0.0573646
-0.00940909 -0.00699583 -0.0693226
-0.00453386 -0.00947767 -0.0587968
-0.00640363 0.00679207 -0.0710945
-0.00476943 -0.0074472 -0.0727253
-0.0108658 -0.00302619 -0.0741728
-0.00944859 -0.00474087 -0.0856743
-0.0105726 0.00152465 -0.0829141
-0.00538847 -0.0105454 -0.0796474
-0.00903059 0.000296639 -0.0978074
-0.00757513 0.00629636 -0.0859335
-0.00778627 -0.00440641 -0.103311
-0.00551852 -0.00850016 -0.104465
-0.00443809 0.0069124 -0.0975656
-0.00752354 0.00329876 -0.105799
-0.00354865 -0.0111524 -0.106253
-0.00754305 -0.00498938 -0.1128
-0.00631884 0.00541697 -0.111306
-0.00326334 0.00981065 -0.108245
-0.00219021 0.00529256 -0.114477
-0.00750233 -0.00101317 -0.126923
-0.00662016 -0.000541362 -0.117979
-0.00517041 0.00762007 -0.118886
-0.00510018 -0.00562815 -0.124669
-0.00492149 -0.00752689 -0.11552
-0.00563791 0.00391639 -0.133102
-0.0028048 0.005974 -0.124793
-0.00488387 -0.00102032 -0.13017
-0.00565999 0.000117856 -0.140701
-0.00542426 -0.00430191 -0.142808
-0.00620924 0.00261655 -0.143844
-0.00750058 0.0043717 -0.143306
-0.00151726 -0.00652557 -0.145731
-0.00749736 -0.00109213 -0.148056
-0.00232553 0.00589162 -0.139406
-0.00197581 0.00444478 -0.149141
-0.00605181 -0.00240903 -0.154626
-0.00593042 0.00148486 -0.152131
-0.00693301 0.0021948 -0.158037
-0.00366815 0.00545757 -0.155245
-0.00298467 -0.00486319 -0.158691
-0.00649209 -0.00139436 -0.161435
-0.0047881 -0.00319582 -0.161627
-0.00339377 0.00620441 -0.165508
-0.00516536 0.00332566 -0.163727
-0.00380832 6.41102e-05 -0.156736
-0.00637216 0.0016869 -0.173432
-0.00415757 -0.0053645 -0.169054
-0.000589338 0.00587653 -0.171778
0.00634901 0.000523793 -0.0144015
0.00684618 0.000432436 -0.0107225
0.0035459 -0.00806666 -0.0176729
0.00724329 -0.00821813 -0.0291239
0.00933971 -0.00604619 -0.0399908
0.00969358 -0.000600568 -0.033859
0.00241227 -0.0109837 -0.0374747
0.00292651 -0.00957333 -0.0525766
0.0104549 0.00146885 -0.0476344
0.00970949 0.000546562 -0.0925529
0.00303647 -0.0114193 -0.105611
0.00625032 -0.00494735 -0.112915
0.00792777 0.000818086 -0.110184
0.00528728 -0.00168725 -0.122508
0.00430654 -0.00513972 -0.133309
0.00172207 -0.00674603 -0.12347
0.00532819 -0.00603852 -0.139698
0.00613507 -0.000909589 -0.136426
0.0048297 -0.00379734 -0.153216
0.00374831 -0.00467944 -0.146049
0.00146187 -0.00474062 -0.139958
0.00655679 -0.000661787 -0.149189
0.00467435 -0.00169595 -0.155383
0.000683321 -0.00458484 -0.159857
0.00488974 -0.00410823 -0.159063
0.00165954 -0.00643216 -0.163144
0.00707735 -0.000490033 -0.162109
0.00529285 -0.000535657 -0.164098
0.000579128 -0.00567532 -0.169881
0.00502968 -0.000184848 -0.171681
0.00860284 0.00479127 -0.0328924
0.00924624 0.00550787 -0.0638388
0.00826394 0.00586749 -0.0831282
0.00661842 0.00218321 -0.147887
0.00496623 0.00182846 -0.16132
0.0056517 0.00602668 -0.0146674
0.00967905 0.00790748 -0.0504572
0.00900918 0.0047143 -0.0988321
0.00559609 0.00459987 -0.107973
0.0042914 0.00464688 -0.123135
0.00461376 0.00458917 -0.143662
0.00461464 0.00366167 -0.153796
0.00212511 0.00750315 -0.0139154
0.00558294 0.00923042 -0.0296783
0.00455901 0.0111669 -0.0451083
0.00267867 0.0098653 -0.05761
0.000993574 0.0101819 -0.0853752
0.00658956 0.00725846 -0.0958995
0.00117245 0.00802713 -0.105867
0.00516745 0.00691136 -0.115621
0.000261966 0.00457871 -0.133092
0.00169593 0.00660286 -0.144271
0.000557929 -0.0031754 -0.00662595
-0.00147013 -0.0116088 -0.0660061
0.00358591 -0.00902121 -0.0907871
-0.00113875 -0.00732984 -0.1382
-0.000776011 -0.00609612 -0.151508
-0.00262151 0.00970403 -0.0704998
0.000699309 0.0127639 -0.0867532
0.00035038 0.00785509 -0.123648
0.00132982 0.00671696 -0.152808
0.002423 0.00725507 -0.0312281
0.000761494 0.00664395 -0.0647283
-0.00263028 0.00435521 -0.0946673
0.00300962 0.00393908 -0.0929632
0.00137995 0.00315977 -0.149731
-0.00519105 -0.00252976 -0.167991
0.00213709 -0.00326331 -0.158598
-0.00458507 0.00548434 -0.0144237
-0.001028 -0.00819128 -0.112595
0.00570109 0.00146401 -0.0993988
-0.00403024 -0.00539782 -0.152508
3.50874e-05 0.00342078 -0.104107
-0.0056932 -0.00351827 -0.097151
-0.00464858 -0.00379691 -0.089127
0.0069024 -0.00710758 -0.0756692
0.00496767 0.000972674 -0.15631
-0.00317394 -0.011342 -0.0737396
-0.0013397 0.00662597 -0.162964
-0.00214 0.0100362 -0.0465135
-0.00250986 -0.00431879 -0.143679
0.00278104 -0.00488213 -0.162173
-0.000644445 -0.00710771 -0.158386
-0.00189216 -0.00387664 -0.0789707
-0.0105315 0.000631154 -0.0620583
0.00632185 0.00582465 -0.0222797
0.00130437 -0.00666054 -0.039304
-0.00348597 -0.00359486 -0.155167
-0.00703491 -0.0010196 -0.0881952
-0.000112978 0.00941284 -0.0282783
-0.0011818 -0.00420797 -0.15523
0.000402235 0.00725549 -0.164442
2.31435e-05 -0.0102531 -0.0788836
0.00453306 0.0062203 -0.024556
-0.000560909 0.00374894 -0.146031
0.000744632 0.00658695 -0.0987297
0.000598719 0.00653785 -0.0925901
-0.000309681 0.00707884 -0.0538372
-0.000896367 -0.00563553 -0.155293
-0.000379794 0.00457308 -0.159577
0.00271886 0.00814103 -0.047651
-0.000823453 -0.00631546 -0.158677
0.00446167 5.46132e-05 -0.159958
0.000461171 0.005251 -0.0975292
0.00153343 0.00535954 -0.149315
0.00715144 0.00394717 -0.153699
0.00079095 -0.00713585 -0.0829346
0.000582595 0.008908 -0.0503371
-0.000921733 -0.00580049 -0.158548
0.00738806 0.00152937 -0.152297
-0.00815333 -0.00257459 -0.0796608
0.0064898 0.00254695 -0.152672
-0.00159836 -0.00569141 -0.0774817
-0.00138431 0.00596398 -0.0465562
-0.00434924 0.00641271 -0.0410331
-0.00311344 -0.00820864 -0.0804622
-0.0102655 0.00396161 -0.0759363
0.00142709 0.00683505 -0.160993
0.00634694 0.0010475 -0.154695
0.00669987 0.000737622 -0.1514
0.000580919 0.00666622 -0.159036
0.00576239 0.000542228 -0.15824
0.000316236 0.00461125 -0.0957505
-0.0010364 -0.00537407 -0.158844
-0.00959518 0.00647266 -0.0743519
0.0061806 0.000777123 -0.152356
-0.00114461 -0.00501497 -0.159022
0.0063688 -2.1077e-05 -0.157567
0.00586359 -0.000574762 -0.156115
0.00529916 -0.000422624 -0.158561
0.00716151 0.000372632 -0.15372
0.00626617 -6.18304e-05 -0.154188
-0.00770096 0.00331733 -0.0348543
-0.00894768 0.00549997 -0.0320688
-0.00817278 0.0068182 -0.0432984
-0.00644694 0.00694483 -0.0516279
-0.0107137 -0.00604949 -0.0545392
-0.00381306 -0.00784134 -0.0906717
-0.00735159 -0.00703444 -0.0927562
0.00870215 -0.0050459 -0.0845059
0.00324422 0.00673939 -0.158718
0.00190065 0.00433865 -0.159068
-0.00371052 0.00240816 -0.0198974
-0.00182436 -0.00461951 -0.120659
-0.00230669 -0.00137138 -0.128115
-0.00394334 -0.00154942 -0.145715
-0.00283929 0.00200493 -0.150749
-0.00477222 -0.00500043 -0.114244
0.00467797 -0.007746 -0.105344
-0.000745302 0.00549186 -0.155237
0.000308494 0.00615276 -0.15629
-0.00380656 0.000915411 -0.151828
-0.0109524 0.00056775 -0.037464
-0.00331921 -0.00554211 -0.0845312
-0.00223807 -0.00694193 -0.0827805
-0.00970569 -0.00166878 -0.0496148
-0.00961574 -0.0021082 -0.0420063
-0.0105388 0.0010691 -0.045023
-0.0113861 0.00350452 -0.0443781
0.00803242 -0.00451913 -0.0993568
0.00400033 -0.00230512 -0.105168
0.00520926 -0.00262102 -0.0937863
0.00656429 0.000375402 -0.153005
0.00638357 -0.00235287 -0.156805
-0.000218007 0.0089713 -0.0387185
0.00495164 -0.00245754 -0.161486
0.0067617 0.000798264 -0.153098
-0.00447533 -0.00528043 -0.16272
0.00282514 0.00584524 -0.15926
VECTORS reaction_forces float
0.00236063 0.00184569 0.00192627
0 0 0
0.00513671 0.00882598 0.00701634
0 0 0
-0.00100267 -0.000997348 0.00389372
0 0 0
-0.000589255 -0.00433518 0.000956999
0 0 0
-0.001972 -0.00653662 0.00392092
0 0 0
0.000536425 0.000519739 0.00304289
0.00147273 0.000167466 0.00509588
0.00303679 -0.000790636 0.014154
0.000760614 -0.00193914 0.0054721
-0.000376919 -0.000910343 0.00220405
0.00147039 0.000254433 0.00600025
0.00517291 0.0013036 0.0130369
0.00534425 -0.00171876 0.0223966
0.000937772 -0.00314992 0.0125756
0.000446875 -0.00858544 0.0147307
0.00135129 0.00124104 0.00507123
0.00795612 -0.000780681 0.0303866
0.00170984 -0.00122138 0.0182909
0.00427992 -0.00586601 0.0160675
0.00078743 -0.00288269 0.0071847
0.00499775 -0.000349776 0.0144504
0.00372774 0.00239048 0.0161926
0.00924216 -0.00271418 0.0236221
0.00387088 -0.00275791 0.00491499
0.0085883 -0.0070076 0.0160823
0.0010055 0.00148578 0.00470301
0.00446963 0.00190575 0.0143074
0.0105547 0.00104174 0.0137615
0.0229088 -0.00340098 0.0315595
0.00465029 -0.000926298 0.00576566
0.00401914 0.00315318 0.0148725
0.0076561 0.00741576 0.028649
0.0110363 0.00637468 0.0209155
0.00464959 0.00241358 0.00764788
0.0100994 -0.00259512 0.023957
0.00331467 0.00257734 0.0325165
0.0062167 0.000264889 0.0253954
0.00445165 0.00226862 0.0223142
0.00496953 0.00188512 0.0338753
0.00156521 0.00036107 0.0201386
-0.000673311 -0.000983312 0.0110539
0.000627968 -0.0020484 0.0205153
-0.00116527 -0.00275333 0.0174591
-0.00861885 -0.00492647 0.0533062
-0.00081105 0.000639024 0.011023
-0.00135757 -0.00124851 0.00863025
-0.00405188 -0.00375009 0.0182273
-0.0135973 -0.00721441 0.0328376
-0.00486357 -0.000503914 0.00967735
-0.0127851 0.00928188 0.0459354
-0.00889112 -0.007167 0.0169607
-0.00396923 -0.003648 0.00807505
-0.040281 -0.0085944 0.028907
-0.0212406 0.0023046 0.0182553
-0.00754144 0.00222658 0.00825039
-0.00844714 -0.0087296 0.0118685
-0.0207117 -0.00703252 0.0122452
-0.00841799 0.000849627 0.00275592
-0.0430367 0.0218565 0.0116516
-0.0144199 0.00822968 0.00849898
-0.00198216 0.000771062 0.00925463
-0.00597024 0.00162505 0.00142311
-0.0149262 0.0084476 0.00234014
-0.00367938 0.00299748 0.00224673
-0.00665975 0.00388569 0.00615388
-0.00504868 0.00827642 -0.00203689
0.00280821 0.00318382 0.00196108
-0.00716784 0.00494737 -0.000403492
-0.00310462 0.00153795 0.00622183
-0.00015561 -0.000970767 0.00180204
0.0109076 0.00368121 -0.00124879
0.00219514 0.000846597 -0.000868849
9.60007e-05 -0.000758186 0.00161133
-0.000341131 -5.67718e-05 0.00114782
0.00343125 -0.00580108 0.00281696
0.000763687 -0.00107591 -0.00140426
0.00570631 0.00165621 -0.00134969
0.000820663 -0.00258915 -0.000218
-0.00203073 -0.00328131 0.00512109
-0.000331125 -0.00276221 0.00130245
-0.000872827 -0.00339935 -0.0013767
-0.00282526 -0.00281375 -0.000972775
-0.0039689 -0.00302097 -0.00126622
-0.0029294 -0.000178176 0.00137809
-0.00389362 0.00406257 -0.00454466
-0.00220836 -0.00520736 -0.00312102
0.000180303 -0.00233056 -0.00207964
-0.0112486 -0.00808787 -0.0119408
-0.00374781 -0.000302803 -0.00491282
-0.000716366 0.00119727 -0.00226485
-0.00214479 -0.00546553 -0.00933322
-0.00480145 -0.00561014 -0.0084383
-0.00292058 0.00146713 -0.00689863
-0.0030405 0.000807045 -0.00364717
-0.00265637 0.00611017 -0.0167324
-0.000959338 -0.00128674 -0.00486722
-0.000302998 -0.000710443 -0.00191502
-0.000946818 0.00113004 -0.00225442
-0.000670934 0.00165411 -0.0022903
0.000654087 0.000812837 -0.000593582
-0.00526268 -0.00233286 0.00379694
-0.00798937 0.00266543 0.00778827
0 0 0
0 0 0
-0.00200958 0.000393517 0.00103077
-0.00949389 -0.00129291 0.013016
-0.00298552 -0.00127974 0.00757186
-0.0059897 0.0012964 0.00867835
-0.00464562 0.00396182 0.00704749
-0.00435826 -0.000852642 0.0202417
-0.00571888 -7.97283e-05 0.0126231
-0.0253065 0.00971632 0.0536775
-0.00407983 0.00321436 0.00710856
-0.0176402 0.0079873 0.0350893
-0.00189714 0.00273788 0.00949108
-0.00638219 0.0165811 0.0245544
0.00367896 0.0127489 0.0206381
0.00173118 0.0113622 0.0329556
0.0057834 0.00138324 0.0152361
0.00474932 0.00177635 0.0137844
0.0073094 -0.00284848 0.0140673
0.00971382 -0.00598532 0.0201805
0.00909748 -0.00206091 0.0080682
0.00431528 -0.00278956 0.00398837
0.0124679 -0.0159856 0.00948984
0.0160474 -0.00940207 0.0102794
0.00916332 -0.0148049 0.00395044
0.00422714 -0.00679313 0.00222325
0.0016974 -0.00996077 0.000353114
-0.000481192 -0.000416111 0.0014688
-0.00276713 -0.00122708 0.00142669
-0.00301483 -0.000298738 0.000640288
-0.00967022 -0.00106777 -0.00538948
-0.00164868 -0.00106758 8.35012e-05
-0.000646749 -0.00464378 -0.00441562
-0.000793647 -0.000793585 -0.00181261
0.00468891 -0.0025174 -0.0047046
0.0015605 -0.00112081 -0.000496351
0.0101951 -0.0058987 -0.0182572
0.00615598 7.59153e-05 -0.0107688
0.00267429 0.000461058 -0.00586422
0.000800834 0.000106821 -0.00155129
-0.000486488 -0.00289785 0.00177967
0 0 0
-0.00513173 -0.0018705 0.0144746
0.000128381 -0.000653733 0.0145888
0.000122645 -0.00100309 0.00728992
-0.0074122 -0.00100159 0.0290484
-0.00989766 0.00258306 0.0195514
-0.0153037 -0.00498145 0.0507057
-0.00164371 7.71184e-05 0.0117981
0.00390017 0.00239983 0.0238528
0.0260858 0.00113519 0.0494136
0.0301275 0.00453613 0.0263223
0.00834939 -0.00138821 0.00607615
0.00994909 -0.0106989 -0.00102605
-5.20553e-05 -0.00185928 4.97823e-05
-0.00777754 0.000957883 -0.00233879
-0.000876986 0.000475629 -0.000972886
-0.00202978 0.000538296 -0.00537113
0.00502342 0.0010216 -0.00875177
0.00496199 0.0032099 -0.00728535
0.0015623 0.000535634 -0.00237904
-0.00281127 -0.00269373 0.00180514
0 0 0
-0.00463849 -0.0048147 0.0120126
0.000715334 0.000457781 0.012466
-0.00378414 -0.00441127 0.019991
-0.001059 -0.001215 0.0064859
-0.0117287 -0.00545476 0.0308666
-0.00344602 -0.00631626 0.0105518
-0.00472511 -0.0138635 0.0292959
0.0035755 -0.00218247 0.016349
0.0141726 0.00473798 0.0172208
0.0278948 0.0129562 0.0235268
0.0290634 0.0130366 0.0134847
0.00317384 0.00496632 -0.00283859
-0.00470577 0.00723918 -0.00982264
-0.00243814 0.00164122 -0.000944743
-0.00268446 0.00224824 -0.000688384
0.00219422 0.00171075 -0.00496772
0.00439486 0.00218478 -0.00581767
0.00854885 0.00207557 -0.0144698
0.00423706 0.00269044 -0.00413281
-0.00432771 -0.00480068 0.0032659
0 0 0
-0.00137388 -0.0012626 0.00182146
0.000777298 -0.00557977 0.0196797
0.000216484 -0.00127565 0.00302301
-0.00831362 -0.00783391 0.020193
-0.00229827 -0.00185701 0.0089179
-0.0093 -0.0141169 0.0301178
-0.00592102 -0.00797511 0.0180049
0.00293613 0.000244863 0.010943
0.015684 0.0103605 0.0222159
0.0109506 0.00591296 0.00791513
0.0142983 0.0115502 0.0081924
0.00549082 0.0120977 -0.00425286
-0.000370709 -0.000757852 0.000311489
-0.00231175 -9.02586e-05 0.00145273
-0.00226363 -0.00127238 0.00224786
0.00192649 0.00143952 -0.00472873
4.22983e-05 0.00213392 -0.00365455
0.00563161 0.00401964 -0.0214848
0.000884806 0.000281025 -0.00177433
0.00176757 0.00331813 0.0026006
0 0 0
0.00214959 0.0080263 0.00935972
-0.0026488 0.00670683 0.0165749
-0.00232034 0.00484781 0.0283675
0.00113118 0.000989246 0.00711327
0.0103816 0.00477598 0.0256006
0.00290215 0.000839976 0.00489417
0.00174699 0.00295627 0.0299675
-0.0076953 -0.00359202 0.0242247
-0.00188295 -0.00120703 0.00478019
-0.00659546 -0.00534401 0.0123457
-0.00866422 -0.0238622 0.0235676
-0.00422465 -0.0152841 0.0084984
0.00705224 -9.77006e-05 0.00635886
0.00475546 0.000948904 0.000342482
0.00195782 -0.00341933 -0.000988518
0.000366421 -0.00331038 -0.000696017
0.000371803 -0.00284456 -0.00178965
-0.000649618 -0.00187197 -0.00314902
-0.00285293 -0.00475482 -0.0164868
0.00121825 0.00518333 0.00514401
0 0 0
-0.000630148 0.00925346 0.00819587
-0.00335744 0.00538115 0.0104016
-0.00147593 0.00281226 0.00814889
-0.00210167 0.00247917 0.018606
0.00136466 0.00218314 0.00841382
0.00871764 0.00524151 0.0254714
0.00219417 0.00367879 0.0269687
-0.00823835 -0.00786881 0.0583197
-0.0005574 -0.000927542 0.00493006
0.00197876 -0.0134137 0.0220696
0.000915959 -0.0133919 0.0100037
0.00303846 -0.0198872 0.013814
0.00130264 -0.000324113 0.00305831
0.00402065 0.00181042 0.0065864
-0.0033172 -0.00259674 0.000304061
-0.00405847 -0.00667424 -0.00266614
-0.00175021 -0.00632396 -0.0130636
5.48228e-05 -0.00492971 -0.0133503
-0.000388095 -0.00329607 -0.0102779
-0.00107461 0.00202888 0.00306179
0 0 0
-0.00349945 0.00535876 0.0077409
-0.00304091 0.00263641 0.00797493
-0.00171355 0.00331949 0.0100184
-0.00135984 0.00112621 0.00485959
-0.00750577 0.00819405 0.0352728
0.000879244 0.00289761 0.00707434
0.00303778 0.00565096 0.0146557
0.0044253 0.00230677 0.0178106
0.00137618 -0.000623388 0.00718296
0.00879889 -0.0170447 0.0307191
0.00476122 -0.0141507 0.0124476
0.00177132 -0.00380836 0.00490914
0.00857424 -0.00397806 0.0146726
0.00348506 0.00198575 0.00378184
-0.00465846 -0.00635573 -0.00167398
-0.00212237 -0.00362675 -0.00431898
0.00373848 -0.00123221 -0.0106859
0.00225971 -0.00234682 -0.0130895
0.00329479 -0.00205212 -0.0101188
-0.000882986 -0.00391488 0.00263603
0 0 0
0.00154054 -0.00325682 0.00352758
0 0 0
-4.97289e-05 -0.00227136 0.00213321
0 0 0
-0.00428358 -0.00698324 0.00559248
-0.00291039 -0.00730395 0.00858561
-0.00130777 -0.00447949 0.00461446
-0.00309043 -0.00853334 0.0123572
-0.00332867 -0.00341405 0.0090174
-0.000277675 -0.00343342 0.00443735
-0.00120321 -0.00841957 0.0161057
-0.000723731 -0.00170443 0.00435149
0.00103266 -0.00146161 0.00559187
0.00360919 -0.0106514 0.0270694
-0.000176127 -0.0092307 0.0148915
-0.00155112 -0.000886255 0.00577357
0.00536147 -0.00809186 0.0163388
0.00433483 -0.00885877 0.00935575
-0.00257973 -0.021289 0.0451504
0.00101166 -0.00541522 0.0162902
-1.50253e-05 -0.0129309 0.0217672
-0.00237348 -0.0061084 0.0109321
0.000300731 -0.00518021 0.0478805
7.12024e-05 -0.00125427 0.00356425
-0.0141196 -0.0148531 0.0584424
-0.00171929 0.0083163 0.032839
-0.00666616 0.00436092 0.0407677
0.000984841 0.00620601 0.0242051
-9.48612e-05 0.00242101 0.00460267
-0.000387082 0.0164464 0.0257084
0.00200483 0.0061018 0.00897885
-0.0121447 0.0127192 0.0190706
-0.00450177 0.0287255 0.0203987
0.0132478 0.0165112 0.0194682
-0.00569663 0.0121691 0.00616925
7.46989e-05 0.0078809 0.00347224
0.011427 0.0406021 0.0122842
-0.000598767 0.00736972 0.00377747
0.0058393 0.0161033 0.00950245
0.00340537 0.00663853 0.000699744
0.00427435 0.00278638 0.00785911
0.00718439 0.00129273 0.00830962
0.00811751 0.000905822 0.00550325
0.00072928 -0.000654221 0.00143168
0.00467884 -0.00370648 0.00687042
0.00247845 -0.00152948 0.00253384
0.000105284 -0.00185719 -0.00429271
0.00256735 -0.00171561 0.00108656
0.00341558 -0.00235998 0.00396886
0.000118372 0.00170586 -0.00222202
0.00111232 0.00584206 -0.00735926
-0.000583953 0.000734058 -0.00262656
0.000705963 0.00165602 -0.00199183
0.00312974 0.00558525 -0.00791553
0.000169586 0.0102661 -0.0155652
0.00300731 0.00339927 -0.0062861
0.00477902 0.00393983 -0.0128778
0.0007201 0.00263157 -0.00639078
0.00425705 0.00304815 -0.00979102
0.00242669 0.0014429 -0.00553132
0.00329866 0.00339362 -0.0178519
0 0 0
0 0 0
0 0 0
0 0 0
0 0 0
0 0 0
0 0 0
0 0 0
0 0 0
-0.00519621 -0.00626866 -0.0255618
-0.0120379 0.00774275 -0.03933
-0.00237242 0.00712239 -0.0137014
0.000817699 -0.00715385 -0.0409683
-0.00220346 0.00351753 -0.0328476
0.00528515 0.00577062 -0.025558
0.00230152 -0.00220061 -0.00825412
0.0124465 0.00281655 -0.0233616
0.005265 0.00148634 -0.0118167
0.0103786 0.0230252 0.0580585
-0.00655759 0.00540868 0.0261191
-0.00023707 0.00345812 0.0154423
-0.00957229 -0.00327372 0.0369993
0.000591148 -0.00843067 0.0578192
0.00648568 -0.00678862 0.0320893
-0.00490617 0.0144919 0.0861984
0.00359626 0.00433826 0.0328429
-0.00932195 -0.00487521 0.0317362
0.000754334 -0.0410689 0.0922028
0.000332119 -0.00699395 0.0645699
-0.0146498 -0.00261977 0.0566161
-0.00540851 -0.0025097 0.0134575
-0.0315757 0.0198141 0.0281069
-0.00099033 -0.00127334 -0.017814
-0.00557282 -0.00270555 -0.0220327
-0.000948991 0.00539981 -0.020835
-0.00943289 -0.00228239 -0.0140213
-0.00706882 -0.0082888 0.00668718
-0.00459806 -0.00258758 -0.000155491
-0.013268 0.0222546 -0.0534193
-0.00523067 -0.00213167 -0.00536352
-0.00526945 -0.00251847 0.000107145
-0.0137951 -0.00965426 -0.0742888
-0.00260281 0.00578444 -0.016009
0.00282583 -0.00539751 -0.00692179
-0.0172273 0.00333157 0.0513798
-0.000376662 0.00617621 0.0645861
-0.00218518 0.000921796 0.150623
0.00178212 -0.0158202 0.0113447
0.013382 0.00972351 0.0614283
0.00624237 0.0050535 0.00629315
0.0140202 -0.0102988 -0.0408682
-0.0335372 0.0064238 0.0874747
0.00601338 0.00453479 -0.0426705
0.0437633 0.0191721 0.203342
0.000247053 0.000250375 0.00389002
-0.000568457 0.000295322 0.00288155
-0.0158653 0.0133711 0.0886309
0.00849879 0.000682915 0.0632165
-0.0203364 -0.00550999 0.0255388
0.00521997 -0.0374986 -0.00839261
-0.000948373 -0.00142547 -0.00555474
-0.00810172 0.00126057 -0.0112961
0.000406213 0.00995858 -0.0149633
-0.00594467 -0.000705439 -0.012272
-0.00118426 -8.3561e-05 -0.00610978
-0.00398629 -0.00135357 -0.00368604
-0.00381076 -0.000903362 -0.00164739
0.00658393 0.000339794 -0.0199142
-0.0339426 0.00454843 0.0748737
0.00645003 0.00468474 0.0227622
0.011969 0.00465561 0.0423837
0.00393584 0.0153803 0.0174761
0.000247675 -0.00486899 0.00583935
-0.000611404 -0.00180165 0.00527077
-0.0101233 -0.0160236 0.0203953
0.00368262 -0.000926289 0.0147301
0.00290122 0.0122447 0.0187575
0.00692956 0.014514 0.0593348
-0.0062011 -0.0111232 0.0207931
0.00318292 0.00311871 0.0194787
0.0188122 -0.0152396 0.0608835
0.0135001 0.0126076 0.0581319
0.00417402 0.0107921 0.044657
0.0306757 -0.0230474 0.126801
0.00443489 0.0147114 0.0717886
0.013479 0.00786482 0.0401819
0.0120466 0.0115091 0.073567
0.0303007 0.00695743 0.0917364
0.00725895 0.00695957 0.0357937
-0.014333 -0.0109369 0.108922
0.0144083 -0.0114829 0.101668
-0.019799 -0.0036954 0.0809899
-0.0146745 -0.0114422 0.0558185
-0.0121671 0.00277356 0.113251
-0.0329728 -0.0062552 0.0630076
-0.00521821 -0.00710271 0.0187821
-0.0237919 -0.0130283 0.0309291
-0.0288865 0.0162004 0.045336
-0.0016781 0.009715 0.0180395
-0.0128817 0.0394186 0.0529726
-0.0404832 0.0101717 0.000738461
-0.0681252 0.00430673 0.0366395
-0.00805551 0.00421184 0.00655569
-0.028427 -0.028896 0.0326521
-0.0085093 -0.00798468 0.0155341
-0.0262453 0.0188026 0.00201833
-0.0211439 0.0450079 0.0218831
-0.0160604 0.000388962 -0.0107032
-0.00127172 0.00438771 -0.011547
0.0169617 0.0125992 -0.00495783
-0.000152547 -0.00575376 0.00651807
-0.000462488 -0.000750813 0.00359074
0.0114022 0.00528742 -0.00365726
0.00105771 -0.00123285 -0.0020558
0.00847675 0.00293386 0.00360541
0.00136212 -0.00485244 -0.00395158
-0.00643283 -0.00179448 -0.00175979
0.00104076 0.00114745 0.000124675
-0.00547191 -0.00341765 0.000665617
-0.00562957 0.00653617 -0.00660463
-0.000346212 -0.00451364 -0.00381927
-0.0103372 -0.0081369 -0.00566929
-0.00659126 -0.00534752 -0.00854042
0.00228134 0.00944455 -0.0118642
-0.00775313 0.00383434 -0.0107342
-0.0127497 0.00053374 -0.0139972
-0.0162271 0.00140136 -0.0340363
-0.00310252 -0.00572409 -0.0127374
0.00695251 0.015002 -0.0369162
-0.0107612 -0.00630354 0.0196526
-0.00161676 -0.00350292 0.00279113
-0.000901457 0.0128737 0.0204119
-0.0101848 0.00492745 0.018535
-0.0117345 0.00466802 0.0308018
-0.00446772 0.000907836 0.0399859
-0.00442668 0.0137567 0.0219398
-0.0265015 0.0243554 0.125327
-0.0146847 -0.00308107 0.0765245
0.00567197 -0.000478143 0.109433
0.00303043 -0.00541003 0.0288581
0.0475107 -0.0324884 0.0665525
0.0631374 0.0170425 0.0885137
0.0693175 -0.0268595 0.0252364
0.00744912 -0.00471678 -0.00544619
0.0169656 -0.0856473 0.0547177
-0.00427807 0.00183313 -0.00165012
0.00544395 0.00743772 -0.0276397
-0.00588466 -0.00507893 -0.00304585
0.000740215 0.0035917 -0.0107693
0.0144397 0.00084938 -0.00787237
-0.00717677 -0.00204944 -0.00599092
-0.00356165 -0.00412355 -0.00332363
-0.00608933 -0.0096631 -0.0105164
0.00679859 -0.00594061 -0.00775479
-0.000340522 -0.00101418 -0.00735415
0.00262919 -0.000379426 -0.00686462
0.00815387 -0.00422612 -0.011344
0.00214839 -0.00157435 -0.014106
0.00601232 0.000542756 -0.0113342
-0.00624092 -0.00678142 0.0295272
-0.0297323 -0.0155319 0.0836183
-0.0272005 -0.0414563 0.137318
-0.00881536 0.00116447 -0.00241805
0.00443571 0.000706134 -0.00411123
-0.00561467 -0.00710158 0.010851
-0.00604046 -0.00685846 0.0208841
0.0126279 -0.00449078 0.0529615
0.0542643 0.0336317 0.0848866
0.0393968 0.075074 0.020366
-0.00535349 0.00425379 -0.00444587
-0.00817832 -0.00856325 0.000929688
-0.00570545 -0.0112476 0.0147264
-0.00264199 -0.00973506 0.0164229
-0.00483594 -0.00769769 0.0317775
-0.0157379 -0.0174064 0.0591918
-0.0107175 -0.0359266 0.150745
-0.00280189 -0.00575687 0.046785
0.00670054 0.0676503 0.149029
0.0115581 0.0131844 0.0102647
0.0132158 0.0415433 -0.00303581
0.00808706 -0.0108315 0.016547
7.34207e-05 0.00405007 0.00606276
-0.000577372 0.00334272 0.0211771
0.00793699 0.0114501 0.139091
0.0129761 -0.00263238 0.00657596
-0.00307762 -0.00170232 -0.00670161
0.00455533 -0.0181429 0.0404139
-0.00105774 -0.00329435 0.00948035
0.0027825 0.0432283 0.0139384
-0.00133156 -0.00285439 -0.00390735
-0.00803885 -0.00655381 0.0184021
-0.0141655 -0.00776393 0.0789366
0.00314093 -0.0125532 0.118975
0.00037142 -0.0182441 0.116352
-0.00586422 -0.00391371 -0.000921083
-0.012312 -0.0066993 -0.0221791
0.000674735 -0.00687958 -0.00754589
-0.00351378 -0.00728421 0.0109893
-0.0041526 -0.044223 0.0902537
0.0163777 -0.00526913 0.0856879
0.00178229 0.00114522 -0.00270491
0.00184827 0.00824543 0.0513509
-0.00248932 9.97596e-05 0.0237812
0.00458382 0.000398108 0.0446083
-0.0273023 0.0200919 0.0832907
-0.000307938 -0.00100184 -0.00137673
0.00342562 0.0020926 0.0107604
0.000785191 0.0040866 -0.00314194
0.00115225 -0.00945855 0.0223719
0.000842157 0.000470117 -0.00159815
0.0014919 -0.00189824 -0.00397502
-0.000472172 -0.000699163 -0.000820767
0.00122856 0.00316494 0.0315492
0.0210263 0.000428903 0.0452895
-0.00218507 -0.00270193 0.00466545
0.00440172 0.0102348 0.0199292
-0.0013589 -0.000421958 -0.00186167
0.0017758 1.16273e-05 0.0173167
-0.00286949 -0.00257902 0.00547437
-0.000222636 -0.000869924 -0.000354374
0.000132836 0.00271445 -0.00300735
-0.00466067 0.0104936 0.0713679
-0.0015209 -0.00178072 0.00307655
-0.00147849 -0.00184684 -0.00225846
0.000579825 0.000125812 0.0090039
0.000219714 -0.000647347 0.00411717
0.00105416 -7.90443e-05 0.00488824
-5.60688e-05 -0.000402038 -0.000546434
-0.00161474 0.00534086 -0.0034779
-0.000379734 -0.000238416 0.0025047
-8.44494e-05 -0.000428019 -0.000424309
3.3287e-05 -0.000316801 -0.000386233
0.000379696 -0.000125032 0.00283056
-0.000559584 -0.00121679 0.000240284
-0.00208368 0.000281817 -0.00053622
-0.0030772 0.00288615 0.0245662
-5.75506e-05 -1.7415e-05 0.00219606
1.95002e-05 -0.000489137 -0.000328876
-0.00024118 0.000305843 3.553e-05
0.00728114 0.00259409 0.0255543
-0.00045797 -0.000274012 0.000402271
-0.000313009 0.000255304 0.00340872
0.000917607 -0.00023403 0.00119556
0.00469871 -0.00420219 0.0212518
-0.000455323 0.00172732 0.0080314
0.00412026 -0.000960181 0.00896579
-0.000584844 0.00297302 -0.00237158
-0.000348252 -0.000406571 0.000140316
5.77512e-06 9.1738e-05 -2.90602e-05
-7.08022e-05 0.00157618 -0.000311868
0.000285511 -0.00033016 -0.000891872
0.000269555 -0.00025184 0.00207059
-2.30057e-05 -0.000304019 -0.000150927
0.00442805 -0.00187044 0.00775999
-5.07903e-05 4.69543e-05 -7.63357e-05
-6.31435e-05 -0.000228096 -0.000147216
-0.000113911 -8.6582e-05 -0.00046146
-0.000669464 -0.000490393 -0.0014374
-6.53502e-05 -0.000381952 -0.000908751
9.03887e-05 0.000145402 -1.30472e-05
-0.000128264 9.90542e-07 -0.000295254
0.00597378 -0.00413439 0.0277767
-0.000125489 -0.000916309 0.0042526
0.00113608 -0.00417406 0.00913212
0.002452 -0.00745261 0.0154699
0.00258805 -0.000343895 0.00794643
-0.0125679 -0.00309293 0.116189
-0.00136408 0.000454024 0.0190713
-0.00739286 0.0260506 0.0831465
-0.000717784 0.000249185 -0.00125617
-0.00205699 0.00110826 -0.00217533
0.000156956 -0.000908553 0.0137099
-0.00293349 -0.0129132 0.00818207
-0.00372519 -0.00396108 -0.00213462
0.000670808 0.00126216 -0.00179721
0.000165847 -0.00130577 -0.00272357
-0.00705712 -0.0025677 0.0201996
0.0150499 -0.0246226 0.0623887
-0.000360804 0.000872769 -0.000491712
-5.19913e-05 0.000681161 1.44863e-05
2.28188e-06 -6.79066e-05 -6.50063e-05
0.000361331 0.000377867 0.00357892
0.000114508 0.000758996 0.00394367
-6.49353e-05 0.000317759 0.00123679
0.00134086 0.00120462 0.00996192
0.00146826 0.00165001 0.0087439
0.00118831 0.00114881 0.0124796
0.0011048 -0.000844919 0.00798028
0.0326884 0.00427294 0.0978034
0.0201536 -0.0128498 0.0646903
0.00948631 0.00519393 0.0471703
2.48523e-05 7.7137e-05 8.5596e-06
-0.000511349 -0.000640764 -0.00149805
-0.00117791 -0.00116106 0.00723247
0.00337336 -0.00207713 -0.003211
2.5173e-05 4.04392e-05 1.21275e-05
0.000578045 -0.00146156 -0.00143496
-0.000245188 0.000247004 -0.000920635
VECTORS nodal_velocity float
0.00855197 0.00537244 0.0143565
0 0 0
0.00668816 0.00728108 0.0155729
0 0 0
0.0102122 0.000635767 0.0140567
0 0 0
0.00996856 -0.00488566 0.0132575
0 0 0
0.00807563 -0.00803147 0.0159822
0 0 0
0.0104833 0.00957556 0.0329861
0.0133789 0.00574584 0.0305046
0.015469 -0.00140751 0.030879
0.0142699 -0.00642285 0.0298871
0.0122337 -0.0104574 0.0322098
0.0153645 0.00667749 0.04649
0.0111118 0.0121247 0.0488104
0.0164712 -0.00207036 0.0467698
0.0140518 -0.00914183 0.0449473
0.0120196 -0.0141258 0.0462076
0.00980913 0.010385 0.0603285
0.014994 0.00816279 0.0625583
0.0156362 -0.000524896 0.0620284
0.0153139 -0.00949113 0.0609543
0.0134324 -0.0135993 0.0601465
0.0116963 0.00570307 0.0710005
0.0095551 0.0073717 0.0704415
0.0114761 -1.93607e-05 0.0725986
0.0117303 -0.00707407 0.0705062
0.0114867 -0.0119063 0.0712547
0.00967807 0.00568056 0.0782669
0.010642 0.00405822 0.0792082
0.0116641 0.000250655 0.0793905
0.0114763 -0.00574707 0.0783063
0.00918115 -0.0100087 0.0786776
0.0115478 0.00531876 0.0858849
0.00867433 0.00796061 0.0840282
0.0125725 0.0010724 0.0864789
0.0117404 -0.00438376 0.0841384
0.0101257 -0.0085318 0.085537
0.00593636 0.00738893 0.0894687
0.00803165 0.00530484 0.0904151
0.00841304 0.000507751 0.0917578
0.00900428 -0.00335884 0.0889839
0.00780922 -0.00583864 0.09005
0.00518787 0.00478184 0.0962618
0.00562354 0.00236386 0.0947639
0.00343892 -0.000159535 0.0960526
0.00323354 -0.00255795 0.0927342
0.00240201 -0.00353216 0.093486
0.00069936 -0.00107892 0.0984052
0.00174132 0.000389006 0.101215
-0.000562161 -0.00102836 0.0998344
-0.00209912 0.000304743 0.0952697
-0.0026244 0.00111921 0.0971452
-0.00394762 -0.00312936 0.101459
-0.00196477 -0.00361979 0.102322
-0.00505139 -0.000598998 0.1015
-0.00606161 0.00433505 0.0982957
-0.00387647 0.00551605 0.0979141
-0.00693109 -0.00874772 0.102249
-0.0094663 -0.00704512 0.100861
-0.00823744 0.00064272 0.0980094
-0.00848421 0.00691927 0.0965882
-0.00652462 0.00949924 0.0988529
-0.0105975 -0.0126372 0.0990173
-0.0132348 -0.00748008 0.0960315
-0.0115748 0.00193344 0.0951074
-0.0115354 0.00734819 0.094608
-0.0104127 0.00972666 0.0961521
-0.0150774 -0.00694957 0.0897399
-0.0105761 -0.0111298 0.0917195
-0.014041 0.00273339 0.0900853
-0.0138134 0.00942028 0.0922388
-0.0111111 0.0110413 0.0921593
-0.0116071 -0.00887309 0.0843469
-0.0127386 -0.00588711 0.0833839
-0.0115489 0.00139267 0.0831128
-0.010937 0.00654791 0.0861252
-0.00976412 0.0106448 0.0868271
-0.0106277 -0.00108795 0.0772628
-0.0103693 -0.00603362 0.0763967
-0.0114235 -3.32906e-05 0.0774624
-0.00987856 0.00391641 0.0777597
-0.00825306 0.00688755 0.0783834
-0.00670021 -0.00289423 0.0694012
-0.0076831 -0.00134897 0.0708756
-0.00849512 -0.000623795 0.0696197
-0.0079388 0.000786337 0.0693986
-0.00603313 0.00335849 0.0697139
-0.00587877 -0.00154193 0.0648824
-0.00434464 -0.00213209 0.0628368
-0.00553891 -0.00150086 0.0640752
-0.00646944 -0.000910224 0.0632054
-0.00696103 -3.78735e-05 0.0648965
-0.00290727 0.000267336 0.0562568
-0.00374352 -0.000952152 0.0604023
-0.00288843 -0.0011848 0.0603673
-0.00449416 -0.00197822 0.0615019
-0.00514461 -0.00121464 0.0614392
9.42391e-05 -0.000257625 0.059516
0.000263122 0.000159042 0.0556918
0.00338768 -0.00174355 0.0620645
-0.000608488 -0.00269415 0.0611371
-0.00368236 -0.00418757 0.0598947
-0.00983435 0.0049398 0.0139017
-0.00745211 0.00851895 0.015572
0 0 0
0 0 0
-0.01068 0.0124986 0.0323538
-0.0129201 0.00867264 0.0308919
-0.015133 0.0086249 0.0468278
-0.0128613 0.0132421 0.0452645
-0.0131575 0.00997462 0.05989
-0.0164243 0.00699537 0.0614705
-0.0146897 0.00616516 0.0713148
-0.0121231 0.00836449 0.0719092
-0.0100262 0.00824086 0.0784433
-0.0135005 0.00484954 0.0794664
-0.00895279 0.00416382 0.0853399
-0.00679533 0.00741317 0.084489
-0.00158048 0.00493171 0.0888707
-0.003216 0.00400117 0.0895195
-0.000275071 0.00258355 0.0926454
0.000153233 0.00250955 0.093363
0.0045016 0.00101922 0.0960189
0.0023413 0.000225813 0.0961838
0.00617296 -0.000382209 0.0979015
0.00439958 -0.00215364 0.0976004
0.00641081 -0.00529906 0.098044
0.00832503 -0.00178746 0.0966183
0.00794091 -0.0071389 0.0949487
0.0104662 -0.00343501 0.0938189
0.0115307 -0.00461141 0.0903601
0.00904362 -0.00693971 0.0904381
0.00857171 -0.00787582 0.0861272
0.0109208 -0.00487824 0.085308
0.0113562 -0.00603889 0.0793024
0.00793272 -0.00767174 0.0783603
0.00484157 -0.0100663 0.0712263
0.00761351 -0.00725649 0.0709362
0.00536791 -0.00738168 0.0646577
0.00221519 -0.00867552 0.0624425
4.03903e-06 -0.00847339 0.0564272
0.00155902 -0.00772492 0.059472
-0.00478184 -0.00589618 0.0568581
-0.00529988 -0.00519693 0.0562882
-0.0129754 -0.00101185 0.01186
0 0 0
-0.0159632 0.000839389 0.0311466
-0.0189904 0.001402 0.0483852
-0.0181807 -0.00117761 0.0608227
-0.0167519 -0.00104331 0.0719762
-0.0166097 -0.00030747 0.0800717
-0.0125438 -0.000530345 0.0857973
-0.0064823 0.00100357 0.0883753
-0.00107713 0.0012466 0.0920459
0.00408553 0.00130276 0.0955633
0.00663145 0.00117428 0.0970721
0.00806784 0.00138762 0.0967331
0.0120256 0.000397728 0.0952101
0.0128703 -0.00060473 0.09123
0.0143907 0.000585428 0.0874481
0.0118054 -0.000742926 0.0805028
0.00981738 -0.00303732 0.0726037
0.00793366 -0.00427382 0.0643476
0.00282422 -0.00478153 0.0593788
-0.00434757 -0.00359395 0.0582229
-0.0113349 -0.00672465 0.0142408
0 0 0
-0.0151132 -0.00795899 0.0309373
-0.0180758 -0.00791521 0.0471971
-0.0172891 -0.0100047 0.0610201
-0.015664 -0.00771606 0.0706016
-0.0139164 -0.0050512 0.0803332
-0.0116006 -0.00432117 0.0851939
-0.00828448 -0.00288868 0.0897465
-0.00221353 -0.00130215 0.0933672
0.0036864 0.000553855 0.0967714
0.00734256 0.00159806 0.09871
0.00790921 0.00488259 0.0996277
0.0102424 0.00545947 0.0962889
0.0128145 0.00640484 0.0923694
0.0109504 0.00647224 0.0874559
0.0112948 0.00694871 0.0816183
0.0110864 0.00325138 0.0739576
0.00899451 0.00190932 0.0639469
0.00363103 0.00106573 0.0553013
-0.00110631 0.00178606 0.0515917
-0.00821931 -0.00951243 0.0161031
0 0 0
-0.0102273 -0.0125616 0.0320058
-0.0140423 -0.0151864 0.0464043
-0.0124611 -0.0148774 0.060207
-0.0118317 -0.0122575 0.071675
-0.0097274 -0.00862637 0.0797692
-0.00901919 -0.00655196 0.0866877
-0.0053483 -0.00458089 0.0915112
-0.000855024 -0.00289567 0.0944024
0.00391793 0.000786845 0.0971458
0.006666 0.00329888 0.0988766
0.00644385 0.00647952 0.0987602
0.00994024 0.00978697 0.0959787
0.00880502 0.00998178 0.090979
0.00752826 0.00978727 0.0862461
0.0064933 0.0103104 0.0808726
0.00834059 0.00804026 0.0721934
0.00632203 0.00560083 0.0631664
0.00247821 0.00354223 0.0535732
0.000269687 0.00109741 0.0499597
0.00386941 0.0100783 0.0196718
0 0 0
0.00576917 0.013933 0.0337827
0.00837135 0.0163623 0.0487004
0.00623413 0.0137405 0.059849
0.00554312 0.0104098 0.0694706
0.00717562 0.00981899 0.078782
0.00605096 0.00908035 0.0849243
0.00396574 0.00840094 0.0882793
0.0023086 0.00511163 0.0924394
0.00156895 0.000388041 0.0970349
-0.00110792 -0.00505592 0.100678
-0.00463406 -0.00985001 0.102946
-0.00719106 -0.0157924 0.0994774
-0.00692051 -0.0159052 0.0935645
-0.00707021 -0.0111281 0.0866365
-0.00589265 -0.00716234 0.0787212
-0.00535858 -0.00471364 0.0702456
-0.00413444 -0.0015743 0.062332
-0.00332927 0.00102837 0.0563194
-0.00228503 0.00154941 0.0550561
-0.00247581 0.011127 0.0179197
0 0 0
-0.000354537 0.0170131 0.0345337
0.00237695 0.0188207 0.0491208
5.59903e-06 0.0167254 0.060617
-0.00145679 0.0154731 0.0714373
-0.00166923 0.0143275 0.0807357
0.000781745 0.0120914 0.0866383
0.00130594 0.00878702 0.0897899
0.000502024 0.00466167 0.0939387
-7.42358e-05 0.000264241 0.097166
-0.000531224 -0.00435816 0.1003
0.000165167 -0.00869764 0.0996509
0.00126463 -0.0154925 0.0983375
0.00139916 -0.0145494 0.0927291
-0.00065209 -0.0122482 0.0861893
-0.00094101 -0.00897728 0.0782826
-0.00170898 -0.00709492 0.0694157
-0.00303578 -0.00489806 0.061109
-0.00382369 -0.00221256 0.0577035
-0.00427018 0.00038837 0.0564294
-0.00628047 0.0103802 0.0189781
0 0 0
-0.00661507 0.0157562 0.0319736
-0.00629886 0.0161411 0.0461313
-0.0080581 0.0144022 0.0605531
-0.00709808 0.0112822 0.0717451
-0.0084813 0.0120129 0.0798672
-0.00383265 0.00918815 0.085787
0.000364961 0.00567544 0.0914543
-0.000159218 0.00326714 0.0951189
0.00128741 -0.000667108 0.0973493
0.00369283 -0.00475623 0.0993521
0.0044355 -0.00786076 0.0989806
0.0058439 -0.00992058 0.0967217
0.0072829 -0.0111187 0.0932158
0.00496309 -0.0106652 0.0865794
0.00494764 -0.00987229 0.0784347
0.00205458 -0.010027 0.0698458
0.000427169 -0.00956845 0.0628881
-0.0018094 -0.00743032 0.0585862
-0.00518829 -0.00327496 0.0574741
0.0032545 -0.0101891 0.0183317
0 0 0
-0.00217521 -0.0131754 0.0194017
0 0 0
-0.00729112 -0.0115082 0.0183425
0 0 0
0.00746982 -0.0140764 0.0334035
0.000250316 -0.0172124 0.0339054
-0.00622012 -0.0174135 0.0330909
0.00898178 -0.0177151 0.0477721
0.00120479 -0.0194922 0.0483243
-0.0070417 -0.0186499 0.0474142
0.00853563 -0.0164082 0.0595846
0.00128088 -0.0181878 0.0610445
-0.00552777 -0.0165991 0.0596856
0.0068761 -0.0147831 0.0698328
0.00119971 -0.0150189 0.0712808
-0.00613404 -0.014854 0.069811
0.0048547 -0.0122401 0.0776506
-0.000661798 -0.0128111 0.079194
-0.00610274 -0.0105952 0.0796684
0.00570562 -0.0105884 0.0849616
-0.000551742 -0.0117429 0.0868085
-0.00423649 -0.00846582 0.0864521
0.00488102 -0.00893094 0.09163
-0.00129762 -0.00711397 0.0907624
-0.00418815 -0.00592011 0.0920172
0.00159119 -0.00381307 0.0963996
-0.00077887 -0.00289185 0.0957531
-0.00165875 -0.00322691 0.0959795
0.000991769 0.00154711 0.0969863
0.0027461 0.00275756 0.0984011
0.00253082 0.000727224 0.0989999
-0.00128124 0.00677959 0.0984407
3.3922e-05 0.00597298 0.0989352
0.00406614 0.00449708 0.100858
-0.00227363 0.00890835 0.0996182
-0.000700652 0.00834992 0.0982625
0.00338352 0.00884803 0.10103
-0.00640825 0.0131026 0.0977217
0.000738477 0.0125486 0.0970632
0.00540587 0.0107237 0.0961179
-0.00695174 0.0137806 0.0918563
0.000356655 0.0124555 0.0922821
0.00573478 0.0112739 0.0913954
-0.00425969 0.011601 0.0860557
0.00161646 0.0122419 0.087411
0.00397392 0.0111184 0.0871656
-0.00339785 0.00923501 0.0793562
-0.000269549 0.0113667 0.081653
0.00213649 0.0126145 0.082097
-0.00336392 0.00539061 0.0729104
-0.000987961 0.00742648 0.0732889
0.00423026 0.0102153 0.0729551
-0.00547605 0.00367678 0.0650775
-0.0029743 0.00705128 0.065069
0.00312843 0.00829218 0.063178
-0.00551106 0.00144327 0.0608399
-0.00414558 0.00406668 0.058908
-0.000705029 0.00444717 0.0576081
-0.00330857 -0.00147266 0.0590595
-0.00359222 0.000338057 0.0578697
-0.00331974 0.00136696 0.0530687
0 0 0
0 0 0
0 0 0
0 0 0
0 0 0
0 0 0
0 0 0
0 0 0
0 0 0
-0.000470666 0.00096849 0.051525
0.000287079 0.000301194 0.0499231
-0.00158528 -0.00125156 0.0538863
-0.00186521 0.00191867 0.0468451
0.00140381 0.000973447 0.0414858
-0.000235926 -0.000120917 0.0470805
-0.00383764 -0.00336243 0.0490452
-0.00122825 -0.000816224 0.0437806
-0.00207647 0.000786047 0.0453411
0.000631024 0.00605093 0.0212297
-0.00649344 0.00447163 0.0264713
-0.00109207 0.00146539 0.0673017
-0.00495554 -0.0036036 0.0194641
-0.000994547 -0.00575085 0.0537607
0.00273692 -0.008145 0.0677179
-0.00671307 0.00411114 0.0533837
0.000352242 -0.00212503 0.0769035
-0.00696662 -0.00596109 0.0637739
-1.36165e-05 -0.00321614 0.10518
0.00136088 -0.00113999 0.104656
-7.80134e-05 0.000524363 0.102663
-0.000655522 -0.000287133 0.102045
-0.00486212 0.00267811 0.0998973
-0.0043685 -0.00163028 0.0771134
0.00675536 0.00225626 0.0763075
-0.00628828 0.00441866 0.0832155
0.00017108 0.00245271 0.0629761
-0.00138453 -0.000828074 0.0975944
0.00642727 0.00366785 0.0603819
-0.00154296 0.00324352 0.0526595
-0.0010325 -7.14942e-05 0.0562654
0.00534023 0.000858264 0.060468
-0.00134623 -0.00141324 0.0523874
0.00300136 0.00229567 0.0500246
0.003751 -0.00157956 0.053571
-0.00451681 -0.00187003 0.0732806
-0.000117398 0.00149122 0.101042
-0.00106395 -0.000139997 0.0953518
0.00261189 -0.001162 0.101028
0.00321422 0.00207773 0.102328
0.00375363 0.00194251 0.0971639
0.000304825 -0.00262437 0.0460486
-0.00862286 -0.000710654 0.0868733
0.000811845 0.00191237 0.0432161
0.00546176 0.000708029 0.0693425
0.00152904 -0.00246493 0.0674103
-0.000397424 -0.00281681 0.0668731
-0.000681551 0.0054989 0.0815434
0.0030075 0.0024561 0.0963216
-0.00378161 -0.00271641 0.101756
-0.00287374 -0.00699942 0.0894999
-0.00496065 2.8692e-05 0.0676485
-0.00135722 0.00143353 0.0547849
0.000378947 0.00321376 0.0886582
-0.0016967 -0.00179755 0.0613264
0.00293093 -0.0026029 0.0644733
0.00598822 -0.00222225 0.0658812
0.00129807 0.00132518 0.05324
0.00547331 0.000254221 0.0519401
-0.00962847 0.00177951 0.0756603
0.00538118 0.000623976 0.0177072
0.00877652 0.00260335 0.0373194
-0.000242028 0.011416 0.026678
0.00721846 -0.00306617 0.0167722
0.0107146 -0.01003 0.0342413
0.00145258 -0.00870222 0.0180775
0.0103331 -0.00486613 0.0298063
0.0044043 0.0135672 0.0387383
0.00816792 0.00807218 0.0549045
0.00729246 -0.0115669 0.0416996
0.00883343 0.00764011 0.0645403
0.00914695 -0.00603382 0.069306
0.00807995 0.00480766 0.0774422
0.00401016 0.00833951 0.0692075
0.00664688 -0.00689504 0.0810833
0.00386096 0.00760779 0.0825924
0.00925676 0.00252623 0.0812605
0.00694518 0.00515262 0.0906259
0.00967513 -0.000369884 0.0895901
0.00424504 0.00919064 0.085135
0.00204188 0.000982464 0.0992969
0.0075964 -0.00453981 0.0923737
3.79379e-05 0.000359483 0.100892
0.000463529 9.74838e-05 0.0995846
0.000679014 -0.00129393 0.0998705
-0.00375212 0.0016373 0.101612
0.00080784 -0.000421602 0.0989708
-0.00373701 -0.00266396 0.103079
-0.00491445 0.0035654 0.101056
-0.000169362 0.00366867 0.0994268
-0.0037568 0.00594078 0.102415
-0.0107117 -0.00130133 0.0962315
-0.00674639 -0.000980561 0.101586
-0.00479695 0.00856893 0.0998496
-0.0074397 -0.0099674 0.100274
-0.00358794 -0.00653174 0.10287
-0.0117681 0.00838039 0.0912976
-0.00462553 0.00938805 0.0992397
-0.00828297 -0.0019158 0.0904824
-0.0109103 0.000279059 0.0796178
-0.0098318 -0.00678318 0.0793294
-0.00939004 0.00459963 0.0800011
-0.010281 0.00732357 0.0843335
-0.00245074 -0.00895248 0.0773095
-0.00973915 -0.000657705 0.0757827
-0.00381434 0.0112401 0.0854239
-0.00228918 0.00638342 0.0709718
-0.00654676 -0.00158708 0.0686533
-0.00681499 0.00102857 0.0689032
-0.00670295 1.81903e-05 0.0659333
-0.00383716 0.0049111 0.0682584
-0.00351436 -0.00279768 0.0606265
-0.0051376 -0.000970033 0.0642235
-0.00414078 -2.8554e-05 0.0601759
-0.00520356 0.00335116 0.062172
-0.00486518 0.000674605 0.0597242
-0.00353273 0.000612712 0.0601728
-0.00242854 0.000302771 0.0559896
-0.00238027 0.000394133 0.055598
-0.00239085 0.00350535 0.0531969
-0.00797449 -0.00119243 0.0180204
-0.00806743 -0.000901207 0.0139152
-0.00529567 0.0102424 0.0230769
-0.00837783 0.0105069 0.0359139
-0.0112371 0.00710992 0.0500034
-0.0119752 0.000553931 0.0430214
-0.0016657 0.013791 0.0474644
-0.00299676 0.0103214 0.064259
-0.0140611 -0.00297725 0.0602484
-0.00251239 -0.00147716 0.096274
0.000390603 -0.000694913 0.0992494
0.00505912 -0.00364421 0.1016
0.00684975 8.09037e-05 0.100551
0.00741111 -0.00169441 0.0995335
0.00605278 -0.00678694 0.0907595
0.0025598 -0.00955401 0.0998254
0.007807 -0.00751131 0.0861711
0.0104992 -0.000395119 0.0897477
0.00654193 -0.00606683 0.0704127
0.0057114 -0.00742142 0.0767795
0.00229922 -0.00818411 0.0816665
0.0106282 -0.000170073 0.0756926
0.00728153 -0.00385662 0.0652794
0.000871858 -0.00328413 0.0587381
0.00467836 -0.00673168 0.06554
-0.000119825 -0.0070573 0.0610371
0.00807908 -0.00384048 0.0645051
0.00629206 -0.00334212 0.0580348
-0.00152831 -0.00439799 0.0545066
0.00340247 -0.00267013 0.0527479
-0.011248 -0.00700282 0.0406584
-0.00991954 -0.00571151 0.0766722
-0.00675019 -0.00361771 0.0916013
0.0116241 0.00486833 0.0790289
0.00746433 0.0011188 0.0604047
-0.00638553 -0.0083463 0.0181445
-0.012164 -0.0107165 0.0627108
0.000693799 -0.00116354 0.0976765
0.00596102 0.00343644 0.100952
0.00579852 0.00754047 0.0978205
0.00831306 0.00854706 0.081208
0.00899854 0.00625662 0.0684967
-0.00280714 -0.0100954 0.0182731
-0.00595041 -0.013553 0.0363564
-0.00387912 -0.0148585 0.0564017
-0.00294524 -0.0105775 0.069601
-0.000551475 -0.006726 0.0925516
-0.000182313 -0.00225014 0.0968376
0.000687145 0.00317526 0.102406
0.00513404 0.00659319 0.101386
0.000525985 0.00947844 0.089467
0.00336556 0.0108185 0.0819739
-0.000832572 0.00463453 0.00951332
0.000211793 0.0122887 0.0768593
0.000160113 0.00311279 0.0961816
-0.000889966 -0.0132131 0.0871322
-0.000751968 -0.00620387 0.0698523
0.00212164 -0.00873554 0.0803283
-0.000735662 -0.00704859 0.091729
-0.00145847 0.00939022 0.098233
0.00221752 0.00824833 0.0729635
-0.00241562 -0.0103706 0.0384867
-0.00158937 -0.00701875 0.0770699
0.00206245 -0.000923413 0.102352
-0.000645786 -0.00153349 0.100971
0.00408922 0.00501014 0.0679938
-0.00306177 -5.24709e-05 0.0570938
0.00304743 -0.00292486 0.0594728
0.00592234 -0.00679257 0.0181406
-0.0010383 -0.00460747 0.103635
0.00213921 -0.0010248 0.102349
-0.00598198 -0.00474856 0.0691824
0.000881179 0.00123303 0.103925
0.00098068 0.00203779 0.100103
0.00204589 0.00466918 0.0976774
-0.00501139 0.00562296 0.0867175
0.00804619 0.000748629 0.0653834
0.00319421 0.0106513 0.0834037
-0.00200611 0.00594983 0.0639739
0.00336576 -0.012585 0.0574434
-0.00447998 -0.006141 0.0760085
0.00186943 -0.00600206 0.0612599
-0.00127606 -0.00572521 0.0656329
0.00126265 0.00447121 0.0916021
0.00889874 -0.000690122 0.0744065
-0.00766072 -0.00859134 0.026997
-0.0019223 0.0079176 0.0498232
-0.00414995 -0.00213512 0.0636073
0.00468329 0.00166623 0.094324
0.000734087 -0.0126095 0.0362691
-0.00164985 -0.0032518 0.0615926
-0.000486033 0.00671277 0.0640005
0.00031376 0.010737 0.0871937
-0.00525676 -0.00890678 0.0296152
0.000373164 0.00671601 0.0729881
0.000427289 0.000264793 0.10077
0.000143722 -0.00245671 0.0985776
0.000188467 -0.00838312 0.0655597
-0.000818723 -0.00464952 0.0652657
0.00139325 0.00487192 0.0604189
-0.00256074 -0.0104716 0.0589364
-0.000905055 -0.00468426 0.0635349
0.00683986 -0.00153933 0.059804
0.000446595 -0.000104077 0.10112
0.00336755 0.00818793 0.0734488
0.010783 0.00596322 0.0765398
-0.000865633 0.00701994 0.0931773
-0.0004142 -0.010751 0.0611605
-0.000652274 -0.00402726 0.0628177
0.010868 0.00246481 0.0764725
0.00648301 0.00322048 0.0870991
0.0104587 0.00407951 0.0740837
0.00135961 0.00627735 0.0889957
0.00149993 -0.00779102 0.0582096
0.00500485 -0.00910578 0.0511419
0.00220167 0.00865953 0.0882311
0.00946985 -0.00295497 0.0843546
0.0022734 0.00743225 0.0654603
0.00947249 0.00102286 0.0703856
0.0105212 0.00173864 0.0747749
0.00174381 0.00672926 0.0667099
0.00782789 -0.000510179 0.065278
0.000488878 -0.000729727 0.10154
-0.000731207 -0.00354295 0.0615476
0.00892087 -0.00555299 0.0828191
0.00990949 0.00149552 0.0722745
-0.00105215 -0.00323533 0.0605066
0.00846614 -0.00179776 0.067424
0.00854382 -0.00230809 0.067506
0.00751399 -0.00237987 0.0634628
0.0100564 -3.07086e-05 0.0734372
0.00930312 -0.000660971 0.0704364
0.00887519 -0.00496672 0.0431805
0.0108249 -0.00689226 0.0394132
0.00935111 -0.00887542 0.0527013
0.00753344 -0.00939755 0.0625765
0.0109275 0.00577509 0.0671971
0.00184861 0.00558638 0.0938388
0.00316158 0.00483591 0.0941337
-0.00436761 0.00217036 0.0933006
0.00428528 0.00884565 0.0691089
0.0045551 0.00499345 0.0605134
0.00426477 -0.00379411 0.0250752
-0.0023938 -0.00731641 0.0997329
-0.00448694 -0.00330088 0.0905599
-0.00720591 -0.00191413 0.0720631
-0.00328452 0.00276182 0.0659662
-0.00340617 -0.00534424 0.102167
0.00150663 -0.00208526 0.100857
0.000200988 0.00576506 0.067392
0.0015206 0.00626975 0.0681407
-0.00458154 0.00124406 0.0654975
0.0122543 -0.00157934 0.0475736
0.0015813 0.00603117 0.0935888
0.00113206 0.00717788 0.0915952
0.0106869 0.00159141 0.0623427
0.0107113 0.00183232 0.0533449
0.0117242 -0.0023278 0.0563108
0.0130251 -0.00561068 0.0557353
0.00180085 -0.0010899 0.0991751
0.00291276 -0.00284712 0.105025
0.00032711 -0.000141136 0.101232
0.00988546 0.000603978 0.0725041
0.00801148 -0.00532277 0.0685406
0.00156844 -0.0121939 0.0484369
0.00530594 -0.00496161 0.0617238
0.0101729 0.00119403 0.0732091
-0.00422942 -0.00140418 0.0608969
0.00427035 0.00744177 0.0655981

CELL_DATA 2516
TENSORS stress float
0.0048177 0.000294448 0.00555763
0.000294448 -0.00302786 0.0166211
0.00555763 0.0166211 0.0804163

0.0162544 0.00161821 0.00721229
0.00161821 0.00977315 0.0197524
0.00721229 0.0197524 0.100847

0.00379387 0.000456636 -0.00634547
0.000456636 -0.0014393 -0.00558276
-0.00634547 -0.00558276 0.0826332

0.0211258 0.00959772 -0.0756481
0.00959772 0.0262798 0.0485743
-0.0756481 0.0485743 -0.361303

0.0137396 0.00449238 0.00516254
0.00449238 0.00350155 0.0181433
0.00516254 0.0181433 0.0848644

-0.0590379 0.0112572 -0.0264898
0.0112572 -0.0369005 -0.0254182
-0.0264898 -0.0254182 -0.592752

-0.017514 -0.00175606 -0.00521918
-0.00175606 -0.0172555 -0.00317073
-0.00521918 -0.00317073 0.033657

0.0124064 -0.000268941 -0.00959719
-0.000268941 0.00402054 0.000598267
-0.00959719 0.000598267 0.0755731

-0.000712247 -0.0191443 -0.0233605
-0.0191443 -0.0795032 0.0115659
-0.0233605 0.0115659 -0.530629

0.0276403 -0.00720268 0.00201386
-0.00720268 0.00508517 0.026311
0.00201386 0.026311 -0.244899

-0.0155079 -0.000871167 -0.00117654
-0.000871167 -0.0178675 -0.0013354
-0.00117654 -0.0013354 0.0497369

0.0348283 0.015569 -0.0778801
0.015569 0.0338989 0.0390283
-0.0778801 0.0390283 -0.326205

0.0196799 -0.0118371 -0.0437159
-0.0118371 0.0228986 -0.0106099
-0.0437159 -0.0106099 -0.254476

0.0241555 -0.00252388 -0.00224812
-0.00252388 0.0393685 0.011372
-0.00224812 0.011372 -0.453593

-0.329479 0.0238052 0.0153125
0.0238052 -0.266725 -0.000785273
0.0153125 -0.000785273 -0.741932

0.0240558 0.0144571 -0.0298048
0.0144571 0.0298142 0.0693964
-0.0298048 0.0693964 -0.368597

0.00839005 0.000516627 -0.00630869
0.000516627 0.00278329 -0.00681433
-0.00630869 -0.00681433 0.0942067

0.0140904 0.012879 -0.0094199
0.012879 0.014051 0.00438599
-0.0094199 0.00438599 -0.451336

-0.00334305 0.00117746 -0.00067084
0.00117746 -0.00494281 -0.00836936
-0.00067084 -0.00836936 0.0781954

-0.0946827 0.00953321 -0.0260245
0.00953321 -0.107849 -0.0262495
-0.0260245 -0.0262495 -0.633155

0.0335699 0.00147965 0.0169426
0.00147965 0.0160218 0.0434231
0.0169426 0.0434231 -0.26321

0.029453 0.0116893 -0.0250131
0.0116893 0.0176482 0.0636794
-0.0250131 0.0636794 -0.346972

0.0859903 0.00856366 -0.0161316
0.00856366 0.108471 -0.039807
-0.0161316 -0.039807 -0.131747

0.00741534 -0.00406127 -0.00146546
-0.00406127 0.00630072 -0.00532688
-0.00146546 -0.00532688 0.0830955

-0.110541 0.0222876 -0.016091
0.0222876 -0.177608 -0.00105618
-0.016091 -0.00105618 -0.665531

-0.0928815 0.0265104 -0.0179198
0.0265104 -0.130512 0.00308433
-0.0179198 0.00308433 -0.641232

0.00138393 0.0191855 -0.0310129
0.0191855 -0.0107207 0.056278
-0.0310129 0.056278 -0.396591

0.00290476 0.00274161 0.00446982
0.00274161 -0.00411242 0.0134286
0.00446982 0.0134286 0.0788324

-0.031325 0.00368723 0.00258354
0.00368723 -0.0110107 0.00854404
0.00258354 0.00854404 0.0596137

0.0342583 0.0164503 -0.0277366
0.0164503 0.0276598 0.0436248
-0.0277366 0.0436248 -0.348894

-1.21204 -0.000251995 0.100615
-0.000251995 -1.21221 -0.0712333
0.100615 -0.0712333 -1.15477

-0.0160487 -0.00246861 0.0123402
-0.00246861 -0.0225971 0.00752836
0.0123402 0.00752836 0.0617276

-0.0878212 -0.000714665 0.0405522
-0.000714665 -0.0975349 0.000267342
0.0405522 0.000267342 -0.623486

0.0200397 0.00723458 0.0135272
0.00723458 0.0140878 0.00918163
0.0135272 0.00918163 0.088019

0.0580025 0.0253326 -0.0155068
0.0253326 0.0326198 -0.0241898
-0.0155068 -0.0241898 -0.487632

-2.93384e-05 0.000822337 0.0146467
0.000822337 -0.00571203 0.00880359
0.0146467 0.00880359 0.0748978

-0.122356 -0.0391846 -0.0171713
-0.0391846 -0.0640752 0.0274748
-0.0171713 0.0274748 -0.541307

-4.50743e-05 -0.00132857 0.00324376
-0.00132857 6.4343e-05 -0.00814187
0.00324376 -0.00814187 0.0849948

-0.0142046 0.00189019 -0.00831781
0.00189019 -0.0117348 8.31676e-05
-0.00831781 8.31676e-05 0.0592589

0.0419278 0.00241671 -0.0440652
0.00241671 0.0856761 -0.00219961
-0.0440652 -0.00219961 -0.147941

-0.0410039 0.00284879 -0.0357805
0.00284879 -0.0115781 0.00706547
-0.0357805 0.00706547 -0.323122

-0.317294 0.0114159 0.00163943
0.0114159 -0.186826 -0.0225662
0.00163943 -0.0225662 -0.716038

-0.0187282 0.00592465 -0.00184414
0.00592465 -0.0146433 0.00370848
-0.00184414 0.00370848 0.0503653

-0.0324521 -0.021643 0.02092
-0.021643 0.0149918 0.0624762
0.02092 0.0624762 -0.571963

-0.193262 0.0254111 0.0369775
0.0254111 -0.186559 0.0388369
0.0369775 0.0388369 -0.693265

0.0482083 -0.00453615 -0.0433525
-0.00453615 0.0893021 -0.0137976
-0.0433525 -0.0137976 -0.218322

-0.158759 -0.0041504 -0.0154843
-0.0041504 -0.169275 0.0585184
-0.0154843 0.0585184 -0.490968

-0.0838205 0.0220286 0.0355626
0.0220286 0.00824451 0.0383567
0.0355626 0.0383567 -0.590019

0.00909483 0.00549404 -0.0104076
0.00549404 -0.0373667 -0.0260193
-0.0104076 -0.0260193 -0.514919

-0.0449313 -0.00100066 0.00148439
-0.00100066 -0.0541184 0.00897022
0.00148439 0.00897022 0.0291792

-0.0268324 -0.00962373 -0.00171652
-0.00962373 -0.00466402 -0.00116088
-0.00171652 -0.00116088 0.0256961

-0.0134017 0.00389865 0.0169012
0.00389865 -0.0115395 -0.0102612
0.0169012 -0.0102612 -0.482184

-0.0641622 0.00417417 0.0032006
0.00417417 -0.0668301 -0.0136284
0.0032006 -0.0136284 0.0176806

-0.0271565 -0.0028282 -0.00612946
-0.0028282 -0.00334477 0.000956816
-0.00612946 0.000956816 0.00734632

-0.0186085 -0.00528751 -0.00517249
-0.00528751 -0.0287336 0.0340839
-0.00517249 0.0340839 -0.149293

-0.254663 -0.0360727 0.0327947
-0.0360727 -0.131554 -0.010908
0.0327947 -0.010908 -0.70196

0.101468 0.0120503 -0.0398489
0.0120503 0.0830901 0.0328826
-0.0398489 0.0328826 -0.223825

-0.0522011 -0.0117933 -0.0168712
-0.0117933 -0.0249576 0.00728489
-0.0168712 0.00728489 -0.15762

0.066755 0.0105234 -0.0257334
0.0105234 0.035416 -0.0952616
-0.0257334 -0.0952616 -0.26904

0.0135011 0.00528505 0.00682538
0.00528505 0.0058934 0.0130068
0.00682538 0.0130068 0.0898674

-0.0132794 0.00225283 -0.00625175
0.00225283 -0.0063783 0.00265673
-0.00625175 0.00265673 0.0603703

-0.00935711 -0.0169365 0.00986893
-0.0169365 -0.0337628 0.000406218
0.00986893 0.000406218 0.00325809

0.0010492 0.00344402 0.00882861
0.00344402 0.00111631 0.00809728
0.00882861 0.00809728 -0.458182

-0.0425099 -0.00113406 0.000226433
-0.00113406 -0.0317185 -0.00336978
0.000226433 -0.00336978 0.0578883

-0.0296876 0.00106146 0.00204548
0.00106146 -0.00636796 -0.000770822
0.00204548 -0.000770822 0.0568404

0.0463147 0.00778151 -0.0112132
0.00778151 0.0540886 -0.029196
-0.0112132 -0.029196 -0.385001

-0.00581031 5.06894e-05 -0.0253614
5.06894e-05 0.016742 0.00680416
-0.0253614 0.00680416 -0.101568

0.00140166 0.0046673 -0.0254217
0.0046673 0.0155073 0.00736669
-0.0254217 0.00736669 -0.0993805

-0.0204847 -0.00257358 0.000917746
-0.00257358 -0.0220043 -0.00207216
0.000917746 -0.00207216 0.0425358

-0.13485 0.0124411 0.0162438
0.0124411 -0.0721468 -0.0565573
0.0162438 -0.0565573 -0.683293

-0.0227256 0.000953514 -0.00690211
0.000953514 -0.0191423 0.0010899
-0.00690211 0.0010899 0.036253

-0.0321256 0.00188046 0.0024629
0.00188046 -0.0433748 -0.000559205
0.0024629 -0.000559205 0.0635908

-0.00923064 -0.00142317 -0.00526835
-0.00142317 -0.0274353 -0.0607786
-0.00526835 -0.0607786 -0.39101

-0.0167129 -0.00963184 0.0142606
-0.00963184 0.0205681 0.00978152
0.0142606 0.00978152 -0.0426602

-0.0235533 -0.00237006 0.000500446
-0.00237006 -0.0230907 -0.00335899
0.000500446 -0.00335899 0.0353784

-0.0387316 0.0214103 0.0244537
0.0214103 -0.0179324 -0.0523828
0.0244537 -0.0523828 -0.63605

0.00907572 -0.00354233 -0.00234822
-0.00354233 0.00674014 -0.00666507
-0.00234822 -0.00666507 0.0842129

0.031625 0.0120449 0.0128502
0.0120449 0.0064329 0.00859477
0.0128502 0.00859477 -0.0446995

0.054614 0.0121032 0.00198081
0.0121032 0.0181813 -0.0802741
0.00198081 -0.0802741 -0.301628

0.00247963 0.00377893 0.0635734
0.00377893 0.00119878 -0.0327631
0.0635734 -0.0327631 -0.471439

0.00377979 0.0104031 0.0645615
0.0104031 0.0295187 -0.0327595
0.0645615 -0.0327595 -0.417068

-0.0239636 -0.00325385 0.000122744
-0.00325385 -0.02667 -0.00319562
0.000122744 -0.00319562 0.034055

0.00856064 -0.0039301 0.000188295
-0.0039301 0.00115696 -0.00995905
0.000188295 -0.00995905 0.0827297

-0.00792605 -0.00231917 0.00422352
-0.00231917 -0.0130603 -0.0016741
0.00422352 -0.0016741 0.0548972

0.0128028 0.00899197 0.067426
0.00899197 0.0219011 -0.0264674
0.067426 -0.0264674 -0.426492

-0.031317 -0.00404813 0.00311202
-0.00404813 -0.0227192 0.0189545
0.00311202 0.0189545 0.00667556

0.0496597 -0.00184058 -0.00614446
-0.00184058 0.052614 -0.0752473
-0.00614446 -0.0752473 -0.347783

0.00192714 -0.00183709 -0.0103197
-0.00183709 0.00738607 0.00509163
-0.0103197 0.00509163 0.076809

-0.0149585 0.00377096 -0.00429966
0.00377096 -0.00819331 0.00221163
-0.00429966 0.00221163 0.064163

-0.0490238 -0.00153077 -0.00405073
-0.00153077 -0.0355747 0.018822
-0.00405073 0.018822 -0.176917

0.0554084 0.00297008 0.0179268
0.00297008 0.0511213 0.0210643
0.0179268 0.0210643 -0.366049

0.0508595 0.00250802 -0.00612525
0.00250802 0.0335018 0.0267534
-0.00612525 0.0267534 -0.211808

-0.0369346 -0.000719091 0.00372315
-0.000719091 -0.0349315 -0.00537358
0.00372315 -0.00537358 0.0687924

-0.0128282 -0.00339963 0.00638689
-0.00339963 -0.00329053 0.0159425
0.00638689 0.0159425 0.0385263

-0.0584287 0.00383006 0.00163567
0.00383006 -0.056519 -0.000440713
0.00163567 -0.000440713 0.0517432

-0.0245227 2.12721e-05 0.00227511
2.12721e-05 0.00879419 0.0150327
0.00227511 0.0150327 -0.00459996

-0.00201649 -0.00245743 0.00446044
-0.00245743 -0.00578005 -0.0116361
0.00446044 -0.0116361 0.0764835

0.00593128 -0.00187107 -0.0110428
-0.00187107 0.0101506 -0.00198425
-0.0110428 -0.00198425 0.078474

-0.0464555 -0.00335321 0.00341951
-0.00335321 -0.0255483 0.0191025
0.00341951 0.0191025 -0.0275072

0.0172134 0.0172576 0.00607778
0.0172576 0.0483422 -0.00710124
0.00607778 -0.00710124 0.0238301

0.00198706 -0.00613464 0.00492029
-0.00613464 0.0108311 -0.0122094
0.00492029 -0.0122094 0.0814868

0.00583301 -0.00244074 -0.0072488
-0.00244074 0.00941745 -0.000888877
-0.0072488 -0.000888877 0.0803757

0.00443404 0.00356732 0.05851
0.00356732 0.0291579 -0.0412971
0.05851 -0.0412971 -0.44043

0.0101862 0.000835322 -0.0071088
0.000835322 0.0031536 -0.00731016
-0.0071088 -0.00731016 0.0971799

-0.0493661 0.00372877 0.0559951
0.00372877 -0.0585368 -0.0139145
0.0559951 -0.0139145 -0.556815

-1.18504 0.000143039 -0.0347656
0.000143039 -1.1846 -0.117033
-0.0347656 -0.117033 -1.10886

-0.0409106 6.15284e-05 -0.00121307
6.15284e-05 -0.0476079 0.000384585
-0.00121307 0.000384585 0.0573197

-0.00724996 -0.017501 -0.000638258
-0.017501 -0.000511979 -0.0238735
-0.000638258 -0.0238735 -0.26509

0.00901146 -0.0027153 0.00284859
-0.0027153 0.0248229 0.00564203
0.00284859 0.00564203 0.0713058

-0.00666231 0.0021911 -0.00495037
0.0021911 0.00400752 -0.00363931
-0.00495037 -0.00363931 0.0683736

-0.0168582 -0.00945006 -0.0126804
-0.00945006 -0.0343613 -0.0127748
-0.0126804 -0.0127748 0.0221388

0.0471969 0.00515856 0.0210763
0.00515856 0.0127154 0.0188274
0.0210763 0.0188274 -0.351549

0.116074 -0.197318 -0.126327
-0.197318 -1.161 -0.323048
-0.126327 -0.323048 -0.756633

-0.00923129 0.00143462 -0.000695834
0.00143462 -0.00945534 -0.000201742
-0.000695834 -0.000201742 0.0556552

-0.0121004 -0.00133322 -0.00963232
-0.00133322 -0.0138343 -0.0056391
-0.00963232 -0.0056391 0.0596868

0.00805406 -0.00265388 -0.000167193
-0.00265388 0.0191121 -0.0146155
-0.000167193 -0.0146155 0.0851733

0.00107752 -0.00372896 -0.000270628
-0.00372896 0.00525561 -0.0129183
-0.000270628 -0.0129183 0.0805881

-0.00533622 0.00307034 -0.00306249
0.00307034 -0.00749558 -0.00058514
-0.00306249 -0.00058514 0.0629482

-0.0339351 -0.00397805 -0.0058879
-0.00397805 -0.0190693 0.0104181
-0.0058879 0.0104181 0.0080591

-0.0104486 0.000655309 -0.00329716
0.000655309 -0.0120681 0.00438151
-0.00329716 0.00438151 0.038796

-0.00450483 -0.00391207 0.002671
-0.00391207 -0.00687099 -0.00364227
0.002671 -0.00364227 0.0570603

0.0503772 -0.0135486 0.0262777
-0.0135486 0.0507029 0.0088472
0.0262777 0.0088472 -0.029368

0.0342826 -0.0237195 -0.0199667
-0.0237195 0.0413866 -0.0267331
-0.0199667 -0.0267331 -0.17918

-0.106106 0.0101215 0.00475012
0.0101215 -0.0623001 -0.0233779
0.00475012 -0.0233779 -0.602908

-0.0152641 0.00446221 -0.00676879
0.00446221 -0.0109142 -0.00168402
-0.00676879 -0.00168402 0.0537717

-0.0559202 -0.0154051 0.0625357
-0.0154051 -0.0550735 0.0284924
0.0625357 0.0284924 -0.580325

-0.504633 0.224678 -0.198732
0.224678 -0.574317 -0.173668
-0.198732 -0.173668 -0.758317

-0.00188669 -0.00568794 0.00540213
-0.00568794 0.00146653 -0.0100556
0.00540213 -0.0100556 0.080019

0.0118595 0.00187873 0.00189809
0.00187873 0.00633817 0.00400799
0.00189809 0.00400799 0.0675957

0.0251231 0.00669875 0.0296715
0.00669875 0.0471531 -0.0578972
0.0296715 -0.0578972 -0.393573

-0.00650624 0.00632665 0.00141478
0.00632665 -0.0346732 0.00561437
0.00141478 0.00561437 0.0708799

-0.065842 -0.00989139 0.00593034
-0.00989139 -0.0196036 -0.0165754
0.00593034 -0.0165754 -0.575846

-0.00754566 -0.00142489 0.0110486
-0.00142489 -0.00284656 0.000195667
0.0110486 0.000195667 0.0515369

0.0484305 0.0438559 0.0722773
0.0438559 0.00935954 0.0100679
0.0722773 0.0100679 -0.510135

-0.0028199 -0.000364562 -0.00358215
-0.000364562 0.00161216 -0.010381
-0.00358215 -0.010381 0.0722742

0.0196191 -0.00796152 0.00705272
-0.00796152 0.0211416 -0.0117087
0.00705272 -0.0117087 0.0958214

-0.0351254 0.00441796 0.0549752
0.00441796 -0.0106004 0.0306107
0.0549752 0.0306107 -0.561529

-0.0201817 0.00233847 -0.00175939
0.00233847 -0.0181627 0.00393679
-0.00175939 0.00393679 0.0320748

-0.0157785 -0.00166784 0.0042093
-0.00166784 -0.0186979 0.0178959
0.0042093 0.0178959 -0.150858

-0.041941 0.00239853 0.0213976
0.00239853 -0.0284247 0.0166585
0.0213976 0.0166585 -0.0979908

-0.016574 -0.00833808 -0.0254191
-0.00833808 0.000279051 -0.0247967
-0.0254191 -0.0247967 -0.287886

-0.0106153 -0.00558973 0.0035878
-0.00558973 -0.0146143 -0.00175894
0.0035878 -0.00175894 0.053286

-0.0289316 0.00816831 0.0036786
0.00816831 -0.0481177 0.00530071
0.0036786 0.00530071 0.0582968

0.0462534 -0.0142885 -0.0349892
-0.0142885 0.0348906 -0.0215579
-0.0349892 -0.0215579 -0.173763

-0.0174318 -0.0128543 -0.0350176
-0.0128543 -0.0227881 -0.00244309
-0.0350176 -0.00244309 -0.287985

0.0448268 -0.00723875 -0.0421375
-0.00723875 0.0604547 -0.0356966
-0.0421375 -0.0356966 -0.29754

0.00190637 -0.0056645 0.0178867
-0.0056645 0.00105957 -0.00382897
0.0178867 -0.00382897 0.0638615

0.0317875 -0.00640633 0.029699
-0.00640633 0.0194379 0.0247957
0.029699 0.0247957 -0.133574

0.0150005 0.0256995 -0.00268101
0.0256995 0.0430498 -0.0278929
-0.00268101 -0.0278929 -0.144863

-0.0175488 0.000442813 -0.00051237
0.000442813 -0.0236148 -0.00152195
-0.00051237 -0.00152195 0.0358851

-0.0240551 -0.00686285 0.0154296
-0.00686285 0.000793495 0.0485686
0.0154296 0.0485686 -0.520346

0.0477796 -0.0126856 0.0281288
-0.0126856 0.0516285 0.0119146
0.0281288 0.0119146 -0.119197

-0.0504856 -5.16559e-05 -0.000247743
-5.16559e-05 -0.0487451 -0.000787668
-0.000247743 -0.000787668 0.0537833

-0.023461 -0.0020917 0.0055153
-0.0020917 -0.0122486 0.00821473
0.0055153 0.00821473 -0.544947

-0.0346333 -0.0036658 -0.00241139
-0.0036658 -0.0176742 -0.00622606
-0.00241139 -0.00622606 0.036448

-0.0490621 -0.00609426 -2.09691e-05
-0.00609426 -0.0268171 -0.00604367
-2.09691e-05 -0.00604367 0.0282712

-0.0504804 0.0162142 -0.00823908
0.0162142 -0.019687 -0.00684579
-0.00823908 -0.00684579 -0.508341

-0.0547348 0.0011692 0.0558851
0.0011692 -0.0577482 -0.0084946
0.0558851 -0.0084946 -0.574452

0.0587867 0.00235095 0.0213218
0.00235095 0.0584002 -0.00484286
0.0213218 -0.00484286 -0.355085

-0.0154388 -0.0119087 -0.00161488
-0.0119087 -0.0188615 0.00777118
-0.00161488 0.00777118 -0.0136881

-0.0126138 0.00137441 -0.00297414
0.00137441 -0.0163694 0.0034318
-0.00297414 0.0034318 0.0356485

-0.0209257 -0.00524803 -0.00472563
-0.00524803 -0.0205591 -0.00502623
-0.00472563 -0.00502623 0.0238263

0.06901 -0.00700786 -0.0463944
-0.00700786 0.0843853 -0.0191924
-0.0463944 -0.0191924 -0.361968

0.0256586 -0.0131771 0.0216985
-0.0131771 0.0312448 0.0120268
0.0216985 0.0120268 -0.15263

-0.00558134 -0.00654705 0.0184067
-0.00654705 -0.0103724 0.020796
0.0184067 0.020796 -0.185602

0.00287553 -0.00132639 -0.017236
-0.00132639 0.0170149 0.0091412
-0.017236 0.0091412 -0.0563791

0.00321547 -0.00175722 0.00669977
-0.00175722 -0.00202083 -0.007078
0.00669977 -0.007078 0.0679764

0.00717077 -0.000322109 0.00728563
-0.000322109 0.00416657 0.00279237
0.00728563 0.00279237 0.0669255

-0.00205175 0.00384286 0.0688975
0.00384286 0.0152684 -0.0414924
0.0688975 -0.0414924 -0.458341

0.0417355 -0.0105494 0.0358068
-0.0105494 0.0197367 0.0646877
0.0358068 0.0646877 -0.355085

0.0269324 0.0157559 0.0133206
0.0157559 0.0211748 -0.0191381
0.0133206 -0.0191381 0.0257835

-0.00351519 -0.00283269 0.0124198
-0.00283269 -0.00745765 -0.00524784
0.0124198 -0.00524784 0.0630609

-0.0616348 -0.00292698 0.00521542
-0.00292698 -0.0560071 -0.0125362
0.00521542 -0.0125362 0.0163396

0.013696 -0.00325266 0.0142092
-0.00325266 0.00816043 -0.00556804
0.0142092 -0.00556804 0.0761059

-0.00538219 -0.0121317 0.0359096
-0.0121317 -0.0224327 0.0329802
0.0359096 0.0329802 -0.440089

-0.0114105 -0.0104169 -0.00236464
-0.0104169 -0.00917194 0.00522858
-0.00236464 0.00522858 -0.0137806

-0.0239569 0.00291679 -0.00403246
0.00291679 -0.0247252 0.00760137
-0.00403246 0.00760137 0.0281767

-0.00224914 -0.00730396 0.00620898
-0.00730396 -0.0048965 -0.00773926
0.00620898 -0.00773926 0.0582277

-0.0252173 -0.00115535 0.0146261
-0.00115535 -0.021949 -0.00879866
0.0146261 -0.00879866 -0.0973179

0.0099824 0.00873923 0.0266193
0.00873923 0.0117961 -0.00255167
0.0266193 -0.00255167 -0.0691206

-0.0209099 0.000466291 -0.00506353
0.000466291 -0.0174438 -0.00254139
-0.00506353 -0.00254139 0.0379189

0.0813461 0.0176559 0.0590733
0.0176559 0.0287526 0.00337651
0.0590733 0.00337651 -0.50357

0.0629221 -0.00355597 0.050092
-0.00355597 0.0567093 0.00920557
0.050092 0.00920557 -0.198052

-0.19817 0.0106912 -0.028473
0.0106912 -0.180097 0.00123618
-0.028473 0.00123618 -0.578739

-0.0478093 0.000765036 -8.80029e-05
0.000765036 -0.043582 -0.00757207
-8.80029e-05 -0.00757207 0.033898

-0.00491439 -0.00933332 0.00564646
-0.00933332 -0.0112777 -0.00334189
0.00564646 -0.00334189 0.0563452

-0.00876264 0.0142872 0.0100821
0.0142872 0.00823035 0.00298551
0.0100821 0.00298551 0.0159564

0.00252781 -0.0141565 0.0159412
-0.0141565 -0.00647525 0.0337688
0.0159412 0.0337688 -0.405311

-0.000607154 -0.0103924 0.00135273
-0.0103924 0.00515948 0.0302205
0.00135273 0.0302205 -0.0206821

-0.0380958 -0.0263528 0.0327473
-0.0263528 0.00805103 0.000507612
0.0327473 0.000507612 -0.117795

0.0487953 -0.00124322 0.045163
-0.00124322 0.0608565 0.00869493
0.045163 0.00869493 -0.0587989

-0.00987205 0.000104199 -0.00120022
0.000104199 -0.0138072 -0.00659173
-0.00120022 -0.00659173 0.0674028

0.0438841 -0.0130634 0.0194211
-0.0130634 0.0293841 0.0646718
0.0194211 0.0646718 -0.330668

-0.425162 0.0528209 0.000145998
0.0528209 -0.736197 -0.100696
0.000145998 -0.100696 -0.661522

-0.0104545 1.22546e-05 -0.000568387
1.22546e-05 -0.0175571 -0.00167532
-0.000568387 -0.00167532 0.0375794

0.0288962 -0.00558866 0.0358863
-0.00558866 0.0436589 0.0150427
0.0358863 0.0150427 -0.105421

0.00980331 -0.0029209 -0.00365303
-0.0029209 0.0404836 -0.00551141
-0.00365303 -0.00551141 0.0423164

-0.0138391 -0.000131402 -1.91165e-06
-0.000131402 -0.0150448 -0.00238346
-1.91165e-06 -0.00238346 0.0373719

-0.0521572 -0.000411874 0.00189237
-0.000411874 -0.0498081 -0.0169481
0.00189237 -0.0169481 0.0225487

-0.0353649 -0.0187204 0.0325549
-0.0187204 0.0216965 0.0237779
0.0325549 0.0237779 -0.127002

-0.00717543 -0.00518876 -0.0199148
-0.00518876 0.0030087 -0.00650469
-0.0199148 -0.00650469 -0.065197

-0.00736457 -0.00709568 0.00232652
-0.00709568 -0.00929781 -0.00931169
0.00232652 -0.00931169 0.0504839

0.0115186 -0.0158887 0.0404866
-0.0158887 0.045985 -0.0247985
0.0404866 -0.0247985 -0.313232

-0.0206356 0.00221809 -0.00819371
0.00221809 -0.028717 -0.00328815
-0.00819371 -0.00328815 0.016085

0.00366225 -0.00255734 -0.0127394
-0.00255734 0.0061866 -0.00397499
-0.0127394 -0.00397499 0.0776351

-0.0184183 -0.00733873 0.0594106
-0.00733873 -0.0115076 -0.0350085
0.0594106 -0.0350085 -0.495388

-0.0846938 -0.00116927 0.0439975
-0.00116927 -0.0674779 -0.0166222
0.0439975 -0.0166222 -0.581437

-0.0488563 0.00198176 -4.72563e-05
0.00198176 -0.028642 0.0082838
-4.72563e-05 0.0082838 0.006939

-0.0126898 -0.00458911 -0.00120849
-0.00458911 -0.0160159 -0.00232417
-0.00120849 -0.00232417 0.0322209

0.0106964 -0.0042203 0.0344322
-0.0042203 0.0554748 -0.0106283
0.0344322 -0.0106283 0.0157777

-0.00700136 0.0106284 -0.0157699
0.0106284 0.0108984 -0.0159778
-0.0157699 -0.0159778 -0.0832905

-0.257822 -0.0474712 0.0358889
-0.0474712 -0.151353 -0.0109799
0.0358889 -0.0109799 -0.70984

-0.0162112 -0.0128043 -0.00779863
-0.0128043 -0.0295645 0.00947773
-0.00779863 0.00947773 -0.0521491

0.00440141 -0.00614768 0.0304657
-0.00614768 0.0046577 0.00770301
0.0304657 0.00770301 -0.105128

-0.00987603 -0.00845758 0.00187595
-0.00845758 -0.0148482 -0.00447965
0.00187595 -0.00447965 0.0484997

-0.0104508 0.00200363 -0.00566724
0.00200363 -0.0130826 -0.00229179
-0.00566724 -0.00229179 0.0568103

-0.00626896 0.0029722 -0.00417091
0.0029722 -0.00915452 -0.00143579
-0.00417091 -0.00143579 0.06328

-0.0158401 -0.00440451 0.00191885
-0.00440451 -0.00322759 0.00722634
0.00191885 0.00722634 0.0292693

-0.0498929 -0.00156422 0.049633
-0.00156422 -0.00851751 -0.0646686
0.049633 -0.0646686 -0.537364

-0.0307 0.00345124 0.00264493
0.00345124 -0.0102668 0.00832437
0.00264493 0.00832437 0.0601098

0.00446444 0.0025795 -0.00050368
0.0025795 -0.00121644 0.0159428
-0.00050368 0.0159428 0.0828726

0.105815 -0.00330973 -0.00820713
-0.00330973 0.135611 0.0463889
-0.00820713 0.0463889 -0.0610536

-0.0145115 0.000589984 -0.0269654
0.000589984 0.00983322 -0.00651103
-0.0269654 -0.00651103 -0.0254883

-0.0223644 0.00147689 0.00195338
0.00147689 -0.00330664 0.0112454
0.00195338 0.0112454 0.0534603

0.0363103 -0.00918912 0.0154726
-0.00918912 0.0110225 0.0184003
0.0154726 0.0184003 -0.123294

-0.00280829 0.0046148 -0.00204829
0.0046148 -0.014936 0.00181916
-0.00204829 0.00181916 0.0637502

0.0365991 0.00182688 0.01102
0.00182688 0.00960975 0.00217487
0.01102 0.00217487 -0.402432

-0.0573363 -0.000911611 0.00413199
-0.000911611 -0.057166 0.0105239
0.00413199 0.0105239 0.0231657

-0.000770594 0.00122542 -0.00428389
0.00122542 -0.00836597 0.016924
-0.00428389 0.016924 0.0665433

-0.0941068 -0.00321673 0.0376029
-0.00321673 -0.0441818 0.0395046
0.0376029 0.0395046 -0.618343

0.0317367 -0.00492745 -0.0441607
-0.00492745 0.0704534 -0.00522157
-0.0441607 -0.00522157 -0.157449

0.0193659 -0.0105392 0.0181423
-0.0105392 0.0280557 0.0246095
0.0181423 0.0246095 -0.171662

0.00606589 -0.00256719 0.0133336
-0.00256719 -0.0264223 -0.00574239
0.0133336 -0.00574239 -0.0175593

-0.0203673 0.00740808 0.00168723
0.00740808 -0.0138859 0.00548986
0.00168723 0.00548986 0.0796316

-0.0164774 -2.07841e-05 0.00073745
-2.07841e-05 -0.0164454 -0.000335456
0.00073745 -0.000335456 0.0490811

0.0258169 0.00107359 -0.0194699
0.00107359 0.0426255 -0.0200376
-0.0194699 -0.0200376 -0.303929

0.0323175 -0.00518399 0.00540366
-0.00518399 0.026024 -0.0161254
0.00540366 -0.0161254 -0.0714285

-0.00354452 -0.00482853 0.0235608
-0.00482853 0.00186053 0.0137297
0.0235608 0.0137297 -0.107975

-0.00474363 0.00425342 0.00434323
0.00425342 -0.0142866 0.00284694
0.00434323 0.00284694 0.0672457

-0.0121976 0.0064634 -0.00114261
0.0064634 -0.0318958 0.00948763
-0.00114261 0.00948763 0.0548587

-0.0488768 0.00789468 -0.000932396
0.00789468 -0.0352773 0.00833738
-0.000932396 0.00833738 0.0253735

-0.0241229 0.00259265 -0.00267125
0.00259265 -0.0227631 0.0047738
-0.00267125 0.0047738 0.0840983

-0.00836974 -0.000264913 -0.00853362
-0.000264913 -0.0137789 0.000722882
-0.00853362 0.000722882 0.0206929

0.0227719 0.000121938 0.0285519
0.000121938 0.0430487 0.00699458
0.0285519 0.00699458 -0.08446

-0.0227037 -0.00172988 -0.00437512
-0.00172988 -0.0310878 -0.00560361
-0.00437512 -0.00560361 0.00317976

-0.00736079 -0.00362902 0.0186254
-0.00362902 0.00189285 -0.000347364
0.0186254 -0.000347364 -0.0124398

-0.020247 0.00189353 -0.00798619
0.00189353 -0.0180124 -0.00172763
-0.00798619 -0.00172763 0.0492416

0.00292206 -0.0010645 -0.0106156
-0.0010645 0.00650549 -0.00272395
-0.0106156 -0.00272395 0.0753611

0.00293003 0.00448179 0.0115553
0.00448179 -0.00117167 0.0134858
0.0115553 0.0134858 0.0693627

-0.0255174 0.000298103 0.0039955
0.000298103 -0.00835025 -0.00125902
0.0039955 -0.00125902 0.0850181

0.0163199 -0.00190366 0.024377
-0.00190366 0.0401893 0.00558305
0.024377 0.00558305 -0.0825566

-0.0234797 -0.00392093 -0.0138338
-0.00392093 -0.0288283 -0.00457333
-0.0138338 -0.00457333 0.00857773

-0.020897 0.00545874 -0.000937317
0.00545874 -0.00673687 0.00349099
-0.000937317 0.00349099 0.0608577

-0.0804142 -0.00544681 -0.000622475
-0.00544681 -0.059604 -0.00298071
-0.000622475 -0.00298071 -0.0329141

0.0259667 -0.0119128 -0.0114775
-0.0119128 0.00557967 -0.0266265
-0.0114775 -0.0266265 -0.0708127

0.0595695 0.00190047 0.0135904
0.00190047 0.0577635 0.0147319
0.0135904 0.0147319 -0.354199

-0.00488676 0.00597539 0.0276846
0.00597539 0.00248189 0.00950166
0.0276846 0.00950166 -0.110503

-0.0132543 0.00540805 -0.0266433
0.00540805 0.00473369 -0.00325947
-0.0266433 -0.00325947 -0.027772

-1.11658 0.000156926 0.087662
0.000156926 -1.11676 0.0509345
0.087662 0.0509345 -0.994175

0.00980493 0.00301691 0.0125356
0.00301691 0.00650019 0.0108137
0.0125356 0.0108137 -0.443694

0.0156705 0.00151905 0.00770602
0.00151905 -0.00815955 -0.0302303
0.00770602 -0.0302303 -0.0825784

-0.006122 0.00424149 0.0254191
0.00424149 0.00630042 0.00522106
0.0254191 0.00522106 -0.102886

-0.044399 -0.000972467 0.00147255
-0.000972467 -0.0320797 -0.00773843
0.00147255 -0.00773843 0.0540822

-0.0126565 0.00420459 -0.00523872
0.00420459 -0.00904448 0.00206381
-0.00523872 0.00206381 0.0594011

-0.031861 -0.0130741 0.0481215
-0.0130741 -0.0726722 -0.034663
0.0481215 -0.034663 -0.487026

-0.0124371 0.00804941 0.011114
0.00804941 -0.0183436 0.00896566
0.011114 0.00896566 -0.000205662

-1.11658 0.000156926 0.087662
0.000156926 -1.11676 0.0509345
0.087662 0.0509345 -0.994175

-0.0211741 0.00321363 -0.029282
0.00321363 0.014762 -0.0179832
-0.029282 -0.0179832 -0.226103

0.0590964 -0.00578734 0.00149405
-0.00578734 0.0210004 -0.0109554
0.00149405 -0.0109554 0.00507126

0.0150753 -0.00210895 0.00672356
-0.00210895 0.00852909 0.0124769
0.00672356 0.0124769 -0.032076

-0.00340773 0.00247839 -0.0332069
0.00247839 0.0207794 0.0139652
-0.0332069 0.0139652 -0.324967

-0.0181553 0.00376941 0.0150012
0.00376941 -0.0148177 0.0100297
0.0150012 0.0100297 -0.0530058

-0.0243009 -0.00318485 0.00889331
-0.00318485 -0.00560897 0.000305641
0.00889331 0.000305641 0.0605356

-0.00822946 0.00678112 0.00881581
0.00678112 -0.0158827 -0.000575512
0.00881581 -0.000575512 0.0522732

0.11366 0.0126875 -0.00244807
0.0126875 0.103973 -0.0117872
-0.00244807 -0.0117872 -0.23911

-0.0460684 -0.0114131 -0.00455232
-0.0114131 -0.0663387 -0.0110494
-0.00455232 -0.0110494 0.0268599

-0.0244201 -0.00138446 -0.00310394
-0.00138446 -0.026807 -0.00438625
-0.00310394 -0.00438625 0.00408483

-0.0278613 0.00456573 0.00191757
0.00456573 -0.0363997 -0.00186894
0.00191757 -0.00186894 0.0618303

-0.0105988 0.00550224 -0.0202213
0.00550224 0.0212156 -0.0129499
-0.0202213 -0.0129499 -0.0799176

-0.0414017 -0.000626727 0.00176177
-0.000626727 -0.0439036 -0.0075566
0.00176177 -0.0075566 0.0507768

-0.309844 -0.0300594 -0.0544597
-0.0300594 -0.426253 0.0332918
-0.0544597 0.0332918 -0.776797

-0.0587537 0.00028271 0.00174275
0.00028271 -0.0574677 -0.00890201
0.00174275 -0.00890201 0.038999

-0.97129 -0.107445 -0.320061
-0.107445 -0.69891 -0.0916961
-0.320061 -0.0916961 -0.905958

-0.42594 0.0158138 -0.0852743
0.0158138 -0.488344 -0.00332662
-0.0852743 -0.00332662 -0.887559

-0.189227 -0.0488021 -0.0556569
-0.0488021 -0.194401 -0.0367697
-0.0556569 -0.0367697 -0.682944

-0.701872 -0.151988 -0.326571
-0.151988 -0.634613 -0.132729
-0.326571 -0.132729 -0.78262

-1.22388 -0.000237493 -0.408399
-0.000237493 -1.22974 0.0165383
-0.408399 0.0165383 -1.18282

-1.33668 0.00185492 -0.238494
0.00185492 -1.33696 -0.221093
-0.238494 -0.221093 -1.36634

-1.24926 0.00156359 -0.324904
0.00156359 -1.25231 -0.136852
-0.324904 -0.136852 -1.22218

-0.0353886 -0.00641963 -0.0136376
-0.00641963 0.00997087 -0.0212843
-0.0136376 -0.0212843 -0.606244

0.0679886 0.0552274 -0.0496811
0.0552274 0.0189273 -0.00882011
-0.0496811 -0.00882011 -0.569639

-0.0461297 -0.000550612 0.00354852
-0.000550612 -0.0430642 -0.00458697
0.00354852 -0.00458697 0.0638613

-1.11658 0.000156926 0.087662
0.000156926 -1.11676 0.0509345
0.087662 0.0509345 -0.994175

-0.41587 -0.0598812 0.12185
-0.0598812 -0.71333 0.0256861
0.12185 0.0256861 -0.608612

-0.146382 0.0125358 -0.0634019
0.0125358 -0.160009 -0.00723215
-0.0634019 -0.00723215 -0.422251

0.0214243 -0.0358973 -0.0481562
-0.0358973 0.0284807 -0.0345208
-0.0481562 -0.0345208 -0.293127

-1.22388 -0.000237493 -0.408399
-0.000237493 -1.22974 0.0165383
-0.408399 0.0165383 -1.18282

-0.654378 0.141984 -0.309384
0.141984 -0.606998 0.164217
-0.309384 0.164217 -0.689212

-0.120573 0.051143 -0.0795795
0.051143 -0.190142 0.0837978
-0.0795795 0.0837978 -0.724526

-0.426602 -0.016086 -0.137384
-0.016086 -0.441992 0.0333175
-0.137384 0.0333175 -0.94393

-0.759407 0.0812258 -0.309666
0.0812258 -0.407723 0.048096
-0.309666 0.048096 -0.647917

-1.39031 -0.00237517 -0.251336
-0.00237517 -1.39 0.268578
-0.251336 0.268578 -1.4566

-1.17959 -0.00175703 -0.323527
-0.00175703 -1.18243 0.154482
-0.323527 0.154482 -1.10497

-1.39031 -0.00237517 -0.251336
-0.00237517 -1.39 0.268578
-0.251336 0.268578 -1.4566

-0.00405825 -0.00104187 0.000545877
-0.00104187 -0.0070088 -0.0111637
0.000545877 -0.0111637 0.0626422

-0.0130639 0.00301113 0.0037049
0.00301113 -0.0178757 0.00880363
0.0037049 0.00880363 0.0575879

-0.14379 -0.0817981 -0.0737049
-0.0817981 -0.0740494 0.122058
-0.0737049 0.122058 -0.650959

-0.156811 -0.0567942 -0.0701936
-0.0567942 0.0781791 0.12361
-0.0701936 0.12361 -0.598379

-0.1311 -0.00847128 -0.0153685
-0.00847128 -0.139714 -0.0103671
-0.0153685 -0.0103671 -0.399414

-0.0486823 0.0209176 -0.00176664
0.0209176 -0.0145004 0.000956801
-0.00176664 0.000956801 -0.322431

0.0073389 0.00409061 -0.0124733
0.00409061 -0.0247273 0.0343331
-0.0124733 0.0343331 -0.472902

-0.0360844 -0.0474481 0.0332084
-0.0474481 -0.00280268 0.0181715
0.0332084 0.0181715 -0.469784

-0.0443371 -0.0227257 0.0451738
-0.0227257 -0.0820297 0.0102342
0.0451738 0.0102342 -0.560003

-0.0166531 -0.0231581 0.0336104
-0.0231581 -0.0753645 0.0155291
0.0336104 0.0155291 -0.564242

-0.120868 -0.00870699 0.0866304
-0.00870699 -0.172641 -0.0824741
0.0866304 -0.0824741 -0.381767

0.00516621 0.0118514 0.0622194
0.0118514 -0.0380644 -0.0149075
0.0622194 -0.0149075 -0.510158

-0.000191784 0.000632561 0.0159806
0.000632561 0.00434915 -0.00430309
0.0159806 -0.00430309 0.0629255

0.0710625 -0.0138191 0.0770335
-0.0138191 0.0144857 -0.0168115
0.0770335 -0.0168115 -0.49806

-0.00915455 0.00433188 0.00481264
0.00433188 -0.0218726 0.0078406
0.00481264 0.0078406 0.0426787

-0.00581245 0.00158994 0.0525422
0.00158994 -0.0172123 -0.043129
0.0525422 -0.043129 -0.454852

0.00572087 0.000487551 0.0346069
0.000487551 -0.0176745 -0.0536648
0.0346069 -0.0536648 -0.453066

-0.0796528 0.0104871 -0.00931891
0.0104871 -0.0698247 0.0397532
-0.00931891 0.0397532 -0.101229

0.0124254 -0.0146918 0.0340307
-0.0146918 0.0215841 0.0556599
0.0340307 0.0556599 -0.451281

0.102259 0.00764002 -0.00227332
0.00764002 0.0762603 0.0117074
-0.00227332 0.0117074 -0.241192

-0.0322798 -0.0295279 0.0366597
-0.0295279 -0.0188252 0.0342947
0.0366597 0.0342947 -0.470396

-0.0700658 -0.016824 -0.00867193
-0.016824 -0.0532558 0.0856273
-0.00867193 0.0856273 -0.486279

0.00126201 -0.0366934 0.0483113
-0.0366934 -0.0194741 0.0676086
0.0483113 0.0676086 -0.398079

0.00197941 -0.0166113 0.0417674
-0.0166113 -0.0116624 0.0527908
0.0417674 0.0527908 -0.375106

0.0321864 -0.00482141 -0.0462991
-0.00482141 0.0527097 0.0249738
-0.0462991 0.0249738 -0.295

0.0128861 -0.00640169 0.00199201
-0.00640169 0.0127841 -0.00876497
0.00199201 -0.00876497 0.0949129

-0.730486 0.186609 0.158276
0.186609 -0.264437 -0.0464605
0.158276 -0.0464605 -0.639704

0.0236146 -0.000655113 0.0299706
-0.000655113 0.0662963 -0.0420416
0.0299706 -0.0420416 -0.392423

0.042188 0.00572771 0.0418015
0.00572771 0.0285995 -0.0224482
0.0418015 -0.0224482 -0.446097

0.00559809 -0.00180752 -0.00214606
-0.00180752 0.000453702 -0.00673979
-0.00214606 -0.00673979 0.0886074

0.0384114 -0.0153872 -0.00675516
-0.0153872 -0.00830615 -0.0206089
-0.00675516 -0.0206089 -0.0220248

0.0111307 -0.000303929 -0.00657916
-0.000303929 0.00269513 -0.00995132
-0.00657916 -0.00995132 0.0995818

0.0280904 -0.0243503 0.0428506
-0.0243503 0.0326863 0.0536138
0.0428506 0.0536138 -0.299233

0.0119227 -0.0150893 0.0397365
-0.0150893 0.00468354 0.0652814
0.0397365 0.0652814 -0.36172

0.0362158 -0.00643536 -0.0631519
-0.00643536 0.0558169 0.0169232
-0.0631519 0.0169232 -0.285289

0.00756771 -0.00111363 -0.010843
-0.00111363 0.0116212 -0.00239899
-0.010843 -0.00239899 0.0806455

-0.0127147 0.00909248 -0.0151263
0.00909248 -0.000691049 -0.000550059
-0.0151263 -0.000550059 -0.0712558

0.00676337 -0.00296304 -0.00152787
-0.00296304 0.000368102 -0.0069342
-0.00152787 -0.0069342 0.090061

-0.0177554 0.00971104 0.0444541
0.00971104 0.0172157 -0.0333788
0.0444541 -0.0333788 -0.295255

0.00734883 0.0102011 0.0454314
0.0102011 0.042038 -0.0288343
0.0454314 -0.0288343 -0.252611

-0.0075242 0.013807 0.0348262
0.013807 0.0168939 -0.0484127
0.0348262 -0.0484127 -0.292789

-0.0302344 -0.00861115 -0.000466658
-0.00861115 -0.0131828 0.00891011
-0.000466658 0.00891011 0.0126573

-0.271755 -0.0162917 -0.0567229
-0.0162917 -0.196316 -0.0216712
-0.0567229 -0.0216712 -0.649134

0.01429 -0.00168384 0.0328469
-0.00168384 0.0591845 0.0250795
0.0328469 0.0250795 -0.223957

0.00637432 -0.00195272 -0.00220466
-0.00195272 0.00157862 -0.00651692
-0.00220466 -0.00651692 0.0894613

-0.0181145 -0.0110178 0.00945966
-0.0110178 -0.00815655 0.0262357
0.00945966 0.0262357 -0.233116

-0.0200241 -0.00824094 0.015848
-0.00824094 -0.0116206 0.0241911
0.015848 0.0241911 -0.233369

0.0018929 -0.0016864 0.0315484
-0.0016864 -0.0267309 0.0453523
0.0315484 0.0453523 -0.312458

0.00552327 -0.00743921 0.0118157
-0.00743921 -0.0156532 0.0544771
0.0118157 0.0544771 -0.307289

0.0200597 -0.0031456 0.0131096
-0.0031456 -0.0096209 0.0253308
0.0131096 0.0253308 -0.156297

0.00609239 0.00134471 0.0111217
0.00134471 -0.00776206 0.0207135
0.0111217 0.0207135 -0.199646

0.063988 -0.00161715 -0.00652048
-0.00161715 0.069533 -0.0792483
-0.00652048 -0.0792483 -0.322696

0.0157882 -0.00563455 -0.0292123
-0.00563455 0.0640389 -0.0101092
-0.0292123 -0.0101092 -0.254086

0.017076 0.0141852 0.0356149
0.0141852 0.0408957 -0.0441632
0.0356149 -0.0441632 -0.25067

0.0216291 0.0132296 0.0310025
0.0132296 0.00940121 -0.0339566
0.0310025 -0.0339566 -0.22487

0.026721 0.00678574 0.00579367
0.00678574 -0.0281644 -0.0235672
0.00579367 -0.0235672 -0.0350694

-0.00153966 -0.00193964 -0.000748426
-0.00193964 -0.00739616 -0.00715473
-0.000748426 -0.00715473 0.0728491

0.0300307 0.0156216 0.0322056
0.0156216 0.0198802 -0.0326977
0.0322056 -0.0326977 -0.217756

-0.0465459 0.00765491 0.000252325
0.00765491 -0.0365841 0.0152028
0.000252325 0.0152028 0.0328554

0.025505 -0.000438147 0.00857043
-0.000438147 0.0107612 0.0139741
0.00857043 0.0139741 -0.0399597

0.0414098 -0.0139861 -0.0138619
-0.0139861 0.048717 0.0416344
-0.0138619 0.0416344 -0.204103

-0.00621084 -0.00158751 0.0178466
-0.00158751 0.00655212 0.0193457
0.0178466 0.0193457 -0.159535

0.0137706 -0.00970984 0.0268492
-0.00970984 0.0443987 0.00284751
0.0268492 0.00284751 -0.15377

0.00244214 -0.0153853 0.0118851
-0.0153853 -0.0301055 0.077077
0.0118851 0.077077 -0.406815

-0.0113349 -0.00402634 0.0104396
-0.00402634 -0.0271976 0.0922774
0.0104396 0.0922774 -0.4614

0.00557645 -0.00538775 0.0175709
-0.00538775 -0.00666899 0.0646918
0.0175709 0.0646918 -0.438009

-0.00980916 0.008708 0.0157196
0.008708 0.0122368 -0.0112631
0.0157196 -0.0112631 -0.161361

-0.241223 -0.0202045 -0.00520249
-0.0202045 -0.25038 0.023859
-0.00520249 0.023859 -0.643322

0.0509951 0.0135319 0.0248841
0.0135319 0.0420794 -0.012381
0.0248841 -0.012381 -0.187726

0.0432084 0.0114365 0.0237954
0.0114365 0.0334993 -0.01352
0.0237954 -0.01352 -0.193893

0.0245734 -0.0100711 0.021
-0.0100711 0.0420908 0.0223203
0.021 0.0223203 -0.0818115

0.0293026 -0.0144603 0.0232132
-0.0144603 0.0363982 0.0173735
0.0232132 0.0173735 -0.0822609

0.000753323 -0.000235225 -0.000890369
-0.000235225 -0.00256768 -0.00737013
-0.000890369 -0.00737013 0.0755568

0.0366919 -0.00556184 -0.00793444
-0.00556184 0.0298172 -0.014279
-0.00793444 -0.014279 -0.0659137

0.00835477 -0.0150273 0.018079
-0.0150273 -0.00865138 0.0652765
0.018079 0.0652765 -0.401326

0.00804019 -0.00147379 0.016464
-0.00147379 -0.0120863 0.0218035
0.016464 0.0218035 -0.161721

-0.0480335 0.00899202 -0.033851
0.00899202 -0.0581815 0.00443148
-0.033851 0.00443148 -0.520456

-0.0593535 0.0134585 -0.0382474
0.0134585 -0.0794386 0.011996
-0.0382474 0.011996 -0.556855

-0.00381439 0.00846667 0.0268615
0.00846667 0.0262345 -0.0067241
0.0268615 -0.0067241 -0.131751

0.0118899 0.0114723 0.026591
0.0114723 0.0380474 -0.0068871
0.026591 -0.0068871 -0.121519

-0.00973171 0.00611319 0.0231166
0.00611319 0.00405469 -0.0116547
0.0231166 -0.0116547 -0.112054

0.026103 0.00168362 0.0208303
0.00168362 0.0254557 -0.023966
0.0208303 -0.023966 -0.190184

0.00949567 0.0111002 0.0228716
0.0111002 0.0222413 -0.0117602
0.0228716 -0.0117602 -0.0979756

0.0477521 0.0100126 0.0191014
0.0100126 0.0681969 -0.0289027
0.0191014 -0.0289027 -0.0348713

0.0703539 -0.00114311 0.0377855
-0.00114311 0.0536853 -0.0199779
0.0377855 -0.0199779 -0.129316

0.013891 0.000152318 0.00162846
0.000152318 0.0017144 0.0136603
0.00162846 0.0136603 -0.0499401

0.00731123 -0.0158022 0.0173965
-0.0158022 0.00805934 0.0126391
0.0173965 0.0126391 -0.0574958

0.015463 -0.00198123 0.0478534
-0.00198123 0.00788527 0.0116234
0.0478534 0.0116234 -0.490813

-0.0386435 -0.0062986 -0.00513276
-0.0062986 -0.0446718 -0.00316256
-0.00513276 -0.00316256 0.0378631

-0.0231114 -0.00607889 0.0012947
-0.00607889 -0.012479 0.00322705
0.0012947 0.00322705 0.017642

0.0058548 -0.00175175 0.0224976
-0.00175175 0.0254659 0.00553441
0.0224976 0.00553441 -0.0618814

-0.0312782 -0.00541583 -0.00357393
-0.00541583 -0.0293819 -0.000515835
-0.00357393 -0.000515835 0.0446284

-0.00458089 0.00399141 0.0120093
0.00399141 0.00173667 0.0166496
0.0120093 0.0166496 -0.0653768

0.00793043 0.0034274 0.022547
0.0034274 0.0286494 0.00938773
0.022547 0.00938773 -0.0598879

-0.0216625 -0.0054742 0.00150222
-0.0054742 -0.00963391 0.00337581
0.00150222 0.00337581 0.0192234

0.0131767 -0.0118875 -0.0318734
-0.0118875 0.0294283 -0.017973
-0.0318734 -0.017973 -0.250024

0.0620794 -0.0105736 0.0190237
-0.0105736 0.0229918 -0.0779103
0.0190237 -0.0779103 -0.199977

-0.0349212 0.0200057 -0.0413917
0.0200057 -0.0395051 0.00576089
-0.0413917 0.00576089 -0.53874

-0.00229426 0.00300517 0.0187673
0.00300517 0.00200045 -0.00726145
0.0187673 -0.00726145 -0.0742762

-0.0315228 -0.00904589 0.00929491
-0.00904589 -0.0262782 -0.0137345
0.00929491 -0.0137345 0.0334059

-0.0383996 -0.0113641 0.00713764
-0.0113641 -0.0283752 -0.0145574
0.00713764 -0.0145574 0.0281967

-0.00697883 -0.0101532 0.0140397
-0.0101532 -0.0092849 0.0138706
0.0140397 0.0138706 -0.0464977

-0.00503206 0.00741758 0.00839531
0.00741758 -0.00860483 0.0108721
0.00839531 0.0108721 -0.0399062

-0.0133505 0.00105615 -0.0100666
0.00105615 -0.0133587 -0.00254807
-0.0100666 -0.00254807 0.0663415

-0.00032327 0.00397119 0.00967738
0.00397119 -0.00693477 0.0069313
0.00967738 0.0069313 -0.0375588

0.00467419 -0.000879654 0.0196346
-0.000879654 0.00760955 0.00551429
0.0196346 0.00551429 -0.0471594

-0.00407047 -0.00674034 0.0184216
-0.00674034 -0.0146281 -0.0100084
0.0184216 -0.0100084 -0.0285081

-0.000583993 -0.00575846 0.0194397
-0.00575846 -0.00781188 -0.00872645
0.0194397 -0.00872645 -0.0245946

-0.00458686 -0.00633253 0.0037106
-0.00633253 0.00334287 -0.0042257
0.0037106 -0.0042257 0.0607478

0.050195 0.002936 -0.00314343
0.002936 0.0296164 -0.0216766
-0.00314343 -0.0216766 -0.194363

0.0584425 -0.000262128 -0.00141275
-0.000262128 0.0177492 -0.0105623
-0.00141275 -0.0105623 0.00371643

-0.00349997 0.00534384 0.00283374
0.00534384 -0.00430406 0.00497247
0.00283374 0.00497247 -0.0270605

0.00063304 0.00142869 0.00403183
0.00142869 -0.00497288 0.00145293
0.00403183 0.00145293 -0.0257034

-0.00715972 0.0232404 -0.0243107
0.0232404 -0.00913399 0.0105752
-0.0243107 0.0105752 -0.488879

-0.0352119 0.00123695 -0.0451143
0.00123695 -0.00548544 0.00496395
-0.0451143 0.00496395 -0.368858

-0.0133106 0.00265751 0.00806921
0.00265751 -0.00266346 -0.00479826
0.00806921 -0.00479826 -0.0290896

0.0105332 -0.00251355 -0.0627663
-0.00251355 0.0415679 -0.0324153
-0.0627663 -0.0324153 -0.305576

0.0279174 0.00238209 -0.00648241
0.00238209 0.00475005 -0.0405707
-0.00648241 -0.0405707 -0.229102

-0.00376951 -0.00663505 0.00302947
-0.00663505 -0.0124745 -0.0119601
0.00302947 -0.0119601 -0.023257

-0.0365198 0.0160827 0.0410316
0.0160827 -0.00596471 0.0249464
0.0410316 0.0249464 -0.110135

-0.0155249 -0.000911269 -0.00940312
-0.000911269 -0.0153206 0.0035225
-0.00940312 0.0035225 0.0415261

0.0201391 -0.00651331 -0.00223594
-0.00651331 0.01798 -0.0517354
-0.00223594 -0.0517354 -0.274501

0.0163269 -0.000248453 0.000375695
-0.000248453 0.00396149 0.00889526
0.000375695 0.00889526 0.0908983

0.000813272 -0.00535752 0.00402693
-0.00535752 -0.00492785 -0.0107339
0.00402693 -0.0107339 -0.0187216

-0.0270096 -0.00840122 0.00706972
-0.00840122 -0.0142299 -0.0132062
0.00706972 -0.0132062 0.00319452

-0.0127408 -0.00747833 0.00938244
-0.00747833 -0.00088086 -0.0149774
0.00938244 -0.0149774 -0.00582438

-0.0261983 -0.0111003 0.00708658
-0.0111003 -0.0137551 -0.0180148
0.00708658 -0.0180148 -0.0155842

-0.0223226 -0.010049 0.0104698
-0.010049 -0.00393006 -0.00635021
0.0104698 -0.00635021 -0.0291852

-0.0280134 -0.00736915 0.0104889
-0.00736915 -0.0282203 -0.0137791
0.0104889 -0.0137791 -0.00272289

-0.0250452 -0.00520622 0.00922747
-0.00520622 -0.028322 -0.0144778
0.00922747 -0.0144778 -0.0100031

0.010539 -0.00295794 -0.053341
-0.00295794 0.0469965 0.00958705
-0.053341 0.00958705 -0.309295

0.154803 0.00952702 -0.00665964
0.00952702 0.105966 0.0122295
-0.00665964 0.0122295 -0.210008

-0.0196872 0.00344725 0.000129653
0.00344725 -0.0176889 0.00424412
0.000129653 0.00424412 -0.0110679

-0.0139022 0.00443435 0.00199921
0.00443435 -0.0157011 0.00360365
0.00199921 0.00360365 -0.00841802

-0.012647 0.0024303 0.00730077
0.0024303 -0.0366892 -0.00535796
0.00730077 -0.00535796 0.00875843

-0.0135628 0.000152797 0.00545243
0.000152797 -0.0348872 -0.0121771
0.00545243 -0.0121771 0.00963022

-0.00423566 -0.00120868 -0.0110325
-0.00120868 -0.000519478 0.0103155
-0.0110325 0.0103155 0.0727051

-0.0364678 -0.00743972 0.00155761
-0.00743972 -0.0212323 -0.0128132
0.00155761 -0.0128132 -0.00597388

-0.0372518 -0.00647075 0.00839212
-0.00647075 -0.0413314 -0.0182463
0.00839212 -0.0182463 -0.0162502

-0.0464448 -0.00890035 -0.00492864
-0.00890035 -0.0229688 -0.00482052
-0.00492864 -0.00482052 -0.00129163

-0.0238398 0.00692741 -0.000646127
0.00692741 -0.0242883 0.00195524
-0.000646127 0.00195524 0.0150269

0.0551387 0.0135296 0.0464389
0.0135296 0.0625878 -0.0438149
0.0464389 -0.0438149 -0.401954

-0.0249743 0.0153498 -0.000889211
0.0153498 -0.00869078 0.0140315
-0.000889211 0.0140315 -0.0116393

0.00908501 -0.00194405 0.00373426
-0.00194405 -0.00111833 0.0137703
0.00373426 0.0137703 0.0844927

0.000730676 0.00662853 0.00399568
0.00662853 -0.0221223 -0.00876414
0.00399568 -0.00876414 0.0434599

-0.0152542 0.00341233 0.00883804
0.00341233 -0.0362445 -0.00761213
0.00883804 -0.00761213 0.0103141

-0.00266159 -0.000831716 -0.00924222
-0.000831716 0.00175042 0.000691079
-0.00924222 0.000691079 0.075263

0.012937 -0.000537379 -0.00324891
-0.000537379 0.0078767 -0.00134939
-0.00324891 -0.00134939 0.0786806

-0.0168224 0.00152322 0.00701158
0.00152322 -0.0364917 -0.0141742
0.00701158 -0.0141742 0.0104689

-0.0161505 -0.00738436 0.000338635
-0.00738436 -0.0210919 -0.00654618
0.000338635 -0.00654618 0.0110327

-0.0197098 -0.00761304 0.00580642
-0.00761304 -0.0195603 -0.00419013
0.00580642 -0.00419013 0.0172778

-0.0133835 -0.00511987 -0.000611515
-0.00511987 -0.0181979 -0.0119237
-0.000611515 -0.0119237 0.0125145

-0.0262895 -0.0107491 -0.000477882
-0.0107491 -0.0210156 -0.00731875
-0.000477882 -0.00731875 0.0210926

-0.0171865 -0.0110776 -0.00487158
-0.0110776 0.0120937 0.00546424
-0.00487158 0.00546424 0.0421549

-0.0246754 -0.00843361 -0.00307665
-0.00843361 -0.000907916 -0.00826434
-0.00307665 -0.00826434 0.0371958

-0.0349167 -0.00502299 0.00989359
-0.00502299 -0.015139 0.0302327
0.00989359 0.0302327 -0.0412515

0.0100937 0.00187716 0.00755977
0.00187716 0.00220911 0.0212995
0.00755977 0.0212995 0.0877857

-0.113481 0.00536186 -0.0336417
0.00536186 -0.0999579 -0.0424213
-0.0336417 -0.0424213 -0.568697

0.0095816 0.000835365 -0.00483637
0.000835365 0.00358761 0.00797791
-0.00483637 0.00797791 0.0754838

-0.0962381 -0.00703394 -0.00140185
-0.00703394 -0.113818 -0.0178552
-0.00140185 -0.0178552 -0.519872

-0.000203836 0.000548701 0.0159163
0.000548701 0.0043619 -0.00432478
0.0159163 -0.00432478 0.0627016

-0.0704456 -0.0187349 -0.00556184
-0.0187349 -0.0709204 -0.0154137
-0.00556184 -0.0154137 -0.494605

-0.053408 0.00375313 -0.0341782
0.00375313 -0.00221332 -0.0301246
-0.0341782 -0.0301246 -0.503619

-0.0105982 -0.00523228 0.0043563
-0.00523228 -0.011795 -0.00589843
0.0043563 -0.00589843 0.039051

0.00312365 -0.000121091 0.0074935
-0.000121091 -0.00299925 0.0146756
0.0074935 0.0146756 0.082162

0.00114215 0.00323968 -0.000475449
0.00323968 -0.00213368 0.0141665
-0.000475449 0.0141665 0.0712163

0.00569583 0.00564618 0.00273006
0.00564618 0.000797502 0.014566
0.00273006 0.014566 0.0701419

-0.0152077 -0.00427498 0.00503783
-0.00427498 -0.0146208 -0.00915709
0.00503783 -0.00915709 0.0200606

-0.0191648 -0.00903082 -0.00294378
-0.00903082 -0.0114271 -0.00745384
-0.00294378 -0.00745384 0.0319885

-0.0444139 -0.0140998 -0.00584339
-0.0140998 -0.0270383 -0.00676717
-0.00584339 -0.00676717 -0.000806263

-0.0265358 -0.0101956 -0.00634452
-0.0101956 -0.015325 0.000823486
-0.00634452 0.000823486 0.0413178

-0.0106718 -0.00639597 0.00246886
-0.00639597 -0.0039932 -0.00503511
0.00246886 -0.00503511 0.0368307

-0.00806027 0.00325876 0.00249269
0.00325876 -0.000880932 0.0133309
0.00249269 0.0133309 0.0637649

-0.00686672 0.00208602 0.00659783
0.00208602 -0.00241864 0.00529174
0.00659783 0.00529174 0.0636038

-0.0215783 0.00262033 0.00595411
0.00262033 -0.0203047 0.0100527
0.00595411 0.0100527 0.0411722

-0.00256743 0.00920006 -3.72426e-05
0.00920006 0.00100213 0.0109128
-3.72426e-05 0.0109128 0.0902034

0.00518167 0.0104614 0.00270656
0.0104614 -0.00192524 0.00875417
0.00270656 0.00875417 0.0916263

0.0105304 -0.00217202 0.00356873
-0.00217202 0.00235313 0.000544095
0.00356873 0.000544095 0.0624512

-8.15921e-05 -0.00257932 0.00667768
-0.00257932 -0.00330966 0.00180532
0.00667768 0.00180532 0.0561268

-0.00735121 0.00106566 0.00817605
0.00106566 -0.00930235 9.69806e-05
0.00817605 9.69806e-05 0.0476876

0.00696665 0.000236997 0.0143624
0.000236997 0.00256506 -0.00216843
0.0143624 -0.00216843 0.0644647

-0.00826159 -0.00181333 0.00820811
-0.00181333 -0.00844814 0.00153801
0.00820811 0.00153801 0.0479272

0.00512357 -0.0051392 0.00836121
-0.0051392 0.00573902 0.00101923
0.00836121 0.00101923 0.059271

-0.00667882 -0.00882323 0.00247702
-0.00882323 -0.00477387 -0.0015773
0.00247702 -0.0015773 0.0522669

0.0619598 -0.0077421 0.0513239
-0.0077421 0.0599046 0.0142437
0.0513239 0.0142437 -0.183188

0.0101214 0.00255543 0.0163427
0.00255543 0.0156291 0.0135457
0.0163427 0.0135457 0.0852151

0.00597375 0.00361228 0.0129452
0.00361228 -0.0033324 0.0188391
0.0129452 0.0188391 0.0848546

0.00655952 0.00321424 0.00998635
0.00321424 0.000576437 0.0230241
0.00998635 0.0230241 0.0849453

0.00207995 0.00303797 0.0151032
0.00303797 0.0025702 0.00715136
0.0151032 0.00715136 0.0673543

-0.0093091 0.00309506 0.0108322
0.00309506 -0.00280969 0.00904962
0.0108322 0.00904962 0.0581004

-0.0096282 0.0128702 0.00149373
0.0128702 -0.00334915 0.0073316
0.00149373 0.0073316 0.0693795

-0.00579417 0.00114489 0.0156769
0.00114489 -0.00238847 0.00646927
0.0156769 0.00646927 0.0592727

0.00119761 0.00206431 0.0143996
0.00206431 -0.00532841 -0.00102939
0.0143996 -0.00102939 0.061216

0.00517127 0.000594901 0.0144444
0.000594901 0.00124172 -0.00221306
0.0144444 -0.00221306 0.0633978

0.00618221 -0.0031891 0.0143117
-0.0031891 0.00417974 -0.000977867
0.0143117 -0.000977867 0.0649889

0.0075459 -0.00593615 0.0186622
-0.00593615 0.00356986 -0.00394701
0.0186622 -0.00394701 0.069186

-0.0080588 -0.00487705 0.00937236
-0.00487705 -0.00745502 -0.00439197
0.00937236 -0.00439197 0.055757

0.00122032 -0.00500381 0.0119639
-0.00500381 -0.000580597 -0.00359472
0.0119639 -0.00359472 0.0703651

0.00198698 -0.00255465 0.0133054
-0.00255465 0.000567313 -0.00766261
0.0133054 -0.00766261 0.0670015

-0.00253224 -0.00649501 0.0126643
-0.00649501 -0.00804602 -0.00393516
0.0126643 -0.00393516 0.0679323

0.0028617 0.000531931 0.0150562
0.000531931 0.00168111 0.0111216
0.0150562 0.0111216 0.064435

0.00338913 -0.000616672 0.0173458
-0.000616672 -0.00766841 0.00732836
0.0173458 0.00732836 0.0608701

-0.00164853 -0.0011201 0.0173588
-0.0011201 -0.00149157 0.00289054
0.0173588 0.00289054 0.0619301

0.00321397 0.00121317 0.0147443
0.00121317 0.0060796 0.0129467
0.0147443 0.0129467 0.074428

-0.0011204 0.0133259 0.00325056
0.0133259 -0.0036265 0.00592634
0.00325056 0.00592634 0.0722502

-0.00617998 0.00154052 0.00302635
0.00154052 0.00070559 0.00805556
0.00302635 0.00805556 0.0663053

0.00688194 -0.00326191 0.0145254
-0.00326191 0.00136306 -0.00553664
0.0145254 -0.00553664 0.0646114

0.00682703 -0.00456986 0.0140169
-0.00456986 -0.00325182 -0.00642818
0.0140169 -0.00642818 0.0723576

0.0187041 0.00509539 0.00661125
0.00509539 0.0101012 0.0199637
0.00661125 0.0199637 0.0945202

0.0054194 -0.00315654 0.013242
-0.00315654 0.00417998 -0.00618395
0.013242 -0.00618395 0.0791379

0.00864245 -0.00197824 0.0110124
-0.00197824 0.00919364 -0.0120843
0.0110124 -0.0120843 0.0807831

0.00194285 -0.00175263 0.0136064
-0.00175263 -0.00718365 0.0169299
0.0136064 0.0169299 0.0757955

-0.000639562 -0.000632375 0.0100081
-0.000632375 -0.0101135 0.0185563
0.0100081 0.0185563 0.0738032

-0.00435251 0.000318728 0.00542509
0.000318728 -0.00472627 0.00423557
0.00542509 0.00423557 0.0541132

0.00810589 0.000161668 0.00759728
0.000161668 -0.00259685 0.0023108
0.00759728 0.0023108 0.0589526

0.00678122 0.00207121 0.00935025
0.00207121 0.00154045 0.00470423
0.00935025 0.00470423 0.0681704

-0.0221771 -0.00120732 -0.00315834
-0.00120732 -0.0112625 -0.00191223
-0.00315834 -0.00191223 0.03606

0.0304469 0.000767117 0.0286801
0.000767117 0.0249321 -0.0342673
0.0286801 -0.0342673 -0.38513

0.00635435 0.000153632 0.00411329
0.000153632 -0.00023014 0.011865
0.00411329 0.011865 0.0744005

0.00932621 -0.00539332 -0.00162231
-0.00539332 0.00289637 -0.00811118
-0.00162231 -0.00811118 0.0679115

-0.00314217 -0.0037038 0.00750969
-0.0037038 -0.011024 -0.00345172
0.00750969 -0.00345172 0.0623695

0.00914081 -0.00602719 -0.00200053
-0.00602719 0.00111838 -0.00759846
-0.00200053 -0.00759846 0.0693749

-0.00717569 -0.00597957 0.00836495
-0.00597957 -0.0142352 -0.00417151
0.00836495 -0.00417151 0.0628048

0.0455812 0.00185118 0.0318503
0.00185118 0.0500945 0.012832
0.0318503 0.012832 -0.211343

-0.00525147 -0.00735589 0.00490644
-0.00735589 -0.00905917 -0.00376865
0.00490644 -0.00376865 0.0572124

0.00539161 -0.000650124 0.00380269
-0.000650124 -0.0011289 0.00984199
0.00380269 0.00984199 0.0877165

0.0457485 0.00313281 0.011918
0.00313281 0.0482321 0.00280229
0.011918 0.00280229 0.0479155

-0.0448815 0.011272 0.0536406
0.011272 -0.0159306 -0.0182683
0.0536406 -0.0182683 -0.45498

0.0032231 0.00734369 0.0168657
0.00734369 0.0261688 -0.0128885
0.0168657 -0.0128885 0.0416672

-0.0112239 -0.000110729 -0.00975653
-0.000110729 -0.00946884 8.84483e-05
-0.00975653 8.84483e-05 0.0581367

0.0137369 -0.00463154 -0.00134784
-0.00463154 0.0114293 -0.0105895
-0.00134784 -0.0105895 0.0716399

-0.000814921 -0.00120074 0.00773913
-0.00120074 -0.00768718 -0.000135199
0.00773913 -0.000135199 0.0643689

-0.0208806 -0.00214221 -0.0143492
-0.00214221 -0.0133549 0.0142745
-0.0143492 0.0142745 -0.0902186

-0.0238921 0.00100249 -0.00580371
0.00100249 -0.0232326 -0.00105879
-0.00580371 -0.00105879 0.0335678

-0.0223388 0.00313516 -0.00224783
0.00313516 -0.025552 -0.00233795
-0.00224783 -0.00233795 0.0349991

-0.0027372 0.0017647 0.00339596
0.0017647 -0.0193857 -0.00686974
0.00339596 -0.00686974 0.0385587

0.0176019 -0.0046015 0.00702083
-0.0046015 0.000550523 -0.0133692
0.00702083 -0.0133692 0.052619

-0.0143257 -0.0070481 0.000799765
-0.0070481 -0.0154582 -0.00494836
0.000799765 -0.00494836 0.0467463

0.0648284 -0.0147939 -0.0121342
-0.0147939 0.0539066 0.0447973
-0.0121342 0.0447973 -0.173409

0.00772264 -0.00282058 0.00623181
-0.00282058 0.000842884 0.0061961
0.00623181 0.0061961 0.0712596

0.00331434 -0.000287601 0.00152858
-0.000287601 -0.00206561 0.00641331
0.00152858 0.00641331 0.0690202

0.0109565 0.00763135 0.00378564
0.00763135 -0.00669803 -0.00245384
0.00378564 -0.00245384 0.0270963

0.00527471 0.00169707 0.00828753
0.00169707 -0.00953183 -0.00120302
0.00828753 -0.00120302 0.02061

-0.00387181 -0.000628854 0.00162203
-0.000628854 -0.0050139 0.00281952
0.00162203 0.00281952 0.0455629

-0.00569043 0.00172236 -0.00241947
0.00172236 -0.00633529 0.00295668
-0.00241947 0.00295668 0.0445383

0.00515069 0.002161 0.00745077
0.002161 -0.0130308 -0.000364724
0.00745077 -0.000364724 0.0192439

-0.00714749 0.00234046 0.00205006
0.00234046 -0.0314487 -0.00355278
0.00205006 -0.00355278 0.0111713

0.00322131 -0.00628688 0.00219265
-0.00628688 -0.0151438 -0.00626707
0.00219265 -0.00626707 0.0101517

-0.00237132 -0.00234263 0.00219214
-0.00234263 -0.0245961 -0.00127072
0.00219214 -0.00127072 0.00448495

-0.00538789 -0.00734091 0.00182897
-0.00734091 -0.0233863 -0.00470936
0.00182897 -0.00470936 0.00692837

-0.00286949 -0.0112587 0.00187444
-0.0112587 -0.0219153 -0.0056248
0.00187444 -0.0056248 0.00837948

-0.0123862 -0.00365361 0.00116502
-0.00365361 -0.00585587 -0.00469496
0.00116502 -0.00469496 0.0534807

-0.0138661 -0.00596986 -0.00288614
-0.00596986 -0.0102435 -0.00650234
-0.00288614 -0.00650234 0.0513201

-0.019212 -0.00817567 -0.00419989
-0.00817567 -0.0175358 -0.000972407
-0.00419989 -0.000972407 0.0249398

-0.0160899 -0.00652305 -0.00462287
-0.00652305 -0.0160415 -0.00208161
-0.00462287 -0.00208161 0.0266017

-0.00264475 -0.0118516 0.00352524
-0.0118516 -0.0115558 -0.00328385
0.00352524 -0.00328385 0.0110806

0.000892006 -0.0118197 0.00172667
-0.0118197 -0.0148536 -0.00508429
0.00172667 -0.00508429 0.0111668

-0.000974673 4.4796e-05 0.00359921
4.4796e-05 -0.0217326 -0.00488418
0.00359921 -0.00488418 0.0170815

0.00036955 -0.00827992 0.00297522
-0.00827992 -0.0162208 -0.00651017
0.00297522 -0.00651017 0.0144748

-0.671109 0.146845 0.364588
0.146845 -0.627765 -0.118591
0.364588 -0.118591 -0.73819

-0.824047 0.102415 0.330189
0.102415 -0.477343 -0.0581739
0.330189 -0.0581739 -0.732884

-0.188318 0.0554423 0.0629013
0.0554423 -0.207945 -0.0718365
0.0629013 -0.0718365 -0.706167

-0.38184 0.00137927 0.144504
0.00137927 -0.412347 -0.0174809
0.144504 -0.0174809 -0.871076

-0.354837 0.0140314 0.137713
0.0140314 -0.569093 0.0391931
0.137713 0.0391931 -1.05959

-0.264369 0.00399627 0.117566
0.00399627 -0.401932 -0.0627961
0.117566 -0.0627961 -0.95549

-0.233812 -0.0523959 0.0585599
-0.0523959 -0.229593 -0.00863984
0.0585599 -0.00863984 -0.449204

0.0855659 0.0263549 0.0816352
0.0263549 0.0715838 0.0116956
0.0816352 0.0116956 -0.212299

-1.38091 -0.00226515 0.254359
-0.00226515 -1.38094 -0.253103
0.254359 -0.253103 -1.44095

0.00039426 -0.0456899 0.0131859
-0.0456899 0.100737 0.00807183
0.0131859 0.00807183 -0.471642

-0.25788 -0.00222348 -6.15374e-05
-0.00222348 -0.0744068 0.0160407
-6.15374e-05 0.0160407 -0.622233

-1.38091 -0.00226515 0.254359
-0.00226515 -1.38094 -0.253103
0.254359 -0.253103 -1.44095

-0.00907776 -0.023535 0.0247218
-0.023535 -0.048196 0.025096
0.0247218 0.025096 -0.529842

-0.133193 -0.156293 0.0757568
-0.156293 -0.0371895 -0.0532205
0.0757568 -0.0532205 -0.610745

-0.119261 -0.116759 0.097294
-0.116759 0.169709 -0.0319986
0.097294 -0.0319986 -0.525982

-1.09201 -2.97456e-05 0.430065
-2.97456e-05 -1.09851 -0.00196812
0.430065 -0.00196812 -0.962057

-1.21469 -0.00170852 0.34077
-0.00170852 -1.21806 -0.142595
0.34077 -0.142595 -1.16461

-0.0463994 0.028334 0.00902781
0.028334 -0.0725822 0.0538545
0.00902781 0.0538545 -0.396222

-0.0476529 0.0115683 -0.00967382
0.0115683 0.0300249 0.0245135
-0.00967382 0.0245135 -0.362382

-0.00423566 -0.0105514 -0.0230606
-0.0105514 0.0146752 0.0378056
-0.0230606 0.0378056 -0.474641

0.00452579 -0.00628647 -0.00033139
-0.00628647 -0.000805357 -0.00765808
-0.00033139 -0.00765808 0.0612305

-0.0647978 0.0121557 -0.0426847
0.0121557 -0.0466926 0.0155568
-0.0426847 0.0155568 -0.520807

-0.0551949 0.0052086 -0.0373618
0.0052086 -0.0335808 -0.0234616
-0.0373618 -0.0234616 -0.514605

0.0162367 0.0120364 -0.077165
0.0120364 0.0336087 0.0165074
-0.077165 0.0165074 -0.385383

-0.0252021 0.00678452 -0.053073
0.00678452 0.021508 0.0414042
-0.053073 0.0414042 -0.410943

0.0110264 -0.00419814 -0.00636845
-0.00419814 0.0137495 -0.00486947
-0.00636845 -0.00486947 0.0717694

-0.00288093 -0.00103566 -0.00880554
-0.00103566 -0.00632465 -0.00742701
-0.00880554 -0.00742701 0.077051

-0.012142 0.00280047 -0.00522452
0.00280047 -0.0146859 -0.00211194
-0.00522452 -0.00211194 0.0541393

-0.0107109 -0.0076921 0.0141895
-0.0076921 -0.0013682 0.0929286
0.0141895 0.0929286 -0.44827

0.0308409 0.0237415 -0.0249622
0.0237415 0.00580993 0.0564927
-0.0249622 0.0564927 -0.384898

0.00333098 -0.00372326 0.000472255
-0.00372326 0.00389945 -0.00549854
0.000472255 -0.00549854 0.0808687

-0.000902578 -0.00178764 -0.00417634
-0.00178764 -0.00985254 -0.00403738
-0.00417634 -0.00403738 0.0757216

-0.0111069 -0.00366304 0.00974623
-0.00366304 -0.0118694 -0.00181304
0.00974623 -0.00181304 0.0526257

0.00698033 3.30895e-05 0.0141103
3.30895e-05 0.00132998 0.00159837
0.0141103 0.00159837 0.0636641

-0.0298971 -0.00273468 -0.0544607
-0.00273468 0.00648778 0.0128135
-0.0544607 0.0128135 -0.377577

-0.0300825 -0.00226713 -0.0640224
-0.00226713 0.00110131 -0.0297661
-0.0640224 -0.0297661 -0.374392

-0.0258528 0.00839601 -0.00141868
0.00839601 -0.0209015 0.00298622
-0.00141868 0.00298622 0.0452576

0.00619964 -0.00217868 0.00287168
-0.00217868 -0.00360884 0.0154363
0.00287168 0.0154363 0.0824386

0.00551415 0.000449344 0.0148768
0.000449344 0.0066896 -0.00142342
0.0148768 -0.00142342 0.0690146

0.0493209 0.00631659 -0.0476727
0.00631659 0.0878596 0.0130816
-0.0476727 0.0130816 -0.195596

0.0115888 -0.000181845 -0.00130683
-0.000181845 0.00111102 0.00961681
-0.00130683 0.00961681 0.0843581

0.00759216 0.000469305 0.00472089
0.000469305 0.00138625 0.0112064
0.00472089 0.0112064 0.0874856

0.0405737 0.00786234 -0.0398675
0.00786234 -0.011592 0.0399855
-0.0398675 0.0399855 -0.298272

0.0606699 0.0122219 -0.0365784
0.0122219 0.00362452 0.0308941
-0.0365784 0.0308941 -0.250557

0.00408401 3.76429e-06 0.00952143
3.76429e-06 -0.00279835 0.017017
0.00952143 0.017017 0.0828953

-0.0132983 -0.000586178 -0.00794148
-0.000586178 -0.00749118 0.00187988
-0.00794148 0.00187988 0.0570496

0.0431633 0.00837633 -0.0101005
0.00837633 0.0284225 0.00923019
-0.0101005 0.00923019 -0.2517

0.00555576 0.00624232 -0.0471486
0.00624232 0.0285097 -0.00459203
-0.0471486 -0.00459203 -0.254777

-0.00597724 -0.00277054 -0.0595801
-0.00277054 0.0256785 -0.0344902
-0.0595801 -0.0344902 -0.333734

0.00350963 -0.00416574 0.0141579
-0.00416574 -0.0102966 -0.00125074
0.0141579 -0.00125074 0.0619874

-0.0560985 -0.00383506 -0.0441309
-0.00383506 -0.0227761 -0.00994468
-0.0441309 -0.00994468 -0.415267

-0.0144998 0.00588494 0.00692618
0.00588494 -0.0222985 -0.0129102
0.00692618 -0.0129102 0.0221229

0.0141115 -0.0035125 0.00748352
-0.0035125 -0.0011019 -0.0164341
0.00748352 -0.0164341 0.0303811

-0.0047023 0.000914099 -0.00834464
0.000914099 -0.00366822 0.0039195
-0.00834464 0.0039195 0.0807467

-0.0165721 -0.00120612 -0.00760726
-0.00120612 -0.0119163 0.00269538
-0.00760726 0.00269538 0.0535313

-0.0142536 -0.000766165 -0.00734141
-0.000766165 -0.00667117 0.00117671
-0.00734141 0.00117671 0.0579069

0.00316725 0.00220973 -0.00675009
0.00220973 0.00466283 0.00586242
-0.00675009 0.00586242 0.0896286

0.00682266 0.00095149 0.00948647
0.00095149 -0.00586285 0.0214631
0.00948647 0.0214631 -0.196348

-0.0576683 0.000773178 0.0413568
0.000773178 -0.0326686 0.0151136
0.0413568 0.0151136 -0.531705

-0.0147887 0.000919041 -0.0103917
0.000919041 -0.00751426 0.00129984
-0.0103917 0.00129984 0.0565933

0.00140677 -0.000829655 0.00385636
-0.000829655 0.00855004 0.000365072
0.00385636 0.000365072 0.0639

-0.00667347 -0.00529647 0.016521
-0.00529647 -0.0036411 0.0288802
0.016521 0.0288802 -0.114288

-0.0367873 -0.0163602 -0.00695929
-0.0163602 -0.0393999 0.00706102
-0.00695929 0.00706102 -0.0158572

-0.00140227 0.00279304 -0.0243816
0.00279304 0.0286071 -0.00932606
-0.0243816 -0.00932606 -0.104323

-0.00238199 -0.00132507 -0.0222624
-0.00132507 0.0316631 0.0020874
-0.0222624 0.0020874 -0.104408

-0.02038 -0.00377501 0.0183331
-0.00377501 -0.0243935 0.00428815
0.0183331 0.00428815 0.0723898

-0.0151582 0.00133651 -0.0104841
0.00133651 -0.00563977 0.000475684
-0.0104841 0.000475684 0.0579542

0.0010929 0.00139825 -0.00881493
0.00139825 0.00476342 0.0016864
-0.00881493 0.0016864 0.0876567

0.00550563 0.000930667 -0.00855437
0.000930667 0.0100866 0.000352475
-0.00855437 0.000352475 0.0966576

0.0224104 0.000287025 -0.00336114
0.000287025 0.0242603 0.00270697
-0.00336114 0.00270697 0.124232

0.0859968 -0.00183153 -0.0338129
-0.00183153 0.046499 -0.0007202
-0.0338129 -0.0007202 -0.164062

0.0179861 -0.00902251 0.0207605
-0.00902251 0.0144399 0.0149704
0.0207605 0.0149704 -0.0690311

-0.00960346 0.00450415 -0.0011486
0.00450415 -0.0151734 0.000844834
-0.0011486 0.000844834 0.0454031

0.0433502 -0.00955269 -0.0271353
-0.00955269 0.0536825 0.0047272
-0.0271353 0.0047272 -0.110766

-0.00853303 -0.00256473 0.00405619
-0.00256473 -0.0143722 -0.0278159
0.00405619 -0.0278159 -0.0169856

-0.0429008 0.00582546 0.056325
0.00582546 -0.05161 -0.0136875
0.056325 -0.0136875 -0.553077

-0.0165759 -0.000911832 -0.0116448
-0.000911832 0.0101247 0.0163289
-0.0116448 0.0163289 -0.127816

0.00551776 0.00669069 -0.0149585
0.00669069 0.00129711 0.00170301
-0.0149585 0.00170301 -0.0566496

-0.0159587 -0.0125521 0.00147167
-0.0125521 -0.0298884 0.00290286
0.00147167 0.00290286 -0.00210161

0.00550411 -0.00125999 -0.00957953
-0.00125999 0.00969772 -0.000507766
-0.00957953 -0.000507766 0.078974

-0.0207795 -0.0111134 0.0351283
-0.0111134 -0.0360417 -0.0539751
0.0351283 -0.0539751 -0.535524

-0.670464 -0.0784425 -0.0220827
-0.0784425 -0.385052 -0.0568752
-0.0220827 -0.0568752 -0.859627

-0.0545239 -0.00746746 0.0443654
-0.00746746 -0.0642374 -0.0581944
0.0443654 -0.0581944 -0.558867

-0.0795691 0.0118585 0.0665849
0.0118585 -0.109896 0.055111
0.0665849 0.055111 -0.634265

0.018621 0.00364982 -0.023093
0.00364982 0.0303387 0.0241798
-0.023093 0.0241798 -0.154245

-0.135688 0.0359941 -0.0132228
0.0359941 -0.184773 0.0169631
-0.0132228 0.0169631 -0.577606

-0.148215 0.0383221 0.0074996
0.0383221 -0.161992 0.0365445
0.0074996 0.0365445 -0.573538

-0.0440449 0.00934454 -0.00948626
0.00934454 -0.0436186 0.00667367
-0.00948626 0.00667367 0.0505307

-0.0365394 0.0124674 0.00484048
0.0124674 0.0323069 -0.050419
0.00484048 -0.050419 -0.459676

-0.0358219 0.00221846 0.0062362
0.00221846 -0.04524 0.00254198
0.0062362 0.00254198 0.0563622

0.0835636 0.0105388 -0.0180421
0.0105388 0.0670813 0.0263098
-0.0180421 0.0263098 -0.11489

-0.00977846 0.000880775 0.000235204
0.000880775 -0.0263906 0.00491692
0.000235204 0.00491692 0.0426493

-0.0140817 0.000471686 0.00193873
0.000471686 -0.0290694 0.00464274
0.00193873 0.00464274 0.0364804

-0.0120003 -0.012048 0.0551423
-0.012048 -0.0233659 -0.0384373
0.0551423 -0.0384373 -0.512148

-0.0121683 -0.00238523 0.00173538
-0.00238523 -0.00446501 -0.000547116
0.00173538 -0.000547116 0.0448427

-0.0149984 -0.00376743 0.0027053
-0.00376743 -0.0116121 0.000528617
0.0027053 0.000528617 0.0408751

-0.00023314 -0.00313286 0.00449665
-0.00313286 0.00533594 -0.0164702
0.00449665 -0.0164702 0.0701592

-0.0310096 -0.00932056 0.00559505
-0.00932056 -0.0293543 -0.0152562
0.00559505 -0.0152562 0.0129302

-0.0356906 -0.00827114 0.00558127
-0.00827114 -0.0375802 -0.0162826
0.00558127 -0.0162826 0.00796667

-0.146971 -0.00474241 0.0093673
-0.00474241 -0.161437 -0.132018
0.0093673 -0.132018 -0.572797

-0.00434372 0.004356 -0.00258542
0.004356 -0.012497 0.00135783
-0.00258542 0.00135783 0.0576386

0.0110772 0.00133266 -0.00451063
0.00133266 0.00476397 0.00834742
-0.00451063 0.00834742 0.0833307

-0.00193896 0.00290174 -0.0046878
0.00290174 -0.00840288 0.00693754
-0.0046878 0.00693754 0.0572459

-0.00915605 0.00524895 -0.00159162
0.00524895 -0.0218439 0.00468284
-0.00159162 0.00468284 0.0507438

-0.00447385 0.0023776 -0.000837919
0.0023776 -0.0164845 0.000314054
-0.000837919 0.000314054 0.0548917

-0.717831 -0.0901057 0.0146056
-0.0901057 -0.552281 -0.131214
0.0146056 -0.131214 -0.937333

-0.000800255 0.0051932 -0.00471592
0.0051932 -0.0130024 0.00300521
-0.00471592 0.00300521 0.0659863

-0.0559741 0.00106339 -0.000973228
0.00106339 -0.025593 0.0200651
-0.000973228 0.0200651 -0.06199

0.0160623 0.00345329 -0.00379506
0.00345329 0.00412752 0.0139135
-0.00379506 0.0139135 0.088595

-0.0107699 0.0170432 0.017701
0.0170432 0.0102802 -0.015411
0.017701 -0.015411 -0.166944

0.0226942 0.0026709 0.00182299
0.0026709 0.0112776 0.0193245
0.00182299 0.0193245 0.0953591

0.0184196 -0.000804026 -0.00725447
-0.000804026 0.0180478 0.0151313
-0.00725447 0.0151313 0.0874804

-0.0403056 -0.00433174 0.00666879
-0.00433174 -0.0274634 -0.0198516
0.00666879 -0.0198516 0.0304654

-0.0209517 -0.0097793 0.00255964
-0.0097793 0.00308155 0.0318615
0.00255964 0.0318615 -0.182663

0.0156149 0.00506955 -0.0118802
0.00506955 0.0088813 0.0125278
-0.0118802 0.0125278 0.100874

0.00570748 -0.00119646 -0.0153127
-0.00119646 0.00795437 0.00942602
-0.0153127 0.00942602 0.0858963

0.0055125 0.00248852 -0.0159718
0.00248852 0.00315035 0.011407
-0.0159718 0.011407 0.0886972

-0.0020906 0.0104883 0.0145009
0.0104883 0.0184308 -0.0119307
0.0145009 -0.0119307 -0.156598

-0.0090331 -0.00917221 -0.00758462
-0.00917221 0.00133309 0.00727401
-0.00758462 0.00727401 0.00755657

-0.0112982 -0.00945311 -0.00484366
-0.00945311 0.00279839 0.000325703
-0.00484366 0.000325703 0.0634881

0.00813655 0.00473007 -0.00888291
0.00473007 0.00603039 0.0143551
-0.00888291 0.0143551 0.0975121

0.0024065 0.000393655 -0.00232613
0.000393655 -0.00223873 0.0120538
-0.00232613 0.0120538 0.0947991

0.00567667 0.00126627 -0.000505897
0.00126627 0.000404869 0.0138606
-0.000505897 0.0138606 0.0965794

-0.00363605 0.00353624 -0.0129791
0.00353624 -0.00035113 0.00347731
-0.0129791 0.00347731 0.0779134

-0.00724206 0.00295163 -0.0140203
0.00295163 -0.00299851 0.0029846
-0.0140203 0.0029846 0.075397

0.00291805 0.000349996 -0.00814859
0.000349996 0.0030831 0.000950362
-0.00814859 0.000950362 0.0967754

0.00372421 0.00117963 -0.00616227
0.00117963 0.00161396 0.00453963
-0.00616227 0.00453963 0.0955491

0.0141335 -0.00177669 -0.0129387
-0.00177669 0.0113216 0.00344802
-0.0129387 0.00344802 0.0877974

0.00448217 0.00244913 -0.0166152
0.00244913 0.00602812 0.00380961
-0.0166152 0.00380961 0.08088

-0.00190341 0.000646505 -0.0157063
0.000646505 -0.00236717 0.00623926
-0.0157063 0.00623926 0.0729557

-0.0854028 0.026917 0.0177608
0.026917 -0.0376104 -0.00532768
0.0177608 -0.00532768 -0.0652127

0.029154 -0.0101735 0.0526626
-0.0101735 0.0336781 -0.0141127
0.0526626 -0.0141127 -0.458756

-0.00429174 0.00111667 -0.0126723
0.00111667 -0.00243991 0.00155642
-0.0126723 0.00155642 0.0705992

-0.00348169 0.00165667 -0.0126391
0.00165667 -0.00120526 0.00159201
-0.0126391 0.00159201 0.0713719

-0.0177223 -0.00010249 -0.00142373
-0.00010249 -0.025792 -0.00513701
-0.00142373 -0.00513701 0.0132031

-0.00482531 -0.00131983 -0.00507342
-0.00131983 -0.00817346 -0.00733458
-0.00507342 -0.00733458 0.0133703

-0.00682971 -0.000114368 -0.00746958
-0.000114368 0.0051496 -0.000149589
-0.00746958 -0.000149589 0.0653597

-0.0111613 -0.00200073 -0.00144051
-0.00200073 -0.00715674 -0.00370404
-0.00144051 -0.00370404 0.0113667

-0.0218723 -0.00347544 -0.0053858
-0.00347544 -0.0132316 -0.0023476
-0.0053858 -0.0023476 0.0273669

-0.00152171 -0.00408863 -0.00181526
-0.00408863 -0.0109936 -0.00304632
-0.00181526 -0.00304632 0.0247333

-0.00720134 -0.000532925 -0.00517615
-0.000532925 -0.0073301 -0.00281706
-0.00517615 -0.00281706 0.0441418

0.000366935 -0.00372182 -0.00525695
-0.00372182 0.00374113 -0.00178595
-0.00525695 -0.00178595 0.0511233

-0.0108224 -0.00542917 -0.00682129
-0.00542917 -0.0167013 -0.00161476
-0.00682129 -0.00161476 0.0177347

-0.00384354 -0.000837969 -0.00342419
-0.000837969 -0.0110004 -0.00214995
-0.00342419 -0.00214995 0.0114946

-1.09201 -2.97456e-05 0.430065
-2.97456e-05 -1.09851 -0.00196812
0.430065 -0.00196812 -0.962057

-0.993885 -0.0293536 0.353337
-0.0293536 -0.691514 0.0999748
0.353337 0.0999748 -1.0458

-0.0157525 -0.00169411 -0.0020006
-0.00169411 -0.0265674 0.00584025
-0.0020006 0.00584025 0.0458017

0.0203372 -0.00251493 0.0092309
-0.00251493 0.014456 0.0348075
0.0092309 0.0348075 -0.0860044

-0.0639343 -0.00116334 -0.0292132
-0.00116334 -0.0502483 -0.020911
-0.0292132 -0.020911 -0.479443

-0.00847278 -0.00412193 -0.0240172
-0.00412193 0.0543559 -0.0353142
-0.0240172 -0.0353142 -0.418079

-0.0156074 -0.0138943 -0.0661932
-0.0138943 0.0223402 -0.0373902
-0.0661932 -0.0373902 -0.376109

0.0179411 -0.00222526 0.0128035
-0.00222526 -0.0130737 0.0257144
0.0128035 0.0257144 -0.158546

-0.022508 -0.0112738 0.0143712
-0.0112738 -0.0175034 0.0316719
0.0143712 0.0316719 -0.603125

0.00506851 -0.0174274 -0.0378492
-0.0174274 0.0184676 -0.0230696
-0.0378492 -0.0230696 -0.28076

-0.0101487 -0.0114529 -0.0364964
-0.0114529 0.00123589 -0.0277763
-0.0364964 -0.0277763 -0.292562

-0.00403415 -0.00170028 0.00252066
-0.00170028 -0.00570928 -0.0117937
0.00252066 -0.0117937 0.0793873

-0.0733985 0.00218924 -0.0128249
0.00218924 -0.0781 -0.0161777
-0.0128249 -0.0161777 -0.0769401

-0.00302288 -0.00588751 -0.0178447
-0.00588751 0.0315476 -0.00723325
-0.0178447 -0.00723325 -0.163431

-0.00541604 -0.00520543 -0.0166754
-0.00520543 0.0269905 -0.0147103
-0.0166754 -0.0147103 -0.164785

0.0806646 -0.00142648 0.0757563
-0.00142648 0.0750407 -0.0118346
0.0757563 -0.0118346 -0.386171

-0.0108957 -0.00278944 0.000550668
-0.00278944 -0.0132871 0.000630836
0.000550668 0.000630836 0.0380923

0.048777 -0.000544069 0.0295203
-0.000544069 0.0268457 -0.0179366
0.0295203 -0.0179366 -0.197055

0.0361541 -0.0031312 0.0261963
-0.0031312 0.0295515 -0.0142991
0.0261963 -0.0142991 -0.197869

0.0172887 -0.0100356 -0.0282778
-0.0100356 0.0255911 0.0101822
-0.0282778 0.0101822 -0.160253

-0.0107979 0.000388937 0.0143835
0.000388937 -0.00276407 0.0365521
0.0143835 0.0365521 -0.226043

-0.00286756 -0.00553452 0.00224768
-0.00553452 -0.0116751 -0.00694105
0.00224768 -0.00694105 0.0684324

-0.0323476 0.00268128 0.00886569
0.00268128 -0.0311613 -0.00520675
0.00886569 -0.00520675 0.0183773

-0.00444185 0.000330085 -0.0113326
0.000330085 -0.0035381 0.00290948
-0.0113326 0.00290948 0.0633845

0.00405907 -0.000440403 -0.00170827
-0.000440403 -0.00394265 -0.0100259
-0.00170827 -0.0100259 0.083802

-0.0168483 0.00708332 -0.00274309
0.00708332 -0.0303639 0.00591524
-0.00274309 0.00591524 0.0423148

-0.00313987 -0.00304115 -0.00899816
-0.00304115 -0.0081538 -0.0027593
-0.00899816 -0.0027593 0.0618432

-1.12314 6.60199e-05 -0.141446
6.60199e-05 -1.12384 -0.01328
-0.141446 -0.01328 -1.00587

0.00385176 0.00223131 -0.00396298
0.00223131 -0.00780093 -0.00126871
-0.00396298 -0.00126871 0.0700945

-0.00603881 0.00143006 -0.00625529
0.00143006 -0.00700146 0.00272762
-0.00625529 0.00272762 0.0456199

0.00958445 -0.00180353 -0.000313194
-0.00180353 0.00484481 -0.00337536
-0.000313194 -0.00337536 0.0574303

-0.0106298 -0.000965724 -0.0100451
-0.000965724 -0.00366149 0.00120768
-0.0100451 0.00120768 0.0614768

-0.00263637 -0.00070668 -0.0101711
-0.00070668 0.0039575 -0.000326095
-0.0101711 -0.000326095 0.0755785

0.00929293 -0.000984307 -0.0133073
-0.000984307 0.0135799 -0.00130741
-0.0133073 -0.00130741 0.0904814

0.0108706 -0.00309242 -0.0117605
-0.00309242 0.0102817 -0.00188466
-0.0117605 -0.00188466 0.0841528

0.00825115 -0.00118819 -0.00822346
-0.00118819 0.00696136 0.0026538
-0.00822346 0.0026538 0.0781227

-0.0118059 -0.00286351 -0.00590219
-0.00286351 -0.00602166 -0.00161325
-0.00590219 -0.00161325 0.0589916

-0.0231394 0.00287572 0.0562161
0.00287572 -0.0104922 -0.0183554
0.0562161 -0.0183554 -0.493808

0.00219641 -0.00296961 -0.0113241
-0.00296961 0.00589937 -0.00164396
-0.0113241 -0.00164396 0.0776792

0.00648741 -0.00396522 -0.0094584
-0.00396522 0.00947739 -0.00380241
-0.0094584 -0.00380241 0.0809377

-0.00882396 -0.00230379 -0.00511088
-0.00230379 -0.0121795 0.000615401
-0.00511088 0.000615401 0.0165515

-0.00442896 -0.00466391 -0.00342388
-0.00466391 -0.0119877 0.00178929
-0.00342388 0.00178929 0.0109014

-1.0195 -0.0804795 0.356779
-0.0804795 -0.697134 0.116791
0.356779 0.116791 -1.05892

-1.5296 0.00299938 0.295117
0.00299938 -1.52973 0.288679
0.295117 0.288679 -1.69168

-1.09201 -2.97456e-05 0.430065
-2.97456e-05 -1.09851 -0.00196812
0.430065 -0.00196812 -0.962057

0.0215557 0.0043889 -0.0302528
0.0043889 -0.00726711 -0.0237067
-0.0302528 -0.0237067 -0.40241

0.000786176 0.00908952 -0.014265
0.00908952 0.0555407 -0.0451965
-0.014265 -0.0451965 -0.385087

-0.129747 -0.0358912 0.00961976
-0.0358912 -0.14167 0.0132756
0.00961976 0.0132756 -0.495969

-0.00662466 -0.0220597 -0.0504518
-0.0220597 0.0448341 -0.0474318
-0.0504518 -0.0474318 -0.369232

-0.0119572 -0.0184899 -0.0527887
-0.0184899 0.000379737 -0.044003
-0.0527887 -0.044003 -0.341959

-0.00541928 -0.0158033 -0.0434387
-0.0158033 -0.00498315 -0.0498593
-0.0434387 -0.0498593 -0.343078

0.0291761 -0.0132329 -0.04189
-0.0132329 0.0406026 -0.0323269
-0.04189 -0.0323269 -0.291779

0.0200365 -0.0107985 -0.0337945
-0.0107985 0.0333819 -0.0226379
-0.0337945 -0.0226379 -0.240942

0.0377193 -0.00702868 -0.0460166
-0.00702868 0.0237804 -0.0332083
-0.0460166 -0.0332083 -0.216884

-0.0109627 0.00282789 -0.00503729
0.00282789 -0.0147062 -0.0017815
-0.00503729 -0.0017815 0.0589071

0.0133708 -0.00837165 0.0232813
-0.00837165 0.00508712 0.0135109
0.0232813 0.0135109 -0.0881479

0.0111305 -0.00671979 -0.022743
-0.00671979 0.0463406 -0.0149697
-0.022743 -0.0149697 -0.127546

0.00665126 -0.00630176 -0.0214257
-0.00630176 0.0280908 -0.00889944
-0.0214257 -0.00889944 -0.0709754

-0.0092103 0.00124792 -0.0164414
0.00124792 -0.0122685 -0.0171289
-0.0164414 -0.0171289 -0.0671065

0.00988546 0.0031248 -0.0253498
0.0031248 0.0281212 -0.0251212
-0.0253498 -0.0251212 -0.102668

-0.014569 -0.0115208 0.00164556
-0.0115208 -0.0339583 -0.00812243
0.00164556 -0.00812243 -0.0208138

0.0165813 0.00734793 0.0653171
0.00734793 0.0359466 -0.00671277
0.0653171 -0.00671277 -0.430894

-0.027006 0.000417523 -0.00832078
0.000417523 -0.024314 -0.0029827
-0.00832078 -0.0029827 0.0467456

0.0148622 -0.00176857 -0.0363494
-0.00176857 0.0244482 -0.0449292
-0.0363494 -0.0449292 -0.330777

0.0298477 -0.000517879 0.026628
-0.000517879 0.028792 -0.0179835
0.026628 -0.0179835 -0.216867

-0.0288112 0.00306621 0.00524157
0.00306621 -0.0317719 0.00723416
0.00524157 0.00723416 0.0240885

0.0438327 0.0254543 0.0184967
0.0254543 0.0101759 -0.0409273
0.0184967 -0.0409273 -0.243049

-0.00568821 0.000576884 -0.0113239
0.000576884 -0.0053528 0.00216316
-0.0113239 0.00216316 0.0614032

-0.0072112 0.00279976 -0.00203887
0.00279976 -0.00117856 -7.76014e-06
-0.00203887 -7.76014e-06 0.0411241

-0.00350797 -0.00102585 -0.00102528
-0.00102585 0.00084039 -0.00272912
-0.00102528 -0.00272912 0.0582806

-0.00819899 -0.000952523 -0.00207482
-0.000952523 -0.00348741 -0.00196838
-0.00207482 -0.00196838 0.0509031

0.00930141 -0.0050607 -0.00494736
-0.0050607 0.00935941 -0.00384664
-0.00494736 -0.00384664 0.0751017

3.56436e-05 0.00727033 -0.00467292
0.00727033 -0.00692301 -0.000751503
-0.00467292 -0.000751503 0.0496767

-0.00644623 -0.0075955 0.0774946
-0.0075955 -0.0238699 0.0264962
0.0774946 0.0264962 -0.533301

-4.93761e-05 -0.000872594 -0.00923177
-0.000872594 0.00133398 -0.00487886
-0.00923177 -0.00487886 0.0816763

0.00400846 -8.11144e-06 -0.00933979
-8.11144e-06 0.00103535 -0.00469949
-0.00933979 -0.00469949 0.0830644

0.0112188 -0.00162109 -0.00657916
-0.00162109 0.00904299 -0.00693729
-0.00657916 -0.00693729 0.0975469

-0.00624097 0.00200816 -0.00561487
0.00200816 -0.018582 -0.00151857
-0.00561487 -0.00151857 0.0149674

-0.00531688 -0.00219685 -0.00538164
-0.00219685 -0.0139668 0.000900763
-0.00538164 0.000900763 0.0171844

0.000489062 -0.00144809 -0.00857347
-0.00144809 -0.00293484 0.000284949
-0.00857347 0.000284949 0.0214781

-0.159984 0.0169018 0.00311236
0.0169018 -0.189937 -0.0218917
0.00311236 -0.0218917 -0.442191

0.0151683 -0.0284211 0.0254469
-0.0284211 -0.00117446 -0.0499885
0.0254469 -0.0499885 -0.300156

-0.141874 -0.0335161 0.0268256
-0.0335161 -0.0969511 -0.00880097
0.0268256 -0.00880097 -0.482703

-0.143295 0.0981985 0.0651166
0.0981985 -0.0796043 0.134896
0.0651166 0.134896 -0.666932

-0.180779 0.109714 0.0985981
0.109714 0.0832366 0.0874346
0.0985981 0.0874346 -0.616374

-1.5296 0.00299938 0.295117
0.00299938 -1.52973 0.288679
0.295117 0.288679 -1.69168

0.0202419 -0.000652355 -0.0393157
-0.000652355 0.0169969 -0.0589887
-0.0393157 -0.0589887 -0.370757

0.0304106 -0.0162644 -0.0343854
-0.0162644 -0.00680974 -0.049692
-0.0343854 -0.049692 -0.309062

0.0110078 -0.0162783 -0.0460048
-0.0162783 -0.00176596 -0.0530667
-0.0460048 -0.0530667 -0.340139

0.0329035 -0.0111046 -0.0332871
-0.0111046 0.0356027 -0.0376988
-0.0332871 -0.0376988 -0.293841

0.0196991 -0.0173797 -0.032164
-0.0173797 0.028635 -0.0375233
-0.032164 -0.0375233 -0.225239

0.0129723 -0.0134867 -0.0366556
-0.0134867 0.00317482 -0.0430704
-0.0366556 -0.0430704 -0.305547

0.0559526 -0.00806983 -0.0328734
-0.00806983 0.0528088 -0.0279815
-0.0328734 -0.0279815 -0.24969

0.0556399 -0.00742815 -0.0316545
-0.00742815 0.0369088 -0.0280052
-0.0316545 -0.0280052 -0.235351

0.0126751 -0.00730713 0.00102985
-0.00730713 0.0107184 0.000180967
0.00102985 0.000180967 0.0755643

0.0167035 -0.00945887 -0.00912236
-0.00945887 0.00517494 -0.0188743
-0.00912236 -0.0188743 -0.180206

0.0146337 -0.00978621 -0.00491884
-0.00978621 -0.00932143 -0.0248402
-0.00491884 -0.0248402 -0.184184

0.0321569 -0.0142281 -0.0164995
-0.0142281 0.0189088 -0.025728
-0.0164995 -0.025728 -0.13799

0.0158134 0.00193272 -0.0263362
0.00193272 0.0328276 -0.0244869
-0.0263362 -0.0244869 -0.098551

-0.0042749 0.0011254 -0.0112976
0.0011254 0.0015733 0.00021125
-0.0112976 0.00021125 0.0703206

-0.00772956 -0.00505222 0.0588126
-0.00505222 -0.00873696 -0.014283
0.0588126 -0.014283 -0.512624

-0.0248532 0.00603945 -0.0167044
0.00603945 -0.0176088 -0.0207418
-0.0167044 -0.0207418 -0.0742822

-0.0203525 0.00186199 -0.0132968
0.00186199 -0.0031873 -0.0133269
-0.0132968 -0.0133269 -0.0495498

-0.0281416 0.0107591 -0.00903405
0.0107591 -0.0101113 -0.017293
-0.00903405 -0.017293 -0.0356399

-0.0183839 0.00742138 -0.00917553
0.00742138 -0.00528355 -0.0169311
-0.00917553 -0.0169311 -0.0301644

-0.0268484 0.01029 0.000200494
0.01029 -0.0088709 -0.0098679
0.000200494 -0.0098679 -0.0318557

-0.0385749 0.0183315 -0.00421772
0.0183315 -0.024731 -0.00452917
-0.00421772 -0.00452917 -0.0356926

-0.0307758 0.0115456 0.00775806
0.0115456 -0.0129289 -0.00262392
0.00775806 -0.00262392 0.00208726

-0.0426104 0.0160929 0.00964198
0.0160929 -0.0270227 -0.00907808
0.00964198 -0.00907808 -0.0124746

-0.0435807 0.00695286 0.00930471
0.00695286 -0.045115 0.00172221
0.00930471 0.00172221 0.0130437

0.000333613 0.0012273 0.00133399
0.0012273 0.000292704 -0.00386436
0.00133399 -0.00386436 0.0443526

-0.0269687 0.000900567 0.000684311
0.000900567 -0.0181204 0.00200488
0.000684311 0.00200488 0.019314

-0.0278448 0.000439479 0.00490586
0.000439479 -0.0152306 -0.00213837
0.00490586 -0.00213837 0.0192351

-0.0238053 -0.000129283 -0.0018289
-0.000129283 -0.0153568 -0.000543667
-0.0018289 -0.000543667 0.0281306

0.00315462 -0.00220675 0.00148848
-0.00220675 -0.000979831 -0.00565476
0.00148848 -0.00565476 0.0599617

0.00185921 -0.00597462 0.000640814
-0.00597462 -0.00182264 -0.00491252
0.000640814 -0.00491252 0.0515814

-0.00936105 -0.00325569 0.00234211
-0.00325569 -0.00258983 -0.00619602
0.00234211 -0.00619602 0.0465675

0.0152308 -0.00627669 -0.00107851
-0.00627669 0.0111253 -0.0100417
-0.00107851 -0.0100417 0.0751433

-0.0207072 -0.000938891 -0.0034116
-0.000938891 -0.0304149 0.00236074
-0.0034116 0.00236074 0.0325668

0.0273683 -0.00767372 -0.00392808
-0.00767372 0.0185162 -0.00957384
-0.00392808 -0.00957384 0.105714

-0.00992495 0.0012043 0.00286814
0.0012043 -0.0156551 -0.00424312
0.00286814 -0.00424312 0.0632511

-0.00433366 -0.00941225 -0.00134512
-0.00941225 -0.00971957 -0.0048056
-0.00134512 -0.0048056 0.0537555

-0.0584478 -0.0142963 0.041819
-0.0142963 -0.00574202 0.0301599
0.041819 0.0301599 -0.501827

0.0304075 0.00738523 -0.0107333
0.00738523 -0.00575926 0.068038
-0.0107333 0.068038 -0.316459

-0.00226483 -0.000332878 -0.00909758
-0.000332878 -0.00608457 0.000504059
-0.00909758 0.000504059 0.0733519

0.00639474 -0.00196922 -0.0117575
-0.00196922 -0.00478179 0.00346815
-0.0117575 0.00346815 0.0230057

0.00779921 -0.00132523 -0.00825229
-0.00132523 0.00751797 0.00200715
-0.00825229 0.00200715 0.0763246

-0.00379551 0.00113571 -0.00638754
0.00113571 -0.00851399 -0.00244003
-0.00638754 -0.00244003 0.0650868

-0.0126579 -0.00148234 -0.00631693
-0.00148234 -0.012743 0.00282341
-0.00631693 0.00282341 0.04233

-0.00363581 -0.0048952 -0.0043804
-0.0048952 -0.00371547 -0.00202831
-0.0043804 -0.00202831 0.0487887

-1.06094 0.0390627 0.0660644
0.0390627 -0.72115 -0.210743
0.0660644 -0.210743 -1.22994

-0.00285089 0.00574519 0.00210657
0.00574519 -0.00180212 0.00112475
0.00210657 0.00112475 0.0671726

-1.06609 -0.000193338 0.0310927
-0.000193338 -1.06502 -0.176961
0.0310927 -0.176961 -0.908716

-1.18504 0.000143039 -0.0347656
0.000143039 -1.1846 -0.117033
-0.0347656 -0.117033 -1.10886

0.0175072 -0.0110111 0.0213368
-0.0110111 0.0150888 0.0169723
0.0213368 0.0169723 -0.0782579

0.0469067 -0.00420354 0.0162948
-0.00420354 0.0408876 0.0653145
0.0162948 0.0653145 -0.37028

0.0134816 -0.00133796 0.00944598
-0.00133796 -0.0139157 0.0583313
0.00944598 0.0583313 -0.364738

0.00339748 0.00611606 -0.010694
0.00611606 -0.0269206 0.0661644
-0.010694 0.0661644 -0.368829

-0.0112775 -0.00173631 0.00905743
-0.00173631 -0.00252274 0.0143551
0.00905743 0.0143551 -0.0460293

0.0234994 0.00323189 0.0137661
0.00323189 -0.00621274 0.0584733
0.0137661 0.0584733 -0.324961

0.002098 -0.00141265 -0.00981855
-0.00141265 0.00447187 -0.00047395
-0.00981855 -0.00047395 0.0761378

0.0349948 -0.00318439 -0.000124494
-0.00318439 0.0102391 0.0383903
-0.000124494 0.0383903 -0.214707

0.0483342 -0.00110474 -0.0127347
-0.00110474 0.0173362 0.0325682
-0.0127347 0.0325682 -0.210601

-0.0210007 -0.00338269 0.0508619
-0.00338269 -0.0257313 0.00688297
0.0508619 0.00688297 -0.557261

0.0115247 -0.00499812 0.0148044
-0.00499812 -0.00401587 0.0226444
0.0148044 0.0226444 -0.157355

-0.010412 -0.00330449 -0.0146923
-0.00330449 0.00405503 0.00710793
-0.0146923 0.00710793 -0.0592651

-0.0367839 -0.00597054 0.00224107
-0.00597054 -0.0341179 -0.00954727
0.00224107 -0.00954727 0.0559415

-0.0076101 -0.00210983 0.00564919
-0.00210983 -0.00429265 0.00817681
0.00564919 0.00817681 -0.124596

0.0468532 0.00181791 0.0344991
0.00181791 0.0391089 -0.018423
0.0344991 -0.018423 -0.203833

-0.0162274 -0.00205344 -0.0281511
-0.00205344 -0.0142043 0.0141641
-0.0281511 0.0141641 -0.195646

0.0172581 0.0232409 -0.00348618
0.0232409 -0.0193176 0.00179196
-0.00348618 0.00179196 -0.0258569

-0.00228217 0.00288806 0.00712931
0.00288806 0.00937316 -0.0093782
0.00712931 -0.0093782 -0.0116129

-0.0195626 -0.00946706 0.0702292
-0.00946706 -0.00999259 0.0354657
0.0702292 0.0354657 -0.543084

0.00233771 -0.000396068 -0.000257904
-0.000396068 -0.006186 -0.00918173
-0.000257904 -0.00918173 0.0797537

0.00151862 -0.00199082 -0.00947392
-0.00199082 0.00408597 -0.000614503
-0.00947392 -0.000614503 0.0761328

0.00920727 0.000508724 0.00429191
0.000508724 -0.00371035 0.00797818
0.00429191 0.00797818 0.074134

-0.011359 0.00381841 0.055271
0.00381841 -0.0588523 0.00405041
0.055271 0.00405041 -0.566079

-0.0307222 0.00629834 -0.00488048
0.00629834 -0.0248978 0.00444846
-0.00488048 0.00444846 0.0526307

-0.00676268 0.00536363 0.00338515
0.00536363 0.000879055 0.00873091
0.00338515 0.00873091 0.0584521

-0.0155557 0.00252352 -0.00138874
0.00252352 -0.00584957 0.00774749
-0.00138874 0.00774749 0.0532176

0.000818938 0.00470344 0.00404827
0.00470344 0.00494006 0.0149018
0.00404827 0.0149018 0.0751463

0.0209862 0.00249649 0.0137553
0.00249649 0.0125033 0.0219166
0.0137553 0.0219166 0.102303

0.0125486 0.0052676 -0.0237613
0.0052676 0.0291535 0.020068
-0.0237613 0.020068 -0.100706

0.0178862 0.000999775 0.00637202
0.000999775 0.00871213 0.0189824
0.00637202 0.0189824 0.100054

0.00743719 0.00106237 0.00867483
0.00106237 -0.000941116 0.0162416
0.00867483 0.0162416 0.0827101

-0.00611034 -0.00136519 -0.00890842
-0.00136519 -0.00538679 0.000319047
-0.00890842 0.000319047 0.0721899

-0.00578252 0.00123204 -0.0111899
0.00123204 -0.0010998 -0.000166946
-0.0111899 -0.000166946 0.0688631

-0.573821 0.0250769 -0.0238938
0.0250769 0.229918 -0.0941514
-0.0238938 -0.0941514 -0.673172

-1.21614 -0.000569573 0.0843849
-0.000569573 -1.21509 -0.191969
0.0843849 -0.191969 -1.16127

0.0404397 0.00238163 -0.00230614
0.00238163 0.0295244 0.0732678
-0.00230614 0.0732678 -0.3733

-0.0509162 0.0144063 0.0532145
0.0144063 -0.0446934 0.0307198
0.0532145 0.0307198 -0.580008

-0.0425512 0.00381401 0.0353263
0.00381401 -0.0975982 -0.0101178
0.0353263 -0.0101178 -0.312405

0.0141343 0.00234059 -0.0187825
0.00234059 -0.00747963 0.0639161
-0.0187825 0.0639161 -0.299944

0.0336089 0.00597402 -0.0140267
0.00597402 0.00277194 0.0561299
-0.0140267 0.0561299 -0.253902

-0.0129847 -0.0061422 -0.00381499
-0.0061422 -0.0114618 0.00424468
-0.00381499 0.00424468 0.00110249

0.117662 -0.044583 0.0753102
-0.044583 0.0830262 -0.013724
0.0753102 -0.013724 -0.0866337

0.00689045 -0.00288762 0.0161862
-0.00288762 0.00514452 0.0248754
0.0161862 0.0248754 -0.0973584

0.0237535 -0.0212941 0.0191983
-0.0212941 0.0203947 -0.00603983
0.0191983 -0.00603983 -0.00920438

0.00627381 -0.000306226 -0.0115049
-0.000306226 0.00857465 -0.00133593
-0.0115049 -0.00133593 0.0815167

-0.034763 -0.000192644 0.00786521
-0.000192644 -0.0203306 -0.00240862
0.00786521 -0.00240862 -0.050502

-0.0200677 -0.000251733 0.00321291
-0.000251733 -0.00572803 -0.00429503
0.00321291 -0.00429503 -0.0256882

0.02878 0.0239684 0.0525203
0.0239684 0.0995214 0.0722352
0.0525203 0.0722352 -0.418371

0.0176197 0.00400747 0.00533597
0.00400747 0.0178918 0.00384574
0.00533597 0.00384574 0.0809163

-0.00693538 0.00269822 -0.000218873
0.00269822 -0.000594255 0.0139993
-0.000218873 0.0139993 0.0707527

0.00451456 0.00475952 0.00547202
0.00475952 0.00176359 0.014254
0.00547202 0.014254 0.078992

-0.0249238 0.00479143 0.00675848
0.00479143 -0.0240272 0.00831533
0.00675848 0.00831533 -0.0261485

0.0137093 0.000859885 0.00231207
0.000859885 0.00307211 0.0152087
0.00231207 0.0152087 0.0985966

0.00546043 0.00196487 -0.00616075
0.00196487 0.00403132 0.00556848
-0.00616075 0.00556848 0.094295

-0.0101836 -0.000420585 -0.00542072
-0.000420585 -0.00157838 0.0035672
-0.00542072 0.0035672 0.0609163

-0.0060225 -0.000682321 -0.0044951
-0.000682321 0.000990964 -0.00177638
-0.0044951 -0.00177638 0.0605749

-0.0226056 -0.00362281 -0.00187401
-0.00362281 -0.0141176 0.00163534
-0.00187401 0.00163534 0.0265666

-0.00967739 -0.00268053 -0.0079561
-0.00268053 -0.0119453 0.0039361
-0.0079561 0.0039361 0.038363

0.00338872 0.00514263 0.00867037
0.00514263 0.00484767 0.00177937
0.00867037 0.00177937 0.0624473

-0.0103702 0.00341655 -0.000941376
0.00341655 -0.0107928 -0.00254632
-0.000941376 -0.00254632 0.0161952

0.0504412 0.000880384 -0.00489628
0.000880384 0.0486009 -0.0707949
-0.00489628 -0.0707949 -0.350213

-0.772728 -0.0921354 0.0792215
-0.0921354 -0.290643 0.200494
0.0792215 0.200494 -0.943359

-1.14785 0.000456626 0.0606575
0.000456626 -1.14637 0.214164
0.0606575 0.214164 -1.04623

-0.681466 0.0292217 -0.0180041
0.0292217 -0.0438312 0.152139
-0.0180041 0.152139 -0.809918

-1.14785 0.000456626 0.0606575
0.000456626 -1.14637 0.214164
0.0606575 0.214164 -1.04623

0.00534712 -0.0068563 0.00562986
-0.0068563 -0.0082764 -0.00731711
0.00562986 -0.00731711 0.0452676

-0.0155781 0.000456556 0.0133065
0.000456556 0.11429 -0.0913202
0.0133065 -0.0913202 -0.373525

0.014523 -0.00916536 0.00542344
-0.00916536 -0.0113563 -0.00702824
0.00542344 -0.00702824 0.0475569

-0.0559177 -0.00728156 -0.000410346
-0.00728156 -0.0483913 -0.0646649
-0.000410346 -0.0646649 -0.491264

0.00527753 -0.00528394 -0.014517
-0.00528394 0.017868 -0.0702539
-0.014517 -0.0702539 -0.376546

-0.00927409 0.00392945 0.00573803
0.00392945 -0.014793 0.00858792
0.00573803 0.00858792 -0.0167281

0.0284594 -0.01501 -0.0213994
-0.01501 -0.0040566 -0.0644293
-0.0213994 -0.0644293 -0.304737

0.0172835 0.000618026 0.00950614
0.000618026 0.0174708 0.000598837
0.00950614 0.000598837 0.0171234

-0.0119782 -0.0141579 -0.00977314
-0.0141579 -0.0339736 -0.0649809
-0.00977314 -0.0649809 -0.354393

0.0029343 -0.000393092 0.00188279
-0.000393092 -0.00070856 -0.0122562
0.00188279 -0.0122562 0.0839624

0.00123593 -0.00238208 -0.00967657
-0.00238208 0.00438951 -0.000637799
-0.00967657 -0.000637799 0.0760442

0.00561469 -0.0133249 -0.0124124
-0.0133249 -0.0136913 -0.0731539
-0.0124124 -0.0731539 -0.327998

0.0134579 -0.00981477 -0.0102055
-0.00981477 -0.0147106 -0.0715569
-0.0102055 -0.0715569 -0.30322

0.00341308 -0.00284132 -0.00686387
-0.00284132 0.00545518 -7.59866e-05
-0.00686387 -7.59866e-05 0.0775958

0.00754816 0.00892492 -0.00666011
0.00892492 -0.0163058 -0.0400209
-0.00666011 -0.0400209 -0.244716

0.0152691 0.000543557 0.00843868
0.000543557 0.0019919 0.00172537
0.00843868 0.00172537 0.0735401

0.0558669 -0.00553464 -0.0141136
-0.00553464 0.0394503 -0.0496122
-0.0141136 -0.0496122 -0.247656

0.00173193 0.0156043 0.00419152
0.0156043 -0.0160763 -0.024993
0.00419152 -0.024993 -0.217366

0.0395858 0.00911306 -0.00177851
0.00911306 0.0184213 -0.0262758
-0.00177851 -0.0262758 -0.192284

0.0431772 0.00357299 -0.000659355
0.00357299 0.00898497 -0.0217222
-0.000659355 -0.0217222 -0.196641

0.0364373 0.0197246 0.0142102
0.0197246 0.0273067 -0.01307
0.0142102 -0.01307 -0.15872

0.0345425 -0.000267758 0.00924973
-0.000267758 0.0123161 -0.0260419
0.00924973 -0.0260419 -0.0910985

0.024998 4.42969e-05 0.00873464
4.42969e-05 0.00107248 -0.0225096
0.00873464 -0.0225096 -0.105415

0.0151011 -0.000415725 0.00369615
-0.000415725 0.000927087 -0.0264451
0.00369615 -0.0264451 -0.102556

0.0285664 -0.0152575 -0.013329
-0.0152575 -0.00247401 -0.0297879
-0.013329 -0.0297879 -0.146116

-0.0257517 -0.0006552 0.0350915
-0.0006552 -0.0134246 -0.0180465
0.0350915 -0.0180465 -0.0938923

0.00564909 -0.000511398 0.00351546
-0.000511398 -0.010386 -0.0228767
0.00351546 -0.0228767 -0.116936

-0.0208692 0.000482967 -0.00571112
0.000482967 -0.0239911 -0.0347395
-0.00571112 -0.0347395 -0.0716086

-0.00263979 0.000824236 0.00506984
0.000824236 -0.0135846 -0.0325012
0.00506984 -0.0325012 -0.0610174

-0.0316536 -0.0125349 0.00730256
-0.0125349 -0.00932037 -0.010524
0.00730256 -0.010524 -0.0349676

-0.0558153 -0.00695885 0.00298898
-0.00695885 -0.037742 -0.0162001
0.00298898 -0.0162001 -0.0168715

-0.0373446 -1.45869e-05 0.0132785
-1.45869e-05 -0.00320072 -0.0055617
0.0132785 -0.0055617 0.00411756

-0.0448289 0.00527818 0.00564955
0.00527818 -0.02095 0.000203648
0.00564955 0.000203648 -0.00907633

-0.0169235 0.00687933 -8.88999e-05
0.00687933 -0.00433781 -0.00954132
-8.88999e-05 -0.00954132 -0.0263872

-0.0462977 -0.0101227 -0.000605663
-0.0101227 -0.0289285 -0.0103771
-0.000605663 -0.0103771 -0.00541332

-0.0339029 -0.00494408 0.00266834
-0.00494408 -0.00582625 -0.0118755
0.00266834 -0.0118755 0.00828854

-0.0342957 -0.00714324 -0.00370215
-0.00714324 -0.00390363 -0.00686275
-0.00370215 -0.00686275 0.00218813

-0.0463809 -0.00516685 0.000204511
-0.00516685 -0.0132387 -0.0119779
0.000204511 -0.0119779 0.000769932

-0.0323167 -0.00976772 -0.000649527
-0.00976772 0.00348396 -0.0101193
-0.000649527 -0.0101193 0.0126073

-0.0125949 -0.00276324 0.00290106
-0.00276324 -0.0235825 0.00320874
0.00290106 0.00320874 0.0761239

-0.0509745 -0.00664674 -0.00650462
-0.00664674 -0.013712 -0.00697514
-0.00650462 -0.00697514 -0.00783864

-0.0320912 -0.0070555 -0.00234122
-0.0070555 -0.0169888 -0.00700604
-0.00234122 -0.00700604 0.0337939

-0.0320844 -0.00659725 -6.24096e-05
-0.00659725 -0.0152852 -0.00460465
-6.24096e-05 -0.00460465 0.0332143

-0.0251197 -0.00395253 0.00143875
-0.00395253 -0.0117725 -0.0049198
0.00143875 -0.0049198 0.0299286

-0.0175977 -0.00147447 0.000526425
-0.00147447 -0.00676845 -0.00298239
0.000526425 -0.00298239 0.0357096

-0.0244515 -0.000575816 0.00218843
-0.000575816 -0.0131742 -0.00451406
0.00218843 -0.00451406 0.0276888

-0.0171202 -0.00591474 0.00179004
-0.00591474 -0.00880874 -0.00597055
0.00179004 -0.00597055 0.0442267

-0.0110962 -0.00373558 0.00175855
-0.00373558 0.000521493 -0.0108633
0.00175855 -0.0108633 0.0559139

-0.0161272 -0.00488433 0.000164417
-0.00488433 -0.00667006 -0.00672288
0.000164417 -0.00672288 0.0448665

-0.000697554 -0.0036481 0.00366801
-0.0036481 0.0112361 -0.00846403
0.00366801 -0.00846403 0.0733841

-0.00182916 -0.00254358 0.0150836
-0.00254358 -0.00838936 0.00566104
0.0150836 0.00566104 0.0663671

0.000194492 -0.0023573 0.0125842
-0.0023573 -0.00332265 0.00232636
0.0125842 0.00232636 0.070681

0.00385035 -0.00350082 0.000519032
-0.00350082 0.00985206 -0.0112173
0.000519032 -0.0112173 0.069921

0.00230301 -0.00109588 -0.0104236
-0.00109588 0.00590586 -0.000134843
-0.0104236 -0.000134843 0.0743118

0.00975128 -0.00570526 0.00248211
-0.00570526 0.00804277 -0.0192752
0.00248211 -0.0192752 0.10369

0.00968185 -0.00521071 -0.00247622
-0.00521071 0.00803887 -0.0218789
-0.00247622 -0.0218789 0.102197

-0.00841293 -0.00535679 0.0521987
-0.00535679 0.0204173 -0.00186654
0.0521987 -0.00186654 -0.467893

0.0253905 -0.00524498 -0.0018282
-0.00524498 0.0186267 -0.0203876
-0.0018282 -0.0203876 -0.084027

-0.00614022 -0.00548396 -0.0041073
-0.00548396 -0.00774729 -0.000140536
-0.0041073 -0.000140536 0.0174763

-0.00233418 -0.00518218 -0.00221564
-0.00518218 -0.0054934 -0.000140477
-0.00221564 -0.000140477 0.01976

-0.000996908 -0.00398725 0.00594032
-0.00398725 -0.00963169 -0.00189423
0.00594032 -0.00189423 0.0643644

-0.00824285 -0.0025897 -0.00715324
-0.0025897 -0.0117031 0.0017021
-0.00715324 0.0017021 0.0189922

0.00432297 -0.00480944 -0.00187202
-0.00480944 0.00150249 -0.0059356
-0.00187202 -0.0059356 0.0802944

0.157711 0.000996987 0.00161482
0.000996987 0.237903 -0.129619
0.00161482 -0.129619 -0.0754797

0.0175191 0.0134758 -0.0114853
0.0134758 0.0175334 0.0958706
-0.0114853 0.0958706 -0.428909

0.00625681 0.00452996 -0.0401808
0.00452996 -0.0162664 0.0836816
-0.0401808 0.0836816 -0.491721

0.0105434 0.0161333 -0.0312594
0.0161333 -0.0212241 0.0688108
-0.0312594 0.0688108 -0.447234

0.00938958 0.0112653 0.00537234
0.0112653 -0.0248613 0.0682569
0.00537234 0.0682569 -0.456713

-0.41587 -0.0598812 0.12185
-0.0598812 -0.71333 0.0256861
0.12185 0.0256861 -0.608612

0.000113351 0.00204643 0.0100549
0.00204643 0.006944 0.000428335
0.0100549 0.000428335 0.00670424

-0.046179 0.0182745 0.0299974
0.0182745 -0.0154553 0.0314491
0.0299974 0.0314491 -0.548871

0.0293931 -0.00534825 -0.000594907
-0.00534825 0.0225454 -0.0192353
-0.000594907 -0.0192353 -0.0769538

-0.0201871 -0.00690015 -0.00381225
-0.00690015 -0.0196042 -0.00577368
-0.00381225 -0.00577368 0.0256545

-0.0124284 -0.000430336 -0.0097406
-0.000430336 -0.00750576 0.00121418
-0.0097406 0.00121418 0.0596959

0.0340088 -0.0164861 -0.0346249
-0.0164861 0.04866 -0.0195626
-0.0346249 -0.0195626 -0.230193

-0.0265482 -0.00177852 -0.00751962
-0.00177852 -0.0204635 0.00203339
-0.00751962 0.00203339 0.020703

-0.0319804 0.00547326 -9.20913e-05
0.00547326 -0.0158852 -0.0194044
-9.20913e-05 -0.0194044 -0.109651

0.0299501 -0.00523601 -0.00261683
-0.00523601 0.022977 -0.0189916
-0.00261683 -0.0189916 -0.0762396

0.0469705 0.000181255 -0.00697556
0.000181255 0.0476352 -0.071322
-0.00697556 -0.071322 -0.348763

0.00389694 -0.00148141 -0.00979018
-0.00148141 0.00772505 -0.00140957
-0.00979018 -0.00140957 0.0791428

-0.104467 0.0380859 -0.0170238
0.0380859 -0.149159 -0.00741695
-0.0170238 -0.00741695 -0.652873

-0.047857 -0.00986676 0.00537473
-0.00986676 -0.035617 -0.0192893
0.00537473 -0.0192893 -0.00057777

-0.0769968 -0.00579219 -0.0175827
-0.00579219 -0.0752514 -0.009736
-0.0175827 -0.009736 -0.02636

-0.00578063 -0.00275038 0.00541384
-0.00275038 0.00532261 0.0330214
0.00541384 0.0330214 -0.0998611

-0.152564 0.00853811 0.0114782
0.00853811 -0.2429 -0.000851719
0.0114782 -0.000851719 -0.686766

-0.00723539 -0.00168046 -0.0190107
-0.00168046 -0.00167613 -0.00271402
-0.0190107 -0.00271402 -0.00570155

-0.126262 0.0566088 0.00833514
0.0566088 -0.0930881 -0.0120604
0.00833514 -0.0120604 -0.596339

0.00379753 0.00519915 -0.0404973
0.00519915 -0.00733212 -0.0349545
-0.0404973 -0.0349545 -0.432478

0.00676092 -0.000800905 -0.0193141
-0.000800905 0.0395359 0.00340137
-0.0193141 0.00340137 -0.0929397

0.0136737 0.00183885 0.0324145
0.00183885 0.0135851 -0.00857396
0.0324145 -0.00857396 -0.438495

0.00299064 0.0145309 -0.00657634
0.0145309 0.0143358 -0.0274742
-0.00657634 -0.0274742 -0.480047

-0.0416505 0.00254203 0.00270599
0.00254203 -0.0372591 -0.00341302
0.00270599 -0.00341302 0.0625611

0.0465813 0.0100871 -0.0225067
0.0100871 0.0361572 -0.0166126
-0.0225067 -0.0166126 -0.00243451

0.00673751 0.00295488 -0.0214603
0.00295488 0.0352491 -0.00826356
-0.0214603 -0.00826356 -0.0939905

0.0046002 -0.00149122 -0.010119
-0.00149122 0.00827464 -0.00103353
-0.010119 -0.00103353 0.0776188

-0.0250957 0.00532758 -0.00977704
0.00532758 -0.0467887 0.101031
-0.00977704 0.101031 -0.470933

0.00707893 0.00197083 0.011898
0.00197083 0.00626793 -0.00302969
0.011898 -0.00302969 0.0631317

0.0291824 0.00736314 -0.0169573
0.00736314 0.0337673 0.0141277
-0.0169573 0.0141277 -0.28816

-0.0304764 0.0104727 -0.0314226
0.0104727 -0.00912486 -0.0049048
-0.0314226 -0.0049048 -0.487547

-0.0428305 -0.0222824 -0.0222387
-0.0222824 -0.0394357 -0.00772467
-0.0222387 -0.00772467 -0.0268934

0.0498998 0.00782448 0.01118
0.00782448 0.0199905 -0.0186303
0.01118 -0.0186303 0.0287691

0.018479 0.00176229 0.00994935
0.00176229 0.00457514 0.0152375
0.00994935 0.0152375 -0.0592919

0.0384778 0.0111078 -0.0328596
0.0111078 0.0631915 -0.0177294
-0.0328596 -0.0177294 -0.373912

0.0568874 0.000241911 -0.000424567
0.000241911 0.0137733 -0.0224929
-0.000424567 -0.0224929 0.00353556

0.070556 0.0160732 -0.0153964
0.0160732 0.0858195 -0.0777914
-0.0153964 -0.0777914 -0.310029

-0.101783 -0.000959324 -0.0341061
-0.000959324 -0.0843437 -0.0387834
-0.0341061 -0.0387834 -0.558337

-0.260353 0.071355 -0.0424053
0.071355 -0.204118 -0.0315822
-0.0424053 -0.0315822 -0.665969

-0.0354194 0.00500324 -0.000697675
0.00500324 -0.0268018 0.000166979
-0.000697675 0.000166979 0.0635037

0.00293292 -0.00206921 -0.00912813
-0.00206921 0.00757451 -0.00019269
-0.00912813 -0.00019269 0.0771793

0.0272108 -0.00511289 0.0451325
-0.00511289 0.0266946 -0.0588924
0.0451325 -0.0588924 -0.429416

-0.0411335 0.00766137 -0.000910023
0.00766137 -0.0794335 -0.0304403
-0.000910023 -0.0304403 -0.481588

0.0648624 -0.00215816 -0.0230644
-0.00215816 0.0605299 -0.0177689
-0.0230644 -0.0177689 -0.218603

0.00971085 0.0177539 -0.0101928
0.0177539 -0.00910123 0.0724945
-0.0101928 0.0724945 -0.394289

-0.0161418 0.00809953 -0.0180455
0.00809953 -0.00811582 -0.00479997
-0.0180455 -0.00479997 -0.0331385

0.0713615 -0.00522504 -0.0219796
-0.00522504 0.0752935 -0.014779
-0.0219796 -0.014779 -0.212273

-0.0180279 0.000647893 0.0022341
0.000647893 -0.0349934 0.00306574
0.0022341 0.00306574 0.0274476

-0.0179392 -0.00138615 -0.0258425
-0.00138615 -0.000189462 -0.0399496
-0.0258425 -0.0399496 -0.380131

-0.190127 0.0295492 0.0504491
0.0295492 -0.169743 -0.0180343
0.0504491 -0.0180343 -0.552447

0.00180092 -0.00645693 0.0238561
-0.00645693 0.00565155 0.0288887
0.0238561 0.0288887 -0.168684

-0.00601981 0.00027929 -0.0120798
0.00027929 -0.0178872 -0.00958677
-0.0120798 -0.00958677 -0.118777

0.00495871 -0.00440636 0.00894119
-0.00440636 0.03172 -0.0131707
0.00894119 -0.0131707 -0.000435903

-0.0189945 -0.00671492 0.00790326
-0.00671492 -0.0212457 -0.0100939
0.00790326 -0.0100939 0.0248763

-0.0203728 -0.00578131 0.00789248
-0.00578131 -0.0180959 -0.00897295
0.00789248 -0.00897295 0.0261718

0.00449231 -0.00189391 -0.0097199
-0.00189391 0.00889576 -0.000963986
-0.0097199 -0.000963986 0.0795666

0.0105216 -0.00169633 0.00229193
-0.00169633 0.00856453 -0.015515
0.00229193 -0.015515 0.0956713

-0.00035361 -0.00319471 0.00514428
-0.00319471 -0.00240685 0.00174432
0.00514428 0.00174432 0.0585819

0.00487679 -0.00133633 -0.00976922
-0.00133633 0.00940641 -0.000564517
-0.00976922 -0.000564517 0.0784118

0.00873733 0.00133446 0.0041034
0.00133446 0.0122355 0.00374542
0.0041034 0.00374542 0.0699143

0.00259468 0.00194303 0.00802157
0.00194303 -0.00869966 -0.00327612
0.00802157 -0.00327612 0.0699051

-0.0439319 0.00980301 -0.0163129
0.00980301 -0.0644391 -0.0169101
-0.0163129 -0.0169101 -0.0519832

0.0041933 -0.0036351 -0.00166111
-0.0036351 0.00605399 -0.012031
-0.00166111 -0.012031 0.0982825

-0.0190403 0.00581224 0.00357299
0.00581224 -0.0233247 0.000262302
0.00357299 0.000262302 0.0552953

0.0775769 -4.71649e-05 0.0277119
-4.71649e-05 0.0673402 0.0461145
0.0277119 0.0461145 -0.329631

-0.00564636 -0.00569239 0.00726888
-0.00569239 -0.0111478 -0.00417798
0.00726888 -0.00417798 0.0633796

0.0018703 0.00836961 0.00333793
0.00836961 -0.00839245 0.0055574
0.00333793 0.0055574 0.0702101

-0.0173244 0.00315997 0.00521964
0.00315997 -0.0146309 0.00357647
0.00521964 0.00357647 0.0623574

0.104879 0.055314 0.0806765
0.055314 0.136456 0.126022
0.0806765 0.126022 -0.217872

-0.00341661 0.00274137 -0.00673822
0.00274137 -0.00217224 0.00149913
-0.00673822 0.00149913 0.05547

-0.0156495 0.0170657 -0.0125913
0.0170657 -0.032037 -0.0117774
-0.0125913 -0.0117774 -0.0253153

0.0233515 -0.00645998 0.00193905
-0.00645998 0.00518756 0.0274575
0.00193905 0.0274575 -0.245336

0.00447581 0.00417204 0.00336131
0.00417204 0.00966432 0.00683091
0.00336131 0.00683091 0.0686822

0.021811 -0.00158584 -0.013351
-0.00158584 0.0238306 -0.00808871
-0.013351 -0.00808871 -0.0101577

0.063686 0.00917411 0.0518655
0.00917411 0.0697841 -0.04575
0.0518655 -0.04575 -0.387355

-0.462835 -0.0226049 0.0929461
-0.0226049 -0.819269 0.172214
0.0929461 0.172214 -0.801483

-0.000666705 -0.000904733 -0.0195811
-0.000904733 -0.00606474 -0.0165476
-0.0195811 -0.0165476 -0.0610381

0.00423794 -0.000215274 -0.00394195
-0.000215274 0.00862875 -0.00293377
-0.00394195 -0.00293377 0.0677628

-1.14785 0.000456626 0.0606575
0.000456626 -1.14637 0.214164
0.0606575 0.214164 -1.04623

-0.0120537 -0.000489308 -0.0111615
-0.000489308 -0.0116662 -0.00618084
-0.0111615 -0.00618084 0.0630364

-0.613272 -0.0291365 0.0707322
-0.0291365 -0.257418 0.136056
0.0707322 0.136056 -0.497853

0.00887163 -0.000818406 -0.00797286
-0.000818406 -0.0066447 -0.00249436
-0.00797286 -0.00249436 0.0712654

-0.00274505 0.00272173 -0.00869812
0.00272173 0.00733893 -0.00339771
-0.00869812 -0.00339771 0.0738683

-0.0194366 -0.0111145 0.00438946
-0.0111145 -0.016948 0.00645524
0.00438946 0.00645524 -0.0090772

-0.00495973 0.00130913 0.0135505
0.00130913 -0.00158244 0.00794602
0.0135505 0.00794602 0.0566106

0.00064015 -0.00116725 0.00358756
-0.00116725 0.00714834 -0.0164892
0.00358756 -0.0164892 0.0709414

0.0395175 -0.00223735 0.0235293
-0.00223735 0.0161956 0.022661
0.0235293 0.022661 -0.157927

-0.14951 0.0144079 -0.0364658
0.0144079 -0.145632 0.0105291
-0.0364658 0.0105291 -0.6308

0.00772041 -0.00109088 0.00836253
-0.00109088 0.00152135 -9.85014e-05
0.00836253 -9.85014e-05 0.0787082

0.0601403 -0.00416546 -0.00116622
-0.00416546 0.0557035 -0.00890355
-0.00116622 -0.00890355 -0.0270905

0.00242823 -0.00119136 -0.00378892
-0.00119136 0.00354761 0.00265414
-0.00378892 0.00265414 0.0682802

0.00557045 -0.00763025 0.0208276
-0.00763025 -0.00281586 0.0201641
0.0208276 0.0201641 -0.177412

0.0200097 0.00522834 -0.00552638
0.00522834 0.0148487 0.00215375
-0.00552638 0.00215375 0.0790395

-0.0174681 0.000753241 -0.00358909
0.000753241 -0.00936123 0.00291278
-0.00358909 0.00291278 0.055735

-0.00443178 -0.000306536 -0.00403847
-0.000306536 -0.00902598 0.000640445
-0.00403847 0.000640445 0.0646929

-0.0151505 0.00116467 -0.00916393
0.00116467 -0.00404864 0.00107785
-0.00916393 0.00107785 0.0576294

-0.0158347 0.00382733 -0.006862
0.00382733 -0.0105945 -0.000170561
-0.006862 -0.000170561 0.0547065

-0.0129088 0.00462348 -0.00601898
0.00462348 -0.00831747 0.000132912
-0.00601898 0.000132912 0.0572282

-0.0129702 -0.00168725 -0.00241092
-0.00168725 -0.0191078 0.00314027
-0.00241092 0.00314027 0.0534336

-0.0406212 -0.000407012 0.00132439
-0.000407012 -0.046149 -0.0534287
0.00132439 -0.0534287 -0.511451

0.0277402 -0.00789907 0.0201892
-0.00789907 0.039098 0.0279598
0.0201892 0.0279598 -0.159022

0.00766887 0.00550146 0.00400337
0.00550146 0.00625232 0.0138547
0.00400337 0.0138547 0.0794375

-0.0305963 0.00699193 0.00560486
0.00699193 -0.0270536 0.00456516
0.00560486 0.00456516 0.0750679

0.0328719 0.00209922 0.0168556
0.00209922 0.00685958 0.0189654
0.0168556 0.0189654 -0.182978

0.00450121 0.00360978 0.00160351
0.00360978 0.00454838 0.0136737
0.00160351 0.0136737 0.0760197

0.0482666 0.0233318 0.0200838
0.0233318 0.0226778 -0.0021401
0.0200838 -0.0021401 -0.101269

-0.27885 -0.0108733 0.0107857
-0.0108733 -0.302229 0.0086386
0.0107857 0.0086386 -0.69877

-0.00353409 -0.00210375 0.00927657
-0.00210375 -0.00652134 -0.00283206
0.00927657 -0.00283206 0.0565716

0.0514966 -0.00690389 -0.004085
-0.00690389 0.0507372 -0.0721311
-0.004085 -0.0721311 -0.343868

0.0614736 -0.0189382 0.0427057
-0.0189382 0.0916536 -0.0353518
0.0427057 -0.0353518 -0.155568

-0.129344 0.0949868 -0.0782853
0.0949868 -0.063433 -0.0535304
-0.0782853 -0.0535304 -0.654684

0.00542365 0.00715767 0.0238891
0.00715767 0.00126194 -0.0172651
0.0238891 -0.0172651 -0.225704

0.00742793 0.00237176 0.00458543
0.00237176 0.00267559 0.00311093
0.00458543 0.00311093 0.0838624

-0.0733515 0.107657 -0.0627376
0.107657 0.184882 -0.0764996
-0.0627376 -0.0764996 -0.541435

-0.00236576 0.00538748 -0.0167311
0.00538748 -0.0132404 -0.0221635
-0.0167311 -0.0221635 -0.257654

0.0583167 -0.00809405 0.0201711
-0.00809405 0.0510278 0.0310265
0.0201711 0.0310265 -0.14859

-0.00856209 -0.00792747 -0.00450687
-0.00792747 -0.00423062 0.00469678
-0.00450687 0.00469678 0.0054292

-0.0168905 0.0136489 0.0188091
0.0136489 0.010096 -0.00349801
0.0188091 -0.00349801 -0.213676

0.0523812 -0.00265033 -0.00104115
-0.00265033 0.00555181 -0.00990319
-0.00104115 -0.00990319 0.00240846

-0.216088 0.0176588 -0.0846366
0.0176588 -0.406978 0.0153864
-0.0846366 0.0153864 -0.743586

-0.260904 0.0298383 -0.0618923
0.0298383 -0.398212 -0.0153501
-0.0618923 -0.0153501 -0.750074

-0.0428175 -0.00106727 -0.00718095
-0.00106727 -0.0337026 0.000388388
-0.00718095 0.000388388 0.0410458

-0.132058 0.0182126 -0.074756
0.0182126 -0.136012 -0.192647
-0.074756 -0.192647 -0.514259

-0.0040375 0.00101208 -0.0113901
0.00101208 -0.00267404 0.00346201
-0.0113901 0.00346201 0.0636579

0.100474 -0.0100513 0.0552207
-0.0100513 0.0545838 -0.0301647
0.0552207 -0.0301647 -0.412776

0.0525364 -0.00285267 -0.02232
-0.00285267 0.0641576 0.0033957
-0.02232 0.0033957 -0.194826

-0.195136 0.00946086 -0.0382513
0.00946086 -0.218372 -0.00152616
-0.0382513 -0.00152616 -0.682949

0.00206621 -0.00239468 -0.00966991
-0.00239468 0.00627812 -0.000697758
-0.00966991 -0.000697758 0.075376

0.00995036 0.00988108 0.00371122
0.00988108 0.0110225 0.00220295
0.00371122 0.00220295 0.0823133

0.0908538 -0.0271212 -0.114394
-0.0271212 -0.0357349 0.0190971
-0.114394 0.0190971 -0.130014

-0.663207 -0.151182 -0.191388
-0.151182 -0.973146 -0.31397
-0.191388 -0.31397 -1.06511

0.0343502 0.0168774 -0.114145
0.0168774 -0.148821 0.0273987
-0.114145 0.0273987 -0.303514

-0.126715 -0.0366615 -0.184197
-0.0366615 -0.133959 0.102819
-0.184197 0.102819 -0.49588

0.104302 0.0309506 -0.108562
0.0309506 -0.0369707 -0.0195295
-0.108562 -0.0195295 -0.144635

-0.311534 -0.176149 -0.0341842
-0.176149 -0.597829 0.143239
-0.0341842 0.143239 -0.557038

0.0854409 -0.0318411 -0.0648541
-0.0318411 0.072986 0.116667
-0.0648541 0.116667 -0.155219

-0.366099 -0.119013 -0.129041
-0.119013 -0.718442 0.0138365
-0.129041 0.0138365 -0.671339

0.0557756 -0.00505535 -0.035644
-0.00505535 0.0427199 -0.0748078
-0.035644 -0.0748078 -0.342588

-0.484921 -0.178536 -0.0767944
-0.178536 -0.741264 -0.0168894
-0.0767944 -0.0168894 -0.61806

-0.00370426 0.00337193 -0.00235367
0.00337193 -0.022747 0.0544673
-0.00235367 0.0544673 -0.315308

-0.00823903 0.0017769 0.00368088
0.0017769 -0.0248875 -0.00495796
0.00368088 -0.00495796 0.029238

-0.01958 -0.00392229 0.00736494
-0.00392229 -0.0272257 -0.000219136
0.00736494 -0.000219136 0.0206959

0.0853744 0.0129521 0.149408
0.0129521 -0.125891 0.025696
0.149408 0.025696 -0.312372

-0.103638 -0.0172486 0.177986
-0.0172486 -0.118537 -0.0947328
0.177986 -0.0947328 -0.442185

-0.349083 -0.157512 0.127902
-0.157512 -0.674976 0.0437703
0.127902 0.0437703 -0.573914

-0.0183935 0.00144682 -0.00185033
0.00144682 -0.0256758 -0.00218613
-0.00185033 -0.00218613 0.0128312

-0.0234931 0.000227747 -0.00303875
0.000227747 -0.0303791 -0.00446662
-0.00303875 -0.00446662 0.00627719

-0.00772517 0.0049738 -0.0021767
0.0049738 -0.00886733 -0.00361749
-0.0021767 -0.00361749 0.0202898

-0.00825504 0.000103253 0.00057865
0.000103253 -0.0148965 -0.00657387
0.00057865 -0.00657387 0.0279587

-0.0297854 -0.000531104 -0.00982357
-0.000531104 -0.019864 -0.000734262
-0.00982357 -0.000734262 0.0245486

-0.0145855 -0.000947608 -0.00629149
-0.000947608 -0.0150808 -0.00079832
-0.00629149 -0.00079832 0.0300673

-0.0208149 -0.00714258 -0.00193252
-0.00714258 -0.0202421 -0.00306905
-0.00193252 -0.00306905 0.0139874

-0.0139831 0.0230067 0.127858
0.0230067 -0.141471 0.101823
0.127858 0.101823 -0.541443

0.0476056 -0.00210203 -0.000671967
-0.00210203 0.0355223 -0.014649
-0.000671967 -0.014649 -0.0397807

0.0432798 -0.0014848 0.00709778
-0.0014848 0.0106057 0.0613813
0.00709778 0.0613813 -0.309931

-0.00826035 -0.00397314 -0.00602579
-0.00397314 -0.00542266 0.000237241
-0.00602579 0.000237241 0.035611

-0.0452991 0.0711543 0.14606
0.0711543 -0.0477963 0.0807878
0.14606 0.0807878 -0.399512

-0.222973 -0.0229408 0.151082
-0.0229408 -0.643326 0.0320924
0.151082 0.0320924 -0.610167

-0.02188 -0.000618517 -0.00883652
-0.000618517 -0.0195644 0.00276028
-0.00883652 0.00276028 0.0185128

-0.394097 0.169871 0.0603279
0.169871 -0.695527 0.166715
0.0603279 0.166715 -0.72848

-0.0130453 -0.00513554 -0.00859446
-0.00513554 -0.0101321 0.00303907
-0.00859446 0.00303907 0.0299626

-0.0499812 -0.00585373 -0.020025
-0.00585373 -0.0432641 -0.00980357
-0.020025 -0.00980357 -0.146943

0.0224237 0.0146044 0.014902
0.0146044 -0.00173368 0.0179989
0.014902 0.0179989 -0.0844793

0.00209078 -0.00194175 -0.00815175
-0.00194175 0.00420675 0.000826564
-0.00815175 0.000826564 0.0735048

0.00298174 0.00309866 -0.00890342
0.00309866 -0.00379571 -0.00423087
-0.00890342 -0.00423087 0.0611728

-0.00992461 -0.00181777 0.0142219
-0.00181777 -0.026181 -0.0139374
0.0142219 -0.0139374 -0.101715

0.0517028 -0.0072261 -0.000806856
-0.0072261 0.04025 -0.0143897
-0.000806856 -0.0143897 -0.0364391

0.0118332 -0.0109806 0.0182226
-0.0109806 0.019441 -0.0148967
0.0182226 -0.0148967 0.0265593

-0.0348533 0.00234342 -0.00217108
0.00234342 -0.0324077 0.00174494
-0.00217108 0.00174494 0.0150654

-0.0457101 0.000519631 -0.00269123
0.000519631 -0.0493889 -0.00742542
-0.00269123 -0.00742542 0.00333432

0.0320107 -0.00298422 0.00370869
-0.00298422 0.0277715 0.0205971
0.00370869 0.0205971 -0.0554213

-0.00520431 -0.0079785 -0.00227656
-0.0079785 -0.0123897 -0.00220252
-0.00227656 -0.00220252 0.0246879

0.0550944 -0.00437507 0.00197456
-0.00437507 0.00797946 -0.0103822
0.00197456 -0.0103822 0.00420048

0.0035679 -0.00106767 0.00112594
-0.00106767 -0.001241 -0.0126406
0.00112594 -0.0126406 0.0816252

0.0105981 0.00617618 0.00577958
0.00617618 0.00287379 0.0138893
0.00577958 0.0138893 0.0845378

-0.00440013 0.0060168 0.0105275
0.0060168 -0.00687786 0.0139708
0.0105275 0.0139708 0.0645938

-0.0219769 -0.00941345 -0.0024885
-0.00941345 -0.0247949 -0.00701044
-0.0024885 -0.00701044 0.0274278

-0.0209279 -0.00930165 0.00630137
-0.00930165 -0.0297762 -0.00427717
0.00630137 -0.00427717 -0.0008287

0.00686586 -0.00303351 -0.000717223
-0.00303351 0.00574889 -0.0067013
-0.000717223 -0.0067013 0.083987

-0.00421853 6.67941e-05 -0.0115253
6.67941e-05 0.00254504 -0.00377519
-0.0115253 -0.00377519 0.0716053

0.00826876 0.00410812 0.00259547
0.00410812 -0.00763333 0.0037156
0.00259547 0.0037156 0.0806981

0.004296 -0.00179174 -0.0111199
-0.00179174 0.00624328 -0.00427539
-0.0111199 -0.00427539 0.0810928

-0.0194264 -0.00223229 -0.00980254
-0.00223229 -0.0157688 0.0023345
-0.00980254 0.0023345 0.0301778

-0.0154419 0.00126952 0.000498922
0.00126952 -0.0177343 -0.00174389
0.000498922 -0.00174389 0.0382862

-0.0644665 0.00662704 0.0176806
0.00662704 -0.0713705 0.0236635
0.0176806 0.0236635 -0.0704591

0.00666677 0.00235333 0.00540145
0.00235333 0.00272164 0.000963478
0.00540145 0.000963478 0.0696189

-0.0459543 0.00951303 0.0173841
0.00951303 -0.0707144 0.0143145
0.0173841 0.0143145 -0.548734

-0.0129593 -0.0061001 0.000358306
-0.0061001 -0.0135504 0.000900272
0.000358306 0.000900272 0.0353582

-0.0279184 -0.0194208 0.0126371
-0.0194208 0.00483618 -0.00489162
0.0126371 -0.00489162 -0.220579

0.0577445 -0.00396473 -7.14795e-05
-0.00396473 0.0160753 -0.0142781
-7.14795e-05 -0.0142781 0.00527288

0.0394465 0.00119269 0.0265933
0.00119269 0.0133596 -0.00382879
0.0265933 -0.00382879 -0.0263568

-0.0135363 -0.011042 -0.00284872
-0.011042 -0.00834927 -0.00166681
-0.00284872 -0.00166681 0.0302439

0.00547677 -0.00245252 -0.0115534
-0.00245252 0.0116153 -0.00089376
-0.0115534 -0.00089376 0.0841098

-0.0147141 -0.0101916 -0.00336979
-0.0101916 -0.0119373 -0.000267059
-0.00336979 -0.000267059 0.0227764

-0.0159586 -0.00620654 -0.00119257
-0.00620654 -0.0214033 0.00417852
-0.00119257 0.00417852 0.0287798

-0.00111096 0.00234634 0.016357
0.00234634 0.00270049 0.00726752
0.016357 0.00726752 0.0713412

-0.0152983 0.000240454 0.000344098
0.000240454 -0.0191844 -0.00171886
0.000344098 -0.00171886 0.0378199

-0.00181168 0.00058423 -0.0105184
0.00058423 0.00561531 -0.00290938
-0.0105184 -0.00290938 0.0754106

0.00854146 0.00154602 0.00618985
0.00154602 0.0023239 0.00133608
0.00618985 0.00133608 0.0701153

-0.0127023 -0.00115321 0.00543839
-0.00115321 -0.0183265 -0.00440628
0.00543839 -0.00440628 0.0347335

0.000389083 0.00146138 0.0143752
0.00146138 0.00517074 0.00822787
0.0143752 0.00822787 0.0737073

-0.0181316 -0.000920367 -0.0261796
-0.000920367 -0.0158578 0.0105066
-0.0261796 0.0105066 -0.131372

0.0163399 -0.000151397 -0.00496098
-0.000151397 -0.00172237 0.00254187
-0.00496098 0.00254187 0.0714227

0.0159482 -0.00243122 -0.0326881
-0.00243122 0.0419229 -0.0136086
-0.0326881 -0.0136086 -0.363335

0.0207259 -0.00212234 0.00575874
-0.00212234 0.00848805 -0.0068328
0.00575874 -0.0068328 0.083783

-0.0418426 -0.0148942 0.00641095
-0.0148942 -0.0168202 -0.0179751
0.00641095 -0.0179751 -0.0181842

0.00235515 -0.00154555 0.00210824
-0.00154555 -0.00272266 -0.0117044
0.00210824 -0.0117044 0.0810859

-0.00112256 0.00144951 -0.00527775
0.00144951 -0.0135577 0.00166612
-0.00527775 0.00166612 0.0782887

-0.011316 -0.00191618 -0.00877434
-0.00191618 -0.00712904 -0.000582326
-0.00877434 -0.000582326 0.0573289

-0.0172215 0.00443654 -0.00195064
0.00443654 -0.0304287 0.004705
-0.00195064 0.004705 0.0393907

-0.00125003 0.00394316 0.0136117
0.00394316 0.00468644 0.0156837
0.0136117 0.0156837 0.0711532

0.0740823 0.0116935 0.00781997
0.0116935 0.067621 0.000602135
0.00781997 0.000602135 -0.210037

-0.002803 0.000442778 -0.0106827
0.000442778 0.00533765 -0.00258822
-0.0106827 -0.00258822 0.0729554

0.00325394 -0.00116333 -0.00860302
-0.00116333 0.00659606 -0.000599216
-0.00860302 -0.000599216 0.072207

-0.0161838 -0.000285483 -0.136166
-0.000285483 -0.111981 0.0437563
-0.136166 0.0437563 -0.187941

-0.000548172 0.00100035 -0.00666143
0.00100035 -0.00606717 -0.00438161
-0.00666143 -0.00438161 0.049705

-0.0113141 -0.000556421 -0.00919022
-0.000556421 -0.00126334 -0.00209005
-0.00919022 -0.00209005 0.0557245

-0.0184238 -0.0018648 -0.00895644
-0.0018648 -0.020816 -0.0028485
-0.00895644 -0.0028485 0.0229335

-0.0129013 -0.0010945 -0.00653992
-0.0010945 -0.0138572 0.00240082
-0.00653992 0.00240082 0.0426556

-0.0396287 0.00553183 0.00328843
0.00553183 -0.0351016 0.00262575
0.00328843 0.00262575 0.0631788

0.19422 -0.0601925 0.0907277
-0.0601925 0.0458322 -0.0845923
0.0907277 -0.0845923 -0.187362

-0.0100089 -0.00716684 -0.00418393
-0.00716684 -0.00393888 0.0050913
-0.00418393 0.0050913 0.00531536

-0.00186108 0.00575219 0.000260846
0.00575219 -0.00706308 0.0121561
0.000260846 0.0121561 0.0702607

-0.0162221 -0.00686205 0.00407455
-0.00686205 -0.0298223 -0.00909338
0.00407455 -0.00909338 0.00881538

0.00320737 -0.0116263 0.00111378
-0.0116263 -0.0202168 -0.00154928
0.00111378 -0.00154928 0.000989712

0.00715589 0.00338894 0.00651946
0.00338894 -0.000391052 0.00194596
0.00651946 0.00194596 0.0730789

-0.00945852 -0.00693525 0.0114963
-0.00693525 -0.0133283 -0.00336665
0.0114963 -0.00336665 0.0620465

-0.011842 0.00888216 0.00894669
0.00888216 -0.0210332 0.000141254
0.00894669 0.000141254 0.0514566

-0.00938459 0.00732542 7.83782e-05
0.00732542 -0.0120883 0.0122765
7.83782e-05 0.0122765 0.0670064

0.00730101 0.00546069 0.00838138
0.00546069 0.000878114 0.0111282
0.00838138 0.0111282 0.0822951

0.0134594 0.00526876 0.00774632
0.00526876 0.00385603 0.0112034
0.00774632 0.0112034 0.0859324

-0.0168306 -9.71939e-05 -0.00750355
-9.71939e-05 -0.0119858 -0.00241448
-0.00750355 -0.00241448 0.0514972

-0.00570825 0.000595301 -0.00832641
0.000595301 0.0058959 0.00331562
-0.00832641 0.00331562 0.0674891

-0.0036665 -0.00456306 0.00338597
-0.00456306 -0.0206847 -0.00933632
0.00338597 -0.00933632 0.0168128

-0.00804742 0.00240679 0.00227244
0.00240679 -0.0219886 0.00116039
0.00227244 0.00116039 0.0524486

-0.000335794 0.00652989 0.00525863
0.00652989 -0.000126673 0.00874053
0.00525863 0.00874053 0.0644893

-0.0195757 0.00176383 0.0161582
0.00176383 -0.0121027 -0.0164457
0.0161582 -0.0164457 0.0177629

-0.0231824 -0.000993536 4.43126e-05
-0.000993536 -0.0239882 -0.00213278
4.43126e-05 -0.00213278 0.0329079

0.00248593 0.00266376 -0.0169442
0.00266376 -0.00734232 -0.00420741
-0.0169442 -0.00420741 0.0502982

-0.00566501 -0.00377988 0.0137065
-0.00377988 -0.0122633 -0.00265062
0.0137065 -0.00265062 0.0656254

-0.00425974 -0.00367015 0.010178
-0.00367015 -0.00246211 -0.0048657
0.010178 -0.0048657 0.0687084

0.00423657 0.00524924 0.00489567
0.00524924 0.00219542 0.00967005
0.00489567 0.00967005 0.0652751

-0.00775923 0.0023791 0.00323468
0.0023791 -0.025941 0.00223895
0.00323468 0.00223895 0.0512351

0.00635188 0.00775662 0.0141748
0.00775662 0.00548685 0.00642643
0.0141748 0.00642643 0.0655944

0.0117801 0.00366941 0.0201691
0.00366941 0.0155214 0.00278178
0.0201691 0.00278178 0.0736855

-0.00307052 -0.00473773 0.0147504
-0.00473773 -0.00774851 -0.00634932
0.0147504 -0.00634932 0.0667839

0.014094 0.0115209 0.0309169
0.0115209 0.0047547 -0.0442757
0.0309169 -0.0442757 -0.333898

0.00317272 -0.00119711 -0.0306205
-0.00119711 0.0133461 -0.00999402
-0.0306205 -0.00999402 -0.376005

-0.0151029 -0.00415501 0.0103998
-0.00415501 -0.0150182 -0.00583286
0.0103998 -0.00583286 0.0545119

-0.00346735 -0.00328623 0.0119102
-0.00328623 -0.00765871 -0.00392893
0.0119102 -0.00392893 0.0744812

-0.005901 -0.00477902 0.0114851
-0.00477902 -0.00855115 -0.00652223
0.0114851 -0.00652223 0.0674192

-0.0147957 0.000883716 0.00055905
0.000883716 -0.0157758 0.00723725
0.00055905 0.00723725 -0.271671

0.0290945 0.00324764 0.00951001
0.00324764 1.18862e-05 0.0250665
0.00951001 0.0250665 -0.18472

0.0450324 0.00435588 0.000744843
0.00435588 0.0548557 -0.0692505
0.000744843 -0.0692505 -0.35506

0.0242362 0.0107097 0.0126844
0.0107097 -0.00996711 0.0208452
0.0126844 0.0208452 -0.235604

-0.0552835 0.0130899 -0.0110993
0.0130899 -0.0552499 0.0370008
-0.0110993 0.0370008 -0.479703

-1.21614 -0.000569573 0.0843849
-0.000569573 -1.21509 -0.191969
0.0843849 -0.191969 -1.16127

-0.485908 -0.0773895 0.0909435
-0.0773895 -0.779805 -0.204311
0.0909435 -0.204311 -0.774394

0.0592955 -0.0399607 0.0853973
-0.0399607 0.164019 -0.102538
0.0853973 -0.102538 -0.190126

-0.269446 -0.0375578 -0.0491989
-0.0375578 -0.248782 -0.0780202
-0.0491989 -0.0780202 -0.780031

-0.313219 -0.0345625 0.0406383
-0.0345625 -0.207974 -0.0361959
0.0406383 -0.0361959 -0.598162

-0.0877037 -0.0216707 0.00286058
-0.0216707 -0.0382732 0.0945834
0.00286058 0.0945834 -0.533414

0.111418 0.00144482 -0.021376
0.00144482 0.0417609 0.0228536
-0.021376 0.0228536 -0.412602

0.0138971 0.00216024 -0.00773544
0.00216024 0.00246271 -0.0064492
-0.00773544 -0.0064492 0.0744064

-0.620837 0.0268367 0.0916383
0.0268367 -0.216584 -0.12645
0.0916383 -0.12645 -0.557902

-0.0149789 0.00653597 -0.00256479
0.00653597 -0.0278912 0.00536598
-0.00256479 0.00536598 0.0478683

-0.012523 -0.00893877 0.00217231
-0.00893877 -0.0131121 -0.00572306
0.00217231 -0.00572306 0.0495068

-0.0144784 0.00204634 -0.00393709
0.00204634 -0.0110528 -0.00107483
-0.00393709 -0.00107483 0.0528104

0.00219916 0.01582 0.0178452
0.01582 0.00602993 -0.0134362
0.0178452 -0.0134362 -0.0228742

0.00364299 -0.000579738 -0.0101008
-0.000579738 0.00674349 -0.000554828
-0.0101008 -0.000554828 0.0723034

-0.159295 -0.0425697 -0.0821032
-0.0425697 0.0430456 0.116945
-0.0821032 0.116945 -0.585769

-0.196356 0.0227664 0.0394041
0.0227664 -0.105394 -0.00576448
0.0394041 -0.00576448 -0.425835

0.00587707 -0.00211398 -0.0126986
-0.00211398 0.0101511 -0.0040116
-0.0126986 -0.0040116 0.0792844

-0.037884 -0.0219649 0.0311773
-0.0219649 -0.0121886 0.0418263
0.0311773 0.0418263 -0.485598

0.00517792 -0.00669784 0.00831031
-0.00669784 -0.0026924 -0.00254241
0.00831031 -0.00254241 0.0720004

0.000886369 -0.00855573 0.00326486
-0.00855573 -0.00508373 -0.00563698
0.00326486 -0.00563698 0.0578766

-0.0109578 -0.00117409 0.00468618
-0.00117409 -0.0145434 -0.00239051
0.00468618 -0.00239051 0.0541363

-0.0196254 -0.00568956 0.0334412
-0.00568956 -0.0180445 -0.0625285
0.0334412 -0.0625285 -0.449765

0.00601806 -0.00411106 0.00792201
-0.00411106 -0.00537565 -0.0043258
0.00792201 -0.0043258 0.071152

0.0045326 0.00923071 0.0105969
0.00923071 -0.00520909 0.0168549
0.0105969 0.0168549 0.0755546

-0.00300925 -0.00416986 0.00840805
-0.00416986 -0.0113781 -0.00276224
0.00840805 -0.00276224 0.0659133

0.00390844 -0.00590235 0.00899303
-0.00590235 -0.00821862 -0.00391946
0.00899303 -0.00391946 0.0690883

0.0220129 -0.0150275 0.0502113
-0.0150275 0.0389004 0.0467926
0.0502113 0.0467926 -0.427246

-0.00354609 0.00130681 0.00539026
0.00130681 -0.00125726 0.0998346
0.00539026 0.0998346 -0.453641

0.0183894 0.000543687 0.0165828
0.000543687 0.00537409 0.0150915
0.0165828 0.0150915 0.0874589

0.00971911 0.00580199 0.00736051
0.00580199 0.00218364 0.00993514
0.00736051 0.00993514 0.0840334

0.00906036 -0.00182763 0.0101866
-0.00182763 0.0018046 0.0165419
0.0101866 0.0165419 0.0814524

-0.000163227 0.00444668 0.00409551
0.00444668 -0.00606406 0.00888372
0.00409551 0.00888372 0.0724678

0.00613936 0.0075795 0.00866353
0.0075795 0.000566268 0.0184966
0.00866353 0.0184966 0.0790754

0.0214848 -0.0226793 0.0387498
-0.0226793 0.0177756 0.0559653
0.0387498 0.0559653 -0.331934

-0.0218463 0.0026918 -0.00109886
0.0026918 -0.0103747 -0.0608889
-0.00109886 -0.0608889 -0.485671

-0.0096556 -0.00645495 0.00516839
-0.00645495 -0.0196762 -0.00605886
0.00516839 -0.00605886 0.0504818

0.00782957 -0.00539356 0.00037735
-0.00539356 0.00757141 0.0250101
0.00037735 0.0250101 -0.106925

-0.15075 -0.0298723 0.0287879
-0.0298723 -0.0819111 -0.0688343
0.0287879 -0.0688343 -0.569862

-0.0741117 -0.00335199 0.00397569
-0.00335199 -0.077204 -0.0229118
0.00397569 -0.0229118 -0.0138085

-0.0504852 -0.0136277 0.0118147
-0.0136277 -0.0505911 -0.0144315
0.0118147 -0.0144315 -0.026572

-0.0136086 -0.0114175 0.0213948
-0.0114175 0.00852703 0.00681042
0.0213948 0.00681042 -0.23873

-0.0163352 -0.0045205 0.00407299
-0.0045205 -0.0193727 -0.00343284
0.00407299 -0.00343284 0.0499743

-0.0163461 0.000637678 -0.0184375
0.000637678 -0.00714826 0.0255118
-0.0184375 0.0255118 -0.12137

-0.0181035 -0.0155594 -0.0094805
-0.0155594 -0.0204363 0.00622225
-0.0094805 0.00622225 -0.049417

0.016107 0.0101572 0.00992914
0.0101572 -0.0171248 0.0204966
0.00992914 0.0204966 -0.247047

-0.0662003 -0.00585632 -0.00159337
-0.00585632 -0.0815551 -0.0423088
-0.00159337 -0.0423088 -0.043457

-0.0246078 -0.00637549 0.0242473
-0.00637549 -0.00639421 0.00180773
0.0242473 0.00180773 -0.254921

-0.106006 0.0200557 0.0179298
0.0200557 -0.0766149 0.0140238
0.0179298 0.0140238 -0.623402

0.0108109 0.0120767 0.0318176
0.0120767 0.027448 -0.047858
0.0318176 -0.047858 -0.277531

0.0580198 0.0208419 0.0314388
0.0208419 0.0194713 -0.040924
0.0314388 -0.040924 -0.2309

0.128646 -0.0107203 -0.0151969
-0.0107203 0.101834 0.0583305
-0.0151969 0.0583305 -0.337283

0.0656602 0.0175144 0.00538042
0.0175144 0.0539435 -0.022154
0.00538042 -0.022154 -0.225242

-0.00209204 -0.0032386 0.0208178
-0.0032386 0.00528935 0.0152132
0.0208178 0.0152132 -0.163191

0.00547022 -0.0011535 -0.0135256
-0.0011535 0.00752903 -0.00542189
-0.0135256 -0.00542189 0.0814483

0.00169231 0.00147841 0.0187125
0.00147841 0.0436723 -0.00294734
0.0187125 -0.00294734 -0.162762

0.00202817 0.00510973 0.0190972
0.00510973 -0.0166187 0.0343461
0.0190972 0.0343461 -0.486657

0.00551254 -0.00118708 -0.00505016
-0.00118708 0.000311385 -0.00751542
-0.00505016 -0.00751542 0.0657709

0.00437618 -0.00182321 -0.0122051
-0.00182321 0.00825058 0.00016278
-0.0122051 0.00016278 0.0768301

-0.0464476 0.00389543 0.0105213
0.00389543 -0.0334269 -0.00918119
0.0105213 -0.00918119 0.0443531

0.0011242 -0.00291339 0.00201431
-0.00291339 -0.00827581 0.0149132
0.00201431 0.0149132 -0.308818

-0.0610323 -0.00943711 0.0201899
-0.00943711 -0.0417092 -0.00993521
0.0201899 -0.00993521 -0.00480946

-0.00131416 -0.00201236 0.000432932
-0.00201236 -0.00709629 -0.000272069
0.000432932 -0.000272069 0.0718219

-0.0883769 -8.61541e-05 0.0026712
-8.61541e-05 -0.11989 -0.0191117
0.0026712 -0.0191117 0.00286353

-0.00950581 0.0126601 0.0216151
0.0126601 0.0249131 -0.005279
0.0216151 -0.005279 -0.13729

0.0183153 0.00958229 0.0272396
0.00958229 0.0260465 0.00353776
0.0272396 0.00353776 -0.0612224

0.0507004 -0.0229207 0.00599342
-0.0229207 0.0433795 0.0168055
0.00599342 0.0168055 -0.291792

0.104171 0.0246554 0.0158135
0.0246554 0.0732775 -0.0222547
0.0158135 -0.0222547 -0.144106

0.00363882 0.00203244 0.0353267
0.00203244 -0.0323574 0.00391826
0.0353267 0.00391826 -0.229881

-0.000877076 -0.00575337 0.00346798
-0.00575337 -0.00045124 -0.0694496
0.00346798 -0.0694496 -0.47418

0.0317953 0.0365242 0.00219418
0.0365242 0.0478917 -0.0254817
0.00219418 -0.0254817 -0.0511393

0.0309846 0.0154603 0.0113947
0.0154603 0.0306349 -0.0199482
0.0113947 -0.0199482 -0.157556

0.0704868 0.00534403 -0.00432532
0.00534403 0.0605411 -0.0251442
-0.00432532 -0.0251442 -0.330148

-0.0112364 0.0189486 -0.0261109
0.0189486 0.0118782 0.00626108
-0.0261109 0.00626108 -0.570669

-0.00513612 -0.00232165 -0.0083723
-0.00232165 0.000611507 0.000980535
-0.0083723 0.000980535 0.0661936

0.0092982 0.00370372 0.0195828
0.00370372 0.0151464 0.00104529
0.0195828 0.00104529 -0.0425798

0.0262532 -0.00289115 0.0191148
-0.00289115 0.0278114 -0.00610759
0.0191148 -0.00610759 -0.193812

-0.0106029 0.00085451 0.0199664
0.00085451 -0.00810526 -0.00529422
0.0199664 -0.00529422 -0.0813694

0.00660258 0.00309048 0.0140934
0.00309048 0.011649 -0.0115575
0.0140934 -0.0115575 -0.0587088

-0.33733 0.33946 -0.0190737
0.33946 -0.649349 -0.00543786
-0.0190737 -0.00543786 -0.525687

0.017626 -0.00819163 -0.118336
-0.00819163 -0.0228109 -0.0862354
-0.118336 -0.0862354 -0.255177

-0.00471188 -0.0103322 0.0196178
-0.0103322 -0.0045906 -0.00443278
0.0196178 -0.00443278 -0.0421543

-0.0467665 -0.00520185 -0.001393
-0.00520185 -0.0202115 -0.0423758
-0.001393 -0.0423758 -0.485558

0.00457602 -0.00342679 -0.000223321
-0.00342679 0.00193141 -0.00575782
-0.000223321 -0.00575782 0.0810652

-0.0238816 -0.00284632 0.024307
-0.00284632 -0.0213637 -0.00536811
0.024307 -0.00536811 -0.276996

-0.00294123 -0.0054827 -0.0306043
-0.0054827 0.0229901 -0.0181711
-0.0306043 -0.0181711 -0.476651

-1.12314 6.60199e-05 -0.141446
6.60199e-05 -1.12384 -0.01328
-0.141446 -0.01328 -1.00587

-0.00262395 0.000509283 -0.00113505
0.000509283 -0.000701377 -0.00443562
-0.00113505 -0.00443562 0.0761431

0.00368056 0.000413363 0.00414611
0.000413363 -0.0038631 5.1769e-05
0.00414611 5.1769e-05 0.0693388

-0.00912293 -0.00395545 0.0102631
-0.00395545 -0.0414986 0.000783458
0.0102631 0.000783458 -0.0286444

0.00161707 -0.00155464 0.00606255
-0.00155464 -0.00920695 0.0089813
0.00606255 0.0089813 0.0632259

-0.0215322 -0.00517293 0.00591525
-0.00517293 -0.0260164 -0.0161247
0.00591525 -0.0161247 0.0175597

-0.0124737 0.00684296 0.0018337
0.00684296 -0.0160004 0.00300658
0.0018337 0.00300658 0.00760404

-0.021519 -0.00768147 0.00641355
-0.00768147 -0.00331625 -0.00968893
0.00641355 -0.00968893 0.00826891

-0.0334419 -0.0115142 0.0120341
-0.0115142 -0.0232364 -0.0104497
0.0120341 -0.0104497 -0.00277313

-0.0143481 -0.00743655 0.00553256
-0.00743655 -0.0145777 -0.0112564
0.00553256 -0.0112564 0.0201306

-0.0257266 0.00448422 0.00203994
0.00448422 -0.0397878 0.00205649
0.00203994 0.00205649 -0.00622215

-0.751725 -0.15562 -0.0154405
-0.15562 -0.450116 -0.104401
-0.0154405 -0.104401 -0.678879

-1.12314 6.60199e-05 -0.141446
6.60199e-05 -1.12384 -0.01328
-0.141446 -0.01328 -1.00587

-0.0136743 0.013961 0.00174632
0.013961 0.001794 0.0119626
0.00174632 0.0119626 0.00225789

0.0102301 -0.00369323 -0.00758136
-0.00369323 -0.00907897 -0.0110455
-0.00758136 -0.0110455 0.0585273

0.0652234 0.0127967 0.045316
0.0127967 0.0399525 -0.0411447
0.045316 -0.0411447 -0.28549

-0.476745 -0.144821 -0.0202764
-0.144821 -0.772264 -0.157868
-0.0202764 -0.157868 -0.709659

-0.0540317 -0.00832696 0.00584802
-0.00832696 -0.0285229 -0.00708954
0.00584802 -0.00708954 -0.00815288

0.0142902 0.0036238 0.00365902
0.0036238 0.00350853 0.0138053
0.00365902 0.0138053 0.0803932

-0.0227999 0.00674567 -0.000351643
0.00674567 -0.0179268 0.00146229
-0.000351643 0.00146229 0.0178476

-0.020438 0.00351944 0.00464538
0.00351944 -0.023956 0.0114736
0.00464538 0.0114736 0.0317979

0.00112069 0.00318794 0.00234314
0.00318794 -0.00947571 0.0157736
0.00234314 0.0157736 0.0566553

0.00032413 0.00307178 -0.00451874
0.00307178 -0.0039986 0.00747804
-0.00451874 0.00747804 0.0589973

-0.0127882 -0.00185185 -0.0031492
-0.00185185 -0.0156974 -0.0041493
-0.0031492 -0.0041493 0.0389893

-0.0360233 -0.00274535 0.0387351
-0.00274535 -0.0294936 0.00296662
0.0387351 0.00296662 -0.290982

-0.0466446 -0.0141362 -0.0101974
-0.0141362 -0.0345377 -0.011933
-0.0101974 -0.011933 0.00997703

0.00477656 -0.00185421 -0.0103279
-0.00185421 0.0107761 -0.000896447
-0.0103279 -0.000896447 0.0816767

-0.0394307 0.00222901 0.0444226
0.00222901 -0.0169617 0.0181774
0.0444226 0.0181774 -0.500185

-0.0121373 0.0017459 -0.00614271
0.0017459 -0.0178808 0.00133501
-0.00614271 0.00133501 0.0267408

0.012702 0.00353833 -0.00269815
0.00353833 0.00848313 0.00637
-0.00269815 0.00637 0.081699

0.0100077 0.00162393 -0.00772814
0.00162393 0.0130247 -0.00229299
-0.00772814 -0.00229299 0.0853194

-0.0157545 -0.0123876 -0.00507015
-0.0123876 -0.000981638 -0.00380399
-0.00507015 -0.00380399 0.0571489

0.0606168 0.0212686 -0.0600155
0.0212686 0.0591731 0.0110978
-0.0600155 0.0110978 -0.309183

-0.0524366 -0.0137283 0.00162135
-0.0137283 -0.0294619 -0.00296661
0.00162135 -0.00296661 -0.00470951

-0.0264817 -0.00677001 0.0133731
-0.00677001 -0.00869272 0.0108621
0.0133731 0.0108621 0.0439386

0.00162927 9.09241e-05 0.00640459
9.09241e-05 -0.00988796 0.000570334
0.00640459 0.000570334 0.0645654

-0.0577007 0.01131 -0.0331115
0.01131 -0.0615251 -0.00957162
-0.0331115 -0.00957162 -0.61984

-0.00883161 0.00400352 0.00643505
0.00400352 0.00178103 -0.00120905
0.00643505 -0.00120905 0.0539963

0.00665945 0.000571206 -0.0150746
0.000571206 0.00812555 6.09414e-05
-0.0150746 6.09414e-05 0.0840755

-0.00146329 -0.000461125 0.0078152
-0.000461125 -0.0058677 -8.08009e-05
0.0078152 -8.08009e-05 0.0485895

-0.00114811 -0.00306934 0.0069135
-0.00306934 -0.00360321 0.002475
0.0069135 0.002475 0.0530824

-0.0237273 -0.00864123 0.00144208
-0.00864123 -0.0126499 -0.00267047
0.00144208 -0.00267047 0.0444813

-0.0284587 -0.00346319 -0.000983547
-0.00346319 -0.0313655 0.00390494
-0.000983547 0.00390494 0.0206587

0.0021249 0.00310044 0.0134459
0.00310044 0.00506018 0.010325
0.0134459 0.010325 0.0661282

0.0362819 -0.00689915 0.012808
-0.00689915 0.0373797 0.0231685
0.012808 0.0231685 -0.16452

0.0233608 0.00778471 -0.059738
0.00778471 0.0186648 0.0242485
-0.059738 0.0242485 -0.418257

-0.0391219 0.00853301 0.00621369
0.00853301 -0.0220242 0.00366136
0.00621369 0.00366136 -0.00344176

0.00810877 0.000435991 0.00432063
0.000435991 0.00225027 0.010675
0.00432063 0.010675 0.0887292

-0.0174856 0.00253038 0.00210306
0.00253038 -0.0205446 -0.0117497
0.00210306 -0.0117497 0.059032

0.00277436 0.00272404 0.0132852
0.00272404 0.00960601 0.00204891
0.0132852 0.00204891 0.0684395

-0.010519 -0.00164474 0.0146517
-0.00164474 -0.00589558 -0.00105225
0.0146517 -0.00105225 0.0557348

-0.000763834 -0.00421538 0.0144777
-0.00421538 0.000478362 -0.00497634
0.0144777 -0.00497634 0.0665114

-0.00604834 -0.00490928 0.0149276
-0.00490928 -0.00527563 -0.0035515
0.0149276 -0.0035515 0.0565268

0.00375062 -0.000669337 0.0039485
-0.000669337 0.0133274 -0.00911978
0.0039485 -0.00911978 0.0755573

0.00948933 -0.00249891 0.010117
-0.00249891 0.00958483 -0.0120246
0.010117 -0.0120246 0.0802836

-0.0101287 -0.00288689 0.0104597
-0.00288689 -0.00861467 0.00820696
0.0104597 0.00820696 0.0581764

0.00910527 0.000461037 0.0165018
0.000461037 0.00266907 0.00413584
0.0165018 0.00413584 0.0651237

0.0259103 -0.00671458 -0.00809161
-0.00671458 0.0242296 -0.0203297
-0.00809161 -0.0203297 -0.175241

-0.0192285 0.000914516 -0.0101834
0.000914516 -0.0167265 -0.0064186
-0.0101834 -0.0064186 0.0583679

0.00758729 0.000588503 0.0133867
0.000588503 -0.00826616 0.0205922
0.0133867 0.0205922 0.0682832

-0.00656909 0.00347442 -0.00769452
0.00347442 -0.00375028 -0.00301778
-0.00769452 -0.00301778 0.0717318

0.00202157 -0.00610838 -0.0332008
-0.00610838 0.00904317 -0.0261797
-0.0332008 -0.0261797 -0.450732

-0.0716804 0.0200599 -0.0302518
0.0200599 -0.0820315 -0.025726
-0.0302518 -0.025726 -0.62362

0.00158612 -0.000816346 0.0123068
-0.000816346 -0.00498967 0.0166024
0.0123068 0.0166024 0.0748452

0.00943068 -4.25428e-05 0.00362538
-4.25428e-05 0.000801278 0.0110938
0.00362538 0.0110938 0.0891823

0.00814959 0.000884009 0.0092748
0.000884009 0.00436427 0.00432642
0.0092748 0.00432642 0.0667175

0.00587875 0.0064226 0.0140889
0.0064226 0.0042034 0.0113044
0.0140889 0.0113044 0.0674271

0.112209 -0.0180136 0.0307898
-0.0180136 0.103836 -0.0219573
0.0307898 -0.0219573 -0.0227407

-0.0436314 -0.00731813 0.00692316
-0.00731813 -0.0606935 -0.0255395
0.00692316 -0.0255395 -0.000606598

0.00385474 0.000573969 0.00694345
0.000573969 -0.00404764 0.00259882
0.00694345 0.00259882 0.0702552

0.00288109 -0.00265737 0.00604054
-0.00265737 -0.00846264 0.00874523
0.00604054 0.00874523 0.0690574

0.0286637 0.00357777 -0.000411073
0.00357777 0.0257098 0.00496614
-0.000411073 0.00496614 0.111266

0.000724695 7.40383e-05 0.000922832
7.40383e-05 -0.00599854 0.0075734
0.000922832 0.0075734 0.0651102

-0.0648012 -0.0090876 -0.03513
-0.0090876 -0.110148 -0.0105251
-0.03513 -0.0105251 -0.52489

-0.0539924 0.00259715 -0.0326734
0.00259715 -0.00599652 -0.0288199
-0.0326734 -0.0288199 -0.506117

-0.0242232 0.0100899 0.00175244
0.0100899 -0.0174064 0.00166139
0.00175244 0.00166139 0.0546902

0.0139162 -0.0122728 -0.0301627
-0.0122728 -0.0276906 0.0496605
-0.0301627 0.0496605 -0.309078

0.0520926 0.011579 0.0133476
0.011579 0.0108346 -0.012087
0.0133476 -0.012087 -0.249565

0.0109291 0.00572562 0.0155629
0.00572562 0.00845837 0.0122109
0.0155629 0.0122109 0.077862

-0.0248662 0.00293652 -0.0344908
0.00293652 -0.0379756 0.0190581
-0.0344908 0.0190581 -0.204497

-0.00070321 -0.000899961 -0.0104808
-0.000899961 0.00652405 -0.00170761
-0.0104808 -0.00170761 0.0805994

0.0301205 0.0133663 -0.0307968
0.0133663 0.0421979 -0.0153512
-0.0307968 -0.0153512 -0.379212

0.0021589 -0.000943118 0.00812003
-0.000943118 -0.00459361 0.0156307
0.00812003 0.0156307 0.0832238

-0.0199412 0.0072305 0.000701007
0.0072305 -0.0141868 0.00535138
0.000701007 0.00535138 0.0683494

-0.00582084 0.0112821 0.00220614
0.0112821 -0.00486372 0.00536974
0.00220614 0.00536974 0.0770374

-0.000722333 -0.00858483 0.000592643
-0.00858483 0.000142955 -0.000918349
0.000592643 -0.000918349 0.0545676

0.0147198 0.00277107 -0.0107769
0.00277107 0.0121853 -0.00645032
-0.0107769 -0.00645032 -0.0311736

-0.028791 0.0136446 0.0228677
0.0136446 -0.05349 0.0302759
0.0228677 0.0302759 -0.516409

-0.277468 -0.000235964 0.0613821
-0.000235964 -0.402634 -0.000502232
0.0613821 -0.000502232 -0.696547

-0.0201008 -0.00201747 0.0330504
-0.00201747 -0.126974 -0.0328199
0.0330504 -0.0328199 -0.424807

-0.176084 0.0170614 0.0621723
0.0170614 -0.229829 -0.0166989
0.0621723 -0.0166989 -0.599337

-0.166265 -0.00968789 0.00334897
-0.00968789 -0.107423 0.113889
0.00334897 0.113889 -0.75245

-0.0575123 0.00368177 0.0432092
0.00368177 -0.125772 -0.0148769
0.0432092 -0.0148769 -0.52584

-0.0229437 -0.00355537 0.00214012
-0.00355537 -0.0227799 -0.0072575
0.00214012 -0.0072575 0.0645934

-0.00390015 0.00111429 0.00738155
0.00111429 -0.0197813 0.017886
0.00738155 0.017886 -0.219508

-0.0859378 -0.00694959 -0.0313567
-0.00694959 -0.0293019 0.0416819
-0.0313567 0.0416819 -0.518992

-0.0375068 0.0015778 0.0111529
0.0015778 -0.0333704 0.0221853
0.0111529 0.0221853 -0.112532

-0.0136996 -7.48368e-05 0.0207161
-7.48368e-05 0.00271888 0.0094669
0.0207161 0.0094669 -0.0619471

-0.0182227 0.00221764 0.000165759
0.00221764 -0.0270696 -0.00838661
0.000165759 -0.00838661 0.0543783

-0.0852275 0.00487675 -0.0450329
0.00487675 -0.04193 -0.0285344
-0.0450329 -0.0285344 -0.528431

-0.0191826 0.0135479 -0.0538134
0.0135479 0.0286743 0.031775
-0.0538134 0.031775 -0.407779

-0.0373262 0.0101592 -0.0787962
0.0101592 -0.0247735 0.00221145
-0.0787962 0.00221145 -0.473858

0.00593062 -0.000413983 -0.00758032
-0.000413983 0.0108884 0.000624074
-0.00758032 0.000624074 0.0761002

-0.0369653 0.00963601 0.00604356
0.00963601 -0.0276055 0.00385015
0.00604356 0.00385015 -0.00473635

0.0113451 -0.00158055 0.00238797
-0.00158055 -0.000429055 0.0142599
0.00238797 0.0142599 0.0871286

0.0348836 -0.00738367 0.0126723
-0.00738367 0.0790347 0.0827541
0.0126723 0.0827541 -0.397594

0.0134481 -0.000360849 -0.000852951
-0.000360849 0.00285458 0.00927816
-0.000852951 0.00927816 0.0867161

-0.00997901 -0.00268974 -0.0012754
-0.00268974 -0.015394 -0.00243762
-0.0012754 -0.00243762 0.0680112

0.0105511 0.000243928 -0.00810051
0.000243928 0.00620241 -0.00728058
-0.00810051 -0.00728058 0.0835138

-0.003053 -0.00661822 -0.00191598
-0.00661822 -0.00367222 -0.0053744
-0.00191598 -0.0053744 0.0718888

-0.0568581 0.00438649 0.00901685
0.00438649 -0.0489182 -0.0118362
0.00901685 -0.0118362 0.0368416

-0.269789 -0.0476729 -0.0241347
-0.0476729 -0.134888 -0.0259263
-0.0241347 -0.0259263 -0.70736

-0.0453316 0.0024566 0.000721736
0.0024566 -0.0481583 -0.000173428
0.000721736 -0.000173428 0.0598584

0.0407238 -0.0142594 0.0199332
-0.0142594 0.0248547 -0.00153518
0.0199332 -0.00153518 -0.132018

-0.00483912 -0.00139744 -0.00346148
-0.00139744 -0.0135469 -0.00246388
-0.00346148 -0.00246388 0.0726956

0.00581541 0.0078166 -0.033344
0.0078166 0.00151943 0.0239336
-0.033344 0.0239336 -0.244753

0.0829655 0.00456966 0.0376846
0.00456966 0.0939077 -0.0225456
0.0376846 -0.0225456 -0.295857

0.00937684 -0.00720284 -0.0030204
-0.00720284 0.00326442 -0.00552417
-0.0030204 -0.00552417 0.0791843

0.107289 -0.00950036 0.00571472
-0.00950036 0.0923671 -0.00702712
0.00571472 -0.00702712 -0.0130209

0.00125299 -0.00229255 -0.00626054
-0.00229255 0.00789445 9.33191e-06
-0.00626054 9.33191e-06 0.0793285

0.00268902 0.00443136 -0.0260859
0.00443136 0.0167254 -0.00719315
-0.0260859 -0.00719315 -0.0995965

-0.00591834 0.00788811 0.00474365
0.00788811 -0.0103409 0.0074578
0.00474365 0.0074578 0.0764646

-0.0123662 -0.00816517 -0.0058725
-0.00816517 -0.00501905 -0.00159484
-0.0058725 -0.00159484 0.070559

-0.00398546 0.000450964 -0.0061802
0.000450964 -0.0127696 -0.00298756
-0.0061802 -0.00298756 0.0691111

-0.00158628 0.00457075 0.000299622
0.00457075 0.000242126 0.0107448
0.000299622 0.0107448 0.0764221

-9.48888e-05 -0.0013675 -0.0344128
-0.0013675 -0.0167242 0.0102609
-0.0344128 0.0102609 -0.1514

-0.0138986 0.000568645 0.000147079
0.000568645 -0.0137753 0.011079
0.000147079 0.011079 0.0667358

-0.0132792 -0.00130532 0.000530887
-0.00130532 -0.0363616 0.00435032
0.000530887 0.00435032 0.0376567

-0.00487845 0.0157761 0.0128603
0.0157761 -0.00834002 0.00608456
0.0128603 0.00608456 -0.484244

0.00112399 -0.00352399 -0.00828395
-0.00352399 -0.00788165 -0.0021182
-0.00828395 -0.0021182 0.0737585

-0.042703 -0.00859273 -0.0235944
-0.00859273 -0.0194934 -0.00270597
-0.0235944 -0.00270597 -0.129374

0.00675378 -0.00128427 -0.012538
-0.00128427 0.0104509 -0.00186548
-0.012538 -0.00186548 0.0815594

-0.0779656 0.00567928 0.00577535
0.00567928 -0.0743337 -0.035394
0.00577535 -0.035394 -0.567522

-0.0230124 0.00174859 0.00174712
0.00174859 -0.0353836 0.00565979
0.00174712 0.00565979 0.0635458

-0.0131968 -0.000705455 0.000479695
-0.000705455 -0.00806854 -0.00271765
0.000479695 -0.00271765 0.0534521

0.00192639 -0.00165745 0.00746822
-0.00165745 -0.0024588 0.00262869
0.00746822 0.00262869 0.0650047

0.00652428 -0.00227782 -0.00566052
-0.00227782 0.0107762 0.00017642
-0.00566052 0.00017642 0.0821181

-0.0050713 -0.00376838 0.00757266
-0.00376838 -0.0165855 -0.0033055
0.00757266 -0.0033055 0.047591

-0.0115588 -0.0115472 0.00209838
-0.0115472 -0.0147254 0.00522236
0.00209838 0.00522236 -0.0055133

0.00451883 -6.84787e-05 -0.0106029
-6.84787e-05 0.00876258 -0.00109173
-0.0106029 -0.00109173 0.0752588

-0.004041 -0.00192266 0.0077701
-0.00192266 -0.0110323 -0.00411264
0.0077701 -0.00411264 0.0501071

0.00641168 0.00378986 -0.00267293
0.00378986 0.0121096 -0.00608201
-0.00267293 -0.00608201 0.0705978

0.0105837 0.00754474 0.0154367
0.00754474 0.0118028 0.0296932
0.0154367 0.0296932 -0.168693

-0.0432704 -1.68892e-05 0.00486747
-1.68892e-05 -0.0440769 0.00652968
0.00486747 0.00652968 0.0443226

-0.0184971 -0.0142015 -0.0151979
-0.0142015 -0.0332646 -0.00496131
-0.0151979 -0.00496131 -0.0124079

0.0713127 -0.00844502 0.0382829
-0.00844502 0.0772144 -0.0232997
0.0382829 -0.0232997 -0.177909

-0.00899061 -0.00184013 -0.0105545
-0.00184013 -0.00326924 -0.00210953
-0.0105545 -0.00210953 0.069812

-0.00686191 -0.00234006 0.00613028
-0.00234006 -0.00581217 -0.00106474
0.00613028 -0.00106474 0.064771

0.00696766 0.000339421 0.00611755
0.000339421 1.03717e-05 0.0111364
0.00611755 0.0111364 0.066725

0.00492165 0.00314203 0.00688235
0.00314203 -0.00136659 0.00613503
0.00688235 0.00613503 0.066683

-0.0152094 -0.014356 0.00132553
-0.014356 -0.0274006 0.00127544
0.00132553 0.00127544 -0.000732695

0.00458219 -0.000781811 0.00756293
-0.000781811 0.00217615 0.000572272
0.00756293 0.000572272 0.0692335

-0.00966369 0.00550802 -0.00269988
0.00550802 -0.0209962 0.00401387
-0.00269988 0.00401387 0.0507556

0.012029 0.00303056 -0.00732605
0.00303056 0.00276031 0.00934369
-0.00732605 0.00934369 0.0857112

0.0468457 0.0069995 -0.0110524
0.0069995 0.0474585 0.0105939
-0.0110524 0.0105939 -0.377189

0.00496864 -0.00154564 -0.0101991
-0.00154564 0.00848984 -0.000975692
-0.0101991 -0.000975692 0.0778622

0.00494846 0.0036099 -0.00489661
0.0036099 -0.00523865 0.0178517
-0.00489661 0.0178517 0.0684548

0.0322927 -0.00117923 -0.0100147
-0.00117923 0.0323281 -0.0717436
-0.0100147 -0.0717436 -0.381924

0.00374934 0.00468677 0.0102445
0.00468677 0.00846962 1.21798e-05
0.0102445 1.21798e-05 0.0617261

0.0101806 0.00360382 -0.00185342
0.00360382 0.012002 0.0132817
-0.00185342 0.0132817 0.0706063

0.000946692 -0.0015349 -0.0131827
-0.0015349 0.00250957 0.0106682
-0.0131827 0.0106682 0.0772334

0.000751672 -0.00122957 0.0117077
-0.00122957 0.0021699 0.00351436
0.0117077 0.00351436 0.0699667

-0.0436347 -0.00653505 0.00914301
-0.00653505 -0.0103833 -0.0411279
0.00914301 -0.0411279 -0.528646

-0.0636098 -0.000779387 0.0207814
-0.000779387 -0.0481206 -0.0732359
0.0207814 -0.0732359 -0.539254

0.00800454 -0.000472273 0.0151256
-0.000472273 0.002608 -0.000117355
0.0151256 -0.000117355 0.0701814

0.0230953 0.00594478 -0.00745017
0.00594478 0.0100857 0.0133973
-0.00745017 0.0133973 0.0936728

0.00158831 0.000132303 -0.00813013
0.000132303 0.00108228 0.00163842
-0.00813013 0.00163842 0.0935929

0.00328752 0.00401052 -0.016684
0.00401052 0.00504233 0.00200225
-0.016684 0.00200225 0.0860409

-0.0117961 1.54318e-05 -0.00526113
1.54318e-05 -0.00654606 0.00484195
-0.00526113 0.00484195 0.061564

0.00942876 0.000732049 -0.00465699
0.000732049 0.00595134 0.00415774
-0.00465699 0.00415774 0.101415

-0.0200738 -0.00595742 0.0116612
-0.00595742 -0.0155789 -0.0039392
0.0116612 -0.0039392 0.0576772

-0.0104741 -0.00145389 -0.00616134
-0.00145389 -0.0055304 -0.00102088
-0.00616134 -0.00102088 0.0498092

-0.0173 0.0141397 0.00325996
0.0141397 -0.0120453 0.00591733
0.00325996 0.00591733 0.0738004

0.0604992 0.014886 0.00122633
0.014886 0.112991 -0.0971946
0.00122633 -0.0971946 -0.350801

-0.00362687 -0.00124541 -0.00730341
-0.00124541 0.00356603 -0.000971814
-0.00730341 -0.000971814 0.068957

-0.00773723 -0.0031785 -0.00570507
-0.0031785 0.00173653 -0.0015679
-0.00570507 -0.0015679 0.0689867

-0.00529969 -0.00198024 -0.00585723
-0.00198024 0.00262954 -0.00251881
-0.00585723 -0.00251881 0.0553074

-0.0750055 -0.0185569 0.0351591
-0.0185569 -0.0901646 0.0202986
0.0351591 0.0202986 -0.541288

0.0228486 -0.00158052 -0.00739554
-0.00158052 0.0307565 -0.00535194
-0.00739554 -0.00535194 -0.00522331

-0.292149 0.0363836 0.0874643
0.0363836 -0.305947 -0.0211309
0.0874643 -0.0211309 -0.713444

0.00973297 0.01522 0.010069
0.01522 0.0160497 -0.0357178
0.010069 -0.0357178 -0.380331

-0.0240802 0.00244617 -0.02734
0.00244617 0.0241226 -0.0243503
-0.02734 -0.0243503 -0.451096

0.0169322 -0.0162527 -0.00593179
-0.0162527 0.00438869 -0.0105255
-0.00593179 -0.0105255 0.0732879

-0.0937692 -0.00311279 0.00359147
-0.00311279 -0.124284 0.0282937
0.00359147 0.0282937 -0.361317

0.0102236 0.00532516 -0.0733593
0.00532516 0.0311341 -0.0275073
-0.0733593 -0.0275073 -0.405582

-0.0154522 0.00243864 -0.0195781
0.00243864 -0.00810622 -0.0336532
-0.0195781 -0.0336532 -0.274287

0.0440044 0.0121124 -0.00609105
0.0121124 0.0181111 0.00847998
-0.00609105 0.00847998 -0.355899

0.0168199 0.00964489 -0.0296532
0.00964489 0.0231364 0.00534959
-0.0296532 0.00534959 -0.0888957

-0.0171452 0.00196 0.00627538
0.00196 -0.0139989 0.00635206
0.00627538 0.00635206 0.0388331

-0.00683076 -0.0145228 0.000544609
-0.0145228 -0.00399618 -0.0104449
0.000544609 -0.0104449 0.0261583

-0.0594966 0.00741296 0.0151451
0.00741296 -0.0478114 -0.0269221
0.0151451 -0.0269221 -0.0314458

0.00651322 -0.00233714 0.00930786
-0.00233714 -0.0097594 0.0213768
0.00930786 0.0213768 -0.186602

0.0742672 0.0178465 -0.0026191
0.0178465 0.0691223 0.0194294
-0.0026191 0.0194294 -0.0686209

0.00286534 -0.00198429 -0.0102637
-0.00198429 0.00425878 0.000707153
-0.0102637 0.000707153 0.0722765

0.0441756 -0.0021508 0.0239576
-0.0021508 0.0152159 0.0340672
0.0239576 0.0340672 -0.239428

0.0508132 0.0276905 0.00381012
0.0276905 0.0268586 -0.0245743
0.00381012 -0.0245743 -0.219013

-0.0173134 -0.0257325 0.0303997
-0.0257325 0.0132034 0.0270231
0.0303997 0.0270231 -0.252385

-0.0147372 -0.0143981 0.0474285
-0.0143981 -0.0127982 0.0475425
0.0474285 0.0475425 -0.32765

-0.00676376 0.00342852 0.00108776
0.00342852 -0.0279154 0.00409555
0.00108776 0.00409555 0.067994

0.0012598 0.0085624 0.0142933
0.0085624 0.00666787 0.00397077
0.0142933 0.00397077 0.0669909

0.0291171 0.00959033 -0.0133399
0.00959033 0.0313968 -0.00337842
-0.0133399 -0.00337842 0.0963866

0.0021756 -0.00165732 -0.00150049
-0.00165732 -0.00363741 0.00267387
-0.00150049 0.00267387 0.0632792

-0.0114956 -0.00167842 -0.00997939
-0.00167842 -0.00674205 0.00264988
-0.00997939 0.00264988 0.0576103

-0.058811 -0.0248633 0.0127438
-0.0248633 -0.106554 -0.0206665
0.0127438 -0.0206665 -0.604608

-0.0057132 -0.00271484 -0.00926687
-0.00271484 -0.00067416 -0.00213191
-0.00926687 -0.00213191 0.0672032

-0.0113439 0.00197759 -0.0109857
0.00197759 -0.00905132 0.000596163
-0.0109857 0.000596163 0.051401

0.038548 0.00792548 0.00418032
0.00792548 0.0541796 -0.0966285
0.00418032 -0.0966285 -0.380252

-0.00245804 -0.0026792 -0.00757977
-0.0026792 0.00221309 -0.00483901
-0.00757977 -0.00483901 0.0728279

-0.138643 -0.0320979 0.00240436
-0.0320979 -0.163134 0.00983706
0.00240436 0.00983706 -0.568401

-0.0149202 0.0137328 -0.00917925
0.0137328 0.0537581 -0.0486286
-0.00917925 -0.0486286 -0.396169

-0.00226515 -0.0119883 -0.0580777
-0.0119883 0.0290296 -0.057718
-0.0580777 -0.057718 -0.351013

0.0399726 0.00171992 0.0283004
0.00171992 0.0142867 0.0339313
0.0283004 0.0339313 -0.244394

0.0404347 -0.000977449 0.0112145
-0.000977449 0.0631889 0.0220224
0.0112145 0.0220224 -0.419076

0.0114483 0.0050457 0.000635473
0.0050457 -0.00301922 0.0104491
0.000635473 0.0104491 0.0885132

0.00857165 -0.00114693 -0.0251795
-0.00114693 0.0218434 -0.0138655
-0.0251795 -0.0138655 -0.097187

-0.0316396 0.00494921 -0.00305155
0.00494921 -0.0484535 -0.000874246
-0.00305155 -0.000874246 0.040511

-0.0109546 0.00548606 0.00684597
0.00548606 -0.0122285 0.00934053
0.00684597 0.00934053 -0.00693806

-0.00669891 -0.0020943 0.00548225
-0.0020943 -0.00578854 -0.0138792
0.00548225 -0.0138792 0.0714071

0.00408027 -0.00181649 0.00604707
-0.00181649 0.0102443 0.00338908
0.00604707 0.00338908 0.0730464

-0.01062 0.00146139 0.00229469
0.00146139 -0.00576724 0.0092764
0.00229469 0.0092764 -0.0282945

-0.015872 0.00700766 0.00644103
0.00700766 -0.023374 0.00443914
0.00644103 0.00443914 -0.0222064

-0.0384514 -0.00891197 -0.0175314
-0.00891197 -0.0558641 -0.00237384
-0.0175314 -0.00237384 -0.0286549

0.00424843 -0.0026144 -0.00110554
-0.0026144 0.000257439 -0.00764076
-0.00110554 -0.00764076 0.0698202

0.053526 0.0235261 0.00493586
0.0235261 0.0618142 -0.0165217
0.00493586 -0.0165217 -0.280701

0.000280024 0.000632372 -0.00960085
0.000632372 0.00556364 -0.00154763
-0.00960085 -0.00154763 0.0721501

-0.341567 0.00514761 -0.0192247
0.00514761 -0.343109 0.0585663
-0.0192247 0.0585663 -0.79163

-0.0886303 0.0110964 -0.0117204
0.0110964 -0.0252601 -0.077507
-0.0117204 -0.077507 -0.601063

-0.00446942 -0.000978412 -0.0115964
-0.000978412 0.00216414 -0.00511122
-0.0115964 -0.00511122 0.0689605

-0.0176265 0.0118687 -0.057306
0.0118687 -0.0196472 -0.0694482
-0.057306 -0.0694482 -0.477407

0.0681669 -0.0227574 -0.0471026
-0.0227574 0.0623805 -0.0288385
-0.0471026 -0.0288385 -0.238881

-0.00615209 0.000762106 0.00159702
0.000762106 -0.00245678 0.00581498
0.00159702 0.00581498 -0.0186251

-0.0410548 -0.00831068 -0.0242428
-0.00831068 -0.0436713 -0.0288871
-0.0242428 -0.0288871 -0.412977

0.00202582 -0.00335792 -0.0100053
-0.00335792 0.00660726 -0.00180109
-0.0100053 -0.00180109 0.0799796

0.0578361 -0.012852 -0.0187063
-0.012852 0.0566724 -0.0363063
-0.0187063 -0.0363063 -0.0992748

-0.00384708 -0.00330062 0.00974458
-0.00330062 -0.00477549 -0.00496468
0.00974458 -0.00496468 0.0686233

0.0549659 -0.00223197 0.00158953
-0.00223197 0.0308546 -0.0276589
0.00158953 -0.0276589 -0.0289853

0.0437461 0.0184081 0.0330136
0.0184081 0.0589044 -0.013402
0.0330136 -0.013402 -0.324856

0.00179497 -0.00158033 -0.00920176
-0.00158033 0.0027887 -0.00187038
-0.00920176 -0.00187038 0.0754517

-0.0044448 -0.00630491 -0.00733913
-0.00630491 -0.00223545 -0.0270184
-0.00733913 -0.0270184 -0.0627986

-0.00645348 0.00394832 -0.00623744
0.00394832 0.00120499 -0.0153248
-0.00623744 -0.0153248 -0.0358224

0.00576547 -0.0019016 -0.00773004
-0.0019016 0.00938478 -0.000925796
-0.00773004 -0.000925796 0.0785805

-0.0492753 0.0130478 -0.00707332
0.0130478 -0.039424 -0.0241298
-0.00707332 -0.0241298 -0.0620248

-0.0272341 0.0135481 -0.00238212
0.0135481 -0.0118593 -0.0105286
-0.00238212 -0.0105286 -0.0287737

-0.0179812 0.0105197 0.00632448
0.0105197 -0.000756634 -0.00442415
0.00632448 -0.00442415 0.0271033

-0.05081 0.00613576 0.0118826
0.00613576 -0.0307007 -0.00959309
0.0118826 -0.00959309 -0.0166666

-0.0267143 0.00480917 0.00265732
0.00480917 -0.0299339 -0.00876982
0.00265732 -0.00876982 0.0485493

-0.0382052 -0.00860387 -0.00205908
-0.00860387 -0.0319432 -0.0106012
-0.00205908 -0.0106012 0.0414908

-0.0178755 0.00508862 0.00290161
0.00508862 -0.0206785 0.0053343
0.00290161 0.0053343 0.0493673

-0.000615086 -0.00108882 0.00640076
-0.00108882 -0.00977929 0.0120641
0.00640076 0.0120641 0.0691362

0.0071606 -0.00390782 0.0134263
-0.00390782 0.00251785 -0.00104311
0.0134263 -0.00104311 0.0637508

0.000236772 -0.00275949 0.00538315
-0.00275949 0.00213984 -0.00342559
0.00538315 -0.00342559 0.0594478

-0.033064 -0.00388606 0.00171896
-0.00388606 -0.015488 -0.0045116
0.00171896 -0.0045116 0.032803

-0.000178438 -0.00440088 0.00209345
-0.00440088 -0.00268544 -0.00574377
0.00209345 -0.00574377 0.0472265

0.0382277 -0.00303293 0.0188672
-0.00303293 0.0532504 0.0649489
0.0188672 0.0649489 -0.404444

-0.0388842 0.0107478 0.0108527
0.0107478 -0.057492 0.0112009
0.0108527 0.0112009 -0.022717

-0.0152909 0.00564474 0.00494326
0.00564474 -0.00996697 0.00530139
0.00494326 0.00530139 -0.0250047

-0.0160927 -0.00378472 -0.009254
-0.00378472 -0.0377653 0.009385
-0.009254 0.009385 -0.00841564

-0.00331742 0.0118431 -0.0724891
0.0118431 0.0121804 0.0225745
-0.0724891 0.0225745 -0.409471

-0.0300682 -0.000676195 0.0043442
-0.000676195 -0.0378401 -0.00125412
0.0043442 -0.00125412 0.0483305

-0.0272131 0.0121161 -0.000794306
0.0121161 -0.025136 0.00260573
-0.000794306 0.00260573 0.0624439

-0.0201727 0.00553472 0.00611676
0.00553472 -0.0130018 0.00880933
0.00611676 0.00880933 -0.0344999

0.00627394 -0.0021508 -0.011271
-0.0021508 0.00721383 0.00195608
-0.011271 0.00195608 0.0774579

0.020949 0.00745697 0.0494768
0.00745697 0.0535445 -0.0150103
0.0494768 -0.0150103 -0.394547

0.00247009 -0.00115908 -0.0102215
-0.00115908 0.00318816 -0.00213034
-0.0102215 -0.00213034 0.0750468

-0.500907 0.180013 0.104375
0.180013 -0.310942 -0.200194
0.104375 -0.200194 -0.860896

-0.660063 -0.122668 0.0282378
-0.122668 -0.655341 -0.18154
0.0282378 -0.18154 -0.667785

0.00978229 -0.00630777 0.00462086
-0.00630777 0.00124449 -0.00929104
0.00462086 -0.00929104 0.0876676

-0.00507817 -0.00915321 -0.0165713
-0.00915321 0.0211606 0.00383442
-0.0165713 0.00383442 -0.0742129

-0.00874045 0.0190608 -0.00149315
0.0190608 -0.0140034 0.000824632
-0.00149315 0.000824632 0.0493008

0.0119689 -0.00362719 -0.00979558
-0.00362719 -0.00391031 0.0169426
-0.00979558 0.0169426 -0.0704208

-0.0286183 0.00688286 0.00525794
0.00688286 -0.00669408 0.0133417
0.00525794 0.0133417 -0.0127866

-0.0378726 0.00445261 0.00833396
0.00445261 -0.0524311 -0.0123326
0.00833396 -0.0123326 0.0431506

-0.0532578 0.00548304 0.00578582
0.00548304 -0.0523803 0.0130137
0.00578582 0.0130137 -0.0390072

0.000724623 -0.0357166 -0.0190715
-0.0357166 0.0164083 0.0401951
-0.0190715 0.0401951 -0.594229

0.0102486 -0.00340699 -0.00629727
-0.00340699 0.00441576 -0.000660962
-0.00629727 -0.000660962 0.0718734

-0.0181473 -0.0105623 -0.00671195
-0.0105623 0.0504299 -0.0036387
-0.00671195 -0.0036387 -0.00694791

-0.0230316 0.00559958 -0.0257848
0.00559958 0.00199069 -0.0215034
-0.0257848 -0.0215034 -0.40148

-0.00454255 -0.00300089 0.00476575
-0.00300089 -0.0105945 -0.00242365
0.00476575 -0.00242365 0.0572583

0.0125337 0.00220067 -8.16855e-05
0.00220067 0.00247047 0.00720547
-8.16855e-05 0.00720547 0.0922249

-0.00264215 0.00110038 -0.00138358
0.00110038 -0.0156679 -0.00732474
-0.00138358 -0.00732474 0.0660702

0.00183154 0.00602946 0.00523656
0.00602946 -0.013124 0.0155441
0.00523656 0.0155441 -0.0407768

0.00493936 0.00142544 0.00182398
0.00142544 -0.00624322 0.0101353
0.00182398 0.0101353 0.0817964

0.00411059 0.00127373 0.00393178
0.00127373 -0.00659045 0.0106849
0.00393178 0.0106849 0.0818443

-0.0211207 0.000609352 0.020551
0.000609352 -0.0195521 0.0391295
0.020551 0.0391295 -0.493182

-0.00721939 0.00155322 0.00590787
0.00155322 -0.0100183 0.0121449
0.00590787 0.0121449 0.0741835

-0.00385927 0.0081422 0.00403206
0.0081422 -0.0069804 0.00856765
0.00403206 0.00856765 0.0763575

0.0055415 -9.85876e-05 -0.00868127
-9.85876e-05 0.0105211 -0.00319734
-0.00868127 -0.00319734 0.0808308

0.0650261 -0.00750312 -0.0330415
-0.00750312 0.0470111 -0.0293198
-0.0330415 -0.0293198 -0.217971

0.00425322 -0.00120924 0.0114266
-0.00120924 0.00461408 0.00527959
0.0114266 0.00527959 0.071462

0.0129687 -0.0024057 -0.00655165
-0.0024057 0.00476816 0.0172427
-0.00655165 0.0172427 0.0977391

0.00234703 0.000666076 0.0105227
0.000666076 -0.0062506 0.0173844
0.0105227 0.0173844 0.0738616

-0.0352583 -0.000769342 0.00120583
-0.000769342 -0.0361493 -0.00805019
0.00120583 -0.00805019 0.0636984

-0.0512106 0.00291304 -0.00342461
0.00291304 -0.0604113 -0.00808413
-0.00342461 -0.00808413 0.0279636

-0.0102388 -0.0021205 9.84796e-05
-0.0021205 -0.00299302 -0.00058601
9.84796e-05 -0.00058601 0.0542482

-0.0535028 0.0115984 0.0106555
0.0115984 -0.0667246 0.0135484
0.0106555 0.0135484 -0.0292251

-0.00882168 0.00133279 0.00095185
0.00133279 -0.00351894 0.00406033
0.00095185 0.00406033 0.0559838

-0.00412505 0.00389367 0.0025361
0.00389367 -0.00368783 0.0128916
0.0025361 0.0128916 0.0732059

0.00232324 0.00310564 -0.0112284
0.00310564 0.0074638 -0.00196698
-0.0112284 -0.00196698 0.0769111

0.00414952 0.000687895 0.0012412
0.000687895 -0.00360771 0.0171509
0.0012412 0.0171509 0.0798647

0.010714 -0.00148604 -0.00209409
-0.00148604 0.00995569 0.00443515
-0.00209409 0.00443515 0.0989399

-0.49956 0.163902 -0.00712575
0.163902 -0.628615 0.197335
-0.00712575 0.197335 -0.630476

-0.157086 0.0310794 -0.0189294
0.0310794 0.0129234 -0.084012
-0.0189294 -0.084012 -0.463982

0.0123351 0.00450312 -0.0251395
0.00450312 0.0366366 -0.0954035
-0.0251395 -0.0954035 -0.407578

-0.00383402 0.000749682 0.0134429
0.000749682 -0.00179114 -0.00165082
0.0134429 -0.00165082 0.058082

0.0230128 -0.00292189 0.00385937
-0.00292189 0.0189649 0.0148412
0.00385937 0.0148412 -0.0256326

0.0141309 -0.00352274 -0.00558944
-0.00352274 0.00442274 -0.00921878
-0.00558944 -0.00921878 0.0864778

-0.00804306 0.000880582 -0.0151756
0.000880582 -0.000843861 0.00756805
-0.0151756 0.00756805 0.0622329

-0.0312558 -0.00384753 0.0061029
-0.00384753 -0.0340475 -0.00794616
0.0061029 -0.00794616 0.0637312

-0.0383553 -0.00592235 -0.00578852
-0.00592235 -0.0544282 -0.0499077
-0.00578852 -0.0499077 -0.406803

0.0132445 0.0136985 0.00512585
0.0136985 -0.0357796 -0.0519144
0.00512585 -0.0519144 -0.269258

-0.00613839 -0.0109526 0.0397557
-0.0109526 -0.00612191 0.0112652
0.0397557 0.0112652 -0.183534

-0.0225188 0.00154727 0.00431002
0.00154727 -0.0183245 0.0202013
0.00431002 0.0202013 -0.0459168

0.00653749 0.00837004 0.000561718
0.00837004 0.0255838 -0.0371022
0.000561718 -0.0371022 -0.195928

0.0195112 0.00715205 0.000648043
0.00715205 -0.0046259 -0.0201747
0.000648043 -0.0201747 -0.224593

0.0288926 0.0137352 -0.00775046
0.0137352 0.00355846 -0.0225239
-0.00775046 -0.0225239 -0.203748

0.0262368 -0.00249213 0.00722042
-0.00249213 0.00528763 -0.0300605
0.00722042 -0.0300605 -0.103684

0.036584 -0.00294983 0.0103776
-0.00294983 0.0141581 -0.0286217
0.0103776 -0.0286217 -0.0864368

0.0103157 -0.00275513 0.00301876
-0.00275513 -0.00412971 -0.0304646
0.00301876 -0.0304646 -0.113283

0.0273901 -0.00732704 0.0139032
-0.00732704 0.00138584 -0.0267527
0.0139032 -0.0267527 -0.0907422

-0.00323036 0.00130916 -0.00127627
0.00130916 0.0104931 -0.0224658
-0.00127627 -0.0224658 -0.053707

0.0186163 -0.00366037 0.00567375
-0.00366037 0.00358499 -0.0291104
0.00567375 -0.0291104 -0.0968415

-0.0359144 -0.0102565 0.0107534
-0.0102565 -0.0197858 -0.0223433
0.0107534 -0.0223433 -0.0297002

-0.0329803 -0.00124135 0.0112013
-0.00124135 -0.0186108 -0.0085015
0.0112013 -0.0085015 -0.00278061

-0.0408377 -0.016422 -0.0102433
-0.016422 -0.0164022 -0.0105226
-0.0102433 -0.0105226 -0.00265065

-0.010389 -0.00704245 0.000211115
-0.00704245 0.00809089 0.00108357
0.000211115 0.00108357 0.059432

0.00797987 0.0103616 0.0435141
0.0103616 0.00760703 0.0167966
0.0435141 0.0167966 -0.237428

-0.0503487 0.00410473 0.010488
0.00410473 -0.00952362 -0.0144332
0.010488 -0.0144332 -0.135938

-0.0438535 -0.0142317 -0.00328055
-0.0142317 -0.0267305 -0.0114824
-0.00328055 -0.0114824 0.0132015

0.0660111 0.0193669 -0.000852975
0.0193669 0.0596867 -0.016411
-0.000852975 -0.016411 -0.0809346

0.00961879 -0.00289337 0.00908164
-0.00289337 0.000855275 0.00971915
0.00908164 0.00971915 0.0817968

-0.00447032 -0.00291081 0.00547716
-0.00291081 0.00735171 -0.00142476
0.00547716 -0.00142476 0.0614507

-0.0290312 -0.00331705 -0.00174432
-0.00331705 -0.0137953 -0.00309346
-0.00174432 -0.00309346 0.028708

-0.00769701 -0.00219368 0.00767423
-0.00219368 0.0081306 -0.000489575
0.00767423 -0.000489575 0.0602911

-0.00392438 -0.00211491 0.00339696
-0.00211491 0.00702381 -0.00355316
0.00339696 -0.00355316 0.0597858

0.00215697 0.00134987 0.00322501
0.00134987 0.0137553 -0.00853746
0.00322501 -0.00853746 0.0668154

0.0166541 0.0099489 0.0116556
0.0099489 -0.0187947 0.0173796
0.0116556 0.0173796 -0.246235

0.00797771 0.00764355 0.00147306
0.00764355 -0.0122653 -0.00402263
0.00147306 -0.00402263 0.060531

0.00464817 0.00326301 -0.0105108
0.00326301 0.00425291 0.0113808
-0.0105108 0.0113808 0.0753379

0.049482 0.00463494 0.0101532
0.00463494 0.0314856 0.0233847
0.0101532 0.0233847 -0.21266

-0.010377 0.0102455 0.0131878
0.0102455 -0.0103346 0.00887678
0.0131878 0.00887678 -0.0668398

-0.00126981 -0.00267139 -0.00415322
-0.00267139 -0.0102498 -0.0022836
-0.00415322 -0.0022836 0.0270774

-0.257588 -0.0277327 0.0341102
-0.0277327 -0.225037 0.0184881
0.0341102 0.0184881 -0.719492

-0.395434 -0.132261 -0.0314537
-0.132261 -0.527346 -0.188496
-0.0314537 -0.188496 -0.581236

-0.0396468 -0.00401666 0.00335884
-0.00401666 -0.0361288 -0.0097301
0.00335884 -0.0097301 0.0459931

-0.011531 0.00276164 -0.0090752
0.00276164 -0.00115996 -0.000918604
-0.0090752 -0.000918604 0.0640175

0.0160987 -0.0113726 -0.00755937
-0.0113726 0.0152003 -0.0069792
-0.00755937 -0.0069792 0.100129

0.018809 -0.00860792 -0.00853729
-0.00860792 0.0188223 -0.0067576
-0.00853729 -0.0067576 0.102007

-0.342561 0.00373482 0.132708
0.00373482 -0.673099 0.0138406
0.132708 0.0138406 -0.572967

0.0503936 0.073674 0.108724
0.073674 0.0784551 0.108898
0.108724 0.108898 -0.255393

0.0191512 0.00681574 0.0307784
0.00681574 0.0269583 0.0111526
0.0307784 0.0111526 -0.232018

0.0191803 -0.00519429 -0.00918899
-0.00519429 0.0194201 -0.00493887
-0.00918899 -0.00493887 0.0854833

-0.0276195 -0.00259181 0.00763007
-0.00259181 -0.0224502 -0.00624071
0.00763007 -0.00624071 0.0692926

0.038038 0.0101547 0.0358125
0.0101547 0.0423917 0.0161191
0.0358125 0.0161191 -0.207027

-0.0088538 0.0104726 -0.0202972
0.0104726 -0.0420136 -0.00068101
-0.0202972 -0.00068101 -0.580967

0.00862833 0.00248751 0.00971311
0.00248751 0.00510783 -0.00136338
0.00971311 -0.00136338 0.0652941

-0.0121083 -0.00392231 0.00402427
-0.00392231 -0.0172259 -0.000812
0.00402427 -0.000812 0.0453237

0.0404294 0.000337111 0.0391551
0.000337111 0.0394359 -0.0137235
0.0391551 -0.0137235 -0.205345

0.031562 0.000978687 0.0365806
0.000978687 0.0329273 -0.0130407
0.0365806 -0.0130407 -0.213483

0.051191 0.00433175 0.000550962
0.00433175 0.0291839 0.012291
0.000550962 0.012291 -0.0184183

0.067594 -0.0034231 -0.022764
-0.0034231 0.0580217 0.0142456
-0.022764 0.0142456 -0.27988

-0.0219269 -0.00142473 0.00251886
-0.00142473 -0.0454694 0.00232685
0.00251886 0.00232685 0.0220964

-0.0557601 -0.0130685 0.0045406
-0.0130685 -0.0598318 -0.0421897
0.0045406 -0.0421897 -0.571974

-0.03054 0.0173684 -0.00661562
0.0173684 -0.0219119 -0.00250551
-0.00661562 -0.00250551 -0.0316302

0.0181585 -0.0027507 0.0128411
-0.0027507 -0.00874107 0.0197055
0.0128411 0.0197055 -0.137397

-0.00157076 -0.00679554 -0.00308281
-0.00679554 0.00414206 -0.00406277
-0.00308281 -0.00406277 0.0634094

0.030917 0.000837522 0.0159302
0.000837522 0.00839961 0.0204078
0.0159302 0.0204078 -0.180466

0.00573773 -0.0239328 -0.00534539
-0.0239328 -0.0238789 0.0198779
-0.00534539 0.0198779 -0.18043

0.00720989 -0.000801307 0.00886741
-0.000801307 -0.000221201 0.00248937
0.00886741 0.00248937 0.0638577

0.0129297 0.002123 0.00191717
0.002123 0.00329491 0.00764214
0.00191717 0.00764214 0.0940892

-0.0378767 -0.00276531 0.0078863
-0.00276531 -0.0275105 -0.00357144
0.0078863 -0.00357144 0.0452657

0.04752 0.0226761 0.0172369
0.0226761 0.0263036 0.000964707
0.0172369 0.000964707 -0.304471

-0.00390154 -0.00710174 -0.00438865
-0.00710174 -0.00505026 0.0019904
-0.00438865 0.0019904 0.0653746

-0.00330384 0.00415221 -0.00197466
0.00415221 -0.0123891 -0.00915626
-0.00197466 -0.00915626 0.0683609

-0.0373343 0.00682289 0.00562807
0.00682289 -0.0341859 0.00585479
0.00562807 0.00585479 0.0633808

0.0428422 0.0122137 0.0479917
0.0122137 0.0192818 -0.0400132
0.0479917 -0.0400132 -0.321657

-0.0608408 -0.00734193 0.0077828
-0.00734193 -0.0419447 -0.0313271
0.0077828 -0.0313271 -0.547785

-0.000547917 -0.00630661 0.00513026
-0.00630661 0.00590734 0.0108918
0.00513026 0.0108918 -0.0371649

0.0304364 -0.0162949 0.0477993
-0.0162949 -0.000871813 0.0563782
0.0477993 0.0563782 -0.360707

0.00295692 0.00262876 0.00516741
0.00262876 -0.0163852 -0.0475626
0.00516741 -0.0475626 -0.427935

-0.0237601 -0.00148843 0.00559793
-0.00148843 -0.0259336 -0.00431867
0.00559793 -0.00431867 0.0574953

-0.0156023 0.00242155 0.0066012
0.00242155 -0.0220024 0.00330999
0.0066012 0.00330999 0.0492849

0.0297325 0.000135324 0.0520309
0.000135324 0.0224982 0.0355566
0.0520309 0.0355566 -0.302992

-0.0171161 0.00548391 -0.0116764
0.00548391 0.00191222 0.0176791
-0.0116764 0.0176791 -0.058586

-0.00965299 0.00336597 -0.00880918
0.00336597 -0.0191255 0.0043501
-0.00880918 0.0043501 0.0545802

0.00851011 -0.00585672 0.00211728
-0.00585672 -0.0420288 0.0151809
0.00211728 0.0151809 -0.188815

-0.0327642 0.00559738 0.00592579
0.00559738 -0.0272643 0.00718777
0.00592579 0.00718777 0.069789

0.0302758 -0.0183691 0.051478
-0.0183691 -0.00662792 0.0451776
0.051478 0.0451776 -0.361786

-0.00152116 -0.00838991 0.033788
-0.00838991 0.0153879 0.0604251
0.033788 0.0604251 -0.451595

-0.00883554 -0.00196606 0.00494941
-0.00196606 -0.0137302 -0.00127071
0.00494941 -0.00127071 0.0400042

-0.0177618 0.0060665 0.00672162
0.0060665 -0.026151 -6.4704e-05
0.00672162 -6.4704e-05 0.0461942

-0.0204307 0.00370033 0.01003
0.00370033 -0.013306 -0.0013284
0.01003 -0.0013284 0.0477079

-0.0105679 -0.00549825 0.0140245
-0.00549825 -0.00025648 -0.00716183
0.0140245 -0.00716183 0.0673879

0.0576276 -0.00152385 0.0135304
-0.00152385 0.0239321 0.0503027
0.0135304 0.0503027 -0.25359

0.0407053 0.00165899 0.0140585
0.00165899 0.00888762 0.0403663
0.0140585 0.0403663 -0.28731

-0.0101776 -0.000229705 -0.00877031
-0.000229705 -0.00475871 0.000916295
-0.00877031 0.000916295 0.062136

-0.0322913 0.00405333 -0.000773714
0.00405333 -0.0312652 -0.00489417
-0.000773714 -0.00489417 0.0620397

0.00292859 0.00451041 -0.00889378
0.00451041 0.00208584 0.0032001
-0.00889378 0.0032001 0.0674719

-0.00781301 -0.000500657 0.00362324
-0.000500657 -0.0110999 0.000945399
0.00362324 0.000945399 0.0606333

0.0396476 -0.00792962 0.00145001
-0.00792962 0.0174986 0.0382453
0.00145001 0.0382453 -0.248031

-0.0116362 0.00290646 -0.0105251
0.00290646 -0.00512171 0.00166705
-0.0105251 0.00166705 0.0585423

-0.0478304 0.00458099 0.00926362
0.00458099 -0.0337227 -0.0449362
0.00926362 -0.0449362 -0.490674

-0.00966736 0.00284393 0.00539725
0.00284393 -0.0162153 0.00227763
0.00539725 0.00227763 0.0576399

0.0150146 0.00529656 0.00758932
0.00529656 0.00542703 0.0126783
0.00758932 0.0126783 0.0886169

0.00304657 0.00131993 -0.00786412
0.00131993 0.00789595 0.00238309
-0.00786412 0.00238309 0.0738376

-0.0138844 0.00581172 0.00561643
0.00581172 -0.023715 0.000337752
0.00561643 0.000337752 0.0527484

0.00164935 -0.000201997 0.00343836
-0.000201997 -0.00489138 0.00536942
0.00343836 0.00536942 0.0680375

-0.0273823 -0.010513 0.0153077
-0.010513 -0.0317015 0.000237596
0.0153077 0.000237596 0.0439719

-0.0341623 0.0040084 0.0443979
0.0040084 0.0132336 0.0204623
0.0443979 0.0204623 -0.508856

-0.00112105 0.00254918 0.00357753
0.00254918 -0.0101717 0.0036003
0.00357753 0.0036003 0.0646226

0.0323761 -0.0109088 0.00305977
-0.0109088 0.0033637 0.0401577
0.00305977 0.0401577 -0.250131

-0.0120732 -0.00106601 0.00175822
-0.00106601 -0.0178385 -0.00212067
0.00175822 -0.00212067 0.0384202

-0.0367234 -0.00660091 0.131457
-0.00660091 -0.154609 0.0104461
0.131457 0.0104461 -0.261921

0.0443044 -0.00981359 0.0200038
-0.00981359 0.0457022 0.0315073
0.0200038 0.0315073 -0.155735

-0.0543561 0.0935726 0.115482
0.0935726 -0.162229 0.0601019
0.115482 0.0601019 -0.375164

0.0101399 0.000364264 0.0195321
0.000364264 -0.00698614 0.0300864
0.0195321 0.0300864 -0.179686

0.0148064 -0.0170106 0.0147297
-0.0170106 0.0161455 0.0244224
0.0147297 0.0244224 -0.184529

0.00188262 0.00252105 0.0110287
0.00252105 0.00727199 0.00233125
0.0110287 0.00233125 0.074096

0.013364 0.00270566 0.00316899
0.00270566 0.00404952 0.009836
0.00316899 0.009836 0.0795431

0.0421719 0.0444299 0.0966366
0.0444299 0.0551681 0.106796
0.0966366 0.106796 -0.266887

-0.0275807 0.000102468 0.0408843
0.000102468 -0.00222629 -0.0256669
0.0408843 -0.0256669 -0.346302

0.00357509 -0.00316867 -0.000348889
-0.00316867 0.00205651 -0.00923063
-0.000348889 -0.00923063 0.0695322

0.0239867 -0.00609228 0.0613511
-0.00609228 0.0287967 0.0279687
0.0613511 0.0279687 -0.31813

0.001292 -0.00196851 0.00375824
-0.00196851 2.01613e-05 -0.00107971
0.00375824 -0.00107971 0.0631652

0.0473537 0.000469034 0.0378266
0.000469034 0.130648 0.13298
0.0378266 0.13298 -0.117787

0.0192262 -0.00215351 0.0104672
-0.00215351 0.0180745 0.00289819
0.0104672 0.00289819 0.0943025

-0.00685538 -0.00237921 0.00441771
-0.00237921 -0.0133451 -0.00121719
0.00441771 -0.00121719 0.0544497

-0.0278541 -0.00296838 -0.00330538
-0.00296838 -0.0195969 -0.000973488
-0.00330538 -0.000973488 0.0457537

-0.0227313 -0.000807801 0.00323615
-0.000807801 -0.0310825 0.00312303
0.00323615 0.00312303 0.0697409

-0.00739358 0.000338748 -0.00740595
0.000338748 -0.000695495 0.000283338
-0.00740595 0.000283338 0.067317

0.00263941 -0.0024073 -0.00976806
-0.0024073 0.00825046 -0.000320758
-0.00976806 -0.000320758 0.0765035

0.0151676 -0.00474072 -0.00903046
-0.00474072 0.0103403 -0.000148831
-0.00903046 -0.000148831 0.0836526

0.00492327 -0.0031301 0.0132602
-0.0031301 0.00147195 -0.00702195
0.0132602 -0.00702195 0.0763349

-0.0141407 0.00491905 0.00766516
0.00491905 -0.0334966 -0.000453666
0.00766516 -0.000453666 0.0633116

0.00447881 0.00212155 -0.0108254
0.00212155 0.00520213 0.0112668
-0.0108254 0.0112668 0.0806479

0.0561219 -0.00462863 -0.0100353
-0.00462863 0.0470843 -0.0689196
-0.0100353 -0.0689196 -0.337753

-0.0189763 0.0104972 -0.0203337
0.0104972 -0.0233557 0.00140292
-0.0203337 0.00140292 -0.0638944

0.0106158 0.0123782 0.0407987
0.0123782 0.00116869 -0.0400689
0.0407987 -0.0400689 -0.383884

-0.00171747 -0.0104247 0.00337678
-0.0104247 -0.023938 0.0286155
0.00337678 0.0286155 -0.306983

-0.0387347 0.00483057 -0.00146391
0.00483057 -0.0226574 0.00990705
-0.00146391 0.00990705 0.0333773

-0.0255029 -0.0121382 0.000878796
-0.0121382 -0.019876 0.00772047
0.000878796 0.00772047 -0.01326

0.0442244 -0.0101665 0.002355
-0.0101665 0.0285729 0.0440393
0.002355 0.0440393 -0.234792

0.00291672 -0.0031147 -8.34239e-05
-0.0031147 -0.00730818 0.00425359
-8.34239e-05 0.00425359 0.0707647

-0.00111397 -0.00240197 -0.00881426
-0.00240197 -0.00331339 -0.00224201
-0.00881426 -0.00224201 0.0543293

-0.357746 0.0121714 -0.00129395
0.0121714 -0.255429 -0.0123992
-0.00129395 -0.0123992 -0.709128

-0.0120361 -0.00625753 0.000939676
-0.00625753 -0.0192309 -0.000923954
0.000939676 -0.000923954 0.0432504

0.0088623 1.33052e-05 0.0058069
1.33052e-05 -3.00937e-05 0.0104267
0.0058069 0.0104267 0.0756711

0.0418282 0.00423765 -0.0225764
0.00423765 0.0610001 -0.0239812
-0.0225764 -0.0239812 -0.285959

0.0422313 0.0081881 0.0199527
0.0081881 0.0720861 -0.0273972
0.0199527 -0.0273972 -0.188408

-0.013567 -0.00106713 0.00107645
-0.00106713 -0.0261525 -0.00415987
0.00107645 -0.00415987 0.056917

-0.0460102 0.00316661 0.00236911
0.00316661 -0.0454469 -0.00206551
0.00236911 -0.00206551 0.0592984

-0.020937 -0.00419394 0.0127529
-0.00419394 -0.0395 0.0256748
0.0127529 0.0256748 -0.316803

-0.0193559 0.00526384 0.00306152
0.00526384 -0.0131446 0.00427898
0.00306152 0.00427898 0.0732409

-0.00223877 0.00346084 0.00869368
0.00346084 -0.00269329 0.00587631
0.00869368 0.00587631 0.0702374

-0.0246149 0.0013464 -0.00495252
0.0013464 -0.0219899 -0.00771042
-0.00495252 -0.00771042 0.0293662

-0.00455166 0.000602286 -0.0101587
0.000602286 -0.00178383 -0.00485062
-0.0101587 -0.00485062 0.0841451

0.00401386 0.00259848 0.0108338
0.00259848 0.00159172 0.00534524
0.0108338 0.00534524 0.0791332

-0.00370194 0.000573006 0.00191094
0.000573006 -0.015623 -0.00467108
0.00191094 -0.00467108 0.0459832

-0.309176 0.00140684 0.0332555
0.00140684 -0.284126 0.00946215
0.0332555 0.00946215 -0.758422

-0.00173776 -0.00297437 -0.00774277
-0.00297437 0.00329192 0.000655491
-0.00774277 0.000655491 0.0686309

0.000908421 -0.00133611 -0.00924038
-0.00133611 0.00449114 -0.00437912
-0.00924038 -0.00437912 0.0713425

-0.003361 -0.00340141 0.00133781
-0.00340141 -0.00255505 -0.00680984
0.00133781 -0.00680984 0.0681568

-0.00138185 -0.00151397 0.018962
-0.00151397 0.00239789 0.00384494
0.018962 0.00384494 0.0727719

-0.0369939 -0.00784627 0.036387
-0.00784627 -0.0350594 -0.0367832
0.036387 -0.0367832 -0.428291

0.00573343 -0.000810812 -0.00810597
-0.000810812 0.00171043 0.00222757
-0.00810597 0.00222757 0.0634356

-0.146405 0.0201765 0.0373429
0.0201765 -0.0792047 -0.00450522
0.0373429 -0.00450522 -0.39736

-0.0119685 -0.00363631 0.0143981
-0.00363631 -0.00354233 0.00732213
0.0143981 0.00732213 -0.178075

0.00268818 0.0019956 -0.000796606
0.0019956 -0.00144249 0.00524391
-0.000796606 0.00524391 0.0610221

0.0795278 0.00848487 0.0107548
0.00848487 0.0477179 -0.0374093
0.0107548 -0.0374093 -0.243269

-0.00653601 -0.00200751 0.0157731
-0.00200751 -0.00765702 -0.00207008
0.0157731 -0.00207008 0.0530403

-0.0414868 -0.0247597 -0.0350826
-0.0247597 0.0225636 0.0552818
-0.0350826 0.0552818 -0.494835

-0.421748 0.0563619 -0.0447279
0.0563619 -0.273939 0.0235554
-0.0447279 0.0235554 -0.646333

0.10023 0.0153084 -0.0166887
0.0153084 0.0787706 -0.0639255
-0.0166887 -0.0639255 -0.223487

-0.00353449 0.00634525 0.00471134
0.00634525 0.00115821 0.00111749
0.00471134 0.00111749 0.0699289

0.00245974 -0.00022297 -0.00193472
-0.00022297 0.00151414 0.0117382
-0.00193472 0.0117382 0.0961136

-0.0141993 -0.00150736 -0.00792631
-0.00150736 -0.00517719 -6.34147e-05
-0.00792631 -6.34147e-05 0.0620359

-0.0618979 -0.00625862 0.0460289
-0.00625862 -0.0168624 0.0216681
0.0460289 0.0216681 -0.531023

-0.00519811 -0.00885251 0.00881924
-0.00885251 -0.0440205 0.016975
0.00881924 0.016975 -0.178125

0.004956 -0.00215584 -0.00983052
-0.00215584 0.00878422 -0.000473973
-0.00983052 -0.000473973 0.0810567

-0.278511 -0.00675318 -0.0612024
-0.00675318 -0.173406 -0.0484188
-0.0612024 -0.0484188 -0.46965

-0.0199193 -0.00758876 0.00423222
-0.00758876 -0.02106 -0.00371633
0.00423222 -0.00371633 0.0478619

0.0118802 -0.00410033 -0.00973825
-0.00410033 0.0100875 0.000363243
-0.00973825 0.000363243 0.0750686

-0.00506468 0.0066752 0.0493583
0.0066752 0.0212577 -0.059383
0.0493583 -0.059383 -0.445577

-0.00591389 -0.00592133 0.00712679
-0.00592133 -0.0182793 -0.000120205
0.00712679 -0.000120205 0.0583043

-0.0134505 0.000572452 0.00244705
0.000572452 -0.0311674 0.00520827
0.00244705 0.00520827 0.0359979

-0.0407845 0.00684592 0.00800293
0.00684592 -0.0364754 0.0047016
0.00800293 0.0047016 0.0597891

-0.00673899 -0.00565896 0.00775442
-0.00565896 0.00359151 0.0104741
0.00775442 0.0104741 0.0446955

-0.0246919 0.00614896 0.00301318
0.00614896 -0.0316353 0.00311585
0.00301318 0.00311585 0.0622858

-0.024967 -0.0114858 0.0594986
-0.0114858 0.000655939 0.0131475
0.0594986 0.0131475 -0.477326

-0.00417506 0.00539748 0.0174562
0.00539748 -0.0017382 0.00698493
0.0174562 0.00698493 0.0498201

-0.0237073 -0.000938028 -0.00273874
-0.000938028 -0.0336191 0.00738349
-0.00273874 0.00738349 0.030835

0.000339171 -0.00727485 -0.0282364
-0.00727485 -0.0138544 -0.0318875
-0.0282364 -0.0318875 -0.332353

0.00189627 -0.0078515 -0.0470146
-0.0078515 -0.00557049 -0.022657
-0.0470146 -0.022657 -0.317615

-0.0252152 0.00489529 0.00674182
0.00489529 -0.0354789 0.00310151
0.00674182 0.00310151 0.0640495

0.00548707 0.00380434 0.0050615
0.00380434 -0.00890428 0.00294354
0.0050615 0.00294354 0.0788478

-0.0344633 0.0158125 0.0398171
0.0158125 -0.00586974 0.0125122
0.0398171 0.0125122 -0.489059

-0.0148871 0.000707078 0.00665162
0.000707078 0.0178936 -0.00205005
0.00665162 -0.00205005 0.0669152

-0.0125759 -0.00820836 0.00558046
-0.00820836 -0.00267102 0.00206103
0.00558046 0.00206103 0.0620362

-0.0107864 -0.00351578 0.0102061
-0.00351578 -0.0142439 -0.0130377
0.0102061 -0.0130377 0.0193713

-0.0137971 0.0077582 -0.0204517
0.0077582 -0.00362127 -0.00177744
-0.0204517 -0.00177744 0.0559106

-0.0229976 0.000686338 -0.0112331
0.000686338 -0.0218824 0.00648544
-0.0112331 0.00648544 0.0466901

0.00266421 0.00172646 0.00225235
0.00172646 -0.00187238 -0.019181
0.00225235 -0.019181 0.0702433

-0.0105989 -0.00711373 0.00221249
-0.00711373 -0.0219923 -0.0020645
0.00221249 -0.0020645 0.0440766

-0.0160575 -0.00394767 0.00541912
-0.00394767 -0.0233103 -0.000760777
0.00541912 -0.000760777 0.0338761

0.0121764 0.00236926 -0.0036678
0.00236926 0.0131872 0.00940693
-0.0036678 0.00940693 0.104067

0.0125494 0.0048156 -0.0190011
0.0048156 0.0198379 0.0096054
-0.0190011 0.0096054 -0.096981

0.00196247 -0.00100061 -0.0105845
-0.00100061 0.00465196 -0.00382658
-0.0105845 -0.00382658 0.0722491

-0.0509718 0.00987418 0.0106878
0.00987418 -0.0427811 0.00456759
0.0106878 0.00456759 0.0426325

-0.0192444 -0.00392962 0.00441242
-0.00392962 -0.0262222 -0.00404865
0.00441242 -0.00404865 0.0771052

0.00355935 0.00730525 -0.00374483
0.00730525 0.00816897 0.00147666
-0.00374483 0.00147666 0.0621532

-0.0378627 -0.00536318 -0.00579643
-0.00536318 -0.0167015 0.0127907
-0.00579643 0.0127907 -0.06149

0.0126531 -0.00467236 -0.00619735
-0.00467236 0.00448686 -0.0103379
-0.00619735 -0.0103379 0.0898005

0.0175856 -0.00326366 0.00298039
-0.00326366 0.00540292 -0.00485837
0.00298039 -0.00485837 0.0710706

0.00883335 -0.0033382 0.00213917
-0.0033382 -0.00436042 0.000984159
0.00213917 0.000984159 0.0570808

0.0448176 -0.00554475 0.0671366
-0.00554475 0.0295947 0.0518092
0.0671366 0.0518092 -0.281611

0.0343618 -0.0242534 0.0477201
-0.0242534 0.0207389 0.0483221
0.0477201 0.0483221 -0.301525

0.0496951 -0.0031689 0.00585704
-0.0031689 0.0362143 0.021527
0.00585704 0.021527 -0.0274798

-0.00196742 0.00450711 -0.0175231
0.00450711 0.00742722 -0.000864442
-0.0175231 -0.000864442 -0.141935

0.00241468 0.00353377 -0.00801548
0.00353377 0.00800309 -7.28005e-05
-0.00801548 -7.28005e-05 0.0764452

0.0134545 0.00402847 0.0213406
0.00402847 0.0122042 0.0049255
0.0213406 0.0049255 0.071387

-0.0377964 -0.00269385 0.0083262
-0.00269385 -0.0318948 -0.00931028
0.0083262 -0.00931028 0.0184985

0.00560074 0.00413698 0.00402943
0.00413698 -0.0014836 0.0137082
0.00402943 0.0137082 0.0758353

-0.00246062 0.000938497 0.000892271
0.000938497 -0.0102833 0.00782657
0.000892271 0.00782657 0.0550825

0.0148594 -0.00845195 0.0205717
-0.00845195 0.046786 -0.00634222
0.0205717 -0.00634222 -0.155971

0.0527926 -0.00241539 -0.00750809
-0.00241539 0.0485115 -0.0699719
-0.00750809 -0.0699719 -0.346452

-0.000224442 0.00173691 0.0066167
0.00173691 -0.0109832 0.0120808
0.0066167 0.0120808 0.0845246

0.00892177 -0.00137967 -0.0137087
-0.00137967 0.0128908 0.00295316
-0.0137087 0.00295316 0.0848539

0.0126514 0.00286683 -0.00256858
0.00286683 0.00328268 0.0155488
-0.00256858 0.0155488 0.0796001

0.00823893 0.00414329 0.00395131
0.00414329 0.00116857 0.0133509
0.00395131 0.0133509 0.0802759

0.00437089 0.00190215 -0.000980079
0.00190215 -0.00338822 0.0143072
-0.000980079 0.0143072 0.0626691

-0.0299797 0.000798774 0.0245795
0.000798774 -0.0367995 0.00142696
0.0245795 0.00142696 -0.14205

0.0459639 -0.00216821 -0.00937461
-0.00216821 0.0388371 -0.0218072
-0.00937461 -0.0218072 -0.0573642

-0.00653781 0.00723838 0.0153417
0.00723838 0.00614733 0.00246314
0.0153417 0.00246314 -0.0456953

-0.00202297 0.000821765 0.0153025
0.000821765 0.00119078 -0.00957177
0.0153025 -0.00957177 -0.0659548

0.00711238 -0.00235384 -0.0114213
-0.00235384 0.00973724 -0.00193794
-0.0114213 -0.00193794 0.0834632

0.00642223 0.0027482 -0.00912191
0.0027482 0.00374634 0.00142675
-0.00912191 0.00142675 0.0883581

0.00454983 0.00401427 0.00210203
0.00401427 0.00019314 0.0154225
0.00210203 0.0154225 0.0732149

0.0028091 -0.00147954 -0.00838825
-0.00147954 -0.000815686 -0.010362
-0.00838825 -0.010362 0.085463

-0.000466744 0.000909007 0.0111518
0.000909007 0.00128005 0.00463364
0.0111518 0.00463364 0.0755402

-0.0201318 0.0125485 -0.00702487
0.0125485 0.00125686 -0.0204067
-0.00702487 -0.0204067 -0.07123

-0.0464683 0.00464931 0.0106585
0.00464931 -0.0404256 -0.0147571
0.0106585 -0.0147571 0.00829123

0.072125 0.0102047 0.012958
0.0102047 0.0641408 -0.0275433
0.012958 -0.0275433 -0.207107

-0.0306664 0.00711217 0.00113126
0.00711217 -0.0383962 -0.0117065
0.00113126 -0.0117065 0.0202482

-0.0486028 0.00617921 0.00832304
0.00617921 -0.0332758 0.0166248
0.00832304 0.0166248 -0.0262334

0.0245742 -0.00503622 0.0207486
-0.00503622 0.0223001 -0.00384469
0.0207486 -0.00384469 0.0773578

-0.00373711 -0.00315303 0.0162678
-0.00315303 0.00857749 -0.0050532
0.0162678 -0.0050532 0.0615839

-0.01893 0.00139347 0.0104994
0.00139347 -0.00750062 0.00066264
0.0104994 0.00066264 0.0454409

-0.00558801 -0.00219326 -0.00933418
-0.00219326 6.27483e-05 -0.00405606
-0.00933418 -0.00405606 0.0744415

0.000134157 -0.00496988 -0.0117324
-0.00496988 0.00352749 -0.00586417
-0.0117324 -0.00586417 0.074262

0.0144394 0.0119754 -0.0113274
0.0119754 0.028044 -0.0187538
-0.0113274 -0.0187538 -0.254098

-0.00633406 -0.00199839 0.00452089
-0.00199839 -0.00290045 -0.00717694
0.00452089 -0.00717694 0.0651098

-0.0167096 -0.0157463 0.00710239
-0.0157463 -0.0102992 -0.0060851
0.00710239 -0.0060851 0.0578625

-0.00628008 -0.00607165 0.0157376
-0.00607165 -0.00731196 -0.00408165
0.0157376 -0.00408165 0.0575519

0.00748493 -1.34435e-05 0.0153536
-1.34435e-05 0.00967134 -0.00225409
0.0153536 -0.00225409 0.0707976

0.00878302 0.0091983 -0.0250679
0.0091983 -0.00551 0.0133904
-0.0250679 0.0133904 -0.104616

-0.0595123 -0.0179549 0.0169027
-0.0179549 -0.0455749 0.0483562
0.0169027 0.0483562 -0.555206

-0.015224 0.00447973 0.00623345
0.00447973 0.0079243 0.00894367
0.00623345 0.00894367 0.00301065

0.00228984 -0.000513463 -0.00994998
-0.000513463 0.00334293 -0.00181742
-0.00994998 -0.00181742 0.072583

-0.0661883 -0.0133222 -0.0365828
-0.0133222 -0.0785999 0.0789138
-0.0365828 0.0789138 -0.636414

0.0424311 -0.0029979 -0.0397605
-0.0029979 0.032688 -0.0551368
-0.0397605 -0.0551368 -0.388203

-0.00384774 0.00927024 -0.0145771
0.00927024 0.00481736 0.0038199
-0.0145771 0.0038199 -0.0155084

-0.0569568 -0.0040533 -0.0108544
-0.0040533 -0.0316401 0.009347
-0.0108544 0.009347 -0.0040819

-0.0243708 -0.00676133 -0.00272562
-0.00676133 -0.0126151 0.00805305
-0.00272562 0.00805305 0.0275794

0.0125551 -0.00947404 0.0520209
-0.00947404 0.0126081 -0.00892639
0.0520209 -0.00892639 -0.491876

0.00984252 0.00172816 -0.033911
0.00172816 0.0345563 0.0327663
-0.033911 0.0327663 -0.256137

-0.0219932 0.011151 -0.0679046
0.011151 0.0117524 -0.0535515
-0.0679046 -0.0535515 -0.478462

-0.0290284 0.00551751 0.00483399
0.00551751 -0.0168682 0.0193743
0.00483399 0.0193743 -0.0464891

-0.00948487 0.000484826 -0.00043278
0.000484826 -0.0158481 0.00564321
-0.00043278 0.00564321 0.0429389

-0.0065943 -0.000383522 -0.000501349
-0.000383522 -0.00998245 0.00113603
-0.000501349 0.00113603 0.0404489

0.000534594 -0.000321475 -0.0141067
-0.000321475 0.0016456 0.0103629
-0.0141067 0.0103629 0.0717498

0.00231823 -0.000879803 -0.00347651
-0.000879803 -0.00742585 0.00480947
-0.00347651 0.00480947 0.0704465

-0.00491986 -0.0126779 0.0132015
-0.0126779 -0.0149469 0.0324793
0.0132015 0.0324793 -0.210743

0.00544421 0.00432699 0.0156658
0.00432699 0.0471206 0.0420828
0.0156658 0.0420828 -0.529054

-0.0856151 0.00054911 0.00423279
0.00054911 -0.0844614 -0.0179988
0.00423279 -0.0179988 -0.0307762

-0.00827198 -0.00112308 0.0173935
-0.00112308 0.0103859 0.0134237
0.0173935 0.0134237 -0.0624605

0.0828366 0.000514769 0.0550635
0.000514769 0.120571 0.00641996
0.0550635 0.00641996 -0.230326

0.0190355 -0.000605771 -0.00424955
-0.000605771 0.0134019 -0.00906753
-0.00424955 -0.00906753 0.107288

0.017953 0.00941195 -0.0185208
0.00941195 0.0287306 0.00621518
-0.0185208 0.00621518 -0.059674

-0.0420753 0.0022896 -0.0358583
0.0022896 -0.029896 0.0139556
-0.0358583 0.0139556 -0.337537

-0.0157472 -0.00271886 0.00193782
-0.00271886 -0.0190897 -0.000317325
0.00193782 -0.000317325 0.0533815

0.00249947 0.00252031 0.0103596
0.00252031 0.00039231 0.00531477
0.0103596 0.00531477 0.0686082

0.145059 0.0916908 0.0712192
0.0916908 0.275111 0.29779
0.0712192 0.29779 -0.236355

0.0160276 0.00627702 0.0118458
0.00627702 0.013678 0.00893675
0.0118458 0.00893675 0.084519

0.0443278 -0.00840001 -0.0482286
-0.00840001 0.0591769 -0.0565222
-0.0482286 -0.0565222 -0.317435

-0.00669857 0.00308715 0.017348
0.00308715 -0.00941845 0.0140227
0.017348 0.0140227 0.0567748

-0.0206564 0.00274834 0.0123334
0.00274834 0.0166585 0.00686972
0.0123334 0.00686972 0.00667339

-0.00262754 -0.00146374 -0.000620512
-0.00146374 -0.00789597 -0.00695124
-0.000620512 -0.00695124 0.0725344

-0.726372 -0.0225484 -0.0259153
-0.0225484 -0.884971 -0.181592
-0.0259153 -0.181592 -0.763757

-0.0377933 -0.00886666 0.0248822
-0.00886666 0.00098093 -0.0721685
0.0248822 -0.0721685 -0.526625

-0.105289 0.000590585 0.0235257
0.000590585 -0.0988583 -0.0395308
0.0235257 -0.0395308 -0.626653

-0.0528899 0.00416979 0.00744065
0.00416979 0.0176627 0.0403771
0.00744065 0.0403771 -0.565129

0.0290366 0.0087441 -0.00592118
0.0087441 0.042323 -0.0667984
-0.00592118 -0.0667984 -0.382833

0.00765846 0.0194298 0.0176973
0.0194298 0.0057828 0.0478247
0.0176973 0.0478247 -0.426741

-0.0141864 0.00618982 -0.0290568
0.00618982 -0.0363497 0.0409909
-0.0290568 0.0409909 -0.516283

0.00677185 0.00160175 0.00823283
0.00160175 -0.000595108 0.0159245
0.00823283 0.0159245 0.0829705

-0.00187305 0.00355779 0.00254112
0.00355779 -0.00633438 0.00526535
0.00254112 0.00526535 0.0721624

-0.0089565 0.00132176 -0.00837286
0.00132176 -0.00616765 0.0057204
-0.00837286 0.0057204 0.0652891

0.00220042 0.00919917 0.0152894
0.00919917 0.00478385 0.00466788
0.0152894 0.00466788 0.0682072

-0.00325113 2.10889e-05 0.0249994
2.10889e-05 0.0215728 0.0207861
0.0249994 0.0207861 -0.453134

-0.0145624 -0.00919917 0.00423155
-0.00919917 0.00194142 0.00393693
0.00423155 0.00393693 0.0713596

-0.0486933 0.053983 0.0256653
0.053983 -0.0660747 0.0461992
0.0256653 0.0461992 -0.575246

0.00401419 -0.00269084 -0.0116215
-0.00269084 0.00742532 -0.00302259
-0.0116215 -0.00302259 0.0772862

-0.0379431 -0.00217219 -0.0128457
-0.00217219 -0.0237286 0.0320223
-0.0128457 0.0320223 -0.159312

0.0110486 0.000817874 -0.00640667
0.000817874 0.00588846 0.0013574
-0.00640667 0.0013574 0.0639685

-0.00995612 -0.00359436 0.00411041
-0.00359436 -0.0134808 -0.00274521
0.00411041 -0.00274521 0.0598964

0.00097692 -0.00199993 0.0141481
-0.00199993 -0.00139495 0.00831431
0.0141481 0.00831431 0.0666579

0.0362868 -0.0065607 -0.0170133
-0.0065607 0.0300116 -0.0107046
-0.0170133 -0.0107046 -0.255499

0.110962 -0.00122419 -0.0412213
-0.00122419 0.120358 -0.0100235
-0.0412213 -0.0100235 -0.195518

0.0234247 -0.0142601 -0.025966
-0.0142601 0.0165436 0.00701126
-0.025966 0.00701126 -0.132629

0.00276841 -0.00560067 0.000891465
-0.00560067 -0.00306708 -0.0112557
0.000891465 -0.0112557 0.0765314

-0.178307 -0.0525288 0.0114259
-0.0525288 -0.163689 -0.00674003
0.0114259 -0.00674003 -0.656569

-0.0115397 0.000358166 -0.0432879
0.000358166 -0.00346941 0.0155677
-0.0432879 0.0155677 -0.492988

-0.039228 0.0036154 0.00148454
0.0036154 -0.0354556 0.00553514
0.00148454 0.00553514 0.0597934

0.0176973 -0.00667239 -0.0553578
-0.00667239 0.0445888 -0.0369044
-0.0553578 -0.0369044 -0.314148

-0.0074151 0.00095465 0.0116699
0.00095465 -0.00531589 0.00849605
0.0116699 0.00849605 0.0692762

-0.00492576 0.00339911 -0.000188495
0.00339911 -0.000327474 0.00174346
-0.000188495 0.00174346 0.0553141

-0.0107598 -0.00113195 -0.00294021
-0.00113195 -0.0202786 0.00406516
-0.00294021 0.00406516 0.0526097

0.000903914 0.00059182 -0.00410762
0.00059182 -0.00495706 0.00570048
-0.00410762 0.00570048 0.0755109

0.000349788 0.00297717 0.000636597
0.00297717 0.00855581 0.0046891
0.000636597 0.0046891 0.0701259

0.000126444 -0.00310623 -0.0120845
-0.00310623 0.00252835 -0.00382526
-0.0120845 -0.00382526 0.0798265

0.0707808 -0.006993 0.0151085
-0.006993 0.0586976 0.026258
0.0151085 0.026258 -0.0677079

-0.0144173 0.00839705 -0.00211099
0.00839705 -0.00175416 0.00421464
-0.00211099 0.00421464 0.0624423

-0.0763993 0.00540798 -0.0892787
0.00540798 -0.0502098 0.141813
-0.0892787 0.141813 -0.258903

-0.0094626 0.00475115 -0.000129742
0.00475115 -0.0078793 0.00768577
-0.000129742 0.00768577 0.0675996

-0.0222703 -0.00478452 0.0136508
-0.00478452 -0.0459553 0.0207305
0.0136508 0.0207305 -0.219192

-0.0236323 0.00864544 0.00266642
0.00864544 0.000942831 -0.0604807
0.00266642 -0.0604807 -0.4629

-0.118748 -0.00182439 0.056885
-0.00182439 -0.176264 0.0602193
0.056885 0.0602193 -0.602024

-0.00820041 -0.00187666 -0.000294893
-0.00187666 -0.0113796 0.000553671
-0.000294893 0.000553671 0.0397148

0.00449371 -0.0164317 -0.0106482
-0.0164317 -0.000234116 0.0166199
-0.0106482 0.0166199 -0.0719278

0.00757467 0.00202602 -0.0097429
0.00202602 0.00706146 0.00150158
-0.0097429 0.00150158 0.0891604

0.0186703 -0.0131863 0.0396586
-0.0131863 0.0430647 -0.0699449
0.0396586 -0.0699449 -0.427024

0.0117134 -0.000978277 0.0155924
-0.000978277 0.00444117 0.00296114
0.0155924 0.00296114 0.0787366

-0.0320025 0.0108157 -0.0048725
0.0108157 -0.0102612 0.0283012
-0.0048725 0.0283012 -0.165793

-0.000494445 0.00541076 -0.00371703
0.00541076 0.00279963 0.00224906
-0.00371703 0.00224906 0.0664

-0.0195753 -0.000897905 0.0320771
-0.000897905 -0.00312924 0.0303547
0.0320771 0.0303547 -0.486042

-0.0464298 0.00881295 0.0408871
0.00881295 -0.0228161 0.0197593
0.0408871 0.0197593 -0.490604

-0.0179747 -0.0071055 0.00283089
-0.0071055 0.00197317 -0.00707269
0.00283089 -0.00707269 0.0643714

0.0448314 0.0237807 -0.0134966
0.0237807 0.0319618 0.0241347
-0.0134966 0.0241347 -0.143611

0.00218899 -0.0035104 -0.00224205
-0.0035104 -0.00523743 -0.0172296
-0.00224205 -0.0172296 0.0907742

0.00969573 -0.0102295 0.0200472
-0.0102295 0.0739973 0.0311687
0.0200472 0.0311687 -0.507712

-0.0694329 -0.017414 0.0335208
-0.017414 0.0125068 0.041236
0.0335208 0.041236 -0.487935

0.0525342 0.00959939 0.0284686
0.00959939 0.121703 0.146026
0.0284686 0.146026 -0.335041

-0.119863 0.0628493 -0.0379224
0.0628493 -0.22119 0.0443076
-0.0379224 0.0443076 -0.608197

0.000607087 0.00413856 -0.0109932
0.00413856 -0.0197204 -0.0128298
-0.0109932 -0.0128298 0.0606123

-0.0273733 0.0022718 -0.00307202
0.0022718 -0.0139177 0.0203841
-0.00307202 0.0203841 -0.0561548

-0.0275034 -0.00508745 0.0105979
-0.00508745 -0.00901612 -0.0106166
0.0105979 -0.0106166 -0.00464986

-0.0312354 -0.00460551 -0.0010672
-0.00460551 -0.036156 0.00130846
-0.0010672 0.00130846 0.057567

0.044606 -0.000760071 0.0154486
-0.000760071 0.0409254 -0.0640925
0.0154486 -0.0640925 -0.38786

-0.00536564 -0.0132832 0.0468162
-0.0132832 0.0110078 0.0572408
0.0468162 0.0572408 -0.470569

-0.000261177 -0.00530267 0.00720467
-0.00530267 0.00604495 0.0184798
0.00720467 0.0184798 -0.0384784

-0.0275651 0.00692095 0.0353364
0.00692095 -0.107823 -0.0245932
0.0353364 -0.0245932 -0.63683

0.0138637 -0.00591014 -0.00478331
-0.00591014 0.0105138 -0.0126529
-0.00478331 -0.0126529 0.102587

-0.0351455 0.00712346 0.0212895
0.00712346 -0.0147683 -0.0184098
0.0212895 -0.0184098 -0.0132351

-0.0497954 0.000369457 0.00347844
0.000369457 -0.045503 0.0204687
0.00347844 0.0204687 -0.215472

-0.0294604 -0.00828369 0.0116043
-0.00828369 -0.0284492 -0.0156301
0.0116043 -0.0156301 -0.0147374

-0.0528785 -0.00642713 0.0162641
-0.00642713 -0.0422477 0.0599026
0.0162641 0.0599026 -0.559057

0.0419385 0.00227075 0.0384667
0.00227075 0.0383623 0.00131688
0.0384667 0.00131688 -0.390714

0.0169773 -0.0207234 0.0379991
-0.0207234 -0.000917216 0.0567295
0.0379991 0.0567295 -0.324986

-0.0440129 0.00260314 0.00744762
0.00260314 -0.0277146 -0.00974913
0.00744762 -0.00974913 0.0339441

0.0561466 -0.0082218 0.01265
-0.0082218 0.0478398 0.0263577
0.01265 0.0263577 -0.121106

-0.0200535 0.00283365 -0.0238153
0.00283365 -0.00758778 -0.00448889
-0.0238153 -0.00448889 -0.0509812

-0.02909 -0.00566447 0.00641818
-0.00566447 -0.00692582 0.0166832
0.00641818 0.0166832 -0.0521109

0.00162083 -0.00602654 -0.0103784
-0.00602654 -0.0101358 0.0154008
-0.0103784 0.0154008 -0.316073

0.00582268 0.00218835 0.000738381
0.00218835 0.00170449 0.0127154
0.000738381 0.0127154 0.0766476

0.0388609 0.013032 -0.0175233
0.013032 0.0218116 0.0307606
-0.0175233 0.0307606 -0.135241

0.0259845 0.0118119 0.0466627
0.0118119 0.0192194 -0.0402152
0.0466627 -0.0402152 -0.307589

-0.00578326 -0.00697983 -0.0132883
-0.00697983 0.0019613 -0.00161576
-0.0132883 -0.00161576 0.0830571

0.0115505 -0.00410993 -0.0145858
-0.00410993 0.0136706 -0.0025255
-0.0145858 -0.0025255 0.0937017

0.0243034 0.0165149 0.00170285
0.0165149 -0.00484975 -0.0522116
0.00170285 -0.0522116 -0.370659

0.0195056 0.00520349 0.0394897
0.00520349 0.0314309 0.0242235
0.0394897 0.0242235 -0.280106

-0.00678362 0.00275671 0.0241977
0.00275671 0.00147759 0.0093885
0.0241977 0.0093885 -0.0845421

-0.00600573 0.00154442 0.0463636
0.00154442 0.0269995 0.00585147
0.0463636 0.00585147 -0.440066

-0.109541 -0.0107337 0.0175884
-0.0107337 -0.00218083 0.0509944
0.0175884 0.0509944 -0.548425

0.0173701 0.0154746 0.026507
0.0154746 0.0383335 0.00742889
0.026507 0.00742889 -0.0815535

-0.0179974 0.00924819 0.00068999
0.00924819 -0.0235037 0.000165871
0.00068999 0.000165871 0.058652

-0.0190838 0.00429625 0.00325575
0.00429625 -0.0125996 0.00295373
0.00325575 0.00295373 0.0699337

-0.0247282 -0.00121876 0.0181488
-0.00121876 -0.0167689 -0.00995544
0.0181488 -0.00995544 -0.111025

0.043947 0.0315637 -0.00262747
0.0315637 0.0218785 -0.0156304
-0.00262747 -0.0156304 -0.216231

-0.0211127 0.00751128 0.00174691
0.00751128 -0.025497 0.000331708
0.00174691 0.000331708 0.0564796

-0.0537782 0.0179288 0.0108526
0.0179288 -0.0816698 0.0118172
0.0108526 0.0118172 -0.28809

0.00740148 -0.000348208 -0.00436466
-0.000348208 0.00043122 -0.00616652
-0.00436466 -0.00616652 0.0900763

0.0826358 0.0136824 0.0266378
0.0136824 0.0601625 -0.0154256
0.0266378 -0.0154256 -0.0707252

-0.036645 -0.0200374 -0.0182779
-0.0200374 -0.0692486 0.00599583
-0.0182779 0.00599583 -0.294333

0.0187556 -0.00794746 0.0249533
-0.00794746 0.0254156 0.0223795
0.0249533 0.0223795 -0.171191

-0.00223156 0.00275453 0.0490071
0.00275453 0.0250537 -0.0226922
0.0490071 -0.0226922 -0.298249

-0.0107671 -0.00599557 0.0106546
-0.00599557 0.019418 -0.0176224
0.0106546 -0.0176224 -0.0123137

-0.0136404 0.000757147 0.0185003
0.000757147 -0.0089881 -0.0116707
0.0185003 -0.0116707 -0.0188892

0.0145543 -0.00146952 0.0214302
-0.00146952 0.0137839 -0.00711855
0.0214302 -0.00711855 -0.0372009

0.00204098 0.00328245 -0.0122286
0.00328245 -0.00326954 0.00394094
-0.0122286 0.00394094 0.0775345

0.00595371 -0.00202381 0.0205484
-0.00202381 -0.00887986 -0.0104792
0.0205484 -0.0104792 -0.0381069

-0.0183292 0.0141436 0.00259271
0.0141436 -0.0172585 0.00793876
0.00259271 0.00793876 0.0428406

-0.404143 0.0333308 -0.0355392
0.0333308 -0.366584 0.0489188
-0.0355392 0.0489188 -0.770134

-0.00875117 0.00359189 0.0280481
0.00359189 -0.00500805 0.0249902
0.0280481 0.0249902 -0.28532

0.0601054 -0.00831876 0.0237278
-0.00831876 0.0545596 0.0128282
0.0237278 0.0128282 -0.13063

0.0120177 -0.00165024 0.00770221
-0.00165024 0.00871533 -0.00355507
0.00770221 -0.00355507 0.0798922

0.0216747 -0.00777175 0.0465378
-0.00777175 0.0181301 0.0152404
0.0465378 0.0152404 -0.151697

0.00146988 0.0182418 -0.0189993
0.0182418 0.00706102 0.00073566
-0.0189993 0.00073566 -0.0887319

-0.0203821 -0.0104628 0.00777101
-0.0104628 -0.0131851 -0.010365
0.00777101 -0.010365 0.0167808

-0.0240835 -0.00201839 0.0043791
-0.00201839 -0.0165916 0.00424116
0.0043791 0.00424116 0.0786788

-0.0228345 -0.00583237 0.00242837
-0.00583237 0.00600532 0.00237908
0.00242837 0.00237908 0.0541137

-0.0223062 0.00230169 0.00714976
0.00230169 -0.0176517 0.0134083
0.00714976 0.0134083 0.0338097

0.0163544 -0.000739777 -0.00621868
-0.000739777 -0.00287606 -0.000195394
-0.00621868 -0.000195394 0.0668214

-0.0395267 0.00138918 0.00149828
0.00138918 -0.032997 -0.00208254
0.00149828 -0.00208254 0.0648803

-0.0262302 0.0123432 0.00655966
0.0123432 -0.00717252 0.0147359
0.00655966 0.0147359 -0.0076223

-0.0336027 -0.00271922 -0.00141989
-0.00271922 -0.0206227 -0.00401149
-0.00141989 -0.00401149 0.0464929

0.00399635 0.00295233 -0.0123042
0.00295233 0.000800128 0.00364088
-0.0123042 0.00364088 0.079801

-0.0327332 -0.00142687 -0.00106792
-0.00142687 -0.0261944 -0.00377451
-0.00106792 -0.00377451 0.0435082

0.0536059 -0.0425726 0.0440601
-0.0425726 0.0565325 -0.00794702
0.0440601 -0.00794702 -0.495787

-0.0186592 0.00509342 0.0462379
0.00509342 0.00329493 -0.0344423
0.0462379 -0.0344423 -0.505536

-0.014398 -0.00117685 0.00541357
-0.00117685 0.0129609 0.0256326
0.00541357 0.0256326 -0.545135

-0.0175467 0.00240319 0.00542253
0.00240319 -0.0228416 0.0114803
0.00542253 0.0114803 0.033489

-0.0580444 0.0071856 0.0110001
0.0071856 -0.0503045 -3.7878e-05
0.0110001 -3.7878e-05 -0.53069

-0.0235848 -0.000366976 -0.0133871
-0.000366976 -0.0453112 0.0104202
-0.0133871 0.0104202 -0.0186842

0.015582 0.0028448 0.0025345
0.0028448 0.0218406 0.0124374
0.0025345 0.0124374 0.0868392

0.0414459 0.00298686 -0.0368368
0.00298686 0.0408417 0.00364688
-0.0368368 0.00364688 -0.171416

0.0575263 0.0106219 -0.0318865
0.0106219 0.0649593 0.00854696
-0.0318865 0.00854696 -0.16788

-0.000822184 0.00558993 0.00466053
0.00558993 -0.00528088 0.00859571
0.00466053 0.00859571 0.0775964

-0.0272503 0.00941096 0.00490524
0.00941096 -0.0223058 0.0175304
0.00490524 0.0175304 -0.0153479

-0.0131129 -0.00847994 -9.92461e-05
-0.00847994 -0.000123404 -0.00358835
-9.92461e-05 -0.00358835 0.0672533

0.0430352 -0.00137979 -0.0376126
-0.00137979 0.0382134 -0.058398
-0.0376126 -0.058398 -0.374665

-0.0372087 -0.0134059 0.00558814
-0.0134059 -0.020508 0.000261118
0.00558814 0.000261118 0.0489147

0.0433288 0.00412811 0.0264093
0.00412811 0.0452551 -0.0205551
0.0264093 -0.0205551 -0.21072

-0.019351 0.00449744 0.045409
0.00449744 0.0159081 -0.0409863
0.045409 -0.0409863 -0.489873

-0.00669987 0.00581184 0.00277539
0.00581184 -0.00110464 0.000806337
0.00277539 0.000806337 0.0674783

-0.00637548 0.00151746 0.013067
0.00151746 -0.000101341 0.000350731
0.013067 0.000350731 0.0487852

-0.00699286 0.0026287 -0.0126422
0.0026287 -0.00809736 0.00408038
-0.0126422 0.00408038 0.0724039

-0.00160724 -0.0013882 0.0064113
-0.0013882 -0.0058582 -0.000718561
0.0064113 -0.000718561 0.0516354

-0.00528436 -0.00226473 0.00883524
-0.00226473 -0.00508608 0.00205224
0.00883524 0.00205224 0.054001

-0.0015079 0.0017563 0.00501704
0.0017563 -0.0104584 0.00565776
0.00501704 0.00565776 0.0808866

0.0164658 -0.00134252 -0.0189726
-0.00134252 0.0219944 -0.0161284
-0.0189726 -0.0161284 -0.0196748

0.0090996 0.00081469 0.0159471
0.00081469 0.00831393 0.00713111
0.0159471 0.00713111 0.0741403

-0.0381951 0.0056578 0.0444906
0.0056578 -0.0175484 -0.0381204
0.0444906 -0.0381204 -0.50884

0.00129744 -0.00174888 1.1375e-06
-0.00174888 -0.00542679 -0.00706954
1.1375e-06 -0.00706954 0.0753042

0.049411 0.0136582 -0.0364869
0.0136582 0.0551073 -0.0154175
-0.0364869 -0.0154175 -0.16014

-0.0370879 0.00812517 0.0122135
0.00812517 -0.0539985 -0.016849
0.0122135 -0.016849 -0.436332

0.0175554 -0.00113582 0.0107863
-0.00113582 0.0235261 -0.0108751
0.0107863 -0.0108751 0.088213

0.00703052 -0.0062442 0.007599
-0.0062442 -0.000456629 0.00116666
0.007599 0.00116666 0.0597636

-0.00330535 -0.00293744 0.00924329
-0.00293744 -0.00778818 -0.0061944
0.00924329 -0.0061944 0.0599228

-0.0168676 -0.00661253 0.00411854
-0.00661253 -0.017373 -0.00121758
0.00411854 -0.00121758 0.0544455

-0.0417251 0.00796338 0.0448363
0.00796338 -0.0354559 -0.0298448
0.0448363 -0.0298448 -0.530289

-0.0182161 -0.00488541 0.00778956
-0.00488541 -0.0186636 -0.00606677
0.00778956 -0.00606677 0.057476

0.000206816 -0.00604665 0.015085
-0.00604665 -0.000808228 -0.00443711
0.015085 -0.00443711 0.0684917

0.00369926 -0.00216806 -0.00950153
-0.00216806 0.00885523 -0.000862526
-0.00950153 -0.000862526 0.0791092

-0.00865246 -0.00650248 0.00689047
-0.00650248 -0.0138071 -0.00186214
0.00689047 -0.00186214 0.0654144

0.0144718 0.00699529 0.0085464
0.00699529 0.0139494 0.00910099
0.0085464 0.00910099 0.0931643

0.0434964 -0.0125453 0.0139806
-0.0125453 0.0335515 0.0291557
0.0139806 0.0291557 -0.128551

-0.0117656 -0.00584908 -0.00083498
-0.00584908 -0.0041327 -0.00486998
-0.00083498 -0.00486998 0.0638185

-0.00443985 -0.00635682 0.00808583
-0.00635682 -0.0112033 -0.00627963
0.00808583 -0.00627963 0.0654518

-0.0290005 0.00282926 -0.0153398
0.00282926 -0.0349788 0.00558984
-0.0153398 0.00558984 -0.458137

-0.00518299 -0.00209136 0.0111946
-0.00209136 -0.0116939 -0.00327962
0.0111946 -0.00327962 0.0598488

-0.0155916 -0.00790017 0.00516642
-0.00790017 -0.0217733 -0.00317949
0.00516642 -0.00317949 0.0493675

-0.00168875 0.00116583 0.00449253
0.00116583 -0.00670798 0.0126747
0.00449253 0.0126747 0.0787364

-0.0225785 -0.0141521 0.00733054
-0.0141521 -0.0111414 -0.00468947
0.00733054 -0.00468947 0.0569329

0.0213875 -0.00719413 0.0196814
-0.00719413 0.0924714 0.158826
0.0196814 0.158826 -0.444928

0.00400262 -0.00507281 0.00541285
-0.00507281 0.0161178 -0.00881361
0.00541285 -0.00881361 0.0705544

-0.0167878 0.00415112 -0.0468027
0.00415112 -0.0420821 0.065558
-0.0468027 0.065558 -0.528504

-0.0417496 -0.0106965 0.0202984
-0.0106965 -0.0233078 0.0252572
0.0202984 0.0252572 -0.0925557

0.000307183 -0.00194785 -0.00997769
-0.00194785 0.00300915 -0.00242835
-0.00997769 -0.00242835 0.0764044

-0.00594684 0.0031006 -0.0755461
0.0031006 0.0306884 -0.0264627
-0.0755461 -0.0264627 -0.412025

0.00234706 -0.00261056 0.00493581
-0.00261056 -0.00547594 0.0148151
0.00493581 0.0148151 0.0789929

-1.17746 -0.000196269 -0.0308117
-0.000196269 -1.17634 0.181198
-0.0308117 0.181198 -1.09597

-0.0233994 -0.00396184 0.00110903
-0.00396184 -0.0235784 -0.00783459
0.00110903 -0.00783459 0.0727182

-0.0477296 0.0017648 0.00962992
0.0017648 -0.0410653 -0.0118991
0.00962992 -0.0118991 0.0416382

0.0441146 -0.0758258 -0.0692937
-0.0758258 0.154166 0.217038
-0.0692937 0.217038 -0.371514

-0.245924 0.0118467 0.044064
0.0118467 -0.262728 0.0187851
0.044064 0.0187851 -0.674266

-0.336653 0.0226011 -0.132237
0.0226011 -0.696564 0.152324
-0.132237 0.152324 -0.59812

0.00627821 0.0010643 0.00817241
0.0010643 -0.00066168 0.0156231
0.00817241 0.0156231 0.0826713

0.048968 -0.00480406 0.0143722
-0.00480406 0.0198439 0.0209948
0.0143722 0.0209948 -0.0664037

0.0383337 0.00296566 0.0318146
0.00296566 0.0246049 -0.0135797
0.0318146 -0.0135797 -0.219309

-0.0126695 -0.00534235 0.00550266
-0.00534235 0.0115597 0.0128176
0.00550266 0.0128176 -0.0178417

-0.0310124 0.00366866 0.00245605
0.00366866 -0.0279779 -0.00433346
0.00245605 -0.00433346 0.0533553

0.0258181 0.00095683 -0.0167394
0.00095683 0.0270079 -0.00318007
-0.0167394 -0.00318007 0.0256571

0.0209101 0.00733871 -0.0445237
0.00733871 0.0414271 -0.0167195
-0.0445237 -0.0167195 -0.160954

0.00155714 -0.000771785 -0.0108714
-0.000771785 0.00243499 0.000386215
-0.0108714 0.000386215 0.0729416

0.00343771 -0.004207 -0.012716
-0.004207 0.00640127 -0.0023037
-0.012716 -0.0023037 0.0822334

0.021177 -0.00201554 0.030526
-0.00201554 0.0189753 -0.0148425
0.030526 -0.0148425 -0.228123

0.0623747 -0.022555 -0.000738678
-0.022555 0.0725668 0.041012
-0.000738678 0.041012 -0.112729

0.0510272 0.00475748 -0.0204225
0.00475748 0.0223022 0.0117236
-0.0204225 0.0117236 -0.278811

0.020835 0.00274144 0.0202842
0.00274144 0.0188616 0.0310598
0.0202842 0.0310598 -0.155772

-0.0275339 -0.00525252 0.0142793
-0.00525252 -0.0624724 0.0172435
0.0142793 0.0172435 -0.210512

-0.0409029 -0.0157887 0.0515663
-0.0157887 -0.0318506 -0.018175
0.0515663 -0.018175 -0.55565

0.0322583 -0.00133777 0.0191137
-0.00133777 0.00877872 0.00917925
0.0191137 0.00917925 -0.394267

-0.11467 0.0428337 0.00370982
0.0428337 -0.15804 0.0160676
0.00370982 0.0160676 -0.650359

0.0127666 0.00547479 0.0066796
0.00547479 0.00488687 0.0133166
0.0066796 0.0133166 0.0887141

0.00984556 -0.00648302 -0.00174416
-0.00648302 0.015047 0.00835135
-0.00174416 0.00835135 0.0548301

0.00803358 -0.000745257 -0.00134452
-0.000745257 0.00404534 -0.00906966
-0.00134452 -0.00906966 0.0718661

0.0119116 -0.0036228 0.0328709
-0.0036228 0.025789 -0.0789156
0.0328709 -0.0789156 -0.439125

-0.0206343 -0.00427194 -0.0191033
-0.00427194 -0.0180162 -0.0101604
-0.0191033 -0.0101604 -0.0314411

0.022826 0.00208745 -0.00785375
0.00208745 0.0267393 -0.00566257
-0.00785375 -0.00566257 -0.0066304

-0.0314472 -0.00182832 0.018969
-0.00182832 -0.0321583 -0.0152639
0.018969 -0.0152639 -0.114493

-0.0967677 0.0291414 0.0484481
0.0291414 -0.0597391 -0.0269508
0.0484481 -0.0269508 -0.18341

-0.0141559 -0.00608053 0.00231137
-0.00608053 0.0101914 0.0121607
0.00231137 0.0121607 -0.0190031

-0.0946639 -0.0156752 0.0390421
-0.0156752 -0.197719 -0.00835383
0.0390421 -0.00835383 -0.627815

0.0463373 -0.00516128 0.0238892
-0.00516128 0.0944167 0.0115589
0.0238892 0.0115589 -0.0485655

0.0488322 -0.00114755 0.0233644
-0.00114755 0.0401802 -0.0160395
0.0233644 -0.0160395 -0.185496

0.0432349 0.0246341 -0.023035
0.0246341 0.0756359 -0.00730831
-0.023035 -0.00730831 -0.0969319

0.00352976 0.00391195 0.000333368
0.00391195 -0.00808115 0.00594338
0.000333368 0.00594338 0.0783765

-0.145745 -0.0370203 0.0163107
-0.0370203 -0.134467 0.0247604
0.0163107 0.0247604 -0.631506

0.00512384 0.00369392 -0.00283398
0.00369392 -0.00484277 0.00794115
-0.00283398 0.00794115 0.0733054

-0.00722737 -0.00934544 -0.0130012
-0.00934544 -0.0014072 -0.00568796
-0.0130012 -0.00568796 0.0804786

0.00369508 0.0119662 0.00551249
0.0119662 -0.0142421 0.013259
0.00551249 0.013259 0.067727

0.018118 0.000888493 -0.00413839
0.000888493 0.0134615 0.010936
-0.00413839 0.010936 0.0856274

0.0259379 0.00217037 -0.0021435
0.00217037 0.00531285 0.0160001
-0.0021435 0.0160001 0.0779219

0.0119847 -0.00508574 -0.0140841
-0.00508574 0.014309 -0.00632904
-0.0140841 -0.00632904 0.0931861

0.0145939 0.00212526 -0.00394335
0.00212526 0.00790884 0.00839411
-0.00394335 0.00839411 0.0788303

0.0362588 -0.004645 0.0279134
-0.004645 0.016277 0.00341058
0.0279134 0.00341058 -0.504526

-0.0194306 0.00520054 0.0129809
0.00520054 -0.0285443 0.00124303
0.0129809 0.00124303 0.0482151

0.00204773 0.00596269 -0.00918902
0.00596269 -0.00166357 0.0138224
-0.00918902 0.0138224 0.0823967

-0.00774794 -0.000543594 -0.00440034
-0.000543594 -0.00420567 0.00455857
-0.00440034 0.00455857 0.0646433

-0.000233436 -0.000648745 -0.000270218
-0.000648745 -0.0106362 -0.0102111
-0.000270218 -0.0102111 0.0763215

0.00230657 -3.42879e-05 -0.0154572
-3.42879e-05 0.00355877 0.00704238
-0.0154572 0.00704238 0.078375

-0.00246653 0.00166904 -0.0148459
0.00166904 -0.00204275 0.00660857
-0.0148459 0.00660857 0.0758825

-0.0190151 0.00082665 -0.00561837
0.00082665 -0.00789186 -0.00255101
-0.00561837 -0.00255101 0.0463082

-0.00112241 -0.000225548 -0.00516483
-0.000225548 0.000521542 0.00196469
-0.00516483 0.00196469 0.0560455

-0.148055 0.00572307 0.0450699
0.00572307 -0.125125 0.0285631
0.0450699 0.0285631 -0.469719

0.00970835 -0.000764461 -0.00671669
-0.000764461 0.00556234 -0.00747006
-0.00671669 -0.00747006 0.0978977

-0.0342761 -0.00117866 -0.0638253
-0.00117866 0.0234346 -0.0440169
-0.0638253 -0.0440169 -0.478993

-0.0506514 -0.0237793 -0.000812437
-0.0237793 -0.0911784 -0.039872
-0.000812437 -0.039872 -0.0612606

0.00590848 -0.0108845 -0.040049
-0.0108845 0.0229965 -0.0508416
-0.040049 -0.0508416 -0.371743

-0.00159322 -0.00158182 0.0171703
-0.00158182 -0.00952007 0.00896965
0.0171703 0.00896965 0.063042

-0.0574798 0.00339137 0.0141308
0.00339137 -0.0345344 0.00288997
0.0141308 0.00288997 0.00298145

-0.0227073 -0.00628907 0.0080193
-0.00628907 -0.0305988 -0.0185139
0.0080193 -0.0185139 -0.00704246

0.0131537 0.000387866 -0.0155871
0.000387866 0.0167138 0.00703565
-0.0155871 0.00703565 0.0956374

-0.0348063 0.0031848 -0.000645994
0.0031848 -0.0396394 0.00627541
-0.000645994 0.00627541 0.0681559

-0.0720646 0.000836703 -0.000792373
0.000836703 -0.0535923 0.0182102
-0.000792373 0.0182102 -0.0788333

0.0610261 0.0122277 -0.0128285
0.0122277 0.0523702 0.014689
-0.0128285 0.014689 -0.278408

0.000214194 0.00141087 -0.0050049
0.00141087 0.00445127 -0.000648689
-0.0050049 -0.000648689 0.0756339

0.019034 0.013708 0.00599583
0.013708 0.0157219 0.00736503
0.00599583 0.00736503 0.0864773

-0.00921407 -0.00376045 -0.0101462
-0.00376045 -0.00324626 -0.00648723
-0.0101462 -0.00648723 0.0670827

-0.117962 0.0416336 -0.0674171
0.0416336 -0.0452967 -0.0302476
-0.0674171 -0.0302476 -0.531022

0.00855614 0.00145731 -0.0161666
0.00145731 0.00833387 0.00813794
-0.0161666 0.00813794 0.0924453

0.00812942 -0.000355091 -0.0148191
-0.000355091 0.0102164 0.00877919
-0.0148191 0.00877919 0.0897184

-0.0168715 0.00318029 -0.0226187
0.00318029 0.0031044 -0.0151718
-0.0226187 -0.0151718 -0.11462

-0.05561 0.00378371 -0.0175966
0.00378371 -0.0445032 -0.00696254
-0.0175966 -0.00696254 -0.00708191

-0.0755528 0.00942205 0.0145124
0.00942205 -0.0733772 0.00805832
0.0145124 0.00805832 -0.100676

-0.0199349 -0.014659 -0.0125609
-0.014659 -0.000848669 -0.00365344
-0.0125609 -0.00365344 -0.00173608

-0.0623015 -0.00264138 -0.00517168
-0.00264138 -0.020889 -0.0242504
-0.00517168 -0.0242504 -0.160795

-0.00219422 -0.00236411 4.22236e-06
-0.00236411 -0.025906 0.0171485
4.22236e-06 0.0171485 0.078114

-0.0138748 -0.0145451 -0.0248163
-0.0145451 -0.00197728 -0.0268688
-0.0248163 -0.0268688 -0.386607

-0.0452127 0.00445775 0.0014914
0.00445775 -0.0316078 0.0147202
0.0014914 0.0147202 0.0352314

-0.0266151 -0.00130949 0.0111432
-0.00130949 -0.000166449 0.0196256
0.0111432 0.0196256 -0.0486921

0.00708968 -0.00206349 -0.0214867
-0.00206349 0.0200569 -0.0148049
-0.0214867 -0.0148049 -0.100601

-0.0365805 0.00391796 -0.00718875
0.00391796 -0.0222766 -0.0282168
-0.00718875 -0.0282168 -0.0822611

0.0176647 0.00571172 -0.00302531
0.00571172 0.00565309 -0.032578
-0.00302531 -0.032578 -0.0798341

-0.0402241 0.0137302 -0.00963101
0.0137302 -0.0180277 -0.0156761
-0.00963101 -0.0156761 -0.055528

0.0498167 -0.00783436 -0.0229599
-0.00783436 0.0474459 0.0196282
-0.0229599 0.0196282 -0.0208566

-0.0172956 0.00340724 0.00336439
0.00340724 -0.000529959 -0.00532167
0.00336439 -0.00532167 0.026367

0.0400721 0.0148928 0.0216912
0.0148928 0.0163797 -0.0441889
0.0216912 -0.0441889 -0.3281

-0.0212089 0.00570764 0.00520573
0.00570764 -0.0325269 0.0029643
0.00520573 0.0029643 0.0485364

0.00389594 -0.00159036 -0.00805433
-0.00159036 0.00740477 -0.00023323
-0.00805433 -0.00023323 0.0759307

-0.0203936 0.00182696 0.00382959
0.00182696 -0.0136406 0.00181768
0.00382959 0.00181768 0.0710721

0.0102928 -0.00452837 0.00318944
-0.00452837 0.00889478 -0.00304167
0.00318944 -0.00304167 0.0657889

0.00824824 0.0133137 -0.0305671
0.0133137 0.0319096 -0.00506103
-0.0305671 -0.00506103 -0.122767

0.00253195 -0.00486048 -0.0034907
-0.00486048 0.00215089 -0.00747184
-0.0034907 -0.00747184 0.0792866

-0.0335539 -0.0111397 -0.00450566
-0.0111397 -0.0332291 -0.0107998
-0.00450566 -0.0107998 0.0440801

0.0225698 0.00125662 0.0394017
0.00125662 0.0230287 0.0381814
0.0394017 0.0381814 -0.225387

0.0262977 -0.00816309 -0.0112558
-0.00816309 0.0305182 -0.0143694
-0.0112558 -0.0143694 -0.0883001

0.0799923 0.0172454 0.0505521
0.0172454 0.0823432 0.0481219
0.0505521 0.0481219 -0.171057

-0.0165093 0.000265853 0.00703532
0.000265853 -0.0272591 -0.00147512
0.00703532 -0.00147512 0.0605591

0.0178813 -0.014303 -0.0168719
-0.014303 0.005055 -0.0142075
-0.0168719 -0.0142075 -0.155013

0.0330187 -0.0180552 0.0288779
-0.0180552 0.0192383 0.0191826
0.0288779 0.0191826 -0.145132

0.00185188 -0.0166062 0.018673
-0.0166062 -0.00862783 0.0192689
0.018673 0.0192689 -0.191274

0.00653927 0.00110313 -0.0149288
0.00110313 0.00760593 0.00925249
-0.0149288 0.00925249 0.0917813

-0.0204185 -0.00950004 -0.0364429
-0.00950004 -0.00464851 -0.0563962
-0.0364429 -0.0563962 -0.412165

0.0306868 -0.00900093 0.0110365
-0.00900093 0.036085 0.020513
0.0110365 0.020513 -0.167795

0.00763123 0.00419039 0.0138024
0.00419039 0.00883359 0.00800056
0.0138024 0.00800056 0.0651433

0.00228588 0.00448158 -0.0175874
0.00448158 -0.000276591 0.00822828
-0.0175874 0.00822828 0.0831657

0.00812514 0.00622489 0.0136031
0.00622489 0.0102002 0.00579535
0.0136031 0.00579535 0.0673522

0.00361087 0.000533481 0.0124216
0.000533481 -0.00319895 0.0141089
0.0124216 0.0141089 0.0754573

0.0510939 -0.0042738 -0.00825787
-0.0042738 0.0471094 -0.0704018
-0.00825787 -0.0704018 -0.349548

0.0300689 -0.00388988 0.00566361
-0.00388988 0.0199399 0.0199043
0.00566361 0.0199043 -0.0182796

0.0559776 -0.00777879 0.027538
-0.00777879 0.0403229 0.00266562
0.027538 0.00266562 -0.108651

0.0177404 0.00165485 -0.00109008
0.00165485 0.0122495 0.0114888
-0.00109008 0.0114888 0.09933

-0.0189408 0.00132849 -0.0041317
0.00132849 -0.0131575 0.0050217
-0.0041317 0.0050217 0.0356455

0.0111532 -0.00639676 0.00469613
-0.00639676 -0.00871791 0.0136145
0.00469613 0.0136145 -0.0391987

-0.00381397 0.00164662 0.00390299
0.00164662 -0.0144015 0.00673676
0.00390299 0.00673676 0.0678627

0.0162387 0.0026407 0.00111284
0.0026407 0.0068648 0.00231121
0.00111284 0.00231121 0.0988242

-0.00866574 0.00837784 -0.059719
0.00837784 0.0121054 -0.0502268
-0.059719 -0.0502268 -0.486162

0.0343572 -0.00376722 -0.00214675
-0.00376722 0.0187501 -0.0526458
-0.00214675 -0.0526458 -0.287987

0.0137647 -0.0066478 -0.0238023
-0.0066478 0.0516921 -0.00833262
-0.0238023 -0.00833262 -0.125433

-0.0665249 -0.00729729 0.001018
-0.00729729 -0.0303396 0.00353931
0.001018 0.00353931 -0.104467

-0.0338272 0.0067745 0.0069211
0.0067745 -0.0246047 0.0166645
0.0069211 0.0166645 -0.0172822

-0.0302161 0.00188429 0.00499186
0.00188429 -0.0245955 -0.0312718
0.00499186 -0.0312718 -0.111014

-0.0177102 -0.00461157 0.0125039
-0.00461157 0.000989575 -0.0191407
0.0125039 -0.0191407 -0.0137951

0.0281243 -0.00422221 0.0172553
-0.00422221 0.0165855 0.0266806
0.0172553 0.0266806 -0.149424

0.0229912 -0.00406904 0.00544424
-0.00406904 0.0435086 0.00605315
0.00544424 0.00605315 0.0821637

-0.0430209 0.0107775 0.00643894
0.0107775 -0.0304338 0.00234442
0.00643894 0.00234442 0.0378272

-0.0275518 0.00730397 -0.00170572
0.00730397 -0.0112044 0.00999274
-0.00170572 0.00999274 0.056232

-0.0504534 0.0030389 0.00649581
0.0030389 -0.068252 0.0191808
0.00649581 0.0191808 0.0383514

-0.0260738 -0.00595989 0.00674553
-0.00595989 -0.00124541 0.0142156
0.00674553 0.0142156 -0.0386106

-0.0107365 0.00464855 0.00166549
0.00464855 -0.00739282 -0.00438354
0.00166549 -0.00438354 0.0646292

-0.00482634 -0.00311383 0.00477647
-0.00311383 0.00533857 -0.00293601
0.00477647 -0.00293601 0.0571185

0.00352753 -0.00337377 0.00560598
-0.00337377 0.0072308 -0.00972296
0.00560598 -0.00972296 0.0842688

0.00466442 -0.00175428 -0.0102053
-0.00175428 0.0079871 -0.000465752
-0.0102053 -0.000465752 0.0774946

0.00344439 -0.00752353 -0.0283111
-0.00752353 0.0254996 0.0027795
-0.0283111 0.0027795 -0.135696

-0.0912141 -0.0712804 -0.0134411
-0.0712804 -0.0992769 0.0378028
-0.0134411 0.0378028 -0.640111

-0.0312475 0.00255363 -0.0168184
0.00255363 -0.0122035 0.00816344
-0.0168184 0.00816344 -0.0738553

-0.0548744 -0.00317876 0.00467248
-0.00317876 -0.0470245 -0.0162239
0.00467248 -0.0162239 0.00917301

0.00728064 -0.000452892 -0.0419366
-0.000452892 0.0266635 0.00631986
-0.0419366 0.00631986 -0.178655

-0.00184391 0.00542778 0.0183369
0.00542778 -0.00316195 0.00808053
0.0183369 0.00808053 0.0496738

0.00345213 -0.00185903 -0.00959409
-0.00185903 0.00745194 -4.41274e-05
-0.00959409 -4.41274e-05 0.0768021

-0.038177 0.00418895 0.00498406
0.00418895 -0.0401229 0.0117357
0.00498406 0.0117357 0.0600743

0.00180158 0.00545194 -0.000786606
0.00545194 -0.00366686 0.0067538
-0.000786606 0.0067538 0.0693063

0.0457342 -0.00697191 0.0433823
-0.00697191 0.0506908 -0.0860352
0.0433823 -0.0860352 -0.402028

0.0014234 0.00404077 -0.00641286
0.00404077 -0.00060235 -0.0213376
-0.00641286 -0.0213376 -0.130158

-0.0320765 -0.00385793 -0.0037586
-0.00385793 -0.0314411 -0.00432935
-0.0037586 -0.00432935 0.044123

-0.0299573 0.012646 0.00119653
0.012646 -0.0330344 0.00145353
0.00119653 0.00145353 0.0360942

0.00465147 -0.00298487 0.000106378
-0.00298487 -0.0226415 0.0317479
0.000106378 0.0317479 -0.264436

-0.0240231 -0.00511932 0.00980211
-0.00511932 0.000431225 0.0148293
0.00980211 0.0148293 -0.0372819

-0.021035 0.00569792 0.0256378
0.00569792 -0.0271755 0.00479175
0.0256378 0.00479175 -0.282637

-0.000627967 0.000636528 0.0160078
0.000636528 0.00384948 -0.00444035
0.0160078 -0.00444035 0.062235

0.0128807 0.0118452 -0.0305841
0.0118452 0.0485654 0.00353882
-0.0305841 0.00353882 -0.127068

-6.15613e-05 0.000904386 0.0105342
0.000904386 -0.00320226 0.00676085
0.0105342 0.00676085 0.0714975

0.0463711 0.00653048 0.00892889
0.00653048 0.159121 -0.00063941
0.00892889 -0.00063941 -0.462743

0.0468303 2.88261e-05 0.0294623
2.88261e-05 0.0342613 -0.0191175
0.0294623 -0.0191175 -0.194626

0.0562824 -0.00537335 -0.00103055
-0.00537335 0.0170674 0.0314478
-0.00103055 0.0314478 -0.163799

0.00427945 0.00891718 -0.00437035
0.00891718 -0.00513741 -0.0516652
-0.00437035 -0.0516652 -0.430809

-0.127119 0.0128929 0.0279627
0.0128929 -0.210262 0.0476797
0.0279627 0.0476797 -0.688124

0.0182316 0.0132956 0.00681214
0.0132956 0.0154533 0.00795268
0.00681214 0.00795268 0.0873413

0.000578097 0.00118029 0.0105771
0.00118029 -0.000509467 0.00454765
0.0105771 0.00454765 0.070524

-0.0288551 0.00807101 0.0564258
0.00807101 -0.00483517 -0.0298542
0.0564258 -0.0298542 -0.482669

-0.00171046 0.00756733 -0.00029159
0.00756733 -0.00467361 0.00553742
-0.00029159 0.00553742 0.0676057

0.0393602 -0.00644929 -0.0229548
-0.00644929 0.0239879 -0.0456742
-0.0229548 -0.0456742 -0.365971

0.00961089 -0.00928024 0.00612474
-0.00928024 0.0171828 -0.0676534
0.00612474 -0.0676534 -0.401108

-0.0201076 -0.000666811 -0.0074044
-0.000666811 -0.0101042 -0.00102915
-0.0074044 -0.00102915 0.0410902

-0.0364139 0.0156891 0.0044717
0.0156891 -0.0455699 0.00996928
0.0044717 0.00996928 0.0132629

0.0139219 0.00231791 0.00144257
0.00231791 0.00396961 0.00604133
0.00144257 0.00604133 0.0956515

-0.0171542 0.00182361 -0.00729776
0.00182361 -0.0171502 -0.00419097
-0.00729776 -0.00419097 0.0440707

0.00246333 -0.00197622 -0.00951786
-0.00197622 0.00704666 -9.94849e-05
-0.00951786 -9.94849e-05 0.0763184

0.0035062 -0.00182242 -0.00939424
-0.00182242 0.00787452 -0.0002433
-0.00939424 -0.0002433 0.0777229

-0.00465805 -0.0241075 0.0467545
-0.0241075 0.00262022 -0.0696348
0.0467545 -0.0696348 -0.48428

-0.0947976 -0.0254059 0.0122296
-0.0254059 -0.0389405 0.0552323
0.0122296 0.0552323 -0.607051

-0.0172545 -0.00115616 -0.00925497
-0.00115616 -0.00903456 0.00130986
-0.00925497 0.00130986 0.0571751

-0.00517199 0.00437156 0.0498772
0.00437156 0.0170868 -0.0600655
0.0498772 -0.0600655 -0.446944

-0.0137556 0.0072892 0.00293894
0.0072892 -0.0282849 0.00102074
0.00293894 0.00102074 0.0551562

-0.0267921 -0.00218835 0.00257698
-0.00218835 -0.0335841 -0.00266984
0.00257698 -0.00266984 0.0694323

-0.0164932 -0.0077618 -0.00264632
-0.0077618 -0.0198831 0.00336546
-0.00264632 0.00336546 -0.0196652

0.000933315 0.0015868 0.00390083
0.0015868 -0.0097215 0.00935297
0.00390083 0.00935297 0.0759658

0.0150108 0.00846305 0.0536327
0.00846305 0.041649 -0.0456021
0.0536327 -0.0456021 -0.415131

-0.00740395 -0.00501047 0.00342311
-0.00501047 -0.0114269 -0.00435855
0.00342311 -0.00435855 0.056031

0.0180175 0.0138246 0.00691194
0.0138246 0.0156792 0.00661243
0.00691194 0.00661243 0.086496

0.0250224 0.0123696 0.0281902
0.0123696 0.00150016 0.000651298
0.0281902 0.000651298 -0.215308

0.00079683 -0.0020885 -0.00885576
-0.0020885 0.00618616 -0.000942138
-0.00885576 -0.000942138 0.0746682

0.0277177 0.0167508 -0.00915856
0.0167508 0.0267278 0.00944325
-0.00915856 0.00944325 -0.147186

-0.0239871 -0.00761037 0.0103364
-0.00761037 -0.0178283 -0.00780533
0.0103364 -0.00780533 -0.000778679

-0.00465945 0.00756391 0.00340861
0.00756391 -0.00907987 0.0077434
0.00340861 0.0077434 0.0723713

-0.00984054 0.00992419 -0.00144845
0.00992419 -0.0157123 0.00999871
-0.00144845 0.00999871 0.0667681

0.0275735 0.00980685 0.0240272
0.00980685 0.000699664 -0.000220492
0.0240272 -0.000220492 -0.210659

-0.0128336 0.00358638 0.00494748
0.00358638 -0.0171389 -0.00328669
0.00494748 -0.00328669 0.0559653

0.0151211 0.0133776 0.00732937
0.0133776 0.0125266 0.00785169
0.00732937 0.00785169 0.082252

0.0326338 -0.00415615 0.0117645
-0.00415615 0.011236 -0.0519106
0.0117645 -0.0519106 -0.401186

0.0174733 0.0112895 0.0271755
0.0112895 -0.00452097 -0.000553402
0.0271755 -0.000553402 -0.23059

0.000720793 0.00160586 0.0029469
0.00160586 -0.00996945 0.00907014
0.0029469 0.00907014 0.0754836

-0.0196168 -0.00296887 0.00338885
-0.00296887 -0.0408134 -0.000251727
0.00338885 -0.000251727 0.0600923

-0.0238509 -0.0114543 0.000683585
-0.0114543 -0.0213775 0.00894472
0.000683585 0.00894472 -0.0177206

-0.00495278 -0.00507272 -0.00815129
-0.00507272 -0.00255145 0.0018573
-0.00815129 0.0018573 0.0627353

0.0136967 0.00243009 0.000413204
0.00243009 0.0036239 0.00577328
0.000413204 0.00577328 0.0947688

0.0148704 0.00403478 -0.0120311
0.00403478 0.0127509 -0.0113077
-0.0120311 -0.0113077 0.0846382

0.00327265 -0.00222119 -0.0097435
-0.00222119 0.00330519 0.000602785
-0.0097435 0.000602785 0.0733634

-0.00416655 -0.00226434 -0.00819098
-0.00226434 -0.000637176 -0.000660104
-0.00819098 -0.000660104 0.0559168

-0.0105825 -0.000417623 -0.0491664
-0.000417623 -0.000618625 -0.0393384
-0.0491664 -0.0393384 -0.479938

-0.373699 -0.00106023 0.0345524
-0.00106023 -0.327531 0.011251
0.0345524 0.011251 -0.793499

0.00145824 -0.00196989 -0.00920652
-0.00196989 0.00611058 -0.000175941
-0.00920652 -0.000175941 0.0764886

-0.00118555 0.00571333 0.000505281
0.00571333 0.000496104 0.00977808
0.000505281 0.00977808 0.0878809

0.00647372 0.00876616 0.00647499
0.00876616 -0.00373006 0.00886239
0.00647499 0.00886239 0.0819488

0.00281416 0.00435938 0.0147507
0.00435938 0.00217149 0.00836074
0.0147507 0.00836074 0.0685951

0.0104975 0.00981327 0.00686581
0.00981327 0.00276835 0.00921877
0.00686581 0.00921877 0.0854921

0.00922355 0.0050981 0.0138586
0.0050981 0.00591615 0.00929635
0.0138586 0.00929635 0.0637723

-0.0397942 0.00271445 -0.00148798
0.00271445 -0.0362221 -0.00203351
-0.00148798 -0.00203351 0.0612073

-0.0568851 0.00538956 0.0113996
0.00538956 -0.0497091 -0.00318382
0.0113996 -0.00318382 0.0311075

-0.105994 0.0160068 -0.0432983
0.0160068 -0.0639505 0.0138859
-0.0432983 0.0138859 -0.550557

-0.00462508 0.00240775 -0.0125848
0.00240775 -0.00425786 0.00369704
-0.0125848 0.00369704 0.0748373

-0.00211646 0.00243907 -0.00056063
0.00243907 -0.00923736 0.0170665
-0.00056063 0.0170665 0.064698

0.00331804 -0.00172014 -0.00969236
-0.00172014 0.00721678 -0.000663374
-0.00969236 -0.000663374 0.0765122

-0.0126808 0.006453 0.0213895
0.006453 0.00064855 0.00885307
0.0213895 0.00885307 -0.0871669

0.00102968 0.00481422 -0.0002052
0.00481422 -0.00261831 0.00805778
-0.0002052 0.00805778 0.0717232

0.0108099 0.013936 -0.0288286
0.013936 0.0363971 0.00742322
-0.0288286 0.00742322 -0.132349

-0.00436188 -0.00802023 0.000838508
-0.00802023 0.00913042 -0.00122815
0.000838508 -0.00122815 0.0574907

-0.23305 0.00894086 -0.0264797
0.00894086 -0.230478 -0.00691267
-0.0264797 -0.00691267 -0.707971

-0.00611573 -0.00555107 -0.0163917
-0.00555107 0.00382655 -0.0108285
-0.0163917 -0.0108285 -0.0648191

-0.0334866 0.00107501 0.00708646
0.00107501 -0.0257091 0.018031
0.00708646 0.018031 -0.044676

-0.0319287 0.00367743 0.00431493
0.00367743 -0.0305013 -0.00241384
0.00431493 -0.00241384 0.0696179

-0.0130192 0.00830285 -0.0358214
0.00830285 0.0147481 -0.0186822
-0.0358214 -0.0186822 -0.454167

-0.000262198 0.00790286 0.00876964
0.00790286 -0.00838394 0.0138928
0.00876964 0.0138928 0.0712598

-0.0135322 -0.000581256 -9.81459e-05
-0.000581256 -0.0122436 0.0148342
-9.81459e-05 0.0148342 -0.272773

0.0581846 -0.00940155 0.0109695
-0.00940155 0.029988 0.0249801
0.0109695 0.0249801 -0.24073

-0.0578969 0.00166872 -0.0545839
0.00166872 -0.0236179 -0.0447328
-0.0545839 -0.0447328 -0.507136

0.0242923 -0.00667853 -0.0154798
-0.00667853 0.0176622 0.00396872
-0.0154798 0.00396872 -0.0651447

-0.0720781 -0.00678473 -0.0236026
-0.00678473 -0.0891518 -0.0283699
-0.0236026 -0.0283699 -0.553347

-0.0435343 0.0170704 0.0293528
0.0170704 -0.0452697 -0.0018253
0.0293528 -0.0018253 -0.535378

-0.0213024 0.00338308 -0.00487425
0.00338308 -0.0200232 0.000982637
-0.00487425 0.000982637 0.0529311

0.007824 0.00109525 0.000821119
0.00109525 -0.000864225 0.00759828
0.000821119 0.00759828 0.0768496

-0.00662851 0.012894 0.00545589
0.012894 -0.0130016 -0.00388755
0.00545589 -0.00388755 -0.225822

-0.0275845 0.00530431 -0.0431946
0.00530431 -0.00806822 -0.0444256
-0.0431946 -0.0444256 -0.498023

0.0358023 0.011604 -0.0542233
0.011604 0.0296264 -0.0459145
-0.0542233 -0.0459145 -0.463669

-0.0759722 0.022171 0.0188927
0.022171 -0.0309748 -0.0551029
0.0188927 -0.0551029 -0.64499

0.0310857 0.00885449 -0.00361593
0.00885449 0.0124364 0.00904921
-0.00361593 0.00904921 0.0878011

-0.431124 -0.0488378 -0.00841296
-0.0488378 -0.450606 0.0172119
-0.00841296 0.0172119 -0.854259

0.0496258 -0.00173157 -0.0362276
-0.00173157 0.0375581 -0.0562919
-0.0362276 -0.0562919 -0.374942

0.0100785 0.00585799 0.0108504
0.00585799 0.00150703 0.0117956
0.0108504 0.0117956 0.0810209

-0.0805326 -0.0217965 0.0666994
-0.0217965 0.00365954 -0.0408754
0.0666994 -0.0408754 -0.448967

0.019171 -0.0114381 0.0176384
-0.0114381 0.045504 0.0297476
0.0176384 0.0297476 -0.276623

-0.0622997 -0.0225134 -0.00810641
-0.0225134 -0.041505 -0.0347562
-0.00810641 -0.0347562 -0.566239

-0.00395004 0.00425763 -0.0192206
0.00425763 -0.00549068 0.00785477
-0.0192206 0.00785477 0.0754808

0.00489446 -0.00176604 -0.0097138
-0.00176604 0.0098143 -0.00282551
-0.0097138 -0.00282551 0.0787017

0.0994348 -0.017662 0.0197767
-0.017662 0.0915434 0.0297809
0.0197767 0.0297809 -0.228799

-0.0306618 -0.000925088 0.00304578
-0.000925088 -0.0389628 -0.000113266
0.00304578 -0.000113266 0.0450069

-0.0222031 0.0213424 -0.0117918
0.0213424 -0.00361013 -0.0221086
-0.0117918 -0.0221086 -0.0490113

0.0701448 -0.00710063 0.0281559
-0.00710063 0.0659206 0.0295775
0.0281559 0.0295775 -0.273412

0.0477535 -0.0185047 0.0039301
-0.0185047 0.036534 0.00888923
0.0039301 0.00888923 -0.246871

0.0033442 -0.00256204 -0.00730672
-0.00256204 0.00397551 0.000661428
-0.00730672 0.000661428 0.0752111

-0.263172 -0.000413367 0.00226238
-0.000413367 -0.28123 0.040906
0.00226238 0.040906 -0.644451

0.0217855 0.00776352 -0.014146
0.00776352 0.0447634 -0.0860459
-0.014146 -0.0860459 -0.404839

-0.0315097 0.00169583 -0.00906773
0.00169583 -0.0321153 0.00792467
-0.00906773 0.00792467 0.0335739

-0.0311 0.0012875 -0.00859781
0.0012875 -0.029431 0.00792651
-0.00859781 0.00792651 0.0321844

0.0120874 0.00355773 -0.0113649
0.00355773 -0.0102538 -0.00904505
-0.0113649 -0.00904505 0.0194574

-0.00762293 0.0032156 -0.00306581
0.0032156 -0.00428303 -0.00154924
-0.00306581 -0.00154924 0.0663771

-0.0859088 0.00580286 0.00680544
0.00580286 -0.353439 0.0338643
0.00680544 0.0338643 -0.687365

-0.0267963 -0.00707402 0.00222965
-0.00707402 -0.036669 0.00646497
0.00222965 0.00646497 0.039059

0.0193658 0.00660205 0.00297548
0.00660205 0.0237513 0.00384048
0.00297548 0.00384048 0.0849673

-0.013648 0.00267756 -0.00290404
0.00267756 -0.00735654 -0.00453125
-0.00290404 -0.00453125 0.0582914

-0.0317627 0.00928257 -0.000269508
0.00928257 -0.0235688 0.0084416
-0.000269508 0.0084416 0.058528

0.00187554 -0.0017921 -0.00939106
-0.0017921 0.00612276 -0.00120487
-0.00939106 -0.00120487 0.0774131

-0.0115769 0.00159065 -0.00222748
0.00159065 -0.00801237 0.00639057
-0.00222748 0.00639057 0.0663499

0.0063796 0.0111862 -0.0019952
0.0111862 -0.000794396 0.00979241
-0.0019952 0.00979241 0.0769249

0.0291423 0.0153336 0.00538649
0.0153336 0.0348003 -0.0600103
0.00538649 -0.0600103 -0.430315

0.0335814 -0.0188963 0.0664617
-0.0188963 0.0468547 0.0107286
0.0664617 0.0107286 -0.428777

0.00066153 0.00727984 0.00692585
0.00727984 0.00458285 0.00692364
0.00692585 0.00692364 0.0756178

0.0163481 0.00466495 0.0665073
0.00466495 0.00778401 -0.0331105
0.0665073 -0.0331105 -0.44249

0.00351914 -0.00367906 0.0472943
-0.00367906 0.0149432 -0.000858052
0.0472943 -0.000858052 -0.468757

-0.0746749 0.00697934 0.0519669
0.00697934 -0.0841332 -0.00391738
0.0519669 -0.00391738 -0.595138

-0.0726651 -0.00273303 0.0496753
-0.00273303 -0.0708465 -0.0201232
0.0496753 -0.0201232 -0.573013

-0.0167129 -0.00244567 0.0395997
-0.00244567 -0.031783 0.0192214
0.0395997 0.0192214 -0.51703

0.00384421 0.00245787 0.0628167
0.00245787 0.0375091 -0.0523216
0.0628167 -0.0523216 -0.459731

0.0100863 0.012138 0.0558255
0.012138 0.0307655 -0.0588364
0.0558255 -0.0588364 -0.434306

0.0523395 0.0174852 0.0152956
0.0174852 0.0446937 -0.0693845
0.0152956 -0.0693845 -0.295014

-0.0342936 -0.00512961 0.04633
-0.00512961 0.0134238 -0.0782876
0.04633 -0.0782876 -0.504157

-0.00939872 0.00618069 0.0310539
0.00618069 -0.0240203 -0.0483442
0.0310539 -0.0483442 -0.401641

0.00683025 0.0156252 0.0220649
0.0156252 -0.0156012 -0.0522555
0.0220649 -0.0522555 -0.379818

0.0121966 0.01013 0.0499421
0.01013 0.00179386 -0.0383496
0.0499421 -0.0383496 -0.380209

-0.00557208 -0.00856653 0.0460965
-0.00856653 -0.0274352 0.0284462
0.0460965 0.0284462 -0.439928

0.00462283 -0.00594047 0.0551192
-0.00594047 0.0727909 0.00594171
0.0551192 0.00594171 -0.323013

-0.189887 -0.0153113 0.00413129
-0.0153113 -0.134468 -0.0264522
0.00413129 -0.0264522 -0.790743

0.0466622 -0.00455114 0.0549128
-0.00455114 0.0477204 0.0236901
0.0549128 0.0236901 -0.288677

0.00830243 -0.0148547 0.0400964
-0.0148547 0.0244077 0.020673
0.0400964 0.020673 -0.29769

-0.0302931 -0.00390968 0.0559829
-0.00390968 0.000228813 0.0315541
0.0559829 0.0315541 -0.331298

-0.0572366 0.0167452 0.0723912
0.0167452 0.0338324 -0.0244843
0.0723912 -0.0244843 -0.348684

0.030735 0.0177401 0.0433419
0.0177401 0.0158719 -0.040203
0.0433419 -0.040203 -0.328992

0.0252015 0.00902761 0.0314298
0.00902761 0.00663825 -0.05387
0.0314298 -0.05387 -0.334314

-0.00243437 -0.004138 0.0458043
-0.004138 0.0231788 0.0340656
0.0458043 0.0340656 -0.295946

0.0355065 -0.000656965 0.0566853
-0.000656965 0.102216 0.0032584
0.0566853 0.0032584 -0.252649

-0.0586625 0.0134749 0.0211448
0.0134749 -0.0630725 -0.0386352
0.0211448 -0.0386352 -0.444719

0.0365908 0.0110952 0.0354684
0.0110952 0.0284773 -0.0481137
0.0354684 -0.0481137 -0.292525

-0.0198203 0.00277995 0.0241498
0.00277995 -0.0170386 0.0237361
0.0241498 0.0237361 -0.123694

0.0125162 -0.0116002 0.0219858
-0.0116002 0.0119733 0.0272953
0.0219858 0.0272953 -0.0998821

0.0236757 -0.00156343 0.013746
-0.00156343 0.00360518 0.0209207
0.013746 0.0209207 -0.134947

0.0129754 -0.00452755 0.0137276
-0.00452755 -0.00583187 0.0299708
0.0137276 0.0299708 -0.15401

0.033131 -0.0086752 0.0169359
-0.0086752 0.0227037 0.0158109
0.0169359 0.0158109 -0.0599564

0.0150823 -0.00838258 0.0174134
-0.00838258 0.0168226 0.0162714
0.0174134 0.0162714 -0.0689109

-0.00101182 -0.00448349 0.008831
-0.00448349 -0.0109157 0.0170747
0.008831 0.0170747 -0.0580904

-0.0112786 0.00564353 0.0106436
0.00564353 -0.0166525 0.0109607
0.0106436 0.0109607 -0.065094

0.0274028 0.00328523 0.0155326
0.00328523 0.0292515 0.0235358
0.0155326 0.0235358 -0.0458338

0.00119955 0.00881798 0.0226668
0.00881798 0.00821779 0.0196887
0.0226668 0.0196887 -0.0637154

-0.0319929 -0.00820063 0.0227951
-0.00820063 -0.00349747 0.00522278
0.0227951 0.00522278 -0.003456

-0.0169055 0.00130429 0.00509506
0.00130429 -0.024775 0.00238091
0.00509506 0.00238091 0.0142937

-0.0552781 -0.00501826 0.0158351
-0.00501826 -0.0629758 0.0120137
0.0158351 0.0120137 -0.0275324

-0.0314295 0.010753 0.00766954
0.010753 -0.0364642 0.00618997
0.00766954 0.00618997 0.0207076

-0.0208466 0.010464 0.00091671
0.010464 -0.0380009 -0.00388238
0.00091671 -0.00388238 0.0443129

-0.0268968 0.0125932 -0.00129265
0.0125932 -0.043188 -0.00632739
-0.00129265 -0.00632739 0.026874

-0.0186752 0.00853075 0.000646936
0.00853075 -0.0233613 0.00243607
0.000646936 0.00243607 0.0350422

-0.00658084 0.0111196 0.00187981
0.0111196 0.000236939 0.00495217
0.00187981 0.00495217 0.0786697

-0.0108759 0.00924705 -0.00110012
0.00924705 -0.0105709 0.00761107
-0.00110012 0.00761107 0.0528554

-0.0207833 0.014019 -0.003319
0.014019 -0.0343659 -0.00185125
-0.003319 -0.00185125 0.0434512

-0.0209737 0.0140724 0.00329219
0.0140724 -0.0185546 0.00445884
0.00329219 0.00445884 0.0687729

-0.0237452 0.0134981 0.000804147
0.0134981 -0.0240766 0.00381784
0.000804147 0.00381784 0.0675497

0.00412079 -0.00653702 0.00471328
-0.00653702 0.00587739 -0.011261
0.00471328 -0.011261 0.0743825

-0.00744563 -0.00423442 0.00718045
-0.00423442 -0.00488187 -0.0144307
0.00718045 -0.0144307 0.0638636

-0.0432267 0.00186994 -0.000427739
0.00186994 -0.0476974 0.000451093
-0.000427739 0.000451093 0.0584105

0.0567538 0.00886003 -0.0428205
0.00886003 0.0855464 0.0201244
-0.0428205 0.0201244 -0.194503

-0.0174149 -0.00194175 -0.0075255
-0.00194175 -0.0193819 0.0171821
-0.0075255 0.0171821 -0.0876276

0.024904 0.0225854 -0.0269518
0.0225854 -0.0168479 0.0149716
-0.0269518 0.0149716 -0.323767

0.0145277 0.0124845 -0.0322475
0.0124845 0.0173823 0.0134934
-0.0322475 0.0134934 -0.213618

0.0356374 0.0137495 -0.0345851
0.0137495 0.043023 0.0101557
-0.0345851 0.0101557 -0.167068

-0.00865713 0.000126167 -0.00754747
0.000126167 -0.00315774 -0.000339795
-0.00754747 -0.000339795 0.0653377

0.0106527 0.0112827 -0.0232989
0.0112827 0.0122149 0.0230665
-0.0232989 0.0230665 -0.21675

0.0453754 -0.00119828 -0.0349261
-0.00119828 0.0576781 0.0646856
-0.0349261 0.0646856 -0.344699

0.0347007 0.013224 -0.026633
0.013224 0.0397933 0.0186606
-0.026633 0.0186606 -0.16841

0.0108078 -0.0017231 -0.0265507
-0.0017231 0.0151371 0.0517517
-0.0265507 0.0517517 -0.406002

-0.014659 0.000341593 -0.00422894
0.000341593 -0.0140219 0.0190665
-0.00422894 0.0190665 -0.041967

-0.044417 0.0111079 0.0418404
0.0111079 -0.0136817 0.014992
0.0418404 0.014992 -0.519519

0.0085447 0.0076585 -0.0226554
0.0076585 0.00396476 0.0148101
-0.0226554 0.0148101 -0.152661

0.0186901 0.00873472 -0.0215238
0.00873472 0.00965378 0.0154505
-0.0215238 0.0154505 -0.146635

0.0467512 -0.00844873 0.00901757
-0.00844873 0.0586873 -0.0660433
0.00901757 -0.0660433 -0.398217

0.0271477 0.00843538 -0.0148356
0.00843538 0.00922596 0.0147518
-0.0148356 0.0147518 -0.122073

-0.00190637 0.000946698 -0.0148718
0.000946698 -0.00498946 0.0108652
-0.0148718 0.0108652 0.0697637

-0.0573385 -0.00970883 0.0185512
-0.00970883 -0.0453222 -0.011507
0.0185512 -0.011507 -0.0048565

-0.00727967 0.0123157 -0.00604272
0.0123157 -0.0419632 -0.0752471
-0.00604272 -0.0752471 -0.404239

0.00642039 -0.00202188 -0.00579565
-0.00202188 -0.00407151 -0.012591
-0.00579565 -0.012591 0.0839738

0.0222937 0.00665334 0.0459122
0.00665334 0.0591785 0.0254108
0.0459122 0.0254108 -0.277345

-0.0110791 -0.00702802 0.0110451
-0.00702802 -0.0315569 0.00374647
0.0110451 0.00374647 0.0515886

-0.0334415 -0.00750953 0.0166633
-0.00750953 -0.0124782 0.0103863
0.0166633 0.0103863 0.016908

0.00531028 -0.000224698 -0.00092006
-0.000224698 -0.00481715 -0.0104529
-0.00092006 -0.0104529 0.0873199

0.00119584 0.00676855 0.0462
0.00676855 0.00132753 0.039324
0.0462 0.039324 -0.317555

0.00406089 -0.00195998 -0.00985032
-0.00195998 0.00586025 -0.000489932
-0.00985032 -0.000489932 0.0773922

-0.0771688 0.0164353 0.0160869
0.0164353 -0.0832433 0.00836724
0.0160869 0.00836724 -0.0469625

-0.00577611 -0.000757812 0.0260274
-0.000757812 -0.0035793 0.0225545
0.0260274 0.0225545 -0.0227274

-0.025905 -0.00407168 0.00249605
-0.00407168 -0.0172105 0.0178509
0.00249605 0.0178509 0.0159133

0.0400778 -0.000530222 0.00485555
-0.000530222 0.0522803 0.0228763
0.00485555 0.0228763 -0.0250409

0.00766609 -0.00165824 -0.00865416
-0.00165824 0.0117239 -0.00233121
-0.00865416 -0.00233121 0.0815903

0.0913173 0.00198971 0.00743245
0.00198971 0.0990908 0.041122
0.00743245 0.041122 0.0207836

0.0204954 -0.00220639 0.0127916
-0.00220639 -0.00832551 0.025975
0.0127916 0.025975 -0.156364

0.0583421 0.0189571 0.0352852
0.0189571 0.0636186 0.0236235
0.0352852 0.0236235 -0.371385

-0.0424599 0.000400215 0.0053885
0.000400215 -0.0355748 -0.0428936
0.0053885 -0.0428936 -0.483168

0.0293646 0.0119223 -0.0339223
0.0119223 0.0285295 0.0057289
-0.0339223 0.0057289 -0.16983

0.000946915 0.00137919 -0.0155303
0.00137919 -0.00299456 0.00813963
-0.0155303 0.00813963 0.0748664

-0.053313 -0.00285774 0.0138974
-0.00285774 -0.0653407 0.00191847
0.0138974 0.00191847 -0.0221453

-0.0470019 -0.0116943 -0.00638556
-0.0116943 -0.00623072 0.0186948
-0.00638556 0.0186948 -0.0853685

-0.0156145 0.00950518 -0.0156019
0.00950518 -0.0192167 -0.0124571
-0.0156019 -0.0124571 -0.0608907

0.0500835 0.00383063 -0.0334853
0.00383063 0.0692404 0.0143528
-0.0334853 0.0143528 -0.161791

-0.0447906 0.0111015 -0.013309
0.0111015 -0.0635676 -0.0134025
-0.013309 -0.0134025 -0.0573458

-0.0645139 0.00257134 -0.000709289
0.00257134 -0.0421176 0.0181139
-0.000709289 0.0181139 -0.0717775

-0.0363481 0.00462747 0.0013765
0.00462747 -0.0359907 0.00149908
0.0013765 0.00149908 0.0682489

-0.0802592 -0.00630271 0.00922857
-0.00630271 -0.0810477 0.00204769
0.00922857 0.00204769 -0.037919

-0.00699726 0.00151145 0.0146263
0.00151145 -0.00351072 -0.0021702
0.0146263 -0.0021702 0.0541992

0.0047424 -0.00183303 -0.00760868
-0.00183303 0.000359888 -0.00835058
-0.00760868 -0.00835058 0.0912756

0.00984376 -0.00188517 -0.00677248
-0.00188517 0.00501541 -0.00986214
-0.00677248 -0.00986214 0.0999694

-0.00849321 -0.000998837 -0.00825177
-0.000998837 -0.00975078 -0.00748446
-0.00825177 -0.00748446 0.0663653

-0.0101815 -0.00025262 -0.00988525
-0.00025262 -0.0109231 -0.00712146
-0.00988525 -0.00712146 0.0661769

0.000279763 -0.000525627 -0.00918003
-0.000525627 -0.000764007 -0.00403598
-0.00918003 -0.00403598 0.0822569

0.0272864 -0.00509092 0.0120299
-0.00509092 0.0117304 0.0217895
0.0120299 0.0217895 -0.130515

-0.153613 -0.061805 0.0387267
-0.061805 -0.262182 0.0363496
0.0387267 0.0363496 -0.716176

-0.0012144 -0.000348016 -0.000124319
-0.000348016 0.00442339 0.00777924
-0.000124319 0.00777924 0.087891

-0.00118548 0.00214905 0.0127875
0.00214905 -0.00295788 0.0117596
0.0127875 0.0117596 -0.0499284

0.00712054 0.00626075 0.0124619
0.00626075 0.0149038 0.0139106
0.0124619 0.0139106 0.0127664

0.0158517 -0.00214242 -0.00275457
-0.00214242 0.00656871 -0.00858312
-0.00275457 -0.00858312 0.0858671

-0.00214337 0.000679684 0.00884077
0.000679684 -0.0154811 0.0195481
0.00884077 0.0195481 -0.210906

-0.0868936 0.00707782 0.010646
0.00707782 -0.0719711 -0.00989828
0.010646 -0.00989828 -0.173359

-0.0381428 0.00130728 -0.00189786
0.00130728 -0.00777693 0.0058385
-0.00189786 0.0058385 0.0181128

-0.0327018 0.0107814 -0.000171482
0.0107814 -0.00920577 0.0138058
-0.000171482 0.0138058 -0.0210347

-0.0246562 0.000795442 0.00291644
0.000795442 -0.0264012 0.0111998
0.00291644 0.0111998 0.0287589

0.0224929 0.0127183 0.0225636
0.0127183 0.0129534 0.00393185
0.0225636 0.00393185 0.0324757

-0.027083 0.0102928 0.0041507
0.0102928 -0.0099057 0.00914496
0.0041507 0.00914496 -0.0151082

0.0574567 0.00089949 -0.00627831
0.00089949 0.00123506 0.0253725
-0.00627831 0.0253725 -0.172169

0.0412969 -0.00154514 -0.0173516
-0.00154514 0.0038097 0.0234577
-0.0173516 0.0234577 -0.148445

0.00838497 -0.0041866 0.000868953
-0.0041866 -0.0249661 0.030399
0.000868953 0.030399 -0.264148

0.0472082 -0.00996039 -0.00725003
-0.00996039 -0.00385296 0.0254622
-0.00725003 0.0254622 -0.177947

0.0320156 -0.000288727 -0.011336
-0.000288727 -0.00251924 0.0258971
-0.011336 0.0258971 -0.23416

0.0677336 0.0156062 0.0281384
0.0156062 0.0452656 -0.0472878
0.0281384 -0.0472878 -0.276792

0.0281716 0.0068205 -0.0163467
0.0068205 0.00564798 0.0138192
-0.0163467 0.0138192 -0.123093

0.0478073 -0.00439459 0.0188694
-0.00439459 0.0240355 0.0240733
0.0188694 0.0240733 -0.101797

0.0135363 0.00043841 0.0564281
0.00043841 0.0158039 0.0337169
0.0564281 0.0337169 -0.313827

-0.024922 -0.0104859 -0.00192687
-0.0104859 -0.00740602 0.0173161
-0.00192687 0.0173161 -0.090285

-0.0451639 0.00679043 0.00464827
0.00679043 -0.0504104 -0.00274121
0.00464827 -0.00274121 0.0581489

-0.0190309 0.00389 0.00356435
0.00389 -0.0155076 0.0171964
0.00356435 0.0171964 -0.0353867

-0.223309 0.0717974 -0.0217614
0.0717974 -0.142611 0.00672484
-0.0217614 0.00672484 -0.667928

-0.0370972 -0.00682645 0.00202396
-0.00682645 -0.0471709 0.0087828
0.00202396 0.0087828 0.0216669

0.00121986 -0.00448939 0.00621491
-0.00448939 -0.000979267 -0.00518047
0.00621491 -0.00518047 0.0758471

-0.0298898 0.00639506 0.00336986
0.00639506 -0.0482901 0.00349711
0.00336986 0.00349711 0.0577072

0.0089222 0.000415859 -0.00233965
0.000415859 0.00978482 -0.0159561
-0.00233965 -0.0159561 0.0828569

-0.00173548 0.0133829 -0.028113
0.0133829 0.0223244 0.00867947
-0.028113 0.00867947 -0.15767

0.00402561 0.000598576 -0.0292934
0.000598576 0.0201205 0.0185425
-0.0292934 0.0185425 -0.106172

0.00100646 0.0116339 -0.030215
0.0116339 0.0348699 0.00403435
-0.030215 0.00403435 -0.152036

0.0227984 0.00541536 0.00136221
0.00541536 -0.000312596 0.0673732
0.00136221 0.0673732 -0.268856

0.0616821 -0.00339869 0.0420801
-0.00339869 0.065418 0.0219373
0.0420801 0.0219373 -0.26167

-0.000153657 0.000624224 0.0160202
0.000624224 0.00456264 -0.00424972
0.0160202 -0.00424972 0.0628661

-0.00616543 0.00457399 0.00186683
0.00457399 -0.0173741 0.00359144
0.00186683 0.00359144 0.0665417

0.000141098 0.0025879 -0.0146275
0.0025879 0.00444576 0.00735982
-0.0146275 0.00735982 0.0661596

0.014134 0.00497797 0.00648855
0.00497797 -0.0395277 -0.0649412
0.00648855 -0.0649412 -0.344733

0.0286511 -0.00171613 -0.00193746
-0.00171613 0.00937476 -0.0592464
-0.00193746 -0.0592464 -0.326514

-0.00956597 0.0010702 -0.0130113
0.0010702 -0.00734353 0.010613
-0.0130113 0.010613 0.0547036

0.0255777 -0.000567099 -0.00746306
-0.000567099 0.00245134 -0.0534041
-0.00746306 -0.0534041 -0.326901

0.015133 -0.00375596 -0.00235822
-0.00375596 -0.000533095 -0.0517403
-0.00235822 -0.0517403 -0.32047

0.0161691 -0.00771609 0.0237911
-0.00771609 -0.013089 -0.0430812
0.0237911 -0.0430812 -0.342331

-0.015871 0.00588963 -0.00547866
0.00588963 -0.042555 -0.0589475
-0.00547866 -0.0589475 -0.397738

0.00624019 -0.00193309 -0.0399713
-0.00193309 0.0395145 0.0123361
-0.0399713 0.0123361 -0.193003

-0.0068489 0.0135121 0.0321637
0.0135121 -0.032739 -0.0367206
0.0321637 -0.0367206 -0.40788

-0.00572391 -0.0010852 0.00282559
-0.0010852 -0.000562884 -0.0137687
0.00282559 -0.0137687 0.0610659

-0.0116744 -0.00132845 0.00636671
-0.00132845 -0.0115635 -0.0111083
0.00636671 -0.0111083 0.0653374

0.00973531 -0.00186262 0.00199143
-0.00186262 0.00868521 -0.0156103
0.00199143 -0.0156103 0.0936083

0.00666643 -0.00448894 0.000877898
-0.00448894 0.00681671 -0.00707437
0.000877898 -0.00707437 0.0911288

-0.000920864 -0.0068285 0.00510223
-0.0068285 0.0031656 -0.0110918
0.00510223 -0.0110918 0.0714583

0.00520167 -0.00504267 0.00331491
-0.00504267 0.00323407 -0.0113882
0.00331491 -0.0113882 0.0787688

-0.000409943 0.00287434 -0.000286739
0.00287434 0.00105126 -0.0119097
-0.000286739 -0.0119097 0.0819738

-0.0011744 -0.00159239 -0.00933782
-0.00159239 -0.00320802 -0.0132272
-0.00933782 -0.0132272 0.0776526

0.00149358 0.000764927 -0.00485192
0.000764927 -0.00503035 -0.0148136
-0.00485192 -0.0148136 0.0818714

-0.00859984 -0.00240736 -0.00288325
-0.00240736 -0.00967047 -0.00889807
-0.00288325 -0.00889807 0.0704793

0.00705731 -0.000470476 -0.00578443
-0.000470476 -0.00308907 -0.0102895
-0.00578443 -0.0102895 0.0842116

0.0162888 -0.00239303 -0.00374831
-0.00239303 0.0101665 -0.0173401
-0.00374831 -0.0173401 0.101945

-0.00782454 -0.000545006 -0.00289256
-0.000545006 -0.00946224 -0.00420346
-0.00289256 -0.00420346 0.0690015

0.00499326 4.95406e-05 -0.0058487
4.95406e-05 -0.0022506 -0.00524769
-0.0058487 -0.00524769 0.0867133

0.0571484 0.0149783 0.0449989
0.0149783 0.0431761 0.00436057
0.0449989 0.00436057 -0.148619

-1.17746 -0.000196269 -0.0308117
-0.000196269 -1.17634 0.181198
-0.0308117 0.181198 -1.09597

-0.703421 0.153653 -0.143582
0.153653 -0.434274 0.141921
-0.143582 0.141921 -0.638902

-0.0875601 -0.0075728 -0.0424434
-0.0075728 -0.0670198 -0.0255822
-0.0424434 -0.0255822 -0.379801

-0.189565 0.0106126 -0.063448
0.0106126 -0.187577 0.00268822
-0.063448 0.00268822 -0.503865

-0.414175 -0.164127 0.0485969
-0.164127 -0.71082 0.120839
0.0485969 0.120839 -0.607336

-0.532202 0.141874 -0.125227
0.141874 -0.697545 0.154479
-0.125227 0.154479 -0.672212

0.0105011 -0.00358412 -0.00374132
-0.00358412 0.00468312 -0.00797421
-0.00374132 -0.00797421 0.0839585

0.00561028 -0.000820971 -0.00445257
-0.000820971 -0.000518258 -0.00877742
-0.00445257 -0.00877742 0.0841218

0.00153826 -0.00337195 -0.010102
-0.00337195 0.00662933 -0.00259605
-0.010102 -0.00259605 0.0786765

0.00675639 -0.00281838 -0.0102997
-0.00281838 0.00917428 -0.00230189
-0.0102997 -0.00230189 0.0811712

0.00571434 -0.00205535 -0.0106335
-0.00205535 0.00951486 -0.00241038
-0.0106335 -0.00241038 0.0768911

TENSORS Lagrange_strain float
0.00401178 5.28572e-06 9.81768e-05
5.28572e-06 0.00387089 0.000294215
9.81768e-05 0.000294215 -0.0103832

0.00399985 2.90701e-05 0.000127371
2.90701e-05 0.00388351 0.000349775
0.000127371 0.000349775 -0.0102391

0.0039797 8.19222e-06 -0.000111949
8.19222e-06 0.00388572 -9.89179e-05
-0.000111949 -9.89179e-05 -0.0103577

0.00626371 0.000171306 -0.00133149
0.000171306 0.00635503 0.000855834
-0.00133149 0.000855834 -0.0161969

0.00407557 8.07618e-05 9.12129e-05
8.07618e-05 0.00389172 0.000321228
9.12129e-05 0.000321228 -0.0104006

0.00665487 0.000202555 -0.000455635
0.000202555 0.00705103 -0.000435595
-0.000455635 -0.000435595 -0.0184244

0.0040166 -3.15519e-05 -9.19061e-05
-3.15519e-05 0.00402135 -5.61985e-05
-9.19061e-05 -5.61985e-05 -0.0108032

0.00410108 -4.83343e-06 -0.00016969
-4.83343e-06 0.00395039 1.05453e-05
-0.00016969 1.05453e-05 -0.010515

0.00731726 -0.00034417 -0.000389671
-0.00034417 0.00590564 0.000201962
-0.000389671 0.000201962 -0.0177194

0.00587304 -0.000128968 3.35094e-05
-0.000128968 0.00546787 0.000466234
3.35094e-05 0.000466234 -0.0146573

0.00396708 -1.56533e-05 -2.05997e-05
-1.56533e-05 0.0039247 -2.37062e-05
-2.05997e-05 -2.37062e-05 -0.0106054

0.00623429 0.000278094 -0.00137086
0.000278094 0.00621638 0.000686107
-0.00137086 0.000686107 -0.0158569

0.00572982 -0.000212561 -0.000774102
-0.000212561 0.00578799 -0.000187947
-0.000774102 -0.000187947 -0.0148247

0.00669451 -4.52719e-05 -4.32663e-05
-4.52719e-05 0.00696742 0.000195534
-4.32663e-05 0.000195534 -0.0174354

0.00493813 0.000424107 0.000285773
0.000424107 0.00605908 -1.17517e-05
0.000285773 -1.17517e-05 -0.0179112

0.00631916 0.000259254 -0.000527947
0.000259254 0.00642417 0.00122049
-0.000527947 0.00122049 -0.0163195

0.00396287 9.27291e-06 -0.00011135
9.27291e-06 0.00386217 -0.000120787
-0.00011135 -0.000120787 -0.0102525

0.00667164 0.000230692 -0.000168652
0.000230692 0.00667123 7.02172e-05
-0.000168652 7.02172e-05 -0.0172381

0.00392473 2.11302e-05 -1.16316e-05
2.11302e-05 0.003896 -0.000148151
-1.16316e-05 -0.000148151 -0.0103633

0.00672413 0.000171581 -0.0004469
0.000171581 0.00648886 -0.000450902
-0.0004469 -0.000450902 -0.0184235

0.00598955 2.71937e-05 0.000295254
2.71937e-05 0.00567436 0.000766632
0.000295254 0.000766632 -0.0149697

0.00634117 0.000209543 -0.00044362
0.000209543 0.00613187 0.00111795
-0.00044362 0.00111795 -0.0160155

0.00558634 0.000154503 -0.000282684
0.000154503 0.00599047 -0.000702258
-0.000282684 -0.000702258 -0.0140002

0.00398759 -7.29805e-05 -2.59966e-05
-7.29805e-05 0.00396763 -9.47092e-05
-2.59966e-05 -9.47092e-05 -0.0104063

0.00700768 0.000398353 -0.000269473
0.000398353 0.00580796 -3.89792e-06
-0.000269473 -3.89792e-06 -0.0184205

0.00689576 0.000474052 -0.000301989
0.000474052 0.00622089 7.05438e-05
-0.000301989 7.05438e-05 -0.018424

0.00635288 0.000343869 -0.000548821
0.000343869 0.00613709 0.000989871
-0.000548821 0.000989871 -0.0163701

0.00399967 4.93256e-05 7.91836e-05
4.93256e-05 0.0038736 0.000237562
7.91836e-05 0.000237562 -0.010389

0.00367787 6.62435e-05 4.60355e-05
6.62435e-05 0.00404279 0.000150955
4.60355e-05 0.000150955 -0.0104367

0.00636557 0.000294938 -0.000491312
0.000294938 0.00624843 0.000766245
-0.000491312 0.000766245 -0.0161096

0 0 0.0017431
0 0 -0.00123408
0.0017431 -0.00123408 -0.0144145

0.00392426 -4.42796e-05 0.000218649
-4.42796e-05 0.00380643 0.000133176
0.000218649 0.000133176 -0.0104276

0.00671865 -1.38412e-05 0.000698903
-1.38412e-05 0.00654259 2.02434e-05
0.000698903 2.02434e-05 -0.0183841

0.00409174 0.000130096 0.000239654
0.000130096 0.0039847 0.000162372
0.000239654 0.000162372 -0.0104414

0.00734217 0.000455399 -0.000249165
0.000455399 0.00688671 -0.000419648
-0.000249165 -0.000419648 -0.0179937

0.00398831 1.47981e-05 0.000259352
1.47981e-05 0.00388604 0.000155583
0.000259352 0.000155583 -0.0104174

0.00569538 -0.00069881 -0.000325751
-0.00069881 0.00673938 0.000498446
-0.000325751 0.000498446 -0.0173422

0.00391051 -2.39308e-05 5.78583e-05
-2.39308e-05 0.00391247 -0.000144233
5.78583e-05 -0.000144233 -0.0103165

0.00390778 3.39691e-05 -0.000146824
3.39691e-05 0.00395223 1.35312e-06
-0.000146824 1.35312e-06 -0.0105197

0.00519439 4.31314e-05 -0.000781942
4.31314e-05 0.00598157 -3.9657e-05
-0.000781942 -3.9657e-05 -0.0138831

0.00543647 5.09971e-05 -0.000632708
5.09971e-05 0.00596437 0.000124108
-0.000632708 0.000124108 -0.0152375

0.00459175 0.000205216 4.61823e-05
0.000205216 0.00692027 -0.000390155
4.61823e-05 -0.000390155 -0.0180253

0.00390609 0.000106442 -3.22397e-05
0.000106442 0.00397957 6.56329e-05
-3.22397e-05 6.56329e-05 -0.0105974

0.00665395 -0.00038642 0.000367599
-0.00038642 0.00750764 0.00108261
0.000367599 0.00108261 -0.0185386

0.00610302 0.000455011 0.000643879
0.000455011 0.00622293 0.00067225
0.000643879 0.00067225 -0.0183332

0.00560791 -8.16501e-05 -0.000768137
-8.16501e-05 0.00634636 -0.000244502
-0.000768137 -0.000244502 -0.0148214

0.0054719 -6.96731e-05 -0.000293209
-6.96731e-05 0.00527977 0.00104729
-0.000293209 0.00104729 -0.0160304

0.00610152 0.000396028 0.0006203
0.000396028 0.0077504 0.000658412
0.0006203 0.000658412 -0.0184871

0.00716703 9.98167e-05 -0.000158265
9.98167e-05 0.00633489 -0.000449862
-0.000158265 -0.000449862 -0.0177698

0.00385697 -1.79114e-05 2.65327e-05
-1.79114e-05 0.00369196 0.000158454
2.65327e-05 0.000158454 -0.0105525

0.00387257 -0.000172855 -3.01313e-05
-0.000172855 0.00427082 -2.07695e-05
-3.01313e-05 -2.07695e-05 -0.0109202

0.00658549 6.9877e-05 0.000291853
6.9877e-05 0.00661824 -0.000186006
0.000291853 -0.000186006 -0.017373

0.00372244 7.49305e-05 5.66548e-05
7.49305e-05 0.00367461 -0.000240846
5.66548e-05 -0.000240846 -0.0105459

0.00395194 -5.07766e-05 -0.000108079
-5.07766e-05 0.0043797 1.68571e-05
-0.000108079 1.68571e-05 -0.0111582

0.00495672 -9.46696e-05 -9.19824e-05
-9.46696e-05 0.00477432 0.000603375
-9.19824e-05 0.000603375 -0.0130645

0.00507866 -0.000643832 0.00057341
-0.000643832 0.00727949 -0.000169936
0.00057341 -0.000169936 -0.0184097

0.00636649 0.000216403 -0.000704692
0.000216403 0.00603671 0.000580578
-0.000704692 0.000580578 -0.0151165

0.00453845 -0.000211674 -0.000298094
-0.000211674 0.00502696 0.000128831
-0.000298094 0.000128831 -0.0130284

0.00636331 0.000189778 -0.000452465
0.000189778 0.00580321 -0.00167896
-0.000452465 -0.00167896 -0.015295

0.00403633 9.50406e-05 0.00012089
9.50406e-05 0.00389961 0.000230115
0.00012089 0.000230115 -0.0103472

0.00388859 4.04873e-05 -0.000110297
4.04873e-05 0.00401263 4.68641e-05
-0.000110297 4.68641e-05 -0.0105357

0.00435262 -0.000304211 0.000174496
-0.000304211 0.00391462 7.26589e-06
0.000174496 7.26589e-06 -0.0111497

0.00659603 6.19453e-05 0.000150703
6.19453e-05 0.00659736 0.000135138
0.000150703 0.000135138 -0.0172008

0.00363966 -2.04036e-05 4.26219e-06
-2.04036e-05 0.00383347 -5.93782e-05
4.26219e-06 -5.93782e-05 -0.010306

0.00369049 1.90492e-05 3.62289e-05
1.90492e-05 0.00410943 -1.34591e-05
3.62289e-05 -1.34591e-05 -0.0105021

0.00657626 0.000139556 -0.000198059
0.000139556 0.0067159 -0.000514561
-0.000198059 -0.000514561 -0.016748

0.00467015 1.19671e-06 -0.000449921
1.19671e-06 0.00507585 0.000121317
-0.000449921 0.000121317 -0.0127382

0.00476001 8.4105e-05 -0.000451084
8.4105e-05 0.00501418 0.000131083
-0.000451084 0.000131083 -0.012739

0.00395709 -4.62445e-05 1.67005e-05
-4.62445e-05 0.00392977 -3.67458e-05
1.67005e-05 -3.67458e-05 -0.0106534

0.00627459 0.000222197 0.000293598
0.000222197 0.00740202 -0.000962064
0.000293598 -0.000962064 -0.019033

0.00394458 1.71247e-05 -0.000121783
1.71247e-05 0.00400901 1.92897e-05
-0.000121783 1.92897e-05 -0.0107362

0.00380438 3.38237e-05 4.38987e-05
3.38237e-05 0.00360234 -9.8581e-06
4.38987e-05 -9.8581e-06 -0.0102273

0.00626575 -2.5826e-05 -9.49417e-05
-2.5826e-05 0.00593983 -0.00107129
-9.49417e-05 -0.00107129 -0.0161693

0.00421942 -0.000173065 0.000252148
-0.000173065 0.00488902 0.000173335
0.000252148 0.000173335 -0.0119577

0.00395716 -4.25988e-05 9.30426e-06
-4.25988e-05 0.00396546 -5.94268e-05
9.30426e-06 -5.94268e-05 -0.0107246

0.00704457 0.000382772 0.000443225
0.000382772 0.00742343 -0.000888
0.000443225 -0.000888 -0.0191561

0.00400179 -6.36527e-05 -4.15931e-05
-6.36527e-05 0.0039599 -0.000118353
-4.15931e-05 -0.000118353 -0.0104021

0.00493244 0.000216294 0.000227979
0.000216294 0.00448028 0.0001527
0.000227979 0.0001527 -0.0121471

0.00644612 0.000217188 3.48918e-05
0.000217188 0.00579332 -0.00141631
3.48918e-05 -0.00141631 -0.0155646

0.0066834 6.70159e-05 0.00111216
6.70159e-05 0.00665812 -0.000576903
0.00111216 -0.000576903 -0.0173757

0.00629662 0.000185437 0.00113015
0.000185437 0.00675558 -0.000576549
0.00113015 -0.000576549 -0.0168335

0.00397557 -5.84622e-05 2.61765e-06
-5.84622e-05 0.00392694 -5.65437e-05
2.61765e-06 -5.65437e-05 -0.0107223

0.00402933 -7.06809e-05 3.68578e-06
-7.06809e-05 0.00389632 -0.000176382
3.68578e-06 -0.000176382 -0.0103918

0.00401817 -4.16768e-05 7.51744e-05
-4.16768e-05 0.00392584 -2.96947e-05
7.51744e-05 -2.96947e-05 -0.0105991

0.00649875 0.000160261 0.00117895
0.000160261 0.00665889 -0.000465435
0.00117895 -0.000465435 -0.0169593

0.00399439 -7.26287e-05 5.51543e-05
-7.26287e-05 0.00414857 0.000334935
5.51543e-05 0.000334935 -0.011054

0.00644418 -3.30906e-05 -0.000109002
-3.30906e-05 0.00649829 -0.00132573
-0.000109002 -0.00132573 -0.0162881

0.0039411 -3.30062e-05 -0.00018247
-3.30062e-05 0.0040392 8.99358e-05
-0.00018247 8.99358e-05 -0.0104651

0.00385672 6.77506e-05 -7.58726e-05
6.77506e-05 0.00397832 3.89782e-05
-7.58726e-05 3.89782e-05 -0.0104707

0.00472603 -2.74028e-05 -7.18436e-05
-2.74028e-05 0.00496665 0.000334586
-7.18436e-05 0.000334586 -0.0132367

0.00661663 5.37723e-05 0.000312164
5.37723e-05 0.00654004 0.000365863
0.000312164 0.000365863 -0.0165395

0.00587868 4.5105e-05 -0.000108401
4.5105e-05 0.00556714 0.00047265
-0.000108401 0.00047265 -0.0144861

0.00367494 -1.2927e-05 6.59653e-05
-1.2927e-05 0.00371089 -9.49027e-05
6.59653e-05 -9.49027e-05 -0.0101785

0.003987 -6.10038e-05 0.000113281
-6.10038e-05 0.00415807 0.000281779
0.000113281 0.000281779 -0.0108305

0.00358085 6.87704e-05 2.9087e-05
6.87704e-05 0.00361518 -7.67743e-06
2.9087e-05 -7.67743e-06 -0.0101893

0.00398676 3.95931e-07 4.03265e-05
3.95931e-07 0.00458475 0.000265939
4.03265e-05 0.000265939 -0.0113804

0.00395465 -4.42105e-05 7.91674e-05
-4.42105e-05 0.00388704 -0.000205989
7.91674e-05 -0.000205989 -0.0103874

0.00397211 -3.36152e-05 -0.000195122
-3.36152e-05 0.004048 -3.52877e-05
-0.000195122 -3.52877e-05 -0.0104763

0.00397717 -6.01636e-05 6.04683e-05
-6.01636e-05 0.00435195 0.000337622
6.04683e-05 0.000337622 -0.0114021

0.00420417 0.000310216 0.000107514
0.000310216 0.00476378 -0.000125342
0.000107514 -0.000125342 -0.0114084

0.00390233 -0.000110311 8.71677e-05
-0.000110311 0.00406139 -0.000216377
8.71677e-05 -0.000216377 -0.0104225

0.00396506 -4.38518e-05 -0.00012808
-4.38518e-05 0.00402949 -1.59793e-05
-0.00012808 -1.59793e-05 -0.0104482

0.00642188 6.2697e-05 0.00102439
6.2697e-05 0.00686353 -0.000725135
0.00102439 -0.000725135 -0.0171285

0.00397009 1.50045e-05 -0.0001255
1.50045e-05 0.00384377 -0.000129611
-0.0001255 -0.000129611 -0.010225

0.00670899 6.59026e-05 0.000974426
6.59026e-05 0.00654255 -0.000239617
0.000974426 -0.000239617 -0.0179171

-2.22045e-16 -1.11022e-16 -0.000602422
-1.11022e-16 0 -0.00202796
-0.000602422 -0.00202796 -0.0140992

0.00374028 1.11383e-06 -2.12298e-05
1.11383e-06 0.00362001 6.83093e-06
-2.12298e-05 6.83093e-06 -0.0102448

0.00554089 -0.000314226 -1.42348e-05
-0.000314226 0.00566131 -0.000422555
-1.42348e-05 -0.000422555 -0.0147191

0.00397689 -4.88195e-05 5.07659e-05
-4.88195e-05 0.00426094 9.95385e-05
5.07659e-05 9.95385e-05 -0.0106527

0.00388598 3.9359e-05 -8.72442e-05
3.9359e-05 0.0040778 -6.46067e-05
-8.72442e-05 -6.46067e-05 -0.0105152

0.00416469 -0.00016962 -0.000224197
-0.00016962 0.00385013 -0.00022593
-0.000224197 -0.00022593 -0.010871

0.00662064 9.29689e-05 0.000367702
9.29689e-05 0.00600207 0.000330093
0.000367702 0.000330093 -0.0161339

0.0150761 -0.00380352 -0.00236015
-0.00380352 -0.00746906 -0.00559428
-0.00236015 -0.00559428 -0.0158018

0.00397979 2.57759e-05 -1.21023e-05
2.57759e-05 0.00397577 -3.65073e-06
-1.21023e-05 -3.65073e-06 -0.0106004

0.00394348 -2.39502e-05 -0.000170105
-2.39502e-05 0.00391242 -9.98888e-05
-0.000170105 -9.98888e-05 -0.0105143

0.00392384 -4.76993e-05 -2.95752e-06
-4.76993e-05 0.00412281 -0.000259021
-2.95752e-06 -0.000259021 -0.0104443

0.00392173 -6.70143e-05 -4.80867e-06
-6.70143e-05 0.00399704 -0.000229129
-4.80867e-06 -0.000229129 -0.010403

0.00398566 5.51742e-05 -5.38991e-05
5.51742e-05 0.0039469 -1.05029e-05
-5.38991e-05 -1.05029e-05 -0.0105356

0.0039355 -7.13792e-05 -0.000104023
-7.13792e-05 0.00420233 0.000183967
-0.000104023 0.000183967 -0.0110413

0.00405912 1.17989e-05 -5.8012e-05
1.17989e-05 0.00403009 7.75318e-05
-5.8012e-05 7.75318e-05 -0.0107965

0.00402247 -7.03213e-05 4.7241e-05
-7.03213e-05 0.00398004 -6.49867e-05
4.7241e-05 -6.49867e-05 -0.0106176

0.00488982 -0.000243782 0.000465783
-0.000243782 0.00489638 0.000156811
0.000465783 0.000156811 -0.0122536

0.00546209 -0.000426022 -0.000353706
-0.000426022 0.00558935 -0.000472552
-0.000353706 -0.000472552 -0.0140314

0.00620681 0.000180598 8.00832e-05
0.000180598 0.0069924 -0.000387833
8.00832e-05 -0.000387833 -0.0182068

0.00391682 8.01599e-05 -0.000119398
8.01599e-05 0.00399504 -2.98217e-05
-0.000119398 -2.98217e-05 -0.0105884

0.00672366 -0.000273953 0.00108893
-0.000273953 0.00673635 0.000493927
0.00108893 0.000493927 -0.018198

0.00417609 0.00396738 -0.00351111
0.00396738 0.00297012 -0.00307882
-0.00351111 -0.00307882 -0.0157436

0.00390395 -0.000102278 9.56807e-05
-0.000102278 0.00396433 -0.000178416
9.56807e-05 -0.000178416 -0.0103778

0.00412184 3.3773e-05 3.36598e-05
3.3773e-05 0.0040226 7.07747e-05
3.36598e-05 7.07747e-05 -0.010625

0.00637452 0.000118937 0.000518625
0.000118937 0.0067702 -0.00101697
0.000518625 -0.00101697 -0.0167229

0.00406291 0.000113669 2.498e-05
0.000113669 0.00355687 9.92602e-05
2.498e-05 9.92602e-05 -0.0102988

0.00639819 -0.000177211 0.000100828
-0.000177211 0.0072272 -0.000269056
0.000100828 -0.000269056 -0.0182618

0.00399039 -2.56909e-05 0.000195827
-2.56909e-05 0.00407463 3.17097e-06
0.000195827 3.17097e-06 -0.0106927

0.00744424 0.000786109 0.00125522
0.000786109 0.00673795 0.000174586
0.00125522 0.000174586 -0.0181217

0.00392894 -6.55357e-06 -6.32224e-05
-6.55357e-06 0.00400868 -0.000183875
-6.32224e-05 -0.000183875 -0.0104726

0.00401373 -0.000143204 0.000124906
-0.000143204 0.00404125 -0.000207727
0.000124906 -0.000207727 -0.0103739

0.00669115 8.05373e-05 0.000957181
8.05373e-05 0.00712862 0.000531913
0.000957181 0.000531913 -0.0182725

0.00399377 4.2024e-05 -3.07881e-05
4.2024e-05 0.00403009 6.96591e-05
-3.07881e-05 6.96591e-05 -0.0108063

0.00495322 -2.99509e-05 7.40399e-05
-2.99509e-05 0.00490024 0.00031807
7.40399e-05 0.00031807 -0.0131463

0.00439646 4.27641e-05 0.000377998
4.27641e-05 0.00463885 0.000294977
0.000377998 0.000294977 -0.0123047

0.00552696 -0.000149818 -0.000449333
-0.000149818 0.00582892 -0.000439558
-0.000449333 -0.000439558 -0.0149659

0.00399821 -0.000100452 6.35398e-05
-0.000100452 0.00392638 -3.15232e-05
6.35398e-05 -3.15232e-05 -0.0105992

0.0038952 0.000146711 6.48972e-05
0.000146711 0.00355062 9.37183e-05
6.48972e-05 9.37183e-05 -0.0102873

0.00562402 -0.00025665 -0.000618336
-0.00025665 0.00541987 -0.000381609
-0.000618336 -0.000381609 -0.0139891

0.00562678 -0.000230889 -0.000618198
-0.000230889 0.00553073 -4.60906e-05
-0.000618198 -4.60906e-05 -0.0148532

0.00609413 -0.000129617 -0.000744035
-0.000129617 0.00637494 -0.000628328
-0.000744035 -0.000628328 -0.0156689

0.00403528 -0.000101901 0.000316716
-0.000101901 0.00401981 -6.79502e-05
0.000316716 -6.79502e-05 -0.0105998

0.00530967 -0.00011519 0.000525663
-0.00011519 0.00508811 0.000438501
0.000525663 0.000438501 -0.013337

0.00503093 0.000460838 -4.93974e-05
0.000460838 0.00553558 -0.000492534
-4.93974e-05 -0.000492534 -0.0135132

0.00403602 7.95201e-06 -8.68391e-06
7.95201e-06 0.00392707 -2.70148e-05
-8.68391e-06 -2.70148e-05 -0.0107443

0.00657591 -0.000122163 0.000268106
-0.000122163 0.00702273 0.000845597
0.000268106 0.000845597 -0.0178619

0.00529414 -0.000228093 0.00049808
-0.000228093 0.00536345 0.000211635
0.00049808 0.000211635 -0.0133853

0.00363747 -9.34243e-07 -4.09192e-06
-9.34243e-07 0.00366873 -1.3911e-05
-4.09192e-06 -1.3911e-05 -0.0102386

0.00676696 -3.74122e-05 9.4272e-05
-3.74122e-05 0.00696782 0.000138143
9.4272e-05 0.000138143 -0.01811

0.00378031 -6.59317e-05 -4.2505e-05
-6.59317e-05 0.00408477 -0.000109639
-4.2505e-05 -0.000109639 -0.0106837

0.00367528 -0.000109548 -1.42155e-07
-0.000109548 0.00407457 -0.000106361
-1.42155e-07 -0.000106361 -0.0106749

0.00626617 0.000290354 -0.000145495
0.000290354 0.00681749 -0.000121709
-0.000145495 -0.000121709 -0.0174858

0.00672208 1.9978e-05 0.000971537
1.9978e-05 0.00666561 -0.000142153
0.000971537 -0.000142153 -0.0181167

0.00657207 4.22655e-05 0.000372075
4.22655e-05 0.00656465 -8.81519e-05
0.000372075 -8.81519e-05 -0.0164517

0.00428414 -0.000213763 -2.86611e-05
-0.000213763 0.00422245 0.000137425
-2.86611e-05 0.000137425 -0.0114073

0.00406693 2.47163e-05 -5.23122e-05
2.47163e-05 0.00399952 6.07304e-05
-5.23122e-05 6.07304e-05 -0.0108056

0.00403602 -9.42834e-05 -8.31997e-05
-9.42834e-05 0.00404274 -8.90058e-05
-8.31997e-05 -8.90058e-05 -0.0108961

0.00661725 -0.000125701 -0.000816201
-0.000125701 0.0068923 -0.000339253
-0.000816201 -0.000339253 -0.0167111

0.00526604 -0.000236791 0.00038456
-0.000236791 0.0053665 0.000213514
0.00038456 0.000213514 -0.0136056

0.00521802 -0.000117699 0.000326274
-0.000117699 0.00513211 0.000368004
0.000326274 0.000368004 -0.0136748

0.00456066 -2.37453e-05 -0.000306106
-2.37453e-05 0.00481544 0.000161281
-0.000306106 0.000161281 -0.0122082

0.00404694 -3.16278e-05 0.000118834
-3.16278e-05 0.00395281 -0.000125374
0.000118834 -0.000125374 -0.0105388

0.00407404 -5.78368e-06 0.000128814
-5.78368e-06 0.00402006 4.93905e-05
0.000128814 4.93905e-05 -0.0106007

0.00649196 6.81097e-05 0.00120796
6.81097e-05 0.00680009 -0.000731777
0.00120796 -0.000731777 -0.0172559

0.00653383 -0.000188461 0.000629034
-0.000188461 0.0061396 0.0011395
0.000629034 0.0011395 -0.0161857

0.00445319 0.000283351 0.000235774
0.000283351 0.00435048 -0.000338284
0.000235774 -0.000338284 -0.0112999

0.00400906 -5.0962e-05 0.000220048
-5.0962e-05 0.00393809 -9.29816e-05
0.000220048 -9.29816e-05 -0.0105432

0.00370992 -5.25756e-05 9.24752e-05
-5.25756e-05 0.00381076 -0.000221115
9.24752e-05 -0.000221115 -0.0106268

0.00409561 -5.85384e-05 0.000251713
-5.85384e-05 0.00399598 -9.87334e-05
0.000251713 -9.87334e-05 -0.0105344

0.00653533 -0.000217267 0.000629568
-0.000217267 0.00622899 0.000583486
0.000629568 0.000583486 -0.0168296

0.00429069 -0.000187018 -4.19202e-05
-0.000187018 0.00433076 9.25655e-05
-4.19202e-05 9.25655e-05 -0.0114742

0.00399504 5.24239e-05 -7.1017e-05
5.24239e-05 0.00398134 0.00013449
-7.1017e-05 0.00013449 -0.0108064

0.004037 -0.000131339 0.000110342
-0.000131339 0.00398934 -0.000137131
0.000110342 -0.000137131 -0.0106231

0.00458092 -2.05183e-05 0.000259881
-2.05183e-05 0.00464013 -0.000155659
0.000259881 -0.000155659 -0.0124069

0.00474183 0.00015711 0.000471817
0.00015711 0.00477528 -4.53237e-05
0.000471817 -4.53237e-05 -0.0123786

0.00395205 8.36338e-06 -8.92414e-05
8.36338e-06 0.00401436 -4.49733e-05
-8.92414e-05 -4.49733e-05 -0.0107319

0.00774969 0.000316943 0.00102506
0.000316943 0.00680362 5.66241e-05
0.00102506 5.66241e-05 -0.0182877

0.00585902 -6.33938e-05 0.000883996
-6.33938e-05 0.00574704 0.000161034
0.000883996 0.000161034 -0.014481

0.00544425 0.000191889 -0.000480687
0.000191889 0.00576402 3.46828e-05
-0.000480687 3.46828e-05 -0.0169057

0.0037451 1.37259e-05 -1.55277e-06
1.37259e-05 0.003821 -0.000133744
-1.55277e-06 -0.000133744 -0.0105291

0.00404207 -0.000167736 0.000100385
-0.000167736 0.0039276 -5.92645e-05
0.000100385 -5.92645e-05 -0.0106036

0.0040952 0.000256633 0.000178016
0.000256633 0.00440075 5.29514e-05
0.000178016 5.29514e-05 -0.0111921

0.0063904 -0.000253772 0.000280694
-0.000253772 0.00622872 0.000597575
0.000280694 0.000597575 -0.0165054

0.00439752 -0.00018668 2.37965e-05
-0.00018668 0.00450045 0.000534544
2.37965e-05 0.000534544 -0.0116815

0.0043679 -0.000472832 0.000579325
-0.000472832 0.00519768 9.02225e-06
0.000579325 9.02225e-06 -0.0127479

0.00496491 -2.25496e-05 0.000800016
-2.25496e-05 0.00518269 0.00015405
0.000800016 0.00015405 -0.0126677

0.0039348 1.84486e-06 -2.08947e-05
1.84486e-06 0.00386415 -0.00011687
-2.08947e-05 -0.00011687 -0.010427

0.00639456 -0.0002341 0.000342291
-0.0002341 0.00613518 0.00113972
0.000342291 0.00113972 -0.0159339

0.00554147 0.000934911 8.33036e-07
0.000934911 0 -0.00176014
8.33036e-07 -0.00176014 -0.0142083

0.00409158 2.23171e-07 -9.70809e-06
2.23171e-07 0.003964 -2.96677e-05
-9.70809e-06 -2.96677e-05 -0.0107857

0.00501559 -0.000100563 0.0006365
-0.000100563 0.00528191 0.000265574
0.0006365 0.000265574 -0.0130816

0.00405405 -5.26855e-05 -6.48328e-05
-5.26855e-05 0.00460522 -9.75301e-05
-6.48328e-05 -9.75301e-05 -0.0111003

0.00403602 -2.37566e-06 3.17365e-07
-2.37566e-06 0.00401436 -4.21761e-05
3.17365e-07 -4.21761e-05 -0.0107842

0.00377385 -7.43655e-06 3.36779e-05
-7.43655e-06 0.00381588 -0.000299231
3.36779e-05 -0.000299231 -0.0106228

0.00438373 -0.000335877 0.000576294
-0.000335877 0.00540918 0.000419216
0.000576294 0.000419216 -0.0129431

0.00453946 -9.33349e-05 -0.00035325
-9.33349e-05 0.00472316 -0.000114833
-0.00035325 -0.000114833 -0.0122048

0.00402903 -0.000127589 4.17266e-05
-0.000127589 0.00399427 -0.000164876
4.17266e-05 -0.000164876 -0.010676

0.0058026 -0.000284503 0.000716019
-0.000284503 0.00642036 -0.000442249
0.000716019 -0.000442249 -0.0156374

0.00411728 3.98568e-05 -0.00014477
3.98568e-05 0.00397219 -5.82086e-05
-0.00014477 -5.82086e-05 -0.0109569

0.00396561 -4.59394e-05 -0.000225154
-4.59394e-05 0.00401105 -7.05357e-05
-0.000225154 -7.05357e-05 -0.0104572

0.00658761 -0.000133112 0.00103839
-0.000133112 0.00671014 -0.000609061
0.00103839 -0.000609061 -0.0175174

0.00640832 -2.20692e-05 0.000764949
-2.20692e-05 0.00671505 -0.000284301
0.000764949 -0.000284301 -0.0180148

0.0037914 3.55994e-05 -5.85921e-07
3.55994e-05 0.00415435 0.000146342
-5.85921e-07 0.000146342 -0.0109385

0.00408106 -8.24536e-05 -2.09761e-05
-8.24536e-05 0.00402135 -4.12123e-05
-2.09761e-05 -4.12123e-05 -0.0108506

0.00412399 -7.63681e-05 0.000609101
-7.63681e-05 0.00492885 -0.000187512
0.000609101 -0.000187512 -0.0115136

0.00459277 0.000190207 -0.000280694
0.000190207 0.00491467 -0.000283783
-0.000280694 -0.000283783 -0.0124726

0.00516975 -0.000847128 0.000627507
-0.000847128 0.00707458 -0.000171365
0.000627507 -0.000171365 -0.0183992

0.00451432 -0.000229536 -0.000138732
-0.000229536 0.00427445 0.000167997
-0.000138732 0.000167997 -0.0118405

0.00487982 -0.000110614 0.000540481
-0.000110614 0.00488551 0.000136416
0.000540481 0.000136416 -0.0127741

0.0040326 -0.000151988 3.37514e-05
-0.000151988 0.0039432 -7.9325e-05
3.37514e-05 -7.9325e-05 -0.0106626

0.00397561 3.59988e-05 -9.9911e-05
3.59988e-05 0.00392839 -4.0655e-05
-9.9911e-05 -4.0655e-05 -0.0105624

0.00397979 5.34062e-05 -7.34156e-05
5.34062e-05 0.003928 -2.55468e-05
-7.34156e-05 -2.55468e-05 -0.0105189

0.00399245 -7.91088e-05 3.41328e-05
-7.91088e-05 0.00421895 0.000127742
3.41328e-05 0.000127742 -0.0109342

0.00636759 -3.06671e-05 0.000865921
-3.06671e-05 0.00710941 -0.00112741
0.000865921 -0.00112741 -0.0179097

0.00368005 6.20046e-05 4.71238e-05
6.20046e-05 0.0040471 0.000147068
4.71238e-05 0.000147068 -0.010437

0.00398633 4.63473e-05 -9.07684e-06
4.63473e-05 0.00388431 0.00028214
-9.07684e-06 0.00028214 -0.0103589

0.0053677 -6.05182e-05 -0.000143246
-6.05182e-05 0.00590406 0.000818912
-0.000143246 0.000818912 -0.0133292

0.00421509 1.03757e-05 -0.000476843
1.03757e-05 0.00465313 -0.000115255
-0.000476843 -0.000115255 -0.0116982

0.00378844 2.65479e-05 3.48189e-05
2.65479e-05 0.00413074 0.000198658
3.48189e-05 0.000198658 -0.0105948

0.00535908 -0.000165195 0.00027372
-0.000165195 0.00490444 0.000327167
0.00027372 0.000327167 -0.0131881

0.00405093 8.29326e-05 -3.64537e-05
8.29326e-05 0.00383307 3.24533e-05
-3.64537e-05 3.24533e-05 -0.0105019

0.00674726 3.28074e-05 0.000190185
3.28074e-05 0.00626317 3.95005e-05
0.000190185 3.95005e-05 -0.0167092

0.00373843 -1.63372e-05 7.32659e-05
-1.63372e-05 0.00374141 0.000185863
7.32659e-05 0.000185863 -0.0105551

0.00403231 2.19718e-05 -7.60484e-05
2.19718e-05 0.00389589 0.000299486
-7.60484e-05 0.000299486 -0.0105076

0.00635553 -5.59171e-05 0.0006585
-5.59171e-05 0.00725037 0.000679364
0.0006585 0.000679364 -0.0185438

0.00518048 -8.86657e-05 -0.000783444
-8.86657e-05 0.0058771 -9.26181e-05
-0.000783444 -9.26181e-05 -0.0138819

0.00529258 -0.000189516 0.000321754
-0.000189516 0.00544839 0.000436316
0.000321754 0.000436316 -0.013801

0.00462172 -4.56592e-05 0.000236144
-4.56592e-05 0.00403857 -0.00010141
0.000236144 -0.00010141 -0.0115229

0.00373741 0.000133121 3.01425e-05
0.000133121 0.00385397 9.75273e-05
3.01425e-05 9.75273e-05 -0.0102206

0.0039507 -3.75379e-07 1.32832e-05
-3.75379e-07 0.00395127 -5.99662e-06
1.32832e-05 -5.99662e-06 -0.0106159

0.00596037 1.92409e-05 -0.000344853
1.92409e-05 0.00626217 -0.000352834
-0.000344853 -0.000352834 -0.0155735

0.00497908 -9.30694e-05 9.50346e-05
-9.30694e-05 0.0048651 -0.000287392
9.50346e-05 -0.000287392 -0.0125831

0.00480322 -8.70538e-05 0.000418077
-8.70538e-05 0.0049009 0.0002431
0.000418077 0.0002431 -0.0127592

0.00400523 7.64578e-05 7.6881e-05
7.64578e-05 0.0038338 5.04581e-05
7.6881e-05 5.04581e-05 -0.0104512

0.00405329 0.000116117 -2.02826e-05
0.000116117 0.00369951 0.000168018
-2.02826e-05 0.000168018 -0.0104889

0.00373274 0.000141775 -1.62463e-05
0.000141775 0.00397702 0.000147375
-1.62463e-05 0.000147375 -0.0106722

0.00370915 4.65775e-05 -4.71826e-05
4.65775e-05 0.00373363 8.45135e-05
-4.71826e-05 8.45135e-05 -0.0101032

0.0041835 -4.74698e-06 -0.00015073
-4.74698e-06 0.00408643 1.27495e-05
-0.00015073 1.27495e-05 -0.0110285

0.00483461 1.92137e-06 0.000506921
1.92137e-06 0.00519993 0.000124159
0.000506921 0.000124159 -0.0127836

0.00416494 -3.10527e-05 -7.73296e-05
-3.10527e-05 0.00401436 -9.90439e-05
-7.73296e-05 -9.90439e-05 -0.0110998

0.00428341 -6.51879e-05 0.000329363
-6.51879e-05 0.00445011 -6.13718e-06
0.000329363 -6.13718e-06 -0.011529

0.00390795 3.40143e-05 -0.000140964
3.40143e-05 0.00394816 -3.06271e-05
-0.000140964 -3.06271e-05 -0.0105882

0.00396549 -1.91196e-05 -0.000187552
-1.91196e-05 0.00402996 -4.83821e-05
-0.000187552 -4.83821e-05 -0.0104841

0.00403229 8.05736e-05 0.000204499
8.05736e-05 0.00395856 0.000238502
0.000204499 0.000238502 -0.0105238

0.00361663 5.3279e-06 7.08638e-05
5.3279e-06 0.00392507 -2.21826e-05
7.08638e-05 -2.21826e-05 -0.0101538

0.00475443 -3.43866e-05 0.000432739
-3.43866e-05 0.00518402 9.9049e-05
0.000432739 9.9049e-05 -0.0127152

0.00411728 -7.03962e-05 -0.000244433
-7.03962e-05 0.00402135 -8.09226e-05
-0.000244433 -8.09226e-05 -0.0110382

0.00378793 9.80318e-05 -1.64708e-05
9.80318e-05 0.00404239 6.15641e-05
-1.64708e-05 6.15641e-05 -0.0104913

0.00372245 -9.78246e-05 -1.09331e-05
-9.78246e-05 0.0040958 -5.25032e-05
-1.09331e-05 -5.25032e-05 -0.0111459

0.00499123 -0.000214087 -0.000202638
-0.000214087 0.00462382 -0.000472169
-0.000202638 -0.000472169 -0.0124467

0.00658079 3.43984e-05 0.000236474
3.43984e-05 0.00654857 0.000254946
0.000236474 0.000254946 -0.0164415

0.00479471 0.000106977 0.000491334
0.000106977 0.0049281 0.000168406
0.000491334 0.000168406 -0.0127875

0.00426736 9.69131e-05 -0.000471211
9.69131e-05 0.00459133 -5.79175e-05
-0.000471211 -5.79175e-05 -0.0117088

0 0 0.00151982
0 0 0.000883064
0.00151982 0.000883064 -0.0133125

0.0066139 5.44358e-05 0.000215783
5.44358e-05 0.00655483 0.000182571
0.000215783 0.000182571 -0.0170862

0.00497999 2.7227e-05 0.000135491
2.7227e-05 0.00455087 -0.000535633
0.000135491 -0.000535633 -0.012481

0.00472275 7.59716e-05 0.000450989
7.59716e-05 0.00494675 9.26125e-05
0.000450989 9.26125e-05 -0.0127036

0.0036353 -1.75012e-05 2.63477e-05
-1.75012e-05 0.00385653 -0.000136714
2.63477e-05 -0.000136714 -0.0103437

0.00391441 7.555e-05 -9.24097e-05
7.555e-05 0.00397937 3.63728e-05
-9.24097e-05 3.63728e-05 -0.0105382

0.00666075 -0.000235098 0.000838739
-0.000235098 0.00592845 -0.000608439
0.000838739 -0.000608439 -0.0170558

0.00425452 0.000144465 0.000196321
0.000144465 0.0041488 0.000158576
0.000196321 0.000158576 -0.0112526

0 0 0.00151982
0 0 0.000883064
0.00151982 0.000883064 -0.0133125

0.00509168 5.72851e-05 -0.000519457
5.72851e-05 0.00573704 -0.000318235
-0.000519457 -0.000318235 -0.0142322

0.00497906 -0.000103913 2.62307e-05
-0.000103913 0.00429412 -0.000193886
2.62307e-05 -0.000193886 -0.0117164

0.00464292 -3.81314e-05 0.000119533
-3.81314e-05 0.00452521 0.000221067
0.000119533 0.000221067 -0.0119177

0.00578495 4.4048e-05 -0.000586154
4.4048e-05 0.00621901 0.000242777
-0.000586154 0.000242777 -0.0155953

0.00442167 6.73399e-05 0.000265573
6.73399e-05 0.0044818 0.00017784
0.000265573 0.00017784 -0.0119125

0.00373949 -5.72382e-05 0.000157516
-5.72382e-05 0.00407523 5.65118e-06
0.000157516 5.65118e-06 -0.0104845

0.00404055 0.000121861 0.000155844
0.000121861 0.00390322 -1.02009e-05
0.000155844 -1.02009e-05 -0.0106174

0.00650198 0.000227833 -4.55312e-05
0.000227833 0.00632815 -0.000208199
-4.55312e-05 -0.000208199 -0.0154681

0.00391266 -0.000204817 -8.02186e-05
-0.000204817 0.00354835 -0.000194988
-8.02186e-05 -0.000194988 -0.010518

0.00411728 -2.48647e-05 -5.48562e-05
-2.48647e-05 0.0040744 -7.75105e-05
-5.48562e-05 -7.75105e-05 -0.0111006

0.00383524 8.20287e-05 3.42049e-05
8.20287e-05 0.00368187 -3.26988e-05
3.42049e-05 -3.26988e-05 -0.0103036

0.00447906 9.80857e-05 -0.000359019
9.80857e-05 0.00505107 -0.000230358
-0.000359019 -0.000230358 -0.0124619

0.00374802 -1.12697e-05 3.14602e-05
-1.12697e-05 0.00370305 -0.000133468
3.14602e-05 -0.000133468 -0.0103435

0.00612041 -0.000534229 -0.00098255
-0.000534229 0.00405406 0.000584638
-0.00098255 0.000584638 -0.017677

0.00364366 5.04888e-06 3.11092e-05
5.04888e-06 0.00366672 -0.000157213
3.11092e-05 -0.000157213 -0.0103454

-0.00059054 -0.00191795 -0.00557143
-0.00191795 0.00430919 -0.00158493
-0.00557143 -0.00158493 -0.0147733

0.00544174 0.00027713 -0.00151644
0.00027713 0.0043397 -7.4812e-05
-0.00151644 -7.4812e-05 -0.018214

0.00613514 -0.000875558 -0.00100549
-0.000875558 0.00604692 -0.000659016
-0.00100549 -0.000659016 -0.018174

0.00201059 -0.00272768 -0.0057065
-0.00272768 0.00324748 -0.00231681
-0.0057065 -0.00231681 -0.0148062

0 -1.11022e-16 -0.00707445
-1.11022e-16 0 0.000286483
-0.00707445 0.000286483 -0.0145037

-2.22045e-16 0 -0.0041278
0 0 -0.00382663
-0.0041278 -0.00382663 -0.0158018

0 0 -0.00562708
0 0 -0.00237017
-0.00562708 -0.00237017 -0.0148028

0.006807 -0.000117699 -0.000269219
-0.000117699 0.00761732 -0.000413248
-0.000269219 -0.000413248 -0.018923

0.00794203 0.000985365 -0.000904887
0.000985365 0.00706383 -0.000194772
-0.000904887 -0.000194772 -0.0189972

0.00361778 -9.90354e-06 6.29227e-05
-9.90354e-06 0.00367282 -8.10851e-05
6.29227e-05 -8.10851e-05 -0.0101583

0 0 0.00151982
0 0 0.000883064
0.00151982 0.000883064 -0.0133125

0.00528404 -0.00106225 0.00214362
-0.00106225 -1.11022e-16 0.000448054
0.00214362 0.000448054 -0.0136878

0.00525099 0.000217102 -0.00112369
0.000217102 0.00500827 -0.000156378
-0.00112369 -0.000156378 -0.0152721

0.00591511 -0.000649833 -0.000855351
-0.000649833 0.00603749 -0.000640428
-0.000855351 -0.000640428 -0.0153383

0 6.93889e-17 -0.00707445
6.93889e-17 0 0.000286483
-0.00707445 0.000286483 -0.0145037

0.00203823 0.00255527 -0.00540701
0.00255527 0.00292187 0.00286592
-0.00540701 0.00286592 -0.0139887

0.00722243 0.000920331 -0.00142203
0.000920331 0.00597983 0.0014923
-0.00142203 0.0014923 -0.0190345

0.00549431 -0.000277699 -0.00241872
-0.000277699 0.00522413 0.000611831
-0.00241872 0.000611831 -0.0191296

-0.000495254 0.00146015 -0.00540481
0.00146015 0.00583054 0.000839958
-0.00540481 0.000839958 -0.0139245

-2.22045e-16 0 -0.00434827
0 0 0.00464657
-0.00434827 0.00464657 -0.0163974

0 0 -0.00560625
0 0 0.00267695
-0.00560625 0.00267695 -0.0139951

-2.22045e-16 1.11022e-16 -0.00434827
1.11022e-16 0 0.00464657
-0.00434827 0.00464657 -0.0163974

0.00400164 -1.87573e-05 9.8376e-06
-1.87573e-05 0.00394871 -0.0001977
9.8376e-06 -0.0001977 -0.010548

0.00396072 5.41581e-05 6.5614e-05
5.41581e-05 0.00387443 0.000156249
6.5614e-05 0.000156249 -0.0105172

0.00600527 -0.00144407 -0.0013399
-0.00144407 0.00721501 0.00224399
-0.0013399 0.00224399 -0.0185182

0.00484717 -0.000994688 -0.00126873
-0.000994688 0.00902244 0.00228958
-0.00126873 0.00228958 -0.0185198

0.00524332 -0.000150193 -0.000277207
-0.000150193 0.00509141 -0.000157221
-0.000277207 -0.000157221 -0.0151603

0.00534619 0.000375102 -3.62764e-05
0.000375102 0.00595889 4.51628e-05
-3.62764e-05 4.51628e-05 -0.0151782

0.0068747 7.30119e-05 -0.000225988
7.30119e-05 0.00630313 0.000587876
-0.000225988 0.000587876 -0.0172942

0.00618779 -0.00084864 0.000574881
-0.00084864 0.00678102 0.000304782
0.000574881 0.000304782 -0.0171529

0.00690199 -0.000405871 0.000783395
-0.000405871 0.00622594 0.000172718
0.000783395 0.000172718 -0.0178689

0.00725479 -0.000413684 0.000575635
-0.000413684 0.00620259 0.000266636
0.000575635 0.000266636 -0.0180857

0.00544486 -0.000147114 0.00153926
-0.000147114 0.00451729 -0.00146035
0.00153926 -0.00146035 -0.014811

0.00709797 0.000211458 0.00108338
0.000211458 0.00632145 -0.000254829
0.00108338 -0.000254829 -0.0176892

0.0039963 1.12605e-05 0.000282981
1.12605e-05 0.00407778 -7.63535e-05
0.000282981 -7.63535e-05 -0.0106174

0.00765505 -0.000248112 0.00134925
-0.000248112 0.00663809 -0.000290778
0.00134925 -0.000290778 -0.0181004

0.00410449 7.78879e-05 8.49959e-05
7.78879e-05 0.00387619 0.000139112
8.49959e-05 0.000139112 -0.0107065

0.00657993 2.583e-05 0.000917004
2.583e-05 0.00637628 -0.0007458
0.000917004 -0.0007458 -0.0170425

0.00672363 6.74801e-06 0.000603297
6.74801e-06 0.00630726 -0.000930338
0.000603297 -0.000930338 -0.0170728

0.00411741 0.000187757 -0.000164425
0.000187757 0.00429353 0.000702026
-0.000164425 0.000702026 -0.0119678

0.00661563 -0.000261603 0.000594179
-0.000261603 0.00678181 0.000968709
0.000594179 0.000968709 -0.0172685

0.00649499 0.000137283 -4.26811e-05
0.000137283 0.00602836 0.000204465
-4.26811e-05 0.000204465 -0.0153076

0.00631602 -0.000527134 0.000636167
-0.000527134 0.00655674 0.000593835
0.000636167 0.000593835 -0.0171028

0.00606141 -0.000300754 -0.000156588
-0.000300754 0.00636961 0.00149088
-0.000156588 0.00149088 -0.0169608

0.00640347 -0.000656178 0.000846135
-0.000656178 0.00603033 0.00119106
0.000846135 0.00119106 -0.0163474

0.00626033 -0.000296709 0.000733006
-0.000296709 0.00601608 0.000927512
0.000733006 0.000927512 -0.0160993

0.00595195 -8.68025e-05 -0.00081887
-8.68025e-05 0.00632088 0.000438406
-0.00081887 0.000438406 -0.0155391

0.00397015 -0.000115137 3.57747e-05
-0.000115137 0.00396833 -0.000155298
3.57747e-05 -0.000155298 -0.0103131

-0.000756267 0.00336476 0.00275968
0.00336476 0.00748579 -0.000841184
0.00275968 -0.000841184 -0.0147049

0.00625791 -1.41263e-05 0.00051976
-1.41263e-05 0.00702528 -0.000723906
0.00051976 -0.000723906 -0.0167954

0.00694787 0.000102502 0.000728847
0.000102502 0.00670288 -0.000396737
0.000728847 -0.000396737 -0.0173766

0.00396495 -3.2521e-05 -3.75301e-05
-3.2521e-05 0.00387255 -0.000119423
-3.75301e-05 -0.000119423 -0.0102993

0.00498195 -0.000276237 -0.000119309
-0.000276237 0.00414188 -0.000364551
-0.000119309 -0.000364551 -0.0118209

0.00397294 -5.48081e-06 -0.000116142
-5.48081e-06 0.00382144 -0.000176435
-0.000116142 -0.000176435 -0.0101968

0.00601601 -0.000436405 0.000755251
-0.000436405 0.00609874 0.000945541
0.000755251 0.000945541 -0.0154775

0.006247 -0.000269478 0.000697053
-0.000269478 0.0061173 0.00114945
0.000697053 0.00114945 -0.0160556

0.00594296 -0.000115855 -0.00111487
-0.000115855 0.00629458 0.000297132
-0.00111487 0.000297132 -0.0154506

0.00397585 -1.99924e-05 -0.000191667
-1.99924e-05 0.00404876 -4.26965e-05
-0.000191667 -4.26965e-05 -0.0104636

0.00451439 0.000163114 -0.000268727
0.000163114 0.00473107 -1.04105e-05
-0.000268727 -1.04105e-05 -0.0122377

0.00397354 -5.32936e-05 -2.66104e-05
-5.32936e-05 0.00385867 -0.000122892
-2.66104e-05 -0.000122892 -0.010286

0.00546765 0.000174463 0.000783118
0.000174463 0.00609365 -0.000592412
0.000783118 -0.000592412 -0.015134

0.00546805 0.000183305 0.000800813
0.000183305 0.00608945 -0.000511826
0.000800813 -0.000511826 -0.0148341

0.00559119 0.000247689 0.000614166
0.000247689 0.00602854 -0.000856274
0.000614166 -0.000856274 -0.0151499

0.00393312 -0.000154649 -8.16844e-06
-0.000154649 0.00423918 0.000157349
-8.16844e-06 0.000157349 -0.0110288

0.00490834 -0.000286212 -0.000978431
-0.000286212 0.00625215 -0.000361858
-0.000978431 -0.000361858 -0.0173655

0.00533425 -3.06476e-05 0.000582166
-3.06476e-05 0.00614038 0.00044421
0.000582166 0.00044421 -0.0145866

0.00396551 -3.51292e-05 -3.85674e-05
-3.51292e-05 0.00387938 -0.000115483
-3.85674e-05 -0.000115483 -0.0102976

0.00527702 -0.000197852 0.000167872
-0.000197852 0.00545521 0.000465156
0.000167872 0.000465156 -0.0142263

0.00526979 -0.000148038 0.000280255
-0.000148038 0.00542013 0.000429218
0.000280255 0.000429218 -0.0142038

0.00602118 -3.01809e-05 0.000554697
-3.01809e-05 0.00550681 0.000802625
0.000554697 0.000802625 -0.015235

0.00598996 -0.000133394 0.000208281
-0.000133394 0.0056096 0.000962983
0.000208281 0.000962983 -0.0152398

0.00540721 -5.6619e-05 0.000232321
-5.6619e-05 0.00487403 0.000449037
0.000232321 0.000449037 -0.0134297

0.00542817 2.4083e-05 0.000196934
2.4083e-05 0.00517952 0.000366475
0.000196934 0.000366475 -0.013921

0.00642779 -2.91756e-05 -0.000115987
-2.91756e-05 0.0065285 -0.00139685
-0.000115987 -0.00139685 -0.016121

0.00547963 -0.000101203 -0.000517037
-0.000101203 0.00634576 -0.000178904
-0.000517037 -0.000178904 -0.0149983

0.0055915 0.000254547 0.000628399
0.000254547 0.00601849 -0.000781071
0.000628399 -0.000781071 -0.0148504

0.00567452 0.000237993 0.000548063
0.000237993 0.00545435 -0.000603172
0.000548063 -0.000603172 -0.0143949

0.00498811 0.000121746 0.00010192
0.000121746 0.0040018 -0.000416725
0.00010192 -0.000416725 -0.0118357

0.0039865 -3.48893e-05 -1.2924e-05
-3.48893e-05 0.00388132 -0.000126834
-1.2924e-05 -0.000126834 -0.0104282

0.00569962 0.000280963 0.000569246
0.000280963 0.00551671 -0.000581172
0.000569246 -0.000581172 -0.0143952

0.003733 0.0001375 4.69418e-06
0.0001375 0.00391187 0.000268569
4.69418e-06 0.000268569 -0.0105819

0.00480807 -8.02571e-06 0.000151966
-8.02571e-06 0.00454307 0.000247567
0.000151966 0.000247567 -0.0120784

0.0056442 -0.000251797 -0.000242033
-0.000251797 0.00577549 0.000732862
-0.000242033 0.000732862 -0.0144171

0.00499995 -2.87208e-05 0.00031647
-2.87208e-05 0.00522913 0.000342456
0.00031647 0.000342456 -0.0134227

0.00505185 -0.000174252 0.000476378
-0.000174252 0.00560242 4.96285e-05
0.000476378 4.96285e-05 -0.0136259

0.00651065 -0.000275414 0.000208486
-0.000275414 0.00592874 0.00135643
0.000208486 0.00135643 -0.0164118

0.00658607 -7.12414e-05 0.000180802
-7.12414e-05 0.00630516 0.00161918
0.000180802 0.00161918 -0.0170485

0.00659403 -9.57481e-05 0.000305712
-9.57481e-05 0.00637553 0.00113688
0.000305712 0.00113688 -0.0169317

0.00493411 0.000156558 0.000279845
0.000156558 0.0053301 -0.000199995
0.000279845 -0.000199995 -0.0134556

0.00553103 -0.000360611 -9.07472e-05
-0.000360611 0.00536623 0.000422747
-9.07472e-05 0.000422747 -0.0171738

0.00572045 0.000243217 0.000439655
0.000243217 0.0055603 -0.000220864
0.000439655 -0.000220864 -0.0142229

0.00568964 0.000205558 0.000420475
0.000205558 0.00551525 -0.000240855
0.000420475 -0.000240855 -0.0142227

0.00485039 -0.000181456 0.000372926
-0.000181456 0.00516535 0.000395362
0.000372926 0.000395362 -0.0127542

0.00494209 -0.000260215 0.000412049
-0.000260215 0.00507001 0.00030794
0.000412049 0.00030794 -0.0127553

0.00397997 -4.25838e-06 -1.54191e-05
-4.25838e-06 0.00392036 -0.000130651
-1.54191e-05 -0.000130651 -0.0104279

0.00499106 -0.00010012 -0.000140344
-0.00010012 0.00486681 -0.000254845
-0.000140344 -0.000254845 -0.0125522

0.00645856 -0.000268936 0.000316897
-0.000268936 0.00615412 0.00115007
0.000316897 0.00115007 -0.0164729

0.00528773 -2.67785e-05 0.000291603
-2.67785e-05 0.00492596 0.000387556
0.000291603 0.000387556 -0.0134289

0.0065441 0.000160647 -0.000580532
0.000160647 0.00636036 7.51623e-05
-0.000580532 7.51623e-05 -0.0174685

0.0066774 0.00024023 -0.000655026
0.00024023 0.00631536 0.000209082
-0.000655026 0.000209082 -0.0177708

0.00479918 0.00015226 0.000477101
0.00015226 0.00533965 -0.000119509
0.000477101 -0.000119509 -0.0131756

0.00489829 0.000206264 0.000472546
0.000206264 0.00536902 -0.000122338
0.000472546 -0.000122338 -0.0131775

0.00473144 0.000110218 0.000410118
0.000110218 0.00497945 -0.000207241
0.000410118 -0.000207241 -0.0127917

0.00548528 3.04157e-05 0.000367467
3.04157e-05 0.00547295 -0.00042602
0.000367467 -0.00042602 -0.0140553

0.00482721 0.000199805 0.00040594
0.000199805 0.00505661 -0.000209127
0.00040594 -0.000209127 -0.0127921

0.0047983 0.000180653 0.000338985
0.000180653 0.00516541 -0.000512741
0.000338985 -0.000512741 -0.0123939

0.00563155 -2.01762e-05 0.00066811
-2.01762e-05 0.00533178 -0.000354578
0.00066811 -0.000354578 -0.0136313

0.0047482 2.60492e-06 2.95327e-05
2.60492e-06 0.00452925 0.000242067
2.95327e-05 0.000242067 -0.0121064

0.00466784 -0.000284178 0.000308508
-0.000284178 0.00468167 0.000223728
0.000308508 0.000223728 -0.0122005

0.00691698 -3.45787e-05 0.000834324
-3.45787e-05 0.00677963 0.000198859
0.000834324 0.000198859 -0.0177131

0.00385126 -0.000113096 -9.0668e-05
-0.000113096 0.00374293 -5.59416e-05
-9.0668e-05 -5.59416e-05 -0.0105174

0.00399875 -0.000109193 2.30612e-05
-0.000109193 0.00418966 5.70571e-05
2.30612e-05 5.70571e-05 -0.0110031

0.00458593 -3.16901e-05 0.000399244
-3.16901e-05 0.00493915 9.81181e-05
0.000399244 9.81181e-05 -0.0123323

0.00384081 -9.7285e-05 -6.30939e-05
-9.7285e-05 0.00387482 -9.05185e-06
-6.30939e-05 -9.05185e-06 -0.0105397

0.0045809 7.12258e-05 0.000213424
7.12258e-05 0.0046946 0.000294919
0.000213424 0.000294919 -0.0122136

0.00458804 6.12343e-05 0.000400127
6.12343e-05 0.00496122 0.000166295
0.000400127 0.000166295 -0.0123322

0.00399626 -9.83343e-05 2.67354e-05
-9.83343e-05 0.00421226 5.96899e-05
2.67354e-05 5.96899e-05 -0.0110035

0.00559138 -0.000213627 -0.000563441
-0.000213627 0.00588275 -0.000319533
-0.000563441 -0.000319533 -0.014769

0.00601983 -0.000190951 0.000333342
-0.000190951 0.00531988 -0.00137415
0.000333342 -0.00137415 -0.0143407

0.00671868 0.000357604 -0.000711299
0.000357604 0.00663395 9.76529e-05
-0.000711299 9.76529e-05 -0.01785

0.00465322 5.43154e-05 0.000332974
5.43154e-05 0.00473088 -0.00012916
0.000332974 -0.00012916 -0.0123386

0.00387766 -0.000162383 0.000164192
-0.000162383 0.00397169 -0.000242481
0.000164192 -0.000242481 -0.0106959

0.00382309 -0.000204019 0.000126049
-0.000204019 0.00400298 -0.000257074
0.000126049 -0.000257074 -0.0107193

0.00450986 -0.000182671 0.000248561
-0.000182671 0.00446853 0.000245443
0.000248561 0.000245443 -0.0119098

0.00449971 0.000132954 0.000149026
0.000132954 0.00443583 0.000192604
0.000149026 0.000192604 -0.0118389

0.00389206 1.89943e-05 -0.000177537
1.89943e-05 0.00389205 -4.53349e-05
-0.000177537 -4.53349e-05 -0.0104258

0.00454196 7.11278e-05 0.000171728
7.11278e-05 0.00442351 0.000122918
0.000171728 0.000122918 -0.0118396

0.00458422 -1.59589e-05 0.00034821
-1.59589e-05 0.00463779 9.75814e-05
0.00034821 9.75814e-05 -0.0120546

0.00448511 -0.000120683 0.000326202
-0.000120683 0.00429606 -0.000177088
0.000326202 -0.000177088 -0.0116695

0.00447875 -0.000103086 0.000344196
-0.000103086 0.00434955 -0.000154449
0.000344196 -0.000154449 -0.011669

0.00395394 -0.00011383 6.5635e-05
-0.00011383 0.00409649 -7.52616e-05
6.5635e-05 -7.52616e-05 -0.0106192

0.00580251 5.26385e-05 -5.58061e-05
5.26385e-05 0.00543279 -0.000384407
-5.58061e-05 -0.000384407 -0.0142435

0.00499274 -4.69227e-06 -2.52068e-05
-4.69227e-06 0.00426126 -0.000186952
-2.52068e-05 -0.000186952 -0.0117149

0.00443617 9.58819e-05 5.04666e-05
9.58819e-05 0.00442187 8.81399e-05
5.04666e-05 8.81399e-05 -0.011704

0.00448702 2.56305e-05 7.16807e-05
2.56305e-05 0.00438646 2.58736e-05
7.16807e-05 2.58736e-05 -0.0117034

0.00669037 0.00041578 -0.000414093
0.00041578 0.0066539 0.0001827
-0.000414093 0.0001827 -0.0174996

0.00570996 2.17938e-05 -0.000794949
2.17938e-05 0.00624258 8.48369e-05
-0.000794949 8.48369e-05 -0.0158714

0.00430942 4.75968e-05 0.000142789
4.75968e-05 0.00450092 -8.43182e-05
0.000142789 -8.43182e-05 -0.0116909

0.00577442 -4.4557e-05 -0.00110636
-4.4557e-05 0.00633073 -0.000570528
-0.00110636 -0.000570528 -0.0155165

0.00580048 4.25562e-05 -0.000115054
4.25562e-05 0.00538379 -0.000719323
-0.000115054 -0.000719323 -0.0144565

0.00445349 -0.000118922 5.39406e-05
-0.000118922 0.00429699 -0.000211592
5.39406e-05 -0.000211592 -0.0116152

0.00442004 0.000288641 0.000724524
0.000288641 0.00496798 0.000440937
0.000724524 0.000440937 -0.0125923

0.00399481 -1.63717e-05 -0.00016615
-1.63717e-05 0.00399853 6.23374e-05
-0.00016615 6.23374e-05 -0.0107219

0.00585893 -0.000117145 -4.11444e-05
-0.000117145 0.00582004 -0.00091412
-4.11444e-05 -0.00091412 -0.0150567

0.0040777 -4.43208e-06 6.78551e-06
-4.43208e-06 0.00385548 0.00015756
6.78551e-06 0.00015756 -0.0103384

0.00445494 -9.60126e-05 7.15591e-05
-9.60126e-05 0.00435172 -0.000189937
7.15591e-05 -0.000189937 -0.0116156

0.0040269 -0.000150746 0.000124861
-0.000150746 0.00425617 -0.000233326
0.000124861 -0.000233326 -0.0111593

0.0041941 -0.000134059 0.000166049
-0.000134059 0.00440646 -0.000264905
0.000166049 -0.000264905 -0.0114057

0.00412754 -0.000199096 0.000125476
-0.000199096 0.00435018 -0.000318516
0.000125476 -0.000318516 -0.0114036

0.00419777 -0.000180321 0.000185311
-0.000180321 0.00452776 -0.000112701
0.000185311 -0.000112701 -0.0116425

0.00411035 -0.000132136 0.000185376
-0.000132136 0.00410634 -0.000243295
0.000185376 -0.000243295 -0.0111627

0.00418556 -9.32988e-05 0.000163156
-9.32988e-05 0.00412639 -0.000255676
0.000163156 -0.000255676 -0.011269

0.00576601 -5.3502e-05 -0.000940821
-5.3502e-05 0.00641985 0.000166433
-0.000940821 0.000166433 -0.0155891

0.0068905 0.000171356 -0.000120956
0.000171356 0.00601337 0.000213854
-0.000120956 0.000213854 -0.0153067

0.00420974 6.18671e-05 2.23547e-06
6.18671e-05 0.00424563 7.50012e-05
2.23547e-06 7.50012e-05 -0.0113594

0.00426307 7.96086e-05 3.53218e-05
7.96086e-05 0.00423081 6.36894e-05
3.53218e-05 6.36894e-05 -0.0113629

0.00429669 4.37766e-05 0.0001291
4.37766e-05 0.00386487 -9.44625e-05
0.0001291 -9.44625e-05 -0.0110501

0.0042717 2.82086e-06 9.64456e-05
2.82086e-06 0.00388865 -0.000215116
9.64456e-05 -0.000215116 -0.0110433

0.00391862 -2.17405e-05 -0.00019527
-2.17405e-05 0.00398535 0.00018242
-0.00019527 0.00018242 -0.01045

0.00398164 -0.000133548 2.74569e-05
-0.000133548 0.0042549 -0.000226364
2.74569e-05 -0.000226364 -0.0111972

0.00411885 -0.000116011 0.00014837
-0.000116011 0.00404524 -0.000322223
0.00014837 -0.000322223 -0.0112277

0.00383606 -0.000159873 -8.69853e-05
-0.000159873 0.00425753 -8.50753e-05
-8.69853e-05 -8.50753e-05 -0.0110818

0.00405902 0.000124417 -1.139e-05
0.000124417 0.00405101 3.47085e-05
-1.139e-05 3.47085e-05 -0.0109763

0.0067382 0.000241353 0.000810855
0.000241353 0.00687092 -0.0007699
0.000810855 -0.0007699 -0.0170459

0.00409983 0.000275607 -1.56403e-05
0.000275607 0.00439197 0.000248132
-1.56403e-05 0.000248132 -0.0113842

0.00403861 -3.49039e-05 6.61179e-05
-3.49039e-05 0.00385523 0.000243657
6.61179e-05 0.000243657 -0.0103609

0.0042317 0.000119177 7.07925e-05
0.000119177 0.00382117 -0.000154759
7.07925e-05 -0.000154759 -0.0107425

0.00425267 6.14053e-05 0.000156258
6.14053e-05 0.00387565 -0.000134271
0.000156258 -0.000134271 -0.01102

0.00391571 -1.49265e-05 -0.00016355
-1.49265e-05 0.00399497 1.19691e-05
-0.00016355 1.19691e-05 -0.0104359

0.00407418 -9.62959e-06 -5.76987e-05
-9.62959e-06 0.00398321 -2.4078e-05
-5.76987e-05 -2.4078e-05 -0.0104965

0.00423253 2.74404e-05 0.000123984
2.74404e-05 0.00387921 -0.000250369
0.000123984 -0.000250369 -0.0110093

0.00416418 -0.000132683 6.22138e-06
-0.000132683 0.00407542 -0.00011568
6.22138e-06 -0.00011568 -0.0110792

0.00407947 -0.000136772 0.000102881
-0.000136772 0.00408207 -7.4066e-05
0.000102881 -7.4066e-05 -0.0109901

0.00417926 -9.20538e-05 -1.05941e-05
-9.20538e-05 0.00409283 -0.000210828
-1.05941e-05 -0.000210828 -0.0110875

0.00398137 -0.000193108 -8.23929e-06
-0.000193108 0.00407605 -0.000129502
-8.23929e-06 -0.000129502 -0.0109031

0.00383748 -0.000199056 -8.59649e-05
-0.000199056 0.00436351 9.66479e-05
-8.59649e-05 9.66479e-05 -0.0108372

0.00382632 -0.000151564 -5.41914e-05
-0.000151564 0.0042532 -0.000145959
-5.41914e-05 -0.000145959 -0.0108021

0.00414602 -9.01768e-05 0.000174811
-9.01768e-05 0.00450045 0.000534544
0.000174811 0.000534544 -0.0116815

0.00401963 3.37399e-05 0.000133571
3.37399e-05 0.0038781 0.000377099
0.000133571 0.000377099 -0.0103397

0.00612278 9.81678e-05 -0.000577131
9.81678e-05 0.0063645 -0.000735119
-0.000577131 -0.000735119 -0.0175651

0.00406656 1.50002e-05 -8.58381e-05
1.50002e-05 0.00395881 0.000141126
-8.58381e-05 0.000141126 -0.0105006

0.00617118 -0.000125168 -6.93914e-06
-0.000125168 0.00585806 -0.000299702
-6.93914e-06 -0.000299702 -0.0169658

0.00399717 9.75431e-06 0.000281839
9.75431e-06 0.00407911 -7.67334e-05
0.000281839 -7.67334e-05 -0.0106202

0.00618046 -0.000334549 -8.12733e-05
-0.000334549 0.00617343 -0.000256086
-8.12733e-05 -0.000256086 -0.0169756

0.00612372 6.91717e-05 -0.000587536
6.91717e-05 0.00703979 -0.000518062
-0.000587536 -0.000518062 -0.0174991

0.00405473 -9.40548e-05 7.74048e-05
-9.40548e-05 0.00403317 -0.000104406
7.74048e-05 -0.000104406 -0.010794

0.00398088 -2.1295e-06 0.000132722
-2.1295e-06 0.00387083 0.000259672
0.000132722 0.000259672 -0.010353

0.0040043 5.82323e-05 -8.40969e-06
5.82323e-05 0.00394564 0.000251022
-8.40969e-06 0.000251022 -0.0104872

0.00405519 0.000101486 4.81799e-05
0.000101486 0.0039674 0.000258045
4.81799e-05 0.000258045 -0.0105367

0.00410106 -7.68593e-05 8.9286e-05
-7.68593e-05 0.00411156 -0.000161958
8.9286e-05 -0.000161958 -0.011

0.00397504 -0.000162269 -5.17517e-05
-0.000162269 0.00411408 -0.000131882
-5.17517e-05 -0.000131882 -0.0108445

0.00388008 -0.000253252 -0.000103168
-0.000253252 0.00419189 -0.000119572
-0.000103168 -0.000119572 -0.0110659

0.00385136 -0.00018315 -0.00011198
-0.00018315 0.00405266 1.43657e-05
-0.00011198 1.43657e-05 -0.0106718

0.00402691 -0.000114958 4.40257e-05
-0.000114958 0.00414687 -8.90826e-05
4.40257e-05 -8.90826e-05 -0.0108592

0.00391397 5.86318e-05 4.45929e-05
5.86318e-05 0.00404299 0.000235769
4.45929e-05 0.000235769 -0.0105438

0.00393794 3.75018e-05 0.000117318
3.75018e-05 0.00401775 9.34405e-05
0.000117318 9.34405e-05 -0.0105443

0.0039413 4.71384e-05 0.000105794
4.71384e-05 0.00396405 0.000177581
0.000105794 0.000177581 -0.0106736

0.00384722 0.000165388 -2.48731e-07
0.000165388 0.00391158 0.000193332
-2.48731e-07 0.000193332 -0.0102426

0.00395624 0.000188092 4.83629e-05
0.000188092 0.0038286 0.000155102
4.83629e-05 0.000155102 -0.0102475

0.00414896 -3.90473e-05 6.35651e-05
-3.90473e-05 0.00400194 9.3305e-06
6.35651e-05 9.3305e-06 -0.0106651

0.00406804 -4.63688e-05 0.000118523
-4.63688e-05 0.00400991 3.16187e-05
0.000118523 3.16187e-05 -0.0106677

0.00404297 1.9102e-05 0.000144987
1.9102e-05 0.0040078 1.39858e-06
0.000144987 1.39858e-06 -0.0107116

0.00409139 4.17866e-06 0.00025437
4.17866e-06 0.00401214 -3.86484e-05
0.00025437 -3.86484e-05 -0.0106235

0.00402571 -3.26099e-05 0.000145555
-3.26099e-05 0.00402222 2.6923e-05
0.000145555 2.6923e-05 -0.0107083

0.00407725 -9.2387e-05 0.00014825
-9.2387e-05 0.00408818 1.7793e-05
0.00014825 1.7793e-05 -0.010696

0.00400735 -0.000158552 4.40566e-05
-0.000158552 0.00404156 -2.81894e-05
4.40566e-05 -2.81894e-05 -0.0106782

0.00575801 -0.000138421 0.000905374
-0.000138421 0.0057205 0.000249695
0.000905374 0.000249695 -0.014304

0.00396783 4.59622e-05 0.000289425
4.59622e-05 0.0040667 0.000239665
0.000289425 0.000239665 -0.0104369

0.00400675 6.4965e-05 0.000229024
6.4965e-05 0.00383957 0.000333441
0.000229024 0.000333441 -0.0103308

0.00399508 5.78035e-05 0.000176602
5.78035e-05 0.00388774 0.0004076
0.000176602 0.0004076 -0.0103512

0.00401302 5.45926e-05 0.000267543
5.45926e-05 0.00402163 0.000126332
0.000267543 0.000126332 -0.0105633

0.00393478 5.56114e-05 0.000191904
5.56114e-05 0.00405145 0.000159947
0.000191904 0.000159947 -0.0106007

0.00387772 0.000231305 2.68468e-05
0.000231305 0.00399075 0.000130048
2.68468e-05 0.000130048 -0.0104531

0.00397325 2.05389e-05 0.000277637
2.05389e-05 0.00403422 0.000114213
0.000277637 0.000114213 -0.0106047

0.00406973 3.70079e-05 0.000255048
3.70079e-05 0.00395231 -1.85878e-05
0.000255048 -1.85878e-05 -0.0105994

0.00407944 1.06082e-05 0.000255826
1.06082e-05 0.00400868 -3.94427e-05
0.000255826 -3.94427e-05 -0.0106222

0.0040707 -5.73828e-05 0.000253473
-5.73828e-05 0.00403456 -1.75598e-05
0.000253473 -1.75598e-05 -0.0106208

0.0040711 -0.000106767 0.000330479
-0.000106767 0.0039994 -6.99909e-05
0.000330479 -6.99909e-05 -0.0105711

0.00398515 -8.76923e-05 0.000165997
-8.76923e-05 0.00399591 -7.79271e-05
0.000165997 -7.79271e-05 -0.0106144

0.00400212 -8.99986e-05 0.000211857
-8.99986e-05 0.00396965 -6.39429e-05
0.000211857 -6.39429e-05 -0.0105058

0.00402316 -4.60006e-05 0.000235618
-4.60006e-05 0.00399759 -0.000135811
0.000235618 -0.000135811 -0.0105578

0.00400089 -0.000116793 0.000224202
-0.000116793 0.00390171 -7.0042e-05
0.000224202 -7.0042e-05 -0.010483

0.00404185 9.55674e-06 0.000266474
9.55674e-06 0.00402047 0.00019659
0.000266474 0.00019659 -0.0105998

0.00411154 -1.10907e-05 0.000307005
-1.10907e-05 0.00391263 0.000129379
0.000307005 0.000129379 -0.010603

0.00401035 -2.01596e-05 0.000307361
-2.01596e-05 0.00401294 5.10217e-05
0.000307361 5.10217e-05 -0.0105951

0.00397612 2.17734e-05 0.000260893
2.17734e-05 0.00402752 0.0002289
0.000260893 0.0002289 -0.0104953

0.00397677 0.000239531 5.79444e-05
0.000239531 0.00393182 0.00010518
5.79444e-05 0.00010518 -0.010456

0.00391853 2.77169e-05 5.40725e-05
2.77169e-05 0.0040422 0.000142377
5.40725e-05 0.000142377 -0.0105281

0.00409539 -5.86987e-05 0.000257247
-5.86987e-05 0.00399607 -9.8147e-05
0.000257247 -9.8147e-05 -0.0106155

0.00407899 -8.21838e-05 0.000248327
-8.21838e-05 0.0038977 -0.000113866
0.000248327 -0.000113866 -0.0104945

0.00406149 9.15979e-05 0.000116785
9.15979e-05 0.00390704 0.000353489
0.000116785 0.000353489 -0.010333

0.00399126 -5.6782e-05 0.000234679
-5.6782e-05 0.00396882 -0.000109455
0.000234679 -0.000109455 -0.010437

0.00400123 -3.56548e-05 0.000195193
-3.56548e-05 0.00401109 -0.000213984
0.000195193 -0.000213984 -0.0104555

0.00401694 -3.14298e-05 0.000240862
-3.14298e-05 0.00385284 0.000299473
0.000240862 0.000299473 -0.0104084

0.00400692 -1.13112e-05 0.000177129
-1.13112e-05 0.00383665 0.000328257
0.000177129 0.000328257 -0.0104073

0.00402865 5.75913e-06 9.63588e-05
5.75913e-06 0.00402186 7.49167e-05
9.63588e-05 7.49167e-05 -0.0106661

0.00415829 2.95038e-06 0.00013479
2.95038e-06 0.00396584 4.08504e-05
0.00013479 4.08504e-05 -0.0106744

0.00407568 3.72719e-05 0.000165891
3.72719e-05 0.00398136 8.3155e-05
0.000165891 8.3155e-05 -0.0105705

0.00391468 -2.171e-05 -5.56331e-05
-2.171e-05 0.00411077 -3.38742e-05
-5.56331e-05 -3.38742e-05 -0.0107791

0.00650862 1.32208e-05 0.000499782
1.32208e-05 0.00640885 -0.000604704
0.000499782 -0.000604704 -0.0165354

0.00404799 2.87383e-06 7.31718e-05
2.87383e-06 0.00392967 0.000210093
7.31718e-05 0.000210093 -0.0104807

0.00410365 -9.69378e-05 -2.86296e-05
-9.69378e-05 0.00398824 -0.000143874
-2.86296e-05 -0.000143874 -0.0105925

0.00403456 -6.65915e-05 0.000133323
-6.65915e-05 0.00389281 -6.12792e-05
0.000133323 -6.12792e-05 -0.0105367

0.00410264 -0.000108324 -3.5331e-05
-0.000108324 0.00395861 -0.000134861
-3.5331e-05 -0.000134861 -0.0105644

0.00399503 -0.000107483 0.00014853
-0.000107483 0.00386802 -7.39454e-05
0.00014853 -7.39454e-05 -0.0104965

0.00572752 3.3471e-05 0.000562415
3.3471e-05 0.00580864 0.000224944
0.000562415 0.000224944 -0.0145345

0.00402262 -0.000132216 8.7299e-05
-0.000132216 0.00395412 -6.68346e-05
8.7299e-05 -6.68346e-05 -0.0106016

0.00397433 -1.16335e-05 6.75524e-05
-1.16335e-05 0.00385716 0.000174324
6.75524e-05 0.000174324 -0.0103022

0.00446108 5.63213e-05 0.000210848
5.63213e-05 0.00450604 4.96282e-05
0.000210848 4.96282e-05 -0.0112381

0.0060592 0.000201072 0.000942567
0.000201072 0.00657755 -0.000317984
0.000942567 -0.000317984 -0.0168603

0.00403984 0.000131995 0.000298255
0.000131995 0.00445222 -0.00022782
0.000298255 -0.00022782 -0.0110083

0.00394147 -1.97981e-06 -0.0001723
-1.97981e-06 0.00397307 1.46481e-06
-0.0001723 1.46481e-06 -0.0105591

0.00410204 -8.32545e-05 -2.37774e-05
-8.32545e-05 0.00406075 -0.000187759
-2.37774e-05 -0.000187759 -0.0106071

0.00403919 -2.15404e-05 0.000137479
-2.15404e-05 0.00391554 -2.30137e-06
0.000137479 -2.30137e-06 -0.0105384

0.00456155 -3.79991e-05 -0.000255154
-3.79991e-05 0.00469695 0.000253037
-0.000255154 0.000253037 -0.0123784

0.00396221 1.80049e-05 -0.00010231
1.80049e-05 0.00397412 -1.87771e-05
-0.00010231 -1.87771e-05 -0.0107452

0.00398682 5.63032e-05 -3.93811e-05
5.63032e-05 0.00392915 -4.14447e-05
-3.93811e-05 -4.14447e-05 -0.0107234

0.00419706 3.16436e-05 6.05243e-05
3.16436e-05 0.00389789 -0.000121426
6.05243e-05 -0.000121426 -0.0108015

0.00429901 -8.28706e-05 0.000124623
-8.28706e-05 0.00399244 -0.000236468
0.000124623 -0.000236468 -0.0108156

0.00398568 -0.000126669 1.4726e-05
-0.000126669 0.00396532 -8.76318e-05
1.4726e-05 -8.76318e-05 -0.0106607

0.00577524 -0.000265571 -0.000215299
-0.000265571 0.00557978 0.000790609
-0.000215299 0.000790609 -0.0141648

0.00407625 -5.05807e-05 0.000110786
-5.05807e-05 0.0039525 0.000109935
0.000110786 0.000109935 -0.0105324

0.00404328 -5.0971e-06 2.75042e-05
-5.0971e-06 0.00394663 0.000113741
2.75042e-05 0.000113741 -0.0105258

0.00437185 0.000137149 6.71886e-05
0.000137149 0.00405468 -4.34574e-05
6.71886e-05 -4.34574e-05 -0.0110737

0.00434292 3.05192e-05 0.000146753
3.05192e-05 0.0040767 -2.1226e-05
0.000146753 -2.1226e-05 -0.0111155

0.00407826 -1.1272e-05 2.90415e-05
-1.1272e-05 0.00405771 4.99227e-05
2.90415e-05 4.99227e-05 -0.0107758

0.00406572 3.09618e-05 -4.24885e-05
3.09618e-05 0.00405419 5.23247e-05
-4.24885e-05 5.23247e-05 -0.0107737

0.00436487 3.88627e-05 0.00013193
3.88627e-05 0.00403806 -6.40223e-06
0.00013193 -6.40223e-06 -0.0111155

0.00433179 4.20192e-05 3.65065e-05
4.20192e-05 0.00389528 -6.28095e-05
3.65065e-05 -6.28095e-05 -0.011071

0.00439426 -0.000113028 3.88624e-05
-0.000113028 0.00406432 -0.000110784
3.88624e-05 -0.000110784 -0.0112117

0.00439426 -4.20577e-05 3.88624e-05
-4.20577e-05 0.00399499 -2.24689e-05
3.88624e-05 -2.24689e-05 -0.0112117

0.0043368 -0.000131918 3.24943e-05
-0.000131918 0.00401349 -8.32631e-05
3.24943e-05 -8.32631e-05 -0.011172

0.00435564 -0.00020233 3.32587e-05
-0.00020233 0.00401357 -9.9401e-05
3.32587e-05 -9.9401e-05 -0.0111726

0.00393167 -6.57099e-05 2.13442e-05
-6.57099e-05 0.00404902 -8.33346e-05
2.13442e-05 -8.33346e-05 -0.0106303

0.00394399 -0.000107308 -5.03972e-05
-0.000107308 0.00400918 -0.000115327
-5.03972e-05 -0.000115327 -0.0106296

0.00403843 -0.000146844 -7.37967e-05
-0.000146844 0.00406865 -1.72752e-05
-7.37967e-05 -1.72752e-05 -0.0109046

0.00406404 -0.000117173 -8.12955e-05
-0.000117173 0.00406503 -3.69242e-05
-8.12955e-05 -3.69242e-05 -0.0109056

0.00429532 -0.000212972 6.24901e-05
-0.000212972 0.00413525 -5.79748e-05
6.24901e-05 -5.79748e-05 -0.011189

0.00435725 -0.000212413 3.06257e-05
-0.000212413 0.00407444 -8.98392e-05
3.06257e-05 -8.98392e-05 -0.011189

0.00433697 7.7457e-07 6.3912e-05
7.7457e-07 0.003964 -8.63392e-05
6.3912e-05 -8.63392e-05 -0.0110719

0.0043408 -0.000148835 5.2784e-05
-0.000148835 0.00404274 -0.0001151
5.2784e-05 -0.0001151 -0.0111379

0.00215762 0.0026399 0.00637206
0.0026399 0.00297827 -0.00206985
0.00637206 -0.00206985 -0.0144165

-0.000591653 0.00183231 0.00575908
0.00183231 0.00565109 -0.00100827
0.00575908 -0.00100827 -0.0143438

0.00632669 0.000996341 0.00113572
0.000996341 0.00597792 -0.00127466
0.00113572 -0.00127466 -0.0184001

0.00557579 3.19405e-05 0.00255055
3.19405e-05 0.00504241 -0.000327198
0.00255055 -0.000327198 -0.0185708

0.00760213 0.0002501 0.00242764
0.0002501 0.00380317 0.000685165
0.00242764 0.000685165 -0.0203086

0.00748111 6.9809e-05 0.0020837
6.9809e-05 0.00504344 -0.00108506
0.0020837 -0.00108506 -0.0202376

0.00456984 -0.000929668 0.00104454
-0.000929668 0.00464777 -0.000177648
0.00104454 -0.000177648 -0.014861

0.00615075 0.000482364 0.00145008
0.000482364 0.0059079 0.000175429
0.00145008 0.000175429 -0.0148357

-2.22045e-16 1.11022e-16 0.00440089
1.11022e-16 0 -0.00437916
0.00440089 -0.00437916 -0.0162952

0.00617612 -0.000816906 0.0002657
-0.000816906 0.00798091 0.000104541
0.0002657 0.000104541 -0.0178395

0.00437117 -3.69109e-05 1.85802e-05
-3.69109e-05 0.00765171 0.00025159
1.85802e-05 0.00025159 -0.0176674

0 1.11022e-16 0.00440089
1.11022e-16 2.22045e-16 -0.00437916
0.00440089 -0.00437916 -0.0162952

0.0070498 -0.000420992 0.000469028
-0.000420992 0.0063554 0.000408705
0.000469028 0.000408705 -0.0178171

0.00576676 -0.00277864 0.00139622
-0.00277864 0.00747439 -0.00104293
0.00139622 -0.00104293 -0.0182566

0.00453489 -0.00206437 0.00176292
-0.00206437 0.00972664 -0.000693866
0.00176292 -0.000693866 -0.0182474

0 9.71445e-17 0.00745733
9.71445e-17 0 -3.41273e-05
0.00745733 -3.41273e-05 -0.0129717

0 0 0.00590343
0 0 -0.00247028
0.00590343 -0.00247028 -0.0143995

0.00601839 0.000506064 0.000170233
0.000506064 0.00555485 0.000936673
0.000170233 0.000936673 -0.0158459

0.00534542 0.000207278 -0.000158093
0.000207278 0.00673801 0.000420369
-0.000158093 0.000420369 -0.0159018

0.00654474 -0.000190401 -0.000392471
-0.000190401 0.00688397 0.000658056
-0.000392471 0.000658056 -0.0174489

0.00409129 -0.000112981 -5.80948e-06
-0.000112981 0.00399564 -0.00013592
-5.80948e-06 -0.00013592 -0.0106368

0.00627152 0.000216972 -0.000738092
0.000216972 0.0065931 0.000272884
-0.000738092 0.000272884 -0.0174479

0.00630398 9.43185e-05 -0.000645063
9.43185e-05 0.00668916 -0.000408959
-0.000645063 -0.000408959 -0.0174781

0.00628472 0.00021524 -0.0013538
0.00021524 0.00659318 0.000290266
-0.0013538 0.000290266 -0.0165135

0.00592225 0.00012075 -0.00093107
0.00012075 0.00675882 0.000725844
-0.00093107 0.000725844 -0.0165793

0.00405458 -7.54175e-05 -0.000112665
-7.54175e-05 0.00410358 -8.64584e-05
-0.000112665 -8.64584e-05 -0.0106035

0.00394305 -1.86075e-05 -0.000155464
-1.86075e-05 0.00388129 -0.000131664
-0.000155464 -0.000131664 -0.0103734

0.00397425 5.03121e-05 -9.2053e-05
5.03121e-05 0.00392862 -3.74775e-05
-9.2053e-05 -3.74775e-05 -0.0105806

0.00640584 -0.000137296 0.0002515
-0.000137296 0.00658031 0.0016226
0.0002515 0.0016226 -0.0170126

0.00660355 0.000425587 -0.00044107
0.000425587 0.00615575 0.000994235
-0.00044107 0.000994235 -0.0164424

0.00395648 -6.69168e-05 8.3312e-06
-6.69168e-05 0.00396678 -9.77458e-05
8.3312e-06 -9.77458e-05 -0.0104036

0.00399262 -3.21437e-05 -7.35671e-05
-3.21437e-05 0.00383186 -7.16167e-05
-7.35671e-05 -7.16167e-05 -0.0103829

0.00398185 -6.58433e-05 0.000172684
-6.58433e-05 0.00396801 -3.21773e-05
0.000172684 -3.21773e-05 -0.0106185

0.00410141 5.63776e-07 0.000249793
5.63776e-07 0.00399975 2.80806e-05
0.000249793 2.80806e-05 -0.0106278

0.00576594 -4.94294e-05 -0.000959616
-4.94294e-05 0.00641794 0.000223328
-0.000959616 0.000223328 -0.0160637

0.00577437 -4.00333e-05 -0.00112733
-4.00333e-05 0.00633286 -0.000522787
-0.00112733 -0.000522787 -0.0159972

0.00386786 0.000150816 -2.46983e-05
0.000150816 0.00395693 5.28294e-05
-2.46983e-05 5.28294e-05 -0.0105983

0.00402284 -3.91287e-05 5.08015e-05
-3.91287e-05 0.00384658 0.000273129
5.08015e-05 0.000273129 -0.0103613

0.00403001 8.00271e-06 0.000263471
8.00271e-06 0.00405101 -2.53738e-05
0.000263471 -2.53738e-05 -0.0105784

0.00551732 0.000113377 -0.000844178
0.000113377 0.00621007 0.000230353
-0.000844178 0.000230353 -0.0145326

0.00406133 -3.23871e-06 -2.30008e-05
-3.23871e-06 0.00387307 0.000170346
-2.30008e-05 0.000170346 -0.0103853

0.00399221 8.50109e-06 8.38217e-05
8.50109e-06 0.00388071 0.000198507
8.38217e-05 0.000198507 -0.0103277

0.00638675 0.000141503 -0.000704275
0.000141503 0.00545093 0.000706948
-0.000704275 0.000706948 -0.0153127

0.00634273 0.000219514 -0.000645636
0.000219514 0.00531919 0.0005453
-0.000645636 0.0005453 -0.0148796

0.00398896 1.29092e-07 0.000168608
1.29092e-07 0.00386527 0.000301128
0.000168608 0.000301128 -0.0103493

0.00391001 -1.05349e-05 -0.000140213
-1.05349e-05 0.0040144 3.32205e-05
-0.000140213 3.32205e-05 -0.0105725

0.00599851 0.000150355 -0.000179654
0.000150355 0.00573413 0.00016248
-0.000179654 0.00016248 -0.0149293

0.00551878 0.000111685 -0.000834188
0.000111685 0.00593113 -8.27936e-05
-0.000834188 -8.27936e-05 -0.0147879

0.00577239 -4.9131e-05 -0.00105
-4.9131e-05 0.00633989 -0.000606544
-0.00105 -0.000606544 -0.0157169

0.00412032 -7.48954e-05 0.000250678
-7.48954e-05 0.00387209 -2.23523e-05
0.000250678 -2.23523e-05 -0.0105769

0.00574735 -6.87527e-05 -0.000777949
-6.87527e-05 0.00634424 -0.000175944
-0.000777949 -0.000175944 -0.0162735

0.00413717 0.000105807 0.000122253
0.000105807 0.00399716 -0.000228109
0.000122253 -0.000228109 -0.0109401

0.0043701 -6.30617e-05 0.000132313
-6.30617e-05 0.0040968 -0.000290652
0.000132313 -0.000290652 -0.0110736

0.00388817 1.64122e-05 -0.000147431
1.64122e-05 0.00390681 6.95199e-05
-0.000147431 6.95199e-05 -0.0103303

0.00390569 -2.16672e-05 -0.000134297
-2.16672e-05 0.00398938 4.7646e-05
-0.000134297 4.7646e-05 -0.0105804

0.0038893 -1.37756e-05 -0.00012957
-1.37756e-05 0.00402558 2.07795e-05
-0.00012957 2.07795e-05 -0.0105609

0.00390764 3.97071e-05 -0.000119233
3.97071e-05 0.0039346 0.000103922
-0.000119233 0.000103922 -0.0102948

0.0054124 1.70162e-05 0.000168173
1.70162e-05 0.00518471 0.000379701
0.000168173 0.000379701 -0.0138918

0.00635065 1.43599e-05 0.000722349
1.43599e-05 0.00679738 0.000261762
0.000722349 0.000261762 -0.0176843

0.0038928 1.65121e-05 -0.0001836
1.65121e-05 0.00402355 2.29467e-05
-0.0001836 2.29467e-05 -0.0105711

0.00399197 -1.49295e-05 6.81231e-05
-1.49295e-05 0.00412035 6.36931e-06
6.81231e-05 6.36931e-06 -0.0106326

0.00482005 -9.56915e-05 0.000293415
-9.56915e-05 0.0048743 0.000511498
0.000293415 0.000511498 -0.0127977

0.00411365 -0.000293583 -0.000122876
-0.000293583 0.00406652 0.000124785
-0.000122876 0.000124785 -0.0112343

0.004684 4.97299e-05 -0.000433748
4.97299e-05 0.0052243 -0.000165011
-0.000433748 -0.000165011 -0.0128506

0.00465693 -2.39408e-05 -0.000396387
-2.39408e-05 0.00526954 3.63718e-05
-0.000396387 3.63718e-05 -0.0128617

0.003824 -6.77659e-05 0.000324893
-6.77659e-05 0.00375152 7.59558e-05
0.000324893 7.59558e-05 -0.0102626

0.0038722 2.40058e-05 -0.000185214
2.40058e-05 0.00404328 8.36307e-06
-0.000185214 8.36307e-06 -0.0105609

0.00388958 2.51087e-05 -0.000155772
2.51087e-05 0.0039556 2.99833e-05
-0.000155772 2.99833e-05 -0.0103105

0.00387761 1.66999e-05 -0.000151119
1.66999e-05 0.00396 6.41813e-06
-0.000151119 6.41813e-06 -0.0102424

0.0038958 5.15321e-06 -5.91133e-05
5.15321e-06 0.00392911 4.82889e-05
-5.91133e-05 4.82889e-05 -0.0100401

0.00604334 -3.2389e-05 -0.000597124
-3.2389e-05 0.00533375 -1.10426e-05
-0.000597124 -1.10426e-05 -0.0141122

0.00483413 -0.000162387 0.000368143
-0.000162387 0.00477084 0.000265038
0.000368143 0.000265038 -0.0124286

0.00405284 8.09216e-05 -2.04876e-05
8.09216e-05 0.00395282 1.52441e-05
-2.04876e-05 1.52441e-05 -0.0107017

0.00518417 -0.000171512 -0.000481252
-0.000171512 0.0053703 8.38211e-05
-0.000481252 8.38211e-05 -0.0132671

0.00436945 -4.59886e-05 7.17534e-05
-4.59886e-05 0.00426427 -0.000491719
7.17534e-05 -0.000491719 -0.0115034

0.00674239 0.000103417 0.000980511
0.000103417 0.00658431 -0.000235409
0.000980511 -0.000235409 -0.0179339

0.00469063 -1.6542e-05 -0.000206083
-1.6542e-05 0.00516994 0.000288344
-0.000206083 0.000288344 -0.0129888

0.00467299 0.000120393 -0.000264613
0.000120393 0.00459753 3.06723e-05
-0.000264613 3.06723e-05 -0.0121496

0.00427373 -0.000225373 2.60532e-05
-0.000225373 0.00402341 5.12577e-05
2.60532e-05 5.12577e-05 -0.0112049

0.00396627 -2.26174e-05 -0.000169366
-2.26174e-05 0.00404165 -9.28288e-06
-0.000169366 -9.28288e-06 -0.0104658

0.00687142 -0.000201692 0.000607449
-0.000201692 0.00660116 -0.000928186
0.000607449 -0.000928186 -0.0178964

0.00164326 -0.0014031 -0.000378893
-0.0014031 0.00669787 -0.00104809
-0.000378893 -0.00104809 -0.0171866

0.00667792 -0.000135584 0.000772328
-0.000135584 0.00650482 -0.00101526
0.000772328 -0.00101526 -0.0178916

0.0069417 0.000215066 0.00115573
0.000215066 0.00639795 0.000961003
0.00115573 0.000961003 -0.0185018

0.00518555 6.59921e-05 -0.000410479
6.59921e-05 0.00539619 0.000428757
-0.000410479 0.000428757 -0.0135874

0.00627549 0.000645474 -0.000248446
0.000645474 0.00539754 0.000325507
-0.000248446 0.000325507 -0.0171598

0.00598499 0.00068642 0.000114106
0.00068642 0.00573309 0.000668676
0.000114106 0.000668676 -0.0171568

0.0037132 0.000167815 -0.000167787
0.000167815 0.00372084 0.000117983
-0.000167787 0.000117983 -0.0103353

0.00596105 0.00022242 7.55525e-05
0.00022242 0.00718257 -0.000946024
7.55525e-05 -0.000946024 -0.0171762

0.0038003 3.98527e-05 0.000110174
3.98527e-05 0.00363117 4.48435e-05
0.000110174 4.48435e-05 -0.0102927

0.0056691 0.000189921 -0.000321521
0.000189921 0.00537304 0.000466867
-0.000321521 0.000466867 -0.0135753

0.0041183 1.58624e-05 4.13982e-06
1.58624e-05 0.00381988 8.68681e-05
4.13982e-06 8.68681e-05 -0.0106822

0.004105 8.50229e-06 3.42443e-05
8.50229e-06 0.00383579 8.20532e-05
3.42443e-05 8.20532e-05 -0.0107272

0.00681246 -0.000219059 0.000957344
-0.000219059 0.00660849 -0.000657146
0.000957344 -0.000657146 -0.0177048

0.00397018 -4.28614e-05 3.08715e-05
-4.28614e-05 0.00410855 -9.54638e-06
3.08715e-05 -9.54638e-06 -0.0107478

0.00398705 -6.76783e-05 4.80368e-05
-6.76783e-05 0.00404784 9.50544e-06
4.80368e-05 9.50544e-06 -0.0107505

0.00395537 -5.63867e-05 7.97831e-05
-5.63867e-05 0.00405559 -0.000291665
7.97831e-05 -0.000291665 -0.0105298

0.0039997 -0.000167256 9.86937e-05
-0.000167256 0.00402926 -0.0002695
9.86937e-05 -0.0002695 -0.0109441

0.00400235 -0.000148382 9.84413e-05
-0.000148382 0.00396825 -0.0002876
9.84413e-05 -0.0002876 -0.0109454

0.00599781 -8.69092e-05 0.000155895
-8.69092e-05 0.00571467 -0.0023595
0.000155895 -0.0023595 -0.0171342

0.00404896 7.82733e-05 -4.59454e-05
7.82733e-05 0.0039025 2.42321e-05
-4.59454e-05 2.42321e-05 -0.010584

0.00404201 2.39334e-05 -8.0129e-05
2.39334e-05 0.00392854 0.000147751
-8.0129e-05 0.000147751 -0.0104135

0.00406271 5.21011e-05 -8.31792e-05
5.21011e-05 0.00394662 0.000123017
-8.31792e-05 0.000123017 -0.0106202

0.00406479 9.42991e-05 -2.84702e-05
9.42991e-05 0.00383689 8.29155e-05
-2.84702e-05 8.29155e-05 -0.0106039

0.00408001 4.27319e-05 -1.51138e-05
4.27319e-05 0.00386422 5.55152e-06
-1.51138e-05 5.55152e-06 -0.0105992

0.00220404 -0.00160139 0.000258231
-0.00160139 0.00511663 -0.00232447
0.000258231 -0.00232447 -0.0171318

0.00405702 9.33198e-05 -8.3692e-05
9.33198e-05 0.00383778 5.32933e-05
-8.3692e-05 5.32933e-05 -0.0104923

0.00402175 1.91501e-05 -1.72264e-05
1.91501e-05 0.00456654 0.000354966
-1.72264e-05 0.000354966 -0.0117942

0.00408475 6.20683e-05 -6.73858e-05
6.20683e-05 0.00387028 0.000246217
-6.73858e-05 0.000246217 -0.0103672

0.0049585 0.000306269 0.000314752
0.000306269 0.00533643 -0.000273324
0.000314752 -0.000273324 -0.0135122

0.0041041 4.79905e-05 3.19519e-05
4.79905e-05 0.00389903 0.000342175
3.19519e-05 0.000342175 -0.0103471

0.00405393 -1.45576e-05 -0.000128761
-1.45576e-05 0.00404727 0.000267941
-0.000128761 0.000267941 -0.0104595

0.00378258 -7.77664e-05 0.000117803
-7.77664e-05 0.00401306 -0.000350713
0.000117803 -0.000350713 -0.0106857

0.00493725 -0.000175305 4.48153e-05
-0.000175305 0.00536854 0.000562923
4.48153e-05 0.000562923 -0.0136287

0.0039956 9.11521e-05 -0.000210208
9.11521e-05 0.00387467 0.000221678
-0.000210208 0.000221678 -0.0102314

0.00394349 -2.15143e-05 -0.000270937
-2.15143e-05 0.00398386 0.000166737
-0.000270937 0.000166737 -0.0103703

0.00395038 4.475e-05 -0.000282477
4.475e-05 0.00390799 0.000201728
-0.000282477 0.000201728 -0.0103106

0.0049823 0.000188535 0.000258451
0.000188535 0.00535094 -0.000211738
0.000258451 -0.000211738 -0.0134618

0.0041663 -0.000164649 -0.000134019
-0.000164649 0.00435242 0.000128634
-0.000134019 0.000128634 -0.0112645

0.00385505 -0.000169899 -8.56224e-05
-0.000169899 0.00410822 5.59643e-06
-8.56224e-05 5.59643e-06 -0.0105494

0.00392764 8.50366e-05 -0.000157073
8.50366e-05 0.00388992 0.000254052
-0.000157073 0.000254052 -0.0102247

0.00390573 7.08832e-06 -4.11082e-05
7.08832e-06 0.00382226 0.000213251
-4.11082e-05 0.000213251 -0.0101922

0.00392716 2.27835e-05 -8.8587e-06
2.27835e-05 0.00383244 0.00024528
-8.8587e-06 0.00024528 -0.0101979

0.00390005 6.3518e-05 -0.000229539
6.3518e-05 0.00395914 6.16499e-05
-0.000229539 6.16499e-05 -0.0103874

0.00387787 5.3007e-05 -0.000247967
5.3007e-05 0.00395416 5.29211e-05
-0.000247967 5.29211e-05 -0.0103895

0.00387694 6.26442e-06 -0.000143911
6.26442e-06 0.00387996 1.71169e-05
-0.000143911 1.71169e-05 -0.010195

0.00390065 2.1194e-05 -0.000108725
2.1194e-05 0.00386282 8.07161e-05
-0.000108725 8.07161e-05 -0.0102075

0.00402846 -3.19297e-05 -0.000228757
-3.19297e-05 0.00397796 6.10334e-05
-0.000228757 6.10334e-05 -0.0104025

0.00396126 4.40072e-05 -0.000293836
4.40072e-05 0.0039891 6.74058e-05
-0.000293836 6.74058e-05 -0.010419

0.00395688 1.16247e-05 -0.000277716
1.16247e-05 0.0039486 0.000110335
-0.000277716 0.000110335 -0.0104491

0.00370916 0.000481979 0.000314469
0.000481979 0.00456817 -9.34482e-05
0.000314469 -9.34482e-05 -0.0116376

0.00681579 -0.000182376 0.000919946
-0.000182376 0.00689439 -0.000251081
0.000919946 -0.000251081 -0.017498

0.00393741 2.00514e-05 -0.000224022
2.00514e-05 0.00397073 2.75958e-05
-0.000224022 2.75958e-05 -0.0104673

0.00393828 2.97553e-05 -0.000223438
2.97553e-05 0.00397924 2.82263e-05
-0.000223438 2.82263e-05 -0.0104673

0.00415557 -1.80292e-06 -2.52035e-05
-1.80292e-06 0.00401064 -9.08345e-05
-2.52035e-05 -9.08345e-05 -0.0110216

0.00423906 -2.36765e-05 -8.97282e-05
-2.36765e-05 0.00417883 -0.000129675
-8.97282e-05 -0.000129675 -0.0111655

0.00389306 -2.08963e-06 -0.000131887
-2.08963e-06 0.00410836 -2.62162e-06
-0.000131887 -2.62162e-06 -0.0105582

0.00416074 -3.59476e-05 -2.54997e-05
-3.59476e-05 0.00423261 -6.54463e-05
-2.54997e-05 -6.54463e-05 -0.0111655

0.00397087 -6.2456e-05 -9.51061e-05
-6.2456e-05 0.00412608 -4.14309e-05
-9.51061e-05 -4.14309e-05 -0.0108817

0.00424026 -7.34208e-05 -3.21393e-05
-7.34208e-05 0.00407005 -5.3869e-05
-3.21393e-05 -5.3869e-05 -0.0110233

0.00405267 -9.57521e-06 -9.14945e-05
-9.57521e-06 0.00405036 -4.98364e-05
-9.14945e-05 -4.98364e-05 -0.0107668

0.00406429 -6.68822e-05 -9.29423e-05
-6.68822e-05 0.00412491 -3.15838e-05
-9.29423e-05 -3.15838e-05 -0.0107672

0.00418005 -9.75073e-05 -0.000120603
-9.75073e-05 0.0040744 -2.85662e-05
-0.000120603 -2.85662e-05 -0.0110405

0.00427478 -1.50249e-05 -6.05899e-05
-1.50249e-05 0.0041462 -3.80606e-05
-6.05899e-05 -3.80606e-05 -0.0111806

0 -6.93889e-17 0.00745733
-6.93889e-17 0 -3.41273e-05
0.00745733 -3.41273e-05 -0.0129717

-0.000240895 -0.000553411 0.00616058
-0.000553411 0.00517953 0.00175867
0.00616058 0.00175867 -0.0164224

0.00402525 -3.04043e-05 -3.52724e-05
-3.04043e-05 0.00383097 0.000103267
-3.52724e-05 0.000103267 -0.0106126

0.00494919 -4.53406e-05 0.000162962
-4.53406e-05 0.00484205 0.000617402
0.000162962 0.000617402 -0.0126544

0.00609424 -1.96788e-05 -0.000502525
-1.96788e-05 0.00633825 -0.000361344
-0.000502525 -0.000361344 -0.0169152

0.00601991 -7.24988e-05 -0.000412265
-7.24988e-05 0.00714635 -0.000613388
-0.000412265 -0.000613388 -0.0169066

0.00587215 -0.000248717 -0.00116474
-0.000248717 0.00655127 -0.000659293
-0.00116474 -0.000659293 -0.0161892

0.00540704 -4.01035e-05 0.000226936
-4.01035e-05 0.00484994 0.000455779
0.000226936 0.000455779 -0.0134315

0.00709279 -0.000201507 0.000255505
-0.000201507 0.00718425 0.000541862
0.000255505 0.000541862 -0.0188203

0.00568921 -0.00031287 -0.000668978
-0.00031287 0.00592939 -0.000408481
-0.000668978 -0.000408481 -0.015066

0.00563 -0.000205625 -0.000645069
-0.000205625 0.0058341 -0.000491049
-0.000645069 -0.000491049 -0.0150601

0.00391355 -3.0602e-05 4.48779e-05
-3.0602e-05 0.00388348 -0.000208772
4.48779e-05 -0.000208772 -0.0103411

0.00411946 3.90329e-05 -0.000226444
3.90329e-05 0.00403515 -0.000285757
-0.000226444 -0.000285757 -0.0116496

0.00494047 -0.000106071 -0.00031815
-0.000106071 0.00556149 -0.000129525
-0.00031815 -0.000129525 -0.0136064

0.00493766 -9.39141e-05 -0.000297518
-9.39141e-05 0.00551971 -0.000261137
-0.000297518 -0.000261137 -0.0135902

0.006939 -2.56897e-05 0.00132612
-2.56897e-05 0.00683419 -0.000209713
0.00132612 -0.000209713 -0.0170292

0.00406266 -5.00997e-05 1.01023e-05
-5.00997e-05 0.00401966 1.12051e-05
1.01023e-05 1.12051e-05 -0.0107976

0.00581059 -9.81135e-06 0.000521514
-9.81135e-06 0.00541686 -0.000317139
0.000521514 -0.000317139 -0.0142576

0.00563544 -5.61583e-05 0.000463219
-5.61583e-05 0.00551699 -0.00025287
0.000463219 -0.00025287 -0.0142205

0.00522063 -0.000179892 -0.00050129
-0.000179892 0.00537 0.000181152
-0.00050129 0.000181152 -0.0136349

0.00531295 7.49836e-06 0.000251515
7.49836e-06 0.00545696 0.00064464
0.000251515 0.00064464 -0.0141986

0.00401146 -9.94853e-05 4.01051e-05
-9.94853e-05 0.00385321 -0.000122948
4.01051e-05 -0.000122948 -0.0104576

0.0039642 4.81678e-05 0.000156933
4.81678e-05 0.00398539 -9.18207e-05
0.000156933 -9.18207e-05 -0.0108601

0.00397611 5.93604e-06 -0.000200243
5.93604e-06 0.00399242 5.14365e-05
-0.000200243 5.14365e-05 -0.0105532

0.0039896 -7.94432e-06 -3.00446e-05
-7.94432e-06 0.00384584 -0.000177469
-3.00446e-05 -0.000177469 -0.0103321

0.00404635 0.000127217 -4.87661e-05
0.000127217 0.00380354 0.000104459
-4.87661e-05 0.000104459 -0.0106335

0.00402308 -5.46366e-05 -0.000158904
-5.46366e-05 0.00393308 -4.89306e-05
-0.000158904 -4.89306e-05 -0.010557

0 0 -0.00245215
0 0 -0.000230227
-0.00245215 -0.000230227 -0.0133865

0.00407281 4.01153e-05 -7.03507e-05
4.01153e-05 0.00386339 -2.24101e-05
-7.03507e-05 -2.24101e-05 -0.0104872

0.00405916 2.57062e-05 -0.000110861
2.57062e-05 0.00404179 4.80275e-05
-0.000110861 4.80275e-05 -0.0107552

0.00414907 -3.2393e-05 -5.68981e-06
-3.2393e-05 0.00406393 -6.00126e-05
-5.68981e-06 -6.00126e-05 -0.0107364

0.0039049 -1.73364e-05 -0.000177752
-1.73364e-05 0.00403007 2.11515e-05
-0.000177752 2.11515e-05 -0.0105473

0.00390383 -1.26742e-05 -0.000179999
-1.26742e-05 0.0040223 -6.0444e-06
-0.000179999 -6.0444e-06 -0.0104426

0.00394082 -1.76586e-05 -0.00023541
-1.76586e-05 0.00401788 -2.34024e-05
-0.00023541 -2.34024e-05 -0.010356

0.0040085 -5.55582e-05 -0.000207877
-5.55582e-05 0.00399797 -3.35227e-05
-0.000207877 -3.35227e-05 -0.0104283

0.00401971 -2.13181e-05 -0.000145186
-2.13181e-05 0.00399658 4.67312e-05
-0.000145186 4.67312e-05 -0.0104766

0.00391301 -5.14446e-05 -0.000104259
-5.14446e-05 0.00401695 -2.86892e-05
-0.000104259 -2.86892e-05 -0.010562

0.00651261 5.12237e-05 0.00098143
5.12237e-05 0.00673673 -0.000324999
0.00098143 -0.000324999 -0.017479

0.00394752 -5.33487e-05 -0.000200113
-5.33487e-05 0.00401413 -2.92728e-05
-0.000200113 -2.92728e-05 -0.0104482

0.00397058 -7.1251e-05 -0.000167084
-7.1251e-05 0.00402439 -6.74965e-05
-0.000167084 -6.74965e-05 -0.0104444

0.00419024 -4.13731e-05 -9.04081e-05
-4.13731e-05 0.00412994 1.08379e-05
-9.04081e-05 1.08379e-05 -0.0110868

0.00427478 -8.37747e-05 -6.05899e-05
-8.37747e-05 0.00413897 3.16064e-05
-6.05899e-05 3.16064e-05 -0.0111806

-0.000483649 -0.00145243 0.00621613
-0.00145243 0.00529801 0.00203826
0.00621613 0.00203826 -0.0164335

-2.22045e-16 0 0.00510026
0 0 0.00498899
0.00510026 0.00498899 -0.0179701

0 0 0.00745733
0 0 -3.41273e-05
0.00745733 -3.41273e-05 -0.0129717

0.00663235 8.05796e-05 -0.000517636
8.05796e-05 0.0061151 -0.000403182
-0.000517636 -0.000403182 -0.0165601

0.00597213 0.000164581 -0.000238417
0.000164581 0.00695733 -0.00077819
-0.000238417 -0.00077819 -0.016543

0.00574554 -0.000643297 0.000186726
-0.000643297 0.00553231 0.000249674
0.000186726 0.000249674 -0.0163691

0.00584793 -0.000395345 -0.000888863
-0.000395345 0.00677031 -0.000835129
-0.000888863 -0.000835129 -0.0162524

0.00585532 -0.000331824 -0.00093039
-0.000331824 0.00607535 -0.000779382
-0.00093039 -0.000779382 -0.0156699

0.00597193 -0.000283623 -0.000766543
-0.000283623 0.00597915 -0.00088197
-0.000766543 -0.00088197 -0.0156895

0.00595523 -0.000237505 -0.000738089
-0.000237505 0.00615941 -0.000572768
-0.000738089 -0.000572768 -0.0154262

0.00561768 -0.000194025 -0.000598082
-0.000194025 0.00585722 -0.000400528
-0.000598082 -0.000400528 -0.0147058

0.00577754 -0.000126753 -0.000814419
-0.000126753 0.00552737 -0.000588632
-0.000814419 -0.000588632 -0.0144394

0.00396647 5.08097e-05 -8.88166e-05
5.08097e-05 0.00389925 -3.16952e-05
-8.88166e-05 -3.16952e-05 -0.0105255

0.00491254 -0.000150679 0.00041281
-0.000150679 0.00476426 0.000239307
0.00041281 0.000239307 -0.0126042

0.00487822 -0.000121256 -0.0004049
-0.000121256 0.00551118 -0.000265821
-0.0004049 -0.000265821 -0.0132898

0.00462856 -0.000113701 -0.000380431
-0.000113701 0.00501433 -0.000158547
-0.000380431 -0.000158547 -0.0124639

0.00459594 2.17015e-05 -0.000291739
2.17015e-05 0.00454099 -0.000303916
-0.000291739 -0.000303916 -0.0121457

0.00482705 5.52245e-05 -0.000450238
5.52245e-05 0.00515472 -0.000446063
-0.000450238 -0.000446063 -0.0128808

0.00440355 -0.000206723 2.92187e-05
-0.000206723 0.004055 -0.000143488
2.92187e-05 -0.000143488 -0.0114298

0.00650279 0.000131684 0.00114178
0.000131684 0.00684694 -0.000120033
0.00114178 -0.000120033 -0.0170994

0.00386193 7.50566e-06 -0.000146849
7.50566e-06 0.00391036 -5.28803e-05
-0.000146849 -5.28803e-05 -0.0105575

0.00603665 -3.14563e-05 -0.000641845
-3.14563e-05 0.00620931 -0.000790367
-0.000641845 -0.000790367 -0.0157732

0.00564985 -9.30074e-06 0.000471045
-9.30074e-06 0.00563112 -0.000317194
0.000471045 -0.000317194 -0.014427

0.00398546 5.50552e-05 9.2582e-05
5.50552e-05 0.0039323 0.000127856
9.2582e-05 0.000127856 -0.0108014

0.00605284 0.000457032 0.000326145
0.000457032 0.00544732 -0.000727163
0.000326145 -0.000727163 -0.0147341

0.00397824 1.03679e-05 -0.000200078
1.03679e-05 0.00398434 3.82473e-05
-0.000200078 3.82473e-05 -0.0105637

0.00403763 5.03222e-05 -3.61723e-05
5.03222e-05 0.004146 -4.94873e-07
-3.61723e-05 -4.94873e-07 -0.0108346

0.00399229 -1.84239e-05 -1.82153e-05
-1.84239e-05 0.00407046 -4.86353e-05
-1.82153e-05 -4.86353e-05 -0.0106437

0.00398782 -1.70997e-05 -3.67818e-05
-1.70997e-05 0.00407249 -3.51421e-05
-3.67818e-05 -3.51421e-05 -0.0106944

0.0040368 -9.0931e-05 -8.75341e-05
-9.0931e-05 0.00403787 -6.83436e-05
-8.75341e-05 -6.83436e-05 -0.0105317

0.00411852 0.000130643 -8.23816e-05
0.000130643 0.0039936 -1.33791e-05
-8.23816e-05 -1.33791e-05 -0.0107329

0.00699427 -0.000133763 0.00135081
-0.000133763 0.00667836 0.000459552
0.00135081 0.000459552 -0.0179931

0.00392051 -1.56795e-05 -0.000163092
-1.56795e-05 0.00394543 -8.64419e-05
-0.000163092 -8.64419e-05 -0.0103647

0.00396844 -1.41561e-07 -0.000165023
-1.41561e-07 0.00391507 -8.32695e-05
-0.000165023 -8.32695e-05 -0.010365

0.00395335 -2.91449e-05 -0.000116147
-2.91449e-05 0.00391432 -0.000122949
-0.000116147 -0.000122949 -0.0102535

0.00426286 3.61079e-05 -9.9304e-05
3.61079e-05 0.00404119 -2.69154e-05
-9.9304e-05 -2.69154e-05 -0.0110886

0.00424183 -3.94537e-05 -9.51933e-05
-3.94537e-05 0.00408643 1.58871e-05
-9.51933e-05 1.58871e-05 -0.0110869

0.00424372 -2.59876e-05 -0.000151629
-2.59876e-05 0.00418218 4.96028e-06
-0.000151629 4.96028e-06 -0.0111129

0.00531594 0.000302884 7.09441e-05
0.000302884 0.00478434 -0.000360269
7.09441e-05 -0.000360269 -0.0153246

0.00600952 -0.000510292 0.000460396
-0.000510292 0.00573006 -0.000852724
0.000460396 -0.000852724 -0.0152731

0.00530679 -0.000601156 0.000486492
-0.000601156 0.00611327 -0.000134373
0.000486492 -0.000134373 -0.0163581

0.00611478 0.00173253 0.00120919
0.00173253 0.00721367 0.00247915
0.00120919 0.00247915 -0.0186839

0.0045895 0.0019324 0.00178744
0.0019324 0.00930411 0.00167674
0.00178744 0.00167674 -0.0186537

2.22045e-16 -1.11022e-16 0.00510026
-1.11022e-16 0 0.00498899
0.00510026 0.00498899 -0.0179701

0.00634314 -8.84681e-06 -0.000683822
-8.84681e-06 0.00628673 -0.00102826
-0.000683822 -0.00102826 -0.0162721

0.0062838 -0.000291671 -0.000606283
-0.000291671 0.00561618 -0.000877259
-0.000606283 -0.000877259 -0.0154236

0.00615832 -0.000292053 -0.000811138
-0.000292053 0.00592837 -0.000938684
-0.000811138 -0.000938684 -0.0157463

0.006038 -0.000199282 -0.000587122
-0.000199282 0.00608601 -0.000666992
-0.000587122 -0.000666992 -0.015446

0.00555849 -0.000312534 -0.000570322
-0.000312534 0.00571869 -0.000664381
-0.000570322 -0.000664381 -0.0144822

0.00598951 -0.000241693 -0.000645444
-0.000241693 0.00581322 -0.000760796
-0.000645444 -0.000760796 -0.015344

0.00604019 -0.000145201 -0.000581488
-0.000145201 0.0059834 -0.000496915
-0.000581488 -0.000496915 -0.0150805

0.00604149 -0.000133502 -0.000560019
-0.000133502 0.00570522 -0.000495759
-0.000560019 -0.000495759 -0.0148222

0.00407229 -0.000131337 1.87672e-05
-0.000131337 0.0040371 2.85448e-06
1.87672e-05 2.85448e-06 -0.0105485

0.00540967 -0.000170016 -0.000162211
-0.000170016 0.00520221 -0.000336297
-0.000162211 -0.000336297 -0.013787

0.00547179 -0.000175882 -8.82226e-05
-0.000175882 0.00504129 -0.000441054
-8.82226e-05 -0.000441054 -0.0137581

0.00533872 -0.000256044 -0.000292983
-0.000256044 0.00510007 -0.00045768
-0.000292983 -0.00045768 -0.0133913

0.00486201 3.38211e-05 -0.000467694
3.38211e-05 0.0051678 -0.000434898
-0.000467694 -0.000434898 -0.0128795

0.00391957 2.02088e-05 -0.000199691
2.02088e-05 0.00402471 3.74203e-06
-0.000199691 3.74203e-06 -0.0104902

0.00679955 -9.03403e-05 0.00102922
-9.03403e-05 0.00677935 -0.000254436
0.00102922 -0.000254436 -0.0177965

0.00445149 0.000107612 -0.000296194
0.000107612 0.00458151 -0.000367828
-0.000296194 -0.000367828 -0.0121363

0.00431968 3.29218e-05 -0.000235528
3.29218e-05 0.00462798 -0.000236344
-0.000235528 -0.000236344 -0.0119135

0.00418266 0.000192695 -0.000159969
0.000192695 0.00450605 -0.000306341
-0.000159969 -0.000306341 -0.0116664

0.0042606 0.000132806 -0.000162504
0.000132806 0.00449545 -0.000299903
-0.000162504 -0.000299903 -0.0116666

0.00417529 0.000184617 3.31219e-06
0.000184617 0.00449781 -0.000174956
3.31219e-06 -0.000174956 -0.0116311

0.0041166 0.000328955 -7.47616e-05
0.000328955 0.00436526 -8.04717e-05
-7.47616e-05 -8.04717e-05 -0.0115479

0.00397675 0.000207395 0.000137256
0.000207395 0.00429714 -4.63126e-05
0.000137256 -4.63126e-05 -0.011162

0.00396106 0.000289007 0.000170427
0.000289007 0.00424055 -0.000160392
0.000170427 -0.000160392 -0.0112228

0.00391027 0.000124822 0.000164451
0.000124822 0.00388274 3.03152e-05
0.000164451 3.03152e-05 -0.0108073

0.00411375 2.20454e-05 2.35181e-05
2.20454e-05 0.00411309 -6.87771e-05
2.35181e-05 -6.87771e-05 -0.0108368

0.00396711 1.6166e-05 1.21136e-05
1.6166e-05 0.004126 3.51645e-05
1.21136e-05 3.51645e-05 -0.0109363

0.00394206 7.8329e-06 8.68066e-05
7.8329e-06 0.00416864 -3.81026e-05
8.68066e-05 -3.81026e-05 -0.010947

0.00395202 -2.31455e-06 -3.22713e-05
-2.31455e-06 0.00410378 -9.88813e-06
-3.22713e-05 -9.88813e-06 -0.0108526

0.00408035 -3.96672e-05 2.62811e-05
-3.96672e-05 0.00400615 -0.000100461
2.62811e-05 -0.000100461 -0.0106455

0.00410853 -0.00010737 1.1333e-05
-0.00010737 0.00404249 -8.73179e-05
1.1333e-05 -8.73179e-05 -0.010742

0.00398951 -5.85247e-05 4.1467e-05
-5.85247e-05 0.00411127 -0.00011
4.1467e-05 -0.00011 -0.0107484

0.00410594 -0.00011283 -1.90279e-05
-0.00011283 0.00403232 -0.000178047
-1.90279e-05 -0.000178047 -0.0105681

0.00404367 -1.68502e-05 -6.00365e-05
-1.68502e-05 0.00386935 4.17475e-05
-6.00365e-05 4.17475e-05 -0.0107388

0.00407961 -0.000137983 -6.92972e-05
-0.000137983 0.00392063 -0.00016981
-6.92972e-05 -0.00016981 -0.0102723

0.00396346 2.15981e-05 5.13488e-05
2.15981e-05 0.00386048 -7.52154e-05
5.13488e-05 -7.52154e-05 -0.0104708

0.0040547 -0.000169149 -2.33062e-05
-0.000169149 0.00395803 -8.53036e-05
-2.33062e-05 -8.53036e-05 -0.0106468

0.00606543 -0.000253793 0.000726729
-0.000253793 0.00700933 0.00051466
0.000726729 0.00051466 -0.017436

0.00631527 0.000132595 -0.000190255
0.000132595 0.00566679 0.00120077
-0.000190255 0.00120077 -0.0155217

0.00396813 -5.95028e-06 -0.000160728
-5.95028e-06 0.00389953 8.65922e-06
-0.000160728 8.65922e-06 -0.0104246

0.00432276 -3.53701e-05 -0.000207947
-3.53701e-05 0.00412191 6.12781e-05
-0.000207947 6.12781e-05 -0.0111129

0.0040199 -2.37789e-05 -0.000145699
-2.37789e-05 0.00401491 3.5271e-05
-0.000145699 3.5271e-05 -0.0105

0.0040003 2.04229e-05 -0.000112644
2.04229e-05 0.0039156 -4.35135e-05
-0.000112644 -4.35135e-05 -0.0105108

0.00401603 -2.65971e-05 -0.000111489
-2.65971e-05 0.00401454 4.97492e-05
-0.000111489 4.97492e-05 -0.0107377

0.00405917 -8.79408e-05 -7.7257e-05
-8.79408e-05 0.00405783 -3.61011e-05
-7.7257e-05 -3.61011e-05 -0.010742

1.87669e-06 0.00070463 0.00114017
0.00070463 0.00593605 -0.00374578
0.00114017 -0.00374578 -0.0183055

0.00397009 0.000103245 3.78795e-05
0.000103245 0.00398894 1.98515e-05
3.78795e-05 1.98515e-05 -0.010521

0 0 0.000539275
0 0 -0.00306923
0.000539275 -0.00306923 -0.0127074

-1.11022e-16 0 -0.000602422
0 -2.22045e-16 -0.00202796
-0.000602422 -0.00202796 -0.0140992

0.00487014 -0.000198113 0.000378318
-0.000198113 0.0048271 0.000300458
0.000378318 0.000300458 -0.0125464

0.00657526 -7.46473e-05 0.000285663
-7.46473e-05 0.00647043 0.00114281
0.000285663 0.00114281 -0.016505

0.00637007 -2.34498e-05 0.000163598
-2.34498e-05 0.00587897 0.00102862
0.000163598 0.00102862 -0.0160113

0.00631995 0.000109674 -0.000189245
0.000109674 0.00577717 0.00116569
-0.000189245 0.00116569 -0.0159527

0.00441896 -3.12617e-05 0.000159806
-3.12617e-05 0.0045756 0.000254424
0.000159806 0.000254424 -0.011916

0.00626852 5.83887e-05 0.000240732
5.83887e-05 0.00573544 0.00103243
0.000240732 0.00103243 -0.0155941

0.00396072 -2.53593e-05 -0.000173567
-2.53593e-05 0.0040034 -8.65051e-06
-0.000173567 -8.65051e-06 -0.0104606

0.0057962 -5.67828e-05 -4.2332e-06
-5.67828e-05 0.00535149 0.000679295
-4.2332e-06 0.000679295 -0.0143352

0.00591716 -1.95316e-05 -0.000225992
-1.95316e-05 0.00536039 0.000576911
-0.000225992 0.000576911 -0.0143808

0.00692708 -5.9885e-05 0.000885364
-5.9885e-05 0.00684031 0.000116633
0.000885364 0.000116633 -0.0182134

0.00527324 -9.00146e-05 0.00026231
-9.00146e-05 0.00499368 0.000402459
0.00026231 0.000402459 -0.0134289

0.00446342 -5.9197e-05 -0.000260035
-5.9197e-05 0.00472314 0.000126298
-0.000260035 0.000126298 -0.0121196

0.00373602 -0.00010728 3.99115e-05
-0.00010728 0.00378386 -0.000168902
3.99115e-05 -0.000168902 -0.0103467

0.00486196 -3.79365e-05 9.912e-05
-3.79365e-05 0.00492112 0.000146678
9.912e-05 0.000146678 -0.0129219

0.00575988 3.25538e-05 0.000609669
3.25538e-05 0.00562096 -0.000324976
0.000609669 -0.000324976 -0.0143928

0.00514564 -3.64049e-05 -0.000499468
-3.64049e-05 0.00518232 0.000251667
-0.000499468 0.000251667 -0.0137321

0.00477518 0.000417891 -6.11124e-05
0.000417891 0.00411922 3.18163e-05
-6.11124e-05 3.18163e-05 -0.0117162

0.00431033 5.18004e-05 0.000126166
5.18004e-05 0.00452012 -0.000165435
0.000126166 -0.000165435 -0.0115794

0.00680196 -0.000168534 0.00122874
-0.000168534 0.0069712 0.000622463
0.00122874 0.000622463 -0.0181172

0.00399771 -7.1525e-06 -4.35067e-06
-7.1525e-06 0.00384456 -0.000162508
-4.35067e-06 -0.000162508 -0.0103647

0.00395501 -3.57503e-05 -0.000167481
-3.57503e-05 0.00400116 -1.11401e-05
-0.000167481 -1.11401e-05 -0.010456

0.0041036 9.24646e-06 7.63959e-05
9.24646e-06 0.00387144 0.000141362
7.63959e-05 0.000141362 -0.0104811

0.00725432 6.87633e-05 0.000967502
6.87633e-05 0.00640301 7.37047e-05
0.000967502 7.37047e-05 -0.0182111

0.00378709 0.000113114 -8.59299e-05
0.000113114 0.00389188 7.9098e-05
-8.59299e-05 7.9098e-05 -0.010462

0.00394854 9.64128e-05 5.99401e-05
9.64128e-05 0.00408603 0.000154924
5.99401e-05 0.000154924 -0.0106262

0.00389128 4.53089e-05 -2.45653e-05
4.53089e-05 0.00406582 0.000137508
-2.45653e-05 0.000137508 -0.0106185

0.00394658 8.45703e-05 7.16781e-05
8.45703e-05 0.00402085 0.000264035
7.16781e-05 0.000264035 -0.0104695

0.00404174 4.49342e-05 0.000243324
4.49342e-05 0.00388943 0.000388151
0.000243324 0.000388151 -0.0102563

0.00484725 9.52576e-05 -0.000422468
9.52576e-05 0.00514606 0.000356161
-0.000422468 0.000356161 -0.0128739

0.00403036 1.80179e-05 0.000112832
1.80179e-05 0.00386551 0.000336037
0.000112832 0.000336037 -0.010252

0.0040249 1.91401e-05 0.000153579
1.91401e-05 0.00387432 0.000287384
0.000153579 0.000287384 -0.0103765

0.00391996 -2.45018e-05 -0.000157369
-2.45018e-05 0.003933 5.38687e-06
-0.000157369 5.38687e-06 -0.0104243

0.00391985 2.21238e-05 -0.000197782
2.21238e-05 0.00400405 -2.93654e-06
-0.000197782 -2.93654e-06 -0.0104887

-0.000933074 0.000395655 -0.000415487
0.000395655 0.0133913 -0.00182588
-0.000415487 -0.00182588 -0.0181804

0 0 0.00146188
0 0 -0.00332567
0.00146188 -0.00332567 -0.0144396

0.00655947 4.25654e-05 -4.02814e-05
4.25654e-05 0.00636778 0.00128215
-4.02814e-05 0.00128215 -0.0164584

0.00673731 0.000259189 0.000925258
0.000259189 0.00684723 0.000534203
0.000925258 0.000534203 -0.0182667

0.00577619 6.80907e-05 0.000622096
6.80907e-05 0.0047896 -0.000177811
0.000622096 -0.000177811 -0.0146848

0.00602767 4.24513e-05 -0.000334111
4.24513e-05 0.00564072 0.00112741
-0.000334111 0.00112741 -0.0152275

0.00600734 0.000107415 -0.000249463
0.000107415 0.00545521 0.000989004
-0.000249463 0.000989004 -0.014789

0.00420791 -0.000110233 -6.73389e-05
-0.000110233 0.0042352 7.49863e-05
-6.73389e-05 7.49863e-05 -0.0112665

0.00590731 -0.000800382 0.00133058
-0.000800382 0.00527943 -0.000241955
0.00133058 -0.000241955 -0.0134577

0.00487318 -5.21827e-05 0.000285717
-5.21827e-05 0.00484052 0.0004421
0.000285717 0.0004421 -0.01269

0.00458772 -0.000383053 0.000338835
-0.000383053 0.00452766 -0.000106097
0.000338835 -0.000106097 -0.0117263

0.00396934 -5.47075e-06 -0.000203439
-5.47075e-06 0.00401072 -2.39003e-05
-0.000203439 -2.39003e-05 -0.0104317

0.00421841 -3.69606e-06 0.000138854
-3.69606e-06 0.00447748 -4.19018e-05
0.000138854 -4.19018e-05 -0.0117758

0.00421893 -4.67932e-06 5.67444e-05
-4.67932e-06 0.00447655 -7.54998e-05
5.67444e-05 -7.54998e-05 -0.0116009

0.00629871 0.000433518 0.000916932
0.000433518 0.00756727 0.00126238
0.000916932 0.00126238 -0.0173048

0.00407627 7.2032e-05 9.45463e-05
7.2032e-05 0.00408116 6.79346e-05
9.45463e-05 6.79346e-05 -0.0105384

0.00389305 4.8475e-05 -3.89594e-06
4.8475e-05 0.00400719 0.00024803
-3.89594e-06 0.00024803 -0.0104618

0.00399158 8.55616e-05 9.66372e-05
8.55616e-05 0.00394239 0.000252658
9.66372e-05 0.000252658 -0.010423

0.00424551 8.58947e-05 0.00011946
8.58947e-05 0.00426169 0.000147055
0.00011946 0.000147055 -0.0114954

0.00400989 1.54663e-05 4.08946e-05
1.54663e-05 0.00381871 0.000269126
4.08946e-05 0.000269126 -0.0102235

0.00391791 3.53127e-05 -0.000108744
3.53127e-05 0.00389232 9.8816e-05
-0.000108744 9.8816e-05 -0.0102434

0.00390336 -7.57738e-06 -9.56065e-05
-7.57738e-06 0.00405802 6.31878e-05
-9.56065e-05 6.31878e-05 -0.0105665

0.00394724 -1.2289e-05 -7.91719e-05
-1.2289e-05 0.0040733 -3.1378e-05
-7.91719e-05 -3.1378e-05 -0.0106031

0.00396946 -6.50873e-05 -3.29636e-05
-6.50873e-05 0.00412192 2.90486e-05
-3.29636e-05 2.90486e-05 -0.0108841

0.00407079 -4.8142e-05 -0.000140485
-4.8142e-05 0.00403009 6.96591e-05
-0.000140485 6.96591e-05 -0.0108063

0.00404309 9.24019e-05 0.000153494
9.24019e-05 0.0040693 3.13902e-05
0.000153494 3.13902e-05 -0.0106429

0.00416494 6.13754e-05 -1.66677e-05
6.13754e-05 0.00415739 -4.50278e-05
-1.66677e-05 -4.50278e-05 -0.0110905

0.00648552 1.5678e-05 -8.71091e-05
1.5678e-05 0.00645339 -0.00124763
-8.71091e-05 -0.00124763 -0.0163032

0.000291728 -0.00165427 0.00136717
-0.00165427 0.0087804 0.00362219
0.00136717 0.00362219 -0.0181207

-2.22045e-16 0 0.00105139
0 0 0.00371214
0.00105139 0.00371214 -0.0136446

-0.000353463 0.000542498 -0.000300847
0.000542498 0.0109387 0.00281452
-0.000300847 0.00281452 -0.0180669

-2.22045e-16 0 0.00105139
0 0 0.00371214
0.00105139 0.00371214 -0.0136446

0.00421671 -0.000123306 0.000100063
-0.000123306 0.00397183 -0.000129476
0.000100063 -0.000129476 -0.0108082

0.00542044 5.3509e-06 0.000228674
5.3509e-06 0.00775912 -0.00158625
0.000228674 -0.00158625 -0.0166029

0.00434095 -0.000164747 9.63359e-05
-0.000164747 0.00387577 -0.000124352
9.63359e-05 -0.000124352 -0.0108082

0.00624795 -0.000129542 -2.2153e-06
-0.000129542 0.00638749 -0.00112364
-2.2153e-06 -0.00112364 -0.0171125

0.00616929 -9.28418e-05 -0.000249378
-9.28418e-05 0.00639965 -0.00122558
-0.000249378 -0.00122558 -0.0162774

0.00436021 7.04619e-05 0.000101498
7.04619e-05 0.00426113 0.000151886
0.000101498 0.000151886 -0.0114948

0.00622357 -0.00026928 -0.000378511
-0.00026928 0.00564109 -0.00113605
-0.000378511 -0.00113605 -0.0153731

0.00438696 1.10251e-05 0.000168129
1.10251e-05 0.00439052 1.06383e-05
0.000168129 1.06383e-05 -0.0113462

0.00608034 -0.000253788 -0.000172955
-0.000253788 0.00568696 -0.00114433
-0.000172955 -0.00114433 -0.015664

0.00395843 -7.11542e-06 3.36036e-05
-7.11542e-06 0.003893 -0.000216966
3.36036e-05 -0.000216966 -0.0103402

0.00395027 -4.27832e-05 -0.00017107
-4.27832e-05 0.00400695 -1.15489e-05
-0.00017107 -1.15489e-05 -0.0104572

0.00608442 -0.000239013 -0.00021978
-0.000239013 0.00573895 -0.00128964
-0.00021978 -0.00128964 -0.0155114

0.00607002 -0.000176184 -0.000181321
-0.000176184 0.00556616 -0.00126063
-0.000181321 -0.00126063 -0.015232

0.00396608 -5.1046e-05 -0.000121258
-5.1046e-05 0.00400278 -1.59068e-06
-0.000121258 -1.59068e-06 -0.010453

0.00571078 0.000159876 -0.000118304
0.000159876 0.00528186 -0.000709281
-0.000118304 -0.000709281 -0.014456

0.00415864 9.80274e-06 0.000149772
9.80274e-06 0.00391987 3.03923e-05
0.000149772 3.03923e-05 -0.010545

0.00609314 -9.97845e-05 -0.000251902
-9.97845e-05 0.00579861 -0.000876738
-0.000251902 -0.000876738 -0.0149907

0.0054983 0.000280024 7.4417e-05
0.000280024 0.00517817 -0.000443359
7.4417e-05 -0.000443359 -0.0140841

0.00570659 0.000163508 -3.16293e-05
0.000163508 0.00532618 -0.000465903
-3.16293e-05 -0.000465903 -0.0141128

0.00582053 6.40997e-05 -1.18619e-05
6.40997e-05 0.00520641 -0.000385601
-1.18619e-05 -0.000385601 -0.01414

0.00545682 0.000354357 0.000252229
0.000354357 0.00529278 -0.000232594
0.000252229 -0.000232594 -0.0137154

0.00517121 -4.61432e-06 0.000163252
-4.61432e-06 0.00477074 -0.000462766
0.000163252 -0.000462766 -0.0127771

0.0051703 9.80589e-07 0.000154086
9.80589e-07 0.00473961 -0.000400256
0.000154086 -0.000400256 -0.0128594

0.00502684 -7.37152e-06 6.52973e-05
-7.37152e-06 0.00477107 -0.000469784
6.52973e-05 -0.000469784 -0.0127749

0.00543441 -0.000274511 -0.000237153
-0.000274511 0.00487645 -0.000528769
-0.000237153 -0.000528769 -0.0133747

0.00451618 -1.09504e-05 0.000620735
-1.09504e-05 0.00473742 -0.000320254
0.000620735 -0.000320254 -0.0124007

0.00502782 -9.09172e-06 6.20677e-05
-9.09172e-06 0.0047389 -0.000406647
6.20677e-05 -0.000406647 -0.0128581

0.00452224 8.42333e-06 -0.000100977
8.42333e-06 0.00446452 -0.000615015
-0.000100977 -0.000615015 -0.0120905

0.00465952 1.4749e-05 8.93102e-05
1.4749e-05 0.00446128 -0.000575585
8.93102e-05 -0.000575585 -0.0120933

0.00412972 -0.000224966 0.000129334
-0.000224966 0.00453028 -0.000186476
0.000129334 -0.000186476 -0.0116454

0.00386097 -0.000124949 5.29592e-05
-0.000124949 0.00418492 -0.000285989
5.29592e-05 -0.000285989 -0.0111639

0.00383359 -9.21147e-08 0.000234873
-9.21147e-08 0.00444654 -9.81926e-05
0.000234873 -9.81926e-05 -0.0111511

0.00388575 9.47888e-05 9.99825e-05
9.47888e-05 0.00431451 3.75701e-06
9.99825e-05 3.75701e-06 -0.0111983

0.00425688 0.000123412 -1.80897e-06
0.000123412 0.00448257 -0.000169145
-1.80897e-06 -0.000169145 -0.0116309

0.00388705 -0.000181828 -1.05251e-05
-0.000181828 0.00419875 -0.000183285
-1.05251e-05 -0.000183285 -0.0111064

0.00387092 -8.89395e-05 4.73377e-05
-8.89395e-05 0.00437504 -0.000209886
4.73377e-05 -0.000209886 -0.0111021

0.00388639 -0.000128434 -6.525e-05
-0.000128434 0.00443215 -0.000121298
-6.525e-05 -0.000121298 -0.011187

0.00377985 -9.29428e-05 3.75906e-06
-9.29428e-05 0.00437487 -0.00021168
3.75906e-06 -0.00021168 -0.0111024

0.00382558 -0.000175565 -1.13242e-05
-0.000175565 0.00446853 -0.000178879
-1.13242e-05 -0.000178879 -0.0110993

0.00390359 -4.96121e-05 5.12961e-05
-4.96121e-05 0.00370617 5.70878e-05
5.12961e-05 5.70878e-05 -0.0102561

0.00376406 -0.000119502 -0.000114775
-0.000119502 0.00443311 -0.000123277
-0.000114775 -0.000123277 -0.0111876

0.00382337 -0.000126775 -4.11111e-05
-0.000126775 0.0040947 -0.000124147
-4.11111e-05 -0.000124147 -0.0107331

0.00381809 -0.000118551 -8.77122e-07
-0.000118551 0.00411984 -8.17208e-05
-8.77122e-07 -8.17208e-05 -0.0107486

0.00390865 -7.10427e-05 2.55766e-05
-7.10427e-05 0.00414846 -8.73261e-05
2.55766e-05 -8.73261e-05 -0.0108406

0.00395483 -2.65104e-05 9.44088e-06
-2.65104e-05 0.00414941 -5.30678e-05
9.44088e-06 -5.30678e-05 -0.010827

0.00393518 -1.03809e-05 3.88197e-05
-1.03809e-05 0.0041378 -8.01176e-05
3.88197e-05 -8.01176e-05 -0.0108656

0.00392919 -0.000106294 3.17844e-05
-0.000106294 0.00407858 -0.000105988
3.17844e-05 -0.000105988 -0.0107112

0.00390583 -6.71501e-05 3.12136e-05
-6.71501e-05 0.00411473 -0.000192496
3.12136e-05 -0.000192496 -0.0106361

0.00392873 -8.7767e-05 3.01174e-06
-8.7767e-05 0.00409875 -0.000119304
3.01174e-06 -0.000119304 -0.0107181

0.00390484 -6.55978e-05 6.49649e-05
-6.55978e-05 0.00411943 -0.000150183
6.49649e-05 -0.000150183 -0.0105148

0.00401955 -4.57013e-05 0.000267161
-4.57013e-05 0.00390142 9.99323e-05
0.000267161 9.99323e-05 -0.0105047

0.00400038 -4.23938e-05 0.000222933
-4.23938e-05 0.003937 4.08733e-05
0.000222933 4.08733e-05 -0.0104837

0.00398826 -6.29425e-05 9.29029e-06
-6.29425e-05 0.00409627 -0.000198836
9.29029e-06 -0.000198836 -0.010574

0.0039654 -1.96843e-05 -0.000184157
-1.96843e-05 0.00403021 -2.52519e-06
-0.000184157 -2.52519e-06 -0.0104916

0.0039089 -0.000102615 4.41458e-05
-0.000102615 0.00387831 -0.000341334
4.41458e-05 -0.000341334 -0.0101635

0.00391533 -9.36779e-05 -4.37355e-05
-9.36779e-05 0.003886 -0.000387481
-4.37355e-05 -0.000387481 -0.0101822

0.00642928 -9.5418e-05 0.000915454
-9.5418e-05 0.00694455 -3.90698e-05
0.000915454 -3.90698e-05 -0.0173699

0.00498561 -9.43037e-05 -3.25904e-05
-9.43037e-05 0.00486313 -0.000362714
-3.25904e-05 -0.000362714 -0.0126742

0.00419944 -9.84884e-05 -7.24615e-05
-9.84884e-05 0.00417066 -2.59013e-06
-7.24615e-05 -2.59013e-06 -0.011109

0.00422735 -9.30852e-05 -3.90139e-05
-9.30852e-05 0.00417066 -2.59013e-06
-3.90139e-05 -2.59013e-06 -0.011109

0.00404617 -7.1664e-05 0.000105537
-7.1664e-05 0.00389091 -3.37038e-05
0.000105537 -3.37038e-05 -0.0105282

0.0041835 -4.65114e-05 -0.000126345
-4.65114e-05 0.00412142 3.01033e-05
-0.000126345 3.01033e-05 -0.0110607

0.00398393 -8.64218e-05 -3.31812e-05
-8.64218e-05 0.00393332 -0.000105464
-3.31812e-05 -0.000105464 -0.0104042

0.00563342 1.97648e-05 2.92079e-05
1.97648e-05 0.00706481 -0.00230963
2.92079e-05 -0.00230963 -0.0142345

0.00659131 0.000241398 -0.000203005
0.000241398 0.00659553 0.00168193
-0.000203005 0.00168193 -0.016991

0.00691592 7.93917e-05 -0.000703197
7.93917e-05 0.00651509 0.00146561
-0.000703197 0.00146561 -0.0175664

0.00677548 0.000287001 -0.000544189
0.000287001 0.00620934 0.00120122
-0.000544189 0.00120122 -0.0170052

0.00682316 0.000201711 9.66639e-05
0.000201711 0.00621364 0.00119116
9.66639e-05 0.00119116 -0.0171006

0.00528404 -0.00106225 0.00214362
-0.00106225 0 0.000448054
0.00214362 0.000448054 -0.0136878

0.00426339 3.66518e-05 0.000177742
3.66518e-05 0.00438634 7.63866e-06
0.000177742 7.63866e-06 -0.011346

0.00650448 0.000328218 0.000521775
0.000328218 0.00705441 0.000545406
0.000521775 0.000545406 -0.0180368

0.00498454 -9.61407e-05 -1.08201e-05
-9.61407e-05 0.00486057 -0.000342335
-1.08201e-05 -0.000342335 -0.0126224

0.00403215 -0.000123974 -6.70324e-05
-0.000123974 0.00404274 -0.000102202
-6.70324e-05 -0.000102202 -0.010881

0.00390853 -7.73205e-06 -0.000172081
-7.73205e-06 0.00399702 2.14412e-05
-0.000172081 2.14412e-05 -0.0105429

0.00567509 -0.000296155 -0.00061281
-0.000296155 0.00593807 -0.000346514
-0.00061281 -0.000346514 -0.0147097

0.00397711 -3.19297e-05 -0.000132825
-3.19297e-05 0.00408643 3.58909e-05
-0.000132825 3.58909e-05 -0.0109094

0.00452412 9.8051e-05 -2.00338e-06
9.8051e-05 0.0048122 -0.000344986
-2.00338e-06 -0.000344986 -0.0125597

0.00498625 -9.416e-05 -4.65006e-05
-9.416e-05 0.00486005 -0.000338042
-4.65006e-05 -0.000338042 -0.0126181

0.0064373 3.06608e-06 -0.000124216
3.06608e-06 0.00645009 -0.00125703
-0.000124216 -0.00125703 -0.0162637

0.00395387 -2.66002e-05 -0.000173068
-2.66002e-05 0.0040227 -2.52129e-05
-0.000173068 -2.52129e-05 -0.0104465

0.00688907 0.000681127 -0.000288171
0.000681127 0.00609024 -0.000130311
-0.000288171 -0.000130311 -0.0184259

0.00387523 -0.000177198 9.50765e-05
-0.000177198 0.00409487 -0.000340854
9.50765e-05 -0.000340854 -0.0110054

0.00381043 -0.000104076 -0.000310121
-0.000104076 0.00384197 -0.000171817
-0.000310121 -0.000171817 -0.0110038

0.00471813 -4.95799e-05 9.563e-05
-4.95799e-05 0.004916 0.000585808
9.563e-05 0.000585808 -0.0126616

0.00687103 0.00015239 0.000193186
0.00015239 0.00525754 -1.02323e-05
0.000193186 -1.02323e-05 -0.0181758

0.00426909 -3.03961e-05 -0.000336049
-3.03961e-05 0.0043695 -4.8075e-05
-0.000336049 -4.8075e-05 -0.0114268

0.0060576 0.00101238 0.000147945
0.00101238 0.0066499 -0.000200713
0.000147945 -0.000200713 -0.01788

0.00654624 9.34293e-05 -0.000711361
9.34293e-05 0.00634632 -0.000616945
-0.000711361 -0.000616945 -0.0168498

0.00468285 -1.44711e-05 -0.000344216
-1.44711e-05 0.00527257 5.96568e-05
-0.000344216 5.96568e-05 -0.0127979

0.00660629 3.31983e-05 0.000563804
3.31983e-05 0.00660336 -0.00015662
0.000563804 -0.00015662 -0.0170731

0.00666661 0.000260161 -0.000118625
0.000260161 0.00686985 -0.000486749
-0.000118625 -0.000486749 -0.017547

0.00365485 4.56431e-05 4.81918e-05
4.56431e-05 0.00373371 -6.03611e-05
4.81918e-05 -6.03611e-05 -0.0102241

0.00477775 0.000180653 -0.000398944
0.000180653 0.00459039 -0.000294617
-0.000398944 -0.000294617 -0.0118234

0.00470826 5.26995e-05 -0.000382054
5.26995e-05 0.00522155 -0.000146186
-0.000382054 -0.000146186 -0.0127905

0.00396793 -2.67708e-05 -0.000178893
-2.67708e-05 0.00403399 -1.85756e-05
-0.000178893 -1.85756e-05 -0.0104719

0.00654607 9.5258e-05 -0.000172677
9.5258e-05 0.00616186 0.001772
-0.000172677 0.001772 -0.0170098

0.00408139 3.53539e-05 0.000210654
3.53539e-05 0.00406678 -5.38361e-05
0.000210654 -5.38361e-05 -0.0106587

0.00596906 0.000131992 -0.000300592
0.000131992 0.00605176 0.000246673
-0.000300592 0.000246673 -0.0153485

0.00637601 0.000187587 -0.000552759
0.000187587 0.00675833 -8.63293e-05
-0.000552759 -8.63293e-05 -0.0173703

0.0040888 -0.000400242 -0.000392719
-0.000400242 0.00414956 -0.000136374
-0.000392719 -0.000136374 -0.0113453

0.00474678 0.000140524 0.000197548
0.000140524 0.00420887 -0.000329606
0.000197548 -0.000329606 -0.0113665

0.00484057 3.14316e-05 0.000176535
3.14316e-05 0.0045907 0.000270113
0.000176535 0.000270113 -0.0122605

0.00637504 0.0001993 -0.000579262
0.0001993 0.00681831 -0.000312289
-0.000579262 -0.000312289 -0.0166144

0.00499246 4.4124e-06 -7.6723e-06
4.4124e-06 0.00421742 -0.000397919
-7.6723e-06 -0.000397919 -0.0116906

0.00637388 0.000288712 -0.000271959
0.000288712 0.0066484 -0.00137195
-0.000271959 -0.00137195 -0.0160701

0.00615066 -1.5003e-05 -0.000585535
-1.5003e-05 0.0064624 -0.000670807
-0.000585535 -0.000670807 -0.0175651

0.00517336 0.00127481 -0.000729657
0.00127481 0.00618095 -0.000543518
-0.000729657 -0.000543518 -0.0175896

0.00368138 8.98588e-05 -1.21437e-05
8.98588e-05 0.00383622 2.79846e-06
-1.21437e-05 2.79846e-06 -0.010292

0.00395158 -3.7163e-05 -0.000161374
-3.7163e-05 0.004035 -3.69602e-06
-0.000161374 -3.69602e-06 -0.0104662

0.00667845 -9.33699e-05 0.000787229
-9.33699e-05 0.00666874 -0.00103373
0.000787229 -0.00103373 -0.0170873

0.00654174 0.000137037 -1.91602e-05
0.000137037 0.00585623 -0.000535598
-1.91602e-05 -0.000535598 -0.0169095

0.00596652 -3.90194e-05 -0.000409074
-3.90194e-05 0.00588871 -0.00031606
-0.000409074 -0.00031606 -0.0147676

0.00644363 0.00031854 -0.000182367
0.00031854 0.00610834 0.00127434
-0.000182367 0.00127434 -0.0163893

0.00431796 0.000145065 -0.000319379
0.000145065 0.0044626 -8.53938e-05
-0.000319379 -8.53938e-05 -0.0117018

0.00594992 -9.40955e-05 -0.000389938
-9.40955e-05 0.00602053 -0.000263668
-0.000389938 -0.000263668 -0.0147892

0.00412612 1.16755e-05 3.9444e-05
1.16755e-05 0.00382142 5.41783e-05
3.9444e-05 5.41783e-05 -0.0107949

0.00596692 -2.47998e-05 -0.000456807
-2.47998e-05 0.00628556 -0.000703082
-0.000456807 -0.000703082 -0.016121

0.00536161 0.000527432 0.000910778
0.000527432 0.00573395 -0.000302462
0.000910778 -0.000302462 -0.0166547

0.00515461 -0.000116212 0.000423001
-0.000116212 0.00522406 0.000510521
0.000423001 0.000510521 -0.0135722

0.00491911 4.69239e-06 -0.000215702
4.69239e-06 0.00470639 -0.000170468
-0.000215702 -0.000170468 -0.0127902

0.00424271 -7.92533e-05 0.000158072
-7.92533e-05 0.00472405 -0.000232411
0.000158072 -0.000232411 -0.0115791

0.00405957 -0.000120504 0.000139458
-0.000120504 0.00401911 -0.000178329
0.000139458 -0.000178329 -0.0108886

0.00401988 -0.000103759 0.000139251
-0.000103759 0.00406079 -0.000158523
0.000139251 -0.000158523 -0.0108806

0.00395395 -3.4014e-05 -0.000171828
-3.4014e-05 0.00403311 -1.73408e-05
-0.000171828 -1.73408e-05 -0.0104496

0.0039558 -3.05594e-05 4.09075e-05
-3.05594e-05 0.00392066 -0.000274636
4.09075e-05 -0.000274636 -0.0102718

0.00404798 -5.74213e-05 9.11041e-05
-5.74213e-05 0.00401103 3.06021e-05
9.11041e-05 3.06021e-05 -0.0106394

0.0039622 -2.39899e-05 -0.000172721
-2.39899e-05 0.00404362 -1.02834e-05
-0.000172721 -1.02834e-05 -0.0104686

0.00404093 2.39696e-05 7.26242e-05
2.39696e-05 0.0041038 6.61859e-05
7.26242e-05 6.61859e-05 -0.0106088

0.00406158 3.48863e-05 0.000141999
3.48863e-05 0.00385865 -5.83491e-05
0.000141999 -5.83491e-05 -0.0104793

0.00431749 0.000175482 -0.000288404
0.000175482 0.00394972 -0.000298787
-0.000288404 -0.000298787 -0.0115385

0.00387197 -6.53386e-05 -2.93326e-05
-6.53386e-05 0.00390554 -0.000213199
-2.93326e-05 -0.000213199 -0.0101962

0.00391981 0.000104409 6.32298e-05
0.000104409 0.0038429 4.31638e-06
6.32298e-05 4.31638e-06 -0.0104916

0.00665163 1.89261e-07 0.000483013
1.89261e-07 0.00646801 0.000810465
0.000483013 0.000810465 -0.0162642

0.00399727 -0.000102315 0.000128942
-0.000102315 0.00389835 -7.39793e-05
0.000128942 -7.39793e-05 -0.0105112

0.00404903 0.000150419 5.89934e-05
0.000150419 0.0038647 9.83666e-05
5.89934e-05 9.83666e-05 -0.0104733

0.00386567 5.6769e-05 9.23545e-05
5.6769e-05 0.00391412 6.33435e-05
9.23545e-05 6.33435e-05 -0.0104515

0.00611774 0.0009781 0.00145659
0.0009781 0.00668139 0.00225526
0.00145659 0.00225526 -0.0152787

0.00402187 4.92756e-05 -0.000119219
4.92756e-05 0.00404421 2.63429e-05
-0.000119219 2.63429e-05 -0.0106655

0.00440168 0.000306087 -0.000222875
0.000306087 0.00410763 -0.000208393
-0.000222875 -0.000208393 -0.0114904

0.00581831 -0.000115647 3.20971e-05
-0.000115647 0.00549195 0.000486504
3.20971e-05 0.000486504 -0.0146428

0.00400344 7.49665e-05 5.95337e-05
7.49665e-05 0.00409667 0.000120693
5.95337e-05 0.000120693 -0.0105917

0.00454965 -2.8892e-05 -0.00023654
-2.8892e-05 0.00458601 -0.000143725
-0.00023654 -0.000143725 -0.0117445

0.00674428 0.00016322 0.000907598
0.00016322 0.00685269 -0.000803728
0.000907598 -0.000803728 -0.0169373

0.00611828 -0.00041282 0.00164571
-0.00041282 -0.000220078 0.00300969
0.00164571 0.00300969 -0.0153563

0.00464836 -1.69849e-05 -0.000347204
-1.69849e-05 0.00455149 -0.000293657
-0.000347204 -0.000293657 -0.0121392

0.00400981 -3.86898e-06 -6.9586e-05
-3.86898e-06 0.00408875 -5.20674e-05
-6.9586e-05 -5.20674e-05 -0.0105974

-1.11022e-16 -1.11022e-16 0.00105139
-1.11022e-16 -2.22045e-16 0.00371214
0.00105139 0.00371214 -0.0136446

0.00391716 -8.78669e-06 -0.000197116
-8.78669e-06 0.00392424 -0.000109487
-0.000197116 -0.000109487 -0.0104822

0 -0.000522764 0.00123856
-0.000522764 0.00633499 0.00239826
0.00123856 0.00239826 -0.0135159

0.00412736 -1.47243e-05 -0.000140925
-1.47243e-05 0.00384857 -4.42469e-05
-0.000140925 -4.42469e-05 -0.0105018

0.00389435 4.89168e-05 -0.000153623
4.89168e-05 0.00407566 -6.03369e-05
-0.000153623 -6.03369e-05 -0.01048

0.00419985 -0.000199583 7.75811e-05
-0.000199583 0.0042443 0.000114145
7.75811e-05 0.000114145 -0.0113389

0.0039933 2.35383e-05 0.000239895
2.35383e-05 0.00405386 0.000140505
0.000239895 0.000140505 -0.0106464

0.00395422 -2.10675e-05 6.37448e-05
-2.10675e-05 0.00407133 -0.000291999
6.37448e-05 -0.000291999 -0.0105327

0.00554683 -4.03163e-05 0.000416743
-4.03163e-05 0.00512818 0.000401123
0.000416743 0.000401123 -0.0136669

0.0061746 0.000258306 -0.000624268
0.000258306 0.00624035 0.000201402
-0.000624268 0.000201402 -0.0179531

0.00403638 -1.96005e-05 0.000148435
-1.96005e-05 0.00392484 -1.80341e-06
0.000148435 -1.80341e-06 -0.0104408

0.00498349 -7.49158e-05 -2.09361e-05
-7.49158e-05 0.00490335 -0.000159131
-2.09361e-05 -0.000159131 -0.012296

0.00400808 -2.14005e-05 -6.68677e-05
-2.14005e-05 0.0040282 4.6889e-05
-6.68677e-05 4.6889e-05 -0.0105578

0.0052879 -0.000137152 0.000369004
-0.000137152 0.00513747 0.000356914
0.000369004 0.000356914 -0.0136605

0.00413153 9.40076e-05 -9.75417e-05
9.40076e-05 0.00403884 3.79457e-05
-9.75417e-05 3.79457e-05 -0.0105591

0.00387076 1.3537e-05 -6.3155e-05
1.3537e-05 0.00401644 5.13857e-05
-6.3155e-05 5.13857e-05 -0.0105603

0.00399639 -5.49703e-06 -7.12343e-05
-5.49703e-06 0.00391386 1.11643e-05
-7.12343e-05 1.11643e-05 -0.0105104

0.0038662 2.09049e-05 -0.00016185
2.09049e-05 0.00406573 1.90057e-05
-0.00016185 1.90057e-05 -0.0105727

0.0039032 6.87654e-05 -0.000121041
6.87654e-05 0.00399741 -3.0917e-06
-0.000121041 -3.0917e-06 -0.0105753

0.00391824 8.30719e-05 -0.000106153
8.30719e-05 0.00400079 2.27363e-06
-0.000106153 2.27363e-06 -0.0105681

0.00398826 -3.02944e-05 -4.24309e-05
-3.02944e-05 0.003878 5.53688e-05
-4.24309e-05 5.53688e-05 -0.0105645

0.00653771 -7.20209e-06 2.42253e-05
-7.20209e-06 0.00644005 -0.00093596
2.42253e-05 -0.00093596 -0.0174467

0.00528731 -0.000142169 0.000357855
-0.000142169 0.00549101 0.000495687
0.000357855 0.000495687 -0.0137337

0.00400914 9.89291e-05 7.08883e-05
9.89291e-05 0.0039839 0.000245589
7.08883e-05 0.000245589 -0.010454

0.00368925 0.00012563 9.94411e-05
0.00012563 0.00375294 8.09487e-05
9.94411e-05 8.09487e-05 -0.0101667

0.00562784 3.76535e-05 0.000298179
3.76535e-05 0.0051609 0.00033571
0.000298179 0.00033571 -0.0139079

0.00399254 6.4918e-05 2.85045e-05
6.4918e-05 0.00399358 0.000242342
2.85045e-05 0.000242342 -0.0104741

0.0053514 0.000419462 0.00035587
0.000419462 0.00489227 -3.96755e-05
0.00035587 -3.96755e-05 -0.013022

0.00555811 -0.000193882 0.000188159
-0.000193882 0.0051405 0.000156139
0.000188159 0.000156139 -0.017444

0.00403602 -3.7862e-05 0.000164268
-3.7862e-05 0.0039823 -5.04342e-05
0.000164268 -5.04342e-05 -0.0106301

0.00645789 -0.000124089 -7.34122e-05
-0.000124089 0.00644548 -0.00127019
-7.34122e-05 -0.00127019 -0.0162388

0.00546288 -0.000340646 0.000753999
-0.000340646 0.00600399 -0.000624497
0.000753999 -0.000624497 -0.0141033

0.00615866 0.00168236 -0.00142085
0.00168236 0.00732692 -0.00104237
-0.00142085 -0.00104237 -0.0187076

0.0055046 0.000128461 0.00042193
0.000128461 0.00542993 -0.000305151
0.00042193 -0.000305151 -0.0142905

0.00400149 4.2645e-05 8.09488e-05
4.2645e-05 0.00391615 5.5176e-05
8.09488e-05 5.5176e-05 -0.0103791

0.00514842 0.00190776 -0.00114759
0.00190776 0.00977054 -0.00146844
-0.00114759 -0.00146844 -0.0187281

0.00562928 9.66104e-05 -0.000295442
9.66104e-05 0.00543419 -0.000392174
-0.000295442 -0.000392174 -0.0145878

0.0055808 -0.000145631 0.000357167
-0.000145631 0.00544945 0.000550118
0.000357167 0.000550118 -0.0138049

0.00420982 -0.000142306 -7.95957e-05
-0.000142306 0.00428756 8.30349e-05
-7.95957e-05 8.30349e-05 -0.0112672

0.00510927 0.000244813 0.000333237
0.000244813 0.00559398 -6.24741e-05
0.000333237 -6.24741e-05 -0.0140739

0.00497837 -4.75526e-05 -1.85848e-05
-4.75526e-05 0.00413666 -0.000175178
-1.85848e-05 -0.000175178 -0.0116441

0.00709185 0.000316809 -0.00151093
0.000316809 0.0036971 0.000269641
-0.00151093 0.000269641 -0.0177942

0.00649494 0.000533672 -0.00111306
0.000533672 0.00405666 -0.000267765
-0.00111306 -0.000267765 -0.0177074

0.00372777 -1.91901e-05 -0.000126706
-1.91901e-05 0.0038915 6.81712e-06
-0.000126706 6.81712e-06 -0.0105094

0.00578332 0.00031016 -0.00133607
0.00031016 0.00567461 -0.003431
-0.00133607 -0.003431 -0.0165622

0.0039759 1.81943e-05 -0.000201251
1.81943e-05 0.00400048 6.11976e-05
-0.000201251 6.11976e-05 -0.0105558

0.00742774 -0.000181652 0.000963041
-0.000181652 0.00660269 -0.000526234
0.000963041 -0.000526234 -0.0173609

0.00566978 -5.14833e-05 -0.000394335
-5.14833e-05 0.00587846 5.74032e-05
-0.000394335 5.74032e-05 -0.014426

0.00618008 0.000170076 -0.000654744
0.000170076 0.0057624 -1.18729e-05
-0.000654744 -1.18729e-05 -0.0180446

0.00395531 -4.30102e-05 -0.000170922
-4.30102e-05 0.00403102 -1.26281e-05
-0.000170922 -1.26281e-05 -0.0104787

0.00400182 0.0001776 6.57272e-05
0.0001776 0.00402126 3.90762e-05
6.57272e-05 3.90762e-05 -0.0104509

0.00632541 -0.000486751 -0.00203305
-0.000486751 0.00406505 0.000339316
-0.00203305 0.000339316 -0.0132957

0.00556646 -0.00268843 -0.0033159
-0.00268843 0 -0.00548392
-0.0033159 -0.00548392 -0.0169162

0.00698329 0.000304631 -0.00202547
0.000304631 0.0037089 0.00048224
-0.00202547 0.00048224 -0.0146827

0.00574877 -0.00064071 -0.00325491
-0.00064071 0.00561523 0.00183579
-0.00325491 0.00183579 -0.0163894

0.00658125 0.000557929 -0.00192974
0.000557929 0.00405713 -0.000346947
-0.00192974 -0.000346947 -0.0135413

0.00586948 -0.00311464 -0.000632186
-0.00311464 0.000728543 0.00252129
-0.000632186 0.00252129 -0.0140701

0.00586009 -0.000560421 -0.00116314
-0.000560421 0.00562991 0.00207947
-0.00116314 0.00207947 -0.0140977

0.00627836 -0.00210323 -0.00227016
-0.00210323 0 0.000240978
-0.00227016 0.000240978 -0.0146893

0.00654713 -8.96332e-05 -0.000626189
-8.96332e-05 0.00631418 -0.00131627
-0.000626189 -0.00131627 -0.0162056

0.00458887 -0.00316181 -0.00135059
-0.00316181 0 -0.00028826
-0.00135059 -0.00028826 -0.0133476

0.0059421 6.09232e-05 -4.40849e-05
6.09232e-05 0.00560116 0.000960079
-4.40849e-05 0.000960079 -0.015264

0.00419713 3.18799e-05 6.55071e-05
3.18799e-05 0.00389799 -8.76479e-05
6.55071e-05 -8.76479e-05 -0.0108674

0.00410154 -7.0433e-05 0.000130644
-7.0433e-05 0.003964 -3.86633e-06
0.000130644 -3.86633e-06 -0.0109107

0.00759187 0.000233896 0.00264496
0.000233896 0.00381139 0.000453767
0.00264496 0.000453767 -0.0151468

0.00570844 -0.000293913 0.00314949
-0.000293913 0.00544322 -0.00168875
0.00314949 -0.00168875 -0.0158965

0.0058221 -0.00279256 0.00224895
-0.00279256 0 0.000764068
0.00224895 0.000764068 -0.0137442

0.00414801 2.60173e-05 -3.27587e-05
2.60173e-05 0.00401723 -3.8632e-05
-3.27587e-05 -3.8632e-05 -0.0110236

0.00413595 4.12405e-06 -5.37526e-05
4.12405e-06 0.00401228 -7.89709e-05
-5.37526e-05 -7.89709e-05 -0.0110601

0.00417028 8.93557e-05 -3.85213e-05
8.93557e-05 0.00414981 -6.39571e-05
-3.85213e-05 -6.39571e-05 -0.0110603

0.00415483 1.88619e-06 1.02439e-05
1.88619e-06 0.00403549 -0.000116128
1.02439e-05 -0.000116128 -0.0109314

0.00391282 -9.57279e-06 -0.00017346
-9.57279e-06 0.00409108 -1.29507e-05
-0.00017346 -1.29507e-05 -0.0108478

0.00406223 -1.70163e-05 -0.00011118
-1.70163e-05 0.00405334 -1.4168e-05
-0.00011118 -1.4168e-05 -0.0108734

0.00408433 -0.000128279 -3.42249e-05
-0.000128279 0.00409458 -5.42634e-05
-3.42249e-05 -5.42634e-05 -0.0110234

0.00748786 0.000397332 0.00227106
0.000397332 0.0051977 0.0018246
0.00227106 0.0018246 -0.0174651

0.00497843 -3.78213e-05 -1.2206e-05
-3.78213e-05 0.00476066 -0.000260692
-1.2206e-05 -0.000260692 -0.0123002

0.00637393 -2.60769e-05 0.000122367
-2.60769e-05 0.00578747 0.00108432
0.000122367 0.00108432 -0.015579

0.00407142 -7.13798e-05 -0.000106505
-7.13798e-05 0.00412239 4.17498e-06
-0.000106505 4.17498e-06 -0.0108794

0.00591997 0.00125907 0.0026022
0.00125907 0.00588005 0.00145315
0.0026022 0.00145315 -0.015972

0.00748385 -0.00040805 0.00265874
-0.00040805 0 0.000563067
0.00265874 0.000563067 -0.0149558

0.00404482 -1.10909e-05 -0.00015617
-1.10909e-05 0.00408643 4.87371e-05
-0.00015617 4.87371e-05 -0.0109639

0.00608843 0.00299089 0.00110182
0.00299089 0.000691499 0.0029329
0.00110182 0.0029329 -0.015355

0.00405904 -9.2236e-05 -0.000151872
-9.2236e-05 0.00411141 5.37047e-05
-0.000151872 5.37047e-05 -0.0109057

0.00460234 -0.000105445 -0.000355284
-0.000105445 0.0047233 -0.000174214
-0.000355284 -0.000174214 -0.0128154

0.00504643 0.000262156 0.000264385
0.000262156 0.00461313 0.000319084
0.000264385 0.000319084 -0.0125686

0.00397483 -3.48685e-05 -0.000144079
-3.48685e-05 0.00401286 1.43593e-05
-0.000144079 1.43593e-05 -0.0104928

0.00408577 5.57034e-05 -0.000157512
5.57034e-05 0.003964 -7.48323e-05
-0.000157512 -7.48323e-05 -0.0106157

0.00482388 -3.22606e-05 0.000252888
-3.22606e-05 0.00453236 -0.000246896
0.000252888 -0.000246896 -0.0125155

0.00499313 -0.000129882 -1.44608e-05
-0.000129882 0.00478659 -0.000256126
-1.44608e-05 -0.000256126 -0.0123

0.00425962 -0.000197083 0.000322313
-0.000197083 0.00439625 -0.000263462
0.000322313 -0.000263462 -0.0112092

0.00395348 4.20672e-05 -3.83456e-05
4.20672e-05 0.00399743 3.11548e-05
-3.83456e-05 3.11548e-05 -0.0108843

0.00395059 9.31505e-06 -4.75149e-05
9.31505e-06 0.00388448 -0.000131021
-4.75149e-05 -0.000131021 -0.0109001

0.00488789 -5.3408e-05 6.43652e-05
-5.3408e-05 0.00481077 0.00036588
6.43652e-05 0.00036588 -0.0123869

0.0041988 -0.000143335 -4.00224e-05
-0.000143335 0.00406978 -3.90263e-05
-4.00224e-05 -3.90263e-05 -0.0109996

0.00499357 -7.85047e-05 3.47253e-05
-7.85047e-05 0.00414663 -0.000183641
3.47253e-05 -0.000183641 -0.0116459

0.00398079 -1.92309e-05 2.01646e-05
-1.92309e-05 0.0038944 -0.000223742
2.01646e-05 -0.000223742 -0.0103704

0.00403895 0.000111062 0.000102396
0.000111062 0.00390016 0.000245731
0.000102396 0.000245731 -0.0103867

0.003987 0.000108147 0.000186331
0.000108147 0.00394248 0.000247034
0.000186331 0.000247034 -0.010522

0.00402508 -0.000169133 -4.35646e-05
-0.000169133 0.00397453 -0.000124006
-4.35646e-05 -0.000124006 -0.010825

0.0042018 -0.000167121 0.000111618
-0.000167121 0.00404274 -7.56032e-05
0.000111618 -7.56032e-05 -0.0111657

0.00397866 -5.45191e-05 -1.26922e-05
-5.45191e-05 0.00395868 -0.000119001
-1.26922e-05 -0.000119001 -0.0103897

0.0039093 1.20156e-06 -0.000203647
1.20156e-06 0.00403092 -6.69379e-05
-0.000203647 -6.69379e-05 -0.0104787

0.00407795 7.38545e-05 4.57031e-05
7.38545e-05 0.00379223 6.58791e-05
4.57031e-05 6.58791e-05 -0.0103741

0.00395668 -3.21975e-05 -0.000196462
-3.21975e-05 0.00399175 -7.57846e-05
-0.000196462 -7.57846e-05 -0.0104164

0.00400143 -4.00839e-05 -0.000173189
-4.00839e-05 0.00406717 4.12459e-05
-0.000173189 4.12459e-05 -0.0108454

0.00402349 2.2797e-05 9.2643e-06
2.2797e-05 0.00398232 -3.08751e-05
9.2643e-06 -3.08751e-05 -0.010752

0.0041725 0.000118793 0.000312244
0.000118793 0.00404903 0.000417999
0.000312244 0.000417999 -0.0116425

0.00406127 4.23113e-05 9.60683e-05
4.23113e-05 0.00399031 1.70335e-05
9.60683e-05 1.70335e-05 -0.0105572

0.00676896 0.000170895 0.000299265
0.000170895 0.00632604 0.00024461
0.000299265 0.00024461 -0.0177725

0.00405025 -0.000109574 6.79625e-06
-0.000109574 0.00403961 1.58818e-05
6.79625e-06 1.58818e-05 -0.0108212

0.00502382 -0.000348191 0.000223909
-0.000348191 0.00561182 -8.7288e-05
0.000223909 -8.7288e-05 -0.0140835

0.00498404 -7.12096e-05 -1.44931e-06
-7.12096e-05 0.00423492 -0.000252631
-1.44931e-06 -0.000252631 -0.0116837

0.00491114 2.15383e-05 0.000471446
2.15383e-05 0.00444342 -6.78629e-05
0.000471446 -6.78629e-05 -0.0119842

0.00404255 -0.000198359 -4.99464e-05
-0.000198359 0.00413587 -2.94967e-05
-4.99464e-05 -2.94967e-05 -0.0109083

0.00393145 -4.40503e-05 -0.00020431
-4.40503e-05 0.00404178 -1.61114e-05
-0.00020431 -1.61114e-05 -0.0104094

0.00408106 -0.000183053 -5.92568e-05
-0.000183053 0.00413108 -4.75854e-06
-5.92568e-05 -4.75854e-06 -0.0109805

0.00408106 -0.000111446 -2.0686e-05
-0.000111446 0.00398328 7.387e-05
-2.0686e-05 7.387e-05 -0.0108529

0.00395091 4.2138e-05 0.000289677
4.2138e-05 0.00401922 0.000128371
0.000289677 0.000128371 -0.0104979

0.00403467 4.31785e-06 6.51996e-06
4.31785e-06 0.00396486 -3.04272e-05
6.51996e-06 -3.04272e-05 -0.0107517

0.00390737 1.04992e-05 -0.000185816
1.04992e-05 0.00404093 -5.16214e-05
-0.000185816 -5.16214e-05 -0.0104565

0.00408541 2.78173e-05 0.000110018
2.78173e-05 0.00397358 2.36427e-05
0.000110018 2.36427e-05 -0.0105579

0.00407988 -2.07502e-05 9.66417e-05
-2.07502e-05 0.00397874 -7.7964e-05
9.66417e-05 -7.7964e-05 -0.0108076

0.00394701 2.62405e-05 0.000254582
2.62405e-05 0.00403278 0.000145382
0.000254582 0.000145382 -0.0104867

0.00481172 -1.58857e-05 -0.000464904
-1.58857e-05 0.00485329 0.0001873
-0.000464904 0.0001873 -0.0129008

0.00420087 -2.70593e-06 -8.75553e-05
-2.70593e-06 0.00387629 4.48133e-05
-8.75553e-05 4.48133e-05 -0.0105591

0.00612768 -4.37629e-05 -0.000578193
-4.37629e-05 0.00659362 -0.0002416
-0.000578193 -0.0002416 -0.0162717

0.00414859 -3.82083e-05 0.000102323
-3.82083e-05 0.00392856 -0.000121026
0.000102323 -0.000121026 -0.0104718

0.00394969 -0.00026726 0.000113258
-0.00026726 0.00439885 -0.000317785
0.000113258 -0.000317785 -0.0113476

0.00397468 -2.78144e-05 3.75145e-05
-2.78144e-05 0.00388346 -0.000207206
3.75145e-05 -0.000207206 -0.0103644

0.00399516 2.60648e-05 -9.37802e-05
2.60648e-05 0.00377167 2.95306e-05
-9.37802e-05 2.95306e-05 -0.0103315

0.00393293 -3.44357e-05 -0.000154953
-3.44357e-05 0.00400819 -1.03506e-05
-0.000154953 -1.03506e-05 -0.0105802

0.00405607 7.97047e-05 -3.46613e-05
7.97047e-05 0.0038189 8.34134e-05
-3.46613e-05 8.34134e-05 -0.0106687

0.00394036 7.08971e-05 0.000241019
7.08971e-05 0.00404697 0.000277419
0.000241019 0.000277419 -0.0105091

0.00601183 0.000210065 0.000135051
0.000210065 0.00589559 7.35035e-06
0.000135051 7.35035e-06 -0.0147381

0.00390775 7.95343e-06 -0.000188729
7.95343e-06 0.00405412 -4.59123e-05
-0.000188729 -4.59123e-05 -0.0104817

0.00398492 -2.08787e-05 -0.000152104
-2.08787e-05 0.004045 -1.09034e-05
-0.000152104 -1.09034e-05 -0.0105263

0.0055714 -4.53393e-06 -0.00241072
-4.53393e-06 0.00386632 0.000771531
-0.00241072 0.000771531 -0.0131534

0.00410664 1.79996e-05 -0.000117779
1.79996e-05 0.00400751 -7.7564e-05
-0.000117779 -7.7564e-05 -0.0107339

0.00391244 -1.00348e-05 -0.000162257
-1.00348e-05 0.00409309 -3.69299e-05
-0.000162257 -3.69299e-05 -0.0106287

0.00407458 -3.34785e-05 -0.000158323
-3.34785e-05 0.00403161 -5.04357e-05
-0.000158323 -5.04357e-05 -0.0109183

0.00401662 -1.96292e-05 -0.000115426
-1.96292e-05 0.00399949 4.22547e-05
-0.000115426 4.22547e-05 -0.0107271

0.00366791 9.93704e-05 5.84985e-05
9.93704e-05 0.00374925 4.65827e-05
5.84985e-05 4.65827e-05 -0.0102363

0.00758512 -0.00106901 0.00162853
-0.00106901 0.00491348 -0.00150794
0.00162853 -0.00150794 -0.0148993

0.00418997 -0.000128642 -7.38582e-05
-0.000128642 0.00429894 9.00073e-05
-7.38582e-05 9.00073e-05 -0.0112632

0.00399337 0.000103406 4.75002e-06
0.000103406 0.00389996 0.000215024
4.75002e-06 0.000215024 -0.0104612

0.0042164 -0.000123376 7.23466e-05
-0.000123376 0.00397209 -0.000160749
7.23466e-05 -0.000160749 -0.0110654

0.00446356 -0.000208826 1.95915e-05
-0.000208826 0.00404274 -2.73011e-05
1.95915e-05 -2.73011e-05 -0.0113037

0.00406579 6.09519e-05 0.000115849
6.09519e-05 0.0039301 3.44899e-05
0.000115849 3.44899e-05 -0.0105006

0.00396437 -0.000124658 0.000203702
-0.000124658 0.00389471 -5.97182e-05
0.000203702 -5.97182e-05 -0.0104995

0.00402214 0.000159553 0.000158411
0.000159553 0.00385704 2.23367e-06
0.000158411 2.23367e-06 -0.0105859

0.00393483 0.00013165 1.48425e-06
0.00013165 0.00388635 0.000217158
1.48425e-06 0.000217158 -0.0104425

0.00401626 9.81624e-05 0.000148226
9.81624e-05 0.0039009 0.000196937
0.000148226 0.000196937 -0.0103899

0.0040649 9.47244e-05 0.000137003
9.47244e-05 0.00389237 0.000198284
0.000137003 0.000198284 -0.0103873

0.00391261 -1.76373e-06 -0.000132461
-1.76373e-06 0.0039997 -4.27132e-05
-0.000132461 -4.27132e-05 -0.0106047

0.00389371 1.07055e-05 -0.000146992
1.07055e-05 0.00410229 5.85638e-05
-0.000146992 5.85638e-05 -0.01054

0.00429788 -8.21034e-05 6.01367e-05
-8.21034e-05 0.00399214 -0.000165091
6.01367e-05 -0.000165091 -0.0110675

0.00407166 4.32626e-05 4.0078e-05
4.32626e-05 0.00382123 2.05872e-05
4.0078e-05 2.05872e-05 -0.0105868

0.00400815 0.000117362 9.30003e-05
0.000117362 0.00401205 0.000154827
9.30003e-05 0.000154827 -0.0105753

0.00404277 3.17688e-05 0.000285631
3.17688e-05 0.00417691 -0.000290591
0.000285631 -0.000290591 -0.0110199

0.00397848 -1.78614e-05 1.24449e-06
-1.78614e-05 0.003964 -3.77353e-05
1.24449e-06 -3.77353e-05 -0.0107535

0.00414982 4.79064e-05 -0.000299676
4.79064e-05 0.00397324 -7.45236e-05
-0.000299676 -7.45236e-05 -0.0107347

0.00399151 -6.79431e-05 0.000242808
-6.79431e-05 0.00387278 -4.69536e-05
0.000242808 -4.69536e-05 -0.0104772

0.00394739 -6.60143e-05 0.000180469
-6.60143e-05 0.00397957 -8.62245e-05
0.000180469 -8.62245e-05 -0.0104917

0.00405313 9.43551e-05 8.65487e-05
9.43551e-05 0.00401658 0.000171292
8.65487e-05 0.000171292 -0.0105983

0.00410051 4.2784e-05 5.71063e-05
4.2784e-05 0.00377392 3.96934e-05
5.71063e-05 3.96934e-05 -0.0105847

0.00406356 0.00013942 0.000250931
0.00013942 0.00404798 0.000113683
0.000250931 0.000113683 -0.0106201

0.00404681 6.59077e-05 0.000357185
6.59077e-05 0.00411383 4.91003e-05
0.000357185 4.91003e-05 -0.0105913

0.0039981 -8.5205e-05 0.000261298
-8.5205e-05 0.00391387 -0.000112455
0.000261298 -0.000112455 -0.0104966

0.00613659 0.000206435 0.000543378
0.000206435 0.00596838 -0.000782884
0.000543378 -0.000782884 -0.0157144

0.00615896 -2.15196e-05 -0.000541473
-2.15196e-05 0.00634151 -0.000176835
-0.000541473 -0.000176835 -0.0162341

0.00393537 -7.47092e-05 0.000184307
-7.47092e-05 0.00393678 -0.000103289
0.000184307 -0.000103289 -0.0105603

0.00395465 -5.90895e-05 0.000211186
-5.90895e-05 0.00387916 -6.95714e-05
0.000211186 -6.95714e-05 -0.0103971

0.00396166 -8.5947e-05 0.000203649
-8.5947e-05 0.00391389 -0.000115509
0.000203649 -0.000115509 -0.0104711

0.00554712 1.57949e-05 1.18132e-05
1.57949e-05 0.00552961 0.000126777
1.18132e-05 0.000126777 -0.0146937

0.00561965 5.82057e-05 0.000168985
5.82057e-05 0.0050977 0.000443204
0.000168985 0.000443204 -0.0138792

0.00640842 7.78188e-05 1.12842e-05
7.78188e-05 0.00658557 -0.00121993
1.12842e-05 -0.00121993 -0.0163685

0.00585465 0.00019239 0.000222521
0.00019239 0.00524103 0.000367956
0.000222521 0.000367956 -0.0144521

0.00623128 0.000234334 -0.000196848
0.000234334 0.00623286 0.000646716
-0.000196848 0.000646716 -0.0169343

0 0 0.00146188
0 0 -0.00332567
0.00146188 -0.00332567 -0.0144396

0.00550445 -0.00135278 0.00161477
-0.00135278 0.000263498 -0.00357566
0.00161477 -0.00357566 -0.0150896

0.00524949 -0.000706425 0.00152434
-0.000706425 0.00713319 -0.00183353
0.00152434 -0.00183353 -0.0148526

0.00582445 -0.000676913 -0.000885222
-0.000676913 0.00618757 -0.00140306
-0.000885222 -0.00140306 -0.0187426

0.00416621 -0.00061331 0.000713322
-0.00061331 0.00603673 -0.00067437
0.000713322 -0.00067437 -0.0164595

0.00599198 -0.00038678 4.73251e-05
-0.00038678 0.00688667 0.00164069
4.73251e-05 0.00164069 -0.0175427

0.00762661 2.87862e-05 -0.000405028
2.87862e-05 0.00637824 0.000415579
-0.000405028 0.000415579 -0.0173434

0.00413393 3.88303e-05 -0.000136749
3.88303e-05 0.00392849 -0.00011432
-0.000136749 -0.00011432 -0.0105295

0 0.000482402 0.00160613
0.000482402 0.00720206 -0.00223111
0.00160613 -0.00223111 -0.0144289

0.0040317 0.000117397 -4.56068e-05
0.000117397 0.00379972 9.47635e-05
-4.56068e-05 9.47635e-05 -0.0105837

0.00398449 -0.000160651 3.89699e-05
-0.000160651 0.00397389 -0.000101329
3.89699e-05 -0.000101329 -0.0106454

0.00393256 3.67507e-05 -6.95651e-05
3.67507e-05 0.00399413 -1.89324e-05
-6.95651e-05 -1.89324e-05 -0.0106038

0.00444036 0.000284321 0.000315808
0.000284321 0.00450978 -0.000237336
0.000315808 -0.000237336 -0.0117271

0.00398886 -1.03828e-05 -0.00017863
-1.03828e-05 0.00404459 -1.01209e-05
-0.00017863 -1.01209e-05 -0.0105277

0.00491751 -0.000738713 -0.00147324
-0.000738713 0.00851327 0.00215914
-0.00147324 0.00215914 -0.0181867

0.00435632 0.000403644 0.000692549
0.000403644 0.00598348 -7.2684e-05
0.000692549 -7.2684e-05 -0.0153459

0.00396743 -3.79727e-05 -0.000224447
-3.79727e-05 0.00404432 -7.12024e-05
-0.000224447 -7.12024e-05 -0.0104658

0.00628578 -0.000391508 0.000538527
-0.000391508 0.0067465 0.000723942
0.000538527 0.000723942 -0.0172993

0.00405633 -0.000120397 0.000147573
-0.000120397 0.00391472 -4.50946e-05
0.000147573 -4.50946e-05 -0.0104938

0.00408072 -0.000153796 5.82506e-05
-0.000153796 0.00397341 -9.98304e-05
5.82506e-05 -9.98304e-05 -0.0106416

0.00398927 -2.11142e-05 8.33967e-05
-2.11142e-05 0.00392477 -4.23931e-05
8.33967e-05 -4.23931e-05 -0.0105872

0.00637648 -0.000104409 0.000581368
-0.000104409 0.00640758 -0.00108711
0.000581368 -0.00108711 -0.0169092

0.00408449 -7.39121e-05 0.000140687
-7.39121e-05 0.00387959 -7.67011e-05
0.000140687 -7.67011e-05 -0.0104958

0.00404248 0.000165955 0.000187494
0.000165955 0.00386754 0.00029827
0.000187494 0.00029827 -0.0104333

0.00402066 -7.49501e-05 0.000149246
-7.49501e-05 0.00387012 -4.90204e-05
0.000149246 -4.90204e-05 -0.0104905

0.00408068 -0.000106102 0.000159595
-0.000106102 0.00386259 -6.95064e-05
0.000159595 -6.95064e-05 -0.0104984

0.00654131 -0.000267376 0.000876948
-0.000267376 0.00684387 0.000815939
0.000876948 0.000815939 -0.0170944

0.00652647 2.398e-05 9.32624e-05
2.398e-05 0.00657481 0.00174421
9.32624e-05 0.00174421 -0.0171152

0.00411492 9.7944e-06 0.000293373
9.7944e-06 0.00388102 0.000267091
0.000293373 0.000267091 -0.0103987

0.00403323 0.000104345 0.000130362
0.000104345 0.00389788 0.000176157
0.000130362 0.000176157 -0.0103857

0.00403912 -3.28151e-05 0.000180354
-3.28151e-05 0.0039087 0.000292661
0.000180354 0.000292661 -0.0104135

0.00400005 7.99559e-05 7.26462e-05
7.99559e-05 0.00389408 0.000157496
7.26462e-05 0.000157496 -0.0104461

0.0040184 0.000136282 0.000153372
0.000136282 0.00391831 0.000327283
0.000153372 0.000327283 -0.0104238

0.00616169 -0.000406588 0.000683946
-0.000406588 0.00609579 0.000986777
0.000683946 0.000986777 -0.015787

0.00648648 4.76902e-05 -2.3138e-05
4.76902e-05 0.0066957 -0.00105929
-2.3138e-05 -0.00105929 -0.0173848

0.00404917 -0.000116009 9.1925e-05
-0.000116009 0.00386902 -0.000107237
9.1925e-05 -0.000107237 -0.0106153

0.00492083 -9.67511e-05 6.08405e-06
-9.67511e-05 0.00491544 0.000443477
6.08405e-06 0.000443477 -0.0128279

0.00555449 -0.000538064 0.0004971
-0.000538064 0.00678861 -0.00118947
0.0004971 -0.00118947 -0.0174902

0.00379649 -6.00869e-05 7.01977e-05
-6.00869e-05 0.00374082 -0.000404536
7.01977e-05 -0.000404536 -0.0108489

0.00404047 -0.000244418 0.000208797
-0.000244418 0.00403826 -0.000254777
0.000208797 -0.000254777 -0.0112512

0.00528367 -0.000204777 0.000378742
-0.000204777 0.00568099 0.000119249
0.000378742 0.000119249 -0.0143989

0.00396244 -8.12334e-05 7.25543e-05
-8.12334e-05 0.00390776 -6.07726e-05
7.25543e-05 -6.07726e-05 -0.0105912

0.00474528 1.15984e-05 -0.000325539
1.15984e-05 0.00490963 0.000452121
-0.000325539 0.000452121 -0.012825

0.00443193 -0.000279101 -0.000168379
-0.000279101 0.00439013 0.000110643
-0.000168379 0.000110643 -0.0118404

0.00583848 0.000182441 0.000173979
0.000182441 0.00524242 0.000361698
0.000173979 0.000361698 -0.0145237

0.00406699 -0.000104698 -2.81251e-05
-0.000104698 0.00379147 -0.000747395
-2.81251e-05 -0.000747395 -0.0112427

0.0052906 -0.000114211 0.000428796
-0.000114211 0.00561747 3.06628e-05
0.000428796 3.06628e-05 -0.0144798

0.00637763 0.000358968 0.000311802
0.000358968 0.00690398 0.000236308
0.000311802 0.000236308 -0.0183948

0.00570598 0.000216796 0.000562117
0.000216796 0.0060042 -0.000846239
0.000562117 -0.000846239 -0.0150952

0.0061352 0.000374453 0.00055384
0.000374453 0.00544163 -0.000727318
0.00055384 -0.000727318 -0.0146929

0.00719651 -0.000192445 -0.0002691
-0.000192445 0.006716 0.00102713
-0.0002691 0.00102713 -0.0167682

0.00604172 0.000314257 9.22621e-05
0.000314257 0.00583113 -0.000392846
9.22621e-05 -0.000392846 -0.0148242

0.00507803 -5.83415e-05 0.000369246
-5.83415e-05 0.0052108 0.000269266
0.000369246 0.000269266 -0.0134826

0.00396415 -2.07167e-05 -0.000239081
-2.07167e-05 0.00400124 -9.60998e-05
-0.000239081 -9.60998e-05 -0.0104237

0.00494098 2.65011e-05 0.000332848
2.65011e-05 0.00569512 -5.221e-05
0.000332848 -5.221e-05 -0.0136787

0.00683478 9.19158e-05 0.00033328
9.19158e-05 0.00650087 0.000603202
0.00033328 0.000603202 -0.0174787

0.00407656 -2.13277e-05 -8.92213e-05
-2.13277e-05 0.00398319 -0.000133222
-8.92213e-05 -0.000133222 -0.010589

0.00396901 -3.27251e-05 -0.0002159
-3.27251e-05 0.00403863 2.58011e-06
-0.0002159 2.58011e-06 -0.0104808

0.00366276 6.99259e-05 0.000186413
6.99259e-05 0.00389649 -0.000162344
0.000186413 -0.000162344 -0.0104513

0.00590372 -5.21051e-05 3.26893e-05
-5.21051e-05 0.00573485 0.000265751
3.26893e-05 0.000265751 -0.0152742

0.00375241 -0.000169413 0.000356594
-0.000169413 0.00409928 -0.00017544
0.000356594 -0.00017544 -0.0109668

0.00399306 -3.61484e-05 7.89833e-06
-3.61484e-05 0.00388913 -4.86124e-06
7.89833e-06 -4.86124e-06 -0.0104438

0.00373402 -1.47595e-06 4.75206e-05
-1.47595e-06 0.00316873 -0.000337995
4.75206e-05 -0.000337995 -0.0103647

0.00475826 0.000227468 0.000384259
0.000227468 0.00537691 -9.38177e-05
0.000384259 -9.38177e-05 -0.0132125

0.0047438 0.000172234 0.00048283
0.000172234 0.00488363 6.21376e-05
0.00048283 6.21376e-05 -0.0123865

0.00622423 -0.000411247 0.000104528
-0.000411247 0.00609276 0.000297824
0.000104528 0.000297824 -0.0155428

0.00605536 0.000443117 0.000279161
0.000443117 0.00549961 -0.000396184
0.000279161 -0.000396184 -0.0140739

0.00566341 3.6993e-05 0.000623088
3.6993e-05 0.00501764 6.74539e-05
0.000623088 6.74539e-05 -0.0141744

0.00665832 -0.000103681 5.80028e-05
-0.000103681 0.0066696 -0.00121174
5.80028e-05 -0.00121174 -0.0173876

0.00476763 0.000656863 3.96982e-05
0.000656863 0.00505509 -0.000451512
3.96982e-05 -0.000451512 -0.0124273

0.00536346 0.00027782 0.000202691
0.00027782 0.00535691 -0.000353807
0.000202691 -0.000353807 -0.0136905

0.00659197 9.58618e-05 -7.70659e-05
9.58618e-05 0.00641333 -0.000446204
-7.70659e-05 -0.000446204 -0.0162028

0.00694129 0.000339414 -0.000450359
0.000339414 0.00735427 0.00011562
-0.000450359 0.00011562 -0.0186062

0.00393319 -4.16967e-05 -0.000148014
-4.16967e-05 0.00403646 1.70765e-05
-0.000148014 1.70765e-05 -0.010534

0.00458609 6.64218e-05 0.000347347
6.64218e-05 0.00469204 1.87965e-05
0.000347347 1.87965e-05 -0.0120547

0.00549358 -5.19197e-05 0.000337863
-5.19197e-05 0.00552157 -0.000107578
0.000337863 -0.000107578 -0.0141138

0.00462764 1.56914e-05 0.000354089
1.56914e-05 0.00467307 -9.44213e-05
0.000354089 -9.44213e-05 -0.0123405

0.00464724 5.58747e-05 0.000250205
5.58747e-05 0.00473806 -0.000205159
0.000250205 -0.000205159 -0.0122299

0.0057 0.00601305 -0.000350812
0.00601305 -1.11022e-16 -0.000119862
-0.000350812 -0.000119862 -0.0133112

0.00591891 -0.000157597 -0.00210146
-0.000157597 0.00519518 -0.00153484
-0.00210146 -0.00153484 -0.0145817

0.00449534 -0.00018541 0.000347539
-0.00018541 0.00449812 -7.85755e-05
0.000347539 -7.85755e-05 -0.0118878

0.00620498 -9.31913e-05 -2.64729e-05
-9.31913e-05 0.00668204 -0.00073942
-2.64729e-05 -0.00073942 -0.0172159

0.00398139 -6.15879e-05 -3.97134e-06
-6.15879e-05 0.00393395 -0.000102324
-3.97134e-06 -0.000102324 -0.0103976

0.00548095 -5.10526e-05 0.000429045
-5.10526e-05 0.00552608 -9.4606e-05
0.000429045 -9.4606e-05 -0.0146908

0.00653113 -9.84225e-05 -0.000537107
-9.84225e-05 0.00699516 -0.000323176
-0.000537107 -0.000323176 -0.0175176

0 0 -0.00245215
0 0 -0.000230227
-0.00245215 -0.000230227 -0.0133865

0.00392372 9.17347e-06 -2.03954e-05
9.17347e-06 0.0039583 -7.87572e-05
-2.03954e-05 -7.87572e-05 -0.0104132

0.00405518 7.43134e-06 7.32397e-05
7.43134e-06 0.00391963 7.01994e-07
7.32397e-05 7.01994e-07 -0.0105148

0.0045494 -7.10208e-05 0.000181725
-7.10208e-05 0.00396845 1.38028e-05
0.000181725 1.38028e-05 -0.011519

0.00408406 -2.77989e-05 0.000107733
-2.77989e-05 0.00388951 0.000159135
0.000107733 0.000159135 -0.0105573

0.00408525 -9.27631e-05 0.000104384
-9.27631e-05 0.00400458 -0.00028485
0.000104384 -0.00028485 -0.0109466

0.00420456 0.000122903 3.22651e-05
0.000122903 0.00414141 5.31697e-05
3.22651e-05 5.31697e-05 -0.0111647

0.00402135 -0.000137887 0.000113251
-0.000137887 0.00434816 -0.000171239
0.000113251 -0.000171239 -0.0111734

0.00401527 -0.00020661 0.000212678
-0.00020661 0.00419828 -0.000184512
0.000212678 -0.000184512 -0.0111612

0.00411176 -0.000133469 9.77711e-05
-0.000133469 0.00410732 -0.000198718
9.77711e-05 -0.000198718 -0.011003

0.00421332 8.05718e-05 3.59108e-05
8.05718e-05 0.00396095 3.6312e-05
3.59108e-05 3.6312e-05 -0.0111632

0 -0.0027533 -0.000266972
-0.0027533 0.00538186 -0.00183729
-0.000266972 -0.00183729 -0.0142255

0 0 -0.00245215
0 0 -0.000230227
-0.00245215 -0.000230227 -0.0133865

0.00412928 0.000250698 3.09214e-05
0.000250698 0.00440692 0.000211561
3.09214e-05 0.000211561 -0.0113118

0.00421963 -6.62429e-05 -0.000134223
-6.62429e-05 0.0038725 -0.000195317
-0.000134223 -0.000195317 -0.0106588

0.00640196 0.000229602 0.000797439
0.000229602 0.00594732 -0.000728551
0.000797439 -0.000728551 -0.0155159

0.00529417 -0.00255931 -0.000337866
-0.00255931 0 -0.00276111
-0.000337866 -0.00276111 -0.0143821

0.00379707 -0.000149536 0.000103619
-0.000149536 0.00425491 -0.000125149
0.000103619 -0.000125149 -0.0111062

0.00410467 6.51731e-05 6.45788e-05
6.51731e-05 0.00391112 0.000244711
6.45788e-05 0.000244711 -0.0104603

0.00402808 0.000121149 -6.17602e-06
0.000121149 0.00411568 2.59768e-05
-6.17602e-06 2.59768e-05 -0.0109759

0.00401981 6.32134e-05 8.20771e-05
6.32134e-05 0.00395665 0.000202867
8.20771e-05 0.000202867 -0.0107808

0.00411096 5.73029e-05 4.12549e-05
5.73029e-05 0.00392085 0.000279451
4.12549e-05 0.000279451 -0.0106373

0.00406254 5.5154e-05 -8.01951e-05
5.5154e-05 0.00398493 0.000132546
-8.01951e-05 0.000132546 -0.0106298

0.00404501 -3.3295e-05 -5.54151e-05
-3.3295e-05 0.00399276 -7.32281e-05
-5.54151e-05 -7.32281e-05 -0.0107655

0.00542993 -4.91227e-05 0.000682445
-4.91227e-05 0.00554666 5.17974e-05
0.000682445 5.17974e-05 -0.0147707

0.00383411 -0.000253824 -0.000180183
-0.000253824 0.00405154 -0.00021115
-0.000180183 -0.00021115 -0.0108823

0.00393823 -3.33019e-05 -0.00018259
-3.33019e-05 0.00404608 -1.61351e-05
-0.00018259 -1.61351e-05 -0.0104331

0.00635951 4.05787e-05 0.000777034
4.05787e-05 0.00676119 0.000315106
0.000777034 0.000315106 -0.0174502

0.00412417 3.13793e-05 -0.00010835
3.13793e-05 0.00402107 2.34883e-05
-0.00010835 2.34883e-05 -0.0109139

0.00405333 6.35745e-05 -4.79849e-05
6.35745e-05 0.00397757 0.000112975
-4.79849e-05 0.000112975 -0.0104598

0.00397815 2.91962e-05 -0.000136482
2.91962e-05 0.00403245 -4.07504e-05
-0.000136482 -4.07504e-05 -0.0104225

0.0038459 -0.000222589 -8.94982e-05
-0.000222589 0.00411129 -6.75103e-05
-8.94982e-05 -6.75103e-05 -0.0105907

0.0063672 0.0003811 -0.00105598
0.0003811 0.00633991 0.000193737
-0.00105598 0.000193737 -0.0158858

0.00380566 -0.000246554 2.88806e-05
-0.000246554 0.00421799 -5.23132e-05
2.88806e-05 -5.23132e-05 -0.0110655

0.00380747 -0.000121542 0.000237126
-0.000121542 0.00412671 0.000192115
0.000237126 0.000192115 -0.0106707

0.00408093 1.6879e-06 0.000113827
1.6879e-06 0.00387386 1.01744e-05
0.000113827 1.01744e-05 -0.010537

0.0069238 0.000202964 -0.000571972
0.000202964 0.00685444 -0.000161353
-0.000571972 -0.000161353 -0.0186526

0.00393896 7.18471e-05 0.000114387
7.18471e-05 0.0041296 -2.17137e-05
0.000114387 -2.17137e-05 -0.0106773

0.00396409 1.03084e-05 -0.00026674
1.03084e-05 0.00399042 8.39092e-07
-0.00026674 8.39092e-07 -0.0103989

0.00409927 -8.32977e-06 0.000138608
-8.32977e-06 0.00402001 -1.74119e-06
0.000138608 -1.74119e-06 -0.0107448

0.0040704 -5.51682e-05 0.000122662
-5.51682e-05 0.00402615 4.34917e-05
0.000122662 4.34917e-05 -0.0106999

0.00385979 -0.000155268 2.58713e-05
-0.000155268 0.00405876 -4.75001e-05
2.58713e-05 -4.75001e-05 -0.0106579

0.00400493 -6.21626e-05 -1.69591e-05
-6.21626e-05 0.00395275 6.90048e-05
-1.69591e-05 6.90048e-05 -0.0108487

0.00400747 5.57145e-05 0.000237982
5.57145e-05 0.00406016 0.000182595
0.000237982 0.000182595 -0.010591

0.00543506 -0.000124044 0.000227066
-0.000124044 0.00545453 0.000410554
0.000227066 0.000410554 -0.0138364

0.00660911 0.000139588 -0.00105294
0.000139588 0.00652455 0.000428555
-0.00105294 0.000428555 -0.0168876

0.00393822 0.000153311 0.000109955
0.000153311 0.00424527 6.48816e-05
0.000109955 6.48816e-05 -0.0111489

0.00398871 7.89601e-06 7.67333e-05
7.89601e-06 0.00388345 0.000189098
7.67333e-05 0.000189098 -0.0103185

0.00390852 4.54198e-05 3.74758e-05
4.54198e-05 0.00385352 -0.000207667
3.74758e-05 -0.000207667 -0.0104647

0.00398272 4.88771e-05 0.000235354
4.88771e-05 0.00410536 3.59623e-05
0.000235354 3.59623e-05 -0.0105865

0.00394552 -2.96268e-05 0.000259528
-2.96268e-05 0.00402841 -1.88924e-05
0.000259528 -1.88924e-05 -0.0106104

0.00398989 -7.58294e-05 0.000256378
-7.58294e-05 0.0040121 -8.82376e-05
0.000256378 -8.82376e-05 -0.0105504

0.00399738 -8.82813e-05 0.000264406
-8.82813e-05 0.00401105 -6.29413e-05
0.000264406 -6.29413e-05 -0.0106247

0.00394248 -1.20779e-05 6.99409e-05
-1.20779e-05 0.00411473 -0.000161804
6.99409e-05 -0.000161804 -0.0105184

0.00401291 -4.50142e-05 0.000179368
-4.50142e-05 0.00401458 -0.000212934
0.000179368 -0.000212934 -0.0104678

0.00395175 -5.18526e-05 0.00018529
-5.18526e-05 0.00397876 0.000145072
0.00018529 0.000145072 -0.0105681

0.00411574 8.27478e-06 0.000292135
8.27478e-06 0.00399991 7.30215e-05
0.000292135 7.30215e-05 -0.0106258

0.00541469 -0.000120764 -0.000144002
-0.000120764 0.00538399 -0.000361901
-0.000144002 -0.000361901 -0.0138594

0.00387034 1.64318e-05 -0.000179809
1.64318e-05 0.00391539 -0.000113685
-0.000179809 -0.000113685 -0.0104831

0.00413314 1.06115e-05 0.000236842
1.06115e-05 0.00384822 0.000364218
0.000236842 0.000364218 -0.0105258

0.00390825 6.24331e-05 -0.000135804
6.24331e-05 0.00395897 -5.35192e-05
-0.000135804 -5.35192e-05 -0.0104357

0.00653478 -0.00010929 -0.000582829
-0.00010929 0.00666017 -0.000461201
-0.000582829 -0.000461201 -0.0171492

0.0068562 0.000359877 -0.000522389
0.000359877 0.00667129 -0.000442782
-0.000522389 -0.000442782 -0.0185361

0.00400629 -1.45954e-05 0.000217891
-1.45954e-05 0.00388805 0.000293722
0.000217891 0.000293722 -0.0104293

0.00401086 -6.99076e-07 6.44263e-05
-6.99076e-07 0.00385579 0.000196496
6.44263e-05 0.000196496 -0.0103121

0.00408713 1.59334e-05 0.000164513
1.59334e-05 0.00401896 7.65318e-05
0.000164513 7.65318e-05 -0.0106091

0.00405454 0.000115434 0.000249369
0.000115434 0.0040244 0.000199873
0.000249369 0.000199873 -0.0105883

0.00541542 -0.000324286 0.000545157
-0.000324286 0.00526546 -0.000386813
0.000545157 -0.000386813 -0.012721

0.00405197 -0.00013116 0.000122295
-0.00013116 0.00374538 -0.000451066
0.000122295 -0.000451066 -0.0109057

0.00405399 1.03764e-05 0.00012335
1.03764e-05 0.00391189 4.60544e-05
0.00012335 4.60544e-05 -0.0105032

0.00406846 -4.76258e-05 0.000107354
-4.76258e-05 0.00386453 0.000154937
0.000107354 0.000154937 -0.0104927

0.00403457 6.43561e-05 -6.89389e-06
6.43561e-05 0.00398153 8.81775e-05
-6.89389e-06 8.81775e-05 -0.0102422

0.00404746 1.41485e-06 1.67887e-05
1.41485e-06 0.0039267 0.00013424
1.67887e-05 0.00013424 -0.0105443

0.00659192 -0.000162549 -0.000615541
-0.000162549 0.00577989 -0.000186191
-0.000615541 -0.000186191 -0.0171948

0.00614625 4.83273e-05 -0.000561185
4.83273e-05 0.00700508 -0.000495252
-0.000561185 -0.000495252 -0.0175096

0.00382614 0.000181259 3.16071e-05
0.000181259 0.00394867 2.93428e-05
3.16071e-05 2.93428e-05 -0.0105028

0.00616682 -0.000220303 -0.000532028
-0.000220303 0.00542118 0.000875572
-0.000532028 0.000875572 -0.0152457

0.00619014 0.000207948 0.000232036
0.000207948 0.00544952 -0.000215307
0.000232036 -0.000215307 -0.014861

0.00404911 0.000102902 0.000275449
0.000102902 0.00400464 0.000215875
0.000275449 0.000215875 -0.0105

0.00518999 5.31887e-05 -0.000610906
5.31887e-05 0.00495537 0.000337464
-0.000610906 0.000337464 -0.0136891

0.00389213 -1.6155e-05 -0.000185347
-1.6155e-05 0.00402204 -3.04861e-05
-0.000185347 -3.04861e-05 -0.0104002

0.00639162 0.000239857 -0.000542814
0.000239857 0.00660822 -0.000269251
-0.000542814 -0.000269251 -0.0165412

0.00397073 -1.68891e-05 0.000143837
-1.68891e-05 0.00384938 0.000276615
0.000143837 0.000276615 -0.0103273

0.00379978 0.000129926 1.28108e-05
0.000129926 0.00390328 9.50253e-05
1.28108e-05 9.50253e-05 -0.0103649

0.00389751 0.000202778 3.94343e-05
0.000202778 0.00391479 9.53435e-05
3.94343e-05 9.53435e-05 -0.0103666

0.00405048 -0.000154268 1.0989e-05
-0.000154268 0.00406605 -1.64056e-05
1.0989e-05 -1.64056e-05 -0.0107009

0.00461594 4.94561e-05 -0.000191458
4.94561e-05 0.00457061 -0.000114895
-0.000191458 -0.000114895 -0.0119219

0.0067496 0.000242602 0.000430632
0.000242602 0.00631021 0.000534523
0.000430632 0.000534523 -0.0175266

0.00603463 -4.52628e-06 0.00110835
-4.52628e-06 0.00381257 -6.21916e-06
0.00110835 -6.21916e-06 -0.0169353

0.00676177 -3.23424e-05 0.000605019
-3.23424e-05 0.00484947 -0.000587983
0.000605019 -0.000587983 -0.0160621

0.00606004 0.000305331 0.00112554
0.000305331 0.00511053 -0.000285934
0.00112554 -0.000285934 -0.0170202

0.00637484 -0.000172975 6.18833e-05
-0.000172975 0.00743886 0.00196649
6.18833e-05 0.00196649 -0.0195858

0.00676185 6.92803e-05 0.000785054
6.92803e-05 0.00554359 -0.000281145
0.000785054 -0.000281145 -0.0171603

0.0038204 -6.39001e-05 3.81344e-05
-6.39001e-05 0.00382332 -0.000128474
3.81344e-05 -0.000128474 -0.0103572

0.00545245 1.99897e-05 0.000130674
1.99897e-05 0.0051675 0.000316343
0.000130674 0.000316343 -0.0140672

0.00590104 -0.000125311 -0.000540991
-0.000125311 0.00691503 0.000726534
-0.000540991 0.000726534 -0.0174072

0.00454989 2.80837e-05 0.000197351
2.80837e-05 0.00462395 0.000392485
0.000197351 0.000392485 -0.0124866

0.00443962 -1.59202e-06 0.000366617
-1.59202e-06 0.00473477 0.000167702
0.000366617 0.000167702 -0.0121313

0.00395319 3.9812e-05 3.13093e-06
3.9812e-05 0.00379423 -0.000148117
3.13093e-06 -0.000148117 -0.0104892

0.00601821 8.83385e-05 -0.000781578
8.83385e-05 0.00679124 -0.000499036
-0.000781578 -0.000499036 -0.0174689

0.00595148 0.000242168 -0.000944141
0.000242168 0.00680811 0.000557316
-0.000944141 0.000557316 -0.0166022

0.00629686 0.000181884 -0.00138103
0.000181884 0.00651872 3.8982e-05
-0.00138103 3.8982e-05 -0.0170927

0.0039802 -7.41929e-06 -0.000133995
-7.41929e-06 0.00406932 1.07519e-05
-0.000133995 1.07519e-05 -0.0105101

0.00399986 0.00017313 0.000106912
0.00017313 0.00416792 6.82539e-05
0.000106912 6.82539e-05 -0.011149

0.00405203 -2.83764e-05 4.22835e-05
-2.83764e-05 0.00384043 0.000252352
4.22835e-05 0.000252352 -0.0103414

0.00637041 -0.00013171 0.000224326
-0.00013171 0.0071688 0.00144265
0.000224326 0.00144265 -0.0169758

0.00406575 -6.45485e-06 -1.49664e-05
-6.45485e-06 0.0038754 0.000164359
-1.49664e-05 0.000164359 -0.0103725

0.00393807 -4.83372e-05 -2.20648e-05
-4.83372e-05 0.00384081 -4.33714e-05
-2.20648e-05 -4.33714e-05 -0.0104111

0.00402724 4.4071e-06 -0.000143389
4.4071e-06 0.00394909 -0.000128973
-0.000143389 -0.000128973 -0.0104155

0.0039533 -0.000118955 -3.34083e-05
-0.000118955 0.00394227 -9.53746e-05
-3.34083e-05 -9.53746e-05 -0.010451

0.00363787 7.87162e-05 0.000159773
7.87162e-05 0.00378035 -0.000209198
0.000159773 -0.000209198 -0.0104229

0.00492395 -0.000855436 -0.000435832
-0.000855436 0.00732838 -0.000485809
-0.000435832 -0.000485809 -0.0183837

0.00367248 4.41297e-05 1.29549e-05
4.41297e-05 0.00362175 -2.96349e-06
1.29549e-05 -2.96349e-06 -0.0101887

0.00539338 -0.000256237 0.000353101
-0.000256237 0.00510855 -2.54107e-05
0.000353101 -2.54107e-05 -0.0133863

0.00397363 -2.51175e-05 -6.07621e-05
-2.51175e-05 0.00381722 -4.38172e-05
-6.07621e-05 -4.38172e-05 -0.0103849

0.00560182 0.000140617 -0.000591595
0.000140617 0.00552551 0.000423086
-0.000591595 0.000423086 -0.0145334

0.00642761 8.25249e-05 0.000663771
8.25249e-05 0.0066229 -0.000404949
0.000663771 -0.000404949 -0.015989

0.00404718 -0.000129484 -5.29666e-05
-0.000129484 0.00393746 -9.80273e-05
-5.29666e-05 -9.80273e-05 -0.0104509

0.00535767 -0.000170793 0.000102391
-0.000170793 0.00508956 -0.000123594
0.000102391 -0.000123594 -0.012519

0.0039174 -4.11978e-05 -0.000110523
-4.11978e-05 0.00403677 -6.37385e-08
-0.000110523 -6.37385e-08 -0.0104323

0.00477214 7.90367e-05 -0.000462877
7.90367e-05 0.00502498 -0.000128839
-0.000462877 -0.000128839 -0.0127537

0.00392551 0.000141792 8.39891e-05
0.000141792 0.00384618 0.00013238
8.39891e-05 0.00013238 -0.0103472

0.0038441 -0.000146735 -0.00010358
-0.000146735 0.00397604 -2.83772e-05
-0.00010358 -2.83772e-05 -0.0104168

0.00399865 8.1041e-06 -0.000108946
8.1041e-06 0.0038409 -5.31268e-05
-0.000108946 -5.31268e-05 -0.0104383

0.0039314 8.21392e-05 5.25997e-06
8.21392e-05 0.00396448 0.000190624
5.25997e-06 0.000190624 -0.0104192

0.00515171 -2.42318e-05 -0.000609905
-2.42318e-05 0.00485409 0.000181408
-0.000609905 0.000181408 -0.013237

0.00388507 1.02191e-05 2.56664e-06
1.02191e-05 0.00388745 0.000196509
2.56664e-06 0.000196509 -0.0104164

0.00414503 -2.34158e-05 9.37172e-06
-2.34158e-05 0.00373041 7.68184e-05
9.37172e-06 7.68184e-05 -0.0106812

0.00669212 0.000282762 0.000223376
0.000282762 0.00663026 0.000104173
0.000223376 0.000104173 -0.0174548

0.00401928 -6.33259e-05 -0.000146139
-6.33259e-05 0.00385758 -3.77102e-05
-0.000146139 -3.77102e-05 -0.010427

0.00449714 -0.000154657 -0.000418043
-0.000154657 0.00491414 -4.90847e-05
-0.000418043 -4.90847e-05 -0.0127412

0.00396633 -2.30649e-05 -0.000221616
-2.30649e-05 0.00403284 -3.31967e-05
-0.000221616 -3.31967e-05 -0.0104424

0.0064586 0.000101226 9.68947e-05
0.000101226 0.00652396 -0.00061994
9.68947e-05 -0.00061994 -0.0178382

0.00388556 3.14648e-05 3.09207e-05
3.14648e-05 0.0036634 0.000100468
3.09207e-05 0.000100468 -0.0103098

0.00393183 -1.26892e-05 8.60013e-06
-1.26892e-05 0.00402399 -4.83242e-05
8.60013e-06 -4.83242e-05 -0.0106161

0.00404678 -2.97379e-05 0.000132648
-2.97379e-05 0.00396782 4.6575e-05
0.000132648 4.6575e-05 -0.0105684

0.00395901 -4.09304e-05 -9.99441e-05
-4.09304e-05 0.00403544 2.89136e-06
-9.99441e-05 2.89136e-06 -0.0104358

0.00410866 -6.77091e-05 0.000134471
-6.77091e-05 0.0039016 -5.84215e-05
0.000134471 -5.84215e-05 -0.0106889

0.00427504 -0.000207356 3.70312e-05
-0.000207356 0.00421794 9.23383e-05
3.70312e-05 9.23383e-05 -0.0113419

0.00397603 -1.22874e-06 -0.000187319
-1.22874e-06 0.00405238 -1.94225e-05
-0.000187319 -1.94225e-05 -0.0105038

0.004083 -3.45682e-05 0.000137996
-3.45682e-05 0.0039572 -7.27232e-05
0.000137996 -7.27232e-05 -0.0106884

0.00400762 6.81087e-05 -4.71796e-05
6.81087e-05 0.00411012 -0.000107886
-4.71796e-05 -0.000107886 -0.0105884

0.00524055 0.000135156 0.00027392
0.000135156 0.00526278 0.000525004
0.00027392 0.000525004 -0.013644

0.003756 -2.74339e-07 8.63565e-05
-2.74339e-07 0.00374147 0.000115437
8.63565e-05 0.000115437 -0.0104159

0.00430687 -0.000254998 -0.000268592
-0.000254998 0.00404211 -8.76032e-05
-0.000268592 -8.76032e-05 -0.0113072

0.00577099 -0.000151806 0.000676607
-0.000151806 0.00587696 -0.000411161
0.000676607 -0.000411161 -0.014364

0.00388355 -3.30688e-05 -0.000186415
-3.30688e-05 0.00398641 -3.74132e-05
-0.000186415 -3.74132e-05 -0.0104509

0.00394865 -4.20585e-05 0.000108811
-4.20585e-05 0.00396743 -1.88545e-05
0.000108811 -1.88545e-05 -0.0105132

0.00409258 6.20723e-06 0.000108609
6.20723e-06 0.00396748 0.00019706
0.000108609 0.00019706 -0.0105825

0.00407255 5.65291e-05 0.000122185
5.65291e-05 0.00395948 0.000108472
0.000122185 0.000108472 -0.0105666

0.00426483 -0.000257799 2.34607e-05
-0.000257799 0.00404577 2.24982e-05
2.34607e-05 2.24982e-05 -0.011203

0.0040385 -1.40334e-05 0.000134367
-1.40334e-05 0.0039951 1.01647e-05
0.000134367 1.01647e-05 -0.0105495

0.00405397 9.89549e-05 -4.79754e-05
9.89549e-05 0.00385042 7.11644e-05
-4.79754e-05 7.11644e-05 -0.0106054

0.00405257 5.44334e-05 -0.000130004
5.44334e-05 0.00388598 0.00016545
-0.000130004 0.00016545 -0.0103781

0.00657611 0.000125426 -0.000195445
0.000125426 0.0065874 0.000182446
-0.000195445 0.000182446 -0.0166208

0.00397053 -2.77482e-05 -0.000180312
-2.77482e-05 0.00403384 -1.75513e-05
-0.000180312 -1.75513e-05 -0.0104716

0.00408291 6.48407e-05 -8.68628e-05
6.48407e-05 0.00389996 0.000315937
-8.68628e-05 0.000315937 -0.0105256

0.00648143 -2.13322e-05 -0.000178136
-2.13322e-05 0.00648322 -0.0012632
-0.000178136 -0.0012632 -0.0165385

0.00403387 8.41757e-05 0.000181397
8.41757e-05 0.00411868 4.50692e-08
0.000181397 4.50692e-08 -0.0106712

0.00405765 6.47093e-05 -3.30408e-05
6.47093e-05 0.00409055 0.000235266
-3.30408e-05 0.000235266 -0.0106059

0.00394978 -2.75876e-05 -0.000233176
-2.75876e-05 0.00397787 0.000188708
-0.000233176 0.000188708 -0.0104317

0.00398454 -2.21408e-05 0.000207184
-2.21408e-05 0.00400994 6.19447e-05
0.000207184 6.19447e-05 -0.0105217

0.00641282 -0.000117971 0.000156815
-0.000117971 0.00701111 -0.000704478
0.000156815 -0.000704478 -0.0178208

0.00638352 -1.50327e-05 0.000364193
-1.50327e-05 0.00666471 -0.00127626
0.000364193 -0.00127626 -0.0176793

0.00407679 -8.51813e-06 0.000267944
-8.51813e-06 0.00397961 -2.22677e-06
0.000267944 -2.22677e-06 -0.0105559

0.00412331 0.00010695 -0.000131549
0.00010695 0.00388964 0.000237127
-0.000131549 0.000237127 -0.0103647

0.00388478 2.35353e-06 -0.000143608
2.35353e-06 0.00387573 2.92968e-05
-0.000143608 2.92968e-05 -0.0102196

0.00392504 7.20481e-05 -0.00029512
7.20481e-05 0.00395662 3.55281e-05
-0.00029512 3.55281e-05 -0.0103429

0.00390303 2.77804e-07 -9.27702e-05
2.77804e-07 0.00399741 8.56738e-05
-9.27702e-05 8.56738e-05 -0.0105268

0.00392582 1.31594e-05 -8.21087e-05
1.31594e-05 0.00386339 7.39702e-05
-8.21087e-05 7.39702e-05 -0.0101809

0.00385732 -0.000107075 0.000206722
-0.000107075 0.00393793 -6.97485e-05
0.000206722 -6.97485e-05 -0.0104935

0.00397317 -2.61309e-05 -0.00010883
-2.61309e-05 0.00406201 -1.80607e-05
-0.00010883 -1.80607e-05 -0.0106876

0.00379737 0.000254086 5.8078e-05
0.000254086 0.00389197 0.000104922
5.8078e-05 0.000104922 -0.0103184

0.00631407 0.000266905 2.0953e-05
0.000266905 0.00726081 -0.00170562
2.0953e-05 -0.00170562 -0.0166687

0.00392513 -2.23967e-05 -0.000128945
-2.23967e-05 0.00405442 -1.72158e-05
-0.000128945 -1.72158e-05 -0.0105202

0.00387987 -5.71312e-05 -0.000100722
-5.71312e-05 0.00405012 -2.77668e-05
-0.000100722 -2.77668e-05 -0.0104914

0.00397469 -3.55973e-05 -0.000103456
-3.55973e-05 0.00411718 -4.45714e-05
-0.000103456 -4.45714e-05 -0.0106815

0.00643864 -0.00033456 0.000648649
-0.00033456 0.00617039 0.000371357
0.000648649 0.000371357 -0.0174409

0.00450567 -2.85615e-05 -0.000131371
-2.85615e-05 0.00464804 -9.47333e-05
-0.000131371 -9.47333e-05 -0.0117203

0.00546691 0.000645928 0.00155773
0.000645928 0.00523155 -0.00035095
0.00155773 -0.00035095 -0.0175385

0.0062539 0.000272976 0.000177899
0.000272976 0.00636667 -0.000633588
0.000177899 -0.000633588 -0.0163323

0.00612272 4.52623e-05 -0.000468985
4.52623e-05 0.00698586 -0.000418762
-0.000468985 -0.000418762 -0.0171035

0.00417021 -0.000292046 -0.000104984
-0.000292046 0.00394443 -0.000186052
-0.000104984 -0.000186052 -0.0105674

0.00547215 -5.56638e-05 6.47268e-05
-5.56638e-05 0.00492589 0.00049787
6.47268e-05 0.00049787 -0.0149304

0.00631689 9.65702e-05 -0.00128707
9.65702e-05 0.00668951 -0.000481816
-0.00128707 -0.000481816 -0.0167272

0.00551496 4.36636e-05 -0.000345379
4.36636e-05 0.00564642 -0.000595152
-0.000345379 -0.000595152 -0.0147597

0.00657373 0.000217255 -0.000108443
0.000217255 0.00610946 0.000148664
-0.000108443 0.000148664 -0.0161988

0.00487427 0.000173573 -0.000525881
0.000173573 0.00498865 9.54009e-05
-0.000525881 9.54009e-05 -0.0127162

0.00398042 3.5202e-05 0.000111119
3.5202e-05 0.00403691 0.000112223
0.000111119 0.000112223 -0.0107548

0.00412983 -0.000260863 9.71246e-06
-0.000260863 0.00418037 -0.000184394
9.71246e-06 -0.000184394 -0.011013

0.00393258 0.000133196 0.000267625
0.000133196 0.00414241 -0.000475362
0.000267625 -0.000475362 -0.0112831

0.0053791 -4.19229e-05 0.000164641
-4.19229e-05 0.00508707 0.000377694
0.000164641 0.000377694 -0.0137486

0.00530921 0.000320792 -4.68266e-05
0.000320792 0.00521693 0.000343633
-4.68266e-05 0.000343633 -0.0129551

0.00399079 -3.56236e-05 -0.000181489
-3.56236e-05 0.00401583 1.22406e-05
-0.000181489 1.22406e-05 -0.0105124

0.00601547 -3.83739e-05 0.000420572
-3.83739e-05 0.00549505 0.000602776
0.000420572 0.000602776 -0.0147158

0.00594572 0.000496902 6.5286e-05
0.000496902 0.00551519 -0.000436722
6.5286e-05 -0.000436722 -0.0145446

0.00527973 -0.000461712 0.000538513
-0.000461712 0.00582799 0.000477479
0.000538513 0.000477479 -0.0145753

0.00581128 -0.000257653 0.000835293
-0.000257653 0.00584601 0.000837638
0.000835293 0.000837638 -0.0154147

0.00404096 6.16154e-05 1.89749e-05
6.16154e-05 0.00366098 7.25691e-05
1.89749e-05 7.25691e-05 -0.0103667

0.00398414 0.000153864 0.000253136
0.000153864 0.00408126 7.01658e-05
0.000253136 7.01658e-05 -0.0105836

0.00408601 0.000172443 -0.000235856
0.000172443 0.00412713 -5.99832e-05
-0.000235856 -5.99832e-05 -0.0104611

0.00406408 -2.97712e-05 -2.67511e-05
-2.97712e-05 0.00395959 4.71635e-05
-2.67511e-05 4.71635e-05 -0.0105858

0.00392738 -3.01239e-05 -0.000176504
-3.01239e-05 0.00401275 4.65652e-05
-0.000176504 4.65652e-05 -0.0105776

0.0070476 -0.000444693 0.000216668
-0.000444693 0.00619251 -0.000361738
0.000216668 -0.000361738 -0.0182409

0.00392684 -4.8774e-05 -0.000163706
-4.8774e-05 0.00401744 -3.78651e-05
-0.000163706 -3.78651e-05 -0.0105122

0.0039709 3.55461e-05 -0.00019403
3.55461e-05 0.00401219 1.03951e-05
-0.00019403 1.03951e-05 -0.0106462

0.00645194 0.000141689 7.3189e-05
0.000141689 0.00673685 -0.00169596
7.3189e-05 -0.00169596 -0.0166541

0.00392803 -4.8143e-05 -0.000133829
-4.8143e-05 0.00401204 -8.58164e-05
-0.000133829 -8.58164e-05 -0.0104701

0.00608868 -0.000574637 5.86439e-05
-0.000574637 0.00565189 0.000184859
5.86439e-05 0.000184859 -0.0171362

0.00582879 0.000247735 -0.000148647
0.000247735 0.00706396 -0.000838792
-0.000148647 -0.000838792 -0.0165988

0.00589104 -0.000214744 -0.0010231
-0.000214744 0.00645144 -0.00101908
-0.0010231 -0.00101908 -0.0159676

0.0059892 3.10413e-05 0.000497572
3.10413e-05 0.00552751 0.000600525
0.000497572 0.000600525 -0.014754

0.00662443 -1.7218e-05 0.000192206
-1.7218e-05 0.00703275 0.000382567
0.000192206 0.000382567 -0.0171931

0.00405908 9.07426e-05 1.13851e-05
9.07426e-05 0.00379915 0.000185012
1.13851e-05 0.000185012 -0.0103119

0.00481298 -2.11625e-05 -0.000446948
-2.11625e-05 0.00505192 -0.000246414
-0.000446948 -0.000246414 -0.0127756

0.00394843 8.8908e-05 -5.38126e-05
8.8908e-05 0.0036465 -1.5462e-05
-5.38126e-05 -1.5462e-05 -0.0104991

0.00427768 9.84017e-05 0.000121002
9.84017e-05 0.00425483 0.000165146
0.000121002 0.000165146 -0.0113746

0.00391816 -3.77498e-05 9.74747e-05
-3.77498e-05 0.00393457 -0.000245812
9.74747e-05 -0.000245812 -0.0104297

0.00397404 -3.26944e-05 0.00010701
-3.26944e-05 0.00408475 5.95373e-05
0.00010701 5.95373e-05 -0.0105371

0.00435588 2.61209e-05 4.06985e-05
2.61209e-05 0.00444284 0.000164295
4.06985e-05 0.000164295 -0.0116785

0.00434183 0.000125772 0.000113948
0.000125772 0.00420729 7.85488e-05
0.000113948 7.85488e-05 -0.0114918

0.00423367 -0.000159929 -0.000309665
-0.000159929 0.00392155 -4.19429e-05
-0.000309665 -4.19429e-05 -0.01131

0.00404036 -4.70058e-05 -1.93236e-05
-4.70058e-05 0.0039687 -0.000135403
-1.93236e-05 -0.000135403 -0.0105312

0.00611832 0.00042214 8.53504e-05
0.00042214 0.00626701 -0.000292134
8.53504e-05 -0.000292134 -0.0155044

0.00395108 1.1362e-05 -0.000169559
1.1362e-05 0.00404611 -2.74936e-05
-0.000169559 -2.74936e-05 -0.0105078

0.0053924 8.91114e-05 -0.000308427
8.91114e-05 0.00535498 0.00105544
-0.000308427 0.00105544 -0.0181087

0.00625273 0.000201426 -0.000192321
0.000201426 0.00739561 -0.00132889
-0.000192321 -0.00132889 -0.0184499

0.00392082 -1.75776e-05 -0.000204884
-1.75776e-05 0.00404011 -9.05913e-05
-0.000204884 -9.05913e-05 -0.0105094

0.00654832 0.000215124 -0.00100271
0.000215124 0.00651326 -0.00121328
-0.00100271 -0.00121328 -0.0172574

0.00610279 -0.000408358 -0.000830594
-0.000408358 0.00599809 -0.000509715
-0.000830594 -0.000509715 -0.0150489

0.00435109 1.36103e-05 2.83204e-05
1.36103e-05 0.00441735 0.000103003
2.83204e-05 0.000103003 -0.011593

0.00603328 -0.000149121 -0.000427517
-0.000149121 0.00598583 -0.000512833
-0.000427517 -0.000512833 -0.0162164

0.00393058 -6.03372e-05 -0.000176768
-6.03372e-05 0.00401295 -3.20706e-05
-0.000176768 -3.20706e-05 -0.0104215

0.00530403 -0.000231705 -0.000332241
-0.000231705 0.00528191 -0.000645074
-0.000332241 -0.000645074 -0.0132035

0.00396441 -5.93623e-05 0.000172826
-5.93623e-05 0.00394761 -8.79331e-05
0.000172826 -8.79331e-05 -0.0104836

0.0050448 -4.03226e-05 2.71397e-05
-4.03226e-05 0.0046102 -0.00049047
2.71397e-05 -0.00049047 -0.0121754

0.00622246 0.000330657 0.00058026
0.000330657 0.0064936 -0.000242294
0.00058026 -0.000242294 -0.0160007

0.00396821 -2.83986e-05 -0.000162479
-2.83986e-05 0.00398613 -3.31806e-05
-0.000162479 -3.31806e-05 -0.0104597

0.00458959 -0.000113669 -0.000130157
-0.000113669 0.00462816 -0.000478833
-0.000130157 -0.000478833 -0.0121618

0.0044138 7.05022e-05 -0.000110748
7.05022e-05 0.00455108 -0.000271634
-0.000110748 -0.000271634 -0.0118269

0.00397314 -3.41577e-05 -0.000136614
-3.41577e-05 0.0040382 -1.66456e-05
-0.000136614 -1.66456e-05 -0.0104706

0.00417633 0.000233645 -0.000125364
0.000233645 0.00435246 -0.000426967
-0.000125364 -0.000426967 -0.0117598

0.00416942 0.000243046 -4.23265e-05
0.000243046 0.00444535 -0.000186566
-4.23265e-05 -0.000186566 -0.0115757

0.00396311 0.000189001 0.000112073
0.000189001 0.00427236 -7.79985e-05
0.000112073 -7.79985e-05 -0.0109634

0.00389175 0.000110171 0.000210205
0.000110171 0.00425243 -0.000169381
0.000210205 -0.000169381 -0.0112193

0.00388416 8.637e-05 4.7164e-05
8.637e-05 0.0038263 -0.000154924
4.7164e-05 -0.000154924 -0.010509

0.00377776 -0.000154581 -3.62204e-05
-0.000154581 0.00388999 -0.000187215
-3.62204e-05 -0.000187215 -0.0105342

0.0039514 9.14027e-05 5.12259e-05
9.14027e-05 0.00390105 9.41677e-05
5.12259e-05 9.41677e-05 -0.0105852

0.00402849 -1.94744e-05 0.000113561
-1.94744e-05 0.00386378 0.000213509
0.000113561 0.000213509 -0.0104686

0.00409764 -7.02972e-05 0.000237743
-7.02972e-05 0.00401407 -1.87363e-05
0.000237743 -1.87363e-05 -0.0106333

0.00402947 -4.96315e-05 9.52292e-05
-4.96315e-05 0.00406373 -6.10593e-05
9.52292e-05 -6.10593e-05 -0.010653

0.00380822 -6.98538e-05 3.06708e-05
-6.98538e-05 0.00412395 -8.00792e-05
3.06708e-05 -8.00792e-05 -0.0107482

0.00410732 -7.90985e-05 3.70114e-05
-7.90985e-05 0.00406239 -0.00010202
3.70114e-05 -0.00010202 -0.0107835

0.0065713 -5.34876e-05 0.000328842
-5.34876e-05 0.00684186 0.00114111
0.000328842 0.00114111 -0.0169512

0.00420694 0.000192885 0.000191655
0.000192885 0.00387312 0.000197888
0.000191655 0.000197888 -0.0112249

0.0042986 0.000101263 8.75018e-05
0.000101263 0.00439419 9.39365e-05
8.75018e-05 9.39365e-05 -0.0115943

0.00434071 -6.77974e-05 -0.000163502
-6.77974e-05 0.00395161 0.000165708
-0.000163502 0.000165708 -0.0112465

0.00624731 0.000212155 -0.00127504
0.000212155 0.00652362 0.000398871
-0.00127504 0.000398871 -0.0166195

0.00387948 -1.21475e-05 7.73872e-05
-1.21475e-05 0.00373982 -2.22547e-05
7.73872e-05 -2.22547e-05 -0.010458

0.0037862 0.000217662 -1.35222e-05
0.000217662 0.00382369 4.63827e-05
-1.35222e-05 4.63827e-05 -0.0103528

0.00429578 9.92234e-05 0.000108268
9.92234e-05 0.00442443 0.000156041
0.000108268 0.000156041 -0.0116769

0.00399585 -3.86178e-05 -0.000199334
-3.86178e-05 0.00401273 3.43558e-05
-0.000199334 3.43558e-05 -0.0104769

0.0062945 0.000133379 0.000866262
0.000133379 0.00687741 -0.000265756
0.000866262 -0.000265756 -0.0167457

0.00397713 -2.08253e-05 -0.000180547
-2.08253e-05 0.0039901 -3.77914e-05
-0.000180547 -3.77914e-05 -0.01047

0.00353469 0.00322658 0.00178644
0.00322658 0.00681546 -0.00360158
0.00178644 -0.00360158 -0.0182965

0.00213191 -0.00218136 0.000496786
-0.00218136 0.00220587 -0.00317412
0.000496786 -0.00317412 -0.0135501

0.0040208 -0.000113429 8.21661e-05
-0.000113429 0.00386733 -0.000164562
8.21661e-05 -0.000164562 -0.0103352

0.00452408 -0.000164332 -0.00029455
-0.000164332 0.00499574 6.85397e-05
-0.00029455 6.85397e-05 -0.0124162

0.00403938 0.000342456 -2.66416e-05
0.000342456 0.00394504 1.45651e-05
-2.66416e-05 1.45651e-05 -0.0106618

0.00485054 -6.4592e-05 -0.00017467
-6.4592e-05 0.00456506 0.000300639
-0.00017467 0.000300639 -0.0123296

0.00404787 0.000123459 9.29248e-05
0.000123459 0.00444143 0.000235923
9.29248e-05 0.000235923 -0.0113908

0.00387308 7.99069e-05 0.000147794
7.99069e-05 0.00361153 -0.000217943
0.000147794 -0.000217943 -0.0104167

0.0040737 9.8314e-05 0.00010222
9.8314e-05 0.00408923 0.000229799
0.00010222 0.000229799 -0.0113875

0.00719444 -0.000640861 -0.000326852
-0.000640861 0.00747643 0.000688155
-0.000326852 0.000688155 -0.0189819

0.00408901 -6.11857e-05 -0.000111471
-6.11857e-05 0.00398416 -1.20756e-05
-0.000111471 -1.20756e-05 -0.0105537

0.00388096 -0.000189011 -0.000118969
-0.000189011 0.00511348 -6.31395e-05
-0.000118969 -6.31395e-05 -0.0116404

0.00599477 0.000100195 -0.000456278
0.000100195 0.00644333 -0.000380307
-0.000456278 -0.000380307 -0.0163757

0.0040391 -5.39356e-05 8.47433e-05
-5.39356e-05 0.00393028 -4.29712e-05
8.47433e-05 -4.29712e-05 -0.0105971

0.00402856 3.95939e-05 -1.23736e-06
3.95939e-05 0.00384773 0.000127605
-1.23736e-06 0.000127605 -0.0102961

0.00404528 1.97749e-05 -2.42746e-05
1.97749e-05 0.00381129 -0.000129764
-2.42746e-05 -0.000129764 -0.0104696

0.00461626 0.000108235 9.2683e-05
0.000108235 0.00434741 0.00027517
9.2683e-05 0.00027517 -0.0118612

0.00402215 2.56625e-05 3.24228e-05
2.56625e-05 0.00382121 0.000179361
3.24228e-05 0.000179361 -0.0103508

0.00401273 2.29465e-05 6.97606e-05
2.29465e-05 0.00382043 0.0001891
6.97606e-05 0.0001891 -0.0103446

0.00657695 1.13885e-05 0.000358198
1.13885e-05 0.00660516 0.000686936
0.000358198 0.000686936 -0.0174365

0.00391809 2.79349e-05 0.000104562
2.79349e-05 0.0038678 0.000214821
0.000104562 0.000214821 -0.0103714

0.00393685 0.000146362 7.15057e-05
0.000146362 0.00388086 0.000151927
7.15057e-05 0.000151927 -0.0103745

0.00395362 -1.77417e-06 -0.000153309
-1.77417e-06 0.00404319 -5.67195e-05
-0.000153309 -5.67195e-05 -0.0104462

0.0060308 -0.000134853 -0.000584397
-0.000134853 0.00570728 -0.00051899
-0.000584397 -0.00051899 -0.0146957

0.00401145 -2.17372e-05 0.000202453
-2.17372e-05 0.00401777 9.32495e-05
0.000202453 9.32495e-05 -0.0105312

0.00399622 -4.32824e-05 -0.000116177
-4.32824e-05 0.00384881 0.00030516
-0.000116177 0.00030516 -0.010239

0.00402712 1.20068e-05 0.000186115
1.20068e-05 0.00387272 0.000307716
0.000186115 0.000307716 -0.0104394

0.0037278 -1.38477e-05 2.16679e-05
-1.38477e-05 0.00371181 -0.000142531
2.16679e-05 -0.000142531 -0.0102456

0.00381091 5.22913e-05 -6.03272e-05
5.22913e-05 0.00364571 -0.000142669
-6.03272e-05 -0.000142669 -0.0105078

0.00394223 -3.81101e-05 1.82636e-06
-3.81101e-05 0.00407241 -1.0555e-05
1.82636e-06 -1.0555e-05 -0.0106444

0.00409158 0.000208046 0.000188009
0.000208046 0.00385451 0.000239425
0.000188009 0.000239425 -0.0111935

0.00395486 2.3938e-05 1.69199e-05
2.3938e-05 0.00405013 7.16954e-05
1.69199e-05 7.16954e-05 -0.0106266

0.00393287 6.99794e-05 4.47658e-05
6.99794e-05 0.00394095 0.000228552
4.47658e-05 0.000228552 -0.0104292

0.00394539 5.58364e-05 -0.000198447
5.58364e-05 0.00403785 -3.49919e-05
-0.000198447 -3.49919e-05 -0.0104661

0.00400853 1.23693e-05 2.19228e-05
1.23693e-05 0.00386921 0.000303567
2.19228e-05 0.000303567 -0.0103843

0.00393549 -2.6697e-05 -3.66837e-05
-2.6697e-05 0.00392189 7.87618e-05
-3.66837e-05 7.87618e-05 -0.0102378

0.00390491 0.00292173 -0.000122597
0.00292173 0.00160545 0.00345409
-0.000122597 0.00345409 -0.0139544

0.00449283 0.000553528 -0.000339928
0.000553528 0.00754827 -0.00145501
-0.000339928 -0.00145501 -0.0165807

0.00632662 8.19594e-05 -0.0004413
8.19594e-05 0.00676761 -0.00167067
-0.0004413 -0.00167067 -0.0167906

0.00400188 1.33845e-05 0.000238073
1.33845e-05 0.00403847 -2.94853e-05
0.000238073 -2.94853e-05 -0.0106322

0.00466555 -5.23244e-05 6.74336e-05
-5.23244e-05 0.00459216 0.000263252
6.74336e-05 0.000263252 -0.0119238

0.00406829 -6.33241e-05 -9.87217e-05
-6.33241e-05 0.00389389 -0.000163334
-9.87217e-05 -0.000163334 -0.0103863

0.00392148 1.57988e-05 -0.000268281
1.57988e-05 0.00405093 0.000133891
-0.000268281 0.000133891 -0.0105635

0.00377009 -6.91602e-05 0.000108397
-6.91602e-05 0.00371987 -0.000140687
0.000108397 -0.000140687 -0.0102744

0.00608983 -0.00010642 -0.000104301
-0.00010642 0.00580175 -0.000880749
-0.000104301 -0.000880749 -0.0161003

0.00600023 0.000246032 9.1523e-05
0.000246032 0.00511976 -0.000919362
9.1523e-05 -0.000919362 -0.0146995

0.00518036 -0.000196769 0.000702628
-0.000196769 0.00518067 0.000199918
0.000702628 0.000199918 -0.0136661

0.00434689 2.7714e-05 7.6154e-05
2.7714e-05 0.00442168 0.000357373
7.6154e-05 0.000357373 -0.011785

0.00525593 0.000150577 1.05796e-05
0.000150577 0.00559693 -0.00065701
1.05796e-05 -0.00065701 -0.0140349

0.00571252 0.000128265 1.10442e-05
0.000128265 0.00527909 -0.000357869
1.10442e-05 -0.000357869 -0.0143155

0.00569397 0.000246371 -0.000136752
0.000246371 0.00523868 -0.00039964
-0.000136752 -0.00039964 -0.0141357

0.00515785 -4.46473e-05 0.000127358
-4.46473e-05 0.00478026 -0.000533706
0.000127358 -0.000533706 -0.0128632

0.00516627 -5.27923e-05 0.000183309
-5.27923e-05 0.00476221 -0.000508095
0.000183309 -0.000508095 -0.0127365

0.00504114 -4.94232e-05 5.32694e-05
-4.94232e-05 0.00478041 -0.000540742
5.32694e-05 -0.000540742 -0.0128637

0.00512809 -0.00013131 0.000245826
-0.00013131 0.00466003 -0.000474689
0.000245826 -0.000474689 -0.0126862

0.00449955 2.33748e-05 -2.25783e-05
2.33748e-05 0.00474511 -0.000398427
-2.25783e-05 -0.000398427 -0.0121136

0.00503216 -6.56017e-05 0.000100343
-6.56017e-05 0.00476099 -0.000516612
0.000100343 -0.000516612 -0.0127319

0.00409843 -0.000183859 0.00019029
-0.000183859 0.00438712 -0.000395077
0.00019029 -0.000395077 -0.0115074

0.003999 -2.21957e-05 0.000197946
-2.21957e-05 0.00425692 -0.000150084
0.000197946 -0.000150084 -0.0111859

0.00388497 -0.000295148 -0.00018091
-0.000295148 0.00432297 -0.000185921
-0.00018091 -0.000185921 -0.0111571

0.00386128 -0.000126602 3.84731e-06
-0.000126602 0.00419327 1.95426e-05
3.84731e-06 1.95426e-05 -0.0106308

0.00556642 0.000186249 0.00076662
0.000186249 0.00555943 0.000295431
0.00076662 0.000295431 -0.0144818

0.00438162 7.34938e-05 0.000185715
7.34938e-05 0.00511471 -0.000253146
0.000185715 -0.000253146 -0.0128366

0.00381717 -0.00025568 -5.75795e-05
-0.00025568 0.00412444 -0.000202658
-5.75795e-05 -0.000202658 -0.0108918

0.00530669 0.000347948 -1.53622e-05
0.000347948 0.00519366 -0.000288695
-1.53622e-05 -0.000288695 -0.013027

0.0040494 -5.19103e-05 0.000161062
-5.19103e-05 0.0038918 0.00017209
0.000161062 0.00017209 -0.0104073

0.00393266 -5.23716e-05 9.70643e-05
-5.23716e-05 0.00414507 -2.55795e-05
9.70643e-05 -2.55795e-05 -0.0106299

0.00387305 -5.95946e-05 -3.0748e-05
-5.95946e-05 0.00414675 -5.50258e-05
-3.0748e-05 -5.50258e-05 -0.0108277

0.0038922 -3.95198e-05 0.000135769
-3.95198e-05 0.00417659 -9.10355e-06
0.000135769 -9.10355e-06 -0.0106329

0.00394956 -3.80468e-05 6.01692e-05
-3.80468e-05 0.00414633 -6.32821e-05
6.01692e-05 -6.32821e-05 -0.0106522

0.00396239 2.42102e-05 5.72004e-05
2.42102e-05 0.00417092 -0.000151354
5.72004e-05 -0.000151354 -0.0106241

0.00584971 0.000178682 0.000204363
0.000178682 0.00521379 0.0003069
0.000204363 0.0003069 -0.0145081

0.00419545 0.000137414 2.62782e-05
0.000137414 0.0038318 -7.10269e-05
2.62782e-05 -7.10269e-05 -0.0106072

0.00399922 5.86643e-05 -0.000185826
5.86643e-05 0.00399215 0.000201269
-0.000185826 0.000201269 -0.0104819

0.00587452 8.33849e-05 0.000177903
8.33849e-05 0.00555139 0.000413425
0.000177903 0.000413425 -0.0144807

0.00457033 0.000183728 0.000233659
0.000183728 0.00457126 0.000157611
0.000233659 0.000157611 -0.012147

0.00422836 -4.80086e-05 -7.32202e-05
-4.80086e-05 0.00406715 -4.05025e-05
-7.32202e-05 -4.05025e-05 -0.0109982

0.00557133 -0.000494514 0.00060071
-0.000494514 0.00615295 0.000318823
0.00060071 0.000318823 -0.0181711

0.00454552 -0.00235398 -0.00054435
-0.00235398 0.00218222 -0.0033094
-0.00054435 -0.0033094 -0.0143234

0.00375695 -7.22125e-05 5.98008e-05
-7.22125e-05 0.00382016 -0.000172375
5.98008e-05 -0.000172375 -0.0104501

0.00386838 4.95965e-05 -0.00016019
4.95965e-05 0.00405484 -1.63753e-05
-0.00016019 -1.63753e-05 -0.0105226

0.00397505 -0.000204423 -0.000133594
-0.000204423 0.00395893 -0.000123781
-0.000133594 -0.000123781 -0.0102735

0.00398388 -0.000154724 -0.000150932
-0.000154724 0.0039842 -0.000119882
-0.000150932 -0.000119882 -0.0102799

0.00587281 6.48547e-05 0.00233749
6.48547e-05 0 0.000242204
0.00233749 0.000242204 -0.0137782

0.0058629 0.00130688 0.00194868
0.00130688 0.0063654 0.00195197
0.00194868 0.00195197 -0.0152127

0.00559287 0.000122519 0.000543724
0.000122519 0.00573322 0.000195142
0.000543724 0.000195142 -0.0145588

0.00406698 -9.33071e-05 -0.000162633
-9.33071e-05 0.00407135 -8.78198e-05
-0.000162633 -8.78198e-05 -0.0104951

0.00373446 -4.66191e-05 0.00013546
-4.66191e-05 0.00382724 -0.000110487
0.00013546 -0.000110487 -0.0102766

0.00564388 0.000182589 0.000632834
0.000182589 0.00572251 0.000282651
0.000632834 0.000282651 -0.0144069

0.00727996 0.000187494 -0.000344117
0.000187494 0.00668551 -1.45685e-05
-0.000344117 -1.45685e-05 -0.0184902

0.00409673 4.46522e-05 0.000172047
4.46522e-05 0.00403342 -2.44234e-05
0.000172047 -2.44234e-05 -0.010633

0.00403039 -7.04509e-05 7.1697e-05
-7.04509e-05 0.00393831 -1.42898e-05
7.1697e-05 -1.42898e-05 -0.0106809

0.00568135 6.03692e-06 0.000691806
6.03692e-06 0.00566352 -0.000242408
0.000691806 -0.000242408 -0.0143827

0.00563613 1.7542e-05 0.000646115
1.7542e-05 0.00566061 -0.000230278
0.000646115 -0.000230278 -0.0144122

0.00495103 7.77357e-05 1.04065e-05
7.77357e-05 0.00455536 0.000217874
1.04065e-05 0.000217874 -0.0120162

0.00631708 -6.14461e-05 -0.000405023
-6.14461e-05 0.00614581 0.000249595
-0.000405023 0.000249595 -0.0155429

0.00415182 -2.55564e-05 4.44798e-05
-2.55564e-05 0.00372902 4.10867e-05
4.44798e-05 4.10867e-05 -0.0107941

0.00670334 -0.000234119 7.77979e-05
-0.000234119 0.00663189 -0.000733257
7.77979e-05 -0.000733257 -0.0180697

0.00418848 0.000311698 -0.000117203
0.000311698 0.00434358 -4.46743e-05
-0.000117203 -4.46743e-05 -0.0115483

0.00528491 -4.958e-05 0.000227387
-4.958e-05 0.00480156 0.000349978
0.000227387 0.000349978 -0.0131854

0.00397662 -0.000122099 -5.45401e-05
-0.000122099 0.00407931 -7.22821e-05
-5.45401e-05 -7.22821e-05 -0.0106035

0.00558234 1.49944e-05 0.000281964
1.49944e-05 0.00517813 0.000361227
0.000281964 0.000361227 -0.0138741

0.00540709 -0.000429317 -9.28491e-05
-0.000429317 0.00487424 0.000352099
-9.28491e-05 0.000352099 -0.013599

0.00411103 -1.43393e-05 0.000157413
-1.43393e-05 0.0039773 4.41252e-05
0.000157413 4.41252e-05 -0.0106191

0.00402065 3.82074e-05 3.41829e-05
3.82074e-05 0.0038475 0.00013535
3.41829e-05 0.00013535 -0.0102783

0.00374209 -4.97702e-05 0.000139712
-4.97702e-05 0.00392824 -6.36283e-05
0.000139712 -6.36283e-05 -0.0105091

0.00632693 0.000407023 0.000300697
0.000407023 0.00594637 1.52658e-05
0.000300697 1.52658e-05 -0.0156064

0.00398082 -0.000127588 -7.76372e-05
-0.000127588 0.00396014 3.48817e-05
-7.76372e-05 3.48817e-05 -0.0105233

0.0040095 7.45957e-05 -3.47566e-05
7.45957e-05 0.00384631 -0.000162131
-3.47566e-05 -0.000162131 -0.010453

0.00369262 0.000122581 9.97873e-05
0.000122581 0.00374922 0.000103755
9.97873e-05 0.000103755 -0.0102491

0.00638584 0.00021896 0.000841819
0.00021896 0.00596137 -0.000708959
0.000841819 -0.000708959 -0.0157672

0.00643156 -0.000131838 0.000132718
-0.000131838 0.00677095 -0.000541673
0.000132718 -0.000541673 -0.017827

0.00447564 -0.000113283 9.02487e-05
-0.000113283 0.00459104 0.000193352
9.02487e-05 0.000193352 -0.0118952

0.00651234 -0.00029122 0.000838104
-0.00029122 0.0059504 0.000993161
0.000838104 0.000993161 -0.0161048

0.00655544 4.67097e-05 8.74348e-05
4.67097e-05 0.0062093 -0.000836664
8.74348e-05 -0.000836664 -0.0167457

0.00385981 -2.67769e-05 9.96419e-05
-2.67769e-05 0.00382067 -7.64636e-05
9.96419e-05 -7.64636e-05 -0.0104286

0.00398805 4.34769e-05 0.000116631
4.34769e-05 0.00387308 5.83238e-05
0.000116631 5.83238e-05 -0.0105908

0.00610397 2.14416e-06 0.000920109
2.14416e-06 0.00597447 0.0006285
0.000920109 0.0006285 -0.0154831

0.00438234 9.86153e-05 -0.00020667
9.86153e-05 0.00472395 0.000312893
-0.00020667 0.000312893 -0.0120685

0.00402627 6.04983e-05 -0.000155606
6.04983e-05 0.00385612 7.68008e-05
-0.000155606 7.68008e-05 -0.0105657

0.00557133 -0.00010505 3.88349e-05
-0.00010505 0.00466428 0.000269295
3.88349e-05 0.000269295 -0.0136316

0.00368771 0.000100578 0.000105083
0.000100578 0.00378656 0.000127338
0.000105083 0.000127338 -0.0102225

0.00654297 -0.000328402 0.000903391
-0.000328402 0.00588089 0.000794252
0.000903391 0.000794252 -0.0160905

0.00646351 -0.000148509 0.000588965
-0.000148509 0.00676867 0.00105345
0.000588965 0.00105345 -0.0171765

0.00408257 -3.5321e-05 8.80049e-05
-3.5321e-05 0.00399452 -2.2471e-05
8.80049e-05 -2.2471e-05 -0.0107811

0.0039949 0.000108958 0.000118764
0.000108958 0.00384426 -1.4105e-06
0.000118764 -1.4105e-06 -0.0106

0.00389048 6.63905e-05 0.00017779
6.63905e-05 0.00401841 -2.37964e-05
0.00017779 -2.37964e-05 -0.0106296

0.00386051 -9.89368e-05 0.000248628
-9.89368e-05 0.00404555 -0.000126822
0.000248628 -0.000126822 -0.0104889

0.00622054 -2.6704e-05 0.000236027
-2.6704e-05 0.00561601 0.000887374
0.000236027 0.000887374 -0.0150009

0.00623626 3.02375e-05 0.000245495
3.02375e-05 0.00566532 0.000712616
0.000245495 0.000712616 -0.0152738

0.00391281 -4.12628e-06 -0.000154848
-4.12628e-06 0.00401024 1.61234e-05
-0.000154848 1.61234e-05 -0.0105358

0.00375122 7.27941e-05 -1.34383e-05
7.27941e-05 0.00376963 -8.62937e-05
-1.34383e-05 -8.62937e-05 -0.0103042

0.00402567 8.10777e-05 -0.000157138
8.10777e-05 0.00401057 5.64761e-05
-0.000157138 5.64761e-05 -0.0105634

0.003982 -8.98452e-06 6.45107e-05
-8.98452e-06 0.00392289 1.66648e-05
6.45107e-05 1.66648e-05 -0.010536

0.00598697 -0.000142103 2.44725e-05
-0.000142103 0.00558947 0.000675405
2.44725e-05 0.000675405 -0.0148137

0.00391306 5.22178e-05 -0.000185963
5.22178e-05 0.00403018 2.94389e-05
-0.000185963 2.94389e-05 -0.0105728

0.00628093 8.18054e-05 0.000161792
8.18054e-05 0.00653456 -0.000786536
0.000161792 -0.000786536 -0.0172104

0.00399701 5.10759e-05 9.5353e-05
5.10759e-05 0.00387937 4.00725e-05
9.5353e-05 4.00725e-05 -0.0105406

0.00406459 9.52466e-05 0.000134359
9.52466e-05 0.0038923 0.000224319
0.000134359 0.000224319 -0.0103681

0.00396789 2.37512e-05 -0.000138986
2.37512e-05 0.00405506 4.18717e-05
-0.000138986 4.18717e-05 -0.0105108

0.00400189 0.000104396 9.92242e-05
0.000104396 0.00382533 5.73057e-06
9.92242e-05 5.73057e-06 -0.0105468

0.00403987 -3.64527e-06 6.07277e-05
-3.64527e-06 0.0039223 9.47075e-05
6.07277e-05 9.47075e-05 -0.0105167

0.00390665 -0.000188866 0.00027106
-0.000188866 0.00382883 4.08021e-06
0.00027106 4.08021e-06 -0.0105558

0.00632788 7.27563e-05 0.00077637
7.27563e-05 0.00717606 0.000354274
0.00077637 0.000354274 -0.0177281

0.00404576 4.57987e-05 6.31883e-05
4.57987e-05 0.00388313 6.33757e-05
6.31883e-05 6.33757e-05 -0.0105216

0.00596957 -0.000195565 5.314e-05
-0.000195565 0.0054488 0.000709593
5.314e-05 0.000709593 -0.0147378

0.0040676 -1.91564e-05 3.15446e-05
-1.91564e-05 0.003964 -3.75202e-05
3.15446e-05 -3.75202e-05 -0.010766

0.00586809 -0.000118623 0.00232958
-0.000118623 0.00376888 0.000184411
0.00232958 0.000184411 -0.0137857

0.00545737 -0.000176519 0.000354136
-0.000176519 0.00548196 0.000558575
0.000354136 0.000558575 -0.0138028

0.00623348 0.00166372 0.00206095
0.00166372 0.00430363 0.0010733
0.00206095 0.0010733 -0.0150859

0.00537945 6.30137e-06 0.000345303
6.30137e-06 0.00507146 0.000533615
0.000345303 0.000533615 -0.0136907

0.0053536 -0.000305509 0.000260703
-0.000305509 0.00537707 0.000432813
0.000260703 0.000432813 -0.0138853

0.00395449 4.52655e-05 0.000195452
4.52655e-05 0.00405126 4.10836e-05
0.000195452 4.10836e-05 -0.010499

0.0040941 4.87182e-05 5.6454e-05
4.87182e-05 0.00392672 0.00017416
5.6454e-05 0.00017416 -0.0104692

0.00592166 0.000782041 0.00173308
0.000782041 0.0061551 0.00191288
0.00173308 0.00191288 -0.0152098

0.00568277 2.48357e-06 0.000722251
2.48357e-06 0.00613687 -0.000457274
0.000722251 -0.000457274 -0.0156378

0.00402424 -5.69704e-05 -5.98534e-06
-5.69704e-05 0.00399703 -0.000163553
-5.98534e-06 -0.000163553 -0.0105403

0.00607329 -0.00010963 0.00108399
-0.00010963 0.00615965 0.000495273
0.00108399 0.000495273 -0.0156766

0.00403535 -3.53981e-05 6.65957e-05
-3.53981e-05 0.00401249 -1.94726e-05
6.65957e-05 -1.94726e-05 -0.0106006

0.00490571 7.00533e-06 0.000670249
7.00533e-06 0.00638964 0.00236351
0.000670249 0.00236351 -0.0137271

0.0040309 -3.87489e-05 0.00018552
-3.87489e-05 0.00401007 5.0934e-05
0.00018552 5.0934e-05 -0.0103765

0.0040358 -4.27505e-05 7.85811e-05
-4.27505e-05 0.00391912 -2.16164e-05
7.85811e-05 -2.16164e-05 -0.0106085

0.00383286 -5.33062e-05 -5.80873e-05
-5.33062e-05 0.00398124 -1.72664e-05
-5.80873e-05 -1.72664e-05 -0.0105886

0.00383808 -1.44811e-05 5.71819e-05
-1.44811e-05 0.00368807 5.55835e-05
5.71819e-05 5.55835e-05 -0.0102529

0.00390431 6.07159e-06 -0.000130761
6.07159e-06 0.00402472 5.0209e-06
-0.000130761 5.0209e-06 -0.0105026

0.00394776 -4.32388e-05 -0.000172656
-4.32388e-05 0.00404862 -5.95727e-06
-0.000172656 -5.95727e-06 -0.0104766

0.00406717 -8.51642e-05 -0.000159806
-8.51642e-05 0.00398039 -2.98261e-06
-0.000159806 -2.98261e-06 -0.0104556

0.00401159 -5.633e-05 0.000234982
-5.633e-05 0.00394944 -0.000124394
0.000234982 -0.000124394 -0.0104574

0.00399404 8.83982e-05 0.000135442
8.83982e-05 0.00364637 -8.01281e-06
0.000135442 -8.01281e-06 -0.0103642

0.00396636 3.81467e-05 -0.000191452
3.81467e-05 0.00397937 0.000199223
-0.000191452 0.000199223 -0.010418

0.00650585 -8.31032e-05 -0.000177952
-8.31032e-05 0.00634468 -0.00121434
-0.000177952 -0.00121434 -0.0161662

0.00450508 0.000188153 -0.000360455
0.000188153 0.0044275 2.38443e-05
-0.000360455 2.38443e-05 -0.0120058

0.00635584 0.000221371 0.000713963
0.000221371 0.00618531 -0.000707542
0.000713963 -0.000707542 -0.0163116

0.00593255 -0.000186776 5.85165e-05
-0.000186776 0.00553376 0.000506073
5.85165e-05 0.000506073 -0.0151626

0.0037656 8.67702e-05 -2.56753e-05
8.67702e-05 0.00405441 0.000175194
-2.56753e-05 0.000175194 -0.0106794

0.00415483 -0.0002179 1.55466e-05
-0.0002179 0.00425563 0.000136539
1.55466e-05 0.000136539 -0.0113489

0.00592885 -0.000182307 4.079e-05
-0.000182307 0.00564772 0.0007782
4.079e-05 0.0007782 -0.014721

0.00405486 -5.58982e-05 -1.14743e-06
-5.58982e-05 0.00387108 7.54108e-05
-1.14743e-06 7.54108e-05 -0.0104765

0.00406321 -4.31522e-05 -0.00015581
-4.31522e-05 0.00402369 -3.96962e-05
-0.00015581 -3.96962e-05 -0.0106855

0.0043555 0.000219339 -5.3191e-06
0.000219339 0.00617823 -0.000235881
-5.3191e-06 -0.000235881 -0.0174199

0.00405111 -0.000112425 1.71305e-05
-0.000112425 0.00392185 -1.6538e-05
1.71305e-05 -1.6538e-05 -0.010698

0.00407376 3.53926e-07 0.000103166
3.53926e-07 0.00391391 0.000184627
0.000103166 0.000184627 -0.0104775

0.00599421 7.60472e-05 -0.00039964
7.60472e-05 0.00633853 -0.000422533
-0.00039964 -0.000422533 -0.0155109

0.0054646 0.000147043 0.000352894
0.000147043 0.00600085 -0.000483453
0.000352894 -0.000483453 -0.0143333

0.00399744 -1.91479e-05 1.92568e-05
-1.91479e-05 0.00377133 -7.36021e-05
1.92568e-05 -7.36021e-05 -0.0104836

0.00365323 5.6862e-05 4.22527e-05
5.6862e-05 0.00366335 -3.66187e-05
4.22527e-05 -3.66187e-05 -0.0102056

0.00580306 -7.50435e-05 0.000223069
-7.50435e-05 0.00546985 0.000454413
0.000223069 0.000454413 -0.0151206

0.00377845 9.45932e-05 5.43194e-05
9.45932e-05 0.00389012 7.61851e-05
5.43194e-05 7.61851e-05 -0.0103104

0.00396748 6.22218e-05 0.000154173
6.22218e-05 0.00395925 0.000103909
0.000154173 0.000103909 -0.0104807

0.00396736 2.41678e-05 -8.73795e-05
2.41678e-05 0.00401461 -0.000136486
-8.73795e-05 -0.000136486 -0.0108012

0.00386432 1.08226e-05 -0.000179339
1.08226e-05 0.00391416 -8.59606e-05
-0.000179339 -8.59606e-05 -0.0102967

0.00398527 4.67431e-05 0.000192083
4.67431e-05 0.00394165 9.4587e-05
0.000192083 9.4587e-05 -0.0104179

0.00412972 1.02696e-05 3.42961e-05
1.02696e-05 0.00391551 -8.25446e-05
3.42961e-05 -8.25446e-05 -0.0107204

0.00536908 2.51812e-05 0.000584054
2.51812e-05 0.00581601 0.000162361
0.000584054 0.000162361 -0.0181327

0.0039529 -5.34289e-05 -0.000136878
-5.34289e-05 0.00404327 1.1326e-05
-0.000136878 1.1326e-05 -0.0105321

0.00396849 -2.40125e-05 -0.000163173
-2.40125e-05 0.00403296 -7.7631e-05
-0.000163173 -7.7631e-05 -0.010516

0.00396219 -6.11264e-05 2.36002e-05
-6.11264e-05 0.00397677 -0.000120933
2.36002e-05 -0.000120933 -0.0105025

0.00394182 -2.72761e-05 0.000335685
-2.72761e-05 0.00400953 6.78223e-05
0.000335685 6.78223e-05 -0.0104769

0.00612222 -0.000137385 0.000637284
-0.000137385 0.00614841 -0.000687587
0.000637284 -0.000687587 -0.0164634

0.00408419 -1.45273e-05 -0.000143414
-1.45273e-05 0.00401186 3.91174e-05
-0.000143414 3.91174e-05 -0.0106265

0.00474506 0.000357881 0.000656294
0.000357881 0.00594748 -5.08735e-05
0.000656294 -5.08735e-05 -0.0153499

0.00506401 -6.54215e-05 0.000256152
-6.54215e-05 0.00521545 0.000130284
0.000256152 0.000130284 -0.0135817

0.00407124 3.59017e-05 -1.37488e-05
3.59017e-05 0.00399707 9.29128e-05
-1.37488e-05 9.29128e-05 -0.0106275

0.00634319 0.000152422 0.000189464
0.000152422 0.00577171 -0.000662852
0.000189464 -0.000662852 -0.015088

0.00401954 -3.61613e-05 0.000279226
-3.61613e-05 0.00399925 -3.69006e-05
0.000279226 -3.69006e-05 -0.0106553

0.00611837 -0.000444969 -0.000604196
-0.000444969 0.00726766 0.000962857
-0.000604196 0.000962857 -0.0175637

0.00330012 0.000997615 -0.000788244
0.000997615 0.00594216 0.000369889
-0.000788244 0.000369889 -0.0162467

0.00636989 0.000275427 -0.000292715
0.000275427 0.00598462 -0.00112932
-0.000292715 -0.00112932 -0.0150857

0.00393331 0.000114027 8.39323e-05
0.000114027 0.00401761 1.97845e-05
8.39323e-05 1.97845e-05 -0.0104969

0.00388182 -4.00067e-06 -3.41986e-05
-4.00067e-06 0.00386483 0.000207686
-3.41986e-05 0.000207686 -0.0101937

0.00386254 -2.70954e-05 -0.000139951
-2.70954e-05 0.00402468 -1.17742e-06
-0.000139951 -1.17742e-06 -0.0105158

0.00621676 -0.000111155 0.000804741
-0.000111155 0.00702232 0.00037567
0.000804741 0.00037567 -0.0177311

0.00534818 -0.000158821 0.000156212
-0.000158821 0.00465136 0.000300752
0.000156212 0.000300752 -0.0134213

0.00395327 -3.87218e-05 -0.000173781
-3.87218e-05 0.00402208 -8.6567e-06
-0.000173781 -8.6567e-06 -0.0104323

0.00382397 -0.000113192 -0.00107407
-0.000113192 0.00571045 -0.000820712
-0.00107407 -0.000820712 -0.0151913

0.00393393 -0.000136356 7.53665e-05
-0.000136356 0.00391329 -6.57501e-05
7.53665e-05 -6.57501e-05 -0.0105929

0.00406719 -7.36318e-05 -0.000171915
-7.36318e-05 0.00403511 6.05079e-06
-0.000171915 6.05079e-06 -0.0105478

0.00636014 0.000117721 0.00086248
0.000117721 0.0068316 -0.00104144
0.00086248 -0.00104144 -0.0171108

0.00405308 -0.000106437 0.000126109
-0.000106437 0.00383089 -2.63062e-06
0.000126109 -2.63062e-06 -0.0105403

0.0041258 1.03265e-05 4.32349e-05
1.03265e-05 0.00380757 9.20656e-05
4.32349e-05 9.20656e-05 -0.0107263

0.00367605 0.000122988 0.000141841
0.000122988 0.00375346 8.33221e-05
0.000141841 8.33221e-05 -0.0102674

0.00400343 -0.000101659 0.000137497
-0.000101659 0.00418874 0.000185052
0.000137497 0.000185052 -0.0108142

0.0038516 0.00011049 5.37295e-05
0.00011049 0.00372687 5.54091e-05
5.37295e-05 5.54091e-05 -0.0103358

0.00635337 -0.000204559 0.00104296
-0.000204559 0.00681106 0.000223525
0.00104296 0.000223525 -0.0173161

0.0040378 9.69843e-05 0.000309064
9.69843e-05 0.00408139 0.000123448
0.000309064 0.000123448 -0.0107359

0.00402831 -1.68213e-05 -4.83587e-05
-1.68213e-05 0.00385027 0.000130456
-4.83587e-05 0.000130456 -0.0107312

0.00603643 -0.000130485 -0.000499262
-0.000130485 0.00578213 -0.000562503
-0.000499262 -0.000562503 -0.0155405

0.00594517 -0.000140788 -0.000828705
-0.000140788 0.0058108 -0.000400624
-0.000828705 -0.000400624 -0.0154017

0.00385462 8.79485e-05 0.000119146
8.79485e-05 0.0036703 5.47658e-05
0.000119146 5.47658e-05 -0.0102923

0.00405663 6.84e-05 8.9377e-05
6.84e-05 0.00379807 5.21992e-05
8.9377e-05 5.21992e-05 -0.0103782

0.00631655 0.000283896 0.000696714
0.000283896 0.00682808 0.000214283
0.000696714 0.000214283 -0.0173866

0.0037181 1.26773e-05 0.00011795
1.26773e-05 0.00430711 -3.59497e-05
0.00011795 -3.59497e-05 -0.0105609

0.00387185 -0.000147553 9.87172e-05
-0.000147553 0.00404967 3.60687e-05
9.87172e-05 3.60687e-05 -0.0105356

0.00416054 -6.29242e-05 0.000180375
-6.29242e-05 0.00409817 -0.000230074
0.000180375 -0.000230074 -0.0110311

0.00389049 0.000139379 -0.000361699
0.000139379 0.0040733 -3.1378e-05
-0.000361699 -3.1378e-05 -0.0106031

0.0039031 1.23303e-05 -0.000198473
1.23303e-05 0.00392319 0.000114723
-0.000198473 0.000114723 -0.010589

0.00402786 3.09484e-05 4.01446e-05
3.09484e-05 0.00394659 -0.000339748
4.01446e-05 -0.000339748 -0.0105082

0.00407932 -0.000127812 3.96273e-05
-0.000127812 0.0038746 -3.66702e-05
3.96273e-05 -3.66702e-05 -0.0106812

0.00406414 -7.08964e-05 9.63171e-05
-7.08964e-05 0.0039337 -1.34163e-05
9.63171e-05 -1.34163e-05 -0.0107786

0.00391391 4.2594e-05 -6.48177e-05
4.2594e-05 0.00393213 0.000166532
-6.48177e-05 0.000166532 -0.0101949

0.00487391 8.68024e-05 -0.000338084
8.68024e-05 0.00500552 0.000170626
-0.000338084 0.000170626 -0.0127828

0.00397711 -1.79767e-05 -0.00018698
-1.79767e-05 0.00402553 -6.78483e-05
-0.00018698 -6.78483e-05 -0.0105102

0.00365703 0.00017738 0.000189287
0.00017738 0.0038041 8.10685e-05
0.000189287 8.10685e-05 -0.0104068

0.00382429 -7.05971e-05 7.83511e-05
-7.05971e-05 0.00369886 -7.16087e-05
7.83511e-05 -7.16087e-05 -0.0101991

0.00403072 0.000131284 -6.64498e-05
0.000131284 0.0041135 2.60461e-05
-6.64498e-05 2.60461e-05 -0.0106633

0.00421399 -9.6071e-05 -0.000102816
-9.6071e-05 0.00459349 0.000226857
-0.000102816 0.000226857 -0.011917

0.00403227 -8.39785e-05 -0.000109534
-8.39785e-05 0.0038856 -0.000183186
-0.000109534 -0.000183186 -0.0103373

0.00418456 -5.86803e-05 5.28228e-05
-5.86803e-05 0.00396565 -8.63775e-05
5.28228e-05 -8.63775e-05 -0.0106038

0.00418544 -5.99922e-05 3.79284e-05
-5.99922e-05 0.00394832 1.6899e-05
3.79284e-05 1.6899e-05 -0.0106931

0.00616398 -9.9237e-05 0.00118556
-9.9237e-05 0.00589114 0.000913888
0.00118556 0.000913888 -0.0153195

0.00616707 -0.000434765 0.000840713
-0.000434765 0.00592284 0.000852508
0.000840713 0.000852508 -0.0154794

0.00494211 -5.69685e-05 0.000103545
-5.69685e-05 0.00469964 0.000381069
0.000103545 0.000381069 -0.0121577

0.00496479 8.08515e-05 -0.000310477
8.08515e-05 0.00513367 -1.55723e-05
-0.000310477 -1.55723e-05 -0.0132245

0.00394629 6.35305e-05 -0.000141687
6.35305e-05 0.00404675 -1.52127e-06
-0.000141687 -1.52127e-06 -0.0104751

0.00409619 7.2397e-05 0.000377907
7.2397e-05 0.00407345 8.70602e-05
0.000377907 8.70602e-05 -0.0106127

0.00389559 -4.83665e-05 0.000147219
-4.83665e-05 0.00400144 -0.000164307
0.000147219 -0.000164307 -0.0108288

0.00403703 7.43727e-05 7.10875e-05
7.43727e-05 0.00390996 0.000242981
7.10875e-05 0.000242981 -0.0104528

0.00407554 1.69441e-05 1.61389e-05
1.69441e-05 0.00393504 0.000138642
1.61389e-05 0.000138642 -0.0106362

0.00506554 -0.000151628 0.00036579
-0.000151628 0.00563935 -0.000112175
0.00036579 -0.000112175 -0.0136705

0.00649825 -4.34843e-05 -0.000133614
-4.34843e-05 0.00642223 -0.00123341
-0.000133614 -0.00123341 -0.0162665

0.00396395 3.13156e-05 0.00011738
3.13156e-05 0.00377064 0.000213953
0.00011738 0.000213953 -0.0102687

0.00396685 -2.47882e-05 -0.000242371
-2.47882e-05 0.00403823 5.21535e-05
-0.000242371 5.21535e-05 -0.0104225

0.00408817 5.14782e-05 -4.57718e-05
5.14782e-05 0.00392002 0.000275589
-4.57718e-05 0.000275589 -0.0104615

0.00403706 7.44894e-05 6.97069e-05
7.44894e-05 0.00391023 0.000236677
6.97069e-05 0.000236677 -0.0104216

0.00409472 3.41581e-05 -1.75796e-05
3.41581e-05 0.00395547 0.000253423
-1.75796e-05 0.000253423 -0.0106054

0.00480986 1.46483e-05 0.00043548
1.46483e-05 0.00468818 2.40699e-05
0.00043548 2.40699e-05 -0.0128802

0.00502745 -3.91935e-05 -0.000165873
-3.91935e-05 0.00489842 -0.000387816
-0.000165873 -0.000387816 -0.0125309

0.00443699 0.000129841 0.00027197
0.000129841 0.00466547 4.3936e-05
0.00027197 4.3936e-05 -0.0119756

0.00461994 1.5124e-05 0.000271516
1.5124e-05 0.00467789 -0.000170064
0.000271516 -0.000170064 -0.0122305

0.00396516 -4.22826e-05 -0.00020189
-4.22826e-05 0.00401238 -3.45073e-05
-0.00020189 -3.45073e-05 -0.0104165

0.003961 4.94242e-05 -0.000161015
4.94242e-05 0.00391301 2.50342e-05
-0.000161015 2.50342e-05 -0.0103221

0.00402799 7.21438e-05 3.70265e-05
7.21438e-05 0.00394991 0.000273176
3.70265e-05 0.000273176 -0.0104892

0.00394987 -2.65995e-05 -0.000148118
-2.65995e-05 0.00388487 -0.000183588
-0.000148118 -0.000183588 -0.0103199

0.00394556 1.63388e-05 0.00019766
1.63388e-05 0.00397683 8.18952e-05
0.00019766 8.18952e-05 -0.0104407

0.00440811 0.000224921 -0.00012486
0.000224921 0.00479156 -0.000362156
-0.00012486 -0.000362156 -0.0122109

0.00387307 8.35256e-05 0.000188394
8.35256e-05 0.00398143 -0.000260487
0.000188394 -0.000260487 -0.0108762

0.0059885 0.000183077 0.000226499
0.000183077 0.00584457 -0.000488546
0.000226499 -0.000488546 -0.0146746

0.00401189 0.000127774 2.01184e-05
0.000127774 0.00387319 -0.000206663
2.01184e-05 -0.000206663 -0.0108096

0.00397986 0.000110746 0.000146988
0.000110746 0.00425482 0.000293745
0.000146988 0.000293745 -0.0113388

0.00416422 -9.06477e-05 0.00036747
-9.06477e-05 0.00412299 -6.81625e-05
0.00036747 -6.81625e-05 -0.0106384

0.00393593 -5.68095e-05 0.000288099
-5.68095e-05 0.00415705 -8.95909e-05
0.000288099 -8.95909e-05 -0.0106378

0.00389329 2.49355e-05 0.000186155
2.49355e-05 0.00409847 1.1392e-05
0.000186155 1.1392e-05 -0.0106934

0.0038894 -3.94198e-05 -0.000164812
-3.94198e-05 0.00399101 -7.18854e-05
-0.000164812 -7.18854e-05 -0.0104242

0.00394867 -8.93082e-05 -0.000207246
-8.93082e-05 0.00400975 -0.000103915
-0.000207246 -0.000103915 -0.0104705

0.00563453 0.000214687 -0.000200744
0.000214687 0.00587845 -0.00033384
-0.000200744 -0.00033384 -0.0148201

0.00393978 -3.59546e-05 8.00242e-05
-3.59546e-05 0.00400158 -0.000127478
8.00242e-05 -0.000127478 -0.0105254

0.00387495 -0.000282979 0.000125808
-0.000282979 0.00399023 -0.000108081
0.000125808 -0.000108081 -0.0105325

0.00399917 -0.000109176 0.000278714
-0.000109176 0.00398041 -7.23576e-05
0.000278714 -7.23576e-05 -0.0106008

0.00403274 -3.19415e-07 0.000271905
-3.19415e-07 0.0040719 -4.00441e-05
0.000271905 -4.00441e-05 -0.0105794

0.00498396 0.000165622 -0.000445095
0.000165622 0.00472824 0.000237057
-0.000445095 0.000237057 -0.0127401

0.00650397 -0.000320145 0.000290096
-0.000320145 0.00675542 0.000837589
0.000290096 0.000837589 -0.0179107

0.00407554 8.03551e-05 0.000110151
8.03551e-05 0.0044912 0.000158209
0.000110151 0.000158209 -0.0113242

0.00398611 -9.21799e-06 -0.000175772
-9.21799e-06 0.0040051 -3.22819e-05
-0.000175772 -3.22819e-05 -0.0105013

0.00697744 -0.000241564 -0.000632101
-0.000241564 0.00676085 0.0013629
-0.000632101 0.0013629 -0.0187444

0.00664457 -5.33198e-05 -0.000699139
-5.33198e-05 0.00646961 -0.000972264
-0.000699139 -0.000972264 -0.0166676

0.00433053 0.00016637 -0.000258033
0.00016637 0.00448678 6.71018e-05
-0.000258033 6.71018e-05 -0.011599

0.00375363 -7.26801e-05 -0.000191649
-7.26801e-05 0.0042081 0.000164995
-0.000191649 0.000164995 -0.0110253

0.00393408 -0.000121422 -4.80738e-05
-0.000121422 0.00414513 0.000142181
-4.80738e-05 0.000142181 -0.0108699

0.00686166 -0.000169643 0.000908853
-0.000169643 0.00686046 -0.00015949
0.000908853 -0.00015949 -0.0177346

0.00555277 3.1102e-05 -0.000601382
3.1102e-05 0.00599709 0.000577458
-0.000601382 0.000577458 -0.0148547

0.00634619 0.000201635 -0.00119114
0.000201635 0.00695031 -0.000936765
-0.00119114 -0.000936765 -0.0173979

0.0042572 9.90094e-05 8.53654e-05
9.90094e-05 0.0044751 0.00034275
8.53654e-05 0.00034275 -0.0117681

0.00406976 8.76592e-06 -7.32e-06
8.76592e-06 0.00395548 9.99303e-05
-7.32e-06 9.99303e-05 -0.0107304

0.00409158 -6.87568e-06 -8.53681e-06
-6.87568e-06 0.00403071 2.01052e-05
-8.53681e-06 2.01052e-05 -0.010804

0.00397547 -5.77979e-06 -0.000249568
-5.77979e-06 0.00399542 0.000183257
-0.000249568 0.000183257 -0.0104954

0.00404913 -1.57968e-05 -6.17524e-05
-1.57968e-05 0.00387402 8.5259e-05
-6.17524e-05 8.5259e-05 -0.0104772

0.00537285 -0.000227673 0.000233844
-0.000227673 0.0051924 0.000575062
0.000233844 0.000575062 -0.0139738

0.00678615 7.8068e-05 0.000271148
7.8068e-05 0.00753478 0.000727836
0.000271148 0.000727836 -0.0183327

0.0037638 9.81065e-06 7.49106e-05
9.81065e-06 0.00378453 -0.000317937
7.49106e-05 -0.000317937 -0.0109751

0.00447629 -2.06645e-05 0.000308307
-2.06645e-05 0.0048117 0.000237975
0.000308307 0.000237975 -0.0122002

0.00597334 9.5072e-06 0.000974811
9.5072e-06 0.00665164 0.00011202
0.000974811 0.00011202 -0.0152881

0.00398716 -1.09151e-05 -7.48748e-05
-1.09151e-05 0.00388599 -0.0001608
-7.48748e-05 -0.0001608 -0.0101878

0.00471843 0.000169386 -0.000328981
0.000169386 0.00491284 0.000110763
-0.000328981 0.000110763 -0.012378

0.0055811 4.10293e-05 -0.000634675
4.10293e-05 0.00579997 0.000245595
-0.000634675 0.000245595 -0.0153266

0.00395202 -4.88413e-05 3.47298e-05
-4.88413e-05 0.00389192 -5.65476e-06
3.47298e-05 -5.65476e-06 -0.010552

0.00402278 4.5292e-05 0.000183505
4.5292e-05 0.00398483 9.3851e-05
0.000183505 9.3851e-05 -0.0105389

0.00609463 0.00161598 0.00130805
0.00161598 0.00836295 0.00534105
0.00130805 0.00534105 -0.0162927

0.00405816 0.000112872 0.000209877
0.000112872 0.0040159 0.000158079
0.000209877 0.000158079 -0.0104648

0.00619285 -0.000150571 -0.00085049
-0.000150571 0.00645887 -0.000998482
-0.00085049 -0.000998482 -0.0159106

0.0040076 5.55154e-05 0.000306998
5.55154e-05 0.00395861 0.000247973
0.000306998 0.000247973 -0.0105984

0.00394397 4.92872e-05 0.000217903
4.92872e-05 0.00461434 0.000121537
0.000217903 0.000121537 -0.0112934

0.00397617 -2.63346e-05 -1.06637e-05
-2.63346e-05 0.00388156 -0.000123231
-1.06637e-05 -0.000123231 -0.0104246

0.00283542 -0.000392948 -0.000448385
-0.000392948 -1.11022e-16 -0.00316378
-0.000448385 -0.00316378 -0.0133468

0.00642637 -0.000160064 0.000436849
-0.000160064 0.00712457 -0.00125646
0.000436849 -0.00125646 -0.0178776

0.00650915 9.69578e-06 0.000413922
9.69578e-06 0.0066269 -0.000677276
0.000413922 -0.000677276 -0.0183349

0.00633832 7.49764e-05 0.00012704
7.49764e-05 0.0076034 0.000697655
0.00012704 0.000697655 -0.0183667

0.00639527 0.000156707 -0.000105712
0.000156707 0.00663467 -0.00117532
-0.000105712 -0.00117532 -0.0165824

0.00650603 0.000348842 0.000307745
0.000348842 0.0064724 0.000840789
0.000307745 0.000840789 -0.016859

0.00686265 0.000110345 -0.00050863
0.000110345 0.006466 0.000718773
-0.00050863 0.000718773 -0.0176798

0.0040132 2.88366e-05 0.000145773
2.88366e-05 0.00388081 0.000281775
0.000145773 0.000281775 -0.0103717

0.00398032 6.394e-05 4.47791e-05
6.394e-05 0.00390023 9.3232e-05
4.47791e-05 9.3232e-05 -0.0104404

0.00392021 2.37487e-05 -0.0001479
2.37487e-05 0.00397039 0.000101241
-0.0001479 0.000101241 -0.0104948

0.00399965 0.000165323 0.000270748
0.000165323 0.00404602 8.25326e-05
0.000270748 8.25326e-05 -0.0105636

0.00641781 8.37544e-07 0.000433217
8.37544e-07 0.00686211 0.000363406
0.000433217 0.000363406 -0.0172148

0.00377774 -0.000165317 7.53581e-05
-0.000165317 0.00407415 6.94517e-05
7.53581e-05 6.94517e-05 -0.0104295

0.00684263 0.000967474 0.000441968
0.000967474 0.0065344 0.000803593
0.000441968 0.000803593 -0.0181148

0.00396596 -4.83328e-05 -0.000205416
-4.83328e-05 0.00402732 -5.37218e-05
-0.000205416 -5.37218e-05 -0.0104692

0.00472796 -3.87082e-05 -0.000227675
-3.87082e-05 0.00498251 0.000566721
-0.000227675 0.000566721 -0.013123

0.00413118 1.47144e-05 -0.000113372
1.47144e-05 0.00403843 2.38392e-05
-0.000113372 2.38392e-05 -0.0106652

0.00396902 -6.4599e-05 7.31999e-05
-6.4599e-05 0.00390561 -4.86299e-05
7.31999e-05 -4.86299e-05 -0.0105237

0.00402114 -3.59048e-05 0.000250608
-3.59048e-05 0.00397828 0.000146994
0.000250608 0.000146994 -0.0105479

0.00591913 -0.000117917 -0.000302255
-0.000117917 0.00580657 -0.000191043
-0.000302255 -0.000191043 -0.0149516

0.00617265 -2.20398e-05 -0.000729154
-2.20398e-05 0.00634148 -0.000177593
-0.000729154 -0.000177593 -0.0149824

0.00520868 -0.000255929 -0.000460478
-0.000255929 0.00508556 0.000124076
-0.000460478 0.000124076 -0.0132712

0.00400411 -0.000100703 1.6087e-05
-0.000100703 0.00389932 -0.000199376
1.6087e-05 -0.000199376 -0.0104228

0.00600846 -0.000938878 0.000193925
-0.000938878 0.00626895 -0.000104809
0.000193925 -0.000104809 -0.0180518

0.00662562 6.03745e-06 -0.000759365
6.03745e-06 0.00676967 0.000271562
-0.000759365 0.000271562 -0.0175564

0.00369145 6.49413e-05 2.63959e-05
6.49413e-05 0.00375928 9.81333e-05
2.63959e-05 9.81333e-05 -0.0102796

0.00589617 -0.000119146 -0.000975875
-0.000119146 0.00637852 -0.00064931
-0.000975875 -0.00064931 -0.0156733

0.00391694 1.71688e-05 0.000206693
1.71688e-05 0.00395455 0.00015022
0.000206693 0.00015022 -0.0104556

0.00399386 6.107e-05 -3.19846e-06
6.107e-05 0.00407651 3.07735e-05
-3.19846e-06 3.07735e-05 -0.010669

0.004027 -2.03151e-05 -5.19015e-05
-2.03151e-05 0.00385599 7.18688e-05
-5.19015e-05 7.18688e-05 -0.01058

0.00399372 1.06526e-05 -7.24715e-05
1.06526e-05 0.00388841 0.000100795
-7.24715e-05 0.000100795 -0.0104177

0.00394751 5.34842e-05 1.13147e-05
5.34842e-05 0.00409499 8.286e-05
1.13147e-05 8.286e-05 -0.0105483

0.0039261 -5.58202e-05 -0.000213511
-5.58202e-05 0.00396934 -6.77912e-05
-0.000213511 -6.77912e-05 -0.0103948

0.00530906 -0.000125775 0.000268085
-0.000125775 0.00509205 0.00046435
0.000268085 0.00046435 -0.0128767

0.0038411 0.000150836 -3.7173e-05
0.000150836 0.00406876 7.4396e-05
-3.7173e-05 7.4396e-05 -0.010526

0.00483663 0.000109632 -0.00158485
0.000109632 0.00529982 0.00251311
-0.00158485 0.00251311 -0.0140429

0.00391053 8.53547e-05 -2.41662e-06
8.53547e-05 0.00393903 0.000135953
-2.41662e-06 0.000135953 -0.0104548

0.0053353 -8.59431e-05 0.000241461
-8.59431e-05 0.00490997 0.000368233
0.000241461 0.000368233 -0.0138498

0.00629637 0.000155489 5.1872e-05
0.000155489 0.00674079 -0.00105067
5.1872e-05 -0.00105067 -0.0171444

0.00658331 -2.93342e-05 0.000988217
-2.93342e-05 0.00555516 0.00104963
0.000988217 0.00104963 -0.0175956

0.00408085 -3.3703e-05 -4.87108e-06
-3.3703e-05 0.00402373 9.82893e-06
-4.87108e-06 9.82893e-06 -0.0107989

0.00474201 -0.000294574 -0.000189802
-0.000294574 0.00465687 0.000295292
-0.000189802 0.000295292 -0.0123304

0.00395617 3.64391e-05 -0.000172022
3.64391e-05 0.00394704 2.63914e-05
-0.000172022 2.63914e-05 -0.0103333

0.00647475 -0.000238032 0.000699232
-0.000238032 0.00691694 -0.00121689
0.000699232 -0.00121689 -0.0170962

0.00407467 -1.76123e-05 0.000276222
-1.76123e-05 0.00394375 5.21162e-05
0.000276222 5.21162e-05 -0.0104735

0.004773 0.000194056 -8.64915e-05
0.000194056 0.00516271 0.000501715
-8.64915e-05 0.000501715 -0.0132979

0.0039825 9.7238e-05 -6.55048e-05
9.7238e-05 0.00404177 3.96221e-05
-6.55048e-05 3.96221e-05 -0.0105641

0.00648417 -1.55151e-05 0.000559012
-1.55151e-05 0.00677818 0.000532775
0.000559012 0.000532775 -0.0174328

0.00624768 0.000158389 0.000716406
0.000158389 0.00667016 0.000343891
0.000716406 0.000343891 -0.0172682

0.00376705 -0.000127774 5.04715e-05
-0.000127774 0.00412548 -0.000125489
5.04715e-05 -0.000125489 -0.0105024

0.00547002 0.00042752 -0.000240594
0.00042752 0.00523938 0.000427908
-0.000240594 0.000427908 -0.0135861

0.00393716 -6.3096e-05 -3.96508e-05
-6.3096e-05 0.00380389 -0.000305271
-3.96508e-05 -0.000305271 -0.0102282

0.00660816 -0.000182657 0.000350777
-0.000182657 0.0077618 0.000536409
0.000350777 0.000536409 -0.0182125

0.00576499 -0.00031019 0.000582965
-0.00031019 0.00723387 0.00070925
0.000582965 0.00070925 -0.017296

0.00609331 0.000176415 0.000498054
0.000176415 0.00734579 0.00256011
0.000498054 0.00256011 -0.0164792

0.00680511 0.00112755 -0.000690737
0.00112755 0.0049983 0.00078666
-0.000690737 0.00078666 -0.0174414

0.00413432 7.45579e-05 -0.000194338
7.45579e-05 0.00376921 -0.000226883
-0.000194338 -0.000226883 -0.0105351

0.00431211 4.10233e-05 -5.47028e-05
4.10233e-05 0.00455317 0.000360827
-5.47028e-05 0.000360827 -0.0119126

0.0040337 -9.12323e-05 0.000187265
-9.12323e-05 0.00436562 -0.000187643
0.000187265 -0.000187643 -0.0112816

0.00381068 -8.27208e-05 -1.88031e-05
-8.27208e-05 0.00372228 2.33563e-05
-1.88031e-05 2.33563e-05 -0.0103428

0.00663185 -1.43184e-05 0.000269257
-1.43184e-05 0.00656677 -0.00112725
0.000269257 -0.00112725 -0.0167137

0.00652885 -0.000235715 0.000816328
-0.000235715 0.00682299 0.000997974
0.000816328 0.000997974 -0.0173761

0.00448529 -9.51947e-05 0.000126883
-9.51947e-05 0.00459779 0.000327412
0.000126883 0.000327412 -0.0119137

0.00762448 0.000123893 0.000609041
0.000123893 0.00618732 -0.000434523
0.000609041 -0.000434523 -0.0187879

0.00395631 -0.000106222 -8.46838e-05
-0.000106222 0.00389622 -0.000224227
-8.46838e-05 -0.000224227 -0.0102091

0.00400299 0.000127861 0.000376232
0.000127861 0.00436972 -0.00032516
0.000376232 -0.00032516 -0.0113265

0.00495338 6.66096e-06 6.0992e-05
6.66096e-06 0.00503018 0.000361935
6.0992e-05 0.000361935 -0.013674

0.00415141 -0.000148515 0.000205143
-0.000148515 0.00416927 -0.000276112
0.000205143 -0.000276112 -0.0113073

0.00659414 -0.000114129 0.00028203
-0.000114129 0.00678675 0.00104418
0.00028203 0.00104418 -0.0180059

0.0066235 4.10812e-05 0.00067182
4.10812e-05 0.00655815 1.98116e-05
0.00067182 1.98116e-05 -0.0167251

0.00615754 -0.000371416 0.000670934
-0.000371416 0.00583776 0.000998925
0.000670934 0.000998925 -0.015589

0.00371807 4.67391e-05 0.000131954
4.67391e-05 0.00401061 -0.000171945
0.000131954 -0.000171945 -0.0106226

0.00543202 -0.00014791 0.000224316
-0.00014791 0.00528227 0.000467725
0.000224316 0.000467725 -0.0134312

0.00435168 5.03329e-05 -0.000421399
5.03329e-05 0.00457608 -8.02344e-05
-0.000421399 -8.02344e-05 -0.011912

0.00423619 -0.000101703 0.000113144
-0.000101703 0.0046335 0.00029556
0.000113144 0.00029556 -0.0118868

0.00595487 -0.000107872 -0.000184854
-0.000107872 0.00574385 0.000274205
-0.000184854 0.000274205 -0.0153591

0.00402056 3.93527e-05 1.30657e-05
3.93527e-05 0.00394674 0.000225419
1.30657e-05 0.000225419 -0.0104588

0.00539915 0.0002346 -0.000312108
0.0002346 0.0050933 0.000544366
-0.000312108 0.000544366 -0.0134029

0.00609416 0.000211846 0.000821391
0.000211846 0.00597184 -0.000711669
0.000821391 -0.000711669 -0.0155084

0.00383542 -0.000125423 -0.000234816
-0.000125423 0.00397463 -2.87857e-05
-0.000234816 -2.87857e-05 -0.0103226

0.00395416 -7.38566e-05 -0.000257786
-7.38566e-05 0.00399235 -4.4862e-05
-0.000257786 -4.4862e-05 -0.0103261

0.00649792 0.000296049 2.92858e-05
0.000296049 0.00597524 -0.000921888
2.92858e-05 -0.000921888 -0.0161804

0.00581388 9.33827e-05 0.000696775
9.33827e-05 0.00602768 0.000427859
0.000696775 0.000427859 -0.0151891

0.00464734 4.91349e-05 0.000428657
4.91349e-05 0.00479621 0.000166743
0.000428657 0.000166743 -0.0124449

0.00629133 2.82152e-05 0.000813549
2.82152e-05 0.00688208 9.78887e-05
0.000813549 9.78887e-05 -0.0170628

0.00560719 -0.000190613 0.000301569
-0.000190613 0.00753107 0.000882877
0.000301569 0.000882877 -0.0177937

0.00477225 0.000277754 0.000470479
0.000277754 0.00514966 0.00013188
0.000470479 0.00013188 -0.0126985

0.00391796 0.000166147 1.26648e-05
0.000166147 0.00381903 3.28166e-06
1.26648e-05 3.28166e-06 -0.010453

0.00379556 7.71657e-05 5.74962e-05
7.71657e-05 0.00391215 5.23609e-05
5.74962e-05 5.23609e-05 -0.0103564

0.0046298 -2.15452e-05 0.000322122
-2.15452e-05 0.00477307 -0.000176757
0.000322122 -0.000176757 -0.0126077

0.00586545 0.000566437 -4.78454e-05
0.000566437 0.00546902 -0.000279289
-4.78454e-05 -0.000279289 -0.0144529

0.00389735 0.000134947 3.13911e-05
0.000134947 0.00381859 6.21932e-06
3.13911e-05 6.21932e-06 -0.0104562

0.0054321 0.000321388 0.000192194
0.000321388 0.00493259 0.000206595
0.000192194 0.000206595 -0.0144004

0.00398153 -6.27569e-06 -7.69559e-05
-6.27569e-06 0.00385632 -0.000109312
-7.69559e-05 -0.000109312 -0.0102891

0.00547266 0.000246341 0.000471997
0.000246341 0.00506878 -0.000274428
0.000471997 -0.000274428 -0.0129781

0.00562915 -0.000359039 -0.000319034
-0.000359039 0.00504376 0.000105127
-0.000319034 0.000105127 -0.0146206

0.00529495 -0.000142992 0.00044171
-0.000142992 0.00541434 0.000397075
0.00044171 0.000397075 -0.0137795

0.00564837 5.0054e-05 0.000864984
5.0054e-05 0.00613716 -0.000404509
0.000864984 -0.000404509 -0.0152831

0.00415395 -0.000107543 0.000188576
-0.000107543 0.00469557 -0.000312104
0.000188576 -0.000312104 -0.0115947

0.00428512 1.37076e-05 0.000327172
1.37076e-05 0.00436929 -0.000206165
0.000327172 -0.000206165 -0.0115289

0.00463544 -2.61655e-05 0.000379803
-2.61655e-05 0.00462227 -0.000126078
0.000379803 -0.000126078 -0.012005

0.00399052 5.90296e-05 -0.000216079
5.90296e-05 0.00389517 6.95437e-05
-0.000216079 6.95437e-05 -0.0104053

0.00463625 -3.59641e-05 0.00036402
-3.59641e-05 0.00437038 -0.000185477
0.00036402 -0.000185477 -0.0118668

0.00396103 0.000254114 4.61289e-05
0.000254114 0.00398022 0.000140349
4.61289e-05 0.000140349 -0.0106825

0.00457517 0.000597634 -0.000641693
0.000597634 0.0052446 0.000867044
-0.000641693 0.000867044 -0.0174298

0.00564264 6.46449e-05 0.000494579
6.46449e-05 0.00571 0.000439316
0.000494579 0.000439316 -0.0149465

0.00549846 -0.00014964 0.000420625
-0.00014964 0.00539901 0.000227784
0.000420625 0.000227784 -0.0136032

0.00405212 -2.97078e-05 0.000136361
-2.97078e-05 0.00399277 -6.32796e-05
0.000136361 -6.32796e-05 -0.0104807

0.00527255 -0.000139811 0.000822742
-0.000139811 0.00520894 0.000270298
0.000822742 0.000270298 -0.0135117

0.0047496 0.000327657 -0.00033684
0.000327657 0.00485061 1.33158e-05
-0.00033684 1.33158e-05 -0.0125645

0.00404224 -0.000187829 0.000137332
-0.000187829 0.00417121 -0.000182987
0.000137332 -0.000182987 -0.0110234

0.00370644 -3.62573e-05 7.78676e-05
-3.62573e-05 0.003841 7.50728e-05
7.78676e-05 7.50728e-05 -0.010202

0.00373405 -0.000104815 4.31157e-05
-0.000104815 0.0042522 4.24517e-05
4.31157e-05 4.24517e-05 -0.0106289

0.00395494 4.13082e-05 0.000126294
4.13082e-05 0.00403858 0.00023706
0.000126294 0.00023706 -0.0107764

0.00422932 -1.32188e-05 -0.000110182
-1.32188e-05 0.00388366 -3.16268e-06
-0.000110182 -3.16268e-06 -0.0106123

0.00365072 2.49363e-05 2.68317e-05
2.49363e-05 0.00376801 -3.68328e-05
2.68317e-05 -3.68328e-05 -0.0102252

0.00405618 0.000221514 0.000115956
0.000221514 0.00439824 0.000260567
0.000115956 0.000260567 -0.0113342

0.00375878 -4.88534e-05 -2.50492e-05
-4.88534e-05 0.00399191 -7.07782e-05
-2.50492e-05 -7.07782e-05 -0.0105468

0.0039854 5.30949e-05 -0.000217424
5.30949e-05 0.00392804 6.42472e-05
-0.000217424 6.42472e-05 -0.0104053

0.00381176 -2.56484e-05 -1.85074e-05
-2.56484e-05 0.00392922 -6.67906e-05
-1.85074e-05 -6.67906e-05 -0.0105623

0.00721354 -0.000764364 0.000761844
-0.000764364 0.00726181 -0.000126398
0.000761844 -0.000126398 -0.0181896

0.00656352 8.92879e-05 0.000804557
8.92879e-05 0.00695632 -0.000595968
0.000804557 -0.000595968 -0.0177147

0.00676713 -2.10097e-05 9.22711e-05
-2.10097e-05 0.00725802 0.000441147
9.22711e-05 0.000441147 -0.0182763

0.00404409 4.31624e-05 9.58155e-05
4.31624e-05 0.003949 0.000202985
9.58155e-05 0.000202985 -0.0107785

0.00642346 0.000128731 0.00018719
0.000128731 0.00656182 -6.84799e-06
0.00018719 -6.84799e-06 -0.0175851

0.00432901 -6.36416e-06 -0.000236547
-6.36416e-06 0.00393932 0.000184117
-0.000236547 0.000184117 -0.011305

0.00400133 5.11165e-05 4.46856e-05
5.11165e-05 0.00411399 0.000220391
4.46856e-05 0.000220391 -0.0104722

0.0055191 5.3523e-05 -0.000655031
5.3523e-05 0.00550972 6.33676e-05
-0.000655031 6.33676e-05 -0.0139638

0.00559757 0.000190854 -0.000567371
0.000190854 0.00573222 0.000150602
-0.000567371 0.000150602 -0.0141116

0.00396242 0.000100508 8.25777e-05
0.000100508 0.00388241 0.000152436
8.25777e-05 0.000152436 -0.0103814

0.00415378 0.000168845 8.66964e-05
0.000168845 0.00424235 0.000309837
8.66964e-05 0.000309837 -0.0113551

0.00382683 -0.000152401 -1.42237e-06
-0.000152401 0.00406024 -6.38201e-05
-1.42237e-06 -6.38201e-05 -0.0104789

0.0065593 -2.42106e-05 -0.000660536
-2.42106e-05 0.00647236 -0.00103032
-0.000660536 -0.00103032 -0.0165263

0.00369916 -0.000240844 9.92732e-05
-0.000240844 0.00399901 4.37053e-06
9.92732e-05 4.37053e-06 -0.0104993

0.00571794 7.41228e-05 0.000466653
7.41228e-05 0.00575251 -0.000363332
0.000466653 -0.000363332 -0.0144924

0.00641704 7.82409e-05 0.000789335
7.82409e-05 0.00704834 -0.000711628
0.000789335 -0.000711628 -0.0175751

0.00391467 0.000104429 4.96521e-05
0.000104429 0.00401522 1.42791e-05
4.96521e-05 1.42791e-05 -0.010502

0.00400598 2.71702e-05 0.00023145
2.71702e-05 0.00411855 5.9268e-06
0.00023145 5.9268e-06 -0.0107464

0.00392041 4.72698e-05 -0.00022338
4.72698e-05 0.00390065 7.20006e-05
-0.00022338 7.20006e-05 -0.0104043

0.00408236 -2.49861e-05 0.000113768
-2.49861e-05 0.00400589 -1.30586e-05
0.000113768 -1.30586e-05 -0.0107054

0.00401879 -4.07244e-05 0.000156746
-4.07244e-05 0.00402217 3.59821e-05
0.000156746 3.59821e-05 -0.0106614

0.00396235 3.16099e-05 8.9054e-05
3.16099e-05 0.00380149 0.000100131
8.9054e-05 0.000100131 -0.0103114

0.00453502 -2.46843e-05 -0.000335919
-2.46843e-05 0.00463432 -0.000285924
-0.000335919 -0.000285924 -0.0118306

0.00404407 1.46242e-05 0.000282279
1.46242e-05 0.00402982 0.00012603
0.000282279 0.00012603 -0.010538

0.00642262 9.92973e-05 0.000772923
9.92973e-05 0.00679185 -0.000661856
0.000772923 -0.000661856 -0.0175639

0.00400219 -3.14646e-05 3.24199e-07
-3.14646e-05 0.00388142 -0.000125334
3.24199e-07 -0.000125334 -0.01042

0.00549963 0.000244991 -0.000648903
0.000244991 0.00560365 -0.000272668
-0.000648903 -0.000272668 -0.0139272

0.00624983 0.000145703 0.000215707
0.000145703 0.00594653 -0.000301741
0.000215707 -0.000301741 -0.0164804

0.00401251 -2.05179e-05 0.000191253
-2.05179e-05 0.00411978 -0.000192587
0.000191253 -0.000192587 -0.0104723

0.00412986 -0.000112227 0.000134786
-0.000112227 0.00399514 2.03646e-05
0.000134786 2.03646e-05 -0.0106691

0.00402873 -5.28303e-05 0.000163752
-5.28303e-05 0.00394813 -0.000109715
0.000163752 -0.000109715 -0.0105825

0.00392387 -0.000118806 7.33603e-05
-0.000118806 0.00391464 -2.15284e-05
7.33603e-05 -2.15284e-05 -0.0105414

0.00656737 0.00014093 0.000779664
0.00014093 0.00667905 -0.00051549
0.000779664 -0.00051549 -0.0177308

0.00389756 -8.78269e-05 0.000138247
-8.78269e-05 0.00388942 -0.000107417
0.000138247 -0.000107417 -0.0104902

0.00399921 -0.000108741 0.000267224
-0.000108741 0.00398078 -7.86775e-05
0.000267224 -7.86775e-05 -0.0105238

0.00394597 -3.89433e-05 -0.000167965
-3.89433e-05 0.00403865 -1.55374e-05
-0.000167965 -1.55374e-05 -0.0104514

0.00396073 -0.000116857 0.000122501
-0.000116857 0.00386796 -3.30642e-05
0.000122501 -3.30642e-05 -0.0104582

0.0039939 0.000125758 0.000151401
0.000125758 0.00398454 0.000160933
0.000151401 0.000160933 -0.0103484

0.00537117 -0.000225504 0.000247584
-0.000225504 0.005192 0.000516798
0.000247584 0.000516798 -0.0133967

0.00388078 -0.000105144 -1.44994e-05
-0.000105144 0.00401779 -8.57788e-05
-1.44994e-05 -8.57788e-05 -0.0105098

0.00400326 -0.000114281 0.00014347
-0.000114281 0.00388164 -0.0001112
0.00014347 -0.0001112 -0.0104904

0.00637286 5.07366e-05 -0.000271682
5.07366e-05 0.00626588 9.91613e-05
-0.000271682 9.91613e-05 -0.0168843

0.00402335 -3.76215e-05 0.000198303
-3.76215e-05 0.00390627 -5.81741e-05
0.000198303 -5.81741e-05 -0.0105558

0.00398682 -0.000141942 9.18432e-05
-0.000141942 0.00387563 -5.62798e-05
9.18432e-05 -5.62798e-05 -0.010591

0.00395237 2.09853e-05 7.95424e-05
2.09853e-05 0.00386217 0.000224186
7.95424e-05 0.000224186 -0.0103558

0.00380654 -0.00025432 0.000129828
-0.00025432 0.00401205 -8.33918e-05
0.000129828 -8.33918e-05 -0.0105122

0.00636752 -0.000126966 0.000347642
-0.000126966 0.00766265 0.00276865
0.000347642 0.00276865 -0.0175808

0.00395687 -9.12465e-05 9.58247e-05
-9.12465e-05 0.00417476 -0.000156448
9.58247e-05 -0.000156448 -0.0105967

0.0069179 7.27515e-05 -0.000818329
7.27515e-05 0.00646582 0.00114789
-0.000818329 0.00114789 -0.0177949

0.00434779 -0.000192131 0.000358525
-0.000192131 0.00467845 0.000446614
0.000358525 0.000446614 -0.0122611

0.00394295 -3.49922e-05 -0.000176316
-3.49922e-05 0.00399156 -4.31311e-05
-0.000176316 -4.31311e-05 -0.0104416

0.00613853 5.66025e-05 -0.00132537
5.66025e-05 0.00679281 -0.000463682
-0.00132537 -0.000463682 -0.0167291

0.00399819 -4.68808e-05 8.73476e-05
-4.68808e-05 0.00385759 0.000262107
8.73476e-05 0.000262107 -0.0103778

0 0 -0.000533941
0 0 0.00314001
-0.000533941 0.00314001 -0.0139977

0.00377844 -7.12076e-05 1.99617e-05
-7.12076e-05 0.00377522 -0.000138747
1.99617e-05 -0.000138747 -0.0102477

0.00369617 3.16299e-05 0.000170671
3.16299e-05 0.00381576 -0.000210363
0.000170671 -0.000210363 -0.0104432

0.00600897 -0.00134032 -0.00126074
-0.00134032 0.00792537 0.00390923
-0.00126074 0.00390923 -0.0169651

0.00568172 0.000211368 0.000768559
0.000211368 0.00538039 0.000332838
0.000768559 0.000332838 -0.0174816

0.00619324 0.000407197 -0.00232371
0.000407197 -0.000219916 0.00266661
-0.00232371 0.00266661 -0.0139934

0.00400851 1.917e-05 0.000144698
1.917e-05 0.00388378 0.000276423
0.000144698 0.000276423 -0.0103728

0.00520276 -8.65399e-05 0.000255166
-8.65399e-05 0.00467951 0.000371841
0.000255166 0.000371841 -0.0125695

0.00579366 5.31693e-05 0.000562441
5.31693e-05 0.0055474 -0.000239508
0.000562441 -0.000239508 -0.0144784

0.00419422 -9.59364e-05 9.71296e-05
-9.59364e-05 0.00462887 0.000227104
9.71296e-05 0.000227104 -0.0116188

0.00379473 6.5861e-05 4.4035e-05
6.5861e-05 0.00384922 -7.67882e-05
4.4035e-05 -7.67882e-05 -0.0104367

0.00441128 1.70306e-05 -0.000296082
1.70306e-05 0.0044327 -5.6382e-05
-0.000296082 -5.6382e-05 -0.0113243

0.00519496 0.000131538 -0.000789309
0.000131538 0.00556486 -0.000295207
-0.000789309 -0.000295207 -0.0137359

0.00397917 -1.38349e-05 -0.000192254
-1.38349e-05 0.00399495 6.58326e-06
-0.000192254 6.58326e-06 -0.0104889

0.00393905 -7.55959e-05 -0.000224683
-7.55959e-05 0.00399238 -4.09133e-05
-0.000224683 -4.09133e-05 -0.0103985

0.00563857 -3.61868e-05 0.000539542
-3.61868e-05 0.00559919 -0.000261815
0.000539542 -0.000261815 -0.014481

0.00535435 -0.000405634 -1.19411e-05
-0.000405634 0.00553649 0.000725803
-1.19411e-05 0.000725803 -0.0134732

0.00626487 8.55144e-05 -0.000364152
8.55144e-05 0.00574991 0.000206895
-0.000364152 0.000206895 -0.0152795

0.005278 4.90359e-05 0.000358817
4.90359e-05 0.0052423 0.000549751
0.000358817 0.000549751 -0.013563

0.00530275 -9.43018e-05 0.000252717
-9.43018e-05 0.00467597 0.000305551
0.000252717 0.000305551 -0.0136362

0.00668843 -0.000284753 0.000892096
-0.000284753 0.00684723 -0.000304849
0.000892096 -0.000304849 -0.0180711

0.00665412 -2.38226e-05 0.000331754
-2.38226e-05 0.00623264 0.000162135
0.000331754 0.000162135 -0.0165819

0.00678576 0.000765259 5.83773e-05
0.000765259 0.006008 0.000291171
5.83773e-05 0.000291171 -0.0183025

0.00403721 9.84492e-05 0.000118304
9.84492e-05 0.0038956 0.000235588
0.000118304 0.000235588 -0.0103535

0.00411598 -0.000116513 -3.07593e-05
-0.000116513 0.00420951 0.000147962
-3.07593e-05 0.000147962 -0.0108196

0.00406172 -1.34164e-05 -2.35647e-05
-1.34164e-05 0.00399013 -0.000160722
-2.35647e-05 -0.000160722 -0.0105414

0.00652936 -6.69368e-05 0.000572015
-6.69368e-05 0.00677968 -0.00138406
0.000572015 -0.00138406 -0.0171325

0.00429853 -7.70582e-05 -0.000337697
-7.70582e-05 0.00434583 -0.000179745
-0.000337697 -0.000179745 -0.0116114

0.00453163 3.73454e-05 -0.000139503
3.73454e-05 0.0046023 -0.000100302
-0.000139503 -0.000100302 -0.0117188

0.00463274 -3.24063e-05 0.000336511
-3.24063e-05 0.00462039 -0.000270202
0.000336511 -0.000270202 -0.0125459

0.00424635 0.000521945 0.000856967
0.000521945 0.00491364 -0.000473208
0.000856967 -0.000473208 -0.0129743

0.00418693 -0.00010917 4.07042e-05
-0.00010917 0.00462378 0.000215486
4.07042e-05 0.000215486 -0.0116198

0.00712701 -0.000279877 0.000674197
-0.000279877 0.00528288 -0.000142367
0.000674197 -0.000142367 -0.0179284

0.00472046 -9.33435e-05 0.000424359
-9.33435e-05 0.00558533 0.00020491
0.000424359 0.00020491 -0.012687

0.00569009 -2.05513e-05 0.000413283
-2.05513e-05 0.00553479 -0.000283725
0.000413283 -0.000283725 -0.0141754

0.00500872 0.000442217 -0.000408424
0.000442217 0.00559192 -0.000129913
-0.000408424 -0.000129913 -0.0131962

0.00402927 7.03046e-05 5.61534e-06
7.03046e-05 0.00382068 0.000105343
5.61534e-06 0.000105343 -0.0103788

0.0061725 -0.000661699 0.000286732
-0.000661699 0.00637293 0.000432776
0.000286732 0.000432776 -0.0180314

0.00405944 6.63743e-05 -5.0395e-05
6.63743e-05 0.00388038 0.000140604
-5.0395e-05 0.000140604 -0.0104666

0.00384541 -0.000167916 -0.000229727
-0.000167916 0.00395007 -0.000100898
-0.000229727 -0.000100898 -0.0103324

0.00411359 0.000215054 9.75354e-05
0.000215054 0.00379136 0.000234821
9.75354e-05 0.000234821 -0.0104857

0.00408116 1.59436e-05 -7.34614e-05
1.59436e-05 0.00399746 0.000193542
-7.34614e-05 0.000193542 -0.0104596

0.00426114 3.90255e-05 -3.80354e-05
3.90255e-05 0.00389052 0.00028323
-3.80354e-05 0.00028323 -0.0105561

0.00395931 -9.13947e-05 -0.000248901
-9.13947e-05 0.00400121 -0.00011224
-0.000248901 -0.00011224 -0.0103379

0.00409506 3.81865e-05 -7.002e-05
3.81865e-05 0.00397491 0.000148518
-7.002e-05 0.000148518 -0.0105026

0.00721732 -8.30542e-05 0.000482764
-8.30542e-05 0.00685816 6.04255e-05
0.000482764 6.04255e-05 -0.0180236

0.0039748 9.34117e-05 0.000229815
9.34117e-05 0.00381103 2.17779e-05
0.000229815 2.17779e-05 -0.0105549

0.003959 0.000107204 -0.000162319
0.000107204 0.0038925 0.000244595
-0.000162319 0.000244595 -0.0103512

0.00392976 -9.7613e-06 -7.75542e-05
-9.7613e-06 0.00399345 8.06631e-05
-7.75542e-05 8.06631e-05 -0.0105182

0.00400231 -1.16939e-05 -4.57898e-06
-1.16939e-05 0.0038154 -0.000180697
-4.57898e-06 -0.000180697 -0.0103747

0.00395692 -6.13216e-07 -0.000273318
-6.13216e-07 0.00397947 0.000124566
-0.000273318 0.000124566 -0.0104286

0.00393353 3.00075e-05 -0.000262448
3.00075e-05 0.00394122 0.000116847
-0.000262448 0.000116847 -0.0104107

0.00388961 1.48328e-05 -9.91883e-05
1.48328e-05 0.00408947 -4.51441e-05
-9.91883e-05 -4.51441e-05 -0.0106799

0.00403614 -4.03817e-06 -9.1372e-05
-4.03817e-06 0.00406566 3.4557e-05
-9.1372e-05 3.4557e-05 -0.010682

0.00529239 9.79528e-05 0.000814598
9.79528e-05 0.00570608 0.000520488
0.000814598 0.000520488 -0.0160239

0.00394863 -1.37462e-05 -0.000118551
-1.37462e-05 0.0038742 -0.000132442
-0.000118551 -0.000132442 -0.0102251

0.00613138 -1.94402e-05 -0.00111875
-1.94402e-05 0.00716493 -0.000767447
-0.00111875 -0.000767447 -0.017402

0.00440453 -0.000427299 -1.46638e-05
-0.000427299 0.00367787 -0.000703952
-1.46638e-05 -0.000703952 -0.0114969

0.0061289 -0.000194996 -0.000705475
-0.000194996 0.00643499 -0.000897217
-0.000705475 -0.000897217 -0.0162393

0.00404435 -2.84401e-05 0.000303817
-2.84401e-05 0.00390176 0.000158445
0.000303817 0.000158445 -0.0105426

0.0037263 6.09621e-05 0.000250012
6.09621e-05 0.00413817 5.12493e-05
0.000250012 5.12493e-05 -0.0109195

0.00421273 -0.00011271 0.000141785
-0.00011271 0.00407066 -0.000327017
0.000141785 -0.000327017 -0.0112316

0.00395107 6.97605e-06 -0.00027573
6.97605e-06 0.00401509 0.000124414
-0.00027573 0.000124414 -0.0103238

0.00372874 5.7227e-05 -1.12716e-05
5.7227e-05 0.00364198 0.000111165
-1.12716e-05 0.000111165 -0.0101743

0.00402833 1.50935e-05 -1.40191e-05
1.50935e-05 0.00435928 0.000321952
-1.40191e-05 0.000321952 -0.0117972

0.00625048 0.000219667 -0.000229426
0.000219667 0.00609539 0.000260767
-0.000229426 0.000260767 -0.0154659

0.00393854 2.53522e-05 -8.84154e-05
2.53522e-05 0.00401472 -1.16146e-05
-8.84154e-05 -1.16146e-05 -0.0104579

0.00407807 0.000246439 0.000106153
0.000246439 0.00401865 0.000130487
0.000106153 0.000130487 -0.010464

0.00389389 -6.75752e-05 -0.00017915
-6.75752e-05 0.00400122 -0.000114922
-0.00017915 -0.000114922 -0.0104847

0.00562294 0.000749553 -0.00116533
0.000749553 0.00691885 -0.000509894
-0.00116533 -0.000509894 -0.0173347

0.00394688 2.62229e-05 -0.000285937
2.62229e-05 0.00394292 0.000143831
-0.000285937 0.000143831 -0.0103022

0.00394555 -6.37698e-06 -0.000262109
-6.37698e-06 0.00398309 0.000155274
-0.000262109 0.000155274 -0.010344

0.00465484 5.65188e-05 -0.000401413
5.65188e-05 0.00501392 -0.000269496
-0.000401413 -0.000269496 -0.0127854

0.0038479 6.7758e-05 -0.000310509
6.7758e-05 0.00404761 -0.000122994
-0.000310509 -0.000122994 -0.0110082

0.00418512 0.000168837 0.000256375
0.000168837 0.00422404 0.000142622
0.000256375 0.000142622 -0.0119634

0.00407931 -0.000263433 -0.000221825
-0.000263433 0.00442211 -6.44655e-05
-0.000221825 -6.44655e-05 -0.0113199

0.00440189 -4.78093e-05 -9.16013e-05
-4.78093e-05 0.00514534 -0.000426558
-9.16013e-05 -0.000426558 -0.0130403

0.0040417 -4.24278e-05 3.09195e-07
-4.24278e-05 0.00361581 0.000303761
3.09195e-07 0.000303761 -0.0102694

0.00606083 -0.000260968 -0.000437849
-0.000260968 0.00627355 -0.000477702
-0.000437849 -0.000477702 -0.0162128

0.0037148 8.00904e-05 2.65797e-05
8.00904e-05 0.00395907 0.000260077
2.65797e-05 0.000260077 -0.0105819

0.00421919 -2.36002e-05 0.000196975
-2.36002e-05 0.00469372 0.00034732
0.000196975 0.00034732 -0.0118876

0.00481909 -3.75756e-05 -0.000381546
-3.75756e-05 0.00505231 -0.000263071
-0.000381546 -0.000263071 -0.0128035

0.00435982 6.97967e-05 -0.000127479
6.97967e-05 0.00461551 -0.000499911
-0.000127479 -0.000499911 -0.0121592

0.00492599 0.000102415 -5.38734e-05
0.000102415 0.00470913 -0.00057749
-5.38734e-05 -0.00057749 -0.0125215

0.00415993 0.000246036 -0.000170635
0.000246036 0.00455822 -0.000277877
-0.000170635 -0.000277877 -0.0118234

0.00485704 -0.000140565 -0.000406449
-0.000140565 0.00481406 0.000347555
-0.000406449 0.000347555 -0.0121277

0.00397455 6.11607e-05 5.97699e-05
6.11607e-05 0.00427559 -9.38051e-05
5.97699e-05 -9.38051e-05 -0.010977

0.00639381 0.000266848 0.000379541
0.000266848 0.0059682 -0.000781603
0.000379541 -0.000781603 -0.0158208

0.00396901 0.000102504 9.20031e-05
0.000102504 0.0037657 5.2082e-05
9.20031e-05 5.2082e-05 -0.0105231

0.00397116 -2.85584e-05 -0.00014235
-2.85584e-05 0.00403424 -4.40368e-06
-0.00014235 -4.40368e-06 -0.0104859

0.00377787 3.28093e-05 6.79496e-05
3.28093e-05 0.00389919 3.20502e-05
6.79496e-05 3.20502e-05 -0.0103306

0.00409777 -8.14149e-05 5.64559e-05
-8.14149e-05 0.00407271 -5.42739e-05
5.64559e-05 -5.42739e-05 -0.0106528

0.00488572 0.000238966 -0.000543208
0.000238966 0.00531221 -8.93306e-05
-0.000543208 -8.93306e-05 -0.0131462

0.00396222 -8.73206e-05 -6.18564e-05
-8.73206e-05 0.00395548 -0.000132668
-6.18564e-05 -0.000132668 -0.0104116

0.00383233 -0.000200114 -7.94337e-05
-0.000200114 0.00383792 -0.00019068
-7.94337e-05 -0.00019068 -0.0105173

0.00562488 2.32446e-05 0.000694513
2.32446e-05 0.00563358 0.000671491
0.000694513 0.000671491 -0.0144734

0.00496085 -0.000147057 -0.000201145
-0.000147057 0.00503667 -0.000255337
-0.000201145 -0.000255337 -0.0127897

0.0058282 0.000310746 0.000891746
0.000310746 0.00587056 0.000847619
0.000891746 0.000847619 -0.0143444

0.00394629 4.74875e-06 0.000124429
4.74875e-06 0.00375319 -2.64247e-05
0.000124429 -2.64247e-05 -0.0104179

0.00530144 -0.000257128 -0.000299797
-0.000257128 0.00507099 -0.000253298
-0.000299797 -0.000253298 -0.013473

0.00538384 -0.000324294 0.000510924
-0.000324294 0.00513655 0.000339255
0.000510924 0.000339255 -0.0134884

0.00533528 -0.000298159 0.000330904
-0.000298159 0.00514738 0.000340761
0.000330904 0.000340761 -0.0137904

0.00392716 1.9852e-05 -0.000263998
1.9852e-05 0.00394637 0.000163581
-0.000263998 0.000163581 -0.0102975

0.00611488 -0.000170043 -0.000641275
-0.000170043 0.00639719 -0.000994722
-0.000641275 -0.000994722 -0.0164909

0.00538384 -0.000161779 0.000195831
-0.000161779 0.0054805 0.000363766
0.000195831 0.000363766 -0.0138449

0.00406641 7.53227e-05 0.000244365
7.53227e-05 0.00408793 0.000141481
0.000244365 0.000141481 -0.010648

0.00395171 8.05559e-05 -0.000311029
8.05559e-05 0.00390574 0.000145513
-0.000311029 0.000145513 -0.0103491

0.00405544 0.000111886 0.000240841
0.000111886 0.00409266 0.000102497
0.000240841 0.000102497 -0.0106288

0.00402113 9.625e-06 0.000219753
9.625e-06 0.00389879 0.000249707
0.000219753 0.000249707 -0.0104398

0.00649796 -7.67393e-05 -0.000146538
-7.67393e-05 0.00642773 -0.00123957
-0.000146538 -0.00123957 -0.0162912

0.00471735 -6.99332e-05 0.000100088
-6.99332e-05 0.00453488 0.000352421
0.000100088 0.000352421 -0.0118688

0.00540427 -0.000139963 0.000488053
-0.000139963 0.00512332 4.87002e-05
0.000488053 4.87002e-05 -0.0132368

0.0040148 2.97425e-05 -1.93618e-05
2.97425e-05 0.00391613 0.000203364
-1.93618e-05 0.000203364 -0.0102774

0.00396833 2.38657e-05 -7.27442e-05
2.38657e-05 0.00407232 8.89122e-05
-7.27442e-05 8.89122e-05 -0.0107908

0.00470983 -0.000114895 8.29441e-05
-0.000114895 0.00435254 0.00024105
8.29441e-05 0.00024105 -0.0119069

0.004015 2.96251e-05 6.92154e-05
2.96251e-05 0.00382475 0.000119129
6.92154e-05 0.000119129 -0.0104473

0.00402359 4.74941e-05 1.99556e-05
4.74941e-05 0.00385511 4.08849e-05
1.99556e-05 4.08849e-05 -0.0102509

0.00655777 0.000151992 -0.00104464
0.000151992 0.00692907 -0.000877974
-0.00104464 -0.000877974 -0.0175604

0.00610882 -6.76622e-05 -3.83028e-05
-6.76622e-05 0.00582872 -0.00093
-3.83028e-05 -0.00093 -0.0152986

0.00487663 -0.000119893 -0.000423612
-0.000119893 0.00555852 -0.000148937
-0.000423612 -0.000148937 -0.0133012

0.00411488 -0.00013102 1.78206e-05
-0.00013102 0.00476402 6.32815e-05
1.78206e-05 6.32815e-05 -0.0122605

0.00408801 0.000121468 0.000122274
0.000121468 0.00425339 0.0002945
0.000122274 0.0002945 -0.0113372

0.00459616 3.37025e-05 8.77632e-05
3.37025e-05 0.00469577 -0.000554076
8.77632e-05 -0.000554076 -0.0125434

0.00415895 -8.25441e-05 0.000221212
-8.25441e-05 0.00449411 -0.000338623
0.000221212 -0.000338623 -0.0114919

0.00535318 -7.60589e-05 0.000306575
-7.60589e-05 0.00514615 0.00047193
0.000306575 0.00047193 -0.0135066

0.00401683 -7.31616e-05 9.62422e-05
-7.31616e-05 0.0043858 0.000107506
9.62422e-05 0.000107506 -0.010671

0.00372522 0.000193618 0.00011406
0.000193618 0.00395119 4.17333e-05
0.00011406 4.17333e-05 -0.0105651

0.00374492 0.000131241 -2.99635e-05
0.000131241 0.00403856 0.000176545
-2.99635e-05 0.000176545 -0.0104969

0.00380799 5.47318e-05 0.000115084
5.47318e-05 0.00348856 0.000339414
0.000115084 0.000339414 -0.0103419

0.00418206 -0.000107052 0.000119002
-0.000107052 0.00462728 0.000251906
0.000119002 0.000251906 -0.0117571

0.00390604 8.35092e-05 2.97207e-05
8.35092e-05 0.00396609 -7.72591e-05
2.97207e-05 -7.72591e-05 -0.0104888

0.00395897 -5.60107e-05 8.45864e-05
-5.60107e-05 0.00414164 -5.23548e-05
8.45864e-05 -5.23548e-05 -0.0106738

0.00392632 -6.06974e-05 9.93141e-05
-6.06974e-05 0.00399298 -0.000172532
9.93141e-05 -0.000172532 -0.0103773

0.00397077 -3.14979e-05 -0.000180423
-3.14979e-05 0.00403051 -8.51907e-06
-0.000180423 -8.51907e-06 -0.0104724

0.00491735 -0.000135269 -0.000503394
-0.000135269 0.00531452 4.82205e-05
-0.000503394 4.82205e-05 -0.0132566

0.00676442 -0.00127573 -0.000223176
-0.00127573 0.00662042 0.000652128
-0.000223176 0.000652128 -0.018567

0.00433986 4.60158e-05 -0.000297405
4.60158e-05 0.00468176 0.000144879
-0.000297405 0.000144879 -0.0121273

0.00379033 -5.70477e-05 8.25268e-05
-5.70477e-05 0.00393111 -0.000286471
8.25268e-05 -0.000286471 -0.0107932

0.00517404 -8.26988e-06 -0.000743632
-8.26988e-06 0.00552325 0.000110662
-0.000743632 0.000110662 -0.0138243

0.00407605 9.75552e-05 0.000324634
9.75552e-05 0.00405215 0.000142847
0.000324634 0.000142847 -0.0107422

0.00396084 -3.33824e-05 -0.000169624
-3.33824e-05 0.00403273 -1.06897e-06
-0.000169624 -1.06897e-06 -0.0104729

0.00372651 7.52893e-05 8.83338e-05
7.52893e-05 0.00369164 0.000207828
8.83338e-05 0.000207828 -0.0102588

0.00402971 9.79667e-05 -1.41103e-05
9.79667e-05 0.00393149 0.000119463
-1.41103e-05 0.000119463 -0.0105072

0.00667266 -0.00012757 0.000757025
-0.00012757 0.00676332 -0.00150952
0.000757025 -0.00150952 -0.0169466

0.00499021 7.25511e-05 -0.000113607
7.25511e-05 0.00495445 -0.000375468
-0.000113607 -0.000375468 -0.0130538

0.00384273 -6.93056e-05 -6.61262e-05
-6.93056e-05 0.00385416 -7.66645e-05
-6.61262e-05 -7.66645e-05 -0.0105325

0.00391756 0.000227134 2.09404e-05
0.000227134 0.0038625 2.56903e-05
2.09404e-05 2.56903e-05 -0.0106371

0.00580017 -5.32296e-05 -1.19957e-07
-5.32296e-05 0.00531027 0.000561779
-1.19957e-07 0.000561779 -0.0146618

0.00419445 -9.19824e-05 0.000173028
-9.19824e-05 0.00463289 0.000262757
0.000173028 0.000262757 -0.0117581

0.00557404 0.000102273 0.000452109
0.000102273 0.00546401 8.40121e-05
0.000452109 8.40121e-05 -0.0147479

0.00399637 1.13314e-05 0.000283458
1.13314e-05 0.00407672 -7.87784e-05
0.000283458 -7.87784e-05 -0.0106217

0.00488765 0.000212912 -0.000543789
0.000212912 0.00553001 6.34983e-05
-0.000543789 6.34983e-05 -0.0133024

0.00399238 1.62813e-05 0.000186647
1.62813e-05 0.00393583 0.00011952
0.000186647 0.00011952 -0.0104726

0.00646177 0.000117073 0.000154477
0.000117073 0.00848416 1.22145e-05
0.000154477 1.22145e-05 -0.0182268

0.00573742 5.10215e-07 0.000520458
5.10215e-07 0.00551173 -0.000337972
0.000520458 -0.000337972 -0.0142531

0.00579232 -9.61636e-05 -1.95984e-05
-9.61636e-05 0.00508734 0.000558137
-1.95984e-05 0.000558137 -0.0138251

0.00653327 0.000159531 -7.96294e-05
0.000159531 0.00636544 -0.000907971
-7.96294e-05 -0.000907971 -0.0168418

0.00705754 0.000232717 0.000477326
0.000232717 0.00557198 0.000837133
0.000477326 0.000837133 -0.0184695

0.0040646 0.000239033 0.000120621
0.000239033 0.00401476 0.0001409
0.000120621 0.0001409 -0.0104478

0.00399252 2.12126e-05 0.000187406
2.12126e-05 0.00397287 8.03147e-05
0.000187406 8.03147e-05 -0.010501

0.00635459 0.000144249 0.000989128
0.000144249 0.00678334 -0.000528078
0.000989128 -0.000528078 -0.0173376

0.00399677 0.000135975 -5.3464e-06
0.000135975 0.00394362 9.79222e-05
-5.3464e-06 9.79222e-05 -0.0105072

0.00653508 -0.000115381 -0.000403544
-0.000115381 0.00625947 -0.000805029
-0.000403544 -0.000805029 -0.0163315

0.0063505 -0.000166767 0.000106552
-0.000166767 0.00648756 -0.00118889
0.000106552 -0.00118889 -0.0166003

0.00391153 -1.20127e-05 -0.000130644
-1.20127e-05 0.0040913 -1.81533e-05
-0.000130644 -1.81533e-05 -0.0107305

0.00400538 0.00028167 7.87662e-05
0.00028167 0.00384113 0.000176118
7.87662e-05 0.000176118 -0.0108365

0.00402274 4.1705e-05 2.57823e-05
4.1705e-05 0.00384388 0.000106983
2.57823e-05 0.000106983 -0.0102663

0.00396977 3.27595e-05 -0.000128896
3.27595e-05 0.00396991 -7.42039e-05
-0.000128896 -7.42039e-05 -0.010673

0.00395219 -3.54895e-05 -0.000168277
-3.54895e-05 0.00403456 -2.04678e-06
-0.000168277 -2.04678e-06 -0.0104723

0.00395498 -3.27263e-05 -0.000166077
-3.27263e-05 0.0040335 -4.59668e-06
-0.000166077 -4.59668e-06 -0.0104634

0.00664773 -0.000436055 0.000810466
-0.000436055 0.00678035 -0.00120545
0.000810466 -0.00120545 -0.0175154

0.00626421 -0.000454135 0.000223116
-0.000454135 0.00726781 0.000959489
0.000223116 0.000959489 -0.0184231

0.00386493 -2.07794e-05 -0.000163478
-2.07794e-05 0.00401265 2.3124e-05
-0.000163478 2.3124e-05 -0.0105446

0.00638545 7.64238e-05 0.000871601
7.64238e-05 0.006784 -0.00105353
0.000871601 -0.00105353 -0.0171076

0.00401394 0.000130905 5.20153e-05
0.000130905 0.00375286 1.76642e-05
5.20153e-05 1.76642e-05 -0.0104949

0.00379842 -3.93018e-05 4.5918e-05
-3.93018e-05 0.00367636 -4.72255e-05
4.5918e-05 -4.72255e-05 -0.0102254

0.00430453 -0.000139315 -4.68847e-05
-0.000139315 0.00424355 5.95532e-05
-4.68847e-05 5.95532e-05 -0.0114734

0.00401497 2.85639e-05 6.91889e-05
2.85639e-05 0.00382351 0.000165485
6.91889e-05 0.000165485 -0.0103892

0.00637609 0.000150202 0.000937992
0.000150202 0.00685243 -0.000800691
0.000937992 -0.000800691 -0.0169205

0.00401158 -9.0052e-05 6.10641e-05
-9.0052e-05 0.00393919 -7.71216e-05
6.10641e-05 -7.71216e-05 -0.010595

0.00406484 0.000248534 0.000122388
0.000248534 0.00402291 0.000117152
0.000122388 0.000117152 -0.0104586

0.00570981 0.000222222 0.000497809
0.000222222 0.00528783 1.00968e-05
0.000497809 1.00968e-05 -0.0142539

0.00394255 -3.75152e-05 -0.000156528
-3.75152e-05 0.00403942 -1.69302e-05
-0.000156528 -1.69302e-05 -0.0104812

0.00528812 0.000300818 -0.000162234
0.000300818 0.00527042 0.000167625
-0.000162234 0.000167625 -0.0135253

0.00410351 -0.000136559 0.000182758
-0.000136559 0.00421387 -0.000137763
0.000182758 -0.000137763 -0.0112072

0.00395605 0.000135964 6.05129e-05
0.000135964 0.0038767 0.000137319
6.05129e-05 0.000137319 -0.0104114

0.00394753 0.000178365 -2.52897e-05
0.000178365 0.0038422 0.000177118
-2.52897e-05 0.000177118 -0.0104261

0.00572416 0.000176223 0.000424614
0.000176223 0.00524208 -5.05011e-06
0.000424614 -5.05011e-06 -0.0142035

0.00396813 6.44015e-05 8.74541e-05
6.44015e-05 0.00389083 -5.85785e-05
8.74541e-05 -5.85785e-05 -0.0105424

0.00406287 0.000240492 0.000129756
0.000240492 0.00401634 0.000139091
0.000129756 0.000139091 -0.0104837

0.00668174 -7.49298e-05 0.000204366
-7.49298e-05 0.00629844 -0.000913829
0.000204366 -0.000913829 -0.0166823

0.00571476 0.000202836 0.000479944
0.000202836 0.00532027 -1.15056e-05
0.000479944 -1.15056e-05 -0.0143822

0.00401574 2.89018e-05 5.22933e-05
2.89018e-05 0.00382364 0.000160473
5.22933e-05 0.000160473 -0.0103932

0.00397335 -5.32477e-05 5.97041e-05
-5.32477e-05 0.00359257 -4.51403e-06
5.97041e-05 -4.51403e-06 -0.010344

0.00420566 -0.000205601 1.20263e-05
-0.000205601 0.00424983 0.000158181
1.20263e-05 0.000158181 -0.0114063

0.00396786 -9.11377e-05 -0.000144103
-9.11377e-05 0.00401102 3.27644e-05
-0.000144103 3.27644e-05 -0.0105638

0.00402578 4.37168e-05 7.54203e-06
4.37168e-05 0.00384476 0.000102229
7.54203e-06 0.000102229 -0.0102748

0.00404683 7.25714e-05 -0.000212902
7.25714e-05 0.00400877 -0.000200306
-0.000212902 -0.000200306 -0.0104532

0.00399542 -3.98835e-05 -0.000172284
-3.98835e-05 0.003996 1.04093e-05
-0.000172284 1.04093e-05 -0.0104959

0.00400236 -4.06892e-05 -0.000144738
-4.06892e-05 0.00406581 -1.16575e-05
-0.000144738 -1.16575e-05 -0.0106635

0.00656081 -6.49235e-06 -0.000861877
-6.49235e-06 0.00673905 -0.00068853
-0.000861877 -0.00068853 -0.0174112

0.00490484 -1.94151e-05 0.000606503
-1.94151e-05 0.00572696 0.000208199
0.000606503 0.000208199 -0.0180584

0.00394267 -3.53829e-05 -0.000162741
-3.53829e-05 0.00402629 -3.35812e-06
-0.000162741 -3.35812e-06 -0.0104609

0.00387923 0.000102673 8.8963e-06
0.000102673 0.00390951 0.000173009
8.8963e-06 0.000173009 -0.0102763

0.00402942 0.000157612 0.0001147
0.000157612 0.00384614 0.00015713
0.0001147 0.00015713 -0.0103683

0.0040184 7.83306e-05 0.000261105
7.83306e-05 0.00400677 0.000147754
0.000261105 0.000147754 -0.010549

0.00403346 0.000176444 0.000121626
0.000176444 0.00389465 0.000163454
0.000121626 0.000163454 -0.0103736

0.00410817 9.1658e-05 0.000245354
9.1658e-05 0.00404866 0.000164413
0.000245354 0.000164413 -0.0106591

0.00368079 4.87432e-05 -2.62205e-05
4.87432e-05 0.00374498 -3.59098e-05
-2.62205e-05 -3.59098e-05 -0.0102552

0.00366941 9.67801e-05 0.000201769
9.67801e-05 0.0037982 -5.60707e-05
0.000201769 -5.60707e-05 -0.0104919

0.0059585 0.0002862 -0.000758231
0.0002862 0.00670975 0.000241582
-0.000758231 0.000241582 -0.0175413

0.003921 4.32965e-05 -0.000222375
4.32965e-05 0.00392767 6.52318e-05
-0.000222375 6.52318e-05 -0.010403

0.00402787 4.38384e-05 -9.92571e-06
4.38384e-05 0.00390001 0.000302012
-9.92571e-06 0.000302012 -0.0105204

0.00396163 -3.0887e-05 -0.000171336
-3.0887e-05 0.00403172 -1.20179e-05
-0.000171336 -1.20179e-05 -0.0104748

0.00458679 0.000115511 0.000379076
0.000115511 0.00482664 0.000157319
0.000379076 0.000157319 -0.012446

0.00400265 8.65031e-05 -3.80017e-06
8.65031e-05 0.00393714 0.000142551
-3.80017e-06 0.000142551 -0.0104777

0.00494497 0.000250466 -0.000512885
0.000250466 0.00540598 0.00013178
-0.000512885 0.00013178 -0.0133012

0.00394491 -0.000144141 1.49507e-05
-0.000144141 0.00418732 -2.18424e-05
1.49507e-05 -2.18424e-05 -0.0106893

0.00586139 0.000159509 -0.000465317
0.000159509 0.00590748 -0.000122582
-0.000465317 -0.000122582 -0.0181177

0.00454769 -9.99333e-05 -0.000291054
-9.99333e-05 0.00472697 -0.000191129
-0.000291054 -0.000191129 -0.0122092

0.00423244 1.92088e-05 0.000125166
1.92088e-05 0.00437154 0.000318909
0.000125166 0.000318909 -0.0116815

0.00371514 6.60518e-05 7.65551e-05
6.60518e-05 0.0037408 -4.26563e-05
7.65551e-05 -4.26563e-05 -0.0102132

0.00632672 0.000149028 -0.000629563
0.000149028 0.00682407 -0.000327554
-0.000629563 -0.000327554 -0.0171479

0.0040159 0.000142052 0.000155157
0.000142052 0.00387003 0.00024578
0.000155157 0.00024578 -0.0104498

0.00555227 -1.05425e-05 3.27594e-07
-1.05425e-05 0.00557557 0.000260202
3.27594e-07 0.000260202 -0.0147307

0.00613469 -0.000168627 0.000194093
-0.000168627 0.00562893 0.000439275
0.000194093 0.000439275 -0.0148701

0.00618357 3.1054e-05 -0.000957709
3.1054e-05 0.00679737 -0.000782421
-0.000957709 -0.000782421 -0.0174178

0.00488308 -0.000119806 -0.000273185
-0.000119806 0.00476367 7.09357e-05
-0.000273185 7.09357e-05 -0.0124258

0.00653656 -0.000121268 -0.00041337
-0.000121268 0.00623073 -0.000500197
-0.00041337 -0.000500197 -0.0176173

0.006614 0.000305725 0.000510162
0.000305725 0.00658222 -3.4844e-05
0.000510162 -3.4844e-05 -0.0177373

0.00388581 6.07948e-05 -8.64657e-05
6.07948e-05 0.00390874 1.70238e-05
-8.64657e-05 1.70238e-05 -0.0105267

0.00405826 1.97124e-05 1.44121e-05
1.97124e-05 0.00390214 0.00013444
1.44121e-05 0.00013444 -0.0104534

0.00541522 0.000231227 9.44011e-05
0.000231227 0.00530093 -6.67393e-05
9.44011e-05 -6.67393e-05 -0.0141667

0.00646226 9.60816e-05 -0.000756096
9.60816e-05 0.00681195 -0.000776891
-0.000756096 -0.000776891 -0.0175221

0.00694694 0.000209461 -0.000948618
0.000209461 0.0068357 -0.000803144
-0.000948618 -0.000803144 -0.0175728

0.00666205 0.000396338 0.000341503
0.000396338 0.00747349 -0.000936694
0.000341503 -0.000936694 -0.0190292

0.00424576 0.000159243 -6.40592e-05
0.000159243 0.00391067 0.000160118
-6.40592e-05 0.000160118 -0.0104891

0.00503876 -0.000868647 -0.000158802
-0.000868647 0.00469276 0.000290151
-0.000158802 0.000290151 -0.0179628

0.00665035 -3.05937e-05 -0.00063644
-3.05937e-05 0.00643351 -0.000993305
-0.00063644 -0.000993305 -0.0165581

0.00405598 0.000105326 0.000191973
0.000105326 0.003902 0.000208763
0.000191973 0.000208763 -0.0104224

0.00547313 -0.000395363 0.00116259
-0.000395363 0.00697857 -0.000701903
0.00116259 -0.000701903 -0.0167136

0.00572468 -0.000204974 0.000309812
-0.000204974 0.00619708 0.000525407
0.000309812 0.000525407 -0.015211

0.00650202 -0.000402966 -0.000142871
-0.000402966 0.00687466 -0.000603341
-0.000142871 -0.000603341 -0.0180534

0.00393274 7.65197e-05 -0.000339879
7.65197e-05 0.00390514 0.000138893
-0.000339879 0.000138893 -0.0103921

0.00395899 -3.17359e-05 -0.000171584
-3.17359e-05 0.00404748 -5.01698e-05
-0.000171584 -5.01698e-05 -0.0104669

0.00632386 -0.000317013 0.000347441
-0.000317013 0.00618189 0.000526571
0.000347441 0.000526571 -0.0152105

0.00389335 -1.66227e-05 5.38811e-05
-1.66227e-05 0.00374426 -2.34936e-06
5.38811e-05 -2.34936e-06 -0.010492

0.00429497 0.000382676 -0.000209024
0.000382676 0.00462873 -0.000391753
-0.000209024 -0.000391753 -0.0118956

0.00628128 -0.000127557 0.000498201
-0.000127557 0.00620557 0.000522829
0.000498201 0.000522829 -0.015511

0.00599619 -0.000332148 7.02096e-05
-0.000332148 0.00579503 0.000156363
7.02096e-05 0.000156363 -0.014929

0.00398404 -4.60191e-05 -0.000129123
-4.60191e-05 0.00399538 1.14545e-05
-0.000129123 1.14545e-05 -0.0104759

0.00539609 -5.94015e-06 2.69595e-05
-5.94015e-06 0.00506673 0.000748269
2.69595e-05 0.000748269 -0.0169306

0.00639786 0.000139701 -0.00024877
0.000139701 0.00681431 -0.00150694
-0.00024877 -0.00150694 -0.0168391

0.00390515 3.0487e-05 -0.000160133
3.0487e-05 0.00389432 0.000140026
-0.000160133 0.000140026 -0.0106661

0.00390437 2.31428e-05 -0.00015184
2.31428e-05 0.0039344 0.000140106
-0.00015184 0.000140106 -0.0106986

0.00444127 6.3955e-05 -0.000200913
6.3955e-05 0.00403997 -0.000159894
-0.000200913 -0.000159894 -0.0111589

0.00392331 5.77877e-05 -5.44717e-05
5.77877e-05 0.00398334 -2.75845e-05
-5.44717e-05 -2.75845e-05 -0.0104964

0.00827626 9.56156e-05 0.000105548
9.56156e-05 0.00350084 0.000585775
0.000105548 0.000585775 -0.017973

0.00396224 -0.000127005 3.96002e-05
-0.000127005 0.00378482 0.000114338
3.96002e-05 0.000114338 -0.0105972

0.00405094 0.000118673 5.25779e-05
0.000118673 0.00412987 6.81403e-05
5.25779e-05 6.81403e-05 -0.0105232

0.00389875 4.81522e-05 -5.14435e-05
4.81522e-05 0.00401182 -8.06427e-05
-5.14435e-05 -8.06427e-05 -0.0105558

0.00373817 0.000166757 -4.63294e-06
0.000166757 0.00388547 0.000149628
-4.63294e-06 0.000149628 -0.0103884

0.00394356 -3.2185e-05 -0.000166005
-3.2185e-05 0.00401991 -2.15886e-05
-0.000166005 -2.15886e-05 -0.0104512

0.00388955 2.85586e-05 -3.94139e-05
2.85586e-05 0.00395369 0.000113472
-3.94139e-05 0.000113472 -0.01046

0.00403854 0.000201067 -3.52525e-05
0.000201067 0.00390978 0.000173193
-3.52525e-05 0.000173193 -0.0104458

0.00666742 0.000275301 9.98039e-05
0.000275301 0.00677287 -0.00104307
9.98039e-05 -0.00104307 -0.0171476

0.00666426 -0.000337623 0.00116208
-0.000337623 0.00689904 0.000183136
0.00116208 0.000183136 -0.0172062

0.00394388 0.000130849 0.000122632
0.000130849 0.00401447 0.000122685
0.000122632 0.000122685 -0.0104609

0.00669135 8.2734e-05 0.00116431
8.2734e-05 0.00653559 -0.000581787
0.00116431 -0.000581787 -0.0171095

0.00661608 -6.53412e-05 0.000829853
-6.53412e-05 0.00681981 -2.14471e-05
0.000829853 -2.14471e-05 -0.0174114

0.00668763 0.000124154 0.000902747
0.000124154 0.00651624 -6.20592e-05
0.000902747 -6.20592e-05 -0.0181552

0.00654107 -5.02197e-05 0.00086455
-5.02197e-05 0.00657221 -0.000345204
0.00086455 -0.000345204 -0.0179507

0.00681255 -4.34372e-05 0.000687247
-4.34372e-05 0.00654076 0.000341055
0.000687247 0.000341055 -0.0176995

0.00647059 4.15579e-05 0.00109939
4.15579e-05 0.0070734 -0.000913533
0.00109939 -0.000913533 -0.0174096

0.00645828 0.000215701 0.000977663
0.000215701 0.00682877 -0.00103208
0.000977663 -0.00103208 -0.0170865

0.00625653 0.00031338 0.000268282
0.00031338 0.00611915 -0.00122555
0.000268282 -0.00122555 -0.0155968

0.00630362 -9.46884e-05 0.000809375
-9.46884e-05 0.00716083 -0.00136627
0.000809375 -0.00136627 -0.0176721

0.00630042 0.000110197 0.00054317
0.000110197 0.00603786 -0.000852197
0.00054317 -0.000852197 -0.0163194

0.00636539 0.000279618 0.000385448
0.000279618 0.00596286 -0.000922475
0.000385448 -0.000922475 -0.0161615

0.00635619 0.000181048 0.000874249
0.000181048 0.00616789 -0.000677413
0.000874249 -0.000677413 -0.0162762

0.00655649 -0.000153486 0.000807857
-0.000153486 0.00616343 0.000504075
0.000807857 0.000504075 -0.0168032

0.0056317 -0.000106245 0.000975335
-0.000106245 0.00685536 0.000101643
0.000975335 0.000101643 -0.0158558

0.00638051 -0.000273582 6.55146e-05
-0.000273582 0.00737047 -0.0004592
6.55146e-05 -0.0004592 -0.0198143

0.00613511 -8.20883e-05 0.000970934
-8.20883e-05 0.00615419 0.000420382
0.000970934 0.000420382 -0.0155038

0.00578713 -0.000266487 0.000706895
-0.000266487 0.00607579 0.000366151
0.000706895 0.000366151 -0.015324

0.00556181 -7.03946e-05 0.000988156
-7.03946e-05 0.00610894 0.000557857
0.000988156 0.000557857 -0.0154475

0.0051336 0.000299353 0.00127722
0.000299353 0.00676661 -0.000430957
0.00127722 -0.000430957 -0.0156983

0.00627886 0.000317959 0.000760028
0.000317959 0.0060107 -0.000712247
0.000760028 -0.000712247 -0.0157855

0.00627605 0.00016153 0.000551315
0.00016153 0.00594231 -0.000951922
0.000551315 -0.000951922 -0.0157817

0.00564345 -7.44629e-05 0.000808232
-7.44629e-05 0.00610246 0.000602744
0.000808232 0.000602744 -0.0152444

0.00554932 -1.1698e-05 0.00100226
-1.1698e-05 0.00674719 5.6328e-05
0.00100226 5.6328e-05 -0.0152562

0.0060521 0.000240867 0.000367044
0.000240867 0.00597227 -0.000683369
0.000367044 -0.000683369 -0.0164401

0.00611521 0.000198464 0.000621589
0.000198464 0.00596847 -0.000850552
0.000621589 -0.000850552 -0.0154137

0.00475799 4.92555e-05 0.000427865
4.92555e-05 0.00480795 0.000420833
0.000427865 0.000420833 -0.0127899

0.00492609 -0.000208916 0.000389848
-0.000208916 0.00491623 0.000483615
0.000389848 0.000483615 -0.0127814

0.00528596 -2.83238e-05 0.000243469
-2.83238e-05 0.00492508 0.000371849
0.000243469 0.000371849 -0.0132397

0.00528468 -8.14923e-05 0.000243102
-8.14923e-05 0.00494661 0.000530898
0.000243102 0.000530898 -0.0133849

0.00494875 -0.000156185 0.000300792
-0.000156185 0.00476179 0.000279902
0.000300792 0.000279902 -0.0124255

0.0047839 -0.000150895 0.00030905
-0.000150895 0.00481556 0.000287982
0.00030905 0.000287982 -0.0124247

0.00465328 -8.07594e-05 0.000156583
-8.07594e-05 0.00447525 0.000302227
0.000156583 0.000302227 -0.0120779

0.00458038 0.000101108 0.000188639
0.000101108 0.00448394 0.000194386
0.000188639 0.000194386 -0.0120903

0.00477262 5.85427e-05 0.000275354
5.85427e-05 0.00480556 0.000417288
0.000275354 0.000417288 -0.0122499

0.0046176 0.000157816 0.000401234
0.000157816 0.00474355 0.000349245
0.000401234 0.000349245 -0.0122508

0.00394207 -0.00014733 0.000402702
-0.00014733 0.0044542 9.23096e-05
0.000402702 9.23096e-05 -0.0112712

0.00415595 2.34728e-05 8.98823e-05
2.34728e-05 0.00401471 4.21559e-05
8.98823e-05 4.21559e-05 -0.0110164

0.00404194 -9.01336e-05 0.000279449
-9.01336e-05 0.00390385 0.000212269
0.000279449 0.000212269 -0.0111814

0.00399024 0.000193102 0.000135452
0.000193102 0.00390007 0.000109342
0.000135452 0.000109342 -0.0108093

0.00402089 0.000188028 1.61512e-05
0.000188028 0.00371292 -6.84149e-05
1.61512e-05 -6.84149e-05 -0.0105524

0.00405204 0.000226218 -2.28366e-05
0.000226218 0.00375963 -0.000111559
-2.28366e-05 -0.000111559 -0.0107204

0.00402412 0.000153252 1.14278e-05
0.000153252 0.00394007 4.34947e-05
1.14278e-05 4.34947e-05 -0.0107509

0.00385482 0.000199848 3.36812e-05
0.000199848 0.00397746 8.7954e-05
3.36812e-05 8.7954e-05 -0.0103666

0.00397732 0.000166147 -1.93618e-05
0.000166147 0.00398297 0.000134977
-1.93618e-05 0.000134977 -0.0106229

0.00400835 0.000251845 -5.8567e-05
0.000251845 0.00376459 -3.25398e-05
-5.8567e-05 -3.25398e-05 -0.010581

0.00380527 0.000252854 5.86205e-05
0.000252854 0.00384892 7.91367e-05
5.86205e-05 7.91367e-05 -0.0103336

0.0038016 0.000242524 1.47742e-05
0.000242524 0.00379579 6.77624e-05
1.47742e-05 6.77624e-05 -0.0103095

0.00398924 -0.000117596 8.38961e-05
-0.000117596 0.00402082 -0.000199504
8.38961e-05 -0.000199504 -0.0104995

0.003941 -7.61921e-05 0.000127383
-7.61921e-05 0.00398707 -0.000255419
0.000127383 -0.000255419 -0.0105265

0.00370497 3.35999e-05 -7.30509e-06
3.35999e-05 0.0036247 8.0434e-06
-7.30509e-06 8.0434e-06 -0.0102194

0.00562063 0.000159005 -0.000758951
0.000159005 0.00613866 0.000354149
-0.000758951 0.000354149 -0.0145434

0.00462373 -3.44123e-05 -0.000134278
-3.44123e-05 0.00458806 0.000304779
-0.000134278 0.000304779 -0.0123334

0.00633129 0.000405511 -0.00047406
0.000405511 0.00558284 0.000266612
-0.00047406 0.000266612 -0.0155353

0.00548646 0.000224443 -0.000572437
0.000224443 0.00553854 0.000239737
-0.000572437 0.000239737 -0.0142572

0.00541101 0.000247274 -0.00061431
0.000247274 0.00554483 0.000180763
-0.00061431 0.000180763 -0.0138915

0.00390934 2.25116e-06 -0.00013327
2.25116e-06 0.0040082 -6.00074e-06
-0.00013327 -6.00074e-06 -0.01051

0.00547584 0.000202918 -0.000415069
0.000202918 0.00550462 0.000408117
-0.000415069 0.000408117 -0.0142537

0.0063477 -2.13004e-05 -0.00061966
-2.13004e-05 0.00657042 0.00113797
-0.00061966 0.00113797 -0.0162528

0.00542088 0.000237888 -0.000474366
0.000237888 0.00551339 0.000330487
-0.000474366 0.000330487 -0.0138887

0.00639982 -3.12523e-05 -0.000468404
-3.12523e-05 0.00647869 0.000907835
-0.000468404 0.000907835 -0.0166579

0.0044099 6.28929e-06 -7.49085e-05
6.28929e-06 0.00442085 0.000337359
-7.49085e-05 0.000337359 -0.011793

0.00637402 0.000199516 0.000730902
0.000199516 0.00692353 0.000259275
0.000730902 0.000259275 -0.0176848

0.00517196 0.000138043 -0.000402537
0.000138043 0.00509019 0.000263636
-0.000402537 0.000263636 -0.0133931

0.00524825 0.000157408 -0.000382701
0.000157408 0.00508648 0.000274927
-0.000382701 0.000274927 -0.0133925

0.00662649 -0.000152382 0.00015451
-0.000152382 0.00684215 -0.0011594
0.00015451 -0.0011594 -0.0169396

0.00524072 0.000152038 -0.000264267
0.000152038 0.00491899 0.000262895
-0.000264267 0.000262895 -0.0131199

0.00398516 1.70692e-05 -0.000262881
1.70692e-05 0.00392982 0.000192032
-0.000262881 0.000192032 -0.0104771

0.00381856 -0.000174242 0.000327679
-0.000174242 0.00403425 -0.000203212
0.000327679 -0.000203212 -0.0109678

0.00642657 0.000220655 -0.000107289
0.000220655 0.00580626 -0.00132495
-0.000107289 -0.00132495 -0.0162761

0.00402041 -3.63524e-05 -0.000102419
-3.63524e-05 0.00383195 -0.000222974
-0.000102419 -0.000222974 -0.0103406

0.00570404 0.000119104 0.000810416
0.000119104 0.00636569 0.000450243
0.000810416 0.000450243 -0.0152997

0.0040825 -0.00012624 0.000195436
-0.00012624 0.00371446 6.58794e-05
0.000195436 6.58794e-05 -0.0105374

0.00386716 -0.000134969 0.000294954
-0.000134969 0.0042431 0.000183528
0.000294954 0.000183528 -0.010963

0.00399302 -4.06954e-06 -1.61049e-05
-4.06954e-06 0.00381103 -0.000184971
-1.61049e-05 -0.000184971 -0.0102891

0.00590236 0.000121131 0.000816015
0.000121131 0.00590451 0.000695284
0.000816015 0.000695284 -0.0154297

0.00397363 -3.51953e-05 -0.000174137
-3.51953e-05 0.00400599 -8.93294e-06
-0.000174137 -8.93294e-06 -0.0104606

0.00394773 0.000294789 0.000283883
0.000294789 0.00383915 0.000147845
0.000283883 0.000147845 -0.0112265

0.00438193 -1.37389e-05 0.000460004
-1.37389e-05 0.00442107 0.000398914
0.000460004 0.000398914 -0.0116413

0.00399347 -7.30675e-05 4.42803e-05
-7.30675e-05 0.00414941 0.000315432
4.42803e-05 0.000315432 -0.0109888

0.0047262 -9.59287e-06 8.5784e-05
-9.59287e-06 0.00494525 0.000405012
8.5784e-05 0.000405012 -0.0121576

0.00397199 -2.98014e-05 -0.000152828
-2.98014e-05 0.00404498 -4.14154e-05
-0.000152828 -4.14154e-05 -0.0104525

0.00494897 3.57935e-05 0.000131496
3.57935e-05 0.00508875 0.000727944
0.000131496 0.000727944 -0.0120449

0.00540704 -3.97791e-05 0.000226738
-3.97791e-05 0.00488927 0.000460478
0.000226738 0.000460478 -0.0134388

0.00662286 0.000340757 0.000616345
0.000340757 0.00671707 0.000412795
0.000616345 0.000412795 -0.0166806

0.0063231 6.98512e-06 9.38215e-05
6.98512e-06 0.00644756 -0.000749945
9.38215e-05 -0.000749945 -0.017133

0.00541177 0.000214331 -0.00060252
0.000214331 0.00539808 0.000101992
-0.00060252 0.000101992 -0.0138273

0.00398793 2.48234e-05 -0.000274523
2.48234e-05 0.0039172 0.000143901
-0.000274523 0.000143901 -0.0104354

0.00405271 -5.12247e-05 0.000245384
-5.12247e-05 0.00383699 3.41242e-05
0.000245384 3.41242e-05 -0.0111112

0.00416117 -0.000209953 -0.000112909
-0.000209953 0.00489269 0.000330717
-0.000112909 0.000330717 -0.0122267

0.00451467 0.000170176 -0.000276843
0.000170176 0.00445051 -0.000220899
-0.000276843 -0.000220899 -0.0120033

0.00544919 6.89261e-05 -0.000595001
6.89261e-05 0.00579427 0.000253547
-0.000595001 0.000253547 -0.0140194

0.00432843 0.000198909 -0.000235394
0.000198909 0.0039917 -0.000236898
-0.000235394 -0.000236898 -0.011607

0.00403743 4.62288e-05 -1.2528e-05
4.62288e-05 0.00443886 0.000320345
-1.2528e-05 0.000320345 -0.0117986

0.00369038 8.31241e-05 2.45161e-05
8.31241e-05 0.00369685 2.65619e-05
2.45161e-05 2.65619e-05 -0.0101832

0.00385241 -0.000113052 0.000162739
-0.000113052 0.00383838 3.63777e-05
0.000162739 3.63777e-05 -0.0111076

0.00398773 2.70643e-05 0.000259001
2.70643e-05 0.00405025 -3.86435e-05
0.000259001 -3.86435e-05 -0.0106582

0.00394106 -3.29403e-05 -0.000134338
-3.29403e-05 0.00386243 -0.000148127
-0.000134338 -0.000148127 -0.0102608

0.00394291 -3.3892e-05 -0.000119562
-3.3892e-05 0.00385625 -0.000174848
-0.000119562 -0.000174848 -0.0101968

0.00393834 -1.79509e-05 -0.000145687
-1.79509e-05 0.00391584 -0.000132568
-0.000145687 -0.000132568 -0.0104661

0.00392275 -4.53892e-06 -0.000174521
-4.53892e-06 0.00390955 -0.000126166
-0.000174521 -0.000126166 -0.0104548

0.00393212 -9.44338e-06 -0.000162151
-9.44338e-06 0.00391343 -7.15203e-05
-0.000162151 -7.15203e-05 -0.0103488

0.00527253 -9.16365e-05 0.000213163
-9.16365e-05 0.0049926 0.000387247
0.000213163 0.000387247 -0.0132397

0.00709995 -0.00110065 0.000663713
-0.00110065 0.00515249 0.000650287
0.000663713 0.000650287 -0.018446

0.00385981 -6.23512e-06 -1.85163e-06
-6.23512e-06 0.00396114 0.000137676
-1.85163e-06 0.000137676 -0.0102948

0.00457253 3.84091e-05 0.00022624
3.84091e-05 0.0045406 0.000208385
0.00022624 0.000208385 -0.0120117

0.00428738 0.000112289 0.000220399
0.000112289 0.00442708 0.000246063
0.000220399 0.000246063 -0.0113404

0.00408351 -3.85232e-05 -4.85792e-05
-3.85232e-05 0.00391672 -0.000152046
-4.85792e-05 -0.000152046 -0.0104126

0.00541249 1.21498e-05 0.000156724
1.21498e-05 0.00517314 0.000345849
0.000156724 0.000345849 -0.0139872

0.00438647 0.000126771 0.000188398
0.000126771 0.00465448 -0.000173376
0.000188398 -0.000173376 -0.0128376

0.00377637 2.35072e-05 -3.33509e-05
2.35072e-05 0.00432166 0.000102992
-3.33509e-05 0.000102992 -0.0109475

0.00404694 0.000193508 -2.9927e-06
0.000193508 0.00446863 0.000244188
-2.9927e-06 0.000244188 -0.0114641

0.00399116 1.42783e-05 5.14713e-05
1.42783e-05 0.00395983 0.000198021
5.14713e-05 0.000198021 -0.0107876

0.00440168 0.000228648 0.00039896
0.000228648 0.00423088 6.98218e-05
0.00039896 6.98218e-05 -0.0111541

0.00409494 0.00018475 7.34447e-05
0.00018475 0.00440323 0.000161747
7.34447e-05 0.000161747 -0.0114124

0.005925 1.64353e-05 -0.000111832
1.64353e-05 0.004915 0.000450805
-0.000111832 0.000450805 -0.013861

0.0055829 -2.71711e-05 -0.000308761
-2.71711e-05 0.00490962 0.000416537
-0.000308761 0.000416537 -0.0134956

0.00585899 -7.47561e-05 1.33785e-05
-7.47561e-05 0.00526042 0.000537881
1.33785e-05 0.000537881 -0.0146649

0.00584324 -0.000178327 -0.000129144
-0.000178327 0.00492578 0.00045236
-0.000129144 0.00045236 -0.0138609

0.00591396 -4.92926e-06 -0.000201145
-4.92926e-06 0.00529407 0.000458623
-0.000201145 0.000458623 -0.0145061

0.00636631 0.000279635 0.00049296
0.000279635 0.00596226 -0.000836334
0.00049296 -0.000836334 -0.0154438

0.0052764 0.000123095 -0.000290958
0.000123095 0.0048721 0.000246403
-0.000290958 0.000246403 -0.0131206

0.00534173 -7.91632e-05 0.000334041
-7.91632e-05 0.00491423 0.000427254
0.000334041 0.000427254 -0.0130326

0.00597653 7.61071e-06 0.000997879
7.61071e-06 0.00601767 0.00059556
0.000997879 0.00059556 -0.0155103

0.00448078 -0.000188036 -3.49859e-05
-0.000188036 0.00479445 0.000307792
-3.49859e-05 0.000307792 -0.0123885

0.00369398 0.000121953 8.24702e-05
0.000121953 0.0035998 -4.85234e-05
8.24702e-05 -4.85234e-05 -0.0102005

0.00432735 6.98022e-05 6.29987e-05
6.98022e-05 0.00439014 0.000304223
6.29987e-05 0.000304223 -0.0116815

0.00537715 0.00128389 -0.000383831
0.00128389 0.00681366 0.000118696
-0.000383831 0.000118696 -0.0180787

0.00396308 -0.000122529 3.59131e-05
-0.000122529 0.00378209 0.000155232
3.59131e-05 0.000155232 -0.0107188

0.00397709 -8.072e-05 0.000110344
-8.072e-05 0.0039375 -9.17923e-05
0.000110344 -9.17923e-05 -0.0104341

0.00388635 0.00011485 5.94387e-05
0.00011485 0.00355586 6.17666e-05
5.94387e-05 6.17666e-05 -0.0102894

0.00399174 7.45585e-06 -4.12737e-05
7.45585e-06 0.00400738 -0.000282579
-4.12737e-05 -0.000282579 -0.0104333

0.00497266 0.000240483 -0.000500213
0.000240483 0.00540599 0.000153976
-0.000500213 0.000153976 -0.0134948

0.0048056 1.14214e-05 -0.000519994
1.14214e-05 0.00509527 0.00032923
-0.000519994 0.00032923 -0.012859

0.00492062 0.000209067 -0.000537213
0.000209067 0.00552999 7.23178e-05
-0.000537213 7.23178e-05 -0.0134965

0.00595416 9.77721e-05 2.1498e-05
9.77721e-05 0.0055408 0.00118725
2.1498e-05 0.00118725 -0.0149117

0.00611483 -6.10837e-05 0.000742397
-6.10837e-05 0.00618146 0.000388728
0.000742397 0.000388728 -0.0153201

0.00399606 1.11112e-05 0.000283682
1.11112e-05 0.00408069 -7.54058e-05
0.000283682 -7.54058e-05 -0.0106193

0.00400493 8.22094e-05 3.28697e-05
8.22094e-05 0.0038036 6.36696e-05
3.28697e-05 6.36696e-05 -0.0104386

0.00398408 4.6491e-05 -0.000258583
4.6491e-05 0.00406156 0.000130234
-0.000258583 0.000130234 -0.010578

0.00640249 8.92951e-05 0.000113901
8.92951e-05 0.00544053 -0.00114588
0.000113901 -0.00114588 -0.0156394

0.00626911 -3.1053e-05 -3.58098e-05
-3.1053e-05 0.00592386 -0.00104459
-3.58098e-05 -0.00104459 -0.0157131

0.00396984 1.9225e-05 -0.000229947
1.9225e-05 0.0040099 0.000187787
-0.000229947 0.000187787 -0.0106209

0.00626357 -1.04403e-05 -0.000133275
-1.04403e-05 0.00584864 -0.000943413
-0.000133275 -0.000943413 -0.0156696

0.00610877 -6.74343e-05 -4.20429e-05
-6.74343e-05 0.00582773 -0.000913634
-4.20429e-05 -0.000913634 -0.0155246

0.00629112 -0.000138801 0.000414929
-0.000138801 0.00576535 -0.000761858
0.000414929 -0.000761858 -0.0157457

0.006284 0.000105627 -9.63066e-05
0.000105627 0.00580604 -0.00103925
-9.63066e-05 -0.00103925 -0.0161502

0.00516944 -3.46061e-05 -0.000709158
-3.46061e-05 0.00576786 0.00021792
-0.000709158 0.00021792 -0.0140623

0.00640632 0.000241876 0.000562141
0.000241876 0.00594132 -0.000649602
0.000562141 -0.000649602 -0.0163682

0.00395637 -1.95677e-05 5.02224e-05
-1.95677e-05 0.00404921 -0.0002438
5.02224e-05 -0.0002438 -0.010591

0.00391051 -2.39308e-05 0.000112961
-2.39308e-05 0.00391247 -0.000196563
0.000112961 -0.000196563 -0.0104554

0.00395501 -3.35465e-05 3.55821e-05
-3.35465e-05 0.00393616 -0.000276285
3.55821e-05 -0.000276285 -0.0102949

0.00393587 -8.07287e-05 1.60464e-05
-8.07287e-05 0.00393858 -0.000125347
1.60464e-05 -0.000125347 -0.0103028

0.0039505 -0.000122832 9.07921e-05
-0.000122832 0.00402393 -0.000196493
9.07921e-05 -0.000196493 -0.0104996

0.00399465 -9.0701e-05 5.90441e-05
-9.0701e-05 0.00395932 -0.000201707
5.90441e-05 -0.000201707 -0.0104361

0.00391574 5.16193e-05 -4.81581e-06
5.16193e-05 0.00394204 -0.000210877
-4.81581e-06 -0.000210877 -0.0103579

0.00394746 -2.86168e-05 -0.000164938
-2.86168e-05 0.00391111 -0.000234328
-0.000164938 -0.000234328 -0.0103889

0.00397066 1.37343e-05 -8.56681e-05
1.37343e-05 0.00385355 -0.000262346
-8.56681e-05 -0.000262346 -0.0103392

0.00391639 -4.32951e-05 -5.05853e-05
-4.32951e-05 0.00389724 -0.000157608
-5.05853e-05 -0.000157608 -0.0104137

0.00402284 -8.46705e-06 -0.000102204
-8.46705e-06 0.00384056 -0.000182203
-0.000102204 -0.000182203 -0.0103453

0.00399299 -4.30753e-05 -6.60177e-05
-4.30753e-05 0.00388321 -0.000307381
-6.60177e-05 -0.000307381 -0.0102273

0.00393281 -9.80159e-06 -5.08681e-05
-9.80159e-06 0.00390343 -7.45581e-05
-5.08681e-05 -7.45581e-05 -0.0104372

0.00397936 8.79023e-07 -0.000103168
8.79023e-07 0.00384925 -9.30694e-05
-0.000103168 -9.30694e-05 -0.0103076

0.00560394 0.000269007 0.000794677
0.000269007 0.00535268 7.70078e-05
0.000794677 7.70078e-05 -0.0137629

0 0 -0.000533941
0 0 0.00314001
-0.000533941 0.00314001 -0.0139977

0.000379317 0.00275752 -0.00249774
0.00275752 0.00513572 0.00249662
-0.00249774 0.00249662 -0.0140083

0.00537273 -0.000134709 -0.000742187
-0.000134709 0.0057393 -0.000447833
-0.000742187 -0.000447833 -0.015468

0.00522463 0.00019027 -0.00110848
0.00019027 0.00525696 5.05743e-05
-0.00110848 5.05743e-05 -0.0159699

0.00532137 -0.00290671 0.000838705
-0.00290671 0 0.00211516
0.000838705 0.00211516 -0.0136912

0.00400333 0.00253854 -0.00219386
0.00253854 0.00107375 0.00269323
-0.00219386 0.00269323 -0.0139941

0.0040317 -6.44358e-05 -6.59952e-05
-6.44358e-05 0.00392721 -0.000141255
-6.59952e-05 -0.000141255 -0.0104023

0.00399183 -1.47732e-05 -7.86213e-05
-1.47732e-05 0.00388174 -0.0001554
-7.86213e-05 -0.0001554 -0.0103518

0.00393046 -6.05887e-05 -0.000178482
-6.05887e-05 0.004022 -4.61524e-05
-0.000178482 -4.61524e-05 -0.0104359

0.00397445 -5.06332e-05 -0.000182018
-5.06332e-05 0.00401795 -4.09537e-05
-0.000182018 -4.09537e-05 -0.0104413

0.00398011 -3.69293e-05 -0.000187898
-3.69293e-05 0.00404847 -4.28129e-05
-0.000187898 -4.28129e-05 -0.0104924

SCALARS relative_volume float
LOOKUP_TABLE default
0.997362
0.99751
0.997372
0.996077
0.997428
0.994853
0.997088
0.997395
0.995106
0.996407
0.997145
0.996262
0.996408
0.995831
0.992723
0.996075
0.997439
0.995721
0.997322
0.99437
0.996403
0.996123
0.997313
0.997411
0.993983
0.994275
0.995775
0.997347
0.997148
0.996166
0.985471
0.997167
0.994458
0.997495
0.995811
0.997319
0.99472
0.997372
0.997201
0.997037
0.995869
0.993109
0.997148
0.99518
0.993591
0.996841
0.994415
0.994929
0.995328
0.99686
0.997073
0.995445
0.996716
0.997017
0.996451
0.993542
0.99698
0.996325
0.996559
0.997452
0.997226
0.996962
0.995613
0.997036
0.99716
0.996176
0.9968
0.996827
0.997092
0.994193
0.997073
0.99705
0.995702
0.996968
0.997055
0.994843
0.997422
0.997076
0.996355
0.995575
0.99585
0.997037
0.997396
0.997203
0.995824
0.996936
0.996303
0.997376
0.997226
0.996238
0.996258
0.996686
0.997079
0.997166
0.996881
0.997027
0.997318
0.997404
0.996765
0.99739
0.997403
0.997407
0.995775
0.997456
0.994929
0.985791
0.996987
0.996207
0.99744
0.997308
0.996996
0.99615
0.991204
0.997214
0.997203
0.997463
0.997378
0.997257
0.996944
0.997146
0.997243
0.997335
0.996763
0.99458
0.997183
0.994843
0.991088
0.997354
0.997375
0.996055
0.997188
0.994942
0.997228
0.995629
0.997326
0.997543
0.99512
0.997071
0.996489
0.996542
0.996104
0.997184
0.997028
0.996799
0.996024
0.996477
0.997312
0.99683
0.996816
0.997074
0.995327
0.997037
0.996939
0.995207
0.997039
0.996934
0.995211
0.994857
0.996329
0.996936
0.997114
0.997034
0.996427
0.996787
0.996438
0.996977
0.99732
0.99735
0.995649
0.996144
0.997339
0.997263
0.996756
0.997415
0.995572
0.996981
0.997024
0.99726
0.996621
0.996942
0.99709
0.995824
0.996848
0.993966
0.996901
0.997224
0.997145
0.995764
0.997042
0.996611
0.997268
0.997235
0.996263
0.991128
0.997124
0.996993
0.9974
0.99712
0.996829
0.996636
0.996868
0.997203
0.996267
0.996983
0.99738
0.995386
0.994703
0.996859
0.997104
0.997366
0.996836
0.993441
0.996772
0.996782
0.99717
0.997201
0.997249
0.997126
0.995156
0.997154
0.997375
0.9977
0.996996
0.997183
0.996851
0.997243
0.99594
0.996789
0.997281
0.99463
0.996922
0.996693
0.99697
0.99724
0.997145
0.996333
0.997056
0.996737
0.99725
0.997126
0.996897
0.997212
0.997088
0.997038
0.996926
0.997036
0.997128
0.997371
0.997326
0.997259
0.997014
0.996948
0.997201
0.996522
0.996969
0.996333
0.996727
0.996976
0.986591
0.995707
0.996851
0.99676
0.997016
0.997216
0.995166
0.996991
0.986591
0.996338
0.997378
0.997069
0.996096
0.996812
0.997192
0.997185
0.99704
0.996808
0.996937
0.997082
0.99687
0.996976
0.992152
0.996835
0.988692
0.991213
0.993612
0.99017
0.985288
0.984007
0.98501
0.995042
0.995533
0.997006
0.986591
0.991403
0.994708
0.996307
0.985288
0.990713
0.993718
0.991182
0.991153
0.983384
0.985827
0.983384
0.997262
0.997179
0.994262
0.994892
0.9949
0.995836
0.995501
0.995439
0.994858
0.994958
0.994882
0.995329
0.997313
0.99576
0.99713
0.99554
0.995583
0.996268
0.995741
0.996903
0.995397
0.995106
0.99574
0.995843
0.996417
0.997489
0.991743
0.996117
0.99588
0.997403
0.997123
0.997465
0.996323
0.995974
0.996472
0.997421
0.996818
0.997412
0.996133
0.996437
0.996173
0.996991
0.993443
0.99661
0.997413
0.996249
0.99623
0.995996
0.996062
0.99662
0.996439
0.996489
0.996533
0.996472
0.996466
0.996975
0.997302
0.996552
0.996925
0.997085
0.99673
0.996576
0.996787
0.995681
0.995468
0.995668
0.996577
0.993384
0.996793
0.996719
0.99705
0.997045
0.997335
0.997101
0.995789
0.996555
0.995053
0.994827
0.99674
0.996865
0.996711
0.996647
0.996881
0.997367
0.997086
0.996984
0.996958
0.995578
0.996941
0.997033
0.996997
0.997038
0.996872
0.997021
0.997053
0.996423
0.996727
0.995099
0.996852
0.997011
0.996964
0.996889
0.996919
0.997222
0.996948
0.996982
0.996939
0.996986
0.997288
0.996727
0.99736
0.99698
0.996996
0.995452
0.995761
0.996947
0.996274
0.996458
0.996965
0.996595
0.997127
0.996328
0.997458
0.99702
0.996968
0.99703
0.996911
0.996912
0.996899
0.996884
0.99628
0.997279
0.996934
0.996969
0.996959
0.996965
0.997316
0.996883
0.99678
0.996859
0.996983
0.996179
0.996945
0.997396
0.997165
0.996957
0.997337
0.99742
0.996951
0.997006
0.99702
0.99703
0.997006
0.997215
0.997131
0.996794
0.997422
0.994542
0.997384
0.994711
0.997313
0.99502
0.995274
0.997147
0.997363
0.997323
0.997345
0.997061
0.997097
0.996854
0.99709
0.997166
0.997272
0.997271
0.997089
0.997383
0.997404
0.997341
0.997266
0.997194
0.997336
0.997195
0.997324
0.997227
0.996904
0.997458
0.99738
0.997395
0.997329
0.997243
0.997277
0.99726
0.99728
0.997322
0.997341
0.997357
0.997225
0.997326
0.997321
0.997281
0.99732
0.997279
0.997286
0.997368
0.997314
0.997292
0.997332
0.997342
0.997499
0.997384
0.997417
0.997324
0.997299
0.997241
0.997305
0.997344
0.997101
0.996026
0.997357
0.997356
0.997251
0.997355
0.997228
0.996725
0.997233
0.997395
0.997564
0.995415
0.997328
0.997215
0.997412
0.997276
0.996687
0.997047
0.997049
0.997146
0.997326
0.997148
0.996925
0.997355
0.997324
0.997197
0.997147
0.997213
0.9972
0.997131
0.997002
0.997088
0.997019
0.997021
0.997039
0.997208
0.997181
0.997053
0.997074
0.997083
0.997084
0.997075
0.997089
0.990434
0.990443
0.993496
0.991659
0.990632
0.991808
0.994103
0.996926
0.983491
0.995898
0.993977
0.983491
0.995184
0.994548
0.995553
0.98683
0.985412
0.995412
0.995858
0.995587
0.997306
0.995034
0.995129
0.996007
0.995747
0.997411
0.997315
0.997182
0.995598
0.995965
0.997382
0.997305
0.997189
0.99733
0.99579
0.995781
0.997086
0.997372
0.99736
0.996914
0.997412
0.997409
0.996221
0.996493
0.997369
0.997211
0.996514
0.996379
0.996075
0.997274
0.995484
0.997044
0.997237
0.99733
0.997174
0.997213
0.997413
0.996459
0.995069
0.997205
0.997336
0.996688
0.996789
0.996845
0.996852
0.997181
0.997214
0.9974
0.997461
0.997655
0.997001
0.996978
0.99716
0.997057
0.996963
0.994986
0.996657
0.996933
0.996935
0.997402
0.995167
0.990841
0.994887
0.99441
0.996755
0.99416
0.994207
0.996967
0.995587
0.997008
0.997222
0.997113
0.99707
0.995314
0.997185
0.997139
0.99734
0.996936
0.996877
0.994215
0.997226
0.997419
0.997247
0.997157
0.997204
0.989893
0.997264
0.996621
0.99745
0.99655
0.997518
0.997501
0.996968
0.996441
0.997505
0.99742
0.997412
0.996639
0.997093
0.997273
0.997459
0.997404
0.997429
0.997335
0.997306
0.99743
0.997424
0.997465
0.997393
0.997318
0.996473
0.995812
0.997302
0.997311
0.996993
0.997095
0.997302
0.997071
0.997067
0.997133
0.99719
0.997275
0.997061
0.997083
0.98683
0.988198
0.997103
0.99693
0.995159
0.995888
0.995894
0.996595
0.995004
0.99626
0.996113
0.997321
0.996341
0.996657
0.99663
0.996356
0.997138
0.996705
0.996669
0.996715
0.996314
0.997269
0.996943
0.997274
0.997368
0.997075
0.997258
0.98651
0.99731
0.9972
0.99733
0.997247
0.997345
0.997466
0.997439
0.9974
0.997227
0.995379
0.997375
0.997411
0.997078
0.997075
0.988056
0.981762
0.98683
0.995834
0.99603
0.994585
0.996021
0.995944
0.995945
0.996377
0.996488
0.996593
0.997201
0.996869
0.99687
0.996979
0.996805
0.996887
0.996865
0.995869
0.997076
0.996149
0.996584
0.996971
0.996483
0.997258
0.997201
0.997275
0.997221
0.997401
0.997233
0.995262
0.997365
0.997382
0.99748
0.997061
0.997086
0.997156
0.9945
0.996165
0.994736
0.994193
0.994771
0.981762
0.996013
0.996168
0.996019
0.996366
0.996522
0.996154
0.996644
0.996636
0.997419
0.996581
0.996513
0.996815
0.996935
0.997315
0.995375
0.996711
0.996855
0.996851
0.996917
0.996872
0.996768
0.996956
0.996822
0.996842
0.997241
0.997007
0.997014
0.997056
0.997297
0.997263
0.997206
0.997427
0.99703
0.997592
0.997215
0.997223
0.995252
0.996147
0.997306
0.997175
0.997394
0.997266
0.997148
0.997229
0.987303
0.997298
0.987191
0.985791
0.996948
0.996182
0.995907
0.995818
0.996899
0.996095
0.997364
0.996546
0.996628
0.99513
0.996607
0.99688
0.997041
0.996649
0.996717
0.996357
0.997003
0.99708
0.995233
0.997342
0.997361
0.997354
0.995024
0.997081
0.997265
0.997197
0.997359
0.997539
0.996905
0.997509
0.997386
0.997291
0.997296
0.993774
0.985428
0.996113
0.994895
0.995614
0.996141
0.996389
0.997017
0.997481
0.996818
0.997211
0.99741
0.996747
0.996925
0.996161
0.997476
0.9973
0.997373
0.996846
0.997472
0.997433
0.997254
0.997275
0.997059
0.997148
0.997325
0.997077
0.996285
0.990547
0.986231
0.992081
0.986231
0.997232
0.996208
0.99726
0.995153
0.995947
0.99696
0.996185
0.997266
0.99579
0.997375
0.997361
0.996001
0.996104
0.997377
0.996269
0.997392
0.996606
0.99634
0.996662
0.996628
0.99679
0.996954
0.996838
0.996814
0.996706
0.996659
0.996698
0.996712
0.996842
0.996844
0.996728
0.996973
0.996846
0.996938
0.996827
0.996989
0.996974
0.996899
0.99704
0.997222
0.996854
0.997041
0.997045
0.997069
0.99713
0.997059
0.997152
0.997241
0.997165
0.997369
0.997277
0.997314
0.997368
0.997364
0.997492
0.997487
0.995614
0.996967
0.997105
0.997133
0.997269
0.99709
0.997376
0.998167
0.995817
0.995464
0.995606
0.995559
0.991403
0.99714
0.995108
0.997017
0.997046
0.997223
0.99662
0.997005
0.996578
0.997022
0.996275
0.997391
0.994138
0.996815
0.996502
0.996768
0.993561
0.997046
0.994433
0.995677
0.996946
0.99576
0.995592
0.997036
0.997362
0.996928
0.99739
0.995326
0.997345
0.996366
0.99538
0.996733
0.997421
0.996978
0.996216
0.997341
0.996606
0.994666
0.9934
0.997094
0.997381
0.995878
0.995131
0.9968
0.995815
0.996906
0.996891
0.997007
0.995799
0.994111
0.99657
0.996628
0.997215
0.997042
0.997052
0.997398
0.99747
0.997276
0.997398
0.997392
0.997302
0.996565
0.997449
0.997134
0.996504
0.997245
0.997302
0.997191
0.997188
0.997257
0.996853
0.996391
0.997365
0.997213
0.996278
0.990287
0.996873
0.997358
0.986231
0.997221
0.992605
0.997334
0.997351
0.996944
0.997257
0.997352
0.996766
0.994072
0.997382
0.997392
0.997337
0.996526
0.997468
0.997187
0.99726
0.997218
0.997185
0.99721
0.997162
0.995146
0.996799
0.9974
0.997147
0.996631
0.997372
0.997001
0.992911
0.997245
0.996316
0.997097
0.994332
0.996382
0.997401
0.995706
0.996205
0.996974
0.99707
0.996377
0.997295
0.992629
0.99249
0.996974
0.994537
0.99728
0.996268
0.996848
0.993514
0.997368
0.997433
0.996854
0.988296
0.995728
0.994621
0.996848
0.992288
0.997116
0.991348
0.996308
0.991055
0.995981
0.997079
0.997006
0.995944
0.994922
0.991858
0.99699
0.996936
0.997105
0.997109
0.997009
0.997094
0.997003
0.994822
0.997242
0.996266
0.997165
0.995487
0.992259
0.997017
0.991149
0.997115
0.996306
0.996888
0.997355
0.997291
0.996643
0.997282
0.997285
0.99692
0.996789
0.997113
0.997116
0.997318
0.997368
0.997415
0.997267
0.997028
0.996923
0.99741
0.997322
0.99736
0.997394
0.997076
0.997109
0.996414
0.997353
0.994926
0.997121
0.9963
0.997357
0.997184
0.99712
0.997425
0.99708
0.997064
0.997332
0.997103
0.997353
0.997359
0.997104
0.997353
0.996554
0.997376
0.996105
0.997465
0.99684
0.997357
0.997301
0.99722
0.997064
0.997338
0.996882
0.997341
0.997363
0.996057
0.997234
0.997234
0.997039
0.997144
0.997052
0.997283
0.997065
0.997294
0.99697
0.997041
0.997355
0.997221
0.997153
0.997241
0.99739
0.997432
0.997166
0.997315
0.997068
0.997165
0.997303
0.997047
0.997045
0.997242
0.997249
0.997296
0.997329
0.997149
0.997348
0.997426
0.997276
0.996071
0.995927
0.997172
0.9973
0.997266
0.996109
0.99659
0.996272
0.996375
0.99517
0.985428
0.990427
0.997219
0.992857
0.993432
0.994945
0.996262
0.997391
0.992522
0.997108
0.99717
0.997182
0.997047
0.997365
0.994808
0.994712
0.997406
0.995351
0.997337
0.997269
0.997186
0.995508
0.997328
0.997338
0.997261
0.997305
0.995908
0.995605
0.997459
0.997408
0.997396
0.99731
0.997374
0.996146
0.99541
0.997161
0.996798
0.994475
0.996546
0.996672
0.996301
0.997138
0.996621
0.996805
0.996288
0.996462
0.996162
0.994467
0.996319
0.996601
0.996764
0.996759
0.996574
0.997403
0.996716
0.995465
0.997328
0.997387
0.996973
0.996067
0.996737
0.997301
0.996411
0.996699
0.997043
0.996458
0.997216
0.996251
0.99555
0.997193
0.996787
0.996456
0.995244
0.997295
0.997037
0.996644
0.996767
0.996964
0.992135
0.996247
0.996926
0.995295
0.99738
0.996043
0.995613
0.98651
0.997332
0.99732
0.996833
0.997275
0.996993
0.997024
0.997039
0.996897
0.997064
0.996856
0.990941
0.98651
0.997062
0.997289
0.996515
0.990688
0.996793
0.997416
0.997017
0.99705
0.997251
0.997274
0.997127
0.995931
0.996857
0.997412
0.995283
0.997082
0.997431
0.997449
0.997225
0.996487
0.996807
0.997121
0.997277
0.994688
0.997247
0.997418
0.997228
0.997252
0.997118
0.996963
0.997334
0.996804
0.995875
0.99688
0.997418
0.99716
0.997359
0.997221
0.99731
0.997241
0.997398
0.99742
0.997222
0.997346
0.996691
0.997165
0.997315
0.997294
0.995667
0.994562
0.997327
0.997419
0.997354
0.997348
0.99774
0.996745
0.997323
0.997301
0.997638
0.997289
0.994811
0.995252
0.997134
0.996044
0.996492
0.997413
0.99622
0.997377
0.996102
0.997358
0.997204
0.99731
0.99727
0.997082
0.995145
0.992593
0.995227
0.993808
0.99375
0.99478
0.997153
0.996302
0.995027
0.996493
0.996856
0.997121
0.994957
0.995801
0.995349
0.997398
0.996864
0.997415
0.99618
0.997431
0.997232
0.997422
0.997306
0.996863
0.993464
0.996978
0.996883
0.99727
0.996323
0.99672
0.997395
0.997717
0.997383
0.996835
0.997289
0.997267
0.997264
0.997339
0.996546
0.99722
0.997052
0.995478
0.997312
0.996467
0.997418
0.994748
0.997107
0.997198
0.997304
0.99742
0.997177
0.996989
0.997384
0.997208
0.997386
0.99662
0.996948
0.996882
0.997009
0.997281
0.997263
0.997335
0.997324
0.99695
0.997343
0.997158
0.997423
0.996181
0.997393
0.997317
0.996068
0.997336
0.997398
0.997358
0.997332
0.995199
0.994973
0.997359
0.99751
0.997408
0.997403
0.997234
0.997476
0.997164
0.997203
0.997237
0.99653
0.997319
0.997299
0.997266
0.99479
0.997256
0.992808
0.995944
0.995629
0.997404
0.995197
0.995914
0.996124
0.996144
0.996938
0.997117
0.997144
0.996635
0.996476
0.997348
0.997354
0.996513
0.99664
0.99626
0.995938
0.997201
0.997339
0.99761
0.997296
0.997221
0.994585
0.997292
0.997194
0.996166
0.997331
0.994251
0.995936
0.996042
0.99648
0.996076
0.997411
0.996879
0.99696
0.996995
0.997286
0.99738
0.996948
0.996892
0.996687
0.997337
0.996565
0.997349
0.992273
0.994766
0.997312
0.99542
0.996751
0.997005
0.995472
0.997384
0.997152
0.997289
0.997286
0.996379
0.997356
0.996868
0.99696
0.997401
0.996598
0.996871
0.99712
0.996769
0.997064
0.996996
0.997127
0.997285
0.997334
0.997296
0.99704
0.997239
0.996084
0.9967
0.996929
0.996888
0.995793
0.997026
0.997124
0.996872
0.997392
0.996059
0.997358
0.991634
0.990605
0.997417
0.996906
0.997179
0.996892
0.996935
0.996935
0.996616
0.995222
0.997378
0.997179
0.99572
0.997231
0.997445
0.997249
0.996924
0.997357
0.997353
0.995358
0.997279
0.997307
0.997411
0.996758
0.997357
0.997472
0.997322
0.997064
0.996814
0.997227
0.996599
0.997236
0.997307
0.997378
0.997357
0.997486
0.991336
0.99511
0.995932
0.997265
0.997151
0.997438
0.997268
0.997085
0.995465
0.996144
0.996457
0.996809
0.996564
0.996413
0.996539
0.996862
0.996982
0.996746
0.996895
0.996944
0.996853
0.996812
0.996914
0.996895
0.99728
0.996374
0.996453
0.996903
0.997249
0.997396
0.997304
0.997045
0.997292
0.9973
0.997365
0.996286
0.997277
0.99737
0.996672
0.996808
0.997144
0.993168
0.992167
0.996992
0.997261
0.997525
0.997552
0.991889
0.996692
0.996493
0.997502
0.997154
0.996688
0.99504
0.997353
0.997145
0.996692
0.996614
0.997302
0.996602
0.996942
0.994855
0.996817
0.996679
0.99731
0.996638
0.996447
0.997326
0.997455
0.997024
0.99635
0.997278
0.997265
0.997063
0.996255
0.994975
0.996991
0.99602
0.995659
0.997116
0.99713
0.996283
0.996853
0.997177
0.996369
0.997122
0.995997
0.995673
0.99715
0.997099
0.997138
0.997278
0.996541
0.996325
0.997247
0.997085
0.997331
0.997229
0.996477
0.997229
0.99523
0.997196
0.997451
0.997372
0.997141
0.997305
0.997041
0.995372
0.997267
0.9964
0.99712
0.995608
0.996887
0.995157
0.99652
0.996597
0.997366
0.997412
0.99655
0.99587
0.99734
0.996235
0.997305
0.997303
0.997526
0.997205
0.997086
0.997143
0.997287
0.99738
0.997452
0.997365
0.997142
0.99739
0.996339
0.996746
0.995886
0.996011
0.996999
0.9969
0.996573
0.99731
0.997257
0.992772
0.997131
0.99737
0.996506
0.996861
0.997148
0.996983
0.995864
0.997225
0.997307
0.997035
0.997348
0.997371
0.99718
0.992679
0.997323
0.997345
0.997297
0.997335
0.995464
0.997326
0.995056
0.996463
0.997297
0.996726
0.99722
0.995424
0.992703
0.996962
0.997314
0.997421
0.997232
0.995109
0.996351
0.997404
0.994075
0.997114
0.997412
0.9957
0.997204
0.997063
0.997032
0.99723
0.99711
0.995463
0.997237
0.997004
0.995969
0.99605
0.997101
0.99734
0.995372
0.997323
0.997246
0.997074
0.997219
0.997097
0.997326
0.99713
0.997074
0.997518
0.996886
0.997352
0.996921
0.997194
0.997336
0.996713
0.997444
0.997403
0.997295
0.996426
0.996297
0.997291
0.996651
0.997378
0.997413
0.996923
0.997355
0.997232
0.996792
0.996304
0.997333
0.997444
0.997407
0.997387
0.997302
0.99641
0.99719
0.996944
0.996877
0.997423
0.997416
0.997349
0.99738
0.997343
0.9968
0.996832
0.996874
0.996931
0.996737
0.997503
0.997311
0.997155
0.997319
0.997349
0.996409
0.997276
0.997193
0.997237
0.997382
0.996765
0.994944
0.99708
0.99735
0.99455
0.996082
0.997047
0.996786
0.997061
0.99558
0.996409
0.995506
0.99679
0.99715
0.997171
0.997336
0.997307
0.996343
0.995551
0.996429
0.996898
0.997021
0.997552
0.997055
0.995758
0.997152
0.997328
0.997724
0.997469
0.996406
0.997226
0.997103
0.997296
0.989335
0.995262
0.994386
0.995143
0.996087
0.995752
0.99525
0.997385
0.997302
0.997257
0.99734
0.995683
0.997285
0.994847
0.997384
0.996371
0.997359
0.997212
0.99731
0.996484
0.997228
0.996796
0.997343
0.993834
0.995443
0.997041
0.99628
0.997278
0.997257
0.997163
0.997327
0.997353
0.997363
0.997305
0.997244
0.995832
0.997257
0.996155
0.995515
0.994165
0.997159
0.996874
0.997434
0.995912
0.997405
0.996414
0.997319
0.99544
0.995271
0.997251
0.996882
0.99738
0.995723
0.995321
0.996584
0.993993
0.997228
0.996774
0.996958
0.997058
0.996118
0.995584
0.996988
0.99458
0.99751
0.996885
0.996077
0.996854
0.994964
0.996091
0.996091
0.996966
0.997046
0.996837
0.996805
0.996038
0.997369
0.996856
0.996244
0.997352
0.997484
0.995954
0.996353
0.996802
0.995734
0.994944
0.997014
0.997147
0.997217
0.996595
0.99661
0.997123
0.995708
0.997414
0.997339
0.995786
0.996684
0.9962
0.997083
0.996958
0.997068
0.997343
0.996961
0.997116
0.992059
0.996121
0.997051
0.997424
0.996733
0.996834
0.997037
0.997215
0.997215
0.997072
0.997357
0.997064
0.996958
0.997065
0.99737
0.99704
0.995849
0.995402
0.995319
0.997069
0.995012
0.996804
0.997502
0.99681
0.996955
0.997327
0.99688
0.99727
0.996146
0.997062
0.996703
0.995492
0.997288
0.997232
0.99728
0.997238
0.997236
0.997318
0.997158
0.997394
0.995257
0.997326
0.996921
0.995375
0.997519
0.997311
0.997253
0.997158
0.995117
0.997159
0.997316
0.997394
0.997233
0.997493
0.996932
0.997249
0.997256
0.995394
0.997233
0.997131
0.997323
0.997168
0.996027
0.997391
0.995183
0.996577
0.997355
0.995838
0.997341
0.985882
0.997175
0.996935
0.996545
0.993228
0.991751
0.997383
0.997107
0.99659
0.997033
0.997072
0.997354
0.996778
0.997345
0.997395
0.996486
0.997176
0.996431
0.996719
0.996111
0.995049
0.995949
0.994083
0.997442
0.997356
0.997369
0.995793
0.996863
0.997238
0.99651
0.995978
0.997019
0.994091
0.997405
0.996787
0.997174
0.997335
0.994119
0.997334
0.997328
0.99728
0.997479
0.997452
0.997486
0.997426
0.99563
0.997092
0.997364
0.997265
0.997307
0.997369
0.997327
0.997156
0.997275
0.994664
0.997464
0.995503
0.996424
0.995982
0.997263
0.996798
0.996894
0.997506
0.997069
0.99642
0.996566
0.997356
0.997492
0.997272
0.99483
0.997452
0.997448
0.996676
0.996738
0.996272
0.99702
0.996295
0.997255
0.995785
0.996954
0.996847
0.996857
0.996631
0.996912
0.99672
0.99735
0.997121
0.996215
0.997074
0.99738
0.997213
0.997373
0.996828
0.997368
0.997016
0.996513
0.996996
0.997078
0.997146
0.996666
0.996796
0.99645
0.997441
0.995672
0.99677
0.997362
0.997372
0.997375
0.997342
0.996284
0.997201
0.997061
0.997518
0.997104
0.996975
0.997255
0.997494
0.995527
0.996334
0.996904
0.996432
0.996844
0.996551
0.996994
0.996757
0.997584
0.996973
0.997149
0.996824
0.996878
0.997245
0.997282
0.997405
0.997389
0.996749
0.994387
0.99671
0.996785
0.996626
0.99724
0.997381
0.99703
0.997314
0.996108
0.996674
0.997027
0.997002
0.996175
0.996895
0.996015
0.997308
0.996885
0.997317
0.996273
0.996731
0.996805
0.995692
0.993748
0.997491
0.997325
0.995415
0.997294
0.996115
0.99588
0.997128
0.996865
0.997466
0.997124
0.997375
0.997386
0.995515
0.994681
0.997193
0.995682
0.997134
0.99712
0.996909
0.997313
0.995933
0.997214
0.997489
0.996482
0.997361
0.996796
0.996953
0.997285
0.997227
0.996503
0.997177
0.997455
0.995936
0.996387
0.99731
0.997089
0.996886
0.997274
0.997461
0.997462
0.997355
0.997261
0.995498
0.992212
0.997369
0.997379
0.997371
0.997335
0.997417
0.997353
0.997041
0.996841
0.994744
0.997309
0.997267
0.997379
0.996771
0.997323
0.996821
0.997298
0.993268
0.996876
0.996752
0.997114
0.995625
0.997298
0.996122
0.996604
0.995177
0.997022
0.994764
0.995062
0.997129
0.997368
0.996295
0.995359
0.995805
0.994648
0.997526
0.991426
0.996165
0.997397
0.995381
0.99641
0.994912
0.997309
0.9974
0.996985
0.997009
0.996849
0.996657
0.996571
0.997364
0.993207
0.996
0.996992
0.996998
0.997164
0.997271
0.993414
0.997011
0.997515
0.997214
0.997101
0.997373
0.997245
0.997364
0.995908
0.995968
0.997358
0.995737
0.995633
0.994637
0.994759
0.995255
0.995738
0.995819
0.996457
0.995388
0.995678
0.995831
0.995905
0.995556
0.996301
0.99346
0.996469
0.996235
0.995918
0.995883
0.99618
0.996113
0.996201
0.99673
0.995246
0.996359
0.996569
0.996851
0.996746
0.996617
0.997085
0.996976
0.996866
0.99679
0.997134
0.996918
0.996965
0.997002
0.996612
0.996936
0.997043
0.996949
0.997069
0.99733
0.997195
0.997052
0.997187
0.997155
0.99737
0.997262
0.996982
0.996935
0.996687
0.996069
0.996505
0.996812
0.997268
0.996465
0.996316
0.996794
0.995861
0.996862
0.995215
0.996639
0.996711
0.99615
0.996818
0.997299
0.996737
0.995617
0.997376
0.996463
0.997121
0.996997
0.997381
0.99607
0.99738
0.996408
0.996989
0.997003
0.99732
0.997425
0.997797
0.996626
0.996292
0.995266
0.996734
0.997332
0.996628
0.99664
0.99678
0.996965
0.996548
0.996506
0.997076
0.996435
0.997236
0.997409
0.99747
0.99725
0.99724
0.997361
0.996799
0.993399
0.997392
0.996918
0.997209
0.997449
0.99635
0.996003
0.997001
0.996887
0.997018
0.997318
0.996922
0.996729
0.996761
0.99618
0.99666
0.996431
0.99657
0.996806
0.997002
0.996171
0.996693
0.996966
0.996864
0.993719
0.996885
0.997342
0.997022
0.997427
0.99665
0.996829
0.996719
0.996295
0.996666
0.997314
0.997233
0.997325
0.995889
0.996159
0.997216
0.996125
0.996101
0.995992
0.995608
0.996619
0.995638
0.997272
0.99723
0.997461
0.997436
0.997335
0.997379
0.997364
0.997333
0.99735
0.997263
0.997382
0.997515
0.997262
0.997386
0.996944
0.985882
0.991278
0.995348
0.994211
0.991421
0.990871
0.997419
0.997386
0.997378
0.997412
0.997396
VECTORS fiber_vector float
0.000186337 0.000159884 1
0.000266728 0.000179869 1
-0.00032946 1.32873e-05 1
-0.000791617 0.000630507 0.999999
0.000145086 0.000153829 1
0.000679085 0.000770566 0.999999
-0.000514085 0.000115336 1
-0.000244582 4.71299e-05 1
0.00193837 4.10655e-05 0.999998
-0.000362347 0.000815343 1
-0.000199252 5.63475e-05 1
-0.000721744 0.000180151 1
-0.00122515 -0.00028096 0.999999
-0.00046665 -0.000388544 1
0.00263282 0.000102221 0.999997
-0.000796114 0.000619216 0.999999
-0.000287667 2.71362e-05 1
-0.000449609 -0.000790549 1
-0.00018549 -7.16147e-05 1
0.000691934 0.000727783 1
-0.000424984 0.000721888 1
-0.000731231 0.00019641 1
0.000390616 -0.000312508 1
6.46752e-06 0.000253204 1
0.00104823 0.00163547 0.999998
0.000989119 0.00179558 0.999998
-0.000770459 0.000584906 1
-4.51943e-05 0.000225171 1
-0.000175485 0.000244278 1
-0.000711197 0.000212019 1
0.00353757 -0.00250452 0.999991
-0.000118156 0.000142837 1
-0.000868556 0.00165571 0.999998
-4.42732e-05 0.000230067 1
0.00224498 0.000231315 0.999997
2.93892e-05 0.000272579 1
-0.00337811 0.0019828 0.999992
-0.000252677 3.16044e-06 1
-0.000353248 8.13421e-05 1
-0.00166087 -0.000187553 0.999999
-0.000914806 3.74875e-05 1
0.00252542 0.0002166 0.999997
-0.00035025 -1.69607e-05 1
0.000159682 -0.000682257 1
-1.61464e-06 -0.000432595 1
-0.00119801 -0.000375131 0.999999
-0.00389304 0.00404026 0.999984
-6.69008e-06 -0.000937293 1
0.00255723 0.000557796 0.999997
-0.000215326 0.000224148 1
-0.000367589 0.000542066 1
-0.000447314 -0.000803741 1
1.63608e-05 -0.000216718 1
-0.000605313 0.000413482 1
-0.000350057 0.00124952 0.999999
0.000397089 0.00203092 0.999998
-0.000746095 0.00047907 1
-0.000364182 0.000244499 1
-0.000183737 -0.000985422 1
-3.25943e-06 0.000231908 1
-0.000313865 0.000135022 1
0.000342476 -0.000253064 1
-0.000454047 -0.000809342 1
-0.000135724 -0.00018231 1
-3.24811e-06 -0.000165561 1
-0.000227076 -0.000409265 1
-0.00146186 0.000686818 0.999999
-0.00147185 0.00068999 0.999999
-0.000409686 7.62002e-05 1
0.00103387 0.00207791 0.999997
-0.000363192 -1.20714e-05 1
-0.000164444 -2.31173e-05 1
-0.000386095 -0.000962224 0.999999
0.000511337 0.000621054 1
-0.000424927 -2.286e-06 1
0.0015322 0.00224371 0.999996
-2.28895e-05 0.000204928 1
0.000755271 0.000762896 0.999999
-4.1778e-05 -0.00121699 0.999999
1.8399e-05 -0.000538273 1
-8.44474e-05 -0.00041231 1
-0.000429936 1.04711e-05 1
-0.000272898 -2.04361e-05 1
-0.000361014 6.69645e-05 1
-0.000203359 -0.00031377 1
-0.000223264 0.000598763 1
-0.000194663 -0.000932333 1
-0.000254417 0.000179015 1
-0.000194396 0.00013094 1
-0.000177009 0.00125342 0.999999
-0.00024917 -0.000455548 1
-0.000122354 0.000475182 1
3.74313e-06 -0.000145318 1
-0.000325346 0.00052442 1
-6.27656e-05 -6.68176e-05 1
-0.000326097 0.000996766 0.999999
-0.000118824 -8.07108e-05 1
-0.00037426 0.000104631 1
-0.00031995 0.00105972 0.999999
0.000689212 0.000106243 1
-2.47936e-05 0.000107215 1
-0.000249838 0.000177573 1
2.58753e-05 -0.00033975 1
-0.000303266 4.25808e-05 1
-0.000371006 0.000339644 1
-0.0012222 -0.00411434 0.999991
-0.000145391 -1.13762e-05 1
-0.000701045 -0.000703986 1
-0.000312267 0.000463823 1
-0.000314993 0.000128845 1
-0.000111056 -0.000204367 1
-0.000231858 -1.86424e-05 1
-0.00838922 -0.00777714 0.999935
-0.000187703 6.43072e-05 1
-0.000361647 3.44995e-05 1
-2.22065e-05 0.000120849 1
-1.44766e-05 0.000229552 1
-0.000266991 0.000101509 1
-0.000220925 0.000596472 1
-0.000403756 3.82798e-06 1
7.04272e-06 0.000439182 1
0.00122468 0.000554863 0.999999
-0.000627873 -0.000523722 1
-0.000378446 0.00211032 0.999998
-0.000362965 -1.30217e-05 1
-0.000263013 -0.00043461 1
-0.00813897 -0.00764924 0.999938
-1.66948e-05 0.000221966 1
-5.23595e-05 0.000184905 1
-0.000204171 -0.000408354 1
5.36008e-05 0.000114373 1
-0.000251524 0.0020642 0.999998
-0.000227909 0.000362625 1
-0.000704463 6.79545e-05 1
-0.000178239 2.46547e-05 1
-5.77768e-06 0.000221189 1
-0.000272451 -0.000218928 1
-0.000386619 -1.20273e-05 1
-2.14723e-06 0.00115679 0.999999
0.000462876 0.000786098 1
-0.000617827 -0.000800369 0.999999
-5.09786e-05 0.000326194 1
0.000153572 9.85618e-05 1
-0.000641251 -0.000557322 1
-0.000691569 -0.000679788 1
-0.000714378 -0.000294191 1
-1.15651e-05 0.000216607 1
0.000821454 0.000544074 1
-0.000869641 -0.000259036 1
-0.000402833 6.99873e-05 1
-0.000194846 -0.000296505 1
0.000796868 0.000571984 1
-0.000158957 -2.09878e-05 1
-0.000220738 -0.000571588 1
-0.000102518 -0.00056919 1
-0.000112386 -0.00057599 1
-0.000177525 -0.000245821 1
-0.000425178 0.000624941 1
-0.000228232 -0.000459248 1
-0.000570958 0.000693312 1
-0.000387782 -1.09511e-05 1
-0.000552908 0.000154858 1
-0.000430208 -0.000339274 1
0.000765107 0.000547729 1
0.000715279 0.000615283 1
-0.00161988 -2.6457e-05 0.999999
-0.000167433 3.2179e-05 1
0.000175169 7.40789e-05 1
0.000296086 -0.000779263 1
0.000184358 0.000786916 1
0.000913012 -0.000134228 1
-0.00011349 6.19335e-05 1
-0.00010283 -0.000529607 1
-6.02562e-05 0.000135227 1
0.000154307 0.00083815 1
-0.00060932 0.000551214 1
-0.000390843 -3.23658e-06 1
-0.000405192 0.000163082 1
0.00141327 -0.000317791 0.999999
0.00142437 -0.000298666 0.999999
-0.000362684 -1.2254e-05 1
-0.000611038 -0.000210809 1
0.000618197 -0.000261639 1
0.00246528 0.00178912 0.999995
1.29723e-05 -0.000204458 1
-0.000414415 0.000155683 1
0.000708228 -4.79255e-05 1
0.000216527 0.000869045 1
2.21495e-05 0.00111787 0.999999
0.00123285 0.000272696 0.999999
0.00148327 0.000268663 0.999999
-0.000266372 8.73799e-05 1
0.000240404 0.000820275 1
0.000383177 -0.00357139 0.999994
-0.000408512 1.49547e-05 1
0.00153924 0.000148107 0.999999
0.000406188 -0.00055581 1
-0.000384712 -6.62447e-06 1
-0.000105064 -0.000529736 1
0.00117387 0.000224821 0.999999
-0.00161913 -2.58984e-05 0.999999
-0.000540192 0.000102805 1
0.000889468 -0.00114771 0.999999
-0.000248882 2.07612e-05 1
-0.000378176 8.88038e-05 1
-1.89767e-05 0.000292035 1
-0.000357964 0.000605751 1
-0.000259938 0.000239982 1
-0.000533198 0.000145511 1
0.000697836 0.0001903 1
-0.0016909 -0.000952222 0.999998
0.00049689 0.00207662 0.999998
-0.00127552 0.000884175 0.999999
0.00165704 0.000292304 0.999999
-0.000544228 9.88676e-05 1
-0.000356584 5.07223e-05 1
-0.000352855 8.16995e-05 1
-0.000243756 0.000229701 1
-0.000190101 0.000128313 1
-0.000175705 0.00024441 1
7.83277e-05 0.000202547 1
0.00065559 0.000259214 1
-0.00133003 -0.00023857 0.999999
-0.0001763 0.000397405 1
0.000439505 0.00114973 0.999999
0.000140555 -0.000162038 1
-0.000359261 0.000193464 1
-0.000124572 0.000281559 1
0.000117993 0.000174817 1
0.000247715 -0.000895991 1
-0.00165807 -0.000186422 0.999999
0.00071381 0.000879637 0.999999
0.00115055 -8.20742e-05 0.999999
-0.000167631 -0.000179876 1
-0.000196588 4.96548e-05 1
-0.000533228 -0.000192932 1
-0.00027422 -0.00165646 0.999999
0.00140565 0.000506324 0.999999
1.40148e-05 -2.01348e-05 1
2.29843e-05 3.99389e-06 1
-0.000207675 0.000112983 1
-8.73789e-05 3.1178e-05 1
-0.000446127 6.89592e-05 1
0.00164985 0.000336346 0.999999
-6.86568e-05 -0.000121231 1
0.00116246 -9.45513e-05 0.999999
-0.000340568 2.1679e-05 1
-0.000364208 9.70752e-05 1
7.62632e-05 0.00029011 1
-2.98089e-05 -6.96447e-05 1
0.00146933 0.00026925 0.999999
-0.00044964 6.55104e-05 1
-8.8331e-05 0.000196721 1
-3.75066e-05 -0.000367435 1
-0.000276233 -0.00154514 0.999999
-0.000228571 -0.000459492 1
0.0016435 0.000350885 0.999999
-0.00134879 -0.000232474 0.999999
0.00308092 0.00179012 0.999994
-0.000435586 -0.000846761 1
-0.000275667 -0.0015698 0.999999
0.00151444 0.000209322 0.999999
-0.000149458 -0.000195297 1
-0.00027607 0.000119453 1
-0.000300939 -0.000314243 1
0.000790726 0.000375907 1
0.00308092 0.00179012 0.999994
-0.00119391 -0.000457469 0.999999
-0.000272411 -0.00066084 1
0.00101283 0.000887668 0.999999
-0.000588501 -0.000355579 1
0.00100897 0.000890183 0.999999
3.72294e-07 -0.000177608 1
0.000215543 5.43226e-05 1
-0.000413035 -0.000166184 1
-0.000177477 -0.000375511 1
-6.78191e-05 -0.000122287 1
-0.000163776 -0.000239088 1
-0.00168337 -0.000935866 0.999998
-0.000146865 -0.000198183 1
-0.00439866 0.000398412 0.99999
-0.000138534 -0.000225644 1
-0.011513 -0.00472567 0.999923
-0.00436326 -0.00241336 0.999988
-0.00433491 -0.00247583 0.999988
-0.0113891 -0.00487733 0.999923
-0.0143587 0.000581461 0.999897
-0.00838922 -0.00777714 0.999935
-0.0114245 -0.00481211 0.999923
-0.00322575 -0.00395195 0.999987
-0.003162 -0.00381351 0.999988
-2.94862e-05 -8.02935e-05 1
0.00308092 0.00179012 0.999994
0.00526937 0.000908631 0.999986
-0.00233751 -0.00635117 0.999977
-0.00241057 -0.00628467 0.999977
-0.0143587 0.000581461 0.999897
-0.0113367 0.00548902 0.999921
-0.00379767 0.00377961 0.999986
-0.00388532 0.00373746 0.999985
-0.0114464 0.00531345 0.99992
-0.00884275 0.00944938 0.999916
-0.0113728 0.00543044 0.999921
-0.00884275 0.00944938 0.999916
-0.000154137 1.46072e-05 1
-5.10314e-05 -0.000266329 1
-0.00450892 0.0114529 0.999924
-0.00449354 0.0114269 0.999925
-0.00149453 0.0053874 0.999984
-0.00149837 0.00535177 0.999985
-0.000949159 -0.00162468 0.999998
-0.00100843 -0.00179756 0.999998
-0.000606347 -0.000763622 1
-0.00116595 -0.000606749 0.999999
0.00390917 -0.0040121 0.999984
-0.00042059 0.000636207 1
4.53773e-06 0.000185785 1
0.000402491 0.000232118 1
0.000135715 -0.000258357 1
-0.00030775 0.00112643 0.999999
-0.000300771 0.00112056 0.999999
0.000333977 0.000787555 1
-0.000170928 -0.000632866 1
-0.000444064 -0.000221373 1
-0.000758318 -0.000852456 0.999999
-0.000735658 -0.000867614 0.999999
1.90059e-05 0.000843098 1
0.000126025 0.000303225 1
-0.00103713 2.40631e-05 0.999999
-0.000339955 2.72813e-05 1
0.00365942 -0.00365061 0.999987
-0.000760187 0.00148943 0.999999
-0.00029921 -0.000522713 1
-0.000339467 1.20505e-05 1
-0.00027908 -0.000981342 0.999999
-0.000291185 4.89396e-05 1
0.000477627 0.000765279 1
4.60131e-05 0.000741282 1
-0.0010356 3.20778e-05 0.999999
-0.000309773 0.000148931 1
-0.00157679 -0.000364997 0.999999
-0.000321064 2.76986e-05 1
0.000493671 -0.00116396 0.999999
0.000496958 -0.000993432 0.999999
0.000499484 -0.00116598 0.999999
-0.000221082 0.000585468 1
0.00192375 0.00201249 0.999996
0.00104979 0.000669176 0.999999
-0.000340223 1.78819e-05 1
0.000426991 0.000970753 0.999999
0.000426256 0.000980486 0.999999
0.000191079 0.00125399 0.999999
0.000190867 0.00125247 0.999999
0.000501938 0.0010311 0.999999
0.00035798 0.000548591 1
-0.000255009 -0.00100067 0.999999
-0.000741869 -0.000243642 1
0.000502766 -0.000995627 0.999999
0.000692244 -0.00146794 0.999999
-0.000279294 -0.00100812 0.999999
-0.000261946 8.09855e-05 1
0.00069207 -0.00146836 0.999999
-0.000166072 0.000379378 1
0.000558117 0.000789539 1
0.000458166 0.000172696 1
0.000763346 0.000592986 1
0.00111649 -0.000107534 0.999999
9.72484e-06 0.000903039 1
-0.000241228 0.000608879 1
-0.000237474 0.000599855 1
0.00110714 -0.000579167 0.999999
6.45783e-05 0.000952966 1
0.000445135 -0.000751647 1
0.000445328 -0.000751377 1
0.00131758 0.000803221 0.999999
0.00131633 0.000802626 0.999999
-0.000267411 7.7712e-05 1
-0.000275013 -0.00165561 0.999999
2.57752e-05 0.000934591 1
0.000576298 0.00128846 0.999999
0.00133329 -0.000300951 0.999999
0.00147413 -9.88753e-05 0.999999
0.00158523 -0.000435833 0.999999
0.00159534 -0.000430569 0.999999
0.00136757 -0.000910522 0.999999
0.000197584 -0.00114318 0.999999
0.00137111 -0.000906285 0.999999
0.00117588 -0.00143462 0.999998
0.000670293 -0.000813802 0.999999
0.000753687 0.000874057 0.999999
0.00130187 0.000733459 0.999999
-0.000219393 -0.000544367 1
-0.000131482 -3.73954e-05 1
-0.00023118 0.000103565 1
0.00169387 0.000290999 0.999999
-0.000126833 -6.24351e-05 1
0.00131765 0.000751621 0.999999
0.00169409 0.000291025 0.999999
-0.000231025 0.00010206 1
-0.000714274 -0.000741355 0.999999
-0.000132157 -0.000745757 1
0.00133598 -0.000407856 0.999999
0.00135792 -0.000828472 0.999999
0.00034319 -0.000563162 1
0.000291196 -0.000546957 1
0.000998652 0.000889909 0.999999
0.00116974 0.000655218 0.999999
-0.000523571 0.000143828 1
0.00116906 0.000655153 0.999999
0.00158423 0.000194281 0.999999
0.00149114 -0.00055102 0.999999
0.00149106 -0.000550505 0.999999
1.03188e-05 0.000446011 1
-0.000105714 -0.000739963 1
-0.000272614 -0.000663806 1
0.000934143 0.000436056 0.999999
0.00093494 0.000436241 0.999999
0.00131995 -0.000337706 0.999999
-0.000646984 -0.000335882 1
0.000502914 0.000924647 0.999999
-0.000785069 -0.00028266 1
-0.000221408 -0.00140011 0.999999
0.000939412 -0.000619755 0.999999
0.000453475 0.000590257 1
-0.000281676 1.13098e-05 1
-0.000350142 -0.0010451 0.999999
-0.000105928 3.71551e-05 1
0.000939394 -0.00062028 0.999999
0.00055745 -0.000780271 1
0.000554665 -0.00149545 0.999999
0.000556358 -0.00149436 0.999999
0.000538828 -0.00111279 0.999999
0.000560045 -0.000780259 1
0.00044489 -0.000840896 1
-0.00078335 -0.000287114 1
-0.000599479 -0.00020162 1
0.000396247 0.000447728 1
0.000393513 0.000445116 1
4.21339e-05 -0.000373275 1
4.46846e-05 -0.000373959 1
-0.000114799 0.000192745 1
0.000370525 -0.000772967 1
0.000370961 -0.000780321 1
-0.00017919 -0.000381311 1
-0.000101844 -0.000189583 1
-0.000331152 -0.000346981 1
0.00026496 0.000761307 1
5.51906e-06 0.000210462 1
-8.62019e-05 -0.000344095 1
0.000115226 -0.000449138 1
-0.00011544 0.00019234 1
0.000136279 0.000131631 1
0.000118426 -0.0004493 1
-0.000485529 -8.46491e-05 1
-0.000257317 -8.70279e-06 1
-0.000482133 -8.38922e-05 1
-0.000287353 9.73067e-05 1
-0.000277758 0.000124377 1
-0.000208185 -0.000371957 1
2.21495e-05 0.00111787 0.999999
0.000227667 0.000193163 1
0.00129335 0.000645831 0.999999
0.000135716 0.000131935 1
0.00242068 0.00179753 0.999995
5.35307e-06 0.000183409 1
0.00226971 0.00191309 0.999996
0.00127596 0.000916731 0.999999
-0.000357691 6.40177e-05 1
2.17296e-06 0.000214932 1
-4.99035e-05 -9.54748e-05 1
8.32094e-05 -5.46216e-05 1
-0.00025094 -7.05964e-06 1
-0.00040511 5.31048e-05 1
-0.000194314 -0.000180501 1
-0.000310464 0.000226093 1
-0.000409046 4.77552e-05 1
-0.000397014 0.000228592 1
-0.000394225 0.000224394 1
-0.000381806 0.000320836 1
-0.000292468 -1.90802e-05 1
-0.000297799 -2.49691e-05 1
-0.000427956 0.000303073 1
-0.000319244 0.000348416 1
-0.000260821 0.000314367 1
-6.23968e-05 0.000238861 1
-0.000267905 0.000315333 1
-0.000252319 0.000301298 1
-0.000246478 0.000309628 1
0.000502814 -0.000285314 1
2.56662e-05 0.000274088 1
0.000193599 0.000219463 1
0.00019127 0.00021308 1
-8.70287e-05 0.000291666 1
-0.000109961 0.000277812 1
-0.000350334 -0.000227413 1
-5.95586e-05 0.000335053 1
-8.10023e-05 0.000303088 1
-6.52346e-05 0.000240382 1
-7.08862e-05 0.000240362 1
-2.05717e-05 0.000134086 1
-6.18782e-05 0.000193659 1
5.28887e-07 0.000263316 1
-4.68713e-06 0.000123071 1
2.64744e-05 0.000297233 1
7.29775e-05 0.000369246 1
7.03244e-05 0.000366639 1
-6.57327e-06 0.000206194 1
0.000150934 0.000384046 1
-0.000354646 -0.000231115 1
-0.00039177 0.000228652 1
-5.82356e-05 0.000138555 1
-8.92716e-05 4.72608e-05 1
0.000211144 0.000188566 1
-9.21061e-05 -3.28765e-05 1
-8.98099e-05 -2.918e-05 1
7.25938e-05 0.000306203 1
7.26766e-05 0.000305906 1
-0.000321366 8.70564e-05 1
-0.000333546 7.93118e-05 1
-0.000309072 0.000147287 1
-0.000258385 4.04823e-05 1
-0.000370977 -0.000607001 1
-0.000301332 5.71677e-05 1
-0.000136575 0.000211776 1
-0.000312251 0.000151136 1
-0.000134691 0.000251261 1
-0.000339918 0.000104134 1
0.000492688 -0.000164213 1
-0.000412976 0.000149928 1
-0.000131558 3.9083e-05 1
0.000876218 -0.000121526 1
0.000486418 0.000167677 1
0.000404367 -0.000509531 1
-0.00036966 7.15622e-05 1
-0.000131939 0.000222575 1
-0.000382533 -3.6447e-05 1
-0.00152232 0.000863658 0.999998
-0.000393474 2.64085e-05 1
-0.000389014 4.25312e-05 1
-0.000583175 -0.000185643 1
-0.000593584 -0.000179971 1
-0.000541971 9.56772e-05 1
-0.00044327 0.000481264 1
-0.000391129 -0.000118562 1
-0.000389824 -0.000122082 1
-0.000776385 -0.000100998 1
-0.000624215 -0.000116547 1
-0.000388108 -6.88529e-06 1
-0.000387928 -8.09613e-06 1
-0.000624215 -0.000116547 1
-0.000771094 -0.000100561 1
-0.000863124 6.61218e-05 1
-0.000863124 6.61218e-05 1
-0.000821479 0.000138523 1
-0.000824289 0.000138524 1
-0.000630939 0.000249729 1
-0.000630996 0.000250142 1
-0.000703176 0.000217095 1
-0.000701663 0.000217006 1
-0.00083274 0.000181377 1
-0.00083274 0.000181377 1
-0.000771185 -9.91888e-05 1
-0.000784347 0.000102219 1
0.0119427 -0.00507313 0.999916
0.0120689 -0.00489994 0.999915
0.00474122 -0.00302018 0.999984
0.00478844 -0.00293093 0.999984
0.00403448 0.000508776 0.999992
0.00404658 0.000483328 0.999992
0.00334702 -0.00629924 0.999975
0.00340017 -0.00625033 0.999975
0.00894881 -0.00890463 0.99992
0.00389193 -0.00332974 0.999987
0.00302375 -0.00289982 0.999991
0.00894881 -0.00890463 0.99992
0.00394836 -0.00338524 0.999986
0.00577373 -0.0104256 0.999929
0.00575847 -0.0103944 0.999929
0.015112 -6.91575e-05 0.999886
0.0119806 -0.00501328 0.999916
0.0021729 -0.00147575 0.999997
0.00210885 -0.00141463 0.999997
0.00125223 -0.00032518 0.999999
-0.000112135 0.000302312 1
0.000997495 8.64663e-05 1
0.000992262 8.86115e-05 1
-0.000235345 0.000118915 1
-0.000213347 8.1713e-05 1
-0.000130974 0.000223346 1
-0.000363554 7.65003e-05 1
-0.00037398 5.6163e-05 1
0.000292607 -0.000407654 1
-0.000487501 0.000626708 1
5.25335e-06 0.000253566 1
-0.000304254 7.36331e-05 1
-0.00012514 0.000113813 1
3.70892e-05 0.000237541 1
-0.000785194 -0.000180768 1
-0.000786745 -0.00017693 1
-0.000347352 -1.78071e-05 1
2.97007e-05 0.0002304 1
-1.05263e-05 0.000201885 1
-0.00120972 6.73005e-05 0.999999
-0.000124942 2.04138e-05 1
-0.000142302 2.98204e-05 1
-0.000754857 0.000958488 0.999999
-0.000543762 0.000503252 1
2.79698e-05 0.000234776 1
-0.000327631 4.34952e-05 1
-0.000416136 6.134e-05 1
-0.00117809 -0.000413907 0.999999
-0.000781751 -0.000262738 1
-2.86318e-05 0.000188083 1
-0.000755573 -0.000266016 1
0.000446334 -0.000346587 1
0.000278654 -0.000277503 1
-0.000266005 -6.95106e-05 1
-0.00032079 5.48281e-05 1
-0.000335823 3.606e-05 1
-0.000247874 -4.90266e-05 1
0.000365148 0.000557009 1
-2.43717e-05 -0.000264391 1
-0.000319571 4.71077e-05 1
0.000146932 0.000102321 1
0.0011017 0.00119131 0.999999
-0.000816187 0.000527206 1
-0.00202912 -0.000159267 0.999998
-0.00202481 -0.000160526 0.999998
-0.00011132 7.70391e-05 1
-0.000335821 3.60527e-05 1
-0.000267911 -8.4779e-05 1
-0.000292306 -0.000124592 1
-0.000269288 -0.000172513 1
-0.000462297 0.000489314 1
0.00115686 0.000625548 0.999999
0.000136892 -0.000259863 1
-0.00103892 0.000135483 0.999999
0.000159086 -0.000818102 1
-0.000340041 0.000371036 1
-0.000321246 0.000263462 1
-0.000515749 0.000748858 1
-0.000462833 0.000388344 1
-0.000247688 0.000217813 1
-0.000648074 0.00161885 0.999998
-0.0011436 -0.00752231 0.999971
-0.000228123 8.66662e-05 1
-0.000420647 -2.32474e-05 1
-0.00116548 0.000947569 0.999999
-0.00260823 0.00447575 0.999987
-0.00260943 0.00447722 0.999987
-0.000113237 0.000116946 1
-0.0010904 -0.00749325 0.999971
0.000154381 0.000105049 1
-0.00102993 0.00102791 0.999999
1.26568e-05 0.000146127 1
6.06025e-05 0.000113885 1
-0.000664349 0.00162181 0.999998
-0.000144566 -0.000145835 1
-0.000145864 -0.000140805 1
-0.000128334 1.11801e-05 1
0.000464941 -0.000571737 1
0.000466601 -0.00057417 1
-0.00108003 -0.00747123 0.999972
0.000141641 -0.000145696 1
0.000156111 8.3319e-05 1
0.000147848 -0.000153522 1
0.000263573 1.67393e-05 1
0.000266625 1.5895e-05 1
-0.00111853 -0.00748819 0.999971
0.000144996 -4.11515e-05 1
-0.000249663 0.0011066 0.999999
8.49808e-05 0.000200886 1
0.00112538 -0.000692462 0.999999
0.000214634 0.000181127 1
0.000161482 6.22746e-05 1
0.000244803 -0.000548775 1
-0.000123447 0.000624112 1
-0.000240172 0.000178701 1
-0.000252501 0.00015771 1
-0.000353722 0.000214147 1
0.00111332 -0.000574527 0.999999
-0.000785691 0.000624707 1
-0.000138563 0.000149891 1
-0.000244289 0.000180314 1
-7.64713e-05 0.000203014 1
-7.83123e-05 0.000202123 1
-0.000265069 -5.53693e-05 1
-0.000266384 -5.59912e-05 1
-0.00029425 -0.000176771 1
-0.000298259 -0.000175053 1
-0.000355508 1.01126e-05 1
-0.000364734 3.16105e-05 1
-0.000359913 9.99676e-05 1
-2.61804e-05 0.00111549 0.999999
-0.00014709 -0.000562525 1
-0.000314973 -3.72274e-05 1
-0.000314939 -3.64684e-05 1
7.06994e-05 -6.65644e-05 1
9.78174e-05 -0.000222852 1
-0.000311344 -4.15469e-05 1
9.78174e-05 -0.000222852 1
-0.000217374 -0.00014744 1
7.54088e-05 -6.79247e-05 1
-0.000129323 -3.96341e-05 1
-0.000128136 -4.04655e-05 1
-0.000110387 -2.36899e-05 1
0.000126297 5.93262e-05 1
0.015112 -6.91575e-05 0.999886
0.0129064 0.00639919 0.999896
-0.000136449 0.000101108 1
0.000187851 0.00180474 0.999998
0.00118089 0.000576773 0.999999
0.00117738 0.000562424 0.999999
-0.000681578 -0.000563565 1
0.00050191 0.00103677 0.999999
0.000452677 -0.00100937 0.999999
-0.000846772 -0.000620976 0.999999
-0.000853279 -0.000617592 0.999999
-0.000156101 -9.41184e-05 1
-0.000788803 -0.000743983 0.999999
-0.00136125 -0.000651502 0.999999
-0.00136232 -0.000648939 0.999999
-6.85156e-05 -0.000345617 1
-0.000411561 -1.98e-05 1
0.000519675 -0.000355172 1
0.00056119 -0.00031085 1
-0.00100446 0.000541797 0.999999
-0.000426061 0.000466189 1
-0.000248542 2.9294e-05 1
-9.21998e-05 -0.000344271 1
-0.000364824 4.5131e-05 1
-0.000160866 -9.91754e-05 1
0.000218861 0.00022781 1
-0.000371576 6.62708e-05 1
-0.0049713 -0.000466744 0.999988
0.000148505 -4.20292e-05 1
0.000154787 0.000268214 1
0.000163188 0.000266263 1
-0.000104946 0.00018458 1
-0.000118082 0.000196876 1
-0.000253029 0.00015642 1
-0.000351691 9.633e-05 1
-0.000379318 0.00022664 1
-0.000205764 0.000107824 1
-0.000183862 -0.000544163 1
-0.000357112 0.000116481 1
-0.000355755 0.000115967 1
1.7112e-06 7.44181e-05 1
0.000126297 5.93262e-05 1
0.0129431 0.00639696 0.999896
0.0103889 0.0101623 0.999894
0.015112 -6.91575e-05 0.999886
0.00161973 0.00171171 0.999997
0.00160007 0.00169188 0.999997
0.00315624 0.00311373 0.99999
-0.000678873 -0.000527539 1
-0.000783552 -0.00124235 0.999999
-0.000790479 -0.00125211 0.999999
-0.000475278 -0.000882854 1
-0.000887189 -0.000527688 0.999999
-0.00117071 -0.00107159 0.999999
-0.000298452 0.000110143 1
0.00118864 0.000629894 0.999999
-0.00164338 -0.000704758 0.999998
-0.00167709 -0.000935339 0.999998
-0.0014514 -0.00149931 0.999998
-0.00153593 -0.00131173 0.999998
0.000143522 -0.000500412 1
-0.000195988 -0.000350501 1
-0.000351433 6.0273e-05 1
-0.000678647 -0.000362335 1
0.00062489 -0.000207921 1
0.000173314 0.000160947 1
0.000316964 -0.0016868 0.999999
-0.000369437 2.23791e-05 1
0.00012838 0.000489637 1
5.10724e-05 0.000310926 1
4.33122e-05 0.000307508 1
-9.26222e-05 0.000183893 1
-0.000370484 2.84286e-05 1
-0.000239489 -0.000481756 1
-0.000306991 8.20702e-06 1
-0.000304486 1.11724e-05 1
-0.000288786 1.74081e-05 1
5.75583e-06 7.43835e-05 1
2.61929e-06 7.52866e-05 1
-9.49383e-05 0.000173643 1
0.00301918 0.00509499 0.999982
0.00306861 0.0050423 0.999983
0.00314824 0.00310528 0.99999
0.00618275 0.0120461 0.999908
0.0061436 0.0120052 0.999909
0.0103889 0.0101623 0.999894
0.000810758 0.000797047 0.999999
-0.000476061 -0.000901745 0.999999
-0.000722406 -0.00129101 0.999999
-0.000480693 -0.000891017 0.999999
-0.00115054 -0.00102897 0.999999
-0.000384027 -0.000832097 1
-0.000742098 -0.000975371 0.999999
-0.000731347 -0.000703317 0.999999
-0.000516228 0.000365322 1
-0.000519711 -0.00123118 0.999999
-0.000506235 -0.00121071 0.999999
-0.000865863 -0.00159023 0.999998
-0.00153734 -0.0013109 0.999998
-0.000304165 -1.8503e-05 1
0.000174234 -0.000610751 1
-0.00145997 -0.00149564 0.999998
-0.00126922 -0.00113584 0.999999
-0.00103153 -0.00147465 0.999998
-0.00102878 -0.00147442 0.999998
-0.000701688 -0.00120893 0.999999
-0.000880423 -0.000941142 0.999999
-0.000252991 -0.000594646 1
-0.000231664 -0.00080808 1
0.000176506 0.000159421 1
0.000127012 0.000489112 1
-3.15735e-07 0.000456664 1
1.51761e-06 0.000459739 1
-0.000102288 0.000348494 1
4.92839e-05 0.000309769 1
-5.29652e-05 0.000379151 1
-3.46459e-05 0.000387459 1
-0.000120819 0.000187171 1
-0.000355479 3.56245e-05 1
-0.0002582 0.000104429 1
-0.000428731 4.54603e-05 1
-0.000552045 0.000275507 1
-0.000653444 -0.00145286 0.999999
-0.000321725 0.00116838 0.999999
-0.000299612 0.000191038 1
-9.49383e-05 0.000173643 1
-0.00038204 0.000238927 1
-0.000378645 0.000231747 1
-0.000331733 0.000242418 1
-0.000334357 0.0002435 1
0.00109823 -0.0128219 0.999917
-0.000465122 1.58518e-05 1
0.00109252 -0.00621798 0.99998
-0.0012222 -0.00411434 0.999991
0.00109303 0.000680935 0.999999
-4.27436e-06 -0.000248447 1
-0.000279707 0.000931412 1
-0.000275525 0.000910793 1
-0.000177395 0.00110634 0.999999
-9.50925e-05 0.00109887 0.999999
-0.000264057 0.00018556 1
-0.000438867 0.000971567 0.999999
-0.000426657 0.000973608 0.999999
-0.000255313 -0.000432455 1
0.000576314 0.00128861 0.999999
-0.000591133 0.000771349 1
-0.000127827 -8.57108e-05 1
-0.000206351 0.00117878 0.999999
0.0006393 -0.000195367 1
-0.00120873 0.000789599 0.999999
6.48993e-05 0.00110444 0.999999
0.000472831 0.000775854 1
0.000266251 0.000321723 1
-0.000165604 -9.77096e-05 1
-0.000249935 0.000187131 1
-0.000355762 -2.71501e-05 1
0.000338756 0.000270203 1
-0.000364542 -0.000276255 1
-5.30156e-05 -0.000349033 1
-5.04162e-05 -0.000344985 1
-1.9987e-05 -8.95464e-05 1
0.000263644 0.000178567 1
-0.0016464 0.00110135 0.999998
3.82784e-05 0.000231618 1
4.78177e-05 0.000241977 1
-0.000301237 0.00018892 1
-0.000300435 -3.39364e-05 1
0.00123997 -0.0125585 0.99992
0.00296692 -0.00674951 0.999973
-3.14643e-06 -0.000264955 1
-0.000332516 -0.000175668 1
0.00042925 8.21289e-06 1
-0.000794366 0.000978218 0.999999
-0.000580652 0.000517365 1
-0.000775023 0.000612409 1
0.000696618 -0.000602776 1
0.000162721 0.00180463 0.999998
8.81525e-06 0.00111884 0.999999
-0.000268574 0.000165533 1
-0.000341051 0.00114271 0.999999
-0.00050602 0.00107272 0.999999
-0.000386265 6.92263e-06 1
-3.10504e-05 0.000163349 1
-1.72792e-05 -8.65156e-05 1
0.000165415 -0.00010854 1
0.000651793 0.000606769 1
3.99322e-05 0.000240981 1
-0.000277253 -0.000101739 1
-0.000312514 -3.82684e-05 1
-0.000356004 -7.5711e-05 1
-0.000217346 -0.000147367 1
-0.000386619 -1.20273e-05 1
3.09583e-05 0.000116694 1
5.35404e-05 -2.67002e-05 1
-0.000206103 -0.000927861 1
0.00126617 0.0138144 0.999904
0.00213206 0.0075277 0.999969
0.0012767 0.0137379 0.999905
0.00213206 0.0075277 0.999969
-0.000636423 3.95609e-05 1
-0.000806114 0.00139499 0.999999
-0.000644327 4.96354e-05 1
0.00070154 0.000914996 0.999999
0.000811832 0.000798571 0.999999
0.000649754 0.000606735 1
-0.000482666 -0.000904113 0.999999
0.000738462 0.000437403 1
-0.000250799 -0.000796107 1
-0.000176729 -0.000110046 1
-0.000250874 0.000184005 1
-0.000338109 -0.00105854 0.999999
-0.000374009 -0.000804635 1
-0.000250194 0.000183153 1
-0.000232402 -0.0013774 0.999999
-0.000331987 0.000147134 1
-0.000734653 -0.000953785 0.999999
0.000235454 -0.00102704 0.999999
-4.96091e-05 -0.000919594 1
-5.32039e-05 -0.000895553 1
0.000633057 -0.000767325 1
3.07105e-05 -0.00180817 0.999998
1.84173e-05 -0.00170824 0.999999
3.23376e-05 -0.00180822 0.999998
-0.000849023 -0.00156752 0.999998
0.00116837 -0.00141032 0.999998
1.94293e-05 -0.00170816 0.999999
-0.000287099 -0.00200256 0.999998
-0.000288097 -0.00200245 0.999998
0.000537029 -0.00111274 0.999999
4.73391e-05 -0.0009965 1
4.6618e-05 -0.000987285 1
-0.000234053 -0.000819595 1
-0.000704557 -0.00120926 0.999999
-0.000176588 -0.000382215 1
-9.99382e-05 -0.000306401 1
-0.000332451 -0.000103753 1
-0.000100321 -0.000306419 1
-0.000186698 -0.000150334 1
5.83501e-05 -0.000132765 1
-0.000333266 -0.0001036 1
-0.000308731 0.000223132 1
-0.000228717 0.000312974 1
-0.000145285 0.000395612 1
-0.000140612 0.000395806 1
-0.000100715 0.000351605 1
-0.000131338 0.000351883 1
-8.97359e-05 0.000195315 1
-0.000131391 0.000356363 1
-2.00271e-05 0.000273117 1
-7.36578e-05 0.000292305 1
-6.93079e-05 0.000285558 1
-0.000102709 0.000194893 1
-0.000364116 9.70542e-05 1
-0.000108822 -0.000155359 1
-0.000108137 -0.000153833 1
0.000283715 -0.000781311 1
-0.000271954 -0.00165512 0.999999
-0.000538337 0.000342195 1
-0.000538337 0.000342195 1
-0.000314101 0.000150844 1
-0.000397023 4.83847e-05 1
-8.52276e-06 0.000228554 1
0.000470456 -0.00483224 0.999988
-0.000260976 0.00049997 1
-9.88857e-05 0.000306064 1
0.000388851 -0.000459976 1
0.000385225 -0.000447017 1
0.00526937 0.000908631 0.999986
0.00073755 0.000437505 1
-0.000224314 -0.000340017 1
-0.000273203 -0.00165814 0.999999
-0.000554639 0.000128284 1
-0.000315643 3.86013e-05 1
-0.000880878 -0.000530555 0.999999
-0.000269148 0.000115564 1
-0.000261631 -0.00165794 0.999999
-0.000273308 -0.00165839 0.999999
-0.000301465 -0.000952192 1
-0.000264521 0.000177665 1
0.000882103 -0.000192065 1
5.23681e-05 -0.000379885 1
-0.000790623 -0.000322087 1
0.000174045 0.00181231 0.999998
-0.000725352 0.000613662 1
-0.00126043 -0.000458389 0.999999
0.000150018 0.00110903 0.999999
-0.000358778 -0.000658002 1
-0.00193919 -0.000118252 0.999998
-0.000435741 -0.000847709 1
-0.000430248 -0.000737523 1
-0.000140663 -5.25813e-05 1
-0.00113751 -0.00126375 0.999999
-0.00194178 -0.000117326 0.999998
-0.000267395 0.000202132 1
-0.000239018 0.000591358 1
2.54669e-05 0.000199326 1
-0.000490222 -0.000231552 1
-0.00041146 -7.06551e-05 1
-0.00055261 -0.000614894 1
-0.000418636 -0.00057342 1
0.000664311 0.000908901 0.999999
-0.00047566 -0.000222264 1
-0.000273923 -0.000729411 1
-0.000230729 -0.00107263 0.999999
0.00127635 0.000775936 0.999999
0.00114115 0.000658232 0.999999
-0.000117623 9.25315e-05 1
-0.00024222 0.000214735 1
-0.00032936 -0.000396539 1
-0.000432994 -0.000416897 1
-0.000712505 -0.000739741 0.999999
-0.000503543 0.000622086 1
-0.00129967 -0.000985535 0.999999
-0.000690644 -0.0007624 0.999999
9.46429e-05 7.77143e-05 1
-0.000593081 -0.000461315 1
0.00440656 0.00159592 0.999989
0.000984367 0.000574769 0.999999
-0.0013693 -0.000779083 0.999999
0.000421993 0.000692355 1
0.000549022 -0.000367906 1
0.0005309 -0.000340169 1
-0.000264614 0.000195339 1
-0.000194069 -0.000178673 1
-3.83227e-05 0.000271813 1
-0.000250896 0.000214255 1
3.14086e-05 0.000145749 1
5.46731e-05 0.00023923 1
-0.00130082 -0.000838218 0.999999
-8.52691e-05 5.42309e-06 1
4.26254e-05 0.000240805 1
-0.000399612 0.00023915 1
-0.000195932 1.90925e-05 1
8.19442e-05 5.43676e-05 1
4.35578e-05 6.81907e-06 1
0.00606595 0.00590028 0.999964
-6.63023e-05 0.000193904 1
-0.00125037 -0.000723159 0.999999
-0.000392224 0.000843729 1
-1.04382e-05 0.000256604 1
-0.00111485 -0.00124904 0.999999
-0.000139311 -0.000324611 1
0.00606623 0.00647842 0.999961
-0.00145462 -0.00149504 0.999998
-0.000194153 0.000108715 1
0.00213206 0.0075277 0.999969
-0.000405428 2.8111e-05 1
0.0025113 0.0052346 0.999983
-0.000237709 5.83132e-05 1
-0.000317261 0.000123407 1
-0.000436964 0.000601214 1
4.29478e-06 0.000187961 1
-0.000160522 4.03353e-06 1
0.000714089 0.000611656 1
0.00133721 0.0020183 0.999997
-0.00025467 6.34023e-05 1
-0.000290945 -0.0012865 0.999999
-0.000200196 9.71829e-05 1
0.000729347 0.000610961 1
-0.000314023 0.000149265 1
-0.000308914 0.000150348 1
-0.000227552 0.00013654 1
-0.000328453 4.61497e-05 1
-0.000363165 4.64609e-05 1
-0.000337433 4.9716e-05 1
-0.000218432 0.000184588 1
0.000126597 -0.00026601 1
0.000709126 0.000965288 0.999999
-2.81827e-05 -0.000141237 1
-9.15544e-05 -4.9493e-05 1
0.000415174 0.000518883 1
-0.000109327 -0.000130037 1
0.000819552 -0.000987003 0.999999
5.15017e-05 0.000784949 1
-3.90836e-05 0.000273451 1
-0.000285929 -0.000793147 1
0.000422852 -0.000602362 1
-0.00445545 -0.0102405 0.999938
0.000437553 -0.000380053 1
0.000194315 -2.91295e-05 1
-0.00441412 -0.0101849 0.999938
-0.000330354 -0.000585786 1
0.000562704 0.00102223 0.999999
-0.000786805 0.000622665 1
0.000656467 -0.000289391 1
-0.00027188 -0.00075115 1
-0.00429926 0.000428724 0.999991
-0.00436028 0.000398459 0.99999
-0.000287362 3.04068e-05 1
-0.00345225 -0.00957048 0.999948
-0.000375117 6.55692e-05 1
-0.000328707 0.000196052 1
-0.000372683 -0.000496247 1
0.00134465 0.00176019 0.999998
-0.000277904 0.000204564 1
-8.48097e-06 -4.06591e-05 1
-0.00498795 0.00025647 0.999988
-0.00492761 -0.0111582 0.999926
-0.00402359 0.00054815 0.999992
-0.00475986 0.00563074 0.999973
-0.00461182 0.000254929 0.999989
-0.00468687 0.00557067 0.999973
-0.00468678 0.00570549 0.999973
-0.00403361 0.000489196 0.999992
-0.000189249 -0.000641925 1
-0.00488634 -0.000584372 0.999988
-0.000480283 0.000756564 1
-0.000572684 -0.000117517 1
-0.00049661 6.69267e-05 1
0.00390673 0.000161059 0.999992
0.00531412 -0.00519889 0.999972
0.00517299 0.00154958 0.999985
6.95711e-05 -6.66961e-05 1
4.97366e-05 -6.90107e-05 1
4.94441e-05 -7.01657e-05 1
3.19527e-05 -0.000255768 1
-0.000386922 -7.37738e-05 1
-0.000186915 3.64304e-05 1
7.2664e-05 -6.74352e-05 1
0.00409135 0.00630773 0.999972
-0.000274727 -0.00148815 0.999999
-0.000327108 0.00119542 0.999999
-0.000173376 2.7311e-05 1
0.00605291 0.00552041 0.999966
0.00406547 0.00114336 0.999991
-0.000227129 0.000141442 1
0.00606628 0.00647029 0.999961
-0.000280479 0.00011839 1
-0.00140188 -0.000804006 0.999999
0.000810773 0.000794947 0.999999
-0.000242915 0.000217304 1
-0.000108293 -9.72074e-05 1
0.00124664 -0.000717367 0.999999
-0.000275423 -0.0014795 0.999999
0.00062203 -0.000725283 1
-9.28664e-05 -0.000345458 1
-9.5877e-05 -0.000351118 1
-0.000631267 0.00148913 0.999999
-0.000539407 0.000193515 1
-0.000272145 -0.000750112 1
-0.000160796 -0.000126347 1
-4.3108e-05 0.000231244 1
3.76326e-05 0.000308808 1
-0.000561995 4.03602e-05 1
-0.000659935 0.000181796 1
-2.75343e-05 0.000208258 1
-0.000356636 4.91036e-05 1
0.000197239 -2.20737e-05 1
-0.000377139 2.98995e-05 1
-0.000318443 8.52062e-05 1
-0.000450636 1.00372e-06 1
0.00070841 0.000293358 1
-0.000376466 2.18904e-05 1
-0.000457265 -0.000647262 1
-0.000546845 0.000127495 1
0.000439627 -0.000286136 1
-0.000277548 -0.000728988 1
0.00150416 -0.000252859 0.999999
-0.000654824 0.000184693 1
-0.000267805 0.000199007 1
-0.000610299 0.000226056 1
-0.000532614 0.000145894 1
3.16283e-06 0.000306512 1
-0.000451413 3.89636e-06 1
-0.000357794 6.09966e-05 1
-0.000377119 2.29549e-05 1
-0.000464568 1.1503e-05 1
3.77536e-06 0.000311795 1
-0.00165993 0.00107593 0.999998
-0.000293864 0.000162901 1
-0.000768391 -0.000439883 1
-0.00029486 -4.84276e-06 1
0.000440305 -0.000722164 1
-0.000124831 -9.11532e-05 1
0.000209438 -1.14831e-05 1
-0.000335649 2.11405e-05 1
0.00011284 -9.53406e-05 1
-3.87114e-06 0.000310604 1
-0.000466294 -0.000636114 1
-0.000356482 4.7518e-05 1
-0.000216699 0.000232312 1
-0.00486406 0.000224473 0.999988
-0.000132349 -2.77281e-05 1
-0.000390104 -8.62309e-05 1
-0.000181336 1.84489e-05 1
-0.000338752 0.00024968 1
-0.000146675 -5.34657e-05 1
0.00444661 -0.00425589 0.999981
-0.000791775 0.000631173 0.999999
-0.000129445 0.000191871 1
-0.000690733 -2.45706e-05 1
-0.000965216 0.00027906 1
-0.000344846 -2.18859e-05 1
-0.000120397 0.000110348 1
7.61019e-07 0.000201897 1
-9.92991e-05 0.000177814 1
0.000153533 0.000157321 1
0.000143549 0.000153787 1
-0.000315622 -4.05973e-05 1
-0.000368343 0.000121926 1
-0.000721115 -3.68506e-05 1
0.000135576 -2.48651e-05 1
5.83786e-05 -3.55685e-05 1
0.000377646 -0.000545518 1
-0.000459317 -1.28487e-06 1
-0.000274382 1.01105e-05 1
-7.5109e-05 3.69008e-05 1
-0.000169912 7.76554e-05 1
8.49261e-05 -3.84987e-05 1
0.000137478 -2.73349e-05 1
4.77349e-05 0.000107501 1
1.55872e-05 0.000187971 1
-7.82936e-05 4.2744e-05 1
0.000173952 -0.00102066 0.999999
-0.000717899 -0.000256393 1
-0.000145311 4.23369e-05 1
-0.000170276 1.40534e-05 1
-0.000201979 3.66635e-05 1
0.00044136 -8.82632e-05 1
0.000442441 0.000555508 1
-0.000248703 -0.000853227 1
-8.01108e-05 0.000336224 1
-0.00034602 -5.88166e-05 1
0.00296692 -0.00674951 0.999973
0.00504413 -0.0074979 0.999959
0.00469026 -0.00453458 0.999979
-0.00355101 -0.00521417 0.99998
-0.000109598 -0.0063364 0.99998
-0.000494892 -0.00128907 0.999999
-0.00336484 0.00198019 0.999992
-0.000219293 7.27558e-05 1
0.00325964 -0.00457208 0.999984
0.000194645 0.000201055 1
-0.000492781 8.94964e-05 1
-0.000118198 -9.38682e-05 1
0.000963294 -0.000314597 0.999999
-0.000216599 0.000232848 1
-0.00456244 0.0108571 0.999931
-0.000150678 0.0050967 0.999987
-0.000373419 0.000105174 1
-0.000917482 -0.000956102 0.999999
-0.000352872 0.000102669 1
-0.000472109 9.30398e-05 1
-0.000371412 7.32439e-05 1
-0.000565195 0.00087117 0.999999
-0.000349579 0.000101542 1
9.50936e-05 0.000215193 1
-0.000297977 0.000113195 1
-0.000311773 0.000111686 1
-0.000275186 -0.000408858 1
-0.000112436 -0.000297957 1
0.000295549 0.000206395 1
-1.21308e-05 -0.000107077 1
7.31485e-05 0.000264949 1
-0.000106867 -0.000114867 1
2.31861e-05 0.000263543 1
0.000632271 0.000835986 0.999999
-0.000513922 0.00062491 1
-0.000409972 2.6708e-05 1
-0.000193888 0.00117782 0.999999
-0.000761511 0.00125471 0.999999
0.000185439 -0.000581285 1
0.000516945 -0.000856864 1
0.000616422 -0.000100655 1
-0.000379489 3.82468e-05 1
-0.000193121 0.00117689 0.999999
-0.00127543 0.00088411 0.999999
-9.41258e-05 0.000318055 1
0.000386227 -0.000652907 1
0.000611111 -0.000242609 1
-5.19118e-05 -0.000852195 1
0.00061795 -0.00108944 0.999999
0.000324581 -0.00170234 0.999999
-0.000329809 0.000584041 1
-0.000442464 -0.000643219 1
0.00090375 0.00045341 0.999999
-0.000376507 3.15383e-05 1
0.00109426 -0.000106208 0.999999
-4.98582e-05 0.000322351 1
-0.00019915 0.000121817 1
-0.000226105 0.000229033 1
-7.97115e-05 -0.000152139 1
-0.000481074 0.00074046 1
0.000593239 -0.000296777 1
-0.000178993 3.58164e-05 1
-0.000115471 -0.000122719 1
0.00145204 -0.00036852 0.999999
0.00142369 -0.000302591 0.999999
-0.000103601 0.000458327 1
0.000245405 -0.00107555 0.999999
0.000485471 -0.000475521 1
-0.000346941 0.000316819 1
0.00117414 -0.00138119 0.999998
0.000652818 -0.000774154 0.999999
-0.000183428 -0.000755779 1
0.000526276 0.000600654 1
-0.000210101 0.00023382 1
0.0015843 0.000194303 0.999999
0.000379684 -3.41498e-05 1
0.00135913 -0.000826821 0.999999
0.00118713 -0.0009762 0.999999
-0.00486668 -0.00024298 0.999988
-0.00476564 -0.0046437 0.999978
0.00146065 -0.000218056 0.999999
-0.000242054 0.000166992 1
-8.80753e-06 0.000234136 1
0.000439889 -7.43039e-05 1
-0.000242142 -0.00061516 1
-0.0049713 -0.000466744 0.999988
0.000212275 0.000142089 1
0.000156804 0.000172922 1
0.00115309 -0.000103379 0.999999
-0.000379802 -3.96286e-05 1
0.000461153 -0.000578419 1
0.000447228 0.00016065 1
0.000538231 -0.000645459 1
0.000557581 -0.000779091 1
0.000384884 -0.000692171 1
0.000451017 0.000167457 1
-0.000541706 -0.00477639 0.999988
-0.0049713 -0.000466744 0.999988
0.000305662 0.000708314 1
8.49359e-05 -0.000272039 1
0.000320117 -0.0010508 0.999999
0.000308336 -0.00560339 0.999984
-0.000176661 -0.000382126 1
0.000134558 -0.000101274 1
-0.000103042 -0.000191445 1
0.000121213 0.000197348 1
0.000152081 -0.000120684 1
0.000153569 -0.000122335 1
-0.00034324 -0.000209533 1
0.000448243 -7.98759e-05 1
-0.000278595 0.000100402 1
-0.000271258 0.000188843 1
6.11947e-05 -0.000318175 1
-0.000474575 0.000164116 1
0.000134664 -0.000101392 1
-0.000313116 9.22392e-05 1
-0.000256818 0.000188101 1
-0.000432884 -0.00020937 1
-0.000194408 -0.000180436 1
-0.000310533 0.000226322 1
-0.000383778 -3.85624e-05 1
0.00052281 0.000554509 1
-0.000381284 0.000322369 1
-0.000222225 0.000164003 1
-0.000311216 0.00033172 1
-0.000303298 0.000347666 1
-0.000322825 0.000285207 1
-0.000510439 0.000128567 1
6.81404e-05 0.000264447 1
0.000466076 0.000724412 1
-0.000929586 0.000523686 0.999999
-0.000259155 -0.000602831 1
-0.000140291 2.83518e-05 1
-0.000171208 -0.000288049 1
-6.16734e-05 0.000326226 1
-0.000101665 0.000247192 1
-9.97114e-06 0.000124218 1
-0.000107452 0.000115027 1
-2.1694e-06 0.000272345 1
-0.000125714 -2.14476e-05 1
-0.000106688 0.000253901 1
3.74265e-05 0.000237545 1
-0.000474764 -0.00113855 0.999999
-0.000371786 2.06905e-05 1
0.000164009 0.000377323 1
-0.000339444 4.15519e-05 1
-0.000260218 -0.000372809 1
0.000470258 0.000590676 1
3.19054e-05 0.000272498 1
-0.000152549 4.77507e-05 1
-0.000289257 0.000101706 1
8.1461e-05 0.00030183 1
0.000710066 0.00040709 1
0.000370095 -0.000677822 1
-0.000342344 -9.21861e-07 1
-0.000348217 -3.20841e-06 1
-0.000283283 -0.000115926 1
-0.000414567 -9.42526e-05 1
-0.000232036 -0.000285301 1
0.00127177 0.000927046 0.999999
-0.000419518 -3.48884e-06 1
-0.00050804 0.000689722 1
-0.000460951 -0.000597486 1
0.000141965 0.00036292 1
-0.00121769 0.000744107 0.999999
-0.000221636 0.000164667 1
-0.000449559 -4.6118e-05 1
-6.39561e-06 0.000202803 1
-0.000283623 -0.000196461 1
-0.000286529 -0.000200549 1
-0.000548513 0.000241215 1
-0.00127496 -0.00113687 0.999999
0.00366186 0.000560594 0.999993
0.00537008 0.000482213 0.999985
0.00372255 -0.00243997 0.99999
0.00543776 0.000638551 0.999985
0.000253129 -0.00115616 0.999999
0.00372366 -0.00306686 0.999988
-0.000143915 -2.77688e-05 1
0.000234745 0.000461385 1
0.000878312 -0.000197385 1
0.000528921 0.000801394 1
0.000961821 0.000468133 0.999999
-0.000157795 -0.000274198 1
0.000706618 -8.80768e-05 1
-0.000197341 8.50849e-05 1
-0.000353637 8.17234e-06 1
-0.000218706 0.000245393 1
-0.00025846 -0.000601798 1
-8.30277e-07 0.000200018 1
0.000219508 -0.00069444 1
-0.000119722 1.6867e-05 1
-0.000383893 0.00014519 1
-8.33423e-05 3.80022e-06 1
-0.000422637 0.000175586 1
-8.67463e-05 -0.000223026 1
-0.00235875 -0.00361912 0.999991
-9.34693e-05 -5.77501e-05 1
0.000667437 0.000607923 1
-0.000398907 0.000119709 1
-0.00121044 0.000596573 0.999999
0.000360763 -0.00138236 0.999999
-0.00046164 0.000170103 1
0.000722991 0.000346199 1
-0.000277998 0.000174661 1
-0.00147543 -0.000886018 0.999999
-1.77568e-05 -0.000178724 1
-0.000305594 0.000104192 1
-0.000386535 0.000147342 1
-1.50849e-05 -0.000229947 1
-0.00134892 0.000319296 0.999999
-6.06726e-06 -0.000208171 1
1.69102e-05 0.000149858 1
-0.000158935 -0.000258485 1
-0.000458097 0.000155841 1
-0.00135581 -0.000716956 0.999999
-0.000364712 0.000101777 1
-0.000462394 -0.000232215 1
-5.10743e-06 -0.000121707 1
-8.98797e-05 0.000196823 1
-0.000373252 1.6625e-05 1
-0.000251143 0.000179647 1
-0.000458341 -3.35137e-05 1
-0.000434235 0.000599292 1
-0.000379223 5.62952e-05 1
-0.000459806 -3.449e-05 1
-0.000113992 0.000171203 1
0.000713953 0.000614096 1
-0.000134347 0.00012115 1
-0.00105638 0.000167404 0.999999
0.00064171 -0.000275169 1
-0.00037135 3.25622e-05 1
-0.000198535 1.78424e-05 1
-0.000300042 0.00014491 1
-0.000308931 0.000145626 1
-0.000460549 0.00038759 1
-0.000384249 8.6199e-06 1
0.000150226 -6.52537e-05 1
0.0001522 5.82224e-05 1
-0.000229543 -0.000420971 1
-0.000267712 0.000202109 1
7.48052e-05 0.000172723 1
-0.000384586 -0.000858094 1
1.23851e-05 0.000193594 1
0.000158617 -5.71528e-05 1
-0.000257371 0.000169051 1
0.000114183 0.000279768 1
-0.000348084 0.00150182 0.999999
8.08199e-05 0.000303586 1
-8.56345e-05 0.000157136 1
-0.000387162 0.000147549 1
-0.000279978 -0.000171217 1
-0.000318786 -5.97108e-05 1
-0.000314273 3.87206e-05 1
-0.000265205 -0.000176317 1
-0.000175422 3.13878e-05 1
-0.000228536 -1.70515e-05 1
-0.00025087 -0.000118473 1
-0.000118151 -0.000361254 1
-0.000311172 -3.96073e-06 1
-0.000236615 8.50897e-07 1
-0.000227579 -2.45016e-05 1
0.00432777 0.00225229 0.999988
-0.00133931 -0.000235587 0.999999
0.00438238 0.00218499 0.999988
0.000221322 -0.00111761 0.999999
0.00127473 0.000838956 0.999999
3.27243e-05 -0.000356559 1
0.000412034 0.000309387 1
-0.000296894 -5.61812e-05 1
-0.000313393 -0.000830791 1
-0.000235076 -1.53446e-07 1
-0.00150233 0.000609415 0.999999
-7.40239e-05 0.000235948 1
0.000196385 -0.000830836 1
0.000572163 -0.000849436 0.999999
0.000259173 0.000413289 1
-0.00022828 0.000357805 1
-0.000239952 0.000219631 1
-9.09173e-05 0.000834744 1
-0.000302067 -0.000990543 0.999999
0.000955002 0.000633993 0.999999
0.000517811 0.000614286 1
0.000208911 -3.3418e-06 1
-1.4146e-05 0.000126284 1
-0.000390168 7.61042e-05 1
0.000159938 0.000148537 1
-0.000171483 0.000288548 1
-0.000590787 -0.000177509 1
-0.000319303 9.08062e-05 1
-0.00041068 0.000113394 1
-9.21881e-05 -0.000440563 1
-0.000318436 9.3145e-05 1
0.00234084 0.00202265 0.999995
0.00169907 0.00153148 0.999997
-0.000737669 -0.00106932 0.999999
5.76386e-05 0.000868113 1
-0.000500702 -0.000339507 1
-0.000117486 7.94363e-05 1
-0.00149357 -0.000883517 0.999999
-0.00015546 -1.92015e-05 1
0.000567148 0.000650847 1
-0.000262464 1.48378e-05 1
5.98529e-05 0.000442458 1
0.000506286 0.000920818 0.999999
0.000647701 0.000607831 1
-0.00105896 0.000171266 0.999999
-0.000226629 7.60863e-05 1
-0.000223704 -0.00032114 1
-0.000376161 5.45636e-05 1
0.00323928 0.00461148 0.999984
0.00130281 0.00217898 0.999997
-0.000376852 5.44876e-05 1
-7.01499e-05 9.47395e-05 1
-0.000540827 -0.000485213 1
0.000469881 0.000781448 1
-0.000460614 -0.00104799 0.999999
-0.0003412 0.000119116 1
-0.000995902 -0.00181028 0.999998
-0.000200117 2.85067e-05 1
-0.000774125 -0.00174761 0.999998
0.000208161 -0.00105861 0.999999
-0.000383885 3.28741e-05 1
-0.000719085 -0.00175966 0.999998
-0.00105667 -0.00126098 0.999999
-0.0002424 0.000190971 1
-0.000971861 -0.0016105 0.999998
-0.000797123 -0.00116502 0.999999
-0.000336639 -0.000704021 1
-0.000234622 -0.000823441 1
-8.94341e-05 -0.000254762 1
-0.000107545 -0.000339043 1
0.000123578 0.000226887 1
-0.000186399 0.000129393 1
-3.72774e-05 0.000271623 1
5.45943e-05 0.000400704 1
-0.000228781 0.000313613 1
-2.26016e-06 0.000396867 1
-0.000223833 0.00050784 1
0.000574016 0.000423167 1
0.00047048 0.000779531 1
-0.000790101 0.000585026 1
-0.000766796 0.000459457 1
-0.000343846 3.98193e-05 1
-0.000381914 -0.00020479 1
0.000505591 0.000922414 0.999999
-0.000246043 0.000217252 1
-8.42713e-05 -0.000394336 1
-0.000381487 3.61703e-05 1
0.00112362 -0.0127907 0.999918
-0.000305918 -0.00494707 0.999988
-0.000231423 -1.08255e-05 1
-0.00157404 0.000463217 0.999999
0.000231305 0.000103845 1
-0.00113252 0.00129494 0.999999
0.000266582 0.000771071 1
-0.000181364 -0.000262161 1
0.000276718 0.000799902 1
0.00046671 -0.00112624 0.999999
-5.81154e-05 0.000299699 1
4.02556e-05 0.00109628 0.999999
-0.000677913 -0.000519368 1
-0.000338106 7.31337e-05 1
-0.000160548 4.22207e-05 1
-0.000173523 1.94877e-05 1
0.00024461 0.00104342 0.999999
-9.85134e-05 0.000129607 1
-9.92966e-05 0.000129358 1
-0.000133082 0.000355269 1
2.97866e-05 0.000212695 1
-9.72662e-05 -0.000123322 1
-0.000349335 5.75154e-05 1
-0.000711271 -0.000709767 1
-9.31939e-05 0.000252924 1
3.92487e-05 0.000234956 1
0.00018155 0.000156516 1
-0.000169512 -2.61451e-05 1
-0.000195536 -0.000280753 1
-7.81292e-05 0.000181595 1
0.000728046 0.000325636 1
-6.45339e-05 0.000179195 1
6.46443e-05 -0.000156858 1
-0.000326076 0.000114529 1
3.28581e-05 0.000178625 1
-0.000276562 -0.000106442 1
-0.000683371 0.00651378 0.999979
-0.00197503 0.00167767 0.999997
-0.000155987 -6.21547e-05 1
-4.73807e-05 0.000270256 1
-0.000761643 0.00123979 0.999999
-0.000236405 1.02482e-05 1
-0.000381031 6.08707e-05 1
-0.000176321 -8.83308e-06 1
-0.000450112 -0.00101953 0.999999
0.000320825 -0.00165894 0.999999
0.000886573 0.000481252 0.999999
8.26386e-05 0.00109286 0.999999
0.000298756 -0.00108296 0.999999
-6.20643e-05 -0.000764212 1
-5.10168e-05 -0.000902033 1
-1.72913e-05 -0.00180265 0.999998
8.48568e-05 -0.001722 0.999999
-1.768e-05 -0.00180264 0.999998
0.000224806 -0.00160847 0.999999
-0.000132431 -0.00155153 0.999999
8.85199e-05 -0.00172167 0.999999
0.000587114 -0.00147236 0.999999
0.000349697 -0.000717064 1
4.69891e-05 -0.000991637 1
-4.96831e-05 -0.000388513 1
0.000382425 9.07777e-06 1
0.000446665 0.000520841 1
-0.000356158 -0.0005303 1
-0.000225232 0.000356472 1
-0.00017006 8.70853e-05 1
-8.0515e-05 0.000390064 1
-0.000141309 0.000395272 1
9.12663e-05 0.000491098 1
-3.00081e-05 0.000411063 1
-6.29066e-05 0.000204553 1
-9.10672e-05 0.00032202 1
-0.000214534 -0.000184523 1
-0.00027655 0.000225929 1
-0.000122393 0.000475893 1
0.000752287 0.000764149 0.999999
-0.000540008 0.000189627 1
0.000760758 -0.000345647 1
0.000377635 -0.00508326 0.999987
-0.000217788 9.65972e-05 1
-0.000390702 6.03297e-05 1
-0.000264413 8.24171e-05 1
-0.000262833 9.97555e-05 1
0.00516094 0.000491224 0.999987
0.00604871 0.00593293 0.999964
0.000586072 -0.000217787 1
-0.000147067 0.000281505 1
-0.000174861 -1.24554e-05 1
0.000689731 -0.000226824 1
0.000995585 -0.000305119 0.999999
-4.6748e-05 0.000270719 1
-0.000453517 -3.00357e-05 1
0.000698044 -0.000225456 1
0.000624288 -0.000205339 1
0.000521799 0.000748718 1
-0.000878798 -9.1868e-05 1
9.72682e-05 8.01758e-05 1
-0.00014844 0.000343405 1
-0.000880135 -0.000941039 0.999999
0.000441574 0.00114438 0.999999
-8.19643e-05 0.0003306 1
0.000441603 0.000552974 1
0.000501809 0.000835456 1
-0.000416133 -3.08311e-06 1
-0.000162506 4.1954e-05 1
-6.25284e-05 0.000341868 1
-0.000268861 -0.000261755 1
-9.10949e-05 0.000292425 1
-0.000157347 -3.4807e-05 1
-7.44286e-05 -4.12347e-05 1
-2.29031e-05 -0.00114648 0.999999
-0.000358569 0.000592608 1
-0.000379151 0.00117133 0.999999
5.21078e-06 0.000712122 1
-0.000421792 -0.000537968 1
-0.000354442 9.09103e-06 1
0.000203343 0.000223356 1
0.00116621 0.000769324 0.999999
-0.000592281 0.000802989 1
-0.000302926 0.000165054 1
0.000482614 0.000754077 1
-7.8669e-05 -1.65614e-05 1
0.000133537 0.000307643 1
-0.000295963 -0.000454821 1
-0.000471465 1.54463e-05 1
0.000213745 0.000221093 1
-0.000164141 0.000269648 1
-0.000171666 7.53279e-05 1
-0.00027055 0.000645085 1
-0.000194049 0.00068086 1
-0.00036035 7.12872e-05 1
-0.000164381 -0.000238532 1
-0.000306403 0.000152643 1
-0.000295644 6.94356e-05 1
-0.000183909 0.000656296 1
-0.000328385 4.62686e-05 1
-1.96241e-05 -0.0001128 1
0.000180218 0.00020082 1
3.96355e-05 0.000219281 1
-0.000237107 0.000273757 1
0.000190871 0.00019554 1
0.000132131 0.000300362 1
-8.87055e-05 0.000155377 1
2.93707e-05 -0.000322482 1
0.000140571 0.000297094 1
-0.000108232 0.000800602 1
-0.000474224 -8.50907e-07 1
0.00515822 0.000252522 0.999987
0.000575927 0.00103309 0.999999
0.00562993 0.00387972 0.999977
0.000472302 0.00122567 0.999999
0.000468351 0.000820923 1
-9.13785e-05 0.00019835 1
-0.000301761 4.96337e-05 1
0.00604829 0.00594016 0.999964
0.000895814 -0.00117457 0.999999
-0.000178813 7.73199e-05 1
0.0012285 0.000772248 0.999999
-5.56875e-05 0.000322022 1
0.000757796 0.00508561 0.999987
-5.98921e-05 0.000318245 1
-0.000344136 7.64055e-05 1
-0.000334841 4.75263e-05 1
7.9958e-05 -0.000142067 1
-0.000302767 -1.59066e-05 1
-0.000284079 0.000213811 1
-0.000143421 0.000262361 1
-0.000100879 3.39776e-05 1
0.000208411 -3.11682e-06 1
-0.000235733 0.000252672 1
-0.000304371 -0.000839775 1
-0.00158512 -0.00091126 0.999998
-0.000147865 -0.000793013 1
-0.000118155 0.00071385 1
-0.000199056 0.000104321 1
-0.00062292 0.000660464 1
-9.15151e-05 0.000832478 1
-0.000286482 -4.03832e-05 1
-0.000230596 -1.5262e-05 1
0.00293158 -0.00260809 0.999992
-0.000536302 0.000220436 1
-0.000299918 5.81431e-05 1
-0.000558487 -0.000254308 1
0.000423684 -0.000320751 1
-0.000150038 -3.94113e-05 1
-0.000154772 1.48272e-05 1
-0.000134078 0.000735524 1
-7.75158e-05 -0.0002626 1
-0.000175847 0.0001346 1
-0.000243395 2.94334e-05 1
-0.000404969 1.68357e-05 1
-0.000155738 9.04471e-05 1
-0.000530647 -0.000137315 1
0.000652988 -0.000308233 1
-0.000208243 0.000232538 1
-0.000380485 5.64662e-05 1
5.2316e-05 0.000266635 1
0.000106871 0.000278374 1
-6.99481e-05 -0.00632493 0.99998
-0.000116329 0.00028269 1
-0.000132968 0.00510038 0.999987
0.000897438 0.000455117 1
-0.000363466 -6.79226e-05 1
8.00997e-05 -0.00103407 0.999999
3.59355e-06 0.000255258 1
0.00101148 -0.00029491 0.999999
0.000132909 -0.00634613 0.99998
8.00357e-05 -0.0010346 0.999999
-0.000383774 -3.07069e-05 1
-6.24116e-05 0.000189708 1
-0.000309743 3.6966e-05 1
3.58699e-05 -0.00030418 1
0.000352467 0.000724262 1
-0.000270553 0.000187663 1
-9.07099e-05 0.00512481 0.999987
-0.000370647 2.57528e-05 1
-0.000516219 0.000365118 1
-0.000217463 -0.000334041 1
2.39158e-05 0.000376975 1
6.17037e-05 0.000112695 1
-7.06335e-05 -3.94046e-05 1
-0.000318929 0.000521771 1
-0.00025541 -0.000153927 1
0.000268315 -0.000794799 1
-6.47721e-05 0.000233797 1
-0.000120095 0.000192656 1
-0.000678568 -0.000524787 1
-0.000659496 -0.00051172 1
0.000155523 0.000105772 1
0.000198268 -2.12102e-05 1
7.67916e-05 -0.000497901 1
-8.77439e-05 -0.000383366 1
3.66445e-05 0.000394141 1
0.000541725 -0.000901463 0.999999
-0.000356004 -7.5711e-05 1
-0.000320968 5.92328e-05 1
-0.000168046 3.16175e-05 1
-0.000508026 0.000165278 1
-0.00047388 9.21377e-06 1
-0.000124658 0.000105931 1
-0.00149229 0.000695175 0.999999
-0.000381552 5.44762e-05 1
-6.05006e-05 -0.000160499 1
-0.000104626 -5.212e-05 1
0.000151316 0.000135515 1
-0.000752734 0.00123966 0.999999
-0.00020359 1.87678e-05 1
-7.2197e-05 0.000293116 1
-0.000104614 0.000493235 1
0.00117268 0.00073059 0.999999
0.000476005 0.000763509 1
7.56589e-05 0.000679518 1
-0.000668822 -0.000107142 1
-0.000211732 0.000183082 1
-2.34996e-06 0.000202026 1
0.000160655 -0.000414041 1
0.000164705 -0.000106473 1
-0.000364085 -6.15842e-05 1
0.00111928 -0.000102485 0.999999
-0.000294668 -0.000950458 1
-0.000135481 6.27688e-05 1
-0.000364954 0.000102411 1
0.000172801 -0.000111957 1
0.000164222 -0.000107207 1
0.000159221 -5.89078e-05 1
0.00115043 -0.000655138 0.999999
-0.000279141 -0.00166556 0.999999
0.00137512 0.000272337 0.999999
0.00118757 -0.00097561 0.999999
-0.000324228 0.000123672 1
-0.000405946 0.000141892 1
0.000109873 -6.64757e-06 1
-0.000340892 1.40033e-05 1
-0.000112272 0.00016141 1
-0.000688295 -0.00145123 0.999999
0.000176849 -0.000602683 1
-0.000270904 -0.000841226 1
-4.97063e-05 -0.000462594 1
0.000472849 0.000816915 1
-2.79379e-05 0.000205394 1
-2.70775e-05 0.000204911 1
-0.000242093 0.000380228 1
-0.000367334 3.0726e-05 1
-0.000428705 4.83594e-05 1
-0.000336777 -0.000856662 1
1.71499e-05 0.000326771 1
-0.000131668 0.000335758 1
-8.02395e-05 0.000134397 1
6.61338e-06 0.000171629 1
-0.00151732 0.000633596 0.999999
-0.0006237 -0.00078025 1
0.00047473 0.000803988 1
-0.000359154 6.41997e-05 1
0.00054295 -0.00124415 0.999999
-0.000364673 -0.000855331 1
-0.00118775 -0.000686764 0.999999
-0.000412896 0.000560888 1
-0.000223067 0.000446099 1
-5.18637e-05 -0.000450772 1
-0.00111887 0.000372872 0.999999
-0.000431185 -0.000122078 1
-7.94934e-05 0.00104355 0.999999
-0.000385331 -4.16141e-05 1
-0.000406155 3.86974e-06 1
-0.000229958 0.000197685 1
0.000141442 -6.64379e-05 1
0.000491091 0.00102742 0.999999
-0.000231492 -0.000669836 1
-2.99456e-05 -0.000256304 1
0.00131045 0.000735413 0.999999
0.00123682 -0.000107903 0.999999
-0.000288221 5.6376e-05 1
-0.00152281 0.000863306 0.999998
-0.00103163 0.000170241 0.999999
-0.000345917 4.56861e-05 1
-4.9525e-05 0.000239623 1
0.00603162 0.012561 0.999903
-6.41179e-05 0.000198226 1
-0.00067653 -0.00104747 0.999999
8.57922e-05 0.000309418 1
0.000626523 0.000527185 1
-0.000253128 8.11088e-05 1
0.00178282 -0.00641374 0.999978
0.00021948 0.000379338 1
0.000395236 0.00129664 0.999999
-0.000301885 -0.000642711 1
-0.000261604 -0.00069576 1
-0.000272021 0.000509338 1
-0.000107335 0.000287988 1
2.90468e-05 0.000236621 1
0.000154617 3.10855e-05 1
-0.000296049 3.08763e-05 1
3.96395e-06 0.000109245 1
-0.00052776 -2.59686e-05 1
-0.000289639 0.000270387 1
-0.000488111 -0.000241987 1
-0.000335235 0.000138568 1
-0.000558465 0.00109536 0.999999
-6.21025e-05 0.000194218 1
-0.000339008 4.08825e-05 1
-9.48487e-05 0.000259511 1
-0.00065714 -0.000590897 1
-0.000769967 -0.000250744 1
-0.00104124 0.000154701 0.999999
-0.000243665 1.7864e-05 1
-0.000471594 0.0013998 0.999999
-0.000318715 -7.35957e-05 1
-7.46698e-05 -6.54129e-05 1
-0.000716298 -0.000293819 1
-3.09134e-05 0.000215482 1
-0.000130509 8.47886e-05 1
-0.000138275 8.26033e-05 1
-0.000212907 0.000124135 1
-3.9168e-05 0.000159276 1
-0.000392913 1.82481e-05 1
0.000678251 0.000423246 1
-0.000157192 0.000176589 1
-0.0046241 0.00568468 0.999973
7.186e-05 0.000123242 1
0.000429471 0.00110007 0.999999
0.000655666 0.000858477 0.999999
-0.000445341 -0.000302128 1
-0.000410737 -1.84258e-05 1
-0.00115942 0.00130008 0.999999
-0.000408788 0.000123579 1
0.000662365 0.000830458 0.999999
-6.16229e-05 0.000289222 1
-0.000247872 0.00122052 0.999999
-0.000264943 0.000155151 1
-0.000224274 0.000248463 1
0.000189963 -0.000176471 1
-0.000252104 0.000279425 1
-0.000881386 0.000979433 0.999999
-7.18574e-05 -1.61966e-05 1
1.75588e-05 -0.000765805 1
-0.000545621 -0.00133738 0.999999
-0.000352306 0.000238898 1
-0.00361982 0.00240644 0.999991
-0.000153423 -0.000311453 1
-0.000748005 0.001239 0.999999
0.000529651 -0.000708801 1
-5.44225e-05 -0.000109905 1
-0.000213956 -0.000614444 1
-0.000323016 -0.000391201 1
-0.00038153 0.00117087 0.999999
-0.000614819 -0.000614636 1
-7.6154e-05 -4.35896e-06 1
0.000965964 -9.46939e-05 1
-7.53404e-05 0.000581158 1
0.000605853 -0.000851104 0.999999
-0.000234386 -0.000170077 1
-0.000250765 -0.000450598 1
0.000650591 0.00061925 1
-8.76623e-05 -0.000534524 1
0.000498709 0.00105428 0.999999
-0.00126934 -0.00113608 0.999999
-0.000311759 0.0011462 0.999999
-0.000471239 0.000719847 1
-2.77e-05 -0.000146418 1
-0.00108903 0.000894302 0.999999
0.000398612 -0.00102367 0.999999
-0.000395407 0.000108344 1
-0.00044952 7.41277e-05 1
-9.37146e-05 -0.00101015 0.999999
0.000601595 0.000451194 1
0.00119267 0.000627646 0.999999
0.0002659 -0.000557025 1
-0.00080421 -0.000734652 0.999999
0.00152263 0.000271736 0.999999
-0.000363627 -0.000279026 1
9.78489e-05 -2.19264e-05 1
0.00128681 -0.000725403 0.999999
-0.000272941 -0.00100353 0.999999
-0.000361755 -0.000273366 1
0.000419409 -0.000323037 1
-0.000258881 3.46372e-05 1
0.000845493 -0.00100426 0.999999
0.000434292 3.90352e-05 1
0.000714009 0.000888119 0.999999
0.000857077 -0.00106872 0.999999
0.000557198 -0.00128094 0.999999
0.0011624 -9.45205e-05 0.999999
0.00136006 -0.000396562 0.999999
-0.000386831 0.000164262 1
0.00133222 -0.000653659 0.999999
-0.000224387 9.6782e-05 1
-0.00374045 0.00242717 0.99999
0.000399675 7.90064e-05 1
0.000774061 0.000550842 1
4.46651e-05 0.000248934 1
0.000993398 0.000576633 0.999999
-0.00107593 0.000358832 0.999999
0.000437097 -0.000715953 1
-0.000158947 4.41305e-05 1
-5.266e-05 -0.000385914 1
0.000210885 0.000267499 1
9.77801e-05 -0.000270669 1
-0.000156471 -3.09513e-05 1
0.000466644 0.000804952 1
-5.88825e-05 -0.000193138 1
-0.000389537 0.000153597 1
-0.00029544 -1.36876e-05 1
-0.000739905 0.00111659 0.999999
-0.000461025 0.000627735 1
-0.000228492 -0.000643542 1
0.000146607 0.000201729 1
-0.000594062 -0.000730826 1
-0.0010556 0.000171463 0.999999
0.000140326 -6.1924e-05 1
-0.00173275 -0.000200014 0.999998
-0.00150444 9.09557e-05 0.999999
-5.49792e-05 -0.000117714 1
0.000383574 0.000825312 1
-0.000268235 0.000267965 1
-0.000207933 -0.000968887 1
-0.00025422 0.000277922 1
0.000476456 -0.000402323 1
-0.0006222 0.00048785 1
-0.000385218 -3.19845e-05 1
-0.00012705 0.000351253 1
-0.000382806 0.000166247 1
-0.000300159 0.000346675 1
-0.000325511 0.000354679 1
-0.000136712 6.84615e-05 1
-0.0011215 -0.00123504 0.999999
0.000107948 0.000277277 1
-0.000624268 0.000464333 1
-0.000241763 8.12677e-05 1
-0.00175411 -0.000205189 0.999998
0.000288624 -0.00100365 0.999999
-0.000125639 -3.08532e-05 1
-0.000310685 0.00033311 1
-8.70085e-05 4.15239e-05 1
-0.000349654 2.65509e-05 1
-0.000459765 0.000663646 1
-0.000241932 2.51302e-05 1
-8.04384e-05 0.00013152 1
-0.00026016 0.000193468 1
-0.000376748 0.000111128 1
-2.36579e-06 0.000232681 1
0.000470301 0.00102877 0.999999
-0.000179157 -0.000365868 1
-0.000243424 2.49527e-05 1
-0.000437591 0.000189604 1
-8.73995e-05 8.87817e-05 1
-0.000340782 4.79947e-05 1
-4.93539e-06 0.000235467 1
-8.98605e-05 0.000347658 1
0.000227276 -0.000801119 1
-5.50622e-06 0.000413206 1
-9.72813e-05 0.000288237 1
0.000392777 0.000791924 1
-0.00030857 8.39193e-05 1
-0.000301572 -6.09347e-05 1
3.58058e-05 0.000236834 1
-0.00108315 0.00636981 0.999979
-0.000181833 -1.002e-05 1
-0.000112086 -0.000197202 1
-0.00440079 0.01182 0.99992
3.78166e-05 0.000749267 1
-0.00469437 0.00540685 0.999974
3.6254e-05 0.000242487 1
0.00081669 0.00079437 0.999999
0.000663957 -0.000141203 1
-0.000500068 0.00106822 0.999999
-0.000359457 2.41097e-05 1
-0.000404377 -0.000555389 1
-0.00161371 -0.000138062 0.999999
-0.000230942 0.000190939 1
-0.000417405 7.39279e-05 1
0.000629587 -0.000189068 1
0.000467774 0.000972737 0.999999
-0.000962694 0.000193858 1
0.000477215 0.00086352 1
0.00048554 0.00075334 1
-0.000892813 0.00122395 0.999999
-0.000396734 0.000178352 1
-0.000775414 0.00135587 0.999999
-2.33475e-06 0.000239566 1
-0.000117443 -0.00017862 1
-0.00021541 8.01251e-05 1
-0.000416799 -0.000422793 1
-0.00118803 -0.000705798 0.999999
-0.0013528 -0.000231184 0.999999
0.00129625 -0.000683692 0.999999
0.00173785 0.000199892 0.999998
-0.000500136 0.00106798 0.999999
-0.000653768 0.000372622 1
0.00152875 0.000362948 0.999999
0.000516185 -0.000354264 1
-0.000859737 -0.000233118 1
0.000201564 -2.55826e-05 1
0.000267528 9.62966e-05 1
0.000148429 4.43771e-05 1
-0.000401491 0.000106643 1
2.37954e-05 6.20302e-06 1
0.000105593 0.000142519 1
4.3476e-05 0.000156606 1
-0.000452464 7.48971e-05 1
0.000133921 0.000129918 1
-0.000507948 6.43406e-05 1
-8.94419e-06 0.00017876 1
-0.000361514 0.000150878 1
-0.000297637 4.14124e-05 1
-0.000158977 -0.000122169 1
-0.000365961 0.000104953 1
-0.000378361 0.000124689 1
-0.00023557 -1.8483e-05 1
-7.02924e-05 0.000222871 1
0.00454098 0.00327038 0.999984
-0.000303089 4.3135e-05 1
-0.000291153 0.000222766 1
-0.000611855 -0.000682493 1
-0.000528897 -0.000896297 0.999999
0.000163462 0.000335712 1
-3.58526e-05 -0.000228466 1
0.000483037 -0.000861426 1
-0.000326462 0.000147781 1
-0.000104935 -3.62175e-06 1
-0.000251969 0.001095 0.999999
-0.00070127 0.000510244 1
-0.000172075 8.80945e-05 1
6.55021e-06 -2.37652e-05 1
-0.000403778 3.74175e-05 1
0.00161956 0.00190036 0.999997
-0.00035075 0.000211558 1
-0.00032143 0.000161233 1
-0.00142462 -0.000919549 0.999999
-0.000803949 -0.000330658 1
0.000334331 0.000787825 1
-0.000999544 7.73578e-05 1
-0.00036018 0.00024577 1
-0.00015816 5.00259e-05 1
-0.00047385 -0.00102676 0.999999
-0.000121989 0.000362301 1
0.000243433 0.000914206 1
-0.00134619 -0.000940386 0.999999
-0.000741396 -0.00175887 0.999998
-0.000283368 -0.00166086 0.999999
-0.00104953 -0.001271 0.999999
-0.000530873 0.000756498 1
-0.00033515 -0.000737206 1
-0.000144251 -0.00101833 0.999999
0.000140612 0.000286087 1
-0.000246532 0.000212801 1
-7.18954e-05 9.80886e-05 1
-2.32959e-05 0.000414221 1
-0.00186991 9.63868e-05 0.999998
-1.14896e-05 0.000231428 1
-0.000182044 -0.000372564 1
0.000378893 9.90617e-06 1
-0.00134067 -0.000949276 0.999999
0.00046409 0.000208566 1
0.00010695 0.000193224 1
-0.000944083 -0.00110199 0.999999
0.000717788 0.000455155 1
0.000670857 0.000514589 1
-0.000352777 0.000211974 1
-0.000439703 -0.000994605 0.999999
0.000457981 0.000726751 1
2.04801e-05 0.000196366 1
-0.000379825 0.000146156 1
3.19607e-05 0.00011906 1
0.000181581 0.000156592 1
-0.000272637 -0.000759542 1
0.000152694 0.000974552 1
0.000933195 0.000624872 0.999999
2.36754e-05 0.000149075 1
-0.000413231 -7.4915e-05 1
0.000138079 0.000936744 1
-8.84548e-05 0.000132934 1
-0.000165437 4.13705e-05 1
-4.43988e-05 -6.05939e-05 1
-9.90705e-05 -0.0010126 0.999999
-0.00164389 -0.000707081 0.999998
-9.63986e-05 0.000640763 1
0.000469209 0.000816002 1
-0.00025478 -0.0016534 0.999999
0.000613623 -0.00145495 0.999999
0.000889967 0.00061775 0.999999
0.000212815 -0.00045891 1
-8.49369e-05 -0.000237256 1
-0.000153505 0.000293134 1
-0.000114338 0.000120431 1
-0.000346727 0.00114756 0.999999
-0.000178335 -0.000298125 1
-3.38798e-05 0.000426349 1
-1.24439e-05 0.0002236 1
-0.000267365 0.000202261 1
-0.0017922 -0.000283443 0.999998
0.00101288 -0.000558558 0.999999
-0.000607433 0.000795413 1
0.000175449 -0.000520554 1
-0.00158329 -0.00013349 0.999999
-7.11598e-05 0.000239294 1
-0.000245831 0.000217325 1
-5.41868e-05 8.96502e-06 1
0.000136642 0.000126299 1
-0.000318113 -0.000410512 1
-0.000289721 0.000302764 1
-0.000306463 2.50308e-05 1
0.000206167 6.83015e-05 1
-0.00039815 0.000872206 1
-0.000346842 0.0011473 0.999999
0.000385996 -6.3972e-05 1
5.76946e-06 0.000182196 1
-0.0018882 0.000491894 0.999998
-8.28794e-05 0.000188863 1
-0.00022317 0.00215894 0.999998
0.000500159 -0.000374813 1
-0.000333613 0.00130347 0.999999
-0.000428368 -0.000466895 1
-0.000895127 0.000704451 0.999999
3.23723e-07 -2.64484e-05 1
-7.99243e-05 0.000200606 1
0.000268611 -0.000775934 1
0.000136642 0.000126299 1
-0.000185915 -0.000635355 1
-0.000134242 -0.000562227 1
-0.000388626 -8.04456e-05 1
0.0004098 0.000356226 1
-0.000164167 4.27074e-05 1
-0.000247302 -6.53661e-06 1
-0.000241951 0.000216249 1
-0.00025055 0.000216061 1
-0.000803255 0.00124544 0.999999
0.000937676 -0.000284693 1
-0.000308322 4.56894e-05 1
-0.000209575 -0.000363747 1
4.13678e-05 0.00027395 1
-0.000156659 -2.92637e-05 1
-0.000610564 0.000552231 1
-8.97784e-05 0.000132141 1
-0.000193681 -0.000325214 1
-0.000404319 6.76685e-07 1
4.49778e-06 -2.46497e-05 1
0.000499644 -0.000374544 1
-0.000254047 0.000187042 1
-0.000308488 0.000430674 1
0.000366618 -0.000770603 1
-0.000137301 -0.000130219 1
-0.000309308 -5.70811e-05 1
0.000494427 -0.00033899 1
0.000134105 0.000296583 1
1.41843e-05 -2.04755e-05 1
-0.000227606 -0.000633504 1
0.000512922 -0.000465033 1
-8.96888e-05 0.000132195 1
0.000211149 3.38362e-05 1
-0.000571943 0.000694005 1
-0.000204558 0.00010791 1
-0.000163468 4.34428e-05 1
-0.000183627 2.20847e-05 1
-0.000233634 0.000199511 1
-0.000264291 -2.36321e-05 1
-0.00024659 -0.000107653 1
0.000683066 0.00157403 0.999999
-0.000254244 0.00017931 1
2.10204e-05 0.000149201 1
-4.56606e-05 -9.05003e-05 1
7.94863e-05 0.000296641 1
-4.70679e-05 -0.000101464 1
-2.22612e-07 0.000209929 1
-7.22349e-05 -6.41102e-05 1
6.72828e-06 -0.000197528 1
-0.000216054 -0.000146843 1
-0.000381264 0.000155946 1
-2.43306e-05 0.000171748 1
-0.000266074 0.000202653 1
0.00119194 0.000629408 0.999999
0.00011677 0.000130258 1
-0.00188712 0.000490858 0.999998
-0.000114439 0.000141129 1
-0.000489702 -0.000242979 1
-0.00161942 -2.57902e-05 0.999999
2.21495e-05 0.00111787 0.999999
-6.49087e-05 -5.59257e-05 1
-0.000357537 -0.000103419 1
8.73538e-05 0.000215597 1
0.000447875 -9.45211e-05 1
0.00025013 1.89621e-05 1
-0.000424116 -0.00011181 1
7.39758e-05 0.000647682 1
-0.000151793 -0.000568093 1
-0.000285359 -0.000325061 1
0.000137817 0.000298485 1
7.98199e-05 0.000114378 1
-0.000436925 0.000469693 1
-0.000123516 -6.96894e-05 1
-6.72164e-05 -5.2323e-05 1
0.00111176 0.00212318 0.999997
-2.4314e-05 0.000150941 1
-0.00190385 -0.00150836 0.999997
-0.000243156 -0.000943368 1
0.000140577 0.0001559 1
-0.000809075 0.00144548 0.999999
-2.52658e-05 0.000538727 1
-0.000141051 0.000359805 1
-0.000413003 0.000135215 1
-0.000365596 9.05559e-05 1
-2.09845e-05 0.000536876 1
2.445e-05 0.000233037 1
-0.000981481 -0.00125042 0.999999
0.000619557 0.000587673 1
0.000210776 3.5913e-05 1
-0.000236202 0.000196872 1
-0.00179657 0.0054134 0.999984
-0.000164899 -6.917e-05 1
-0.000317532 0.000179901 1
-0.000302553 0.000143645 1
-0.00037288 -0.000382603 1
0.000144167 0.000124571 1
-0.00131199 -0.000929618 0.999999
-0.000131924 0.000101132 1
8.7259e-05 -9.57787e-05 1
2.45032e-05 0.000366671 1
-0.000118453 -0.000117249 1
-0.000256084 0.000180948 1
-4.29605e-05 -0.000232856 1
-9.49013e-05 0.000178685 1
0.000644437 0.000853346 0.999999
-0.000168341 -0.000637655 1
-3.123e-06 -4.02512e-05 1
4.57178e-05 -0.000360243 1
0.000321405 -0.000793068 1
-0.000435655 0.000680123 1
-0.000295286 0.000658916 1
-0.00050355 0.000573102 1
-1.0287e-05 9.02606e-05 1
4.42241e-06 -0.00033727 1
-2.81851e-05 -0.00124307 0.999999
-0.000110499 0.000101492 1
-0.00014913 -0.000797071 1
-0.000186477 -0.000998697 0.999999
-0.000147885 -0.000801968 1
0.000155864 0.000848505 1
0.00134392 -0.00037212 0.999999
-0.000586503 8.15956e-06 1
0.0011602 0.000778185 0.999999
0.000526011 0.000591303 1
0.00107867 0.000712491 0.999999
0.00123243 -0.000358938 0.999999
-3.59842e-05 -0.00111931 0.999999
-2.5662e-05 -0.00114708 0.999999
0.000769675 0.000815857 0.999999
0.00114374 -0.00015691 0.999999
-0.000472388 -0.00103107 0.999999
-0.00021084 -0.00101814 0.999999
0.00114613 0.00116505 0.999999
0.00111118 0.00117296 0.999999
0.000475738 0.00125194 0.999999
0.000471802 0.00107658 0.999999
0.00115418 0.000624634 0.999999
0.0011478 0.000628487 0.999999
0.000724206 0.000880706 0.999999
0.000745361 0.000881212 0.999999
0.000867095 0.00119748 0.999999
0.000867664 0.00119706 0.999999
0.000928308 -8.89938e-05 1
0.000401856 1.10695e-05 1
0.000724784 0.000286322 1
0.000255655 0.000248054 1
5.51736e-05 -0.000215144 1
-6.68311e-05 -0.000357805 1
-5.04233e-05 -0.000374757 1
-0.00029812 -0.00021541 1
-0.000165307 -0.000228639 1
-0.000189204 -0.000203114 1
-0.000239261 -0.000147434 1
-0.000365071 -0.0001422 1
-0.000350069 9.97355e-05 1
-0.000176253 -6.72832e-05 1
-0.000151636 -3.19972e-05 1
-0.00121609 7.048e-05 0.999999
-0.0011196 0.00128876 0.999999
-0.000221879 0.000727671 1
-0.00129192 0.000660213 0.999999
-0.00150656 0.000635295 0.999999
-0.000298673 -2.7071e-05 1
-0.00129203 0.000659858 0.999999
-0.0010916 0.000543684 0.999999
-0.00150645 0.000634996 0.999999
-0.000453764 0.00022006 1
-0.000359793 0.00111962 0.999999
-2.51008e-05 -0.000275701 1
-0.0012097 0.00107789 0.999999
-0.00120846 0.00107779 0.999999
-0.000440261 -0.000393337 1
-0.00108836 0.00129506 0.999999
-0.000413186 0.000265941 1
0.000533817 -0.000351486 1
-0.000265606 -0.000992713 0.999999
-0.000193109 -5.89935e-05 1
0.000744484 0.000670317 1
3.14801e-05 0.000348966 1
-0.000227261 0.000587661 1
-0.000139906 -0.000146383 1
0.000912583 0.000928099 0.999999
-0.00026346 0.000184738 1
0.00075752 0.000322803 1
0.000407912 0.000707585 1
-0.000220786 0.000597246 1
7.63122e-05 0.000680086 1
-0.000359655 8.86882e-05 1
0.000106586 0.000750318 1
0.000501801 0.00105921 0.999999
-0.000223472 -0.000116177 1
-5.11787e-05 1.51906e-05 1
-0.00150416 0.000429745 0.999999
-0.000429368 0.0001638 1
0.000543551 -0.000287347 1
-0.000102588 0.000649091 1
-0.00158498 -0.000911375 0.999998
-0.00141098 0.000265162 0.999999
-0.00118737 -0.0006934 0.999999
-0.000254394 0.00108254 0.999999
-7.59427e-05 -6.57957e-06 1
0.000547776 -0.000284691 1
-3.46868e-05 0.000241134 1
-0.000316216 0.000109212 1
-0.00029124 4.88081e-05 1
-0.000340715 2.04896e-05 1
-0.000401701 3.76049e-05 1
-0.000325411 1.82227e-05 1
0.000475749 0.00125206 0.999999
-0.000811678 0.00179953 0.999998
-0.000233215 9.65783e-05 1
0.000486081 0.00079159 1
0.000460002 0.000810178 1
-0.000178988 -7.71954e-06 1
0.000341691 0.000529466 1
0.00044591 0.000523631 1
-0.000225111 0.000579631 1
0.000266232 0.00082514 1
0.000117838 0.000185713 1
0.000795012 -0.000116854 1
0.000284827 0.00084369 1
-0.000326009 0.00126888 0.999999
-0.000932443 0.00117747 0.999999
-0.000365229 0.000827502 1
-0.000325556 0.00127104 0.999999
-0.000386827 0.00077822 1
-0.000183969 -0.000999875 0.999999
-0.00108789 0.00129401 0.999999
0.00058044 0.00115757 0.999999
0.00129601 0.000688065 0.999999
-0.000634762 0.00148889 0.999999
-7.64812e-05 -1.88717e-05 1
2.21495e-05 0.00111787 0.999999
-0.000569347 0.000154415 1
-0.00012477 0.000179202 1
-0.000205413 4.74921e-05 1
0.000151445 9.87354e-05 1
-0.000143943 -4.89096e-05 1
-0.00179959 0.000490846 0.999998
-0.00164324 0.00111295 0.999998
-0.00180082 0.000492133 0.999998
-0.000421247 0.000712573 1
0.000560616 0.000603818 1
5.09827e-06 0.000184151 1
0.000132767 -3.13622e-05 1
-0.00040318 4.415e-05 1
-1.71086e-05 -0.00116243 0.999999
-0.00028154 -0.000843879 1
-0.00038892 6.87687e-05 1
-0.000373587 -0.00108338 0.999999
-0.000104332 -0.000989759 1
-0.00037549 -0.00106494 0.999999
-6.99125e-05 -0.000989789 1
-0.00155862 0.00024105 0.999999
-0.000161778 -0.000938348 1
-0.000156464 2.01413e-05 1
-0.000141731 -0.00010225 1
-0.00019624 -0.000199453 1
-0.000332447 2.25526e-05 1
-0.000349789 9.96854e-05 1
-0.000256494 1.30573e-05 1
-0.00018841 -7.36155e-05 1
-0.000346985 2.95463e-05 1
-0.000195075 -5.93792e-05 1
-0.000349366 1.78831e-05 1
-0.000196311 -5.94932e-05 1
-0.000296996 5.59782e-05 1
-0.000266716 8.284e-05 1
-0.000310869 6.2608e-05 1
0.000602304 7.41639e-05 1
-0.00108315 0.00636981 0.999979
-0.00454173 0.00558993 0.999974
0.00041833 0.000180419 1
0.000294433 0.000603532 1
0.00080842 0.00428947 0.99999
-0.00443892 0.00547498 0.999975
-0.000225696 3.40568e-07 1
-0.000191508 -6.41404e-05 1
-0.00034179 0.000123179 1
-0.000329401 0.000130672 1
-0.00035346 8.89955e-05 1
SCALARS fiber_stretch float
LOOKUP_TABLE default
0.989562
0.989708
0.989588
0.98367
0.989545
0.981403
0.989138
0.989429
0.982121
0.985234
0.989338
0.984015
0.985064
0.98241
0.981925
0.983545
0.989694
0.982611
0.989582
0.981404
0.984917
0.983854
0.9859
0.989539
0.981407
0.981403
0.983494
0.989556
0.989508
0.983758
0.98548
0.989517
0.981444
0.989504
0.981841
0.989528
0.982505
0.98963
0.989424
0.986019
0.984645
0.981809
0.989346
0.981286
0.981496
0.985067
0.983839
0.981339
0.982069
0.989391
0.98902
0.982473
0.989398
0.988779
0.986849
0.981418
0.984767
0.986886
0.984586
0.989599
0.989408
0.988787
0.982649
0.98964
0.989442
0.983109
0.98718
0.987179
0.989289
0.980782
0.989206
0.98972
0.983698
0.98797
0.989217
0.980657
0.989543
0.987778
0.984312
0.982471
0.983022
0.98922
0.989554
0.989344
0.982894
0.988884
0.983577
0.98948
0.989474
0.986675
0.983321
0.985407
0.989769
0.98911
0.989758
0.988554
0.989558
0.989468
0.988532
0.988526
0.989523
0.989497
0.982722
0.989722
0.981919
0.9858
0.989702
0.985171
0.98929
0.989429
0.989069
0.983734
0.984071
0.989343
0.98943
0.989501
0.989542
0.989408
0.988897
0.989145
0.989325
0.98767
0.985869
0.981624
0.989355
0.981633
0.984131
0.989568
0.989318
0.983135
0.989648
0.981568
0.98925
0.981711
0.989472
0.989572
0.981557
0.989135
0.986766
0.987619
0.98492
0.989344
0.989659
0.985912
0.985035
0.984206
0.989343
0.986573
0.986394
0.989197
0.981976
0.986524
0.989708
0.981723
0.989259
0.989268
0.982359
0.981716
0.983411
0.988527
0.989135
0.989044
0.983147
0.986301
0.98623
0.987716
0.989405
0.989343
0.982593
0.983681
0.988636
0.989401
0.989316
0.98941
0.983026
0.988459
0.989135
0.98932
0.987515
0.987544
0.98921
0.981542
0.985413
0.982949
0.989415
0.98934
0.988745
0.983356
0.988249
0.98717
0.987251
0.989518
0.983937
0.985689
0.989155
0.986832
0.988837
0.989157
0.98932
0.986972
0.98772
0.989266
0.984238
0.988982
0.989488
0.982326
0.98182
0.989001
0.98909
0.988419
0.987449
0.981428
0.988089
0.987143
0.98928
0.989381
0.989425
0.989005
0.981927
0.989508
0.989587
0.986581
0.988233
0.989349
0.986724
0.989442
0.983149
0.989389
0.989437
0.981281
0.98602
0.986102
0.98841
0.989727
0.989327
0.984303
0.987337
0.987158
0.989494
0.989456
0.98927
0.989845
0.98891
0.987134
0.988838
0.988404
0.989355
0.98946
0.98942
0.989794
0.987203
0.9889
0.989453
0.988791
0.987475
0.983421
0.98713
0.988222
0.986598
0.982765
0.98744
0.987215
0.989602
0.989406
0.982796
0.988683
0.986598
0.985665
0.988214
0.98801
0.984281
0.988016
0.98946
0.989326
0.98441
0.989426
0.988837
0.989643
0.987459
0.989602
0.982164
0.989601
0.985116
0.981617
0.981658
0.985083
0.98539
0.984071
0.985086
0.980894
0.980819
0.98979
0.986598
0.986217
0.984609
0.984542
0.98539
0.985912
0.980781
0.980684
0.985977
0.983466
0.985906
0.983466
0.989396
0.989427
0.981307
0.981305
0.984723
0.984705
0.982554
0.982697
0.981969
0.981748
0.985078
0.982152
0.989326
0.981733
0.989236
0.98281
0.982779
0.98796
0.98258
0.984573
0.982748
0.982893
0.983517
0.983769
0.984338
0.989633
0.985185
0.983061
0.98247
0.989647
0.988108
0.989751
0.984401
0.983813
0.984428
0.989481
0.987686
0.989661
0.98475
0.985054
0.984734
0.98891
0.982481
0.985305
0.989649
0.985671
0.985694
0.984647
0.984642
0.986479
0.985981
0.983747
0.984887
0.985038
0.9855
0.988093
0.989517
0.9855
0.989362
0.987848
0.985477
0.986486
0.98628
0.983451
0.982804
0.982922
0.986453
0.982676
0.985675
0.985675
0.987163
0.987162
0.989517
0.987368
0.983389
0.98648
0.982376
0.982068
0.986736
0.986735
0.987125
0.985844
0.987125
0.987528
0.986274
0.987819
0.987724
0.982127
0.989427
0.988936
0.987591
0.989404
0.987711
0.987591
0.988935
0.98512
0.985555
0.981988
0.987584
0.989246
0.989223
0.988018
0.98809
0.989519
0.988089
0.987872
0.988262
0.988262
0.989324
0.985654
0.988216
0.988227
0.988227
0.982345
0.984001
0.98824
0.984361
0.985437
0.988317
0.987327
0.98922
0.984828
0.989608
0.988316
0.988778
0.988529
0.988531
0.988289
0.988774
0.988667
0.984287
0.984574
0.988575
0.988572
0.988888
0.988895
0.989495
0.988739
0.988709
0.988856
0.988963
0.982806
0.98855
0.989585
0.989199
0.988919
0.989509
0.989448
0.988929
0.988859
0.988949
0.98885
0.989037
0.989103
0.989139
0.988249
0.989606
0.982278
0.989444
0.982888
0.989323
0.982878
0.982345
0.989147
0.989593
0.989457
0.989407
0.988939
0.989096
0.988872
0.989271
0.989081
0.9894
0.989399
0.989269
0.989704
0.989699
0.989277
0.989275
0.98923
0.989319
0.989234
0.989246
0.989264
0.985592
0.989508
0.989615
0.989595
0.98938
0.989342
0.989492
0.989338
0.989344
0.989321
0.989322
0.989372
0.989329
0.989438
0.989386
0.989461
0.989343
0.98934
0.989348
0.989449
0.989489
0.989416
0.989328
0.98945
0.989613
0.989508
0.989489
0.989537
0.989538
0.989276
0.989268
0.989373
0.989162
0.983326
0.989464
0.989351
0.989407
0.989379
0.989448
0.985358
0.989342
0.989644
0.988698
0.982995
0.98893
0.989385
0.989336
0.989406
0.987544
0.989196
0.989218
0.989139
0.989125
0.989282
0.985733
0.989412
0.989418
0.988864
0.988822
0.989166
0.989168
0.988822
0.988867
0.988725
0.988725
0.988765
0.988764
0.989313
0.989313
0.989035
0.989034
0.988748
0.988748
0.988866
0.988799
0.985478
0.985552
0.981427
0.981254
0.979481
0.979553
0.985027
0.985053
0.98357
0.981998
0.982174
0.98357
0.982021
0.981574
0.981583
0.986943
0.985495
0.984026
0.98397
0.982396
0.989306
0.982397
0.982366
0.983348
0.983281
0.98934
0.989572
0.989363
0.98284
0.98342
0.989542
0.989563
0.989325
0.989315
0.983805
0.983873
0.989345
0.989585
0.989365
0.98536
0.98956
0.989618
0.984568
0.985008
0.989597
0.989371
0.984958
0.985101
0.984158
0.989367
0.983592
0.988999
0.988864
0.989616
0.989363
0.989383
0.989652
0.98601
0.982157
0.989372
0.98931
0.987119
0.988702
0.987066
0.987054
0.989684
0.989383
0.989636
0.989705
0.989909
0.985787
0.987493
0.98924
0.986644
0.98843
0.981902
0.986926
0.987776
0.988732
0.989479
0.981941
0.982663
0.981945
0.981324
0.986319
0.98269
0.982693
0.989611
0.982674
0.989654
0.986331
0.98926
0.989215
0.982136
0.989194
0.989191
0.989414
0.988995
0.988994
0.982716
0.989359
0.989532
0.989323
0.989339
0.989344
0.982719
0.989452
0.988135
0.989578
0.986395
0.989599
0.989485
0.989257
0.986277
0.989716
0.989575
0.989636
0.986446
0.988671
0.989394
0.989722
0.989755
0.98975
0.989558
0.989556
0.989752
0.98974
0.989543
0.989526
0.989496
0.988294
0.982346
0.989477
0.989477
0.988917
0.988771
0.989385
0.988771
0.989058
0.988915
0.989175
0.989174
0.988898
0.988756
0.986943
0.983441
0.98933
0.987264
0.982939
0.982948
0.983678
0.986477
0.980999
0.984819
0.984825
0.989605
0.988282
0.9863
0.986316
0.982823
0.989143
0.985639
0.985677
0.986271
0.985699
0.989487
0.98908
0.989391
0.989614
0.989309
0.989387
0.986523
0.989457
0.989186
0.989205
0.989396
0.989502
0.98959
0.989517
0.989468
0.989382
0.982366
0.989497
0.9895
0.988851
0.988756
0.983429
0.981865
0.986943
0.983301
0.983318
0.983495
0.983613
0.984205
0.984185
0.984453
0.985184
0.985455
0.989419
0.987315
0.986621
0.987457
0.98778
0.987035
0.988504
0.982752
0.989386
0.9841
0.985467
0.98914
0.985156
0.98938
0.989106
0.989299
0.989248
0.989412
0.989209
0.981842
0.989581
0.989581
0.989693
0.988849
0.988851
0.988825
0.984556
0.984608
0.983506
0.981138
0.981169
0.981865
0.983593
0.984456
0.984128
0.984433
0.985411
0.984536
0.984804
0.985066
0.989395
0.986117
0.986146
0.986518
0.987037
0.989454
0.982042
0.987789
0.988015
0.988265
0.988265
0.9883
0.988385
0.988775
0.988714
0.989134
0.989104
0.989003
0.988992
0.989088
0.989297
0.9892
0.989193
0.989375
0.989203
0.989674
0.989474
0.989296
0.982409
0.984356
0.989521
0.988825
0.989444
0.989433
0.989204
0.9892
0.981524
0.989423
0.987211
0.9858
0.987374
0.983357
0.983858
0.983918
0.988012
0.984282
0.989484
0.985561
0.985514
0.981618
0.98648
0.987806
0.989599
0.986994
0.985502
0.986172
0.988214
0.988353
0.981716
0.989581
0.989489
0.989463
0.98162
0.989483
0.989317
0.989325
0.989475
0.989691
0.987042
0.989695
0.989569
0.989521
0.989456
0.981651
0.985455
0.983404
0.981563
0.985206
0.984655
0.9851
0.988669
0.98645
0.987228
0.988204
0.989513
0.988154
0.988331
0.982543
0.989406
0.989483
0.989522
0.988438
0.989724
0.989704
0.989377
0.98934
0.989056
0.989135
0.9893
0.988847
0.983562
0.981712
0.986261
0.981767
0.986261
0.989133
0.983257
0.989133
0.982739
0.983588
0.988438
0.984507
0.988589
0.984211
0.989606
0.989488
0.984366
0.98465
0.989492
0.985438
0.989399
0.984895
0.985815
0.985786
0.985759
0.986189
0.98714
0.987057
0.987142
0.986535
0.987521
0.987058
0.987835
0.987833
0.988286
0.988773
0.988786
0.988738
0.988301
0.988831
0.988836
0.98875
0.988835
0.988838
0.989691
0.988749
0.989209
0.989193
0.9891
0.989114
0.989075
0.989231
0.989307
0.989224
0.989429
0.98944
0.989461
0.989369
0.989453
0.989784
0.989765
0.982477
0.987244
0.988829
0.988829
0.989416
0.988877
0.989541
0.985663
0.982862
0.982277
0.982848
0.982751
0.986217
0.988589
0.981798
0.987297
0.989059
0.989401
0.98518
0.98903
0.98736
0.987301
0.983602
0.989498
0.981401
0.988933
0.988935
0.987257
0.981656
0.988507
0.981957
0.983006
0.987119
0.982779
0.982296
0.989723
0.988106
0.987127
0.989473
0.982843
0.989284
0.984532
0.982476
0.98859
0.988568
0.987663
0.983245
0.98824
0.983799
0.982278
0.982253
0.989654
0.989478
0.982764
0.982945
0.985122
0.983474
0.988229
0.9851
0.989146
0.983747
0.983204
0.986334
0.987127
0.988353
0.989051
0.98906
0.989495
0.989675
0.989303
0.989476
0.989334
0.989465
0.988394
0.989751
0.989453
0.983601
0.989433
0.989471
0.989493
0.984603
0.989277
0.988443
0.985248
0.989352
0.988186
0.982917
0.984524
0.987786
0.989346
0.986261
0.989462
0.986392
0.989442
0.989465
0.988596
0.989296
0.989411
0.986238
0.981883
0.989504
0.987627
0.989386
0.986245
0.989385
0.989383
0.989434
0.989371
0.989368
0.989375
0.989379
0.982398
0.986171
0.989491
0.989781
0.985994
0.98947
0.986892
0.982401
0.989313
0.983627
0.985796
0.981114
0.985606
0.989566
0.981093
0.985304
0.986099
0.988669
0.985826
0.988287
0.982045
0.982133
0.989435
0.983298
0.989388
0.982486
0.985468
0.98179
0.989466
0.989494
0.986615
0.982938
0.985208
0.983474
0.986366
0.985829
0.985801
0.985201
0.983661
0.986562
0.984618
0.989073
0.989029
0.984737
0.983975
0.98616
0.988915
0.988878
0.988878
0.989008
0.989093
0.989067
0.988915
0.98238
0.987623
0.984298
0.989061
0.983898
0.984931
0.988975
0.984525
0.989034
0.987101
0.987351
0.989452
0.989327
0.987405
0.987623
0.988727
0.989056
0.98904
0.987535
0.988939
0.988285
0.989575
0.989559
0.989422
0.989116
0.988771
0.989556
0.989466
0.989572
0.989529
0.989095
0.98919
0.988289
0.989386
0.982067
0.98912
0.985816
0.988247
0.987943
0.989032
0.989536
0.988959
0.989088
0.989446
0.98919
0.989488
0.989386
0.989133
0.989458
0.987015
0.989385
0.983594
0.989473
0.988587
0.989581
0.989615
0.989363
0.989274
0.989435
0.985152
0.989463
0.989418
0.986759
0.989208
0.989314
0.989021
0.989215
0.989711
0.984988
0.988673
0.989484
0.988873
0.988632
0.989444
0.989445
0.989357
0.989502
0.989556
0.989558
0.989338
0.989404
0.988871
0.989357
0.989368
0.988919
0.989188
0.989207
0.989467
0.989453
0.989345
0.989359
0.989323
0.989352
0.989448
0.98416
0.983632
0.989383
0.989548
0.989474
0.985197
0.986023
0.983495
0.985442
0.98292
0.985455
0.984795
0.985035
0.981078
0.983403
0.982301
0.982504
0.989414
0.985465
0.98936
0.989297
0.989339
0.988203
0.989416
0.981645
0.984535
0.989479
0.982548
0.989451
0.989301
0.989356
0.982945
0.989448
0.989512
0.989454
0.989446
0.982757
0.982736
0.989547
0.98956
0.989532
0.989499
0.989521
0.984086
0.982461
0.989328
0.987089
0.982354
0.989092
0.988685
0.985496
0.989352
0.987092
0.988089
0.985369
0.988693
0.985414
0.981433
0.984789
0.985198
0.983089
0.985064
0.986425
0.989521
0.986226
0.982366
0.989354
0.989464
0.989493
0.984607
0.988972
0.989501
0.989581
0.986699
0.987536
0.984335
0.985826
0.985724
0.982459
0.987495
0.986214
0.983664
0.981217
0.98941
0.987872
0.985785
0.987582
0.987694
0.986599
0.98531
0.988041
0.982633
0.989548
0.9852
0.982326
0.986523
0.989532
0.989429
0.988414
0.989386
0.988993
0.988772
0.988763
0.988776
0.988936
0.988774
0.985672
0.986523
0.988623
0.989284
0.984362
0.985513
0.988831
0.989484
0.988963
0.98916
0.989306
0.989313
0.989176
0.985119
0.989058
0.989512
0.982395
0.989026
0.989485
0.989523
0.989353
0.983986
0.988873
0.989272
0.989407
0.98117
0.989265
0.989546
0.989197
0.989242
0.989285
0.989092
0.989352
0.986067
0.982967
0.988788
0.989628
0.98948
0.989357
0.989333
0.989393
0.989318
0.989426
0.989477
0.989375
0.989317
0.986043
0.989461
0.989418
0.989509
0.982701
0.981289
0.989516
0.989634
0.989334
0.989355
0.987197
0.989034
0.989441
0.989452
0.989705
0.989399
0.982655
0.982334
0.989441
0.984636
0.985027
0.989444
0.986216
0.989545
0.98332
0.989619
0.989581
0.989579
0.989241
0.988006
0.982317
0.982919
0.983807
0.982832
0.980218
0.98269
0.989589
0.985833
0.982439
0.987434
0.987794
0.989455
0.982376
0.983258
0.982759
0.989434
0.988788
0.989605
0.982878
0.989573
0.989534
0.98953
0.989494
0.989522
0.981444
0.989759
0.986523
0.989561
0.985359
0.983881
0.989494
0.987402
0.989513
0.987164
0.989599
0.989528
0.989507
0.989526
0.986674
0.989529
0.989261
0.98239
0.989518
0.987177
0.989502
0.982
0.989636
0.989327
0.989375
0.989509
0.989253
0.988593
0.98944
0.989254
0.989355
0.986262
0.989529
0.988628
0.985531
0.989494
0.989431
0.989361
0.989377
0.988733
0.989394
0.989338
0.989567
0.983239
0.989473
0.989418
0.983322
0.989271
0.989337
0.989513
0.989422
0.982018
0.982162
0.989388
0.989581
0.989728
0.989603
0.989417
0.989767
0.989451
0.989255
0.989628
0.98319
0.989424
0.989453
0.989261
0.982404
0.98821
0.982305
0.983532
0.982748
0.989376
0.984956
0.983131
0.98513
0.983668
0.987202
0.989187
0.988926
0.988653
0.986156
0.98696
0.989432
0.985174
0.985348
0.985317
0.984465
0.989579
0.98936
0.989484
0.989358
0.989366
0.98159
0.989432
0.989296
0.983205
0.989475
0.982714
0.983261
0.983903
0.985136
0.982657
0.989634
0.987142
0.989445
0.98856
0.989515
0.989407
0.988253
0.988441
0.988625
0.989413
0.984373
0.989436
0.981724
0.981377
0.989435
0.982591
0.984836
0.988339
0.98365
0.989524
0.986708
0.989461
0.98775
0.983869
0.989485
0.987763
0.988102
0.989474
0.98817
0.988356
0.988976
0.988717
0.989435
0.98941
0.989358
0.989476
0.98931
0.98929
0.989193
0.989158
0.982903
0.988711
0.988338
0.98869
0.98324
0.989487
0.989593
0.988254
0.989468
0.983112
0.989475
0.981533
0.986357
0.989611
0.987506
0.989281
0.987593
0.988544
0.989529
0.988547
0.980834
0.98939
0.988291
0.983488
0.989346
0.98965
0.989475
0.988068
0.989595
0.989601
0.982409
0.989574
0.989571
0.989499
0.985195
0.989413
0.989708
0.989506
0.989701
0.989436
0.989298
0.988743
0.989316
0.989516
0.989479
0.989561
0.989709
0.985947
0.98328
0.983066
0.989311
0.988004
0.989559
0.98938
0.989672
0.983768
0.985191
0.986239
0.988145
0.985865
0.985581
0.985763
0.987053
0.987181
0.987053
0.987232
0.987812
0.987186
0.988426
0.988751
0.98878
0.989312
0.985412
0.98708
0.989048
0.986887
0.989538
0.989313
0.989113
0.98931
0.98929
0.989319
0.985385
0.989336
0.989463
0.985413
0.987778
0.988941
0.981661
0.985573
0.989495
0.989421
0.989673
0.989667
0.986126
0.98467
0.985334
0.989449
0.98967
0.985488
0.981336
0.98931
0.989261
0.985512
0.985482
0.987911
0.984334
0.989147
0.981764
0.988384
0.986726
0.98934
0.986028
0.986307
0.989324
0.989668
0.989435
0.98427
0.989421
0.989492
0.989698
0.984107
0.982011
0.988033
0.983763
0.983112
0.989516
0.989352
0.984395
0.987858
0.989378
0.986274
0.989725
0.983778
0.982673
0.98916
0.989343
0.989313
0.989456
0.984885
0.984608
0.989408
0.989642
0.98938
0.989408
0.985075
0.989371
0.982639
0.989403
0.989578
0.989433
0.989397
0.989427
0.989388
0.982112
0.989422
0.985152
0.989175
0.986118
0.986101
0.984799
0.986214
0.986017
0.989445
0.989475
0.984673
0.984238
0.989404
0.984199
0.989343
0.986177
0.989569
0.989335
0.989355
0.989694
0.989442
0.989468
0.989489
0.989487
0.989581
0.989527
0.983701
0.987921
0.983553
0.984721
0.989263
0.988586
0.985169
0.989468
0.989257
0.982426
0.989244
0.989467
0.984367
0.985562
0.989461
0.989742
0.984763
0.989636
0.989464
0.98914
0.98965
0.989527
0.989221
0.9817
0.989412
0.989428
0.989442
0.989468
0.983399
0.989316
0.98453
0.986325
0.989315
0.984796
0.989287
0.982279
0.983619
0.984799
0.989447
0.989754
0.989428
0.982109
0.986487
0.989513
0.984692
0.98935
0.989396
0.98274
0.989404
0.989215
0.989679
0.989127
0.98961
0.982531
0.989206
0.989211
0.984337
0.984478
0.989654
0.989567
0.98246
0.989383
0.989408
0.988907
0.98934
0.989354
0.989436
0.989261
0.989163
0.989753
0.987134
0.989434
0.989538
0.989748
0.989279
0.988011
0.989609
0.989339
0.989249
0.984561
0.984399
0.987767
0.986687
0.989469
0.98933
0.989112
0.989492
0.989307
0.986235
0.983599
0.989678
0.989523
0.989483
0.989524
0.989338
0.987036
0.98739
0.987952
0.987694
0.989529
0.989624
0.989455
0.989626
0.989504
0.987714
0.989064
0.985216
0.989131
0.988596
0.989304
0.989305
0.989249
0.989521
0.989474
0.985068
0.989419
0.989411
0.989342
0.989364
0.987178
0.981926
0.988611
0.989443
0.981077
0.983191
0.988333
0.988913
0.98907
0.982105
0.985033
0.982448
0.988162
0.989211
0.989137
0.989449
0.989467
0.985927
0.981496
0.988964
0.987724
0.984593
0.98976
0.987544
0.984554
0.989392
0.989405
0.983572
0.98948
0.983961
0.989345
0.988642
0.98952
0.986563
0.98196
0.981494
0.981461
0.983278
0.982996
0.982161
0.989574
0.989505
0.98945
0.98938
0.982634
0.989516
0.981718
0.989475
0.98679
0.989277
0.98942
0.989396
0.984935
0.984904
0.98664
0.989522
0.981782
0.982287
0.989667
0.984202
0.989489
0.989273
0.989363
0.989528
0.989395
0.989551
0.987039
0.989418
0.985857
0.98949
0.986053
0.982706
0.982247
0.989142
0.987593
0.989613
0.982755
0.989471
0.986612
0.98938
0.982413
0.98258
0.989442
0.98632
0.989719
0.981619
0.982552
0.983383
0.982404
0.989409
0.988016
0.988654
0.989603
0.983144
0.98247
0.988014
0.981032
0.989738
0.988609
0.986231
0.988628
0.981829
0.983133
0.984288
0.98932
0.986477
0.988016
0.988042
0.984521
0.989486
0.986506
0.984369
0.989624
0.98962
0.983687
0.984694
0.987477
0.982789
0.982045
0.98722
0.989492
0.989589
0.987312
0.985441
0.989489
0.985494
0.989657
0.986937
0.985271
0.986124
0.984598
0.988337
0.988404
0.987922
0.98954
0.988062
0.98926
0.982416
0.98494
0.986303
0.989464
0.986396
0.987356
0.988915
0.989745
0.989314
0.989165
0.989331
0.989722
0.988601
0.989397
0.98954
0.989381
0.981642
0.982126
0.981554
0.989163
0.982258
0.98863
0.989472
0.985937
0.985787
0.989564
0.98858
0.989466
0.983335
0.989445
0.985401
0.982268
0.989442
0.989195
0.989541
0.989237
0.989281
0.989635
0.988099
0.989406
0.982279
0.989525
0.985974
0.983382
0.989472
0.989273
0.989361
0.989402
0.982109
0.989454
0.98942
0.989493
0.989487
0.989597
0.986512
0.989434
0.989454
0.982971
0.989388
0.989352
0.98959
0.989432
0.982262
0.989347
0.982044
0.987663
0.989503
0.983129
0.989568
0.985903
0.989699
0.989502
0.982889
0.982363
0.985907
0.989573
0.987351
0.985415
0.988313
0.989508
0.988611
0.986168
0.989456
0.989547
0.985413
0.986435
0.984602
0.986344
0.98627
0.981763
0.983278
0.981527
0.989592
0.989121
0.989402
0.982718
0.98832
0.988212
0.987374
0.98694
0.988312
0.981908
0.987232
0.985723
0.986715
0.989567
0.981803
0.989478
0.989614
0.989459
0.989485
0.989388
0.989608
0.989442
0.981811
0.989389
0.989595
0.989426
0.989571
0.989516
0.989535
0.989262
0.98926
0.983846
0.989722
0.982444
0.988436
0.983627
0.989401
0.98902
0.988705
0.989622
0.989773
0.988132
0.984413
0.989487
0.989481
0.98946
0.982512
0.989644
0.989602
0.987132
0.988931
0.987964
0.988615
0.986874
0.989677
0.983654
0.989362
0.988041
0.987114
0.987766
0.987399
0.988106
0.987798
0.988962
0.984052
0.989421
0.989459
0.989615
0.98929
0.986766
0.989534
0.989427
0.98542
0.987127
0.985551
0.989527
0.986435
0.986419
0.986113
0.989649
0.983371
0.986058
0.989295
0.989597
0.989314
0.989505
0.983574
0.98806
0.986674
0.989669
0.98915
0.988021
0.989498
0.989696
0.982283
0.984583
0.986609
0.987663
0.988598
0.987377
0.988441
0.986401
0.989271
0.989379
0.989447
0.989604
0.988173
0.989456
0.989269
0.989568
0.989472
0.986654
0.981257
0.987798
0.989148
0.986079
0.9892
0.989472
0.989688
0.989437
0.982907
0.98686
0.989411
0.989306
0.985229
0.988172
0.985142
0.989321
0.986608
0.989472
0.981604
0.985644
0.986078
0.983014
0.981357
0.989497
0.989443
0.982509
0.989437
0.983533
0.98326
0.989211
0.989104
0.98968
0.989269
0.989472
0.989481
0.982328
0.981404
0.989399
0.982744
0.989449
0.989722
0.98846
0.989556
0.982934
0.989348
0.989486
0.985643
0.989463
0.986382
0.988729
0.989534
0.989519
0.985694
0.989401
0.989461
0.983176
0.985513
0.989552
0.989602
0.988528
0.98938
0.989672
0.989492
0.989448
0.989279
0.982435
0.981776
0.989484
0.98967
0.989577
0.989395
0.989572
0.989284
0.989692
0.989452
0.982302
0.989542
0.989424
0.98947
0.987476
0.989467
0.986609
0.989253
0.981715
0.987715
0.988249
0.989734
0.982702
0.989495
0.985159
0.985018
0.982428
0.987496
0.982225
0.982103
0.989417
0.989491
0.985732
0.982322
0.98227
0.980786
0.989455
0.981873
0.983303
0.989523
0.983144
0.984672
0.981781
0.989553
0.989478
0.984672
0.989452
0.988033
0.984367
0.984958
0.989469
0.982924
0.983017
0.989276
0.989244
0.988778
0.989448
0.981863
0.989346
0.989421
0.989388
0.989557
0.989494
0.989485
0.989499
0.982703
0.982643
0.989484
0.982742
0.982434
0.981677
0.981885
0.982141
0.982436
0.982765
0.98428
0.982169
0.983545
0.983706
0.983589
0.983053
0.984016
0.979985
0.984374
0.984557
0.984431
0.984177
0.984088
0.984092
0.984638
0.984626
0.983423
0.984466
0.987127
0.987136
0.986671
0.986524
0.987496
0.987497
0.987848
0.987836
0.987674
0.987673
0.988665
0.988922
0.988755
0.989132
0.989391
0.989222
0.989191
0.989579
0.98932
0.989362
0.989612
0.989637
0.989445
0.989418
0.989728
0.985349
0.98759
0.984342
0.98564
0.986011
0.989434
0.985643
0.983613
0.986014
0.983201
0.988137
0.982156
0.986516
0.986517
0.982914
0.986793
0.989467
0.988971
0.983589
0.989605
0.984581
0.989406
0.988976
0.989657
0.984449
0.989484
0.98871
0.98829
0.98895
0.987768
0.989492
0.987882
0.98647
0.983178
0.982718
0.986076
0.98951
0.988826
0.987698
0.987924
0.985881
0.988325
0.988131
0.989764
0.98883
0.989284
0.989686
0.989751
0.989479
0.98949
0.989597
0.986672
0.981381
0.989652
0.987915
0.988595
0.989533
0.985914
0.987079
0.988992
0.988469
0.989154
0.988783
0.988522
0.986042
0.986412
0.985226
0.986042
0.985387
0.984435
0.986792
0.986881
0.984367
0.987534
0.989747
0.988249
0.981755
0.989223
0.989511
0.989657
0.989512
0.986413
0.987057
0.986411
0.984975
0.984561
0.989324
0.989506
0.989365
0.984236
0.984161
0.989322
0.984206
0.984353
0.984128
0.983717
0.985837
0.983496
0.989352
0.989489
0.989652
0.989644
0.989445
0.989509
0.989588
0.989557
0.989607
0.989532
0.989601
0.98972
0.989508
0.989639
0.986141
0.985903
0.985892
0.984411
0.983901
0.986214
0.985907
0.989543
0.989594
0.989509
0.989504
0.989452
SCALARS pressure float
LOOKUP_TABLE default
-0.0274021
-0.0422916
-0.0283292
0.104632
-0.0340352
0.229563
0.00037082
-0.0306667
0.203615
0.0707244
-0.00545381
0.0858259
0.0706324
0.130023
0.446045
0.104909
-0.0351267
0.141065
-0.0233032
0.278562
0.0712059
0.0999568
-0.020905
-0.0322705
0.317894
0.288208
0.135309
-0.0258749
-0.00575934
0.0956588
1.19301
-0.00769392
0.269614
-0.0407155
0.132336
-0.0230522
0.242579
-0.028338
-0.0111065
0.00677921
0.125235
0.406719
-0.00566463
0.196474
0.357695
0.0269372
0.273001
0.221865
0.181063
0.0232902
0.00193347
0.169042
0.0377706
0.00771831
0.0655449
0.362726
0.0130888
0.0782596
0.0556228
-0.0364206
-0.0135709
0.0132873
0.152006
0.00544672
-0.0069283
0.0948659
0.0302122
0.0274905
-1.56052e-05
0.296763
0.00187162
0.00396986
0.142559
0.012935
0.00375518
0.230905
-0.0333429
0.00221385
0.0762775
0.15592
0.127923
0.00552619
-0.0308158
-0.0113036
0.130596
0.0157869
0.0818364
-0.0287074
-0.0136704
0.0871719
0.0865065
0.0424822
0.00102457
-0.00746918
0.0210682
0.00677616
-0.0228956
-0.0315186
0.0331703
-0.0297953
-0.031435
-0.0318754
0.135613
-0.0368399
0.221573
1.1595
0.0103996
0.0909507
-0.0350467
-0.0219063
0.00969356
0.0972123
0.60052
-0.0123228
-0.0112507
-0.0374465
-0.0289738
-0.0167055
0.0149817
-0.00542642
-0.0152282
-0.023904
0.0345035
0.257105
-0.00919779
0.23044
0.612423
-0.0265329
-0.0285978
0.107099
-0.00990014
0.22043
-0.0137149
0.150782
-0.0236888
-0.0455274
0.202418
0.00208986
0.0617781
0.0561188
0.101394
-0.00935217
0.00625082
0.0308728
0.109402
0.064086
-0.0222758
0.0274495
0.0289376
0.00175949
0.181203
0.0065964
0.0151492
0.193552
0.0052865
0.0158693
0.192836
0.228978
0.0792994
0.0159961
-0.00222176
0.00588618
0.0695243
0.031909
0.0671852
0.0121629
-0.023057
-0.0260876
0.148375
0.0978709
-0.0246302
-0.0173627
0.0337674
-0.0326541
0.155968
0.0114543
0.00683518
-0.0170273
0.0481614
0.0157807
0.00014492
0.131157
0.0261402
0.319002
0.0191644
-0.0133843
-0.00514137
0.136419
0.0053766
0.04928
-0.016951
-0.0145745
0.0857999
0.607627
-0.00318927
0.0109552
-0.0308678
-0.00282934
0.0264722
0.0468901
0.0231212
-0.0112738
0.085243
0.0110892
-0.0291613
0.175105
0.244536
0.0235198
-0.00117173
-0.0273163
0.0264645
0.373005
0.0326416
0.0320229
-0.00792517
-0.0110923
-0.0159522
-0.00340054
0.198591
-0.00638099
-0.0287069
-0.0601241
0.0100555
-0.0092631
0.0253205
-0.0153353
0.118741
0.0304455
-0.0191356
0.25221
0.0184197
0.0414133
0.0126386
-0.0151261
-0.0053861
0.0784955
0.00436231
0.0365529
-0.0160718
-0.00358842
0.0195935
-0.0124041
0.000485241
0.00621313
0.0168706
0.00596924
-0.00366075
-0.0282629
-0.023707
-0.0170502
0.00868247
0.0145768
-0.0110746
0.0576441
0.0130888
0.0789553
0.0376361
0.0120976
1.07584
0.142463
0.0250225
0.034236
0.00746549
-0.0125667
0.197186
0.0103288
1.07584
0.0775051
-0.0283893
0.00282389
0.102532
0.0286596
-0.0102086
-0.00938702
0.00715889
0.0285157
0.0157141
0.000810256
0.0231003
0.0115095
0.504298
0.0257408
0.858719
0.600614
0.355524
0.706369
1.21214
1.34666
1.24125
0.210554
0.160908
0.00844422
1.07584
0.579271
0.242881
0.081074
1.21214
0.650196
0.34508
0.604175
0.605016
1.41231
1.15566
1.41231
-0.0171917
-0.00888278
0.2896
0.22567
0.223409
0.128538
0.16343
0.169557
0.22879
0.218753
0.225092
0.181019
-0.022361
0.137504
-0.00388385
0.159292
0.155006
0.0835687
0.13909
0.020891
0.173834
0.2032
0.138764
0.128263
0.0700347
-0.0401943
0.544876
0.100837
0.125103
-0.031553
-0.0026935
-0.0378025
0.0794853
0.115038
0.0644187
-0.0332781
0.0282205
-0.0323975
0.0985982
0.0677413
0.0944732
0.0102533
0.372402
0.0501608
-0.0324714
0.0864623
0.0883379
0.112432
0.105806
0.0486194
0.0671052
0.0630582
0.0580862
0.0642326
0.0646132
0.0121709
-0.0213044
0.0559483
0.0167582
0.00123115
0.0379921
0.0530647
0.0318669
0.144826
0.166644
0.146367
0.0529778
0.378308
0.0315505
0.0390617
0.00504912
0.00552004
-0.0245808
-0.000198444
0.133874
0.0552557
0.20889
0.231882
0.0364437
0.0238607
0.0392435
0.0462083
0.0220795
-0.0270259
0.00175897
0.0114449
0.0140417
0.155822
0.0151507
0.00598279
0.0101869
0.00534388
0.0227403
0.00776934
0.00402434
0.0691396
0.0383019
0.204389
0.0248567
0.00813171
0.0128594
0.0209205
0.0178477
-0.0132107
0.0149389
0.0116252
0.0157356
0.0109968
-0.0198346
0.038184
-0.026636
0.0116215
0.0100144
0.168391
0.136519
0.0150212
0.0844917
0.0654783
0.013167
0.0508733
-0.0035602
0.0787941
-0.0370623
0.00761206
0.0126817
0.00648203
0.0185125
0.0184793
0.0196522
0.0211234
0.0839198
-0.0169203
0.016148
0.0126738
0.0135259
0.01294
-0.02265
0.0212247
0.0316111
0.0235684
0.0110337
0.0947425
0.0151015
-0.0308198
-0.0073561
0.0137282
-0.0247839
-0.0331647
0.0142817
0.00873659
0.00733077
0.00635561
0.00873749
-0.012354
-0.00387083
0.0304357
-0.0333628
0.260712
-0.029551
0.243309
-0.0222866
0.21199
0.186413
-0.00555264
-0.0274288
-0.0234083
-0.0255451
0.00325597
-0.000465563
0.0240862
0.000180988
-0.00738856
-0.0182746
-0.0181061
0.00023696
-0.029546
-0.0316276
-0.0251116
-0.0175785
-0.0103447
-0.0246655
-0.0104058
-0.0233779
-0.0136047
0.0204413
-0.0369885
-0.0291653
-0.0306937
-0.0240015
-0.0153272
-0.0188007
-0.01703
-0.0190284
-0.0232702
-0.025117
-0.0267673
-0.0134144
-0.0236683
-0.0231853
-0.019118
-0.0229926
-0.0188636
-0.0195967
-0.0279072
-0.0225011
-0.020277
-0.0242855
-0.0253109
-0.0411085
-0.0295791
-0.0328731
-0.0235182
-0.0210167
-0.0150115
-0.0214872
-0.0254973
-0.000873489
0.109917
-0.0268416
-0.0267114
-0.0160678
-0.0265447
-0.013798
0.0385557
-0.0143006
-0.0306597
-0.0472987
0.171931
-0.0236864
-0.0124813
-0.0322687
-0.0186223
0.0414847
0.00451896
0.00429723
-0.00547859
-0.0235905
-0.00565412
0.0182248
-0.0266084
-0.023423
-0.0104516
-0.00545096
-0.0122257
-0.0108375
-0.00378792
0.00914165
0.000590255
0.00749416
0.00728195
0.00546843
-0.0117462
-0.00907014
0.00393597
0.00184324
0.00103999
0.000931608
0.00187527
0.000458826
0.679022
0.678091
0.367477
0.555087
0.661172
0.540597
0.304203
0.0183831
1.40093
0.123504
0.318173
1.40093
0.195705
0.260376
0.158511
1.05086
1.19912
0.171734
0.12667
0.154734
-0.0216503
0.210766
0.201127
0.111846
0.138212
-0.0321818
-0.0226151
-0.0091038
0.15345
0.116082
-0.0293664
-0.0216555
-0.00988315
-0.0239915
0.133662
0.134458
0.000498911
-0.0283431
-0.0270728
0.0194719
-0.0323527
-0.0321547
0.0897635
0.0620877
-0.0280603
-0.0120867
0.0600382
0.0735704
0.104678
-0.0184002
0.164714
0.00489182
-0.0144636
-0.0241254
-0.00834763
-0.0123274
-0.0324862
0.0651294
0.207347
-0.0114301
-0.0246189
0.0415342
0.0306814
0.0257061
0.0250422
-0.00920543
-0.0123854
-0.031171
-0.0374166
-0.0569676
0.0105221
0.0122017
-0.00687539
0.00457764
0.013297
0.215862
0.0447556
0.0166116
0.0159829
-0.031392
0.197448
0.638381
0.225876
0.274577
0.0350952
0.299356
0.294582
0.0123776
0.154636
0.00823325
-0.0119185
-0.00216008
0.00222354
0.182505
-0.00940312
-0.00475487
-0.0250873
0.0158112
0.021768
0.293735
-0.0135993
-0.0330573
-0.0156347
-0.00658129
-0.0113111
0.735815
-0.0173946
0.0478524
-0.0362616
0.0558111
-0.0431103
-0.0413159
0.0124345
0.0668445
-0.0417901
-0.033186
-0.0324534
0.0467525
4.7813e-05
-0.0183294
-0.0372264
-0.0316556
-0.0342203
-0.0246421
-0.0217188
-0.0342588
-0.0336291
-0.0377508
-0.0304634
-0.022895
0.062742
0.131975
-0.0212892
-0.0222283
0.0101037
-0.000123845
-0.0212265
0.0023171
0.002579
-0.00407266
-0.00987012
-0.0184105
0.00326303
0.00111645
1.05086
0.910401
-0.00116063
0.0170704
0.197875
0.124065
0.123125
0.0512261
0.214379
0.0857413
0.100492
-0.0232146
0.0761462
0.0449686
0.047737
0.0768219
-0.00463649
0.0404773
0.0440546
0.0391244
0.0798682
-0.0179632
0.0150439
-0.0184682
-0.0279728
0.00163247
-0.0168499
1.08429
-0.0220484
-0.0108599
-0.0239532
-0.0157285
-0.0256332
-0.0377847
-0.0351017
-0.0311117
-0.0137213
0.175813
-0.0285916
-0.0323008
0.001484
0.00183841
0.925183
1.58367
1.05086
0.129374
0.109587
0.255795
0.110341
0.117846
0.117827
0.0740002
0.0625079
0.0517949
-0.0110794
0.02323
0.0233584
0.0120778
0.0295284
0.0215537
0.0231137
0.126122
0.00152479
0.0971555
0.0527425
0.0121649
0.0630136
-0.0167874
-0.0109114
-0.0185377
-0.0130722
-0.0312542
-0.0142631
0.187872
-0.0276536
-0.0293694
-0.0392696
0.00328516
0.000699763
-0.0063441
0.264037
0.0953873
0.24051
0.29661
0.237972
1.58367
0.111173
0.0951538
0.110299
0.0751115
0.0589682
0.0964667
0.0469763
0.0476007
-0.0329859
0.0527758
0.0596238
0.0289747
0.0166366
-0.0225397
0.176364
0.0389147
0.0243632
0.0246309
0.017944
0.022525
0.0329995
0.0138725
0.0273692
0.0252173
-0.014993
0.00859171
0.00794677
0.00367717
-0.0207121
-0.017206
-0.0115389
-0.0338331
0.00618512
-0.0505327
-0.012557
-0.0132341
0.188672
0.0972703
-0.0216675
-0.00820623
-0.0305473
-0.0175924
-0.00564302
-0.0138125
1.00401
-0.0208399
1.01328
1.1595
0.0152206
0.0941619
0.121724
0.130784
0.0199432
0.102558
-0.0275692
0.056491
0.0483102
0.201331
0.0499486
0.021874
0.00498677
0.0454997
0.0392903
0.0753593
0.00930549
0.0015073
0.19088
-0.0253018
-0.0272458
-0.0265436
0.212097
0.000996447
-0.0175228
-0.0106041
-0.0269684
-0.045264
0.0196681
-0.0422175
-0.0297354
-0.0202309
-0.0206603
0.339025
1.1975
0.101112
0.225206
0.150851
0.097763
0.0725069
0.00778134
-0.038018
0.0284411
-0.011648
-0.0321217
0.0351985
0.0171613
0.0966897
-0.0388093
-0.0210744
-0.0284234
0.0250332
-0.0384593
-0.0345956
-0.0163848
-0.0185145
0.00338554
-0.00558009
-0.0235612
0.00165593
0.0837237
0.66891
1.11348
0.511738
1.11348
-0.0141128
0.0916043
-0.0169079
0.198524
0.1178
0.0135984
0.0934446
-0.0172926
0.133448
-0.0287294
-0.0272232
0.112025
0.101491
-0.0288214
0.0844911
-0.0302671
0.0507795
0.0772367
0.044759
0.0481596
0.0316585
0.0147466
0.0264482
0.0288426
0.040008
0.0443562
0.0405575
0.038823
0.0257473
0.0253139
0.0368096
0.0121426
0.0249517
0.0158828
0.0268798
0.0104802
0.0120037
0.0196165
0.00540851
-0.0133155
0.024175
0.00509537
0.00471845
0.00232122
-0.00378114
0.00331233
-0.00609925
-0.0151131
-0.00735643
-0.0279742
-0.0187162
-0.0225176
-0.0278745
-0.0275069
-0.0404946
-0.0399725
0.151963
0.0133366
-0.00119625
-0.00397748
-0.0179119
0.000317933
-0.0287066
-0.106711
0.131286
0.167244
0.152638
0.157395
0.579271
-0.0045872
0.203502
0.00833842
0.00471228
-0.0132539
0.0491748
0.00876957
0.0525056
0.00777085
0.084719
-0.0302549
0.302166
0.0280173
0.0595361
0.0334397
0.360743
0.00487102
0.271896
0.145338
0.0155476
0.137079
0.15424
0.00544951
-0.026768
0.0173346
-0.0301645
0.180939
-0.0254928
0.07507
0.175716
0.0363866
-0.0328865
0.0120792
0.0907476
-0.0247321
0.0512179
0.248155
0.376813
-0.000427538
-0.0292289
0.12517
0.200718
0.0310702
0.131227
0.019132
0.0218728
0.00852456
0.132753
0.304106
0.0537438
0.0475613
-0.0120809
0.00512132
0.00409898
-0.0309849
-0.0382525
-0.0186071
-0.0308983
-0.0302957
-0.0212667
0.0534514
-0.0361766
-0.00431007
0.0615713
-0.0155285
-0.0212293
-0.0101341
-0.00782109
-0.0166271
0.0243339
0.0722656
-0.0276075
-0.011828
0.0846282
0.694529
0.0225898
-0.0268765
1.11348
-0.0131055
0.456181
-0.0244974
-0.0261541
0.0151539
-0.0166895
-0.0262433
0.0340713
0.308648
-0.0293167
-0.0295844
-0.024752
0.058219
-0.037966
-0.0096352
-0.0170784
-0.0128101
-0.00942576
-0.0120007
-0.00711853
0.199407
0.0307279
-0.0311196
-0.00580599
0.0477489
-0.0283564
0.0101082
0.426616
-0.0155054
0.0805447
0.000813504
0.282487
0.073006
-0.031322
0.143302
0.0910868
0.0130819
0.0024545
0.0734902
-0.0201138
0.455551
0.46973
0.0118247
0.260777
-0.0189821
0.0859061
0.026044
0.365486
-0.0279068
-0.0344287
0.0249651
0.900488
0.139328
0.252185
0.0257677
0.488801
-0.00106921
0.585293
0.0813643
0.614748
0.11392
0.00129621
0.00870328
0.11763
0.221453
0.532658
0.0104127
0.015865
-0.00123243
-0.0016024
0.00836694
-0.000133683
0.00902319
0.232299
-0.0144491
0.0853484
-0.00730934
0.164203
0.492155
0.00764387
0.606035
-0.00226173
0.0800627
0.0212631
-0.0266008
-0.0201196
0.0459401
-0.0185046
-0.0192778
0.0173985
0.0305882
-0.00145367
-0.00236462
-0.0224248
-0.027984
-0.0326699
-0.0177719
0.00644798
0.0171776
-0.0322006
-0.0233106
-0.0271112
-0.030544
0.00167249
-0.00170336
0.0687653
-0.0263358
0.221801
-0.00294949
0.0812203
-0.0263642
-0.00881645
-0.00278613
-0.033734
0.00129168
0.00286068
-0.0243102
-0.00111241
-0.0264047
-0.0269936
-0.00123489
-0.0264224
0.0551206
-0.0286801
0.101821
-0.0376657
0.0256157
-0.0269061
-0.0212028
-0.0129613
0.00275319
-0.0248632
0.0227779
-0.0251634
-0.0273523
0.105368
-0.0143632
-0.0143824
0.00543544
-0.00529903
0.00385053
-0.0175634
0.00287746
-0.0204455
0.0124097
0.00533991
-0.0266146
-0.0130866
-0.00619381
-0.0151778
-0.0301581
-0.0344159
-0.00756028
-0.0225589
0.00251279
-0.00747087
-0.0213423
0.0046385
0.00475424
-0.0151473
-0.015899
-0.0206622
-0.0239024
-0.00584494
-0.025811
-0.0336623
-0.018655
0.105016
0.119829
-0.00813027
-0.0211184
-0.0176557
0.100748
0.0518712
0.0850573
0.0737782
0.196746
1.1975
0.680036
-0.0110629
0.432753
0.373118
0.219797
0.0864745
-0.0302554
0.465108
-0.00166608
-0.00795722
-0.00909306
0.00488171
-0.0275633
0.234006
0.242528
-0.0317709
0.178557
-0.0248286
-0.0178931
-0.00954501
0.162478
-0.0239315
-0.0249594
-0.0171753
-0.0215927
0.122111
0.152815
-0.0370741
-0.0319787
-0.0307724
-0.0220802
-0.0285937
0.0975578
0.172631
-0.00704997
0.0305081
0.267508
0.0550414
0.0425494
0.0812704
-0.00475545
0.0482882
0.0293189
0.0826882
0.0637375
0.0953076
0.268674
0.0797574
0.0511363
0.0356007
0.0352127
0.0533311
-0.0314825
0.0391325
0.167082
-0.0238649
-0.0298189
0.0118405
0.105323
0.0358503
-0.0211372
0.0684676
0.0406274
0.00562022
0.0659041
-0.0111141
0.0861999
0.158503
-0.00951593
0.031979
0.0663733
0.190009
-0.0205563
0.00604506
0.0465825
0.0333592
0.0134857
0.504122
0.0867874
0.0171523
0.184179
-0.0291909
0.107414
0.152201
1.08429
-0.0242726
-0.0230521
0.026422
-0.0185453
0.00999629
0.00695667
0.0055221
0.0198171
0.00293176
0.0239122
0.626907
1.08429
0.00320745
-0.0198928
0.0601047
0.652889
0.0302358
-0.0327306
0.00762635
0.00419869
-0.0161001
-0.0184409
-0.00350122
0.118833
0.0237351
-0.0324098
0.185526
0.00109242
-0.0342947
-0.0361173
-0.0134709
0.0631312
0.0288693
-0.00292141
-0.0187689
0.246355
-0.0156486
-0.0329535
-0.0137528
-0.0161104
-0.00270137
0.0130552
-0.0244377
0.0302861
0.12541
0.0215293
-0.0330294
-0.00700062
-0.02694
-0.0131067
-0.0220753
-0.0150676
-0.0308784
-0.0331193
-0.0131443
-0.0256327
0.0417004
-0.00747096
-0.0225348
-0.0204708
0.146556
0.259111
-0.0238139
-0.0331381
-0.0264105
-0.0258364
-0.0644346
0.0349772
-0.0233541
-0.0211586
-0.0552133
-0.0199455
0.23328
0.188702
-0.00435352
0.107618
0.0622127
-0.0324165
0.0891129
-0.0288068
0.102298
-0.0269297
-0.0114071
-0.0221176
-0.0179961
0.00142283
0.199563
0.458883
0.190627
0.335083
0.342046
0.236374
-0.00628995
0.0810631
0.211411
0.0611364
0.0243093
-0.00302867
0.21853
0.132762
0.178652
-0.0309731
0.0231024
-0.0326816
0.0945587
-0.0343396
-0.0142127
-0.0334224
-0.0217212
0.0229782
0.370679
0.0112105
0.0221465
-0.0181032
0.0791394
0.0396613
-0.0306085
-0.0622118
-0.029492
0.0267274
-0.0200685
-0.0177246
-0.017452
-0.025026
0.056073
-0.0130207
0.0039947
0.165821
-0.0223336
0.0638568
-0.0329213
0.23994
-0.00171658
-0.0107289
-0.0214908
-0.0331396
-0.00864474
0.0105992
-0.0295134
-0.0116779
-0.0297064
0.0487688
0.0143415
0.0213898
0.00979385
-0.019184
-0.0173656
-0.0245677
-0.0234127
0.0144476
-0.0253306
-0.00669856
-0.0335002
0.0942949
-0.0304402
-0.0227215
0.105768
-0.0246484
-0.0309296
-0.0268965
-0.0242961
0.194221
0.216995
-0.0269313
-0.0422846
-0.0320878
-0.0314569
-0.0144073
-0.0389316
-0.00734152
-0.0112682
-0.0148184
0.0591039
-0.0229654
-0.0209953
-0.0175457
0.235486
-0.0161273
0.43718
0.118183
0.150351
-0.0315363
0.193123
0.121408
0.0992819
0.0979279
0.0163131
-0.00256297
-0.00511046
0.0462512
0.0632828
-0.0249229
-0.0264669
0.0600122
0.0471138
0.0854983
0.118395
-0.0111049
-0.0249729
-0.0523001
-0.0206058
-0.0131242
0.256658
-0.0202719
-0.0103353
0.0958414
-0.0241943
0.290059
0.11911
0.108083
0.0633781
0.105151
-0.0323141
0.0222573
0.013194
0.0100404
-0.0196399
-0.0291237
0.0148939
0.0204841
0.0409902
-0.0247753
0.0551203
-0.0259979
0.492102
0.238318
-0.0222184
0.17156
0.0361112
0.009078
0.165901
-0.0295376
-0.0050779
-0.0200002
-0.0189451
0.0740685
-0.0266785
0.0231596
0.0136903
-0.0312436
0.0502414
0.0226224
-0.00278847
0.0327258
0.00269959
0.00955256
-0.00360443
-0.0195806
-0.0244764
-0.0206082
0.00524968
-0.0147875
0.104322
0.0396977
0.0167542
0.0207579
0.133536
0.00652595
-0.00336496
0.0225582
-0.0303152
0.106684
-0.0269017
0.557582
0.661063
-0.0328981
0.0193768
-0.00885229
0.0207874
0.016033
0.0157177
0.0482151
0.192365
-0.0288459
-0.00844488
0.14084
-0.0140404
-0.035743
-0.0159201
0.0173564
-0.0268308
-0.0264548
0.177952
-0.0189819
-0.0218393
-0.0322978
0.0353112
-0.0267764
-0.038492
-0.0233194
0.00256976
0.0278861
-0.0136721
0.0498175
-0.0145477
-0.0217977
-0.0288994
-0.0268022
-0.0398699
0.586217
0.202715
0.119535
-0.0174856
-0.00544835
-0.0350105
-0.017782
0.000524027
0.166529
0.0972643
0.0652646
0.0289201
0.0546021
0.0699026
0.0570991
0.024053
0.0118982
0.035699
0.0206554
0.0154814
0.0248801
0.0284668
0.0181239
0.0199635
-0.0190446
0.0739471
0.06527
0.0191275
-0.0149211
-0.030757
-0.021444
0.00470617
-0.0202415
-0.0209618
-0.0275759
0.082792
-0.0187478
-0.0280797
0.0438974
0.0291838
-0.00518596
0.400705
0.501339
0.00992749
-0.0171088
-0.0438095
-0.0465461
0.529542
0.0421815
0.0619694
-0.0413612
-0.00640762
0.0421993
0.210612
-0.0263434
-0.00532984
0.0418264
0.0496646
-0.0206522
0.0514214
0.0150999
0.229188
0.0280274
0.0426599
-0.0219936
0.0470499
0.0661904
-0.0236155
-0.0367712
0.00670718
0.0768826
-0.0188076
-0.017556
0.00271316
0.0865111
0.216857
0.0106018
0.110381
0.147121
-0.00260055
-0.00389339
0.083587
0.0245966
-0.00860055
0.0741112
-0.00325348
0.112713
0.145909
-0.00581283
-0.000760458
-0.00465708
-0.0188545
0.0573434
0.0792392
-0.0157332
0.000505598
-0.0241621
-0.0139068
0.0636283
-0.0139281
0.190742
-0.0105857
-0.0363529
-0.02826
-0.00504966
-0.0215985
0.00503731
0.176595
-0.0177766
0.0714639
-0.00283618
0.151085
0.0219096
0.19725
0.0588442
0.0511925
-0.0277502
-0.0323189
0.0565158
0.12537
-0.0250546
0.0884488
-0.0214925
-0.0200716
-0.0438677
-0.0114164
0.000565783
-0.00530904
-0.0197426
-0.0291311
-0.0363868
-0.0275767
-0.00522477
-0.0301096
0.0781824
0.0354088
0.124033
0.11088
0.00933826
0.0195463
0.0539982
-0.0221244
-0.016634
0.440768
-0.00399445
-0.0281678
0.0610434
0.024697
-0.00573247
0.0107196
0.125747
-0.0135802
-0.0217684
0.00574622
-0.0259365
-0.0282463
-0.00888609
0.450575
-0.023395
-0.0255807
-0.0207469
-0.024596
0.166781
-0.0236265
0.207656
0.0645285
-0.0207559
0.0386745
-0.0129491
0.171253
0.44734
0.0148289
-0.0225175
-0.0333625
-0.0142198
0.203261
0.0757811
-0.031599
0.307189
-0.00229419
-0.0323454
0.143128
-0.0113704
0.00287333
0.00582361
-0.0138493
-0.00198619
0.167212
-0.0146356
0.00883047
0.115289
0.107096
-0.00111847
-0.0251435
0.176464
-0.0233072
-0.0155964
0.00188635
-0.0128308
-0.000603363
-0.0236784
-0.00382848
0.00183055
-0.0431436
0.0215312
-0.0262878
0.0170401
-0.0105462
-0.0246272
0.0386847
-0.0356468
-0.031353
-0.0205179
0.0690664
0.0821414
-0.0194765
0.0454917
-0.0289543
-0.0323486
0.0170642
-0.0266508
-0.0141129
0.0314418
0.0817159
-0.024439
-0.0355555
-0.0318447
-0.0298945
-0.0212173
0.0696098
-0.00914564
0.0153619
0.0222623
-0.0334376
-0.0328422
-0.025986
-0.0291522
-0.0254512
0.030035
0.0262009
0.0236137
0.0162715
0.0360374
-0.0414107
-0.0221414
-0.00633675
-0.0229721
-0.0259746
0.0705383
-0.0186251
-0.0102845
-0.0146533
-0.029318
0.0337808
0.220098
0.00142967
-0.0260719
0.260401
0.104361
0.00484627
0.0308929
0.0031355
0.155571
0.0705795
0.162901
0.0307952
-0.00586863
-0.0079574
-0.0246433
-0.0217796
0.0768699
0.15883
0.0669509
0.0201155
0.00897276
-0.0465752
0.00433014
0.136503
-0.00618157
-0.0238333
-0.0612714
-0.0380748
0.0713101
-0.0135526
-0.00089186
-0.0206703
0.7917
0.187812
0.276933
0.200119
0.103824
0.137767
0.18894
-0.0297157
-0.0213183
-0.0167216
-0.0250638
0.144937
-0.0195795
0.230005
-0.0295752
0.0736613
-0.0269685
-0.0121531
-0.02208
0.0630668
-0.0119341
0.0308871
-0.0254109
0.332855
0.169332
0.00496337
0.0839539
-0.0188484
-0.016687
-0.0071904
-0.0238192
-0.0263438
-0.0274938
-0.0205902
-0.0154236
0.128504
-0.0167526
0.0958057
0.161863
0.299012
-0.00671159
0.0225561
-0.0345988
0.121763
-0.0316304
0.0693522
-0.0229017
0.169582
0.186617
-0.0161233
0.0222724
-0.0292419
0.14134
0.18162
0.0536011
0.316417
-0.013833
0.0324819
0.0137231
0.00327481
0.100776
0.154976
0.0108982
0.257406
-0.0423213
0.0210496
0.10359
0.0242157
0.218061
0.103471
0.102975
0.0125945
0.00570653
0.0262075
0.0293756
0.108196
-0.0280583
0.0248562
0.0874617
-0.0264117
-0.0396409
0.117068
0.0763897
0.0299494
0.139691
0.220049
0.00861664
-0.00571698
-0.0127501
0.0508406
0.0501353
-0.00328996
0.141179
-0.0326363
-0.0240243
0.133409
0.0423399
0.0918089
0.00122093
0.0138392
0.00295423
-0.0254353
0.0136777
-0.0024176
0.51362
0.0996932
0.00532171
-0.0335417
0.0372974
0.0267337
0.00559547
-0.0126679
-0.0124282
0.0020494
-0.0267666
0.00254782
0.013675
0.00257751
-0.0281992
0.00513981
0.12855
0.173633
0.182191
0.00229978
0.213013
0.0291934
-0.0414206
0.0297094
0.0151316
-0.0238311
0.0216347
-0.0180057
0.0978055
0.00293402
0.0407119
0.164438
-0.0198913
-0.0141028
-0.0191046
-0.0147233
-0.0145435
-0.0229734
-0.00626179
-0.030518
0.188194
-0.0237249
0.0185407
0.175806
-0.0430982
-0.0221125
-0.0162764
-0.00673494
0.20249
-0.00686542
-0.0226301
-0.0305546
-0.0143183
-0.0405285
0.0171676
-0.0159734
-0.0166029
0.174039
-0.014324
-0.00400086
-0.0234466
-0.00773766
0.110356
-0.0302249
0.195791
0.0525377
-0.0265736
0.129094
-0.025288
1.14992
-0.00858015
0.0157189
0.0577443
0.394306
0.543779
-0.0294293
-0.000802736
0.0521234
0.00631715
0.00187834
-0.026161
0.0328722
-0.0256446
-0.0306908
0.062657
-0.0074042
0.0684939
0.0386918
0.100173
0.209468
0.117743
0.307689
-0.0354559
-0.0265742
-0.0279817
0.133808
0.0233639
-0.0143116
0.0593663
0.113306
0.00765588
0.306733
-0.0307295
0.0321611
-0.00731298
-0.0246084
0.303906
-0.0245288
-0.023948
-0.01906
-0.0390689
-0.0363909
-0.0398266
-0.0337777
0.150663
-8.00701e-05
-0.0275936
-0.0175632
-0.0218173
-0.0280801
-0.0237911
-0.00646708
-0.0184815
0.247633
-0.0377228
0.163278
0.0676968
0.114279
-0.0173096
0.0296776
0.0201162
-0.041835
0.00209662
0.0681634
0.0550039
-0.0267665
-0.0404111
-0.0182075
0.231427
-0.0364451
-0.0360214
0.0427958
0.0357317
0.083202
0.00750654
0.0813284
-0.0166713
0.134153
0.013863
0.0251579
0.0244848
0.0470394
0.0188388
0.0379266
-0.0254686
-0.00284715
0.0905495
0.00173314
-0.0290771
-0.0123459
-0.0283255
0.0275363
-0.0279898
0.00756765
0.0599296
0.0104947
0.00290718
-0.00559692
0.0440254
0.0309585
0.0660165
-0.0353088
0.145744
0.0336742
-0.0272027
-0.0283917
-0.0285592
-0.0252898
0.0837816
-0.0105764
0.00411692
-0.0431066
-0.00118238
0.0122545
-0.0165491
-0.0406426
0.160907
0.0782931
0.0199921
0.0671107
0.025238
0.055275
0.0101719
0.0349046
-0.0495545
0.0118758
-0.00582526
0.0267846
0.0219766
-0.0155
-0.0192102
-0.0316757
-0.0300487
0.0355841
0.276867
0.0391021
0.0309086
0.0482368
-0.0148893
-0.0292354
0.00607524
-0.0224803
0.101868
0.0431122
0.00646488
0.00896587
0.094142
0.0202913
0.110283
-0.0218188
0.0218739
-0.0227446
0.0857502
0.0378447
0.0301497
0.143889
0.341835
-0.0403421
-0.0235309
0.17212
-0.0204072
0.100874
0.124771
-0.00362614
0.022907
-0.0378477
-0.00325546
-0.0286094
-0.0297012
0.162106
0.24693
-0.0102953
0.14501
-0.00437193
-0.00301869
0.0186805
-0.0223925
0.11949
-0.0124
-0.0400642
0.0629285
-0.0272171
0.0309135
0.014198
-0.019544
-0.0137384
0.0607953
-0.00866426
-0.0366332
0.119105
0.0725458
-0.0220783
0.00011266
0.020983
-0.0184103
-0.0373631
-0.0374198
-0.0266471
-0.0170377
0.163713
0.498243
-0.0280191
-0.0290638
-0.0282308
-0.0245269
-0.0329193
-0.026304
0.00493634
0.0251622
0.240167
-0.0219848
-0.0177814
-0.0290157
0.0330664
-0.0233782
0.0283806
-0.0207531
0.3905
0.0223694
0.0346239
-0.00239598
0.150813
-0.0208712
0.0995164
0.0508524
0.196217
0.00773005
0.238192
0.208061
-0.00386851
-0.0279365
0.0818173
0.177892
0.132747
0.250646
-0.0437744
0.578663
0.0959193
-0.0308688
0.17528
0.0706494
0.223348
-0.0220134
-0.0311368
0.0126069
0.00820589
0.0249415
0.0457823
0.0541943
-0.0275103
0.396284
0.112763
0.010017
0.00944886
-0.00709699
-0.0181571
0.375571
0.00813548
-0.0426948
-0.0124289
-0.00106547
-0.0284705
-0.0155869
-0.0275034
0.122124
0.116114
-0.0269541
0.139453
0.150098
0.251315
0.238842
0.188508
0.139459
0.131151
0.0659937
0.175009
0.14502
0.12953
0.122073
0.157645
0.0818663
0.371699
0.0647649
0.0883265
0.120454
0.124029
0.0941282
0.100825
0.091734
0.0383091
0.188818
0.0758191
0.0535176
0.0251309
0.0358888
0.0489556
0.00137387
0.0123353
0.0233393
0.0310084
-0.00360681
0.0180993
0.0129821
0.00912893
0.0485954
0.0157287
0.00484487
0.0144036
0.00233144
-0.0241086
-0.0104695
0.00389933
-0.00974819
-0.00657593
-0.0281269
-0.0171787
0.0108379
0.0174009
0.0414748
0.105237
0.0605694
0.0294694
-0.0178409
0.0646276
0.0805485
0.0313052
0.126686
0.0235493
0.192539
0.0467173
0.0394304
0.0975928
0.0285664
-0.020956
0.0358391
0.151161
-0.0287742
0.0652908
-0.0029842
0.00967057
-0.029271
0.105011
-0.0291045
0.0691249
0.0106943
0.00906739
-0.022439
-0.0336601
-0.0703972
0.0480646
0.0831413
0.187068
0.037312
-0.0242729
0.046933
0.0462004
0.0319073
0.0141557
0.0552347
0.0594697
0.00136333
0.0664087
-0.0145638
-0.0321259
-0.0382762
-0.0160404
-0.0150241
-0.0272576
0.0304993
0.377323
-0.0303667
0.0180239
-0.0115969
-0.0360958
0.0761769
0.110741
0.00926897
0.0209808
0.00743281
-0.0226407
0.0173656
0.0378257
0.0344462
0.0935763
0.0448638
0.0682213
0.0545975
0.0297579
0.00998488
0.094829
0.040871
0.0124751
0.0233084
0.344616
0.020867
-0.0253626
0.00682423
-0.0338546
0.0456937
0.0273419
0.0387199
0.0821235
0.0448568
-0.022425
-0.0143341
-0.0235821
0.123376
0.0961627
-0.012598
0.0996238
0.101957
0.113084
0.152055
0.0490827
0.149156
-0.0182597
-0.0140332
-0.0373429
-0.0348706
-0.0245677
-0.0290682
-0.0275384
-0.0244234
-0.0261116
-0.017403
-0.0293933
-0.0428002
-0.0172382
-0.0298187
0.0160981
1.14992
0.592199
0.178127
0.293669
0.577444
0.633986
-0.0330476
-0.0297379
-0.028948
-0.0323673
-0.0307068
