# vtk DataFile Version 3.0
vtk output at time 0.1
ASCII
DATASET UNSTRUCTURED_GRID
POINTS 634 float
-1.81074 -0.905373 -6.29996 -1.78885 -0.894427 -7 -1.43152 -1.43152 -6.29997 
-1.41421 -1.41421 -7 -2.02447 -2.10847e-06 -6.29996 -2 0 -7 
-1.81075 0.905372 -6.29997 -1.78885 0.894427 -7 -1.43152 1.43151 -6.29996 
-1.41421 1.41421 -7 -1.48174 -1.48173 -5.59991 -1.87427 -0.937132 -5.59992 
-2.0955 9.00543e-07 -5.59991 -1.87427 0.937135 -5.59992 -1.48174 1.48174 -5.59991 
-1.97321 -0.986608 -4.89988 -1.55996 -1.55996 -4.89988 -2.20611 6.35771e-07 -4.89989 
-1.9732 0.986602 -4.89989 -1.55996 1.55996 -4.89987 -1.65853 -1.65853 -4.19985 
-2.09788 -1.04893 -4.19988 -2.3455 2.24614e-06 -4.19987 -2.09788 1.04894 -4.19985 
-1.65852 1.65852 -4.19985 -2.23609 -1.11804 -3.49988 -1.76778 -1.76778 -3.49983 
-2.50002 -3.95955e-06 -3.49985 -2.23609 1.11804 -3.49984 -1.76777 1.76778 -3.49985 
-1.87704 -1.87704 -2.79984 -2.37428 -1.18714 -2.79984 -2.65452 9.71526e-07 -2.79985 
-2.37427 1.18714 -2.79986 -1.87703 1.87704 -2.79985 -2.49893 -1.24947 -2.09987 
-1.97558 -1.97558 -2.09989 -2.79391 5.18225e-08 -2.09987 -2.49895 1.24947 -2.09987 
-1.97559 1.97559 -2.09988 -2.0538 -2.0538 -1.39992 -2.59787 -1.29894 -1.39991 
-2.90451 5.93637e-07 -1.3999 -2.59788 1.29893 -1.39991 -2.0538 2.05381 -1.39992 
-2.10402 -2.10402 -0.699956 -2.6614 -1.3307 -0.699946 -2.97555 8.18847e-07 -0.699945 
-2.66139 1.3307 -0.699952 -2.10403 2.10403 -0.699954 -2.6833 -1.34165 4.22727e-06 
-2.12133 -2.12133 6.84291e-07 -3.00001 7.53786e-07 -2.51711e-06 -2.6833 1.34165 9.7288e-07 
-2.12132 2.12132 9.18112e-07 -2.6614 -1.3307 0.699953 -2.10402 -2.10403 0.699955 
-2.97553 -8.56768e-07 0.699962 -2.6614 1.3307 0.699954 -2.10402 2.10403 0.699965 
-2.0538 -2.0538 1.39991 -2.59788 -1.29894 1.39992 -2.90453 9.26479e-08 1.3999 
-2.59787 1.29894 1.39993 -2.0538 2.0538 1.39991 -1.97559 -1.97559 2.09987 
-2.49894 -1.24947 2.0999 -2.79391 -6.65542e-06 2.09987 -2.49896 1.24948 2.09987 
-1.97559 1.9756 2.09988 -2.37427 -1.18714 2.79991 -1.87703 -1.87704 2.79985 
-2.65452 3.39358e-06 2.79986 -2.37427 1.18714 2.79984 -1.87703 1.87703 2.79985 
-1.76777 -1.76778 3.49986 -2.23608 -1.11803 3.49988 -2.50002 1.91673e-06 3.49984 
-2.23609 1.11804 3.4998 -1.76778 1.76778 3.49987 -2.09788 -1.04894 4.19985 
-1.65852 -1.65851 4.19987 -2.3455 1.57822e-06 4.19985 -2.09789 1.04894 4.19985 
-1.65852 1.65852 4.19988 -1.55996 -1.55996 4.89987 -1.97321 -0.986603 4.89984 
-2.20612 3.11748e-06 4.89988 -1.97321 0.986603 4.89987 -1.55996 1.55995 4.89987 
-1.87429 -0.937154 5.59986 -1.48176 -1.48175 5.59987 -2.09554 9.12322e-06 5.59995 
-1.87429 0.937152 5.59989 -1.48175 1.48175 5.59987 -1.43157 -1.43157 6.29987 
-1.81079 -0.905408 6.29981 -2.02452 -3.52953e-06 6.29988 -1.8108 0.905405 6.29983 
-1.43156 1.43157 6.29986 -1.78904 -0.894521 6.99946 -1.41438 -1.41436 6.99943 
-2.00025 -1.07566e-07 6.99943 -1.78905 0.894523 6.99947 -1.41438 1.41436 6.99942 
1.81075 -0.905372 -6.29996 1.43152 -1.43152 -6.29996 1.78885 -0.894427 -7 
1.41421 -1.41421 -7 1.48173 -1.48174 -5.5999 1.87427 -0.937138 -5.59992 
1.9732 -0.986602 -4.89988 1.55995 -1.55996 -4.89987 1.65852 -1.65852 -4.19987 
2.09789 -1.04894 -4.19985 2.23607 -1.11804 -3.49986 1.76778 -1.76778 -3.49989 
1.87702 -1.87702 -2.79987 2.37428 -1.18714 -2.79987 2.49894 -1.24947 -2.09987 
1.97559 -1.97559 -2.09989 2.05381 -2.0538 -1.39992 2.59788 -1.29894 -1.39991 
2.10401 -2.10402 -0.699949 2.66141 -1.33071 -0.699948 2.68328 -1.34164 -5.28267e-07 
2.12133 -2.12132 8.30089e-06 2.66141 -1.3307 0.699947 2.10403 -2.10403 0.699953 
2.05381 -2.05381 1.39991 2.59788 -1.29895 1.39991 1.97558 -1.97558 2.09989 
2.49895 -1.24947 2.09988 2.37427 -1.18714 2.79987 1.87702 -1.87703 2.79987 
1.76778 -1.76778 3.49984 2.23608 -1.11804 3.49983 2.09789 -1.04894 4.19986 
1.65852 -1.65852 4.19984 1.55996 -1.55996 4.89989 1.97321 -0.986605 4.89985 
1.87429 -0.937141 5.59987 1.48176 -1.48176 5.59987 1.43156 -1.43156 6.29987 
1.81081 -0.905398 6.29985 1.78902 -0.894514 6.99953 1.41438 -1.41439 6.99943 
2.02447 8.83129e-07 -6.29997 2 0 -7 2.0955 1.15891e-06 -5.59992 
2.20611 -4.94322e-07 -4.89987 2.3455 8.51218e-08 -4.19985 2.50001 -1.44702e-06 -3.49985 
2.65451 1.25889e-06 -2.79986 2.79391 -1.51792e-07 -2.09989 2.90452 -1.7633e-07 -1.39991 
2.97554 -2.61753e-06 -0.699955 3 9.52945e-09 -1.84643e-06 2.97553 2.36258e-07 0.699956 
2.90453 -9.84164e-07 1.39991 2.7939 6.61536e-07 2.09988 2.65453 1.08063e-06 2.79985 
2.50001 -1.16617e-06 3.49985 2.3455 1.87227e-06 4.19984 2.20612 1.57104e-06 4.89989 
2.09552 2.053e-09 5.59991 2.02454 -4.04012e-06 6.29988 2.00024 5.1712e-06 6.99943 
1.81074 0.90537 -6.29996 1.78885 0.894427 -7 1.87427 0.937135 -5.59993 
1.97321 0.986607 -4.89989 2.09788 1.04894 -4.19985 2.23608 1.11804 -3.49984 
2.37427 1.18714 -2.79987 2.49895 1.24947 -2.09988 2.59788 1.29894 -1.39991 
2.66141 1.3307 -0.699945 2.68328 1.34164 -1.07476e-05 2.6614 1.3307 0.699953 
2.59788 1.29893 1.39992 2.49894 1.24947 2.0999 2.37426 1.18714 2.79988 
2.23609 1.11805 3.49984 2.09788 1.04895 4.19985 1.97321 0.986606 4.89987 
1.87428 0.93714 5.59988 1.8108 0.905402 6.29985 1.78904 0.894526 6.99949 
1.43152 1.43151 -6.29996 1.41421 1.41421 -7 1.48174 1.48174 -5.59991 
1.55996 1.55996 -4.89989 1.65852 1.65852 -4.19984 1.76778 1.76777 -3.49985 
1.87704 1.87704 -2.79986 1.97558 1.97559 -2.0999 2.0538 2.0538 -1.39992 
2.10402 2.10402 -0.699957 2.12133 2.12133 3.98145e-06 2.10402 2.10403 0.699958 
2.0538 2.0538 1.39992 1.97559 1.97558 2.09989 1.87704 1.87704 2.79985 
1.76778 1.76778 3.49984 1.65852 1.65852 4.19986 1.55996 1.55996 4.8999 
1.48175 1.48175 5.59988 1.43156 1.43156 6.29985 1.41438 1.41437 6.99942 
-0.905366 -1.81074 -6.29996 -0.894427 -1.78885 -7 -0.937139 -1.87427 -5.59994 
-0.986604 -1.97321 -4.89989 -1.04894 -2.09788 -4.19987 -1.11804 -2.23608 -3.49984 
-1.18713 -2.37428 -2.79985 -1.24948 -2.49895 -2.09985 -1.29894 -2.59788 -1.3999 
-1.3307 -2.6614 -0.699936 -1.34165 -2.68329 4.05662e-06 -1.3307 -2.6614 0.699947 
-1.29894 -2.59788 1.39992 -1.24947 -2.49895 2.0999 -1.18713 -2.37427 2.79988 
-1.11804 -2.23608 3.49984 -1.04894 -2.09788 4.19984 -0.986596 -1.97321 4.89985 
-0.937141 -1.87428 5.59985 -0.905416 -1.81084 6.29979 -0.894475 -1.78896 6.99958 
2.64528e-06 -2.02447 -6.29995 0 -2 -7 8.78788e-07 -2.0955 -5.5999 
1.05324e-06 -2.20611 -4.89986 -1.77351e-07 -2.3455 -4.19984 -4.39365e-06 -2.50003 -3.49984 
3.67436e-06 -2.65451 -2.79985 2.11152e-06 -2.79391 -2.09988 -2.56824e-06 -2.90451 -1.39992 
-1.43426e-06 -2.97553 -0.699953 4.79942e-07 -3.00001 -4.42375e-06 2.36911e-06 -2.97554 0.699946 
-7.23116e-07 -2.90452 1.39992 3.62786e-06 -2.7939 2.09991 1.3443e-06 -2.65453 2.79985 
3.47394e-06 -2.50001 3.49986 2.59018e-06 -2.3455 4.19986 1.83085e-06 -2.20612 4.89988 
2.72733e-06 -2.09553 5.59992 4.05029e-06 -2.02456 6.2998 -1.2624e-05 -2.00011 6.99955 
0.90537 -1.81074 -6.29995 0.894427 -1.78885 -7 0.937138 -1.87427 -5.59991 
0.986603 -1.97321 -4.89987 1.04894 -2.09788 -4.19983 1.11804 -2.23609 -3.49983 
1.18714 -2.37427 -2.79986 1.24947 -2.49894 -2.09986 1.29894 -2.59789 -1.39989 
1.3307 -2.6614 -0.699941 1.34165 -2.68329 3.60474e-06 1.33069 -2.6614 0.699951 
1.29894 -2.59788 1.39991 1.24947 -2.49895 2.09987 1.18714 -2.37428 2.79986 
1.11803 -2.23608 3.49986 1.04894 -2.09788 4.19987 0.986603 -1.97321 4.89987 
0.937152 -1.8743 5.59991 0.905394 -1.81081 6.29983 0.894475 -1.78902 6.99953 
-0.905369 1.81074 -6.29995 -0.894427 1.78885 -7 1.23687e-08 2.02447 -6.29995 
0 2 -7 0.905369 1.81074 -6.29995 0.894427 1.78885 -7 
-0.937135 1.87427 -5.59992 -5.36116e-08 2.09549 -5.59991 0.937135 1.87427 -5.59991 
-0.986606 1.97321 -4.89989 -1.92343e-06 2.20612 -4.89988 0.98661 1.97321 -4.89986 
-1.04894 2.09788 -4.19988 -1.32996e-06 2.3455 -4.19985 1.04894 2.09789 -4.19984 
-1.11804 2.23608 -3.49989 -2.62517e-06 2.50001 -3.49983 1.11804 2.23608 -3.49985 
-1.18713 2.37428 -2.79988 5.18866e-07 2.65453 -2.79984 1.18713 2.37427 -2.79988 
-1.24947 2.49894 -2.09989 -2.28543e-06 2.79391 -2.09985 1.24947 2.49894 -2.09989 
-1.29894 2.59787 -1.39992 -2.94037e-07 2.90454 -1.39988 1.29894 2.59787 -1.39993 
-1.3307 2.6614 -0.699949 1.23284e-06 2.97552 -0.69995 1.3307 2.6614 -0.699965 
-1.34165 2.68329 3.56185e-06 -1.91583e-06 3.00001 -6.21259e-06 1.34165 2.6833 -9.11895e-07 
-1.3307 2.6614 0.699955 4.27645e-06 2.97552 0.699959 1.3307 2.6614 0.699961 
-1.29894 2.59789 1.39991 9.96751e-07 2.90453 1.3999 1.29893 2.59787 1.39992 
-1.24947 2.49895 2.09989 -5.43352e-06 2.79391 2.09987 1.24947 2.49895 2.09989 
-1.18713 2.37427 2.79987 2.28231e-06 2.65451 2.79986 1.18713 2.37427 2.79987 
-1.11804 2.23608 3.49986 -1.10799e-06 2.50003 3.49982 1.11804 2.23609 3.49984 
-1.04894 2.09788 4.19986 -5.42323e-07 2.3455 4.19984 1.04894 2.09788 4.19985 
-0.98661 1.97321 4.89982 1.83285e-06 2.20612 4.89989 0.986613 1.97321 4.89987 
-0.937143 1.87429 5.59984 -1.23687e-06 2.09551 5.5999 0.937138 1.87428 5.59991 
-0.905405 1.81083 6.2998 1.06498e-05 2.02456 6.29987 0.905402 1.81082 6.29981 
-0.894512 1.78901 6.99956 -7.49447e-06 2.00023 6.99943 0.894492 1.789 6.99962 
-1 -1 -7 0 -1 -7 1 -1 -7 
-1 0 -7 0 0 -7 1 0 -7 
-1 1 -7 0 1 -7 1 1 -7 
-1.00003 -1.00004 6.99968 -1.00002 -1.12783e-05 6.99969 -1.00004 1.00004 6.99962 
-1.91398e-05 -1.00005 6.99964 -2.2067e-05 -6.28732e-06 6.99968 -1.53681e-05 1.00001 6.99959 
1.00007 -1.00007 6.99957 1.00002 6.80083e-06 6.99967 1.00005 1.00006 6.9996 
-0.325306 -0.861648 -5.86441 0.809296 -0.591628 -5.56174 0.0419384 -0.157949 -3.69029 
0.508618 0.354435 -5.8001 -0.0713924 0.493946 -4.32966 -0.589487 0.944983 -3.56421 
0.60551 -0.506242 -4.39606 -0.166341 0.263427 -3.11827 0.658814 0.680954 -3.92324 
-0.035374 -1.05437 0.182353 0.123369 -0.058943 -0.487999 -1.02148 -0.0141629 -0.467749 
-0.290637 0.0774158 0.421377 -0.981708 0.559541 1.12842 -0.495739 -0.292946 3.14203 
0.708367 0.225304 3.43531 -0.718287 0.400356 2.84821 -0.142085 0.228315 4.20245 
-0.335063 -0.0210975 1.30746 0.689741 0.641182 4.78353 -0.398465 0.986464 5.64661 
-0.292836 -0.319335 4.73819 0.584366 0.112936 4.60246 -0.368636 -1.23351 5.58477 
0.290411 0.546551 5.45396 0.801162 -0.378619 5.51074 0.510847 0.283677 -3.38316 
0.309341 -0.787321 -1.37038 0.340263 0.036911 -1.99142 0.356607 -0.289376 0.966092 
0.453394 0.491069 0.453523 0.671377 0.292704 1.53463 0.670629 -0.679153 6.51102 
1.43943 0.0698536 -2.39767 0.427818 0.607559 6.32779 -0.878663 -0.323175 -3.683 
-0.383393 0.18603 -3.67087 -0.0693022 0.309392 -3.63207 0.247484 -0.807902 -2.8784 
-0.727269 -0.0327866 -1.65616 -1.00286 -0.505802 0.679949 -0.185182 -0.828888 2.34687 
-0.758142 -0.0475102 3.94098 -0.44243 0.142728 5.08814 0.109047 0.342363 2.37671 
-0.330174 -0.616899 4.3174 0.354467 -0.611589 4.2618 0.816112 -0.471606 4.34316 
0.109853 0.0525358 5.05881 0.828025 0.245985 5.45165 1.39504 -0.49495 -3.15977 
-1.01891 -0.18225 -5.96965 -1.28536 -0.49934 -5.15889 -0.135986 -1.39515 -5.71484 
-1.44596 0.490054 -6.108 -1.32642 1.19061 -5.36022 -0.367641 1.23123 -5.95728 
-1.53518 0.579763 -5.52317 -0.665731 -1.65997 -5.25631 -1.18748 -1.08586 -4.41292 
-0.934746 1.25386 -4.97479 -1.37871 -1.40003 -3.85559 -1.50714 0.644286 -3.58866 
-1.63608 -1.22798 -2.86244 -0.806835 -1.56753 -3.52534 -1.15654 1.18758 -2.69632 
-0.827967 -1.31767 -2.60902 -1.92908 -0.532981 -2.5146 -1.80016 -0.933354 -1.67154 
-1.97324 0.286903 -1.88577 -0.990435 -1.98708 -2.11716 -2.00456 -0.0110242 -0.71898 
-1.44965 1.16993 -1.6736 -1.79354 -1.04595 -0.260821 -1.2442 -1.96436 -0.145393 
-1.02691 1.45054 -0.770055 -1.88638 0.700176 -0.0547502 -0.773938 -2.59981 0.028261 
-1.86633 -1.26579 0.581272 -1.65206 1.2765 0.444281 -0.916507 2.36204 0.200354 
-0.659774 1.39596 0.719702 -2.0282 -0.232826 1.89794 -1.80551 -0.151047 1.05503 
-1.45187 1.94585 1.14622 -1.2951 -1.48144 1.6748 -1.20953 -1.91979 0.822529 
-1.512 1.04154 2.48728 -0.810379 1.63716 1.69372 -1.30457 -0.243945 2.23867 
-1.42335 0.0473159 3.23236 -1.27903 -1.05332 3.43218 -1.57674 0.628729 3.49643 
-1.90174 1.06914 3.41498 -0.268378 -1.64434 3.7164 -1.84677 -0.315237 3.90109 
-0.590389 1.53669 3.09024 -0.507735 1.09892 4.03565 -1.48551 -0.668272 4.53785 
-1.49226 0.321691 4.28722 -1.73217 0.470499 4.82719 -0.915774 1.34116 4.58728 
-0.673225 -1.28345 4.95704 -1.5905 -0.46098 5.17467 -1.14401 -0.887294 5.21663 
-0.783743 1.53224 5.56264 -1.25579 0.774152 5.38779 -0.94953 -0.0345609 4.75872 
-1.46228 0.330695 6.29556 -0.894652 -1.42775 5.92917 -0.0103449 1.43685 6.18897 
1.18828 0.0850047 -5.96911 1.51258 0.103077 -6.24453 0.499663 -1.36265 -5.78721 
0.983111 -1.23146 -5.20108 1.29104 -0.923329 -4.58764 1.34316 -0.120598 -4.90904 
0.266469 -1.63561 -4.77635 0.379301 -1.49619 -3.87244 1.50068 0.191528 -4.13121 
1.99027 0.166771 -1.13277 0.77065 -2.61325 -0.00273677 1.65747 -1.20135 0.626479 
2.03036 0.302551 0.366806 1.43613 -0.379361 1.5325 1.18818 -1.28832 2.5572 
0.549593 -1.78806 1.58802 1.43132 -1.49522 3.15294 1.57039 -0.164715 2.86896 
1.24093 -0.955496 4.45502 1.0011 -1.16045 3.77438 0.449807 -1.19109 3.19702 
1.6331 -0.139203 4.07648 1.20057 -0.440206 4.66994 0.242079 -1.19638 5.08893 
1.31427 -1.05542 5.0139 0.529021 -1.65254 5.39832 1.85731 -0.131908 5.30412 
1.42617 -0.158162 5.49268 0.295648 -1.47776 6.0342 1.39875 -0.0694374 6.19806 
1.14955 0.675822 -4.98049 1.42897 0.870551 -3.14378 1.41904 1.09287 -1.84573 
1.62539 0.580573 3.94094 1.30629 0.434304 5.22217 0.990119 1.08214 -6.05481 
1.40632 1.20818 -4.01084 1.95691 1.09066 -0.599716 1.38299 1.24248 0.155189 
1.10818 1.3613 1.58851 1.12637 1.19922 3.53167 1.14115 0.894554 4.49588 
0.309905 1.36186 -5.98938 0.697751 1.34414 -5.17393 0.551954 1.64075 -4.31479 
0.296605 1.5453 -3.54394 0.0865552 1.87053 -1.67952 1.34891 1.55265 -0.843199 
0.209406 1.98366 -0.0473131 1.29822 1.90576 0.877625 0.0600754 1.29507 2.5264 
0.431118 1.69036 3.5555 -0.124466 -1.40586 -6.4827 -0.280697 -1.97987 -3.05367 
0.812333 -1.78022 -1.27898 -0.16859 -1.87266 2.98756 -0.110108 -1.55426 4.27381 
-0.557998 1.65881 -2.71553 0.0297022 2.46264 -1.54087 0.0297779 2.15901 1.61352 
0.340147 1.67136 4.37305 0.212787 1.06348 -5.02345 0.0129887 1.06743 -3.07179 
-0.58727 0.846266 -1.03657 0.541506 0.786674 -1.1562 0.325937 0.784359 4.11662 
-1.19709 -0.725005 5.8136 0.598592 -0.851892 4.97351 -0.982883 0.954365 -5.97834 
-0.219492 -2.04641 0.549077 1.24254 0.354106 -0.619882 -0.92735 -1.38784 4.35418 
-0.005316 0.794787 -0.220726 -1.21692 -0.792014 -0.778804 -0.916664 -0.728731 -1.42054 
1.16356 -1.21501 -2.37862 1.26524 0.221693 4.74757 -0.539488 -2.02369 -2.5379 
-0.282382 1.65964 5.33298 -0.47689 1.46003 -4.21357 -0.558096 -1.08391 3.5309 
0.799388 -1.25687 5.30899 -0.0776181 -1.85527 4.92506 -0.370109 -0.660182 -2.1495 
-1.81018 0.0763087 -3.31087 0.898389 0.904965 -5.57194 0.12054 -1.01188 -4.61096 
-0.826684 -0.947722 4.61667 -1.37879 -0.217178 -1.46716 -0.171206 1.42763 -5.24489 
-0.236788 -1.09193 4.639 0.173593 1.82107 5.48353 0.0258069 -1.84135 -2.17146 
0.571905 0.94462 -5.4027 -0.16057 0.952802 3.75501 0.0995853 1.47461 -0.658393 
0.0467438 1.29312 -1.15661 -0.169838 1.06588 -3.72604 -0.145201 -1.45834 4.63884 
-0.0709685 1.13486 5.03143 0.284008 1.19332 -4.11698 -0.124559 -1.65166 4.95877 
1.17358 -0.0130881 5.09839 0.0434622 1.14183 -0.769469 0.379984 1.34444 4.05269 
1.78172 0.993669 4.48058 0.135564 -1.30062 -1.87673 -0.0449059 1.32764 -3.96728 
-0.150991 -1.51824 4.94965 1.84707 0.403043 4.35888 -1.47396 -0.452383 -2.0986 
1.61526 0.64458 4.39167 -0.29876 -1.00039 -2.25873 -0.353205 0.84547 -4.14855 
-0.83212 0.89913 -4.48565 -0.566869 -1.51518 -2.05538 -1.86513 0.703354 -2.37591 
0.402908 1.71372 5.15872 1.60274 0.261184 4.59218 1.6735 0.203299 4.27978 
0.176948 1.67523 4.96823 1.48571 0.119355 4.93325 0.00959363 0.956646 -0.928329 
-0.182298 -1.40807 4.98006 -1.73257 1.15075 -2.49077 1.54859 0.203508 4.37174 
-0.212027 -1.3152 4.99824 1.63565 -0.0129422 4.87125 1.49945 -0.152286 4.73629 
1.37718 -0.12439 4.96798 1.80752 0.10705 4.50115 1.58637 -0.012761 4.54998 
-1.30751 0.420368 -4.86596 -1.53231 0.75067 -5.06446 -1.40331 0.952182 -4.42351 
-1.11877 1.00692 -3.91378 -1.75612 -0.980677 -3.82428 -0.763811 -1.60774 -1.299 
-1.52548 -1.4817 -1.11462 1.63867 -0.872724 -1.73966 0.844582 1.68176 4.94051 
0.498913 1.06505 4.98968 -0.803322 0.325739 -5.64712 -0.430064 -1.20846 1.31639 
-0.602773 -0.34118 2.05566 -0.960506 -0.381028 3.72585 -0.72188 0.473324 4.19382 
-1.18109 -1.30148 0.697897 1.1605 -1.79314 -0.0453577 -0.174516 1.36139 4.6057 
0.0957039 1.53585 4.70653 -0.955719 0.19523 4.29143 -1.76951 -0.0123056 -4.77232 
-0.643957 -1.03268 -1.75875 -0.425684 -1.28293 -1.88644 -1.5592 -0.289683 -4.08432 
-1.54424 -0.370638 -4.51311 -1.70323 0.101476 -4.33622 -1.8647 0.448837 -4.39499 
1.85925 -0.915123 -0.570322 0.971254 -0.547504 -0.109866 1.11532 -0.452888 -1.04648 
1.65208 0.104689 4.43447 1.64987 -0.594355 4.79536 -0.172688 1.27926 -4.64097 
1.33536 -0.642989 5.24444 1.69964 0.211425 4.44067 -1.02485 -1.4141 5.32213 
0.740253 1.45027 4.99965 
CELLS 2516 12580
4 247 268 448 521 
4 246 268 448 247 
4 378 564 329 606 
4 469 114 113 112 
4 521 268 448 484 
4 508 495 526 558 
4 349 388 374 350 
4 373 402 378 371 
4 470 355 465 149 
4 420 542 518 557 
4 397 374 402 371 
4 114 469 113 116 
4 152 496 153 174 
4 380 360 356 358 
4 355 470 465 357 
4 472 469 113 112 
4 606 582 329 633 
4 380 356 391 358 
4 525 582 585 606 
4 495 357 526 558 
4 472 420 518 557 
4 469 472 113 116 
4 419 528 389 382 
4 530 516 569 506 
4 357 507 526 558 
4 507 508 526 558 
4 256 472 113 112 
4 488 399 521 555 
4 394 363 608 439 
4 472 256 113 116 
4 355 340 338 337 
4 552 377 458 456 
4 411 533 13 409 
4 536 552 458 456 
4 495 470 465 149 
4 85 536 458 456 
4 408 533 13 411 
4 89 325 324 459 
4 402 378 377 379 
4 387 118 153 154 
4 118 387 153 404 
4 470 495 465 357 
4 478 476 363 625 
4 413 412 407 551 
4 412 467 407 551 
4 404 496 153 152 
4 8 533 13 408 
4 467 354 407 551 
4 170 495 465 149 
4 480 476 363 478 
4 613 476 363 480 
4 358 390 391 359 
4 366 384 367 372 
4 625 476 363 613 
4 539 571 381 602 
4 507 526 554 410 
4 116 540 404 472 
4 382 364 626 535 
4 288 285 510 544 
4 536 456 521 555 
4 379 402 403 376 
4 365 366 394 364 
4 390 391 356 358 
4 372 383 384 385 
4 372 366 383 363 
4 359 380 361 391 
4 122 604 624 474 
4 121 604 624 122 
4 531 462 377 397 
4 507 526 280 554 
4 377 386 348 493 
4 370 367 398 372 
4 509 286 285 510 
4 363 427 538 602 
4 346 462 377 531 
4 282 507 280 554 
4 506 530 525 569 
4 602 428 427 603 
4 509 285 282 544 
4 23 17 597 623 
4 22 23 416 623 
4 374 462 377 346 
4 325 455 564 543 
4 397 462 377 374 
4 23 597 416 623 
4 480 242 263 264 
4 358 572 565 544 
4 164 487 593 486 
4 375 379 402 377 
4 239 519 557 602 
4 389 361 356 390 
4 392 571 557 540 
4 398 385 435 504 
4 613 534 263 480 
4 372 398 395 385 
4 475 534 263 613 
4 564 455 325 614 
4 594 586 491 592 
4 242 534 263 475 
4 365 394 538 363 
4 319 516 322 321 
4 596 486 593 541 
4 597 18 23 599 
4 633 582 329 605 
4 597 17 18 598 
4 3 211 336 354 
4 395 385 478 383 
4 293 496 196 497 
4 480 534 263 242 
4 376 402 403 373 
4 384 383 364 625 
4 389 356 361 392 
4 3 336 2 354 
4 371 375 402 397 
4 506 206 633 606 
4 323 516 322 319 
4 525 516 322 323 
4 375 377 402 397 
4 476 480 263 264 
4 251 230 348 377 
4 515 516 451 559 
4 538 427 603 602 
4 195 496 196 293 
4 410 282 414 554 
4 379 403 402 378 
4 406 413 621 17 
4 3 2 211 354 
4 321 516 322 525 
4 369 400 401 376 
4 19 544 600 599 
4 369 395 368 398 
4 526 410 414 554 
4 441 446 444 451 
4 406 597 405 411 
4 451 371 378 374 
4 516 525 451 559 
4 389 413 621 406 
4 251 348 250 377 
4 239 602 557 218 
4 539 365 538 363 
4 153 387 174 496 
4 525 530 451 559 
4 369 395 398 385 
4 174 496 196 195 
4 497 496 196 174 
4 473 362 496 501 
4 87 454 82 83 
4 31 417 35 36 
4 529 535 382 497 
4 346 349 377 374 
4 412 413 471 551 
4 421 417 35 31 
4 372 395 383 385 
4 358 389 354 360 
4 307 524 513 311 
4 442 524 513 307 
4 406 389 597 416 
4 17 411 598 597 
4 361 391 390 359 
4 127 476 126 128 
4 251 250 230 377 
4 374 349 347 346 
4 380 362 360 358 
4 422 417 35 421 
4 36 417 35 422 
4 156 177 474 157 
4 397 455 371 611 
4 439 363 534 612 
4 22 17 23 623 
4 415 413 418 214 
4 365 430 425 437 
4 453 455 461 611 
4 504 524 513 442 
4 83 454 82 453 
4 389 413 418 415 
4 125 476 126 127 
4 377 493 348 249 
4 459 89 94 327 
4 43 425 48 47 
4 426 425 48 43 
4 386 349 377 348 
4 389 597 405 406 
4 549 421 389 423 
4 357 500 507 550 
4 383 384 366 372 
4 89 459 94 460 
4 365 437 427 394 
4 472 413 418 389 
4 241 242 475 240 
4 423 365 425 553 
4 422 423 425 553 
4 329 374 582 564 
4 214 413 418 472 
4 354 340 355 337 
4 346 377 348 345 
4 539 422 425 553 
4 367 537 365 528 
4 377 346 348 349 
4 311 524 513 504 
4 365 539 425 553 
4 156 157 474 624 
4 99 459 94 327 
4 419 416 389 549 
4 386 388 349 352 
4 164 491 506 586 
4 18 598 414 579 
4 598 411 414 597 
4 244 480 243 222 
4 350 349 347 374 
4 538 365 427 394 
4 176 177 474 156 
4 554 282 507 410 
4 157 124 125 624 
4 422 41 42 37 
4 459 99 94 460 
4 397 377 402 374 
4 374 378 377 402 
4 264 480 243 244 
4 599 414 19 544 
4 363 608 439 534 
4 135 483 268 138 
4 357 340 355 354 
4 477 157 474 502 
4 222 480 243 534 
4 218 557 424 602 
4 481 479 482 133 
4 392 360 356 380 
4 478 383 363 480 
4 268 483 135 484 
4 471 467 412 551 
4 154 387 174 153 
4 30 417 36 216 
4 52 427 57 55 
4 439 223 480 395 
4 371 402 378 374 
4 527 382 380 387 
4 511 529 513 560 
4 41 422 42 425 
4 399 400 395 369 
4 399 395 368 369 
4 222 223 480 439 
4 394 608 372 395 
4 352 388 350 353 
4 423 422 42 37 
4 386 351 349 348 
4 425 427 57 52 
4 386 377 378 379 
4 594 491 593 592 
4 445 536 399 552 
4 367 385 435 398 
4 422 423 42 425 
4 388 352 350 349 
4 375 379 377 399 
4 364 363 366 394 
4 561 529 560 568 
4 361 391 356 390 
4 43 423 42 37 
4 624 157 474 477 
4 357 343 344 341 
4 390 356 389 358 
4 528 561 560 568 
4 423 43 42 425 
4 384 385 435 367 
4 375 402 379 376 
4 599 18 414 579 
4 55 427 57 432 
4 357 340 343 341 
4 497 387 174 154 
4 537 528 560 568 
4 45 51 427 46 
4 116 115 473 404 
4 428 51 427 45 
4 372 394 366 363 
4 363 439 394 612 
4 361 382 380 527 
4 503 504 478 477 
4 352 351 349 386 
4 503 478 385 384 
4 502 177 474 176 
4 504 385 435 384 
4 0 4 12 405 
4 372 367 385 384 
4 0 2 1 336 
4 0 11 2 405 
4 11 0 12 405 
4 4 0 1 339 
4 1 339 5 4 
4 1 3 336 2 
4 1 336 339 0 
4 212 2 10 406 
4 2 11 10 406 
4 398 367 385 372 
4 341 338 357 340 
4 465 338 357 341 
4 2 212 210 407 
4 212 233 210 407 
4 4 5 7 339 
4 6 4 7 339 
4 12 6 13 408 
4 6 8 13 408 
4 8 6 7 342 
4 7 9 8 342 
4 7 339 342 6 
4 8 9 274 342 
4 606 525 451 614 
4 266 479 131 480 
4 8 274 273 410 
4 274 275 273 410 
4 8 273 279 410 
4 273 280 279 410 
4 16 10 11 406 
4 10 16 212 406 
4 15 11 12 406 
4 11 405 12 406 
4 355 338 357 465 
4 12 13 18 411 
4 396 611 453 616 
4 17 12 18 411 
4 134 479 131 266 
4 19 13 14 409 
4 14 279 19 409 
4 363 428 612 602 
4 15 21 16 406 
4 392 382 380 361 
4 16 213 212 412 
4 213 233 212 412 
4 16 214 213 413 
4 20 214 16 413 
4 114 115 473 116 
4 459 328 543 325 
4 340 338 357 355 
4 19 279 282 414 
4 17 622 617 623 
4 328 556 543 325 
4 529 537 513 560 
4 582 605 326 329 
4 26 214 20 415 
4 214 413 20 415 
4 152 115 473 114 
4 583 164 506 586 
4 157 177 474 502 
4 582 556 543 374 
4 23 28 27 416 
4 28 33 27 416 
4 29 28 23 416 
4 264 263 476 129 
4 507 500 508 550 
4 25 27 31 417 
4 556 582 543 325 
4 26 30 216 417 
4 30 26 31 417 
4 26 215 214 418 
4 215 236 214 418 
4 618 602 580 619 
4 548 618 580 619 
4 358 510 565 572 
4 496 153 387 404 
4 28 29 33 416 
4 29 291 34 419 
4 537 528 513 560 
4 585 582 543 374 
4 33 29 34 419 
4 480 222 439 534 
4 219 428 602 603 
4 420 389 539 548 
4 35 31 37 421 
4 31 32 37 421 
4 234 472 213 214 
4 471 472 213 234 
4 413 472 213 471 
4 33 38 37 423 
4 410 354 358 607 
4 39 33 34 419 
4 34 291 39 419 
4 35 37 41 422 
4 36 35 41 422 
4 582 585 543 325 
4 528 511 513 560 
4 214 472 213 413 
4 216 36 217 424 
4 149 470 110 111 
4 355 470 110 149 
4 43 37 38 423 
4 38 39 43 423 
4 39 44 43 426 
4 39 291 294 419 
4 39 297 44 426 
4 297 300 44 426 
4 297 39 294 419 
4 45 40 46 427 
4 40 41 46 427 
4 621 622 617 17 
4 441 367 63 442 
4 265 480 264 244 
4 47 41 42 425 
4 437 367 63 441 
4 47 41 425 46 
4 42 43 47 425 
4 131 480 264 265 
4 496 387 174 497 
4 511 522 293 510 
4 469 470 110 355 
4 44 300 49 429 
4 433 367 63 437 
4 442 367 63 433 
4 219 45 51 428 
4 50 46 52 427 
4 378 464 329 374 
4 51 46 50 427 
4 52 47 48 425 
4 48 53 52 430 
4 54 53 48 430 
4 559 515 516 530 
4 292 522 293 511 
4 529 537 560 568 
4 55 50 52 427 
4 50 55 51 427 
4 111 470 110 469 
4 404 115 473 152 
4 220 241 219 431 
4 151 473 152 172 
4 289 522 293 292 
4 58 52 53 430 
4 365 539 393 363 
4 403 388 352 187 
4 510 522 293 289 
4 377 488 566 573 
4 53 54 58 430 
4 54 59 58 433 
4 54 300 303 434 
4 300 304 303 434 
4 306 54 303 434 
4 59 54 306 435 
4 54 434 306 435 
4 114 473 152 151 
4 382 392 389 361 
4 55 60 56 432 
4 60 221 56 432 
4 61 57 62 436 
4 57 63 62 436 
4 163 486 162 137 
4 64 58 59 433 
4 59 306 64 438 
4 306 309 64 438 
4 60 65 222 439 
4 579 599 18 597 
4 60 222 221 440 
4 488 563 566 573 
4 67 66 61 436 
4 61 62 67 436 
4 498 486 162 163 
4 482 486 162 498 
4 62 63 67 436 
4 63 68 67 441 
4 68 73 67 441 
4 69 68 63 441 
4 64 69 63 441 
4 69 64 309 442 
4 64 438 309 442 
4 240 431 241 242 
4 246 267 448 268 
4 357 495 170 550 
4 137 486 162 482 
4 500 357 170 550 
4 396 461 611 616 
4 508 500 170 550 
4 495 508 170 550 
4 72 67 73 441 
4 563 456 566 573 
4 485 267 448 246 
4 484 267 448 485 
4 68 69 73 441 
4 69 315 74 441 
4 69 309 312 442 
4 315 69 312 442 
4 69 74 73 441 
4 70 76 75 445 
4 77 444 76 70 
4 77 70 72 444 
4 71 70 75 445 
4 224 71 75 445 
4 77 72 73 446 
4 72 441 73 446 
4 73 78 77 447 
4 78 83 77 447 
4 79 78 73 447 
4 79 73 74 441 
4 74 315 79 441 
4 421 389 417 549 
4 75 80 81 445 
4 75 226 225 448 
4 226 246 225 448 
4 449 444 76 77 
4 445 444 76 449 
4 71 445 65 70 
4 77 82 80 449 
4 82 77 83 446 
4 77 447 83 446 
4 78 79 83 447 
4 79 84 83 446 
4 79 315 318 450 
4 321 79 318 450 
4 84 79 321 451 
4 79 450 321 451 
4 80 86 85 452 
4 87 86 80 452 
4 87 80 82 449 
4 81 80 85 452 
4 224 445 65 71 
4 70 444 76 445 
4 82 446 83 453 
4 87 83 88 454 
4 268 267 448 484 
4 83 84 89 455 
4 321 89 84 455 
4 85 227 226 456 
4 227 248 226 456 
4 85 86 90 457 
4 86 92 90 457 
4 85 90 91 458 
4 403 187 352 494 
4 359 358 416 600 
4 228 249 227 377 
4 516 323 205 204 
4 87 88 92 454 
4 323 516 205 506 
4 88 93 92 454 
4 27 421 417 549 
4 93 89 94 460 
4 456 377 566 573 
4 365 425 427 437 
4 579 598 414 597 
4 365 528 430 367 
4 386 377 388 378 
4 505 516 205 204 
4 91 90 95 458 
4 624 122 156 124 
4 349 377 388 386 
4 374 377 388 349 
4 96 92 97 462 
4 92 98 97 462 
4 99 93 94 460 
4 392 381 571 540 
4 95 229 228 463 
4 229 249 228 463 
4 95 96 100 345 
4 95 100 101 345 
4 95 230 229 463 
4 230 250 229 463 
4 95 101 230 345 
4 96 97 100 346 
4 97 103 102 346 
4 97 102 100 346 
4 97 98 103 347 
4 99 103 98 347 
4 99 327 330 459 
4 327 328 330 459 
4 99 330 333 464 
4 330 331 333 464 
4 99 333 104 347 
4 99 104 103 347 
4 100 346 345 96 
4 103 347 346 97 
4 105 147 107 341 
4 106 105 107 338 
4 149 105 110 465 
4 105 106 110 465 
4 105 149 147 466 
4 149 168 147 466 
4 106 252 254 467 
4 252 233 254 467 
4 106 108 253 338 
4 109 106 254 468 
4 106 467 254 468 
4 106 107 108 338 
4 110 106 109 468 
4 106 253 252 467 
4 253 231 252 467 
4 107 147 148 341 
4 107 341 338 105 
4 112 110 109 468 
4 109 254 112 468 
4 110 112 111 469 
4 516 505 205 506 
4 111 150 149 470 
4 150 171 149 470 
4 114 150 111 470 
4 114 111 112 469 
4 184 505 205 204 
4 506 206 605 633 
4 378 377 388 374 
4 254 233 255 471 
4 112 255 256 472 
4 569 559 516 530 
4 329 374 556 582 
4 452 453 87 454 
4 449 453 87 452 
4 114 151 150 473 
4 151 172 150 473 
4 478 625 363 383 
4 488 521 248 547 
4 82 453 87 449 
4 115 118 152 404 
4 377 488 248 547 
4 456 377 248 547 
4 116 256 257 472 
4 258 116 257 472 
4 521 456 248 547 
4 386 490 488 546 
4 392 382 540 387 
4 118 153 152 404 
4 152 473 496 172 
4 454 453 87 82 
4 496 473 152 404 
4 366 537 365 367 
4 364 537 365 366 
4 139 532 488 546 
4 488 532 386 546 
4 386 270 490 546 
4 139 489 532 546 
4 571 548 580 619 
4 621 22 620 622 
4 386 532 489 546 
4 534 440 439 612 
4 41 422 40 36 
4 625 624 477 476 
4 122 155 154 474 
4 155 176 154 474 
4 395 372 363 608 
4 489 270 386 546 
4 488 490 139 546 
4 139 490 270 546 
4 139 270 489 546 
4 381 382 540 392 
4 427 422 40 41 
4 133 131 134 479 
4 626 474 604 382 
4 528 537 365 364 
4 598 579 18 597 
4 381 364 626 382 
4 625 364 626 381 
4 127 129 130 476 
4 595 583 574 631 
4 279 14 533 409 
4 231 407 517 211 
4 414 579 544 599 
4 389 416 406 622 
4 519 258 540 120 
4 8 14 533 279 
4 13 14 533 8 
4 363 383 395 480 
4 467 407 517 231 
4 385 478 504 369 
4 557 258 540 519 
4 160 159 130 478 
4 132 160 130 478 
4 409 14 533 13 
4 131 265 266 480 
4 265 244 266 480 
4 451 614 455 564 
4 433 58 63 64 
4 58 433 63 437 
4 354 407 517 467 
4 133 136 162 481 
4 136 137 162 481 
4 135 136 133 481 
4 133 161 160 482 
4 161 182 160 482 
4 211 407 517 354 
4 162 161 133 482 
4 613 475 534 519 
4 137 135 138 483 
4 426 423 39 33 
4 135 267 268 484 
4 136 135 137 481 
4 442 433 63 64 
4 548 539 571 381 
4 139 137 138 483 
4 137 164 163 486 
4 140 137 139 483 
4 38 39 423 33 
4 476 613 625 624 
4 441 442 63 64 
4 138 268 139 483 
4 139 268 269 488 
4 268 248 269 488 
4 139 270 142 489 
4 141 139 142 489 
4 139 269 270 490 
4 269 249 270 490 
4 139 141 140 491 
4 141 165 140 491 
4 164 140 165 491 
4 263 242 475 241 
4 622 597 406 617 
4 143 141 142 489 
4 142 270 143 489 
4 144 143 145 351 
4 143 272 146 351 
4 143 270 271 493 
4 143 146 145 351 
4 143 271 272 348 
4 166 144 145 352 
4 144 166 165 494 
4 166 187 165 494 
4 145 351 352 386 
4 145 167 166 352 
4 147 169 148 341 
4 147 168 169 344 
4 130 478 158 476 
4 240 602 239 218 
4 149 171 170 495 
4 171 192 170 495 
4 171 150 172 473 
4 602 571 580 619 
4 471 360 467 551 
4 152 173 172 496 
4 173 194 172 496 
4 564 325 585 615 
4 503 537 513 529 
4 154 175 174 497 
4 175 196 174 497 
4 416 597 406 622 
4 95 463 345 230 
4 426 419 423 581 
4 33 426 423 581 
4 604 382 540 381 
4 571 381 392 548 
4 543 459 455 564 
4 158 180 179 477 
4 489 630 141 491 
4 606 564 585 615 
4 160 181 180 482 
4 464 329 388 378 
4 339 405 340 342 
4 161 162 182 482 
4 162 183 182 498 
4 183 204 182 498 
4 184 183 162 498 
4 163 184 162 498 
4 184 163 164 486 
4 185 164 165 491 
4 208 329 388 464 
4 165 187 186 403 
4 622 597 617 623 
4 165 186 185 499 
4 186 206 185 499 
4 187 166 188 352 
4 166 167 188 352 
4 189 169 168 344 
4 169 190 344 189 
4 169 344 341 147 
4 170 192 191 500 
4 192 281 191 500 
4 189 170 191 500 
4 192 171 172 473 
4 172 193 192 501 
4 193 287 192 501 
4 194 193 172 501 
4 174 194 173 496 
4 174 195 194 496 
4 403 329 388 208 
4 603 40 422 602 
4 176 196 175 497 
4 176 177 197 502 
4 177 198 197 502 
4 176 197 196 497 
4 537 528 429 513 
4 416 597 622 623 
4 378 329 388 403 
4 501 362 496 510 
4 549 33 423 581 
4 201 180 202 504 
4 419 291 522 288 
4 491 630 141 492 
4 182 203 202 505 
4 203 182 204 505 
4 182 498 204 505 
4 183 184 204 498 
4 67 436 72 70 
4 622 406 621 617 
4 186 207 206 403 
4 207 329 206 403 
4 206 329 633 606 
4 208 187 188 353 
4 188 352 353 187 
4 188 353 209 208 
4 189 281 277 507 
4 281 280 277 507 
4 189 191 281 500 
4 189 277 278 507 
4 277 275 278 507 
4 189 278 190 344 
4 192 284 281 508 
4 284 192 287 509 
4 192 501 287 509 
4 193 194 287 501 
4 293 194 195 496 
4 194 290 287 509 
4 290 194 293 510 
4 194 496 293 510 
4 330 464 328 331 
4 196 296 293 511 
4 296 295 293 511 
4 299 296 196 511 
4 299 196 197 497 
4 143 630 141 489 
4 597 17 617 623 
4 197 198 302 512 
4 302 198 199 503 
4 199 305 302 513 
4 305 304 302 513 
4 308 305 199 513 
4 308 199 200 503 
4 200 201 308 514 
4 201 311 308 514 
4 311 201 202 504 
4 317 202 203 505 
4 202 314 311 515 
4 314 313 311 515 
4 317 314 202 515 
4 317 203 204 505 
4 204 320 317 516 
4 320 319 317 516 
4 323 320 204 516 
4 441 436 72 67 
4 205 206 323 506 
4 444 436 72 441 
4 328 464 330 459 
4 406 212 354 412 
4 235 472 236 256 
4 207 208 329 403 
4 208 209 335 353 
4 208 332 329 464 
4 332 328 329 464 
4 208 335 332 464 
4 335 331 332 464 
4 232 211 231 517 
4 70 436 72 444 
4 337 211 232 517 
4 211 337 336 354 
4 422 538 603 602 
4 213 234 233 471 
4 214 235 234 472 
4 235 256 234 472 
4 240 519 475 261 
4 214 418 236 472 
4 584 486 595 627 
4 216 237 236 518 
4 237 258 236 518 
4 17 621 406 617 
4 238 216 217 424 
4 535 364 626 625 
4 515 398 435 504 
4 239 260 238 519 
4 419 549 423 581 
4 519 604 120 540 
4 240 219 241 431 
4 220 221 241 431 
4 12 406 17 15 
4 525 606 585 615 
4 595 486 596 627 
4 463 377 228 632 
4 411 406 17 12 
4 223 224 244 395 
4 224 245 244 520 
4 245 266 244 520 
4 246 245 224 520 
4 226 247 246 448 
4 121 604 120 519 
4 247 226 248 521 
4 226 456 248 521 
4 207 208 403 186 
4 141 630 143 492 
4 232 231 253 467 
4 337 232 253 467 
4 233 234 255 471 
4 621 406 622 389 
4 575 539 389 393 
4 236 257 256 472 
4 236 258 257 472 
4 157 476 624 125 
4 410 340 354 607 
4 239 240 260 519 
4 240 241 261 475 
4 486 595 574 584 
4 241 262 261 475 
4 241 263 262 475 
4 412 413 354 406 
4 371 396 399 375 
4 245 246 266 520 
4 246 267 266 485 
4 56 432 51 55 
4 247 248 268 488 
4 249 269 248 488 
4 249 271 270 493 
4 249 250 271 348 
4 250 272 271 348 
4 250 251 272 348 
4 368 396 399 371 
4 272 348 351 386 
4 509 544 565 572 
4 274 276 275 507 
4 343 276 274 507 
4 275 276 278 507 
4 276 343 278 507 
4 98 462 93 99 
4 282 279 280 410 
4 92 462 93 98 
4 283 280 284 508 
4 280 281 284 508 
4 428 432 51 56 
4 283 284 287 509 
4 427 432 51 428 
4 286 283 287 509 
4 325 525 585 615 
4 627 486 596 590 
4 289 286 287 509 
4 287 290 289 509 
4 486 541 596 590 
4 289 292 291 522 
4 86 457 87 92 
4 289 290 293 510 
4 294 291 295 511 
4 295 291 292 522 
4 292 293 295 511 
4 297 294 295 511 
4 295 298 297 523 
4 298 301 297 523 
4 299 298 295 523 
4 295 296 299 511 
4 297 301 300 429 
4 298 299 301 523 
4 300 301 304 513 
4 301 302 304 513 
4 303 304 306 434 
4 304 307 306 435 
4 304 308 307 513 
4 308 311 307 513 
4 304 305 308 513 
4 306 307 309 442 
4 307 310 309 524 
4 310 313 309 524 
4 311 310 307 524 
4 312 309 313 524 
4 131 478 480 479 
4 310 311 313 524 
4 315 312 313 515 
4 312 524 313 515 
4 313 316 315 450 
4 316 313 317 515 
4 313 314 317 515 
4 315 316 319 516 
4 318 315 319 516 
4 316 317 319 516 
4 321 318 319 516 
4 452 457 87 86 
4 454 457 87 452 
4 319 320 323 516 
4 491 594 593 487 
4 325 321 322 525 
4 322 323 325 525 
4 621 17 22 622 
4 528 529 511 561 
4 331 334 333 350 
4 331 335 334 350 
4 92 457 87 454 
4 335 353 350 388 
4 506 525 516 569 
4 355 354 337 467 
4 472 468 255 471 
4 112 468 255 472 
4 254 468 255 112 
4 471 468 255 254 
4 344 357 341 465 
4 55 432 51 427 
4 389 354 413 406 
4 529 560 511 561 
4 374 346 347 99 
4 377 488 386 493 
4 174 152 496 173 
4 352 388 353 208 
4 511 513 429 528 
4 560 528 511 561 
4 509 565 510 572 
4 486 164 574 595 
4 355 357 360 470 
4 366 537 384 364 
4 384 535 503 477 
4 240 519 239 602 
4 607 533 405 597 
4 178 502 157 477 
4 357 410 358 526 
4 358 380 362 527 
4 155 474 156 176 
4 358 390 359 389 
4 358 359 391 380 
4 368 443 370 609 
4 503 529 512 535 
4 122 474 156 155 
4 595 631 574 584 
4 234 472 255 471 
4 461 371 396 611 
4 387 382 380 392 
4 360 470 362 473 
4 529 535 503 384 
4 364 537 384 529 
4 602 40 219 603 
4 362 473 380 360 
4 529 364 537 528 
4 578 579 562 544 
4 550 357 495 558 
4 170 357 465 495 
4 363 383 372 395 
4 583 595 596 627 
4 600 579 416 599 
4 359 579 562 578 
4 497 527 496 387 
4 256 472 255 234 
4 199 503 502 178 
4 510 527 496 497 
4 159 478 158 130 
4 362 527 496 510 
4 500 357 465 170 
4 539 422 553 575 
4 497 512 529 535 
4 602 427 612 363 
4 58 430 437 57 
4 437 430 58 433 
4 164 583 574 595 
4 525 325 455 614 
4 451 370 559 611 
4 583 590 574 631 
4 369 368 399 371 
4 398 368 369 371 
4 178 503 502 477 
4 206 506 326 323 
4 398 370 368 371 
4 472 360 389 392 
4 397 371 461 611 
4 401 400 369 485 
4 400 395 369 485 
4 500 507 344 357 
4 401 369 376 506 
4 502 535 477 503 
4 518 420 216 542 
4 400 369 399 371 
4 512 502 198 503 
4 597 416 579 599 
4 278 507 344 500 
4 198 502 512 197 
4 371 373 402 376 
4 343 507 344 278 
4 206 403 373 506 
4 357 507 344 343 
4 373 371 378 530 
4 373 403 376 506 
4 263 128 476 129 
4 399 375 396 461 
4 451 525 455 614 
4 422 424 417 420 
4 508 507 550 558 
4 375 377 397 531 
4 528 529 561 587 
4 375 402 376 371 
4 36 424 417 422 
4 401 376 400 379 
4 403 379 376 401 
4 399 379 377 532 
4 379 386 377 532 
4 388 386 378 403 
4 379 378 386 403 
4 400 379 399 532 
4 509 629 358 544 
4 216 424 417 36 
4 448 246 225 520 
4 443 395 439 609 
4 580 577 420 548 
4 225 246 224 520 
4 426 528 511 429 
4 410 358 533 607 
4 559 370 371 611 
4 562 510 358 572 
4 419 423 389 426 
4 210 407 211 2 
4 528 511 419 426 
4 482 485 369 478 
4 231 407 211 210 
4 527 529 497 511 
4 420 424 417 216 
4 476 613 624 126 
4 528 529 419 511 
4 537 528 568 587 
4 4 12 408 6 
4 12 4 408 405 
4 477 478 625 476 
4 2 407 211 354 
4 491 141 165 492 
4 607 579 414 597 
4 529 382 527 497 
4 507 357 550 558 
4 164 506 576 583 
4 395 400 399 485 
4 339 4 0 405 
4 336 339 0 2 
4 339 4 408 6 
4 342 8 6 408 
4 4 339 408 405 
4 274 8 342 533 
4 8 408 342 533 
4 342 339 408 6 
4 562 527 358 362 
4 339 342 408 405 
4 518 472 258 236 
4 346 96 97 462 
4 345 96 346 462 
4 341 105 147 466 
4 338 106 105 465 
4 105 341 338 465 
4 144 351 145 386 
4 143 351 144 386 
4 351 143 272 386 
4 348 272 143 386 
4 271 348 143 386 
4 352 166 144 494 
4 352 144 145 386 
4 344 147 168 466 
4 528 561 568 587 
4 472 236 214 235 
4 352 187 166 494 
4 168 189 344 465 
4 147 344 341 466 
4 187 353 208 352 
4 278 344 189 500 
4 335 208 353 388 
4 535 502 497 512 
4 425 538 422 539 
4 583 541 498 590 
4 141 143 144 492 
4 429 528 425 426 
4 561 529 568 587 
4 528 430 433 429 
4 504 179 180 477 
4 201 179 180 504 
4 121 260 261 519 
4 350 333 331 464 
4 529 537 568 587 
4 614 525 325 615 
4 536 399 555 521 
4 555 399 536 552 
4 99 374 346 462 
4 346 347 99 98 
4 530 559 525 569 
4 541 492 403 567 
4 478 131 482 479 
4 586 499 506 541 
4 388 208 352 187 
4 463 377 531 345 
4 427 538 394 363 
4 377 463 531 458 
4 380 358 359 527 
4 99 464 347 374 
4 528 382 419 529 
4 529 528 537 587 
4 528 425 430 429 
4 333 464 347 99 
4 164 570 184 574 
4 350 464 347 333 
4 374 464 347 350 
4 449 77 76 80 
4 95 463 531 345 
4 487 541 403 567 
4 463 95 531 458 
4 96 95 531 345 
4 445 449 76 80 
4 120 121 519 260 
4 401 379 400 532 
4 496 473 380 362 
4 453 455 374 461 
4 528 433 537 429 
4 615 564 325 614 
4 133 131 482 478 
4 379 403 386 143 
4 479 131 482 133 
4 75 445 76 80 
4 529 419 527 382 
4 492 487 403 567 
4 506 498 576 583 
4 2 339 0 405 
4 386 144 143 492 
4 386 143 271 493 
4 386 352 144 494 
4 388 335 208 464 
4 395 368 609 443 
4 355 106 338 465 
4 125 476 624 126 
4 521 532 400 399 
4 99 346 98 462 
4 346 347 98 97 
4 463 377 632 458 
4 374 461 460 453 
4 370 396 368 371 
4 532 521 400 484 
4 448 521 400 399 
4 521 448 400 484 
4 143 379 403 492 
4 403 386 143 492 
4 98 346 97 462 
4 478 133 132 160 
4 485 448 400 399 
4 433 367 430 528 
4 345 346 377 531 
4 352 386 388 403 
4 455 83 88 89 
4 374 460 455 453 
4 448 485 400 484 
4 131 133 132 478 
4 445 399 368 610 
4 396 610 461 453 
4 83 455 88 454 
4 419 359 288 522 
4 404 473 380 496 
4 455 611 397 461 
4 460 455 88 89 
4 455 460 88 454 
4 528 382 393 389 
4 548 539 420 618 
4 544 358 562 578 
4 392 571 548 577 
4 404 360 116 472 
4 253 467 338 337 
4 106 467 338 253 
4 355 467 338 106 
4 212 407 2 354 
4 210 407 233 231 
4 407 212 233 412 
4 408 13 12 411 
4 530 378 373 606 
4 337 467 338 355 
4 182 160 482 181 
4 99 460 462 93 
4 165 141 144 492 
4 425 430 365 528 
4 498 574 576 583 
4 410 274 275 507 
4 273 280 410 275 
4 164 491 586 592 
4 406 16 212 412 
4 93 460 88 89 
4 374 460 462 99 
4 461 460 462 374 
4 409 279 19 414 
4 460 93 88 454 
4 536 448 81 445 
4 454 460 92 461 
4 93 460 92 454 
4 412 16 213 413 
4 412 213 233 471 
4 226 448 81 536 
4 225 520 75 448 
4 75 448 81 226 
4 224 520 75 225 
4 445 448 81 75 
4 415 26 214 418 
4 526 629 283 414 
4 462 460 92 93 
4 557 238 239 218 
4 533 414 410 279 
4 537 435 367 384 
4 537 433 435 429 
4 417 27 31 421 
4 461 460 92 462 
4 238 557 239 519 
4 124 125 624 126 
4 420 392 548 577 
4 433 537 367 528 
4 31 27 32 421 
4 551 467 354 360 
4 416 29 33 419 
4 419 29 291 288 
4 472 360 471 551 
4 527 529 522 419 
4 421 37 35 422 
4 491 499 506 586 
4 32 33 37 423 
4 389 360 472 551 
4 373 506 530 525 
4 570 498 184 574 
4 443 441 437 436 
4 557 392 472 420 
4 430 437 367 433 
4 476 478 158 477 
4 435 442 515 504 
4 423 39 43 426 
4 426 44 43 48 
4 420 392 472 389 
4 294 419 291 522 
4 426 39 297 419 
4 526 629 509 283 
4 426 297 300 429 
4 419 294 297 511 
4 527 380 361 359 
4 470 360 358 357 
4 570 498 574 576 
4 47 52 46 425 
4 426 528 423 393 
4 48 44 49 429 
4 429 300 49 54 
4 336 2 405 339 
4 2 336 405 354 
4 425 48 52 430 
4 358 579 414 607 
4 559 516 525 569 
4 426 423 389 393 
4 360 470 358 362 
4 337 336 405 339 
4 505 482 498 369 
4 182 482 498 505 
4 430 58 52 57 
4 95 91 463 228 
4 58 63 57 437 
4 432 57 55 61 
4 430 54 58 433 
4 433 54 59 435 
4 435 306 59 438 
4 60 55 61 432 
4 336 337 405 354 
4 340 337 405 339 
4 432 60 221 440 
4 436 57 63 437 
4 416 359 288 419 
4 337 340 405 354 
4 438 306 309 442 
4 266 481 134 479 
4 439 60 65 61 
4 439 222 60 440 
4 135 481 134 266 
4 133 481 134 135 
4 436 63 67 441 
4 426 389 528 393 
4 441 64 69 442 
4 164 570 574 576 
4 22 416 620 622 
4 388 464 350 335 
4 479 481 134 133 
4 403 487 506 541 
4 441 69 315 442 
4 116 473 360 404 
4 442 309 312 524 
4 442 312 315 515 
4 458 91 463 95 
4 495 470 358 357 
4 444 72 77 446 
4 498 486 184 574 
4 77 73 447 446 
4 447 73 79 441 
4 441 315 79 450 
4 374 464 350 388 
4 445 80 81 452 
4 420 580 557 571 
4 360 473 116 469 
4 179 503 201 200 
4 456 377 547 566 
4 504 503 201 179 
4 449 77 82 446 
4 447 79 83 446 
4 446 79 84 451 
4 446 84 83 455 
4 450 318 321 516 
4 451 321 84 455 
4 452 86 85 457 
4 452 80 87 449 
4 196 293 497 511 
4 373 378 403 206 
4 226 536 81 85 
4 403 378 373 402 
4 470 495 358 362 
4 526 495 358 357 
4 456 226 85 536 
4 248 456 227 377 
4 457 90 85 458 
4 452 536 81 445 
4 528 393 365 553 
4 433 435 367 537 
4 632 91 463 458 
4 228 91 463 632 
4 227 377 249 248 
4 377 228 249 463 
4 495 526 358 362 
4 558 508 495 550 
4 444 70 436 443 
4 116 472 557 540 
4 529 522 511 527 
4 85 536 81 452 
4 519 381 604 540 
4 486 164 184 574 
4 360 473 380 404 
4 563 456 547 566 
4 224 439 445 395 
4 65 439 445 224 
4 459 330 99 464 
4 198 199 502 177 
4 110 149 465 355 
4 465 149 105 466 
4 110 465 106 355 
4 466 149 168 465 
4 254 467 233 412 
4 468 110 106 355 
4 443 441 367 437 
4 571 580 548 577 
4 468 112 110 469 
4 425 365 538 539 
4 425 365 427 538 
4 514 503 201 504 
4 470 171 149 495 
4 111 114 470 469 
4 470 114 150 473 
4 583 506 498 541 
4 200 503 201 514 
4 488 563 547 566 
4 254 233 471 412 
4 377 488 547 566 
4 543 459 464 328 
4 204 184 505 498 
4 459 543 464 374 
4 515 367 442 435 
4 406 2 354 212 
4 372 395 398 609 
4 528 423 393 553 
4 556 543 464 328 
4 557 258 116 540 
4 389 359 416 419 
4 543 556 464 374 
4 528 365 423 553 
4 487 486 506 541 
4 474 497 502 176 
4 520 485 480 395 
4 486 498 506 541 
4 329 556 464 328 
4 266 485 480 520 
4 604 381 519 626 
4 479 485 480 266 
4 160 159 478 180 
4 579 389 416 597 
4 556 329 464 374 
4 502 497 474 535 
4 164 491 592 593 
4 579 416 358 600 
4 395 485 480 479 
4 373 530 369 371 
4 457 531 90 458 
4 486 541 487 593 
4 96 531 90 457 
4 127 476 128 129 
4 491 487 492 594 
4 95 531 90 96 
4 506 530 369 373 
4 420 577 580 571 
4 363 372 394 608 
4 127 476 158 157 
4 423 389 549 419 
4 499 492 403 541 
4 371 375 397 461 
4 228 85 91 632 
4 632 85 91 458 
4 130 476 158 127 
4 458 531 90 95 
4 481 162 133 482 
4 162 481 137 482 
4 356 361 380 391 
4 631 590 574 584 
4 483 137 135 484 
4 544 358 509 565 
4 371 396 375 461 
4 481 135 137 484 
4 486 137 164 487 
4 453 452 449 445 
4 282 414 283 629 
4 282 629 283 509 
4 461 452 454 453 
4 483 268 139 489 
4 488 269 139 490 
4 489 141 139 491 
4 490 249 270 493 
4 269 249 490 488 
4 374 451 371 455 
4 492 144 165 494 
4 445 368 395 443 
4 629 282 414 544 
4 489 270 143 386 
4 493 143 270 386 
4 187 165 494 492 
4 170 168 149 465 
4 474 502 535 477 
4 189 168 170 465 
4 419 527 361 359 
4 170 495 192 508 
4 435 442 433 367 
4 410 533 340 607 
4 473 171 150 470 
4 511 293 497 510 
4 380 361 356 392 
4 474 624 626 604 
4 445 453 444 449 
4 433 513 54 435 
4 429 513 433 435 
4 548 571 539 618 
4 381 382 393 364 
4 584 590 574 498 
4 216 26 418 215 
4 419 522 511 529 
4 25 26 417 31 
4 417 26 25 415 
4 482 160 478 180 
4 444 368 396 610 
4 487 401 403 376 
4 482 162 182 498 
4 498 163 184 486 
4 405 389 607 597 
4 403 186 165 499 
4 403 165 187 492 
4 509 282 629 544 
4 499 186 206 403 
4 500 170 192 508 
4 192 281 500 508 
4 473 172 192 501 
4 418 26 216 417 
4 358 389 360 356 
4 399 488 377 555 
4 502 197 176 497 
4 180 478 504 477 
4 221 428 56 432 
4 459 455 89 325 
4 371 530 515 559 
4 51 428 220 219 
4 51 428 56 221 
4 476 157 477 158 
4 371 378 530 451 
4 527 419 361 382 
4 487 567 492 594 
4 507 189 281 500 
4 507 281 280 508 
4 567 541 492 594 
4 508 192 284 509 
4 501 194 287 509 
4 221 428 220 51 
4 509 194 290 510 
4 541 583 506 586 
4 511 196 299 497 
4 371 397 374 455 
4 299 197 302 512 
4 389 419 361 359 
4 586 492 499 541 
4 299 302 301 513 
4 512 198 302 503 
4 596 593 583 541 
4 503 199 302 513 
4 513 199 308 503 
4 503 200 308 514 
4 514 311 308 513 
4 201 311 514 504 
4 311 513 514 504 
4 504 202 311 515 
4 632 227 85 456 
4 451 444 370 611 
4 505 317 202 515 
4 311 515 313 524 
4 505 204 317 516 
4 551 472 413 471 
4 394 612 427 363 
4 431 428 220 221 
4 477 157 476 624 
4 469 473 116 114 
4 443 370 444 368 
4 395 70 443 439 
4 219 428 220 431 
4 498 590 574 583 
4 22 416 622 623 
4 491 492 499 586 
4 517 231 232 467 
4 517 337 211 354 
4 543 374 459 564 
4 156 122 624 474 
4 437 439 432 612 
4 123 624 121 519 
4 222 440 431 221 
4 385 384 504 503 
4 242 222 431 221 
4 360 467 468 471 
4 506 369 505 498 
4 241 242 431 221 
4 527 496 380 362 
4 462 397 531 461 
4 377 488 573 588 
4 451 374 378 564 
4 428 219 240 431 
4 488 555 573 588 
4 555 456 573 588 
4 389 551 472 413 
4 573 488 563 555 
4 395 224 244 520 
4 487 541 567 594 
4 510 293 497 496 
4 458 452 457 461 
4 521 248 247 488 
4 247 226 521 448 
4 367 442 370 515 
4 478 385 504 503 
4 369 371 376 373 
4 432 427 437 394 
4 400 371 376 369 
4 520 246 266 485 
4 487 403 506 376 
4 268 247 488 521 
4 488 248 249 377 
4 343 507 274 410 
4 282 410 280 507 
4 508 284 283 509 
4 370 444 396 611 
4 124 126 624 123 
4 506 605 525 633 
4 532 483 487 492 
4 367 441 370 442 
4 509 290 289 510 
4 288 289 291 522 
4 423 422 421 575 
4 534 428 240 431 
4 511 294 291 522 
4 511 291 295 522 
4 292 295 522 511 
4 511 295 297 523 
4 297 523 301 511 
4 295 299 523 511 
4 429 297 301 511 
4 429 301 300 513 
4 523 299 301 511 
4 513 304 300 434 
4 434 304 306 435 
4 435 304 307 513 
4 435 307 306 442 
4 389 423 421 575 
4 364 528 393 365 
4 442 307 309 524 
4 382 528 393 364 
4 377 227 632 456 
4 515 313 315 450 
4 450 313 316 515 
4 450 316 315 516 
4 515 317 316 516 
4 516 318 315 450 
4 571 392 420 577 
4 67 436 70 66 
4 483 532 487 401 
4 420 392 571 557 
4 428 40 427 603 
4 350 331 335 464 
4 467 355 354 360 
4 354 337 467 517 
4 370 441 515 442 
4 379 532 487 492 
4 206 205 184 570 
4 206 205 570 506 
4 341 344 465 466 
4 465 344 357 500 
4 421 549 32 423 
4 505 184 205 570 
4 441 370 443 367 
4 27 549 32 421 
4 470 360 355 469 
4 371 370 396 611 
4 457 90 96 92 
4 33 549 32 27 
4 423 549 32 33 
4 428 219 40 603 
4 380 387 392 404 
4 158 180 478 159 
4 526 629 358 509 
4 503 179 199 200 
4 218 424 36 602 
4 505 570 205 506 
4 580 548 420 618 
4 602 580 420 618 
4 531 457 96 92 
4 456 377 573 588 
4 370 441 451 515 
4 419 389 361 382 
4 570 506 505 498 
4 378 451 564 606 
4 443 439 394 609 
4 24 29 416 600 
4 414 629 358 526 
4 519 123 624 613 
4 21 413 415 20 
4 562 578 358 359 
4 443 444 370 441 
4 181 180 504 202 
4 549 25 21 601 
4 519 624 626 625 
4 532 379 487 401 
4 539 602 420 618 
4 608 439 395 394 
4 21 16 413 20 
4 413 16 21 406 
4 345 531 96 92 
4 180 181 504 482 
4 370 444 451 441 
4 453 455 454 460 
4 418 472 518 236 
4 472 418 518 420 
4 403 379 487 492 
4 383 385 478 384 
4 379 403 487 401 
4 461 375 397 531 
4 215 418 518 236 
4 532 379 386 489 
4 544 629 358 414 
4 182 181 504 202 
4 573 563 456 555 
4 506 401 486 487 
4 181 182 504 482 
4 505 182 504 202 
4 454 461 453 460 
4 620 389 413 621 
4 182 505 504 482 
4 216 215 518 236 
4 462 346 345 531 
4 466 341 105 465 
4 542 216 424 420 
4 168 344 466 465 
4 216 542 424 238 
4 580 542 424 420 
4 375 458 399 377 
4 85 228 227 632 
4 465 189 344 500 
4 33 419 549 416 
4 525 451 530 606 
4 389 21 415 601 
4 451 559 530 371 
4 343 357 507 410 
4 371 451 559 611 
4 374 397 462 461 
4 388 464 378 374 
4 395 479 480 478 
4 630 143 379 489 
4 164 506 570 576 
4 184 570 505 498 
4 453 451 455 611 
4 504 478 180 482 
4 401 483 486 487 
4 562 544 510 572 
4 177 502 178 199 
4 416 19 24 600 
4 518 418 216 420 
4 222 480 223 244 
4 126 613 263 476 
4 215 418 216 518 
4 143 386 379 489 
4 492 386 144 494 
4 467 106 355 468 
4 374 99 464 459 
4 632 228 227 377 
4 387 496 380 527 
4 528 389 426 419 
4 478 180 158 477 
4 443 372 370 609 
4 420 418 216 417 
4 244 480 223 395 
4 632 85 458 456 
4 403 352 386 494 
4 329 378 206 403 
4 377 632 458 456 
4 345 92 96 462 
4 360 355 354 357 
4 506 498 570 576 
4 541 586 492 594 
4 530 506 369 516 
4 445 453 452 461 
4 407 233 231 467 
4 498 506 369 486 
4 275 280 410 507 
4 422 37 423 421 
4 463 250 229 249 
4 522 527 288 510 
4 453 444 451 611 
4 355 468 110 469 
4 467 231 252 233 
4 359 527 288 522 
4 443 444 445 368 
4 268 139 489 532 
4 386 270 493 490 
4 22 620 413 621 
4 571 602 539 618 
4 574 164 576 583 
4 277 275 507 280 
4 461 531 462 457 
4 464 331 332 328 
4 416 23 19 599 
4 370 515 451 559 
4 478 131 130 132 
4 609 395 439 394 
4 534 613 363 480 
4 439 445 395 70 
4 17 22 413 621 
4 396 444 610 453 
4 131 129 478 130 
4 501 496 194 510 
4 172 496 194 501 
4 395 478 385 369 
4 482 479 485 478 
4 416 389 620 622 
4 435 513 442 504 
4 370 371 515 559 
4 513 434 54 435 
4 377 249 348 250 
4 488 377 386 532 
4 564 451 374 455 
4 459 374 99 460 
4 462 345 92 531 
4 532 268 139 488 
4 604 624 519 121 
4 586 491 492 594 
4 436 437 443 439 
4 372 398 370 609 
4 432 439 440 612 
4 123 126 624 613 
4 326 605 525 506 
4 505 506 516 369 
4 516 515 505 369 
4 26 415 21 25 
4 20 415 21 26 
4 363 381 602 539 
4 535 382 474 626 
4 487 506 401 376 
4 453 461 445 610 
4 537 513 384 503 
4 479 266 481 485 
4 463 249 377 250 
4 421 32 37 423 
4 509 510 544 572 
4 377 552 399 555 
4 593 164 491 487 
4 267 266 481 135 
4 266 267 481 485 
4 484 267 481 135 
4 429 44 300 426 
4 513 511 299 529 
4 427 46 52 425 
4 49 54 48 429 
4 583 164 592 593 
4 630 491 628 492 
4 267 484 481 485 
4 325 556 326 328 
4 458 552 399 377 
4 513 299 512 529 
4 435 513 384 537 
4 511 510 527 522 
4 438 442 64 433 
4 428 432 440 612 
4 446 444 453 449 
4 453 444 446 451 
4 72 444 441 446 
4 506 499 403 541 
4 499 185 506 206 
4 527 510 511 497 
4 451 450 321 516 
4 451 79 450 441 
4 453 446 83 455 
4 82 446 453 449 
4 519 624 604 626 
4 15 11 406 16 
4 428 440 431 534 
4 499 491 165 492 
4 467 254 468 471 
4 565 358 509 362 
4 503 179 178 199 
4 476 613 263 480 
4 480 264 476 129 
4 597 17 406 617 
4 540 404 118 116 
4 192 495 473 509 
4 519 475 534 240 
4 377 250 230 463 
4 230 345 348 377 
4 483 487 137 486 
4 481 482 479 484 
4 542 424 557 580 
4 551 407 389 354 
4 364 384 366 383 
4 46 427 41 425 
4 389 549 416 21 
4 556 329 326 328 
4 624 124 121 122 
4 118 404 540 387 
4 461 458 375 531 
4 399 458 375 461 
4 507 278 189 500 
4 536 552 452 458 
4 509 192 501 473 
4 445 552 452 536 
4 428 427 432 612 
4 564 585 374 582 
4 232 337 517 467 
4 282 554 283 414 
4 414 554 283 526 
4 407 413 389 354 
4 358 578 544 579 
4 471 472 468 360 
4 472 469 468 360 
4 521 226 456 536 
4 485 369 484 482 
4 377 249 488 493 
4 445 368 444 610 
4 413 22 21 620 
4 312 524 515 442 
4 354 389 405 406 
4 583 164 586 592 
4 602 519 571 381 
4 506 373 369 376 
4 531 458 375 377 
4 452 85 458 457 
4 387 527 382 497 
4 404 496 380 387 
4 604 382 381 626 
4 374 455 459 564 
4 358 414 410 533 
4 360 470 473 469 
4 439 437 443 394 
4 501 496 473 172 
4 458 85 452 536 
4 371 376 399 400 
4 130 129 478 476 
4 399 532 377 488 
4 375 376 399 371 
4 506 185 499 491 
4 539 553 365 393 
4 379 376 399 375 
4 342 533 408 405 
4 369 401 484 482 
4 238 424 557 542 
4 526 554 283 280 
4 579 358 359 600 
4 230 463 345 377 
4 123 261 519 121 
4 489 491 628 630 
4 280 554 283 282 
4 452 454 457 461 
4 557 519 571 602 
4 400 376 399 379 
4 389 413 21 620 
4 416 389 21 620 
4 441 442 450 515 
4 540 519 571 557 
4 323 525 326 325 
4 551 413 389 407 
4 354 212 407 412 
4 233 407 412 467 
4 411 12 408 405 
4 438 433 435 442 
4 123 613 261 126 
4 430 54 433 429 
4 485 479 395 478 
4 359 544 527 562 
4 412 406 16 413 
4 519 613 261 123 
4 411 406 12 405 
4 506 525 326 323 
4 430 57 425 437 
4 393 539 548 381 
4 429 513 54 433 
4 213 412 413 471 
4 389 359 361 390 
4 418 415 26 417 
4 504 513 384 435 
4 571 580 557 602 
4 199 502 503 198 
4 475 613 261 519 
4 472 392 557 540 
4 448 485 246 520 
4 381 519 571 540 
4 419 416 29 288 
4 184 185 570 164 
4 164 185 570 506 
4 527 544 359 288 
4 389 417 549 25 
4 422 425 41 427 
4 22 416 21 620 
4 354 412 407 413 
4 425 423 43 426 
4 223 224 439 65 
4 369 485 395 478 
4 48 426 44 429 
4 522 294 419 511 
4 224 223 439 395 
4 426 419 297 511 
4 585 582 564 606 
4 429 426 297 511 
4 539 393 548 389 
4 31 417 36 30 
4 416 549 33 27 
4 54 429 300 513 
4 52 425 430 57 
4 430 425 48 429 
4 630 628 483 492 
4 54 430 48 429 
4 222 223 439 65 
4 405 533 408 411 
4 420 389 417 421 
4 422 420 417 421 
4 398 371 369 530 
4 575 423 422 553 
4 474 624 535 626 
4 59 433 435 438 
4 442 524 515 504 
4 438 435 306 442 
4 432 61 60 439 
4 436 61 57 437 
4 370 372 443 367 
4 221 432 440 428 
4 437 63 436 441 
4 489 628 483 630 
4 383 625 384 478 
4 414 411 533 597 
4 19 409 18 13 
4 360 551 389 354 
4 60 439 440 432 
4 358 389 359 416 
4 158 157 477 179 
4 479 485 481 484 
4 604 474 387 382 
4 387 382 540 604 
4 520 485 395 448 
4 428 612 534 363 
4 442 315 441 450 
4 565 510 358 362 
4 315 442 515 450 
4 549 419 33 589 
4 414 409 18 19 
4 444 445 70 443 
4 446 77 444 449 
4 492 630 532 483 
4 446 73 447 441 
4 79 447 441 446 
4 377 552 555 456 
4 503 502 535 512 
4 452 445 80 449 
4 411 409 18 414 
4 543 585 374 564 
4 387 474 497 382 
4 527 522 359 419 
4 84 446 451 455 
4 451 446 79 441 
4 455 451 371 611 
4 457 531 458 461 
4 13 409 18 411 
4 460 459 455 89 
4 454 453 83 455 
4 583 595 164 596 
4 457 454 92 461 
4 456 555 536 552 
4 557 580 424 602 
4 503 513 384 504 
4 455 459 460 374 
4 380 404 392 360 
4 453 446 455 451 
4 462 92 461 457 
4 488 555 521 563 
4 441 450 451 515 
4 412 254 467 471 
4 516 451 450 515 
4 469 468 112 472 
4 539 363 538 602 
4 491 165 185 499 
4 495 470 171 473 
4 547 488 521 563 
4 274 410 342 343 
4 367 398 515 370 
4 515 398 367 435 
4 8 410 533 274 
4 357 358 410 354 
4 533 410 342 274 
4 456 547 521 563 
4 422 539 538 602 
4 419 549 581 589 
4 263 613 262 475 
4 436 441 444 443 
4 384 364 529 535 
4 154 387 474 497 
4 498 486 574 584 
4 491 506 185 164 
4 549 33 581 589 
4 580 420 424 602 
4 387 392 404 540 
4 420 422 424 602 
4 420 539 422 602 
4 409 411 533 414 
4 360 392 356 389 
4 607 414 533 597 
4 555 456 521 563 
4 383 625 363 364 
4 451 378 530 606 
4 359 600 544 579 
4 157 179 178 477 
4 477 624 535 474 
4 429 425 48 426 
4 528 425 423 365 
4 126 613 262 263 
4 405 533 411 597 
4 423 425 528 426 
4 33 426 581 589 
4 382 497 535 474 
4 133 160 478 482 
4 354 358 360 357 
4 482 481 137 484 
4 185 570 206 184 
4 368 395 399 445 
4 483 137 484 482 
4 483 484 268 532 
4 506 570 206 185 
4 137 486 482 483 
4 389 579 607 597 
4 368 396 370 444 
4 489 483 268 532 
4 493 490 249 488 
4 615 525 606 614 
4 487 628 164 491 
4 628 140 164 491 
4 494 187 492 403 
4 506 401 369 486 
4 170 189 465 500 
4 206 329 605 633 
4 495 171 192 473 
4 529 537 384 503 
4 509 501 362 473 
4 452 399 445 461 
4 364 366 363 383 
4 537 435 513 429 
4 137 483 628 487 
4 383 395 480 478 
4 363 519 613 534 
4 404 540 392 472 
4 499 165 403 492 
4 399 448 545 395 
4 499 403 206 506 
4 508 281 500 507 
4 137 483 140 628 
4 164 137 628 487 
4 497 502 197 512 
4 477 384 535 625 
4 428 534 602 363 
4 625 624 535 477 
4 364 382 529 535 
4 377 488 456 555 
4 509 501 194 510 
4 534 439 480 608 
4 240 534 602 428 
4 299 497 197 512 
4 512 302 299 513 
4 511 299 301 513 
4 302 512 503 513 
4 381 625 519 626 
4 308 503 514 513 
4 544 600 359 288 
4 515 504 202 505 
4 590 596 583 541 
4 524 311 515 504 
4 317 505 516 515 
4 154 474 604 122 
4 506 323 516 525 
4 504 513 514 503 
4 575 389 420 421 
4 497 512 299 529 
4 389 575 420 539 
4 398 369 504 515 
4 511 497 299 529 
4 422 575 420 421 
4 575 422 420 539 
4 164 137 140 628 
4 510 501 362 509 
4 580 420 557 542 
4 399 461 396 610 
4 628 483 139 489 
4 368 399 396 610 
4 448 226 521 536 
4 358 562 572 544 
4 519 534 602 240 
4 553 423 393 575 
4 521 488 268 532 
4 348 271 249 493 
4 363 534 602 519 
4 591 488 555 456 
4 488 591 377 456 
4 495 192 508 509 
4 522 288 289 510 
4 176 154 497 175 
4 364 363 381 625 
4 440 612 534 428 
4 301 429 511 513 
4 434 300 513 54 
4 539 553 393 575 
4 435 434 304 513 
4 513 307 435 442 
4 608 363 480 534 
4 395 363 480 608 
4 261 613 262 126 
4 503 179 504 477 
4 316 450 515 516 
4 525 321 516 451 
4 590 631 627 584 
4 497 154 176 474 
4 360 467 355 468 
4 626 624 535 625 
4 384 367 537 366 
4 474 154 604 387 
4 444 453 445 610 
4 583 631 627 590 
4 480 439 395 608 
4 401 482 486 483 
4 599 600 579 544 
4 528 364 382 529 
4 477 625 478 384 
4 612 437 439 394 
4 216 542 237 518 
4 475 613 262 261 
4 423 389 393 575 
4 616 453 461 611 
4 119 154 604 122 
4 399 552 458 452 
4 358 526 410 414 
4 426 419 581 589 
4 238 542 237 216 
4 578 579 358 359 
4 579 358 354 607 
4 445 545 448 395 
4 399 458 461 452 
4 622 17 22 623 
4 486 482 401 369 
4 510 362 527 562 
4 544 510 527 562 
4 348 271 493 386 
4 394 437 432 612 
4 456 377 588 591 
4 492 403 386 494 
4 583 596 590 627 
4 595 631 627 583 
4 533 279 409 414 
4 469 355 468 360 
4 493 386 490 488 
4 599 19 416 600 
4 515 371 398 530 
4 368 370 398 609 
4 157 476 125 127 
4 555 456 588 591 
4 23 416 597 599 
4 531 92 462 457 
4 399 545 445 395 
4 419 426 39 589 
4 593 583 164 596 
4 382 393 548 381 
4 433 64 438 59 
4 224 445 520 395 
4 75 445 520 224 
4 426 33 39 589 
4 504 515 369 505 
4 399 545 448 445 
4 358 562 359 527 
4 33 419 39 589 
4 488 555 588 591 
4 504 482 369 478 
4 126 476 263 128 
4 187 403 208 186 
4 377 488 588 591 
4 525 530 373 606 
4 486 584 498 590 
4 208 403 187 388 
4 526 362 495 508 
4 526 357 410 507 
4 486 593 164 596 
4 399 532 488 521 
4 448 445 520 75 
4 399 445 552 452 
4 395 445 520 448 
4 461 399 445 610 
4 367 443 437 394 
4 372 394 367 366 
4 469 114 470 473 
4 630 489 532 483 
4 532 484 268 521 
4 584 631 627 595 
4 427 425 538 422 
4 484 401 483 482 
4 120 119 604 122 
4 264 129 480 131 
4 389 354 405 607 
4 124 157 156 624 
4 240 475 534 242 
4 367 394 372 443 
4 362 470 495 473 
4 536 399 448 445 
4 393 382 548 389 
4 548 420 389 392 
4 509 473 362 495 
4 364 363 393 381 
4 562 510 362 358 
4 354 389 358 579 
4 369 505 482 504 
4 484 485 401 369 
4 392 382 548 381 
4 526 362 508 509 
4 508 362 495 509 
4 508 526 280 507 
4 401 532 484 483 
4 405 406 2 354 
4 565 509 510 362 
4 399 448 521 536 
4 282 279 410 414 
4 418 389 417 420 
4 358 509 362 526 
4 491 628 139 489 
4 541 594 593 586 
4 389 418 472 420 
4 398 371 515 370 
4 512 529 503 513 
4 389 417 415 418 
4 382 392 548 389 
4 541 486 498 590 
4 410 533 279 8 
4 283 509 526 508 
4 379 532 492 630 
4 379 532 630 489 
4 535 384 364 625 
4 369 482 498 486 
4 11 406 2 405 
4 478 480 476 129 
4 400 484 485 401 
4 515 530 369 516 
4 480 244 520 395 
4 595 486 164 596 
4 520 244 480 266 
4 484 400 532 401 
4 526 283 508 280 
4 15 21 406 17 
4 395 448 485 399 
4 17 18 23 597 
4 17 22 21 413 
4 17 411 18 598 
4 411 414 18 598 
4 406 411 17 597 
4 18 414 19 599 
4 23 18 19 599 
4 285 19 282 544 
4 19 414 282 544 
4 24 19 285 600 
4 19 544 285 600 
4 19 24 23 416 
4 21 415 413 389 
4 21 22 27 416 
4 406 21 413 17 
4 21 25 415 601 
4 25 417 415 601 
4 25 21 27 549 
4 22 23 27 416 
4 23 29 416 24 
4 29 24 285 600 
4 25 27 417 549 
4 27 416 549 21 
4 288 416 29 600 
4 29 285 288 600 
4 218 36 40 602 
4 36 422 40 602 
4 424 36 217 218 
4 424 422 36 602 
4 40 422 427 603 
4 422 538 427 603 
4 40 45 219 428 
4 40 427 45 428 
4 40 219 218 602 
4 219 240 218 602 
4 427 425 57 437 
4 432 57 61 437 
4 57 432 427 437 
4 439 432 61 437 
4 436 61 437 439 
4 66 61 436 439 
4 61 66 65 439 
4 439 65 445 70 
4 65 66 70 439 
4 66 436 70 439 
4 70 443 445 395 
4 443 70 436 439 
4 324 327 89 459 
4 89 455 321 325 
4 395 368 398 609 
4 115 404 116 118 
4 121 624 123 124 
4 258 116 472 557 
4 116 117 118 540 
4 117 120 118 540 
4 492 143 379 630 
4 258 117 116 540 
4 116 469 472 360 
4 117 258 120 540 
4 404 392 360 472 
4 613 625 624 519 
4 620 621 622 389 
4 120 258 259 519 
4 258 238 259 519 
4 359 562 579 544 
4 260 120 259 519 
4 483 139 140 628 
4 367 437 430 365 
4 544 510 509 285 
4 582 605 525 326 
4 25 389 417 601 
4 369 530 515 398 
4 243 480 242 534 
4 615 606 564 614 
4 549 389 25 601 
4 584 590 486 627 
4 612 427 432 394 
4 602 427 428 612 
4 264 480 242 243 
4 363 602 381 519 
4 487 594 593 541 
4 393 539 381 363 
4 619 602 571 618 
4 416 358 389 579 
4 579 544 358 414 
4 118 604 540 120 
4 628 139 140 491 
4 394 365 367 366 
4 625 519 363 381 
4 157 178 177 502 
4 387 604 540 118 
4 503 179 477 178 
4 613 519 363 625 
4 395 609 372 394 
4 367 365 394 437 
4 396 611 444 453 
4 506 206 326 605 
4 206 329 326 605 
4 378 206 373 606 
4 206 506 373 606 
4 329 206 378 606 
4 217 238 424 218 
4 414 533 358 607 
4 477 478 503 384 
4 428 240 219 602 
4 221 428 440 431 
4 525 373 506 606 
4 618 548 571 619 
4 365 364 363 393 
4 242 222 243 534 
4 431 440 222 534 
4 440 439 222 534 
4 363 364 365 394 
4 431 222 242 534 
4 237 238 258 557 
4 238 519 258 557 
4 237 518 542 557 
4 237 542 238 557 
4 518 237 258 557 
4 544 288 285 600 
4 238 260 259 519 
4 557 424 238 218 
4 21 389 549 601 
4 240 261 260 519 
4 609 443 372 394 
4 240 534 431 242 
4 579 354 389 607 
4 131 129 480 478 
4 374 455 397 461 
4 398 385 504 369 
4 564 606 451 614 
4 119 604 118 120 
4 121 120 604 122 
4 154 604 118 119 
4 472 518 258 557 
4 389 415 417 601 
4 396 453 461 616 
4 479 484 482 485 
4 487 492 483 628 
4 285 282 283 509 
4 283 286 285 509 
4 487 492 628 491 
4 285 286 289 510 
4 285 289 288 510 
4 289 286 509 510 
4 288 510 527 544 
4 387 604 118 154 
4 359 416 288 600 
4 525 321 451 455 
4 324 321 325 89 
4 321 525 325 455 
4 324 325 328 459 
4 324 328 327 459 
4 325 543 459 455 
4 582 585 325 525 
4 582 325 556 326 
4 325 525 326 582 
4 325 585 543 564 
4 633 605 525 582 
4 326 329 556 582 
4 564 329 374 378 
4 564 582 329 606 
4 340 354 357 410 
4 340 343 342 410 
4 340 342 405 533 
4 354 340 405 607 
4 340 533 405 607 
4 340 357 343 410 
4 342 410 533 340 
4 525 506 633 606 
4 525 633 582 606 
4 593 586 583 541 
4 583 586 593 592 
4 594 593 586 592 

CELL_TYPES 2516
10
10
10
10
10
10
10
10
10
10
10
10
10
10
10
10
10
10
10
10
10
10
10
10
10
10
10
10
10
10
10
10
10
10
10
10
10
10
10
10
10
10
10
10
10
10
10
10
10
10
10
10
10
10
10
10
10
10
10
10
10
10
10
10
10
10
10
10
10
10
10
10
10
10
10
10
10
10
10
10
10
10
10
10
10
10
10
10
10
10
10
10
10
10
10
10
10
10
10
10
10
10
10
10
10
10
10
10
10
10
10
10
10
10
10
10
10
10
10
10
10
10
10
10
10
10
10
10
10
10
10
10
10
10
10
10
10
10
10
10
10
10
10
10
10
10
10
10
10
10
10
10
10
10
10
10
10
10
10
10
10
10
10
10
10
10
10
10
10
10
10
10
10
10
10
10
10
10
10
10
10
10
10
10
10
10
10
10
10
10
10
10
10
10
10
10
10
10
10
10
10
10
10
10
10
10
10
10
10
10
10
10
10
10
10
10
10
10
10
10
10
10
10
10
10
10
10
10
10
10
10
10
10
10
10
10
10
10
10
10
10
10
10
10
10
10
10
10
10
10
10
10
10
10
10
10
10
10
10
10
10
10
10
10
10
10
10
10
10
10
10
10
10
10
10
10
10
10
10
10
10
10
10
10
10
10
10
10
10
10
10
10
10
10
10
10
10
10
10
10
10
10
10
10
10
10
10
10
10
10
10
10
10
10
10
10
10
10
10
10
10
10
10
10
10
10
10
10
10
10
10
10
10
10
10
10
10
10
10
10
10
10
10
10
10
10
10
10
10
10
10
10
10
10
10
10
10
10
10
10
10
10
10
10
10
10
10
10
10
10
10
10
10
10
10
10
10
10
10
10
10
10
10
10
10
10
10
10
10
10
10
10
10
10
10
10
10
10
10
10
10
10
10
10
10
10
10
10
10
10
10
10
10
10
10
10
10
10
10
10
10
10
10
10
10
10
10
10
10
10
10
10
10
10
10
10
10
10
10
10
10
10
10
10
10
10
10
10
10
10
10
10
10
10
10
10
10
10
10
10
10
10
10
10
10
10
10
10
10
10
10
10
10
10
10
10
10
10
10
10
10
10
10
10
10
10
10
10
10
10
10
10
10
10
10
10
10
10
10
10
10
10
10
10
10
10
10
10
10
10
10
10
10
10
10
10
10
10
10
10
10
10
10
10
10
10
10
10
10
10
10
10
10
10
10
10
10
10
10
10
10
10
10
10
10
10
10
10
10
10
10
10
10
10
10
10
10
10
10
10
10
10
10
10
10
10
10
10
10
10
10
10
10
10
10
10
10
10
10
10
10
10
10
10
10
10
10
10
10
10
10
10
10
10
10
10
10
10
10
10
10
10
10
10
10
10
10
10
10
10
10
10
10
10
10
10
10
10
10
10
10
10
10
10
10
10
10
10
10
10
10
10
10
10
10
10
10
10
10
10
10
10
10
10
10
10
10
10
10
10
10
10
10
10
10
10
10
10
10
10
10
10
10
10
10
10
10
10
10
10
10
10
10
10
10
10
10
10
10
10
10
10
10
10
10
10
10
10
10
10
10
10
10
10
10
10
10
10
10
10
10
10
10
10
10
10
10
10
10
10
10
10
10
10
10
10
10
10
10
10
10
10
10
10
10
10
10
10
10
10
10
10
10
10
10
10
10
10
10
10
10
10
10
10
10
10
10
10
10
10
10
10
10
10
10
10
10
10
10
10
10
10
10
10
10
10
10
10
10
10
10
10
10
10
10
10
10
10
10
10
10
10
10
10
10
10
10
10
10
10
10
10
10
10
10
10
10
10
10
10
10
10
10
10
10
10
10
10
10
10
10
10
10
10
10
10
10
10
10
10
10
10
10
10
10
10
10
10
10
10
10
10
10
10
10
10
10
10
10
10
10
10
10
10
10
10
10
10
10
10
10
10
10
10
10
10
10
10
10
10
10
10
10
10
10
10
10
10
10
10
10
10
10
10
10
10
10
10
10
10
10
10
10
10
10
10
10
10
10
10
10
10
10
10
10
10
10
10
10
10
10
10
10
10
10
10
10
10
10
10
10
10
10
10
10
10
10
10
10
10
10
10
10
10
10
10
10
10
10
10
10
10
10
10
10
10
10
10
10
10
10
10
10
10
10
10
10
10
10
10
10
10
10
10
10
10
10
10
10
10
10
10
10
10
10
10
10
10
10
10
10
10
10
10
10
10
10
10
10
10
10
10
10
10
10
10
10
10
10
10
10
10
10
10
10
10
10
10
10
10
10
10
10
10
10
10
10
10
10
10
10
10
10
10
10
10
10
10
10
10
10
10
10
10
10
10
10
10
10
10
10
10
10
10
10
10
10
10
10
10
10
10
10
10
10
10
10
10
10
10
10
10
10
10
10
10
10
10
10
10
10
10
10
10
10
10
10
10
10
10
10
10
10
10
10
10
10
10
10
10
10
10
10
10
10
10
10
10
10
10
10
10
10
10
10
10
10
10
10
10
10
10
10
10
10
10
10
10
10
10
10
10
10
10
10
10
10
10
10
10
10
10
10
10
10
10
10
10
10
10
10
10
10
10
10
10
10
10
10
10
10
10
10
10
10
10
10
10
10
10
10
10
10
10
10
10
10
10
10
10
10
10
10
10
10
10
10
10
10
10
10
10
10
10
10
10
10
10
10
10
10
10
10
10
10
10
10
10
10
10
10
10
10
10
10
10
10
10
10
10
10
10
10
10
10
10
10
10
10
10
10
10
10
10
10
10
10
10
10
10
10
10
10
10
10
10
10
10
10
10
10
10
10
10
10
10
10
10
10
10
10
10
10
10
10
10
10
10
10
10
10
10
10
10
10
10
10
10
10
10
10
10
10
10
10
10
10
10
10
10
10
10
10
10
10
10
10
10
10
10
10
10
10
10
10
10
10
10
10
10
10
10
10
10
10
10
10
10
10
10
10
10
10
10
10
10
10
10
10
10
10
10
10
10
10
10
10
10
10
10
10
10
10
10
10
10
10
10
10
10
10
10
10
10
10
10
10
10
10
10
10
10
10
10
10
10
10
10
10
10
10
10
10
10
10
10
10
10
10
10
10
10
10
10
10
10
10
10
10
10
10
10
10
10
10
10
10
10
10
10
10
10
10
10
10
10
10
10
10
10
10
10
10
10
10
10
10
10
10
10
10
10
10
10
10
10
10
10
10
10
10
10
10
10
10
10
10
10
10
10
10
10
10
10
10
10
10
10
10
10
10
10
10
10
10
10
10
10
10
10
10
10
10
10
10
10
10
10
10
10
10
10
10
10
10
10
10
10
10
10
10
10
10
10
10
10
10
10
10
10
10
10
10
10
10
10
10
10
10
10
10
10
10
10
10
10
10
10
10
10
10
10
10
10
10
10
10
10
10
10
10
10
10
10
10
10
10
10
10
10
10
10
10
10
10
10
10
10
10
10
10
10
10
10
10
10
10
10
10
10
10
10
10
10
10
10
10
10
10
10
10
10
10
10
10
10
10
10
10
10
10
10
10
10
10
10
10
10
10
10
10
10
10
10
10
10
10
10
10
10
10
10
10
10
10
10
10
10
10
10
10
10
10
10
10
10
10
10
10
10
10
10
10
10
10
10
10
10
10
10
10
10
10
10
10
10
10
10
10
10
10
10
10
10
10
10
10
10
10
10
10
10
10
10
10
10
10
10
10
10
10
10
10
10
10
10
10
10
10
10
10
10
10
10
10
10
10
10
10
10
10
10
10
10
10
10
10
10
10
10
10
10
10
10
10
10
10
10
10
10
10
10
10
10
10
10
10
10
10
10
10
10
10
10
10
10
10
10
10
10
10
10
10
10
10
10
10
10
10
10
10
10
10
10
10
10
10
10
10
10
10
10
10
10
10
10
10
10
10
10
10
10
10
10
10
10
10
10
10
10
10
10
10
10
10
10
10
10
10
10
10
10
10
10
10
10
10
10
10
10
10
10
10
10
10
10
10
10
10
10
10
10
10
10
10
10
10
10
10
10
10
10
10
10
10
10
10
10
10
10
10
10
10
10
10
10
10
10
10
10
10
10
10
10
10
10
10
10
10
10
10
10
10
10
10
10
10
10
10
10
10
10
10
10
10
10
10
10
10
10
10
10
10
10
10
10
10
10
10
10
10
10
10
10
10
10
10
10
10
10
10
10
10
10
10
10
10
10
10
10
10
10
10
10
10
10
10
10
10
10
10
10
10
10
10
10
10
10
10
10
10
10
10
10
10
10
10
10
10
10
10
10
10
10
10
10
10
10
10
10
10
10
10
10
10
10
10
10
10
10
10
10
10
10
10
10
10
10
10
10
10
10
10
10
10
10
10
10
10
10
10
10
10
10
10
10
10
10
10
10
10
10
10
10
10
10
10
10
10
10
10
10
10
10
10
10
10
10
10
10
10
10
10
10
10
10
10
10
10
10
10
10
10
10
10
10
10
10
10
10
10
10
10
10
10
10
10
10
10
10
10
10
10
10
10
10
10
10
10
10
10
10
10
10
10
10
10
10
10
10
10
10
10
10
10
10
10
10
10
10
10
10
10
10
10
10
10
10
10
10
10
10
10
10
10
10
10
10
10
10
10
10
10
10
10
10
10
10
10
10
10
10
10
10
10
10
10
10
10
10
10
10
10
10
10
10
10
10
10
10
10
10
10
10
10
10
10
10
10
10
10
10
10
10
10
10
10
10
10
10
10
10
10
10
10
10
10
10
10
10
10
10
10
10
10
10
10
10
10
10
10
10
10
10
10
10
10
10
10
10
10
10
10
10
10
10
10
10
10
10
10
10
10
10
10
10
10
10
10
10
10
10
10
10
10
10
10
10
10
10
10
10
10
10
10
10
10
10
10
10
10
10
10
10
10
10
10
10
10
10
10
10
10
10
10
10
10
10
10
10
10
10
10
10
10
10
10
10
10
10
10
10
10
10
10
10
10
10
10
10
10
10
10
10
10
10
10
10
10
10
10
10
10
10
10
10
10
10
10
10
10
10
10
10
10
10
10
10
10
10
10
10
10
10
10
10
10
10
10
10
10
10
10
10
10
10
10
10
10
10
10
10
10
10
10
10
10
10
10
10
10
10
10
10
10
10
10
10
10
10
10
10
10
10
10
10
10
10
10
10
10
10
10
10
10
10
10
10
10
10
10
10
10
10
10
10
10
10
10
10
10
10
10
10
10
10
10
10
10
10
10
10
10
10
10
10
10
10
10
10
10
10
10
10
10
10
10
10
10
10
10
10
10
10
10
10
10
10
10
10
10
10
10
10
10
10
10
10
10
10
10
10
10
10
10
10
10
10
10
10
10
10
10
10
10
10
10
10
10
10
10
10
10
10
10
10
10
10
10
10
10
10
10
10
10
10
10
10
10
10
10
10
10
10
10
10
10
10
10
10
10
10
10
10
10
10
10
10
10
10
10
10
10
10
10
10
10
10
10
10
10
10
10
10
10
10
10
10
10
10
10
10
10
10
10
10
10
10
10
10
10
10
10
10
10
10
10
10
10
10
10
10
10
10
10
10
10
10
10
10
10
10
10
10
10
10
10
10
10
10
10
10
10
10
10
10
10
10
10
10
10
10
10
10
10
10
10
10
10
10
10
10
10
10
10
10
10
10
10
10
10
10
10
10
10
10
10
10
10
10
10
10
10
10
10
10
10
10
10
10
10
10
10
10
10
10

POINT_DATA 634
VECTORS displacement float
-2.16427e-06 -1.80752e-06 3.87535e-05
0 0 0
-8.79881e-07 -1.90524e-06 3.34925e-05
0 0 0
-2.19035e-06 -2.10847e-06 4.46656e-05
0 0 0
-4.60471e-06 9.01897e-07 3.06154e-05
0 0 0
-8.6775e-07 -3.62509e-06 4.49908e-05
0 0 0
-1.74803e-06 6.3967e-06 8.63074e-05
-5.75295e-06 5.87888e-07 7.87084e-05
-4.4375e-06 9.00543e-07 8.51903e-05
-6.49691e-06 2.88049e-06 8.17124e-05
-5.16165e-06 5.13707e-06 8.69314e-05
-6.46763e-06 -6.35009e-06 0.00012288
-7.08771e-06 -9.59666e-06 0.000120908
-7.1502e-06 6.35771e-07 0.000108912
-5.49448e-08 1.03194e-06 0.000111164
-3.61441e-06 5.70927e-06 0.000126308
-1.47584e-05 -1.58752e-05 0.000148874
-4.95479e-06 1.29817e-06 0.000119275
-5.45544e-06 2.24614e-06 0.000131157
-1.23543e-05 6.51761e-06 0.000151943
-5.14811e-06 3.11551e-06 0.000148275
-2.31878e-05 -4.45447e-06 0.000120271
-1.30889e-05 -9.04544e-06 0.000165705
-1.86342e-05 -3.95955e-06 0.000148347
-2.02115e-05 1.00238e-05 0.000161388
-7.84558e-06 1.00656e-05 0.000152222
-1.73635e-05 -2.19687e-05 0.000161303
-1.86928e-05 -4.78848e-06 0.000160634
-1.4453e-05 9.71526e-07 0.000144965
-7.37251e-06 4.90477e-06 0.000135157
-1.24137e-05 1.58072e-05 0.000147573
-1.45294e-06 -2.06101e-06 0.000130973
1.78351e-06 -4.15888e-06 0.000107556
-1.61785e-05 5.18225e-08 0.000131282
-1.42587e-05 6.3223e-06 0.000127468
-9.24565e-06 9.96874e-06 0.000117496
-6.63453e-06 -7.62979e-07 8.03665e-05
-2.76816e-06 -5.29108e-06 8.94052e-05
1.22905e-06 5.93637e-07 0.00010072
-1.15078e-05 -4.03361e-06 8.66882e-05
-5.12893e-06 7.32038e-06 7.98962e-05
-8.0623e-06 -7.35588e-06 4.4361e-05
-1.13668e-05 -6.59221e-06 5.44155e-05
-2.3174e-05 8.18847e-07 5.47422e-05
4.61413e-07 9.64649e-07 4.84558e-05
-1.51224e-05 1.20921e-05 4.57577e-05
-1.72049e-05 -6.66439e-06 4.22727e-06
-8.72592e-06 -4.71179e-06 6.84291e-07
-7.19429e-06 7.53786e-07 -2.51711e-06
-1.72715e-05 8.34991e-06 9.7288e-07
1.45255e-06 -2.55887e-06 9.18112e-07
-3.48304e-06 2.10584e-07 -4.65064e-05
-4.79159e-06 -1.09577e-05 -4.55052e-05
2.68529e-06 -8.56768e-07 -3.75068e-05
-6.09089e-06 -7.30118e-08 -4.61264e-05
-6.97672e-06 8.70452e-06 -3.52892e-05
-4.57472e-06 -6.22908e-06 -9.30062e-05
-6.1663e-06 -2.44116e-06 -7.69449e-05
-2.31219e-05 9.26479e-08 -9.98226e-05
1.46899e-06 1.59074e-06 -6.54001e-05
-4.49415e-06 -2.45512e-06 -8.81493e-05
-7.80733e-06 -7.49726e-06 -0.000130111
-5.70152e-06 -3.62473e-06 -9.75677e-05
-1.88759e-05 -6.65542e-06 -0.000132983
-2.67632e-05 1.19765e-05 -0.00013044
-7.21809e-06 1.75574e-05 -0.000122629
-5.63753e-06 -5.52959e-06 -9.3602e-05
-1.36544e-05 -1.70041e-05 -0.000151654
-1.33939e-05 3.39358e-06 -0.000138743
-9.70519e-06 6.24172e-06 -0.000164342
-6.4109e-06 8.35212e-06 -0.000148793
-2.607e-06 -1.24637e-05 -0.000137324
-1.19638e-05 1.40358e-06 -0.000119948
-1.60389e-05 1.91673e-06 -0.000155453
-1.93931e-05 6.73136e-06 -0.000195405
-1.43292e-05 1.05649e-05 -0.000129814
-6.70788e-06 -4.54983e-06 -0.000151137
-2.50349e-06 -1.21349e-06 -0.000132804
-8.96409e-06 1.57822e-06 -0.000147155
-1.63211e-05 -1.9243e-07 -0.00014654
-5.26962e-06 6.04617e-06 -0.000123519
-2.82033e-06 -1.02156e-05 -0.000131737
-5.17831e-06 -1.58325e-06 -0.00015721
-9.51556e-06 3.11748e-06 -0.000119922
-6.70698e-06 1.63225e-06 -0.000134226
-8.49948e-06 -3.65624e-07 -0.000126452
-2.50558e-05 -2.12227e-05 -0.00014057
-1.97746e-05 -1.82058e-05 -0.000130707
-4.99947e-05 9.12322e-06 -5.33523e-05
-2.99345e-05 1.95533e-05 -0.000110355
-1.64193e-05 1.72644e-05 -0.000130667
-4.94657e-05 -5.41151e-05 -0.000129797
-4.90168e-05 -3.70387e-05 -0.000188538
-4.97882e-05 -3.52953e-06 -0.000117434
-5.64992e-05 3.37365e-05 -0.00016564
-4.47831e-05 5.33009e-05 -0.000142583
-0.000189673 -9.35848e-05 -0.000542236
-0.000163112 -0.000150281 -0.000566035
-0.000247488 -1.07566e-07 -0.000574664
-0.00019097 9.53865e-05 -0.000530752
-0.000163558 0.000150585 -0.000578703
3.51184e-06 -4.7628e-07 3.76061e-05
3.65943e-06 1.68083e-06 4.08268e-05
0 0 0
0 0 0
-1.34153e-06 4.46218e-07 9.56533e-05
1.0181e-05 -5.41826e-06 8.003e-05
-1.48502e-06 -4.3499e-07 0.000124145
-1.61279e-06 -2.47809e-06 0.000126696
9.28655e-06 -1.1606e-05 0.000124701
1.53874e-05 -4.1508e-06 0.000145168
6.76072e-06 -1.03472e-06 0.000143759
9.96181e-06 -1.00318e-05 0.000105051
3.57286e-06 -3.58377e-06 0.000133808
1.06466e-05 -7.79452e-06 0.000127137
1.00575e-05 -5.73703e-06 0.000125123
9.49956e-06 -1.1615e-05 0.000113261
9.41435e-06 -1.17714e-06 8.44161e-05
4.68971e-06 -3.59154e-06 9.23011e-05
-2.80267e-06 -3.87339e-06 5.08601e-05
1.79562e-05 -1.14031e-05 5.2298e-05
-5.66734e-06 2.29517e-06 -5.28267e-07
6.28062e-06 -1.18222e-08 8.30089e-06
1.87354e-05 -5.98093e-06 -5.31546e-05
1.17468e-05 -1.20138e-05 -4.7407e-05
8.96614e-06 -1.10191e-05 -8.95354e-05
1.20171e-05 -1.03383e-05 -9.26853e-05
4.46705e-06 8.13757e-07 -0.000106454
1.26697e-05 -5.59148e-06 -0.000117741
5.31853e-06 -3.74657e-06 -0.00013281
3.57602e-06 -4.8622e-06 -0.000134673
1.31237e-05 -1.60451e-05 -0.000160925
8.50761e-06 -5.92323e-06 -0.000168892
1.5016e-05 -4.81933e-06 -0.000136619
1.10376e-05 -9.53493e-06 -0.000155476
4.82933e-06 -9.79802e-06 -0.000112924
4.85627e-06 -3.45309e-06 -0.000148726
2.29428e-05 -8.4959e-06 -0.000127258
2.27557e-05 -2.19695e-05 -0.000129546
4.11458e-05 -4.46504e-05 -0.00012624
6.96263e-05 -2.68918e-05 -0.000149499
0.000168503 -8.63659e-05 -0.000468127
0.000162427 -0.000176799 -0.000571328
1.66783e-06 8.83129e-07 3.1233e-05
0 0 0
7.34046e-06 1.15891e-06 8.11512e-05
7.50719e-06 -4.94322e-07 0.000127593
1.24251e-05 8.51218e-08 0.00015432
7.97895e-06 -1.44702e-06 0.000149424
5.9426e-06 1.25889e-06 0.00014209
1.83345e-05 -1.51792e-07 0.000113359
1.58789e-05 -1.7633e-07 9.19185e-05
1.40389e-05 -2.61753e-06 4.4826e-05
-2.21032e-06 9.52945e-09 -1.84643e-06
5.33908e-06 2.36258e-07 -4.41216e-05
2.18887e-05 -9.84164e-07 -8.53728e-05
6.48687e-06 6.61536e-07 -0.000116454
2.36877e-05 1.08063e-06 -0.000146298
7.97509e-06 -1.16617e-06 -0.00014983
1.0194e-05 1.87227e-06 -0.000156287
1.56929e-05 1.57104e-06 -0.000114817
2.41063e-05 2.053e-09 -9.30905e-05
6.84097e-05 -4.04012e-06 -0.00012439
0.00024476 5.1712e-06 -0.000573838
-1.78634e-07 -1.81614e-06 4.37993e-05
0 0 0
6.54523e-06 2.46443e-06 6.95388e-05
9.7225e-06 5.67168e-06 0.000111502
1.06455e-05 5.64076e-06 0.000149031
1.43262e-05 5.3326e-06 0.00015794
6.39871e-06 5.40169e-06 0.000134036
1.32698e-05 6.60296e-06 0.000124412
9.82969e-06 9.277e-06 9.41238e-05
1.42277e-05 6.33712e-06 5.54192e-05
4.6804e-07 1.8536e-06 -1.07476e-05
4.63796e-06 7.05345e-06 -4.67647e-05
4.52551e-06 -3.42595e-06 -7.73337e-05
8.75037e-06 4.92777e-06 -0.000101111
4.44639e-07 3.73773e-06 -0.000116714
2.51017e-05 1.3661e-05 -0.000160937
6.90834e-06 9.51213e-06 -0.000150133
9.68535e-06 4.36482e-06 -0.000127522
1.94988e-05 7.62314e-06 -0.000119712
6.14086e-05 3.07654e-05 -0.000151253
0.00019016 9.9291e-05 -0.000514634
-7.91381e-07 -4.08026e-06 4.40577e-05
0 0 0
4.03319e-06 3.96163e-06 9.06816e-05
1.00499e-05 5.72726e-06 0.000106441
9.70645e-06 1.17159e-05 0.000158668
8.86216e-06 5.38002e-06 0.000145222
1.52429e-05 2.06563e-05 0.000142824
4.18404e-06 5.58749e-06 0.000103931
2.6474e-06 4.07867e-06 8.104e-05
1.39941e-06 5.05884e-06 4.28746e-05
1.02433e-05 1.07587e-05 3.98145e-06
4.01033e-06 1.10789e-05 -4.2408e-05
6.45993e-06 2.92127e-06 -7.81494e-05
6.44516e-06 2.42775e-06 -0.000107148
1.92377e-05 2.02098e-05 -0.000149574
1.58483e-05 1.5103e-05 -0.000156834
1.19632e-05 1.09302e-05 -0.000139311
9.81636e-06 8.43974e-06 -0.000100163
1.52253e-05 1.51633e-05 -0.00011886
4.60178e-05 4.50037e-05 -0.000149699
0.000165505 0.000154226 -0.000579273
5.30167e-06 3.13691e-06 4.09202e-05
0 0 0
-7.03563e-06 -4.89753e-06 6.01754e-05
-2.68929e-06 -4.02782e-06 0.000107568
-2.74135e-06 -1.27863e-05 0.000131137
-8.31257e-06 -1.57567e-05 0.000159763
-2.20381e-06 -1.50747e-05 0.000147162
-8.77693e-06 -2.08362e-05 0.00014714
-4.67819e-06 -8.50871e-06 9.7787e-05
-4.65216e-06 -4.05027e-06 6.37937e-05
-7.94378e-06 -1.29782e-05 4.05662e-06
-1.89105e-06 -7.4862e-06 -5.31941e-05
-1.81736e-06 -1.20939e-05 -8.0007e-05
-6.58461e-06 -1.45273e-05 -9.63952e-05
-2.1994e-06 -6.84316e-06 -0.000118758
-3.20258e-06 -1.36191e-05 -0.000155798
-4.30939e-06 -1.1027e-05 -0.00016157
4.88945e-06 -5.13201e-06 -0.000151674
-8.75783e-06 -1.94502e-05 -0.000150772
-4.5175e-05 -9.44766e-05 -0.000205758
-4.80122e-05 -0.000110292 -0.000418432
2.64528e-06 2.57276e-06 5.04116e-05
0 0 0
8.78788e-07 -8.00016e-06 0.000101236
1.05324e-06 -2.63336e-06 0.000141878
-1.77351e-07 -9.2908e-06 0.000161615
-4.39365e-06 -2.53544e-05 0.000159068
3.67436e-06 -6.08325e-06 0.000145199
2.11152e-06 -1.4352e-05 0.000116741
-2.56824e-06 -5.47e-06 7.93121e-05
-1.43426e-06 3.24035e-07 4.679e-05
4.79942e-07 -6.37148e-06 -4.42375e-06
2.36911e-06 -1.12611e-05 -5.38489e-05
-7.23116e-07 -1.01948e-05 -8.02438e-05
3.62786e-06 -5.65353e-06 -9.26168e-05
1.3443e-06 -2.44984e-05 -0.000145223
3.47394e-06 -1.32335e-05 -0.000142916
2.59018e-06 -1.27475e-05 -0.000134907
1.83085e-06 -1.07951e-05 -0.00011573
2.72733e-06 -3.71115e-05 -7.76315e-05
4.05029e-06 -8.62956e-05 -0.000201498
-1.2624e-05 -0.000110826 -0.00045138
-1.54762e-06 6.53994e-06 5.08815e-05
0 0 0
5.74889e-06 -6.2198e-06 8.73113e-05
2.20485e-06 -7.79766e-06 0.000130219
5.45045e-07 -1.28874e-05 0.00016978
1.01068e-05 -2.44239e-05 0.00016614
6.21929e-06 -6.76861e-06 0.00013711
3.47994e-06 -7.45356e-06 0.000139895
8.78234e-06 -2.2078e-05 0.000108966
3.97603e-06 -4.4418e-06 5.88788e-05
5.28291e-06 -1.18884e-05 3.60474e-06
-3.14634e-06 -2.07052e-06 -4.94467e-05
8.19147e-06 -1.06204e-05 -8.58298e-05
8.13704e-06 -1.16719e-05 -0.000126856
7.75201e-06 -1.51937e-05 -0.000135344
-2.36754e-06 -1.0551e-05 -0.000142781
6.85964e-06 -7.76295e-06 -0.000134133
1.37687e-06 -4.02909e-06 -0.000129904
1.95109e-05 -3.23159e-05 -9.49571e-05
2.30832e-05 -6.30533e-05 -0.000168305
4.82317e-05 -0.000162757 -0.000465561
2.59675e-06 -7.39188e-06 4.95749e-05
0 0 0
1.23687e-08 -5.49485e-06 5.0107e-05
0 0 0
-1.99234e-06 -6.42418e-06 5.29606e-05
0 0 0
-2.57416e-06 4.99878e-06 8.50392e-05
-5.36116e-08 1.53034e-06 9.43709e-05
2.52803e-06 8.35344e-06 9.24938e-05
-4.98666e-06 6.45206e-06 0.00010676
-1.92343e-06 8.90357e-06 0.000116102
8.83106e-06 1.03817e-05 0.00013555
-4.35271e-06 1.31312e-05 0.000119758
-1.32996e-06 7.34702e-06 0.000154683
6.64666e-06 1.51913e-05 0.000162966
-5.03764e-06 9.21028e-06 0.000109496
-2.62517e-06 1.21341e-05 0.000167809
4.96173e-06 7.74551e-06 0.000149751
1.10512e-06 1.27898e-05 0.000124081
5.18866e-07 1.9728e-05 0.000157179
2.01457e-06 6.85598e-06 0.000122143
-1.14844e-07 1.03949e-05 0.000109292
-2.28543e-06 2.1721e-05 0.000146602
3.75287e-06 1.13096e-05 0.00010982
-1.41231e-06 1.98724e-06 8.34548e-05
-2.94037e-07 2.88724e-05 0.000122188
-6.47284e-07 1.01586e-06 6.69742e-05
-6.74967e-06 4.70845e-06 5.06938e-05
1.23284e-06 -6.64006e-06 5.01854e-05
6.30395e-06 5.44723e-06 3.54403e-05
-5.99064e-06 1.04931e-05 3.56185e-06
-1.91583e-06 1.2712e-05 -6.21259e-06
6.09928e-06 1.44984e-05 -9.11895e-07
2.50545e-07 6.54906e-06 -4.53888e-05
4.27645e-06 -4.13742e-06 -4.07624e-05
2.33337e-06 8.10365e-06 -3.88155e-05
-8.50216e-06 1.7532e-05 -8.88097e-05
9.96751e-07 2.15208e-05 -0.000102082
-1.98474e-06 1.23098e-06 -7.56329e-05
-8.0537e-06 1.3757e-05 -0.000111119
-5.43352e-06 1.84514e-05 -0.000131276
7.15699e-06 1.66219e-05 -0.000112702
-1.1718e-06 8.52714e-06 -0.000125355
2.28231e-06 1.5082e-06 -0.000139468
-2.84496e-06 3.25197e-06 -0.000131923
-5.26097e-06 1.18795e-05 -0.000139544
-1.10799e-06 2.6202e-05 -0.000176292
9.78216e-06 2.02622e-05 -0.000162819
-2.59649e-06 9.15108e-06 -0.00013659
-5.42323e-07 1.14045e-05 -0.000161919
4.92498e-06 1.1125e-05 -0.000151988
-8.3051e-06 1.24949e-05 -0.000179364
1.83285e-06 1.15553e-05 -0.000114727
1.18753e-05 9.22082e-06 -0.000131257
-1.10787e-05 2.39523e-05 -0.000164103
-1.23687e-06 1.74919e-05 -9.76406e-05
6.07802e-06 1.99671e-05 -9.40842e-05
-3.35407e-05 8.34702e-05 -0.000200565
1.06498e-05 8.93204e-05 -0.000130839
3.09714e-05 7.79984e-05 -0.000185583
-8.45262e-05 0.00015418 -0.000444949
-7.49447e-06 0.000225922 -0.000566862
6.44305e-05 0.000143664 -0.000382187
0 0 0
0 0 0
0 0 0
0 0 0
0 0 0
0 0 0
0 0 0
0 0 0
0 0 0
-2.68613e-05 -3.77756e-05 -0.00032038
-1.55987e-05 -1.12783e-05 -0.000304958
-3.70161e-05 4.0565e-05 -0.000375338
-1.91398e-05 -4.52206e-05 -0.000363748
-2.2067e-05 -6.28732e-06 -0.000320083
-1.53681e-05 5.63338e-06 -0.00040618
7.30406e-05 -6.62662e-05 -0.000430433
2.16094e-05 6.80083e-06 -0.000330508
4.54226e-05 5.5285e-05 -0.000397806
-1.15611e-06 -2.48238e-06 -3.37018e-07
-9.44741e-07 -3.60385e-06 -1.51186e-05
6.55546e-07 -1.84847e-06 -3.51678e-06
-3.64221e-07 9.49137e-07 -8.11863e-06
1.498e-06 -8.17743e-07 -2.92158e-07
6.50424e-07 -3.05449e-06 -1.46713e-05
1.54463e-06 1.23371e-06 -1.4058e-05
1.07593e-06 2.14035e-08 -1.0277e-06
-1.62317e-06 -2.89112e-06 -7.00665e-06
8.34092e-07 -1.43835e-06 -1.49431e-06
1.8948e-09 1.99465e-07 1.40404e-06
9.56743e-07 4.57718e-07 -7.34643e-07
1.66856e-08 -3.41564e-07 7.99943e-07
1.27596e-06 -1.97175e-06 5.05238e-06
-4.73807e-07 1.63651e-06 3.49095e-06
1.15028e-07 1.34243e-06 -8.63099e-06
-6.2824e-08 1.49482e-06 2.34588e-06
3.0901e-07 -3.72261e-06 6.31361e-07
6.90858e-07 -2.1915e-06 2.23832e-06
-3.74582e-06 -5.47454e-06 8.73805e-06
-1.94727e-06 8.98961e-06 1.89055e-05
7.42145e-06 -2.34075e-07 1.52608e-05
3.09796e-07 -6.22276e-08 1.92545e-06
-2.38931e-06 1.57864e-06 4.81183e-05
-5.05028e-06 8.58229e-07 -2.27715e-07
-2.60872e-06 7.65691e-07 -1.41211e-05
-1.90872e-06 -3.01219e-06 -4.23035e-08
8.10096e-08 2.21806e-06 3.60378e-06
1.27889e-06 1.46173e-08 6.11382e-06
-1.38624e-06 -1.39737e-06 2.9333e-06
3.31757e-07 -1.1458e-06 -2.30156e-06
-2.95497e-06 1.29807e-06 -2.39871e-06
1.0458e-05 -1.81602e-06 -0.000115683
-9.63228e-06 3.00863e-06 -2.91169e-05
1.75214e-05 -4.94798e-07 -8.31431e-05
2.60537e-06 1.04929e-06 -7.86791e-06
9.90758e-07 -1.33957e-06 -3.53669e-06
6.62409e-08 -2.47203e-06 -1.63028e-06
-1.41717e-06 -1.42042e-06 2.55304e-06
5.06715e-07 1.04043e-06 7.92094e-08
1.07237e-06 -4.44818e-07 -1.35707e-06
2.90839e-06 2.65134e-06 3.12984e-05
2.1043e-06 -2.22472e-06 5.5834e-06
9.06937e-06 -3.44068e-06 1.92013e-05
-1.52922e-06 2.35026e-06 2.84921e-07
5.87896e-07 4.58646e-07 5.442e-06
3.26877e-07 -1.49597e-07 5.33083e-06
4.87064e-07 1.40304e-07 3.07343e-06
1.62981e-06 -7.84764e-07 2.43291e-06
-5.86674e-06 1.47777e-06 2.50531e-05
-4.25593e-06 4.44332e-06 -1.99703e-05
-1.63942e-06 -2.99752e-07 -9.31215e-06
-2.30842e-06 -1.66313e-06 -6.31316e-06
-1.45819e-06 -4.11952e-06 6.6355e-06
-5.04884e-06 1.76718e-06 5.88827e-06
-5.37445e-06 3.99077e-06 3.83115e-05
-1.35952e-06 4.25925e-06 -6.71912e-06
-3.55116e-06 2.73412e-06 1.36871e-05
-4.24936e-06 -5.45462e-06 2.46635e-05
-7.92949e-07 -3.48558e-07 -1.48185e-06
-2.3787e-06 2.91855e-06 6.87997e-06
-1.69774e-06 -4.83648e-06 2.69149e-05
2.93934e-06 -3.17788e-06 -2.77608e-05
3.58439e-06 9.2294e-07 2.23448e-07
-1.82284e-06 5.66451e-06 -5.96617e-06
1.223e-06 -5.28984e-06 -2.10971e-05
1.11705e-06 3.8657e-06 -9.13215e-06
4.51865e-06 2.71172e-06 -1.4595e-06
3.90884e-06 1.17838e-06 -1.27858e-05
7.28621e-06 -2.4398e-06 -1.19681e-05
-1.35949e-06 2.46041e-06 2.69245e-05
8.69729e-06 5.88315e-07 -1.16051e-05
4.33696e-06 -2.55592e-06 -1.07354e-05
8.54624e-06 4.4333e-06 -2.8911e-07
6.55334e-06 8.62261e-06 -3.57245e-06
4.41033e-06 -2.76269e-06 -1.45457e-05
8.28322e-06 -3.04583e-06 4.95372e-07
-2.32875e-06 1.08052e-06 1.49948e-06
4.80598e-06 4.57617e-06 -1.61281e-06
5.02134e-06 -1.86267e-06 -8.58782e-08
3.35348e-06 -1.97519e-06 -4.58233e-06
1.57494e-06 -4.86187e-06 9.84369e-06
6.96258e-06 -1.50498e-06 -9.68219e-07
1.25155e-06 1.5488e-06 9.30255e-06
7.77808e-06 -4.80926e-06 -2.40055e-05
1.45749e-06 5.96376e-06 1.15729e-06
-1.90052e-07 5.69913e-06 -4.42308e-06
6.45248e-06 -4.12344e-06 1.58867e-05
1.96093e-06 -7.68062e-06 1.65526e-05
3.69024e-06 1.91054e-06 6.18026e-06
6.89695e-06 1.81967e-06 2.50421e-05
-4.21051e-08 1.32309e-06 -3.11871e-06
5.394e-06 -8.90148e-07 1.86874e-05
-4.79376e-06 1.53143e-06 -6.74361e-05
-8.40163e-08 1.26041e-06 1.31421e-05
1.25281e-06 1.12297e-06 -3.43417e-05
1.93514e-06 -2.74219e-06 1.04145e-05
-7.03711e-07 -3.49398e-06 1.92982e-05
1.87002e-06 2.67587e-06 5.41368e-06
3.18201e-06 -3.07119e-06 7.27719e-06
-6.52568e-06 -3.50282e-06 -3.01007e-05
-9.65924e-08 5.46136e-07 -8.05882e-06
1.98712e-06 4.53312e-06 1.99798e-05
-1.78845e-05 1.15182e-06 -9.16355e-07
2.85702e-07 -6.68328e-07 -3.92501e-06
-3.81687e-06 1.26131e-05 -3.5872e-05
-8.19414e-06 7.36957e-06 -1.29532e-05
7.14459e-06 -2.89555e-07 1.3174e-05
-2.80692e-05 6.19951e-06 -0.000126966
-3.15501e-05 -3.55152e-05 -5.99877e-05
1.16575e-05 2.49887e-05 -5.58443e-05
3.54575e-06 -5.73202e-07 -3.7981e-06
5.3102e-06 1.21121e-07 1.38912e-05
1.34234e-06 -4.32002e-06 5.19106e-06
4.29428e-06 -4.06448e-06 6.44236e-06
-1.30007e-06 4.4832e-06 2.07616e-05
2.18388e-07 -6.00414e-07 -2.24463e-05
-8.70127e-07 -4.82698e-06 5.41529e-06
-2.7427e-07 4.06964e-06 -2.59107e-05
-1.77535e-06 -3.60251e-07 -3.05552e-05
-1.04914e-05 -1.84267e-06 -1.39461e-05
-9.03663e-07 2.573e-06 -1.37611e-06
-1.06654e-05 6.61474e-06 6.38868e-06
-5.03148e-06 -2.13766e-06 4.15838e-06
-7.16761e-06 2.29994e-06 3.13724e-05
6.09302e-07 3.6057e-06 1.56965e-05
-1.7279e-06 8.2767e-06 1.72714e-05
-2.79259e-06 2.05364e-06 -1.94354e-05
-3.65229e-06 3.03297e-07 2.7375e-05
2.13183e-06 -3.25499e-07 3.65002e-06
-3.18791e-06 1.78241e-06 2.01395e-05
8.05352e-07 2.65091e-06 2.81866e-05
-2.47567e-06 -1.84796e-06 1.29105e-05
-2.57765e-06 -1.6604e-06 1.85143e-05
-4.82625e-06 -6.14345e-07 3.18798e-05
4.79972e-06 -5.73329e-06 -2.47849e-05
9.84102e-06 -2.26228e-05 -4.6656e-05
1.52822e-05 1.39395e-06 -5.13009e-05
6.22311e-06 -2.82367e-06 -1.1923e-05
2.42156e-05 -1.48928e-05 -9.84473e-05
3.37688e-05 -5.3456e-06 -9.69e-05
-1.91011e-07 2.55622e-06 -7.98819e-06
-4.47012e-06 -5.18055e-06 -2.94225e-05
-5.47606e-06 -3.6016e-06 -1.67702e-05
-2.80881e-06 -2.59016e-06 1.11989e-06
5.43757e-06 -1.99889e-06 -9.53186e-06
1.41095e-06 3.1857e-06 5.60735e-06
4.10414e-06 8.42099e-06 1.17948e-05
-6.94384e-06 -6.73364e-06 2.16454e-06
-4.70003e-06 -7.97723e-06 1.3833e-06
-4.24399e-06 -1.51223e-06 8.39661e-06
-2.39554e-07 -1.87099e-06 1.02699e-05
-2.37031e-06 -3.33283e-06 7.76435e-06
-1.09143e-08 5.72007e-06 -8.86464e-07
2.06886e-06 2.74264e-06 -5.87002e-06
-2.81294e-07 2.63911e-07 1.25156e-06
1.45187e-06 -2.53265e-06 -2.28303e-05
-4.15068e-07 -8.74242e-06 -2.31539e-05
1.7764e-06 -4.43196e-06 3.8801e-06
-2.64091e-06 -6.97754e-06 -1.24677e-06
-4.33122e-07 -5.24135e-06 -1.67286e-05
2.17926e-06 -5.84269e-06 4.67209e-05
1.8416e-06 -5.61154e-06 2.27763e-05
8.09719e-07 -3.69511e-06 2.06184e-06
-1.23791e-06 6.38616e-06 7.97949e-06
-3.16172e-06 6.59235e-06 -2.24731e-05
-8.48001e-06 1.02702e-05 -7.14981e-06
-2.69116e-06 3.51298e-07 1.41698e-05
3.72492e-07 -5.38135e-06 -1.87201e-05
-6.81568e-07 7.56048e-06 4.31411e-05
1.29554e-06 -9.12841e-06 -5.59435e-06
-1.83488e-06 4.43149e-06 1.62879e-06
5.37748e-07 1.5564e-07 -1.39834e-05
2.12844e-06 -2.67306e-06 -1.05786e-05
7.11244e-07 2.82214e-07 -1.96302e-06
-1.71751e-06 1.23574e-06 -1.02421e-05
4.10848e-07 -4.31015e-06 4.39417e-06
-1.61712e-05 -1.04684e-05 -3.03238e-05
-7.91367e-06 -1.36847e-06 2.02103e-05
-2.37229e-06 3.91558e-06 -1.8823e-06
2.42077e-06 7.16829e-06 1.09513e-05
-1.85144e-06 4.3038e-07 -1.57688e-06
1.72033e-06 1.03991e-06 -1.12713e-05
-8.65387e-07 -2.86853e-07 -4.29472e-07
2.40963e-06 1.2479e-06 -8.92742e-07
9.60769e-07 7.0766e-07 8.28413e-07
-4.3099e-06 3.26498e-06 -2.11377e-05
-1.12904e-06 -1.38626e-06 5.56656e-06
3.75239e-06 3.04465e-06 1.75418e-05
-3.26476e-06 1.02028e-05 -4.10164e-05
-4.28527e-07 7.29041e-07 3.98712e-06
5.42372e-07 1.20866e-06 8.16386e-06
7.25253e-06 -1.23882e-05 -2.66493e-05
-4.88646e-07 -4.61797e-06 -5.59052e-05
-6.16465e-08 1.76499e-06 4.04634e-07
6.09816e-07 4.06205e-06 4.48996e-06
-1.06708e-06 5.12978e-06 -1.56914e-06
-6.60484e-08 8.1529e-07 -7.40182e-06
2.35738e-06 4.70584e-07 -1.01946e-06
2.90032e-06 -1.59795e-08 -2.77316e-06
8.93781e-07 1.98878e-06 1.71011e-05
-1.70139e-06 2.75833e-06 1.66831e-05
1.89367e-07 1.42539e-05 -5.64339e-05
-3.02817e-06 7.33536e-06 -1.85629e-05
-1.39216e-07 2.15933e-06 -6.07866e-06
-1.18529e-06 -5.10883e-06 1.56239e-05
-1.36705e-06 -3.1131e-06 -4.74891e-06
-6.74781e-07 -2.81022e-06 -1.04616e-05
4.30242e-07 -4.29913e-07 -5.50629e-06
-2.35871e-06 1.90852e-06 9.10833e-06
-4.40702e-06 1.38306e-06 1.72812e-05
3.83662e-08 -6.09915e-07 -4.62899e-06
-1.63858e-06 -1.09243e-06 -2.30581e-05
-1.17444e-06 -9.03054e-07 9.16315e-06
-9.31816e-07 -1.06772e-06 -4.96182e-06
-4.95646e-07 -1.44887e-06 7.99386e-06
8.52527e-06 8.45243e-06 -7.75397e-05
-1.8969e-07 3.45478e-06 -4.43608e-06
-9.82638e-07 -1.67983e-06 -5.22114e-06
-2.44993e-06 1.79038e-06 -1.1023e-06
9.58183e-06 2.22873e-06 -5.77579e-05
4.14959e-06 6.65098e-07 -2.15212e-06
5.91123e-06 -5.25024e-07 -3.29731e-05
1.18505e-08 2.24454e-06 -2.74963e-06
8.80339e-07 -1.15579e-06 -4.5816e-06
1.22358e-06 -1.32685e-06 -1.10074e-05
9.69763e-07 5.13749e-06 -1.01961e-05
1.92729e-06 -1.86394e-07 1.83368e-05
6.80846e-07 1.11274e-05 -4.21753e-05
2.90817e-06 -2.91743e-06 -1.97975e-05
3.17385e-06 -8.04333e-07 -1.63872e-05
-3.48276e-06 6.16604e-06 -3.22022e-05
4.12486e-06 -8.64891e-07 -8.40413e-06
-6.59814e-07 -6.79317e-08 -5.39908e-06
-1.97102e-06 1.9235e-06 8.67603e-06
-2.0055e-06 -1.55292e-06 3.74339e-05
3.60327e-07 -1.38017e-06 -3.09585e-06
-1.55964e-06 2.0566e-06 1.72236e-05
6.33658e-06 -1.19632e-06 -2.55278e-05
2.01881e-06 -8.85922e-07 -5.77584e-06
1.71685e-06 -1.24473e-06 -8.01449e-08
7.26071e-06 1.36396e-06 -4.1627e-05
2.22162e-06 -5.93421e-07 -1.01685e-05
-5.62996e-07 6.76679e-07 -1.34154e-05
-1.44312e-06 9.83537e-07 3.18389e-05
-3.10871e-06 1.15428e-06 2.27699e-05
2.22513e-06 -1.77714e-06 -1.55647e-05
-9.39886e-06 -3.54597e-06 7.77936e-05
3.64795e-06 2.77974e-06 -1.67204e-05
1.22406e-07 5.49448e-06 3.34252e-06
-6.78433e-06 3.25116e-06 -2.01096e-05
8.64257e-06 1.14592e-05 -7.33902e-05
-6.64115e-06 1.70684e-06 -6.33999e-06
-1.13455e-06 6.05332e-07 -5.07862e-06
5.49276e-07 3.66914e-06 6.75167e-06
1.51269e-06 3.40179e-07 1.09899e-05
2.20587e-06 -1.66084e-06 5.14393e-06
2.18859e-06 -4.55443e-06 6.65197e-06
2.01257e-06 2.14268e-06 -1.58684e-06
-4.11985e-06 6.11365e-06 -7.15838e-06
-1.91226e-06 -3.02355e-06 5.70202e-06
-1.96409e-06 9.76038e-08 -9.928e-06
3.46683e-06 -2.55492e-06 7.88116e-06
-2.5624e-06 -2.20684e-06 4.22898e-05
8.04895e-07 2.56127e-06 -3.26646e-06
6.75683e-07 3.7439e-06 -6.36784e-06
2.91738e-06 -4.62654e-06 2.8866e-05
2.76907e-07 -2.33028e-06 2.10846e-05
1.31757e-06 -4.80214e-06 1.89759e-05
-6.40495e-06 -4.10963e-06 5.54969e-05
-6.27835e-06 3.48458e-06 -4.39379e-06
2.45187e-07 -3.32934e-08 3.89736e-06
-2.10092e-07 -5.43259e-07 -2.58333e-07
3.07516e-06 3.18164e-07 -1.67257e-05
4.01299e-06 4.17438e-06 -4.51307e-05
-8.7939e-08 -7.54022e-06 -4.2353e-06
5.8618e-06 -2.45344e-06 -1.66535e-05
4.58594e-06 3.96602e-07 -2.73817e-05
-2.89661e-06 -6.67656e-06 -4.51154e-05
1.3054e-06 1.17048e-05 -4.24368e-05
VECTORS reaction_forces float
-0.000147765 -6.86644e-05 0.00218457
0 0 0
-0.000250156 -0.000215086 0.00290638
0 0 0
-0.000182242 -4.74e-05 0.00206024
0 0 0
-0.000155395 1.2859e-05 0.00133723
0 0 0
-0.000133587 3.16971e-05 0.00198668
0 0 0
-0.000100577 -2.4375e-05 0.00156164
-0.000242868 -6.08548e-05 0.00329901
-0.000412538 1.33369e-05 0.00510273
-0.000205103 0.000109577 0.00246996
-8.7984e-05 7.82689e-05 0.00136018
-0.000199291 -9.60199e-05 0.00311713
-0.000389542 -0.000377917 0.00572874
-0.000466561 1.88353e-05 0.00722425
-0.000203727 0.000132932 0.00429876
-0.00026283 0.000337251 0.0065327
-0.000189448 -0.00022147 0.00272717
-0.000706595 -0.000212199 0.0107003
-0.000348528 -3.7048e-05 0.00621974
-0.000601518 0.000203997 0.0081264
-0.000142815 0.000158567 0.00374994
-0.000719943 -0.000136898 0.00580898
-0.000523851 -0.00047148 0.00721965
-0.00116805 -6.26072e-08 0.0118206
-0.000383155 0.000135506 0.00398148
-0.000475996 0.000535236 0.00934054
-0.000176814 -0.000229244 0.00272499
-0.000709649 -0.000198659 0.00774382
-0.000548046 7.55744e-05 0.00701245
-0.000895987 0.000437519 0.0139413
-0.000228471 0.000292838 0.00390006
-0.000141836 -7.11662e-05 0.00560919
-4.65595e-05 -0.000383397 0.00897226
-0.000684421 -1.24197e-05 0.0104597
-0.000325671 0.000102023 0.00390933
-0.000507491 0.000485324 0.00968756
-0.000121816 -6.51633e-06 0.00625087
-0.000129301 -0.000175538 0.00759438
-6.76995e-05 -9.23518e-05 0.0062798
-0.000449866 -6.78981e-05 0.00785339
-0.000256401 0.000273009 0.00445653
-0.000146704 -6.60754e-05 0.00166011
-0.000525717 -0.000225071 0.00326453
-0.000557757 -7.01183e-05 0.00376816
0.000112325 1.48112e-05 0.00441563
-0.00020851 0.000193375 0.00161922
-0.000298707 -8.54432e-05 7.71193e-05
-0.000260118 -0.000151769 -8.53672e-06
-0.000413114 1.52115e-05 0.000226326
-0.000200542 6.687e-05 1.88801e-05
0.000110197 -0.000293365 0.000303435
-0.000138768 -9.55126e-06 -0.00251989
-6.24378e-05 -0.000135088 -0.001526
0.000557652 0.00011896 -0.00672658
-7.15444e-05 -1.06812e-05 -0.00359646
-4.49341e-05 7.02493e-05 -0.00169488
-0.00016568 -0.000172287 -0.00483871
-0.000309388 -4.63472e-05 -0.00807255
-0.000322598 -6.66018e-05 -0.00314926
0.000178333 -0.000318723 -0.0100803
-6.02185e-05 5.62139e-06 -0.00523343
-0.000447766 -0.000430467 -0.00877596
-0.00024038 -0.000155754 -0.00472235
-0.000942244 -0.000225244 -0.0104243
-0.000446261 0.000166286 -0.00411916
-0.000361457 0.000643227 -0.00813645
-0.000550369 -0.000268788 -0.0136681
-0.000195657 -0.0002733 -0.00337819
-0.000515398 -6.37242e-06 -0.00988164
-0.000779399 0.000328812 -0.0104587
-0.000142785 0.000230413 -0.00360713
-0.000381885 -0.000492084 -0.00916523
-0.000369966 -3.18335e-05 -0.00588734
-0.000842264 0.000131913 -0.0111476
-0.000203398 6.38504e-05 -0.00218062
-0.000658941 0.000569857 -0.0110482
-0.000359996 -9.33885e-05 -0.00812761
-0.000109012 -0.000175618 -0.00588547
-0.000379746 -9.58046e-07 -0.00571629
-0.000803288 5.53775e-05 -0.00954134
-0.000294381 0.00019838 -0.00486305
-0.000333418 -0.000443404 -0.00696788
-0.000417572 -5.80504e-05 -0.00345586
-0.000647444 7.34599e-05 -0.00591874
-0.000510192 0.000123067 -0.00392904
-0.000542961 0.000499155 -0.00750146
-0.00103125 -0.000691105 -0.00430165
-0.000479976 -0.000541766 -0.00268937
-0.00401181 -1.36671e-05 -0.0118676
-0.00150737 0.000841582 -0.00526943
-0.000449323 0.000481983 -0.00258201
-0.00280234 -0.00296128 -0.0118323
-0.0038871 -0.00209353 -0.015813
-0.00585054 0.000165846 -0.020703
-0.00230735 0.00115551 -0.00905859
-0.00483219 0.00554024 -0.0252816
-0.00357262 -0.0016871 -0.013168
-0.000774306 -0.00074368 -0.00323504
-0.00262544 -7.31208e-05 -0.00800311
-0.00349538 0.00143498 -0.01253
-0.000827956 0.000797977 -0.00342507
0.000275313 -2.11177e-05 0.0020939
0.000345325 -0.000168149 0.00290742
0 0 0
0 0 0
5.42092e-05 -4.43203e-05 0.00121446
0.000463955 -0.000220701 0.00502905
0.000187155 -3.95914e-05 0.00404587
0.000155957 -0.000213768 0.00629521
0.000193119 -0.000205914 0.00389758
0.000725222 -0.000226999 0.00963748
0.00038441 -0.000141785 0.00641562
0.000961192 -0.00066539 0.0139484
0.000181034 -0.000191266 0.00367811
0.000725518 -0.000374671 0.0141769
0.000321433 -0.000163419 0.00410735
0.000490576 -0.000555675 0.00970133
0.000269658 -0.0001367 0.00550254
0.000510319 -0.000262328 0.00845418
-5.48307e-05 6.23502e-05 0.00250919
0.000383631 -0.000214804 0.0025594
-0.000168717 0.000121972 4.23812e-05
-3.86372e-07 6.02777e-05 0.000188855
0.000378268 -0.000150627 -0.00264017
0.000167785 -0.000156563 -0.00139963
0.000277292 -0.000345932 -0.00647849
0.000796205 -0.000433153 -0.00879218
0.000488932 -0.000161339 -0.0117143
0.000348846 -0.000169187 -0.00550026
0.00057647 -0.000177963 -0.0140264
0.000146952 -0.000143748 -0.00366977
0.000414771 -0.000490487 -0.00708872
0.000192592 -0.000105694 -0.00359104
0.00093847 -0.000363612 -0.0116199
0.000210599 -0.000186405 -0.00271132
0.000551121 -0.000684943 -0.0069393
0.000317301 -7.09677e-05 -0.00319907
0.00104 -0.000557236 -0.00442955
0.000272277 -0.000289438 -0.00147216
0.00425089 -0.00487632 -0.0208326
0.00491274 -0.00194336 -0.0171003
0.00441897 -0.00180163 -0.015503
0.000832004 -0.000890997 -0.00344748
0.000112568 8.99655e-06 0.0013681
0 0 0
0.000622888 2.10802e-05 0.00614397
0.0004953 1.48942e-05 0.00665773
0.000331272 -7.9946e-06 0.00430332
0.000729153 -5.32853e-05 0.0140886
0.000298044 4.95007e-05 0.0092957
0.00112361 9.70672e-05 0.0163939
0.000413702 -1.17168e-05 0.00360247
0.000528712 -8.57348e-05 0.00422919
-0.000582073 6.62421e-05 -0.000214099
0.000287915 -3.21826e-05 -0.00586209
0.000631659 -0.000108613 -0.004811
0.000870498 -8.84305e-05 -0.0140223
0.000445495 1.889e-05 -0.00557972
0.000799629 -5.45129e-05 -0.0148022
0.000290797 1.92351e-05 -0.00424552
0.00081726 6.86099e-05 -0.00715272
0.00221524 7.06917e-05 -0.00740766
0.00586595 0.000107323 -0.0181543
0.00268237 7.51044e-05 -0.00793302
0.000126399 -3.27412e-05 0.00178242
0 0 0
0.000423222 0.000237361 0.00422066
0.000425466 0.000208613 0.00479264
0.000677804 0.000281798 0.00951147
0.000273543 7.10875e-05 0.00428447
0.000563314 0.000323736 0.0124233
0.000396098 0.000170336 0.00456137
0.000626157 0.000283113 0.00824741
0.000294479 0.000152537 0.00264551
-6.95557e-05 -1.49458e-05 -0.000359394
9.98869e-05 0.000166469 -0.00424952
0.000236605 -9.59562e-05 -0.0104919
0.00023663 0.000132007 -0.0060821
0.000486662 0.000433413 -0.0147478
0.000281175 0.000178321 -0.00335012
0.000534257 0.000358041 -0.00697058
0.000582931 0.000143944 -0.00443133
0.00120037 0.00067467 -0.00564861
0.005669 0.00251193 -0.022055
0.00386646 0.00170718 -0.0133061
7.19175e-05 -4.77122e-06 0.0021611
0 0 0
6.40681e-05 5.84023e-05 0.00111111
0.000682004 0.000654426 0.00773168
0.000147738 0.000168718 0.00210212
0.000586458 0.00051026 0.00982559
0.00020026 0.000254366 0.0034244
0.000255875 0.000359184 0.00997233
0.000110735 0.000105055 0.00481787
0.000124794 6.86131e-05 0.00202534
0.000414977 0.000462876 -4.86232e-05
0.000147094 0.000218629 -0.00176256
0.000173168 7.48065e-05 -0.00488112
0.000461629 0.000222381 -0.0113847
0.000242419 0.000256462 -0.00331565
0.000668288 0.000651304 -0.00871598
0.000420446 0.000346154 -0.00514435
0.000576144 0.00075082 -0.00764531
0.000520695 0.000601212 -0.00340459
0.00508171 0.00534051 -0.0240907
0.000830409 0.000812581 -0.003405
1.1847e-05 -6.30832e-05 0.00120908
0 0 0
-0.000270103 -0.000292151 0.00341148
-0.00017088 -0.000355039 0.00560907
-0.000370476 -0.000829484 0.0104833
-0.00020094 -0.000389363 0.00440392
-0.000223802 -0.000819833 0.0114337
-8.21786e-05 -0.000285806 0.00290527
-0.000254867 -0.000426202 0.00788471
-0.000163525 -2.56324e-05 0.00394455
-8.66136e-05 -0.000116065 4.97227e-05
-6.5821e-05 -0.000221496 -0.00253242
-0.000183852 -0.000580377 -0.00880797
-0.000221525 -0.000545222 -0.00733363
-0.000389171 -0.000637625 -0.0138497
-0.000146334 -0.000342743 -0.00534004
-9.93743e-05 -0.000640338 -0.00945509
1.5634e-05 -0.000423762 -0.00430049
-0.000421328 -0.000849865 -0.00356848
-0.000499558 -0.00116206 -0.00298775
-0.00214144 -0.00488482 -0.0201109
6.44709e-05 -6.37502e-05 0.00160516
0 0 0
8.71969e-06 -0.000345566 0.00491305
-9.33567e-06 -0.00031542 0.00662128
-3.83278e-05 -0.000361042 0.00488511
-0.000136841 -0.00119216 0.0120345
8.31455e-05 -0.000295432 0.00593405
5.23971e-05 -0.000878559 0.0117688
-0.000130865 -0.000254426 0.00536782
8.88818e-05 0.000417762 0.0060449
-2.10056e-05 -0.000124371 4.24393e-06
7.85225e-05 -0.000407659 -0.00401456
6.12707e-05 -0.000391329 -0.00449284
6.71047e-05 -0.00076459 -0.0132258
-5.55988e-06 -0.000358518 -0.00408984
5.17816e-05 -0.000889448 -0.0115471
5.7797e-05 -0.0004937 -0.00570979
4.49329e-05 -0.000732097 -0.00694718
0.000104469 -0.00322466 -0.0111816
-0.000289754 -0.00479512 -0.0155681
-0.000524088 -0.00329409 -0.013107
3.39054e-05 -1.51192e-05 0.00122406
0 0 0
0.000141388 -0.000313265 0.00373495
8.32368e-05 -0.00028874 0.00486589
0.000120772 -0.000611798 0.00787036
0.000150568 -0.000479585 0.00422967
0.000447658 -0.000712858 0.0160222
0.000158768 -0.000345697 0.0043412
0.000254434 -0.000619701 0.00587756
0.000100564 -0.00011969 0.00318272
4.67046e-05 -9.12491e-05 4.7488e-05
-0.000206526 0.000146595 -0.00428901
0.000259131 -0.000418764 -0.00650561
0.000233046 -0.000242795 -0.00404459
0.000414458 -0.000765337 -0.0143274
0.000100794 -0.000572632 -0.00742471
0.000280441 -0.000958122 -0.0120858
0.000123918 -0.000524134 -0.00369364
0.00124862 -0.0017214 -0.00691432
0.000949056 -0.00358189 -0.013734
0.00129251 -0.00429412 -0.0162348
-9.71293e-07 -3.623e-05 0.00139383
0 0 0
-5.54211e-06 -3.15589e-05 0.00147162
0 0 0
-1.11026e-05 -9.22239e-07 0.00129581
0 0 0
-0.000151148 0.000211077 0.00335643
7.16636e-06 0.000313415 0.00584734
0.000142269 0.000263095 0.00334734
-0.000228317 0.000433723 0.00607049
-3.64257e-05 0.000510744 0.00705649
0.000177438 0.000296785 0.00374794
-0.000297305 0.00078507 0.0101254
-4.71939e-05 0.000346796 0.00482528
0.000250438 0.000514536 0.00641264
-0.000238615 0.000528362 0.00852317
-4.55821e-05 0.000917737 0.0131814
0.000156199 0.000302954 0.00537746
-0.00016429 0.000917 0.0104805
9.17931e-06 0.000661862 0.00754542
0.000173476 0.000689101 0.0167884
-5.77808e-05 0.000344707 0.00576459
-5.02197e-05 0.00110919 0.0108802
6.67241e-05 0.000282 0.00422078
-3.66018e-05 2.32553e-05 0.00927744
-1.6138e-05 0.000291991 0.00217426
-0.000138251 -0.000264067 0.00890967
-0.00033833 0.000109698 0.00421951
-1.41112e-05 -0.000571571 0.00604392
0.000295761 0.000152156 0.00328381
-3.8743e-05 0.00012165 -3.27406e-06
-1.31465e-06 0.000483238 -0.000286476
0.000168731 0.000377563 -7.56197e-05
0.000117055 0.000183304 -0.00336991
0.000150315 -0.000247628 -0.00548768
0.000162311 0.000325664 -0.00305234
-0.000259619 0.000611212 -0.00637801
-3.84698e-05 0.000314831 -0.00299749
-2.9608e-05 -0.000117603 -0.0104
-0.000330916 0.000592406 -0.00649606
-0.00025288 0.00118636 -0.0133215
0.000127298 0.000451631 -0.00539534
-0.000204418 0.000937813 -0.0138654
5.18726e-05 0.000256772 -0.00785684
0.000325497 0.000582529 -0.0128647
-0.000143334 0.000436108 -0.00549266
2.54144e-05 0.000822203 -0.00913213
0.000163306 0.000361959 -0.00378682
-0.000336208 0.000826856 -0.0121179
5.49009e-06 0.000448428 -0.00522113
0.000385061 0.000718272 -0.00876141
-9.03189e-05 0.000220321 -0.00215384
-8.86757e-05 0.000896544 -0.00875254
0.00022357 0.000431289 -0.00404278
-0.00025144 0.000488881 -0.0024696
2.64257e-05 0.00179749 -0.00611605
0.00134006 0.00262635 -0.0110675
-0.000694805 0.00223658 -0.00585349
-3.23303e-05 0.00524491 -0.0158403
0.000741081 0.00182533 -0.00465582
-0.00201451 0.00479736 -0.017312
-0.000116145 0.00245117 -0.0079191
0.00254629 0.00563614 -0.0209826
0 0 0
0 0 0
0 0 0
0 0 0
0 0 0
0 0 0
0 0 0
0 0 0
0 0 0
-0.00528466 -0.00512976 -0.0335225
-0.00933639 -0.00093028 -0.0613739
-0.00530376 0.00483758 -0.0377685
-0.00075521 -0.00925105 -0.0514142
-0.00168856 -0.00059699 -0.0472099
-0.000338347 0.00594267 -0.0398959
0.00297389 -0.00303896 -0.0182602
0.010005 0.00106809 -0.0516872
0.00337964 0.00321891 -0.0205983
-0.000243399 -0.000628392 -0.00110204
0.000324316 -0.00048059 0.000751593
4.9724e-05 -7.0934e-05 -0.000319356
6.55641e-05 0.000263291 -0.0023238
0.000205035 -0.000174713 -0.00316612
0.000122297 -0.00025653 -0.000172626
0.000275009 -0.000143257 -0.00290101
0.000141761 -0.000218748 -0.000743732
-7.24165e-05 -0.000228376 -0.00243054
0.000115766 0.00189974 0.00123045
3.07769e-05 4.19657e-05 0.00014722
0.0010149 3.99115e-05 -0.000199697
5.22809e-05 -0.000126123 0.00012259
0.00120157 -0.00099932 0.00180761
0.000216555 0.000250306 0.00147847
-0.000710677 8.37107e-05 0.00680166
0.000543702 -0.00047498 0.00405797
0.000137685 -0.000417678 0.00181287
0.000169084 -7.0183e-05 0.00126642
-0.000148821 -0.000129244 -0.000131195
-0.00395984 0.00375625 -0.0423257
0.000189963 -0.000129638 0.00102947
-4.68265e-05 -7.80471e-05 0.000445485
-0.00414315 -0.00682743 -0.0590738
0.000151889 0.000808535 -0.00452618
0.00023075 -0.000337981 -0.00176819
-0.000523838 -0.000301591 -0.00290324
-0.000146713 0.000686678 -0.001362
-0.000832452 -7.70846e-05 -0.00379653
-0.000285305 0.000165673 0.00268808
-0.000839681 -0.000926755 0.00137314
-0.000722371 -2.74639e-05 0.0024811
0.00541803 -0.00512075 -0.0468593
-0.00107958 0.000110459 0.00605826
0.00437066 0.00472771 -0.0457466
0.00125958 7.49867e-05 -0.00408447
3.12935e-05 -2.95883e-05 -0.000132233
7.15577e-06 -4.47583e-05 -7.86122e-05
-0.000519737 0.000593988 -0.00363113
0.000602148 0.000133973 -0.000650071
0.000712024 0.000342161 0.00101483
-0.000146823 0.00148423 0.00172332
0.000208709 -9.81789e-05 0.000632092
-0.000168218 -2.99811e-05 -0.000217352
-0.000137072 -0.000169265 0.00310685
0.000190742 0.000238985 0.00319506
-5.50892e-05 0.000108491 0.00162756
-0.000175194 -2.11151e-06 0.00124627
-3.84153e-09 1.89473e-05 0.00107479
0.00371689 0.00189942 -0.0200971
-0.000105954 1.27573e-05 0.00815799
-0.000534059 -6.06196e-05 0.00243874
-0.000803464 -0.000476249 0.00863432
-5.42934e-05 -0.000322074 0.00230502
-0.000307345 7.65431e-05 0.00200772
-0.000157946 0.00015763 0.00227129
-0.000262078 0.000557203 0.00245779
-0.000341608 0.000161568 0.00311925
-0.000286258 -0.000564968 0.00408091
-0.000533434 -0.000496242 0.0082225
-0.000288327 0.000406439 0.00398155
-0.000352837 -0.000265878 0.00473343
-0.000769456 8.74527e-05 0.0133704
-0.000591521 -0.000370073 0.0131745
-0.000337446 -0.000330071 0.00758487
0.000116602 -0.000347367 0.00847051
0.000365395 0.000865478 -0.000570374
-0.000157251 0.000167027 0.00703724
0.00083973 0.000237148 0.00909809
0.000549544 -2.45785e-06 0.0107102
1.63121e-05 -0.000323058 0.00765097
0.0015239 -0.00017729 0.00597217
0.000711425 -0.000446447 0.00601302
0.00108122 0.000650333 0.00184662
0.000525661 0.000877891 0.0018515
0.000785079 -0.0011212 0.00479661
0.00105135 -0.000301678 -0.000969267
-2.62277e-05 -8.14086e-05 -0.000813148
0.00034475 0.000378907 -0.00539239
0.000800991 -0.000756036 -0.00378714
-3.91985e-05 0.000100589 3.94992e-05
0.000233074 -0.00133984 0.000431664
-0.000106156 -0.000317625 -0.0135747
0.00174038 0.000327056 -0.00516239
8.5867e-05 -3.61197e-05 -0.0018146
-3.62832e-07 0.000602139 -0.0142475
8.0666e-05 0.000252556 -0.0024379
0.000170827 -0.00013377 -0.0171542
0.000435586 -0.00129261 -0.00754344
0.000896357 0.000225702 0.000187749
0.000366941 -4.02278e-05 -0.00613306
-0.000292424 -0.000122619 -0.0148894
-0.000517489 0.000145219 -0.0106726
-0.000392096 0.000133357 -0.0048738
-0.000127621 -0.000578157 -0.0113816
-0.000278562 6.99407e-05 -0.00696982
-3.73367e-05 0.000156004 -0.00863951
-9.36158e-05 -0.000245636 -0.00173624
-0.000190614 -7.60375e-06 -0.00644339
8.46313e-05 -7.6496e-05 -0.00274233
-0.00116257 0.000159639 -0.00563336
-0.000479668 0.000577345 -0.00918036
-4.32798e-06 -0.000194355 -0.00386215
-0.0018576 -0.00022658 -0.00579437
-0.0007844 -0.000814153 -0.0034003
-0.000973674 0.00221168 -0.00882751
-0.00239715 0.00166522 -0.00866172
-0.000868538 0.00015176 -0.00214728
-0.00576761 0.00107763 -0.024362
-0.00204919 -0.00355724 -0.0110088
0.000162692 0.0097817 -0.0355545
0.000666628 -6.99254e-05 0.00408864
0.000181335 -3.19054e-06 0.00134258
0.000194949 -0.000611743 0.00302729
0.000335241 -0.000349957 0.00450856
0.000479763 -0.000195307 0.00704927
0.000582945 -3.84091e-05 0.00499775
1.54731e-05 -0.0005395 0.00507265
0.00020347 -0.000754484 0.0203469
0.00112242 -5.83153e-06 0.0150255
-0.000958719 -0.000133546 0.00763508
-7.86785e-05 0.000297946 7.84079e-05
-0.0014428 0.000826655 -0.00590892
-0.00211927 -0.000287611 -0.00244858
-0.00135611 0.000548811 -0.0110453
2.40253e-05 0.000422817 -0.00322693
-0.00045967 0.00114217 -0.0159508
0.000425738 -0.000382974 -0.011315
7.62074e-05 0.000186747 -0.0196534
0.000490446 -0.000464594 -0.00619843
-4.49039e-05 -0.000237445 -0.00430193
-0.000138392 0.000373993 -0.000605841
0.000382608 -0.000177267 -0.00575411
8.55646e-05 -0.000100034 -0.000882157
0.000222899 -0.0011069 -0.00679626
0.00115707 -0.00122331 -0.00690872
0.000462469 -0.000858729 -0.00353193
0.000791054 -7.45219e-05 -0.00484698
0.00243609 -0.000804711 -0.00752445
0.00101643 -0.00214655 -0.0100142
0.00341304 -5.36139e-05 -0.0128073
0.000440072 0.00034431 0.00274379
0.00011659 0.000121228 0.0150287
-0.000658146 -0.000630495 0.0123201
0.000334682 0.000194681 -0.0087254
0.000521746 8.93093e-05 -0.00316699
0.000229118 0.000295062 0.00279771
0.000451684 0.000483958 0.00521668
-0.000604904 -0.000397718 0.00321449
-0.000932154 -0.00104242 -0.00155796
-0.00140136 -0.00167756 -0.00896582
0.000401559 0.000245341 -0.0113861
0.000404429 0.000125351 -0.00630136
-1.31419e-05 0.000504069 0.00308789
0.000318632 0.000549019 0.00502156
0.000316679 0.00102144 0.0131232
1.54449e-05 0.000215934 0.0122186
1.64914e-05 -0.00120551 0.0157398
-0.000199428 -0.000537385 0.00337321
-0.000317886 -0.00281052 0.000491742
-8.33973e-05 -0.00018694 -0.00266775
0.000381672 -0.000735384 -0.00999934
0.000465442 0.000809914 -0.0181044
2.32449e-05 -0.00011231 0.00039169
-8.0077e-05 -0.000224999 0.00771151
-0.000343269 0.00118447 0.0127136
-0.000348558 -0.000235195 -0.0134563
-0.000198527 -0.00036584 -0.00415404
6.03721e-06 0.000482495 0.0112178
-3.78441e-05 0.000351888 0.00383247
-0.000302266 -0.000359186 -0.00864426
-4.15605e-05 0.000646568 -0.00707601
-1.04676e-06 0.000222466 0.000825884
-0.000364498 -0.000994736 -0.00451673
0.0011102 -0.000740195 -0.00319604
-0.000546403 -0.00124556 -0.00234586
-0.000102219 -0.000429475 0.00134819
-0.00351786 -0.00212316 -0.0152743
-0.000220242 -0.000312633 -0.00165148
-0.000380788 0.000407855 0.00172399
0.000262297 0.00189332 -0.00348583
-0.00109451 -0.000473764 -0.000837454
-2.54337e-06 -4.4641e-05 -0.00336421
2.50406e-05 -0.00060183 -0.000247723
0.000544385 0.00022212 -0.000611632
0.000510023 0.000340291 -0.000956063
-0.000341761 0.000331665 0.0068322
-1.74624e-05 -4.61884e-05 0.000148493
5.18003e-05 -7.24873e-05 0.00317319
-4.60754e-05 0.00050955 -0.00195372
-0.000170403 0.000292883 0.00452326
2.63518e-05 4.50337e-05 0.000362825
0.000282987 -0.000472697 -0.00214591
-1.4974e-05 -2.45098e-05 -0.000225344
9.38022e-05 0.000226972 -0.000133732
-0.000499508 0.000118551 0.00871978
3.64589e-05 0.000128483 0.000260318
-2.55053e-06 -0.000101925 -0.000679543
4.25891e-05 5.33232e-05 0.000210606
0.000338815 6.91482e-06 -0.000474875
-5.09467e-05 0.000191103 0.00198845
-2.57275e-05 4.991e-05 0.000451042
8.50644e-05 0.000514647 -0.00220354
-0.000134176 0.000499765 0.00885181
1.66482e-06 6.25713e-05 -0.000159107
1.19112e-05 -0.000272972 0.00117137
-4.60025e-05 -0.000128545 -0.000282429
-1.22027e-05 -4.2009e-05 -0.000170201
2.29568e-05 -5.29118e-05 -0.000275934
-1.54205e-05 7.37868e-06 4.24518e-05
-0.000184377 0.000389256 -0.000963747
2.09537e-06 -2.18902e-05 -0.000108714
-8.61501e-06 8.43226e-07 4.19636e-06
-4.27519e-06 -6.3599e-06 5.23103e-05
-9.713e-06 -1.02269e-05 -6.00581e-05
-8.71739e-06 -3.9075e-05 0.000164294
0.000313265 0.000212686 -0.00356101
-9.68243e-05 0.000478141 -0.00116986
2.08517e-06 -1.41042e-05 -8.18276e-05
-1.12222e-05 9.39626e-06 7.09653e-05
0.000101651 4.02226e-05 -0.000999263
0.000436886 0.000126828 -0.000673854
5.66416e-05 3.84361e-06 -0.000442419
-1.89261e-07 3.7087e-05 -5.5448e-05
7.10819e-06 -8.95582e-06 -4.65363e-05
0.000106963 -8.57366e-05 -0.000753905
2.48141e-05 0.000173377 -0.000226511
4.42567e-05 -9.38497e-06 0.000907552
3.68178e-05 0.00044073 -0.00205263
5.78563e-05 -2.10187e-05 -0.000399551
4.63488e-06 -1.32531e-06 -3.1963e-05
-4.22042e-05 0.000113406 -0.000458955
8.28297e-05 -1.69173e-05 -0.000328041
-5.97078e-06 -1.79017e-06 -4.7816e-05
-6.1178e-06 6.13371e-06 6.13112e-05
-6.7727e-05 2.7516e-05 0.00167778
2.03934e-06 -5.91961e-06 -2.47315e-05
-4.49522e-06 4.89014e-06 6.16964e-05
2.90646e-05 -1.6879e-06 -0.000139983
4.29865e-05 -1.00518e-05 -0.000217138
2.51776e-05 -8.01572e-06 -4.61526e-05
2.56162e-05 1.17794e-06 -0.000167353
1.88651e-05 -3.65323e-06 -0.000123636
-0.000252095 6.5188e-05 0.00188909
-4.19162e-05 2.64198e-05 0.00084437
-0.000110599 7.80108e-05 0.00205905
-0.000123431 0.000266684 0.00463088
-0.000214381 -5.03346e-05 0.00208892
0.000672628 0.00145114 0.0058925
0.000150262 0.000281884 0.00114007
-0.000386668 0.000178673 0.00896986
0.000102233 0.000184365 -0.00125582
-0.000183342 0.000236223 -0.00120999
-0.00010452 9.29983e-05 -0.000915404
0.000146651 0.000484815 0.00128953
0.00016269 0.000166734 0.000973535
0.000155163 -2.14293e-05 0.000421975
0.000228841 -0.000224354 0.000816913
0.000604065 0.000673471 -0.000266032
-0.000938858 0.0014316 -0.000163982
-5.01531e-05 2.84935e-05 -0.000232739
-2.64438e-05 2.83123e-05 -0.000187463
1.84061e-05 -1.27087e-05 4.12862e-05
-3.65558e-05 -2.66754e-05 0.000484224
2.63891e-05 6.86218e-05 -0.000141063
7.89721e-06 2.93729e-05 -5.93283e-05
5.53279e-06 -6.47704e-05 0.00160191
-3.84645e-05 -5.12188e-05 0.00120773
-1.86182e-05 -0.000118461 0.00116302
-0.000157312 -2.2389e-05 0.00214582
-0.00137012 0.000610292 0.00444646
-0.00112796 0.000571333 0.000901743
-0.000507691 0.000241156 -0.000875625
2.5316e-06 -6.23767e-07 -1.49956e-05
0.000284065 -3.18577e-05 -0.00259003
-4.88588e-05 -4.92588e-06 0.00120993
0.000479578 -0.000370042 -0.00182757
2.77835e-06 8.57885e-09 -1.65073e-05
-0.000202378 -0.000325405 -0.00230345
2.71965e-05 0.000180526 -0.000885175
VECTORS nodal_velocity float
-4.32854e-05 -3.61504e-05 0.000775069
0 0 0
-1.75976e-05 -3.81048e-05 0.000669851
0 0 0
-4.3807e-05 -4.21693e-05 0.000893312
0 0 0
-9.20943e-05 1.80379e-05 0.000612309
0 0 0
-1.7355e-05 -7.25018e-05 0.000899816
0 0 0
-3.49606e-05 0.000127934 0.00172615
-0.000115059 1.17578e-05 0.00157417
-8.875e-05 1.80109e-05 0.00170381
-0.000129938 5.76099e-05 0.00163425
-0.000103233 0.000102741 0.00173863
-0.000129353 -0.000127002 0.0024576
-0.000141754 -0.000191933 0.00241816
-0.000143004 1.27154e-05 0.00217825
-1.0989e-06 2.06388e-05 0.00222329
-7.22882e-05 0.000114185 0.00252616
-0.000295168 -0.000317504 0.00297749
-9.90957e-05 2.59634e-05 0.0023855
-0.000109109 4.49229e-05 0.00262313
-0.000247086 0.000130352 0.00303885
-0.000102962 6.23103e-05 0.00296549
-0.000463755 -8.90894e-05 0.00240543
-0.000261779 -0.000180909 0.00331409
-0.000372685 -7.9191e-05 0.00296694
-0.00040423 0.000200475 0.00322776
-0.000156912 0.000201312 0.00304443
-0.00034727 -0.000439373 0.00322607
-0.000373856 -9.57695e-05 0.00321268
-0.00028906 1.94305e-05 0.00289931
-0.00014745 9.80955e-05 0.00270314
-0.000248274 0.000316144 0.00295147
-2.90588e-05 -4.12202e-05 0.00261946
3.56702e-05 -8.31776e-05 0.00215112
-0.000323571 1.03645e-06 0.00262564
-0.000285173 0.000126446 0.00254935
-0.000184913 0.000199375 0.00234991
-0.000132691 -1.52596e-05 0.00160733
-5.53632e-05 -0.000105822 0.0017881
2.4581e-05 1.18727e-05 0.0020144
-0.000230156 -8.06723e-05 0.00173376
-0.000102579 0.000146408 0.00159792
-0.000161246 -0.000147118 0.000887221
-0.000227337 -0.000131844 0.00108831
-0.00046348 1.63769e-05 0.00109484
9.22826e-06 1.9293e-05 0.000969116
-0.000302449 0.000241842 0.000915154
-0.000344097 -0.000133288 8.45455e-05
-0.000174518 -9.42358e-05 1.36858e-05
-0.000143886 1.50757e-05 -5.03422e-05
-0.000345429 0.000166998 1.94576e-05
2.90511e-05 -5.11774e-05 1.83622e-05
-6.96608e-05 4.21167e-06 -0.000930129
-9.58319e-05 -0.000219155 -0.000910104
5.37058e-05 -1.71354e-05 -0.000750135
-0.000121818 -1.46024e-06 -0.000922528
-0.000139534 0.00017409 -0.000705784
-9.14944e-05 -0.000124582 -0.00186012
-0.000123326 -4.88232e-05 -0.0015389
-0.000462438 1.85296e-06 -0.00199645
2.93798e-05 3.18147e-05 -0.001308
-8.98829e-05 -4.91024e-05 -0.00176299
-0.000156147 -0.000149945 -0.00260222
-0.00011403 -7.24946e-05 -0.00195135
-0.000377518 -0.000133108 -0.00265966
-0.000535263 0.00023953 -0.0026088
-0.000144362 0.000351149 -0.00245258
-0.000112751 -0.000110592 -0.00187204
-0.000273089 -0.000340082 -0.00303308
-0.000267878 6.78715e-05 -0.00277486
-0.000194104 0.000124834 -0.00328684
-0.000128218 0.000167042 -0.00297585
-5.214e-05 -0.000249273 -0.00274649
-0.000239276 2.80717e-05 -0.00239896
-0.000320778 3.83346e-05 -0.00310905
-0.000387863 0.000134627 -0.0039081
-0.000286585 0.000211298 -0.00259627
-0.000134158 -9.09966e-05 -0.00302273
-5.00699e-05 -2.42697e-05 -0.00265609
-0.000179282 3.15644e-05 -0.00294311
-0.000326423 -3.84861e-06 -0.00293079
-0.000105392 0.000120923 -0.00247038
-5.64066e-05 -0.000204312 -0.00263474
-0.000103566 -3.1665e-05 -0.00314419
-0.000190311 6.23496e-05 -0.00239844
-0.00013414 3.2645e-05 -0.00268451
-0.00016999 -7.31247e-06 -0.00252904
-0.000501117 -0.000424454 -0.00281141
-0.000395493 -0.000364115 -0.00261414
-0.000999893 0.000182464 -0.00106705
-0.00059869 0.000391067 -0.00220709
-0.000328385 0.000345288 -0.00261335
-0.000989313 -0.0010823 -0.00259595
-0.000980336 -0.000740773 -0.00377075
-0.000995764 -7.05906e-05 -0.00234867
-0.00112998 0.00067473 -0.00331281
-0.000895662 0.00106602 -0.00285166
-0.00379346 -0.0018717 -0.0108447
-0.00326224 -0.00300562 -0.0113207
-0.00494977 -2.15132e-06 -0.0114933
-0.00381941 0.00190773 -0.010615
-0.00327117 0.0030117 -0.0115741
7.02367e-05 -9.5256e-06 0.000752122
7.31885e-05 3.36165e-05 0.000816537
0 0 0
0 0 0
-2.68306e-05 8.92437e-06 0.00191306
0.000203621 -0.000108365 0.0016006
-2.97003e-05 -8.6998e-06 0.00248291
-3.22557e-05 -4.95619e-05 0.00253391
0.000185731 -0.00023212 0.00249403
0.000307747 -8.3016e-05 0.00290336
0.000135214 -2.06943e-05 0.00287519
0.000199236 -0.000200637 0.00210102
7.14572e-05 -7.16754e-05 0.00267616
0.000212931 -0.00015589 0.00254274
0.000201151 -0.000114741 0.00250247
0.000189991 -0.0002323 0.00226521
0.000188287 -2.35427e-05 0.00168832
9.37941e-05 -7.18308e-05 0.00184602
-5.60535e-05 -7.74679e-05 0.0010172
0.000359123 -0.000228062 0.00104596
-0.000113347 4.59033e-05 -1.05653e-05
0.000125612 -2.36443e-07 0.000166018
0.000374709 -0.000119619 -0.00106309
0.000234936 -0.000240276 -0.00094814
0.000179323 -0.000220382 -0.00179071
0.000240343 -0.000206767 -0.00185371
8.9341e-05 1.62751e-05 -0.00212908
0.000253395 -0.00011183 -0.00235481
0.000106371 -7.49314e-05 -0.0026562
7.15203e-05 -9.7244e-05 -0.00269346
0.000262473 -0.000320902 -0.0032185
0.000170152 -0.000118465 -0.00337784
0.00030032 -9.63865e-05 -0.00273238
0.000220751 -0.000190699 -0.00310951
9.65865e-05 -0.00019596 -0.00225847
9.71254e-05 -6.90618e-05 -0.00297452
0.000458855 -0.000169918 -0.00254516
0.000455114 -0.00043939 -0.00259092
0.000822916 -0.000893009 -0.00252479
0.00139253 -0.000537836 -0.00298998
0.00337006 -0.00172732 -0.00936255
0.00324854 -0.00353598 -0.0114266
3.33565e-05 1.76626e-05 0.000624661
0 0 0
0.000146809 2.31783e-05 0.00162302
0.000150144 -9.88645e-06 0.00255186
0.000248502 1.70244e-06 0.00308639
0.000159579 -2.89403e-05 0.00298849
0.000118852 2.51779e-05 0.00284181
0.000366689 -3.03584e-06 0.00226717
0.000317577 -3.52661e-06 0.00183837
0.000280778 -5.23506e-05 0.00089652
-4.42064e-05 1.90589e-07 -3.69286e-05
0.000106782 4.72516e-06 -0.000882431
0.000437774 -1.96833e-05 -0.00170746
0.000129737 1.32307e-05 -0.00232909
0.000473753 2.16126e-05 -0.00292596
0.000159502 -2.33233e-05 -0.00299659
0.000203879 3.74453e-05 -0.00312575
0.000313858 3.14209e-05 -0.00229634
0.000482125 4.106e-08 -0.00186181
0.00136819 -8.08024e-05 -0.0024878
0.0048952 0.000103424 -0.0114768
-3.57268e-06 -3.63229e-05 0.000875985
0 0 0
0.000130905 4.92886e-05 0.00139078
0.00019445 0.000113434 0.00223004
0.000212911 0.000112815 0.00298063
0.000286525 0.000106652 0.0031588
0.000127974 0.000108034 0.00268073
0.000265397 0.000132059 0.00248823
0.000196594 0.00018554 0.00188248
0.000284553 0.000126742 0.00110838
9.3608e-06 3.70721e-05 -0.000214953
9.27592e-05 0.000141069 -0.000935293
9.05103e-05 -6.85191e-05 -0.00154667
0.000175008 9.85553e-05 -0.00202222
8.89279e-06 7.47545e-05 -0.00233428
0.000502034 0.000273219 -0.00321874
0.000138167 0.000190243 -0.00300266
0.000193707 8.72964e-05 -0.00255045
0.000389975 0.000152463 -0.00239424
0.00122817 0.000615309 -0.00302506
0.0038032 0.00198582 -0.0102927
-1.58276e-05 -8.16052e-05 0.000881155
0 0 0
8.06637e-05 7.92326e-05 0.00181363
0.000200999 0.000114545 0.00212882
0.000194129 0.000234318 0.00317336
0.000177243 0.0001076 0.00290444
0.000304857 0.000413126 0.00285647
8.36807e-05 0.00011175 0.00207861
5.2948e-05 8.15734e-05 0.0016208
2.79881e-05 0.000101177 0.000857492
0.000204866 0.000215173 7.9629e-05
8.02067e-05 0.000221578 -0.00084816
0.000129199 5.84254e-05 -0.00156299
0.000128903 4.85549e-05 -0.00214296
0.000384753 0.000404197 -0.00299147
0.000316965 0.000302059 -0.00313668
0.000239263 0.000218604 -0.00278621
0.000196327 0.000168795 -0.00200326
0.000304506 0.000303266 -0.00237721
0.000920355 0.000900074 -0.00299398
0.00331011 0.00308452 -0.0115855
0.000106033 6.27381e-05 0.000818405
0 0 0
-0.000140713 -9.79506e-05 0.00120351
-5.37859e-05 -8.05564e-05 0.00215136
-5.4827e-05 -0.000255726 0.00262274
-0.000166251 -0.000315133 0.00319527
-4.40762e-05 -0.000301494 0.00294323
-0.000175539 -0.000416725 0.00294281
-9.35638e-05 -0.000170174 0.00195574
-9.30432e-05 -8.10055e-05 0.00127587
-0.000158876 -0.000259564 8.11324e-05
-3.7821e-05 -0.000149724 -0.00106388
-3.63473e-05 -0.000241878 -0.00160014
-0.000131692 -0.000290545 -0.0019279
-4.3988e-05 -0.000136863 -0.00237516
-6.40516e-05 -0.000272382 -0.00311597
-8.61879e-05 -0.00022054 -0.00323139
9.7789e-05 -0.00010264 -0.00303348
-0.000175157 -0.000389004 -0.00301543
-0.000903501 -0.00188953 -0.00411517
-0.000960244 -0.00220585 -0.00836864
5.29056e-05 5.14552e-05 0.00100823
0 0 0
1.75758e-05 -0.000160003 0.00202473
2.10647e-05 -5.26671e-05 0.00283756
-3.54702e-06 -0.000185816 0.00323229
-8.78729e-05 -0.000507088 0.00318136
7.34873e-05 -0.000121665 0.00290398
4.22305e-05 -0.00028704 0.00233482
-5.13648e-05 -0.0001094 0.00158624
-2.86852e-05 6.4807e-06 0.0009358
9.59884e-06 -0.00012743 -8.8475e-05
4.73822e-05 -0.000225221 -0.00107698
-1.44623e-05 -0.000203897 -0.00160488
7.25572e-05 -0.000113071 -0.00185234
2.68861e-05 -0.000489969 -0.00290446
6.94789e-05 -0.000264671 -0.00285832
5.18035e-05 -0.000254951 -0.00269814
3.6617e-05 -0.000215903 -0.0023146
5.45466e-05 -0.00074223 -0.00155263
8.10057e-05 -0.00172591 -0.00402996
-0.000252479 -0.00221652 -0.0090276
-3.09525e-05 0.000130799 0.00101763
0 0 0
0.000114978 -0.000124396 0.00174623
4.40971e-05 -0.000155953 0.00260438
1.09009e-05 -0.000257748 0.00339561
0.000202136 -0.000488478 0.0033228
0.000124386 -0.000135372 0.0027422
6.95988e-05 -0.000149071 0.0027979
0.000175647 -0.00044156 0.00217931
7.95205e-05 -8.8836e-05 0.00117758
0.000105658 -0.000237768 7.20948e-05
-6.29269e-05 -4.14104e-05 -0.000988934
0.000163829 -0.000212409 -0.0017166
0.000162741 -0.000233438 -0.00253713
0.00015504 -0.000303874 -0.00270688
-4.73509e-05 -0.00021102 -0.00285561
0.000137193 -0.000155259 -0.00268266
2.75374e-05 -8.05817e-05 -0.00259809
0.000390218 -0.000646317 -0.00189914
0.000461665 -0.00126107 -0.0033661
0.000964633 -0.00325515 -0.00931121
5.19351e-05 -0.000147838 0.000991499
0 0 0
2.47374e-07 -0.000109897 0.00100214
0 0 0
-3.98467e-05 -0.000128484 0.00105921
0 0 0
-5.14833e-05 9.99756e-05 0.00170078
-1.07223e-06 3.06069e-05 0.00188742
5.05606e-05 0.000167069 0.00184988
-9.97332e-05 0.000129041 0.0021352
-3.84686e-05 0.000178071 0.00232203
0.000176621 0.000207634 0.00271101
-8.70543e-05 0.000262625 0.00239516
-2.65992e-05 0.00014694 0.00309366
0.000132933 0.000303825 0.00325932
-0.000100753 0.000184206 0.00218991
-5.25035e-05 0.000242683 0.00335618
9.92345e-05 0.00015491 0.00299501
2.21023e-05 0.000255796 0.00248162
1.03773e-05 0.000394561 0.00314359
4.02913e-05 0.00013712 0.00244286
-2.29687e-06 0.000207898 0.00218584
-4.57086e-05 0.00043442 0.00293204
7.50575e-05 0.000226193 0.0021964
-2.82461e-05 3.97449e-05 0.0016691
-5.88075e-06 0.000577448 0.00244376
-1.29457e-05 2.03171e-05 0.00133948
-0.000134993 9.41691e-05 0.00101388
2.46569e-05 -0.000132801 0.00100371
0.000126079 0.000108945 0.000708806
-0.000119813 0.000209863 7.12371e-05
-3.83166e-05 0.00025424 -0.000124252
0.000121986 0.000289967 -1.82379e-05
5.0109e-06 0.000130981 -0.000907775
8.5529e-05 -8.27484e-05 -0.000815247
4.66675e-05 0.000162073 -0.00077631
-0.000170043 0.00035064 -0.00177619
1.9935e-05 0.000430416 -0.00204164
-3.96949e-05 2.46197e-05 -0.00151266
-0.000161074 0.00027514 -0.00222237
-0.00010867 0.000369027 -0.00262552
0.00014314 0.000332438 -0.00225405
-2.3436e-05 0.000170543 -0.0025071
4.56461e-05 3.01639e-05 -0.00278937
-5.68991e-05 6.50393e-05 -0.00263847
-0.000105219 0.000237591 -0.00279088
-2.21598e-05 0.000524041 -0.00352585
0.000195643 0.000405245 -0.00325638
-5.19298e-05 0.000183022 -0.00273181
-1.08465e-05 0.000228091 -0.00323838
9.84995e-05 0.0002225 -0.00303976
-0.000166102 0.000249898 -0.00358729
3.66569e-05 0.000231107 -0.00229455
0.000237506 0.000184416 -0.00262515
-0.000221575 0.000479047 -0.00328206
-2.47375e-05 0.000349837 -0.00195281
0.00012156 0.000399342 -0.00188168
-0.000670814 0.0016694 -0.0040113
0.000212995 0.00178641 -0.00261678
0.000619427 0.00155997 -0.00371167
-0.00169052 0.0030836 -0.00889899
-0.000149889 0.00451843 -0.0113372
0.00128861 0.00287329 -0.00764374
0 0 0
0 0 0
0 0 0
0 0 0
0 0 0
0 0 0
0 0 0
0 0 0
0 0 0
-0.000537226 -0.000755511 -0.00640759
-0.000311974 -0.000225566 -0.00609916
-0.000740322 0.000811299 -0.00750677
-0.000382795 -0.000904413 -0.00727497
-0.000441341 -0.000125746 -0.00640167
-0.000307363 0.000112668 -0.00812361
0.00146081 -0.00132532 -0.00860866
0.000432188 0.000136017 -0.00661015
0.000908453 0.0011057 -0.00795613
-2.31222e-05 -4.96476e-05 -6.74037e-06
-1.88948e-05 -7.20769e-05 -0.000302371
1.31109e-05 -3.69693e-05 -7.03357e-05
-7.28442e-06 1.89827e-05 -0.000162373
2.99599e-05 -1.63549e-05 -5.84316e-06
1.30085e-05 -6.10897e-05 -0.000293425
3.08926e-05 2.46743e-05 -0.000281161
2.15187e-05 4.28071e-07 -2.0554e-05
-3.24633e-05 -5.78223e-05 -0.000140133
1.66818e-05 -2.87669e-05 -2.98862e-05
3.7896e-08 3.98931e-06 2.80808e-05
1.91349e-05 9.15436e-06 -1.46929e-05
3.33712e-07 -6.83128e-06 1.59989e-05
2.55191e-05 -3.94351e-05 0.000101048
-9.47613e-06 3.27303e-05 6.9819e-05
2.30056e-06 2.68486e-05 -0.00017262
-1.25648e-06 2.98964e-05 4.69176e-05
6.18019e-06 -7.44523e-05 1.26272e-05
1.38172e-05 -4.383e-05 4.47664e-05
-7.49164e-05 -0.000109491 0.000174761
-3.89453e-05 0.000179792 0.000378111
0.000148429 -4.6815e-06 0.000305215
6.19592e-06 -1.24455e-06 3.8509e-05
-4.77862e-05 3.15728e-05 0.000962366
-0.000101006 1.71646e-05 -4.5543e-06
-5.21745e-05 1.53138e-05 -0.000282422
-3.81745e-05 -6.02437e-05 -8.46071e-07
1.62019e-06 4.43611e-05 7.20757e-05
2.55779e-05 2.92347e-07 0.000122276
-2.77248e-05 -2.79474e-05 5.8666e-05
6.63513e-06 -2.29159e-05 -4.60313e-05
-5.90994e-05 2.59614e-05 -4.79742e-05
0.000209159 -3.63203e-05 -0.00231366
-0.000192646 6.01727e-05 -0.000582338
0.000350428 -9.89596e-06 -0.00166286
5.21075e-05 2.09858e-05 -0.000157358
1.98152e-05 -2.67914e-05 -7.07339e-05
1.32482e-06 -4.94407e-05 -3.26057e-05
-2.83434e-05 -2.84083e-05 5.10608e-05
1.01343e-05 2.08086e-05 1.58419e-06
2.14474e-05 -8.89636e-06 -2.71415e-05
5.81679e-05 5.30268e-05 0.000625968
4.20861e-05 -4.44945e-05 0.000111668
0.000181387 -6.88136e-05 0.000384025
-3.05844e-05 4.70053e-05 5.69843e-06
1.17579e-05 9.17292e-06 0.00010884
6.53755e-06 -2.99193e-06 0.000106617
9.74128e-06 2.80608e-06 6.14687e-05
3.25962e-05 -1.56953e-05 4.86582e-05
-0.000117335 2.95554e-05 0.000501061
-8.51186e-05 8.88665e-05 -0.000399406
-3.27883e-05 -5.99504e-06 -0.000186243
-4.61683e-05 -3.32626e-05 -0.000126263
-2.91638e-05 -8.23903e-05 0.00013271
-0.000100977 3.53436e-05 0.000117765
-0.000107489 7.98154e-05 0.000766231
-2.71903e-05 8.5185e-05 -0.000134382
-7.10231e-05 5.46824e-05 0.000273742
-8.49871e-05 -0.000109092 0.000493271
-1.5859e-05 -6.97116e-06 -2.9637e-05
-4.7574e-05 5.8371e-05 0.000137599
-3.39548e-05 -9.67297e-05 0.000538297
5.87868e-05 -6.35576e-05 -0.000555215
7.16879e-05 1.84588e-05 4.46897e-06
-3.64567e-05 0.00011329 -0.000119323
2.446e-05 -0.000105797 -0.000421941
2.23411e-05 7.73139e-05 -0.000182643
9.0373e-05 5.42345e-05 -2.91899e-05
7.81767e-05 2.35677e-05 -0.000255717
0.000145724 -4.8796e-05 -0.000239361
-2.71899e-05 4.92083e-05 0.00053849
0.000173946 1.17663e-05 -0.000232103
8.67391e-05 -5.11184e-05 -0.000214708
0.000170925 8.86661e-05 -5.78219e-06
0.000131067 0.000172452 -7.1449e-05
8.82065e-05 -5.52539e-05 -0.000290915
0.000165664 -6.09167e-05 9.90744e-06
-4.65751e-05 2.16105e-05 2.99897e-05
9.61196e-05 9.15234e-05 -3.22562e-05
0.000100427 -3.72534e-05 -1.71756e-06
6.70695e-05 -3.95038e-05 -9.16466e-05
3.14989e-05 -9.72373e-05 0.000196874
0.000139252 -3.00996e-05 -1.93644e-05
2.5031e-05 3.09761e-05 0.000186051
0.000155562 -9.61853e-05 -0.000480111
2.91497e-05 0.000119275 2.31458e-05
-3.80104e-06 0.000113983 -8.84617e-05
0.00012905 -8.24689e-05 0.000317734
3.92186e-05 -0.000153612 0.000331051
7.38048e-05 3.82107e-05 0.000123605
0.000137939 3.63934e-05 0.000500842
-8.42103e-07 2.64618e-05 -6.23742e-05
0.00010788 -1.7803e-05 0.000373749
-9.58751e-05 3.06287e-05 -0.00134872
-1.68033e-06 2.52082e-05 0.000262842
2.50562e-05 2.24595e-05 -0.000686834
3.87029e-05 -5.48438e-05 0.000208291
-1.40742e-05 -6.98795e-05 0.000385965
3.74003e-05 5.35174e-05 0.000108274
6.36403e-05 -6.14238e-05 0.000145544
-0.000130514 -7.00564e-05 -0.000602015
-1.93185e-06 1.09227e-05 -0.000161176
3.97425e-05 9.06624e-05 0.000399596
-0.000357689 2.30364e-05 -1.83271e-05
5.71404e-06 -1.33666e-05 -7.85001e-05
-7.63373e-05 0.000252261 -0.000717439
-0.000163883 0.000147391 -0.000259063
0.000142892 -5.79109e-06 0.000263481
-0.000561385 0.00012399 -0.00253933
-0.000631003 -0.000710305 -0.00119975
0.00023315 0.000499775 -0.00111689
7.0915e-05 -1.1464e-05 -7.59621e-05
0.000106204 2.42242e-06 0.000277825
2.68468e-05 -8.64004e-05 0.000103821
8.58855e-05 -8.12896e-05 0.000128847
-2.60014e-05 8.9664e-05 0.000415232
4.36776e-06 -1.20083e-05 -0.000448925
-1.74025e-05 -9.65396e-05 0.000108306
-5.4854e-06 8.13928e-05 -0.000518213
-3.5507e-05 -7.20501e-06 -0.000611104
-0.000209828 -3.68533e-05 -0.000278922
-1.80733e-05 5.146e-05 -2.75221e-05
-0.000213307 0.000132295 0.000127774
-0.00010063 -4.27533e-05 8.31675e-05
-0.000143352 4.59988e-05 0.000627447
1.2186e-05 7.21141e-05 0.000313931
-3.45579e-05 0.000165534 0.000345428
-5.58519e-05 4.10728e-05 -0.000388707
-7.30458e-05 6.06593e-06 0.000547499
4.26365e-05 -6.50998e-06 7.30003e-05
-6.37582e-05 3.56482e-05 0.000402791
1.6107e-05 5.30181e-05 0.000563732
-4.95134e-05 -3.69592e-05 0.000258211
-5.1553e-05 -3.32079e-05 0.000370287
-9.6525e-05 -1.22869e-05 0.000637596
9.59944e-05 -0.000114666 -0.000495699
0.00019682 -0.000452456 -0.000933121
0.000305644 2.78791e-05 -0.00102602
0.000124462 -5.64734e-05 -0.000238459
0.000484313 -0.000297855 -0.00196895
0.000675375 -0.000106912 -0.001938
-3.82022e-06 5.11244e-05 -0.000159764
-8.94024e-05 -0.000103611 -0.000588449
-0.000109521 -7.20321e-05 -0.000335405
-5.61763e-05 -5.18031e-05 2.23977e-05
0.000108751 -3.99777e-05 -0.000190637
2.8219e-05 6.3714e-05 0.000112147
8.20828e-05 0.00016842 0.000235896
-0.000138877 -0.000134673 4.32908e-05
-9.40007e-05 -0.000159545 2.7666e-05
-8.48798e-05 -3.02447e-05 0.000167932
-4.79109e-06 -3.74198e-05 0.000205397
-4.74062e-05 -6.66565e-05 0.000155287
-2.18286e-07 0.000114401 -1.77293e-05
4.13772e-05 5.48527e-05 -0.0001174
-5.62588e-06 5.27823e-06 2.50311e-05
2.90374e-05 -5.0653e-05 -0.000456607
-8.30136e-06 -0.000174848 -0.000463079
3.55281e-05 -8.86391e-05 7.76021e-05
-5.28183e-05 -0.000139551 -2.49354e-05
-8.66244e-06 -0.000104827 -0.000334571
4.35852e-05 -0.000116854 0.000934417
3.6832e-05 -0.000112231 0.000455527
1.61944e-05 -7.39023e-05 4.12368e-05
-2.47582e-05 0.000127723 0.00015959
-6.32344e-05 0.000131847 -0.000449461
-0.0001696 0.000205405 -0.000142996
-5.38231e-05 7.02596e-06 0.000283396
7.44984e-06 -0.000107627 -0.000374401
-1.36314e-05 0.00015121 0.000862821
2.59108e-05 -0.000182568 -0.000111887
-3.66975e-05 8.86298e-05 3.25758e-05
1.0755e-05 3.11279e-06 -0.000279669
4.25688e-05 -5.34612e-05 -0.000211572
1.42249e-05 5.64427e-06 -3.92604e-05
-3.43502e-05 2.47148e-05 -0.000204841
8.21696e-06 -8.62031e-05 8.78835e-05
-0.000323424 -0.000209369 -0.000606477
-0.000158273 -2.73694e-05 0.000404206
-4.74459e-05 7.83116e-05 -3.7646e-05
4.84154e-05 0.000143366 0.000219026
-3.70288e-05 8.6076e-06 -3.15376e-05
3.44066e-05 2.07982e-05 -0.000225425
-1.73077e-05 -5.73707e-06 -8.58943e-06
4.81926e-05 2.49579e-05 -1.78548e-05
1.92154e-05 1.41532e-05 1.65683e-05
-8.6198e-05 6.52996e-05 -0.000422753
-2.25808e-05 -2.77253e-05 0.000111331
7.50479e-05 6.08931e-05 0.000350837
-6.52953e-05 0.000204056 -0.000820327
-8.57053e-06 1.45808e-05 7.97425e-05
1.08474e-05 2.41732e-05 0.000163277
0.000145051 -0.000247764 -0.000532987
-9.77292e-06 -9.23594e-05 -0.0011181
-1.23293e-06 3.52998e-05 8.09268e-06
1.21963e-05 8.12411e-05 8.97993e-05
-2.13415e-05 0.000102596 -3.13829e-05
-1.32097e-06 1.63058e-05 -0.000148036
4.71476e-05 9.41167e-06 -2.03893e-05
5.80064e-05 -3.19591e-07 -5.54631e-05
1.78756e-05 3.97756e-05 0.000342022
-3.40278e-05 5.51666e-05 0.000333662
3.78734e-06 0.000285077 -0.00112868
-6.05635e-05 0.000146707 -0.000371258
-2.78431e-06 4.31865e-05 -0.000121573
-2.37059e-05 -0.000102177 0.000312478
-2.7341e-05 -6.2262e-05 -9.49781e-05
-1.34956e-05 -5.62044e-05 -0.000209232
8.60485e-06 -8.59825e-06 -0.000110126
-4.71742e-05 3.81705e-05 0.000182167
-8.81403e-05 2.76612e-05 0.000345623
7.67324e-07 -1.21983e-05 -9.25798e-05
-3.27717e-05 -2.18487e-05 -0.000461161
-2.34888e-05 -1.80611e-05 0.000183263
-1.86363e-05 -2.13544e-05 -9.92363e-05
-9.91291e-06 -2.89774e-05 0.000159877
0.000170505 0.000169049 -0.00155079
-3.79379e-06 6.90955e-05 -8.87216e-05
-1.96528e-05 -3.35966e-05 -0.000104423
-4.89987e-05 3.58076e-05 -2.2046e-05
0.000191637 4.45746e-05 -0.00115516
8.29919e-05 1.3302e-05 -4.30424e-05
0.000118225 -1.05005e-05 -0.000659462
2.3701e-07 4.48908e-05 -5.49926e-05
1.76068e-05 -2.31157e-05 -9.16321e-05
2.44717e-05 -2.6537e-05 -0.000220147
1.93953e-05 0.00010275 -0.000203922
3.85459e-05 -3.72789e-06 0.000366736
1.36169e-05 0.000222547 -0.000843506
5.81635e-05 -5.83486e-05 -0.000395951
6.3477e-05 -1.60867e-05 -0.000327743
-6.96553e-05 0.000123321 -0.000644043
8.24973e-05 -1.72978e-05 -0.000168083
-1.31963e-05 -1.35863e-06 -0.000107982
-3.94203e-05 3.847e-05 0.000173521
-4.01099e-05 -3.10583e-05 0.000748679
7.20653e-06 -2.76035e-05 -6.19169e-05
-3.11929e-05 4.1132e-05 0.000344473
0.000126732 -2.39264e-05 -0.000510556
4.03761e-05 -1.77184e-05 -0.000115517
3.43371e-05 -2.48947e-05 -1.6029e-06
0.000145214 2.72793e-05 -0.00083254
4.44325e-05 -1.18684e-05 -0.00020337
-1.12599e-05 1.35336e-05 -0.000268307
-2.88625e-05 1.96707e-05 0.000636778
-6.21742e-05 2.30856e-05 0.000455398
4.45026e-05 -3.55428e-05 -0.000311295
-0.000187977 -7.09193e-05 0.00155587
7.2959e-05 5.55948e-05 -0.000334408
2.44812e-06 0.00010989 6.68505e-05
-0.000135687 6.50232e-05 -0.000402192
0.000172851 0.000229183 -0.0014678
-0.000132823 3.41368e-05 -0.0001268
-2.26909e-05 1.21066e-05 -0.000101572
1.09855e-05 7.33827e-05 0.000135033
3.02538e-05 6.80359e-06 0.000219797
4.41175e-05 -3.32168e-05 0.000102879
4.37718e-05 -9.10887e-05 0.000133039
4.02515e-05 4.28537e-05 -3.17368e-05
-8.2397e-05 0.000122273 -0.000143168
-3.82451e-05 -6.04709e-05 0.00011404
-3.92818e-05 1.95208e-06 -0.00019856
6.93365e-05 -5.10985e-05 0.000157623
-5.12479e-05 -4.41368e-05 0.000845796
1.60979e-05 5.12253e-05 -6.53293e-05
1.35137e-05 7.48781e-05 -0.000127357
5.83476e-05 -9.25307e-05 0.000577319
5.53814e-06 -4.66055e-05 0.000421693
2.63513e-05 -9.60429e-05 0.000379519
-0.000128099 -8.21925e-05 0.00110994
-0.000125567 6.96916e-05 -8.78758e-05
4.90373e-06 -6.65868e-07 7.79473e-05
-4.20184e-06 -1.08652e-05 -5.16667e-06
6.15032e-05 6.36329e-06 -0.000334513
8.02599e-05 8.34877e-05 -0.000902614
-1.75878e-06 -0.000150804 -8.47059e-05
0.000117236 -4.90688e-05 -0.000333071
9.17189e-05 7.93204e-06 -0.000547634
-5.79322e-05 -0.000133531 -0.000902308
2.61081e-05 0.000234096 -0.000848736

CELL_DATA 2516
TENSORS stress float
0.000840628 -0.000130597 -0.0013302
-0.000130597 0.00149051 0.00496751
-0.0013302 0.00496751 0.0884222

-0.000143571 -5.52994e-05 -0.00115341
-5.52994e-05 0.000591198 0.00479863
-0.00115341 0.00479863 0.0868239

-0.00376802 0.000305379 -0.00107345
0.000305379 -0.00300958 -0.000767586
-0.00107345 -0.000767586 0.0820851

0.000139835 -9.85723e-05 0.0047862
-9.85723e-05 0.000168615 -0.00253999
0.0047862 -0.00253999 0.0860732

0.000380193 -0.00041697 -0.00159952
-0.00041697 0.000749945 0.00431518
-0.00159952 0.00431518 0.0885451

-0.000832975 0.000218743 0.000294683
0.000218743 -0.000785316 7.93691e-05
0.000294683 7.93691e-05 0.0871006

-0.0212936 4.40434e-05 0.00283292
4.40434e-05 -0.0231849 -0.00241652
0.00283292 -0.00241652 0.0454688

0.000144954 -0.000545095 0.000410199
-0.000545095 4.87136e-05 -6.33193e-05
0.000410199 -6.33193e-05 0.0884834

-0.00273452 8.8609e-05 0.00283288
8.8609e-05 -0.00286232 -0.00195329
0.00283288 -0.00195329 0.0830974

-0.00180654 -1.01728e-05 -0.00105891
-1.01728e-05 -0.000943895 -0.00159797
-0.00105891 -0.00159797 0.0871949

-0.000696177 -0.000205338 -0.000761756
-0.000205338 0.000826679 -4.32027e-05
-0.000761756 -4.32027e-05 0.0904915

-0.00108614 -0.000453931 0.00471155
-0.000453931 -0.00115501 -0.00233279
0.00471155 -0.00233279 0.0826321

-0.00192554 0.000331096 0.00480753
0.000331096 -0.00230865 0.00103858
0.00480753 0.00103858 0.083362

-0.000184555 -2.06294e-05 -0.000219863
-2.06294e-05 -0.000122922 0.000181847
-0.000219863 0.000181847 0.0896726

-0.000260054 3.90753e-05 1.57721e-06
3.90753e-05 -0.00027943 0.000143396
1.57721e-06 0.000143396 0.0872319

-0.000302932 -0.000421069 0.00303114
-0.000421069 -0.000345778 -0.00332876
0.00303114 -0.00332876 0.0860845

0.0006389 0.000778543 -0.0017557
0.000778543 0.00102555 -0.00165721
-0.0017557 -0.00165721 0.0873191

-0.000492387 -3.81771e-05 2.12765e-05
-3.81771e-05 -0.000412027 6.22373e-05
2.12765e-05 6.22373e-05 0.0884487

-0.00114745 0.000748986 0.000268662
0.000748986 -0.00116119 -0.000920172
0.000268662 -0.000920172 0.0837565

-0.000941488 0.000106673 0.000349917
0.000106673 -0.000709044 0.000240557
0.000349917 0.000240557 0.0871213

-0.00159833 0.000100043 -0.000951174
0.000100043 -0.00167855 -0.00121169
-0.000951174 -0.00121169 0.0866437

-0.00254636 -0.000566446 0.00230906
-0.000566446 -0.00164778 -0.00345071
0.00230906 -0.00345071 0.0824741

-0.000322335 -0.000105971 0.000134876
-0.000105971 -0.000672865 -0.000261979
0.000134876 -0.000261979 0.0897617

-0.00162619 -0.000222 0.000277196
-0.000222 -0.00122392 0.000403419
0.000277196 0.000403419 0.0856472

-0.000586512 8.14179e-05 0.000421005
8.14179e-05 -0.000264624 0.000115963
0.000421005 0.000115963 0.0877095

-0.000445171 0.00016367 0.000363549
0.00016367 -0.000336858 -2.82343e-05
0.000363549 -2.82343e-05 0.0875957

-0.000400819 -0.0002284 0.0026028
-0.0002284 3.60756e-05 -0.00613518
0.0026028 -0.00613518 0.0852652

0.000157427 -0.000301689 0.000244575
-0.000301689 0.000195309 -4.29828e-05
0.000244575 -4.29828e-05 0.0923103

0.000216007 -2.89707e-05 0.000234039
-2.89707e-05 0.000148983 0.000286239
0.000234039 0.000286239 0.090761

-0.0034051 -2.64193e-05 0.00205873
-2.64193e-05 -0.003048 -0.00550033
0.00205873 -0.00550033 0.0809018

-0.000857061 4.57377e-11 -1.82534e-05
4.57377e-11 -0.000857061 -6.96302e-05
-1.82534e-05 -6.96302e-05 0.0873121

-0.000820881 -0.000235382 0.0012131
-0.000235382 -0.00148182 -0.000536603
0.0012131 -0.000536603 0.0921149

-0.0014033 -8.47142e-05 -0.00297219
-8.47142e-05 -0.0015571 0.0023232
-0.00297219 0.0023232 0.0856566

0.00159086 0.000274274 0.00162534
0.000274274 0.00108828 -0.000107178
0.00162534 -0.000107178 0.0940527

-0.000887913 7.37709e-05 0.00287904
7.37709e-05 -0.000959259 0.0011815
0.00287904 0.0011815 0.0861455

-0.00100633 0.000487797 0.00370928
0.000487797 -0.000955854 0.00323182
0.00370928 0.00323182 0.0860467

-0.00025591 7.25549e-06 -0.00273051
7.25549e-06 -0.000467587 0.00253076
-0.00273051 0.00253076 0.08726

0.00244034 -0.000909731 0.00362434
-0.000909731 0.00427561 -0.00801649
0.00362434 -0.00801649 0.0879326

0.00148343 -9.39041e-05 -0.00164028
-9.39041e-05 0.00142971 -0.000117768
-0.00164028 -0.000117768 0.0935915

-0.00228054 -0.000264382 0.00368301
-0.000264382 -0.00278485 -0.000474139
0.00368301 -0.000474139 0.081937

0.00184096 -0.000284402 0.00374609
-0.000284402 0.00167241 -0.000774624
0.00374609 -0.000774624 0.0896649

-0.000254177 -3.83547e-06 0.000176345
-3.83547e-06 -0.000311233 0.000555607
0.000176345 0.000555607 0.0873725

-0.000483791 0.000308074 -4.58753e-05
0.000308074 -0.000471608 0.000432852
-4.58753e-05 0.000432852 0.0910381

0.000985974 0.000247966 -5.26259e-05
0.000247966 0.00136952 -0.00149016
-5.26259e-05 -0.00149016 0.090406

0.00188582 2.4872e-05 3.58224e-05
2.4872e-05 0.00213933 -0.00158062
3.58224e-05 -0.00158062 0.0908602

-0.00271154 -3.45875e-05 0.00386917
-3.45875e-05 -0.00363922 -0.000164628
0.00386917 -0.000164628 0.083152

0.00216365 0.000255532 -0.00226757
0.000255532 0.00178635 0.00168433
-0.00226757 0.00168433 0.0961979

0.000352272 5.00512e-05 -7.32566e-05
5.00512e-05 0.000332254 -0.000348606
-7.32566e-05 -0.000348606 0.088495

0.000379793 4.67079e-05 0.00259005
4.67079e-05 0.000150671 0.000355061
0.00259005 0.000355061 0.0884357

-0.000714984 0.00012054 6.15474e-05
0.00012054 -0.000678721 0.000340641
6.15474e-05 0.000340641 0.0915938

-0.000719825 -1.28773e-05 -1.56345e-06
-1.28773e-05 -0.000629249 0.000202597
-1.56345e-06 0.000202597 0.0910762

-0.000919788 -8.43067e-05 0.000241949
-8.43067e-05 -0.000924815 -0.000388523
0.000241949 -0.000388523 0.0876937

-3.611e-05 1.51915e-05 -9.85815e-05
1.51915e-05 -7.29653e-05 -5.14855e-05
-9.85815e-05 -5.14855e-05 0.0889744

-0.000566243 0.000176829 -0.000155348
0.000176829 -0.000562888 0.000314956
-0.000155348 0.000314956 0.0900825

-0.000758124 -4.37248e-05 0.000196227
-4.37248e-05 -0.000826793 0.000533082
0.000196227 0.000533082 0.0877506

0.00119292 0.000132691 -0.000149881
0.000132691 0.00131513 0.00222974
-0.000149881 0.00222974 0.0913373

-0.00103192 -0.000474212 0.0023741
-0.000474212 -0.000997585 -0.00166194
0.0023741 -0.00166194 0.0855114

-0.000379937 -3.95968e-05 -0.000124585
-3.95968e-05 -0.0002424 2.63991e-05
-0.000124585 2.63991e-05 0.0882482

-0.00194959 -5.14189e-05 -0.000292494
-5.14189e-05 -0.000929156 0.00452738
-0.000292494 0.00452738 0.0838797

0.0014672 -5.29585e-05 0.000953559
-5.29585e-05 0.00180404 -0.000368708
0.000953559 -0.000368708 0.0966099

-4.36052e-05 -8.46471e-05 3.25477e-05
-8.46471e-05 0.000378827 0.00179824
3.25477e-05 0.00179824 0.0914794

-0.000117843 -3.01888e-05 4.62092e-05
-3.01888e-05 -6.17096e-05 1.74786e-05
4.62092e-05 1.74786e-05 0.0887147

-0.000498443 -0.000112998 4.71583e-05
-0.000112998 -0.000472909 6.35932e-05
4.71583e-05 6.35932e-05 0.0884433

-0.000462196 0.000107662 -0.000118984
0.000107662 -0.000194315 -0.000140668
-0.000118984 -0.000140668 0.08845

-0.000259459 -2.08933e-05 9.1087e-05
-2.08933e-05 1.54293e-05 1.02201e-05
9.1087e-05 1.02201e-05 0.0890436

-0.000951669 -0.000144647 8.22859e-05
-0.000144647 -0.000934966 -0.000412345
8.22859e-05 -0.000412345 0.0883201

0.000471382 -0.000415724 0.00295725
-0.000415724 -0.000237293 -0.000672776
0.00295725 -0.000672776 0.0882337

0.000627802 -0.000510645 0.00256552
-0.000510645 0.000320555 -0.00154364
0.00256552 -0.00154364 0.0886212

-0.00381512 0.000825947 0.000682233
0.000825947 -0.00396146 -0.000413439
0.000682233 -0.000413439 0.0801227

0.000827764 -0.00013383 0.000600248
-0.00013383 0.00073387 0.00324914
0.000600248 0.00324914 0.0937107

-0.0182822 -0.000258398 0.00108079
-0.000258398 -0.0187753 0.00292223
0.00108079 0.00292223 0.0497376

-8.5632e-05 2.13929e-05 -9.89055e-05
2.13929e-05 0.000242102 8.89835e-05
-9.89055e-05 8.89835e-05 0.0887341

-3.69085e-05 -0.000183313 -0.000343524
-0.000183313 0.000113761 0.00559573
-0.000343524 0.00559573 0.0879624

-0.00085043 -0.000270061 2.49861e-05
-0.000270061 -0.000786183 0.000410259
2.49861e-05 0.000410259 0.0894074

-0.0170948 0.000499916 0.00143836
0.000499916 -0.015769 0.000379193
0.00143836 0.000379193 0.05636

0.00048865 -0.000390778 -0.000684643
-0.000390778 -0.000351268 0.00294025
-0.000684643 0.00294025 0.0882168

-0.00142127 -0.000179752 0.000300833
-0.000179752 -0.000936719 0.000376302
0.000300833 0.000376302 0.0862751

2.18891e-05 9.59673e-05 -0.000609249
9.59673e-05 -0.000814074 -0.000396705
-0.000609249 -0.000396705 0.0880028

0.000591001 -0.00021823 -0.000801563
-0.00021823 0.00145441 0.00444281
-0.000801563 0.00444281 0.0886308

-0.00351381 -0.000417742 -0.00517358
-0.000417742 -0.00288903 0.00255823
-0.00517358 0.00255823 0.0801577

0.000649785 -0.000750166 -0.0062425
-0.000750166 0.000549334 0.00228239
-0.0062425 0.00228239 0.087873

-0.0165425 -0.000257916 -0.000256117
-0.000257916 -0.0177319 -0.000639509
-0.000256117 -0.000639509 0.057017

0.00160293 0.000104466 -0.00033946
0.000104466 0.00224356 -0.00309197
-0.00033946 -0.00309197 0.0918088

0.00209669 0.000331991 0.00346458
0.000331991 0.00167967 0.000154144
0.00346458 0.000154144 0.0905415

-0.000815208 -3.81512e-05 -0.00443387
-3.81512e-05 -0.000480675 0.00301005
-0.00443387 0.00301005 0.0839023

-0.00302669 -0.000445562 -0.000196215
-0.000445562 -0.00150735 0.00289426
-0.000196215 0.00289426 0.0821921

-0.00154404 -2.30631e-05 -0.000306809
-2.30631e-05 -0.00142798 -0.000128182
-0.000306809 -0.000128182 0.0858935

-0.00244078 -5.36106e-05 -0.00418565
-5.36106e-05 -0.00350574 0.00274239
-0.00418565 0.00274239 0.0820318

0.00144406 -8.07917e-05 -0.00170904
-8.07917e-05 0.00122372 -0.000216648
-0.00170904 -0.000216648 0.0938542

0.000881765 0.000153146 -0.000262854
0.000153146 0.00159435 -0.0024119
-0.000262854 -0.0024119 0.0914357

-0.000358599 -0.000114223 0.00013833
-0.000114223 -0.000373024 0.000235248
0.00013833 0.000235248 0.0889958

-0.000961943 0.00014446 -0.000369054
0.00014446 -0.00124183 0.000777307
-0.000369054 0.000777307 0.0890408

-0.000676693 2.58282e-05 -4.96363e-05
2.58282e-05 -0.000675428 0.000349082
-4.96363e-05 0.000349082 0.0887371

0.000629972 -0.000122945 -0.000539629
-0.000122945 0.00139324 0.00143675
-0.000539629 0.00143675 0.0904814

-0.0001675 -1.78042e-06 7.02112e-05
-1.78042e-06 -8.10534e-05 -0.000661731
7.02112e-05 -0.000661731 0.0897943

-0.00356471 -0.000143925 -0.000893955
-0.000143925 -0.00300724 7.21506e-05
-0.000893955 7.21506e-05 0.0830895

-0.00327725 3.558e-06 0.000585111
3.558e-06 -0.00246592 -0.00311534
0.000585111 -0.00311534 0.0829536

0.0027846 0.000100906 -0.00260636
0.000100906 0.00171746 0.000490682
-0.00260636 0.000490682 0.090231

-0.00354633 4.08433e-05 -0.000291998
4.08433e-05 -0.00226301 0.00141191
-0.000291998 0.00141191 0.0823105

-0.000235135 -8.27745e-05 -1.61602e-05
-8.27745e-05 -0.000179759 -1.35953e-05
-1.61602e-05 -1.35953e-05 0.0885985

0.000707975 -0.000233538 0.000854672
-0.000233538 0.00251448 -0.00679046
0.000854672 -0.00679046 0.0876239

-0.00119957 0.00025759 -0.0025848
0.00025759 -0.00218024 -0.000852953
-0.0025848 -0.000852953 0.0836753

0.00218395 0.00012983 -0.00533349
0.00012983 0.00131457 0.000620089
-0.00533349 0.000620089 0.0938799

0.00236638 0.000807803 -0.00239214
0.000807803 0.00156193 -0.00238545
-0.00239214 -0.00238545 0.0909182

0.0012792 0.000169275 -0.00400082
0.000169275 0.00108038 0.0010562
-0.00400082 0.0010562 0.0912804

-2.41974e-05 6.18373e-11 -2.82909e-05
6.18373e-11 -2.41972e-05 -6.07457e-05
-2.82909e-05 -6.07457e-05 0.0887116

-8.05111e-05 3.44942e-05 0.00046719
3.44942e-05 0.000252656 -0.000783767
0.00046719 -0.000783767 0.0912443

0.000982897 0.000242908 0.00105395
0.000242908 0.00105311 0.00301783
0.00105395 0.00301783 0.0888535

0.000948817 3.60134e-05 -0.000367509
3.60134e-05 0.00224495 0.00169242
-0.000367509 0.00169242 0.0898456

-0.00101134 1.14145e-05 0.000406599
1.14145e-05 -0.00131132 0.000108536
0.000406599 0.000108536 0.0919064

0.000184409 3.76851e-05 -5.14227e-05
3.76851e-05 7.60325e-05 -0.000212262
-5.14227e-05 -0.000212262 0.0888618

2.21883e-05 -5.60376e-05 0.000105004
-5.60376e-05 0.000179016 4.52373e-05
0.000105004 4.52373e-05 0.089849

0.00251498 1.74111e-05 -0.00285828
1.74111e-05 0.00242412 0.00274769
-0.00285828 0.00274769 0.097981

-0.00222012 -1.99503e-05 -0.000735691
-1.99503e-05 -0.00180431 -0.000216408
-0.000735691 -0.000216408 0.0895053

-0.00584986 0.000160488 -0.00230619
0.000160488 -0.00447231 -0.0015303
-0.00230619 -0.0015303 0.0759567

0.000918884 0.000253383 -0.00154333
0.000253383 0.00307367 -0.0080377
-0.00154333 -0.0080377 0.0871222

-0.00105947 0.000206218 -0.00168035
0.000206218 -0.00054935 -0.00742997
-0.00168035 -0.00742997 0.085203

-0.0013732 0.000248737 -0.00109176
0.000248737 -0.000879459 -0.000497488
-0.00109176 -0.000497488 0.091455

-0.00280009 -0.000697068 -0.00208448
-0.000697068 -0.0028568 0.00116145
-0.00208448 0.00116145 0.0819766

-0.0140144 0.000232096 -0.0010218
0.000232096 -0.012486 0.00110083
-0.0010218 0.00110083 0.0559117

-0.00186409 3.03213e-05 -0.000629305
3.03213e-05 -0.00169694 0.000576799
-0.000629305 0.000576799 0.0856373

-0.00114408 -0.00033585 -0.000350948
-0.00033585 -0.00176163 0.000470527
-0.000350948 0.000470527 0.0859704

-0.00205615 0.00134727 0.0030961
0.00134727 -0.00255634 0.00317481
0.0030961 0.00317481 0.0798218

0.00125796 -0.000196076 -0.000423284
-0.000196076 0.00120669 0.00371011
-0.000423284 0.00371011 0.0897041

-0.00894669 -0.000107531 0.00185093
-0.000107531 -0.00861518 0.00142833
0.00185093 0.00142833 0.0743573

0.000299438 4.68099e-05 -0.00403723
4.68099e-05 -0.000709613 -0.00134252
-0.00403723 -0.00134252 0.0878635

0.00252128 1.41883e-05 -0.000822328
1.41883e-05 0.00253779 -0.0011679
-0.000822328 -0.0011679 0.09772

-0.000988789 1.87077e-05 0.000742615
1.87077e-05 -0.000351809 -0.0061367
0.000742615 -0.0061367 0.0861322

0.000519538 1.28004e-05 -0.000109213
1.28004e-05 0.000521067 -0.000227356
-0.000109213 -0.000227356 0.0903277

-0.00412964 0.000184998 -0.00168093
0.000184998 -0.00375594 0.00302326
-0.00168093 0.00302326 0.0822278

-0.000860743 -0.000118407 0.00013645
-0.000118407 -0.00101163 -0.000789062
0.00013645 -0.000789062 0.0869545

0.00112952 7.46783e-05 -6.40449e-05
7.46783e-05 0.0009866 0.00236466
-6.40449e-05 0.00236466 0.0909147

-0.00106678 -8.54464e-05 7.54582e-05
-8.54464e-05 -0.00116707 -0.000229384
7.54582e-05 -0.000229384 0.0881504

-0.000277251 -3.93466e-05 -0.00176258
-3.93466e-05 -0.000538563 -0.00012879
-0.00176258 -0.00012879 0.0869858

-0.00130316 -0.000436265 -0.000518856
-0.000436265 -0.00104937 0.000624282
-0.000518856 0.000624282 0.0885822

-0.00280713 0.000287564 -0.000801364
0.000287564 -0.00271584 0.000952699
-0.000801364 0.000952699 0.0845545

0.000693529 0.000158932 -0.00168066
0.000158932 0.000706269 7.35004e-05
-0.00168066 7.35004e-05 0.0918466

-0.0172706 -0.000877936 0.00514983
-0.000877936 -0.016365 0.0013908
0.00514983 0.0013908 0.0487715

0.000714841 0.000288664 -0.000772116
0.000288664 0.00106403 -0.00273839
-0.000772116 -0.00273839 0.0889889

-0.000532614 -0.0001055 6.17684e-05
-0.0001055 -0.000417258 1.30021e-05
6.17684e-05 1.30021e-05 0.0882444

0.00377964 0.000198653 0.00411825
0.000198653 0.00337286 0.0012442
0.00411825 0.0012442 0.0953438

2.34403e-05 -4.06324e-05 -0.000390824
-4.06324e-05 0.000524509 8.65923e-05
-0.000390824 8.65923e-05 0.088345

-0.00038416 -0.000150433 -0.000307372
-0.000150433 -0.000339779 -0.000641299
-0.000307372 -0.000641299 0.0881884

-0.00385487 0.000897 0.00398373
0.000897 -0.00284192 0.00287491
0.00398373 0.00287491 0.078853

0.00220246 0.000367827 0.00435471
0.000367827 0.00186268 0.001068
0.00435471 0.001068 0.0906078

-0.00131077 0.000363102 -0.000468937
0.000363102 -0.000833422 0.000901947
-0.000468937 0.000901947 0.085665

0.00161026 -0.000718192 0.0066676
-0.000718192 0.000798128 -0.00144038
0.0066676 -0.00144038 0.0889028

-0.00241008 0.000799329 -0.0055504
0.000799329 -0.00378532 -0.00358294
-0.0055504 -0.00358294 0.0791348

-0.000469569 -0.000194308 -8.17166e-07
-0.000194308 -0.000338466 -0.000515622
-8.17166e-07 -0.000515622 0.0885018

-0.021031 0.000151169 -0.000769992
0.000151169 -0.0204683 -0.000456605
-0.000769992 -0.000456605 0.0541706

-0.00111909 2.05121e-05 -7.6835e-05
2.05121e-05 -0.00068269 -0.000431717
-7.6835e-05 -0.000431717 0.0861823

-0.00240672 0.000230161 -0.0054631
0.000230161 -0.00404007 -0.00135182
-0.0054631 -0.00135182 0.0796612

0.00010056 2.25757e-05 3.12559e-06
2.25757e-05 0.000247686 -0.000462698
3.12559e-06 -0.000462698 0.0909002

-0.000720569 2.60925e-05 -0.00013306
2.60925e-05 -0.000811418 0.000334201
-0.00013306 0.000334201 0.0876061

-0.000308617 0.000312516 -0.00105185
0.000312516 0.000198136 -0.00132529
-0.00105185 -0.00132529 0.0885628

-0.000145558 2.61768e-05 2.29323e-05
2.61768e-05 0.000264923 -0.0012009
2.29323e-05 -0.0012009 0.0890629

-7.04402e-05 0.000352558 0.000712422
0.000352558 3.47702e-05 -0.000188532
0.000712422 -0.000188532 0.0882232

0.00206633 0.000104833 -0.00427494
0.000104833 0.00170622 0.0011255
-0.00427494 0.0011255 0.0936782

-0.000619854 -0.00011206 0.0003303
-0.00011206 -0.000673874 -0.00022324
0.0003303 -0.00022324 0.0888288

-0.00172439 -0.000553919 -0.00113339
-0.000553919 -0.00242918 0.000293278
-0.00113339 0.000293278 0.0809933

-0.0170169 0.000207105 -0.00184412
0.000207105 -0.0142913 -0.00179103
-0.00184412 -0.00179103 0.0499425

-0.0209096 -0.000455255 -0.00121318
-0.000455255 -0.0176778 -0.00125483
-0.00121318 -0.00125483 0.0517022

-6.63714e-05 -6.93978e-05 -0.000499909
-6.93978e-05 -6.52883e-05 4.38706e-06
-0.000499909 4.38706e-06 0.0905041

-0.000343506 0.000187823 -0.0045932
0.000187823 -0.000445806 -0.00176417
-0.0045932 -0.00176417 0.0870779

0.000319456 8.96638e-05 -0.00441294
8.96638e-05 0.00021444 -0.0023264
-0.00441294 -0.0023264 0.0880077

-9.61444e-05 0.000209024 0.00196643
0.000209024 -0.00180086 0.000951127
0.00196643 0.000951127 0.0827112

0.000165443 -9.46096e-05 -0.000410913
-9.46096e-05 0.000838916 -0.00068216
-0.000410913 -0.00068216 0.0908379

-0.000860492 -5.9114e-05 6.07102e-05
-5.9114e-05 -0.0012259 -0.000287575
6.07102e-05 -0.000287575 0.0884418

0.000588081 -0.000868009 -0.00635168
-0.000868009 0.000706719 0.00201055
-0.00635168 0.00201055 0.0881202

-0.00336144 0.000573012 -0.00190414
0.000573012 -0.00247917 -0.00401813
-0.00190414 -0.00401813 0.0821091

-0.000966085 9.20807e-05 0.000140052
9.20807e-05 -0.000863925 0.000146183
0.000140052 0.000146183 0.09028

2.44111e-05 -0.000163718 0.000186085
-0.000163718 0.000108207 -0.000196103
0.000186085 -0.000196103 0.0886693

-0.00104769 0.000153701 -0.000185489
0.000153701 -0.00125869 -0.000811527
-0.000185489 -0.000811527 0.0881735

0.00445166 -0.00045744 0.00522957
-0.00045744 0.00335775 -0.00133879
0.00522957 -0.00133879 0.0955506

0.00110064 0.0006358 -0.00199048
0.0006358 0.000907255 -0.000158561
-0.00199048 -0.000158561 0.0933857

-0.00235228 -0.0011608 -0.000395158
-0.0011608 -0.00302755 0.000351345
-0.000395158 0.000351345 0.0808682

-0.0129286 0.00151517 0.000976289
0.00151517 -0.013799 0.00330969
0.000976289 0.00330969 0.0530813

4.02813e-05 -0.000514447 0.00387186
-0.000514447 0.000523442 -0.00749023
0.00387186 -0.00749023 0.0846434

-0.000436333 0.000271446 -0.00137582
0.000271446 -0.00227512 0.000520974
-0.00137582 0.000520974 0.0830602

-0.00249998 0.000163846 -0.00226239
0.000163846 -0.00342998 0.000107946
-0.00226239 0.000107946 0.0816977

-0.0192116 0.000322018 0.00252332
0.000322018 -0.0187893 7.3193e-06
0.00252332 7.3193e-06 0.0496568

0.000985553 0.000145651 9.89395e-06
0.000145651 0.000812663 -0.000202483
9.89395e-06 -0.000202483 0.0894403

-0.00076653 -0.000188946 -0.000413958
-0.000188946 -0.00115131 -0.000237657
-0.000413958 -0.000237657 0.0870229

-0.00013151 -3.03089e-05 0.00018781
-3.03089e-05 0.000101137 0.000377602
0.00018781 0.000377602 0.0879926

-0.000254421 7.3865e-05 4.55645e-06
7.3865e-05 -0.000242323 -0.000228125
4.55645e-06 -0.000228125 0.0888007

-4.77278e-05 -0.000209651 0.00355841
-0.000209651 -0.000776655 -0.0023371
0.00355841 -0.0023371 0.0858357

-0.000518252 -0.00024551 -0.000308192
-0.00024551 -0.000400905 0.000153691
-0.000308192 0.000153691 0.0889876

-7.65936e-05 0.000109866 -0.000447013
0.000109866 -0.000311475 7.23974e-05
-0.000447013 7.23974e-05 0.0887899

-0.00306242 -0.000206431 -0.000330062
-0.000206431 -0.000933376 0.000782414
-0.000330062 0.000782414 0.0817855

-0.00167134 -1.66941e-05 0.000338745
-1.66941e-05 -0.00145291 -0.000114807
0.000338745 -0.000114807 0.0879361

-0.00116909 7.28684e-05 0.000519707
7.28684e-05 -0.000938555 0.000148561
0.000519707 0.000148561 0.0885772

-0.00148645 0.000122628 -0.00121169
0.000122628 -0.000895455 -0.00104277
-0.00121169 -0.00104277 0.0850379

-0.00463809 0.00010762 -0.000831236
0.00010762 -0.00383162 -0.00377423
-0.000831236 -0.00377423 0.0799412

-0.000246917 -1.04288e-05 -0.000358123
-1.04288e-05 -0.000270483 -6.37427e-05
-0.000358123 -6.37427e-05 0.0882741

-0.0198049 0.000105812 -0.00163829
0.000105812 -0.0187643 -0.000559253
-0.00163829 -0.000559253 0.052856

-0.000912101 -8.48268e-06 0.000510053
-8.48268e-06 -0.000757472 0.000188731
0.000510053 0.000188731 0.0881615

-0.00032652 3.9141e-05 -4.73103e-05
3.9141e-05 -0.000252055 9.88069e-06
-4.73103e-05 9.88069e-06 0.0891625

-0.0217149 5.71965e-05 -0.000687843
5.71965e-05 -0.0191985 7.64052e-05
-0.000687843 7.64052e-05 0.0510655

-0.000370324 0.000286125 -0.000877187
0.000286125 -0.000141928 -0.00175333
-0.000877187 -0.00175333 0.0887085

-0.00157159 -0.000109664 0.000375817
-0.000109664 -0.00120244 0.000119416
0.000375817 0.000119416 0.0876658

-0.00147694 -0.000646866 0.00156523
-0.000646866 -0.00339922 -0.00140985
0.00156523 -0.00140985 0.0816387

0.000227178 -0.00041048 0.00311268
-0.00041048 0.000688896 -0.0068203
0.00311268 -0.0068203 0.0853147

0.00121998 -9.04943e-05 -0.000489664
-9.04943e-05 0.000697779 -0.000791627
-0.000489664 -0.000791627 0.0948191

-0.0253493 0.00065868 -0.000885102
0.00065868 -0.0275506 -0.000793698
-0.000885102 -0.000793698 0.0394467

0.00334535 0.00038008 -0.00375838
0.00038008 0.00229972 -0.00108754
-0.00375838 -0.00108754 0.0917627

0.00276375 -3.0936e-05 -0.00308672
-3.0936e-05 0.00309116 0.00212369
-0.00308672 0.00212369 0.0981694

0.00051329 6.80105e-05 -0.00278047
6.80105e-05 0.000641243 0.00191215
-0.00278047 0.00191215 0.0912156

-0.0013627 6.88851e-05 0.000719789
6.88851e-05 -0.000631922 0.00241944
0.000719789 0.00241944 0.085663

-0.0208716 -0.00078242 -0.00130934
-0.00078242 -0.0214107 -0.00217236
-0.00130934 -0.00217236 0.0498032

-0.00152142 -0.000155908 -2.88613e-05
-0.000155908 -0.000905208 8.07983e-06
-2.88613e-05 8.07983e-06 0.0881903

-0.00139706 0.000232808 0.00269172
0.000232808 -0.00233232 0.000698517
0.00269172 0.000698517 0.0824003

0.00149512 -0.000230429 -0.000374281
-0.000230429 0.00193066 0.00363006
-0.000374281 0.00363006 0.0900681

-0.00299376 -0.000479874 0.000464444
-0.000479874 -0.00418128 0.000193785
0.000464444 0.000193785 0.0801886

-0.0028681 0.000346367 -0.0031058
0.000346367 -0.00334951 -0.000622448
-0.0031058 -0.000622448 0.0814296

-0.000966372 5.40518e-05 0.00278606
5.40518e-05 -0.00196934 -0.00162837
0.00278606 -0.00162837 0.0849819

-0.000647197 0.000187102 -0.00141054
0.000187102 0.000313991 8.72828e-05
-0.00141054 8.72828e-05 0.0926812

0.000397823 -0.000226139 -0.00121349
-0.000226139 0.00101652 -0.000277347
-0.00121349 -0.000277347 0.0932826

-0.000205057 -0.000300278 -0.000624329
-0.000300278 0.000342625 0.00308755
-0.000624329 0.00308755 0.0861593

0.00190222 -5.27321e-05 -0.00305713
-5.27321e-05 0.00203461 0.00429353
-0.00305713 0.00429353 0.0930938

-0.0002639 -1.08227e-05 0.000379745
-1.08227e-05 -0.000631662 -0.000201583
0.000379745 -0.000201583 0.0903985

-0.00115513 -0.000367556 -0.00405014
-0.000367556 -0.00143212 0.0044615
-0.00405014 0.0044615 0.0848176

0.000211498 -4.36262e-05 -0.000379303
-4.36262e-05 0.000435585 8.73242e-05
-0.000379303 8.73242e-05 0.0888414

0.000795897 7.53973e-05 0.000132511
7.53973e-05 0.000227912 0.000315984
0.000132511 0.000315984 0.0908538

-0.00101351 0.000125311 0.00041333
0.000125311 -0.000214251 0.00211151
0.00041333 0.00211151 0.0861014

0.000532847 0.000353948 -0.000776706
0.000353948 0.00126405 -0.00289581
-0.000776706 -0.00289581 0.0895092

0.00155077 -0.000258772 -0.00392468
-0.000258772 0.00116637 0.00142327
-0.00392468 0.00142327 0.0915568

-6.7953e-05 6.37784e-06 -0.000158608
6.37784e-06 -7.31762e-05 3.90089e-05
-0.000158608 3.90089e-05 0.0905854

-0.00133662 1.40297e-05 0.000738168
1.40297e-05 -0.00128611 -6.84488e-05
0.000738168 -6.84488e-05 0.0880036

0.00110479 -0.000662179 -0.0034211
-0.000662179 0.000699097 0.00407512
-0.0034211 0.00407512 0.0876327

0.000477887 5.40452e-05 -0.000443324
5.40452e-05 0.000732759 -0.000554154
-0.000443324 -0.000554154 0.0885045

-0.00262205 7.66689e-05 0.0037347
7.66689e-05 -0.00343704 0.000554788
0.0037347 0.000554788 0.081536

-0.00304546 0.00142703 -0.00355933
0.00142703 -0.00361066 -0.00459636
-0.00355933 -0.00459636 0.0765195

-0.000654546 0.000356326 0.000261038
0.000356326 -0.0020569 9.59472e-05
0.000261038 9.59472e-05 0.0839432

-0.00373385 0.000246185 0.000422147
0.000246185 -0.00303649 0.0014666
0.000422147 0.0014666 0.0819363

-0.00103149 -0.000567291 -0.000681499
-0.000567291 -0.000331983 9.36331e-05
-0.000681499 9.36331e-05 0.0900691

-0.00161093 6.87293e-05 -0.000891076
6.87293e-05 -0.000989665 -0.000813827
-0.000891076 -0.000813827 0.0873739

-0.00054634 -8.57405e-05 -0.000293388
-8.57405e-05 -0.000903866 -0.00018964
-0.000293388 -0.00018964 0.0909544

0.000937477 0.000237991 -0.00329448
0.000237991 0.000858204 -0.000689864
-0.00329448 -0.000689864 0.0890033

-0.000828698 -5.91218e-05 -5.22928e-05
-5.91218e-05 -0.000751369 -0.000771009
-5.22928e-05 -0.000771009 0.0873763

-0.000415158 -0.000110212 0.00017856
-0.000110212 -0.000559863 -0.000989865
0.00017856 -0.000989865 0.0877123

-0.00170042 0.000239864 0.000364793
0.000239864 -0.000648644 0.00208634
0.000364793 0.00208634 0.0851034

0.000535409 1.90192e-05 -0.000496809
1.90192e-05 0.000467295 -3.11091e-05
-0.000496809 -3.11091e-05 0.0940015

-0.0232881 0.00203619 -0.000438985
0.00203619 -0.0239703 -0.00152034
-0.000438985 -0.00152034 0.0378966

-0.00326074 0.000224699 -0.0032762
0.000224699 -0.0044238 -0.000867261
-0.0032762 -0.000867261 0.0808022

-0.0307261 -0.000664754 -7.0273e-05
-0.000664754 -0.0336782 -0.00134939
-7.0273e-05 -0.00134939 0.0212631

-0.000852414 0.000260004 -0.00086729
0.000260004 -0.00255415 -0.0012106
-0.00086729 -0.0012106 0.0837924

-0.00906097 -4.57389e-05 -0.000948762
-4.57389e-05 -0.00916083 -0.000575479
-0.000948762 -0.000575479 0.0733391

0.000593733 0.000132291 -0.00229413
0.000132291 -0.00102841 -0.000817161
-0.00229413 -0.000817161 0.0870204

-0.000367915 1.15532e-05 1.37408e-05
1.15532e-05 -0.00030473 0.000631143
1.37408e-05 0.000631143 0.0887021

-0.000602435 6.35719e-05 -9.43089e-05
6.35719e-05 -0.000627964 0.000259665
-9.43089e-05 0.000259665 0.0885647

5.69189e-05 7.45768e-05 -0.00324094
7.45768e-05 -0.000461182 -0.000435755
-0.00324094 -0.000435755 0.0880395

-0.0286962 0.000548461 -0.000985083
0.000548461 -0.0304566 -0.00209493
-0.000985083 -0.00209493 0.033382

-0.000424757 0.00049 -0.00119176
0.00049 0.000123449 -0.000110506
-0.00119176 -0.000110506 0.0938637

-8.87044e-05 -5.47683e-05 1.73699e-05
-5.47683e-05 1.35496e-05 3.05431e-05
1.73699e-05 3.05431e-05 0.088677

-0.00037834 1.46008e-05 -0.000103787
1.46008e-05 -0.000614075 -3.85007e-05
-0.000103787 -3.85007e-05 0.0907441

-0.000473884 -0.000140638 0.000146621
-0.000140638 -0.000487339 0.000241965
0.000146621 0.000241965 0.0889433

-0.00230591 -0.000503355 -0.00379748
-0.000503355 -0.00395146 0.000800307
-0.00379748 0.000800307 0.0810915

0.000730308 -4.44052e-05 4.35001e-05
-4.44052e-05 0.000259929 -5.33783e-05
4.35001e-05 -5.33783e-05 0.0910684

-0.000551664 -6.67225e-12 -8.43506e-06
-6.67225e-12 -0.000551664 2.19812e-05
-8.43506e-06 2.19812e-05 0.0878252

-0.000512586 -0.000113488 4.41352e-05
-0.000113488 -0.000509808 4.85738e-05
4.41352e-05 4.85738e-05 0.0883839

-0.000230297 -1.12306e-05 -0.000284768
-1.12306e-05 -0.000502714 -1.00673e-05
-0.000284768 -1.00673e-05 0.0908563

0.00116193 -0.000370415 -0.00353253
-0.000370415 0.000463321 0.000572239
-0.00353253 0.000572239 0.0894932

-0.000479944 2.48123e-05 -0.000177602
2.48123e-05 -0.000548532 0.000268031
-0.000177602 0.000268031 0.0888998

-0.00234861 -0.000102714 -0.000560539
-0.000102714 -0.00212282 -0.000118192
-0.000560539 -0.000118192 0.0858762

-0.0060751 -0.000803316 -0.00256513
-0.000803316 -0.00533093 -0.00286395
-0.00256513 -0.00286395 0.0770409

0.00195071 0.0003453 0.00150366
0.0003453 0.00144769 0.000575984
0.00150366 0.000575984 0.0909352

-0.000551664 -6.67225e-12 -8.43506e-06
-6.67225e-12 -0.000551664 2.19812e-05
-8.43506e-06 2.19812e-05 0.0878252

-0.000638951 1.42759e-05 0.00339099
1.42759e-05 -0.00176737 0.000706904
0.00339099 0.000706904 0.0848938

-0.000460486 1.70083e-05 -0.000225764
1.70083e-05 -0.000665119 -7.10835e-05
-0.000225764 -7.10835e-05 0.0897486

-0.00188309 0.00050678 -0.000796181
0.00050678 -0.00259223 -9.39596e-05
-0.000796181 -9.39596e-05 0.0822616

0.00066751 -6.04621e-05 0.00403682
-6.04621e-05 0.000977285 -0.0010677
0.00403682 -0.0010677 0.088721

-0.00263255 0.000729582 -0.000371425
0.000729582 -0.00320799 -0.00021906
-0.000371425 -0.00021906 0.0817725

0.00013594 -6.73753e-05 7.40414e-05
-6.73753e-05 0.000220989 6.87709e-07
7.40414e-05 6.87709e-07 0.0891629

-0.000308394 -5.41538e-05 1.4651e-05
-5.41538e-05 -0.000403839 9.13576e-05
1.4651e-05 9.13576e-05 0.089107

-0.000654121 -5.34932e-05 0.000139306
-5.34932e-05 -0.000595585 -0.000315998
0.000139306 -0.000315998 0.0889133

0.00033713 0.000200962 -0.000581975
0.000200962 0.000129559 -0.000324311
-0.000581975 -0.000324311 0.0892261

-0.0346676 -0.00106316 0.00151286
-0.00106316 -0.033038 0.000193724
0.00151286 0.000193724 0.019956

-0.00192628 -8.79847e-05 0.000546916
-8.79847e-05 -0.00186965 -0.000653139
0.000546916 -0.000653139 0.0866392

-0.00112566 0.000583894 0.00142609
0.000583894 -0.00283504 0.00136344
0.00142609 0.00136344 0.0825407

-0.000482714 2.36529e-05 -0.000121755
2.36529e-05 -0.000548401 0.000336395
-0.000121755 0.000336395 0.0889071

0.00291124 1.88681e-05 -0.00208438
1.88681e-05 0.00280781 -0.000170804
-0.00208438 -0.000170804 0.0986132

2.35228e-05 -1.32989e-05 -0.000215593
-1.32989e-05 0.000325409 6.39055e-05
-0.000215593 6.39055e-05 0.0889697

0.00292383 -7.40688e-05 -4.63975e-05
-7.40688e-05 0.00295525 0.000234859
-4.63975e-05 0.000234859 0.0995034

0.00318074 -3.41593e-06 -0.00165552
-3.41593e-06 0.00303361 -0.000722766
-0.00165552 -0.000722766 0.0987522

0.00287898 5.0284e-05 -0.00214025
5.0284e-05 0.00283342 -0.000185345
-0.00214025 -0.000185345 0.0985244

0.00292049 7.60551e-06 -0.000247689
7.60551e-06 0.00290454 7.10569e-05
-0.000247689 7.10569e-05 0.0994369

0.00339637 2.61928e-10 -8.69662e-05
2.61928e-10 0.00339637 -8.37152e-05
-8.69662e-05 -8.37152e-05 0.101105

0.00254728 9.50771e-11 -3.49337e-05
9.50771e-11 0.00254728 -7.56433e-05
-3.49337e-05 -7.56433e-05 0.0980141

0.00294712 2.21871e-10 -8.5929e-05
2.21871e-10 0.00294712 -7.17649e-05
-8.5929e-05 -7.17649e-05 0.0994693

0.00123283 -0.000667742 -0.00332404
-0.000667742 0.0012936 -0.00243868
-0.00332404 -0.00243868 0.0995302

0.00317111 -0.000120218 -0.00325045
-0.000120218 0.00204718 -0.00241349
-0.00325045 -0.00241349 0.100127

-0.000120223 -9.00698e-06 -0.000129753
-9.00698e-06 0.000220066 5.94589e-05
-0.000129753 5.94589e-05 0.0888004

-0.000551664 -6.67225e-12 -8.43506e-06
-6.67225e-12 -0.000551664 2.19812e-05
-8.43506e-06 2.19812e-05 0.0878252

0.000487674 -6.30126e-05 0.000207659
-6.30126e-05 0.000137485 -3.90643e-06
0.000207659 -3.90643e-06 0.0886324

0.00152983 -4.50506e-05 -0.00128316
-4.50506e-05 0.000666976 -0.00197111
-0.00128316 -0.00197111 0.0927827

0.00227796 -0.000204508 -0.000128102
-0.000204508 0.00204997 -0.00391069
-0.000128102 -0.00391069 0.09247

0.00339637 2.61938e-10 -8.69662e-05
2.61938e-10 0.00339637 -8.37152e-05
-8.69662e-05 -8.37152e-05 0.101105

0.00220628 2.41057e-05 -0.000568432
2.41057e-05 0.00248371 -0.000301828
-0.000568432 -0.000301828 0.097184

0.00331948 2.07229e-05 -0.00239252
2.07229e-05 0.0035019 0.00052676
-0.00239252 0.00052676 0.10126

0.0037479 -2.67825e-05 -0.0011622
-2.67825e-05 0.00321576 0.00161771
-0.0011622 0.00161771 0.101666

0.00122654 0.000253028 -0.00029924
0.000253028 0.000757298 0.000878616
-0.00029924 0.000878616 0.09654

0.00342107 1.78413e-10 -3.44534e-05
1.78413e-10 0.00342107 -0.000143932
-3.44534e-05 -0.000143932 0.101195

0.00232859 -2.35537e-10 -0.000182818
-2.35537e-10 0.00232858 3.58074e-05
-0.000182818 3.58074e-05 0.0972183

0.00342107 1.78419e-10 -3.44534e-05
1.78419e-10 0.00342107 -0.000143932
-3.44534e-05 -0.000143932 0.101195

-0.00161888 0.000437487 -0.000381884
0.000437487 -0.00135131 -0.000307414
-0.000381884 -0.000307414 0.0865181

-0.0010938 -0.000120015 -0.00150064
-0.000120015 -0.00041883 0.00329448
-0.00150064 0.00329448 0.0857916

0.0017306 0.000439701 -0.00139792
0.000439701 0.000642817 0.00213306
-0.00139792 0.00213306 0.100743

0.00106411 0.000328424 -0.000622949
0.000328424 0.000199514 0.0028448
-0.000622949 0.0028448 0.100442

0.00175044 0.00012955 -0.00152502
0.00012955 0.00106227 0.0026688
-0.00152502 0.0026688 0.0964326

0.00142519 7.36503e-05 -0.000635529
7.36503e-05 0.000757172 0.0034746
-0.000635529 0.0034746 0.0960951

0.00298759 0.000370644 -0.00297942
0.000370644 0.00234045 -0.00300286
-0.00297942 -0.00300286 0.0947511

0.00104057 -0.000338006 -0.00324344
-0.000338006 0.00173304 -0.0030198
-0.00324344 -0.0030198 0.0940832

0.00283548 0.00013807 -0.00422732
0.00013807 0.00265237 -0.00106819
-0.00422732 -0.00106819 0.096677

-0.00258065 6.82664e-06 -0.00283567
6.82664e-06 -0.00277396 -0.0005512
-0.00283567 -0.0005512 0.0839236

0.000239883 2.07667e-05 0.000152794
2.07667e-05 5.37152e-05 7.51082e-05
0.000152794 7.51082e-05 0.0879833

0.00151135 -3.01762e-05 -0.00434231
-3.01762e-05 0.00142034 0.000917858
-0.00434231 0.000917858 0.0921138

-0.00013331 -8.24047e-05 0.000171486
-8.24047e-05 -0.000449848 2.35431e-05
0.000171486 2.35431e-05 0.0900385

-0.000734351 0.000347669 -0.00493451
0.000347669 -0.000381349 0.00120149
-0.00493451 0.00120149 0.089625

-0.00464968 -7.28531e-05 -0.00245296
-7.28531e-05 -0.00374227 0.00315253
-0.00245296 0.00315253 0.0802822

0.001882 6.44461e-05 -0.00392338
6.44461e-05 0.00210901 0.00314192
-0.00392338 0.00314192 0.0943166

0.00217737 3.45181e-05 -0.00277135
3.45181e-05 0.00221694 0.00379721
-0.00277135 0.00379721 0.0947414

-0.000406435 -0.000208777 0.000222435
-0.000208777 -0.00109956 -0.000280777
0.000222435 -0.000280777 0.0902917

-0.00172113 0.000254848 -0.00365691
0.000254848 -0.00144681 -0.00225535
-0.00365691 -0.00225535 0.0847046

-0.000275019 -6.66804e-05 0.000149648
-6.66804e-05 -5.88607e-05 2.04061e-05
0.000149648 2.04061e-05 0.0894726

0.00241492 1.32679e-05 -0.00265168
1.32679e-05 0.00167673 -0.00300971
-0.00265168 -0.00300971 0.0973288

0.00303174 -0.000245396 -3.15207e-05
-0.000245396 0.00263557 -0.00594464
-3.15207e-05 -0.00594464 0.0962405

0.00209358 0.000632365 -0.00359836
0.000632365 0.00225053 -0.00439114
-0.00359836 -0.00439114 0.0900117

0.0040758 0.000498953 -0.00400341
0.000498953 0.00358012 -0.00429299
-0.00400341 -0.00429299 0.0915735

-0.00179443 -1.8001e-05 0.00417885
-1.8001e-05 -0.0017651 -0.00156083
0.00417885 -0.00156083 0.0843335

0.000760066 0.000136358 0.000686979
0.000136358 0.00157801 -0.00382533
0.000686979 -0.00382533 0.0896961

-0.000379964 0.000178028 0.00016182
0.000178028 -9.28375e-05 8.86487e-05
0.00016182 8.86487e-05 0.0876991

0.000642679 -0.000148447 -0.00360826
-0.000148447 0.000899475 0.00361658
-0.00360826 0.00361658 0.0897273

-0.00255805 -0.000617289 -0.00352526
-0.000617289 -0.00297968 0.000786882
-0.00352526 0.000786882 0.0835706

0.00204849 0.000115722 0.000315267
0.000115722 0.0020931 -0.00363646
0.000315267 -0.00363646 0.0904571

-0.00057144 -3.52944e-05 -0.000172655
-3.52944e-05 -0.000695647 -7.31985e-05
-0.000172655 -7.31985e-05 0.0897333

0.00271911 0.000281934 -0.00212214
0.000281934 0.0013859 -0.00405493
-0.00212214 -0.00405493 0.0939739

0.00140816 0.000640582 -0.0049323
0.000640582 0.000507091 -0.0056675
-0.0049323 -0.0056675 0.0864925

-0.00332956 0.000675201 -0.00394161
0.000675201 -0.00384986 -0.00460859
-0.00394161 -0.00460859 0.0785078

-0.0010126 -0.000218194 0.00510747
-0.000218194 -0.00205775 -0.00102434
0.00510747 -0.00102434 0.0841139

-0.00202373 0.00030201 -0.00421617
0.00030201 -0.00278211 -0.00210695
-0.00421617 -0.00210695 0.0825013

0.000691743 0.000773717 0.00123806
0.000773717 -0.000518153 0.000751135
0.00123806 0.000751135 0.0861862

0.000560057 5.73555e-05 0.000190115
5.73555e-05 0.000509766 -0.00233512
0.000190115 -0.00233512 0.0883513

0.00177292 -0.000444449 -0.00630454
-0.000444449 0.00112591 0.00182965
-0.00630454 0.00182965 0.0870378

-0.00201855 -0.000502205 -0.00561629
-0.000502205 -0.00282504 0.00151522
-0.00561629 0.00151522 0.0801746

0.00191992 -0.000401169 -0.00529137
-0.000401169 0.000767792 0.00336817
-0.00529137 0.00336817 0.0870876

-0.00349415 -0.000293009 -0.000533674
-0.000293009 -0.00340919 0.000841508
-0.000533674 0.000841508 0.081792

-0.000722594 8.26799e-05 0.000286479
8.26799e-05 -0.00153229 0.000127509
0.000286479 0.000127509 0.0870717

0.00555538 0.000543007 -0.00564527
0.000543007 0.00391173 -0.000691331
-0.00564527 -0.000691331 0.0932052

0.00200063 0.000266921 0.000303534
0.000266921 0.00215983 -0.00346189
0.000303534 -0.00346189 0.0910412

0.00183792 0.00129042 -0.00438179
0.00129042 0.0011888 -0.00567701
-0.00438179 -0.00567701 0.0851815

0.00122177 0.000808525 -0.00638236
0.000808525 0.00119192 -0.00501037
-0.00638236 -0.00501037 0.0844084

0.00296853 0.000391621 -0.00406776
0.000391621 0.00391216 -0.00500036
-0.00406776 -0.00500036 0.0906292

0.00267024 0.000170825 -0.00164611
0.000170825 0.00418634 -0.00612951
-0.00164611 -0.00612951 0.0906659

-0.00092653 -7.41171e-05 0.000177455
-7.41171e-05 -0.00101315 0.00040671
0.000177455 0.00040671 0.0876128

-0.00037486 -3.85863e-05 7.47907e-05
-3.85863e-05 -0.000529212 0.000279819
7.47907e-05 0.000279819 0.0892203

-0.0026085 -0.000106685 -0.000145378
-0.000106685 -0.0027715 0.000204351
-0.000145378 0.000204351 0.0838246

-0.000171603 -2.90311e-05 0.0035671
-2.90311e-05 -0.00113634 -0.000187043
0.0035671 -0.000187043 0.0873197

-0.00192546 -0.000480115 -0.00457111
-0.000480115 -0.00317476 0.00310445
-0.00457111 0.00310445 0.0802116

0.000402605 -0.000420763 -0.00334756
-0.000420763 0.00015987 0.00329702
-0.00334756 0.00329702 0.0856879

-0.000368398 3.10537e-06 -0.000241822
3.10537e-06 -0.000591706 -6.28133e-05
-0.000241822 -6.28133e-05 0.0898134

-0.000532879 0.000195987 0.000282287
0.000195987 -0.000489205 -0.0023481
0.000282287 -0.0023481 0.0860773

-0.00069655 -0.000589412 -0.00354908
-0.000589412 0.000117778 0.00308301
-0.00354908 0.00308301 0.085266

-0.00109709 0.000216978 0.000459309
0.000216978 -4.69091e-05 0.00203694
0.000459309 0.00203694 0.0861146

-0.000293993 0.000242251 -0.000999081
0.000242251 -0.000119143 -0.00165759
-0.000999081 -0.00165759 0.0864387

-0.000493861 5.52409e-05 0.000128069
5.52409e-05 -0.000536355 0.00017731
0.000128069 0.00017731 0.0894201

-0.00182932 0.00013562 -0.0054783
0.00013562 -0.0036731 -0.0013326
-0.0054783 -0.0013326 0.0800048

-0.000217049 0.000512295 -0.00612727
0.000512295 -0.00167581 -0.00183572
-0.00612727 -0.00183572 0.0831413

0.00141584 7.84175e-05 -0.000470784
7.84175e-05 0.00228777 -0.00627511
-0.000470784 -0.00627511 0.089631

-9.20015e-06 -0.000135294 -0.000515578
-0.000135294 -0.000497594 -0.00609118
-0.000515578 -0.00609118 0.089222

-0.000771799 2.85482e-05 -0.00126971
2.85482e-05 -0.000915143 -0.0032693
-0.00126971 -0.0032693 0.0874289

0.00111059 -0.000312905 -0.00497958
-0.000312905 -0.000293311 0.00108099
-0.00497958 0.00108099 0.0855711

0.000507722 1.51308e-05 0.000146217
1.51308e-05 0.00064544 -0.000129809
0.000146217 -0.000129809 0.0893382

-0.00351644 -0.000534378 -0.0031809
-0.000534378 -0.00270594 0.00259092
-0.0031809 0.00259092 0.0807143

-0.00241418 -0.00036877 -0.00299998
-0.00036877 -0.0026957 0.00278321
-0.00299998 0.00278321 0.0811262

-0.00474235 -9.42812e-05 -0.0039216
-9.42812e-05 -0.0052518 -0.00101451
-0.0039216 -0.00101451 0.0788073

-0.00514106 0.00014486 -0.00357536
0.00014486 -0.00523754 -0.00176926
-0.00357536 -0.00176926 0.078651

5.70709e-05 0.000512765 0.000405792
0.000512765 0.000427017 -0.00386865
0.000405792 -0.00386865 0.0869855

-0.000471641 7.82092e-05 -0.000119395
7.82092e-05 -0.000939948 -0.000224842
-0.000119395 -0.000224842 0.0908913

0.00140676 0.00031215 -0.00146096
0.00031215 0.00200284 -0.00407325
-0.00146096 -0.00407325 0.0903655

-0.000441259 0.000638472 -0.00254037
0.000638472 0.00205116 -0.00535958
-0.00254037 -0.00535958 0.086153

0.00162167 0.000154122 0.00444245
0.000154122 0.00219124 -0.000942025
0.00444245 -0.000942025 0.0955822

-0.00351429 -0.000127069 0.00220231
-0.000127069 -0.00361597 -0.000519794
0.00220231 -0.000519794 0.0811663

-0.00257002 -0.000166162 -0.00434519
-0.000166162 -0.00384428 0.000570697
-0.00434519 0.000570697 0.0799505

-0.00299362 -0.000258562 -0.00287291
-0.000258562 -0.00390029 0.00141912
-0.00287291 0.00141912 0.0801858

-0.00255043 -2.82578e-05 -0.00241442
-2.82578e-05 -0.00263405 0.00150588
-0.00241442 0.00150588 0.0814107

-0.00120834 -0.000266401 -0.00263789
-0.000266401 -0.00110154 0.00300967
-0.00263789 0.00300967 0.084073

-0.00391538 -0.00048429 -0.0013588
-0.00048429 -0.00414827 0.00220665
-0.0013588 0.00220665 0.0804434

-0.00331972 -0.000363912 -0.00171306
-0.000363912 -0.00353161 0.00237586
-0.00171306 0.00237586 0.0818705

-0.00179212 -0.000336295 -0.00274036
-0.000336295 -0.00147299 0.00289895
-0.00274036 0.00289895 0.0829025

-0.000894941 0.00063903 -0.000887985
0.00063903 -0.00140332 -0.000496042
-0.000887985 -0.000496042 0.0837454

-0.00124828 0.000898402 -0.00115713
0.000898402 -0.00226354 -0.000330639
-0.00115713 -0.000330639 0.0833721

-0.000808059 -8.72041e-05 -0.00392135
-8.72041e-05 -0.00160207 -0.00141715
-0.00392135 -0.00141715 0.0864465

0.00117187 -0.000160662 0.00131838
-0.000160662 0.000978667 -0.000368213
0.00131838 -0.000368213 0.0941426

-0.00413097 -0.0004501 -0.00136299
-0.0004501 -0.00352484 0.00259672
-0.00136299 0.00259672 0.0801024

-0.0011408 0.000291661 -0.00281239
0.000291661 -0.00268336 -0.00020699
-0.00281239 -0.00020699 0.0817823

0.00179714 -0.000105492 0.000931505
-0.000105492 0.00172186 -0.00127862
0.000931505 -0.00127862 0.0954798

0.000267115 -3.8145e-05 -0.00218941
-3.8145e-05 -0.00123472 -0.00049374
-0.00218941 -0.00049374 0.0840463

-0.00183442 -0.000488482 -0.0028091
-0.000488482 -0.00380177 0.000164657
-0.0028091 0.000164657 0.0811074

-0.00391862 -0.000294815 -0.00122707
-0.000294815 -0.00271011 0.0027051
-0.00122707 0.0027051 0.0804632

0.00132724 0.000496139 0.00455667
0.000496139 0.000331425 0.000360811
0.00455667 0.000360811 0.0906861

-0.00190851 2.46532e-05 -0.000446496
2.46532e-05 -0.000936111 0.00614256
-0.000446496 0.00614256 0.0845182

-0.000405838 -9.14309e-05 0.00170933
-9.14309e-05 -0.0011097 -0.00158519
0.00170933 -0.00158519 0.0867507

-0.00223795 -0.000457674 -0.00117297
-0.000457674 -0.00287096 0.00153583
-0.00117297 0.00153583 0.0826992

-0.00384406 -5.3718e-05 0.000526988
-5.3718e-05 -0.00391803 -0.000758574
0.000526988 -0.000758574 0.0824473

-0.00213436 -5.33915e-05 0.00119935
-5.33915e-05 -0.00239651 0.000402213
0.00119935 0.000402213 0.0853495

-0.00210937 0.000776679 -0.000209828
0.000776679 -0.00221126 -0.00112499
-0.000209828 -0.00112499 0.0822886

-0.00219214 0.000629641 -0.000840632
0.000629641 -0.00300316 -0.000279721
-0.000840632 -0.000279721 0.0812854

-0.00379899 0.000154842 -0.00130643
0.000154842 -0.0033463 -0.000345571
-0.00130643 -0.000345571 0.0811735

-0.00213251 0.000487352 -0.000830258
0.000487352 -0.00319698 -0.000314131
-0.000830258 -0.000314131 0.0812348

-0.00228096 0.000267001 -0.00126808
0.000267001 -0.00412265 0.000323069
-0.00126808 0.000323069 0.0799461

-0.00213342 -0.00055232 -0.000754742
-0.00055232 -0.00285351 0.000372849
-0.000754742 0.000372849 0.0817142

-0.00144945 -0.000399027 -0.000770571
-0.000399027 -0.00333963 0.000346008
-0.000770571 0.000346008 0.0817874

-0.00144782 2.01949e-05 -0.000139416
2.01949e-05 -0.00177822 0.000165997
-0.000139416 0.000165997 0.0856973

-0.0012727 -0.000139038 0.000239227
-0.000139038 0.000171375 0.00446587
0.000239227 0.00446587 0.0849392

-0.000503936 -4.04373e-05 -0.000169705
-4.04373e-05 -0.00066127 -7.93504e-05
-0.000169705 -7.93504e-05 0.089735

-0.00110248 0.000743208 -0.000113919
0.000743208 -0.0022715 -2.87202e-05
-0.000113919 -2.87202e-05 0.0820386

-0.00108745 0.000668745 -0.000103063
0.000668745 -0.00240685 -5.9602e-05
-0.000103063 -5.9602e-05 0.0819942

0.000451584 -0.000221731 0.0040911
-0.000221731 0.000717965 -0.00117391
0.0040911 -0.00117391 0.0952112

0.00192787 -0.000154825 0.00465462
-0.000154825 0.00135132 -0.000837604
0.00465462 -0.000837604 0.0903248

-0.00140226 0.000760771 -0.000190198
0.000760771 0.00106642 0.000136315
-0.000190198 0.000136315 0.0821605

-0.00190091 0.000105369 0.0059587
0.000105369 -0.00250023 0.00126186
0.0059587 0.00126186 0.0827937

-0.00178975 -0.00012162 0.000398517
-0.00012162 -0.000306901 0.00474855
0.000398517 0.00474855 0.0840105

-0.00172998 -0.000602168 0.000345887
-0.000602168 -0.00256011 -0.000234106
0.000345887 -0.000234106 0.0820362

-0.00013359 -3.66951e-05 -2.8659e-05
-3.66951e-05 -6.89397e-05 -4.97998e-05
-2.8659e-05 -4.97998e-05 0.0886022

-0.0125228 0.00165286 -0.00153767
0.00165286 -0.0132639 0.00310786
-0.00153767 0.00310786 0.0636111

-0.000420366 -9.02398e-05 -2.07318e-05
-9.02398e-05 0.000311569 0.00539555
-2.07318e-05 0.00539555 0.0868051

0.000657955 -0.000608172 -0.00108304
-0.000608172 0.00172723 0.00394096
-0.00108304 0.00394096 0.089141

-0.00109235 -0.000459213 0.000322692
-0.000459213 -0.00303961 -0.000256105
0.000322692 -0.000256105 0.0820959

-0.00251163 -0.000103079 0.000536015
-0.000103079 -0.00241284 0.000205292
0.000536015 0.000205292 0.0828983

-0.00199266 -0.00078 0.000266684
-0.00078 -0.000438882 2.77799e-05
0.000266684 2.77799e-05 0.0827398

-0.0016154 -0.000686318 -2.34434e-05
-0.000686318 -0.000105197 -0.000350467
-2.34434e-05 -0.000350467 0.0830251

-0.00276787 -0.000648183 0.000466774
-0.000648183 -0.00133937 -0.000327185
0.000466774 -0.000327185 0.0818656

-0.00284614 -0.000115279 4.28069e-05
-0.000115279 -0.00294401 -0.000574399
4.28069e-05 -0.000574399 0.0825561

-0.00307588 -7.34103e-05 0.000191657
-7.34103e-05 -0.00277485 -0.000782
0.000191657 -0.000782 0.0828156

-0.00196304 -0.000141063 0.00542796
-0.000141063 -0.00256402 -0.00117054
0.00542796 -0.00117054 0.0830756

-0.00054211 -5.64729e-05 0.000267168
-5.64729e-05 -0.000234694 4.24319e-05
0.000267168 4.24319e-05 0.0891319

-0.00318911 0.000370917 0.00116692
0.000370917 -0.002728 0.000967589
0.00116692 0.000967589 0.0809771

-0.00328578 0.0006569 0.000442872
0.0006569 -0.0030093 0.00116327
0.000442872 0.00116327 0.0809373

-0.000571796 -4.17853e-05 0.00380813
-4.17853e-05 -0.00375815 0.000736375
0.00380813 0.000736375 0.0789616

-0.000306611 6.89807e-05 0.00350419
6.89807e-05 -0.00353765 -0.000330728
0.00350419 -0.000330728 0.0792266

-0.00200519 -0.000156878 -0.00628444
-0.000156878 -0.00270685 0.00115188
-0.00628444 0.00115188 0.082357

-0.00362081 -0.000381779 0.000770104
-0.000381779 -0.00341781 -0.000529154
0.000770104 -0.000529154 0.0802088

-0.00379898 -0.000596539 0.00152334
-0.000596539 -0.00437921 -0.00297532
0.00152334 -0.00297532 0.0791492

-0.00243394 -0.000372967 0.0012661
-0.000372967 -0.00158785 -0.00187551
0.0012661 -0.00187551 0.0817268

-0.00356078 0.000248897 0.00211529
0.000248897 -0.00298375 0.00238087
0.00211529 0.00238087 0.0808052

-0.00808589 0.000107875 -0.00197108
0.000107875 -0.00868408 0.00419502
-0.00197108 0.00419502 0.0743744

-0.00167809 0.00019318 0.00173287
0.00019318 -0.00092887 0.00151626
0.00173287 0.00151626 0.0842077

0.00108384 -0.000766335 -0.00121833
-0.000766335 0.00207714 0.00439067
-0.00121833 0.00439067 0.0896578

-4.14857e-05 7.59269e-05 0.00437039
7.59269e-05 -0.00186619 0.000202805
0.00437039 0.000202805 0.0840066

-0.00123244 -1.36484e-05 0.00444089
-1.36484e-05 -0.00285229 0.000264681
0.00444089 0.000264681 0.0817021

-0.00249279 0.000146675 -0.00595071
0.000146675 -0.00340153 -0.000675841
-0.00595071 -0.000675841 0.0821254

0.00141942 -1.16879e-05 -0.0051427
-1.16879e-05 0.000661239 -0.000567438
-0.0051427 -0.000567438 0.0893827

-0.000736156 0.000395823 0.00418542
0.000395823 -0.00277067 -0.000538119
0.00418542 -0.000538119 0.0820199

-0.00168486 -0.00103921 0.00384366
-0.00103921 -0.0033126 -0.000641414
0.00384366 -0.000641414 0.0775658

-0.00207334 -0.00062833 0.00531009
-0.00062833 -0.00241677 -0.00120302
0.00531009 -0.00120302 0.0807852

-0.0015534 -0.000797078 0.00346712
-0.000797078 -0.00315904 -0.00263497
0.00346712 -0.00263497 0.0774347

-0.00353216 -0.00135045 0.00323594
-0.00135045 -0.00284297 -0.00232589
0.00323594 -0.00232589 0.0805632

-0.00216951 -0.000301678 0.00173515
-0.000301678 -0.000306861 -0.00174449
0.00173515 -0.00174449 0.0826823

-0.00122803 -0.000319179 0.00108799
-0.000319179 0.000122944 -0.00239065
0.00108799 -0.00239065 0.0840713

-0.00237869 0.000239262 0.000314224
0.000239262 -0.000526287 0.000782407
0.000314224 0.000782407 0.0821925

-0.00125956 -0.000285145 -0.000741958
-0.000285145 -0.000181182 0.00489485
-0.000741958 0.00489485 0.0861969

-0.00212875 -0.000228794 0.00188898
-0.000228794 -0.00203882 -0.0005072
0.00188898 -0.0005072 0.0834807

0.00192916 -0.000351482 -0.00551612
-0.000351482 0.00128207 0.00166712
-0.00551612 0.00166712 0.0897287

0.000535842 -0.000204326 0.00189097
-0.000204326 0.000494256 -0.00078938
0.00189097 -0.00078938 0.0881028

0.000118871 -0.000114915 0.000241622
-0.000114915 -0.000225238 -1.97036e-05
0.000241622 -1.97036e-05 0.0904127

0.000721823 0.000220992 0.00200943
0.000220992 -9.82767e-05 0.00052902
0.00200943 0.00052902 0.0898395

-0.00113681 0.000172757 0.00200813
0.000172757 -0.00171181 0.00110267
0.00200813 0.00110267 0.0858764

-0.000597806 -0.000203552 0.00514922
-0.000203552 -0.00149069 -0.00135668
0.00514922 -0.00135668 0.0845866

0.00024296 -9.95538e-05 0.000962211
-9.95538e-05 0.00220058 0.00487757
0.000962211 0.00487757 0.0897385

0.00371552 -0.000108915 -0.00131256
-0.000108915 0.00476785 0.00457192
-0.00131256 0.00457192 0.100253

0.00202287 -9.79197e-05 -0.00148556
-9.79197e-05 0.00274214 0.00391064
-0.00148556 0.00391064 0.0941016

-0.00201906 -0.000106887 0.00499454
-0.000106887 -0.00266048 -0.00303195
0.00499454 -0.00303195 0.0804365

-0.0027288 -0.000515454 0.00325044
-0.000515454 -0.00270608 -0.00355198
0.00325044 -0.00355198 0.0813276

-0.00196272 -0.000720005 0.00211854
-0.000720005 -0.00130864 -0.00241556
0.00211854 -0.00241556 0.083768

-0.00113295 -0.000804648 0.00238801
-0.000804648 -0.000570386 -0.00250618
0.00238801 -0.00250618 0.084843

-0.00274254 -0.000570427 0.00452845
-0.000570427 -0.00296652 -0.00294783
0.00452845 -0.00294783 0.0809596

-0.00235261 -0.000183178 0.00274434
-0.000183178 -0.00187546 0.00315989
0.00274434 0.00315989 0.0818576

-0.00296296 7.84183e-05 0.0038207
7.84183e-05 -0.00391292 0.000365884
0.0038207 0.000365884 0.0810265

-0.00145643 -7.87936e-05 0.00402488
-7.87936e-05 -0.00212564 -0.000103564
0.00402488 -0.000103564 0.0830192

-0.000161514 0.000287064 0.00244488
0.000287064 0.0011043 0.00388039
0.00244488 0.00388039 0.0881702

0.0011722 0.000415578 0.00377647
0.000415578 0.000774611 0.0029232
0.00377647 0.0029232 0.0883636

-0.00256067 -0.000232448 0.00644202
-0.000232448 -0.00374535 -0.00220369
0.00644202 -0.00220369 0.0805157

0.00189529 -0.000300195 0.00534161
-0.000300195 0.00113473 -0.00173582
0.00534161 -0.00173582 0.088946

-0.00435008 -0.000692644 0.00866557
-0.000692644 -0.00594967 -0.00306748
0.00866557 -0.00306748 0.0756305

0.0051099 -0.000788625 0.00988124
-0.000788625 0.00330761 -0.00352002
0.00988124 -0.00352002 0.0908649

-0.00402021 -0.00082899 0.00855035
-0.00082899 -0.00516309 -0.00369091
0.00855035 -0.00369091 0.0759307

0.000980204 -0.000356471 0.00469839
-0.000356471 0.00076923 -0.0028796
0.00469839 -0.0028796 0.0879814

0.00118725 -0.000333514 0.00324085
-0.000333514 0.00110081 -0.00356686
0.00324085 -0.00356686 0.0885157

-0.000340686 -6.67241e-05 -0.000406352
-6.67241e-05 -0.000499399 -0.000137238
-0.000406352 -0.000137238 0.0873907

-0.00079107 0.000467785 0.00421957
0.000467785 -0.000768616 0.00255638
0.00421957 0.00255638 0.0858884

-0.00281178 0.000323683 0.0025282
0.000323683 -0.00215622 0.00470265
0.0025282 0.00470265 0.0830173

-0.00239799 7.54211e-05 0.00168677
7.54211e-05 -0.0016764 0.00598533
0.00168677 0.00598533 0.0828788

0.00490453 3.89587e-05 0.00500961
3.89587e-05 0.00365181 0.000226618
0.00500961 0.000226618 0.0950739

0.00242068 0.000233713 0.00343008
0.000233713 0.00176094 0.00116894
0.00343008 0.00116894 0.0914535

-0.00194202 0.00091295 0.00248735
0.00091295 -0.00100799 0.00383457
0.00248735 0.00383457 0.0825189

0.000683577 0.000178106 0.00676568
0.000178106 -0.000378892 0.0016441
0.00676568 0.0016441 0.0857388

0.00140738 -0.000474869 0.00628394
-0.000474869 -0.000505173 -0.00144877
0.00628394 -0.00144877 0.0862251

-8.05942e-05 -0.000256768 0.00581231
-0.000256768 -0.00145639 -0.00129259
0.00581231 -0.00129259 0.0845679

0.00542322 -0.000971125 0.00971051
-0.000971125 0.0041535 -0.00446091
0.00971051 -0.00446091 0.0911226

0.00336089 -0.000289618 0.00537913
-0.000289618 0.00170939 -0.00286602
0.00537913 -0.00286602 0.0879097

-0.00169801 -0.000102897 0.00192416
-0.000102897 -0.00172328 -0.0032822
0.00192416 -0.0032822 0.0834628

0.000685807 -0.000254675 0.00233578
-0.000254675 0.000693601 -0.00373476
0.00233578 -0.00373476 0.0869467

6.57253e-05 -0.000119723 0.00210024
-0.000119723 0.000421467 -0.00339161
0.00210024 -0.00339161 0.0874544

-0.00113171 -6.7778e-05 0.00226085
-6.7778e-05 -0.00153161 -0.00277697
0.00226085 -0.00277697 0.0842673

-0.0018378 0.000134067 0.00601833
0.000134067 -0.00161696 0.00318811
0.00601833 0.00318811 0.0830912

-0.00218505 0.000154743 0.00636981
0.000154743 -0.00265468 0.00262314
0.00636981 0.00262314 0.0825376

0.00214626 0.000183165 0.00706493
0.000183165 0.00145985 0.00184096
0.00706493 0.00184096 0.089124

-0.00119842 0.000543483 0.00563728
0.000543483 -0.00159627 0.00283822
0.00563728 0.00283822 0.0843421

-0.000987846 0.00102254 0.00356512
0.00102254 -0.0013097 0.00306073
0.00356512 0.00306073 0.0826322

-0.00344275 0.000168347 0.00287436
0.000168347 -0.0039407 0.00107676
0.00287436 0.00107676 0.0811725

-0.00182867 -0.000461198 0.00540612
-0.000461198 -0.00294172 -0.00138888
0.00540612 -0.00138888 0.0827985

-0.00174287 -0.000388162 0.00753101
-0.000388162 -0.00201939 -0.00194425
0.00753101 -0.00194425 0.0846599

-0.00116532 -0.000226932 -0.00103309
-0.000226932 -0.000497412 0.00424333
-0.00103309 0.00424333 0.0864072

-0.00015264 0.000258746 0.0038615
0.000258746 -0.00035933 -0.00206336
0.0038615 -0.00206336 0.0859769

-0.00182842 -0.000146405 0.00269448
-0.000146405 -0.00188033 -0.00503876
0.00269448 -0.00503876 0.084074

-0.00100178 0.000148932 0.00344671
0.000148932 -0.00100516 0.00574126
0.00344671 0.00574126 0.0856016

-0.00191023 -0.00016305 0.00278918
-0.00016305 -0.000884959 0.00604449
0.00278918 0.00604449 0.0853225

-0.000700017 -8.32526e-05 0.00597246
-8.32526e-05 0.000513761 0.00279129
0.00597246 0.00279129 0.0871751

0.00347186 -0.000971936 0.0053179
-0.000971936 0.00407391 0.00323959
0.0053179 0.00323959 0.0902124

0.00117325 0.000684946 0.00382991
0.000684946 0.000541539 0.00239379
0.00382991 0.00239379 0.0872372

-0.00954163 -1.18457e-05 0.00245349
-1.18457e-05 -0.0105301 -0.00144689
0.00245349 -0.00144689 0.0623706

-0.00141112 -3.79868e-05 0.000293191
-3.79868e-05 -0.0012537 0.000105435
0.000293191 0.000105435 0.0866345

0.00203452 -0.000289887 0.00290042
-0.000289887 0.00361223 0.00479475
0.00290042 0.00479475 0.0881466

0.000989037 0.00035197 -0.0035458
0.00035197 0.00153667 -0.00557359
-0.0035458 -0.00557359 0.0877452

0.00187923 -0.000267686 0.00608497
-0.000267686 0.002359 -0.00190998
0.00608497 -0.00190998 0.098436

-0.00332844 0.000399041 -0.00294212
0.000399041 -0.00333314 -0.00422611
-0.00294212 -0.00422611 0.0801827

0.003894 0.000624187 0.00455714
0.000624187 0.00310166 -0.00228943
0.00455714 -0.00228943 0.0912253

-0.00199929 0.000423017 -0.00476319
0.000423017 -0.00304682 -0.00115393
-0.00476319 -0.00115393 0.0815631

0.00183017 -0.000200662 0.0027774
-0.000200662 0.000279452 -0.00258564
0.0027774 -0.00258564 0.0870826

0.000915615 -0.000112843 0.00103117
-0.000112843 0.00281275 0.00454901
0.00103117 0.00454901 0.0917508

-0.000839541 -8.5886e-05 0.000130374
-8.5886e-05 -0.000655854 -0.000119321
0.000130374 -0.000119321 0.0902181

0.00209328 0.000177093 -0.00312372
0.000177093 0.00217312 0.00204719
-0.00312372 0.00204719 0.0982839

-0.000987396 0.000130938 1.39124e-06
0.000130938 -0.00072631 -1.09553e-05
1.39124e-06 -1.09553e-05 0.0889666

-0.00880023 0.000111927 -0.00154592
0.000111927 -0.00789507 -9.24175e-05
-0.00154592 -9.24175e-05 0.0763109

0.000858941 0.000894119 -0.003536
0.000894119 0.00107044 -0.0042675
-0.003536 -0.0042675 0.0880657

-0.000203204 1.75323e-05 0.00351681
1.75323e-05 -0.00111496 0.0014785
0.00351681 0.0014785 0.0868582

-0.000465925 -0.000674793 0.00186722
-0.000674793 -0.00144989 -0.000751394
0.00186722 -0.000751394 0.0832678

-0.0186884 0.000281843 0.00187868
0.000281843 -0.0205833 -0.000109511
0.00187868 -0.000109511 0.0521611

-0.0165763 -5.34441e-05 0.0022921
-5.34441e-05 -0.0189871 -0.000316816
0.0022921 -0.000316816 0.053719

0.000641191 8.90588e-05 -0.00164069
8.90588e-05 0.000736398 0.0013183
-0.00164069 0.0013183 0.0827258

0.0027477 -0.000757914 0.000306615
-0.000757914 0.00237153 -0.0020578
0.000306615 -0.0020578 0.083566

0.000211968 0.000154221 0.0020117
0.000154221 -0.00119242 -0.00188476
0.0020117 -0.00188476 0.0858116

-0.000975566 5.65373e-05 -0.000450505
5.65373e-05 -0.00107435 0.000633502
-0.000450505 0.000633502 0.088503

-0.00488003 -0.00152278 0.000107936
-0.00152278 -0.00208473 0.00460572
0.000107936 0.00460572 0.0780729

-0.00390636 -0.000609789 0.00251021
-0.000609789 -0.00181492 0.00440917
0.00251021 0.00440917 0.078276

-0.00326158 0.00689241 0.0023157
0.00689241 -0.010812 0.000436928
0.0023157 0.000436928 0.0441823

-0.00733946 0.00561437 0.00407975
0.00561437 -0.00976211 0.00362002
0.00407975 0.00362002 0.0337738

-0.0104721 0.0012387 -0.00240674
0.0012387 -0.00503342 0.0016752
-0.00240674 0.0016752 0.0597091

-0.00634713 0.00185839 0.000509202
0.00185839 -0.00271547 0.00154295
0.000509202 0.00154295 0.0619979

-0.0063128 0.006125 0.00672397
0.006125 -0.0148121 0.000976833
0.00672397 0.000976833 0.0322721

-0.0138813 0.00248454 -0.00112311
0.00248454 -0.0208784 0.000961055
-0.00112311 0.000961055 0.0367433

-0.0133718 -7.55668e-05 -0.000596022
-7.55668e-05 -0.0201647 -0.000257367
-0.000596022 -0.000257367 0.025748

-0.0139858 -0.00058406 -0.000596033
-0.00058406 -0.0211961 0.000906453
-0.000596033 0.000906453 0.0251337

-0.0106258 -0.00367789 0.000305232
-0.00367789 -0.0185594 -0.000314901
0.000305232 -0.000314901 0.0374953

-0.00621691 -0.00591633 0.000284711
-0.00591633 -0.0126538 -0.000451096
0.000284711 -0.000451096 0.0413367

-0.00043245 0.000676738 0.00226945
0.000676738 0.000210845 -0.00626891
0.00226945 -0.00626891 0.0821369

-0.00367624 -0.000634184 0.00300068
-0.000634184 -0.00338057 -0.00593631
0.00300068 -0.00593631 0.0795775

-0.0165103 -0.000822769 -0.00111209
-0.000822769 -0.0130519 -0.00264797
-0.00111209 -0.00264797 0.0506063

-0.0150875 -9.74025e-05 0.000509792
-9.74025e-05 -0.012652 0.00115511
0.000509792 0.00115511 0.0515441

-0.00927233 -0.00544474 0.00492141
-0.00544474 -0.0124847 0.000279326
0.00492141 0.000279326 0.0322398

-0.00919723 -0.00526579 0.00149909
-0.00526579 -0.0111498 -0.0031427
0.00149909 -0.0031427 0.0327656

-0.0113222 0.00237193 0.00208372
0.00237193 -0.0213785 -0.00189277
0.00208372 -0.00189277 0.0373581

-0.0151471 -0.00271304 -0.000973879
-0.00271304 -0.0232523 0.000849696
-0.000973879 0.000849696 0.0309901

0.00270389 -7.30459e-06 -3.40664e-05
-7.30459e-06 0.00287042 -0.000173363
-3.40664e-05 -0.000173363 0.0991393

0.00242486 8.2206e-06 0.000164376
8.2206e-06 0.0021712 -0.000209058
0.000164376 -0.000209058 0.0988869

0.00341011 6.54589e-05 0.00221114
6.54589e-05 0.00372368 -0.000629905
0.00221114 -0.000629905 0.0994211

0.00318492 -0.000176827 0.00136965
-0.000176827 0.00302814 -0.00115677
0.00136965 -0.00115677 0.0995394

0.00274622 3.26273e-05 0.00129443
3.26273e-05 0.00315462 -0.000437121
0.00129443 -0.000437121 0.101536

0.00224064 -7.48422e-05 0.00152104
-7.48422e-05 0.00247036 0.00069396
0.00152104 0.00069396 0.101139

0.00275881 -5.81518e-05 0.0017567
-5.81518e-05 0.00192223 -0.00329475
0.0017567 -0.00329475 0.0966773

0.00277909 4.97769e-05 0.000734613
4.97769e-05 0.00242139 -0.00417273
0.000734613 -0.00417273 0.0965801

0.00310468 3.4886e-10 0.000145293
3.4886e-10 0.00310468 6.67351e-05
0.000145293 6.67351e-05 0.100043

0.001139 0.000326993 0.00366484
0.000326993 0.00218095 -0.00478355
0.00366484 -0.00478355 0.0990539

0.00142037 1.76519e-06 0.000955032
1.76519e-06 0.00153476 -0.00376726
0.000955032 -0.00376726 0.0903334

0.00310468 3.4886e-10 0.000145293
3.4886e-10 0.00310468 6.67351e-05
0.000145293 6.67351e-05 0.100043

0.00140182 0.000687451 0.00413266
0.000687451 0.000957835 -0.00395148
0.00413266 -0.00395148 0.0990233

0.0015059 0.000549071 0.00179717
0.000549071 -3.20648e-05 -0.00306801
0.00179717 -0.00306801 0.100662

0.000403334 0.000386335 0.000921659
0.000386335 -0.000655534 -0.0038458
0.000921659 -0.0038458 0.100224

0.00237553 8.35415e-11 6.62168e-05
8.35415e-11 0.00237553 3.50624e-05
6.62168e-05 3.50624e-05 0.0973891

0.00285993 -9.48642e-11 0.000139432
-9.48642e-11 0.00285993 -1.89099e-05
0.000139432 -1.89099e-05 0.0991519

-5.36952e-05 0.000562091 0.00365995
0.000562091 -0.000665623 -0.00354247
0.00365995 -0.00354247 0.0913431

-0.000433672 0.000176646 0.00331139
0.000176646 0.000520111 -0.00410286
0.00331139 -0.00410286 0.0913335

0.00126482 5.82391e-05 0.00388724
5.82391e-05 0.00196107 -0.00301123
0.00388724 -0.00301123 0.0950382

-0.00160723 0.000762524 -0.00306802
0.000762524 -0.001433 -0.00362547
-0.00306802 -0.00362547 0.0843636

0.00313986 0.000208359 0.00492871
0.000208359 0.00272296 -0.0011392
0.00492871 -0.0011392 0.0965131

0.00387388 9.42442e-05 0.004684
9.42442e-05 0.0037742 0.000598074
0.004684 0.000598074 0.0971341

0.000533813 0.000210984 0.00562079
0.000210984 0.000131071 -0.00122473
0.00562079 -0.00122473 0.088592

0.00165601 -0.000392352 0.0044824
-0.000392352 0.00165634 -0.00300159
0.0044824 -0.00300159 0.0896651

0.0011014 0.000855979 -0.00472195
0.000855979 0.00122574 -0.00292918
-0.00472195 -0.00292918 0.0882798

-0.000581831 0.000642451 -0.00206255
0.000642451 -0.000553383 -0.00251464
-0.00206255 -0.00251464 0.0867267

-0.00633618 -0.000285253 -0.000922886
-0.000285253 -0.00628665 -0.000327355
-0.000922886 -0.000327355 0.0775824

0.00256883 6.54873e-05 0.0012251
6.54873e-05 0.00280115 -0.00755292
0.0012251 -0.00755292 0.0932238

0.00217216 -0.000297782 0.00350174
-0.000297782 0.00360919 -0.00527653
0.00350174 -0.00527653 0.0919743

-0.000738056 -0.000231151 -0.000208982
-0.000231151 -0.0007204 0.000449198
-0.000208982 0.000449198 0.0861137

-0.00234487 0.000104412 -0.000916614
0.000104412 -0.00246988 -0.00171528
-0.000916614 -0.00171528 0.0834681

0.000949404 -0.000282837 0.00472892
-0.000282837 0.000236637 9.71755e-05
0.00472892 9.71755e-05 0.0909588

-0.00102674 -0.000129587 0.00414284
-0.000129587 -0.00201484 -5.99247e-05
0.00414284 -5.99247e-05 0.0854625

0.00215917 -0.000141453 0.00590688
-0.000141453 0.00149745 -0.0011119
0.00590688 -0.0011119 0.0898509

0.00227412 0.000120111 0.00645068
0.000120111 0.00161385 0.0013728
0.00645068 0.0013728 0.0896336

3.42496e-05 0.000151549 0.000386228
0.000151549 7.95649e-05 -0.000450279
0.000386228 -0.000450279 0.0910663

-0.0013197 -0.000633829 -0.00124416
-0.000633829 -0.000539813 0.00449699
-0.00124416 0.00449699 0.0857622

0.00161428 -0.000186652 0.00536931
-0.000186652 0.000372333 -0.00115233
0.00536931 -0.00115233 0.0894575

-0.00269957 -0.000288246 0.00422084
-0.000288246 -0.00331901 -0.00105491
0.00422084 -0.00105491 0.0822225

-0.000114683 -0.000569898 -0.00126066
-0.000569898 0.000783677 0.00414588
-0.00126066 0.00414588 0.0878255

0.000199727 -0.000207444 0.00127957
-0.000207444 0.00196845 0.00478846
0.00127957 0.00478846 0.0906213

-0.00146008 -0.000160774 0.00216892
-0.000160774 0.000157992 -0.00642098
0.00216892 -0.00642098 0.0840413

-0.00298645 -0.000594392 0.00181964
-0.000594392 -0.000878007 -0.0054828
0.00181964 -0.0054828 0.0800869

-0.00243776 -0.000210295 0.00128026
-0.000210295 -0.000702336 0.00507607
0.00128026 0.00507607 0.0856391

-0.0041224 -0.000793847 -0.00119822
-0.000793847 -0.00313231 0.00150183
-0.00119822 0.00150183 0.0776504

-0.000867919 3.09273e-05 -0.000646907
3.09273e-05 -0.000499132 6.55749e-05
-0.000646907 6.55749e-05 0.0896314

-0.00108204 -0.000408538 0.00400111
-0.000408538 -0.00124497 -0.00047711
0.00400111 -0.00047711 0.0845627

2.11865e-05 0.000238631 0.00564419
0.000238631 -0.000538548 0.00152178
0.00564419 0.00152178 0.0865529

0.00206233 -0.000435688 0.0047051
-0.000435688 0.000223345 0.000496557
0.0047051 0.000496557 0.089948

0.00206423 -7.4201e-05 0.00451756
-7.4201e-05 0.00108216 -0.000318639
0.00451756 -0.000318639 0.0929889

-0.000194983 4.40114e-06 -4.11565e-05
4.40114e-06 -0.000164242 1.66284e-05
-4.11565e-05 1.66284e-05 0.0891943

-0.000147324 -3.68886e-05 4.35939e-05
-3.68886e-05 -0.000120968 -7.39941e-05
4.35939e-05 -7.39941e-05 0.0887722

0.000457981 -0.000535475 -0.00180401
-0.000535475 -4.45474e-05 0.000949166
-0.00180401 0.000949166 0.0881568

-0.00370106 -0.00105337 -0.00156401
-0.00105337 -0.00356027 0.000230745
-0.00156401 0.000230745 0.079478

-0.00449711 -0.000500778 -0.000781101
-0.000500778 -0.00358521 0.00132248
-0.000781101 0.00132248 0.0778347

0.00642834 -6.35321e-05 0.000339926
-6.35321e-05 0.00618414 0.00367015
0.000339926 0.00367015 0.101049

-0.000455855 -3.81642e-05 0.000121975
-3.81642e-05 -0.00059259 0.000268524
0.000121975 0.000268524 0.0890685

0.00234774 -0.000193182 -0.00423214
-0.000193182 0.00132801 -0.00198767
-0.00423214 -0.00198767 0.0938675

-0.0035752 -0.000534671 -0.00109165
-0.000534671 -0.00279685 0.000372553
-0.00109165 0.000372553 0.07969

0.000296545 0.00014393 0.000504531
0.00014393 -0.000169074 0.000224359
0.000504531 0.000224359 0.0897675

-0.00456096 0.000444426 -0.00351483
0.000444426 -0.0045986 -0.00181064
-0.00351483 -0.00181064 0.0807838

-0.00122491 0.000197424 -0.000226958
0.000197424 -0.00116197 7.28606e-05
-0.000226958 7.28606e-05 0.0896903

0.000108055 0.000120465 0.00249988
0.000120465 -0.00126867 -0.000659479
0.00249988 -0.000659479 0.0848062

0.000461426 0.00013352 0.00274351
0.00013352 -0.000583937 0.000730842
0.00274351 0.000730842 0.0850878

0.00122376 -0.000159383 0.000970514
-0.000159383 0.000724137 -0.000121421
0.000970514 -0.000121421 0.092268

-0.00520226 -0.0004277 -0.00176143
-0.0004277 -0.003928 0.00110378
-0.00176143 0.00110378 0.0774441

0.00124512 -0.000338832 -0.00154843
-0.000338832 0.00194232 0.00193707
-0.00154843 0.00193707 0.0881839

0.00354995 -0.000193331 -0.00120521
-0.000193331 0.00428308 0.00211092
-0.00120521 0.00211092 0.0923771

0.00804359 -0.000402253 0.000829946
-0.000402253 0.00778466 0.00310332
0.000829946 0.00310332 0.107573

-0.000422993 0.000159266 -0.000647298
0.000159266 -0.000333426 0.000207338
-0.000647298 0.000207338 0.0888668

0.00111085 0.000494987 -0.00263843
0.000494987 0.000820513 -0.00158625
-0.00263843 -0.00158625 0.0899485

-0.00468585 -0.000142453 -0.00330062
-0.000142453 -0.00463836 0.00217802
-0.00330062 0.00217802 0.079987

-0.00111212 -6.55633e-05 -0.000390024
-6.55633e-05 -0.000793505 7.38472e-05
-0.000390024 7.38472e-05 0.0902697

-0.000150664 -2.71552e-05 1.2374e-05
-2.71552e-05 -0.000125772 -7.12098e-05
1.2374e-05 -7.12098e-05 0.0887727

0.00219488 -3.71358e-05 -0.00309
-3.71358e-05 0.00218001 0.00229825
-0.00309 0.00229825 0.0975607

-0.000578079 -3.50072e-05 -0.000121348
-3.50072e-05 -0.000716805 2.57272e-06
-0.000121348 2.57272e-06 0.087994

-0.000171171 -7.48888e-05 -6.98638e-05
-7.48888e-05 -0.000333657 -0.000214778
-6.98638e-05 -0.000214778 0.0891918

-0.000593138 -0.000742074 -0.00157776
-0.000742074 -0.00164404 0.00068279
-0.00157776 0.00068279 0.0831546

0.000534235 0.000497385 -0.00431199
0.000497385 -0.00129872 -0.00175447
-0.00431199 -0.00175447 0.0857192

-0.000951842 -2.46191e-05 -0.00230948
-2.46191e-05 -0.00108335 0.00292268
-0.00230948 0.00292268 0.0864198

9.10452e-05 -6.64841e-05 0.000814514
-6.64841e-05 -0.000715744 -0.00193575
0.000814514 -0.00193575 0.0898814

0.00246466 -0.000317958 -0.00144762
-0.000317958 0.00248908 0.0014156
-0.00144762 0.0014156 0.0921021

0.00201754 0.000160724 -0.00324812
0.000160724 0.00221914 -0.0028906
-0.00324812 -0.0028906 0.0973232

-0.00154097 -0.000584641 0.00184834
-0.000584641 -0.00163373 -0.00324702
0.00184834 -0.00324702 0.084411

0.00274584 0.000137745 -0.00179713
0.000137745 0.00232729 0.00248863
-0.00179713 0.00248863 0.0984094

0.00290959 0.000213187 -0.00221016
0.000213187 0.00275828 0.00209969
-0.00221016 0.00209969 0.0985271

-0.000593169 0.000105569 -0.000251357
0.000105569 -0.00051873 -5.30162e-05
-0.000251357 -5.30162e-05 0.0910646

3.69588e-05 -7.7456e-05 -1.28231e-05
-7.7456e-05 -0.000763726 -0.00210529
-1.28231e-05 -0.00210529 0.0897975

-0.00120467 -8.82676e-07 0.00113268
-8.82676e-07 -0.00106293 -0.000158775
0.00113268 -0.000158775 0.0875832

-0.00268271 -0.000409226 0.00146574
-0.000409226 -0.00246639 -0.00317481
0.00146574 -0.00317481 0.0834177

-0.00179108 -1.78672e-05 -0.00308147
-1.78672e-05 -0.00228615 0.000803693
-0.00308147 0.000803693 0.0827429

-0.002135 -0.00035495 -0.00252499
-0.00035495 -0.00239256 0.000799686
-0.00252499 0.000799686 0.0831977

-0.00151283 2.12076e-05 -0.00305481
2.12076e-05 -0.00149783 0.00238311
-0.00305481 0.00238311 0.0855123

-0.00095673 -0.000261518 -0.00154773
-0.000261518 0.000157286 0.00303672
-0.00154773 0.00303672 0.0855323

-0.00124849 -0.000436764 -0.00150887
-0.000436764 -0.000767435 0.00309807
-0.00150887 0.00309807 0.0850689

-0.00171378 -4.13414e-06 0.000487077
-4.13414e-06 -0.00201557 -0.00141653
0.000487077 -0.00141653 0.0866866

-0.0013618 -0.000505075 0.00119726
-0.000505075 -0.00228709 -0.00145501
0.00119726 -0.00145501 0.0848672

-0.000815035 0.00011432 0.00127582
0.00011432 -0.00164582 -0.000600714
0.00127582 -0.000600714 0.0854029

0.00119142 1.80792e-05 -0.000107972
1.80792e-05 0.00111946 -0.000340859
-0.000107972 -0.000340859 0.090292

-0.00520424 -0.000386975 -0.00460044
-0.000386975 -0.00552163 0.00144388
-0.00460044 0.00144388 0.0777804

0.00174357 -0.000430196 -0.00566548
-0.000430196 0.00156814 0.00184101
-0.00566548 0.00184101 0.0897375

-0.00348202 -0.00112609 -0.00534463
-0.00112609 -0.00291386 0.00344726
-0.00534463 0.00344726 0.0783712

-0.0023818 0.000264736 -0.00386806
0.000264736 -0.00358102 0.000810524
-0.00386806 0.000810524 0.0807112

-0.00194862 -0.000340967 -0.00366946
-0.000340967 -0.00343058 -0.000356167
-0.00366946 -0.000356167 0.0810273

0.000839843 -0.000117421 1.73942e-05
-0.000117421 0.000754951 -0.000297114
1.73942e-05 -0.000297114 0.0901453

3.98143e-06 0.000278004 -0.00511516
0.000278004 -0.00101955 0.00068833
-0.00511516 0.00068833 0.0851795

0.000606512 -9.80474e-05 -0.000166617
-9.80474e-05 0.00112328 -8.68425e-05
-0.000166617 -8.68425e-05 0.0915457

-0.000511516 -0.000165493 -0.00442473
-0.000165493 -0.000810825 0.00425436
-0.00442473 0.00425436 0.0852191

-0.002118 -0.000742987 -0.00258245
-0.000742987 -0.00216555 0.00216167
-0.00258245 0.00216167 0.0833699

0.00187681 -0.000485399 -0.00321229
-0.000485399 0.00100613 0.00401983
-0.00321229 0.00401983 0.0876023

0.00308768 -0.00114541 -0.00673099
-0.00114541 0.0039051 0.00463828
-0.00673099 0.00463828 0.0896985

-0.000367663 -0.000393287 0.00165263
-0.000393287 -0.000605371 -0.00207684
0.00165263 -0.00207684 0.0879067

-0.00011664 3.11817e-05 9.65899e-05
3.11817e-05 -0.000188214 0.000288695
9.65899e-05 0.000288695 0.0893041

0.00416277 -0.000206888 -0.00413574
-0.000206888 0.00407681 0.00363047
-0.00413574 0.00363047 0.0942632

0.00366103 -0.000128413 -0.00652593
-0.000128413 0.00299005 0.00110627
-0.00652593 0.00110627 0.0920016

-0.00179264 -0.000314558 -0.00512038
-0.000314558 -0.00162084 0.00172346
-0.00512038 0.00172346 0.0833952

0.00074841 -0.000379574 -0.00340984
-0.000379574 -0.000165382 0.00200527
-0.00340984 0.00200527 0.0860409

-0.00117046 0.000143076 -0.000117346
0.000143076 -0.000910475 0.00032362
-0.000117346 0.00032362 0.0902442

-0.000123337 -0.000386098 0.00167951
-0.000386098 -0.000345135 -0.0020684
0.00167951 -0.0020684 0.088365

0.00352363 -0.000372587 -0.00392066
-0.000372587 0.00345512 0.00374895
-0.00392066 0.00374895 0.0940728

-0.00159693 -0.000208784 -0.00225011
-0.000208784 -0.00215609 0.00413073
-0.00225011 0.00413073 0.0853613

-0.0015022 -1.60465e-05 -0.00165961
-1.60465e-05 -0.00110108 0.00466747
-0.00165961 0.00466747 0.0856547

-0.00197853 0.000143872 -0.0033182
0.000143872 -0.00152362 0.00268426
-0.0033182 0.00268426 0.0834088

-0.00221242 0.00019227 -0.00344754
0.00019227 -0.00155178 0.00262949
-0.00344754 0.00262949 0.0832907

0.00227894 -0.000276405 -0.000980626
-0.000276405 0.00153827 0.00242264
-0.000980626 0.00242264 0.0942584

0.00477487 0.000319249 -0.000740776
0.000319249 0.00448601 0.00284221
-0.000740776 0.00284221 0.0951491

0.000376453 5.81711e-05 -0.00506597
5.81711e-05 0.000900338 0.00222883
-0.00506597 0.00222883 0.0888438

0.000825333 -2.16574e-05 -0.00525914
-2.16574e-05 0.00111386 0.00220201
-0.00525914 0.00220201 0.0890128

0.00229493 5.2981e-05 -0.00565763
5.2981e-05 0.00181548 0.00229554
-0.00565763 0.00229554 0.0900189

-0.00518255 0.00032212 0.000148291
0.00032212 -0.00386276 -0.000169956
0.000148291 -0.000169956 0.079995

-0.00150193 -8.04136e-06 -0.00330926
-8.04136e-06 -0.00158939 -0.000199765
-0.00330926 -0.000199765 0.0850025

-0.000423589 0.000636334 -0.00459833
0.000636334 -0.000375037 0.00310874
-0.00459833 0.00310874 0.0869784

-0.000330845 0.00042806 -0.00404737
0.00042806 -0.000635646 0.00334449
-0.00404737 0.00334449 0.0869754

-0.0152863 -0.00193552 0.00276627
-0.00193552 -0.0190689 -0.00271443
0.00276627 -0.00271443 0.0411523

-0.0113253 -0.0034716 -0.00226514
-0.0034716 -0.0156867 -0.00322615
-0.00226514 -0.00322615 0.0295833

-0.00171809 0.000344818 2.40455e-05
0.000344818 0.00156905 0.00173157
2.40455e-05 0.00173157 0.0799199

-0.0170929 -0.00381413 0.0026806
-0.00381413 -0.0126202 0.00171932
0.0026806 0.00171932 0.028575

-0.0192649 -0.00181341 0.000844057
-0.00181341 -0.0164347 -0.00071471
0.000844057 -0.00071471 0.0427792

-0.0141156 -0.00294731 0.00094044
-0.00294731 -0.0198688 -0.000933671
0.00094044 -0.000933671 0.0410552

0.00432677 -0.000329422 0.000775976
-0.000329422 0.00319304 0.000870727
0.000775976 0.000870727 0.0878415

0.00523081 4.08102e-05 0.000996459
4.08102e-05 0.00490537 -0.00119487
0.000996459 -0.00119487 0.0888803

-0.0203382 -0.00240289 -0.00147058
-0.00240289 -0.0233778 0.00109888
-0.00147058 0.00109888 0.0315166

-0.014132 0.00085794 0.000471326
0.00085794 -0.0208101 -0.00131968
0.000471326 -0.00131968 0.0261405

0.00237553 8.35323e-11 6.62168e-05
8.35323e-11 0.00237553 3.50624e-05
6.62168e-05 3.50624e-05 0.0973891

0.00297824 -6.97416e-05 4.71933e-05
-6.97416e-05 0.00282331 0.000326555
4.71933e-05 0.000326555 0.100631

-4.87924e-05 -0.00033526 -0.00180593
-0.00033526 -0.000614626 0.000890105
-0.00180593 0.000890105 0.0862041

-0.00344126 0.000297527 -0.000923963
0.000297527 -0.00316349 -0.00225983
-0.000923963 -0.00225983 0.0820482

0.00397934 0.00012173 0.00378906
0.00012173 0.00347649 0.000645653
0.00378906 0.000645653 0.0971256

0.00362368 0.000270035 0.00322578
0.000270035 0.00323107 0.00213844
0.00322578 0.00213844 0.0968344

0.00285331 0.00016767 0.00668076
0.00016767 0.00248905 0.00111422
0.00668076 0.00111422 0.0912606

-0.000912309 -7.91533e-05 0.000192045
-7.91533e-05 -0.000987839 0.000394862
0.000192045 0.000394862 0.0876345

0.000590825 -0.000134366 0.000148821
-0.000134366 0.000906695 -0.000505243
0.000148821 -0.000505243 0.0890703

0.000794791 0.000542869 0.00557369
0.000542869 0.000131746 0.0014402
0.00557369 0.0014402 0.0866321

0.000682706 0.000457467 0.00506863
0.000457467 -0.000112492 0.00301997
0.00506863 0.00301997 0.0863468

-0.00366609 0.000108526 0.00209215
0.000108526 -0.00243797 -0.00320962
0.00209215 -0.00320962 0.0834843

-0.000250794 -0.000115027 -3.33622e-05
-0.000115027 -0.000375042 -0.000151004
-3.33622e-05 -0.000151004 0.0903328

9.87283e-05 0.000240254 0.00340794
0.000240254 -0.000535908 0.000995864
0.00340794 0.000995864 0.0857138

-0.000204523 0.000267718 0.00332997
0.000267718 -0.000972543 0.00148339
0.00332997 0.00148339 0.0853572

-0.0025549 0.000248153 -0.00329614
0.000248153 -0.00220031 -9.7424e-05
-0.00329614 -9.7424e-05 0.0846962

-0.012516 0.00105814 -0.00222654
0.00105814 -0.00901258 0.0020951
-0.00222654 0.0020951 0.0581519

-0.000199892 -0.000602953 -0.00314302
-0.000602953 -0.000179363 0.00210983
-0.00314302 0.00210983 0.0868977

-0.000462438 -0.000353232 -0.00353571
-0.000353232 -0.000618087 0.00227055
-0.00353571 0.00227055 0.0868956

-0.000596703 5.51805e-05 -0.000434434
5.51805e-05 -0.000430503 0.000278387
-0.000434434 0.000278387 0.0898534

-0.000516258 -8.85083e-05 0.000219654
-8.85083e-05 -0.000678464 0.000434832
0.000219654 0.000434832 0.0885346

-0.000299481 4.39611e-05 0.000176495
4.39611e-05 0.000340005 -0.00249556
0.000176495 -0.00249556 0.0879909

-0.00172571 0.000329092 -0.00102019
0.000329092 -0.00194167 -0.000684296
-0.00102019 -0.000684296 0.0837585

-0.00197766 -0.000203939 -0.0030792
-0.000203939 -0.00258404 0.0016946
-0.0030792 0.0016946 0.0816429

-0.00229982 0.000161608 -0.00162105
0.000161608 -0.00155151 -0.00149251
-0.00162105 -0.00149251 0.084958

-0.00245075 0.000356127 -0.00393214
0.000356127 -0.00286464 -0.000268193
-0.00393214 -0.000268193 0.0824409

-0.00359769 -0.000398766 -0.00153833
-0.000398766 -0.00284099 -0.000649639
-0.00153833 -0.000649639 0.0802021

-0.000736891 1.28632e-11 -4.42153e-05
1.28632e-11 -0.000736891 -8.08436e-06
-4.42153e-05 -8.08436e-06 0.087514

0.000466939 -0.000366375 -0.00491732
-0.000366375 -0.000858078 -0.000449319
-0.00491732 -0.000449319 0.0855189

-0.00119752 0.00148112 -0.0066412
0.00148112 -0.0032417 -0.00158211
-0.0066412 -0.00158211 0.0773523

-0.000436787 0.00142544 -0.00471162
0.00142544 -0.00252151 -0.00362529
-0.00471162 -0.00362529 0.0783957

0.000145625 0.000821728 -0.00710013
0.000821728 0.000256326 -0.00187132
-0.00710013 -0.00187132 0.0860561

-0.00197677 0.000346481 -0.00637275
0.000346481 -0.00231546 -0.00119305
-0.00637275 -0.00119305 0.0824679

0.00387116 0.000115597 -0.00607487
0.000115597 0.00344828 -0.00133582
-0.00607487 -0.00133582 0.0926139

0.00331617 -0.000139661 -0.00389959
-0.000139661 0.00236328 -0.00145359
-0.00389959 -0.00145359 0.0913595

0.0032038 0.000596979 -0.00031587
0.000596979 0.0046157 0.00142377
-0.00031587 0.00142377 0.0886416

-0.00175695 -0.000130134 -0.000972006
-0.000130134 -0.00225488 -0.000499748
-0.000972006 -0.000499748 0.082979

-0.000422815 -0.000263848 -0.00399737
-0.000263848 -0.00129114 0.000565273
-0.00399737 0.000565273 0.0852773

0.00187138 9.54193e-05 -0.00324042
9.54193e-05 0.00154045 -0.00149108
-0.00324042 -0.00149108 0.0891203

0.0010015 0.0002916 -0.0034209
0.0002916 0.00108105 -0.00129303
-0.0034209 -0.00129303 0.0885971

-0.0145472 0.00254484 0.00090996
0.00254484 -0.0213832 0.000939791
0.00090996 0.000939791 0.035335

-0.0139594 -0.000276961 0.000471377
-0.000276961 -0.02052 0.000606582
0.000471377 0.000606582 0.0263132

0.00284815 -5.33533e-05 -4.36722e-06
-5.33533e-05 0.00259388 -5.44266e-05
-4.36722e-06 -5.44266e-05 0.100601

0.00335018 1.83141e-10 -3.14211e-05
1.83141e-10 0.00335018 -0.000162003
-3.14211e-05 -0.000162003 0.100937

0.00237553 8.35362e-11 6.62168e-05
8.35362e-11 0.00237553 3.50624e-05
6.62168e-05 3.50624e-05 0.0973891

0.000261612 -0.000171719 0.00270356
-0.000171719 0.000311436 0.00291513
0.00270356 0.00291513 0.0890722

0.000467766 -0.000232142 0.00244381
-0.000232142 0.000729362 0.00324076
0.00244381 0.00324076 0.0892658

0.00301811 -0.000304143 0.00174692
-0.000304143 0.00277882 0.00253341
0.00174692 0.00253341 0.0997117

0.00271151 0.000343582 0.00426203
0.000343582 0.0023681 0.00281554
0.00426203 0.00281554 0.0927232

0.00316009 0.000164653 0.00675144
0.000164653 0.00316683 0.00555518
0.00675144 0.00555518 0.0922806

0.00326002 0.000201497 0.00452927
0.000201497 0.00327126 0.00685322
0.00452927 0.00685322 0.0931251

-0.00465473 1.05948e-05 0.00588866
1.05948e-05 -0.00484586 0.00449722
0.00588866 0.00449722 0.0791362

-0.00353883 0.000353316 0.00422105
0.000353316 -0.00402425 0.00272546
0.00422105 0.00272546 0.0800575

-0.0015019 0.000365705 0.00430016
0.000365705 -0.000601477 0.00386084
0.00430016 0.00386084 0.0845038

-0.00421602 0.00114777 0.000570978
0.00114777 -0.00534112 -0.00137377
0.000570978 -0.00137377 0.077108

-0.00102445 0.000218651 -0.00132182
0.000218651 -0.001068 -0.00185218
-0.00132182 -0.00185218 0.0859623

-0.00247454 0.000224636 0.0028176
0.000224636 -0.00306291 0.00145097
0.0028176 0.00145097 0.0819488

-0.000933868 0.000724032 0.00171079
0.000724032 -0.00217443 0.000522195
0.00171079 0.000522195 0.0828916

-0.000310459 0.000527497 0.00149927
0.000527497 -0.0013532 0.000702546
0.00149927 0.000702546 0.0835196

-0.00202264 0.000354966 0.00275181
0.000354966 -0.00271744 0.00147835
0.00275181 0.00147835 0.0831287

-0.00237711 -4.00309e-05 0.000601636
-4.00309e-05 -0.00227115 -7.81904e-05
0.000601636 -7.81904e-05 0.0861473

-0.000681532 -0.000192091 -0.00411803
-0.000192091 -0.00133131 0.000633485
-0.00411803 0.000633485 0.0849425

-0.00639575 0.000341561 0.000979981
0.000341561 -0.00585143 -0.00191066
0.000979981 -0.00191066 0.0771837

-0.00271266 0.000407847 0.000207017
0.000407847 -0.00230847 -0.000135727
0.000207017 -0.000135727 0.0834525

-0.00209109 -0.000333283 -0.00361683
-0.000333283 -0.00240907 0.00165501
-0.00361683 0.00165501 0.0842684

-0.00292749 0.000171824 -0.00180007
0.000171824 -0.00285297 -0.00135579
-0.00180007 -0.00135579 0.0824573

5.99168e-05 -0.000314112 -0.00225951
-0.000314112 0.000981453 0.00332355
-0.00225951 0.00332355 0.0882613

-0.00160018 -0.000116206 -0.00328515
-0.000116206 -0.00256303 0.00143257
-0.00328515 0.00143257 0.0821222

-0.00312344 0.00178081 -0.00388934
0.00178081 -0.00168425 -0.00367412
-0.00388934 -0.00367412 0.0787592

-0.00219664 0.000853061 -0.0037474
0.000853061 -0.000778878 -0.00408725
-0.0037474 -0.00408725 0.0835282

-0.00252094 0.000854571 -0.00351294
0.000854571 -0.00200265 -0.00355267
-0.00351294 -0.00355267 0.0822853

0.00204056 0.000533488 -0.0055493
0.000533488 0.00125371 -0.00347192
-0.0055493 -0.00347192 0.087522

0.00228871 0.00040608 0.00450852
0.00040608 0.000965135 0.000331414
0.00450852 0.000331414 0.0868858

-0.000488482 -0.000156211 -0.00443911
-0.000156211 -0.00134449 -0.00162447
-0.00443911 -0.00162447 0.0870403

-4.69495e-05 7.11132e-05 -0.00220772
7.11132e-05 -0.000457489 -0.00146534
-0.00220772 -0.00146534 0.0852216

6.67159e-05 0.000103396 -0.0022259
0.000103396 -0.000483571 -0.00145165
-0.0022259 -0.00145165 0.0852513

0.0013271 0.000198189 -0.00201916
0.000198189 0.00266612 -0.00157091
-0.00201916 -0.00157091 0.0881063

-0.00961891 0.0049819 0.000801541
0.0049819 -0.016509 -0.000374258
0.000801541 -0.000374258 0.0389229

-0.0133125 0.00238664 0.000928777
0.00238664 -0.0209729 0.000929959
0.000928777 0.000929959 0.0359497

-0.0109283 0.00474765 -0.000112671
0.00474765 -0.0128449 -0.00259034
-0.000112671 -0.00259034 0.0322982

0.00177686 -9.87764e-05 0.00149292
-9.87764e-05 0.00120812 0.00308162
0.00149292 0.00308162 0.0972851

0.00115596 2.2303e-05 0.000892613
2.2303e-05 0.000143895 0.00386185
0.000892613 0.00386185 0.0966603

0.00306482 -0.000315445 0.00171355
-0.000315445 0.00295427 0.00257406
0.00171355 0.00257406 0.0997559

0.00174853 -0.000404002 0.00141683
-0.000404002 0.000713667 0.00248569
0.00141683 0.00248569 0.101528

0.00107201 -0.000255923 0.000833488
-0.000255923 -9.86871e-05 0.00325001
0.000833488 0.00325001 0.101117

0.00335018 1.83134e-10 -3.14211e-05
1.83134e-10 0.00335018 -0.000162003
-3.14211e-05 -0.000162003 0.100937

0.00360113 0.00013642 0.0023323
0.00013642 0.0039317 0.00491568
0.0023323 0.00491568 0.0957024

0.00194514 0.000453629 0.00306053
0.000453629 0.00278298 0.00645557
0.00306053 0.00645557 0.0895819

0.00263976 0.000531942 0.00332888
0.000531942 0.00298566 0.00640139
0.00332888 0.00640139 0.0909822

-0.00449359 9.59446e-05 0.00395233
9.59446e-05 -0.00474454 0.0056296
0.00395233 0.0056296 0.0795773

0.00051147 0.000924636 0.00355433
0.000924636 -0.000374068 0.00407534
0.00355433 0.00407534 0.0855142

-0.00292907 0.000506597 0.00393998
0.000506597 -0.00221464 0.00545061
0.00393998 0.00545061 0.0810871

-0.00467976 8.18364e-05 0.0025084
8.18364e-05 -0.00439419 0.00381999
0.0025084 0.00381999 0.0795182

-0.00414173 0.000334433 0.00230109
0.000334433 -0.00386389 0.00357629
0.00230109 0.00357629 0.0806537

0.00925013 -0.000558421 0.00336202
-0.000558421 0.0113832 -0.000174534
0.00336202 -0.000174534 0.0919239

-0.00104323 0.00027089 0.00154594
0.00027089 -5.37528e-05 0.00244786
0.00154594 0.00244786 0.085465

-0.000522626 -3.04292e-05 0.000311327
-3.04292e-05 0.00105524 0.00453152
0.000311327 0.00453152 0.0853365

-0.00476934 9.65311e-05 0.00110516
9.65311e-05 -0.00399022 0.00161946
0.00110516 0.00161946 0.0797589

-0.00256396 0.000342421 0.00193581
0.000342421 -0.00274145 0.00201186
0.00193581 0.00201186 0.0830082

-0.00100559 0.000165357 -0.00327594
0.000165357 -0.000354475 0.000808725
-0.00327594 0.000808725 0.0844475

-0.000179922 -0.000242217 -0.00399817
-0.000242217 -0.000398417 0.000180027
-0.00399817 0.000180027 0.08657

-0.00458828 0.000283376 0.000949064
0.000283376 -0.00391064 0.00102795
0.000949064 0.00102795 0.0810299

-0.0027097 0.000695344 0.00041839
0.000695344 -0.00217088 -4.75199e-05
0.00041839 -4.75199e-05 0.0827109

-0.00190986 0.000264074 0.000104439
0.000264074 -0.0013143 0.000261996
0.000104439 0.000261996 0.0835952

-0.00171449 0.000225265 8.53456e-05
0.000225265 -0.000961409 0.000291076
8.53456e-05 0.000291076 0.0837979

-0.00202672 0.0002811 -2.64536e-05
0.0002811 -0.00140128 -0.000311559
-2.64536e-05 -0.000311559 0.083347

-0.00335771 0.000569884 -0.000425338
0.000569884 -0.00318771 -5.55064e-05
-0.000425338 -5.55064e-05 0.0812434

-0.00266447 0.000524316 -0.000831221
0.000524316 -0.00214154 -0.00140211
-0.000831221 -0.00140211 0.0826586

-0.0017603 0.000417658 -0.00107006
0.000417658 -0.00160888 -0.00136472
-0.00107006 -0.00136472 0.0830878

-0.00278374 0.00010271 -0.00141901
0.00010271 -0.00332184 -0.00189372
-0.00141901 -0.00189372 0.0822912

-0.00132531 0.00147771 -0.00359415
0.00147771 -0.0022469 -0.00402824
-0.00359415 -0.00402824 0.0792051

-0.00309222 0.000171828 -0.00132115
0.000171828 -0.00174791 -0.00195191
-0.00132115 -0.00195191 0.0815414

-0.00276028 9.19906e-05 -0.000128338
9.19906e-05 -0.00199706 -0.00318231
-0.000128338 -0.00318231 0.0813317

-0.00259913 -0.000165707 -0.00202255
-0.000165707 -0.00150289 -0.00299849
-0.00202255 -0.00299849 0.0834861

-0.000367035 0.000582135 -0.00368879
0.000582135 -0.00190754 -0.00418371
-0.00368879 -0.00418371 0.0837856

-0.00355242 0.000484812 -0.00298122
0.000484812 -0.00240767 -0.00435654
-0.00298122 -0.00435654 0.0793619

-0.00352375 0.000234544 -0.000962946
0.000234544 -0.00165013 -0.00688344
-0.000962946 -0.00688344 0.0788087

0.00107983 0.000407012 -0.00362068
0.000407012 0.00216647 -0.00531981
-0.00362068 -0.00531981 0.0874032

9.03818e-05 -0.000182698 0.0042849
-0.000182698 -0.00217986 -0.000492314
0.0042849 -0.000492314 0.0850281

0.00518828 0.000447891 -0.0020457
0.000447891 0.00494623 -0.0036671
-0.0020457 -0.0036671 0.095529

-0.00102451 -0.000202473 0.00390626
-0.000202473 -0.00226543 -0.000643359
0.00390626 -0.000643359 0.0843092

-0.00284631 -0.00202717 0.00122233
-0.00202717 -0.00171505 -0.00331201
0.00122233 -0.00331201 0.076327

-0.00261031 6.54061e-05 -0.00109309
6.54061e-05 -0.00270179 -0.00131982
-0.00109309 -0.00131982 0.0835728

-0.00218699 -0.000215517 0.0015478
-0.000215517 -0.000722998 -0.00677611
0.0015478 -0.00677611 0.0835657

-0.00136321 -3.65954e-05 -0.00123771
-3.65954e-05 -0.00194807 -0.000527208
-0.00123771 -0.000527208 0.0833286

-0.00847995 0.00463877 -0.00625259
0.00463877 -0.0144351 0.00354874
-0.00625259 0.00354874 0.0326202

-0.00132973 -9.16205e-05 -0.000515374
-9.16205e-05 0.00287465 -0.00215101
-0.000515374 -0.00215101 0.0780097

-0.00515832 0.000900149 -0.000149777
0.000900149 -0.00195597 -0.00296905
-0.000149777 -0.00296905 0.0746287

-0.012742 -0.00013834 0.000118149
-0.00013834 -0.00851362 -0.00160567
0.000118149 -0.00160567 0.0590028

-0.0130519 -5.80457e-05 -0.000822737
-5.80457e-05 -0.00910546 0.000679291
-0.000822737 0.000679291 0.0588221

0.00273167 -0.000117197 -0.00029166
-0.000117197 0.00222548 -0.00157951
-0.00029166 -0.00157951 0.101751

-0.000663345 -0.000116031 0.00391804
-0.000116031 -0.0013592 -1.55902e-05
0.00391804 -1.55902e-05 0.0843469

0.000212315 -3.10711e-10 4.34979e-05
-3.10711e-10 0.000212316 -0.000198501
4.34979e-05 -0.000198501 0.0895236

-2.41974e-05 6.18435e-11 -2.82909e-05
6.18435e-11 -2.41972e-05 -6.07457e-05
-2.82909e-05 -6.07457e-05 0.0887116

0.00155867 4.64737e-06 -0.000723329
4.64737e-06 0.000990101 -0.000199665
-0.000723329 -0.000199665 0.0942199

0.00101655 -0.000121862 -0.000581005
-0.000121862 0.000567293 -0.00629717
-0.000581005 -0.00629717 0.0926865

0.000494166 0.000179012 -0.000599666
0.000179012 0.00120392 -0.00591274
-0.000599666 -0.00591274 0.0883956

0.000210547 -0.000228568 0.00175123
-0.000228568 0.00136959 -0.00685084
0.00175123 -0.00685084 0.0878191

-0.00251085 -0.00034757 0.000887092
-0.00034757 -0.00217697 -0.00282472
0.000887092 -0.00282472 0.0830687

-0.000958643 2.97199e-05 -0.000543001
2.97199e-05 0.000745286 -0.00527488
-0.000543001 -0.00527488 0.0852977

-0.00081001 0.000351159 -0.00362715
0.000351159 -0.00218012 -0.000942935
-0.00362715 -0.000942935 0.0840164

-0.00243689 0.000435278 -0.00142167
0.000435278 -0.000532595 -0.00615251
-0.00142167 -0.00615251 0.081793

-0.002748 -0.000256264 0.00149555
-0.000256264 -0.0013327 -0.004893
0.00149555 -0.004893 0.0821828

-3.06103e-05 -9.65161e-05 -0.00398971
-9.65161e-05 -0.000788617 -0.00124901
-0.00398971 -0.00124901 0.0877161

0.00117324 0.000638003 -0.0021729
0.000638003 0.00269763 -0.00554586
-0.0021729 -0.00554586 0.0869954

0.000156476 -5.57668e-05 -2.02509e-05
-5.57668e-05 0.000255911 -8.17068e-05
-2.02509e-05 -8.17068e-05 0.0895132

8.00166e-05 0.000168529 -0.000323054
0.000168529 -0.000130398 0.0011484
-0.000323054 0.0011484 0.0935846

-0.0026793 -0.000698267 0.00119732
-0.000698267 -0.00204049 -0.00286533
0.00119732 -0.00286533 0.0814785

-0.00174102 -0.000489681 -0.00296784
-0.000489681 -0.00204752 0.00156583
-0.00296784 0.00156583 0.0847655

0.000212533 -0.000642971 0.00239884
-0.000642971 0.000309793 -0.00232572
0.00239884 -0.00232572 0.0875912

-0.00197808 0.000269722 -0.000339318
0.000269722 0.000552152 -0.00046089
-0.000339318 -0.00046089 0.0826238

-0.00141601 0.000701457 0.00015521
0.000701457 0.000952966 0.000593656
0.00015521 0.000593656 0.0823156

0.00195443 5.22131e-05 -0.00421431
5.22131e-05 0.00211227 -0.0013703
-0.00421431 -0.0013703 0.0913946

-0.00420637 0.000565887 -0.0002848
0.000565887 -0.00286935 -0.00109208
-0.0002848 -0.00109208 0.0816875

-0.000834944 0.000312178 -0.00348963
0.000312178 -0.00173381 -0.000844428
-0.00348963 -0.000844428 0.083707

0.000375925 0.000549046 0.00120024
0.000549046 -0.000997335 0.00467475
0.00120024 0.00467475 0.0854599

0.00165735 -5.62062e-05 -0.00352767
-5.62062e-05 0.00167087 -0.000161413
-0.00352767 -0.000161413 0.0919077

-0.00235829 0.000212953 0.000701902
0.000212953 -0.002598 0.0022261
0.000701902 0.0022261 0.0833763

-0.0052212 -0.000408138 0.000737379
-0.000408138 -0.00229127 0.00479359
0.000737379 0.00479359 0.0770312

-0.00394893 -0.000419181 -0.00108215
-0.000419181 -0.00148007 0.00438642
-0.00108215 0.00438642 0.0780327

0.000189241 -0.000530121 0.000801329
-0.000530121 0.0025208 0.00547712
0.000801329 0.00547712 0.0868066

-0.000587536 2.01434e-05 0.00209034
2.01434e-05 0.0001093 0.00587265
0.00209034 0.00587265 0.0858243

-0.0030889 -0.00041222 0.00165959
-0.00041222 -0.00309027 -0.00185738
0.00165959 -0.00185738 0.0820712

0.00108065 -9.9913e-05 0.0020125
-9.9913e-05 0.0017326 0.0055144
0.0020125 0.0055144 0.0888613

0.000641543 5.87762e-05 0.0022034
5.87762e-05 0.00157985 0.00556399
0.0022034 0.00556399 0.0887043

-0.00158983 -8.16907e-05 -0.00120961
-8.16907e-05 -0.00193879 -0.000546313
-0.00120961 -0.000546313 0.0832504

-0.00142827 0.000111529 -0.00329782
0.000111529 -0.00126187 0.000767894
-0.00329782 0.000767894 0.0842394

0.00227143 -5.76144e-05 0.00105556
-5.76144e-05 0.00133052 -0.00396307
0.00105556 -0.00396307 0.100947

0.000228001 -1.0956e-10 3.07575e-05
-1.0956e-10 0.000228002 -9.89862e-05
3.07575e-05 -9.89862e-05 0.0895806

0.000861271 -0.000242352 0.00140349
-0.000242352 0.000556841 -0.00718385
0.00140349 -0.00718385 0.0917793

0.000606893 0.000118748 -0.00179993
0.000118748 0.000409535 -0.00095457
-0.00179993 -0.00095457 0.0927415

-0.000461566 1.97185e-05 -1.97465e-06
1.97185e-05 -0.000184707 -9.092e-07
-1.97465e-06 -9.092e-07 0.0892718

-0.000699847 -3.03851e-05 0.00203696
-3.03851e-05 0.000168944 -0.00660163
0.00203696 -0.00660163 0.0842814

-0.00214877 -0.000390679 0.00155659
-0.000390679 -0.000358244 -0.00577838
0.00155659 -0.00577838 0.0805086

0.000894542 -4.04022e-05 -0.000117513
-4.04022e-05 0.000648896 3.4439e-05
-0.000117513 3.4439e-05 0.0905516

-8.73508e-05 5.54298e-05 -1.24516e-05
5.54298e-05 0.000162139 -6.03667e-05
-1.24516e-05 -6.03667e-05 0.0885995

-0.00147541 -0.000733912 0.00144784
-0.000733912 -0.000811075 -0.00306924
0.00144784 -0.00306924 0.0834222

-0.000103966 -0.00108239 0.000438914
-0.00108239 0.00254301 -0.000772383
0.000438914 -0.000772383 0.0840348

0.000660017 0.000694218 -0.00447983
0.000694218 -0.000561005 -0.00128792
-0.00447983 -0.00128792 0.0863994

-0.000515029 -0.00105975 0.000253322
-0.00105975 0.00229255 -0.000477362
0.000253322 -0.000477362 0.0833699

-0.000163854 -0.0010661 -9.09745e-05
-0.0010661 0.00265664 9.09169e-05
-9.09745e-05 9.09169e-05 0.083939

-0.000226913 0.000280449 -0.00047395
0.000280449 -0.000282054 -0.000867117
-0.00047395 -0.000867117 0.0870708

-0.000795281 8.06976e-05 -0.000125019
8.06976e-05 -0.000444644 9.35013e-05
-0.000125019 9.35013e-05 0.0925407

0.00165322 -0.000396802 -0.000774193
-0.000396802 0.00354342 0.00511705
-0.000774193 0.00511705 0.0879503

-0.0027521 -0.00012645 -0.00125373
-0.00012645 -0.00177575 0.00377129
-0.00125373 0.00377129 0.0840324

-0.00276135 0.000331427 0.0013578
0.000331427 -0.00242993 0.000578821
0.0013578 0.000578821 0.0816493

0.00128717 -0.000154306 -0.000981416
-0.000154306 0.00147024 0.00433272
-0.000981416 0.00433272 0.0895102

0.00342718 -0.000124502 -0.00132784
-0.000124502 0.00429439 0.0031076
-0.00132784 0.0031076 0.0955889

-0.00111552 0.000375905 -0.000820021
0.000375905 0.00260827 0.000242337
-0.000820021 0.000242337 0.080795

-0.00266914 -0.000620212 0.00140395
-0.000620212 0.00107516 -0.00333456
0.00140395 -0.00333456 0.0749883

-0.0190704 -0.00155399 0.0011899
-0.00155399 -0.0130831 -0.000352762
0.0011899 -0.000352762 0.0440844

-0.0144888 -0.00221874 -0.00166828
-0.00221874 -0.0147087 0.00139097
-0.00166828 0.00139097 0.0504265

-0.00105291 5.55782e-05 -0.000145389
5.55782e-05 -0.00114212 -0.000184511
-0.000145389 -0.000184511 0.0885433

-0.0231701 -5.36332e-05 0.000331758
-5.36332e-05 -0.0213433 0.000494447
0.000331758 0.000494447 0.029178

-0.00195704 -0.000102508 -0.000280333
-0.000102508 -0.00203243 -5.51341e-05
-0.000280333 -5.51341e-05 0.085497

0.00187599 0.000120634 -0.000640835
0.000120634 0.00086352 0.00251608
-0.000640835 0.00251608 0.100974

-7.1517e-05 -1.69859e-12 -3.00106e-07
-1.69859e-12 -7.15161e-05 0.000157283
-3.00106e-07 0.000157283 0.0886321

0.00140803 -0.000147383 0.000798045
-0.000147383 0.000147524 0.00318252
0.000798045 0.00318252 0.100577

-7.1517e-05 -1.69859e-12 -3.00107e-07
-1.69859e-12 -7.15161e-05 0.000157283
-3.00107e-07 0.000157283 0.0886321

0.00375195 -0.000677918 0.0010947
-0.000677918 0.00314869 0.000189271
0.0010947 0.000189271 0.0846792

0.000750588 -2.73553e-05 -0.000604442
-2.73553e-05 0.000473501 0.00337006
-0.000604442 0.00337006 0.0912109

0.00648564 -0.00115796 -0.00107111
-0.00115796 0.00303199 -0.00103081
-0.00107111 -0.00103081 0.0860227

0.00227019 0.00026875 0.00171475
0.00026875 0.00194546 0.0056523
0.00171475 0.0056523 0.0903489

0.00299702 0.000400988 0.00141642
0.000400988 0.003187 0.00533243
0.00141642 0.00533243 0.0954463

-0.00196804 0.000511626 -0.000548501
0.000511626 -0.00212901 0.00111908
-0.000548501 0.00111908 0.0821499

0.00229515 0.000299906 0.00216254
0.000299906 0.0029911 0.00746608
0.00216254 0.00746608 0.0895165

0.00232123 0.000724498 -0.000148743
0.000724498 0.00172674 7.96523e-05
-0.000148743 7.96523e-05 0.0901123

0.00295012 0.000496293 0.00200724
0.000496293 0.00360808 0.00742925
0.00200724 0.00742925 0.0912343

-0.00291837 0.000685617 0.00188092
0.000685617 -0.00137202 -0.00353206
0.00188092 -0.00353206 0.0844264

-0.000829673 0.00058195 -0.00335052
0.00058195 -0.00203644 -0.000835219
-0.00335052 -0.000835219 0.083666

-0.000785854 0.000500873 0.00198331
0.000500873 -0.000235309 0.00792516
0.00198331 0.00792516 0.085036

-0.0031983 0.000303481 0.00146864
0.000303481 -0.00184565 0.00817723
0.00146864 0.00817723 0.0802979

-0.00148961 0.000221592 -0.00248172
0.000221592 -0.00261028 -0.000666254
-0.00248172 -0.000666254 0.0833081

-0.00247601 1.83881e-05 -0.000286898
1.83881e-05 -0.00100778 0.00513555
-0.000286898 0.00513555 0.0832665

0.0052025 -0.000171402 0.00493387
-0.000171402 0.00475029 0.0028617
0.00493387 0.0028617 0.100708

-0.00482067 -6.61049e-05 0.000831392
-6.61049e-05 -0.00431153 0.00581743
0.000831392 0.00581743 0.0788601

-0.00186329 -1.67585e-05 -0.000257773
-1.67585e-05 -0.000177332 0.00420193
-0.000257773 0.00420193 0.0841553

-0.0021904 5.29254e-07 -0.000520481
5.29254e-07 -0.000772389 0.00494315
-0.000520481 0.00494315 0.0837574

-0.00128068 -0.000193489 0.000156493
-0.000193489 0.000420294 0.00442283
0.000156493 0.00442283 0.0848081

-0.00285959 1.58486e-06 -0.000236211
1.58486e-06 -0.00134875 0.00389357
-0.000236211 0.00389357 0.0826527

-0.00137458 0.000260111 -0.000395619
0.000260111 0.00123867 0.00558252
-0.000395619 0.00558252 0.0836515

-0.00461965 0.000142591 -0.00053495
0.000142591 -0.000957122 0.00442125
-0.00053495 0.00442125 0.0771579

-0.00166477 -0.000290638 0.000212519
-0.000290638 0.0009339 0.00563173
0.000212519 0.00563173 0.0834109

-0.00419063 -0.00019137 -2.02033e-05
-0.00019137 -0.00304051 0.00356787
-2.02033e-05 0.00356787 0.0797832

-0.0029199 -0.000451639 -0.000546131
-0.000451639 -0.00314138 0.00157268
-0.000546131 0.00157268 0.0825101

-0.00483985 -0.000156702 0.0003175
-0.000156702 -0.00116128 0.00448258
0.0003175 0.00448258 0.076983

-0.00453998 -0.000281132 -0.000130003
-0.000281132 -0.00398125 0.00072098
-0.000130003 0.00072098 0.0794387

-0.00426605 0.00043888 -0.000457252
0.00043888 -0.00333639 0.000648115
-0.000457252 0.000648115 0.079788

-0.00248173 -0.000563406 0.000170956
-0.000563406 -0.00123939 -0.000726515
0.000170956 -0.000726515 0.0819882

-0.00342032 -0.000230851 0.000590292
-0.000230851 -0.00336381 -0.00171377
0.000590292 -0.00171377 0.0823607

-0.00231573 0.000408473 0.000270658
0.000408473 -0.000933207 -0.000712543
0.000270658 -0.000712543 0.0837739

-0.00318079 0.000637199 -0.000101226
0.000637199 -0.00260306 -0.000227309
-0.000101226 -0.000227309 0.0825933

-0.00180511 0.00023829 -4.58891e-05
0.00023829 -0.000999255 -0.000277992
-4.58891e-05 -0.000277992 0.0835816

-0.00320164 -0.000721233 0.000472973
-0.000721233 -0.0021509 -0.00271227
0.000472973 -0.00271227 0.0811178

-0.00309822 -0.000301029 0.000616042
-0.000301029 -0.000598914 -0.00321066
0.000616042 -0.00321066 0.0794791

-0.000821484 -0.000264812 0.000410851
-0.000264812 0.00103351 -0.00401339
0.000410851 -0.00401339 0.0838847

-0.00451759 -0.000138791 -0.000616915
-0.000138791 -0.00142726 -0.00326066
-0.000616915 -0.00326066 0.0786264

-0.000448329 -0.000439066 0.000536435
-0.000439066 0.00165643 -0.00425739
0.000536435 -0.00425739 0.0850001

0.00140113 -0.000284524 -0.00228256
-0.000284524 0.00120766 0.0017733
-0.00228256 0.0017733 0.0929853

-0.00235402 -0.000252836 -0.000678071
-0.000252836 0.00011578 -0.00405877
-0.000678071 -0.00405877 0.0829508

-0.00209421 -5.84265e-05 0.000664446
-5.84265e-05 -0.00141918 -0.00376262
0.000664446 -0.00376262 0.0840156

-0.00372635 -0.000227557 0.000320036
-0.000227557 -0.00262414 -0.00314456
0.000320036 -0.00314456 0.0806494

-0.00313668 -0.000113865 0.00102688
-0.000113865 -0.0032288 -0.00506926
0.00102688 -0.00506926 0.0830768

-0.00291837 4.35924e-05 -0.000383271
4.35924e-05 -0.00209281 -0.00423091
-0.000383271 -0.00423091 0.0840128

-0.00229635 -0.000217444 -0.000890049
-0.000217444 -0.00210222 -0.00419664
-0.000890049 -0.00419664 0.0830808

-0.00513482 -0.000451392 0.00102906
-0.000451392 -0.00340065 -0.00518805
0.00102906 -0.00518805 0.0776889

-0.00170281 2.97559e-05 0.000463145
2.97559e-05 0.000379376 -0.00624482
0.000463145 -0.00624482 0.0829578

-0.0062398 0.000161797 -0.00187648
0.000161797 -0.00316454 -0.00665189
-0.00187648 -0.00665189 0.0764223

0.000258085 4.97501e-05 0.000724985
4.97501e-05 0.00231827 -0.00644738
0.000724985 -0.00644738 0.0863036

-6.00217e-05 -8.11509e-05 0.00660325
-8.11509e-05 0.000472923 0.00269877
0.00660325 0.00269877 0.0890783

0.000526392 -0.000189423 0.00434264
-0.000189423 0.000110161 8.57235e-05
0.00434264 8.57235e-05 0.0922274

0.00111411 0.000159849 -0.00163799
0.000159849 0.00284854 -0.00780725
-0.00163799 -0.00780725 0.0868379

0.000659383 -9.27562e-05 -0.00218327
-9.27562e-05 -0.000620581 0.000422898
-0.00218327 0.000422898 0.0869149

0.00243029 8.7146e-05 0.000898956
8.7146e-05 0.00296367 -0.00609363
0.000898956 -0.00609363 0.0938637

0.00297528 0.000254374 -0.00134513
0.000254374 0.00328642 -0.0072868
-0.00134513 -0.0072868 0.0925774

0.000690937 -0.000149187 -0.00445624
-0.000149187 -0.00038709 -0.00164381
-0.00445624 -0.00164381 0.0887771

-0.000116959 1.94159e-05 -0.000184791
1.94159e-05 -0.000389725 -7.29207e-05
-0.000184791 -7.29207e-05 0.0915516

-0.0217736 0.000999924 -0.00343918
0.000999924 -0.0142316 0.001182
-0.00343918 0.001182 0.0274245

-0.022046 -0.000889553 0.00395889
-0.000889553 -0.0143935 0.00118189
0.00395889 0.00118189 0.027263

0.00420889 -0.000513665 0.00332688
-0.000513665 0.00372492 0.000857997
0.00332688 0.000857997 0.101862

-0.0217674 0.00226953 -0.000575462
0.00226953 -0.0185584 -0.000214182
-0.000575462 -0.000214182 0.0365579

-0.0014316 -0.000155673 0.000349732
-0.000155673 -0.00113076 0.000491875
0.000349732 0.000491875 0.0859814

0.00034012 -0.000112408 -0.000218098
-0.000112408 0.000392947 -0.00072233
-0.000218098 -0.00072233 0.0890555

-0.000102623 0.000109092 0.00243809
0.000109092 6.32946e-05 -0.00458985
0.00243809 -0.00458985 0.0873031

-0.00066041 8.5832e-05 0.00301505
8.5832e-05 0.000201319 -0.0044134
0.00301505 -0.0044134 0.0881619

0.00100579 0.000200524 0.00276769
0.000200524 0.00164763 -0.0043042
0.00276769 -0.0043042 0.0948282

0.00269091 -4.39703e-05 0.00281631
-4.39703e-05 0.00273076 -0.00428833
0.00281631 -0.00428833 0.0953922

0.000487674 -6.30126e-05 0.000207659
-6.30126e-05 0.000137485 -3.90643e-06
0.000207659 -3.90643e-06 0.0886324

0.00176721 0.000510668 0.00159507
0.000510668 0.00166789 -0.000451068
0.00159507 -0.000451068 0.089919

0.00039091 3.69009e-05 0.00013206
3.69009e-05 0.000211623 -0.000193258
0.00013206 -0.000193258 0.0889247

-0.000338544 -1.2346e-05 -0.000237167
-1.2346e-05 -0.000654349 -0.000149912
-0.000237167 -0.000149912 0.0911141

-0.0193454 -0.000829855 -0.00266765
-0.000829855 -0.0177044 -0.00142181
-0.00266765 -0.00142181 0.0500651

-0.00442324 -0.00127696 -0.00267655
-0.00127696 -0.00377955 0.00242689
-0.00267655 0.00242689 0.0778347

-0.00356173 0.000507626 0.00466168
0.000507626 -0.00387548 0.00133838
0.00466168 0.00133838 0.0802382

-0.0281888 0.000850899 -7.69026e-05
0.000850899 -0.0260214 -0.000508481
-7.69026e-05 -0.000508481 0.0373018

-0.000821897 2.10946e-05 0.000270788
2.10946e-05 -0.000865561 -0.000482267
0.000270788 -0.000482267 0.0907641

-0.000323321 2.9641e-05 -0.000163303
2.9641e-05 -0.000665304 -0.000161758
-0.000163303 -0.000161758 0.0910872

-0.00230763 1.27231e-06 -0.000235904
1.27231e-06 -0.00255154 5.10507e-05
-0.000235904 5.10507e-05 0.0843066

-0.000393093 0.000221084 -0.00422693
0.000221084 -0.000796595 -0.00119333
-0.00422693 -0.00119333 0.0857876

0.000130563 -5.16614e-05 -0.000331467
-5.16614e-05 0.000445694 0.00016327
-0.000331467 0.00016327 0.0888372

-3.66285e-05 -5.19945e-05 -6.43309e-05
-5.19945e-05 -0.000113999 -8.22082e-05
-6.43309e-05 -8.22082e-05 0.0885667

-0.00116898 -0.00010876 0.000108077
-0.00010876 -0.00139236 -3.18354e-05
0.000108077 -3.18354e-05 0.0886111

-0.00437126 0.000148481 -0.000262638
0.000148481 -0.0037287 -0.00186828
-0.000262638 -0.00186828 0.0816001

0.000160373 -7.67875e-05 0.000360719
-7.67875e-05 0.000292222 0.000122536
0.000360719 0.000122536 0.0886075

0.000602746 0.00024437 -0.000180997
0.00024437 0.00044355 -7.32675e-05
-0.000180997 -7.32675e-05 0.0887917

0.000124522 -8.89063e-05 -0.000429458
-8.89063e-05 9.98956e-05 -0.000495833
-0.000429458 -0.000495833 0.0888402

-0.000780647 3.43958e-06 -0.000137888
3.43958e-06 -0.000543232 -0.00048335
-0.000137888 -0.00048335 0.0883953

-0.00188036 0.000111294 0.00255715
0.000111294 -0.00297787 0.000583297
0.00255715 0.000583297 0.0810597

-0.000628179 -8.35591e-05 0.000451322
-8.35591e-05 -0.000630642 -0.000347588
0.000451322 -0.000347588 0.08838

-0.000885774 -2.0316e-05 6.63728e-05
-2.0316e-05 -0.00077932 -0.000514023
6.63728e-05 -0.000514023 0.0876608

-0.00110368 -8.53575e-05 8.59056e-05
-8.53575e-05 -0.000914831 -5.14373e-05
8.59056e-05 -5.14373e-05 0.0874505

0.000160912 2.9159e-05 0.000262168
2.9159e-05 -0.000415958 -6.51309e-05
0.000262168 -6.51309e-05 0.0884908

-0.00225062 9.1021e-05 0.00233024
9.1021e-05 -0.00365185 -0.000694161
0.00233024 -0.000694161 0.0807333

0.000997524 0.000439949 -0.00433185
0.000439949 -0.000334972 -0.00128815
-0.00433185 -0.00128815 0.0859787

-8.77135e-05 -0.000246468 0.00141986
-0.000246468 -0.000449417 -0.00696569
0.00141986 -0.00696569 0.0885653

-0.000798289 -8.30452e-05 -0.000151368
-8.30452e-05 -0.000870202 4.83878e-05
-0.000151368 4.83878e-05 0.0895499

-0.00145407 0.0001719 -0.00083217
0.0001719 -0.00100039 0.00023301
-0.00083217 0.00023301 0.0884972

-0.00139219 -2.89468e-05 -0.000705011
-2.89468e-05 -0.00153238 0.00035466
-0.000705011 0.00035466 0.0869022

-0.000754008 -0.000173224 0.000216127
-0.000173224 -0.000970324 -0.00013783
0.000216127 -0.00013783 0.0892228

0.000202269 -2.92655e-05 -0.00031227
-2.92655e-05 0.000186975 -0.000180896
-0.00031227 -0.000180896 0.0894044

-0.00146556 0.000129354 -0.00126887
0.000129354 -0.00126613 -0.00187567
-0.00126887 -0.00187567 0.0848808

-4.58443e-05 -2.11696e-05 -0.000720631
-2.11696e-05 -0.000101644 4.06922e-05
-0.000720631 4.06922e-05 0.0902426

-3.61863e-06 -1.43886e-05 -0.00020284
-1.43886e-05 0.000116912 -0.000178303
-0.00020284 -0.000178303 0.0898833

-0.00209838 -3.76339e-05 0.000964112
-3.76339e-05 -0.00183217 0.000487328
0.000964112 0.000487328 0.0852818

-0.000754243 0.000170418 0.000313396
0.000170418 -0.00037588 0.000123662
0.000313396 0.000123662 0.0874936

-0.0035549 1.82519e-05 0.000639885
1.82519e-05 -0.00364228 0.00247066
0.000639885 0.00247066 0.0818118

0.000114345 -2.7475e-05 0.000138893
-2.7475e-05 0.00014235 -0.000312285
0.000138893 -0.000312285 0.0916806

-0.000888886 0.000304347 -0.00373018
0.000304347 -0.00265303 -0.000816719
-0.00373018 -0.000816719 0.0840938

-0.00242148 -0.000244677 -0.00146093
-0.000244677 -0.0025815 0.00139336
-0.00146093 0.00139336 0.0832361

-0.000266222 6.80595e-05 0.000522662
6.80595e-05 0.000117632 -0.000173289
0.000522662 -0.000173289 0.0880184

-0.000921454 5.89381e-05 -0.000374253
5.89381e-05 -0.00113327 0.000272899
-0.000374253 0.000272899 0.0897429

0.00199442 -0.000243318 0.0013723
-0.000243318 0.002995 -0.00755325
0.0013723 -0.00755325 0.0909106

0.00075805 0.000585289 -0.000254175
0.000585289 0.00147037 0.0002912
-0.000254175 0.0002912 0.0886734

6.64795e-05 -2.73699e-05 -0.000404388
-2.73699e-05 0.000434673 -0.000165013
-0.000404388 -0.000165013 0.0907042

-0.00195826 -5.65789e-05 -0.00185287
-5.65789e-05 -0.00268859 0.00070139
-0.00185287 0.00070139 0.0818126

-0.00114216 -7.05499e-06 -0.000454722
-7.05499e-06 -0.000886766 -0.000652808
-0.000454722 -0.000652808 0.0874807

0.00540002 -4.46044e-05 0.000988654
-4.46044e-05 0.0053045 0.000664883
0.000988654 0.000664883 0.104599

-0.001003 2.37442e-05 0.000378831
2.37442e-05 -0.000918822 0.000165054
0.000378831 0.000165054 0.0875982

0.000336399 9.27036e-06 0.000245987
9.27036e-06 0.000226348 0.000222728
0.000245987 0.000222728 0.0918458

-0.000455936 0.000101825 -0.00012128
0.000101825 -0.000331403 0.000471307
-0.00012128 0.000471307 0.0893483

-0.000357728 -0.000170697 0.000785034
-0.000170697 -0.000415466 -0.000319776
0.000785034 -0.000319776 0.0879134

0.000672855 -7.76801e-05 0.000968293
-7.76801e-05 0.000146306 -0.000278295
0.000968293 -0.000278295 0.0886209

-0.000110791 0.000438057 -0.00449318
0.000438057 -0.00168011 -0.00174736
-0.00449318 -0.00174736 0.0853137

-0.00551805 -7.77316e-06 0.00067293
-7.77316e-06 -0.00410965 -0.00361494
0.00067293 -0.00361494 0.0785985

0.000180146 -0.00030043 4.75478e-05
-0.00030043 0.000423383 0.000446017
4.75478e-05 0.000446017 0.0892358

0.000975131 0.000655436 -0.00396635
0.000655436 -0.000854571 -0.00182136
-0.00396635 -0.00182136 0.0868931

-0.000405919 7.74935e-05 -0.000231072
7.74935e-05 -0.00076675 -0.000180587
-0.000231072 -0.000180587 0.0888412

-0.000495909 5.27683e-05 -0.000300922
5.27683e-05 -0.000848271 4.51763e-05
-0.000300922 4.51763e-05 0.0882677

0.000129737 0.00034762 -0.000107845
0.00034762 -8.81402e-05 -0.000171922
-0.000107845 -0.000171922 0.0883177

0.00157698 0.000470176 -0.000878348
0.000470176 0.00210996 -0.00375298
-0.000878348 -0.00375298 0.0902472

-0.000409449 -1.69505e-05 -5.61013e-05
-1.69505e-05 -0.00045826 -0.000176616
-5.61013e-05 -0.000176616 0.0885001

0.00023431 -1.98488e-05 0.000106263
-1.98488e-05 9.9666e-05 0.000448048
0.000106263 0.000448048 0.0915805

-0.000173209 -1.85452e-05 0.000100371
-1.85452e-05 -0.000512925 0.000301094
0.000100371 0.000301094 0.0920614

-0.000578717 1.84979e-05 0.000111639
1.84979e-05 -0.000652671 -0.000765252
0.000111639 -0.000765252 0.0877445

-0.00115672 5.75619e-05 -0.000180574
5.75619e-05 -0.00108008 -0.000700805
-0.000180574 -0.000700805 0.0872119

0.00116044 -6.47332e-06 0.000443078
-6.47332e-06 0.00128849 0.000386301
0.000443078 0.000386301 0.0901551

-1.63543e-05 -0.000159425 0.000378996
-0.000159425 7.61666e-05 -7.90908e-05
0.000378996 -7.90908e-05 0.0905435

-0.0012966 -0.000125632 0.000128965
-0.000125632 -0.00148762 -2.36905e-05
0.000128965 -2.36905e-05 0.0885361

-0.00288534 0.000554199 -0.00318815
0.000554199 -0.00258727 -0.00250279
-0.00318815 -0.00250279 0.08265

9.11572e-05 -4.93544e-05 2.08317e-05
-4.93544e-05 -0.000204619 -0.000343494
2.08317e-05 -0.000343494 0.0909669

0.000552909 0.000372157 0.000524054
0.000372157 0.00150447 0.0010369
0.000524054 0.0010369 0.0906388

-0.00154215 -0.00034104 -0.00137246
-0.00034104 -0.00174728 0.00229905
-0.00137246 0.00229905 0.0848501

0.000626341 -9.09356e-05 0.000337945
-9.09356e-05 0.000468705 0.000133464
0.000337945 0.000133464 0.0899981

-0.00487928 0.000373559 0.00112064
0.000373559 -0.00389699 0.000787086
0.00112064 0.000787086 0.0809394

-0.00105008 -0.000121216 4.91434e-05
-0.000121216 -0.00157848 0.000318598
4.91434e-05 0.000318598 0.0888697

-7.1517e-05 -1.70474e-12 -3.00106e-07
-1.70474e-12 -7.15161e-05 0.000157283
-3.00106e-07 0.000157283 0.0886321

-0.00533215 0.000685305 0.0011502
0.000685305 -0.00496874 -0.00365196
0.0011502 -0.00365196 0.0797592

0.000179646 9.04948e-06 -3.55061e-06
9.04948e-06 0.000480672 0.000285261
-3.55061e-06 0.000285261 0.0887525

-0.000238601 -0.000185339 0.000365052
-0.000185339 0.000378654 -8.78354e-05
0.000365052 -8.78354e-05 0.088465

0.000308091 0.000178871 0.000124527
0.000178871 -0.000501256 7.97175e-05
0.000124527 7.97175e-05 0.0927293

-0.000692692 -0.000879827 -0.000778389
-0.000879827 -0.00163254 0.00111337
-0.000778389 0.00111337 0.0829291

0.00101793 0.000274139 0.000488261
0.000274139 0.000426184 0.000485284
0.000488261 0.000485284 0.091015

0.000977178 -6.83425e-05 0.000507486
-6.83425e-05 0.00259143 -0.00174861
0.000507486 -0.00174861 0.0892828

-0.000268801 0.000201494 -0.000494635
0.000201494 -5.66838e-05 -0.00138457
-0.000494635 -0.00138457 0.08857

-0.000680888 0.000281874 0.000330869
0.000281874 -0.000457228 -8.08462e-05
0.000330869 -8.08462e-05 0.0875448

0.00607143 0.000632908 0.00314254
0.000632908 0.00462644 0.000123392
0.00314254 0.000123392 0.100187

-0.000451402 1.33829e-05 -0.000192421
1.33829e-05 -0.000740774 -0.000155789
-0.000192421 -0.000155789 0.0903898

-0.00105681 -0.000269311 -4.30983e-05
-0.000269311 -0.0013034 -0.000804715
-4.30983e-05 -0.000804715 0.0875898

5.77384e-05 0.000268897 -0.00232369
0.000268897 0.00044994 -0.00284136
-0.00232369 -0.00284136 0.0893846

-0.00118714 4.8141e-05 -0.000166617
4.8141e-05 -0.00123383 0.00011034
-0.000166617 0.00011034 0.0867034

-0.00328961 -2.31552e-05 0.00341367
-2.31552e-05 -0.0024479 0.00155569
0.00341367 0.00155569 0.0852755

-0.00101232 0.000238631 4.27148e-05
0.000238631 -0.000378112 -0.00190078
4.27148e-05 -0.00190078 0.0883022

-0.00630374 -0.000313297 -0.00298314
-0.000313297 -0.00603629 0.00228464
-0.00298314 0.00228464 0.077131

-0.00796673 0.000318436 0.00230112
0.000318436 -0.00813005 0.000537032
0.00230112 0.000537032 0.0747058

-0.0066254 -6.50938e-05 0.0024195
-6.50938e-05 -0.00637249 0.00138944
0.0024195 0.00138944 0.0781203

3.65069e-05 0.000463196 -0.000142817
0.000463196 0.000348908 -0.0019229
-0.000142817 -0.0019229 0.0886943

0.000993214 -6.06087e-06 -2.53083e-05
-6.06087e-06 0.000954849 0.000621462
-2.53083e-05 0.000621462 0.0921737

-0.00376118 0.000304129 -0.00234937
0.000304129 -0.00261689 -0.00417864
-0.00234937 -0.00417864 0.0819289

0.000149971 -1.13811e-05 0.00207711
-1.13811e-05 0.00120835 0.00525929
0.00207711 0.00525929 0.087031

0.00101218 -8.14816e-05 0.000543944
-8.14816e-05 0.000846854 -0.000206663
0.000543944 -0.000206663 0.0946601

-0.000617221 -0.000106169 0.000181174
-0.000106169 -0.000674779 0.000376605
0.000181174 0.000376605 0.0883107

-0.00480608 -0.000290822 0.00139467
-0.000290822 -0.0034436 0.00391723
0.00139467 0.00391723 0.0789175

-0.00119958 4.26717e-05 7.17374e-05
4.26717e-05 -0.00133927 -0.000505557
7.17374e-05 -0.000505557 0.0884707

0.00120314 -6.28188e-05 -0.000281272
-6.28188e-05 0.00133641 0.000159594
-0.000281272 0.000159594 0.0908322

-0.000891608 -4.20547e-05 1.58119e-05
-4.20547e-05 -0.000937001 0.000488674
1.58119e-05 0.000488674 0.0887004

-0.000666684 -0.000227226 -0.000814298
-0.000227226 -0.00106919 0.000103165
-0.000814298 0.000103165 0.0868846

1.81851e-05 0.000136239 0.000667261
0.000136239 -0.000208746 -0.000289562
0.000667261 -0.000289562 0.0914505

0.000824354 -0.000648601 -0.00101218
-0.000648601 2.42849e-05 -0.00210436
-0.00101218 -0.00210436 0.0983688

-0.000818223 5.62088e-05 -5.26562e-07
5.62088e-05 -0.000946755 -0.000312926
-5.26562e-07 -0.000312926 0.0899692

-0.00047182 -7.37604e-05 0.000838954
-7.37604e-05 -0.000343335 -0.000888499
0.000838954 -0.000888499 0.0884435

0.00047665 -0.000516125 -0.000325794
-0.000516125 -1.46911e-05 -0.00332777
-0.000325794 -0.00332777 0.0981154

-0.00163105 -7.18674e-05 -0.000118297
-7.18674e-05 -0.00189116 -0.000351429
-0.000118297 -0.000351429 0.0878362

-0.00756396 0.000108504 0.000164218
0.000108504 -0.00660313 -0.00315851
0.000164218 -0.00315851 0.0755896

0.00194575 -0.000465448 0.000268502
-0.000465448 0.00170181 7.61966e-06
0.000268502 7.61966e-06 0.0914177

-0.00046643 3.18489e-05 -0.000166643
3.18489e-05 -0.000809725 -0.000205577
-0.000166643 -0.000205577 0.090514

-0.000390012 -5.88659e-06 -0.000195306
-5.88659e-06 -0.000516503 -9.03974e-05
-0.000195306 -9.03974e-05 0.0896545

0.00256701 2.04162e-05 -0.00252313
2.04162e-05 0.0028201 0.000271214
-0.00252313 0.000271214 0.0982736

0.00323724 -0.000114119 -0.00209996
-0.000114119 0.00346629 -0.000241253
-0.00209996 -0.000241253 0.0988173

-0.00072824 0.000209131 -0.000431897
0.000209131 -0.000631162 0.000180137
-0.000431897 0.000180137 0.0918404

0.0018224 5.35949e-06 -0.000975965
5.35949e-06 0.00192547 -0.000565527
-0.000975965 -0.000565527 0.0947274

-0.00143155 -2.04982e-05 -0.00317826
-2.04982e-05 -0.002431 0.00150787
-0.00317826 0.00150787 0.0820173

-0.000461547 -0.000254675 -5.38025e-05
-0.000254675 -0.0004371 0.000569673
-5.38025e-05 0.000569673 0.0870887

-0.000846647 -0.000131569 -9.31872e-05
-0.000131569 -0.000633935 -0.000448611
-9.31872e-05 -0.000448611 0.0880984

-0.00057201 0.000190765 0.000317312
0.000190765 -0.000160577 6.08369e-05
0.000317312 6.08369e-05 0.0878649

-0.00349124 0.000520304 -0.00391546
0.000520304 -0.00440951 -0.00206491
-0.00391546 -0.00206491 0.0790832

-0.00126299 2.00211e-05 -6.41124e-05
2.00211e-05 -0.00142929 -0.000552545
-6.41124e-05 -0.000552545 0.0869001

-0.000734132 5.8894e-05 -0.00145755
5.8894e-05 -0.000788247 -0.000159706
-0.00145755 -0.000159706 0.08735

0.0026039 -7.1374e-06 -0.000361159
-7.1374e-06 0.00241628 -8.00554e-05
-0.000361159 -8.00554e-05 0.0965384

-0.00174079 3.9678e-05 -0.00175608
3.9678e-05 -0.00153542 2.26011e-05
-0.00175608 2.26011e-05 0.0858824

0.00108003 2.70632e-05 -0.0007521
2.70632e-05 0.000500283 0.00118478
-0.0007521 0.00118478 0.092495

-0.000556579 -7.93225e-05 -0.00151034
-7.93225e-05 -0.000315489 -0.000341914
-0.00151034 -0.000341914 0.0874914

-0.000373727 0.000351433 -0.00260122
0.000351433 -0.000383212 0.000438197
-0.00260122 0.000438197 0.0886301

-7.07028e-05 0.000354643 -0.00171892
0.000354643 -0.000490749 0.0012779
-0.00171892 0.0012779 0.0888131

-0.00157054 2.91516e-05 -0.00170066
2.91516e-05 -0.00164781 6.96738e-05
-0.00170066 6.96738e-05 0.085906

-0.000896344 -0.000247354 -2.42255e-05
-0.000247354 -0.000451195 -0.000167557
-2.42255e-05 -0.000167557 0.0877621

0.000371458 -0.000130684 -0.000939422
-0.000130684 -9.66216e-05 -1.04863e-05
-0.000939422 -1.04863e-05 0.0881209

-0.000778055 4.41964e-05 0.00122616
4.41964e-05 0.00109994 -0.00543751
0.00122616 -0.00543751 0.0844938

-0.00743409 9.14625e-05 -0.00161063
9.14625e-05 -0.00733844 0.00165839
-0.00161063 0.00165839 0.0691536

-0.0214015 0.00113508 0.00353882
0.00113508 -0.0210569 -0.000458105
0.00353882 -0.000458105 0.0483072

-0.000836633 2.72548e-05 0.0011678
2.72548e-05 -0.000440535 -0.000427126
0.0011678 -0.000427126 0.0883683

0.0010108 -8.96224e-05 0.000993201
-8.96224e-05 0.000833774 -0.000734834
0.000993201 -0.000734834 0.0927295

-0.000955309 -3.53155e-06 0.00171742
-3.53155e-06 -0.00104489 -1.48046e-05
0.00171742 -1.48046e-05 0.0869068

-0.020285 0.00271804 0.00188595
0.00271804 -0.0239486 0.0032008
0.00188595 0.0032008 0.0371452

-0.0299542 -0.000597741 -0.00097429
-0.000597741 -0.030834 -0.00103312
-0.00097429 -0.00103312 0.0253077

-0.0225983 0.00159902 -0.00053969
0.00159902 -0.0207443 -0.000603966
-0.00053969 -0.000603966 0.0318094

-0.0188857 -0.00263526 0.00324804
-0.00263526 -0.0249089 -0.00378072
0.00324804 -0.00378072 0.0410108

-0.0258591 -0.000336672 -0.000667137
-0.000336672 -0.0243016 0.00177937
-0.000667137 0.00177937 0.0365296

-0.0143149 -0.000469522 0.000390823
-0.000469522 -0.0159169 0.00108539
0.000390823 0.00108539 0.0551226

-0.0228411 -0.00377124 0.00119507
-0.00377124 -0.0211998 -0.000646937
0.00119507 -0.000646937 0.037316

-0.000344451 -8.81172e-05 0.00133154
-8.81172e-05 -0.00011176 0.000550406
0.00133154 0.000550406 0.0918416

-0.000362207 1.89701e-07 -0.000208191
1.89701e-07 -0.000634387 -0.000128202
-0.000208191 -0.000128202 0.0905237

-0.00186349 0.000245164 -0.000633087
0.000245164 -0.000936494 -0.00592548
-0.000633087 -0.00592548 0.0841496

-0.0129973 2.986e-05 0.000460042
2.986e-05 -0.0138564 -0.000505271
0.000460042 -0.000505271 0.0569415

0.000245955 -4.74453e-05 0.0012456
-4.74453e-05 0.000141978 0.000768642
0.0012456 0.000768642 0.0916662

-0.00115975 3.8859e-05 0.00123249
3.8859e-05 -0.000831847 -2.19936e-05
0.00123249 -2.19936e-05 0.087683

-0.0231627 0.00148396 -0.00105595
0.00148396 -0.0245563 -0.000117347
-0.00105595 -0.000117347 0.0361997

-0.000425928 -0.000379127 0.00230462
-0.000379127 -0.000315393 0.000396926
0.00230462 0.000396926 0.0895879

-0.0229093 -0.000427758 -0.00179042
-0.000427758 -0.017458 0.00177386
-0.00179042 0.00177386 0.0431171

-0.00129414 -4.4788e-05 1.92295e-05
-4.4788e-05 -0.000803398 0.000228808
1.92295e-05 0.000228808 0.0911488

-0.000565481 8.96918e-05 0.000409685
8.96918e-05 -0.000395673 2.32415e-05
0.000409685 2.32415e-05 0.0892261

-0.00214472 -0.00021726 -0.0023741
-0.00021726 -0.00339355 -0.000745474
-0.0023741 -0.000745474 0.0831314

0.00448781 0.00112372 -0.00201049
0.00112372 0.00261984 0.000942923
-0.00201049 0.000942923 0.0877894

-0.00159419 8.0094e-05 0.0003799
8.0094e-05 -0.0014806 -0.000271527
0.0003799 -0.000271527 0.0871136

-0.000425933 1.70139e-05 -0.000194173
1.70139e-05 -0.000682355 -0.000130859
-0.000194173 -0.000130859 0.0904957

-0.000788795 0.000179342 0.000217419
0.000179342 -0.0004401 -0.000442489
0.000217419 -0.000442489 0.091087

-0.00192612 8.05592e-05 -0.00174239
8.05592e-05 -0.00142902 -0.000253159
-0.00174239 -0.000253159 0.0837534

-0.00285699 0.000115628 -0.00181237
0.000115628 -0.00285512 -0.00176624
-0.00181237 -0.00176624 0.0826689

-0.00318313 -0.000145718 0.00121796
-0.000145718 -0.00175305 -0.00247007
0.00121796 -0.00247007 0.0804699

-0.017609 -0.00196454 -0.0007311
-0.00196454 -0.0162527 -0.000233775
-0.0007311 -0.000233775 0.0414764

-0.000436739 -3.36303e-06 -0.000205919
-3.36303e-06 -0.000546563 -8.86086e-05
-0.000205919 -8.86086e-05 0.0896391

-0.00331059 0.000183547 0.00132734
0.000183547 -0.00209249 -0.00383768
0.00132734 -0.00383768 0.0826646

0.000351035 6.01734e-05 0.000847938
6.01734e-05 0.000620326 0.000117094
0.000847938 0.000117094 0.0926404

0.000237389 0.000173755 0.000788563
0.000173755 0.000405115 6.1194e-05
0.000788563 6.1194e-05 0.0935241

-0.0131148 -0.000972506 -0.000498631
-0.000972506 -0.0123233 -0.000134263
-0.000498631 -0.000134263 0.0600019

-0.0261054 -0.00115743 0.003295
-0.00115743 -0.0265914 -0.00121989
0.003295 -0.00121989 0.0330038

-0.000933746 -0.000174509 -0.000141652
-0.000174509 -0.000762938 0.000414565
-0.000141652 0.000414565 0.0862619

0.00170612 -0.000162714 -0.00170078
-0.000162714 0.000580052 -0.000276844
-0.00170078 -0.000276844 0.0885497

0.000243373 -0.000286531 -0.0030244
-0.000286531 7.08055e-05 0.00132072
-0.0030244 0.00132072 0.0889092

0.00051378 0.000177882 -0.00117294
0.000177882 -0.000625325 -0.000398589
-0.00117294 -0.000398589 0.0871172

-0.0214602 0.000255683 -0.00211476
0.000255683 -0.0211564 -6.94554e-06
-0.00211476 -6.94554e-06 0.0457644

-0.0109094 0.00213665 0.000852334
0.00213665 -0.0102151 -1.09574e-05
0.000852334 -1.09574e-05 0.0620836

-0.00115601 -0.000362459 2.82539e-05
-0.000362459 -0.00112985 -1.9712e-05
2.82539e-05 -1.9712e-05 0.0882523

0.00248324 0.00174658 0.00282195
0.00174658 0.00374983 0.00179463
0.00282195 0.00179463 0.086741

8.48027e-05 0.000322734 0.000280966
0.000322734 5.69703e-05 -0.000117382
0.000280966 -0.000117382 0.0881478

-0.0143146 -0.000330176 0.000841863
-0.000330176 -0.0145782 0.00406047
0.000841863 0.00406047 0.0570008

-6.52781e-05 -5.94591e-05 -0.00022558
-5.94591e-05 -2.56232e-05 -0.000727414
-0.00022558 -0.000727414 0.0901509

-0.00040593 8.61983e-06 -0.000196156
8.61983e-06 -0.000529678 -7.29911e-05
-0.000196156 -7.29911e-05 0.0896728

0.000381352 7.78094e-05 0.000646869
7.78094e-05 0.000586708 -0.000542021
0.000646869 -0.000542021 0.0944798

-0.016421 -0.00219563 -0.000602705
-0.00219563 -0.0103263 -0.000318228
-0.000602705 -0.000318228 0.0477191

0.000998058 4.11253e-05 -0.00591254
4.11253e-05 0.00145226 -0.00150008
-0.00591254 -0.00150008 0.0895393

-0.0238162 -0.00271791 -0.00273329
-0.00271791 -0.0167734 -0.000756484
-0.00273329 -0.000756484 0.0372673

-0.0174613 -9.36044e-05 -0.00131594
-9.36044e-05 -0.0155068 0.00659535
-0.00131594 0.00659535 0.0530384

-0.00429292 0.000229382 0.00727305
0.000229382 -0.00566096 0.000551522
0.00727305 0.000551522 0.0775048

-0.0122582 0.00155174 -0.0011846
0.00155174 -0.0114994 -0.00083784
-0.0011846 -0.00083784 0.0614906

0.00130719 -0.000160913 -0.00180888
-0.000160913 0.000353596 -0.000289153
-0.00180888 -0.000289153 0.088205

9.54601e-05 0.00105363 0.00162137
0.00105363 0.00163712 0.00129342
0.00162137 0.00129342 0.0851513

-0.0131237 0.00127838 0.00150287
0.00127838 -0.0127347 -0.00226462
0.00150287 -0.00226462 0.0585102

-0.00410615 0.000205239 0.00318281
0.000205239 -0.00453155 0.0022679
0.00318281 0.0022679 0.0797911

-0.00108754 -0.00018273 0.00143274
-0.00018273 0.000373223 -0.00280675
0.00143274 -0.00280675 0.0838699

-0.000933695 0.000468276 0.000382384
0.000468276 -0.00043564 -0.00193754
0.000382384 -0.00193754 0.0875625

-0.000442472 -2.51208e-05 -0.000880785
-2.51208e-05 -0.000547775 -0.000182602
-0.000880785 -0.000182602 0.0888365

0.003697 -0.000239855 -0.000986185
-0.000239855 0.00318647 -2.46171e-05
-0.000986185 -2.46171e-05 0.0961622

-0.000613835 0.000101407 -0.000177125
0.000101407 -0.000788652 -0.000775081
-0.000177125 -0.000775081 0.0892488

-0.00401329 9.18094e-05 0.00130137
9.18094e-05 -0.00318482 -0.00321432
0.00130137 -0.00321432 0.0818283

0.00105675 -0.000320031 -0.00410845
-0.000320031 0.000636821 0.00102455
-0.00410845 0.00102455 0.0901695

-0.00112515 -0.00170382 0.000922012
-0.00170382 -0.00317305 0.00124686
0.000922012 0.00124686 0.0808189

-0.0027337 -0.00034248 -0.0031998
-0.00034248 -0.00291481 0.00165236
-0.0031998 0.00165236 0.08371

-0.00282814 -0.000195099 0.00318325
-0.000195099 -0.0024606 0.00264829
0.00318325 0.00264829 0.0809442

-0.000388885 2.98347e-05 9.76275e-05
2.98347e-05 -0.000409809 -0.000483879
9.76275e-05 -0.000483879 0.088138

0.00157933 -0.000213538 -0.00174945
-0.000213538 0.000648522 -0.000359345
-0.00174945 -0.000359345 0.0885428

-0.00092246 0.000747776 -0.003276
0.000747776 -0.00214351 -0.00172967
-0.003276 -0.00172967 0.0823301

-0.000679065 5.45611e-06 -0.00112381
5.45611e-06 -0.000746389 -0.00050168
-0.00112381 -0.00050168 0.0872351

0.000249325 -8.20773e-05 -3.94709e-05
-8.20773e-05 -0.000973488 0.000310783
-3.94709e-05 0.000310783 0.0773706

-0.00654953 -0.000143394 -0.00127297
-0.000143394 -0.00457331 0.000390031
-0.00127297 0.000390031 0.0697568

-0.0191324 -0.000943761 -0.00237829
-0.000943761 -0.0209644 -0.000589954
-0.00237829 -0.000589954 0.0480783

-0.0204778 0.000423375 -5.10773e-05
0.000423375 -0.0186992 0.00203526
-5.10773e-05 0.00203526 0.0482754

-0.00149023 -0.000273565 -4.79728e-05
-0.000273565 -0.00157695 -0.00120132
-4.79728e-05 -0.00120132 0.0872657

0.00163224 0.000217212 0.00190887
0.000217212 0.00109744 -0.00057961
0.00190887 -0.00057961 0.0900812

0.000497489 -0.000438347 -0.000315347
-0.000438347 0.000811413 -0.000140575
-0.000315347 -0.000140575 0.0901119

0.000724406 7.40544e-05 -0.000239528
7.40544e-05 0.00078864 -0.000310084
-0.000239528 -0.000310084 0.0920038

-0.014693 -0.000683682 0.00156335
-0.000683682 -0.0152971 -0.000403471
0.00156335 -0.000403471 0.0536649

-0.0181643 -0.00184767 0.000956077
-0.00184767 -0.018579 -0.000417772
0.000956077 -0.000417772 0.046537

-0.000626474 0.000903786 0.00231515
0.000903786 -0.0013766 0.00122341
0.00231515 0.00122341 0.0840937

-0.000780322 -0.000214912 0.000946385
-0.000214912 -0.00133192 0.000503123
0.000946385 0.000503123 0.0855484

-0.000688053 1.05759e-05 -0.000143134
1.05759e-05 -0.000582875 -0.000209437
-0.000143134 -0.000209437 0.0887038

-0.000462857 0.000183951 0.000228988
0.000183951 -0.000180188 -0.000533119
0.000228988 -0.000533119 0.090275

4.78306e-05 7.04471e-05 -0.000134447
7.04471e-05 8.98748e-05 -0.000298216
-0.000134447 -0.000298216 0.0893474

-0.000677005 0.000168996 0.000188017
0.000168996 -0.00049606 -0.000458887
0.000188017 -0.000458887 0.0886841

-0.00209701 -0.000224839 0.000588111
-0.000224839 -0.00321356 1.31767e-05
0.000588111 1.31767e-05 0.083074

-0.00581983 -4.14529e-06 -0.00201433
-4.14529e-06 -0.00116062 0.00200838
-0.00201433 0.00200838 0.0755197

-0.0132151 -0.000752625 -0.000273522
-0.000752625 -0.0135841 -0.00154943
-0.000273522 -0.00154943 0.0567701

-0.000780364 -0.000333509 -0.00292104
-0.000333509 -0.00130988 0.000713877
-0.00292104 0.000713877 0.0848328

-0.00207297 4.76075e-06 -9.78616e-05
4.76075e-06 -0.00198489 0.000112354
-9.78616e-05 0.000112354 0.0852808

-0.000674503 1.29897e-06 -1.36096e-05
1.29897e-06 -0.000224531 -0.000117265
-1.36096e-05 -0.000117265 0.0890474

-0.0151233 0.00100474 0.000721739
0.00100474 -0.0148089 -0.000157023
0.000721739 -0.000157023 0.0587749

-0.0181455 0.000572978 -0.00600981
0.000572978 -0.0174158 -0.00130095
-0.00600981 -0.00130095 0.0593953

0.000187115 -0.000330538 0.00429844
-0.000330538 -0.000798281 -0.00246178
0.00429844 -0.00246178 0.0872813

0.000732339 -0.000231036 0.00113354
-0.000231036 0.000151117 -0.000857126
0.00113354 -0.000857126 0.0881026

-0.00226809 0.000148011 9.61699e-05
0.000148011 -0.00208117 -8.60171e-05
9.61699e-05 -8.60171e-05 0.0855782

-0.000720935 -0.000347955 -0.00247851
-0.000347955 -0.00192448 0.00125201
-0.00247851 0.00125201 0.084704

-0.000769791 0.00022612 7.15489e-05
0.00022612 -0.000865437 0.000200754
7.15489e-05 0.000200754 0.0891629

6.28991e-05 -9.36513e-05 0.000163574
-9.36513e-05 -0.000108473 -5.54866e-05
0.000163574 -5.54866e-05 0.0903296

0.000182284 -1.25783e-05 0.00464444
-1.25783e-05 0.000128203 -0.00339017
0.00464444 -0.00339017 0.0872457

-0.00457788 -0.000279572 -0.00152304
-0.000279572 -0.0042634 0.00185759
-0.00152304 0.00185759 0.0803976

-0.000804497 5.7155e-05 -0.000878486
5.7155e-05 -0.00108685 -0.000168558
-0.000878486 -0.000168558 0.0889145

0.000629166 -0.000402504 0.000559957
-0.000402504 0.000603248 -0.000289254
0.000559957 -0.000289254 0.0896548

-0.000539679 -0.000111383 0.00373936
-0.000111383 -0.00108943 -0.00241214
0.00373936 -0.00241214 0.0874455

-0.00137198 7.68258e-05 0.00402881
7.68258e-05 -0.00110908 -0.00309173
0.00402881 -0.00309173 0.0854893

0.000189243 5.25388e-06 0.00017236
5.25388e-06 0.000126495 -0.000176098
0.00017236 -0.000176098 0.0895542

-0.000443747 1.79376e-05 4.49315e-05
1.79376e-05 -0.000587171 0.000307959
4.49315e-05 0.000307959 0.0889886

-0.00141198 6.33032e-05 0.000627695
6.33032e-05 -0.00118411 0.000391106
0.000627695 0.000391106 0.0862282

-0.00058023 -7.75924e-05 0.00014485
-7.75924e-05 -0.00065163 0.000383986
0.00014485 0.000383986 0.0882747

-0.00408885 -0.000487347 0.002582
-0.000487347 -0.00430199 -0.00107677
0.002582 -0.00107677 0.0802495

0.000228001 -1.0956e-10 3.07575e-05
-1.0956e-10 0.000228002 -9.89862e-05
3.07575e-05 -9.89862e-05 0.0895806

0.00173833 0.000139898 0.00146765
0.000139898 0.00148401 -0.000228336
0.00146765 -0.000228336 0.0933825

0.000704675 3.39077e-05 0.00110385
3.39077e-05 0.000509624 -0.00126323
0.00110385 -0.00126323 0.0902358

0.00456197 -5.20214e-05 -0.00176309
-5.20214e-05 0.00436311 -0.000412307
-0.00176309 -0.000412307 0.101864

0.00285947 -0.000124369 -0.000637565
-0.000124369 0.00325617 -0.00398964
-0.000637565 -0.00398964 0.100223

-0.000689863 -9.85031e-05 0.000386433
-9.85031e-05 -0.000882212 -0.00387911
0.000386433 -0.00387911 0.0861274

-0.00058556 -5.77672e-05 -0.00435035
-5.77672e-05 -0.00072877 0.000991667
-0.00435035 0.000991667 0.0870095

-0.000345885 -0.000423298 0.00029159
-0.000423298 0.000448135 -0.000536685
0.00029159 -0.000536685 0.0882229

-0.000121901 -8.38046e-05 5.62002e-06
-8.38046e-05 -2.15092e-05 -0.000786792
5.62002e-06 -0.000786792 0.0884468

-0.00374205 2.32378e-05 -0.00437051
2.32378e-05 -0.00360995 -0.000660929
-0.00437051 -0.000660929 0.082178

-0.00217841 -0.000486736 0.00253838
-0.000486736 -0.00106288 6.17584e-05
0.00253838 6.17584e-05 0.0793558

-0.000940831 0.000110538 -0.00169356
0.000110538 -0.00143317 0.00113472
-0.00169356 0.00113472 0.0843189

-0.000653027 8.04946e-05 0.000164277
8.04946e-05 -0.000378452 1.26375e-05
0.000164277 1.26375e-05 0.0907805

-0.000327027 0.00100916 -0.00462449
0.00100916 -0.00184606 -0.00169675
-0.00462449 -0.00169675 0.0825696

0.0011333 0.000141941 -0.000277514
0.000141941 8.13065e-06 0.00243345
-0.000277514 0.00243345 0.0973475

0.00133475 0.000209804 -0.000685965
0.000209804 0.00100554 0.00323106
-0.000685965 0.00323106 0.0982187

0.0031266 1.257e-05 -0.00399596
1.257e-05 0.00253181 -0.00124434
-0.00399596 -0.00124434 0.0913539

0.0028806 0.000176468 -0.00283005
0.000176468 0.00291948 -0.00254633
-0.00283005 -0.00254633 0.0954846

0.00346518 -0.000712992 0.00279199
-0.000712992 0.00264238 -0.00162064
0.00279199 -0.00162064 0.0916835

-0.00337502 -0.000814847 0.00140687
-0.000814847 -0.00202671 2.27362e-05
0.00140687 2.27362e-05 0.0778989

-0.00476627 -4.63313e-06 0.000864958
-4.63313e-06 -0.00506167 0.00157714
0.000864958 0.00157714 0.078421

0.00175889 2.08871e-06 -0.00321601
2.08871e-06 0.00171516 0.00393038
-0.00321601 0.00393038 0.0923173

0.00442277 0.000208313 0.00236357
0.000208313 0.00298065 -0.00329184
0.00236357 -0.00329184 0.0920208

0.00115676 0.000225473 0.00302742
0.000225473 0.00118642 0.00437625
0.00302742 0.00437625 0.0906101

0.00253416 0.000588487 0.000466914
0.000588487 0.0010016 0.000317369
0.000466914 0.000317369 0.0893409

0.0026728 0.000156653 0.00249921
0.000156653 0.00189716 -0.00194191
0.00249921 -0.00194191 0.0884437

-2.68997e-05 0.000222885 -0.00330144
0.000222885 -0.000418192 -0.00370208
-0.00330144 -0.00370208 0.0877382

0.00143741 -0.000239367 -0.000609506
-0.000239367 0.00130582 -0.0060813
-0.000609506 -0.0060813 0.0920312

0.000403561 0.000154026 0.00273635
0.000154026 0.00135008 0.00523366
0.00273635 0.00523366 0.0879768

0.000455316 0.000314695 0.00276237
0.000314695 0.0013716 0.00404755
0.00276237 0.00404755 0.0886055

-0.000453182 0.000308783 0.00246724
0.000308783 0.00110884 0.00557105
0.00246724 0.00557105 0.086155

-0.00598215 0.000180472 0.00173328
0.000180472 -0.00479176 0.00311053
0.00173328 0.00311053 0.0783277

-0.000662225 0.000234733 0.00259946
0.000234733 0.000160321 0.00369432
0.00259946 0.00369432 0.0865004

0.00335086 0.000677891 -0.00395756
0.000677891 0.00344331 -0.00571791
-0.00395756 -0.00571791 0.0932167

-0.00223348 -0.000105062 4.00823e-05
-0.000105062 -0.00178941 0.00250308
4.00823e-05 0.00250308 0.0840855

-0.00574848 -5.77287e-05 0.00218067
-5.77287e-05 -0.00693125 -0.00217997
0.00218067 -0.00217997 0.0729272

-0.00427859 5.48623e-05 -0.00156386
5.48623e-05 -0.00297257 -0.00360061
-0.00156386 -0.00360061 0.0802113

-0.00124894 -1.42434e-05 -0.00151362
-1.42434e-05 -0.00124726 0.00287966
-0.00151362 0.00287966 0.086288

-0.000192878 9.41696e-06 -3.0825e-05
9.41696e-06 -0.0004582 0.000162688
-3.0825e-05 0.000162688 0.0891648

-0.000446417 3.23644e-06 0.000134527
3.23644e-06 -0.000676155 -3.21075e-05
0.000134527 -3.21075e-05 0.0910574

-9.2443e-05 0.000492919 -0.00597418
0.000492919 -0.0016197 -0.00178545
-0.00597418 -0.00178545 0.0836835

-0.00245829 -8.70354e-05 -0.000832884
-8.70354e-05 -0.00447564 0.00123132
-0.000832884 0.00123132 0.0779005

-0.00305788 -0.000772356 0.00240089
-0.000772356 -0.0021944 -0.00370579
0.00240089 -0.00370579 0.08091

-0.00380418 -0.000945353 9.6475e-05
-0.000945353 -0.0039129 -0.000517379
9.6475e-05 -0.000517379 0.0799875

-0.000564105 -0.000103066 0.000172606
-0.000103066 -0.000614227 0.000359114
0.000172606 0.000359114 0.0884741

-0.000325051 9.11512e-05 -2.49181e-05
9.11512e-05 -0.000201046 -0.000194691
-2.49181e-05 -0.000194691 0.089023

-0.000100219 0.000384948 -0.00601468
0.000384948 -0.00138861 -0.00164936
-0.00601468 -0.00164936 0.0839711

-5.81815e-05 -4.49841e-05 1.51848e-05
-4.49841e-05 -0.00017131 -0.000205351
1.51848e-05 -0.000205351 0.0881169

-0.000121691 -0.000439804 -0.00349527
-0.000439804 6.38551e-05 0.00352223
-0.00349527 0.00352223 0.0869245

0.000345789 -0.000314363 -0.00390715
-0.000314363 0.000968981 0.00326688
-0.00390715 0.00326688 0.0879432

-0.00225147 -0.000184415 0.000306082
-0.000184415 -0.00209346 3.86833e-05
0.000306082 3.86833e-05 0.0844922

-0.000476549 1.38889e-05 0.000150087
1.38889e-05 -0.000636295 -0.000105322
0.000150087 -0.000105322 0.0881361

0.00187624 -0.000109352 -0.00525503
-0.000109352 0.00115978 -0.00122101
-0.00525503 -0.00122101 0.0894392

0.00125254 0.00039849 -0.00306496
0.00039849 -0.000194625 -0.00132864
-0.00306496 -0.00132864 0.0871101

-0.000201903 -0.000127983 -0.00467308
-0.000127983 -0.00151804 0.000836205
-0.00467308 0.000836205 0.0840161

-0.00151835 0.000104236 -0.000291932
0.000104236 -0.00162019 0.000232627
-0.000291932 0.000232627 0.0862629

0.00105851 -3.07375e-05 -9.20774e-05
-3.07375e-05 0.0016212 -0.000105039
-9.20774e-05 -0.000105039 0.0900591

5.70415e-05 0.000168732 -0.00631915
0.000168732 -0.00017337 -0.00122796
-0.00631915 -0.00122796 0.0862641

-0.0018202 0.000162992 0.00051448
0.000162992 -0.00162243 0.000243177
0.00051448 0.000243177 0.086896

-0.000752611 -5.69709e-06 -4.55608e-05
-5.69709e-06 -0.0010273 0.000752242
-4.55608e-05 0.000752242 0.0900613

0.000387163 -0.000138665 -0.000234239
-0.000138665 0.000342396 5.01462e-06
-0.000234239 5.01462e-06 0.0897154

0.00123019 6.80869e-05 -0.00123735
6.80869e-05 0.000351385 0.000338019
-0.00123735 0.000338019 0.0899565

0.000251194 -0.000132387 -0.000310887
-0.000132387 0.000330121 -0.00193145
-0.000310887 -0.00193145 0.0925844

-0.00263202 -0.000337829 -0.00257645
-0.000337829 -0.00301776 0.00144749
-0.00257645 0.00144749 0.0822333

-0.00195236 -2.61484e-06 -0.00207653
-2.61484e-06 -0.00227744 0.00182042
-0.00207653 0.00182042 0.0821617

-4.77568e-05 -8.51454e-05 0.000124141
-8.51454e-05 -0.000198519 0.000467177
0.000124141 0.000467177 0.0914638

-0.00305097 -0.000330846 -0.00250792
-0.000330846 -0.00218813 0.00301076
-0.00250792 0.00301076 0.0830171

0.000412895 -0.000588531 -0.00274397
-0.000588531 7.67997e-05 0.00219188
-0.00274397 0.00219188 0.0875164

-0.004089 0.000267681 -0.000612464
0.000267681 -0.00349261 0.00281609
-0.000612464 0.00281609 0.0811477

-0.00152124 -0.000391785 0.00128787
-0.000391785 -0.00226291 0.00202876
0.00128787 0.00202876 0.0834739

-0.00301486 -3.14657e-05 -0.000702787
-3.14657e-05 -0.00199993 0.00300491
-0.000702787 0.00300491 0.0826166

-0.000305536 -2.91485e-05 0.000271378
-2.91485e-05 -0.000346147 -0.000236118
0.000271378 -0.000236118 0.0896881

-0.000458831 -7.10466e-05 -0.00036072
-7.10466e-05 -0.000597176 7.28826e-05
-0.00036072 7.28826e-05 0.0884173

-0.00307594 0.000585944 -0.00370678
0.000585944 -0.00315545 -0.000884151
-0.00370678 -0.000884151 0.0807841

-0.00186162 -3.30436e-05 -0.00127703
-3.30436e-05 -0.00339936 -0.000454789
-0.00127703 -0.000454789 0.0803715

-0.00104453 5.35509e-05 0.000300441
5.35509e-05 -0.00080562 -8.92421e-05
0.000300441 -8.92421e-05 0.08837

-0.00253568 -0.000719945 -0.00153169
-0.000719945 -0.00180427 0.00090862
-0.00153169 0.00090862 0.0830341

-0.00289532 -0.000534603 -0.00015255
-0.000534603 -0.00352737 0.000797996
-0.00015255 0.000797996 0.0813259

-0.000955825 0.000112583 -0.00267905
0.000112583 -0.000924874 -6.02211e-06
-0.00267905 -6.02211e-06 0.0872294

0.00110493 -3.47262e-05 -0.000601128
-3.47262e-05 0.00119418 -0.000931238
-0.000601128 -0.000931238 0.0919288

0.000460484 -6.73023e-05 -0.000656308
-6.73023e-05 -0.000343566 0.000867696
-0.000656308 0.000867696 0.0875921

-0.00154616 7.82482e-06 0.00111062
7.82482e-06 -0.000993513 0.000769726
0.00111062 0.000769726 0.0862545

-0.00121147 -0.000101285 -0.00022085
-0.000101285 -0.00107458 0.000490582
-0.00022085 0.000490582 0.0859066

-0.000744538 6.53671e-05 0.000200195
6.53671e-05 -0.000535402 -0.000115556
0.000200195 -0.000115556 0.0891476

-0.000524477 -8.78826e-05 -0.000401534
-8.78826e-05 -0.000550601 0.000122126
-0.000401534 0.000122126 0.0890108

-0.000736891 1.28632e-11 -4.42153e-05
1.28632e-11 -0.000736891 -8.08436e-06
-4.42153e-05 -8.08436e-06 0.087514

-0.00345958 -4.5652e-05 0.000690196
-4.5652e-05 -0.00336068 0.000303357
0.000690196 0.000303357 0.0836018

0.000867031 0.000154353 -0.00262131
0.000154353 0.000928017 -0.00149005
-0.00262131 -0.00149005 0.0917478

-0.000946981 -0.000452771 0.000511126
-0.000452771 -0.00207136 -0.000272047
0.000511126 -0.000272047 0.083805

-0.000927067 -0.00060798 0.00199694
-0.00060798 -0.00109528 0.0043498
0.00199694 0.0043498 0.0863385

-0.00336303 -0.000109399 0.00162607
-0.000109399 -0.00305708 -0.000428074
0.00162607 -0.000428074 0.0838693

-0.00268777 0.000321908 0.00118416
0.000321908 -0.00317483 0.000381621
0.00118416 0.000381621 0.0828605

-0.00107905 -0.000113527 0.000874055
-0.000113527 -0.0015748 0.000294214
0.000874055 0.000294214 0.0855972

-0.00386213 -0.000499492 0.00037992
-0.000499492 -0.0037402 0.000121761
0.00037992 0.000121761 0.0819041

0.000810385 -9.61555e-05 0.00103074
-9.61555e-05 0.000706688 -0.00153902
0.00103074 -0.00153902 0.0887658

-0.00214383 0.000242911 0.00110083
0.000242911 -0.00221603 0.00135488
0.00110083 0.00135488 0.0833201

0.000335029 -2.3627e-05 -2.54026e-05
-2.3627e-05 0.0004913 -0.000430696
-2.54026e-05 -0.000430696 0.0891586

-0.000736891 1.28632e-11 -4.42153e-05
1.28632e-11 -0.000736891 -8.08436e-06
-4.42153e-05 -8.08436e-06 0.087514

-0.00197626 0.000512575 0.0017086
0.000512575 -0.00111391 0.00179646
0.0017086 0.00179646 0.0847517

-0.000677711 3.95339e-06 0.00120076
3.95339e-06 -0.000363682 -0.000893791
0.00120076 -0.000893791 0.0879753

-0.00290791 -0.000205684 -0.000371481
-0.000205684 -0.00236926 0.00236879
-0.000371481 0.00236879 0.0835182

0.00029732 -7.47306e-05 0.0003229
-7.47306e-05 0.000252125 -8.22234e-05
0.0003229 -8.22234e-05 0.0894281

-0.00451806 -0.000685655 0.00191376
-0.000685655 -0.00260434 -0.00197895
0.00191376 -0.00197895 0.0804606

0.00358851 -0.000179314 -0.00314959
-0.000179314 0.00457684 0.0041489
-0.00314959 0.0041489 0.096471

-0.00391183 0.000339358 0.00224568
0.000339358 -0.003696 0.00221133
0.00224568 0.00221133 0.0804223

7.67443e-05 0.000222292 0.00208588
0.000222292 0.000780671 0.00195115
0.00208588 0.00195115 0.0870431

-0.0038485 -0.000806331 -0.00368411
-0.000806331 -0.00272611 0.00526404
-0.00368411 0.00526404 0.0791217

-0.00366826 -0.000845138 -0.00513453
-0.000845138 -0.00387423 0.00354977
-0.00513453 0.00354977 0.0788816

-0.00243723 9.7553e-05 0.00348008
9.7553e-05 -0.00392481 -0.000586321
0.00348008 -0.000586321 0.0805525

-0.000326416 0.000117605 9.75357e-05
0.000117605 -0.000236262 -0.000172514
9.75357e-05 -0.000172514 0.0893931

-0.00271067 -0.000445399 0.00121677
-0.000445399 -0.000717981 -0.00334234
0.00121677 -0.00334234 0.0819918

0.000632249 0.000727784 -0.00434335
0.000727784 0.000593286 -0.00142903
-0.00434335 -0.00142903 0.0866435

0.00297086 -0.000281466 -0.00439755
-0.000281466 0.00234916 -0.00168785
-0.00439755 -0.00168785 0.0945223

-0.0204841 0.00304856 0.000617265
0.00304856 -0.019854 -2.75905e-05
0.000617265 -2.75905e-05 0.0399866

0.00341733 -0.000251844 -0.00415575
-0.000251844 0.00347392 0.00297341
-0.00415575 0.00297341 0.096209

0.000811133 8.47782e-05 -0.00169973
8.47782e-05 9.28399e-05 -0.000186768
-0.00169973 -0.000186768 0.088279

0.000300996 -0.000737602 0.00228276
-0.000737602 0.000677019 -0.00333048
0.00228276 -0.00333048 0.0874042

-0.00178024 -0.000472822 0.00117196
-0.000472822 -0.00168114 -0.00181482
0.00117196 -0.00181482 0.0847211

-0.0018699 -0.000620628 0.000951602
-0.000620628 -0.00108354 -0.00300928
0.000951602 -0.00300928 0.0838826

-0.00272778 -0.000113578 0.00108494
-0.000113578 0.000117859 -0.00316711
0.00108494 -0.00316711 0.0844992

-0.00112232 9.35059e-05 0.00205876
9.35059e-05 -0.0014965 0.0023406
0.00205876 0.0023406 0.0864921

0.000282863 2.78981e-05 -0.000205887
2.78981e-05 0.000560543 0.00041998
-0.000205887 0.00041998 0.0891013

-0.00236991 0.000156389 0.00396157
0.000156389 -0.0036391 0.00146457
0.00396157 0.00146457 0.0821536

0.000218626 0.00099918 -0.00775749
0.00099918 0.000359997 -0.000590634
-0.00775749 -0.000590634 0.0921396

0.00257511 -0.000274538 0.00558085
-0.000274538 0.00116726 -0.00120764
0.00558085 -0.00120764 0.0889676

0.00240818 -0.000679225 0.00496636
-0.000679225 0.00243003 -0.0033744
0.00496636 -0.0033744 0.08992

-0.00134623 -0.000312454 0.00184491
-0.000312454 -0.0012081 -0.00308729
0.00184491 -0.00308729 0.0848134

-0.0214702 0.000688888 0.00585149
0.000688888 -0.0224319 0.0024406
0.00585149 0.0024406 0.0430639

0.00216935 0.000299552 0.0052774
0.000299552 0.00161893 0.00297251
0.0052774 0.00297251 0.0906365

-0.000904609 0.000114712 7.49154e-05
0.000114712 -0.00108801 0.000626183
7.49154e-05 0.000626183 0.0894069

0.000710917 -5.53722e-05 0.000840261
-5.53722e-05 0.000962646 -0.00200938
0.000840261 -0.00200938 0.0929259

-0.00226015 0.000491515 -0.000299768
0.000491515 -0.00168092 -0.000405182
-0.000299768 -0.000405182 0.0832828

0.000806787 -0.000160147 0.000909395
-0.000160147 0.00254727 0.00440099
0.000909395 0.00440099 0.0921171

0.000797116 0.000448636 -0.000924705
0.000448636 0.000198691 -0.00194251
-0.000924705 -0.00194251 0.089764

0.000467027 -5.8771e-05 0.00562643
-5.8771e-05 -0.000914953 -0.000394037
0.00562643 -0.000394037 0.0861574

-0.0028006 -0.000192919 0.00347737
-0.000192919 -0.00294579 -0.00296611
0.00347737 -0.00296611 0.0813325

-0.00127175 -0.000616433 0.00204372
-0.000616433 -0.00057662 -0.00343664
0.00204372 -0.00343664 0.0865745

-0.00232025 0.000117681 0.00387506
0.000117681 -0.00279828 -0.00228464
0.00387506 -0.00228464 0.0814555

-0.00111703 -0.000443096 0.00144014
-0.000443096 -0.000223408 -0.00437055
0.00144014 -0.00437055 0.0858234

0.00485484 -8.47059e-05 0.00207736
-8.47059e-05 0.00521625 -0.00352181
0.00207736 -0.00352181 0.100908

-0.000463471 -0.000296709 0.00583796
-0.000296709 0.000378319 0.00337275
0.00583796 0.00337275 0.0877895

0.000477275 0.000264633 0.00609725
0.000264633 -2.56536e-05 0.0020279
0.00609725 0.0020279 0.0868924

-0.0019981 0.000460947 0.00166455
0.000460947 -0.0018959 0.00240022
0.00166455 0.00240022 0.0846595

-0.00157911 0.000445827 -0.000248698
0.000445827 -0.00137513 -0.00248343
-0.000248698 -0.00248343 0.0850146

-0.00125198 0.000198233 0.00269969
0.000198233 -0.000282782 0.00520617
0.00269969 0.00520617 0.0850462

-0.000884971 -0.000204756 0.000799327
-0.000204756 -0.000773798 -0.000361237
0.000799327 -0.000361237 0.0891412

-0.000413347 -5.53792e-05 -0.000368404
-5.53792e-05 -8.97534e-05 0.000268082
-0.000368404 0.000268082 0.0882488

0.000240019 7.0066e-05 1.4495e-05
7.0066e-05 0.000297867 -0.000440601
1.4495e-05 -0.000440601 0.0900027

-0.000743991 0.000566425 0.00300968
0.000566425 -5.48658e-05 0.00546134
0.00300968 0.00546134 0.086217

-0.000363956 -0.000118034 0.00224751
-0.000118034 0.000687807 0.00570397
0.00224751 0.00570397 0.0878249

-0.000720805 9.56672e-05 0.00355374
9.56672e-05 -0.00151549 0.00326782
0.00355374 0.00326782 0.0819799

-7.82342e-05 0.000135485 0.00346131
0.000135485 -0.000121389 0.00338801
0.00346131 0.00338801 0.0877875

-0.000717808 9.33237e-05 0.000137616
9.33237e-05 -0.000546523 -0.000104201
0.000137616 -0.000104201 0.0886122

-0.000407831 -7.06205e-06 0.000154107
-7.06205e-06 -0.000459881 0.00013929
0.000154107 0.00013929 0.0902726

-0.00314074 -0.000150309 0.00254006
-0.000150309 -0.0034875 0.00145743
0.00254006 0.00145743 0.0822849

-0.00262592 -0.00051267 0.00210701
-0.00051267 -0.00319373 0.00494563
0.00210701 0.00494563 0.0830479

0.0050588 -7.85277e-05 0.00225747
-7.85277e-05 0.00790088 0.00374074
0.00225747 0.00374074 0.0959773

0.00392864 -0.000325414 0.00157791
-0.000325414 0.00543691 0.00272682
0.00157791 0.00272682 0.0914429

-0.000767075 -7.01046e-05 -0.000149903
-7.01046e-05 -0.000898793 -0.000767148
-0.000149903 -0.000767148 0.0883255

-0.000863689 0.000283447 0.000313545
0.000283447 -0.000667686 -2.5581e-05
0.000313545 -2.5581e-05 0.0872429

-0.000737821 0.000507052 0.000343794
0.000507052 -0.000402491 0.00241603
0.000343794 0.00241603 0.0879451

0.000911146 -0.000610676 0.0018587
-0.000610676 0.00116043 -0.00366595
0.0018587 -0.00366595 0.0888878

-0.000692675 -0.000104165 -7.04439e-05
-0.000104165 -0.00140614 -0.000300946
-7.04439e-05 -0.000300946 0.0880102

-0.00149621 0.000200573 0.00343171
0.000200573 -0.00128854 0.0031818
0.00343171 0.0031818 0.0850959

-0.000975917 4.16236e-05 -0.000444153
4.16236e-05 -0.000898798 0.000552967
-0.000444153 0.000552967 0.0889156

-0.00166602 0.000674289 -0.00564108
0.000674289 -0.000200194 -0.00141095
-0.00564108 -0.00141095 0.0915054

-0.000413174 6.14821e-05 -0.000728735
6.14821e-05 -0.000626024 8.59138e-05
-0.000728735 8.59138e-05 0.0902252

-0.000256304 -0.000184051 0.000926607
-0.000184051 0.00137928 0.00472628
0.000926607 0.00472628 0.0891429

-0.0013961 -7.10932e-05 -0.000458892
-7.10932e-05 -0.00099536 0.00262015
-0.000458892 0.00262015 0.0858456

-0.000266016 0.000363117 0.00260064
0.000363117 -0.000320302 0.00286466
0.00260064 0.00286466 0.0862701

0.0028768 -0.00107545 0.000725608
-0.00107545 0.0064199 -0.00469489
0.000725608 -0.00469489 0.0823213

0.000226064 0.000588541 0.00194863
0.000588541 -0.000881078 0.00092769
0.00194863 0.00092769 0.0841163

0.00295926 -0.000119931 0.00200609
-0.000119931 0.00287346 -0.000388633
0.00200609 -0.000388633 0.0933203

0.00247888 0.000145588 0.0022241
0.000145588 0.00228286 -3.70047e-05
0.0022241 -3.70047e-05 0.0950615

0.00258002 -1.68004e-05 0.00235393
-1.68004e-05 0.00198283 -0.000797618
0.00235393 -0.000797618 0.092656

0.00205041 -0.000185602 0.00219847
-0.000185602 0.00164374 0.000240851
0.00219847 0.000240851 0.0950454

0.00107156 -7.07482e-05 0.00055537
-7.07482e-05 0.00102519 -0.00394656
0.00055537 -0.00394656 0.089383

0.00144677 -0.000158064 0.00255933
-0.000158064 0.00071851 -0.000351348
0.00255933 -0.000351348 0.0901726

-0.000555381 3.29562e-05 -0.000203019
3.29562e-05 -0.000739124 0.000153376
-0.000203019 0.000153376 0.0888263

-0.000626392 -8.65154e-05 0.000165986
-8.65154e-05 -0.000705665 0.000400541
0.000165986 0.000400541 0.0881525

0.00147666 0.000193693 0.00328559
0.000193693 0.00186319 -0.00304554
0.00328559 -0.00304554 0.0925868

-0.00115152 6.494e-06 0.000258191
6.494e-06 -0.000798143 -7.28502e-05
0.000258191 -7.28502e-05 0.088662

-0.001041 -4.78464e-05 0.000306349
-4.78464e-05 -0.000699154 -4.37361e-05
0.000306349 -4.37361e-05 0.0898124

0.000340018 0.000360767 -0.00193798
0.000360767 -0.000136789 -0.00065236
-0.00193798 -0.00065236 0.0883483

0.00160999 0.000121084 0.00357404
0.000121084 0.00125227 0.00136291
0.00357404 0.00136291 0.0895801

0.000816206 1.53855e-05 0.00465535
1.53855e-05 -0.000215239 -0.00188511
0.00465535 -0.00188511 0.0888651

-0.000545306 -0.000260013 0.00500387
-0.000260013 -0.000919962 -0.00148627
0.00500387 -0.00148627 0.086227

-0.00233542 1.22834e-05 -0.0022953
1.22834e-05 -0.00355382 -0.00102236
-0.0022953 -0.00102236 0.0825972

-0.0021988 0.000467147 -0.00125511
0.000467147 -0.00161727 0.00040105
-0.00125511 0.00040105 0.0833001

0.000515824 -0.000593427 -0.00110144
-0.000593427 0.00134051 0.00424458
-0.00110144 0.00424458 0.0890334

-0.00341027 -1.20958e-05 0.00023111
-1.20958e-05 -0.00335927 -0.00311723
0.00023111 -0.00311723 0.0818697

0.000791147 -0.000574266 -0.00100697
-0.000574266 0.00176596 0.00390382
-0.00100697 0.00390382 0.089431

-0.00187226 -0.000180343 0.000233036
-0.000180343 -0.00212226 -0.00231481
0.000233036 -0.00231481 0.0840289

-0.00300116 0.000728623 -0.00403538
0.000728623 -0.00320678 -0.00409512
-0.00403538 -0.00409512 0.0807703

-0.00176851 0.000159532 0.000366747
0.000159532 -0.00158833 -0.00248563
0.000366747 -0.00248563 0.0840848

0.000120315 5.74933e-05 0.000703831
5.74933e-05 -0.000152728 -7.64346e-06
0.000703831 -7.64346e-06 0.090532

0.000639738 0.000103432 -0.000335089
0.000103432 0.000826515 -0.00152113
-0.000335089 -0.00152113 0.090672

2.24758e-05 -4.70247e-05 0.000310242
-4.70247e-05 2.3549e-06 -0.000714724
0.000310242 -0.000714724 0.0893198

-0.000649015 0.000117982 0.000162345
0.000117982 -0.000481935 -0.000157849
0.000162345 -0.000157849 0.0891884

-0.00323685 -0.000172886 0.00103885
-0.000172886 -0.00328331 -0.00260312
0.00103885 -0.00260312 0.0822012

-0.000388872 -0.000324736 0.00159794
-0.000324736 -2.35056e-05 -0.00348314
0.00159794 -0.00348314 0.0877247

-0.000298485 7.77251e-06 0.00046755
7.77251e-06 -0.000370834 -0.000296902
0.00046755 -0.000296902 0.0897522

-0.00394829 0.000145723 0.0013285
0.000145723 -0.00318372 -0.00275422
0.0013285 -0.00275422 0.081704

-0.000972049 0.000133538 0.000263938
0.000133538 -0.000773267 -0.000187528
0.000263938 -0.000187528 0.0883424

-0.00123397 0.000170978 -0.000916677
0.000170978 -0.00159721 -0.000253896
-0.000916677 -0.000253896 0.0858128

-0.000234025 0.000629534 0.0025084
0.000629534 -0.0010129 0.000772861
0.0025084 0.000772861 0.086231

-0.000370631 0.000179373 0.000528931
0.000179373 -0.00106735 0.000928305
0.000528931 0.000928305 0.0878616

-0.00257576 0.000181269 -0.00190608
0.000181269 -0.00279462 -0.000555696
-0.00190608 -0.000555696 0.0838727

-0.0051486 -8.76629e-05 -0.000385229
-8.76629e-05 -0.00515019 -0.00316985
-0.000385229 -0.00316985 0.0788584

-0.000950466 -0.000438 -0.00153308
-0.000438 -0.0012884 0.00301579
-0.00153308 0.00301579 0.0848875

-0.000682354 4.76802e-05 -0.00025965
4.76802e-05 -0.000757109 0.000453607
-0.00025965 0.000453607 0.0894103

-0.00199539 -0.000293815 -0.000935393
-0.000293815 -0.00128088 0.0033218
-0.000935393 0.0033218 0.0842127

-0.00206912 -0.00027822 -0.00277476
-0.00027822 -0.00331763 -0.000301407
-0.00277476 -0.000301407 0.0823815

-0.000727821 4.75623e-05 0.000590235
4.75623e-05 -0.000968639 -0.000279669
0.000590235 -0.000279669 0.0875893

-0.00278461 0.000194345 -0.000479531
0.000194345 -0.00261341 -0.00150781
-0.000479531 -0.00150781 0.0829694

-0.000996097 -7.69436e-05 -1.17447e-05
-7.69436e-05 -0.000774728 0.00020057
-1.17447e-05 0.00020057 0.0912017

0.00260264 0.000212883 -0.00398612
0.000212883 0.00127889 -0.000149776
-0.00398612 -0.000149776 0.0928676

0.000129603 3.93054e-05 0.00061265
3.93054e-05 0.000237125 0.000319664
0.00061265 0.000319664 0.0888904

-0.000177472 0.000122019 -0.000338587
0.000122019 -0.000471645 -1.58793e-05
-0.000338587 -1.58793e-05 0.0895771

-0.000374807 0.000140247 -0.000159924
0.000140247 -0.000382474 0.000169067
-0.000159924 0.000169067 0.0902557

-0.000806338 -5.44652e-05 0.00330022
-5.44652e-05 -0.00113751 0.00348821
0.00330022 0.00348821 0.0825772

-0.00153172 5.37793e-05 -0.00150569
5.37793e-05 -0.00228099 -0.000181378
-0.00150569 -0.000181378 0.0841735

-0.00111155 -0.000525599 0.00320388
-0.000525599 -0.00241821 0.00275329
0.00320388 0.00275329 0.0807387

-0.000293307 -0.000599284 -0.00143789
-0.000599284 -0.00098861 0.000794827
-0.00143789 0.000794827 0.083253

0.00225043 7.36648e-05 -0.00253364
7.36648e-05 0.000939761 0.000113751
-0.00253364 0.000113751 0.0889552

-0.000985954 0.000732323 0.0040628
0.000732323 0.000155253 -0.000135901
0.0040628 -0.000135901 0.0818835

-3.75892e-05 0.000215392 -0.000165768
0.000215392 -6.79132e-05 0.000167992
-0.000165768 0.000167992 0.0903812

-0.000567975 -7.58852e-05 0.0001143
-7.58852e-05 -0.000737812 0.000384884
0.0001143 0.000384884 0.0885555

-0.00012084 -5.44293e-05 2.87167e-05
-5.44293e-05 -0.000364494 -2.0017e-05
2.87167e-05 -2.0017e-05 0.0898808

-0.000863761 -0.000772032 -0.00112326
-0.000772032 -0.00191222 0.000527747
-0.00112326 0.000527747 0.0829769

-0.000895096 -0.00028224 -0.00040435
-0.00028224 -0.00115594 -0.000242504
-0.00040435 -0.000242504 0.0869739

0.00195659 2.81868e-06 -0.00179606
2.81868e-06 0.000570116 -0.000529394
-0.00179606 -0.000529394 0.0883889

0.000303783 -0.000184248 0.000280671
-0.000184248 -2.71825e-05 -0.000225539
0.000280671 -0.000225539 0.0923271

0.00138222 0.000373792 0.00284971
0.000373792 0.00140208 0.00597278
0.00284971 0.00597278 0.086837

0.00140609 0.000549433 0.00352941
0.000549433 0.000967726 0.00257993
0.00352941 0.00257993 0.0875202

-0.000687466 -0.000765694 -0.00162495
-0.000765694 -0.00181393 0.000320027
-0.00162495 0.000320027 0.0830895

0.0018485 0.000873682 0.00354082
0.000873682 0.00312476 0.000839946
0.00354082 0.000839946 0.0871467

-0.00359477 -0.000152533 -0.00421529
-0.000152533 -0.0041578 0.00118357
-0.00421529 0.00118357 0.0811842

-0.000999464 0.000184075 -0.00489729
0.000184075 -0.00130951 0.00123681
-0.00489729 0.00123681 0.0869476

-0.000731802 -0.000142002 8.60373e-05
-0.000142002 -0.000652574 0.000232777
8.60373e-05 0.000232777 0.0887864

0.000477724 0.000471038 -0.00369876
0.000471038 -0.000654099 -0.00179672
-0.00369876 -0.00179672 0.085458

0.00415026 -0.000407162 -0.00408728
-0.000407162 0.004796 0.00268137
-0.00408728 0.00268137 0.0919076

-0.00201823 -7.23316e-05 -0.000221131
-7.23316e-05 -0.00195022 7.49055e-05
-0.000221131 7.49055e-05 0.08524

-0.000267398 -0.000229834 4.82477e-05
-0.000229834 -0.000355921 -0.000418512
4.82477e-05 -0.000418512 0.0900876

-0.00598331 -0.000612503 -0.00264868
-0.000612503 -0.00455953 0.00529742
-0.00264868 0.00529742 0.0749203

-0.0020823 -0.000199641 -0.0039497
-0.000199641 -0.00293195 0.00224235
-0.0039497 0.00224235 0.0821473

0.000726303 -8.43347e-05 0.00229839
-8.43347e-05 0.000378667 0.000270729
0.00229839 0.000270729 0.0924573

0.00182176 -7.3897e-05 -0.000676431
-7.3897e-05 0.00207322 0.00285674
-0.000676431 0.00285674 0.0909908

-0.00354793 -0.000177346 -0.000619903
-0.000177346 -0.00266428 0.00332742
-0.000619903 0.00332742 0.0810717

-0.00209688 -1.7983e-05 0.000951363
-1.7983e-05 -0.00327519 -0.000238122
0.000951363 -0.000238122 0.0832006

-0.00139842 -0.000181893 -0.00215413
-0.000181893 -0.000574808 0.00360362
-0.00215413 0.00360362 0.0868454

0.00269998 -0.000522067 -0.00110448
-0.000522067 0.00238784 0.00236637
-0.00110448 0.00236637 0.0922752

0.000984838 -1.93358e-05 -0.00457958
-1.93358e-05 0.0010406 0.00218512
-0.00457958 0.00218512 0.088569

-0.00371728 0.00014696 -0.000176031
0.00014696 -0.00252116 0.00164191
-0.000176031 0.00164191 0.0780865

0.00565041 6.78529e-05 -0.000665633
6.78529e-05 0.00517712 0.00274901
-0.000665633 0.00274901 0.0942124

-0.000583161 -2.40429e-05 0.00277967
-2.40429e-05 -0.00019799 0.00197172
0.00277967 0.00197172 0.0882575

-0.00459053 -0.000706665 -0.00159547
-0.000706665 -0.00464611 -0.000239946
-0.00159547 -0.000239946 0.0758496

-0.00165869 -1.63725e-05 0.00034456
-1.63725e-05 -0.00163196 -0.000441091
0.00034456 -0.000441091 0.0861229

-0.0028826 -0.000561738 3.68407e-05
-0.000561738 -0.00283057 0.0041393
3.68407e-05 0.0041393 0.0834227

0.00111502 -0.00126277 0.000634915
-0.00126277 0.00129997 0.000482968
0.000634915 0.000482968 0.0844199

0.000670127 -0.0021652 0.00140187
-0.0021652 0.00305216 -0.000610911
0.00140187 -0.000610911 0.087122

-0.00465009 0.000379528 -0.00176542
0.000379528 -0.00337919 -0.000239436
-0.00176542 -0.000239436 0.0762795

0.00169411 -3.47437e-05 0.00255312
-3.47437e-05 0.00175476 0.0003658
0.00255312 0.0003658 0.0944365

-0.00125008 -7.77266e-05 -6.56153e-05
-7.77266e-05 -0.00108671 0.000308791
-6.56153e-05 0.000308791 0.09017

0.00152593 7.11327e-05 0.00157765
7.11327e-05 0.00140794 0.0011215
0.00157765 0.0011215 0.0946577

-6.96661e-05 7.4259e-05 0.000259492
7.4259e-05 -0.000345309 -0.000393665
0.000259492 -0.000393665 0.0889655

0.00274021 0.000279607 0.00283495
0.000279607 0.00249128 0.00230104
0.00283495 0.00230104 0.0945479

-0.000545828 -1.32867e-05 0.000192592
-1.32867e-05 -0.000562487 0.000105133
0.000192592 0.000105133 0.089629

-2.86806e-06 -6.41619e-05 -0.000179532
-6.41619e-05 0.000114119 -6.54479e-05
-0.000179532 -6.54479e-05 0.0882041

-0.00288071 9.45044e-05 0.00457735
9.45044e-05 -0.00298314 0.000611675
0.00457735 0.000611675 0.0823962

-0.000647934 0.000317717 0.00184768
0.000317717 -0.000184156 0.00299782
0.00184768 0.00299782 0.0875308

-0.00038669 -0.000100882 7.43288e-05
-0.000100882 -0.000103063 3.37047e-05
7.43288e-05 3.37047e-05 0.0896891

-0.00124086 2.5811e-05 -0.000352127
2.5811e-05 -0.000958081 2.92875e-05
-0.000352127 2.92875e-05 0.0910654

-0.00160088 1.83083e-05 0.00210063
1.83083e-05 -0.00170563 0.00077116
0.00210063 0.00077116 0.0859932

0.000830032 -0.000236589 -3.71745e-05
-0.000236589 0.00078272 0.000383211
-3.71745e-05 0.000383211 0.0937394

0.000345493 -0.000233233 0.000164699
-0.000233233 0.000448686 -0.000339928
0.000164699 -0.000339928 0.0913297

-0.000419885 -4.56699e-05 9.02474e-05
-4.56699e-05 -0.000556959 0.000262938
9.02474e-05 0.000262938 0.0892348

-0.000359267 1.45172e-06 0.000113767
1.45172e-06 -0.000537074 2.51097e-05
0.000113767 2.51097e-05 0.0882377

-0.00130304 0.000267677 -0.00408294
0.000267677 -0.00287822 -0.000878541
-0.00408294 -0.000878541 0.081655

-0.00181107 0.000407854 -0.00363455
0.000407854 -0.000878134 -0.0049014
-0.00363455 -0.0049014 0.0825381

-0.00179153 0.000203954 0.000356667
0.000203954 -0.00219119 -0.000470854
0.000356667 -0.000470854 0.0865202

0.00450129 0.000443422 -0.00603623
0.000443422 0.00348265 -0.00648497
-0.00603623 -0.00648497 0.0908666

0.00205558 0.000374426 -0.00506013
0.000374426 0.000836932 -0.00568591
-0.00506013 -0.00568591 0.0867126

0.00136606 2.56892e-05 -0.00316538
2.56892e-05 0.000656551 0.000414945
-0.00316538 0.000414945 0.0902281

-0.00144971 0.000102239 -0.000490785
0.000102239 -0.000983578 0.000335397
-0.000490785 0.000335397 0.0871924

0.000208032 -0.000187439 0.000426055
-0.000187439 -6.14505e-06 7.59918e-05
0.000426055 7.59918e-05 0.0924162

0.00046497 -7.58543e-05 -0.00492032
-7.58543e-05 -5.98148e-05 -0.000115562
-0.00492032 -0.000115562 0.0877504

-0.00772632 -6.32314e-05 -0.00556766
-6.32314e-05 -0.00828472 -6.46169e-05
-0.00556766 -6.46169e-05 0.0729346

0.000251661 7.26925e-06 0.000502129
7.26925e-06 0.000228767 5.94632e-05
0.000502129 5.94632e-05 0.0889103

-0.00302698 -2.98026e-05 -0.00255957
-2.98026e-05 -0.00391241 -0.000900164
-0.00255957 -0.000900164 0.0797159

-0.000583224 -4.60428e-05 -0.00113296
-4.60428e-05 -0.00100346 -0.000831014
-0.00113296 -0.000831014 0.0847173

-0.00203398 -0.000219681 -0.000682922
-0.000219681 -0.00100184 0.00332083
-0.000682922 0.00332083 0.0840551

-0.00110083 -0.000202636 -0.00197464
-0.000202636 -0.00165554 -0.00192158
-0.00197464 -0.00192158 0.0823819

0.000235318 0.000292458 0.00286894
0.000292458 0.000355025 0.00356827
0.00286894 0.00356827 0.0876098

0.000458114 5.89829e-05 0.0029729
5.89829e-05 0.000443111 0.00342571
0.0029729 0.00342571 0.0878717

-0.0016472 0.000178738 0.00551194
0.000178738 -0.00179276 0.00198883
0.00551194 0.00198883 0.083989

-0.00296403 0.000589762 -0.00348209
0.000589762 -0.00250818 -0.00525608
-0.00348209 -0.00525608 0.0812583

-0.000118087 -0.000104194 -7.95244e-07
-0.000104194 -0.000204106 0.000274105
-7.95244e-07 0.000274105 0.0902973

0.000232555 -7.03107e-05 -1.58617e-05
-7.03107e-05 5.28659e-05 -0.000123555
-1.58617e-05 -0.000123555 0.0944632

0.0002911 0.000425649 0.00240682
0.000425649 -0.000416442 0.00118103
0.00240682 0.00118103 0.0867512

-0.00111917 4.4912e-05 -0.00161427
4.4912e-05 -0.00160982 -0.000616936
-0.00161427 -0.000616936 0.0860591

0.000755828 0.000627543 0.000532901
0.000627543 0.000965652 0.00102377
0.000532901 0.00102377 0.0878139

0.0016177 3.26557e-05 0.00280924
3.26557e-05 0.00117087 -0.00622787
0.00280924 -0.00622787 0.0900589

-0.00154442 -8.29383e-05 -0.00017003
-8.29383e-05 -0.0018738 0.000162766
-0.00017003 0.000162766 0.0856259

-0.00301569 0.000720965 -0.000511176
0.000720965 -0.00230221 -0.00105119
-0.000511176 -0.00105119 0.0801878

-0.00240821 0.000772892 -0.000268718
0.000772892 -0.00269524 -0.000440472
-0.000268718 -0.000440472 0.0818612

-0.00436572 0.000114275 -0.000546539
0.000114275 -0.00514769 -0.00011382
-0.000546539 -0.00011382 0.0805204

0.000137488 -7.34112e-05 -0.000441425
-7.34112e-05 0.000100523 0.000563553
-0.000441425 0.000563553 0.0887765

-0.000200347 7.03359e-05 0.000212009
7.03359e-05 -0.000448549 -0.000414659
0.000212009 -0.000414659 0.0886404

0.00129443 -9.5703e-05 -0.00150246
-9.5703e-05 0.000581732 -0.000303128
-0.00150246 -0.000303128 0.0881267

0.00257691 -0.000181133 0.00156985
-0.000181133 0.00227326 0.00281282
0.00156985 0.00281282 0.0984489

-0.00105867 0.000224974 0.00098849
0.000224974 -0.00114401 0.00408089
0.00098849 0.00408089 0.086472

0.000996879 -8.17895e-05 -0.00161839
-8.17895e-05 -0.000334252 -0.00051819
-0.00161839 -0.00051819 0.0876667

-0.00135722 0.000304612 0.00249067
0.000304612 -0.00102879 0.00536625
0.00249067 0.00536625 0.0844216

-0.00401757 0.000959035 0.00397306
0.000959035 -0.00393009 0.00483054
0.00397306 0.00483054 0.0799903

-0.00206763 0.000849016 -0.000164491
0.000849016 -0.00125135 -0.000507683
-0.000164491 -0.000507683 0.0813598

0.00265106 7.21049e-05 0.00267576
7.21049e-05 0.00294295 0.00380451
0.00267576 0.00380451 0.0927975

0.0026007 9.20747e-05 -0.00166354
9.20747e-05 0.00159036 -9.09369e-05
-0.00166354 -9.09369e-05 0.0907367

-0.00677565 0.000378604 0.000792102
0.000378604 -0.00642484 0.00220282
0.000792102 0.00220282 0.0772755

-0.000649178 -4.10437e-05 0.000108699
-4.10437e-05 0.000928702 -0.000228498
0.000108699 -0.000228498 0.0922471

-0.00252329 0.000363034 0.00148901
0.000363034 -0.00241782 0.00113062
0.00148901 0.00113062 0.0830773

-0.00032081 1.5382e-05 0.000385213
1.5382e-05 -0.000451819 -0.00025591
0.000385213 -0.00025591 0.0892733

0.00111742 0.00032358 -0.00124102
0.00032358 0.00012431 -0.000507701
-0.00124102 -0.000507701 0.087694

-0.00242755 0.000594408 6.32496e-05
0.000594408 -0.00244664 0.000697718
6.32496e-05 0.000697718 0.083387

0.000704131 0.00029776 0.000693748
0.00029776 0.00137469 0.000757671
0.000693748 0.000757671 0.0900978

-0.0014383 -0.000218751 -0.00228845
-0.000218751 -0.00261091 -0.000959641
-0.00228845 -0.000959641 0.0844926

-0.00275464 0.000610639 0.00043175
0.000610639 -0.00212126 3.20429e-07
0.00043175 3.20429e-07 0.0823761

-0.00200008 0.00050039 -0.000193923
0.00050039 -0.0016072 -0.000392076
-0.000193923 -0.000392076 0.0837054

0.00178222 0.000520715 -0.00062255
0.000520715 0.00233379 -0.00102266
-0.00062255 -0.00102266 0.0901504

-0.00229063 0.000318927 0.000661455
0.000318927 -0.00182599 -0.00142651
0.000661455 -0.00142651 0.0830115

-0.000488562 0.000111747 -0.00145196
0.000111747 -0.000938911 -0.00154632
-0.00145196 -0.00154632 0.0861389

-0.000554461 -0.000102942 -0.000177999
-0.000102942 -0.000619774 -0.00175346
-0.000177999 -0.00175346 0.0868379

-0.0024294 0.000183442 -0.00152228
0.000183442 -0.00254378 -0.00176982
-0.00152228 -0.00176982 0.0840388

0.00164817 0.000211031 0.00279531
0.000211031 0.00165631 0.00515432
0.00279531 0.00515432 0.0898399

-0.0010133 -0.000145962 -0.00135233
-0.000145962 -0.000452894 0.000918378
-0.00135233 0.000918378 0.0886093

0.000207298 -9.54533e-05 -0.00122761
-9.54533e-05 0.000320912 -0.00339041
-0.00122761 -0.00339041 0.0883622

-0.00438087 -6.40529e-05 -0.000676192
-6.40529e-05 -0.00299893 -0.00318522
-0.000676192 -0.00318522 0.0802477

-0.00246394 0.000923004 -0.00262368
0.000923004 -0.00232184 -0.00379615
-0.00262368 -0.00379615 0.0822618

-0.00189939 8.54061e-05 -0.000224015
8.54061e-05 -0.00153023 -0.000156982
-0.000224015 -0.000156982 0.0850804

-0.000773636 -0.000101417 -0.000150192
-0.000101417 -0.000743309 -2.09675e-05
-0.000150192 -2.09675e-05 0.0882583

-0.00338776 0.00113892 0.000318116
0.00113892 -0.0021566 -0.000576731
0.000318116 -0.000576731 0.0805146

0.00032454 9.81437e-05 -0.000145769
9.81437e-05 -0.000149839 5.74308e-05
-0.000145769 5.74308e-05 0.0902776

-0.000434818 -0.000259115 0.00451616
-0.000259115 -0.00154419 -0.00194673
0.00451616 -0.00194673 0.0848661

-0.000349031 -3.40962e-05 -0.000544566
-3.40962e-05 7.82076e-05 -4.6778e-05
-0.000544566 -4.6778e-05 0.0915617

-0.00384389 0.000170167 0.00100944
0.000170167 -0.00392184 0.000529182
0.00100944 0.000529182 0.081948

-0.00399621 0.00110968 -1.07527e-06
0.00110968 -0.00303445 -0.00111521
-1.07527e-06 -0.00111521 0.079565

0.00121751 0.000353838 -0.00523942
0.000353838 -0.00185386 0.000169993
-0.00523942 0.000169993 0.0860904

-0.000250398 -0.00065216 -0.00482384
-0.00065216 -0.00113863 0.000597117
-0.00482384 0.000597117 0.0862488

0.000948345 0.000491986 -0.00258142
0.000491986 -0.000297832 -0.000925898
-0.00258142 -0.000925898 0.086456

0.00228098 -0.000180519 -0.00176787
-0.000180519 0.00190038 -0.00187986
-0.00176787 -0.00187986 0.101519

0.000870259 -0.000203477 0.000110599
-0.000203477 0.00102699 -0.000240512
0.000110599 -0.000240512 0.0895664

-0.000211139 -7.13623e-06 0.000355011
-7.13623e-06 4.60145e-05 -0.00233034
0.000355011 -0.00233034 0.0873569

-0.000241481 -0.000178347 0.00213121
-0.000178347 -0.00150007 -0.000852036
0.00213121 -0.000852036 0.0852557

-0.000719812 -0.00018173 -4.80897e-05
-0.00018173 -0.000703384 0.000297936
-4.80897e-05 0.000297936 0.0891703

-0.00288192 -0.000126396 0.00158332
-0.000126396 -0.00305536 -0.000777451
0.00158332 -0.000777451 0.0823381

-0.00238974 0.000156742 0.000973471
0.000156742 -0.00129285 0.00163921
0.000973471 0.00163921 0.0838715

-0.000975598 -0.000114355 -0.000162888
-0.000114355 -0.000591635 0.000422597
-0.000162888 0.000422597 0.0889293

-0.00207365 -0.00017142 0.000741926
-0.00017142 -0.000905806 0.00286066
0.000741926 0.00286066 0.0838592

0.00117278 -4.03749e-05 0.000289919
-4.03749e-05 0.00111687 -0.000528131
0.000289919 -0.000528131 0.089412

-0.000409243 -3.87089e-05 -2.97646e-06
-3.87089e-05 -0.00038775 0.00044801
-2.97646e-06 0.00044801 0.08912

-0.00342503 3.40465e-05 0.000290873
3.40465e-05 -0.00218208 0.000745922
0.000290873 0.000745922 0.081189

-0.00120892 1.42648e-05 -0.000459019
1.42648e-05 -0.000989117 -0.000613246
-0.000459019 -0.000613246 0.0873836

-0.00142476 -0.000246615 0.0013347
-0.000246615 -0.00146645 -0.00141539
0.0013347 -0.00141539 0.0832922

0.00126242 -6.05747e-05 1.58322e-05
-6.05747e-05 0.00168745 0.00209121
1.58322e-05 0.00209121 0.0969199

-0.000746391 -0.000326628 -0.000339677
-0.000326628 -0.000257278 0.000904209
-0.000339677 0.000904209 0.0889175

-0.00293646 0.000702139 -0.000726949
0.000702139 -0.00234641 -0.00117862
-0.000726949 -0.00117862 0.0818674

0.00130693 -0.000112481 0.000169669
-0.000112481 0.00175155 0.00208882
0.000169669 0.00208882 0.0974595

0.0013078 -9.9707e-05 -0.000122438
-9.9707e-05 0.00174447 0.00201323
-0.000122438 0.00201323 0.0973093

-0.00134086 0.000118952 -0.000169002
0.000118952 -0.00145884 0.000355444
-0.000169002 0.000355444 0.086494

-0.0027954 -0.000174097 0.00173101
-0.000174097 -0.00241778 0.000997807
0.00173101 0.000997807 0.0849285

0.00200611 0.000369228 0.00150431
0.000369228 0.0024015 0.00224907
0.00150431 0.00224907 0.0970191

0.00123634 -1.59548e-05 -0.00156202
-1.59548e-05 0.000312444 -0.000293501
-0.00156202 -0.000293501 0.0882893

-0.000343347 0.000197514 0.00175663
0.000197514 0.000244942 0.00313338
0.00175663 0.00313338 0.0880176

0.00333282 -0.000420279 -0.000454075
-0.000420279 0.00153976 0.000245155
-0.000454075 0.000245155 0.0895917

0.000588885 -0.000657842 -0.00303054
-0.000657842 0.00136598 0.00481408
-0.00303054 0.00481408 0.0889329

-0.00208993 -8.26111e-05 0.00188742
-8.26111e-05 -0.00142042 0.00549381
0.00188742 0.00549381 0.0834909

-0.000913693 -2.80325e-05 0.001223
-2.80325e-05 -0.00132368 0.000258949
0.001223 0.000258949 0.0873253

-0.000283237 -2.23797e-06 0.00105138
-2.23797e-06 -0.000155227 -4.90126e-05
0.00105138 -4.90126e-05 0.0908452

-0.000607373 -8.21445e-05 -7.34764e-05
-8.21445e-05 -0.00114439 0.00022675
-7.34764e-05 0.00022675 0.0900437

-0.000637366 -0.000130923 -0.000376943
-0.000130923 -0.000596133 0.000260159
-0.000376943 0.000260159 0.0885413

0.000295234 0.000144087 -9.95935e-05
0.000144087 0.000234209 -0.000221874
-9.95935e-05 -0.000221874 0.0902222

-0.00419116 -0.00056948 -0.001178
-0.00056948 -0.0042235 0.00293371
-0.001178 0.00293371 0.0790843

0.000349821 -0.000129058 0.000412447
-0.000129058 0.000558017 -3.26896e-05
0.000412447 -3.26896e-05 0.0926956

-0.00120585 -0.000140437 -0.00126591
-0.000140437 -0.000536608 0.00490567
-0.00126591 0.00490567 0.0849516

0.00405914 -0.00127143 -0.000194091
-0.00127143 0.00566796 0.002781
-0.000194091 0.002781 0.0962946

-7.24581e-05 0.000103522 0.000157721
0.000103522 -3.88951e-05 0.000333795
0.000157721 0.000333795 0.0882725

0.00028981 0.000212411 -0.000478623
0.000212411 -0.000330946 0.00348449
-0.000478623 0.00348449 0.0921755

-0.00167711 0.000300051 0.00188063
0.000300051 -0.00164755 0.00580043
0.00188063 0.00580043 0.0833784

-0.00140957 -4.83901e-05 -0.000840559
-4.83901e-05 -0.00103628 -4.29659e-05
-0.000840559 -4.29659e-05 0.0887295

-0.000338509 -0.000383106 0.00158002
-0.000383106 -0.00207918 -0.000676618
0.00158002 -0.000676618 0.0830772

-0.000841895 0.000439341 -0.00246033
0.000439341 -0.00164842 -0.00247142
-0.00246033 -0.00247142 0.0838822

-0.000359026 -0.000292555 -0.0011241
-0.000292555 -0.00164041 0.00110052
-0.0011241 0.00110052 0.0851609

-0.00163668 8.51438e-05 -0.000210011
8.51438e-05 -0.00158107 0.000354025
-0.000210011 0.000354025 0.0881825

0.00257065 -7.84473e-05 0.0010351
-7.84473e-05 0.00307837 0.0057602
0.0010351 0.0057602 0.0913016

0.000556248 1.16949e-05 0.000357378
1.16949e-05 0.00175126 0.00558888
0.000357378 0.00558888 0.0882061

-0.0018417 5.36613e-05 0.000374574
5.36613e-05 -0.00193202 -0.000102992
0.000374574 -0.000102992 0.0861642

-0.00123305 0.000418615 0.000794123
0.000418615 -0.000631372 0.000181402
0.000794123 0.000181402 0.0857806

-0.0024826 3.62511e-05 0.000389658
3.62511e-05 -0.00122955 0.00551998
0.000389658 0.00551998 0.0830592

0.000118751 8.23854e-05 -0.000763803
8.23854e-05 0.00184974 0.00442103
-0.000763803 0.00442103 0.0878734

-0.000678114 -0.000363642 0.000349764
-0.000363642 0.000725275 0.00444272
0.000349764 0.00444272 0.0851375

-0.00596746 0.000152153 -0.000706551
0.000152153 -0.00434411 0.00348521
-0.000706551 0.00348521 0.0769565

-0.0025138 7.54957e-05 -0.000607114
7.54957e-05 -0.00049905 0.0023897
-0.000607114 0.0023897 0.082356

-0.00617473 -0.000230714 0.000497267
-0.000230714 -0.00457848 0.00359863
0.000497267 0.00359863 0.0768027

-0.000493822 -0.000258182 -0.00102412
-0.000258182 -0.000396137 0.00193904
-0.00102412 0.00193904 0.0877596

0.00147606 -0.000432959 -0.000839653
-0.000432959 0.00124905 0.00161513
-0.000839653 0.00161513 0.0899321

-0.00279565 -0.000161672 0.000436396
-0.000161672 -0.000777133 0.00250283
0.000436396 0.00250283 0.0820694

-0.00346621 3.94453e-05 3.13491e-05
3.94453e-05 -0.00221489 -0.000171869
3.13491e-05 -0.000171869 0.0822359

-0.00342089 0.000162127 0.000153983
0.000162127 -0.00235426 -0.00057398
0.000153983 -0.00057398 0.0829318

-0.00260414 -0.000879639 -0.00108979
-0.000879639 -0.00197664 -0.00100198
-0.00108979 -0.00100198 0.0832502

0.00179061 -0.000235623 0.000357643
-0.000235623 0.00185989 -0.00117001
0.000357643 -0.00117001 0.0925948

-0.000663446 1.86396e-05 -9.52521e-06
1.86396e-05 -0.000854522 -0.000442511
-9.52521e-06 -0.000442511 0.0887826

-0.00017707 -2.69394e-07 5.3747e-05
-2.69394e-07 -0.000155797 -8.32534e-05
5.3747e-05 -8.32534e-05 0.0886448

-0.00227769 -0.000758469 0.000593594
-0.000758469 -0.00127868 -0.00259722
0.000593594 -0.00259722 0.0827834

-0.000198147 -6.91921e-06 0.000116636
-6.91921e-06 -0.000260246 -3.88489e-05
0.000116636 -3.88489e-05 0.0883905

0.000220111 0.000255783 0.0022552
0.000255783 0.000314482 0.00542721
0.0022552 0.00542721 0.087739

0.0039285 -3.9806e-05 0.0016479
-3.9806e-05 0.0049866 -0.00276633
0.0016479 -0.00276633 0.0989842

-0.00110489 -0.000624148 -0.000404595
-0.000624148 -0.00110601 -0.00423765
-0.000404595 -0.00423765 0.0850569

0.00299514 -0.000330985 0.000371951
-0.000330985 0.00337024 -0.00358052
0.000371951 -0.00358052 0.0946817

0.00223458 6.98904e-05 -0.00074535
6.98904e-05 0.00282159 -0.00415927
-0.00074535 -0.00415927 0.097246

-0.00301777 -0.00031617 0.00140102
-0.00031617 -0.00263468 -0.00365734
0.00140102 -0.00365734 0.082567

-0.000666115 -9.7124e-05 0.000149679
-9.7124e-05 -0.00079977 0.000412415
0.000149679 0.000412415 0.088371

0.00212894 6.38401e-05 0.00454203
6.38401e-05 0.000325183 0.000221689
0.00454203 0.000221689 0.0877257

0.0025036 -0.000126612 -0.00019164
-0.000126612 0.00221554 0.000276483
-0.00019164 0.000276483 0.096218

-0.00103009 9.12379e-05 0.000108319
9.12379e-05 -0.00124258 0.000677388
0.000108319 0.000677388 0.0890535

-6.72409e-06 0.000407349 -0.00221351
0.000407349 -9.25091e-05 -0.00135405
-0.00221351 -0.00135405 0.0882255

-0.0169563 0.00185173 0.000874189
0.00185173 -0.0160711 -0.000333238
0.000874189 -0.000333238 0.0416985

0.000202429 -0.000166834 -0.000145379
-0.000166834 0.000216881 -0.000550344
-0.000145379 -0.000550344 0.0890616

0.000748768 -3.91715e-05 9.78911e-05
-3.91715e-05 0.000979871 -0.000194133
9.78911e-05 -0.000194133 0.0894999

0.00121954 0.000279457 0.000481581
0.000279457 0.000948534 0.00163392
0.000481581 0.00163392 0.0981814

0.00116813 -0.000404729 0.000826584
-0.000404729 0.00094385 -0.00157773
0.000826584 -0.00157773 0.0876794

-0.000590535 5.12377e-05 -0.00561301
5.12377e-05 4.3477e-05 -0.00356109
-0.00561301 -0.00356109 0.0903963

0.0043611 0.000707673 -0.0032181
0.000707673 0.00386973 -0.00288459
-0.0032181 -0.00288459 0.0947719

2.80186e-05 4.0018e-05 0.00129187
4.0018e-05 -0.000373036 -2.27814e-05
0.00129187 -2.27814e-05 0.0877236

0.00153314 -2.01188e-05 0.000391213
-2.01188e-05 0.00143507 0.000425826
0.000391213 0.000425826 0.0902437

9.33693e-05 1.33615e-05 -0.00496789
1.33615e-05 -0.00132635 -3.45475e-05
-0.00496789 -3.45475e-05 0.0857554

0.00190518 0.000495815 -0.0051135
0.000495815 0.00224783 -0.00319804
-0.0051135 -0.00319804 0.0922618

-0.00155047 0.000104413 -0.00035388
0.000104413 -0.00136494 0.000176776
-0.00035388 0.000176776 0.0882839

0.000446422 0.000319728 -0.00505485
0.000319728 -0.000230659 -0.000161579
-0.00505485 -0.000161579 0.085206

-0.000296569 0.000168028 0.000642881
0.000168028 -0.000431157 -0.00129465
0.000642881 -0.00129465 0.090043

-0.000583151 2.02912e-06 -0.000227613
2.02912e-06 -0.00052471 -8.71285e-05
-0.000227613 -8.71285e-05 0.0890431

-0.00284053 -0.000857652 0.00310567
-0.000857652 -0.00187516 0.0028892
0.00310567 0.0028892 0.0803194

-0.000498109 0.000253264 -0.00520715
0.000253264 -0.00180366 0.00132639
-0.00520715 0.00132639 0.0841731

8.75007e-05 3.04007e-05 -0.00516254
3.04007e-05 -0.000955951 0.000897414
-0.00516254 0.000897414 0.0854419

-0.00135949 6.46409e-05 -0.00127536
6.46409e-05 -0.000689392 -0.00164387
-0.00127536 -0.00164387 0.0860656

-0.00145369 0.000104128 -0.00074356
0.000104128 -0.00143813 -4.6305e-05
-0.00074356 -4.6305e-05 0.0869453

-0.00236943 -0.000262797 -0.00155112
-0.000262797 -0.00383391 -0.000419419
-0.00155112 -0.000419419 0.081314

0.000521567 0.000358262 -8.49625e-05
0.000358262 9.22551e-05 4.51017e-05
-8.49625e-05 4.51017e-05 0.0924215

-0.00295486 0.000475469 -0.000491645
0.000475469 -0.00282877 1.75557e-07
-0.000491645 1.75557e-07 0.0815269

0.000472359 0.000457754 -0.00222182
0.000457754 0.00110083 -0.00212166
-0.00222182 -0.00212166 0.0895359

-0.000730661 0.000704916 -0.00314819
0.000704916 -0.00120822 -0.00364212
-0.00314819 -0.00364212 0.0847887

-0.000557871 4.92382e-05 4.81443e-06
4.92382e-05 -0.000717003 0.000336912
4.81443e-06 0.000336912 0.0889305

-0.00133567 0.000111806 0.000463258
0.000111806 -0.00118249 0.000455175
0.000463258 0.000455175 0.0877861

0.00217331 0.000364175 0.00355522
0.000364175 0.00284677 0.00334257
0.00355522 0.00334257 0.0841315

0.00119175 -4.71163e-05 -0.000266709
-4.71163e-05 0.00160132 0.00203232
-0.000266709 0.00203232 0.0964545

-0.00181047 0.000130888 0.000324419
0.000130888 -0.00207622 0.000961623
0.000324419 0.000961623 0.0866665

-0.000543335 1.70042e-05 0.000426261
1.70042e-05 -0.000627037 -0.000183382
0.000426261 -0.000183382 0.0882623

0.000585901 0.000936019 -0.00318284
0.000936019 0.000693773 -0.00274305
-0.00318284 -0.00274305 0.0867052

0.00054612 -3.80065e-05 -0.00111066
-3.80065e-05 0.00105078 0.000567766
-0.00111066 0.000567766 0.0915231

-0.000458792 -2.74598e-05 0.00026614
-2.74598e-05 -0.000537267 8.31519e-05
0.00026614 8.31519e-05 0.0896125

-0.00129369 -0.000231632 -0.00345824
-0.000231632 -0.000923803 0.00395063
-0.00345824 0.00395063 0.0852951

-0.000684546 -0.000191653 -0.000470492
-0.000191653 -0.00170527 -0.000575489
-0.000470492 -0.000575489 0.0897823

0.000211785 -0.000296458 0.00131876
-0.000296458 0.000458701 -0.000954472
0.00131876 -0.000954472 0.0888787

-0.00441269 0.00066092 -0.00410673
0.00066092 -0.00327837 -0.00433761
-0.00410673 -0.00433761 0.0784157

-0.000703068 7.34117e-05 0.00042112
7.34117e-05 -0.000497502 0.000117638
0.00042112 0.000117638 0.0873789

-0.000931426 8.28403e-05 -0.00060197
8.28403e-05 -0.000691332 6.08093e-05
-0.00060197 6.08093e-05 0.0911235

-0.00318783 5.05711e-05 -0.0016263
5.05711e-05 -0.00375671 -0.00122013
-0.0016263 -0.00122013 0.0825648

0.000170897 0.000381783 -0.00298005
0.000381783 0.000359364 -0.00198757
-0.00298005 -0.00198757 0.0873049

-0.00112251 0.000145536 5.76648e-06
0.000145536 -0.00111702 0.000438545
5.76648e-06 0.000438545 0.089302

-0.000832701 0.00036928 0.00136016
0.00036928 -0.000127971 -0.00242064
0.00136016 -0.00242064 0.087854

-0.000678142 -1.72583e-05 0.000214265
-1.72583e-05 -0.000646889 0.000538654
0.000214265 0.000538654 0.0882132

0.000277964 3.34985e-05 0.000322471
3.34985e-05 3.05696e-05 0.000360702
0.000322471 0.000360702 0.0917358

0.00261455 0.000459525 -0.00406242
0.000459525 0.00390169 -0.00426837
-0.00406242 -0.00426837 0.0911451

-0.00230874 0.000133672 -0.00396244
0.000133672 -0.00210157 -0.00233164
-0.00396244 -0.00233164 0.0834842

-0.0121646 0.000479576 0.00121895
0.000479576 -0.0119739 -0.00139936
0.00121895 -0.00139936 0.0597456

-0.00218543 0.000247296 -0.00163766
0.000247296 -0.00204625 -0.00168073
-0.00163766 -0.00168073 0.083472

-0.00104904 5.45914e-05 -0.00061823
5.45914e-05 -0.000903391 2.51142e-05
-0.00061823 2.51142e-05 0.0913039

7.62015e-05 0.00027017 0.00221398
0.00027017 -0.00115979 -0.00146361
0.00221398 -0.00146361 0.0874285

-0.00593678 0.000262865 -0.000954885
0.000262865 -0.00391661 -0.00506817
-0.000954885 -0.00506817 0.0763617

0.000245696 5.96906e-05 -0.000273578
5.96906e-05 -9.36192e-05 -0.00115504
-0.000273578 -0.00115504 0.0900495

-0.0019082 -0.000315558 -0.000293755
-0.000315558 -0.00272755 0.00161835
-0.000293755 0.00161835 0.0830642

-0.00121159 0.000109407 0.000770742
0.000109407 -0.000903747 -0.000397719
0.000770742 -0.000397719 0.0872706

-0.00217975 -0.000285248 0.00135683
-0.000285248 -0.00179316 0.00163706
0.00135683 0.00163706 0.0858422

-0.000714698 0.000389798 9.20605e-05
0.000389798 -0.0010461 0.000511529
9.20605e-05 0.000511529 0.0866144

-0.0053773 0.000184882 -0.00145008
0.000184882 -0.00380861 -0.00540489
-0.00145008 -0.00540489 0.0770775

-0.00492196 -0.000358018 -0.000859187
-0.000358018 -0.00532479 0.00137238
-0.000859187 0.00137238 0.0779198

0.000130205 -0.00052301 -0.000459863
-0.00052301 -0.000392308 0.000155308
-0.000459863 0.000155308 0.0900862

-0.00142734 0.000311328 -0.00215482
0.000311328 -0.00214927 -0.00162639
-0.00215482 -0.00162639 0.084394

-0.00364199 -0.000141816 -0.000998024
-0.000141816 -0.00309878 0.000320268
-0.000998024 0.000320268 0.0838582

0.000348301 -8.53444e-05 0.000479112
-8.53444e-05 0.000513474 -0.000180821
0.000479112 -0.000180821 0.0928207

-0.00161663 -2.3667e-06 -0.00219716
-2.3667e-06 -0.00234055 -0.00189368
-0.00219716 -0.00189368 0.0841812

0.00023832 0.000439819 -0.00277119
0.000439819 0.000125692 -0.00115002
-0.00277119 -0.00115002 0.0887727

-0.000917108 0.000195262 0.00166608
0.000195262 -0.000883734 0.000876079
0.00166608 0.000876079 0.0845683

0.000447054 0.000331933 -0.00158008
0.000331933 0.000791948 -8.6023e-05
-0.00158008 -8.6023e-05 0.0916663

9.97469e-05 0.000177082 -0.00279934
0.000177082 -7.09547e-06 -0.00126032
-0.00279934 -0.00126032 0.0886465

-0.00133284 0.000113292 -0.0014594
0.000113292 0.00140703 -0.0068531
-0.0014594 -0.0068531 0.0830467

-0.00914969 0.000566478 -0.000712382
0.000566478 -0.0110042 -8.40378e-05
-0.000712382 -8.40378e-05 0.0629962

0.000105353 0.000139412 0.00131388
0.000139412 -0.000216046 -0.000285907
0.00131388 -0.000285907 0.087856

-0.00528263 0.000461636 -0.00317708
0.000461636 -0.00530005 -0.00214768
-0.00317708 -0.00214768 0.0778922

0.000190953 -0.000225027 0.00140351
-0.000225027 -8.40517e-05 0.000392943
0.00140351 0.000392943 0.0890154

0.000448772 0.000390494 -0.00216815
0.000390494 0.00176264 -0.00548413
-0.00216815 -0.00548413 0.0865691

0.000755392 5.55184e-05 -0.000954062
5.55184e-05 0.000492276 -0.0013566
-0.000954062 -0.0013566 0.0887805

0.00145031 0.000482669 0.00146211
0.000482669 0.00126746 -0.000376392
0.00146211 -0.000376392 0.0942164

0.000230079 0.000670389 0.00304731
0.000670389 0.000311044 0.00569798
0.00304731 0.00569798 0.0858707

1.35455e-05 -0.000496031 0.00200659
-0.000496031 0.000185285 0.000748525
0.00200659 0.000748525 0.0895792

0.0026513 -0.000289593 -0.0037526
-0.000289593 0.00192027 0.00103379
-0.0037526 0.00103379 0.0964432

0.000285563 5.11554e-05 -0.000709641
5.11554e-05 0.000653707 9.41835e-05
-0.000709641 9.41835e-05 0.088432

0.0020157 8.05211e-05 -0.00388587
8.05211e-05 0.00138784 0.00013588
-0.00388587 0.00013588 0.0890597

-0.000537122 -3.70906e-05 -0.000231161
-3.70906e-05 -0.000561081 0.000527032
-0.000231161 0.000527032 0.0876741

0.000246463 4.98758e-05 0.000169433
4.98758e-05 0.000454266 0.000298154
0.000169433 0.000298154 0.0885818

-0.000437794 -3.06211e-05 -0.00010674
-3.06211e-05 -2.56423e-05 0.000782582
-0.00010674 0.000782582 0.0887009

-0.00357106 -0.00035374 0.000900837
-0.00035374 -0.00347755 0.00143528
0.000900837 0.00143528 0.0794392

-0.00389995 0.000185107 -0.000934509
0.000185107 -0.00207006 -0.000500249
-0.000934509 -0.000500249 0.0800784

-0.00113746 -5.63649e-05 -2.0588e-05
-5.63649e-05 -0.00119723 0.00030934
-2.0588e-05 0.00030934 0.0875264

-0.000349832 -0.000511443 0.000401472
-0.000511443 -0.000366591 0.000870141
0.000401472 0.000870141 0.0837568

-0.0023412 0.000433007 -0.00356058
0.000433007 -0.0023736 -0.00115425
-0.00356058 -0.00115425 0.0813728

0.00225483 0.00058234 -0.00509901
0.00058234 0.00286737 -0.00347949
-0.00509901 -0.00347949 0.0920718

-0.00467288 -0.000165647 -0.000196869
-0.000165647 -0.00446849 0.000347108
-0.000196869 0.000347108 0.0807369

0.00106032 3.57482e-05 -0.00155546
3.57482e-05 0.000581421 -0.000699208
-0.00155546 -0.000699208 0.0902506

0.000970971 -0.000262884 0.00023609
-0.000262884 0.00101717 0.000429514
0.00023609 0.000429514 0.0941043

-0.00246057 -9.04061e-05 -0.000133042
-9.04061e-05 -0.00214855 -0.000336734
-0.000133042 -0.000336734 0.0852109

-0.00379885 0.00101732 0.000658637
0.00101732 -0.00374429 0.0012154
0.000658637 0.0012154 0.0785709

0.000379451 -0.000292106 -0.00323214
-0.000292106 0.000279642 0.00409335
-0.00323214 0.00409335 0.088509

0.00284131 0.000522851 -0.002508
0.000522851 0.00353677 -0.00350262
-0.002508 -0.00350262 0.0948114

-0.00165196 -7.07004e-05 0.000444409
-7.07004e-05 -0.00159435 0.00204966
0.000444409 0.00204966 0.0847904

-0.000497448 -0.000319807 0.000507386
-0.000319807 -0.000606122 0.000786228
0.000507386 0.000786228 0.0862522

-0.00352327 0.000691957 -0.00191132
0.000691957 -0.00208743 -0.00570332
-0.00191132 -0.00570332 0.0814807

0.000493749 -0.00284851 0.00347857
-0.00284851 -0.00643556 0.00252024
0.00347857 0.00252024 0.0826762

-0.00105702 -0.000812438 -0.000153503
-0.000812438 -0.00343204 0.00048919
-0.000153503 0.00048919 0.0775293

-0.000585006 -2.24419e-05 0.000869098
-2.24419e-05 -0.000791655 -0.00102714
0.000869098 -0.00102714 0.0872008

-0.00360025 0.000104664 0.000927756
0.000104664 -0.00565472 -0.0010848
0.000927756 -0.0010848 0.076977

-0.000538525 0.000544709 0.00206566
0.000544709 -8.2257e-05 0.00557058
0.00206566 0.00557058 0.0856842

-0.00231835 4.6832e-05 -0.000541972
4.6832e-05 -0.00227961 -0.000272328
-0.000541972 -0.000272328 0.0856978

-0.00100526 -9.75716e-05 -3.04542e-05
-9.75716e-05 -0.000988334 -0.00035477
-3.04542e-05 -0.00035477 0.0898918

-0.000667087 2.85252e-05 -0.00137644
2.85252e-05 -0.00141957 -0.000766705
-0.00137644 -0.000766705 0.0863674

-0.000308976 -9.73444e-05 0.000143305
-9.73444e-05 -0.000173527 -0.000422841
0.000143305 -0.000422841 0.0897359

0.00290636 0.000313882 -0.000993888
0.000313882 0.00400346 -0.00408589
-0.000993888 -0.00408589 0.0960716

-0.00275039 0.000190662 0.000987507
0.000190662 -0.00285791 0.00179885
0.000987507 0.00179885 0.0826473

0.000980103 0.000534151 0.00361372
0.000534151 0.00140676 0.00262526
0.00361372 0.00262526 0.0891196

-0.013278 -0.000771942 0.00141063
-0.000771942 -0.0151754 -0.00396621
0.00141063 -0.00396621 0.0584767

0.0038067 0.000391874 -7.13499e-05
0.000391874 0.00416729 -0.0016515
-7.13499e-05 -0.0016515 0.0984804

-0.000497383 0.000532765 0.00317435
0.000532765 1.14298e-05 0.00246063
0.00317435 0.00246063 0.0868097

0.00222808 0.00188148 -0.00332803
0.00188148 0.00186426 0.000519768
-0.00332803 0.000519768 0.087765

0.000174404 -5.67844e-05 -0.000312557
-5.67844e-05 0.000465442 0.000168261
-0.000312557 0.000168261 0.0888681

-0.00186526 0.000252474 -0.00295222
0.000252474 -0.00191691 -0.00128166
-0.00295222 -0.00128166 0.0818889

0.00102499 0.000199689 -0.00129802
0.000199689 -9.23711e-05 -0.000452534
-0.00129802 -0.000452534 0.0877011

-0.000681605 0.000112638 -3.74628e-05
0.000112638 -0.000745451 0.000500061
-3.74628e-05 0.000500061 0.0887535

0.000916807 3.45643e-05 0.000250872
3.45643e-05 0.000269638 0.000186542
0.000250872 0.000186542 0.0903105

0.00409742 -0.000141788 0.000222438
-0.000141788 0.00401194 -0.00382194
0.000222438 -0.00382194 0.100758

0.000651261 -8.26784e-05 6.6572e-05
-8.26784e-05 0.000700371 -0.000408395
6.6572e-05 -0.000408395 0.0927652

0.00218874 0.000148001 -0.000221375
0.000148001 0.00155353 0.00302801
-0.000221375 0.00302801 0.0986477

0.00348494 0.000149763 -0.00467555
0.000149763 0.00179071 -0.000726683
-0.00467555 -0.000726683 0.0908178

-0.00117846 0.00165704 0.00132959
0.00165704 -0.000319357 0.0030738
0.00132959 0.0030738 0.0732511

-0.00979211 -0.000363925 -0.00351081
-0.000363925 -0.0104398 -0.00227853
-0.00351081 -0.00227853 0.0720668

-0.00174016 -0.000216475 -0.000251208
-0.000216475 -0.00163311 0.000328602
-0.000251208 0.000328602 0.0858393

0.0006443 -0.000266485 0.00211183
-0.000266485 0.0006376 -0.000181309
0.00211183 -0.000181309 0.0884547

0.00206251 0.000243179 0.000862682
0.000243179 0.00224536 -0.00427059
0.000862682 -0.00427059 0.0996679

-0.00855603 0.000162518 0.0022512
0.000162518 -0.00779364 0.00329124
0.0022512 0.00329124 0.0734776

-0.000305 0.000156063 -0.000331605
0.000156063 3.68801e-05 0.000705893
-0.000331605 0.000705893 0.0903853

-0.00638102 0.000488706 -0.00098037
0.000488706 -0.00738905 0.0055141
-0.00098037 0.0055141 0.073746

-0.00815344 -0.00121093 -0.000102381
-0.00121093 -0.00656725 0.00167531
-0.000102381 0.00167531 0.0749209

0.00220392 -7.59004e-05 -0.00394842
-7.59004e-05 0.000973671 -0.00119756
-0.00394842 -0.00119756 0.0929176

-0.000709554 -9.74258e-05 0.000190385
-9.74258e-05 -0.00074937 0.000481891
0.000190385 0.000481891 0.0880698

0.000642818 0.000552021 -0.00441542
0.000552021 -0.000598414 -0.00152603
-0.00441542 -0.00152603 0.0861923

0.001072 -0.000147921 0.00084188
-0.000147921 0.000458489 0.00351137
0.00084188 0.00351137 0.097876

-0.00105654 -0.000325683 -0.000111976
-0.000325683 -0.00186048 -0.00162534
-0.000111976 -0.00162534 0.0819644

0.00528429 8.68352e-05 -0.00196904
8.68352e-05 0.0089985 -8.34098e-05
-0.00196904 -8.34098e-05 0.0895804

-0.00174617 0.000207106 -0.00491097
0.000207106 -0.00291068 0.00193141
-0.00491097 0.00193141 0.0827119

-0.00149281 -0.000101192 -9.76801e-05
-0.000101192 -0.00154488 0.00124192
-9.76801e-05 0.00124192 0.0866533

-0.0018959 -0.000319872 -0.00210951
-0.000319872 -0.00285709 0.00130293
-0.00210951 0.00130293 0.0831725

-0.00011333 -6.1497e-05 0.000937737
-6.1497e-05 -0.000493224 -0.000297765
0.000937737 -0.000297765 0.0887148

-0.000833121 2.08714e-05 -0.000187907
2.08714e-05 -0.0010291 -0.000131621
-0.000187907 -0.000131621 0.0904915

0.000312353 -2.15187e-05 0.00230833
-2.15187e-05 -0.00109758 -0.00328229
0.00230833 -0.00328229 0.0930548

0.00122958 5.57935e-07 -0.00428101
5.57935e-07 0.000107601 -0.00131593
-0.00428101 -0.00131593 0.0892514

-0.00185629 9.39125e-05 -0.000230607
9.39125e-05 -0.00165712 0.000342667
-0.000230607 0.000342667 0.0857931

-0.00101437 -0.000279643 -0.00214348
-0.000279643 -0.00142889 0.00177712
-0.00214348 0.00177712 0.0849685

0.00174239 0.000457063 0.00229594
0.000457063 0.0017808 0.00424025
0.00229594 0.00424025 0.0921231

0.001093 9.11456e-05 0.00590218
9.11456e-05 0.00105994 0.00262885
0.00590218 0.00262885 0.0886719

-0.00124378 7.57711e-06 0.000290583
7.57711e-06 -0.00101922 -0.00111612
0.000290583 -0.00111612 0.0875365

-0.000284223 -0.000147757 -0.000408762
-0.000147757 -0.000535587 0.000459235
-0.000408762 0.000459235 0.0881409

-0.00130581 0.000198072 -0.00123306
0.000198072 -0.00101336 -0.00146972
-0.00123306 -0.00146972 0.0869488

-0.000874507 1.09929e-05 -0.000112384
1.09929e-05 -0.00110313 -0.000110136
-0.000112384 -0.000110136 0.0895246

-0.000686957 -0.00028201 0.000942013
-0.00028201 -0.00117605 0.000297545
0.000942013 0.000297545 0.0868893

0.000365708 0.000135866 0.000201406
0.000135866 0.000732039 -0.000264991
0.000201406 -0.000264991 0.0892439

-0.0127387 0.00260416 -0.0117351
0.00260416 -0.00492 -0.00333639
-0.0117351 -0.00333639 0.0689986

-0.00605228 -0.000446053 -0.0024296
-0.000446053 -0.00635617 0.0011215
-0.0024296 0.0011215 0.0774011

-0.0021314 -0.000312295 0.000414632
-0.000312295 -0.00228538 -0.00178609
0.000414632 -0.00178609 0.0867186

-0.00405015 -0.00025688 0.00105644
-0.00025688 -0.0048091 -0.000388993
0.00105644 -0.000388993 0.0789858

-0.0121773 0.000266502 0.00323717
0.000266502 -0.0134472 0.00109308
0.00323717 0.00109308 0.0599051

0.00316982 -0.000512531 -0.00226929
-0.000512531 0.00313216 0.00184668
-0.00226929 0.00184668 0.0969982

0.000999735 -0.000474956 0.00194928
-0.000474956 0.00070539 -0.00173465
0.00194928 -0.00173465 0.0892044

0.00198105 0.000233078 -0.00252265
0.000233078 0.000515531 9.51243e-05
-0.00252265 9.51243e-05 0.088694

-0.00175281 0.000146372 0.000515645
0.000146372 -0.00149426 0.000149891
0.000515645 0.000149891 0.0869452

-0.000285203 2.93415e-05 -4.79136e-05
2.93415e-05 -0.00026742 -0.000352609
-4.79136e-05 -0.000352609 0.0893578

-0.00086172 -1.57217e-05 -1.83522e-05
-1.57217e-05 -0.00092977 0.000217531
-1.83522e-05 0.000217531 0.0890068

-0.00338971 -0.000207071 0.000514705
-0.000207071 -0.00366158 -0.000907143
0.000514705 -0.000907143 0.0814066

-0.000460793 -6.59246e-05 -0.00312892
-6.59246e-05 -0.000758241 -0.00324042
-0.00312892 -0.00324042 0.0869098

-0.000548102 9.11116e-05 -0.000146631
9.11116e-05 -0.000637522 0.000488353
-0.000146631 0.000488353 0.0891655

-0.00326504 8.28128e-05 -5.84302e-05
8.28128e-05 -0.00337003 0.000682621
-5.84302e-05 0.000682621 0.0838819

-0.00270409 -0.000222449 -0.00637308
-0.000222449 -0.00311259 -0.00627159
-0.00637308 -0.00627159 0.0819542

0.000779587 0.000648028 -0.00547417
0.000648028 0.00154462 -0.00507974
-0.00547417 -0.00507974 0.086661

-0.000316395 -5.617e-05 8.15986e-05
-5.617e-05 -0.000406794 0.000502385
8.15986e-05 0.000502385 0.0887638

-0.00110315 -0.000134155 -0.000267709
-0.000134155 -0.00054876 -4.70938e-06
-0.000267709 -4.70938e-06 0.0890879

0.000374563 -0.000122465 0.00046982
-0.000122465 0.000553778 -0.000135632
0.00046982 -0.000135632 0.0929269

0.000260536 -3.43385e-05 0.000389986
-3.43385e-05 -0.000199369 0.000234367
0.000389986 0.000234367 0.0897694

-0.00123127 -0.000142382 0.00016964
-0.000142382 -0.00132035 -3.82471e-05
0.00016964 -3.82471e-05 0.0874283

-0.000144957 -8.17731e-05 -0.000340219
-8.17731e-05 0.00118543 0.0038409
-0.000340219 0.0038409 0.0884763

-0.00513572 0.000556637 0.000652724
0.000556637 -0.00537964 0.00214175
0.000652724 0.00214175 0.0701712

-0.00104659 4.90338e-05 -0.00455407
4.90338e-05 -0.00282611 0.00047728
-0.00455407 0.00047728 0.0832814

-0.00239083 0.000140953 -4.72542e-05
0.000140953 -0.00202825 -0.000322178
-4.72542e-05 -0.000322178 0.0845325

0.000612803 0.000150312 0.00081675
0.000150312 0.000649463 0.000191684
0.00081675 0.000191684 0.095645

0.00421872 -5.22622e-05 -0.00471469
-5.22622e-05 0.00318113 0.00277155
-0.00471469 0.00277155 0.0957153

0.00186123 -0.00135181 -0.00514519
-0.00135181 0.00131895 0.00575377
-0.00514519 0.00575377 0.0846343

-0.00272368 6.49669e-07 -0.000504843
6.49669e-07 -0.0014748 0.00423989
-0.000504843 0.00423989 0.0841018

-0.00589197 -0.000608064 -0.00361912
-0.000608064 -0.00649444 0.00406338
-0.00361912 0.00406338 0.0741888

0.00258964 -0.000497995 -0.00259131
-0.000497995 0.00256889 0.000875845
-0.00259131 0.000875845 0.0951729

-5.00467e-05 0.000306461 0.00167797
0.000306461 -0.000289297 0.000507706
0.00167797 0.000507706 0.0899632

-5.88015e-05 0.000355299 -0.000843751
0.000355299 -0.000993838 -0.000648211
-0.000843751 -0.000648211 0.0857177

-0.00321517 -0.000786865 -0.000524383
-0.000786865 -0.00252745 0.000173168
-0.000524383 0.000173168 0.0815962

0.00200823 0.000218366 -0.00397885
0.000218366 0.00078394 0.000172271
-0.00397885 0.000172271 0.0901753

0.00501464 -0.000381302 -0.00184803
-0.000381302 0.00339426 0.000418564
-0.00184803 0.000418564 0.092017

-0.00121042 7.88674e-05 -0.000111914
7.88674e-05 -0.000263368 0.00419741
-0.000111914 0.00419741 0.0865717

0.00168655 7.58488e-05 -0.00179029
7.58488e-05 0.00148318 -0.00489668
-0.00179029 -0.00489668 0.0895508

0.000335964 -8.10066e-05 0.00110128
-8.10066e-05 0.000338518 -0.000788193
0.00110128 -0.000788193 0.0925643

-0.00236525 -0.000138289 -0.000123522
-0.000138289 -0.00260953 0.000868009
-0.000123522 0.000868009 0.0840621

-0.000538269 -7.92227e-05 -0.000201221
-7.92227e-05 -0.000716318 -5.95316e-05
-0.000201221 -5.95316e-05 0.0891561

-4.17243e-05 -5.53523e-05 -0.000147909
-5.53523e-05 -0.000211679 -0.000634464
-0.000147909 -0.000634464 0.0891729

-0.00115836 0.000394113 0.00187666
0.000394113 -0.00215336 -0.000601282
0.00187666 -0.000601282 0.0845528

-0.00106254 -3.15978e-05 -0.000181286
-3.15978e-05 -0.00124819 4.76842e-05
-0.000181286 4.76842e-05 0.0880669

-0.000575349 -2.12613e-05 0.00256802
-2.12613e-05 -0.00117233 0.000495119
0.00256802 0.000495119 0.086864

-0.00195782 -3.47864e-05 0.000164329
-3.47864e-05 -0.00192977 -0.000143642
0.000164329 -0.000143642 0.0860902

0.00283269 1.36063e-06 0.00352061
1.36063e-06 0.00163307 0.000433647
0.00352061 0.000433647 0.0926035

0.00174445 1.94038e-05 -0.00180679
1.94038e-05 0.000134166 -0.000450102
-0.00180679 -0.000450102 0.0880999

-0.000261396 0.000285322 -0.00362472
0.000285322 -0.000113715 -0.00133934
-0.00362472 -0.00133934 0.086594

-0.000805486 3.6352e-05 -0.000212237
3.6352e-05 -0.00075362 -0.000610393
-0.000212237 -0.000610393 0.0888448

-0.00318763 -0.000179023 0.00137836
-0.000179023 -0.00277777 -0.00319261
0.00137836 -0.00319261 0.0826901

-0.00184588 -0.000559311 0.00200808
-0.000559311 -0.00169361 -0.00280893
0.00200808 -0.00280893 0.0838538

-0.00229088 -0.000318294 0.00416493
-0.000318294 -0.0031656 -0.0024246
0.00416493 -0.0024246 0.0817669

-0.00139118 -0.000185381 0.00514904
-0.000185381 -0.00238756 -0.000537149
0.00514904 -0.000537149 0.0842085

-0.000837213 0.000155386 -0.00010293
0.000155386 -0.000759053 0.000414993
-0.00010293 0.000414993 0.0909772

0.00320974 8.33573e-05 -0.00321291
8.33573e-05 0.00331214 -0.00248196
-0.00321291 -0.00248196 0.09717

0.00119001 0.000432212 0.000215734
0.000432212 0.00175168 -1.74135e-05
0.000215734 -1.74135e-05 0.0897297

-8.05729e-05 0.000357984 -0.00274145
0.000357984 -0.00148368 -0.00123319
-0.00274145 -0.00123319 0.0851499

-0.000167289 -7.92115e-05 0.0015576
-7.92115e-05 -0.000423855 -0.00327292
0.0015576 -0.00327292 0.0871191

-0.00231626 -5.11133e-05 8.18169e-05
-5.11133e-05 -0.0020314 -9.99494e-05
8.18169e-05 -9.99494e-05 0.0852036

-0.00238106 0.000619151 -0.000270054
0.000619151 -0.00165735 0.000422325
-0.000270054 0.000422325 0.0832965

-0.0002238 -0.000273282 -0.000894792
-0.000273282 0.000581189 0.00122739
-0.000894792 0.00122739 0.0893742

0.0012305 -0.000529119 -0.00129357
-0.000529119 0.00160871 0.00202776
-0.00129357 0.00202776 0.0889815

-0.00277164 -0.00010311 -0.0035084
-0.00010311 -0.00282133 -0.000194922
-0.0035084 -0.000194922 0.082616

0.000518285 -0.000417801 0.00314152
-0.000417801 0.000331795 -0.00152288
0.00314152 -0.00152288 0.0874782

-6.23131e-05 0.000297102 0.00271594
0.000297102 -0.000477928 0.0022506
0.00271594 0.0022506 0.087068

-0.000414983 2.23241e-06 -0.000987555
2.23241e-06 1.64907e-05 -0.000981815
-0.000987555 -0.000981815 0.0879656

-0.0144855 0.00033378 -0.000853715
0.00033378 -0.0126944 -0.000976415
-0.000853715 -0.000976415 0.0533238

-0.0159373 0.000565373 -0.00171411
0.000565373 -0.0113257 0.0020017
-0.00171411 0.0020017 0.0557795

-0.00598675 -0.000479304 -0.00501576
-0.000479304 -0.00690887 0.00139026
-0.00501576 0.00139026 0.0764169

-0.0018815 -0.000110604 -0.00228678
-0.000110604 -0.00166216 0.00107648
-0.00228678 0.00107648 0.0864616

-0.00187657 0.000438945 -0.00159085
0.000438945 -0.00160265 -0.00102286
-0.00159085 -0.00102286 0.0861719

6.94927e-05 0.000148147 -0.000381868
0.000148147 0.000416941 -0.000487307
-0.000381868 -0.000487307 0.0887389

-0.000108489 2.75108e-05 -2.95097e-05
2.75108e-05 -8.58652e-05 -0.000209728
-2.95097e-05 -0.000209728 0.0887257

-0.000742167 0.000412729 -0.000903389
0.000412729 -0.00233103 -0.00111155
-0.000903389 -0.00111155 0.0835038

-0.00382016 3.9201e-05 -0.00145256
3.9201e-05 -0.00439026 -0.00109107
-0.00145256 -0.00109107 0.0821033

0.00329342 0.000213297 -0.00130929
0.000213297 0.00323319 -0.00467798
-0.00130929 -0.00467798 0.0942601

-0.00148859 -0.00104138 0.00177551
-0.00104138 -0.00222642 -0.000929528
0.00177551 -0.000929528 0.0825974

0.00215746 -0.000465041 0.00338556
-0.000465041 0.00162558 -0.000989266
0.00338556 -0.000989266 0.0905565

-0.00446225 -0.000243328 -0.000720577
-0.000243328 -0.00468453 -0.000504191
-0.000720577 -0.000504191 0.0820422

0.00118539 0.000303802 0.00056837
0.000303802 0.000865966 0.000544999
0.00056837 0.000544999 0.090439

0.00223555 -0.000463242 0.0013695
-0.000463242 0.00161524 0.00236766
0.0013695 0.00236766 0.101227

-0.000125751 2.20007e-06 -9.48787e-06
2.20007e-06 -0.000174449 0.000643547
-9.48787e-06 0.000643547 0.0881584

-0.00391587 0.000495845 0.00178474
0.000495845 -0.00396012 0.00179573
0.00178474 0.00179573 0.0802849

-2.08972e-05 -9.91485e-05 5.57457e-05
-9.91485e-05 -0.00010649 0.00067344
5.57457e-05 0.00067344 0.0886731

-0.00119036 -0.000110157 -0.00012506
-0.000110157 -0.00139388 4.81706e-05
-0.00012506 4.81706e-05 0.0880961

0.000232052 9.99057e-05 1.7675e-05
9.99057e-05 7.93409e-05 -0.00201818
1.7675e-05 -0.00201818 0.0870567

0.000111971 0.000151999 5.12995e-05
0.000151999 0.000150892 -0.000161811
5.12995e-05 -0.000161811 0.0895072

-0.000330203 -4.0372e-05 -0.000735282
-4.0372e-05 -0.00032299 0.00412939
-0.000735282 0.00412939 0.0874121

0.00298602 -5.73695e-05 -0.000144998
-5.73695e-05 0.00325457 0.00318619
-0.000144998 0.00318619 0.0965354

0.000536827 -1.39473e-05 0.000194769
-1.39473e-05 0.000547942 -0.000293919
0.000194769 -0.000293919 0.0892024

-0.00116248 2.30776e-05 0.000736469
2.30776e-05 -0.000931465 0.000392542
0.000736469 0.000392542 0.0867373

-0.00163687 0.000172616 -0.000478293
0.000172616 -0.0019973 0.000215791
-0.000478293 0.000215791 0.0849331

-0.000928631 0.000214079 0.001218
0.000214079 -0.00057302 0.000261693
0.001218 0.000261693 0.0881482

-0.000240195 0.000322574 0.00197825
0.000322574 0.000848947 0.00565831
0.00197825 0.00565831 0.0879786

-0.00288376 -1.97852e-05 0.000329868
-1.97852e-05 -0.00262727 -0.000670176
0.000329868 -0.000670176 0.0847258

-0.00221226 -0.000126602 -0.00236677
-0.000126602 -0.0010596 0.00255081
-0.00236677 0.00255081 0.0796719

-0.00137323 0.000124905 -0.000408844
0.000124905 -0.00110502 0.000433445
-0.000408844 0.000433445 0.0873538

0.000229201 -0.00012819 -0.00328935
-0.00012819 -0.000282827 -0.00109528
-0.00328935 -0.00109528 0.0878787

-0.00226583 -0.000428964 0.00083959
-0.000428964 -0.00171714 -0.00254001
0.00083959 -0.00254001 0.0837582

0.000923622 0.000142763 0.000100385
0.000142763 0.000984482 -0.000294132
0.000100385 -0.000294132 0.0894502

-0.00015544 5.54476e-05 -0.0040467
5.54476e-05 -0.000863683 -0.000593165
-0.0040467 -0.000593165 0.0859262

-0.00159808 9.02563e-05 -1.19147e-06
9.02563e-05 -0.00155081 0.000699665
-1.19147e-06 0.000699665 0.0868764

0.000653675 3.50724e-05 -3.40741e-05
3.50724e-05 -0.000475784 0.000237545
-3.40741e-05 0.000237545 0.0904691

-0.00262386 -0.00025332 0.000731889
-0.00025332 -0.00353509 -0.00204809
0.000731889 -0.00204809 0.0847016

0.00326224 1.79327e-05 0.00271704
1.79327e-05 0.00191347 0.00347722
0.00271704 0.00347722 0.0882089

-0.000589972 0.000104264 -0.000557899
0.000104264 -0.000384788 -8.86448e-05
-0.000557899 -8.86448e-05 0.0923402

-0.00118774 3.52455e-05 -0.000927811
3.52455e-05 -0.00153002 -7.94228e-05
-0.000927811 -7.94228e-05 0.0872915

-0.000450815 0.000116568 -0.000281515
0.000116568 -0.000505394 0.000248095
-0.000281515 0.000248095 0.0904037

-0.00140283 -0.000329893 0.000346563
-0.000329893 -0.000729387 -0.00223474
0.000346563 -0.00223474 0.0870216

0.00105473 -6.94263e-05 -0.000269649
-6.94263e-05 0.00106772 7.66408e-05
-0.000269649 7.66408e-05 0.090551

-0.000796358 8.84058e-05 0.000508724
8.84058e-05 -0.000883678 -0.00139603
0.000508724 -0.00139603 0.0894971

-0.000106943 -6.95561e-05 -0.000255455
-6.95561e-05 -0.000384732 0.000123586
-0.000255455 0.000123586 0.089025

-0.000239195 6.75788e-05 0.00549331
6.75788e-05 -0.00021941 0.00144534
0.00549331 0.00144534 0.0864518

-0.00144745 0.000367215 0.00338317
0.000367215 -0.00102785 0.00340834
0.00338317 0.00340834 0.0851623

-0.000323864 -9.90868e-06 1.5852e-05
-9.90868e-06 -0.000514002 8.15058e-05
1.5852e-05 8.15058e-05 0.0888501

-0.000409825 -0.000360241 -0.00166885
-0.000360241 -0.000810824 0.000994248
-0.00166885 0.000994248 0.0857217

0.000296114 -0.000155445 -0.000277168
-0.000155445 0.000740337 -0.000509941
-0.000277168 -0.000509941 0.0930558

-0.000356387 0.000178949 8.50619e-05
0.000178949 -0.000240117 5.71846e-05
8.50619e-05 5.71846e-05 0.0927582

-0.000885857 0.000106533 -0.00370045
0.000106533 -0.00145194 -0.00179286
-0.00370045 -0.00179286 0.0852761

-0.000554569 4.98535e-05 0.000127835
4.98535e-05 -0.000337538 -6.57714e-05
0.000127835 -6.57714e-05 0.0886689

-0.00199412 0.000415735 -0.000588448
0.000415735 -0.00133638 0.000802973
-0.000588448 0.000802973 0.0889079

0.00122426 -3.14733e-05 -0.000727448
-3.14733e-05 0.00102321 0.000312965
-0.000727448 0.000312965 0.0895054

-0.000467329 -1.45867e-05 0.00102102
-1.45867e-05 -0.000476443 -0.000446711
0.00102102 -0.000446711 0.0882539

0.00235498 -0.000135191 -0.00103286
-0.000135191 0.00368608 -0.00394806
-0.00103286 -0.00394806 0.0916691

0.000960772 -0.000197903 0.000556159
-0.000197903 0.0013702 0.00349903
0.000556159 0.00349903 0.091406

-0.00148583 -0.00032746 4.0254e-05
-0.00032746 -0.00157922 -0.000767461
4.0254e-05 -0.000767461 0.0876246

-0.010826 0.00119636 -0.000998771
0.00119636 -0.00789957 0.00226197
-0.000998771 0.00226197 0.059348

-0.00360111 -0.000635614 0.00110759
-0.000635614 -0.00340976 -0.00275197
0.00110759 -0.00275197 0.0816356

0.00543128 -0.000546549 -0.00186134
-0.000546549 0.00504873 8.11136e-05
-0.00186134 8.11136e-05 0.0929561

0.00158143 -5.68638e-05 -0.000625481
-5.68638e-05 0.00159448 0.0037865
-0.000625481 0.0037865 0.0913151

0.0023229 0.000128082 0.000304287
0.000128082 0.00107662 -0.000668672
0.000304287 -0.000668672 0.0903552

-0.00155672 0.000170502 7.28436e-05
0.000170502 -0.00170131 0.000764495
7.28436e-05 0.000764495 0.087072

-0.00136411 1.32445e-05 -0.000106484
1.32445e-05 -0.00133806 0.000115168
-0.000106484 0.000115168 0.0865532

0.00461533 0.000261001 -0.00328613
0.000261001 0.00385992 -0.00114609
-0.00328613 -0.00114609 0.106785

0.00185174 9.77797e-05 -0.0024175
9.77797e-05 0.000949334 -0.00143861
-0.0024175 -0.00143861 0.0940171

-0.00119398 -0.000190071 0.000760573
-0.000190071 -0.0010619 -0.00121334
0.000760573 -0.00121334 0.0869841

-0.000777079 0.00013186 -0.000347155
0.00013186 -0.000982618 0.000687695
-0.000347155 0.000687695 0.0895724

0.000941952 9.67129e-05 -0.00174903
9.67129e-05 0.00112362 -0.00678163
-0.00174903 -0.00678163 0.0879553

-0.00143176 0.00018733 -0.000207563
0.00018733 -0.00167617 0.000362856
-0.000207563 0.000362856 0.0865474

-0.00232814 6.5626e-05 -0.00127276
6.5626e-05 -0.00250959 -0.00120966
-0.00127276 -0.00120966 0.0839148

-0.00245721 -0.000101218 -7.76136e-05
-0.000101218 -0.00239677 -0.00395098
-7.76136e-05 -0.00395098 0.0837011

0.00106595 -6.63037e-05 -0.00245615
-6.63037e-05 0.00105442 -0.000936175
-0.00245615 -0.000936175 0.0900017

0.000686914 0.000145934 0.000247941
0.000145934 0.000867683 -0.00188249
0.000247941 -0.00188249 0.0932922

-0.00390057 -0.000613985 0.000610302
-0.000613985 -0.00374419 -0.000604938
0.000610302 -0.000604938 0.0811987

0.000260065 -0.000106778 -0.000319395
-0.000106778 0.000323978 -1.10406e-05
-0.000319395 -1.10406e-05 0.0899028

-0.000378366 -0.000314306 -0.000176702
-0.000314306 -0.000255949 0.000830591
-0.000176702 0.000830591 0.0906004

-0.000841297 0.000149495 0.000400661
0.000149495 -0.000818123 0.00041411
0.000400661 0.00041411 0.0872857

-0.0028553 0.00033498 -0.00371705
0.00033498 -0.00277417 -0.0025012
-0.00371705 -0.0025012 0.0827537

0.000581769 -0.000437112 0.00107794
-0.000437112 0.00123193 -0.00186501
0.00107794 -0.00186501 0.089476

-0.00242191 -3.6597e-05 -0.0028822
-3.6597e-05 -0.00234238 -0.000513173
-0.0028822 -0.000513173 0.0841203

0.00126696 0.000323262 -0.00330344
0.000323262 0.00156198 -0.00402103
-0.00330344 -0.00402103 0.0892081

-3.51078e-05 0.000123734 0.000943943
0.000123734 -0.000350593 9.37713e-05
0.000943943 9.37713e-05 0.0899963

-6.81414e-06 2.99778e-05 8.17973e-05
2.99778e-05 3.31909e-05 -4.06174e-05
8.17973e-05 -4.06174e-05 0.0891146

0.000143865 -0.000228546 -4.7111e-05
-0.000228546 0.000135925 0.000200426
-4.7111e-05 0.000200426 0.0910186

0.00307984 -5.08443e-05 -0.00105787
-5.08443e-05 0.00310871 -0.0043525
-0.00105787 -0.0043525 0.098962

-0.00069508 -7.74206e-05 0.000543931
-7.74206e-05 -0.000756965 -0.000163214
0.000543931 -0.000163214 0.0882

4.6387e-05 0.00114189 -0.00339964
0.00114189 -4.93586e-05 -0.00693096
-0.00339964 -0.00693096 0.0876555

-0.000250339 -4.14815e-05 -0.000166219
-4.14815e-05 -0.000248274 0.000131365
-0.000166219 0.000131365 0.0904051

-0.00133926 0.0001235 0.000105215
0.0001235 -0.00141786 0.000691016
0.000105215 0.000691016 0.0873478

-0.0017495 0.000614301 -0.00131778
0.000614301 -0.00195644 0.00141087
-0.00131778 0.00141087 0.083168

0.00038701 -0.000430124 0.00235743
-0.000430124 0.000578349 -0.00130289
0.00235743 -0.00130289 0.088139

-0.000729205 5.01801e-05 -0.000516663
5.01801e-05 -0.00109311 0.000803784
-0.000516663 0.000803784 0.0894898

0.000180912 -0.000709038 -0.00251374
-0.000709038 0.000245578 0.0038321
-0.00251374 0.0038321 0.0861517

-0.000801673 5.82617e-05 -0.000438267
5.82617e-05 -0.000803345 0.000540993
-0.000438267 0.000540993 0.0889111

0.00154579 -0.000441526 -0.00434542
-0.000441526 0.00158 0.00330995
-0.00434542 0.00330995 0.0893636

-0.00121645 -0.00028676 -0.00631012
-0.00028676 -0.00104703 -0.00208666
-0.00631012 -0.00208666 0.0867787

-0.00210129 0.000412799 -0.0036873
0.000412799 -0.00267601 -0.00167615
-0.0036873 -0.00167615 0.0822868

0.00289898 -0.000134376 -0.000941761
-0.000134376 0.00320274 0.00226184
-0.000941761 0.00226184 0.0951086

-0.00697287 0.000317148 -0.00150733
0.000317148 -0.00763393 -0.00114412
-0.00150733 -0.00114412 0.0741934

0.00150134 0.000348772 -0.00299642
0.000348772 0.00100867 -0.000787696
-0.00299642 -0.000787696 0.090477

-0.00377011 -0.000217877 -0.00369157
-0.000217877 -0.00454303 -0.00032748
-0.00369157 -0.00032748 0.0806574

-0.00112594 0.000233298 -0.00104337
0.000233298 -0.00123966 -0.000913225
-0.00104337 -0.000913225 0.0854134

0.00222932 -0.000242942 -0.00217704
-0.000242942 0.00145382 0.00130817
-0.00217704 0.00130817 0.091205

-0.00139032 0.000465286 0.00293793
0.000465286 -0.00059942 0.00232163
0.00293793 0.00232163 0.0838307

-0.00192131 2.8672e-06 4.07006e-05
2.8672e-06 -0.00166771 -0.00066334
4.07006e-05 -0.00066334 0.0863786

0.000678347 -0.000334213 -0.00118729
-0.000334213 0.00103827 0.00200882
-0.00118729 0.00200882 0.0888915

0.0019249 -0.000277871 -0.00177286
-0.000277871 0.00258584 0.00240798
-0.00177286 0.00240798 0.0927431

-0.00296786 -0.000333526 0.000425396
-0.000333526 -0.00128202 0.00237558
0.000425396 0.00237558 0.0836215

0.000132149 -0.000279001 -0.00103708
-0.000279001 0.000388621 0.00197626
-0.00103708 0.00197626 0.088935

0.00167321 0.000231508 -0.000706332
0.000231508 0.00230235 -0.00130007
-0.000706332 -0.00130007 0.0927747

-0.000470449 -0.000274452 -0.00107638
-0.000274452 -0.000212312 0.00202212
-0.00107638 0.00202212 0.0879349

-0.00024644 4.54053e-05 9.78981e-05
4.54053e-05 -8.7253e-05 -3.10424e-05
9.78981e-05 -3.10424e-05 0.0893179

-0.00350862 0.000975341 -0.00561619
0.000975341 -0.00354572 -0.00389705
-0.00561619 -0.00389705 0.0758658

-0.00024228 0.000132688 -0.00518632
0.000132688 -0.00189649 0.00149104
-0.00518632 0.00149104 0.0850864

-0.00192752 -0.000320369 9.22741e-05
-0.000320369 -0.00145703 0.00133811
9.22741e-05 0.00133811 0.0855135

-0.000705304 -0.000525147 -0.000833808
-0.000525147 -0.00225926 0.0018627
-0.000833808 0.0018627 0.0839542

0.000224138 -0.000198192 -0.00101032
-0.000198192 1.53682e-05 0.000576818
-0.00101032 0.000576818 0.0887392

-0.00220643 0.000368834 -0.00372704
0.000368834 -0.00242642 0.00130117
-0.00372704 0.00130117 0.0848063

-0.00218199 -0.000191407 -0.000977849
-0.000191407 -0.0023404 -0.000228937
-0.000977849 -0.000228937 0.0846472

-0.00132349 0.000219344 0.00272147
0.000219344 -0.000630499 0.00212231
0.00272147 0.00212231 0.0847772

0.00163183 -5.36529e-06 -0.00063639
-5.36529e-06 0.00152722 0.00023881
-0.00063639 0.00023881 0.0908234

-0.000636394 8.6309e-05 -0.000313254
8.6309e-05 -0.000392625 -1.19467e-05
-0.000313254 -1.19467e-05 0.0880017

-0.00102367 0.000122567 -0.000219717
0.000122567 -0.000608227 1.02001e-06
-0.000219717 1.02001e-06 0.0872233

-0.000300216 7.77058e-05 -0.000278155
7.77058e-05 -0.000571823 0.00035788
-0.000278155 0.00035788 0.0885066

-0.00126682 0.000104989 0.000542474
0.000104989 -0.00117088 6.76516e-05
0.000542474 6.76516e-05 0.0874409

-0.00137921 -2.89098e-05 -0.00028467
-2.89098e-05 -0.000907359 6.41959e-05
-0.00028467 6.41959e-05 0.0895033

-0.000396682 -0.00082627 0.00146385
-0.00082627 0.00131699 -0.00153649
0.00146385 -0.00153649 0.0883751

0.000681098 0.000153378 -5.87223e-05
0.000153378 0.000454357 -0.000829428
-5.87223e-05 -0.000829428 0.0944161

0.000115397 -7.17443e-05 0.00099898
-7.17443e-05 0.00150498 -0.000814867
0.00099898 -0.000814867 0.0922503

0.000159954 0.00032089 0.00190312
0.00032089 0.000338034 0.00206584
0.00190312 0.00206584 0.087275

-4.76485e-05 0.000361624 0.00143709
0.000361624 0.000101617 0.00118361
0.00143709 0.00118361 0.0894513

-0.000605635 -0.000122359 -0.000147388
-0.000122359 -0.000494388 4.06452e-05
-0.000147388 4.06452e-05 0.0883593

0.000627515 0.000620298 0.00133097
0.000620298 0.00155741 0.00147495
0.00133097 0.00147495 0.0891477

-6.21923e-05 -0.000100718 0.00202583
-0.000100718 6.36805e-05 -0.00054705
0.00202583 -0.00054705 0.0894363

-0.00100706 0.000196304 -0.00358122
0.000196304 -0.00036949 0.000903928
-0.00358122 0.000903928 0.0862619

9.59554e-05 9.63273e-05 0.000463999
9.63273e-05 0.000301622 -3.87277e-05
0.000463999 -3.87277e-05 0.0907431

0.00078427 -0.000177077 -0.00186969
-0.000177077 0.00060289 0.00145809
-0.00186969 0.00145809 0.0889469

0.00160681 -0.000203169 -0.00375037
-0.000203169 0.00202501 0.00353962
-0.00375037 0.00353962 0.091631

-0.000383208 9.94616e-05 -0.000153349
9.94616e-05 -0.000449981 -8.24008e-05
-0.000153349 -8.24008e-05 0.0881459

-0.000947397 0.000548112 0.00207377
0.000548112 -0.000611093 0.00195219
0.00207377 0.00195219 0.0863895

-0.00075345 1.20651e-05 0.000422087
1.20651e-05 -0.000829616 -0.000252633
0.000422087 -0.000252633 0.0881249

-0.00349282 0.00015368 -0.000592833
0.00015368 -0.00356672 -0.000254253
-0.000592833 -0.000254253 0.0814315

-0.00115473 4.65282e-05 -0.000381281
4.65282e-05 -0.000825479 0.00344361
-0.000381281 0.00344361 0.0871666

-0.000394598 -3.56682e-05 -0.000569213
-3.56682e-05 -7.65651e-05 -8.8845e-05
-0.000569213 -8.8845e-05 0.0924549

-0.000275681 -1.58496e-07 -0.000578559
-1.58496e-07 0.000156514 -5.43898e-05
-0.000578559 -5.43898e-05 0.0921747

-0.00094464 0.000515225 0.000243482
0.000515225 -0.00142706 0.00103516
0.000243482 0.00103516 0.0906175

-0.000604913 -0.000112242 9.35563e-05
-0.000112242 -0.000974496 -0.000302294
9.35563e-05 -0.000302294 0.0900889

-0.00146093 -0.000350325 0.00203606
-0.000350325 -0.000790853 -0.0031225
0.00203606 -0.0031225 0.0860475

-0.00316556 -2.12053e-05 0.00030696
-2.12053e-05 -0.00273187 -0.000156282
0.00030696 -0.000156282 0.0841648

0.0002085 2.43358e-05 -0.000685971
2.43358e-05 0.00134149 -0.00499777
-0.000685971 -0.00499777 0.0882815

-0.00318724 -0.000357197 -0.00336726
-0.000357197 -0.0036358 0.00201706
-0.00336726 0.00201706 0.0824504

0.00241866 -0.000190062 -0.00332836
-0.000190062 0.00289733 0.0032087
-0.00332836 0.0032087 0.0950055

0.00148987 0.000359711 0.00194604
0.000359711 0.00137529 0.00104648
0.00194604 0.00104648 0.092132

0.00488657 -5.78148e-06 0.00502182
-5.78148e-06 0.00343525 0.000468143
0.00502182 0.000468143 0.0961683

-0.000203843 -0.00015646 -0.00119568
-0.00015646 -0.00117845 0.000922911
-0.00119568 0.000922911 0.0856175

0.0013118 -0.000713239 0.00535194
-0.000713239 0.00033183 -0.0013459
0.00535194 -0.0013459 0.0890023

-0.000180167 -0.000273523 0.00329517
-0.000273523 -0.000258223 -0.00280286
0.00329517 -0.00280286 0.0860102

-0.000892902 -0.000140316 0.000609525
-0.000140316 -0.00131131 -0.000559296
0.000609525 -0.000559296 0.09411

-0.00200534 -6.47885e-05 -0.000120687
-6.47885e-05 -0.00169856 -1.46335e-05
-0.000120687 -1.46335e-05 0.0877465

0.00230459 0.000445984 0.00527158
0.000445984 0.00211952 0.00273637
0.00527158 0.00273637 0.0912524

0.0016108 -0.000124229 -0.00300795
-0.000124229 0.0017831 0.00192595
-0.00300795 0.00192595 0.0938819

0.000101164 0.000124881 0.000463418
0.000124881 0.000329271 -0.00225029
0.000463418 -0.00225029 0.0877223

-0.000554029 9.96242e-05 -0.000574526
9.96242e-05 -0.000296198 -0.000127061
-0.000574526 -0.000127061 0.0923868

-7.73656e-05 -4.1049e-05 0.000294523
-4.1049e-05 -0.000278789 -0.000173137
0.000294523 -0.000173137 0.0885976

0.00355961 -0.000550468 0.0014586
-0.000550468 0.00400276 -0.00489008
0.0014586 -0.00489008 0.101124

-0.0019151 -0.000710498 0.00181741
-0.000710498 -0.00173618 -0.00309958
0.00181741 -0.00309958 0.0842821

-0.00509808 -2.0772e-05 -0.000197094
-2.0772e-05 -0.00468532 0.000436141
-0.000197094 0.000436141 0.0807129

0.000341644 -0.000535013 -0.000740279
-0.000535013 -0.00177757 -0.000499247
-0.000740279 -0.000499247 0.0848652

0.00127862 -9.76487e-05 -0.00314942
-9.76487e-05 0.00136175 0.00207467
-0.00314942 0.00207467 0.092591

-0.000636519 0.0002038 0.0035817
0.0002038 -0.00122635 -0.00267868
0.0035817 -0.00267868 0.0861118

0.00414546 -0.000324681 0.00357153
-0.000324681 0.00332444 -0.00272856
0.00357153 -0.00272856 0.0933575

-0.00139823 0.000318547 -0.00394852
0.000318547 -0.00302087 -0.00086308
-0.00394852 -0.00086308 0.0835406

-0.0025088 3.92702e-05 -0.00102188
3.92702e-05 -0.00258345 -0.000596532
-0.00102188 -0.000596532 0.0831947

0.000721743 9.78492e-05 0.000819619
9.78492e-05 0.000803699 -5.85764e-05
0.000819619 -5.85764e-05 0.096251

-0.00212303 0.000305279 -0.00101588
0.000305279 -0.0018841 -0.00113542
-0.00101588 -0.00113542 0.085433

-0.000525322 -0.000169004 8.62681e-05
-0.000169004 -0.000511212 0.000196854
8.62681e-05 0.000196854 0.0894263

-0.000333954 -3.91164e-05 0.00151141
-3.91164e-05 -0.00045891 -0.00139186
0.00151141 -0.00139186 0.0865903

-0.000353079 0.000129928 -0.000615186
0.000129928 -0.000378342 0.00013065
-0.000615186 0.00013065 0.0898782

-0.00209568 -0.000151404 0.000541211
-0.000151404 -0.00147979 -0.000547942
0.000541211 -0.000547942 0.0855454

0.000364065 -0.00065133 -0.000209564
-0.00065133 -0.00174044 -0.0011748
-0.000209564 -0.0011748 0.0819527

-0.00237511 -0.000280462 0.00155289
-0.000280462 -0.0020161 0.00105233
0.00155289 0.00105233 0.0857735

-0.00110107 -7.47371e-05 0.000671022
-7.47371e-05 -0.000713852 -0.00120374
0.000671022 -0.00120374 0.0870261

-0.00259696 -0.000138369 0.000117663
-0.000138369 -0.00264521 -0.00471955
0.000117663 -0.00471955 0.0834136

-0.000978322 -1.54407e-05 0.000673063
-1.54407e-05 -0.000859102 -0.00128244
0.000673063 -0.00128244 0.0869577

0.000488866 9.22367e-05 0.00356773
9.22367e-05 0.00127612 -0.00297294
0.00356773 -0.00297294 0.0915022

-0.000624889 -0.000162321 0.000111309
-0.000162321 -0.000636716 0.00055646
0.000111309 0.00055646 0.0886364

0.00128601 0.000167544 -0.00320328
0.000167544 0.000379987 -0.00184071
-0.00320328 -0.00184071 0.0887453

-0.00255885 0.000116035 0.00353444
0.000116035 -0.00297628 0.00120917
0.00353444 0.00120917 0.082444

-0.00343757 -0.000533427 0.000672886
-0.000533427 -0.0024057 0.00368922
0.000672886 0.00368922 0.0830033

-0.000525393 -1.47997e-10 -3.62315e-05
-1.47997e-10 -0.000525392 0.00011351
-3.62315e-05 0.00011351 0.0878694

-0.000940049 0.000134651 6.04325e-05
0.000134651 -0.00133382 0.00137163
6.04325e-05 0.00137163 0.0886967

0.000640653 0.000271337 -0.0010675
0.000271337 0.000469479 0.0010231
-0.0010675 0.0010231 0.0956409

0.00252587 0.000293278 -0.0014716
0.000293278 0.00175892 0.0024804
-0.0014716 0.0024804 0.102011

0.000616162 -9.69376e-06 -0.000100519
-9.69376e-06 0.000743693 -0.000128455
-0.000100519 -0.000128455 0.0896499

0.00011186 5.79437e-06 -0.000295742
5.79437e-06 6.67345e-06 0.000137003
-0.000295742 0.000137003 0.0886705

-0.00382899 -0.000131952 -0.000162096
-0.000131952 -0.00240939 0.00354036
-0.000162096 0.00354036 0.0827572

-0.000429448 -9.95463e-05 0.000273062
-9.95463e-05 -0.000406505 0.000627047
0.000273062 0.000627047 0.0892211

-0.00199236 -0.000474412 -0.00308284
-0.000474412 -0.0025956 0.00178663
-0.00308284 0.00178663 0.0841428

-0.00348114 -0.000902516 -0.00011983
-0.000902516 -0.00312852 -3.43511e-05
-0.00011983 -3.43511e-05 0.0805561

-0.000313717 0.000129268 0.000106706
0.000129268 -0.000246435 0.000166179
0.000106706 0.000166179 0.0916836

-5.27852e-05 -1.33364e-05 9.68313e-05
-1.33364e-05 2.4972e-05 -0.00039558
9.68313e-05 -0.00039558 0.0892086

-0.00053208 0.000247072 0.00288803
0.000247072 -0.00213599 0.000946428
0.00288803 0.000946428 0.0846021

-0.0013905 0.00055163 -0.00442947
0.00055163 -0.00281705 -0.000747472
-0.00442947 -0.000747472 0.0826698

0.00217738 6.72099e-05 -0.00418935
6.72099e-05 0.00178998 -0.0012283
-0.00418935 -0.0012283 0.090512

-0.00279706 -0.00045729 -0.00337224
-0.00045729 -0.00313201 0.00184602
-0.00337224 0.00184602 0.0834852

-0.00205893 0.000395803 -0.000225844
0.000395803 -0.00193071 -0.00185051
-0.000225844 -0.00185051 0.0857624

-0.00122228 4.18485e-05 -0.000711254
4.18485e-05 -0.00115735 -8.15262e-05
-0.000711254 -8.15262e-05 0.0871438

-0.000996431 0.000216896 -0.000893203
0.000216896 -0.00106308 -0.00161793
-0.000893203 -0.00161793 0.0867017

-0.000760993 -8.15933e-05 0.000336952
-8.15933e-05 -0.000735759 0.000560472
0.000336952 0.000560472 0.088168

0.000545284 -0.000200831 -0.00227126
-0.000200831 0.000312973 0.00191785
-0.00227126 0.00191785 0.0884267

-0.000122587 -7.81755e-05 2.07561e-05
-7.81755e-05 -0.000318124 0.000140745
2.07561e-05 0.000140745 0.0909443

0.000431274 -0.00011934 0.000692766
-0.00011934 0.000660439 0.000330428
0.000692766 0.000330428 0.0895711

-0.00262311 -6.87021e-05 -0.000776559
-6.87021e-05 -0.00207115 0.000477206
-0.000776559 0.000477206 0.0854654

0.000104194 -2.62347e-05 8.27976e-05
-2.62347e-05 0.000155564 4.75846e-05
8.27976e-05 4.75846e-05 0.0889488

-0.000115501 -0.000189584 -0.000720361
-0.000189584 0.000257146 -9.80687e-05
-0.000720361 -9.80687e-05 0.0883856

-0.000675917 -4.23544e-05 0.00027531
-4.23544e-05 -0.000219108 0.000620033
0.00027531 0.000620033 0.0878296

-0.00319388 0.000262519 -0.000669804
0.000262519 -0.00339128 -0.000169818
-0.000669804 -0.000169818 0.0822872

-0.00111405 -0.000129061 -0.000121903
-0.000129061 -0.000851643 -2.9411e-05
-0.000121903 -2.9411e-05 0.0904467

0.000703376 -0.000192772 -0.00110312
-0.000192772 0.00050515 0.000722509
-0.00110312 0.000722509 0.0901665

-0.0011312 0.000128645 0.000382822
0.000128645 -0.000530759 -0.000137575
0.000382822 -0.000137575 0.088144

-0.00330771 -0.000259232 9.98941e-05
-0.000259232 -0.00259815 1.66136e-05
9.98941e-05 1.66136e-05 0.0808243

-0.000781867 -6.97358e-05 -0.00134799
-6.97358e-05 -0.000843558 0.000176633
-0.00134799 0.000176633 0.0865073

-0.000920765 1.5546e-05 0.000276429
1.5546e-05 -0.000712275 -4.34938e-05
0.000276429 -4.34938e-05 0.0883262

-0.000210788 -0.000551285 -0.00375934
-0.000551285 -0.000425417 0.00233867
-0.00375934 0.00233867 0.0876246

-0.00119343 6.06368e-06 -0.000317889
6.06368e-06 -0.000789539 -0.000154634
-0.000317889 -0.000154634 0.0892989

0.00159067 -7.22429e-05 -0.00341695
-7.22429e-05 0.00122675 0.00156021
-0.00341695 0.00156021 0.0898224

2.97343e-05 0.000105019 -0.000369736
0.000105019 2.04429e-05 0.000110169
-0.000369736 0.000110169 0.088704

-0.00208555 -0.000136299 -0.00332941
-0.000136299 -0.00290046 0.000991824
-0.00332941 0.000991824 0.0833579

-0.00138908 -0.000146332 -0.00615037
-0.000146332 -0.00106619 -0.00339764
-0.00615037 -0.00339764 0.0864585

-0.000315951 -0.000100034 0.000750995
-0.000100034 -0.000488389 -0.000669613
0.000750995 -0.000669613 0.087797

0.00225431 -0.000312803 -0.00412577
-0.000312803 0.00141847 0.00261115
-0.00412577 0.00261115 0.0901922

-0.00107919 -0.000254153 -0.00111175
-0.000254153 -0.00162007 0.0037197
-0.00111175 0.0037197 0.0838897

-0.0014696 0.000730973 -0.00365006
0.000730973 -0.0013097 -0.00168475
-0.00365006 -0.00168475 0.0830237

0.00145312 -0.000491431 -0.00431337
-0.000491431 0.000693982 0.00227948
-0.00431337 0.00227948 0.0891246

-0.000112953 -3.72792e-05 0.000382227
-3.72792e-05 -0.000350587 -0.000145327
0.000382227 -0.000145327 0.0883881

-0.0016892 -9.22813e-05 -0.00074453
-9.22813e-05 -0.00136606 -0.0004538
-0.00074453 -0.0004538 0.0875989

0.000870346 -0.000284421 -0.000637735
-0.000284421 0.000487872 0.00339197
-0.000637735 0.00339197 0.0874012

-0.00290965 -0.000154871 -0.000322387
-0.000154871 -0.00186955 0.00180668
-0.000322387 0.00180668 0.0781792

-0.00497884 0.000466788 -0.000176507
0.000466788 -0.00456984 -0.00141519
-0.000176507 -0.00141519 0.0807707

0.00266714 0.000368813 -0.0037292
0.000368813 0.00125611 0.000453041
-0.0037292 0.000453041 0.0955825

0.00184903 -8.00345e-05 -0.00570462
-8.00345e-05 0.00173927 0.0021477
-0.00570462 0.0021477 0.0899702

-0.00366334 0.00076978 -0.000713364
0.00076978 -0.00337933 -0.000635753
-0.000713364 -0.000635753 0.0769108

-0.000112165 -0.000105782 0.00043314
-0.000105782 -3.02823e-05 -0.000104589
0.00043314 -0.000104589 0.09041

0.000900627 -0.000291519 0.00225113
-0.000291519 0.00103744 0.00116931
0.00225113 0.00116931 0.0905382

0.00154439 0.000642305 -0.00187007
0.000642305 0.0014345 -0.00261879
-0.00187007 -0.00261879 0.0906871

-0.00111547 0.000292549 0.00325647
0.000292549 -0.00150362 0.00203979
0.00325647 0.00203979 0.0853461

-0.000491129 -0.000208027 -0.000139027
-0.000208027 -0.000831449 0.000314889
-0.000139027 0.000314889 0.0897078

0.0048755 0.000432186 0.000443035
0.000432186 0.0050714 0.00124127
0.000443035 0.00124127 0.101565

-0.000527117 0.000268761 -5.89402e-05
0.000268761 -0.000664235 0.000363031
-5.89402e-05 0.000363031 0.0891973

-0.000167537 -3.59557e-05 9.42992e-05
-3.59557e-05 9.02609e-06 5.30079e-05
9.42992e-05 5.30079e-05 0.0888584

-0.000463531 -1.81709e-05 7.16981e-05
-1.81709e-05 -0.000477609 -0.00014107
7.16981e-05 -0.00014107 0.0911831

0.00277828 -0.000155706 -0.0043068
-0.000155706 0.00129797 0.000750839
-0.0043068 0.000750839 0.096206

2.24394e-05 5.328e-05 0.000370112
5.328e-05 3.68796e-05 0.000131678
0.000370112 0.000131678 0.0933217

-0.000786024 1.6239e-07 -0.000151391
1.6239e-07 -0.00104106 -0.000191615
-0.000151391 -0.000191615 0.0907503

-9.92513e-05 0.00013474 -0.000660543
0.00013474 -0.000118927 0.000504588
-0.000660543 0.000504588 0.0906025

-0.00320181 0.000137159 -0.00241304
0.000137159 -0.00396113 -0.000984171
-0.00241304 -0.000984171 0.0792024

-0.000733652 5.72651e-05 0.00067778
5.72651e-05 -0.000820873 -1.09531e-05
0.00067778 -1.09531e-05 0.0873114

-0.000176011 -0.000211873 -0.00178554
-0.000211873 -0.000818264 -0.00192969
-0.00178554 -0.00192969 0.0837893

-0.00159641 5.19915e-06 0.00172262
5.19915e-06 -0.00127748 0.00357451
0.00172262 0.00357451 0.0852302

-0.00171182 1.59055e-05 -0.00502918
1.59055e-05 -0.00144213 0.0030379
-0.00502918 0.0030379 0.0832253

0.00347491 0.000172167 -0.00426666
0.000172167 0.00186246 0.00107834
-0.00426666 0.00107834 0.0955598

-0.000841286 0.000423548 0.00152216
0.000423548 -9.28513e-05 0.0018283
0.00152216 0.0018283 0.0878112

-0.000438206 -6.27712e-05 8.70674e-05
-6.27712e-05 -0.000259687 -0.000211607
8.70674e-05 -0.000211607 0.0890567

-0.000809968 -0.000100169 0.000179988
-0.000100169 -0.000984864 -0.000225772
0.000179988 -0.000225772 0.090228

-0.000629641 4.9287e-05 -7.07069e-05
4.9287e-05 -0.000393613 -8.92962e-05
-7.07069e-05 -8.92962e-05 0.0901157

-0.000302043 -7.86153e-05 7.27111e-05
-7.86153e-05 -0.00016938 -0.000510927
7.27111e-05 -0.000510927 0.0882887

0.00115415 -0.000452599 1.89027e-06
-0.000452599 0.00143824 0.00109332
1.89027e-06 0.00109332 0.0961224

0.000967216 0.000233492 0.00257285
0.000233492 0.000293729 0.00448046
0.00257285 0.00448046 0.0921833

-0.000836088 -4.03027e-06 0.000157044
-4.03027e-06 -0.00107791 -4.20502e-05
0.000157044 -4.20502e-05 0.0885161

-0.000429915 -6.41126e-05 0.000281644
-6.41126e-05 -0.000101599 -0.0010056
0.000281644 -0.0010056 0.0891097

0.00084338 0.000243369 0.00193808
0.000243369 0.000776826 0.00164332
0.00193808 0.00164332 0.0891085

-0.00162073 0.000335301 -0.000179981
0.000335301 -0.00178872 0.00109457
-0.000179981 0.00109457 0.0838654

0.000317528 0.000259679 0.000924423
0.000259679 0.000511212 0.00176877
0.000924423 0.00176877 0.0900236

0.00148909 0.000272265 0.000385229
0.000272265 0.00187534 0.000752354
0.000385229 0.000752354 0.0904314

-0.000503743 3.43495e-05 -0.000387324
3.43495e-05 -0.000695545 0.000530481
-0.000387324 0.000530481 0.0892032

0.00125329 0.000398459 -0.000377075
0.000398459 0.00206411 -0.001042
-0.000377075 -0.001042 0.0899454

0.00263983 -0.000191265 -0.000455273
-0.000191265 0.00322219 0.00247408
-0.000455273 0.00247408 0.0966922

-0.0012379 0.00066184 -0.000916611
0.00066184 -0.000961783 -0.003556
-0.000916611 -0.003556 0.087217

-0.00232197 -0.00013673 -0.00239374
-0.00013673 -0.00359844 -0.000720205
-0.00239374 -0.000720205 0.0829779

-0.000359754 0.000312025 -0.000826408
0.000312025 -0.000104593 -0.00160742
-0.000826408 -0.00160742 0.0884918

0.00182243 0.000156583 -0.00220503
0.000156583 0.00214689 -0.00261252
-0.00220503 -0.00261252 0.0966069

3.09991e-06 -0.000148213 0.00288784
-0.000148213 -0.000940018 -0.000650145
0.00288784 -0.000650145 0.0861839

-0.00164072 0.000245166 -0.00384192
0.000245166 -0.00107636 -0.00390529
-0.00384192 -0.00390529 0.0843531

0.000489441 0.000124034 -0.000546853
0.000124034 0.00032376 -0.000828269
-0.000546853 -0.000828269 0.0895914

-0.000560911 -9.77686e-06 -0.000103252
-9.77686e-06 -0.000722793 5.66093e-05
-0.000103252 5.66093e-05 0.0888674

-0.000230132 -0.000212483 -0.000704017
-0.000212483 -8.09339e-05 0.00144576
-0.000704017 0.00144576 0.088108

-0.000784471 -7.94338e-06 5.06511e-05
-7.94338e-06 -0.000738622 0.000168909
5.06511e-05 0.000168909 0.0892988

-0.000563681 0.00014263 -0.000679856
0.00014263 -0.000838552 0.00117295
-0.000679856 0.00117295 0.0905909

0.00341119 0.000200279 0.00108128
0.000200279 0.00350515 0.00140963
0.00108128 0.00140963 0.1024

-0.00103429 2.11792e-05 8.20642e-05
2.11792e-05 -0.00110425 0.00030782
8.20642e-05 0.00030782 0.0874127

-0.000679384 5.95531e-05 0.000280605
5.95531e-05 -0.00063432 0.000397147
0.000280605 0.000397147 0.0887165

-0.00213778 -0.000164157 -0.00592529
-0.000164157 -0.00254139 0.00223788
-0.00592529 0.00223788 0.0824014

-0.000801568 0.000432195 0.000721264
0.000432195 -0.000830396 5.80185e-05
0.000721264 5.80185e-05 0.0863173

-0.001306 -5.63893e-05 -0.00119897
-5.63893e-05 -0.000510265 -0.00153769
-0.00119897 -0.00153769 0.0882447

-0.000892559 1.81776e-05 -5.59327e-05
1.81776e-05 -0.000702881 7.67261e-05
-5.59327e-05 7.67261e-05 0.0897253

0.000335727 0.000162622 -0.00503857
0.000162622 0.000986286 0.00216529
-0.00503857 0.00216529 0.0884107

-0.000744852 0.000152084 1.50561e-05
0.000152084 -0.000693735 -4.80665e-05
1.50561e-05 -4.80665e-05 0.0887863

-0.0033078 0.000347626 0.00176601
0.000347626 -0.00211422 0.00570586
0.00176601 0.00570586 0.0827794

-0.00131479 -0.000265356 -0.000411034
-0.000265356 -0.00122338 -6.61362e-06
-0.000411034 -6.61362e-06 0.087019

0.000133047 0.000130893 -0.000223792
0.000130893 0.00061378 -0.00128076
-0.000223792 -0.00128076 0.0899452

-0.000889208 0.000106401 0.000147309
0.000106401 -0.000772486 -0.000255209
0.000147309 -0.000255209 0.0885972

0.00236133 -0.000471038 -0.00252484
-0.000471038 0.00238642 0.00198036
-0.00252484 0.00198036 0.0949128

-0.011733 0.00141093 0.00121507
0.00141093 -0.00959047 0.00180583
0.00121507 0.00180583 0.0568956

-0.000736083 2.30148e-05 -0.000111674
2.30148e-05 -0.000991937 -0.000177651
-0.000111674 -0.000177651 0.0909086

0.00199859 -0.000117734 -9.19776e-05
-0.000117734 0.00238178 0.00258169
-9.19776e-05 0.00258169 0.100121

0.000843396 -6.92163e-05 -0.000165284
-6.92163e-05 0.00119354 0.00279849
-0.000165284 0.00279849 0.0956257

0.00134769 0.000328692 0.00295364
0.000328692 0.000988177 0.00207996
0.00295364 0.00207996 0.0896341

0.000185023 -0.000123515 0.000186536
-0.000123515 0.000870882 0.00541014
0.000186536 0.00541014 0.0877706

-0.00224616 0.000235585 0.00288214
0.000235585 -0.00270265 0.00102884
0.00288214 0.00102884 0.0822243

-0.000200712 4.39622e-06 0.000129905
4.39622e-06 -0.000186549 -4.00441e-05
0.000129905 -4.00441e-05 0.0884409

-0.000545113 5.57708e-05 0.00023329
5.57708e-05 -0.000946335 2.25354e-05
0.00023329 2.25354e-05 0.0881577

-0.000274934 -6.65568e-05 -0.000567926
-6.65568e-05 7.21252e-05 0.00156296
-0.000567926 0.00156296 0.0905969

-0.00357518 6.19476e-05 0.000344826
6.19476e-05 -0.00287293 0.000586125
0.000344826 0.000586125 0.0823034

-0.000681274 3.75525e-05 9.83889e-05
3.75525e-05 -0.000472054 -0.000106447
9.83889e-05 -0.000106447 0.0883784

0.00191241 0.000215635 0.000103434
0.000215635 0.00332795 0.000628367
0.000103434 0.000628367 0.0927276

1.64821e-05 -0.000113701 0.00113822
-0.000113701 0.000967858 -0.00155188
0.00113822 -0.00155188 0.0934285

-0.000776642 -6.01474e-05 3.20758e-05
-6.01474e-05 -0.00102474 -0.00019988
3.20758e-05 -0.00019988 0.0895159

-4.92547e-05 8.85951e-05 0.000441984
8.85951e-05 -0.000574305 0.000487856
0.000441984 0.000487856 0.0911205

-0.00381382 -0.000222362 0.000467478
-0.000222362 -0.00313864 -0.000639225
0.000467478 -0.000639225 0.0800939

0.0010245 0.000390945 -0.000962407
0.000390945 0.000743613 -0.000594222
-0.000962407 -0.000594222 0.0894347

0.00171818 -8.75848e-05 0.000626586
-8.75848e-05 0.00201271 -0.00390819
0.000626586 -0.00390819 0.0933735

-0.000827668 -7.42798e-05 0.00171484
-7.42798e-05 -0.000347327 -0.0028893
0.00171484 -0.0028893 0.0866996

-0.000353114 0.000319607 -0.0037225
0.000319607 -0.00198809 -0.000809892
-0.0037225 -0.000809892 0.0845286

-0.000853884 0.00035629 0.00253733
0.00035629 -0.00150457 0.000854427
0.00253733 0.000854427 0.0842807

0.00092591 -0.000258546 0.000246788
-0.000258546 0.000805219 -0.000733415
0.000246788 -0.000733415 0.0898241

-0.00105255 0.00011497 -0.000258863
0.00011497 -0.000623385 -1.66942e-05
-0.000258863 -1.66942e-05 0.0888909

-5.36471e-05 1.64813e-07 -8.0818e-05
1.64813e-07 -0.000137072 -2.2074e-05
-8.0818e-05 -2.2074e-05 0.0888507

-7.01024e-05 -0.000198115 0.00283742
-0.000198115 -0.00146736 -0.000383988
0.00283742 -0.000383988 0.0854225

-0.00187561 5.78321e-05 -0.000111157
5.78321e-05 -0.00192928 0.000470504
-0.000111157 0.000470504 0.0856258

0.000471493 0.000520681 -0.00387989
0.000520681 -0.00128832 -0.0011914
-0.00387989 -0.0011914 0.0860526

0.000105702 7.76418e-05 0.000351152
7.76418e-05 -0.000211679 0.000290069
0.000351152 0.000290069 0.0917827

-0.00133121 -0.000187658 0.000228636
-0.000187658 -0.0013328 1.52369e-05
0.000228636 1.52369e-05 0.0868143

-0.00263589 -0.000424443 -0.00136034
-0.000424443 -0.00258068 0.002326
-0.00136034 0.002326 0.0827657

-0.000672015 -2.65187e-05 -0.000275078
-2.65187e-05 -0.000483107 -0.000369406
-0.000275078 -0.000369406 0.0879217

0.000133186 -1.68644e-05 -3.30949e-06
-1.68644e-05 0.000191305 -0.000322698
-3.30949e-06 -0.000322698 0.0917478

-0.000308355 -8.75429e-05 -0.000331197
-8.75429e-05 -0.000398826 0.000165857
-0.000331197 0.000165857 0.0889466

0.000166476 0.000351474 -0.00127662
0.000351474 0.00128714 -0.00655976
-0.00127662 -0.00655976 0.0869384

-0.00392621 -0.000884942 0.000242659
-0.000884942 -0.00363986 -0.000678485
0.000242659 -0.000678485 0.0798707

-0.000770961 8.5512e-05 0.000143853
8.5512e-05 -0.000655846 -0.000287726
0.000143853 -0.000287726 0.0892969

-2.2582e-05 -7.41112e-05 0.000209386
-7.41112e-05 -0.000359971 1.54344e-05
0.000209386 1.54344e-05 0.0904918

-0.002713 -9.28774e-05 0.00315609
-9.28774e-05 -0.00330819 -0.000949881
0.00315609 -0.000949881 0.0813937

-0.000757447 -0.000247605 -0.000159382
-0.000247605 -0.000627637 0.000346565
-0.000159382 0.000346565 0.0876592

0.000418539 -0.000139884 -0.0005436
-0.000139884 0.000273423 -0.000382228
-0.0005436 -0.000382228 0.0893477

-0.000707101 -0.000441874 -0.00300591
-0.000441874 -0.00121134 0.00198992
-0.00300591 0.00198992 0.0864192

-0.00349523 0.000568029 -0.00146223
0.000568029 -0.00222174 -0.00604378
-0.00146223 -0.00604378 0.0803052

-0.000740377 8.56388e-06 0.000595334
8.56388e-06 -0.000566517 0.000218941
0.000595334 0.000218941 0.0874843

-0.000207028 9.97161e-05 0.000558804
9.97161e-05 9.39508e-05 1.11862e-05
0.000558804 1.11862e-05 0.0881874

-0.00112716 3.31773e-05 0.000445839
3.31773e-05 -0.00121509 -0.000170484
0.000445839 -0.000170484 0.0867311

-0.000861718 0.000176123 -2.49851e-05
0.000176123 -0.000850743 0.00034972
-2.49851e-05 0.00034972 0.0875542

0.00137184 -0.000701478 -0.00480948
-0.000701478 0.000439056 0.000597417
-0.00480948 0.000597417 0.0891364

-0.00154522 -6.12835e-05 0.000589404
-6.12835e-05 -0.00139988 -0.00087147
0.000589404 -0.00087147 0.0867095

-0.000456386 -4.4913e-05 -0.000280532
-4.4913e-05 -0.000406546 -0.000675958
-0.000280532 -0.000675958 0.08812

-3.41538e-05 -8.56169e-06 -0.000944723
-8.56169e-06 -0.000143952 -0.000123144
-0.000944723 -0.000123144 0.0891404

-0.017893 -0.000426616 0.00128806
-0.000426616 -0.0152131 0.00150816
0.00128806 0.00150816 0.0528882

0.000356494 -0.000117803 -0.000248739
-0.000117803 0.000395455 3.58071e-05
-0.000248739 3.58071e-05 0.0923242

0.00107376 -6.34199e-05 -0.000210061
-6.34199e-05 0.00148244 0.00223621
-0.000210061 0.00223621 0.0961441

-0.00582209 0.000373665 -0.000110337
0.000373665 -0.00754078 0.000362785
-0.000110337 0.000362785 0.0743038

-0.000656266 0.000387049 -0.00340831
0.000387049 -0.00236978 -0.000825253
-0.00340831 -0.000825253 0.0846938

0.000477042 0.000414791 -0.00392548
0.000414791 -0.00113574 -0.00126769
-0.00392548 -0.00126769 0.0860417

-0.000325782 -5.83945e-05 -0.00218086
-5.83945e-05 -0.000663716 0.00290368
-0.00218086 0.00290368 0.0869188

-0.000377563 -5.83881e-07 0.00123716
-5.83881e-07 0.000547213 -0.000302192
0.00123716 -0.000302192 0.090447

-0.00892552 -0.00133909 -0.000501791
-0.00133909 -0.00644961 0.00172995
-0.000501791 0.00172995 0.0742212

-0.00212572 0.00010248 -0.00264827
0.00010248 -0.00194295 0.00320925
-0.00264827 0.00320925 0.0850039

-0.00152257 0.000306303 -0.0013166
0.000306303 -0.00173676 0.00121941
-0.0013166 0.00121941 0.0874489

-0.000798419 2.03534e-05 -0.000218107
2.03534e-05 -0.00060711 -0.000144931
-0.000218107 -0.000144931 0.0877708

-0.00260646 -0.000419195 -0.000453318
-0.000419195 -0.004002 -2.47611e-05
-0.000453318 -2.47611e-05 0.0804219

0.00158999 -0.000101147 -8.74483e-05
-0.000101147 0.00202298 0.00218069
-8.74483e-05 0.00218069 0.0983621

-0.00226458 -0.000451164 -0.0051641
-0.000451164 -0.00286436 0.00205726
-0.0051641 0.00205726 0.0826311

0.00359602 0.000231684 -0.000988773
0.000231684 0.0015204 -0.00197329
-0.000988773 -0.00197329 0.0856225

-0.000851259 4.87447e-05 0.000453147
4.87447e-05 -0.000892403 0.000153146
0.000453147 0.000153146 0.0871464

0.000305257 -0.000437063 -0.0030106
-0.000437063 0.00049845 0.00206288
-0.0030106 0.00206288 0.0874344

-0.00270249 0.000184069 -0.0036098
0.000184069 -0.00412706 -0.000644034
-0.0036098 -0.000644034 0.0820512

-0.00011841 2.08476e-05 0.000146805
2.08476e-05 -0.000266938 9.59564e-05
0.000146805 9.59564e-05 0.0886386

-0.00260412 -0.000320001 0.00219635
-0.000320001 -0.00301411 0.000271098
0.00219635 0.000271098 0.0806132

0.00164852 0.000535046 0.00160269
0.000535046 0.00209717 0.00225666
0.00160269 0.00225666 0.0980391

-0.00810189 0.000565616 0.00128194
0.000565616 -0.00714661 0.00366293
0.00128194 0.00366293 0.0756912

0.000582864 -0.000581227 -0.00380656
-0.000581227 0.000866092 0.00171473
-0.00380656 0.00171473 0.0884893

-0.00088868 0.000141641 -0.000908813
0.000141641 -0.000925617 0.000925092
-0.000908813 0.000925092 0.0890653

-0.000438114 3.39785e-05 0.000427862
3.39785e-05 -0.000514115 -9.15683e-05
0.000427862 -9.15683e-05 0.0878873

-0.000319879 -2.68607e-05 0.000487147
-2.68607e-05 -8.50113e-05 5.48709e-05
0.000487147 5.48709e-05 0.0876821

-0.00197103 -0.000441829 -0.00338084
-0.000441829 -0.00164753 0.00224309
-0.00338084 0.00224309 0.0837132

0.00158213 -0.000112 6.28685e-05
-0.000112 0.00202148 0.00222455
6.28685e-05 0.00222455 0.0984679

-0.000956752 -4.80693e-05 0.00105037
-4.80693e-05 -0.000991717 -0.000197868
0.00105037 -0.000197868 0.0876057

-0.00215325 -0.000842868 -0.000483038
-0.000842868 -0.00312609 0.000612135
-0.000483038 0.000612135 0.0805956

0.000210968 -0.000651643 -0.000776379
-0.000651643 -4.88327e-05 -0.000794614
-0.000776379 -0.000794614 0.0845476

0.00113016 -7.20822e-05 -5.15634e-05
-7.20822e-05 0.00153618 0.00227799
-5.15634e-05 0.00227799 0.0963914

-0.000645405 -0.000341436 0.00138101
-0.000341436 -0.000492702 0.000274794
0.00138101 0.000274794 0.0864227

-0.000473391 0.000289803 -0.00379385
0.000289803 -0.00238695 -0.000718756
-0.00379385 -0.000718756 0.0828661

-0.00309651 0.00025933 -3.38221e-05
0.00025933 -0.00289184 -0.00113587
-3.38221e-05 -0.00113587 0.0764668

0.000584362 0.000192423 0.000285649
0.000192423 0.000625404 0.000249009
0.000285649 0.000249009 0.0900585

-0.000293097 5.71661e-05 0.000218382
5.71661e-05 -0.000166837 5.83821e-05
0.000218382 5.83821e-05 0.0877529

-0.00215057 0.000204333 -0.00350114
0.000204333 -0.00284802 -0.000546977
-0.00350114 -0.000546977 0.0825907

0.000219542 -1.8465e-05 -0.000245173
-1.8465e-05 0.000729637 -0.000369031
-0.000245173 -0.000369031 0.0943678

0.000909654 0.000414805 0.00276839
0.000414805 0.00152002 0.003103
0.00276839 0.003103 0.0897004

0.000183071 -0.000122283 4.37685e-05
-0.000122283 0.000375081 0.000577674
4.37685e-05 0.000577674 0.0889778

0.000781403 0.000293312 0.00130172
0.000293312 -0.000321327 0.00109383
0.00130172 0.00109383 0.0919275

-0.000924587 6.87826e-05 0.000105082
6.87826e-05 -0.000962783 0.00036958
0.000105082 0.00036958 0.0890826

-2.06231e-05 -9.20222e-05 -0.00022469
-9.20222e-05 -0.000148525 0.000185114
-0.00022469 0.000185114 0.0890574

-0.000110375 -7.99735e-06 9.13836e-06
-7.99735e-06 -7.46227e-05 8.15933e-05
9.13836e-06 8.15933e-05 0.0890829

0.00183735 -0.000433039 0.00397091
-0.000433039 0.000336727 -0.00178118
0.00397091 -0.00178118 0.0885625

0.000406295 -5.47672e-05 -0.00127733
-5.47672e-05 9.60981e-05 0.00098499
-0.00127733 0.00098499 0.086133

-0.00365271 -0.000402763 -0.00189637
-0.000402763 -0.00342698 0.00357579
-0.00189637 0.00357579 0.0817239

-0.00026077 0.000181918 -0.00377672
0.000181918 -0.00171617 -0.000763708
-0.00377672 -0.000763708 0.0846868

-0.00102511 -6.05526e-05 0.000338154
-6.05526e-05 -0.000780485 -9.27865e-05
0.000338154 -9.27865e-05 0.0897929

-0.0011466 -1.47302e-05 5.48936e-05
-1.47302e-05 -0.00149376 -0.000298669
5.48936e-05 -0.000298669 0.0862267

-0.00296336 -0.000324627 0.00283598
-0.000324627 -0.00302467 -0.00166845
0.00283598 -0.00166845 0.0813896

-0.0015671 -0.000415596 -0.00186064
-0.000415596 -0.00121933 0.00260014
-0.00186064 0.00260014 0.0846698

0.000164988 -4.62026e-05 0.000466191
-4.62026e-05 0.000259306 7.9445e-05
0.000466191 7.9445e-05 0.0888983

-0.00176711 -0.000583038 0.000733073
-0.000583038 -0.00245758 -0.000369161
0.000733073 -0.000369161 0.0819625

-0.00457107 4.46695e-05 -0.000541806
4.46695e-05 -0.00342649 0.00123283
-0.000541806 0.00123283 0.0802926

-0.000231435 -7.89596e-05 2.23864e-07
-7.89596e-05 -0.000249129 0.000160774
2.23864e-07 0.000160774 0.0892991

-0.000592349 0.00011749 -0.000713588
0.00011749 -0.00024806 0.000240592
-0.000713588 0.000240592 0.0876624

-0.00150478 -2.45784e-05 0.000684246
-2.45784e-05 -0.00148154 8.21663e-05
0.000684246 8.21663e-05 0.0864003

2.81981e-05 3.63771e-05 0.000147066
3.63771e-05 -8.21217e-05 2.67371e-05
0.000147066 2.67371e-05 0.0893086

-0.000377682 -8.8976e-05 0.000233586
-8.8976e-05 -0.00030443 0.000195539
0.000233586 0.000195539 0.089222

-0.000948834 0.000117317 -0.000916147
0.000117317 -0.000824721 -0.000114726
-0.000916147 -0.000114726 0.0870409

-0.000291317 3.17665e-05 0.000130911
3.17665e-05 -0.000240122 -3.41064e-05
0.000130911 -3.41064e-05 0.0883902

0.000671339 8.93998e-05 -0.000560848
8.93998e-05 0.000648905 -0.000836121
-0.000560848 -0.000836121 0.0923975

-5.05816e-05 -2.87137e-06 0.000394838
-2.87137e-06 -9.36768e-05 -2.73826e-05
0.000394838 -2.73826e-05 0.088791

-0.000585974 -5.1315e-05 0.0012411
-5.1315e-05 -0.000559163 1.89389e-05
0.0012411 1.89389e-05 0.0886162

-0.00174706 3.75109e-05 -0.000183091
3.75109e-05 -0.00125103 -0.000708532
-0.000183091 -0.000708532 0.0873851

-0.000117598 -3.77214e-06 0.000159899
-3.77214e-06 -0.000127759 0.0001589
0.000159899 0.0001589 0.0887772

0.000846955 9.89038e-05 0.000245415
9.89038e-05 0.00086354 0.000252924
0.000245415 0.000252924 0.0901412

-7.23056e-05 0.000118632 0.000209128
0.000118632 0.000304392 0.000255767
0.000209128 0.000255767 0.0898107

0.00117365 0.000133453 -0.00106421
0.000133453 0.000948162 0.00275737
-0.00106421 0.00275737 0.0917632

0.0019715 0.000278709 -0.000956002
0.000278709 0.00104802 -0.000940351
-0.000956002 -0.000940351 0.0896421

-0.000687792 -4.22264e-05 -0.000362096
-4.22264e-05 -0.000598922 -0.000792162
-0.000362096 -0.000792162 0.0874349

-0.00273088 -1.08902e-05 0.00017865
-1.08902e-05 -0.0024945 -0.000200467
0.00017865 -0.000200467 0.084519

-0.00124503 4.00304e-05 0.000734504
4.00304e-05 -0.000956923 -9.12026e-05
0.000734504 -9.12026e-05 0.0874441

0.000520834 5.5953e-05 -4.07152e-05
5.5953e-05 0.00102248 0.00386443
-4.07152e-05 0.00386443 0.0910782

-0.0010084 0.000198294 -0.000242851
0.000198294 -0.00102494 -9.52383e-05
-0.000242851 -9.52383e-05 0.0877995

0.000698835 -6.27297e-05 -0.000682401
-6.27297e-05 0.00110891 0.000390687
-0.000682401 0.000390687 0.0928134

0.00114045 3.82727e-05 -0.00470452
3.82727e-05 0.00132764 0.0019084
-0.00470452 0.0019084 0.0886213

0.00198845 0.000152906 -0.00147361
0.000152906 0.000989584 -0.000222098
-0.00147361 -0.000222098 0.0893445

-0.000334538 7.06635e-05 -0.000425254
7.06635e-05 -0.000645448 -0.000106951
-0.000425254 -0.000106951 0.0881535

-0.000710763 5.02364e-05 0.000112893
5.02364e-05 -0.00110821 0.00122508
0.000112893 0.00122508 0.0889764

-8.84673e-07 6.63441e-05 8.65295e-05
6.63441e-05 -0.000294287 0.000141495
8.65295e-05 0.000141495 0.0887236

-0.0032571 0.000455702 -0.000972396
0.000455702 -0.00327461 2.91019e-05
-0.000972396 2.91019e-05 0.0836012

-5.99103e-05 1.56662e-05 0.00018837
1.56662e-05 5.5146e-05 5.02588e-05
0.00018837 5.02588e-05 0.0892746

-0.00102046 0.000184368 -0.0024095
0.000184368 -0.00233915 -0.000661885
-0.0024095 -0.000661885 0.0835769

0.00176931 9.89577e-05 -0.00137964
9.89577e-05 0.00145331 0.00262562
-0.00137964 0.00262562 0.0959612

-0.00201429 -6.91509e-05 -0.00163524
-6.91509e-05 -0.00175558 0.00281007
-0.00163524 0.00281007 0.0844139

-0.00798537 -0.000313604 -0.000470504
-0.000313604 -0.0092191 0.00241001
-0.000470504 0.00241001 0.0730734

-0.00842657 -8.931e-05 -0.00062338
-8.931e-05 -0.00882012 0.00268556
-0.00062338 0.00268556 0.07142

-0.000196591 -2.91971e-05 2.69873e-05
-2.91971e-05 -0.000154253 -0.00020475
2.69873e-05 -0.00020475 0.0886368

-0.00167174 -8.74702e-05 0.000722858
-8.74702e-05 -0.00154085 -0.000558119
0.000722858 -0.000558119 0.0865726

-0.00131035 -0.000229326 -0.00368432
-0.000229326 -0.00156395 0.000458996
-0.00368432 0.000458996 0.0851725

-0.00148973 -0.000596974 -0.00148174
-0.000596974 -0.0016812 0.00107537
-0.00148174 0.00107537 0.0849485

-0.00141078 0.000301377 -0.00012533
0.000301377 -0.00132345 -0.000411136
-0.00012533 -0.000411136 0.0866169

-0.00153532 0.000247281 -0.00109125
0.000247281 -0.00169624 0.000388006
-0.00109125 0.000388006 0.0863879

-0.000812315 0.000928311 0.0028193
0.000928311 0.000879988 0.00242541
0.0028193 0.00242541 0.0969844

-0.00123122 0.000473334 -0.00359376
0.000473334 -0.00159025 -0.000842692
-0.00359376 -0.000842692 0.0835744

-0.000544353 -0.000630541 -0.001577
-0.000630541 5.05127e-05 0.00321566
-0.001577 0.00321566 0.0856199

0.000209837 0.000333065 -0.000118639
0.000333065 0.000286977 -0.000934786
-0.000118639 -0.000934786 0.0904293

0.00195159 7.38507e-05 -0.00116281
7.38507e-05 0.00218634 0.00316667
-0.00116281 0.00316667 0.0921119

-0.0015972 0.000180608 -0.00447471
0.000180608 -0.00150294 -0.00111879
-0.00447471 -0.00111879 0.0846057

-0.00110178 7.48454e-05 0.000288464
7.48454e-05 -0.00107182 -1.66442e-05
0.000288464 -1.66442e-05 0.0870046

0.00227672 0.000151733 -0.00478134
0.000151733 0.00201781 0.00129334
-0.00478134 0.00129334 0.0943036

0.00116682 -1.39798e-05 -0.00356382
-1.39798e-05 0.000899368 -0.000493811
-0.00356382 -0.000493811 0.0901295

0.00167161 0.000156012 -0.00409545
0.000156012 0.00163874 0.00093023
-0.00409545 0.00093023 0.0939833

0.00035963 -1.22676e-05 -0.00334519
-1.22676e-05 0.000704689 0.00258921
-0.00334519 0.00258921 0.089575

0.00127603 -2.61151e-06 -0.00355495
-2.61151e-06 0.00108043 -0.000366301
-0.00355495 -0.000366301 0.0897356

-0.000910373 -0.000153733 -0.00383612
-0.000153733 -0.000379166 0.0034226
-0.00383612 0.0034226 0.0869473

0.0030029 -0.000424465 -0.00487826
-0.000424465 0.00324499 0.00410917
-0.00487826 0.00410917 0.0929949

0.000639274 -0.00035258 -0.00272298
-0.00035258 0.00125821 0.00272635
-0.00272298 0.00272635 0.0889503

0.00253041 -0.000173906 -0.00336595
-0.000173906 0.00278469 0.00341053
-0.00336595 0.00341053 0.0962454

0.00123275 3.40079e-05 -0.00392813
3.40079e-05 0.00156682 0.00351594
-0.00392813 0.00351594 0.0892638

-0.00239532 -0.00029259 -0.00196039
-0.00029259 -0.00162433 0.00331779
-0.00196039 0.00331779 0.0837794

0.00186396 -0.000380529 -0.00538615
-0.000380529 0.000742724 0.00359626
-0.00538615 0.00359626 0.0885662

0.00254071 -2.8482e-05 -0.0034885
-2.8482e-05 0.00268411 0.000513912
-0.0034885 0.000513912 0.0933869

0.00162666 8.97925e-05 -0.00487376
8.97925e-05 0.000674905 -0.000988808
-0.00487376 -0.000988808 0.0887745

0.00138841 -6.963e-05 -0.00361133
-6.963e-05 0.00119549 -0.000365607
-0.00361133 -0.000365607 0.0911956

0.000489472 -0.000230458 -0.00363831
-0.000230458 -0.00028172 0.000463548
-0.00363831 0.000463548 0.087515

4.44392e-05 0.000418372 -0.00333508
0.000418372 -0.00147983 0.000344567
-0.00333508 0.000344567 0.0834648

0.0014254 0.000672631 -0.00593244
0.000672631 -0.000141582 -0.000731742
-0.00593244 -0.000731742 0.0862428

0.00232925 -0.000463059 -0.00664056
-0.000463059 0.000967982 0.0017696
-0.00664056 0.0017696 0.0880317

0.000310297 -0.00061317 -0.0049177
-0.00061317 -0.000538131 0.00355256
-0.0049177 0.00355256 0.0855303

-0.00071765 -4.58183e-05 -0.0038134
-4.58183e-05 -0.000206065 0.00365501
-0.0038134 0.00365501 0.0857532

0.00318715 0.000573561 -0.00503775
0.000573561 0.00224776 -0.000714851
-0.00503775 -0.000714851 0.0909272

-0.0034159 5.42332e-05 -0.00503706
5.42332e-05 -0.00550406 0.000562229
-0.00503706 0.000562229 0.0796154

-0.00459661 -0.00045153 -0.0042636
-0.00045153 -0.00458725 0.00350351
-0.0042636 0.00350351 0.079001

-0.00216002 -0.000449626 -0.00418171
-0.000449626 -0.00198857 0.00306987
-0.00418171 0.00306987 0.0831435

-0.00245289 0.000111823 -0.00141867
0.000111823 -0.00217758 -0.00228017
-0.00141867 -0.00228017 0.0829693

-0.00315391 0.000183939 -0.00143534
0.000183939 -0.00339153 -0.00225436
-0.00143534 -0.00225436 0.0822637

-0.00542025 0.000660553 -0.00216011
0.000660553 -0.00290899 -0.0047276
-0.00216011 -0.0047276 0.0777142

0.00117525 0.000175368 -0.00209407
0.000175368 0.00165983 -0.00316077
-0.00209407 -0.00316077 0.0928747

5.60802e-05 0.000594173 -0.00205138
0.000594173 9.95442e-05 -0.00172283
-0.00205138 -0.00172283 0.0894821

-0.0017068 0.000133723 0.000453265
0.000133723 -0.00152748 -0.000378019
0.000453265 -0.000378019 0.0893453

-0.000840181 0.000931213 -0.000316256
0.000931213 -0.000491113 -0.00158712
-0.000316256 -0.00158712 0.0839974

-0.00167071 0.000922739 -0.000521943
0.000922739 -0.00208919 -0.000600706
-0.000521943 -0.000600706 0.0832505

-0.00296176 8.66469e-05 -0.00109473
8.66469e-05 -0.00265866 -0.00223149
-0.00109473 -0.00223149 0.0822094

-0.00358669 0.000315087 -0.000928478
0.000315087 -0.00336591 -0.0023219
-0.000928478 -0.0023219 0.0817107

6.05411e-05 -5.6297e-06 0.000924897
-5.6297e-06 -0.000116783 5.64919e-06
0.000924897 5.64919e-06 0.0900297

-0.00309314 0.000140145 0.00123023
0.000140145 -0.00325919 0.000523783
0.00123023 0.000523783 0.0832376

-6.02506e-05 1.79467e-05 0.000969219
1.79467e-05 -0.000211015 0.000160122
0.000969219 0.000160122 0.0892854

-0.00159485 0.000169216 0.00171349
0.000169216 -0.00210437 0.000444144
0.00171349 0.000444144 0.0851065

0.000979879 0.000342102 0.0019861
0.000342102 0.000616697 0.000883497
0.0019861 0.000883497 0.0904219

-0.00270196 0.000433407 0.00208709
0.000433407 -0.00319279 0.00134104
0.00208709 0.00134104 0.0832128

-0.00205549 0.000470009 0.00233366
0.000470009 -0.00180251 0.00283703
0.00233366 0.00283703 0.0835805

-0.000894977 0.000451656 0.00231956
0.000451656 -0.000581485 0.00313401
0.00231956 0.00313401 0.0857543

8.80183e-05 0.000446394 0.00261917
0.000446394 0.000337905 0.00302094
0.00261917 0.00302094 0.0872605

-0.000352804 0.000420871 0.00235371
0.000420871 -0.000826969 0.00133474
0.00235371 0.00133474 0.0872127

0.00296402 0.000305872 0.0015401
0.000305872 0.00312898 0.00193798
0.0015401 0.00193798 0.0962254

-0.00481734 0.000332111 0.000794893
0.000332111 -0.00487407 0.000733405
0.000794893 0.000733405 0.0808241

0.00150314 -0.000421944 0.00347989
-0.000421944 0.00258555 -0.00806616
0.00347989 -0.00806616 0.0878685

-0.00356358 -3.88793e-05 0.00222373
-3.88793e-05 -0.00346804 -0.00534536
0.00222373 -0.00534536 0.0809148

-0.000675733 -6.33427e-06 0.000446315
-6.33427e-06 -0.000746223 -0.000827207
0.000446315 -0.000827207 0.0876665

-0.00247088 -0.00026964 0.00399408
-0.00026964 -0.00210101 -0.00139676
0.00399408 -0.00139676 0.0828018

-3.75165e-05 -0.000336538 0.000736709
-0.000336538 -0.00153388 -0.000930826
0.000736709 -0.000930826 0.0840932

0.00079807 -0.000294665 0.00195669
-0.000294665 0.00065985 -0.00354872
0.00195669 -0.00354872 0.088755

0.00143527 -4.94793e-05 0.00323521
-4.94793e-05 0.000835449 -0.00252593
0.00323521 -0.00252593 0.0901873

-0.00234692 -0.000351786 0.00308312
-0.000351786 -0.00299591 -0.00262124
0.00308312 -0.00262124 0.0824837

-0.00153929 -0.000715509 0.000175869
-0.000715509 -0.00176945 0.000543665
0.000175869 0.000543665 0.0823901

0.000776327 -0.000124696 0.00231467
-0.000124696 0.0010533 -0.00350666
0.00231467 -0.00350666 0.0900298

0.00292706 3.17011e-05 0.00270604
3.17011e-05 0.0020281 0.000171598
0.00270604 0.000171598 0.100159

-0.00303893 -0.000422706 0.00232648
-0.000422706 -0.00261571 -0.00342642
0.00232648 -0.00342642 0.0823465

-0.000464894 0.000206172 -0.000716303
0.000206172 -0.000548274 0.000589131
-0.000716303 0.000589131 0.0902259

-0.000676049 0.000116769 5.24016e-05
0.000116769 -0.000618605 0.000243355
5.24016e-05 0.000243355 0.0905594

0.000604041 0.000269992 -0.00173779
0.000269992 0.000866311 -0.00114255
-0.00173779 -0.00114255 0.0929195

-0.000503984 -0.000333894 0.00184489
-0.000333894 -0.00040136 -0.00409058
0.00184489 -0.00409058 0.086207

-0.000677717 -4.49747e-05 0.0014222
-4.49747e-05 0.000216775 -0.00433211
0.0014222 -0.00433211 0.0863543

-0.000466501 4.41656e-05 0.000317595
4.41656e-05 -0.000335378 0.000554533
0.000317595 0.000554533 0.0878223

-0.00148875 -0.000837516 0.00155584
-0.000837516 -0.000922834 -0.00379559
0.00155584 -0.00379559 0.0829114

0.00243713 -0.000179097 -0.00578691
-0.000179097 0.00326684 0.00266225
-0.00578691 0.00266225 0.092794

-0.000912528 0.000156227 -0.000108975
0.000156227 -0.000933134 -0.000100757
-0.000108975 -0.000100757 0.0892223

-0.000361738 -0.000240301 -0.000825942
-0.000240301 0.000472011 0.00417213
-0.000825942 0.00417213 0.0870575

-0.00131353 0.000179168 -0.00276219
0.000179168 -0.0028412 -0.00404436
-0.00276219 -0.00404436 0.0842077

0.00143169 -0.000783593 -0.00383233
-0.000783593 -0.000696269 0.00190482
-0.00383233 0.00190482 0.0854687

-0.00113546 0.0001056 0.000492751
0.0001056 -0.00184583 0.00138701
0.000492751 0.00138701 0.0866452

-0.00205765 -0.000134072 0.00111535
-0.000134072 -0.00105619 0.00201067
0.00111535 0.00201067 0.0841545

0.00120647 0.000229779 -0.00127176
0.000229779 0.00175536 -0.000548518
-0.00127176 -0.000548518 0.0928503

0.00278297 0.000685836 -0.00188974
0.000685836 0.00317317 -0.00249642
-0.00188974 -0.00249642 0.0966882

-0.000133827 0.000496244 -0.00368543
0.000496244 -0.00185856 -0.000925768
-0.00368543 -0.000925768 0.0843804

-0.00081151 -0.000113694 -0.000126967
-0.000113694 -0.000767105 -1.65733e-05
-0.000126967 -1.65733e-05 0.0881563

-0.00184743 -0.000277666 -0.000390723
-0.000277666 -0.00184284 -9.11062e-05
-0.000390723 -9.11062e-05 0.0888979

-0.00137007 -0.000246162 -0.000953301
-0.000246162 -0.000752112 0.00305113
-0.000953301 0.00305113 0.0842341

-0.000924657 8.79454e-05 -2.98877e-05
8.79454e-05 -0.000891418 0.000648545
-2.98877e-05 0.000648545 0.0885301

0.0011289 7.13129e-05 -0.00170887
7.13129e-05 0.000369003 -0.000334607
-0.00170887 -0.000334607 0.0885688

-0.000417677 2.57405e-05 6.98467e-05
2.57405e-05 -0.00041012 -0.000137853
6.98467e-05 -0.000137853 0.088195

-0.000903865 -8.07527e-05 0.000191609
-8.07527e-05 -0.000993486 0.000408531
0.000191609 0.000408531 0.087663

-0.00153688 -2.0924e-05 0.000344475
-2.0924e-05 -0.00179326 -0.000456218
0.000344475 -0.000456218 0.086417

-0.00231409 1.3085e-05 0.00100016
1.3085e-05 -0.00193342 0.000392993
0.00100016 0.000392993 0.0850351

-0.00104743 -0.00051218 0.0028693
-0.00051218 -0.00104474 -0.00202081
0.0028693 -0.00202081 0.0848828

0.000143419 -2.57761e-05 -0.00522066
-2.57761e-05 0.000988747 0.00201515
-0.00522066 0.00201515 0.0886161

-0.000228594 1.72432e-05 -1.36121e-05
1.72432e-05 -0.000195782 0.000113508
-1.36121e-05 0.000113508 0.0889571

-0.000618891 0.000135199 -0.000162791
0.000135199 -0.000714916 0.000568673
-0.000162791 0.000568673 0.0883345

-0.00409964 0.000653657 0.0010732
0.000653657 -0.00517289 1.03807e-05
0.0010732 1.03807e-05 0.0779421

-0.00335351 -0.000384271 0.00262628
-0.000384271 -0.00381437 -0.000673975
0.00262628 -0.000673975 0.0815785

-0.00355993 0.000363417 -0.000208799
0.000363417 -0.00372909 -0.000455287
-0.000208799 -0.000455287 0.082052

-0.000153393 0.000178202 9.76359e-05
0.000178202 -0.000280605 0.000239918
9.76359e-05 0.000239918 0.0906186

4.53614e-05 -7.43846e-05 0.000450458
-7.43846e-05 -0.00023463 -0.000622851
0.000450458 -0.000622851 0.0899405

3.05381e-06 -9.06911e-05 -0.000272372
-9.06911e-05 -4.13999e-05 0.000118614
-0.000272372 0.000118614 0.0890737

-0.00216743 1.19721e-05 -0.00027795
1.19721e-05 -0.0021691 0.000226923
-0.00027795 0.000226923 0.0855781

0.00364842 0.000218231 -0.00144946
0.000218231 0.00334032 -0.00348124
-0.00144946 -0.00348124 0.100557

0.0014162 0.000132231 -0.00195974
0.000132231 0.00105921 -0.00413496
-0.00195974 -0.00413496 0.0936244

-0.00185158 -2.80864e-05 -0.00187591
-2.80864e-05 -0.00216743 -0.000729343
-0.00187591 -0.000729343 0.0823785

-0.00875142 -0.000211794 -0.00217318
-0.000211794 -0.00911373 3.27813e-05
-0.00217318 3.27813e-05 0.0701412

-0.000931745 2.34825e-05 -0.00196266
2.34825e-05 -0.00118626 -0.000361075
-0.00196266 -0.000361075 0.0840199

-0.00381628 0.00065513 -0.00177419
0.00065513 -0.00225717 -0.00492314
-0.00177419 -0.00492314 0.0785549

0.00135188 1.17491e-05 -0.00021434
1.17491e-05 0.00139286 0.000117314
-0.00021434 0.000117314 0.090561

0.000342473 -0.000155318 1.71838e-05
-0.000155318 0.0001512 0.000209643
1.71838e-05 0.000209643 0.0943535

-0.0005533 0.00041766 -0.000630143
0.00041766 -0.000294644 -0.00175987
-0.000630143 -0.00175987 0.0866081

-0.000442226 0.000374882 0.00215603
0.000374882 0.00103533 0.00135314
0.00215603 0.00135314 0.0884898

-0.00186357 -8.98309e-06 -0.000563319
-8.98309e-06 -0.000995611 -0.000420908
-0.000563319 -0.000420908 0.0851193

-0.000336399 -4.33184e-05 0.000109462
-4.33184e-05 -0.000475594 0.000292822
0.000109462 0.000292822 0.0895143

-3.02976e-05 -2.12079e-05 5.91755e-05
-2.12079e-05 8.90189e-05 5.20974e-05
5.91755e-05 5.20974e-05 0.088756

-0.00178852 0.0001662 0.000306297
0.0001662 -0.000650822 0.00181556
0.000306297 0.00181556 0.0844585

-0.00262817 0.000130284 0.000266778
0.000130284 -0.00181136 0.00147274
0.000266778 0.00147274 0.0827934

-0.00078015 0.000112365 0.000485308
0.000112365 6.00813e-05 0.00198937
0.000485308 0.00198937 0.085942

6.20558e-05 -2.86701e-05 4.83019e-05
-2.86701e-05 0.000199456 8.32068e-05
4.83019e-05 8.32068e-05 0.088937

-0.0024222 7.35379e-05 0.000279252
7.35379e-05 -0.00166292 0.00147288
0.000279252 0.00147288 0.0829236

-0.00341579 -0.000321435 0.000685755
-0.000321435 -0.00237001 -0.00430635
0.000685755 -0.00430635 0.0812513

-0.000586885 -0.000214557 0.00123031
-0.000214557 0.000469892 -0.00406256
0.00123031 -0.00406256 0.0859524

0.000181412 -0.000192846 0.00010676
-0.000192846 0.00182012 -0.0056987
0.00010676 -0.0056987 0.089619

-0.00502946 -3.98984e-06 0.000721763
-3.98984e-06 -0.00335811 -0.00430906
0.000721763 -0.00430906 0.0802802

0.000777839 -0.000307457 0.00100568
-0.000307457 0.00149362 -0.00532702
0.00100568 -0.00532702 0.0885879

-0.00266852 -0.000404333 -0.00201815
-0.000404333 -0.00201952 0.0029944
-0.00201815 0.0029944 0.0835791

-0.0018173 -0.000438829 0.00146828
-0.000438829 -7.17508e-05 -0.00383817
0.00146828 -0.00383817 0.0831033

-0.00114858 -0.000121447 -0.00100941
-0.000121447 0.000204534 -0.00384519
-0.00100941 -0.00384519 0.0857362

-0.00280998 0.000431431 -0.00199642
0.000431431 -0.002231 -0.0016483
-0.00199642 -0.0016483 0.0828645

-0.00397637 -0.000531551 0.000847476
-0.000531551 -0.00292864 -0.00269314
0.000847476 -0.00269314 0.0797267

-0.000188535 -1.36464e-05 0.000223941
-1.36464e-05 -0.000183071 -0.000331921
0.000223941 -0.000331921 0.0901213

-0.00373773 4.96455e-05 0.000672112
4.96455e-05 -0.00295749 0.0015196
0.000672112 0.0015196 0.0807785

-0.000250174 -0.000331024 -1.219e-05
-0.000331024 -0.000432272 -0.000148561
-1.219e-05 -0.000148561 0.0882708

-0.00209242 -0.000490653 -0.00198846
-0.000490653 -0.00221897 0.00182851
-0.00198846 0.00182851 0.0843046

0.00329309 -0.000730946 -0.000173719
-0.000730946 0.00276571 0.000153463
-0.000173719 0.000153463 0.0933055

-0.000401102 -8.87801e-05 -0.000165989
-8.87801e-05 -0.000485578 0.000369306
-0.000165989 0.000369306 0.0882189

-0.000436881 0.000131802 -0.00129847
0.000131802 -0.000771517 -0.000852623
-0.00129847 -0.000852623 0.0916981

0.000214822 -0.000359678 0.00331368
-0.000359678 4.8747e-05 -0.00189115
0.00331368 -0.00189115 0.0864587

-0.00354938 -0.000627696 0.00294582
-0.000627696 -0.0037085 -0.00141651
0.00294582 -0.00141651 0.081404

0.000526105 -0.000105326 0.00369664
-0.000105326 -0.000192504 -0.00103396
0.00369664 -0.00103396 0.0865091

-0.000433364 -0.000382707 0.00122539
-0.000382707 -0.000163016 -0.00457314
0.00122539 -0.00457314 0.0870095

-0.00240769 -9.84356e-05 -0.00273003
-9.84356e-05 -0.00306204 0.000923606
-0.00273003 0.000923606 0.0821487

-3.23412e-05 -0.000104397 0.000173787
-0.000104397 -0.000290143 -4.35627e-05
0.000173787 -4.35627e-05 0.0902813

-0.000789823 -4.87415e-05 -0.000516058
-4.87415e-05 -0.0007371 0.000398225
-0.000516058 0.000398225 0.0883687

0.000180187 1.10549e-05 -0.00325662
1.10549e-05 -7.94366e-05 0.000447313
-0.00325662 0.000447313 0.0881482

0.000928358 -3.17359e-05 -0.00076828
-3.17359e-05 0.00184122 0.00464688
-0.00076828 0.00464688 0.0888101

0.00169612 -0.000172156 -0.000389493
-0.000172156 0.00183658 0.00555262
-0.000389493 0.00555262 0.0919962

-0.000557636 0.000705861 -0.0030256
0.000705861 -0.00219356 0.0019047
-0.0030256 0.0019047 0.0853684

-0.00049499 -0.000320491 -0.000396646
-0.000320491 -2.42438e-07 0.00556286
-0.000396646 0.00556286 0.0866889

-0.00277468 -0.000121445 0.000113517
-0.000121445 -0.00208236 0.00539336
0.000113517 0.00539336 0.0827955

-0.00111875 0.000160232 -0.00122522
0.000160232 0.000263522 0.00525778
-0.00122522 0.00525778 0.0867159

0.00270115 -0.000254095 -0.00191398
-0.000254095 0.00281327 0.00137171
-0.00191398 0.00137171 0.0956422

-0.00107559 -9.70977e-05 0.00314954
-9.70977e-05 -0.0020367 -0.000410339
0.00314954 -0.000410339 0.0836088

0.0028824 -0.000199855 -0.000542047
-0.000199855 0.003393 0.00248023
-0.000542047 0.00248023 0.0972197

0.00369918 -6.27015e-05 0.00148395
-6.27015e-05 0.00441103 -0.00371126
0.00148395 -0.00371126 0.0987553

-0.00474217 -0.000909859 0.00357889
-0.000909859 -0.00290666 -0.00861773
0.00357889 -0.00861773 0.0758639

-0.00041037 6.33558e-06 0.001557
6.33558e-06 0.000273747 -0.00466285
0.001557 -0.00466285 0.0874317

0.00114579 -0.000499628 0.00357335
-0.000499628 0.00116134 -0.00792596
0.00357335 -0.00792596 0.087902

0.00135906 -0.000750101 0.00377963
-0.000750101 0.00198294 -0.00792875
0.00377963 -0.00792875 0.087584

0.000400323 0.000105926 0.000611002
0.000105926 0.00124405 -0.00388955
0.000611002 -0.00388955 0.0891678

-0.000721312 0.000799607 0.000689346
0.000799607 -0.000680157 -0.00408025
0.000689346 -0.00408025 0.084471

0.000475577 0.000380694 -0.00177006
0.000380694 -9.50987e-05 -0.0056995
-0.00177006 -0.0056995 0.0873106

-0.000916841 0.000352477 -0.0018939
0.000352477 -0.00143515 -0.00598291
-0.0018939 -0.00598291 0.0849752

0.003248 8.96572e-05 0.00186629
8.96572e-05 0.00441426 -0.00305999
0.00186629 -0.00305999 0.102509

-0.000830943 0.000763541 -0.00272873
0.000763541 -0.00199243 -0.00254187
-0.00272873 -0.00254187 0.0844648

0.00137715 0.000802297 -0.00106926
0.000802297 0.000741331 -0.0065474
-0.00106926 -0.0065474 0.0917945

-0.00193782 0.000203331 -0.00153137
0.000203331 -0.00134305 -0.000570351
-0.00153137 -0.000570351 0.0845547

-0.00234165 0.000298783 -0.00107305
0.000298783 -0.00157442 -0.00113105
-0.00107305 -0.00113105 0.0844743

9.45875e-05 -1.89845e-05 -0.000137397
-1.89845e-05 0.000208038 -8.93389e-05
-0.000137397 -8.93389e-05 0.0885596

-0.000525393 -1.47997e-10 -3.62315e-05
-1.47997e-10 -0.000525392 0.00011351
-3.62315e-05 0.00011351 0.0878694

7.16851e-05 8.25891e-05 0.00011014
8.25891e-05 0.000308036 0.000284479
0.00011014 0.000284479 0.088767

0.000627433 -3.15879e-06 0.00035019
-3.15879e-06 0.000689917 -1.53022e-06
0.00035019 -1.53022e-06 0.0896775

0.000566367 -7.84098e-05 0.000211097
-7.84098e-05 0.000626993 0.000127385
0.000211097 0.000127385 0.0890986

-0.000360916 -0.000117505 -3.51046e-05
-0.000117505 -0.000432285 7.19484e-05
-3.51046e-05 7.19484e-05 0.0879543

2.4423e-05 4.11029e-05 -0.000212485
4.11029e-05 -2.51472e-05 -4.21511e-05
-0.000212485 -4.21511e-05 0.0886002

-0.00196751 0.000589945 -0.00117642
0.000589945 -0.00148398 -0.00139553
-0.00117642 -0.00139553 0.082555

-0.000933539 0.000815362 -0.00173488
0.000815362 -0.000777593 -0.00127141
-0.00173488 -0.00127141 0.0844721

0.00218184 -2.40505e-05 -0.00173155
-2.40505e-05 0.00111691 -0.000305495
-0.00173155 -0.000305495 0.0901611

0.00149112 -6.14275e-05 -0.00317572
-6.14275e-05 0.000225163 -8.71893e-05
-0.00317572 -8.71893e-05 0.0884373

-0.000296319 1.34017e-05 -0.00304141
1.34017e-05 -0.00132194 0.000291883
-0.00304141 0.000291883 0.0851151

TENSORS Lagrange_strain float
5.35396e-06 -2.36128e-06 -2.40016e-05
-2.36128e-06 1.71009e-05 8.96716e-05
-2.40016e-05 8.96716e-05 -1.57599e-05

4.66516e-06 -1.00177e-06 -2.08175e-05
-1.00177e-06 1.79428e-05 8.66183e-05
-2.08175e-05 8.66183e-05 -2.75173e-05

-2.07747e-06 5.51274e-06 -1.93916e-05
5.51274e-06 1.16114e-05 -1.38724e-05
-1.93916e-05 -1.38724e-05 -5.4329e-05

1.41549e-05 -1.78565e-06 8.63669e-05
-1.78565e-06 1.4665e-05 -4.58286e-05
8.63669e-05 -4.58286e-05 -3.66887e-05

2.33571e-06 -7.53085e-06 -2.88657e-05
-7.53085e-06 9.02113e-06 7.78939e-05
-2.88657e-05 7.78939e-05 -8.26265e-06

1.00019e-06 3.94839e-06 5.31687e-06
3.94839e-06 1.86042e-06 1.43672e-06
5.31687e-06 1.43672e-06 -1.37561e-05

4.60521e-05 7.89392e-07 5.11192e-05
7.89392e-07 1.19245e-05 -4.35808e-05
5.11192e-05 -4.35808e-05 -0.000350205

2.98289e-06 -9.83933e-06 7.40738e-06
-9.83933e-06 1.24569e-06 -1.15189e-06
7.40738e-06 -1.15189e-06 -4.47707e-06

5.82788e-06 1.59558e-06 5.1135e-05
1.59558e-06 3.51806e-06 -3.52547e-05
5.1135e-05 -3.52547e-05 -4.68276e-05

-1.14754e-05 -1.82345e-07 -1.9119e-05
-1.82345e-07 4.096e-06 -2.88394e-05
-1.9119e-05 -2.88394e-05 -6.97618e-06

-1.56449e-05 -3.70612e-06 -1.37559e-05
-3.70612e-06 1.18434e-05 -7.85935e-07
-1.37559e-05 -7.85935e-07 1.00319e-05

2.14022e-05 -8.20123e-06 8.5039e-05
-8.20123e-06 2.01482e-05 -4.21122e-05
8.5039e-05 -4.21122e-05 -6.93748e-05

1.24583e-05 5.97931e-06 8.67771e-05
5.97931e-06 5.52785e-06 1.87411e-05
8.67771e-05 1.87411e-05 -5.00339e-05

-2.42834e-06 -3.72401e-07 -3.96473e-06
-3.72401e-07 -1.3158e-06 3.28749e-06
-3.96473e-06 3.28749e-06 5.78552e-06

5.40298e-06 7.05332e-07 3.42371e-08
7.05332e-07 5.05325e-06 2.58678e-06
3.42371e-08 2.58678e-06 -1.73165e-05

1.07958e-05 -7.60559e-06 5.46888e-05
-7.60559e-06 1.00238e-05 -6.00665e-05
5.46888e-05 -6.00665e-05 -3.18497e-05

1.03864e-05 1.40548e-05 -3.16811e-05
1.40548e-05 1.73655e-05 -2.99072e-05
-3.16811e-05 -2.99072e-05 -2.69655e-05

-2.42078e-06 -6.89107e-07 3.87988e-07
-6.89107e-07 -9.70247e-07 1.12763e-06
3.87988e-07 1.12763e-06 -6.35822e-07

1.5097e-05 1.35189e-05 4.8473e-06
1.35189e-05 1.48498e-05 -1.6618e-05
4.8473e-06 -1.6618e-05 -5.42728e-05

-9.0152e-07 1.92554e-06 6.31442e-06
1.92554e-06 3.29411e-06 4.34595e-06
6.31442e-06 4.34595e-06 -1.33268e-05

-2.43356e-06 1.80652e-06 -1.71659e-05
1.80652e-06 -3.88098e-06 -2.18729e-05
-1.71659e-05 -2.18729e-05 -1.16326e-05

5.39261e-06 -1.02296e-05 4.16766e-05
-1.02296e-05 2.16166e-05 -6.22883e-05
4.16766e-05 -6.22883e-05 -6.18817e-05

-4.0241e-07 -1.91287e-06 2.43514e-06
-1.91287e-06 -6.72961e-06 -4.73386e-06
2.43514e-06 -4.73386e-06 7.17699e-06

-1.49527e-07 -4.00705e-06 5.01319e-06
-4.00705e-06 7.11123e-06 7.26154e-06
5.01319e-06 7.26154e-06 -2.68036e-05

-1.30008e-06 1.46969e-06 7.59843e-06
1.46969e-06 4.51003e-06 2.09963e-06
7.59843e-06 2.09963e-06 -9.51969e-06

1.4698e-06 2.95433e-06 6.55901e-06
2.95433e-06 3.42484e-06 -5.02485e-07
6.55901e-06 -5.02485e-07 -1.1353e-05

1.16529e-05 -4.13111e-06 4.69564e-05
-4.13111e-06 1.95583e-05 -0.00011072
4.69564e-05 -0.00011072 -4.40045e-05

-4.03266e-06 -5.44581e-06 4.41828e-06
-5.44581e-06 -3.34908e-06 -7.86028e-07
4.41828e-06 -7.86028e-07 2.04126e-05

-1.09812e-06 -5.22914e-07 4.22586e-06
-5.22914e-07 -2.30798e-06 5.16018e-06
4.22586e-06 5.16018e-06 1.13159e-05

8.68631e-06 -4.84415e-07 3.71548e-05
-4.84415e-07 1.51498e-05 -9.92761e-05
3.71548e-05 -9.92761e-05 -7.1464e-05

0 0 -3.28429e-07
0 0 -1.25284e-06
-3.28429e-07 -1.25284e-06 -1.05116e-05

-3.58162e-06 -4.24924e-06 2.19059e-05
-4.24924e-06 -1.5513e-05 -9.68297e-06
2.19059e-05 -9.68297e-06 2.2622e-05

4.37712e-06 -1.53355e-06 -5.36448e-05
-1.53355e-06 1.5989e-06 4.19322e-05
-5.36448e-05 4.19322e-05 -2.61452e-05

3.99221e-06 4.95077e-06 2.93428e-05
4.95077e-06 -5.08185e-06 -1.94023e-06
2.93428e-05 -1.94023e-06 2.76848e-05

5.8194e-06 1.33384e-06 5.19714e-05
1.33384e-06 4.52668e-06 2.13247e-05
5.19714e-05 2.13247e-05 -2.51778e-05

4.73713e-06 8.8128e-06 6.69537e-05
8.8128e-06 5.64584e-06 5.83341e-05
6.69537e-05 5.83341e-05 -2.59175e-05

6.2515e-06 1.2636e-07 -4.92913e-05
1.2636e-07 2.42946e-06 4.56777e-05
-4.92913e-05 4.56777e-05 -1.60524e-05

1.51256e-05 -1.64445e-05 6.54339e-05
-1.64445e-05 4.8297e-05 -0.000144747
6.54339e-05 -0.000144747 -4.3694e-05

1.06146e-06 -1.69487e-06 -2.9587e-05
-1.69487e-06 9.08607e-08 -2.13301e-06
-2.9587e-05 -2.13301e-06 2.46862e-05

1.71006e-05 -4.77285e-06 6.64487e-05
-4.77285e-06 7.99144e-06 -8.55464e-06
6.64487e-05 -8.55464e-06 -6.46603e-05

1.1525e-05 -5.13513e-06 6.76239e-05
-5.13513e-06 8.47321e-06 -1.39697e-05
6.76239e-05 -1.39697e-05 -5.23104e-06

4.94744e-06 -6.91316e-08 3.18902e-06
-6.91316e-08 3.91769e-06 1.00274e-05
3.18902e-06 1.00274e-05 -1.53436e-05

-5.19936e-06 5.56095e-06 -8.21939e-07
5.56095e-06 -4.9793e-06 7.81215e-06
-8.21939e-07 7.81215e-06 1.46094e-05

-1.38271e-07 4.47601e-06 -9.47244e-07
4.47601e-06 6.78667e-06 -2.69019e-05
-9.47244e-07 -2.69019e-05 6.71684e-06

4.30024e-06 4.48918e-07 6.47094e-07
4.48918e-07 8.87795e-06 -2.85343e-05
6.47094e-07 -2.85343e-05 7.26743e-06

9.68156e-06 -6.24992e-07 6.98401e-05
-6.24992e-07 -7.07276e-06 -2.97762e-06
6.98401e-05 -2.97762e-06 -4.24217e-05

3.07334e-06 4.61081e-06 -4.0929e-05
4.61081e-06 -3.73947e-06 3.03892e-05
-4.0929e-05 3.03892e-05 3.86506e-05

4.2588e-06 9.03471e-07 -1.32164e-06
9.03471e-07 3.89758e-06 -6.2975e-06
-1.32164e-06 -6.2975e-06 -6.72934e-06

5.80857e-06 8.43623e-07 4.67573e-05
8.43623e-07 1.6681e-06 6.40542e-06
4.67573e-05 6.40542e-06 -6.75654e-06

-7.12706e-06 2.17583e-06 1.1085e-06
2.17583e-06 -6.47245e-06 6.14562e-06
1.1085e-06 6.14562e-06 1.84202e-05

-6.86009e-06 -2.32432e-07 -2.64037e-08
-2.32432e-07 -5.22511e-06 3.65263e-06
-2.64037e-08 3.65263e-06 1.533e-05

-2.36164e-06 -1.52182e-06 4.37082e-06
-1.52182e-06 -2.45239e-06 -7.00809e-06
4.37082e-06 -7.00809e-06 -4.86205e-06

-1.99513e-07 2.74215e-07 -1.78085e-06
2.74215e-07 -8.64781e-07 -9.25794e-07
-1.78085e-06 -9.25794e-07 1.44097e-06

-4.31022e-06 3.19189e-06 -2.78999e-06
3.19189e-06 -4.24959e-06 5.68267e-06
-2.78999e-06 5.68267e-06 9.22717e-06

-9.96855e-07 -7.89212e-07 3.53614e-06
-7.89212e-07 -2.23615e-06 9.62315e-06
3.53614e-06 9.62315e-06 -5.38762e-06

1.39281e-06 2.39491e-06 -2.70863e-06
2.39491e-06 3.60231e-06 4.02569e-05
-2.70863e-06 4.02569e-05 1.19833e-05

7.21967e-06 -8.56238e-06 4.28585e-05
-8.56238e-06 7.8373e-06 -3.0001e-05
4.28585e-05 -3.0001e-05 -3.26078e-05

-1.3335e-06 -7.14739e-07 -2.24702e-06
-7.14739e-07 1.1491e-06 4.76246e-07
-2.24702e-06 4.76246e-07 -3.56937e-06

2.81748e-06 -9.28965e-07 -5.27889e-06
-9.28965e-07 2.1251e-05 8.1727e-05
-5.27889e-06 8.1727e-05 -4.98739e-05

-5.45645e-06 -9.56292e-07 1.72089e-05
-9.56292e-07 6.23732e-07 -6.6659e-06
1.72089e-05 -6.6659e-06 4.1922e-05

-6.49269e-06 -1.52774e-06 5.95248e-07
-1.52774e-06 1.13463e-06 3.24587e-05
5.95248e-07 3.24587e-05 1.55642e-05

-8.72022e-07 -5.44922e-07 8.34506e-07
-5.44922e-07 1.41216e-07 3.16654e-07
8.34506e-07 3.16654e-07 7.12804e-09

-2.07306e-06 -2.03965e-06 8.55136e-07
-2.03965e-06 -1.61217e-06 1.15237e-06
8.55136e-07 1.15237e-06 -5.82749e-07

-3.54484e-06 1.94337e-06 -2.14435e-06
1.94337e-06 1.29053e-06 -2.54227e-06
-2.14435e-06 -2.54227e-06 -9.41354e-07

-3.41101e-06 -3.77126e-07 1.64351e-06
-3.77126e-07 1.55087e-06 1.87489e-07
1.64351e-06 1.87489e-07 2.01738e-06

-3.94222e-06 -2.61094e-06 1.48364e-06
-2.61094e-06 -3.64057e-06 -7.44942e-06
1.48364e-06 -7.44942e-06 -1.47024e-07

9.90815e-06 -7.50543e-06 5.33814e-05
-7.50543e-06 -2.88938e-06 -1.21463e-05
5.33814e-05 -1.21463e-05 -7.95796e-06

7.3249e-06 -9.22017e-06 4.63104e-05
-9.22017e-06 1.77621e-06 -2.78655e-05
4.63104e-05 -2.78655e-05 -6.36778e-06

1.15904e-05 1.49067e-05 1.2345e-05
1.49067e-05 8.94804e-06 -7.5087e-06
1.2345e-05 -7.5087e-06 -7.51951e-05

-1.83413e-06 -2.41445e-06 1.08354e-05
-2.41445e-06 -3.52153e-06 5.86648e-05
1.08354e-05 5.86648e-05 2.70905e-05

4.30632e-05 -4.65856e-06 1.9518e-05
-4.65856e-06 3.41748e-05 5.27593e-05
1.9518e-05 5.27593e-05 -0.000330539

-2.22482e-06 3.86165e-07 -1.78435e-06
3.86165e-07 3.69095e-06 1.60303e-06
-1.78435e-06 1.60303e-06 -1.00465e-06

2.83293e-06 -3.31051e-06 -6.20579e-06
-3.31051e-06 5.57387e-06 0.000101012
-6.20579e-06 0.000101012 -1.0759e-05

-5.17245e-06 -4.87474e-06 4.46174e-07
-4.87474e-06 -4.01263e-06 7.40486e-06
4.46174e-07 7.40486e-06 5.91135e-06

1.14668e-05 9.02198e-06 2.59396e-05
9.02198e-06 3.53887e-05 6.87467e-06
2.59396e-05 6.87467e-06 -0.000264186

1.07719e-05 -7.05555e-06 -1.23708e-05
-7.05555e-06 -4.3826e-06 5.30946e-05
-1.23708e-05 5.30946e-05 -7.70732e-06

-1.94301e-06 -3.24451e-06 5.43412e-06
-3.24451e-06 6.80296e-06 6.77509e-06
5.43412e-06 6.77509e-06 -2.09703e-05

7.95623e-06 1.73257e-06 -1.10101e-05
1.73257e-06 -7.13349e-06 -7.1623e-06
-1.10101e-05 -7.1623e-06 -5.95948e-06

1.22725e-06 -3.94158e-06 -1.44713e-05
-3.94158e-06 1.68237e-05 8.01837e-05
-1.44713e-05 8.01837e-05 -1.16191e-05

1.01382e-05 -7.55057e-06 -9.3369e-05
-7.55057e-06 2.14037e-05 4.62013e-05
-9.3369e-05 4.62013e-05 -8.14781e-05

1.01875e-05 -1.35498e-05 -0.000112692
-1.35498e-05 8.3494e-06 4.1184e-05
-0.000112692 4.1184e-05 -1.74344e-05

2.51315e-05 -4.65366e-06 -4.62192e-06
-4.65366e-06 3.67083e-06 -1.15139e-05
-4.62192e-06 -1.15139e-05 -0.000248659

-8.05093e-07 1.88612e-06 -6.11805e-06
1.88612e-06 1.07664e-05 -5.58294e-05
-6.11805e-06 -5.58294e-05 1.30541e-05

1.05559e-05 5.99212e-06 6.25744e-05
5.99212e-06 3.01759e-06 2.75465e-06
6.25744e-05 2.75465e-06 4.9873e-06

1.54284e-05 -6.98115e-07 -8.00344e-05
-6.98115e-07 2.14594e-05 5.43364e-05
-8.00344e-05 5.43364e-05 -5.73323e-05

-2.32501e-07 -8.04325e-06 -3.56756e-06
-8.04325e-06 2.71977e-05 5.2257e-05
-3.56756e-06 5.2257e-05 -6.39153e-05

7.2467e-07 -4.16319e-07 -5.53119e-06
-4.16319e-07 2.81955e-06 -2.2996e-06
-5.53119e-06 -2.2996e-06 -2.29731e-05

1.80773e-05 -9.75549e-07 -7.55576e-05
-9.75549e-07 -1.15262e-06 4.94923e-05
-7.55576e-05 4.94923e-05 -5.91096e-05

1.66912e-06 -1.45823e-06 -3.08251e-05
-1.45823e-06 -2.30909e-06 -3.91041e-06
-3.08251e-05 -3.91041e-06 2.65358e-05

-4.13331e-06 2.76499e-06 -4.75027e-06
2.76499e-06 8.73299e-06 -4.35303e-05
-4.75027e-06 -4.35303e-05 1.26009e-05

-1.8605e-06 -2.06178e-06 2.4952e-06
-2.06178e-06 -2.12087e-06 4.24017e-06
2.4952e-06 4.24017e-06 2.35342e-06

-2.90655e-06 2.60734e-06 -6.6665e-06
2.60734e-06 -7.95836e-06 1.40291e-05
-6.6665e-06 1.40291e-05 4.47906e-06

-3.10159e-06 4.66203e-07 -8.95341e-07
4.66203e-07 -3.07872e-06 6.29787e-06
-8.95341e-07 6.29787e-06 1.62192e-06

-4.42465e-06 -2.21977e-06 -9.74057e-06
-2.21977e-06 9.35409e-06 2.59338e-05
-9.74057e-06 2.59338e-05 7.57914e-06

-2.67076e-06 -3.21663e-08 1.26718e-06
-3.21663e-08 -1.10997e-06 -1.19502e-05
1.26718e-06 -1.19502e-05 6.4241e-06

-4.33888e-06 -2.59785e-06 -1.61349e-05
-2.59785e-06 5.72249e-06 1.30767e-06
-1.61349e-05 1.30767e-06 -4.21514e-05

-2.55094e-06 6.26332e-08 1.05641e-05
6.26332e-08 1.21012e-05 -5.62546e-05
1.05641e-05 -5.62546e-05 -4.79995e-05

2.09258e-05 1.82081e-06 -4.70632e-05
1.82081e-06 1.65733e-06 8.84843e-06
-4.70632e-05 8.84843e-06 -2.63809e-06

-3.93395e-06 7.36928e-07 -5.26989e-06
7.36928e-07 1.92307e-05 2.54931e-05
-5.26989e-06 2.54931e-05 -5.61116e-05

-1.25935e-06 -1.49412e-06 -2.90954e-07
-1.49412e-06 -2.5977e-07 -2.44006e-07
-2.90954e-07 -2.44006e-07 -3.76206e-07

2.49979e-06 -4.21913e-06 1.54263e-05
-4.21913e-06 3.51348e-05 -0.000122544
1.54263e-05 -0.000122544 -3.06093e-05

1.98186e-05 4.65112e-06 -4.66681e-05
4.65112e-06 2.11293e-06 -1.53985e-05
-4.66681e-05 -1.53985e-05 -5.00972e-05

9.42177e-06 2.34248e-06 -9.62507e-05
2.34248e-06 -6.28677e-06 1.1181e-05
-9.62507e-05 1.1181e-05 2.56336e-05

1.35561e-05 1.45856e-05 -4.31597e-05
1.45856e-05 -9.62556e-07 -4.30802e-05
-4.31597e-05 -4.30802e-05 7.72894e-06

4.03336e-06 3.05259e-06 -7.22364e-05
3.05259e-06 4.33275e-07 1.90668e-05
-7.22364e-05 1.90668e-05 1.18353e-05

-2.22045e-16 -1.11022e-16 -5.09036e-07
-1.11022e-16 0 -1.09299e-06
-5.09036e-07 -1.09299e-06 -2.96775e-07

-5.76463e-06 6.22395e-07 8.43211e-06
6.22395e-07 2.49682e-07 -1.41538e-05
8.43211e-06 -1.41538e-05 1.43923e-05

7.25425e-06 4.38684e-06 1.90266e-05
4.38684e-06 8.52679e-06 5.44735e-05
1.90266e-05 5.44735e-05 -8.64588e-06

-3.90729e-06 6.497e-07 -6.63252e-06
6.497e-07 1.94914e-05 3.05578e-05
-6.63252e-06 3.05578e-05 -1.28896e-06

-6.62295e-06 2.06034e-07 7.34735e-06
2.06034e-07 -1.20379e-05 1.95545e-06
7.34735e-06 1.95545e-06 2.14259e-05

1.51342e-06 6.80242e-07 -9.26635e-07
6.80242e-07 -4.42818e-07 -3.82959e-06
-9.26635e-07 -3.82959e-06 1.62872e-07

-2.34105e-06 -1.01152e-06 1.89702e-06
-1.01152e-06 4.89767e-07 8.13767e-07
1.89702e-06 8.13767e-07 6.17635e-06

5.11023e-07 3.09105e-07 -5.15977e-05
3.09105e-07 -1.12923e-06 4.96084e-05
-5.15977e-05 4.96084e-05 4.78477e-05

-1.39587e-05 -3.5994e-07 -1.32875e-05
-3.5994e-07 -6.45363e-06 -3.90784e-06
-1.32875e-05 -3.90784e-06 9.50385e-06

7.77419e-06 2.89779e-06 -4.1611e-05
2.89779e-06 3.26343e-05 -2.7595e-05
-4.1611e-05 -2.7595e-05 -0.000117408

4.99069e-06 4.58182e-06 -2.78582e-05
4.58182e-06 4.39233e-05 -0.000145057
-2.78582e-05 -0.000145057 -4.09758e-05

6.17694e-06 3.73028e-06 -3.03225e-05
3.73028e-06 1.54224e-05 -0.000134124
-3.03225e-05 -0.000134124 -3.87409e-05

-1.30543e-05 4.49009e-06 -1.96951e-05
4.49009e-06 -4.14239e-06 -8.97683e-06
-1.96951e-05 -8.97683e-06 1.86921e-05

1.04281e-05 -1.2584e-05 -3.76468e-05
-1.2584e-05 9.40161e-06 2.09823e-05
-3.76468e-05 2.09823e-05 -6.12446e-05

3.8028e-05 4.18717e-06 -1.84058e-05
4.18717e-06 6.56114e-05 1.99159e-05
-1.84058e-05 1.99159e-05 -0.00030122

-9.0529e-07 5.47071e-07 -1.1356e-05
5.47071e-07 2.1118e-06 1.04099e-05
-1.1356e-05 1.04099e-05 -2.34525e-05

7.24193e-06 -6.06235e-06 -6.35966e-06
-6.06235e-06 -3.90502e-06 8.4937e-06
-6.35966e-06 8.4937e-06 -2.22882e-05

2.92955e-05 2.43263e-05 5.5906e-05
2.43263e-05 2.02676e-05 5.73372e-05
5.5906e-05 5.73372e-05 -9.4651e-05

5.94794e-06 -3.54055e-06 -7.64431e-06
-3.54055e-06 5.03178e-06 6.69761e-05
-7.64431e-06 6.69761e-05 4.19128e-07

-4.75129e-06 -1.93876e-06 3.34126e-05
-1.93876e-06 1.23013e-06 2.57721e-05
3.34126e-05 2.57721e-05 -0.000102951

1.17883e-05 8.48601e-07 -7.28831e-05
8.48601e-07 -6.43604e-06 -2.42296e-05
-7.28831e-05 -2.42296e-05 -9.66689e-06

1.41514e-07 2.56686e-07 -1.48432e-05
2.56686e-07 4.39858e-07 -2.10791e-05
-1.48432e-05 -2.10791e-05 4.61693e-05

1.5779e-06 3.34048e-07 1.34108e-05
3.34048e-07 1.31023e-05 -0.000110783
1.34108e-05 -0.000110783 -2.78476e-05

3.84943e-07 2.31073e-07 -1.9717e-06
2.31073e-07 4.12563e-07 -4.10223e-06
-1.9717e-06 -4.10223e-06 7.92113e-06

-3.86148e-06 3.33488e-06 -3.03568e-05
3.33488e-06 2.88749e-06 5.45732e-05
-3.03568e-05 5.45732e-05 -4.70357e-05

2.462e-06 -2.13734e-06 2.46336e-06
-2.13734e-06 -2.61101e-07 -1.42408e-05
2.46336e-06 -1.42408e-05 -1.44298e-05

3.41929e-06 1.34789e-06 -1.15763e-06
1.34789e-06 8.43313e-07 4.26893e-05
-1.15763e-06 4.26893e-05 1.00015e-05

-3.46989e-06 -1.54235e-06 1.3657e-06
-1.54235e-06 -5.28026e-06 -4.14208e-06
1.3657e-06 -4.14208e-06 -7.02779e-07

7.65764e-06 -7.10101e-07 -3.18178e-05
-7.10101e-07 2.93871e-06 -2.32244e-06
-3.18178e-05 -2.32244e-06 -1.91955e-05

-7.48461e-06 -7.87486e-06 -9.36467e-06
-7.87486e-06 -2.90378e-06 1.1255e-05
-9.36467e-06 1.1255e-05 1.97884e-06

-2.99131e-06 5.19018e-06 -1.44565e-05
5.19018e-06 -1.34372e-06 1.71752e-05
-1.44565e-05 1.71752e-05 -2.80582e-05

-8.09944e-07 2.86882e-06 -3.03437e-05
2.86882e-06 -5.82024e-07 1.32567e-06
-3.03437e-05 1.32567e-06 1.63708e-05

4.92896e-05 -1.58322e-05 9.291e-05
-1.58322e-05 6.56114e-05 2.51303e-05
9.291e-05 2.51303e-05 -0.000359972

3.01373e-06 5.21236e-06 -1.39509e-05
5.21236e-06 9.32078e-06 -4.94233e-05
-1.39509e-05 -4.94233e-05 -5.60763e-06

-2.46323e-06 -1.90431e-06 1.11343e-06
-1.90431e-06 -3.81006e-07 2.35041e-07
1.11343e-06 2.35041e-07 -2.01446e-06

1.17907e-05 3.58831e-06 7.43498e-05
3.58831e-06 4.43618e-06 2.24345e-05
7.43498e-05 2.24345e-05 2.95967e-05

-2.71192e-07 -7.33414e-07 -7.05959e-06
-7.33414e-07 8.77322e-06 1.55726e-06
-7.05959e-06 1.55726e-06 -8.02987e-06

-6.17818e-07 -2.71523e-06 -5.55061e-06
-2.71523e-06 1.83473e-07 -1.15758e-05
-5.55061e-06 -1.15758e-05 -3.85704e-06

1.18114e-05 1.62003e-05 7.19231e-05
1.62003e-05 3.00892e-05 5.19214e-05
7.19231e-05 5.19214e-05 -9.71622e-05

1.07262e-05 6.64269e-06 7.86091e-05
6.64269e-06 4.58084e-06 1.9277e-05
7.86091e-05 1.9277e-05 4.44332e-06

1.99138e-06 6.55373e-06 -8.45281e-06
6.55373e-06 1.06084e-05 1.62978e-05
-8.45281e-06 1.62978e-05 -3.00269e-05

1.65463e-05 -1.29709e-05 0.000120358
-1.29709e-05 1.85818e-06 -2.60061e-05
0.000120358 -2.60061e-05 -9.8389e-06

3.40644e-05 1.44429e-05 -0.000100212
1.44429e-05 9.22575e-06 -6.46695e-05
-0.000100212 -6.46695e-05 -9.59291e-05

-2.72438e-06 -3.50734e-06 -1.53668e-08
-3.50734e-06 -3.57676e-07 -9.31135e-06
-1.53668e-08 -9.31135e-06 -4.46199e-07

-6.46819e-06 2.72754e-06 -1.38724e-05
2.72754e-06 3.68606e-06 -8.22279e-06
-1.38724e-05 -8.22279e-06 -0.000250633

1.23569e-06 3.70304e-07 -1.39413e-06
3.70304e-07 9.11293e-06 -7.79241e-06
-1.39413e-06 -7.79241e-06 -2.49127e-05

3.2776e-05 4.16017e-06 -9.86367e-05
4.16017e-06 3.27152e-06 -2.44043e-05
-9.86367e-05 -2.44043e-05 -8.77824e-05

-3.24559e-06 4.07524e-07 5.4662e-08
4.07524e-07 -5.89631e-07 -8.35839e-06
5.4662e-08 -8.35839e-06 1.2153e-05

1.29126e-07 4.70941e-07 -2.40458e-06
4.70941e-07 -1.5107e-06 6.02879e-06
-2.40458e-06 6.02879e-06 -7.54363e-06

-4.09893e-06 5.642e-06 -1.89886e-05
5.642e-06 5.04852e-06 -2.392e-05
-1.89886e-05 -2.392e-05 -1.94666e-06

-3.82337e-06 4.72486e-07 4.11769e-07
4.72486e-07 3.5869e-06 -2.16735e-05
4.11769e-07 -2.16735e-05 1.67054e-06

1.49588e-06 6.36379e-06 1.2855e-05
6.36379e-06 3.3946e-06 -3.40034e-06
1.2855e-05 -3.40034e-06 -6.77001e-06

5.7056e-06 1.88891e-06 -7.71758e-05
1.88891e-06 -8.06477e-07 2.03233e-05
-7.71758e-05 2.03233e-05 2.41049e-05

-2.58437e-06 -2.0228e-06 5.95988e-06
-2.0228e-06 -3.55944e-06 -4.03609e-06
5.95988e-06 -4.03609e-06 2.08558e-06

2.72788e-05 -9.99851e-06 -2.04675e-05
-9.99851e-06 1.45569e-05 5.3194e-06
-2.04675e-05 5.3194e-06 -8.15089e-05

3.66871e-05 3.73781e-06 -3.32336e-05
3.73781e-06 8.58662e-05 -3.22576e-05
-3.32336e-05 -3.22576e-05 -0.000355984

-6.46819e-06 -8.21249e-06 -2.18462e-05
-8.21249e-06 5.18473e-05 -2.26639e-05
-2.18462e-05 -2.26639e-05 -0.000297269

-2.52964e-06 -1.2527e-06 -9.01991e-06
-1.2527e-06 -2.5102e-06 8.29764e-08
-9.01991e-06 8.29764e-08 1.04379e-05

5.89653e-06 3.39551e-06 -8.29067e-05
3.39551e-06 4.0382e-06 -3.18422e-05
-8.29067e-05 -3.18422e-05 -1.81251e-05

6.81148e-06 1.62516e-06 -7.9656e-05
1.62516e-06 4.90648e-06 -4.19908e-05
-7.9656e-05 -4.19908e-05 -1.23992e-05

3.71795e-05 3.7745e-06 3.55262e-05
3.7745e-06 6.406e-06 1.71605e-05
3.55262e-05 1.71605e-05 -7.00133e-05

-6.40844e-06 -1.70743e-06 -7.42903e-06
-1.70743e-06 5.7485e-06 -1.23172e-05
-7.42903e-06 -1.23172e-05 1.09582e-05

-1.10704e-06 -1.06705e-06 1.09748e-06
-1.06705e-06 -7.70264e-06 -5.19483e-06
1.09748e-06 -5.19483e-06 8.19358e-07

7.39277e-06 -1.56768e-05 -0.000114655
-1.56768e-05 9.50941e-06 3.62916e-05
-0.000114655 3.62916e-05 -1.46574e-05

5.50015e-07 1.03478e-05 -3.43656e-05
1.03478e-05 1.64833e-05 -7.25299e-05
-3.43656e-05 -7.25299e-05 -5.8611e-05

-7.06325e-06 1.66212e-06 2.5332e-06
1.66212e-06 -5.2192e-06 2.63848e-06
2.5332e-06 2.63848e-06 1.1271e-05

1.95722e-07 -2.95523e-06 3.35147e-06
-2.95523e-06 1.70841e-06 -3.5535e-06
3.35147e-06 -3.5535e-06 -1.73764e-06

-2.66668e-06 2.77446e-06 -3.35087e-06
2.77446e-06 -6.47494e-06 -1.46478e-05
-3.35087e-06 -1.46478e-05 -4.75766e-07

1.92495e-05 -8.26222e-06 9.44152e-05
-8.26222e-06 -5.15601e-07 -2.41632e-05
9.44152e-05 -2.41632e-05 2.99765e-05

5.02931e-07 1.1477e-05 -3.59325e-05
1.1477e-05 -2.9908e-06 -2.85639e-06
-3.59325e-05 -2.85639e-06 2.46234e-05

2.25761e-05 -2.0952e-05 -7.18528e-06
-2.0952e-05 1.03885e-05 6.35875e-06
-7.18528e-06 6.35875e-06 -7.71451e-05

7.26099e-05 2.73452e-05 1.76478e-05
2.73452e-05 5.69155e-05 5.97567e-05
1.76478e-05 5.97567e-05 -0.000337248

1.81183e-05 -9.30876e-06 6.99032e-05
-9.30876e-06 2.68721e-05 -0.000135232
6.99032e-05 -0.000135232 -5.67371e-05

3.33241e-05 4.89922e-06 -2.48605e-05
4.89922e-06 1.32517e-07 9.39197e-06
-2.48605e-05 9.39197e-06 -6.14423e-05

1.85518e-05 2.9574e-06 -4.08595e-05
2.9574e-06 1.76125e-06 1.93711e-06
-4.08595e-05 1.93711e-06 -6.35672e-05

3.13208e-05 5.81217e-06 4.55355e-05
5.81217e-06 3.8935e-05 1.84683e-07
4.55355e-05 1.84683e-07 -0.000326976

5.59153e-06 2.62912e-06 1.76034e-07
2.62912e-06 2.47075e-06 -3.65578e-06
1.76034e-07 -3.65578e-06 2.26346e-07

4.05111e-06 -3.41043e-06 -7.48012e-06
-3.41043e-06 -2.89444e-06 -4.28202e-06
-7.48012e-06 -4.28202e-06 -1.33101e-05

1.49702e-06 -5.47032e-07 3.39789e-06
-5.47032e-07 5.69636e-06 6.80633e-06
3.39789e-06 6.80633e-06 -9.82318e-06

-1.31284e-06 1.3333e-06 8.05949e-08
1.3333e-06 -1.09445e-06 -4.1142e-06
8.05949e-08 -4.1142e-06 9.12511e-07

1.74885e-05 -3.7919e-06 6.42472e-05
-3.7919e-06 4.327e-06 -4.22242e-05
6.42472e-05 -4.22242e-05 -3.42608e-05

-3.4706e-06 -4.4316e-06 -5.55969e-06
-4.4316e-06 -1.35244e-06 2.77629e-06
-5.55969e-06 2.77629e-06 2.54259e-06

1.17993e-06 1.98316e-06 -8.06932e-06
1.98316e-06 -3.05992e-06 1.2988e-06
-8.06932e-06 1.2988e-06 7.11683e-07

-1.52892e-06 -3.72634e-06 -5.96114e-06
-3.72634e-06 3.68996e-05 1.41329e-05
-5.96114e-06 1.41329e-05 -7.18823e-05

-8.1226e-06 -3.01365e-07 6.11287e-06
-3.01365e-07 -4.17992e-06 -2.07473e-06
6.11287e-06 -2.07473e-06 -8.329e-07

-6.70555e-06 1.31532e-06 9.37841e-06
1.31532e-06 -2.54444e-06 2.67841e-06
9.37841e-06 2.67841e-06 1.63996e-06

3.06109e-06 2.2147e-06 -2.18806e-05
2.2147e-06 1.37286e-05 -1.88449e-05
-2.18806e-05 -1.88449e-05 -3.70957e-05

1.02985e-06 1.94463e-06 -1.50007e-05
1.94463e-06 1.55965e-05 -6.81361e-05
-1.50007e-05 -6.81361e-05 -7.41899e-05

4.25453e-07 -1.88246e-07 -6.46282e-06
-1.88246e-07 0 -1.14692e-06
-6.46282e-06 -1.14692e-06 -3.74277e-06

7.72256e-06 1.90839e-06 -2.95307e-05
1.90839e-06 2.64978e-05 -1.00419e-05
-2.95307e-05 -1.00419e-05 -0.000282222

-4.48693e-06 -1.53075e-07 9.20027e-06
-1.53075e-07 -1.6959e-06 3.40516e-06
9.20027e-06 3.40516e-06 -1.35174e-06

-2.52192e-06 7.06515e-07 -8.53862e-07
7.06515e-07 -1.17779e-06 1.80145e-07
-8.53862e-07 1.80145e-07 3.13761e-06

-6.46819e-06 1.03163e-06 -1.23943e-05
1.03163e-06 3.8935e-05 1.42986e-06
-1.23943e-05 1.42986e-06 -0.000294235

-3.18307e-06 5.16576e-06 -1.58364e-05
5.16576e-06 9.4095e-07 -3.16474e-05
-1.58364e-05 -3.16474e-05 3.91151e-07

-8.33534e-06 -1.97942e-06 6.78075e-06
-1.97942e-06 -1.67212e-06 2.15395e-06
6.78075e-06 2.15395e-06 -2.861e-06

3.21317e-05 -1.1678e-05 2.82845e-05
-1.1678e-05 -2.56534e-06 -2.54508e-05
2.82845e-05 -2.54508e-05 -6.95008e-05

1.64696e-05 -7.43137e-06 5.62446e-05
-7.43137e-06 2.48363e-05 -0.000123181
5.62446e-05 -0.000123181 -4.96536e-05

1.44846e-06 -1.63327e-06 -8.83348e-06
-1.63327e-06 -7.97757e-06 -1.4298e-05
-8.83348e-06 -1.4298e-05 3.31382e-05

4.36775e-05 1.18829e-05 -1.59353e-05
1.18829e-05 3.96695e-06 -1.4317e-05
-1.59353e-05 -1.4317e-05 -0.00038796

1.86207e-05 6.86424e-06 -6.78727e-05
6.86424e-06 -2.65117e-07 -1.96354e-05
-6.78727e-05 -1.96354e-05 1.05073e-05

-1.39603e-06 -5.63288e-07 -5.57358e-05
-5.63288e-07 4.51073e-06 3.8348e-05
-5.57358e-05 3.8348e-05 4.7795e-05

-1.61138e-06 1.22381e-06 -5.01988e-05
1.22381e-06 6.95399e-07 3.45233e-05
-5.01988e-05 3.45233e-05 1.29801e-05

3.31011e-07 1.24421e-06 1.29816e-05
1.24421e-06 1.35248e-05 4.36622e-05
1.29816e-05 4.36622e-05 -3.07873e-05

2.16493e-05 -1.41151e-05 -2.35949e-05
-1.41151e-05 1.19245e-05 -3.91927e-05
-2.35949e-05 -3.91927e-05 -0.000304096

-1.04302e-05 -2.81421e-06 -5.21777e-07
-2.81421e-06 6.92459e-07 1.46465e-07
-5.21777e-07 1.46465e-07 -2.24853e-07

2.42159e-05 4.20352e-06 4.8574e-05
4.20352e-06 7.33099e-06 1.26142e-05
4.8574e-05 1.26142e-05 -6.51207e-05

3.72699e-06 -4.16066e-06 -6.7625e-06
-4.16066e-06 1.15982e-05 6.55356e-05
-6.7625e-06 6.55356e-05 4.9116e-07

2.31391e-05 -8.66109e-06 8.43355e-06
-8.66109e-06 1.70438e-06 3.46723e-06
8.43355e-06 3.46723e-06 -7.72742e-05

1.46387e-05 6.2533e-06 -5.60939e-05
6.2533e-06 5.94064e-06 -1.1236e-05
-5.60939e-05 -1.1236e-05 -6.5682e-05

1.54511e-05 9.68938e-07 5.03497e-05
9.68938e-07 -2.65674e-06 -2.94717e-05
5.03497e-05 -2.94717e-05 -3.51291e-05

-1.4411e-05 3.3778e-06 -2.54297e-05
3.3778e-06 2.93891e-06 1.54676e-06
-2.54297e-05 1.54676e-06 2.3453e-05

-8.06325e-06 -4.08188e-06 -2.18825e-05
-4.08188e-06 3.1046e-06 -5.0137e-06
-2.18825e-05 -5.0137e-06 2.477e-05

8.33003e-06 -5.42172e-06 -1.12797e-05
-5.42172e-06 1.82213e-05 5.57225e-05
-1.12797e-05 5.57225e-05 -3.47161e-05

2.37184e-06 -9.60669e-07 -5.5188e-05
-9.60669e-07 4.76773e-06 7.75096e-05
-5.5188e-05 7.75096e-05 2.04704e-05

-8.23496e-07 -1.95447e-07 6.85597e-06
-1.95447e-07 -7.46187e-06 -3.64527e-06
6.85597e-06 -3.64527e-06 1.07845e-05

1.11456e-05 -6.64556e-06 -7.31e-05
-6.64556e-06 6.14713e-06 8.05142e-05
-7.31e-05 8.05142e-05 -3.8995e-05

2.04501e-07 -7.87503e-07 -6.84575e-06
-7.87503e-07 4.24932e-06 1.57554e-06
-6.84575e-06 1.57554e-06 -1.99855e-06

4.82068e-06 1.361e-06 2.38654e-06
1.361e-06 -5.43187e-06 5.70342e-06
2.38654e-06 5.70342e-06 1.10268e-05

7.21247e-07 2.26271e-06 7.46737e-06
2.26271e-06 1.51512e-05 3.81213e-05
7.46737e-06 3.81213e-05 -2.87878e-05

-2.90884e-06 6.39051e-06 -1.40236e-05
6.39051e-06 1.02945e-05 -5.22629e-05
-1.40236e-05 -5.22629e-05 1.13391e-06

6.17839e-06 -4.67453e-06 -7.08299e-05
-4.67453e-06 -7.67712e-07 2.56922e-05
-7.08299e-05 2.56922e-05 1.30046e-05

-2.59739e-06 1.15117e-07 -2.85847e-06
1.15117e-07 -2.69167e-06 7.07371e-07
-2.85847e-06 7.07371e-07 1.0926e-05

-5.53898e-06 2.53152e-07 1.33237e-05
2.53152e-07 -4.62749e-06 -1.24219e-06
1.33237e-05 -1.24219e-06 -1.07192e-06

1.65868e-05 -1.19621e-05 -6.17566e-05
-1.19621e-05 9.26628e-06 7.35553e-05
-6.17566e-05 7.35553e-05 -2.35435e-05

3.89723e-06 9.75711e-07 -8.00113e-06
9.75711e-07 8.49796e-06 -1.00053e-05
-8.00113e-06 -1.00053e-05 -9.18131e-06

1.77792e-05 1.38518e-06 6.73812e-05
1.38518e-06 3.06228e-06 1.00155e-05
6.73812e-05 1.00155e-05 -6.50585e-05

3.76564e-05 2.57716e-05 -6.42791e-05
2.57716e-05 2.74615e-05 -8.29908e-05
-6.42791e-05 -8.29908e-05 -0.000127996

2.50559e-05 6.43172e-06 4.69108e-06
6.43172e-06 -2.56008e-07 1.73551e-06
4.69108e-06 1.73551e-06 -4.98491e-05

-7.67846e-07 4.44405e-06 7.62335e-06
4.44405e-06 1.18213e-05 2.65e-05
7.62335e-06 2.65e-05 -5.63192e-05

-1.11146e-05 -1.02399e-05 -1.23058e-05
-1.02399e-05 1.51156e-06 1.67956e-06
-1.23058e-05 1.67956e-06 9.44498e-06

-9.55793e-06 1.24113e-06 -1.60856e-05
1.24113e-06 1.65593e-06 -1.46942e-05
-1.60856e-05 -1.46942e-05 -5.35955e-06

-2.89419e-06 -1.54762e-06 -5.2941e-06
-1.54762e-06 -9.34777e-06 -3.4264e-06
-5.2941e-06 -3.4264e-06 1.47437e-05

6.88707e-06 4.29711e-06 -5.94701e-05
4.29711e-06 5.44903e-06 -1.24441e-05
-5.94701e-05 -1.24441e-05 -5.50334e-06

-4.60922e-07 -1.06715e-06 -9.42169e-07
-1.06715e-06 9.35234e-07 -1.39147e-05
-9.42169e-07 -1.39147e-05 -1.03243e-05

2.38789e-06 -1.98949e-06 3.22386e-06
-1.98949e-06 -2.23485e-07 -1.78655e-05
3.22386e-06 -1.78655e-05 -8.87785e-06

-1.28364e-06 4.33034e-06 6.59563e-06
4.33034e-06 1.7704e-05 3.76659e-05
6.59563e-06 3.76659e-05 -3.63975e-05

-3.71996e-06 3.43338e-07 -8.97336e-06
3.43338e-07 -4.94973e-06 -5.62884e-07
-8.97336e-06 -5.62884e-07 2.9503e-05

6.07939e-05 3.67341e-05 -7.88792e-06
3.67341e-05 4.84879e-05 -2.7429e-05
-7.88792e-06 -2.7429e-05 -0.000435902

1.78265e-05 4.05803e-06 -5.9169e-05
4.05803e-06 -3.17521e-06 -1.56529e-05
-5.9169e-05 -1.56529e-05 -6.67334e-05

9.21871e-05 -1.19884e-05 -1.32566e-06
-1.19884e-05 3.8935e-05 -2.4234e-05
-1.32566e-06 -2.4234e-05 -0.000570083

2.56367e-05 4.69413e-06 -1.56731e-05
4.69413e-06 -5.07908e-06 -2.18466e-05
-1.56731e-05 -2.18466e-05 -4.84259e-05

1.41079e-06 -8.25015e-07 -1.71397e-05
-8.25015e-07 -3.92326e-07 -1.03805e-05
-1.71397e-05 -1.03805e-05 -0.000113081

2.13415e-05 2.38928e-06 -4.14234e-05
2.38928e-06 -7.94254e-06 -1.47522e-05
-4.14234e-05 -1.47522e-05 -2.06092e-05

-2.05357e-06 2.08515e-07 2.43544e-07
2.08515e-07 -9.12776e-07 1.13936e-05
2.43544e-07 1.13936e-05 5.56799e-07

-2.36167e-06 1.14748e-06 -1.70239e-06
1.14748e-06 -2.82247e-06 4.68371e-06
-1.70239e-06 4.68371e-06 4.57229e-07

6.51308e-06 1.34722e-06 -5.85034e-05
1.34722e-06 -2.84584e-06 -7.86853e-06
-5.85034e-05 -7.86853e-06 -7.38112e-06

4.36775e-05 9.8942e-06 -1.7733e-05
9.8942e-06 1.19245e-05 -3.77857e-05
-1.7733e-05 -3.77857e-05 -0.000436891

-1.21049e-05 8.84501e-06 -2.15226e-05
8.84501e-06 -2.21005e-06 -1.99446e-06
-2.15226e-05 -1.99446e-06 3.03422e-05

-8.63852e-07 -9.88596e-07 3.13935e-07
-9.88596e-07 9.81888e-07 5.53318e-07
3.13935e-07 5.53318e-07 -6.19013e-07

-2.675e-06 2.63556e-07 -1.87196e-06
2.63556e-07 -6.93017e-06 -6.97946e-07
-1.87196e-06 -6.97946e-07 1.29326e-05

-2.33081e-06 -2.53857e-06 2.64442e-06
-2.53857e-06 -2.57368e-06 4.36109e-06
2.64442e-06 4.36109e-06 2.33623e-06

2.66423e-05 -9.08771e-06 -6.85782e-05
-9.08771e-06 -3.07111e-06 1.44428e-05
-6.85782e-05 1.44428e-05 -6.99273e-05

3.59104e-06 -8.01564e-07 7.79088e-07
-8.01564e-07 -4.8997e-06 -9.63917e-07
7.79088e-07 -9.63917e-07 1.23272e-05

0 0 -1.5177e-07
0 0 3.95504e-07
-1.5177e-07 3.95504e-07 -6.76602e-06

-1.90988e-06 -2.0485e-06 8.00298e-07
-2.0485e-06 -1.85974e-06 8.81607e-07
8.00298e-07 8.81607e-07 -8.66397e-07

-1.88944e-06 -2.02711e-07 -5.13879e-06
-2.02711e-07 -6.80678e-06 -1.84764e-07
-5.13879e-06 -1.84764e-07 1.32625e-05

9.37588e-06 -6.68754e-06 -6.37617e-05
-6.68754e-06 -3.24209e-06 1.03266e-05
-6.37617e-05 1.03266e-05 1.76238e-06

-1.93287e-06 4.47859e-07 -3.20147e-06
4.47859e-07 -3.17089e-06 4.83576e-06
-3.20147e-06 4.83576e-06 2.16649e-06

-6.35244e-06 -1.85393e-06 -1.01106e-05
-1.85393e-06 -2.27708e-06 -2.13232e-06
-1.01106e-05 -2.13232e-06 -1.58582e-05

3.71783e-06 -1.44939e-05 -4.62737e-05
-1.44939e-05 1.71521e-05 -5.16895e-05
-4.62737e-05 -5.16895e-05 -9.78757e-05

9.59358e-06 6.23361e-06 2.71456e-05
6.23361e-06 5.1214e-07 1.03958e-05
2.71456e-05 1.03958e-05 8.50026e-06

0 0 -1.5177e-07
0 0 3.95504e-07
-1.5177e-07 3.95504e-07 -6.76602e-06

1.9192e-05 2.59764e-07 6.1193e-05
2.59764e-07 -1.18188e-06 1.27744e-05
6.1193e-05 1.27744e-05 -3.8871e-05

-2.0025e-06 3.07005e-07 -4.0743e-06
3.07005e-07 -5.69627e-06 -1.27975e-06
-4.0743e-06 -1.27975e-06 7.26549e-06

1.97785e-05 9.14722e-06 -1.4369e-05
9.14722e-06 6.97862e-06 -1.70205e-06
-1.4369e-05 -1.70205e-06 -6.32854e-05

4.1434e-06 -1.09521e-06 7.28787e-05
-1.09521e-06 9.72457e-06 -1.92924e-05
7.28787e-05 -1.92924e-05 -8.47417e-06

1.53478e-05 1.31685e-05 -6.70288e-06
1.31685e-05 4.96136e-06 -3.96005e-06
-6.70288e-06 -3.96005e-06 -6.3019e-05

-4.66621e-07 -1.21616e-06 1.33548e-06
-1.21616e-06 1.06857e-06 1.56944e-08
1.33548e-06 1.56944e-08 1.9562e-06

-1.22553e-06 -9.77502e-07 2.65881e-07
-9.77502e-07 -2.94838e-06 1.64381e-06
2.65881e-07 1.64381e-06 2.98126e-06

-3.60599e-06 -9.65597e-07 2.51101e-06
-9.65597e-07 -2.54933e-06 -5.70594e-06
2.51101e-06 -5.70594e-06 2.5254e-06

2.34701e-06 3.62767e-06 -1.05059e-05
3.62767e-06 -1.39992e-06 -5.86301e-06
-1.05059e-05 -5.86301e-06 2.188e-06

4.36775e-05 -1.91727e-05 2.72085e-05
-1.91727e-05 7.3076e-05 3.57892e-06
2.72085e-05 3.57892e-06 -0.000571064

-5.7837e-06 -1.5884e-06 9.87486e-06
-1.5884e-06 -4.7614e-06 -1.17922e-05
9.87486e-06 -1.17922e-05 -9.1493e-06

2.9558e-05 1.05401e-05 2.57325e-05
1.05401e-05 -1.29544e-06 2.46164e-05
2.57325e-05 2.46164e-05 -6.21427e-05

-1.97437e-06 4.26937e-07 -2.19339e-06
4.26937e-07 -3.15998e-06 6.06977e-06
-2.19339e-06 6.06977e-06 2.21259e-06

1.61517e-06 3.40996e-07 -3.7624e-05
3.40996e-07 -2.54594e-07 -3.09101e-06
-3.7624e-05 -3.09101e-06 5.05687e-05

-2.19748e-06 -2.40037e-07 -3.88673e-06
-2.40037e-07 3.25174e-06 1.14958e-06
-3.88673e-06 1.14958e-06 8.33729e-07

-3.61573e-07 -1.3371e-06 -8.32126e-07
-1.3371e-06 2.0562e-07 4.24446e-06
-8.32126e-07 4.24446e-06 5.5583e-05

2.97114e-06 -6.08459e-08 -2.98787e-05
-6.08459e-08 3.14041e-07 -1.30541e-05
-2.98787e-05 -1.30541e-05 5.07581e-05

1.18971e-06 9.08108e-07 -3.86294e-05
9.08108e-07 3.64736e-07 -3.352e-06
-3.86294e-05 -3.352e-06 5.0057e-05

2.57827e-08 1.37277e-07 -4.46618e-06
1.37277e-07 -2.62203e-07 1.2873e-06
-4.46618e-06 1.2873e-06 5.52615e-05

0 -1.11022e-16 -1.56454e-06
-1.11022e-16 0 -1.50605e-06
-1.56454e-06 -1.50605e-06 6.38101e-05

-2.22045e-16 0 -6.28487e-07
0 0 -1.36089e-06
-6.28487e-07 -1.36089e-06 4.78477e-05

0 0 -1.54591e-06
0 0 -1.29109e-06
-1.54591e-06 -1.29109e-06 5.53636e-05

-8.3557e-06 -1.20482e-05 -6.00062e-05
-1.20482e-05 -7.26148e-06 -4.40441e-05
-6.00062e-05 -4.40441e-05 5.99659e-05

7.76961e-06 -2.16447e-06 -5.86796e-05
-2.16447e-06 -1.2522e-05 -4.35912e-05
-5.86796e-05 -4.35912e-05 6.00636e-05

-2.89618e-06 -1.62568e-07 -2.34195e-06
-1.62568e-07 3.2462e-06 1.06952e-06
-2.34195e-06 1.06952e-06 1.43388e-07

0 0 -1.5177e-07
0 0 3.95504e-07
-1.5177e-07 3.95504e-07 -6.76602e-06

6.32113e-06 -1.13741e-06 3.74468e-06
-1.13741e-06 -1.11022e-16 -7.02826e-08
3.74468e-06 -7.02826e-08 -4.63478e-06

7.74014e-06 -8.12555e-07 -2.31338e-05
-8.12555e-07 -7.83391e-06 -3.55617e-05
-2.31338e-05 -3.55617e-05 2.0851e-05

7.30623e-06 -3.6926e-06 -2.28387e-06
-3.6926e-06 3.19917e-06 -7.05756e-05
-2.28387e-06 -7.05756e-05 1.63221e-05

0 6.93889e-17 -1.56454e-06
6.93889e-17 0 -1.50605e-06
-1.56454e-06 -1.50605e-06 6.38101e-05

-2.38508e-06 4.35254e-07 -1.02504e-05
4.35254e-07 2.62303e-06 -5.45104e-06
-1.02504e-05 -5.45104e-06 4.34947e-05

-1.7733e-06 3.73441e-07 -4.31889e-05
3.73441e-07 1.51652e-06 9.50476e-06
-4.31889e-05 9.50476e-06 6.46855e-05

4.48816e-06 -4.84548e-07 -2.09778e-05
-4.84548e-07 -5.11748e-06 2.92012e-05
-2.09778e-05 2.92012e-05 6.68843e-05

-1.052e-06 4.56752e-06 -5.3905e-06
4.56752e-06 -9.52205e-06 1.58586e-05
-5.3905e-06 1.58586e-05 4.3138e-05

-2.22045e-16 0 -6.19822e-07
0 0 -2.58935e-06
-6.19822e-07 -2.58935e-06 6.42747e-05

0 0 -3.28908e-06
0 0 6.44212e-07
-3.28908e-06 6.44212e-07 4.37373e-05

-2.22045e-16 1.11022e-16 -6.19822e-07
1.11022e-16 0 -2.58935e-06
-6.19822e-07 -2.58935e-06 6.42747e-05

-3.69505e-06 7.89668e-06 -6.88953e-06
7.89668e-06 1.13446e-06 -5.53895e-06
-6.88953e-06 -5.53895e-06 -1.47832e-05

2.19181e-06 -2.17005e-06 -2.70915e-05
-2.17005e-06 1.4382e-05 5.94833e-05
-2.70915e-05 5.94833e-05 -3.14652e-05

1.22342e-07 7.93517e-06 -2.52434e-05
7.93517e-06 -1.95119e-05 3.85273e-05
-2.52434e-05 3.85273e-05 6.72638e-05

-4.06246e-06 5.9272e-06 -1.12527e-05
5.9272e-06 -1.96641e-05 5.13762e-05
-1.12527e-05 5.13762e-05 6.68969e-05

2.9672e-06 2.33686e-06 -2.75171e-05
2.33686e-06 -9.45367e-06 4.81467e-05
-2.75171e-05 4.81467e-05 4.14618e-05

1.76213e-06 1.32879e-06 -1.14598e-05
1.32879e-06 -1.02911e-05 6.2693e-05
-1.14598e-05 6.2693e-05 4.028e-05

1.05094e-05 6.69499e-06 -5.3774e-05
6.69499e-06 -1.17419e-06 -5.41716e-05
-5.3774e-05 -5.41716e-05 2.84295e-05

-6.60839e-06 -6.09705e-06 -5.85369e-05
-6.09705e-06 5.88868e-06 -5.44735e-05
-5.85369e-05 -5.44735e-05 2.77426e-05

4.25934e-06 2.49464e-06 -7.63134e-05
2.49464e-06 9.42731e-07 -1.92673e-05
-7.63134e-05 -1.92673e-05 3.95138e-05

3.36753e-06 1.24133e-07 -5.11822e-05
1.24133e-07 -1.26773e-07 -9.94491e-06
-5.11822e-05 -9.94491e-06 -3.71676e-05

6.65609e-06 3.74875e-07 2.75877e-06
3.74875e-07 3.29567e-06 1.36158e-06
2.75877e-06 1.36158e-06 -1.1532e-05

3.32333e-06 -5.47677e-07 -7.8401e-05
-5.47677e-07 1.66739e-06 1.65729e-05
-7.8401e-05 1.65729e-05 1.59972e-05

-1.12052e-07 -1.48747e-06 3.08636e-06
-1.48747e-06 -5.82573e-06 4.20314e-07
3.08636e-06 4.20314e-07 8.27876e-06

-6.83867e-06 6.27185e-06 -8.90638e-05
6.27185e-06 -4.80775e-07 2.16876e-05
-8.90638e-05 2.16876e-05 6.52415e-06

-1.22807e-06 -1.32027e-06 -4.42688e-05
-1.32027e-06 1.51533e-05 5.69095e-05
-4.42688e-05 5.69095e-05 -7.00943e-05

9.97219e-08 1.15522e-06 -7.08282e-05
1.15522e-06 4.19365e-06 5.67172e-05
-7.08282e-05 5.67172e-05 2.75701e-05

2.17622e-06 6.16117e-07 -5.00323e-05
6.16117e-07 2.89468e-06 6.8547e-05
-5.00323e-05 6.8547e-05 2.95507e-05

8.44633e-07 -3.76864e-06 4.01421e-06
-3.76864e-06 -1.16666e-05 -5.07073e-06
4.01421e-06 -5.07073e-06 1.09298e-05

4.32809e-06 4.60631e-06 -6.60087e-05
4.60631e-06 9.27463e-06 -4.07261e-05
-6.60087e-05 -4.07261e-05 -3.76298e-05

-3.63056e-06 -1.20363e-06 2.69786e-06
-1.20363e-06 2.71211e-07 3.65512e-07
2.69786e-06 3.65512e-07 4.64631e-06

5.22974e-06 2.45014e-07 -4.78802e-05
2.45014e-07 -8.09512e-06 -5.4334e-05
-4.78802e-05 -5.4334e-05 4.50961e-05

7.13634e-06 -4.42911e-06 -5.79601e-07
-4.42911e-06 7.94133e-09 -0.000107317
-5.79601e-07 -0.000107317 3.67262e-05

1.03108e-05 1.14248e-05 -6.49556e-05
1.14248e-05 1.31462e-05 -7.92488e-05
-6.49556e-05 -7.92488e-05 -4.75245e-06

2.21837e-05 9.0171e-06 -7.22544e-05
9.0171e-06 1.32374e-05 -7.74852e-05
-7.22544e-05 -7.74852e-05 -4.68039e-07

6.74973e-06 -3.29827e-07 7.54461e-05
-3.29827e-07 7.26728e-06 -2.81771e-05
7.54461e-05 -2.81771e-05 -4.05842e-05

-2.37836e-06 2.45923e-06 1.24062e-05
2.45923e-06 1.23968e-05 -6.90664e-05
1.24062e-05 -6.90664e-05 9.32317e-07

6.22162e-07 3.21351e-06 2.92205e-06
3.21351e-06 5.80486e-06 1.60546e-06
2.92205e-06 1.60546e-06 -1.15097e-05

4.8082e-09 -2.68781e-06 -6.51272e-05
-2.68781e-06 4.64044e-06 6.52799e-05
-6.51272e-05 6.52799e-05 3.76241e-06

6.40892e-06 -1.11441e-05 -6.36451e-05
-1.11441e-05 -1.21012e-06 1.42094e-05
-6.36451e-05 1.42094e-05 -4.09076e-05

8.29614e-06 2.08784e-06 5.69757e-06
2.08784e-06 9.11118e-06 -6.56576e-05
5.69757e-06 -6.56576e-05 2.0917e-06

-3.03434e-06 -6.37081e-07 -3.11514e-06
-6.37081e-07 -5.27637e-06 -1.31827e-06
-3.11514e-06 -1.31827e-06 7.35475e-06

1.48689e-05 5.09494e-06 -3.82966e-05
5.09494e-06 -9.18712e-06 -7.32241e-05
-3.82966e-05 -7.32241e-05 2.54173e-05

2.71179e-05 1.15831e-05 -8.90361e-05
1.15831e-05 1.08595e-05 -0.000102316
-8.90361e-05 -0.000102316 -3.90722e-05

2.5354e-05 1.21998e-05 -7.11486e-05
1.21998e-05 1.59661e-05 -8.31784e-05
-7.11486e-05 -8.31784e-05 -9.93321e-05

1.95446e-05 -3.94256e-06 9.22079e-05
-3.94256e-06 6.60709e-07 -1.84962e-05
9.22079e-05 -1.84962e-05 -4.58664e-05

1.77054e-05 5.45809e-06 -7.61122e-05
5.45809e-06 4.00726e-06 -3.80406e-05
-7.61122e-05 -3.80406e-05 -5.8532e-05

2.42085e-05 1.39668e-05 2.2365e-05
1.39668e-05 2.36854e-06 1.35764e-05
2.2365e-05 1.35764e-05 -3.45367e-05

6.82294e-06 1.03513e-06 3.42562e-06
1.03513e-06 5.91957e-06 -4.21658e-05
3.42562e-06 -4.21658e-05 -1.05048e-05

2.62064e-05 -8.02971e-06 -0.000113785
-8.02971e-06 1.45049e-05 3.30208e-05
-0.000113785 3.30208e-05 -3.6719e-05

2.9399e-05 -9.0717e-06 -0.000101394
-9.0717e-06 1.48189e-05 2.73605e-05
-0.000101394 2.73605e-05 -8.88953e-05

2.96439e-05 -7.2524e-06 -9.54985e-05
-7.2524e-06 8.837e-06 6.07911e-05
-9.54985e-05 6.07911e-05 -3.50294e-05

4.91826e-06 -5.28924e-06 -9.65765e-06
-5.28924e-06 6.45214e-06 1.52074e-05
-9.65765e-06 1.52074e-05 -5.75609e-05

6.25949e-06 1.49254e-06 5.1712e-06
1.49254e-06 -8.35571e-06 2.30224e-06
5.1712e-06 2.30224e-06 -1.10191e-05

3.20208e-05 9.80524e-06 -0.000101928
9.80524e-06 2.32648e-06 -1.24812e-05
-0.000101928 -1.24812e-05 1.20788e-05

5.23388e-06 4.8175e-06 5.47963e-06
4.8175e-06 8.11665e-06 -6.25059e-05
5.47963e-06 -6.25059e-05 8.15575e-06

3.5838e-05 2.33083e-05 -7.90877e-05
2.33083e-05 2.41266e-05 -0.000102446
-7.90877e-05 -0.000102446 -6.17155e-05

3.15297e-05 1.46138e-05 -0.000115194
1.46138e-05 3.09784e-05 -9.04105e-05
-0.000115194 -9.04105e-05 -6.88676e-05

1.06305e-05 7.08222e-06 -7.34175e-05
7.08222e-06 2.76711e-05 -9.02631e-05
-7.34175e-05 -9.02631e-05 -9.07362e-06

5.17553e-06 3.08949e-06 -2.97039e-05
3.08949e-06 3.25669e-05 -0.000110645
-2.97039e-05 -0.000110645 -8.47335e-06

-1.6199e-06 -1.3378e-06 3.19858e-06
-1.3378e-06 -3.18326e-06 7.34694e-06
3.19858e-06 7.34694e-06 -5.45965e-06

-1.27845e-06 -6.96489e-07 1.34921e-06
-6.96489e-07 -4.0645e-06 5.0545e-06
1.34921e-06 5.0545e-06 3.88828e-06

3.46711e-06 -1.92568e-06 -2.63298e-06
-1.92568e-06 5.25157e-07 3.6941e-06
-2.63298e-06 3.6941e-06 -3.83384e-05

1.03533e-05 -5.24694e-07 6.43974e-05
-5.24694e-07 -7.06965e-06 -3.38154e-06
6.43974e-05 -3.38154e-06 -1.24063e-05

3.21488e-05 -8.67714e-06 -8.25318e-05
-8.67714e-06 9.58953e-06 5.60423e-05
-8.25318e-05 5.60423e-05 -8.71508e-05

1.95317e-05 -7.60163e-06 -6.04153e-05
-7.60163e-06 1.51498e-05 5.95025e-05
-6.04153e-05 5.95025e-05 -4.29894e-05

-1.53545e-06 5.60495e-08 -4.36359e-06
5.60495e-08 -5.56631e-06 -1.13072e-06
-4.36359e-06 -1.13072e-06 7.43626e-06

8.50504e-06 3.53755e-06 5.07748e-06
3.53755e-06 9.29852e-06 -4.24101e-05
5.07748e-06 -4.24101e-05 -3.01125e-05

7.36155e-06 -1.06457e-05 -6.40522e-05
-1.06457e-05 2.20584e-05 5.56393e-05
-6.40522e-05 5.56393e-05 -4.29389e-05

-1.26305e-06 3.9173e-06 8.29655e-06
3.9173e-06 1.76958e-05 3.67751e-05
8.29655e-06 3.67751e-05 -2.9025e-05

8.05773e-06 4.37418e-06 -1.8046e-05
4.37418e-06 1.12152e-05 -2.99323e-05
-1.8046e-05 -2.99323e-05 -2.83489e-05

-2.83085e-06 9.97144e-07 2.31279e-06
9.97144e-07 -3.59788e-06 3.20181e-06
2.31279e-06 3.20181e-06 5.21902e-06

3.68794e-05 2.4537e-06 -9.89118e-05
2.4537e-06 3.5765e-06 -2.40578e-05
-9.89118e-05 -2.40578e-05 -8.78971e-05

3.28984e-05 9.25436e-06 -0.000110591
9.25436e-06 6.54497e-06 -3.31314e-05
-0.000110591 -3.31314e-05 -6.44029e-05

3.07948e-06 1.4174e-06 -8.49785e-06
1.4174e-06 1.88421e-05 -0.000113255
-8.49785e-06 -0.000113255 -6.61633e-06

2.65046e-06 -2.43989e-06 -9.30876e-06
-2.43989e-06 -6.13891e-06 -0.000109968
-9.30876e-06 -0.000109968 3.3883e-06

8.36635e-07 5.1826e-07 -2.29186e-05
5.1826e-07 -1.74362e-06 -5.90276e-05
-2.29186e-05 -5.90276e-05 -9.11681e-06

3.16417e-05 -5.65142e-06 -8.98702e-05
-5.65142e-06 6.28618e-06 1.951e-05
-8.98702e-05 1.951e-05 -4.57715e-05

6.67098e-07 2.73119e-07 2.63672e-06
2.73119e-07 3.15299e-06 -2.34028e-06
2.63672e-06 -2.34028e-06 1.97717e-06

6.46432e-06 -9.65143e-06 -5.74179e-05
-9.65143e-06 2.10913e-05 4.67774e-05
-5.74179e-05 4.67774e-05 -7.50491e-05

1.88799e-05 -6.66245e-06 -5.41529e-05
-6.66245e-06 1.37982e-05 5.02483e-05
-5.41529e-05 5.02483e-05 -7.50901e-05

1.21955e-05 -1.69938e-06 -7.07716e-05
-1.69938e-06 2.99127e-06 -1.8303e-05
-7.07716e-05 -1.8303e-05 -8.16067e-05

7.65029e-06 2.61837e-06 -6.4523e-05
2.61837e-06 5.90245e-06 -3.1924e-05
-6.4523e-05 -3.1924e-05 -8.17756e-05

7.31319e-06 9.25517e-06 7.30928e-06
9.25517e-06 1.40033e-05 -6.98553e-05
7.30928e-06 -6.98553e-05 -2.55723e-05

-1.72588e-06 1.41172e-06 -2.15324e-06
1.41172e-06 -1.01791e-05 -4.06116e-06
-2.15324e-06 -4.06116e-06 1.43254e-05

7.5713e-07 5.63833e-06 -2.63725e-05
5.63833e-06 1.15248e-05 -7.35102e-05
-2.63725e-05 -7.35102e-05 4.47395e-06

-3.12116e-06 1.15327e-05 -4.58407e-05
1.15327e-05 4.18835e-05 -9.67341e-05
-4.58407e-05 -9.67341e-05 -4.20184e-05

-4.99748e-06 2.77867e-06 8.02239e-05
2.77867e-06 5.26947e-06 -1.70171e-05
8.02239e-05 -1.70171e-05 3.52116e-05

8.73747e-06 -2.29421e-06 3.97493e-05
-2.29421e-06 6.89913e-06 -9.37993e-06
3.97493e-05 -9.37993e-06 -6.46628e-05

2.82372e-05 -3.00201e-06 -7.84298e-05
-3.00201e-06 5.22503e-06 1.03226e-05
-7.84298e-05 1.03226e-05 -8.41349e-05

2.17831e-05 -4.6705e-06 -5.18591e-05
-4.6705e-06 5.41448e-06 2.56345e-05
-5.18591e-05 2.56345e-05 -7.86935e-05

1.53889e-05 -5.12845e-07 -4.35866e-05
-5.12845e-07 1.38769e-05 2.71856e-05
-4.35866e-05 2.71856e-05 -7.0986e-05

1.24614e-05 -4.81397e-06 -4.76094e-05
-4.81397e-06 1.43911e-05 5.43307e-05
-4.76094e-05 5.43307e-05 -5.01203e-05

9.6201e-06 -8.7433e-06 -2.45343e-05
-8.7433e-06 5.41863e-06 3.98329e-05
-2.45343e-05 3.98329e-05 -6.95825e-05

7.42932e-06 -6.57055e-06 -3.09065e-05
-6.57055e-06 3.60673e-06 4.28747e-05
-3.09065e-05 4.28747e-05 -5.67867e-05

1.23482e-05 -6.07593e-06 -4.94571e-05
-6.07593e-06 1.81106e-05 5.23438e-05
-4.94571e-05 5.23438e-05 -6.08079e-05

1.96588e-05 1.15345e-05 -1.60269e-05
1.15345e-05 1.04821e-05 -8.9408e-06
-1.60269e-05 -8.9408e-06 -5.44693e-05

2.10668e-05 1.62161e-05 -2.08697e-05
1.62161e-05 2.74156e-06 -5.9665e-06
-2.08697e-05 -5.9665e-06 -5.34267e-05

8.55664e-06 -1.57044e-06 -7.07896e-05
-1.57044e-06 -5.78521e-06 -2.5574e-05
-7.07896e-05 -2.5574e-05 -1.84743e-05

-1.29838e-07 -2.9004e-06 2.37919e-05
-2.9004e-06 -3.61831e-06 -6.6436e-06
2.37919e-05 -6.6436e-06 2.888e-05

5.39823e-06 -8.1263e-06 -2.46002e-05
-8.1263e-06 1.63417e-05 4.68701e-05
-2.46002e-05 4.68701e-05 -7.60564e-05

3.2332e-05 5.26475e-06 -5.07095e-05
5.26475e-06 4.48789e-06 -3.73641e-06
-5.07095e-05 -3.73641e-06 -7.27653e-05

2.60861e-07 -1.90494e-06 1.68087e-05
-1.90494e-06 -1.09751e-06 -2.30778e-05
1.68087e-05 -2.30778e-05 3.49874e-05

3.26309e-05 -6.87973e-07 -3.95011e-05
-6.87973e-07 5.5207e-06 -8.90894e-06
-3.95011e-05 -8.90894e-06 -5.70369e-05

3.20126e-05 -8.81721e-06 -5.06493e-05
-8.81721e-06 -3.4981e-06 2.97153e-06
-5.06493e-05 2.97153e-06 -7.27498e-05

2.42178e-06 -5.32336e-06 -2.21475e-05
-5.32336e-06 2.42386e-05 4.88269e-05
-2.21475e-05 4.88269e-05 -7.63498e-05

1.03698e-05 8.95655e-06 8.22544e-05
8.95655e-06 -7.61946e-06 6.50773e-06
8.22544e-05 6.50773e-06 9.23705e-06

2.67329e-07 4.43264e-07 -8.05708e-06
4.43264e-07 1.7845e-05 0.000110876
-8.05708e-06 0.000110876 -4.16683e-05

9.92359e-06 -1.65253e-06 3.08617e-05
-1.65253e-06 -2.78139e-06 -2.8626e-05
3.08617e-05 -2.8626e-05 -1.88562e-05

1.43399e-05 -8.26141e-06 -2.11502e-05
-8.26141e-06 2.91518e-06 2.77103e-05
-2.11502e-05 2.77103e-05 -5.44392e-05

-3.93304e-07 -9.69885e-07 9.51769e-06
-9.69885e-07 -1.72833e-06 -1.36923e-05
9.51769e-06 -1.36923e-05 -4.4753e-05

3.88155e-07 -9.63337e-07 2.16529e-05
-9.63337e-07 -4.34465e-06 7.26063e-06
2.16529e-05 7.26063e-06 -2.24817e-05

1.48026e-05 1.40188e-05 -3.78628e-06
1.40188e-05 1.29644e-05 -2.03106e-05
-3.78628e-06 -2.03106e-05 -6.36888e-05

2.25171e-05 1.13647e-05 -1.51601e-05
1.13647e-05 7.87868e-06 -5.04879e-06
-1.51601e-05 -5.04879e-06 -7.25734e-05

3.63538e-06 2.79559e-06 -2.36068e-05
2.79559e-06 1.18042e-05 -6.26559e-06
-2.36068e-05 -6.26559e-06 -6.44941e-05

2.44998e-05 8.79643e-06 -1.49728e-05
8.79643e-06 5.28665e-06 -5.66978e-06
-1.49728e-05 -5.66978e-06 -7.25799e-05

3.34084e-05 4.81887e-06 -2.29205e-05
4.81887e-06 1.65758e-07 5.83086e-06
-2.29205e-05 5.83086e-06 -8.42369e-05

2.04524e-05 -9.96893e-06 -1.35843e-05
-9.96893e-06 7.45565e-06 6.71374e-06
-1.35843e-05 6.71374e-06 -6.79641e-05

3.14684e-05 -7.20177e-06 -1.38704e-05
-7.20177e-06 -2.64808e-06 6.22926e-06
-1.38704e-05 6.22926e-06 -6.79724e-05

4.66955e-06 3.64504e-07 -2.51331e-06
3.64504e-07 -1.29409e-06 2.99553e-06
-2.51331e-06 2.99553e-06 -2.43047e-05

1.1198e-06 -2.50887e-06 4.32001e-06
-2.50887e-06 2.71994e-05 8.06127e-05
4.32001e-06 8.06127e-05 -4.46701e-05

-2.50327e-06 -7.29912e-07 -3.06241e-06
-7.29912e-07 -5.34325e-06 -1.42903e-06
-3.06241e-06 -1.42903e-06 7.23591e-06

2.95545e-05 1.34146e-05 -2.08353e-06
1.34146e-05 8.45433e-06 -5.32226e-07
-2.08353e-06 -5.32226e-07 -7.16045e-05

3.06341e-05 1.20705e-05 -1.88762e-06
1.20705e-05 6.81958e-06 -1.08964e-06
-1.88762e-06 -1.08964e-06 -7.15987e-05

-7.87048e-06 -4.00656e-06 7.38799e-05
-4.00656e-06 -3.07399e-06 -2.12038e-05
7.38799e-05 -2.12038e-05 3.63767e-05

1.10167e-05 -2.79773e-06 8.40239e-05
-2.79773e-06 5.95438e-07 -1.51272e-05
8.40239e-05 -1.51272e-05 4.5759e-06

8.63515e-06 1.37319e-05 -3.42649e-06
1.37319e-05 5.31945e-05 2.47595e-06
-3.42649e-06 2.47595e-06 -8.48825e-05

1.65186e-05 1.90727e-06 0.000107559
1.90727e-06 5.67693e-06 2.27783e-05
0.000107559 2.27783e-05 -5.66824e-05

1.22349e-06 -2.19448e-06 7.18579e-06
-2.19448e-06 2.80025e-05 8.56967e-05
7.18579e-06 8.56967e-05 -5.19855e-05

2.27365e-05 -1.08687e-05 6.21981e-06
-1.08687e-05 7.7532e-06 -4.20751e-06
6.21981e-06 -4.20751e-06 -6.71499e-05

-6.82058e-07 -6.62366e-07 -5.17655e-07
-6.62366e-07 4.84913e-07 -8.97745e-07
-5.17655e-07 -8.97745e-07 -9.77876e-07

2.37225e-05 2.98224e-05 -2.7773e-05
2.98224e-05 1.03533e-05 5.60681e-05
-2.7773e-05 5.60681e-05 -0.000203701

2.49256e-06 -1.62908e-06 -3.76618e-07
-1.62908e-06 1.57242e-05 9.73958e-05
-3.76618e-07 9.73958e-05 -2.50418e-05

-1.73218e-06 -1.09813e-05 -1.95527e-05
-1.09813e-05 1.75801e-05 7.1157e-05
-1.95527e-05 7.1157e-05 -6.58639e-06

3.31775e-05 -8.28817e-06 5.8015e-06
-8.28817e-06 -1.96987e-06 -4.60455e-06
5.8015e-06 -4.60455e-06 -6.71415e-05

7.51856e-06 -1.86055e-06 9.69328e-06
-1.86055e-06 9.30117e-06 3.68016e-06
9.69328e-06 3.68016e-06 -5.27284e-05

5.42581e-06 -1.40786e-05 4.81035e-06
-1.40786e-05 3.34713e-05 4.90716e-07
4.81035e-06 4.90716e-07 -6.70157e-05

7.34773e-06 -1.23877e-05 -4.26025e-07
-1.23877e-05 3.46071e-05 -6.33587e-06
-4.26025e-07 -6.33587e-06 -6.67525e-05

3.94168e-06 -1.16992e-05 8.41169e-06
-1.16992e-05 2.97256e-05 -5.89802e-06
8.41169e-06 -5.89802e-06 -7.02847e-05

7.40639e-06 -2.08086e-06 7.91324e-07
-2.08086e-06 5.64038e-06 -1.03922e-05
7.91324e-07 -1.03922e-05 -5.2982e-05

2.28578e-06 -1.32521e-06 3.46587e-06
-1.32521e-06 7.71974e-06 -1.41295e-05
3.46587e-06 -1.41295e-05 -4.92792e-05

1.46282e-05 -2.55026e-06 9.798e-05
-2.55026e-06 3.76055e-06 -2.11227e-05
9.798e-05 -2.11227e-05 -5.23617e-05

-5.04136e-06 -1.01938e-06 4.81827e-06
-1.01938e-06 5.07618e-07 7.63594e-07
4.81827e-06 7.63594e-07 3.20866e-06

9.57672e-06 6.69537e-06 2.10616e-05
6.69537e-06 1.7899e-05 1.74547e-05
2.10616e-05 1.74547e-05 -7.30862e-05

9.88126e-06 1.18568e-05 7.9942e-06
1.18568e-05 1.48718e-05 2.0987e-05
7.9942e-06 2.0987e-05 -7.17572e-05

5.89199e-05 -7.51807e-07 6.87834e-05
-7.51807e-07 1.39397e-06 1.32873e-05
6.87834e-05 1.32873e-05 -0.000107322

6.00218e-05 1.24414e-06 6.3299e-05
1.24414e-06 1.69068e-06 -5.97101e-06
6.3299e-05 -5.97101e-06 -0.00010622

1.83045e-05 -2.83592e-06 -0.000113432
-2.83592e-06 5.61327e-06 2.0782e-05
-0.000113432 2.0782e-05 -6.08921e-05

1.10527e-05 -6.89075e-06 1.38952e-05
-6.89075e-06 1.47163e-05 -9.52779e-06
1.38952e-05 -9.52779e-06 -7.76777e-05

1.86246e-05 -1.07693e-05 2.74891e-05
-1.07693e-05 8.15505e-06 -5.36734e-05
2.74891e-05 -5.36734e-05 -8.60073e-05

1.02321e-05 -6.73407e-06 2.28724e-05
-6.73407e-06 2.55057e-05 -3.38752e-05
2.28724e-05 -3.38752e-05 -7.25291e-05

6.79382e-06 4.49605e-06 3.81848e-05
4.49605e-06 1.72094e-05 4.29748e-05
3.81848e-05 4.29748e-05 -7.22733e-05

6.81596e-06 1.94279e-06 -3.55487e-05
1.94279e-06 -3.97074e-06 7.5694e-05
-3.55487e-05 7.5694e-05 -0.000106609

4.77586e-06 3.48887e-06 3.12768e-05
3.48887e-06 1.82991e-05 2.73793e-05
3.12768e-05 2.73793e-05 -4.68925e-05

-3.84063e-07 -1.38365e-05 -2.1989e-05
-1.38365e-05 1.75567e-05 7.92496e-05
-2.1989e-05 7.92496e-05 -3.60009e-06

3.18833e-05 1.37111e-06 7.88837e-05
1.37111e-06 -1.06547e-06 3.66373e-06
7.88837e-05 3.66373e-06 -5.29621e-05

3.23632e-05 -2.44899e-07 8.01457e-05
-2.44899e-07 3.11326e-06 4.79249e-06
8.01457e-05 4.79249e-06 -7.25503e-05

1.64378e-05 2.65062e-06 -0.000107408
2.65062e-06 1.15488e-08 -1.22054e-05
-0.000107408 -1.22054e-05 -5.81418e-05

1.23417e-05 -2.09235e-07 -9.28291e-05
-2.09235e-07 -1.36116e-06 -1.02399e-05
-9.28291e-05 -1.02399e-05 -1.92389e-06

3.69256e-05 7.14385e-06 7.55362e-05
7.14385e-06 1.92322e-07 -9.69666e-06
7.55362e-05 -9.69666e-06 -7.12074e-05

4.89462e-05 -1.876e-05 6.94308e-05
-1.876e-05 1.95515e-05 -1.16006e-05
6.94308e-05 -1.16006e-05 -0.000122375

2.36713e-05 -1.13442e-05 9.58044e-05
-1.13442e-05 1.74587e-05 -2.17036e-05
9.58044e-05 -2.17036e-05 -8.25997e-05

5.05609e-05 -1.43957e-05 6.26347e-05
-1.43957e-05 2.1573e-05 -4.75772e-05
6.26347e-05 -4.75772e-05 -0.000125494

7.67149e-06 -2.43818e-05 5.84089e-05
-2.43818e-05 2.01085e-05 -4.20262e-05
5.84089e-05 -4.20262e-05 -7.62853e-05

2.73911e-06 -5.44817e-06 3.13245e-05
-5.44817e-06 3.63612e-05 -3.15331e-05
3.13245e-05 -3.15331e-05 -6.75561e-05

6.19572e-06 -5.7639e-06 1.96775e-05
-5.7639e-06 3.05835e-05 -4.31577e-05
1.96775e-05 -4.31577e-05 -5.60388e-05

3.46392e-06 4.31892e-06 5.66702e-06
4.31892e-06 3.68996e-05 1.41329e-05
5.66702e-06 1.41329e-05 -7.18823e-05

-3.13736e-06 -5.15049e-06 -1.34144e-05
-5.15049e-06 1.63424e-05 8.83479e-05
-1.34144e-05 8.83479e-05 -2.65002e-05

7.86397e-06 -4.13033e-06 3.40994e-05
-4.13033e-06 9.48476e-06 -9.15503e-06
3.40994e-05 -9.15503e-06 -4.87925e-05

1.43021e-05 -6.35085e-06 -9.95699e-05
-6.35085e-06 2.60362e-06 3.00957e-05
-9.95699e-05 3.00957e-05 -2.92193e-06

7.80114e-06 -3.68945e-06 3.41408e-05
-3.68945e-06 7.04837e-06 -1.4258e-05
3.41408e-05 -1.4258e-05 -1.35725e-05

7.59534e-07 -2.07431e-06 4.35106e-06
-2.07431e-06 -5.45184e-06 -3.59248e-07
4.35106e-06 -3.59248e-07 9.86999e-06

7.46223e-06 3.98983e-06 3.62713e-05
3.98983e-06 -7.34351e-06 9.548e-06
3.62713e-05 9.548e-06 5.58585e-06

7.55697e-06 3.11989e-06 3.62426e-05
3.11989e-06 -2.82332e-06 1.99097e-05
3.62426e-05 1.99097e-05 -2.38045e-05

1.98929e-05 -3.67996e-06 9.29309e-05
-3.67996e-06 3.76178e-06 -2.45104e-05
9.29309e-05 -2.45104e-05 -4.44667e-05

-1.24358e-05 -1.79361e-06 1.73733e-05
-1.79361e-06 2.29151e-05 8.80359e-05
1.73733e-05 8.80359e-05 9.71505e-07

-4.5353e-06 -1.96901e-06 -2.36779e-05
-1.96901e-06 1.44735e-05 8.25235e-05
-2.36779e-05 8.25235e-05 5.6687e-05

-2.30143e-06 -1.77104e-06 -2.68096e-05
-1.77104e-06 1.06912e-05 7.05916e-05
-2.68096e-05 7.05916e-05 2.5333e-05

2.72884e-05 -1.93744e-06 9.01078e-05
-1.93744e-06 1.57041e-05 -5.47107e-05
9.01078e-05 -5.47107e-05 -8.62515e-05

1.38112e-05 -9.31063e-06 5.86657e-05
-9.31063e-06 1.42212e-05 -6.40897e-05
5.86657e-05 -6.40897e-05 -7.08542e-05

5.05577e-06 -1.29992e-05 3.8238e-05
-1.29992e-05 1.68622e-05 -4.35939e-05
3.8238e-05 -4.35939e-05 -4.94112e-05

7.07015e-06 -1.45274e-05 4.30897e-05
-1.45274e-05 1.72249e-05 -4.52288e-05
4.30897e-05 -4.52288e-05 -4.29795e-05

1.672e-05 -1.03038e-05 8.17305e-05
-1.03038e-05 1.26682e-05 -5.31858e-05
8.17305e-05 -5.31858e-05 -7.4345e-05

1.20789e-05 -3.30037e-06 4.95464e-05
-3.30037e-06 2.06908e-05 5.70169e-05
4.95464e-05 5.70169e-05 -6.98062e-05

1.8135e-05 1.41571e-06 6.89735e-05
1.41571e-06 9.7771e-07 6.58887e-06
6.89735e-05 6.58887e-06 -6.7749e-05

1.93979e-05 -1.42235e-06 7.26543e-05
-1.42235e-06 7.30719e-06 -1.86614e-06
7.26543e-05 -1.86614e-06 -5.77229e-05

-4.68482e-06 5.18657e-06 4.41064e-05
5.18657e-06 1.81708e-05 7.00358e-05
4.41064e-05 7.00358e-05 -1.22645e-05

1.35189e-05 7.50764e-06 6.81438e-05
7.50764e-06 6.33973e-06 5.27595e-05
6.81438e-05 5.27595e-05 -1.46433e-05

2.51266e-05 -4.20497e-06 0.000116275
-4.20497e-06 3.718e-06 -3.97693e-05
0.000116275 -3.97693e-05 -7.72583e-05

1.84134e-05 -5.42521e-06 9.64183e-05
-5.42521e-06 4.66823e-06 -3.13387e-05
9.64183e-05 -3.13387e-05 -1.23087e-05

3.64006e-05 -1.25201e-05 0.000156404
-1.25201e-05 7.48143e-06 -5.5359e-05
0.000156404 -5.5359e-05 -0.000121841

4.06569e-05 -1.42578e-05 0.000178369
-1.42578e-05 8.06465e-06 -6.35283e-05
0.000178369 -6.35283e-05 -1.35366e-05

3.54036e-05 -1.49847e-05 0.000154326
-1.49847e-05 1.47316e-05 -6.661e-05
0.000154326 -6.661e-05 -0.00012337

1.29056e-05 -6.44457e-06 8.4828e-05
-6.44457e-06 9.08659e-06 -5.19856e-05
8.4828e-05 -5.19856e-05 -1.87026e-05

1.13713e-05 -6.02895e-06 5.85198e-05
-6.02895e-06 9.81161e-06 -6.43915e-05
5.85198e-05 -6.43915e-05 -1.43229e-05

4.64531e-06 -1.20434e-06 -7.34396e-06
-1.20434e-06 1.78029e-06 -2.476e-06
-7.34396e-06 -2.476e-06 -1.37599e-05

7.4252e-06 8.44972e-06 7.61621e-05
8.44972e-06 7.82159e-06 4.6121e-05
7.61621e-05 4.6121e-05 -2.99654e-05

1.74182e-06 5.85028e-06 4.56338e-05
5.85028e-06 1.35843e-05 8.48742e-05
4.56338e-05 8.48742e-05 -5.09656e-05

5.50262e-06 1.36814e-06 3.04464e-05
1.36814e-06 1.85484e-05 0.000108025
3.04464e-05 0.000108025 -5.71637e-05

2.29999e-05 7.04117e-07 9.04224e-05
7.04117e-07 3.70631e-07 4.09283e-06
9.04224e-05 4.09283e-06 2.62396e-05

1.21597e-05 4.22145e-06 6.19106e-05
4.22145e-06 2.44442e-07 2.11027e-05
6.19106e-05 2.11027e-05 1.05473e-05

9.97674e-06 1.64863e-05 4.49095e-05
1.64863e-05 2.6843e-05 6.92343e-05
4.49095e-05 6.92343e-05 -6.73896e-05

2.56467e-05 3.22212e-06 0.000122107
3.22212e-06 6.44199e-06 2.96763e-05
0.000122107 2.96763e-05 -4.10701e-05

3.33911e-05 -8.57765e-06 0.000113415
-8.57765e-06 -1.15476e-06 -2.61496e-05
0.000113415 -2.61496e-05 -3.76101e-05

2.66219e-05 -4.63941e-06 0.000104917
-4.63941e-06 1.76605e-06 -2.33246e-05
0.000104917 -2.33246e-05 -4.74174e-05

3.93586e-05 -1.75583e-05 0.000175289
-1.75583e-05 1.63868e-05 -8.05134e-05
0.000175289 -8.05134e-05 -1.58326e-05

3.99319e-05 -5.23734e-06 9.70829e-05
-5.23734e-06 1.01078e-05 -5.17245e-05
9.70829e-05 -5.17245e-05 -3.59051e-05

1.20659e-05 -1.86202e-06 3.47383e-05
-1.86202e-06 1.16147e-05 -5.92504e-05
3.47383e-05 -5.92504e-05 -5.26873e-05

1.44615e-05 -4.60254e-06 4.21566e-05
-4.60254e-06 1.46078e-05 -6.74106e-05
4.21566e-05 -6.74106e-05 -3.04646e-05

5.15889e-06 -2.16482e-06 3.78905e-05
-2.16482e-06 1.15852e-05 -6.12116e-05
3.78905e-05 -6.12116e-05 -1.94286e-05

1.46253e-05 -1.22762e-06 4.08077e-05
-1.22762e-06 7.40918e-06 -5.01261e-05
4.08077e-05 -5.01261e-05 -4.58368e-05

1.15554e-05 2.43207e-06 0.000108621
2.43207e-06 1.55242e-05 5.75358e-05
0.000108621 5.75358e-05 -5.74137e-05

1.48009e-05 2.80361e-06 0.000114964
2.80361e-06 6.30196e-06 4.73385e-05
0.000114964 4.73385e-05 -5.78983e-05

1.92633e-05 3.31475e-06 0.000127532
3.31475e-06 6.84147e-06 3.32277e-05
0.000127532 3.32277e-05 -1.28033e-05

1.37235e-05 9.82194e-06 0.00010175
9.82194e-06 6.52777e-06 5.125e-05
0.00010175 5.125e-05 -4.42251e-05

2.34471e-05 1.84656e-05 6.4362e-05
1.84656e-05 1.76353e-05 5.52686e-05
6.4362e-05 5.52686e-05 -6.90977e-05

1.12456e-05 3.04027e-06 5.18936e-05
3.04027e-06 2.25194e-06 1.94184e-05
5.18936e-05 1.94184e-05 -6.33451e-05

1.96058e-05 -8.32933e-06 9.75845e-05
-8.32933e-06 -5.03769e-07 -2.50628e-05
9.75845e-05 -2.50628e-05 -5.48085e-05

7.10534e-06 -7.01603e-06 0.000135907
-7.01603e-06 2.08328e-06 -3.50985e-05
0.000135907 -3.50985e-05 -3.53194e-05

-1.3778e-06 -4.10005e-06 -1.86686e-05
-4.10005e-06 1.06883e-05 7.65877e-05
-1.86686e-05 7.65877e-05 -2.26499e-05

1.33702e-05 4.66561e-06 6.97061e-05
4.66561e-06 9.63116e-06 -3.72302e-05
6.97061e-05 -3.72302e-05 -3.3934e-05

8.13476e-06 -2.65161e-06 4.86417e-05
-2.65161e-06 7.20757e-06 -9.09308e-05
4.86417e-05 -9.09308e-05 -4.32626e-05

7.22112e-06 2.69929e-06 6.21898e-05
2.69929e-06 7.17425e-06 0.000103616
6.21898e-05 0.000103616 -3.15473e-05

-3.94227e-06 -2.9339e-06 5.03211e-05
-2.9339e-06 1.45826e-05 0.000109088
5.03211e-05 0.000109088 -3.13506e-05

-3.95567e-06 -1.48714e-06 0.000107847
-1.48714e-06 1.79324e-05 5.04282e-05
0.000107847 5.04282e-05 -1.98191e-05

1.85074e-05 -1.75291e-05 9.60401e-05
-1.75291e-05 2.93616e-05 5.85223e-05
9.60401e-05 5.85223e-05 -1.78109e-05

2.02011e-05 1.23717e-05 6.91703e-05
1.23717e-05 8.7897e-06 4.32287e-05
6.91703e-05 4.32287e-05 -2.82998e-05

5.5558e-05 -2.1613e-07 4.42464e-05
-2.1613e-07 3.77191e-05 -2.61158e-05
4.42464e-05 -2.61158e-05 -0.000247955

-2.01459e-06 -6.8562e-07 5.29474e-06
-6.8562e-07 8.26838e-07 1.90854e-06
5.29474e-06 1.90854e-06 -1.475e-05

1.19872e-05 -5.22073e-06 5.23848e-05
-5.22073e-06 4.04783e-05 8.65832e-05
5.23848e-05 8.65832e-05 -3.56228e-05

1.04057e-05 6.36581e-06 -6.39954e-05
6.36581e-06 2.03031e-05 -0.000100601
-6.39954e-05 -0.000100601 -2.5607e-05

-6.79509e-06 -4.84306e-06 0.000109951
-4.84306e-06 1.83199e-06 -3.44976e-05
0.000109951 -3.44976e-05 5.13881e-05

1.46164e-05 7.20987e-06 -5.30791e-05
7.20987e-06 1.45398e-05 -7.62801e-05
-5.30791e-05 -7.62801e-05 -7.98768e-05

2.38574e-05 1.12572e-05 8.23178e-05
1.12572e-05 9.54075e-06 -4.13684e-05
8.23178e-05 -4.13684e-05 -1.8123e-06

2.39266e-05 7.63927e-06 -8.59829e-05
7.63927e-06 5.00341e-06 -2.08307e-05
-8.59829e-05 -2.08307e-05 -6.96708e-05

3.08699e-05 -3.62859e-06 5.01528e-05
-3.62859e-06 2.87889e-06 -4.67118e-05
5.01528e-05 -4.67118e-05 -3.22588e-05

-1.23423e-05 -2.03349e-06 1.86156e-05
-2.03349e-06 2.19175e-05 8.21281e-05
1.86156e-05 8.21281e-05 1.28615e-05

-6.95143e-06 -1.5503e-06 2.35935e-06
-1.5503e-06 -3.6358e-06 -2.1543e-06
2.35935e-06 -2.1543e-06 1.04852e-05

-2.95677e-06 3.19178e-06 -5.64063e-05
3.19178e-06 -1.51932e-06 3.69772e-05
-5.64063e-05 3.69772e-05 5.04707e-05

-6.56846e-06 2.36348e-06 2.60625e-08
2.36348e-06 -1.85574e-06 -1.96282e-07
2.60625e-08 -1.96282e-07 3.42478e-06

-1.59321e-05 2.02004e-06 -2.79413e-05
2.02004e-06 4.00941e-07 -1.66597e-06
-2.79413e-05 -1.66597e-06 -8.15553e-05

9.4118e-06 1.61491e-05 -6.3822e-05
1.61491e-05 1.32332e-05 -7.70253e-05
-6.3822e-05 -7.70253e-05 -1.84739e-05

1.20989e-05 3.24244e-07 6.35451e-05
3.24244e-07 -4.36794e-06 2.67679e-05
6.35451e-05 2.67679e-05 -1.84228e-05

2.78667e-05 -1.21802e-05 3.36757e-05
-1.21802e-05 1.01051e-05 -1.35469e-05
3.36757e-05 -1.35469e-05 -6.26111e-05

3.4723e-05 5.08541e-06 3.3924e-05
5.08541e-06 5.2841e-07 -1.96686e-06
3.3924e-05 -1.96686e-06 -0.000287903

4.70096e-05 -9.64517e-07 4.13786e-05
-9.64517e-07 3.50538e-06 -5.70453e-06
4.13786e-05 -5.70453e-06 -0.000285619

3.43417e-05 1.60565e-06 -2.96066e-05
1.60565e-06 3.60607e-05 2.38186e-05
-2.96066e-05 2.38186e-05 -8.58564e-05

4.98817e-05 -1.36813e-05 5.54025e-06
-1.36813e-05 4.30931e-05 -3.71139e-05
5.54025e-06 -3.71139e-05 -9.31481e-05

2.30534e-05 2.77808e-06 3.6374e-05
2.77808e-06 -2.29582e-06 -3.41e-05
3.6374e-05 -3.41e-05 -3.38103e-05

-3.50662e-06 1.02034e-06 -8.13362e-06
1.02034e-06 -5.28964e-06 1.14311e-05
-8.13362e-06 1.14311e-05 1.13147e-06

-1.56602e-06 -2.74802e-05 2.02799e-06
-2.74802e-05 4.89161e-05 8.3275e-05
2.02799e-06 8.3275e-05 -0.0001061

8.91753e-06 -1.09896e-05 4.53793e-05
-1.09896e-05 4.66877e-05 7.97297e-05
4.53793e-05 7.97297e-05 -0.000109529

0.000228623 0.000124383 4.19235e-05
0.000124383 9.23791e-05 7.9339e-06
4.19235e-05 7.9339e-06 -0.000515917

0.000220934 0.000101334 7.36539e-05
0.000101334 0.000177216 6.53529e-05
7.36539e-05 6.53529e-05 -0.000637629

2.94104e-05 2.23493e-05 -4.34123e-05
2.23493e-05 0.000127557 3.02496e-05
-4.34123e-05 3.02496e-05 -0.000305231

6.10208e-05 3.35396e-05 9.19173e-06
3.35396e-05 0.000126563 2.78646e-05
9.19173e-06 2.78646e-05 -0.000306745

0.000266598 0.000110529 0.000121311
0.000110529 0.00011316 1.76959e-05
0.000121311 1.76959e-05 -0.000637629

0.000174867 4.48264e-05 -2.00643e-05
4.48264e-05 4.86356e-05 1.74076e-05
-2.00643e-05 1.74076e-05 -0.000512195

0.000231953 -1.36328e-06 -1.05381e-05
-1.36328e-06 0.000109409 -4.64364e-06
-1.05381e-05 -4.64364e-06 -0.000662353

0.000231953 -1.05323e-05 -1.05381e-05
-1.05323e-05 0.000101879 1.6339e-05
-1.05381e-05 1.6339e-05 -0.000662353

0.000202599 -6.63585e-05 5.66973e-06
-6.63585e-05 5.94533e-05 -5.75704e-06
5.66973e-06 -5.75704e-06 -0.000529626

0.000212747 -0.000106759 5.29483e-06
-0.000106759 9.66097e-05 -8.20233e-06
5.29483e-06 -8.20233e-06 -0.000529738

2.57109e-05 1.21986e-05 4.10095e-05
1.21986e-05 3.73606e-05 -0.000113269
4.10095e-05 -0.000113269 -8.57936e-05

1.32532e-05 -1.14663e-05 5.42021e-05
-1.14663e-05 1.86219e-05 -0.000107262
5.42021e-05 -0.000107262 -8.59155e-05

3.40093e-05 -1.48452e-05 -1.99714e-05
-1.48452e-05 9.64291e-05 -4.78766e-05
-1.99714e-05 -4.78766e-05 -0.000355836

4.61479e-05 -1.75716e-06 9.28263e-06
-1.75716e-06 9.00892e-05 2.07134e-05
9.28263e-06 2.07134e-05 -0.000352445

0.000216415 -9.82485e-05 8.88388e-05
-9.82485e-05 0.000158403 4.94531e-06
8.88388e-05 4.94531e-06 -0.000634938

0.000208238 -9.50273e-05 2.71399e-05
-9.50273e-05 0.000173022 -5.67535e-05
2.71399e-05 -5.67535e-05 -0.000634938

0.000207962 4.27823e-05 3.77467e-05
4.27823e-05 2.64978e-05 -3.40543e-05
3.77467e-05 -3.40543e-05 -0.000514226

0.000198072 -4.89368e-05 -1.73602e-05
-4.89368e-05 5.18473e-05 1.52316e-05
-1.73602e-05 1.52316e-05 -0.000569814

-1.8217e-06 -1.3184e-07 -6.23799e-07
-1.3184e-07 1.18448e-06 -3.12852e-06
-6.23799e-07 -3.12852e-06 5.38345e-05

4.15494e-08 1.48395e-07 2.95875e-06
1.48395e-07 -4.53747e-06 -3.7728e-06
2.95875e-06 -3.7728e-06 5.35902e-05

8.24358e-08 1.1812e-06 3.99021e-05
1.1812e-06 5.74059e-06 -1.13594e-05
3.99021e-05 -1.13594e-05 5.35169e-05

2.06059e-06 -3.19279e-06 2.47105e-05
-3.19279e-06 -7.69979e-07 -2.08718e-05
2.47105e-05 -2.08718e-05 5.53719e-05

-6.27931e-06 5.88705e-07 2.33537e-05
5.88705e-07 1.0927e-06 -7.89203e-06
2.33537e-05 -7.89203e-06 6.74622e-05

-6.89923e-06 -1.35049e-06 2.74445e-05
-1.35049e-06 -2.75298e-06 1.25278e-05
2.74445e-05 1.25278e-05 6.66386e-05

8.29274e-06 -1.05226e-06 3.16955e-05
-1.05226e-06 -6.80557e-06 -5.9447e-05
3.16955e-05 -5.9447e-05 4.05363e-05

5.28642e-06 8.97571e-07 1.32443e-05
8.97571e-07 -1.16229e-06 -7.52972e-05
1.32443e-05 -7.52972e-05 3.93098e-05

-2.22045e-16 1.11022e-16 2.61388e-06
1.11022e-16 0 1.20059e-06
2.61388e-06 1.20059e-06 5.83258e-05

-1.47832e-05 5.89112e-06 6.61727e-05
5.89112e-06 4.03093e-06 -8.63536e-05
6.61727e-05 -8.63536e-05 5.61718e-05

3.76381e-06 2.98036e-08 1.72344e-05
2.98036e-08 5.83673e-06 -6.79957e-05
1.72344e-05 -6.79957e-05 5.53035e-06

0 1.11022e-16 2.61388e-06
1.11022e-16 2.22045e-16 1.20059e-06
2.61388e-06 1.20059e-06 5.83258e-05

-3.53748e-06 1.2399e-05 7.46173e-05
1.2399e-05 -1.15537e-05 -7.13316e-05
7.46173e-05 -7.13316e-05 5.72048e-05

2.22337e-06 9.90781e-06 3.24485e-05
9.90781e-06 -2.55349e-05 -5.54042e-05
3.24485e-05 -5.54042e-05 6.79184e-05

-5.51609e-06 6.97133e-06 1.66426e-05
6.97133e-06 -2.46203e-05 -6.94451e-05
1.66426e-05 -6.94451e-05 6.75327e-05

0 9.71445e-17 1.1913e-06
9.71445e-17 0 6.30806e-07
1.1913e-06 6.30806e-07 4.46196e-05

0 0 2.50845e-06
0 0 -3.402e-07
2.50845e-06 -3.402e-07 5.37245e-05

6.01354e-07 1.01383e-05 6.60639e-05
1.01383e-05 -1.0445e-05 -6.39371e-05
6.60639e-05 -6.39371e-05 1.60946e-05

-1.16662e-05 3.18015e-06 5.97735e-05
3.18015e-06 5.55352e-06 -7.40537e-05
5.97735e-05 -7.40537e-05 1.50192e-05

-6.80593e-06 1.04223e-06 7.01995e-05
1.04223e-06 5.75732e-06 -5.43719e-05
7.01995e-05 -5.43719e-05 3.27646e-05

7.42557e-06 1.37709e-05 -5.53769e-05
1.37709e-05 1.05729e-05 -6.54372e-05
-5.53769e-05 -6.54372e-05 -4.2731e-05

7.44349e-06 3.75784e-06 8.89771e-05
3.75784e-06 -9.7514e-08 -2.05615e-05
8.89771e-05 -2.05615e-05 3.80783e-05

7.89755e-06 1.70334e-06 8.45606e-05
1.70334e-06 6.08392e-06 1.08007e-05
8.45606e-05 1.08007e-05 3.94627e-05

7.17968e-06 3.80499e-06 0.00010142
3.80499e-06 -1.05071e-07 -2.20984e-05
0.00010142 -2.20984e-05 -5.36856e-06

9.17539e-06 -7.08965e-06 8.08754e-05
-7.08965e-06 9.17738e-06 -5.41754e-05
8.08754e-05 -5.41754e-05 -4.24597e-06

1.07929e-05 1.54598e-05 -8.52292e-05
1.54598e-05 1.30285e-05 -5.28685e-05
-8.52292e-05 -5.28685e-05 -1.76106e-05

4.99765e-06 1.15998e-05 -3.7201e-05
1.15998e-05 5.51638e-06 -4.54238e-05
-3.7201e-05 -4.54238e-05 -2.10357e-05

2.32041e-06 -5.14796e-06 -1.66936e-05
-5.14796e-06 3.21289e-06 -5.90759e-06
-1.66936e-05 -5.90759e-06 -8.48069e-05

4.59849e-06 1.17544e-06 2.21238e-05
1.17544e-06 8.82794e-06 -0.000136342
2.21238e-05 -0.000136342 1.94152e-05

-3.74181e-06 -5.38755e-06 6.32165e-05
-5.38755e-06 2.2208e-05 -9.52432e-05
6.32165e-05 -9.52432e-05 1.15723e-05

6.76443e-06 -4.17226e-06 -3.76254e-06
-4.17226e-06 7.08304e-06 8.08782e-06
-3.76254e-06 8.08782e-06 -2.74946e-05

7.19931e-06 1.88593e-06 -1.65499e-05
1.88593e-06 4.94478e-06 -3.09765e-05
-1.65499e-05 -3.09765e-05 -4.57886e-05

6.38583e-06 -5.10489e-06 8.53852e-05
-5.10489e-06 -6.49735e-06 1.75901e-06
8.53852e-05 1.75901e-06 1.14326e-05

1.25306e-05 -2.33931e-06 7.47845e-05
-2.33931e-06 -5.31669e-06 -1.0845e-06
7.47845e-05 -1.0845e-06 -2.82978e-05

1.56717e-05 -2.55768e-06 0.000106617
-2.55768e-06 3.7059e-06 -2.00718e-05
0.000106617 -2.00718e-05 -3.49948e-06

1.76816e-05 2.17375e-06 0.000116433
2.17375e-06 5.73793e-06 2.47792e-05
0.000116433 2.47792e-05 -7.48823e-06

-3.07561e-06 2.73542e-06 6.9783e-06
2.73542e-06 -2.25764e-06 -8.12946e-06
6.9783e-06 -8.12946e-06 1.34228e-05

-3.76122e-08 -1.14444e-05 -2.24564e-05
-1.14444e-05 1.40514e-05 8.11676e-05
-2.24564e-05 8.11676e-05 -3.01542e-05

1.59573e-05 -3.37362e-06 9.69251e-05
-3.37362e-06 -6.47939e-06 -2.08049e-05
9.69251e-05 -2.08049e-05 -4.8347e-07

1.28224e-05 -5.20485e-06 7.61736e-05
-5.20485e-06 1.6313e-06 -1.90265e-05
7.61736e-05 -1.90265e-05 -5.62485e-05

-8.08413e-07 -1.02909e-05 -2.276e-05
-1.02909e-05 1.5419e-05 7.48501e-05
-2.276e-05 7.48501e-05 -1.54511e-05

-1.33405e-05 -3.74024e-06 2.30984e-05
-3.74024e-06 1.86018e-05 8.64468e-05
2.30984e-05 8.64468e-05 8.21153e-06

3.13019e-06 -2.90915e-06 3.91268e-05
-2.90915e-06 3.23588e-05 -0.000115873
3.91268e-05 -0.000115873 -5.54803e-05

7.53008e-06 -1.07368e-05 3.2851e-05
-1.07368e-05 4.56099e-05 -9.89979e-05
3.2851e-05 -9.89979e-05 -9.48416e-05

-1.33285e-05 -3.79137e-06 2.31098e-05
-3.79137e-06 1.80115e-05 9.16176e-05
2.31098e-05 9.16176e-05 -2.55008e-05

1.55972e-05 -1.43296e-05 -2.16399e-05
-1.43296e-05 3.34677e-05 2.71146e-05
-2.16399e-05 2.71146e-05 -0.000110201

-7.58424e-06 5.58262e-07 -1.16872e-05
5.58262e-07 -9.27878e-07 1.18025e-06
-1.16872e-05 1.18025e-06 6.88359e-06

1.24324e-05 -7.37576e-06 7.22242e-05
-7.37576e-06 9.48052e-06 -8.61939e-06
7.22242e-05 -8.61939e-06 -4.36082e-05

1.37267e-05 4.31381e-06 0.000101883
4.31381e-06 3.60344e-06 2.74784e-05
0.000101883 2.74784e-05 -2.6354e-05

2.03573e-05 -7.86342e-06 8.49377e-05
-7.86342e-06 -1.2853e-05 8.95973e-06
8.49377e-05 8.95973e-06 4.11593e-06

1.07527e-05 -1.34033e-06 8.15513e-05
-1.34033e-06 -6.98838e-06 -5.75141e-06
8.15513e-05 -5.75141e-06 2.08557e-05

-1.66307e-06 7.94418e-08 -7.43444e-07
7.94418e-08 -1.10819e-06 3.01983e-07
-7.43444e-07 3.01983e-07 3.04623e-06

-8.80175e-07 -6.6586e-07 7.87249e-07
-6.6586e-07 -4.0444e-07 -1.33459e-06
7.87249e-07 -1.33459e-06 4.56748e-07

9.15956e-06 -9.66808e-06 -3.26088e-05
-9.66808e-06 8.60715e-08 1.7174e-05
-3.26088e-05 1.7174e-05 -9.8457e-06

1.42804e-05 -1.90125e-05 -2.82458e-05
-1.90125e-05 1.68193e-05 4.16543e-06
-2.82458e-05 4.16543e-06 -8.61803e-05

1.19917e-05 -9.03929e-06 -1.41106e-05
-9.03929e-06 2.8451e-05 2.38736e-05
-1.41106e-05 2.38736e-05 -0.000103728

1.56499e-05 -1.14837e-06 6.07664e-06
-1.14837e-06 1.12529e-05 6.62914e-05
6.07664e-06 6.62914e-05 5.61381e-05

-1.5773e-06 -6.88859e-07 2.20069e-06
-6.88859e-07 -4.04538e-06 4.85054e-06
2.20069e-06 4.85054e-06 3.18091e-06

1.11977e-05 -3.48173e-06 -7.64067e-05
-3.48173e-06 -7.22035e-06 -3.5875e-05
-7.64067e-05 -3.5875e-05 2.53362e-05

1.11472e-05 -9.65055e-06 -1.97217e-05
-9.65055e-06 2.51949e-05 6.72807e-06
-1.97217e-05 6.72807e-06 -8.77519e-05

3.21061e-06 2.59808e-06 9.10641e-06
2.59808e-06 -5.19427e-06 4.04474e-06
9.10641e-06 4.04474e-06 5.79135e-06

1.68619e-06 8.02553e-06 -6.34172e-05
8.02553e-06 1.00281e-06 -3.26867e-05
-6.34172e-05 -3.26867e-05 -5.97504e-05

-7.24359e-06 3.56358e-06 -4.09064e-06
3.56358e-06 -6.10758e-06 1.31267e-06
-4.09064e-06 1.31267e-06 8.51845e-06

2.69872e-05 2.17325e-06 4.51316e-05
2.17325e-06 2.13277e-06 -1.19026e-05
4.51316e-05 -1.19026e-05 -4.61201e-05

2.68914e-05 2.41147e-06 4.95289e-05
2.41147e-06 8.0171e-06 1.31917e-05
4.95289e-05 1.31917e-05 -4.75074e-05

4.53998e-06 -2.87712e-06 1.75169e-05
-2.87712e-06 -4.4793e-06 -2.19501e-06
1.75169e-05 -2.19501e-06 1.81485e-05

6.32419e-06 -7.72084e-06 -3.18023e-05
-7.72084e-06 2.93213e-05 1.99269e-05
-3.18023e-05 1.99269e-05 -0.000103725

9.61749e-06 -6.12007e-06 -2.79941e-05
-6.12007e-06 2.22041e-05 3.50154e-05
-2.79941e-05 3.50154e-05 -2.30764e-05

7.87075e-06 -3.49304e-06 -2.17961e-05
-3.49304e-06 2.11075e-05 3.81423e-05
-2.17961e-05 3.81423e-05 9.22213e-06

1.49363e-05 -7.26189e-06 1.49241e-05
-7.26189e-06 1.02728e-05 5.6104e-05
1.49241e-05 5.6104e-05 9.0298e-05

-2.69251e-06 2.87477e-06 -1.16858e-05
2.87477e-06 -1.07608e-06 3.73892e-06
-1.16858e-05 3.73892e-06 1.62857e-06

5.55313e-06 8.93789e-06 -4.7632e-05
8.93789e-06 3.09137e-07 -2.86365e-05
-4.7632e-05 -2.86365e-05 4.5693e-06

4.14453e-06 -2.57632e-06 -5.95667e-05
-2.57632e-06 4.99836e-06 3.93218e-05
-5.95667e-05 3.93218e-05 -6.94045e-05

-9.17753e-06 -1.18349e-06 -7.0475e-06
-1.18349e-06 -3.42652e-06 1.33777e-06
-7.0475e-06 1.33777e-06 1.13064e-05

-8.86328e-07 -4.90167e-07 2.25517e-07
-4.90167e-07 -4.37012e-07 -1.2845e-06
2.25517e-07 -1.2845e-06 4.69996e-07

-9.39321e-07 -6.75343e-07 -5.57927e-05
-6.75343e-07 -1.21097e-06 4.14928e-05
-5.57927e-05 4.14928e-05 4.60972e-05

-3.632e-07 -6.3189e-07 -2.189e-06
-6.3189e-07 -2.86726e-06 4.70133e-08
-2.189e-06 4.70133e-08 -3.61275e-06

-2.50897e-07 -1.35177e-06 -1.2617e-06
-1.35177e-06 -3.18384e-06 -3.87674e-06
-1.2617e-06 -3.87674e-06 3.21624e-06

2.77024e-05 -1.33951e-05 -2.84658e-05
-1.33951e-05 8.73318e-06 1.23347e-05
-2.84658e-05 1.23347e-05 -6.25243e-05

2.82733e-05 8.98187e-06 -7.78346e-05
8.98187e-06 -4.82355e-06 -3.16462e-05
-7.78346e-05 -3.16462e-05 -3.60799e-05

4.24272e-06 -4.48689e-07 -4.16809e-05
-4.48689e-07 1.87144e-06 5.27558e-05
-4.16809e-05 5.27558e-05 -2.06573e-05

4.4168e-06 -1.20122e-06 1.4707e-05
-1.20122e-06 -1.01443e-05 -3.49414e-05
1.4707e-05 -3.49414e-05 7.4095e-06

6.93268e-06 -5.74099e-06 -2.61321e-05
-5.74099e-06 7.37357e-06 2.55576e-05
-2.61321e-05 2.55576e-05 1.33749e-05

-2.90974e-06 2.9077e-06 -5.8645e-05
2.9077e-06 7.27459e-07 -5.21817e-05
-5.8645e-05 -5.21817e-05 4.48795e-05

9.04349e-06 -1.05567e-05 3.33608e-05
-1.05567e-05 7.37401e-06 -5.86091e-05
3.33608e-05 -5.86091e-05 -4.14467e-05

3.23228e-06 2.48435e-06 -3.24329e-05
2.48435e-06 -4.32224e-06 4.49048e-05
-3.24329e-05 4.49048e-05 5.01897e-05

2.03939e-06 3.8462e-06 -3.98894e-05
3.8462e-06 -6.9308e-07 3.78835e-05
-3.98894e-05 3.78835e-05 5.01287e-05

-6.15446e-06 1.90562e-06 -4.53818e-06
1.90562e-06 -4.81085e-06 -9.61402e-07
-4.53818e-06 -9.61402e-07 1.49623e-05

4.23267e-06 -1.39824e-06 -2.26962e-07
-1.39824e-06 -1.02173e-05 -3.80016e-05
-2.26962e-07 -3.80016e-05 7.04683e-06

-4.88474e-06 -1.60456e-08 2.04424e-05
-1.60456e-08 -2.3271e-06 -2.86583e-06
2.04424e-05 -2.86583e-06 -4.24246e-06

2.9922e-06 -7.3896e-06 2.64575e-05
-7.3896e-06 6.90226e-06 -5.73075e-05
2.64575e-05 -5.73075e-05 -4.48165e-05

1.7133e-05 -3.23698e-07 -5.55855e-05
-3.23698e-07 8.19357e-06 1.45025e-05
-5.55855e-05 1.45025e-05 -5.89196e-05

1.09069e-05 -6.40779e-06 -4.55765e-05
-6.40779e-06 6.25394e-06 1.44242e-05
-4.55765e-05 1.44242e-05 -5.07448e-05

3.35436e-06 3.78134e-07 -5.51325e-05
3.78134e-07 3.62307e-06 4.3015e-05
-5.51325e-05 4.3015e-05 -2.77942e-05

2.43521e-06 -4.72372e-06 -2.79374e-05
-4.72372e-06 2.25488e-05 5.48238e-05
-2.79374e-05 5.48238e-05 -3.83599e-05

5.4102e-06 -7.88692e-06 -2.72353e-05
-7.88692e-06 1.40988e-05 5.59297e-05
-2.72353e-05 5.59297e-05 -3.84847e-05

-2.5064e-06 -7.51807e-08 8.79622e-06
-7.51807e-08 -7.95222e-06 -2.558e-05
8.79622e-06 -2.558e-05 -8.85521e-06

1.23661e-05 -9.11757e-06 2.15949e-05
-9.11757e-06 -4.33393e-06 -2.62655e-05
2.15949e-05 -2.62655e-05 -3.3132e-05

1.37784e-05 2.06308e-06 2.30123e-05
2.06308e-06 -1.21741e-06 -1.08463e-05
2.30123e-05 -1.08463e-05 -3.1916e-05

4.01446e-06 3.26352e-07 -1.94432e-06
3.26352e-07 2.7156e-06 -6.15188e-06
-1.94432e-06 -6.15188e-06 6.10501e-06

1.24883e-05 -6.98925e-06 -8.30327e-05
-6.98925e-06 6.74649e-06 2.60651e-05
-8.30327e-05 2.60651e-05 -9.15069e-05

1.04196e-05 -7.77279e-06 -0.000102284
-7.77279e-06 7.23171e-06 3.32328e-05
-0.000102284 3.32328e-05 -3.30151e-06

1.9436e-05 -2.03382e-05 -9.64665e-05
-2.03382e-05 2.9679e-05 6.22232e-05
-9.64665e-05 6.22232e-05 -0.000104964

2.5691e-05 4.77593e-06 -6.98528e-05
4.77593e-06 4.03267e-06 1.46273e-05
-6.98528e-05 1.46273e-05 -7.63623e-05

2.90949e-05 -6.15327e-06 -6.62696e-05
-6.15327e-06 2.33417e-06 -6.42924e-06
-6.62696e-05 -6.42924e-06 -7.50703e-05

2.67023e-06 -2.11956e-06 3.18699e-07
-2.11956e-06 1.13789e-06 -5.36214e-06
3.18699e-07 -5.36214e-06 6.15045e-06

2.25809e-05 5.01571e-06 -9.22963e-05
5.01571e-06 4.09278e-06 1.24288e-05
-9.22963e-05 1.24288e-05 -4.19347e-05

-4.22176e-06 -1.76984e-06 -3.00831e-06
-1.76984e-06 5.10632e-06 -1.56783e-06
-3.00831e-06 -1.56783e-06 1.419e-05

1.4589e-05 -2.99881e-06 -7.98618e-05
-2.99881e-06 9.18436e-06 7.67758e-05
-7.98618e-05 7.67758e-05 -3.99189e-05

9.17394e-06 -1.3414e-05 -4.66133e-05
-1.3414e-05 8.31329e-06 3.9002e-05
-4.66133e-05 3.9002e-05 -4.96814e-05

2.53742e-05 -8.77125e-06 -5.80057e-05
-8.77125e-06 9.65957e-06 7.25561e-05
-5.80057e-05 7.25561e-05 -2.92267e-05

1.68201e-05 -2.06985e-05 -0.00012152
-2.06985e-05 3.15574e-05 8.37289e-05
-0.00012152 8.37289e-05 -2.1856e-05

2.28586e-06 -7.10123e-06 2.9832e-05
-7.10123e-06 -2.0039e-06 -3.74859e-05
2.9832e-05 -3.74859e-05 -6.33744e-06

-7.53598e-07 5.62862e-07 1.74216e-06
5.62862e-07 -2.04549e-06 5.21238e-06
1.74216e-06 5.21238e-06 3.62124e-06

1.27615e-05 -3.74426e-06 -7.46477e-05
-3.74426e-06 1.12083e-05 6.55416e-05
-7.46477e-05 6.55416e-05 2.18855e-05

1.75548e-05 -2.32301e-06 -0.00011782
-2.32301e-06 5.41288e-06 1.99699e-05
-0.00011782 1.99699e-05 1.00644e-05

1.06657e-05 -5.68303e-06 -9.23967e-05
-5.68303e-06 1.37537e-05 3.11055e-05
-9.23967e-05 3.11055e-05 -5.36153e-05

2.39417e-05 -6.85573e-06 -6.15374e-05
-6.85573e-06 7.44313e-06 3.61927e-05
-6.15374e-05 3.61927e-05 -3.84537e-05

-9.0193e-06 2.5826e-06 -2.11038e-06
2.5826e-06 -4.3264e-06 5.83808e-06
-2.11038e-06 5.83808e-06 1.13785e-05

1.97376e-06 -6.97146e-06 3.03148e-05
-6.97146e-06 -2.02884e-06 -3.73337e-05
3.03148e-05 -3.73337e-05 -2.79175e-06

9.94433e-06 -6.73516e-06 -7.07642e-05
-6.73516e-06 8.7081e-06 6.76803e-05
-7.07642e-05 6.76803e-05 2.23636e-05

6.2186e-06 -3.77378e-06 -4.06014e-05
-3.77378e-06 -3.86665e-06 7.45485e-05
-4.06014e-05 7.45485e-05 -2.61428e-05

8.46378e-07 -2.93946e-07 -2.99439e-05
-2.93946e-07 8.09863e-06 8.4238e-05
-2.99439e-05 8.4238e-05 -2.79226e-05

7.6724e-06 2.58868e-06 -5.99299e-05
2.58868e-06 1.58794e-05 4.84751e-05
-5.99299e-05 4.84751e-05 -5.30056e-05

5.31619e-06 3.46217e-06 -6.22641e-05
3.46217e-06 1.72356e-05 4.74865e-05
-6.22641e-05 4.74865e-05 -5.3272e-05

8.49634e-06 -4.99295e-06 -1.77465e-05
-4.99295e-06 -4.86817e-06 4.38006e-05
-1.77465e-05 4.38006e-05 2.745e-05

1.58076e-05 5.75988e-06 -1.34154e-05
5.75988e-06 1.06016e-05 5.13772e-05
-1.34154e-05 5.13772e-05 2.57896e-05

1.07181e-07 1.04094e-06 -9.14851e-05
1.04094e-06 9.54605e-06 4.02436e-05
-9.14851e-05 4.02436e-05 -5.06963e-06

4.13174e-06 -4.00298e-07 -9.49725e-05
-4.00298e-07 9.32058e-06 3.97599e-05
-9.49725e-05 3.97599e-05 -6.09516e-06

1.50735e-05 9.4704e-07 -0.000102147
9.4704e-07 6.3988e-06 4.1441e-05
-0.000102147 4.1441e-05 -3.52041e-06

-6.23903e-06 5.81381e-06 2.67261e-06
5.81381e-06 1.75816e-05 -3.05571e-06
2.67261e-06 -3.05571e-06 -7.06569e-05

6.44605e-06 -1.45121e-07 -5.97417e-05
-1.45121e-07 4.85934e-06 -3.59424e-06
-5.97417e-05 -3.59424e-06 -3.40904e-05

4.99038e-06 1.14726e-05 -8.30418e-05
1.14726e-05 5.85762e-06 5.61635e-05
-8.30418e-05 5.61635e-05 -1.9396e-05

7.49842e-06 7.7138e-06 -7.30968e-05
7.7138e-06 1.99284e-06 6.04187e-05
-7.30968e-05 6.04187e-05 -1.86113e-05

0.000125925 -3.49148e-05 4.97337e-05
-3.49148e-05 5.76833e-05 -4.88586e-05
4.97337e-05 -4.88586e-05 -0.000456345

0.000218129 -6.2622e-05 -4.09517e-05
-6.2622e-05 0.000139391 -5.80172e-05
-4.09517e-05 -5.80172e-05 -0.000644007

1.29971e-05 6.22241e-06 4.28279e-07
6.22241e-06 7.23345e-05 3.13208e-05
4.28279e-07 3.13208e-05 -0.00011521

0.000132215 -6.88046e-05 4.81936e-05
-6.88046e-05 0.000212939 3.1128e-05
4.81936e-05 3.1128e-05 -0.000644007

5.27673e-05 -3.27163e-05 1.51839e-05
-3.27163e-05 0.000103828 -1.27325e-05
1.51839e-05 -1.27325e-05 -0.000428441

0.000145711 -5.31713e-05 1.68159e-05
-5.31713e-05 4.19075e-05 -1.67472e-05
1.68159e-05 -1.67472e-05 -0.000459441

4.56504e-05 -5.94714e-06 1.39038e-05
-5.94714e-06 2.51874e-05 1.57249e-05
1.39038e-05 1.57249e-05 -4.87807e-05

4.40364e-05 7.37495e-07 1.78837e-05
7.37495e-07 3.81642e-05 -2.15584e-05
1.78837e-05 -2.15584e-05 -4.79565e-05

0.000127908 -4.33524e-05 -2.65163e-05
-4.33524e-05 7.3076e-05 1.98704e-05
-2.65163e-05 1.98704e-05 -0.000536905

0.000223205 1.54856e-05 8.30796e-06
1.54856e-05 0.000102734 -2.37972e-05
8.30796e-06 -2.37972e-05 -0.00065033

0 -6.93889e-17 1.1913e-06
-6.93889e-17 0 6.30806e-07
1.1913e-06 6.30806e-07 4.46196e-05

-2.81843e-07 -1.25899e-06 8.52393e-07
-1.25899e-06 -3.07855e-06 5.89993e-06
8.52393e-07 5.89993e-06 6.22883e-05

1.48641e-05 -6.05307e-06 -3.26126e-05
-6.05307e-06 4.64867e-06 1.6083e-05
-3.26126e-05 1.6083e-05 -3.02044e-05

3.15311e-06 5.37173e-06 -1.6679e-05
5.37173e-06 8.17e-06 -4.07995e-05
-1.6679e-05 -4.07995e-05 -5.56617e-05

1.10993e-05 2.19877e-06 6.83977e-05
2.19877e-06 2.01307e-06 1.16488e-05
6.83977e-05 1.16488e-05 3.96579e-05

9.08828e-06 4.87884e-06 5.82287e-05
4.87884e-06 1.997e-06 3.85976e-05
5.82287e-05 3.85976e-05 3.87103e-05

1.30292e-05 3.03164e-06 0.000120598
3.03164e-06 6.42509e-06 2.01142e-05
0.000120598 2.01142e-05 6.74636e-06

-1.66357e-06 -1.4287e-06 3.46194e-06
-1.4287e-06 -3.02675e-06 7.13314e-06
3.46194e-06 7.13314e-06 -5.36842e-06

1.75504e-06 -2.42549e-06 2.6883e-06
-2.42549e-06 7.45683e-06 -9.11976e-06
2.6883e-06 -9.11976e-06 -3.15757e-06

2.02133e-05 9.80455e-06 0.000100602
9.80455e-06 8.22637e-06 2.5999e-05
0.000100602 2.5999e-05 -3.23838e-05

2.13338e-05 8.26765e-06 9.14845e-05
8.26765e-06 6.96978e-06 5.45131e-05
9.14845e-05 5.45131e-05 -3.43848e-05

-1.03939e-05 1.95338e-06 3.77702e-05
1.95338e-06 1.17785e-05 -5.79559e-05
3.77702e-05 -5.79559e-05 -3.92687e-05

-2.31809e-06 -2.0763e-06 -6.01501e-07
-2.0763e-06 -4.56086e-06 -2.72015e-06
-6.01501e-07 -2.72015e-06 1.00584e-05

1.8824e-05 4.33871e-06 6.15006e-05
4.33871e-06 7.36249e-06 1.79749e-05
6.15006e-05 1.79749e-05 -3.77492e-05

1.87292e-05 4.83535e-06 6.00929e-05
4.83535e-06 4.86131e-06 2.6774e-05
6.00929e-05 2.6774e-05 -3.88078e-05

-2.89231e-06 4.47916e-06 -5.94959e-05
4.47916e-06 3.50043e-06 -1.75415e-06
-5.94959e-05 -1.75415e-06 -2.99628e-05

2.97038e-05 1.90894e-05 -4.01611e-05
1.90894e-05 9.29284e-05 3.7839e-05
-4.01611e-05 3.7839e-05 -0.000296174

7.35001e-06 -1.08881e-05 -5.67383e-05
-1.08881e-05 7.71644e-06 3.80826e-05
-5.67383e-05 3.80826e-05 -2.2495e-05

6.06581e-06 -6.38157e-06 -6.38269e-05
-6.38157e-06 3.25113e-06 4.09872e-05
-6.38269e-05 4.09872e-05 -1.90896e-05

-5.25557e-06 9.95967e-07 -7.84088e-06
9.95967e-07 -2.25566e-06 5.02413e-06
-7.84088e-06 5.02413e-06 7.7552e-06

-1.00791e-06 -1.59756e-06 3.96318e-06
-1.59756e-06 -3.93576e-06 7.84476e-06
3.96318e-06 7.84476e-06 2.35455e-07

-1.8735e-06 7.92965e-07 3.19287e-06
7.92965e-07 9.67452e-06 -4.50623e-05
3.19287e-06 -4.50623e-05 -1.01958e-05

1.132e-05 5.9402e-06 -1.84145e-05
5.9402e-06 7.42116e-06 -1.23292e-05
-1.84145e-05 -1.23292e-05 -4.75934e-05

2.15362e-05 -3.68498e-06 -5.55896e-05
-3.68498e-06 1.05861e-05 3.05905e-05
-5.55896e-05 3.05905e-05 -7.09893e-05

-4.01495e-06 2.9189e-06 -2.92491e-05
2.9189e-06 9.49283e-06 -2.69651e-05
-2.92491e-05 -2.69651e-05 -3.09501e-05

1.27912e-05 6.42954e-06 -7.09801e-05
6.42954e-06 5.30965e-06 -4.86049e-06
-7.09801e-05 -4.86049e-06 -5.68255e-05

8.56111e-06 -7.19654e-06 -2.77997e-05
-7.19654e-06 2.22159e-05 -1.17239e-05
-2.77997e-05 -1.17239e-05 -8.07048e-05

0 0 -7.95557e-07
0 0 -1.4546e-07
-7.95557e-07 -1.4546e-07 -9.03774e-06

2.62077e-05 -6.61228e-06 -8.87271e-05
-6.61228e-06 2.27836e-06 -8.10486e-06
-8.87271e-05 -8.10486e-06 -4.05357e-05

5.60801e-05 2.67435e-05 -0.000119913
2.67435e-05 1.91472e-05 -2.85775e-05
-0.000119913 -2.85775e-05 -0.00012793

5.74101e-05 2.57442e-05 -8.50936e-05
2.57442e-05 1.9771e-05 -6.54516e-05
-8.50936e-05 -6.54516e-05 -0.00012148

1.39043e-05 1.48401e-05 -0.000128119
1.48401e-05 1.58775e-05 -3.37716e-05
-0.000128119 -3.37716e-05 -3.73791e-05

1.62148e-05 6.25967e-06 -0.000115026
6.25967e-06 1.00747e-05 -2.15417e-05
-0.000115026 -2.15417e-05 -6.14938e-05

1.57899e-05 2.09229e-06 -0.000109679
2.09229e-06 8.13084e-06 -2.41139e-05
-0.000109679 -2.41139e-05 1.33765e-05

1.92215e-05 -2.51716e-06 -7.04159e-05
-2.51716e-06 2.00965e-06 -2.62351e-05
-7.04159e-05 -2.62351e-05 6.40463e-06

1.99901e-05 1.0775e-05 -5.77908e-06
1.0775e-05 4.54745e-05 2.56117e-05
-5.77908e-06 2.56117e-05 -3.97446e-05

1.6268e-05 -2.3474e-06 -1.76369e-05
-2.3474e-06 7.27857e-06 -9.07073e-06
-1.76369e-05 -9.07073e-06 -5.61417e-05

1.78217e-05 -4.76465e-06 -7.2163e-05
-4.76465e-06 2.1371e-06 1.02138e-05
-7.2163e-05 1.02138e-05 -3.7231e-05

1.52397e-05 1.72632e-06 -5.85163e-05
1.72632e-06 9.25922e-06 -2.69239e-05
-5.85163e-05 -2.69239e-05 -1.18846e-05

8.62703e-06 5.26721e-06 -6.17731e-05
5.26721e-06 1.00547e-05 -2.33486e-05
-6.17731e-05 -2.33486e-05 -1.22425e-05

0.000175497 4.59071e-05 1.62388e-05
4.59071e-05 5.21644e-05 1.68505e-05
1.62388e-05 1.68505e-05 -0.000524928

0.000223205 -4.99978e-06 8.30796e-06
-4.99978e-06 0.00010485 1.09226e-05
8.30796e-06 1.09226e-05 -0.00065033

-1.72497e-07 -9.63151e-07 -7.84368e-08
-9.63151e-07 -4.76259e-06 -9.78167e-07
-7.84368e-08 -9.78167e-07 6.25616e-05

-2.22045e-16 0 -5.65272e-07
0 0 -2.91447e-06
-5.65272e-07 -2.91447e-06 6.29417e-05

0 0 1.1913e-06
0 0 6.30806e-07
1.1913e-06 6.30806e-07 4.46196e-05

4.68644e-07 -3.0951e-06 4.87868e-05
-3.0951e-06 1.36939e-06 5.26159e-05
4.87868e-05 5.26159e-05 1.14898e-06

5.75292e-08 -4.1858e-06 4.40982e-05
-4.1858e-06 4.78297e-06 5.8494e-05
4.40982e-05 5.8494e-05 8.72897e-07

1.63286e-06 -5.48828e-06 3.15254e-05
-5.48828e-06 -2.68521e-06 4.57152e-05
3.15254e-05 4.57152e-05 5.69058e-05

9.76849e-06 6.21013e-06 7.69378e-05
6.21013e-06 3.56272e-06 5.08269e-05
7.69378e-05 5.08269e-05 1.68534e-05

1.00597e-05 2.99608e-06 0.000121878
2.99608e-06 1.01696e-05 0.000100268
0.000121878 0.000100268 1.26724e-05

9.40292e-06 3.65733e-06 8.1765e-05
3.65733e-06 9.62096e-06 0.000123701
8.1765e-05 0.000123701 1.73671e-05

9.76469e-06 2.0977e-07 0.000106278
2.0977e-07 6.30635e-06 8.11762e-05
0.000106278 8.11762e-05 -7.97254e-05

1.58667e-05 6.38536e-06 7.62004e-05
6.38536e-06 7.09657e-06 4.91904e-05
7.62004e-05 4.91904e-05 -7.71088e-05

4.04839e-06 6.60971e-06 7.76033e-05
6.60971e-06 2.02971e-05 6.96542e-05
7.76033e-05 6.96542e-05 -4.54793e-05

2.78634e-05 2.07154e-05 1.02475e-05
2.07154e-05 7.55795e-06 -2.481e-05
1.02475e-05 -2.481e-05 -0.000106043

5.45058e-06 3.94848e-06 -2.38548e-05
3.94848e-06 4.66666e-06 -3.34501e-05
-2.38548e-05 -3.34501e-05 -2.63797e-05

1.58565e-05 4.05722e-06 5.08626e-05
4.05722e-06 5.23199e-06 2.61834e-05
5.08626e-05 2.61834e-05 -6.21947e-05

2.71172e-05 1.30692e-05 3.08711e-05
1.30692e-05 4.72383e-06 9.43337e-06
3.08711e-05 9.43337e-06 -6.17107e-05

2.82018e-05 9.52188e-06 2.70653e-05
9.52188e-06 9.37896e-06 1.26801e-05
2.70653e-05 1.26801e-05 -6.05421e-05

1.43179e-05 6.40983e-06 4.96715e-05
6.40983e-06 1.77337e-06 2.66871e-05
4.96715e-05 2.66871e-05 -5.06122e-05

-7.32719e-06 -7.22572e-07 1.08542e-05
-7.22572e-07 -5.41484e-06 -1.41056e-06
1.08542e-05 -1.41056e-06 -1.1433e-05

1.626e-05 -3.46934e-06 -7.43377e-05
-3.46934e-06 4.51975e-06 1.14387e-05
-7.43377e-05 1.14387e-05 -4.01626e-05

1.35405e-06 6.16427e-06 1.76472e-05
6.16427e-06 1.11804e-05 -3.44751e-05
1.76472e-05 -3.44751e-05 -9.18785e-05

1.64882e-06 7.36145e-06 3.74731e-06
7.36145e-06 8.94408e-06 -2.43056e-06
3.74731e-06 -2.43056e-06 -4.498e-05

6.32608e-06 -6.02008e-06 -6.52895e-05
-6.02008e-06 5.79333e-07 2.98791e-05
-6.52895e-05 2.98791e-05 -3.68295e-05

6.37738e-06 3.10293e-06 -3.24902e-05
3.10293e-06 7.7214e-06 -2.44697e-05
-3.24902e-05 -2.44697e-05 -5.43271e-05

-1.61756e-06 -5.67538e-06 -4.07986e-05
-5.67538e-06 1.50196e-05 5.99883e-05
-4.07986e-05 5.99883e-05 -1.15519e-05

2.4046e-05 -2.10167e-06 -5.92986e-05
-2.10167e-06 6.66152e-06 2.58789e-05
-5.92986e-05 2.58789e-05 -6.66504e-05

1.62028e-05 3.21553e-05 -7.0225e-05
3.21553e-05 4.21795e-05 -6.63526e-05
-7.0225e-05 -6.63526e-05 -0.000107648

5.66883e-07 1.5407e-05 -6.76331e-05
1.5407e-05 2.61592e-05 -7.37634e-05
-6.76331e-05 -7.37634e-05 -5.40168e-05

8.40082e-06 1.54342e-05 -6.34207e-05
1.54342e-05 1.7756e-05 -6.41348e-05
-6.34207e-05 -6.41348e-05 -6.2751e-05

2.67154e-05 9.64089e-06 -0.000100132
9.64089e-06 1.25035e-05 -6.26637e-05
-0.000100132 -6.26637e-05 -3.2296e-05

3.45025e-05 7.32988e-06 8.13743e-05
7.32988e-06 1.05977e-05 5.96265e-06
8.13743e-05 5.96265e-06 -4.04437e-05

8.58656e-06 -2.81489e-06 -8.01359e-05
-2.81489e-06 -6.87692e-06 -2.93179e-05
-8.01359e-05 -2.93179e-05 -1.35074e-05

1.89325e-05 1.28644e-06 -3.98632e-05
1.28644e-06 1.15202e-05 -2.64645e-05
-3.98632e-05 -2.64645e-05 -4.38816e-05

2.04085e-05 1.86916e-06 -4.01913e-05
1.86916e-06 1.04736e-05 -2.62176e-05
-4.01913e-05 -2.62176e-05 -4.39197e-05

7.52104e-06 3.57888e-06 -3.64367e-05
3.57888e-06 3.16908e-05 -2.83462e-05
-3.64367e-05 -2.83462e-05 -2.80362e-05

0.000198768 8.98907e-05 1.42935e-05
8.98907e-05 7.4466e-05 -6.83347e-06
1.42935e-05 -6.83347e-06 -0.000525862

0.000186697 4.30523e-05 1.65799e-05
4.30523e-05 4.84879e-05 1.66724e-05
1.65799e-05 1.66724e-05 -0.00052492

0.000196079 8.56686e-05 -2.15162e-06
8.56686e-05 0.00016152 -4.68159e-05
-2.15162e-06 -4.68159e-05 -0.000624283

1.20864e-06 -1.78104e-06 2.69397e-05
-1.78104e-06 -9.05542e-06 5.55934e-05
2.69397e-05 5.55934e-05 4.62389e-05

2.1261e-06 4.03967e-07 1.61025e-05
4.03967e-07 -1.61368e-05 6.96772e-05
1.61025e-05 6.96772e-05 4.47047e-05

9.25647e-07 -5.69231e-06 3.0923e-05
-5.69231e-06 -1.06846e-06 4.64491e-05
3.0923e-05 4.64491e-05 5.68843e-05

-1.14132e-06 -7.2904e-06 2.55837e-05
-7.2904e-06 -1.98195e-05 4.48916e-05
2.55837e-05 4.48916e-05 7.17488e-05

-2.81779e-06 -4.61779e-06 1.50522e-05
-4.61779e-06 -2.39439e-05 5.86897e-05
1.50522e-05 5.86897e-05 7.1217e-05

2.22045e-16 -1.11022e-16 -5.65272e-07
-1.11022e-16 0 -2.91447e-06
-5.65272e-07 -2.91447e-06 6.29417e-05

5.54875e-06 2.46936e-06 4.20902e-05
2.46936e-06 1.15288e-05 8.87376e-05
4.20902e-05 8.87376e-05 3.12164e-05

7.85409e-06 8.20189e-06 5.52521e-05
8.20189e-06 2.2998e-05 0.000116522
5.52521e-05 0.000116522 -1.22849e-05

9.12813e-06 9.6158e-06 6.0094e-05
9.6158e-06 1.53885e-05 0.000115533
6.0094e-05 0.000115533 1.70578e-06

9.20985e-06 1.74722e-06 7.13331e-05
1.74722e-06 4.69237e-06 0.000101613
7.13331e-05 0.000101613 -7.52189e-05

2.44367e-05 1.66978e-05 6.41455e-05
1.66978e-05 8.45258e-06 7.35299e-05
6.41455e-05 7.35299e-05 -4.31879e-05

9.9544e-06 9.15934e-06 7.11136e-05
9.15934e-06 2.28611e-05 9.83936e-05
7.11136e-05 9.83936e-05 -7.54517e-05

5.32132e-06 1.48378e-06 4.52767e-05
1.48378e-06 1.0481e-05 6.89454e-05
4.52767e-05 6.89454e-05 -7.67851e-05

4.22461e-06 6.04248e-06 4.15489e-05
6.04248e-06 9.24361e-06 6.45469e-05
4.15489e-05 6.45469e-05 -6.71113e-05

5.01608e-05 -1.00884e-05 6.0662e-05
-1.00884e-05 8.86634e-05 -3.31193e-06
6.0662e-05 -3.31193e-06 -5.94153e-05

2.66291e-06 4.89196e-06 2.79004e-05
4.89196e-06 2.05253e-05 4.41781e-05
2.79004e-05 4.41781e-05 -3.77826e-05

4.69188e-06 -5.48516e-07 5.61592e-06
-5.48516e-07 3.31861e-05 8.17877e-05
5.61592e-06 8.17877e-05 -4.74553e-05

9.752e-07 1.74398e-06 1.99551e-05
1.74398e-06 1.50389e-05 2.92523e-05
1.99551e-05 2.92523e-05 -7.51583e-05

7.90909e-06 6.1833e-06 3.49436e-05
6.1833e-06 4.70577e-06 3.63161e-05
3.49436e-05 3.63161e-05 -4.94236e-05

9.62847e-06 2.98125e-06 -5.91642e-05
2.98125e-06 2.13723e-05 1.46367e-05
-5.91642e-05 1.46367e-05 -4.98569e-05

1.02968e-05 -4.37353e-06 -7.21655e-05
-4.37353e-06 6.34264e-06 3.2703e-06
-7.21655e-05 3.2703e-06 -2.58218e-05

-3.26428e-06 5.1153e-06 1.71314e-05
5.1153e-06 8.96634e-06 1.85514e-05
1.71314e-05 1.85514e-05 -5.97497e-05

4.64579e-06 1.25505e-05 7.53264e-06
1.25505e-05 1.43714e-05 -8.69128e-07
7.53264e-06 -8.69128e-07 -5.54028e-05

6.61985e-06 4.76648e-06 1.88572e-06
4.76648e-06 1.73694e-05 4.70981e-06
1.88572e-06 4.70981e-06 -5.19073e-05

6.46191e-06 4.06601e-06 1.54113e-06
4.06601e-06 2.00548e-05 5.23479e-06
1.54113e-06 5.23479e-06 -5.19312e-05

6.72697e-06 5.07377e-06 -4.69447e-07
5.07377e-06 1.80159e-05 -5.61024e-06
-4.69447e-07 -5.61024e-06 -5.41665e-05

8.31129e-06 1.02859e-05 -7.66344e-06
1.02859e-05 1.13795e-05 -1.00334e-06
-7.66344e-06 -1.00334e-06 -6.65127e-05

5.35395e-06 9.46438e-06 -1.50086e-05
9.46438e-06 1.47926e-05 -2.52906e-05
-1.50086e-05 -2.52906e-05 -5.64561e-05

1.25182e-05 7.53925e-06 -1.93044e-05
7.53925e-06 1.52514e-05 -2.46187e-05
-1.93044e-05 -2.46187e-05 -5.78573e-05

1.13808e-05 1.85562e-06 -2.56124e-05
1.85562e-06 1.6695e-06 -3.4178e-05
-2.56124e-05 -3.4178e-05 -5.49155e-05

4.04083e-05 2.66848e-05 -6.48974e-05
2.66848e-05 2.37766e-05 -7.27446e-05
-6.48974e-05 -7.27446e-05 -0.000107846

3.27597e-06 3.10412e-06 -2.38654e-05
3.10412e-06 2.75423e-05 -3.52662e-05
-2.38654e-05 -3.52662e-05 -7.09559e-05

9.88774e-06 1.66151e-06 -2.33694e-06
1.66151e-06 2.36728e-05 -5.74714e-05
-2.33694e-06 -5.74714e-05 -7.4117e-05

-9.73228e-07 -2.98843e-06 -3.64821e-05
-2.98843e-06 1.88158e-05 -5.4093e-05
-3.64821e-05 -5.4093e-05 -4.90436e-05

2.88897e-05 1.05168e-05 -6.65754e-05
1.05168e-05 1.0854e-06 -7.55045e-05
-6.65754e-05 -7.55045e-05 -5.4071e-05

1.11565e-05 8.76224e-06 -5.38312e-05
8.76224e-06 3.18273e-05 -7.86676e-05
-5.38312e-05 -7.86676e-05 -9.40928e-05

1.05238e-05 4.24068e-06 -1.7407e-05
4.24068e-06 4.43787e-05 -0.000124269
-1.7407e-05 -0.000124269 -0.000105214

1.01828e-05 7.3586e-06 -6.53441e-05
7.3586e-06 2.98069e-05 -9.60105e-05
-6.53441e-05 -9.60105e-05 -3.36233e-05

3.01495e-05 -3.30048e-06 7.73339e-05
-3.30048e-06 -1.08393e-05 -8.90698e-06
7.73339e-05 -8.90698e-06 -3.8662e-05

1.69174e-05 8.09033e-06 -3.69299e-05
8.09033e-06 1.25537e-05 -6.61991e-05
-3.69299e-05 -6.61991e-05 2.6913e-05

1.94389e-05 -3.65665e-06 7.05148e-05
-3.65665e-06 -2.96996e-06 -1.16186e-05
7.05148e-05 -1.16186e-05 -4.22201e-05

3.18985e-05 -3.65934e-05 2.20823e-05
-3.65934e-05 5.23305e-05 -5.98643e-05
2.20823e-05 -5.98643e-05 -0.000140769

4.33641e-06 1.1815e-06 -1.97324e-05
1.1815e-06 2.68553e-06 -2.38177e-05
-1.97324e-05 -2.38177e-05 -4.19777e-05

2.32438e-07 -3.89721e-06 2.79448e-05
-3.89721e-06 2.66808e-05 -0.000122271
2.79448e-05 -0.000122271 -5.38495e-05

1.82236e-05 -6.58682e-07 -2.24081e-05
-6.58682e-07 7.66501e-06 -9.58152e-06
-2.24081e-05 -9.58152e-06 -5.49829e-05

0.000234551 8.36851e-05 -0.000112838
8.36851e-05 0.000127016 6.38705e-05
-0.000112838 6.38705e-05 -0.000624283

2.1056e-05 -1.65008e-06 -9.35223e-06
-1.65008e-06 9.69529e-05 -3.89401e-05
-9.35223e-06 -3.89401e-05 -0.000148581

1.10181e-05 1.62489e-05 -2.75431e-06
1.62489e-05 6.88303e-05 -5.36986e-05
-2.75431e-06 -5.36986e-05 -0.000150556

2.01134e-05 -2.49464e-06 2.06901e-06
-2.49464e-06 9.64238e-05 -2.90822e-05
2.06901e-06 -2.90822e-05 -0.000286348

1.98322e-05 -1.04624e-06 -1.4904e-05
-1.04624e-06 9.1043e-05 1.21349e-05
-1.4904e-05 1.21349e-05 -0.000284298

-4.63703e-07 -2.11526e-06 -5.27222e-06
-2.11526e-06 -9.59993e-06 -2.85221e-05
-5.27222e-06 -2.85221e-05 6.99082e-05

1.95525e-05 -2.09453e-06 7.07285e-05
-2.09453e-06 6.98121e-06 -2.84385e-07
7.07285e-05 -2.84385e-07 -4.7932e-05

0 0 7.82646e-07
0 0 -3.57157e-06
7.82646e-07 -3.57157e-06 3.98584e-06

-1.11022e-16 0 -5.09036e-07
0 -2.22045e-16 -1.09299e-06
-5.09036e-07 -1.09299e-06 -2.96775e-07

4.0751e-06 8.40526e-08 -1.30491e-05
8.40526e-08 -6.18858e-06 -3.61029e-06
-1.30491e-05 -3.61029e-06 2.88296e-05

2.72161e-06 -2.19735e-06 -1.04877e-05
-2.19735e-06 -5.3607e-06 -0.000113685
-1.04877e-05 -0.000113685 2.10541e-05

2.33923e-06 3.23338e-06 -1.08213e-05
3.23338e-06 1.51718e-05 -0.000106716
-1.08213e-05 -0.000106716 -1.30107e-05

6.28532e-07 -4.13374e-06 3.16128e-05
-4.13374e-06 2.15771e-05 -0.000123648
3.16128e-05 -0.000123648 -2.00079e-05

5.53836e-06 -6.27528e-06 1.60136e-05
-6.27528e-06 1.15698e-05 -5.09879e-05
1.60136e-05 -5.09879e-05 -5.1655e-05

6.75332e-07 5.38123e-07 -9.79821e-06
5.38123e-07 3.14502e-05 -9.52106e-05
-9.79821e-06 -9.52106e-05 -4.43157e-05

2.32718e-05 6.34122e-06 -6.5477e-05
6.34122e-06 -1.46706e-06 -1.70293e-05
-6.5477e-05 -1.70293e-05 -4.75309e-05

4.69787e-06 7.86476e-06 -2.56754e-05
7.86476e-06 3.91002e-05 -0.00011109
-2.56754e-05 -0.00011109 -7.68351e-05

2.62268e-06 -4.6302e-06 2.69748e-05
-4.6302e-06 2.81887e-05 -8.83585e-05
2.69748e-05 -8.83585e-05 -6.62685e-05

8.56055e-06 -1.73886e-06 -7.20254e-05
-1.73886e-06 -5.13224e-06 -2.25416e-05
-7.20254e-05 -2.25416e-05 -9.59852e-06

1.07945e-05 1.15237e-05 -3.92089e-05
1.15237e-05 3.83281e-05 -0.000100098
-3.92089e-05 -0.000100098 -4.20329e-05

-9.12438e-07 -1.00662e-06 -3.65785e-07
-1.00662e-06 8.82436e-07 -1.47588e-06
-3.65785e-07 -1.47588e-06 3.94036e-06

-4.3293e-06 3.04182e-06 -5.83551e-06
3.04182e-06 -8.12663e-06 2.07342e-05
-5.83551e-06 2.07342e-05 2.83894e-05

1.04472e-05 -1.26063e-05 2.16203e-05
-1.26063e-05 2.19829e-05 -5.17364e-05
2.16203e-05 -5.17364e-05 -7.23732e-05

6.71258e-06 -8.84215e-06 -5.35765e-05
-8.84215e-06 1.17564e-06 2.82706e-05
-5.35765e-05 2.82706e-05 -3.37873e-05

6.96706e-06 -1.16098e-05 4.3303e-05
-1.16098e-05 8.72252e-06 -4.19847e-05
4.3303e-05 -4.19847e-05 -1.78043e-05

1.3223e-06 4.86893e-06 -6.12816e-06
4.86893e-06 4.69921e-05 -8.30613e-06
-6.12816e-06 -8.30613e-06 -7.34636e-05

8.25136e-06 1.26613e-05 2.78877e-06
1.26613e-05 5.1011e-05 1.07052e-05
2.78877e-06 1.07052e-05 -8.22238e-05

4.59542e-06 9.46185e-07 -7.60688e-05
9.46185e-07 7.43481e-06 -2.47353e-05
-7.60688e-05 -2.47353e-05 1.03456e-05

-6.57873e-06 1.02141e-05 -5.1329e-06
1.02141e-05 1.7554e-05 -1.97218e-05
-5.1329e-06 -1.97218e-05 -5.80877e-05

2.22689e-05 5.63693e-06 -6.29985e-05
5.63693e-06 6.03578e-06 -1.52429e-05
-6.29985e-05 -1.52429e-05 -5.36556e-05

2.5975e-05 9.9191e-06 2.17454e-05
9.9191e-06 1.20679e-06 8.44607e-05
2.17454e-05 8.44607e-05 -4.01965e-05

3.54648e-06 -1.01426e-06 -6.3674e-05
-1.01426e-06 3.7828e-06 -2.91299e-06
-6.3674e-05 -2.91299e-06 1.42892e-05

8.10153e-06 3.84434e-06 1.26597e-05
3.84434e-06 3.77712e-06 4.0163e-05
1.26597e-05 4.0163e-05 -4.62997e-05

6.79446e-08 -7.36318e-06 1.33096e-05
-7.36318e-06 5.29704e-05 8.65567e-05
1.33096e-05 8.65567e-05 -0.000117079

7.89742e-06 -7.56937e-06 -1.95265e-05
-7.56937e-06 5.24756e-05 7.92105e-05
-1.95265e-05 7.92105e-05 -0.000114134

-3.47481e-07 -9.56667e-06 1.44556e-05
-9.56667e-06 4.17567e-05 9.88469e-05
1.44556e-05 9.88469e-05 -3.88233e-05

6.09885e-06 3.71839e-07 3.7731e-05
3.71839e-07 1.86972e-05 0.000106002
3.7731e-05 0.000106002 -3.6111e-05

7.31292e-06 -7.44284e-06 2.99554e-05
-7.44284e-06 7.28958e-06 -3.35468e-05
2.99554e-05 -3.35468e-05 -5.74448e-05

5.17217e-06 -1.79622e-06 3.63271e-05
-1.79622e-06 1.69577e-05 9.95375e-05
3.63271e-05 9.95375e-05 -1.23602e-05

9.20982e-07 1.06819e-06 3.97607e-05
1.06819e-06 1.78756e-05 0.000100431
3.97607e-05 0.000100431 -1.1523e-05

1.55833e-05 -1.47264e-06 -2.1901e-05
-1.47264e-06 9.28284e-06 -9.9262e-06
-2.1901e-05 -9.9262e-06 -5.4946e-05

9.54696e-06 2.00923e-06 -5.95571e-05
2.00923e-06 1.25419e-05 1.39102e-05
-5.95571e-05 1.39102e-05 -4.60744e-05

1.36237e-06 -1.04267e-06 1.90495e-05
-1.04267e-06 -1.5613e-05 -7.15535e-05
1.90495e-05 -7.15535e-05 6.69069e-05

0 0 5.53411e-07
0 0 -1.78103e-06
5.53411e-07 -1.78103e-06 4.28029e-06

2.183e-06 -4.3815e-06 2.53349e-05
-4.3815e-06 -3.27808e-06 -0.00012969
2.53349e-05 -0.00012969 1.59439e-05

-9.26498e-07 2.14474e-06 -3.24972e-05
2.14474e-06 -4.49071e-06 -1.72336e-05
-3.24972e-05 -1.72336e-05 2.21003e-05

-4.64253e-06 3.55929e-07 -3.44446e-08
3.55929e-07 3.54912e-07 -1.62803e-08
-3.44446e-08 -1.62803e-08 3.86381e-06

1.18905e-05 -5.55308e-07 3.67446e-05
-5.55308e-07 2.75964e-05 -0.000119134
3.67446e-05 -0.000119134 -5.61054e-05

1.39208e-05 -7.0593e-06 2.81033e-05
-7.0593e-06 4.6266e-05 -0.000104333
2.81033e-05 -0.000104333 -9.59554e-05

3.4887e-06 -7.2928e-07 -2.11693e-06
-7.2928e-07 -9.45428e-07 6.18656e-07
-2.11693e-06 6.18656e-07 8.59787e-06

-1.19569e-06 1.00054e-06 -2.2235e-07
1.00054e-06 3.30773e-06 -1.09116e-06
-2.2235e-07 -1.09116e-06 -2.37092e-06

1.07108e-05 -1.32501e-05 2.61297e-05
-1.32501e-05 2.27076e-05 -5.54103e-05
2.61297e-05 -5.54103e-05 -5.8776e-05

9.26568e-06 -1.95374e-05 7.91873e-06
-1.95374e-05 5.70447e-05 -1.39287e-05
7.91873e-06 -1.39287e-05 -7.3869e-05

2.29745e-05 1.25348e-05 -8.08708e-05
1.25348e-05 9.21123e-07 -2.32458e-05
-8.08708e-05 -2.32458e-05 -3.13819e-05

8.35098e-06 -1.91286e-05 4.57042e-06
-1.91286e-05 5.90284e-05 -8.60276e-06
4.57042e-06 -8.60276e-06 -7.93573e-05

8.39001e-06 -1.92434e-05 -1.62506e-06
-1.92434e-05 5.93008e-05 1.6236e-06
-1.62506e-06 1.6236e-06 -7.53891e-05

6.64108e-06 5.06258e-06 -8.56241e-06
5.06258e-06 5.6462e-06 -1.566e-05
-8.56241e-06 -1.566e-05 -1.95813e-05

-1.0808e-05 1.45661e-06 -2.28096e-06
1.45661e-06 -4.47883e-06 1.68512e-06
-2.28096e-06 1.68512e-06 2.37752e-05

8.26804e-06 -7.16551e-06 -1.39822e-05
-7.16551e-06 4.24035e-05 9.23502e-05
-1.39822e-05 9.23502e-05 -3.59868e-05

-4.32154e-06 -2.28437e-06 -2.26061e-05
-2.28437e-06 1.33096e-05 6.80606e-05
-2.26061e-05 6.80606e-05 -3.97898e-05

1.0441e-05 5.98269e-06 2.44974e-05
5.98269e-06 1.64226e-05 1.04607e-05
2.44974e-05 1.04607e-05 -6.78164e-05

5.98989e-06 -2.78814e-06 -1.77155e-05
-2.78814e-06 9.30594e-06 7.82071e-05
-1.77155e-05 7.82071e-05 -3.56218e-06

1.27765e-06 -2.25123e-06 -2.39745e-05
-2.25123e-06 1.69422e-05 5.61656e-05
-2.39745e-05 5.61656e-05 3.03135e-05

1.15273e-05 6.78278e-06 -1.48046e-05
6.78278e-06 7.87419e-05 4.44606e-06
-1.48046e-05 4.44606e-06 -0.000111759

2.7093e-05 -1.1194e-05 2.53279e-05
-1.1194e-05 9.46711e-05 -6.0063e-05
2.53279e-05 -6.0063e-05 -0.000172849

3.24883e-05 -2.8033e-05 2.14198e-05
-2.8033e-05 0.000140518 -6.21057e-06
2.14198e-05 -6.21057e-06 -0.00042868

6.95826e-05 -4.00363e-05 -3.00599e-05
-4.00363e-05 6.56114e-05 2.51303e-05
-3.00599e-05 2.51303e-05 -0.000359972

-3.97789e-06 1.00322e-06 -2.62705e-06
1.00322e-06 -5.58819e-06 -3.3261e-06
-2.62705e-06 -3.3261e-06 1.55137e-06

9.21871e-05 -9.68595e-07 5.90681e-06
-9.68595e-07 0.000125144 8.94617e-06
5.90681e-06 8.94617e-06 -0.000563664

2.07153e-07 -1.85029e-06 -5.05348e-06
-1.85029e-06 -1.15364e-06 -9.81713e-07
-5.05348e-06 -9.81713e-07 -2.3196e-05

-8.81957e-09 2.17652e-06 -1.15692e-05
2.17652e-06 -1.82815e-05 4.54373e-05
-1.15692e-05 4.54373e-05 6.81551e-05

-2.22045e-16 0 -5.39978e-09
0 0 2.82997e-06
-5.39978e-09 2.82997e-06 -8.77129e-07

1.17432e-08 -2.65873e-06 1.44072e-05
-2.65873e-06 -2.27358e-05 5.74686e-05
1.44072e-05 5.74686e-05 6.73193e-05

-2.22045e-16 0 -5.39978e-09
0 0 2.82997e-06
-5.39978e-09 2.82997e-06 -8.77129e-07

5.38125e-05 -1.22372e-05 1.98209e-05
-1.22372e-05 4.29206e-05 3.383e-06
1.98209e-05 3.383e-06 -8.72612e-05

2.20509e-06 -4.9486e-07 -1.09051e-05
-4.9486e-07 -2.78962e-06 6.08299e-05
-1.09051e-05 6.08299e-05 1.28653e-05

8.3729e-05 -2.09008e-05 -1.92668e-05
-2.09008e-05 2.13872e-05 -1.8643e-05
-1.92668e-05 -1.8643e-05 -8.24393e-05

1.24713e-05 4.85765e-06 3.09581e-05
4.85765e-06 6.62641e-06 0.000102015
3.09581e-05 0.000102015 3.02218e-07

4.03849e-06 7.2427e-06 2.5556e-05
7.2427e-06 7.48542e-06 9.62603e-05
2.5556e-05 9.62603e-05 3.14198e-05

1.69357e-05 9.23398e-06 -9.90719e-06
9.23398e-06 1.40312e-05 2.02119e-05
-9.90719e-06 2.02119e-05 -6.6604e-05

1.17516e-05 5.42477e-06 3.90424e-05
5.42477e-06 2.43465e-05 0.000134763
3.90424e-05 0.000134763 -1.58806e-05

1.53654e-05 1.30779e-05 -2.68466e-06
1.30779e-05 4.63401e-06 1.43359e-06
-2.68466e-06 1.43359e-06 -1.96868e-06

8.91315e-06 8.96884e-06 3.62328e-05
8.96884e-06 2.08252e-05 0.000134116
3.62328e-05 0.000134116 4.39407e-07

-1.04161e-05 1.23704e-05 3.39586e-05
1.23704e-05 1.75011e-05 -6.37623e-05
3.39586e-05 -6.37623e-05 -3.57829e-05

2.40236e-05 1.05061e-05 -6.04882e-05
1.05061e-05 2.23351e-06 -1.50792e-05
-6.04882e-05 -1.50792e-05 -5.27368e-05

9.05235e-06 9.05143e-06 3.58011e-05
9.05143e-06 1.9027e-05 0.000143036
3.58011e-05 0.000143036 -4.38102e-05

8.46802e-06 5.48652e-06 2.6511e-05
5.48652e-06 3.29295e-05 0.000147601
2.6511e-05 0.000147601 -8.63101e-05

1.99166e-05 4.00098e-06 -4.48074e-05
4.00098e-06 -3.15693e-07 -1.20296e-05
-4.48074e-05 -1.20296e-05 -5.13911e-05

-7.08078e-07 3.30551e-07 -5.18486e-06
3.30551e-07 2.58089e-05 9.26795e-05
-5.18486e-06 9.26795e-05 -5.49612e-05

1.18719e-05 -3.08279e-06 8.91769e-05
-3.08279e-06 3.686e-06 5.16488e-05
8.91769e-05 5.16488e-05 5.74875e-05

6.28742e-06 -1.18941e-06 1.5011e-05
-1.18941e-06 1.54992e-05 0.000104993
1.5011e-05 0.000104993 -8.51438e-05

-1.08961e-06 -3.03058e-07 -4.65023e-06
-3.03058e-07 2.93545e-05 7.58511e-05
-4.65023e-06 7.58511e-05 -5.03589e-05

-5.16102e-07 8.21437e-09 -9.38785e-06
8.21437e-09 2.50949e-05 8.92191e-05
-9.38785e-06 8.92191e-05 -5.10689e-05

4.35509e-07 -3.49176e-06 2.83e-06
-3.49176e-06 3.11514e-05 7.98312e-05
2.83e-06 7.98312e-05 -4.75704e-05

-1.0708e-06 2.8126e-08 -4.26069e-06
2.8126e-08 2.62111e-05 7.02944e-05
-4.26069e-06 7.02944e-05 -5.94669e-05

8.5434e-07 4.69351e-06 -7.1448e-06
4.69351e-06 4.80432e-05 0.000100749
-7.1448e-06 0.000100749 -6.63035e-05

8.03722e-07 2.57147e-06 -9.65735e-06
2.57147e-06 6.69297e-05 7.98643e-05
-9.65735e-06 7.98643e-05 -0.000124896

-2.84144e-07 -5.24576e-06 3.83131e-06
-5.24576e-06 4.66417e-05 0.000101637
3.83131e-06 0.000101637 -6.65489e-05

3.80044e-06 -3.45367e-06 -3.55275e-07
-3.45367e-06 2.45694e-05 6.44162e-05
-3.55275e-07 6.44162e-05 -8.23284e-05

7.63185e-06 -8.1521e-06 -9.84627e-06
-8.1521e-06 3.63563e-06 2.83794e-05
-9.84627e-06 2.83794e-05 -5.22585e-05

-2.3143e-07 -2.82739e-06 5.72671e-06
-2.82739e-06 6.61846e-05 8.09705e-05
5.72671e-06 8.09705e-05 -0.000125112

5.51209e-06 -5.0741e-06 -2.33943e-06
-5.0741e-06 1.55959e-05 1.29707e-05
-2.33943e-06 1.29707e-05 -8.05244e-05

4.23559e-06 7.92148e-06 -8.24507e-06
7.92148e-06 2.10143e-05 1.16563e-05
-8.24507e-06 1.16563e-05 -8.04391e-05

6.61075e-06 -1.0169e-05 3.07256e-06
-1.0169e-05 2.90347e-05 -1.3105e-05
3.07256e-06 -1.3105e-05 -7.0567e-05

2.87962e-06 -4.16681e-06 1.06401e-05
-4.16681e-06 3.89984e-06 -3.08935e-05
1.06401e-05 -3.08935e-05 -5.06786e-05

-1.45989e-06 7.37311e-06 4.87115e-06
7.37311e-06 2.34938e-05 -1.28247e-05
4.87115e-06 -1.28247e-05 -4.94392e-05

1.15294e-06 1.1501e-05 -1.81909e-06
1.1501e-05 1.15806e-05 -4.0899e-06
-1.81909e-06 -4.0899e-06 -5.25238e-05

6.51676e-06 4.30108e-06 -8.20237e-07
4.30108e-06 2.10622e-05 -5.00454e-06
-8.20237e-07 -5.00454e-06 -5.41417e-05

5.89106e-06 -1.30194e-05 8.5564e-06
-1.30194e-05 2.48622e-05 -4.89771e-05
8.5564e-06 -4.89771e-05 -7.40083e-05

7.6626e-06 -5.43556e-06 1.11248e-05
-5.43556e-06 5.27844e-05 -5.80016e-05
1.11248e-05 -5.80016e-05 -0.000103626

7.98402e-06 -4.78172e-06 7.42987e-06
-4.78172e-06 4.14773e-05 -7.24374e-05
7.42987e-06 -7.24374e-05 -6.4941e-05

-2.74557e-06 -2.50358e-06 -1.11264e-05
-2.50358e-06 5.30432e-05 -5.89029e-05
-1.11264e-05 -5.89029e-05 -0.000103812

4.36549e-06 -7.92678e-06 9.68306e-06
-7.92678e-06 4.23689e-05 -7.68412e-05
9.68306e-06 -7.68412e-05 -5.51784e-05

2.39269e-06 -5.1388e-06 -4.12095e-05
-5.1388e-06 -1.10132e-06 3.20123e-05
-4.12095e-05 3.20123e-05 2.15162e-05

-3.07525e-06 -4.56258e-06 -1.22235e-05
-4.56258e-06 4.1515e-05 -7.32551e-05
-1.22235e-05 -7.32551e-05 -6.52004e-05

2.65501e-06 -1.05551e-06 1.19781e-05
-1.05551e-06 1.48478e-05 -6.79027e-05
1.19781e-05 -6.79027e-05 -4.49772e-05

3.61324e-06 -4.10826e-06 5.78339e-06
-4.10826e-06 2.35164e-05 -5.67897e-05
5.78339e-06 -5.67897e-05 -7.52707e-05

2.44112e-06 -2.05707e-06 1.8516e-05
-2.05707e-06 7.90487e-07 -9.14551e-05
1.8516e-05 -9.14551e-05 -4.33363e-05

-4.8538e-06 7.88582e-07 -6.93443e-06
7.88582e-07 1.00552e-05 -7.63278e-05
-6.93443e-06 -7.63278e-05 -3.76793e-05

7.93217e-06 -3.92374e-06 -1.60412e-05
-3.92374e-06 1.1445e-05 -7.57164e-05
-1.60412e-05 -7.57164e-05 -5.29124e-05

3.42623e-06 -8.15195e-06 1.85784e-05
-8.15195e-06 3.47501e-05 -9.36865e-05
1.85784e-05 -9.36865e-05 -0.000103441

4.1592e-06 5.3444e-07 8.36899e-06
5.3444e-07 4.17703e-05 -0.000112724
8.36899e-06 -0.000112724 -6.96004e-05

-6.04112e-06 2.92967e-06 -3.38548e-05
2.92967e-06 4.95003e-05 -0.000120102
-3.38548e-05 -0.000120102 -0.000115821

4.01868e-06 8.9537e-07 1.30807e-05
8.9537e-07 4.1234e-05 -0.000116375
1.30807e-05 -0.000116375 -4.47795e-05

-4.23559e-06 -1.45126e-06 0.000119242
-1.45126e-06 5.35395e-06 4.872e-05
0.000119242 4.872e-05 1.37799e-06

8.40392e-07 -3.41882e-06 7.84418e-05
-3.41882e-06 -6.69019e-06 1.55056e-06
7.84418e-05 1.55056e-06 1.95632e-05

1.00535e-05 2.89284e-06 -2.95564e-05
2.89284e-06 4.13984e-05 -0.000140908
-2.95564e-05 -0.000140908 -4.4562e-05

2.07185e-05 -1.67506e-06 -3.94234e-05
-1.67506e-06 -2.3891e-06 7.6316e-06
-3.94234e-05 7.6316e-06 -2.43121e-05

1.12399e-06 1.56995e-06 1.62216e-05
1.56995e-06 1.07766e-05 -0.000110005
1.62216e-05 -0.000110005 2.31401e-05

6.75517e-06 4.59891e-06 -2.42887e-05
4.59891e-06 1.24057e-05 -0.000131543
-2.42887e-05 -0.000131543 1.44983e-05

1.08768e-05 -2.68783e-06 -8.04438e-05
-2.68783e-06 -8.59415e-06 -2.96733e-05
-8.04438e-05 -2.96733e-05 -1.17132e-06

-2.24538e-06 3.50489e-07 -3.33433e-06
3.50489e-07 -7.16903e-06 -1.3221e-06
-3.33433e-06 -1.3221e-06 1.70519e-05

8.42742e-05 1.80513e-05 -6.1975e-05
1.80513e-05 0.000220325 2.1155e-05
-6.1975e-05 2.1155e-05 -0.000628288

8.22917e-05 -1.60624e-05 7.13899e-05
-1.60624e-05 0.000220325 2.1155e-05
7.13899e-05 2.1155e-05 -0.000628288

6.04812e-06 -9.27084e-06 6.01664e-05
-9.27084e-06 -2.70301e-06 1.54734e-05
6.01664e-05 1.54734e-05 6.68016e-05

6.07939e-05 4.09454e-05 -1.03468e-05
4.09454e-05 0.000118688 -3.83404e-06
-1.03468e-05 -3.83404e-06 -0.000487388

3.12706e-07 -2.80983e-06 6.3195e-06
-2.80983e-06 5.74276e-06 8.85965e-06
6.3195e-06 8.85965e-06 -2.3825e-05

1.05501e-06 -2.02894e-06 -3.93634e-06
-2.02894e-06 2.00884e-06 -1.30343e-05
-3.93634e-06 -1.30343e-05 3.91342e-07

5.45019e-06 1.96145e-06 4.40084e-05
1.96145e-06 8.45629e-06 -8.28595e-05
4.40084e-05 -8.28595e-05 -1.88436e-05

-6.76212e-06 1.53964e-06 5.44335e-05
1.53964e-06 8.79999e-06 -7.96775e-05
5.44335e-05 -7.96775e-05 -5.51547e-06

-7.37068e-06 3.61176e-06 4.99703e-05
3.61176e-06 4.2216e-06 -7.76959e-05
4.99703e-05 -7.76959e-05 3.22578e-05

3.7135e-06 -8.01945e-07 5.08495e-05
-8.01945e-07 4.43894e-06 -7.74115e-05
5.08495e-05 -7.74115e-05 3.20661e-05

6.32113e-06 -1.13741e-06 3.74468e-06
-1.13741e-06 0 -7.02826e-08
3.74468e-06 -7.02826e-08 -4.63478e-06

9.32259e-06 9.21753e-06 2.87927e-05
9.21753e-06 7.52845e-06 -8.14644e-06
2.87927e-05 -8.14644e-06 -1.50683e-06

3.25315e-06 6.66072e-07 2.38005e-06
6.66072e-07 1.69403e-08 -3.49118e-06
2.38005e-06 -3.49118e-06 -6.85966e-07

-2.42144e-06 -2.22824e-07 -4.27942e-06
-2.22824e-07 -8.12193e-06 -2.70999e-06
-4.27942e-06 -2.70999e-06 1.51021e-05

2.2239e-05 -1.49699e-05 -4.80965e-05
-1.49699e-05 5.18473e-05 -2.56673e-05
-4.80965e-05 -2.56673e-05 -0.000326275

1.39244e-05 -2.30527e-05 -4.83294e-05
-2.30527e-05 2.55411e-05 4.38056e-05
-4.83294e-05 4.38056e-05 -0.000103145

1.39525e-05 9.16675e-06 8.41533e-05
9.16675e-06 8.27414e-06 2.41573e-05
8.41533e-05 2.41573e-05 -7.53522e-05

9.38752e-06 1.53501e-05 -1.40895e-06
1.53501e-05 4.84879e-05 -9.22423e-06
-1.40895e-06 -9.22423e-06 -0.000409676

-6.0317e-06 3.80669e-07 4.88975e-06
3.80669e-07 -6.81974e-06 -8.70812e-06
4.88975e-06 -8.70812e-06 1.39284e-05

-2.1413e-06 5.35055e-07 -2.94607e-06
5.35055e-07 -8.3143e-06 -2.92367e-06
-2.94607e-06 -2.92367e-06 1.49388e-05

3.97974e-06 2.29332e-08 -4.26308e-06
2.29332e-08 -4.22708e-07 9.26332e-07
-4.26308e-06 9.26332e-07 -3.45619e-05

1.32865e-05 3.9946e-06 -7.63098e-05
3.9946e-06 5.99125e-06 -2.15477e-05
-7.63098e-05 -2.15477e-05 -3.31009e-05

-8.88434e-07 -9.32551e-07 -5.98626e-06
-9.32551e-07 4.79976e-06 2.94177e-06
-5.98626e-06 2.94177e-06 -1.70609e-06

9.87313e-07 -9.38524e-07 -1.1622e-06
-9.38524e-07 -4.09273e-07 -1.48245e-06
-1.1622e-06 -1.48245e-06 -1.69812e-06

-3.69511e-06 -1.96314e-06 1.95147e-06
-1.96314e-06 -7.72719e-06 -5.7189e-07
1.95147e-06 -5.7189e-07 2.41224e-06

-4.09923e-06 2.68036e-06 -4.74288e-06
2.68036e-06 7.50116e-06 -3.37324e-05
-4.74288e-06 -3.37324e-05 -5.42208e-05

1.38212e-06 -1.38602e-06 6.50843e-06
-1.38602e-06 3.76203e-06 2.21458e-06
6.50843e-06 2.21458e-06 -4.1161e-06

5.5502e-06 4.41106e-06 -3.27382e-06
4.41106e-06 2.67657e-06 -1.33288e-06
-3.27382e-06 -1.33288e-06 -4.60515e-06

7.1543e-07 -1.60467e-06 -7.75445e-06
-1.60467e-06 2.70871e-07 -8.94619e-06
-7.75445e-06 -8.94619e-06 5.52877e-08

-4.73529e-06 6.21154e-08 -2.48861e-06
6.21154e-08 -4.49745e-07 -8.72284e-06
-2.48861e-06 -8.72284e-06 -4.17834e-07

2.76017e-05 2.00998e-06 4.6158e-05
2.00998e-06 7.78796e-06 1.05327e-05
4.6158e-05 1.05327e-05 -7.71896e-05

-2.40116e-06 -1.50836e-06 8.1502e-06
-1.50836e-06 -2.44575e-06 -6.26927e-06
8.1502e-06 -6.26927e-06 -5.90123e-07

-2.46748e-06 -3.66749e-07 1.20167e-06
-3.66749e-07 -5.45831e-07 -9.27419e-06
1.20167e-06 -9.27419e-06 -6.17368e-06

-3.63542e-06 -1.54073e-06 1.55287e-06
-1.54073e-06 -2.26698e-07 -9.30662e-07
1.55287e-06 -9.30662e-07 -7.20398e-06

5.43763e-06 5.26349e-07 4.74218e-06
5.26349e-07 -4.97526e-06 -1.16749e-06
4.74218e-06 -1.16749e-06 -2.18335e-06

2.7642e-05 1.64189e-06 4.20627e-05
1.64189e-06 2.34716e-06 -1.25226e-05
4.20627e-05 -1.25226e-05 -7.6359e-05

2.83597e-05 7.94534e-06 -7.81918e-05
7.94534e-06 4.29614e-06 -2.32584e-05
-7.81918e-05 -2.32584e-05 -3.9663e-05

2.27069e-06 -4.45545e-06 2.56267e-05
-4.45545e-06 -4.22508e-06 -0.000125752
2.56267e-05 -0.000125752 -4.2627e-07

-4.19718e-06 -1.49901e-06 -2.74079e-06
-1.49901e-06 -5.49529e-06 8.6977e-07
-2.74079e-06 8.6977e-07 6.78712e-06

-9.41526e-06 3.10275e-06 -1.50236e-05
3.10275e-06 -1.22672e-06 4.20208e-06
-1.50236e-05 4.20208e-06 1.60934e-06

-1.7088e-06 -5.22627e-07 -1.27232e-05
-5.22627e-07 -4.23951e-06 6.39872e-06
-1.27232e-05 6.39872e-06 -9.96458e-06

-2.6084e-06 -3.12677e-06 3.90035e-06
-3.12677e-06 -6.51302e-06 -2.48328e-06
3.90035e-06 -2.48328e-06 4.94015e-06

2.07648e-07 -5.2823e-07 -5.63837e-06
-5.2823e-07 -6.84748e-08 -3.26291e-06
-5.63837e-06 -3.26291e-06 3.33152e-06

5.92551e-06 2.33652e-06 -2.29041e-05
2.33652e-06 9.52656e-06 -3.3861e-05
-2.29041e-05 -3.3861e-05 -3.74462e-05

-1.72157e-06 -3.8217e-07 -1.30044e-05
-3.8217e-07 -2.72906e-06 7.37767e-07
-1.30044e-05 7.37767e-07 8.9248e-06

-2.25892e-06 -2.59704e-07 -3.66078e-06
-2.59704e-07 -8.32704e-08 -3.21654e-06
-3.66078e-06 -3.21654e-06 6.48824e-06

-1.57857e-06 -6.78971e-07 1.74003e-05
-6.78971e-07 3.22606e-06 8.79652e-06
1.74003e-05 8.79652e-06 -2.63086e-05

-1.90005e-06 3.07618e-06 5.65364e-06
3.07618e-06 4.92945e-06 2.24059e-06
5.65364e-06 2.24059e-06 -1.09887e-05

5.16778e-06 3.30643e-07 1.15552e-05
3.30643e-07 3.59424e-06 4.45891e-05
1.15552e-05 4.45891e-05 -5.5863e-05

-3.3681e-06 -4.95976e-07 2.5056e-06
-4.95976e-07 -2.86249e-06 -5.64088e-06
2.5056e-06 -5.64088e-06 1.68431e-05

2.41781e-05 5.49464e-06 -6.7334e-05
5.49464e-06 -7.67401e-06 -1.47254e-05
-6.7334e-05 -1.47254e-05 -4.38132e-05

7.87834e-06 -4.41789e-06 -2.63776e-05
-4.41789e-06 4.98982e-06 2.51539e-05
-2.63776e-05 2.51539e-05 -4.79124e-05

-4.80346e-07 1.22849e-06 9.43493e-06
1.22849e-06 6.44821e-06 -3.12309e-06
9.43493e-06 -3.12309e-06 -8.90614e-06

-4.0667e-06 1.06383e-06 -6.75285e-06
1.06383e-06 -7.89002e-06 4.92183e-06
-6.75285e-06 4.92183e-06 8.40672e-06

9.47421e-07 -4.39928e-06 2.47756e-05
-4.39928e-06 1.90442e-05 -0.000136339
2.47756e-05 -0.000136339 3.87508e-06

3.13028e-06 1.05648e-05 -4.59184e-06
1.05648e-05 1.59884e-05 5.25636e-06
-4.59184e-06 5.25636e-06 -1.19473e-05

-4.64114e-06 -4.94007e-07 -7.29818e-06
-4.94007e-07 2.00497e-06 -2.98006e-06
-7.29818e-06 -2.98006e-06 1.08108e-05

2.14675e-05 -1.02242e-06 -3.34793e-05
-1.02242e-06 8.28191e-06 1.26619e-05
-3.34793e-05 1.26619e-05 -6.83414e-05

-4.42666e-06 -1.27164e-07 -8.20834e-06
-1.27164e-07 1.83376e-07 -1.17813e-05
-8.20834e-06 -1.17813e-05 -6.75657e-06

5.44193e-06 -8.04842e-07 1.7849e-05
-8.04842e-07 3.71707e-06 1.20029e-05
1.7849e-05 1.20029e-05 7.93422e-05

-3.01662e-06 4.28637e-07 6.84093e-06
4.28637e-07 -1.49738e-06 2.98008e-06
6.84093e-06 2.98008e-06 -5.73754e-06

-1.62743e-06 1.67359e-07 4.43173e-06
1.67359e-07 -3.61393e-06 4.01961e-06
4.43173e-06 4.01961e-06 1.74249e-05

-3.68892e-06 1.83797e-06 -2.18497e-06
1.83797e-06 -1.44083e-06 8.50861e-06
-2.18497e-06 8.50861e-06 4.49056e-06

1.44899e-06 -3.08145e-06 1.41887e-05
-3.08145e-06 4.06227e-07 -5.77901e-06
1.41887e-05 -5.77901e-06 -7.22611e-06

8.76865e-06 -1.40246e-06 1.74914e-05
-1.40246e-06 -7.36681e-07 -5.02916e-06
1.74914e-05 -5.02916e-06 -5.73596e-06

2.36558e-05 7.91087e-06 -8.1095e-05
7.91087e-06 -4.68221e-06 -3.15183e-05
-8.1095e-05 -3.15183e-05 -3.63764e-05

-2.59058e-06 -1.41823e-07 1.21441e-05
-1.41823e-07 2.28354e-05 -6.52179e-05
1.21441e-05 -6.52179e-05 -8.61384e-05

-1.41957e-06 -5.42296e-06 8.55323e-07
-5.42296e-06 2.97117e-06 8.05838e-06
8.55323e-07 8.05838e-06 2.07209e-06

2.61336e-05 1.18349e-05 -7.15952e-05
1.18349e-05 -6.90258e-06 -3.28598e-05
-7.15952e-05 -3.28598e-05 -2.50038e-05

4.47339e-07 1.3988e-06 -4.17217e-06
1.3988e-06 -6.06587e-06 -3.25464e-06
-4.17217e-06 -3.25464e-06 2.00525e-06

7.02536e-07 9.52447e-07 -5.4334e-06
9.52447e-07 -5.65779e-06 8.20727e-07
-5.4334e-06 8.20727e-07 -1.14077e-06

4.26664e-06 6.27474e-06 -1.95506e-06
6.27474e-06 3.33817e-07 -3.11025e-06
-1.95506e-06 -3.11025e-06 -5.9081e-06

3.04619e-06 8.49012e-06 -1.58734e-05
8.49012e-06 1.26754e-05 -6.77447e-05
-1.58734e-05 -6.77447e-05 1.56321e-06

-1.2357e-06 -3.05957e-07 -1.01405e-06
-3.05957e-07 -2.11676e-06 -3.18218e-06
-1.01405e-06 -3.18218e-06 -3.80575e-07

-1.5958e-06 -3.58231e-07 1.92164e-06
-3.58231e-07 -4.02609e-06 8.09272e-06
1.92164e-06 8.09272e-06 1.61586e-05

-2.69834e-06 -3.34772e-07 1.7966e-06
-3.34772e-07 -8.8304e-06 5.43733e-06
1.7966e-06 5.43733e-06 2.02664e-05

5.35875e-07 3.33838e-07 2.01524e-06
3.33838e-07 -7.98693e-07 -1.38096e-05
2.01524e-06 -1.38096e-05 -7.19863e-06

-2.35236e-06 1.03907e-06 -3.25826e-06
1.03907e-06 -9.68842e-07 -1.26465e-05
-3.25826e-06 -1.26465e-05 -9.26677e-06

2.70019e-06 -1.16774e-07 7.9957e-06
-1.16774e-07 5.01159e-06 6.96842e-06
7.9957e-06 6.96842e-06 5.12763e-06

-2.9645e-06 -2.87775e-06 6.8417e-06
-2.87775e-06 -1.29455e-06 -1.4247e-06
6.8417e-06 -1.4247e-06 1.04267e-05

-4.40472e-06 -2.26769e-06 2.32761e-06
-2.26769e-06 -7.85266e-06 -4.25175e-07
2.32761e-06 -4.25175e-07 2.25425e-06

4.69177e-06 1.0009e-05 -5.75593e-05
1.0009e-05 1.00679e-05 -4.51769e-05
-5.75593e-05 -4.51769e-05 -5.33124e-05

-3.94028e-07 -8.90883e-07 3.76338e-07
-8.90883e-07 -5.73304e-06 -6.18685e-06
3.76338e-07 -6.18685e-06 1.31274e-05

-6.24479e-06 6.71817e-06 9.46539e-06
6.71817e-06 1.09324e-05 1.87175e-05
9.46539e-06 1.87175e-05 8.45871e-06

7.43205e-06 -6.1581e-06 -2.47794e-05
-6.1581e-06 3.73181e-06 4.15025e-05
-2.47794e-05 4.15025e-05 -3.51194e-05

2.36384e-06 -1.64145e-06 6.09778e-06
-1.64145e-06 -4.81689e-07 2.40371e-06
6.09778e-06 2.40371e-06 5.92003e-06

-6.71146e-06 6.74288e-06 2.02281e-05
6.74288e-06 1.10174e-05 1.42045e-05
2.02281e-05 1.42045e-05 -5.95799e-05

-1.42402e-06 -2.18802e-06 8.86427e-07
-2.18802e-06 -1.09619e-05 5.75046e-06
8.86427e-07 5.75046e-06 4.01337e-06

-1.11022e-16 -1.11022e-16 -5.39978e-09
-1.11022e-16 -2.22045e-16 2.82997e-06
-5.39978e-09 2.82997e-06 -8.77129e-07

-1.6176e-06 1.23662e-05 2.07496e-05
1.23662e-05 4.95116e-06 -6.59256e-05
2.07496e-05 -6.59256e-05 -6.76111e-05

0 1.63348e-07 -6.38872e-08
1.63348e-07 5.43371e-06 5.14317e-06
-6.38872e-08 5.14317e-06 -3.23025e-06

-3.58719e-06 -3.34559e-06 6.59531e-06
-3.34559e-06 7.55439e-06 -1.59327e-06
6.59531e-06 -1.59327e-06 -4.45584e-06

1.82914e-06 3.22868e-06 2.25941e-06
3.22868e-06 -1.27805e-05 1.43841e-06
2.25941e-06 1.43841e-06 2.35584e-05

2.74414e-05 -1.58811e-05 -1.40464e-05
-1.58811e-05 1.04776e-05 2.00954e-05
-1.40464e-05 2.00954e-05 -6.50521e-05

5.79766e-06 4.94861e-06 8.8016e-06
4.94861e-06 -4.88372e-06 8.75677e-06
8.8016e-06 8.75677e-06 1.14406e-05

-2.47805e-06 -1.23433e-06 9.16381e-06
-1.23433e-06 2.66619e-05 -3.15499e-05
9.16381e-06 -3.15499e-05 -1.05112e-05

-2.36085e-06 3.63748e-06 -8.92682e-06
3.63748e-06 1.46909e-06 -2.49926e-05
-8.92682e-06 -2.49926e-05 -7.99033e-07

-7.87928e-07 5.08794e-06 5.96741e-06
5.08794e-06 3.24912e-06 -1.44898e-06
5.96741e-06 -1.44898e-06 -1.02765e-05

2.31847e-05 1.14259e-05 5.67309e-05
1.14259e-05 -2.90768e-06 2.22673e-06
5.67309e-05 2.22673e-06 5.35026e-05

-2.20205e-06 2.4159e-07 -3.47266e-06
2.4159e-07 -7.42537e-06 -2.81405e-06
-3.47266e-06 -2.81405e-06 1.11086e-05

-1.73052e-06 -4.86115e-06 -7.77093e-07
-4.86115e-06 -6.18079e-06 -1.45271e-05
-7.77093e-07 -1.45271e-05 -3.8303e-06

-3.16814e-06 4.85804e-06 -4.19429e-05
4.85804e-06 3.91315e-06 -5.12884e-05
-4.19429e-05 -5.12884e-05 3.06339e-06

4.93694e-07 8.68945e-07 -3.00307e-06
8.68945e-07 -3.49005e-07 1.99071e-06
-3.00307e-06 1.99071e-06 -1.50398e-05

-1.41688e-05 -4.14377e-07 6.16193e-05
-4.14377e-07 1.01736e-06 2.8078e-05
6.16193e-05 2.8078e-05 -1.75494e-05

-8.35127e-06 4.30734e-06 7.66658e-07
4.30734e-06 3.09897e-06 -3.43134e-05
7.66658e-07 -3.43134e-05 -8.80569e-07

3.73799e-06 -5.65942e-06 -5.38532e-05
-5.65942e-06 8.56141e-06 4.12302e-05
-5.38532e-05 4.12302e-05 -9.21224e-05

4.03586e-06 5.74763e-06 4.14883e-05
5.74763e-06 1.08714e-06 9.69397e-06
4.14883e-05 9.69397e-06 -0.000105549

-3.69134e-06 -1.17282e-06 4.36472e-05
-1.17282e-06 8.71906e-07 2.50781e-05
4.36472e-05 2.50781e-05 -7.59116e-05

-9.48427e-07 8.3609e-06 -2.56883e-06
8.3609e-06 4.69333e-06 -3.47095e-05
-2.56883e-06 -3.47095e-05 -2.64965e-06

4.96033e-07 -1.09411e-07 -4.57371e-07
-1.09411e-07 -1.96708e-07 1.11844e-05
-4.57371e-07 1.11844e-05 1.75958e-05

-3.14256e-06 5.49631e-06 -4.24015e-05
5.49631e-06 1.75207e-05 -7.54361e-05
-4.24015e-05 -7.54361e-05 -5.83462e-05

4.48099e-06 -1.98832e-07 3.74701e-05
-1.98832e-07 2.36052e-05 9.49569e-05
3.74701e-05 9.49569e-05 -2.92631e-05

-1.70657e-06 -1.47093e-06 9.80941e-06
-1.47093e-06 -4.69102e-06 -3.73587e-06
9.80941e-06 -3.73587e-06 3.22805e-05

-1.89266e-06 -1.91635e-06 3.26967e-06
-1.91635e-06 -2.93159e-06 6.79353e-06
3.26967e-06 6.79353e-06 -9.54299e-07

1.93518e-06 -5.24484e-06 2.51683e-05
-5.24484e-06 2.65375e-05 7.07159e-05
2.51683e-05 7.07159e-05 -8.87057e-05

-4.22111e-06 7.70226e-07 1.29283e-06
7.70226e-07 -6.7423e-06 -9.12924e-06
1.29283e-06 -9.12924e-06 1.56087e-06

2.00438e-06 -1.13398e-06 -5.07889e-06
-1.13398e-06 4.40998e-06 2.88224e-06
-5.07889e-06 2.88224e-06 8.98295e-06

-3.72969e-06 -7.59111e-07 2.82639e-07
-7.59111e-07 -4.5488e-06 8.82768e-06
2.82639e-07 8.82768e-06 2.00907e-06

5.6381e-06 -4.1015e-06 -1.47037e-05
-4.1015e-06 -1.62774e-06 1.85949e-06
-1.47037e-05 1.85949e-06 -1.60168e-05

-1.80417e-06 2.45903e-06 1.20407e-05
2.45903e-06 -5.90064e-06 -5.23497e-06
1.20407e-05 -5.23497e-06 1.60599e-05

-2.98269e-06 -1.17067e-05 -1.82854e-05
-1.17067e-05 -1.74225e-05 -3.79969e-05
-1.82854e-05 -3.79969e-05 5.52819e-05

-4.43859e-06 1.01461e-06 -1.24746e-08
1.01461e-06 -6.75857e-06 -5.65232e-06
-1.24746e-08 -5.65232e-06 9.36724e-06

-2.64273e-06 -1.33183e-06 1.51387e-05
-1.33183e-06 -3.23414e-07 -1.60358e-05
1.51387e-05 -1.60358e-05 -7.79475e-07

-6.33811e-06 -9.31574e-06 -5.89472e-06
-9.31574e-06 -1.51998e-05 -6.00825e-05
-5.89472e-06 -6.00825e-05 5.42845e-05

-4.59238e-06 -1.29719e-06 -2.13382e-06
-1.29719e-06 -9.28727e-06 -6.34512e-06
-2.13382e-06 -6.34512e-06 -9.15601e-07

-2.49571e-06 1.95781e-06 2.96426e-06
1.95781e-06 1.48537e-05 -5.70231e-05
2.96426e-06 -5.70231e-05 -0.000103405

7.21574e-06 -8.4019e-06 4.85508e-06
-8.4019e-06 2.81236e-06 1.33799e-07
4.85508e-06 1.33799e-07 1.10147e-05

-2.06553e-06 5.7492e-07 -3.00889e-06
5.7492e-07 -8.2622e-06 -3.71328e-06
-3.00889e-06 -3.71328e-06 1.19426e-05

-2.08489e-06 -1.06251e-07 -3.52462e-06
-1.06251e-07 -4.36814e-06 -1.62962e-06
-3.52462e-06 -1.62962e-06 6.43657e-06

-1.93538e-06 3.68347e-07 -4.55441e-05
3.68347e-07 2.62955e-06 4.8884e-06
-4.55441e-05 4.8884e-06 4.89982e-05

6.19068e-07 -2.0596e-06 -3.79054e-05
-2.0596e-06 4.75132e-06 -4.36291e-06
-3.79054e-05 -4.36291e-06 5.05219e-05

-7.90885e-06 3.77493e-06 -7.79158e-06
3.77493e-06 -6.15656e-06 3.24938e-06
-7.79158e-06 3.24938e-06 1.98223e-05

1.28412e-07 9.70264e-08 -1.7616e-05
9.70264e-08 1.98855e-06 -1.02026e-05
-1.7616e-05 -1.02026e-05 3.02888e-05

2.61277e-05 -3.74159e-07 -5.73769e-05
-3.74159e-07 8.08244e-06 2.72321e-05
-5.73769e-05 2.72321e-05 -6.94991e-05

4.23059e-06 -4.59703e-06 -9.77228e-07
-4.59703e-06 4.67213e-06 1.0289e-05
-9.77228e-07 1.0289e-05 -1.74374e-05

-4.49684e-06 -2.37484e-06 -1.68046e-06
-2.37484e-06 -6.57148e-07 -8.10205e-06
-1.68046e-06 -8.10205e-06 -1.96058e-06

-2.38146e-06 3.44345e-06 5.72615e-06
3.44345e-06 5.04497e-06 1.10688e-06
5.72615e-06 1.10688e-06 -8.06069e-06

2.31517e-05 9.39634e-06 -7.06669e-05
9.39634e-06 6.57035e-06 -3.72666e-05
-7.06669e-05 -3.72666e-05 -8.82381e-05

-5.07106e-07 3.61394e-07 -1.15499e-06
3.61394e-07 -3.50858e-06 -9.97213e-06
-1.15499e-06 -9.97213e-06 -1.11296e-05

1.09354e-06 1.06319e-06 -2.63064e-05
1.06319e-06 1.1545e-07 -2.88228e-06
-2.63064e-05 -2.88228e-06 -1.09533e-05

3.38698e-06 -1.28841e-07 -6.52122e-06
-1.28841e-07 0 -1.44031e-06
-6.52122e-06 -1.44031e-06 3.92953e-05

-1.27667e-06 7.16254e-07 -3.16886e-05
7.16254e-07 2.42859e-06 4.04039e-07
-3.16886e-05 4.04039e-07 -2.16305e-05

4.13073e-06 4.8796e-07 -1.35745e-05
4.8796e-07 -6.33369e-06 2.13923e-05
-1.35745e-05 2.13923e-05 1.99436e-05

4.13256e-07 -1.43144e-06 -2.72579e-05
-1.43144e-06 4.76376e-06 -6.17243e-06
-2.72579e-05 -6.17243e-06 -1.22811e-05

-1.49549e-06 6.34296e-06 -4.69496e-05
6.34296e-06 -1.67098e-06 7.90455e-06
-4.69496e-05 7.90455e-06 2.40432e-07

2.42512e-06 6.40019e-06 -3.10239e-05
6.40019e-06 -5.15787e-06 2.30616e-05
-3.10239e-05 2.30616e-05 1.06683e-06

1.39621e-06 5.2619e-07 -3.06882e-05
5.2619e-07 0 1.25365e-06
-3.06882e-05 1.25365e-06 -2.16032e-05

-4.71323e-06 -4.46478e-06 -4.43573e-07
-4.46478e-06 3.32189e-06 -3.01991e-06
-4.43573e-07 -3.01991e-06 -6.39948e-06

8.44962e-06 -2.35889e-06 -1.69545e-05
-2.35889e-06 0 -1.88756e-07
-1.69545e-05 -1.88756e-07 -9.63376e-06

5.24779e-06 7.93306e-07 2.21229e-05
7.93306e-07 3.91692e-05 -9.81742e-05
2.21229e-05 -9.81742e-05 -5.74941e-05

3.43536e-05 1.64877e-06 -2.90591e-05
1.64877e-06 3.60804e-05 2.99297e-05
-2.90591e-05 2.99297e-05 -0.000184898

2.02897e-05 2.04805e-05 6.38135e-05
2.04805e-05 2.64978e-05 -8.22416e-06
6.38135e-05 -8.22416e-06 -0.000322857

-6.0251e-06 4.91751e-07 2.10613e-05
4.91751e-07 1.1243e-06 -7.70807e-06
2.10613e-05 -7.70807e-06 -6.35625e-07

8.07043e-07 -1.61825e-06 1.79218e-05
-1.61825e-06 -2.3885e-06 -1.32688e-05
1.79218e-05 -1.32688e-05 2.09841e-05

1.61864e-06 -6.37441e-08 3.09942e-05
-6.37441e-08 0 -2.66371e-07
3.09942e-05 -2.66371e-07 -1.44314e-05

0.000103811 4.90399e-05 3.38458e-05
4.90399e-05 3.77553e-05 5.782e-05
3.38458e-05 5.782e-05 -0.000460566

6.85682e-05 -1.0781e-05 -1.76474e-05
-1.0781e-05 5.26906e-05 -1.85454e-05
-1.76474e-05 -1.85454e-05 -0.000534757

8.38683e-05 2.88477e-05 -9.81556e-06
2.88477e-05 0.000117312 -1.081e-05
-9.81556e-06 -1.081e-05 -0.00053489

0.000107983 -4.75191e-05 5.84631e-05
-4.75191e-05 -7.22965e-07 -6.78573e-05
5.84631e-05 -6.78573e-05 -0.000411972

3.53418e-05 -6.07488e-06 -1.20146e-05
-6.07488e-06 6.34453e-05 3.2152e-05
-1.20146e-05 3.2152e-05 -0.000439629

5.47779e-05 -8.47236e-06 7.03311e-06
-8.47236e-06 2.5871e-05 1.95637e-05
7.03311e-06 1.95637e-05 -0.000293303

5.59155e-05 -6.80324e-05 2.13966e-05
-6.80324e-05 8.55423e-05 -1.15826e-05
2.13966e-05 -1.15826e-05 -0.000459253

-7.05705e-06 -1.59009e-06 2.40236e-05
-1.59009e-06 -2.85731e-06 9.94142e-06
2.40236e-05 9.94142e-06 1.86878e-05

-2.07685e-06 3.4445e-09 -3.75666e-06
3.4445e-09 -6.98989e-06 -2.31708e-06
-3.75666e-06 -2.31708e-06 1.1646e-05

2.66614e-06 4.42683e-06 -1.14175e-05
4.42683e-06 1.94168e-05 -0.000106918
-1.14175e-05 -0.000106918 -4.6718e-05

5.30689e-05 5.38743e-07 8.28489e-06
5.38743e-07 3.7567e-05 -9.12729e-06
8.28489e-06 -9.12729e-06 -0.000285979

-1.85592e-06 -8.5574e-07 2.24821e-05
-8.5574e-07 -3.73323e-06 1.38815e-05
2.24821e-05 1.38815e-05 1.65927e-05

-5.91826e-06 7.01422e-07 2.22291e-05
7.01422e-07 0 -3.95747e-07
2.22291e-05 -3.95747e-07 -4.28292e-06

7.3632e-05 2.67727e-05 -1.91015e-05
2.67727e-05 4.84879e-05 -2.18271e-06
-1.91015e-05 -2.18271e-06 -0.000455903

-3.75611e-06 -6.84302e-06 4.15977e-05
-6.84302e-06 -1.76434e-06 7.15983e-06
4.15977e-05 7.15983e-06 5.83668e-06

8.25751e-06 -7.72172e-06 -3.23141e-05
-7.72172e-06 0.000106603 3.19257e-05
-3.23141e-05 3.19257e-05 -0.000401165

-1.22841e-05 -8.08514e-07 3.40195e-07
-8.08514e-07 -3.42595e-06 4.12971e-06
3.40195e-07 4.12971e-06 1.67014e-05

-4.34243e-06 1.61898e-06 7.39413e-06
1.61898e-06 -1.27741e-06 4.18663e-07
7.39413e-06 4.18663e-07 3.99392e-06

1.60171e-05 -3.92029e-06 -4.28611e-05
-3.92029e-06 -6.52783e-06 -1.3449e-05
-4.28611e-05 -1.3449e-05 -4.66657e-05

5.08462e-05 2.0281e-05 -3.6395e-05
2.0281e-05 1.71206e-05 1.70604e-05
-3.6395e-05 1.70604e-05 -4.74547e-05

-5.65343e-06 1.44565e-06 6.85332e-06
1.44565e-06 -3.60315e-06 -4.90103e-06
6.85332e-06 -4.90103e-06 -6.45398e-06

-2.44044e-06 3.07129e-07 -3.50366e-06
3.07129e-07 -7.06901e-06 -2.365e-06
-3.50366e-06 -2.365e-06 1.16229e-05

-8.92705e-06 3.23714e-06 3.93114e-06
3.23714e-06 -2.63277e-06 -7.99236e-06
3.93114e-06 -7.99236e-06 1.52416e-05

6.19643e-06 1.45387e-06 -3.14488e-05
1.45387e-06 1.51668e-05 -4.54692e-06
-3.14488e-05 -4.54692e-06 -4.91896e-05

6.27812e-06 2.08863e-06 -3.27112e-05
2.08863e-06 6.31083e-06 -3.18547e-05
-3.27112e-05 -3.18547e-05 -5.18845e-05

7.35663e-06 -2.63288e-06 2.19928e-05
-2.63288e-06 3.31736e-05 -4.46193e-05
2.19928e-05 -4.46193e-05 -8.45513e-05

8.00179e-05 -3.54455e-05 -1.31501e-05
-3.54455e-05 0.000104485 -4.25006e-06
-1.31501e-05 -4.25006e-06 -0.000454528

-2.39237e-06 -6.06994e-08 -3.7162e-06
-6.06994e-08 -4.37477e-06 -1.59733e-06
-3.7162e-06 -1.59733e-06 6.44331e-06

-3.40386e-06 3.30961e-06 2.39579e-05
3.30961e-06 1.859e-05 -6.92559e-05
2.39579e-05 -6.92559e-05 -5.34582e-05

-5.11603e-06 1.08615e-06 1.53101e-05
1.08615e-06 -2.55594e-07 2.10236e-06
1.53101e-05 2.10236e-06 2.15653e-05

-6.07282e-06 3.13648e-06 1.42359e-05
3.13648e-06 -3.04562e-06 1.10165e-06
1.42359e-05 1.10165e-06 2.71603e-05

2.90086e-05 -1.75489e-05 -8.98385e-06
-1.75489e-05 4.3291e-05 -2.43261e-06
-8.98385e-06 -2.43261e-06 -0.000252758

6.06244e-05 -2.08846e-05 5.945e-05
-2.08846e-05 5.18473e-05 -2.20211e-05
5.945e-05 -2.20211e-05 -0.000473457

3.67545e-06 -3.14991e-06 -2.55436e-06
-3.14991e-06 6.75848e-06 7.46552e-06
-2.55436e-06 7.46552e-06 -2.43825e-05

2.05694e-05 -2.93671e-06 -3.07087e-05
-2.93671e-06 2.4077e-07 -4.99693e-06
-3.07087e-05 -4.99693e-06 -1.38562e-05

2.09021e-06 -5.17479e-06 -5.45973e-05
-5.17479e-06 -1.02988e-06 2.38409e-05
-5.45973e-05 2.38409e-05 5.17458e-07

1.78336e-05 3.21126e-06 -2.11867e-05
3.21126e-06 -2.72883e-06 -7.19421e-06
-2.11867e-05 -7.19421e-06 -2.09179e-05

3.24572e-05 4.61433e-06 -3.81069e-05
4.61433e-06 3.79361e-05 -1.6381e-07
-3.81069e-05 -1.6381e-07 -0.000355433

3.74449e-05 3.85578e-05 1.53847e-05
3.85578e-05 4.99714e-05 -1.7492e-07
1.53847e-05 -1.7492e-07 -0.000246563

-4.85981e-06 -6.54249e-06 5.07254e-07
-6.54249e-06 -4.38755e-06 -3.56142e-07
5.07254e-07 -3.56142e-07 -3.93319e-08

2.40939e-05 3.15332e-05 5.09828e-05
3.15332e-05 4.69518e-05 3.24275e-05
5.09828e-05 3.24275e-05 -5.69348e-05

3.79592e-06 5.82551e-06 5.07772e-06
5.82551e-06 3.29351e-06 -2.11381e-06
5.07772e-06 -2.11381e-06 -8.62827e-06

3.90152e-05 -5.95515e-06 1.51967e-05
-5.95515e-06 3.42671e-05 7.32279e-05
1.51967e-05 7.32279e-05 -0.000275224

-2.33716e-06 -1.07316e-06 -4.07169e-06
-1.07316e-06 -1.62097e-06 -1.31348e-05
-4.07169e-06 -1.31348e-05 8.31532e-06

-2.19969e-06 1.55596e-07 -3.54014e-06
1.55596e-07 -4.43343e-06 -1.3154e-06
-3.54014e-06 -1.3154e-06 6.58061e-06

-6.87215e-06 1.40434e-06 1.16792e-05
1.40434e-06 -3.16538e-06 -9.78061e-06
1.16792e-05 -9.78061e-06 3.23493e-05

3.59632e-05 -3.96138e-05 -1.08146e-05
-3.96138e-05 0.00014594 -5.82128e-06
-1.08146e-05 -5.82128e-06 -0.000407474

2.16356e-06 7.48732e-07 -0.000106738
7.48732e-07 1.03395e-05 -2.70824e-05
-0.000106738 -2.70824e-05 -1.68543e-06

2.16493e-05 -4.90297e-05 -4.92167e-05
-4.90297e-05 0.000148717 -1.36931e-05
-4.92167e-05 -1.36931e-05 -0.000476791

2.16493e-05 -1.69364e-06 -2.37192e-05
-1.69364e-06 5.6941e-05 0.000118951
-2.37192e-05 0.000118951 -0.000307266

2.6523e-05 4.14382e-06 0.000131248
4.14382e-06 1.7983e-06 9.96708e-06
0.000131248 9.96708e-06 -9.89147e-05

2.89287e-05 2.8002e-05 -2.13627e-05
2.8002e-05 4.262e-05 -1.50923e-05
-2.13627e-05 -1.50923e-05 -0.000241453

1.81274e-05 -2.90416e-06 -3.26575e-05
-2.90416e-06 9.12041e-07 -5.22031e-06
-3.26575e-05 -5.22031e-06 -1.53189e-05

1.08661e-05 1.90212e-05 2.93131e-05
1.90212e-05 3.86924e-05 2.33818e-05
2.93131e-05 2.33818e-05 -5.57585e-05

3.82226e-05 2.30661e-05 2.7123e-05
2.30661e-05 4.52414e-05 -4.08327e-05
2.7123e-05 -4.08327e-05 -0.000270272

1.21964e-05 3.70937e-06 5.7434e-05
3.70937e-06 4.51659e-06 4.0943e-05
5.7434e-05 4.0943e-05 -7.53361e-05

7.80087e-06 -3.30131e-06 2.58617e-05
-3.30131e-06 3.41733e-05 -5.06847e-05
2.58617e-05 -5.06847e-05 -6.05982e-05

-4.3018e-06 8.45181e-06 6.90931e-06
8.45181e-06 4.69087e-06 -3.4973e-05
6.90931e-06 -3.4973e-05 -8.91426e-06

-1.43286e-06 -4.53385e-07 -1.58955e-05
-4.53385e-07 -3.33408e-06 -3.29192e-06
-1.58955e-05 -3.29192e-06 1.74643e-06

1.10608e-05 -4.3297e-06 -1.77874e-05
-4.3297e-06 1.84455e-06 -4.60412e-07
-1.77874e-05 -4.60412e-07 3.4737e-05

-2.2757e-06 1.83054e-06 -3.19711e-06
1.83054e-06 -5.43086e-06 -1.399e-05
-3.19711e-06 -1.399e-05 4.68516e-06

-3.18001e-06 1.65377e-06 2.34908e-05
1.65377e-06 1.17807e-05 -5.80381e-05
2.34908e-05 -5.80381e-05 -5.56463e-05

5.90341e-06 -5.77966e-06 -7.41654e-05
-5.77966e-06 -1.68746e-06 1.84944e-05
-7.41654e-05 1.84944e-05 6.16452e-06

3.96605e-05 -3.07513e-05 1.66155e-05
-3.07513e-05 2.69555e-06 2.25172e-05
1.66155e-05 2.25172e-05 -8.3089e-05

3.09745e-06 -6.18542e-06 -5.77632e-05
-6.18542e-06 -1.76994e-07 2.98277e-05
-5.77632e-05 2.98277e-05 -3.85353e-05

1.31769e-05 -3.51556e-06 5.74422e-05
-3.51556e-06 1.98103e-05 4.78102e-05
5.74422e-05 4.78102e-05 -7.66008e-05

-8.94965e-08 5.38475e-07 1.76572e-06
5.38475e-07 -4.67022e-07 -8.73619e-06
1.76572e-06 -8.73619e-06 -4.15207e-06

1.8601e-05 -3.85405e-06 -3.15876e-05
-3.85405e-06 1.7968e-06 -6.48592e-06
-3.15876e-05 -6.48592e-06 -1.36612e-05

2.98762e-05 1.35016e-05 -5.91508e-05
1.35016e-05 7.83009e-06 -3.12222e-05
-5.91508e-05 -3.12222e-05 -6.9296e-05

2.17409e-06 9.88328e-08 -2.0282e-05
9.88328e-08 9.58282e-07 -9.05515e-06
-2.0282e-05 -9.05515e-06 -1.29363e-05

6.3822e-05 -1.48154e-06 -7.89818e-07
-1.48154e-06 4.17508e-05 5.58832e-06
-7.89818e-07 5.58832e-06 -0.000145849

2.9449e-05 -2.58977e-06 -2.28814e-05
-2.58977e-06 6.51179e-05 7.13403e-06
-2.28814e-05 7.13403e-06 -0.000194848

5.07634e-05 -1.70265e-05 -4.29078e-05
-1.70265e-05 1.77051e-05 -1.06475e-05
-4.29078e-05 -1.06475e-05 -0.00033742

2.1007e-05 7.63737e-06 -9.66839e-07
7.63737e-06 5.30905e-05 3.6565e-05
-9.66839e-07 3.6565e-05 -0.000339327

-4.38873e-06 -4.93786e-06 -8.64359e-07
-4.93786e-06 -5.95284e-06 -2.16867e-05
-8.64359e-07 -2.16867e-05 -4.8363e-06

9.55551e-06 3.92019e-06 3.44564e-05
3.92019e-06 -1.0033e-07 -1.04602e-05
3.44564e-05 -1.04602e-05 4.07662e-06

-1.54449e-06 -7.91246e-06 -5.68053e-06
-7.91246e-06 4.12233e-06 -2.54282e-06
-5.68053e-06 -2.54282e-06 6.3165e-06

-1.21541e-06 1.33674e-06 -4.30744e-06
1.33674e-06 -5.58055e-08 -5.59515e-06
-4.30744e-06 -5.59515e-06 1.71496e-05

5.39149e-05 -1.2337e-05 2.82301e-05
-1.2337e-05 4.30113e-05 -7.27795e-06
2.82301e-05 -7.27795e-06 -0.000313611

5.93316e-05 -3.33383e-05 1.7285e-05
-3.33383e-05 5.18473e-05 -7.59724e-06
1.7285e-05 -7.59724e-06 -0.000374051

2.13585e-05 1.63183e-05 4.18633e-05
1.63183e-05 7.81335e-06 2.21626e-05
4.18633e-05 2.21626e-05 -5.13525e-05

1.19815e-05 -3.87894e-06 1.70975e-05
-3.87894e-06 2.02416e-06 9.06711e-06
1.70975e-05 9.06711e-06 -3.17143e-05

-3.81057e-06 1.90916e-07 -2.58673e-06
1.90916e-07 -1.91208e-06 -3.7737e-06
-2.58673e-06 -3.7737e-06 1.32397e-06

-5.95691e-06 3.32028e-06 4.14577e-06
3.32028e-06 -8.54479e-07 -9.61967e-06
4.14577e-06 -9.61967e-06 9.7409e-06

-8.16157e-07 1.27161e-06 -2.41876e-06
1.27161e-06 -5.71661e-08 -5.38085e-06
-2.41876e-06 -5.38085e-06 3.31528e-06

-4.24439e-06 3.05035e-06 3.40081e-06
3.05035e-06 -9.78185e-07 -8.28037e-06
3.40081e-06 -8.28037e-06 1.08476e-06

1.60354e-05 -4.05757e-06 1.05535e-05
-4.05757e-06 -4.11712e-06 3.28471e-07
1.05535e-05 3.28471e-07 -4.85301e-05

-5.94313e-06 -7.06595e-08 -3.63183e-05
-7.06595e-08 7.8145e-05 3.61433e-05
-3.63183e-05 3.61433e-05 -0.000139501

4.9711e-05 -1.35813e-05 -4.90429e-06
-1.35813e-05 4.30554e-05 -2.79502e-05
-4.90429e-06 -2.79502e-05 -0.000288495

1.5384e-05 -6.02102e-06 -5.27107e-05
-6.02102e-06 5.82183e-06 1.28824e-05
-5.27107e-05 1.28824e-05 -4.12171e-05

-4.90892e-07 8.59179e-08 -1.76441e-06
8.59179e-08 1.09893e-06 2.03316e-06
-1.76441e-06 2.03316e-06 -2.56979e-05

-6.50209e-06 2.34617e-08 -2.43743e-07
2.34617e-08 1.62013e-06 -2.11596e-06
-2.43743e-07 -2.11596e-06 2.86775e-06

2.08261e-05 1.81303e-05 1.30328e-05
1.81303e-05 2.64978e-05 -2.80523e-06
1.30328e-05 -2.80523e-06 -0.000246854

-9.09556e-06 1.03447e-05 -0.000108447
1.03447e-05 4.04514e-06 -2.3471e-05
-0.000108447 -2.3471e-05 -0.000211177

1.36002e-05 -5.97305e-06 7.75694e-05
-5.97305e-06 -4.19273e-06 -4.44389e-05
7.75694e-05 -4.44389e-05 -1.63262e-05

1.20666e-05 -4.17134e-06 2.04762e-05
-4.17134e-06 1.57474e-06 -1.54858e-05
2.04762e-05 -1.54858e-05 -1.28553e-05

-4.03912e-06 2.67155e-06 1.74106e-06
2.67155e-06 -6.65124e-07 -1.54909e-06
1.74106e-06 -1.54909e-06 -2.0368e-05

1.98115e-05 -6.28229e-06 -4.47238e-05
-6.28229e-06 -1.91478e-06 2.25956e-05
-4.47238e-05 2.25956e-05 -4.01895e-05

-3.41684e-06 4.08156e-06 1.28748e-06
4.08156e-06 -5.14324e-06 3.62864e-06
1.28748e-06 3.62864e-06 4.47635e-06

-5.54489e-07 -1.69048e-06 2.94272e-06
-1.69048e-06 -3.64784e-06 -1.00575e-06
2.94272e-06 -1.00575e-06 9.30558e-06

9.16652e-06 -2.36867e-07 8.38124e-05
-2.36867e-07 8.18632e-06 -6.1198e-05
8.38124e-05 -6.1198e-05 -2.13103e-05

1.70368e-06 -5.04813e-06 -2.74913e-05
-5.04813e-06 7.38081e-06 3.35379e-05
-2.74913e-05 3.35379e-05 -6.63754e-05

-2.00576e-06 1.03175e-06 -1.58525e-05
1.03175e-06 -7.10275e-06 -3.04279e-06
-1.58525e-05 -3.04279e-06 3.34355e-06

1.92563e-06 -7.26564e-06 1.0099e-05
-7.26564e-06 1.45771e-06 -5.22904e-06
1.0099e-05 -5.22904e-06 3.73335e-06

4.67261e-06 -2.01737e-06 6.75154e-05
-2.01737e-06 -5.25711e-06 -4.3549e-05
6.75154e-05 -4.3549e-05 -9.18617e-06

3.41777e-06 1.37713e-06 7.27286e-05
1.37713e-06 8.15939e-06 -5.58261e-05
7.27286e-05 -5.58261e-05 -3.06967e-05

2.77228e-07 9.48129e-08 3.11318e-06
9.48129e-08 -8.55403e-07 -3.179e-06
3.11318e-06 -3.179e-06 4.30282e-06

-1.37541e-06 3.23787e-07 8.10599e-07
3.23787e-07 -3.96422e-06 5.55976e-06
8.10599e-07 5.55976e-06 2.68989e-06

-3.76545e-07 1.14282e-06 1.13293e-05
1.14282e-06 3.73637e-06 7.06267e-06
1.13293e-05 7.06267e-06 -2.04203e-05

-1.5838e-06 -1.40055e-06 2.61352e-06
-1.40055e-06 -2.87256e-06 6.92593e-06
2.61352e-06 6.92593e-06 -1.24181e-06

9.04883e-06 -8.79853e-06 4.66141e-05
-8.79853e-06 5.19757e-06 -1.94477e-05
4.66141e-05 -1.94477e-05 -7.05258e-05

0 0 5.53411e-07
0 0 -1.78103e-06
5.53411e-07 -1.78103e-06 4.28029e-06

3.84728e-06 2.52516e-06 2.64894e-05
2.52516e-06 -7.44794e-07 -4.11953e-06
2.64894e-05 -4.11953e-06 2.30705e-05

2.67592e-06 6.11188e-07 1.99239e-05
6.11188e-07 -8.44709e-07 -2.28001e-05
1.99239e-05 -2.28001e-05 7.16212e-06

5.73789e-06 -9.38837e-07 -3.18066e-05
-9.38837e-07 2.14692e-06 -7.43944e-06
-3.18066e-05 -7.43944e-06 6.55692e-05

-4.0217e-06 -2.24386e-06 -1.15053e-05
-2.24386e-06 3.14769e-06 -7.20004e-05
-1.15053e-05 -7.20004e-05 5.94996e-05

8.1281e-06 -1.77877e-06 6.97088e-06
-1.77877e-06 4.66553e-06 -7.00119e-05
6.97088e-06 -7.00119e-05 -2.67644e-05

4.43763e-06 -1.04547e-06 -7.85291e-05
-1.04547e-06 1.84032e-06 1.78971e-05
-7.85291e-05 1.78971e-05 -1.645e-05

-4.15162e-06 -7.64095e-06 5.27168e-06
-7.64095e-06 1.0181e-05 -9.69579e-06
5.27168e-06 -9.69579e-06 -7.44992e-06

0 -1.51271e-06 1.01082e-07
-1.51271e-06 1.81244e-06 -1.41971e-05
1.01082e-07 -1.41971e-05 -3.30703e-06

7.68961e-07 4.21035e-07 -7.88621e-05
4.21035e-07 3.1428e-06 -1.19261e-05
-7.88621e-05 -1.19261e-05 -5.03025e-05

2.26364e-05 -8.78584e-06 4.58458e-05
-8.78584e-06 4.27648e-05 1.08699e-06
4.58458e-05 1.08699e-06 -0.000107473

1.63985e-05 1.99169e-06 -3.06717e-05
1.99169e-06 7.50763e-06 2.0521e-05
-3.06717e-05 2.0521e-05 -4.65772e-05

-7.41656e-06 1.45298e-06 2.96827e-06
1.45298e-06 -2.46032e-06 2.32962e-07
2.96827e-06 2.32962e-07 1.31954e-05

3.50777e-05 1.8221e-05 -8.3488e-05
1.8221e-05 7.64468e-06 -3.06274e-05
-8.3488e-05 -3.06274e-05 -7.05288e-05

1.91297e-06 2.56181e-06 -5.00569e-06
2.56181e-06 -1.83936e-05 4.39453e-05
-5.00569e-06 4.39453e-05 4.893e-05

-3.61504e-06 3.78604e-06 -1.2383e-05
3.78604e-06 -9.55258e-06 5.83106e-05
-1.2383e-05 5.83106e-05 5.25206e-05

1.59302e-05 2.30728e-07 -7.21502e-05
2.30728e-07 5.1825e-06 -2.247e-05
-7.21502e-05 -2.247e-05 6.43436e-06

4.47427e-06 3.19001e-06 -5.10924e-05
3.19001e-06 5.17442e-06 -4.59556e-05
-5.10924e-05 -4.59556e-05 3.21318e-05

1.82174e-05 -1.2876e-05 5.04568e-05
-1.2876e-05 3.35937e-06 -2.92977e-05
5.04568e-05 -2.92977e-05 8.56166e-06

1.87755e-05 -1.47075e-05 2.54258e-05
-1.47075e-05 4.31086e-05 3.87034e-07
2.54258e-05 3.87034e-07 -0.000116012

1.28288e-05 -8.22291e-08 1.56378e-05
-8.22291e-08 7.49765e-06 2.8459e-05
1.56378e-05 2.8459e-05 -8.74855e-05

3.88046e-06 2.92166e-08 -5.80594e-05
2.92166e-08 3.09422e-06 7.09494e-05
-5.80594e-05 7.09494e-05 1.65034e-05

2.74884e-05 3.75237e-06 4.27232e-05
3.75237e-06 1.45955e-06 -5.94666e-05
4.27232e-05 -5.94666e-05 6.64021e-06

2.77713e-06 4.07838e-06 5.46425e-05
4.07838e-06 3.31937e-06 7.89956e-05
5.46425e-05 7.89956e-05 7.92458e-06

2.55038e-05 1.06231e-05 8.48112e-06
1.06231e-05 -2.16095e-06 5.70128e-06
8.48112e-06 5.70128e-06 -9.58833e-06

2.73335e-05 2.82262e-06 4.51645e-05
2.82262e-06 1.33293e-05 -3.50831e-05
4.51645e-05 -3.50831e-05 -2.64382e-05

6.68116e-06 4.03243e-06 -5.96057e-05
4.03243e-06 -3.79536e-07 -6.6842e-05
-5.96057e-05 -6.6842e-05 -1.11457e-05

3.34903e-06 -4.3183e-06 -1.10047e-05
-4.3183e-06 9.98512e-07 -0.000109782
-1.10047e-05 -0.000109782 1.57481e-05

2.48771e-06 2.7898e-06 4.93873e-05
2.7898e-06 1.95882e-05 9.44835e-05
4.93873e-05 9.44835e-05 -1.87846e-05

-2.1268e-08 5.68781e-06 4.98443e-05
5.68781e-06 1.65273e-05 7.30842e-05
4.98443e-05 7.30842e-05 -1.08848e-05

1.33895e-06 5.58221e-06 4.45338e-05
5.58221e-06 2.9548e-05 0.000100536
4.45338e-05 0.000100536 -3.73197e-05

-4.01274e-06 3.26136e-06 3.1281e-05
3.26136e-06 1.74777e-05 5.61554e-05
3.1281e-05 5.61554e-05 -8.40838e-05

1.55203e-06 4.24272e-06 4.69202e-05
4.24272e-06 1.64019e-05 6.66608e-05
4.69202e-05 6.66608e-05 -2.711e-05

9.15117e-06 1.22517e-05 -7.14226e-05
1.22517e-05 1.08356e-05 -0.00010324
-7.14226e-05 -0.00010324 1.75738e-05

2.29825e-06 -1.89634e-06 7.20836e-07
-1.89634e-06 1.03201e-05 4.52206e-05
7.20836e-07 4.52206e-05 -4.15655e-05

3.60181e-05 -1.04506e-06 3.936e-05
-1.04506e-06 1.46714e-05 -3.934e-05
3.936e-05 -3.934e-05 -0.000145626

2.15359e-07 9.94008e-07 -2.82127e-05
9.94008e-07 2.37971e-05 -6.50053e-05
-2.82127e-05 -6.50053e-05 -7.6612e-05

1.78634e-06 -2.59977e-07 -2.73203e-05
-2.59977e-07 1.82067e-06 5.19792e-05
-2.73203e-05 5.19792e-05 -2.01287e-05

3.75173e-07 1.69975e-07 -5.59756e-07
1.69975e-07 -4.41399e-06 2.94092e-06
-5.59756e-07 2.94092e-06 3.24249e-06

-3.42464e-06 5.8427e-08 2.42998e-06
5.8427e-08 -7.57158e-06 -5.77498e-07
2.42998e-06 -5.77498e-07 1.49336e-05

3.16035e-05 8.90487e-06 -0.000107839
8.90487e-06 4.01361e-06 -3.22305e-05
-0.000107839 -3.22305e-05 -5.81712e-05

4.28308e-05 -1.5711e-06 -1.50162e-05
-1.5711e-06 6.42087e-06 2.22211e-05
-1.50162e-05 2.22211e-05 -0.000108486

9.01848e-06 -1.39476e-05 4.33415e-05
-1.39476e-05 2.46099e-05 -6.69037e-05
4.33415e-05 -6.69037e-05 -7.72323e-05

1.21567e-05 -1.7063e-05 1.79273e-06
-1.7063e-05 1.01953e-05 -9.36705e-06
1.79273e-06 -9.36705e-06 -7.72598e-05

-1.90517e-06 -1.86035e-06 3.11497e-06
-1.86035e-06 -2.80985e-06 6.47828e-06
3.11497e-06 6.47828e-06 -1.40385e-07

-2.67177e-06 1.64533e-06 -4.50028e-07
1.64533e-06 -4.33398e-07 -3.51263e-06
-4.50028e-07 -3.51263e-06 2.25326e-06

2.89586e-05 6.95604e-06 -0.000108574
6.95604e-06 5.67941e-06 -2.97806e-05
-0.000108574 -2.97806e-05 -5.54904e-05

3.18903e-06 -8.11986e-07 2.74466e-07
-8.11986e-07 1.14707e-06 -3.7121e-06
2.74466e-07 -3.7121e-06 -7.21645e-06

7.05561e-06 -7.947e-06 -6.30886e-05
-7.947e-06 1.04056e-05 6.35836e-05
-6.30886e-05 6.35836e-05 -2.37217e-05

3.76848e-06 -5.6833e-06 -7.05392e-05
-5.6833e-06 1.50129e-05 5.89649e-05
-7.05392e-05 5.89649e-05 -1.70718e-05

1.56026e-06 -3.3287e-06 5.5241e-06
-3.3287e-06 4.41225e-06 6.82311e-07
5.5241e-06 6.82311e-07 -3.46445e-05

-1.20661e-07 2.50677e-07 2.71268e-06
2.50677e-07 -3.00416e-06 -1.90268e-06
2.71268e-06 -1.90268e-06 -2.63793e-06

1.5621e-05 -1.97007e-06 -9.48453e-05
-1.97007e-06 2.67257e-06 -2.20378e-05
-9.48453e-05 -2.20378e-05 -5.8605e-06

2.54715e-05 7.19591e-06 -5.53373e-05
7.19591e-06 -6.56717e-07 -2.39819e-05
-5.53373e-05 -2.39819e-05 -2.67441e-05

2.8022e-05 -2.31281e-06 -8.43465e-05
-2.31281e-06 4.25163e-06 1.50954e-05
-8.43465e-05 1.50954e-05 -5.3758e-05

1.95812e-07 1.88142e-06 -5.27129e-06
1.88142e-06 -1.64244e-06 4.19429e-06
-5.27129e-06 4.19429e-06 -1.73081e-05

-4.50621e-07 -5.54843e-07 -1.65222e-06
-5.54843e-07 9.70642e-06 -1.89689e-06
-1.65222e-06 -1.89689e-06 4.0332e-06

1.38307e-05 3.05228e-06 -0.000114089
3.05228e-06 9.64232e-06 -2.21784e-05
-0.000114089 -2.21784e-05 -3.21154e-05

-6.86113e-06 2.9421e-06 9.2784e-06
2.9421e-06 -3.29148e-06 4.39314e-06
9.2784e-06 4.39314e-06 -7.50915e-06

-3.27023e-06 -1.02824e-07 -8.18915e-07
-1.02824e-07 -8.22817e-06 1.35785e-05
-8.18915e-07 1.35785e-05 9.92573e-06

8.62483e-07 -2.50298e-06 -4.21753e-06
-2.50298e-06 5.44109e-08 8.32126e-08
-4.21753e-06 8.32126e-08 4.72465e-06

1.00455e-05 1.22875e-06 -2.23422e-05
1.22875e-06 -5.81885e-06 6.1006e-06
-2.23422e-05 6.1006e-06 5.06017e-06

-4.22393e-06 -2.38927e-06 -5.61489e-06
-2.38927e-06 -2.79695e-06 -3.48625e-05
-5.61489e-06 -3.48625e-05 2.17295e-05

1.21691e-05 -6.10077e-06 -4.64962e-05
-6.10077e-06 5.20504e-06 2.61505e-05
-4.64962e-05 2.61505e-05 -5.79093e-05

1.78179e-05 -5.00453e-08 -3.75057e-05
-5.00453e-08 1.19479e-05 3.28446e-05
-3.75057e-05 3.28446e-05 -6.58029e-05

-2.63674e-06 -1.53688e-06 2.2432e-06
-1.53688e-06 -5.35796e-06 8.43675e-06
2.2432e-06 8.43675e-06 1.62079e-05

-1.24719e-06 -5.97681e-06 -4.52616e-05
-5.97681e-06 1.43292e-05 5.43493e-05
-4.52616e-05 5.43493e-05 -4.9635e-05

1.11122e-05 -1.06275e-05 -4.95378e-05
-1.06275e-05 5.04308e-06 3.95651e-05
-4.95378e-05 3.95651e-05 -1.86271e-05

6.68752e-07 4.83015e-06 -1.10539e-05
4.83015e-06 1.14393e-05 5.08465e-05
-1.10539e-05 5.08465e-05 -6.26996e-05

1.69795e-05 -7.06968e-06 2.32541e-05
-7.06968e-06 3.59369e-06 3.66118e-05
2.32541e-05 3.66118e-05 -5.07589e-05

2.61112e-07 -5.6941e-07 -1.26814e-05
-5.6941e-07 1.85872e-05 5.42553e-05
-1.26814e-05 5.42553e-05 -5.59895e-05

-2.31658e-06 -5.26187e-07 4.8897e-06
-5.26187e-07 -3.04956e-06 -4.26969e-06
4.8897e-06 -4.26969e-06 6.31137e-06

-7.55675e-07 -1.28245e-06 -6.51279e-06
-1.28245e-06 -3.25294e-06 1.31821e-06
-6.51279e-06 1.31821e-06 -6.28184e-07

1.41213e-05 1.05784e-05 -6.69289e-05
1.05784e-05 1.26744e-05 -1.59599e-05
-6.69289e-05 -1.59599e-05 -7.40885e-05

3.32846e-05 -5.95847e-07 -2.30822e-05
-5.95847e-07 5.52776e-06 -8.2077e-06
-2.30822e-05 -8.2077e-06 -8.42481e-05

-5.92684e-06 9.66599e-07 5.4196e-06
9.66599e-07 -1.61442e-06 -1.61175e-06
5.4196e-06 -1.61175e-06 9.90585e-08

3.55109e-06 -1.29951e-05 -2.76253e-05
-1.29951e-05 1.67527e-05 1.63908e-05
-2.76253e-05 1.63908e-05 -5.38085e-05

1.56509e-05 -9.64959e-06 -2.78971e-06
-9.64959e-06 4.24364e-06 1.44346e-05
-2.78971e-06 1.44346e-05 -6.60323e-05

-5.54138e-07 2.03215e-06 -4.83544e-05
2.03215e-06 -1.11022e-16 -1.08162e-07
-4.83544e-05 -1.08162e-07 -1.07834e-05

4.6135e-07 -6.26523e-07 -1.08492e-05
-6.26523e-07 2.07266e-06 -1.68069e-05
-1.08492e-05 -1.68069e-05 1.57162e-05

1.34222e-05 -1.21517e-06 -1.18408e-05
-1.21517e-06 -1.09084e-06 1.5668e-05
-1.18408e-05 1.5668e-05 -1.58021e-05

-3.20343e-06 1.41883e-07 2.00394e-05
1.41883e-07 6.77169e-06 1.39008e-05
2.00394e-05 1.39008e-05 -2.03523e-05

3.29621e-06 -1.82819e-06 -3.97978e-06
-1.82819e-06 5.7669e-06 8.83592e-06
-3.97978e-06 8.83592e-06 -2.616e-05

-5.33118e-06 1.17989e-06 3.61467e-06
1.17989e-06 -1.55621e-06 -2.08592e-06
3.61467e-06 -2.08592e-06 3.93714e-06

-2.56363e-06 -1.58635e-06 -7.24414e-06
-1.58635e-06 -3.03522e-06 2.20593e-06
-7.24414e-06 2.20593e-06 2.87586e-06

0 0 -7.95557e-07
0 0 -1.4546e-07
-7.95557e-07 -1.4546e-07 -9.03774e-06

-3.7325e-06 -8.23842e-07 1.2457e-05
-8.23842e-07 -1.94763e-06 5.47713e-06
1.2457e-05 5.47713e-06 -3.42115e-05

-2.08648e-07 2.78857e-06 -4.73158e-05
2.78857e-06 8.89125e-07 -2.68915e-05
-4.73158e-05 -2.68915e-05 1.52911e-05

2.19612e-05 -8.17247e-06 9.20458e-06
-8.17247e-06 1.66677e-06 -4.90688e-06
9.20458e-06 -4.90688e-06 -5.01609e-05

5.02948e-06 -1.09634e-05 3.61113e-05
-1.09634e-05 2.00856e-06 7.8594e-05
3.61113e-05 7.8594e-05 -2.18029e-05

-5.26351e-06 -1.97499e-06 2.93313e-05
-1.97499e-06 2.57907e-07 -7.72984e-06
2.93313e-05 -7.72984e-06 -3.26595e-05

9.1304e-06 5.81066e-06 2.13797e-05
5.81066e-06 3.38265e-07 6.89414e-06
2.13797e-05 6.89414e-06 -4.86318e-05

9.00844e-06 -2.049e-06 1.57874e-05
-2.049e-06 5.95024e-08 5.30602e-06
1.57874e-05 5.30602e-06 -2.84211e-05

1.15749e-06 -9.01542e-06 6.87578e-06
-9.01542e-06 3.35801e-06 2.17242e-06
6.87578e-06 2.17242e-06 -5.26649e-05

7.11487e-06 -1.73569e-06 1.85676e-05
-1.73569e-06 5.24373e-06 -2.775e-05
1.85676e-05 -2.775e-05 -7.25083e-06

9.32058e-06 4.38562e-06 1.98757e-05
4.38562e-06 8.01792e-06 2.44604e-05
1.98757e-05 2.44604e-05 -4.99586e-05

0 -4.26484e-07 -4.57075e-07
-4.26484e-07 2.82087e-06 -7.77029e-06
-4.57075e-07 -7.77029e-06 1.28841e-06

0 0 -7.95557e-07
0 0 -1.4546e-07
-7.95557e-07 -1.4546e-07 -9.03774e-06

-8.99133e-07 9.2541e-06 3.08513e-05
9.2541e-06 1.46653e-05 3.24169e-05
3.08513e-05 3.24169e-05 -3.73846e-05

-3.31339e-06 7.08247e-08 2.16651e-05
7.08247e-08 2.3547e-06 -1.61291e-05
2.16651e-05 -1.61291e-05 -5.09966e-06

-9.39083e-07 -3.71316e-06 -6.70672e-06
-3.71316e-06 8.78733e-06 4.27636e-05
-6.70672e-06 4.27636e-05 -4.28673e-05

8.15884e-07 -1.34894e-06 5.82984e-06
-1.34894e-06 0 -1.47941e-06
5.82984e-06 -1.47941e-06 3.26799e-06

-5.95993e-06 -1.23788e-05 3.45595e-05
-1.23788e-05 2.85817e-05 -3.57419e-05
3.45595e-05 -3.57419e-05 -7.39669e-05

9.64668e-08 -3.2446e-06 -5.68436e-05
-3.2446e-06 1.79434e-05 7.48933e-05
-5.68436e-05 7.48933e-05 3.4923e-05

7.55335e-06 6.1287e-06 4.05376e-05
6.1287e-06 1.14487e-05 3.99146e-05
4.05376e-05 3.99146e-05 -7.20935e-05

5.55462e-06 4.01543e-06 3.76479e-05
4.01543e-06 1.82611e-05 3.52307e-05
3.76479e-05 3.52307e-05 -2.6639e-05

1.00116e-05 -1.45691e-05 -6.65129e-05
-1.45691e-05 3.0281e-05 9.50298e-05
-6.65129e-05 9.50298e-05 -9.42419e-05

1.92006e-05 -1.52688e-05 -9.26881e-05
-1.52688e-05 1.54732e-05 6.40919e-05
-9.26881e-05 6.40919e-05 -9.26524e-05

2.74235e-05 1.7597e-06 6.28401e-05
1.7597e-06 5.63358e-07 -1.05676e-05
6.28401e-05 -1.05676e-05 -7.64871e-05

-2.91879e-06 2.12283e-06 1.76224e-06
2.12283e-06 -1.29145e-06 -3.11395e-06
1.76224e-06 -3.11395e-06 4.46938e-06

1.0291e-06 -8.04265e-06 2.19683e-05
-8.04265e-06 3.70065e-05 -6.03698e-05
2.19683e-05 -6.03698e-05 -7.19611e-05

1.57456e-05 1.31403e-05 -7.83968e-05
1.31403e-05 1.50301e-05 -2.57795e-05
-7.83968e-05 -2.57795e-05 -3.36922e-05

1.05574e-05 -5.07563e-06 -7.93839e-05
-5.07563e-06 -6.75726e-07 -3.04788e-05
-7.93839e-05 -3.04788e-05 2.70968e-05

6.72076e-05 5.50011e-05 1.11544e-05
5.50011e-05 7.8569e-05 -5.18354e-07
1.11544e-05 -5.18354e-07 -0.000442363

5.91293e-06 -4.55366e-06 -7.5007e-05
-4.55366e-06 6.93006e-06 5.36722e-05
-7.5007e-05 5.36722e-05 3.49976e-05

1.2525e-05 1.53066e-06 -3.06821e-05
1.53066e-06 -4.42541e-07 -3.37986e-06
-3.06821e-05 -3.37986e-06 -1.06403e-05

7.24342e-06 -1.33187e-05 4.11946e-05
-1.33187e-05 1.40348e-05 -6.01128e-05
4.11946e-05 -6.01128e-05 -2.24918e-05

4.60965e-06 -8.53616e-06 2.11643e-05
-8.53616e-06 6.39999e-06 -3.27687e-05
2.11643e-05 -3.27687e-05 -3.59695e-05

4.60686e-06 -1.12041e-05 1.71762e-05
-1.12041e-05 1.88056e-05 -5.43101e-05
1.71762e-05 -5.43101e-05 -4.94643e-05

-1.55844e-05 -2.05078e-06 1.957e-05
-2.05078e-06 3.57848e-05 -5.71576e-05
1.957e-05 -5.71576e-05 -4.3053e-05

3.67828e-06 1.69467e-06 3.72276e-05
1.69467e-06 -3.07364e-06 4.23283e-05
3.72276e-05 4.23283e-05 -1.68568e-05

-7.44559e-07 5.03517e-07 -3.71805e-06
5.03517e-07 4.26784e-06 7.58245e-06
-3.71805e-06 7.58245e-06 4.52147e-07

1.90633e-05 2.82692e-06 7.151e-05
2.82692e-06 -3.8546e-06 2.64361e-05
7.151e-05 2.64361e-05 -5.72014e-05

-4.17973e-06 1.80388e-05 -0.00014009
1.80388e-05 -1.6775e-06 -1.06484e-05
-0.00014009 -1.06484e-05 1.91125e-05

2.70869e-05 -4.95997e-06 0.000100757
-4.95997e-06 1.65149e-06 -2.17917e-05
0.000100757 -2.17917e-05 -1.55162e-05

1.40226e-05 -1.22722e-05 8.96546e-05
-1.22722e-05 1.44077e-05 -6.09125e-05
8.96546e-05 -6.09125e-05 -8.38019e-06

7.54292e-06 -5.64455e-06 3.33234e-05
-5.64455e-06 1.00397e-05 -5.57306e-05
3.33234e-05 -5.57306e-05 -3.92044e-05

5.18468e-05 1.24397e-05 0.000105553
1.24397e-05 3.44734e-05 4.4019e-05
0.000105553 4.4019e-05 -0.000384584

1.13557e-05 5.417e-06 9.52569e-05
5.417e-06 1.40799e-06 5.36524e-05
9.52569e-05 5.36524e-05 6.16925e-06

-3.75529e-06 2.07061e-06 1.34724e-06
2.07061e-06 -7.06554e-06 1.13032e-05
1.34724e-06 1.13032e-05 6.35859e-06

-3.70398e-06 -1.00008e-06 1.51525e-05
-1.00008e-06 8.41518e-07 -3.62503e-05
1.51525e-05 -3.62503e-05 2.23516e-05

5.34698e-06 8.87177e-06 -5.41677e-06
8.87177e-06 1.58015e-05 -7.29824e-06
-5.41677e-06 -7.29824e-06 -5.24973e-05

-1.22528e-05 -2.88792e-06 1.64174e-05
-2.88792e-06 1.91783e-05 7.9455e-05
1.64174e-05 7.9455e-05 1.54825e-05

6.41113e-06 8.09951e-06 -1.66928e-05
8.09951e-06 -4.38858e-06 -3.50746e-05
-1.66928e-05 -3.50746e-05 4.67175e-06

2.33683e-05 -1.06221e-06 0.000101545
-1.06221e-06 -1.59624e-06 -7.11197e-06
0.000101545 -7.11197e-06 -3.18818e-05

1.40222e-05 -3.48942e-06 6.27753e-05
-3.48942e-06 1.13982e-05 -5.35322e-05
6.27753e-05 -5.35322e-05 -6.92671e-05

-3.20708e-06 -1.11304e-05 3.68709e-05
-1.11304e-05 9.34558e-06 -6.20232e-05
3.68709e-05 -6.20232e-05 -1.95422e-05

1.9011e-05 2.11788e-06 6.99653e-05
2.11788e-06 1.03734e-05 -4.12247e-05
6.99653e-05 -4.12247e-05 -7.07276e-05

7.72889e-07 -8.00185e-06 2.59905e-05
-8.00185e-06 1.6914e-05 -7.8885e-05
2.59905e-05 -7.8885e-05 -3.18927e-05

4.52465e-06 -1.53368e-06 3.74963e-05
-1.53368e-06 1.10548e-05 -6.3582e-05
3.74963e-05 -6.3582e-05 5.85167e-05

-3.19283e-06 -5.34033e-06 0.000105424
-5.34033e-06 1.19817e-05 6.08897e-05
0.000105424 6.08897e-05 -1.22477e-05

1.55447e-05 4.78474e-06 0.000110063
4.78474e-06 6.44348e-06 3.65988e-05
0.000110063 3.65988e-05 -2.6645e-05

3.10378e-06 8.3225e-06 3.00341e-05
8.3225e-06 4.95126e-06 4.33305e-05
3.00341e-05 4.33305e-05 -3.46605e-05

4.31172e-06 8.04766e-06 -4.49148e-06
8.04766e-06 7.9989e-06 -4.48455e-05
-4.49148e-06 -4.48455e-05 -3.4601e-05

3.10516e-06 3.58814e-06 4.87296e-05
3.58814e-06 2.06149e-05 9.39896e-05
4.87296e-05 9.39896e-05 -4.11517e-05

-5.30945e-06 -3.69628e-06 1.44381e-05
-3.69628e-06 -3.30309e-06 -6.53443e-06
1.44381e-05 -6.53443e-06 4.37827e-06

-2.5249e-06 -9.99705e-07 -6.64579e-06
-9.99705e-07 3.31616e-06 4.84769e-06
-6.64579e-06 4.84769e-06 -4.14505e-06

-8.6803e-07 1.26475e-06 2.60131e-07
1.26475e-06 1.76288e-07 -7.95292e-06
2.60131e-07 -7.95292e-06 6.65148e-06

2.92806e-06 1.02351e-05 5.43262e-05
1.02351e-05 1.53805e-05 9.85762e-05
5.43262e-05 9.85762e-05 -2.93862e-05

-3.60421e-06 -2.12149e-06 4.05765e-05
-2.12149e-06 1.53991e-05 0.000102964
4.05765e-05 0.000102964 -1.37767e-05

3.11616e-05 1.73619e-06 6.41494e-05
1.73619e-06 1.68182e-05 5.90131e-05
6.41494e-05 5.90131e-05 -7.79603e-05

4.30701e-06 2.45309e-06 6.24746e-05
2.45309e-06 3.52787e-06 6.11535e-05
6.24746e-05 6.11535e-05 -1.16968e-05

-4.2761e-06 1.68452e-06 2.48518e-06
1.68452e-06 -1.18436e-06 -1.8809e-06
2.48518e-06 -1.8809e-06 7.7861e-07

-3.44968e-06 -1.27448e-07 2.78286e-06
-1.27448e-07 -4.38921e-06 2.51952e-06
2.78286e-06 2.51952e-06 1.00114e-05

7.54167e-06 -2.7071e-06 4.59189e-05
-2.7071e-06 1.27793e-06 2.63767e-05
4.59189e-05 2.63767e-05 -5.24474e-05

9.12894e-06 -9.24044e-06 3.81064e-05
-9.24044e-06 -1.10182e-06 8.93351e-05
3.81064e-05 8.93351e-05 -4.64053e-05

-4.9919e-06 -1.41012e-06 4.07508e-05
-1.41012e-06 4.6327e-05 6.75997e-05
4.07508e-05 6.75997e-05 2.5966e-05

1.17652e-05 -5.86536e-06 2.85914e-05
-5.86536e-06 3.90013e-05 4.93781e-05
2.85914e-05 4.93781e-05 -1.05603e-05

-2.10179e-06 -1.26539e-06 -2.70213e-06
-1.26539e-06 -4.47908e-06 -1.38398e-05
-2.70213e-06 -1.38398e-05 -3.94614e-07

-6.77806e-07 5.11633e-06 5.65428e-06
5.11633e-06 2.86004e-06 -4.52321e-07
5.65428e-06 -4.52321e-07 -1.23143e-05

-3.76456e-06 9.15304e-06 6.20687e-06
9.15304e-06 2.29215e-06 4.36101e-05
6.20687e-06 4.36101e-05 -5.01388e-06

5.61961e-06 -1.10279e-05 3.35545e-05
-1.10279e-05 1.01261e-05 -6.6175e-05
3.35545e-05 -6.6175e-05 -8.37318e-06

2.55207e-06 -1.88017e-06 -1.26742e-06
-1.88017e-06 -1.03261e-05 -5.43519e-06
-1.26742e-06 -5.43519e-06 -1.69565e-06

4.58879e-06 3.62842e-06 6.19419e-05
3.62842e-06 8.33767e-06 5.74511e-05
6.19419e-05 5.74511e-05 -3.43707e-05

-5.21357e-06 7.51176e-07 -8.01669e-06
7.51176e-07 -3.82151e-06 9.97915e-06
-8.01669e-06 9.97915e-06 3.32911e-06

-2.09749e-05 1.21769e-05 -0.000101887
1.21769e-05 5.45741e-06 -2.5459e-05
-0.000101887 -2.5459e-05 1.8491e-05

-2.33242e-06 1.10976e-06 -1.3149e-05
1.10976e-06 -6.17476e-06 1.5494e-06
-1.3149e-05 1.5494e-06 9.95031e-06

-1.20475e-05 -3.31911e-06 1.67298e-05
-3.31911e-06 1.74896e-05 8.53094e-05
1.67298e-05 8.53094e-05 -3.80139e-07

7.81716e-07 -1.28401e-06 -8.28061e-06
-1.28401e-06 8.01984e-06 4.72991e-05
-8.28061e-06 4.72991e-05 -2.64488e-05

1.02452e-05 6.55953e-06 4.69428e-05
6.55953e-06 9.26658e-06 5.17132e-05
4.69428e-05 5.17132e-05 -2.97194e-05

3.7814e-05 -1.94176e-05 1.31291e-05
-1.94176e-05 0.000101793 -8.48017e-05
1.31291e-05 -8.48017e-05 -0.000129961

3.00123e-05 1.06238e-05 3.51518e-05
1.06238e-05 1.00268e-05 1.67317e-05
3.51518e-05 1.67317e-05 -5.7649e-05

8.409e-06 -2.16571e-06 3.62322e-05
-2.16571e-06 6.85677e-06 -7.02302e-06
3.62322e-05 -7.02302e-06 1.94053e-05

4.73933e-06 2.62806e-06 4.01508e-05
2.62806e-06 1.19746e-06 -6.68028e-07
4.01508e-05 -6.68028e-07 3.09653e-05

1.09459e-05 -3.04072e-07 4.24896e-05
-3.04072e-07 1.62385e-07 -1.43835e-05
4.24896e-05 -1.43835e-05 1.71162e-05

4.20658e-06 -3.35006e-06 3.96904e-05
-3.35006e-06 -3.13776e-06 4.34876e-06
3.96904e-05 4.34876e-06 3.22201e-05

5.96281e-06 -1.27846e-06 1.00234e-05
-1.27846e-06 5.13609e-06 -7.12417e-05
1.00234e-05 -7.12417e-05 -1.99481e-06

9.75877e-06 -2.85348e-06 4.61899e-05
-2.85348e-06 -3.39079e-06 -6.33265e-06
4.61899e-05 -6.33265e-06 5.58825e-06

-1.41222e-06 5.94848e-07 -3.66905e-06
5.94848e-07 -4.72887e-06 2.7685e-06
-3.66905e-06 2.7685e-06 2.07183e-06

-1.58852e-06 -1.5616e-06 2.99502e-06
-1.5616e-06 -3.01939e-06 7.22435e-06
2.99502e-06 7.22435e-06 -1.83124e-06

-6.52226e-07 3.4886e-06 5.933e-05
3.4886e-06 6.32387e-06 -5.49935e-05
5.933e-05 -5.49935e-05 1.82534e-05

-7.55834e-06 1.172e-07 4.66248e-06
1.172e-07 -1.17987e-06 -1.31593e-06
4.66248e-06 -1.31593e-06 1.93728e-06

-8.4283e-06 -8.63679e-07 5.52628e-06
-8.63679e-07 -2.25776e-06 -7.95676e-07
5.52628e-06 -7.95676e-07 8.41618e-06

7.12223e-06 6.51308e-06 -3.49828e-05
6.51308e-06 -1.48651e-06 -1.17847e-05
-3.49828e-05 -1.17847e-05 -6.29953e-06

1.09659e-05 2.18878e-06 6.45105e-05
2.18878e-06 4.50178e-06 2.46007e-05
6.45105e-05 2.46007e-05 -3.15464e-06

1.12457e-05 2.73329e-07 8.39946e-05
2.73329e-07 -7.38069e-06 -3.40199e-05
8.39946e-05 -3.40199e-05 -1.46816e-06

9.74433e-06 -4.69809e-06 9.03185e-05
-4.69809e-06 2.96673e-06 -2.68253e-05
9.03185e-05 -2.68253e-05 -2.59863e-05

1.69153e-05 2.23453e-07 -4.14445e-05
2.23453e-07 -5.0799e-06 -1.84474e-05
-4.14445e-05 -1.84474e-05 -5.19604e-05

5.75737e-06 8.43132e-06 -2.26593e-05
8.43132e-06 1.62527e-05 7.25318e-06
-2.26593e-05 7.25318e-06 -5.28833e-05

-1.17397e-06 -1.07148e-05 -1.98795e-05
-1.07148e-05 1.3723e-05 7.66162e-05
-1.98795e-05 7.66162e-05 -5.40828e-06

5.39643e-06 -2.18981e-07 4.17627e-06
-2.18981e-07 6.32318e-06 -5.62602e-05
4.17627e-06 -5.62602e-05 -5.71996e-05

-1.59302e-06 -1.0369e-05 -1.818e-05
-1.0369e-05 1.60139e-05 7.04847e-05
-1.818e-05 7.04847e-05 -3.62091e-06

8.95589e-06 -3.25506e-06 4.18648e-06
-3.25506e-06 4.44856e-06 -4.18073e-05
4.18648e-06 -4.18073e-05 -4.24458e-05

1.54248e-05 1.31608e-05 -7.28136e-05
1.31608e-05 1.17144e-05 -7.39007e-05
-7.28136e-05 -7.39007e-05 -7.43875e-05

7.42489e-06 2.87951e-06 6.59451e-06
2.87951e-06 1.06829e-05 -4.48928e-05
6.59451e-06 -4.48928e-05 -4.48354e-05

1.37568e-07 1.03781e-06 1.27043e-05
1.03781e-06 -4.79138e-06 -1.35608e-07
1.27043e-05 -1.35608e-07 1.04759e-05

-7.43681e-07 1.8672e-06 -6.0402e-06
1.8672e-06 2.62924e-06 -2.74551e-05
-6.0402e-06 -2.74551e-05 9.40085e-06

-4.79704e-07 -8.48999e-07 5.60106e-06
-8.48999e-07 -8.42529e-07 -1.29073e-05
5.60106e-06 -1.29073e-05 3.29638e-06

-4.6607e-06 2.1296e-06 2.93279e-06
2.1296e-06 -1.64482e-06 -2.85024e-06
2.93279e-06 -2.85024e-06 3.98799e-06

5.67796e-06 -3.12192e-06 1.87277e-05
-3.12192e-06 4.84533e-06 -4.70096e-05
1.87277e-05 -4.70096e-05 -5.40696e-05

4.46833e-08 -5.86603e-06 2.88587e-05
-5.86603e-06 6.646e-06 -6.2879e-05
2.88587e-05 -6.2879e-05 -1.14769e-05

-2.15169e-06 1.4021e-07 8.44037e-06
1.4021e-07 -3.45774e-06 -5.35807e-06
8.44037e-06 -5.35807e-06 6.70968e-06

-1.72382e-06 2.62821e-06 2.39465e-05
2.62821e-06 1.20829e-05 -4.97401e-05
2.39465e-05 -4.97401e-05 -5.75994e-05

-5.28865e-06 2.41038e-06 4.76497e-06
2.41038e-06 -1.7006e-06 -3.38469e-06
4.76497e-06 -3.38469e-06 -1.9532e-07

6.02629e-06 3.08638e-06 -1.65529e-05
3.08638e-06 -5.30972e-07 -4.58858e-06
-1.65529e-05 -4.58858e-06 -2.47223e-05

1.42556e-05 1.13649e-05 4.52863e-05
1.13649e-05 1.92582e-07 1.39627e-05
4.52863e-05 1.39627e-05 -2.69947e-05

4.73295e-06 3.23818e-06 9.54998e-06
3.23818e-06 -7.84255e-06 1.67576e-05
9.54998e-06 1.67576e-05 -4.65089e-06

3.77889e-06 3.27268e-06 -3.44085e-05
3.27268e-06 -1.73893e-07 -1.0036e-05
-3.44085e-05 -1.0036e-05 -3.77565e-05

6.09728e-06 -1.58046e-06 -6.97374e-06
-1.58046e-06 6.07703e-06 -5.72359e-05
-6.97374e-06 -5.72359e-05 -7.94448e-05

1.27731e-05 -7.90912e-06 -2.76734e-05
-7.90912e-06 6.67817e-06 5.44427e-05
-2.76734e-05 5.44427e-05 -3.9775e-05

-3.46815e-06 8.60515e-07 -4.69603e-06
8.60515e-07 -4.81743e-06 8.19244e-06
-4.69603e-06 8.19244e-06 5.67867e-06

2.30952e-06 -5.30569e-06 -1.68884e-05
-5.30569e-06 1.52138e-05 5.99686e-05
-1.68884e-05 5.99686e-05 -4.35526e-05

2.03111e-05 -5.02123e-06 -5.00502e-05
-5.02123e-06 -2.22676e-06 -5.44316e-06
-5.00502e-05 -5.44316e-06 -5.72496e-05

8.88283e-07 8.58441e-07 1.06494e-05
8.58441e-07 -3.45868e-06 -5.0445e-06
1.06494e-05 -5.0445e-06 -6.95923e-06

4.56792e-06 3.50898e-06 -8.68432e-06
3.50898e-06 7.66024e-06 -2.7245e-05
-8.68432e-06 -2.7245e-05 -4.94786e-05

-9.16889e-06 -1.3889e-06 -2.16644e-07
-1.3889e-06 -5.17304e-06 3.62132e-06
-2.16644e-07 3.62132e-06 1.65989e-05

1.56782e-05 3.84331e-06 -7.19769e-05
3.84331e-06 -8.22956e-06 -2.70526e-06
-7.19769e-05 -2.70526e-06 1.92159e-05

-1.37384e-07 7.09608e-07 1.10559e-05
7.09608e-07 1.8033e-06 5.77055e-06
1.10559e-05 5.77055e-06 1.75369e-08

1.18338e-07 2.20251e-06 -6.11115e-06
2.20251e-06 -5.19169e-06 -2.84006e-07
-6.11115e-06 -2.84006e-07 5.6573e-06

-3.57489e-06 2.53153e-06 -2.8807e-06
2.53153e-06 -3.71324e-06 3.05815e-06
-2.8807e-06 3.05815e-06 9.77227e-06

2.5256e-05 -9.73189e-07 5.95942e-05
-9.73189e-07 1.92794e-05 6.29852e-05
5.95942e-05 6.29852e-05 -7.15537e-05

1.35031e-05 9.70945e-07 -2.71905e-05
9.70945e-07 -2.29482e-08 -3.27658e-06
-2.71905e-05 -3.27658e-06 -4.14359e-05

3.65389e-05 -9.47844e-06 5.78759e-05
-9.47844e-06 1.29521e-05 4.97269e-05
5.78759e-05 4.97269e-05 -8.79188e-05

2.79435e-05 -1.08177e-05 -2.59493e-05
-1.08177e-05 1.53925e-05 1.43458e-05
-2.59493e-05 1.43458e-05 -6.59107e-05

2.39734e-05 1.32918e-06 -4.57421e-05
1.32918e-06 3.09932e-07 2.05962e-06
-4.57421e-05 2.05962e-06 -1.29617e-05

1.9955e-05 1.32196e-05 7.33794e-05
1.32196e-05 4.05374e-05 -2.41644e-06
7.33794e-05 -2.41644e-06 -8.61079e-05

-2.03066e-06 3.88796e-06 -2.98542e-06
3.88796e-06 -2.57797e-06 3.03927e-06
-2.98542e-06 3.03927e-06 9.68426e-06

-1.22094e-06 -1.36973e-06 2.06341e-06
-1.36973e-06 -4.2865e-06 6.945e-06
2.06341e-06 6.945e-06 4.98509e-07

-3.45428e-07 -9.82479e-07 5.18927e-07
-9.82479e-07 -4.74354e-06 -3.66412e-07
5.18927e-07 -3.66412e-07 7.23085e-06

2.63329e-05 -1.39355e-05 -2.02902e-05
-1.39355e-05 7.40764e-06 9.52474e-06
-2.02902e-05 9.52474e-06 -6.22191e-05

2.62426e-06 -5.09442e-06 -7.30732e-06
-5.09442e-06 -2.0843e-06 -4.36938e-06
-7.30732e-06 -4.36938e-06 -1.33007e-05

2.46981e-05 5.17485e-08 -3.24319e-05
5.17485e-08 -3.31245e-07 -9.55524e-06
-3.24319e-05 -9.55524e-06 -1.71453e-05

-9.00102e-07 -3.32584e-06 5.05115e-06
-3.32584e-06 -6.87427e-06 -4.06909e-06
5.05115e-06 -4.06909e-06 2.06075e-05

2.06835e-05 6.76194e-06 5.14769e-05
6.76194e-06 2.10604e-05 0.000107829
5.14769e-05 0.000107829 -3.88015e-05

1.978e-05 9.92571e-06 6.37467e-05
9.92571e-06 1.18612e-05 4.65889e-05
6.37467e-05 4.65889e-05 -2.78107e-05

2.76155e-05 -1.38211e-05 -2.93175e-05
-1.38211e-05 7.28218e-06 5.78735e-06
-2.93175e-05 5.78735e-06 -6.20845e-05

1.68355e-05 1.57747e-05 6.39587e-05
1.57747e-05 3.98624e-05 1.5199e-05
6.39587e-05 1.5199e-05 -4.54411e-05

1.02636e-05 -2.75605e-06 -7.60819e-05
-2.75605e-06 9.00376e-08 2.13538e-05
-7.60819e-05 2.13538e-05 -6.13871e-05

2.15895e-06 3.31761e-06 -8.84188e-05
3.31761e-06 -3.45439e-06 2.23374e-05
-8.84188e-05 2.23374e-05 -1.23967e-05

-3.94173e-06 -2.5632e-06 1.55138e-06
-2.5632e-06 -2.51163e-06 4.19512e-06
1.55138e-06 4.19512e-06 1.95146e-06

2.56421e-05 8.50718e-06 -6.6765e-05
8.50718e-06 5.20543e-06 -3.2438e-05
-6.6765e-05 -3.2438e-05 -4.23885e-05

1.55563e-05 -7.35806e-06 -7.3789e-05
-7.35806e-06 2.72071e-05 4.84164e-05
-7.3789e-05 4.84164e-05 -2.4005e-06

2.58333e-07 -1.30559e-06 -3.98841e-06
-1.30559e-06 1.48583e-06 1.35566e-06
-3.98841e-06 1.35566e-06 -2.66717e-05

-2.3245e-06 -4.14863e-06 8.61512e-07
-4.14863e-06 -3.9222e-06 -7.55788e-06
8.61512e-07 -7.55788e-06 8.61765e-06

1.15359e-05 -1.10662e-05 -4.78216e-05
-1.10662e-05 3.72491e-05 9.56229e-05
-4.78216e-05 9.56229e-05 -0.000129949

1.94034e-05 -3.60942e-06 -7.12986e-05
-3.60942e-06 4.05927e-06 4.04658e-05
-7.12986e-05 4.04658e-05 -6.21561e-05

9.93936e-07 -1.522e-06 4.14868e-05
-1.522e-06 -5.28458e-06 4.88362e-06
4.14868e-05 4.88362e-06 2.0323e-05

3.85381e-06 -1.3355e-06 -1.22075e-05
-1.3355e-06 8.40136e-06 5.16207e-05
-1.22075e-05 5.16207e-05 8.19556e-06

4.08631e-06 -3.2019e-06 -1.11799e-05
-3.2019e-06 2.00418e-05 6.00415e-05
-1.11799e-05 6.00415e-05 -7.04023e-05

1.57215e-05 -3.24813e-07 1.71869e-05
-3.24813e-07 -5.5474e-06 -4.29936e-06
1.71869e-05 -4.29936e-06 -4.65696e-05

-6.20617e-06 -3.28886e-06 -3.88894e-05
-3.28886e-06 8.66627e-06 6.50566e-05
-3.88894e-05 6.50566e-05 -1.53776e-05

1.00591e-05 -9.42804e-06 -1.9985e-05
-9.42804e-06 4.43036e-06 4.2801e-05
-1.9985e-05 4.2801e-05 1.42172e-05

8.7548e-06 -3.57022e-07 -8.26989e-05
-3.57022e-07 9.74755e-06 3.9453e-05
-8.26989e-05 3.9453e-05 -1.23391e-05

1.57833e-05 2.65136e-06 -3.2153e-06
2.65136e-06 3.73734e-05 2.96296e-05
-3.2153e-06 2.96296e-05 -0.000109453

2.22605e-05 1.22144e-06 -1.2071e-05
1.22144e-06 1.37253e-05 4.97038e-05
-1.2071e-05 4.97038e-05 1.83155e-05

-4.26022e-06 -4.30761e-07 5.01755e-05
-4.30761e-07 2.68914e-06 3.55776e-05
5.01755e-05 3.55776e-05 -2.6738e-06

2.57001e-05 -1.27539e-05 -2.88539e-05
-1.27539e-05 2.46934e-05 -4.32081e-06
-2.88539e-05 -4.32081e-06 -0.000124131

-9.04622e-07 -2.95647e-07 6.22528e-06
-2.95647e-07 -4.22061e-07 -7.96029e-06
6.22528e-06 -7.96029e-06 -1.84013e-05

2.12809e-06 -1.01391e-05 6.61576e-07
-1.01391e-05 3.07725e-06 7.46989e-05
6.61576e-07 7.46989e-05 -4.1989e-05

2.94994e-05 -2.27933e-05 1.14288e-05
-2.27933e-05 3.2838e-05 8.74377e-06
1.14288e-05 8.74377e-06 -6.86962e-05

1.80985e-06 -3.90817e-05 2.52014e-05
-3.90817e-05 4.48118e-05 -1.0981e-05
2.52014e-05 -1.0981e-05 -3.96246e-05

1.65942e-05 6.84982e-06 -3.19135e-05
6.84982e-06 3.95279e-05 -4.30811e-06
-3.19135e-05 -4.30811e-06 -0.000124401

1.95079e-07 -6.26911e-07 4.60728e-05
-6.26911e-07 1.28664e-06 6.59321e-06
4.60728e-05 6.59321e-06 2.89614e-05

-8.64167e-06 -1.40304e-06 -1.1906e-06
-1.40304e-06 -5.6927e-06 5.5732e-06
-1.1906e-06 5.5732e-06 1.12668e-05

3.4136e-07 1.28483e-06 2.84635e-05
1.28483e-06 -1.78903e-06 2.02353e-05
2.84635e-05 2.02353e-05 3.09088e-05

1.2635e-06 1.34036e-06 4.68202e-06
1.34036e-06 -3.71193e-06 -7.10524e-06
4.68202e-06 -7.10524e-06 1.77563e-06

6.94897e-06 5.05144e-06 5.11751e-05
5.05144e-06 2.45342e-06 4.15331e-05
5.11751e-05 4.15331e-05 2.73601e-05

-3.50798e-06 -2.39809e-07 3.47725e-06
-2.39809e-07 -3.80869e-06 1.9014e-06
3.47725e-06 1.9014e-06 6.54265e-06

2.08773e-06 -1.15815e-06 -3.24165e-06
-1.15815e-06 4.19938e-06 -1.17925e-06
-3.24165e-06 -1.17925e-06 -7.7407e-06

7.94641e-06 1.7078e-06 8.26218e-05
1.7078e-06 6.0833e-06 1.10428e-05
8.26218e-05 1.10428e-05 -5.4729e-05

-1.62136e-06 5.73875e-06 3.33536e-05
5.73875e-06 6.75385e-06 5.41162e-05
3.33536e-05 5.41162e-05 -1.19658e-05

-4.87185e-06 -1.821e-06 1.3436e-06
-1.821e-06 2.47757e-07 6.05656e-07
1.3436e-06 6.05656e-07 6.11256e-06

-1.05349e-05 4.65901e-07 -6.3602e-06
4.65901e-07 -5.43062e-06 5.29404e-07
-6.3602e-06 5.29404e-07 1.6341e-05

8.56638e-07 3.31776e-07 3.79231e-05
3.31776e-07 -1.03685e-06 1.39267e-05
3.79231e-05 1.39267e-05 -2.00295e-05

-2.17429e-06 -4.27072e-06 -6.67839e-07
-4.27072e-06 -3.02817e-06 6.92092e-06
-6.67839e-07 6.92092e-06 2.71964e-05

-2.36703e-06 -4.2101e-06 2.97549e-06
-4.2101e-06 -5.04226e-07 -6.13484e-06
2.97549e-06 -6.13484e-06 1.41067e-05

-1.62004e-06 -8.24345e-07 1.62888e-06
-8.24345e-07 -4.09423e-06 4.74991e-06
1.62888e-06 4.74991e-06 4.06519e-06

4.36201e-07 2.62095e-08 2.05471e-06
2.62095e-08 -2.77331e-06 4.53521e-07
2.05471e-06 4.53521e-07 -2.3656e-06

3.17929e-05 4.83435e-06 -7.37058e-05
4.83435e-06 3.34976e-06 -1.58667e-05
-7.37058e-05 -1.58667e-05 -7.26966e-05

1.09744e-05 7.37472e-06 -6.5613e-05
7.37472e-06 2.78206e-05 -8.84705e-05
-6.5613e-05 -8.84705e-05 -6.84206e-05

-1.85166e-06 3.68126e-06 6.4373e-06
3.68126e-06 -9.06572e-06 -8.48991e-06
6.4373e-06 -8.48991e-06 -9.79637e-06

3.17448e-05 8.0318e-06 -0.000108979
8.0318e-06 1.33581e-05 -0.000117064
-0.000108979 -0.000117064 -1.13799e-05

3.29305e-05 6.77917e-06 -9.13498e-05
6.77917e-06 1.09364e-05 -0.000102637
-9.13498e-05 -0.000102637 -4.0968e-05

9.19412e-06 4.62795e-07 -5.71403e-05
4.62795e-07 -3.61966e-06 7.49173e-06
-5.71403e-05 7.49173e-06 6.09323e-06

-6.58092e-06 1.84526e-06 -8.85862e-06
1.84526e-06 1.83281e-06 6.06251e-06
-8.85862e-06 6.06251e-06 -8.56008e-06

-2.23832e-06 -3.38344e-06 7.70238e-06
-3.38344e-06 -6.10473e-06 1.36309e-06
7.70238e-06 1.36309e-06 2.12239e-05

1.13341e-05 -1.36921e-06 -8.8816e-05
-1.36921e-06 1.84524e-06 -2.07947e-06
-8.8816e-05 -2.07947e-06 -1.5147e-05

1.66569e-05 -1.13682e-06 -0.000100475
-1.13682e-06 6.55795e-06 -1.22564e-06
-0.000100475 -1.22564e-06 -0.000129228

1.41019e-06 1.31226e-07 9.06095e-06
1.31226e-07 9.9681e-07 1.07239e-06
9.06095e-06 1.07239e-06 -2.78283e-07

2.37038e-05 -5.35546e-07 -4.61936e-05
-5.35546e-07 7.71962e-06 -1.62725e-05
-4.61936e-05 -1.62725e-05 -8.4636e-05

1.70337e-05 -8.28932e-07 -2.0539e-05
-8.28932e-07 9.44654e-06 -1.50463e-05
-2.0539e-05 -1.50463e-05 -4.52008e-05

1.20472e-06 -3.96668e-06 -1.2329e-05
-3.96668e-06 1.98402e-05 5.99227e-05
-1.2329e-05 5.99227e-05 -4.67969e-05

2.48752e-05 -3.65442e-06 -3.56405e-05
-3.65442e-06 1.48638e-05 -3.47035e-05
-3.56405e-05 -3.47035e-05 -7.01278e-05

6.95689e-06 5.28578e-06 5.17832e-05
5.28578e-06 9.12104e-06 6.44111e-05
5.17832e-05 6.44111e-05 -1.78979e-05

8.16924e-06 1.07121e-06 5.36558e-05
1.07121e-06 7.90096e-06 6.18377e-05
5.36558e-05 6.18377e-05 -1.59817e-05

1.05178e-05 3.23279e-06 9.94864e-05
3.23279e-06 7.87246e-06 3.58865e-05
9.94864e-05 3.58865e-05 -4.56954e-05

1.0095e-05 1.0658e-05 -6.28669e-05
1.0658e-05 1.83304e-05 -9.48554e-05
-6.28669e-05 -9.48554e-05 -7.15917e-05

-1.92004e-06 -1.88077e-06 -1.07483e-08
-1.88077e-06 -3.47266e-06 4.95552e-06
-1.07483e-08 4.95552e-06 9.46623e-06

-4.94538e-06 -1.26918e-06 -2.8473e-07
-1.26918e-06 -8.18901e-06 -2.22483e-06
-2.8473e-07 -2.22483e-06 3.31145e-05

1.56796e-05 7.68542e-06 4.34543e-05
7.68542e-06 2.9048e-06 2.13299e-05
4.34543e-05 2.13299e-05 -2.56579e-05

6.39179e-06 8.11414e-07 -2.91416e-05
8.11414e-07 -2.46604e-06 -1.11383e-05
-2.91416e-05 -1.11383e-05 -2.19909e-05

9.79071e-06 1.1328e-05 9.62193e-06
1.1328e-05 1.35787e-05 1.84889e-05
9.62193e-06 1.84889e-05 -2.07493e-05

9.12531e-06 5.77007e-07 5.07147e-05
5.77007e-07 1.08185e-06 -0.000112438
5.07147e-05 -0.000112438 3.47487e-06

4.21895e-06 -1.49705e-06 -3.06412e-06
-1.49705e-06 -1.72621e-06 2.93743e-06
-3.06412e-06 2.93743e-06 -2.43006e-05

1.36316e-05 1.30129e-05 -9.21927e-06
1.30129e-05 2.65098e-05 -1.89534e-05
-9.21927e-06 -1.89534e-05 -8.63782e-05

1.53447e-05 1.39503e-05 -4.85717e-06
1.39503e-05 1.0164e-05 -7.93506e-06
-4.85717e-06 -7.93506e-06 -6.54646e-05

8.2276e-06 2.0626e-06 -9.88062e-06
2.0626e-06 -5.88644e-06 -2.05469e-06
-9.88062e-06 -2.05469e-06 -6.14691e-05

1.19463e-06 -1.3252e-06 -7.96104e-06
-1.3252e-06 5.27466e-07 1.01662e-05
-7.96104e-06 1.01662e-05 -8.47087e-07

8.89435e-07 1.26954e-06 3.82686e-06
1.26954e-06 -3.59066e-06 -7.48261e-06
3.82686e-06 -7.48261e-06 1.65407e-07

1.72225e-05 -1.72725e-06 -2.71302e-05
-1.72725e-06 4.35597e-06 -5.46741e-06
-2.71302e-05 -5.46741e-06 -1.74007e-05

1.63256e-06 -3.26784e-06 2.83269e-05
-3.26784e-06 -3.84671e-06 5.07492e-05
2.83269e-05 5.07492e-05 5.07028e-05

2.87936e-06 4.06346e-06 1.784e-05
4.06346e-06 1.35021e-06 7.36702e-05
1.784e-05 7.36702e-05 -1.91553e-05

2.00628e-05 -1.47571e-06 -2.92224e-05
-1.47571e-06 -3.96679e-06 -9.34928e-06
-2.92224e-05 -9.34928e-06 -1.74969e-05

8.44344e-06 5.50765e-06 4.49597e-05
5.50765e-06 1.43874e-05 9.68658e-05
4.49597e-05 9.68658e-05 -4.51801e-05

9.44323e-06 1.73251e-05 7.17076e-05
1.73251e-05 1.10324e-05 8.72342e-05
7.17076e-05 8.72342e-05 -7.61182e-05

1.519e-05 1.53244e-05 -2.98014e-06
1.53244e-05 2.9924e-05 -9.17229e-06
-2.98014e-06 -9.17229e-06 -8.0784e-05

5.11541e-06 1.30804e-06 4.82959e-05
1.30804e-06 1.03898e-05 6.86792e-05
4.82959e-05 6.86792e-05 1.66391e-05

1.66514e-05 1.66238e-06 -3.00469e-05
1.66238e-06 -1.58901e-06 -1.64896e-06
-3.00469e-05 -1.64896e-06 5.52587e-06

-1.27259e-06 6.83486e-06 1.43168e-05
6.83486e-06 5.06167e-06 3.97605e-05
1.43168e-05 3.97605e-05 -8.60072e-05

-1.80202e-05 -7.40522e-07 1.95803e-06
-7.40522e-07 1.04621e-05 -4.1337e-06
1.95803e-06 -4.1337e-06 2.01347e-05

6.51426e-06 6.55336e-06 2.68599e-05
6.55336e-06 8.41759e-06 2.03979e-05
2.68599e-05 2.03979e-05 -5.02985e-05

-1.25372e-06 2.77589e-07 6.953e-06
2.77589e-07 -3.61856e-06 -4.61875e-06
6.953e-06 -4.61875e-06 4.0322e-06

1.92611e-05 5.84126e-06 -2.24146e-05
5.84126e-06 1.33366e-06 -9.16027e-06
-2.24146e-05 -9.16027e-06 -1.99737e-05

6.39489e-06 1.07287e-05 1.12809e-06
1.07287e-05 6.05046e-06 1.25847e-05
1.12809e-06 1.25847e-05 -4.656e-05

-2.97442e-06 5.37525e-06 1.25308e-05
5.37525e-06 9.12969e-06 1.3678e-05
1.25308e-05 1.3678e-05 5.25995e-06

1.47894e-05 -3.94719e-06 -4.13135e-05
-3.94719e-06 -6.37964e-06 -1.73049e-05
-4.13135e-05 -1.73049e-05 -3.60897e-05

5.4518e-06 1.10215e-05 7.77636e-06
1.10215e-05 1.68842e-05 -1.22197e-08
7.77636e-06 -1.22197e-08 -5.98198e-05

6.33171e-06 9.03183e-06 -3.4821e-06
9.03183e-06 1.34232e-05 -7.06934e-06
-3.4821e-06 -7.06934e-06 -4.8584e-05

5.11577e-06 9.39991e-06 -1.1242e-05
9.39991e-06 1.50722e-05 -1.84464e-05
-1.1242e-05 -1.84464e-05 -1.80286e-06

6.98804e-06 5.75586e-06 1.19469e-05
5.75586e-06 1.53752e-05 -2.57339e-05
1.19469e-05 -2.57339e-05 -5.51987e-05

1.09942e-05 2.01864e-06 -2.6203e-05
2.01864e-06 2.86609e-06 -2.79238e-05
-2.6203e-05 -2.79238e-05 -2.73172e-05

5.13569e-06 -1.85801e-06 -3.20714e-06
-1.85801e-06 3.95923e-06 -3.1661e-05
-3.20714e-06 -3.1661e-05 -1.93819e-05

3.65716e-06 3.31315e-06 -2.74927e-05
3.31315e-06 1.59262e-06 -3.19424e-05
-2.74927e-05 -3.19424e-05 -3.75229e-05

8.21351e-06 3.82015e-06 5.0471e-05
3.82015e-06 8.37415e-06 9.306e-05
5.0471e-05 9.306e-05 -1.92172e-06

-8.24708e-06 -2.63563e-06 -2.44131e-05
-2.63563e-06 1.8679e-06 1.65844e-05
-2.44131e-05 1.65844e-05 1.01642e-06

3.06317e-06 -1.72062e-06 -2.21493e-05
-1.72062e-06 5.12095e-06 -6.12001e-05
-2.21493e-05 -6.12001e-05 -7.71199e-06

-1.17946e-06 -1.15453e-06 -1.2196e-05
-1.15453e-06 2.37725e-05 -5.75231e-05
-1.2196e-05 -5.75231e-05 -7.55039e-05

1.08293e-05 1.66692e-05 -4.74019e-05
1.66692e-05 1.3398e-05 -6.85359e-05
-4.74019e-05 -6.85359e-05 -6.17769e-05

5.4048e-07 1.54163e-06 -4.0439e-06
1.54163e-06 7.20368e-06 -2.84668e-06
-4.0439e-06 -2.84668e-06 -3.14054e-05

-3.13685e-06 -1.83062e-06 -2.70304e-06
-1.83062e-06 -2.58943e-06 -3.76674e-07
-2.70304e-06 -3.76674e-07 -9.76902e-07

6.42647e-06 2.05565e-05 5.72962e-06
2.05565e-05 2.86483e-05 -1.04182e-05
5.72962e-06 -1.04182e-05 -8.09801e-05

2.75257e-06 1.77157e-06 -2.62707e-06
1.77157e-06 -5.81031e-06 1.03442e-06
-2.62707e-06 1.03442e-06 8.72224e-06

2.09244e-05 -4.68196e-06 8.15139e-05
-4.68196e-06 8.88379e-07 -3.51206e-05
8.15139e-05 -3.51206e-05 -4.13323e-05

-8.03343e-06 -6.15443e-07 -9.83431e-06
-6.15443e-07 -3.21678e-07 -8.44341e-07
-9.83431e-06 -8.44341e-07 1.68126e-05

2.07484e-06 3.07192e-06 1.82268e-05
3.07192e-06 6.67294e-07 9.56406e-06
1.82268e-05 9.56406e-06 -5.12902e-05

7.39244e-06 2.00284e-05 -1.32175e-08
2.00284e-05 2.47515e-05 -2.01088e-05
-1.32175e-08 -2.01088e-05 -8.61662e-05

3.81667e-05 6.38454e-06 -9.45737e-05
6.38454e-06 -1.72913e-05 3.08357e-06
-9.45737e-05 3.08357e-06 -3.1838e-05

1.45855e-05 -1.17731e-05 -8.70808e-05
-1.17731e-05 -1.46373e-06 1.07678e-05
-8.70808e-05 1.07678e-05 -2.60718e-05

2.51823e-05 8.8822e-06 -4.66093e-05
8.8822e-06 2.68352e-06 -1.67098e-05
-4.66093e-05 -1.67098e-05 -3.33334e-05

-3.08512e-06 -3.25637e-06 -3.1923e-05
-3.25637e-06 -9.95556e-06 -3.39446e-05
-3.1923e-05 -3.39446e-05 6.95295e-05

2.40636e-06 -3.67294e-06 1.9964e-06
-3.67294e-06 5.23545e-06 -4.33479e-06
1.9964e-06 -4.33479e-06 1.39702e-06

3.83683e-06 -1.29186e-07 6.39832e-06
-1.29186e-07 8.48328e-06 -4.20848e-05
6.39832e-06 -4.20848e-05 -1.75118e-05

2.13244e-05 -3.22047e-06 3.84552e-05
-3.22047e-06 -1.39497e-06 -1.53879e-05
3.84552e-05 -1.53879e-05 -3.73726e-05

-3.95008e-06 -3.28031e-06 -8.65671e-07
-3.28031e-06 -3.65352e-06 5.37347e-06
-8.65671e-07 5.37347e-06 4.25132e-06

8.55362e-06 -2.28232e-06 2.86038e-05
-2.28232e-06 5.42074e-06 -1.40267e-05
2.86038e-05 -1.40267e-05 -5.51237e-05

-1.14436e-06 2.83034e-06 1.75701e-05
2.83034e-06 1.86558e-05 2.95982e-05
1.75701e-05 2.95982e-05 -4.60367e-05

-7.29331e-06 -2.0642e-06 -2.93825e-06
-2.0642e-06 -3.62593e-07 7.62257e-06
-2.93825e-06 7.62257e-06 3.02053e-06

1.17075e-06 -3.09252e-06 1.33901e-05
-3.09252e-06 2.22561e-05 5.16438e-05
1.33901e-05 5.16438e-05 -4.96441e-05

6.69756e-06 -7.28908e-07 5.23413e-06
-7.28908e-07 5.68843e-06 -9.53411e-06
5.23413e-06 -9.53411e-06 -2.55221e-06

-2.4923e-06 -6.98701e-07 -5.0679e-08
-6.98701e-07 -2.10419e-06 8.09032e-06
-5.0679e-08 8.09032e-06 3.16471e-06

2.75744e-06 6.14714e-07 5.24544e-06
6.14714e-07 2.51923e-05 1.34738e-05
5.24544e-06 1.34738e-05 -7.18219e-05

-4.32595e-06 2.5765e-07 -8.28539e-06
2.5765e-07 -3.58367e-07 -1.10676e-05
-8.28539e-06 -1.10676e-05 -7.20279e-06

1.52289e-05 -4.45295e-06 2.41167e-05
-4.45295e-06 1.44754e-05 -2.55415e-05
2.41167e-05 -2.55415e-05 -5.75172e-05

-7.38305e-06 -1.09334e-06 2.92474e-07
-1.09334e-06 2.92538e-07 3.77555e-05
2.92474e-07 3.77555e-05 4.41438e-05

-6.93123e-06 -5.89595e-06 -6.13049e-06
-5.89595e-06 1.89762e-06 1.63078e-05
-6.13049e-06 1.63078e-05 2.23841e-06

6.66117e-06 1.26736e-05 -1.31144e-05
1.26736e-05 1.7312e-05 -2.12714e-05
-1.31144e-05 -2.12714e-05 -6.45061e-05

-7.9917e-06 -2.03034e-06 3.05959e-06
-2.03034e-06 3.7285e-08 3.77112e-05
3.05959e-06 3.77112e-05 4.7168e-05

-7.7445e-06 -1.80014e-06 -2.21374e-06
-1.80014e-06 1.40742e-07 3.63464e-05
-2.21374e-06 3.63464e-05 4.62958e-05

6.03976e-07 2.14705e-06 -3.05266e-06
2.14705e-06 -1.52549e-06 6.41107e-06
-3.05266e-06 6.41107e-06 -1.59337e-05

-6.13069e-06 -3.14127e-06 3.12441e-05
-3.14127e-06 6.83866e-07 1.80104e-05
3.12441e-05 1.80104e-05 -2.46666e-05

-3.88748e-06 6.66766e-06 2.71837e-05
6.66766e-06 3.24958e-06 4.05721e-05
2.71837e-05 4.05721e-05 4.28841e-05

1.69842e-05 -2.87627e-07 -2.82013e-05
-2.87627e-07 3.05459e-07 -5.3001e-06
-2.82013e-05 -5.3001e-06 -1.36624e-05

-2.11056e-06 3.56888e-06 3.171e-05
3.56888e-06 8.51265e-06 5.65583e-05
3.171e-05 5.65583e-05 -9.16716e-06

3.21284e-05 -7.58662e-06 -8.16172e-06
-7.58662e-06 -2.37745e-07 4.43014e-06
-8.16172e-06 4.43014e-06 -1.28418e-05

1.61756e-07 -1.18841e-05 -5.47029e-05
-1.18841e-05 1.41977e-05 8.6895e-05
-5.47029e-05 8.6895e-05 -7.216e-06

5.29525e-06 -1.4836e-06 3.4074e-05
-1.4836e-06 1.73977e-05 9.91624e-05
3.4074e-05 9.91624e-05 -5.18908e-05

1.4829e-06 -5.05809e-07 2.20767e-05
-5.05809e-07 -5.91848e-06 4.67129e-06
2.20767e-05 4.67129e-06 -7.77623e-06

-4.81137e-06 -4.05197e-08 1.89796e-05
-4.05197e-08 -2.50143e-06 -8.92183e-07
1.89796e-05 -8.92183e-07 1.28247e-05

-8.1569e-07 -1.48282e-06 -1.32525e-06
-1.48282e-06 -1.05091e-05 4.09593e-06
-1.32525e-06 4.09593e-06 9.7869e-06

-2.94162e-06 -2.36325e-06 -6.79605e-06
-2.36325e-06 -2.19733e-06 4.69715e-06
-6.79605e-06 4.69715e-06 3.23673e-07

-9.22819e-08 2.60089e-06 -1.798e-06
2.60089e-06 -1.19384e-06 -4.00379e-06
-1.798e-06 -4.00379e-06 7.94879e-06

1.30249e-05 -1.0282e-05 -2.12821e-05
-1.0282e-05 1.24475e-05 5.29813e-05
-2.12821e-05 5.29813e-05 -8.57057e-05

-4.78089e-06 -2.32967e-06 7.45492e-06
-2.32967e-06 -1.02294e-06 -5.95172e-07
7.45492e-06 -5.95172e-07 2.19694e-05

5.41494e-06 -2.53888e-06 -2.28443e-05
-2.53888e-06 1.75112e-05 8.85562e-05
-2.28443e-05 8.85562e-05 -4.13713e-05

-1.69767e-06 -2.29533e-05 -3.50648e-06
-2.29533e-05 2.73529e-05 5.0272e-05
-3.50648e-06 5.0272e-05 3.19161e-05

1.58894e-06 1.86865e-06 2.84873e-06
1.86865e-06 2.19477e-06 6.01829e-06
2.84873e-06 6.01829e-06 -5.75186e-06

1.1783e-06 3.83353e-06 -8.63182e-06
3.83353e-06 -1.00205e-05 6.28804e-05
-8.63182e-06 6.28804e-05 2.01188e-05

1.23866e-05 5.42346e-06 3.3946e-05
5.42346e-06 1.2941e-05 0.000104699
3.3946e-05 0.000104699 -5.42778e-05

-8.96399e-06 -8.73503e-07 -1.51752e-05
-8.73503e-07 -2.22646e-06 -7.68483e-07
-1.51752e-05 -7.68483e-07 2.96048e-06

3.35635e-05 -6.91537e-06 2.84978e-05
-6.91537e-06 2.14404e-06 -1.22208e-05
2.84978e-05 -1.22208e-05 -6.2656e-05

2.08945e-05 7.93496e-06 -4.44033e-05
7.93496e-06 6.33897e-06 -4.46338e-05
-4.44033e-05 -4.46338e-05 -5.17405e-05

2.09308e-05 -5.28174e-06 -2.03021e-05
-5.28174e-06 -2.19829e-06 1.98649e-05
-2.03021e-05 1.98649e-05 -3.73531e-05

-7.17989e-06 1.53681e-06 -3.79152e-06
1.53681e-06 -6.17613e-06 6.3883e-06
-3.79152e-06 6.3883e-06 7.29534e-07

6.18896e-06 -1.41257e-06 1.86788e-05
-1.41257e-06 1.53755e-05 0.000103981
1.86788e-05 0.000103981 5.78806e-06

1.39564e-06 2.11499e-07 6.43738e-06
2.11499e-07 2.29868e-05 0.000100879
6.43738e-06 0.000100879 -1.84822e-05

-2.03911e-06 9.68584e-07 6.75961e-06
9.68584e-07 -3.66944e-06 -1.85347e-06
6.75961e-06 -1.85347e-06 -1.54933e-05

1.45495e-06 7.55613e-06 1.43437e-05
7.55613e-06 1.2315e-05 3.27934e-06
1.43437e-05 3.27934e-06 -2.98794e-05

1.31003e-06 6.55942e-07 7.03561e-06
6.55942e-07 2.39483e-05 9.96371e-05
7.03561e-06 9.96371e-05 -5.65673e-05

-3.20891e-06 1.48472e-06 -1.37893e-05
1.48472e-06 2.80508e-05 7.9817e-05
-1.37893e-05 7.9817e-05 -2.11871e-05

5.24344e-06 -6.56258e-06 6.31849e-06
-6.56258e-06 3.0588e-05 8.01906e-05
6.31849e-06 8.01906e-05 -4.76912e-05

6.99527e-07 2.74437e-06 -1.27541e-05
2.74437e-06 3.00068e-05 6.29055e-05
-1.27541e-05 6.29055e-05 -0.000104343

7.54915e-07 1.36125e-06 -1.09619e-05
1.36125e-06 3.71272e-05 4.31874e-05
-1.09619e-05 4.31874e-05 -6.92132e-05

-1.20329e-07 -4.163e-06 8.97054e-06
-4.163e-06 2.86985e-05 6.49521e-05
8.97054e-06 6.49521e-05 -0.000104199

3.20178e-07 -4.66174e-06 -1.84928e-05
-4.66174e-06 2.08505e-06 3.50011e-05
-1.84928e-05 3.50011e-05 -8.67486e-06

7.48663e-06 -7.81555e-06 -1.51277e-05
-7.81555e-06 3.39007e-06 2.91423e-05
-1.51277e-05 2.91423e-05 2.14318e-06

-1.79701e-07 -2.91728e-06 7.87178e-06
-2.91728e-06 3.6261e-05 4.52287e-05
7.87178e-06 4.52287e-05 -7.02337e-05

-2.75234e-06 7.12022e-07 5.467e-07
7.12022e-07 1.98333e-05 -3.09931e-06
5.467e-07 -3.09931e-06 -5.77175e-05

-4.8821e-06 2.92624e-06 2.79167e-06
2.92624e-06 1.43702e-05 -1.03847e-05
2.79167e-06 -1.03847e-05 -4.81228e-05

2.43957e-06 -1.58768e-05 -1.96826e-05
-1.58768e-05 1.37634e-05 -1.80486e-05
-1.96826e-05 -1.80486e-05 -4.97926e-05

2.90622e-06 -4.25353e-06 6.45486e-06
-4.25353e-06 4.1573e-06 -2.11117e-05
6.45486e-06 -2.11117e-05 1.79119e-05

-1.80454e-06 3.36468e-07 -1.72769e-07
3.36468e-07 -5.25342e-06 -7.98513e-06
-1.72769e-07 -7.98513e-06 2.098e-06

-8.21515e-07 -4.86491e-09 9.69886e-07
-4.86491e-09 -4.37541e-07 -1.50189e-06
9.69886e-07 -1.50189e-06 -2.08544e-07

5.59078e-06 -1.36919e-05 1.07351e-05
-1.36919e-05 2.36277e-05 -4.6899e-05
1.07351e-05 -4.6899e-05 -6.09404e-05

4.45814e-07 -1.24897e-07 2.10652e-06
-1.24897e-07 -6.75117e-07 -7.0115e-07
2.10652e-06 -7.0115e-07 -2.50384e-06

6.32489e-06 4.62648e-06 4.07221e-05
4.62648e-06 8.04576e-06 9.79812e-05
4.07221e-05 9.79812e-05 -1.59377e-05

-1.99228e-06 -7.21581e-07 2.97506e-05
-7.21581e-07 1.71125e-05 -4.99452e-05
2.97506e-05 -4.99452e-05 4.87071e-05

9.0187e-06 -1.12641e-05 -7.31907e-06
-1.12641e-05 9.00597e-06 -7.64511e-05
-7.31907e-06 -7.64511e-05 -3.76868e-05

3.7488e-06 -5.97629e-06 6.72625e-06
-5.97629e-06 1.05293e-05 -6.46502e-05
6.72625e-06 -6.46502e-05 2.67111e-05

-4.41421e-06 1.26376e-06 -1.34581e-05
1.26376e-06 6.19283e-06 -7.508e-05
-1.34581e-05 -7.508e-05 4.33933e-05

3.58413e-06 -5.71066e-06 2.52964e-05
-5.71066e-06 1.05066e-05 -6.602e-05
2.52964e-05 -6.602e-05 -5.35204e-05

-1.68208e-06 -1.75309e-06 2.70104e-06
-1.75309e-06 -4.09455e-06 7.44011e-06
2.70104e-06 7.44011e-06 -3.80751e-07

3.14302e-05 1.15319e-06 8.19902e-05
1.15319e-06 -1.14311e-06 4.00676e-06
8.19902e-05 4.00676e-06 -2.55034e-05

4.00635e-06 -2.28556e-06 -3.43618e-06
-2.28556e-06 -1.1935e-06 4.99738e-06
-3.43618e-06 4.99738e-06 3.77981e-05

-3.68939e-06 1.6469e-06 1.95033e-06
1.6469e-06 -7.52475e-06 1.22255e-05
1.95033e-06 1.22255e-05 4.6407e-06

2.95192e-06 7.35503e-06 -3.99675e-05
7.35503e-06 1.40079e-06 -2.44423e-05
-3.99675e-05 -2.44423e-05 -6.43272e-06

8.6615e-05 3.34095e-05 1.57998e-05
3.34095e-05 0.000102582 -6.04305e-06
1.57998e-05 -6.04305e-06 -0.000455701

4.42264e-07 -3.01138e-06 -2.62824e-06
-3.01138e-06 7.03392e-07 -9.94004e-06
-2.62824e-06 -9.94004e-06 1.28319e-06

1.3666e-06 -7.07077e-07 1.76746e-06
-7.07077e-07 5.53819e-06 -3.50029e-06
1.76746e-06 -3.50029e-06 1.35037e-06

-4.49051e-06 5.04497e-06 8.67796e-06
5.04497e-06 -9.38058e-06 2.95006e-05
8.67796e-06 2.95006e-05 5.25204e-05

1.59752e-05 -7.30619e-06 1.49073e-05
-7.30619e-06 1.19281e-05 -2.84736e-05
1.49073e-05 -2.84736e-05 -2.4427e-05

-9.03697e-06 9.373e-07 -0.000101314
9.373e-07 2.39552e-06 -6.42752e-05
-0.000101314 -6.42752e-05 1.03239e-05

1.57524e-05 1.27809e-05 -5.80937e-05
1.27809e-05 6.88065e-06 -5.20722e-05
-5.80937e-05 -5.20722e-05 2.4881e-05

7.24019e-06 7.22338e-07 2.33149e-05
7.22338e-07 0 -4.09938e-07
2.33149e-05 -4.09938e-07 -1.18139e-05

5.82301e-06 -3.6309e-07 7.05918e-06
-3.6309e-07 4.05272e-06 7.68174e-06
7.05918e-06 7.68174e-06 4.99052e-06

2.24431e-05 2.40906e-07 -8.96774e-05
2.40906e-07 -3.20045e-06 -6.17281e-07
-8.96774e-05 -6.17281e-07 -3.33138e-05

2.03668e-06 8.96199e-06 -9.23223e-05
8.96199e-06 8.21056e-06 -5.77397e-05
-9.23223e-05 -5.77397e-05 1.53171e-05

-7.78563e-06 1.88464e-06 -6.38844e-06
1.88464e-06 -4.4368e-06 3.18902e-06
-6.38844e-06 3.18902e-06 9.41986e-07

2.43979e-05 5.77251e-06 -9.12518e-05
5.77251e-06 1.21578e-05 -2.92912e-06
-9.12518e-05 -2.92912e-06 -4.76214e-05

-2.09196e-06 3.03245e-06 1.1602e-05
3.03245e-06 -4.52026e-06 -2.33777e-05
1.1602e-05 -2.33777e-05 8.48757e-06

-3.44316e-06 3.66245e-08 -4.11127e-06
3.66245e-08 -2.38834e-06 -1.56566e-06
-4.11127e-06 -1.56566e-06 3.10677e-06

1.32065e-05 -1.54709e-05 5.61025e-05
-1.54709e-05 3.06288e-05 5.21772e-05
5.61025e-05 5.21772e-05 -8.76142e-05

2.47687e-05 4.56735e-06 -9.39989e-05
4.56735e-06 1.18456e-06 2.39268e-05
-9.39989e-05 2.39268e-05 -4.88522e-05

2.20856e-05 5.45138e-07 -9.31897e-05
5.45138e-07 3.23312e-06 1.62056e-05
-9.31897e-05 1.62056e-05 -3.92151e-05

-1.3165e-06 1.16862e-06 -2.30366e-05
1.16862e-06 1.07796e-05 -2.96868e-05
-2.30366e-05 -2.96868e-05 -2.52369e-05

-3.19073e-06 1.87954e-06 -1.34128e-05
1.87954e-06 -2.91022e-06 -8.35625e-07
-1.34128e-05 -8.35625e-07 -9.55935e-06

2.41276e-05 -4.74279e-06 -2.80333e-05
-4.74279e-06 -2.30798e-06 -7.56688e-06
-2.80333e-05 -7.56688e-06 -6.72637e-05

6.43601e-07 6.46691e-06 -1.53384e-06
6.46691e-06 -7.10612e-06 8.16108e-07
-1.53384e-06 8.16108e-07 2.07344e-05

1.04545e-05 8.58186e-06 -8.86019e-06
8.58186e-06 1.27303e-05 1.61958e-09
-8.86019e-06 1.61958e-09 -6.65222e-05

-3.03032e-06 8.26575e-06 -4.01094e-05
8.26575e-06 8.31324e-06 -3.82885e-05
-4.01094e-05 -3.82885e-05 2.5797e-06

1.57596e-05 1.27312e-05 -5.6821e-05
1.27312e-05 7.14181e-06 -6.57365e-05
-5.6821e-05 -6.57365e-05 -4.25453e-05

-1.7211e-06 8.88766e-07 8.64758e-08
8.88766e-07 -4.59343e-06 6.08233e-06
8.64758e-08 6.08233e-06 2.65791e-06

-5.95002e-06 2.01827e-06 8.35919e-06
2.01827e-06 -3.18512e-06 8.21891e-06
8.35919e-06 8.21891e-06 -2.47913e-06

3.72446e-05 6.58357e-06 6.42008e-05
6.58357e-06 4.9398e-05 6.0341e-05
6.42008e-05 6.0341e-05 -8.52535e-05

-7.01597e-06 -8.50779e-07 -4.80827e-06
-8.50779e-07 3.80321e-07 3.66919e-05
-4.80827e-06 3.66919e-05 4.16151e-05

-3.38152e-06 2.36278e-06 5.85979e-06
2.36278e-06 -8.17788e-06 1.73563e-05
5.85979e-06 1.73563e-05 -8.34668e-06

-1.31567e-06 3.06892e-07 7.6934e-06
3.06892e-07 -2.82663e-06 -3.30771e-06
7.6934e-06 -3.30771e-06 -1.39193e-06

1.43343e-05 1.69016e-05 -5.7453e-05
1.69016e-05 1.62798e-05 -4.95152e-05
-5.7453e-05 -4.95152e-05 -3.31466e-05

-4.38868e-06 -6.86347e-07 -2.00461e-05
-6.86347e-07 4.7203e-06 1.02422e-05
-2.00461e-05 1.02422e-05 1.42258e-05

-2.67094e-06 -4.95657e-07 4.8025e-06
-4.95657e-07 -4.0875e-06 1.49813e-06
4.8025e-06 1.49813e-06 6.30345e-06

4.485e-06 -4.18917e-06 -6.24152e-05
-4.18917e-06 1.11629e-05 7.12928e-05
-6.24152e-05 7.12928e-05 -3.45333e-05

2.4139e-06 -3.45933e-06 -8.49493e-06
-3.45933e-06 -1.6011e-05 -1.03602e-05
-8.49493e-06 -1.03602e-05 9.06163e-06

-8.63392e-08 -5.35214e-06 2.38056e-05
-5.35214e-06 4.37008e-06 -1.72315e-05
2.38056e-05 -1.72315e-05 -1.62451e-06

8.76792e-06 1.19419e-05 -7.41324e-05
1.19419e-05 2.92422e-05 -7.82912e-05
-7.41324e-05 -7.82912e-05 -9.80361e-05

-6.84351e-08 1.32516e-06 7.60143e-06
1.32516e-06 3.64197e-06 2.12665e-06
7.60143e-06 2.12665e-06 -1.21496e-05

-8.89822e-06 1.49531e-06 -1.08696e-05
1.49531e-06 -4.56467e-06 1.0951e-06
-1.08696e-05 1.0951e-06 1.5953e-05

6.8655e-06 9.14573e-07 -2.93628e-05
9.14573e-07 -3.40296e-06 -2.20396e-05
-2.93628e-05 -2.20396e-05 -4.72171e-05

7.57865e-06 6.89391e-06 -5.37536e-05
6.89391e-06 1.09795e-05 -3.58626e-05
-5.37536e-05 -3.58626e-05 -2.15984e-05

-5.89493e-06 2.62699e-06 1.04157e-07
2.62699e-06 -5.79585e-06 7.91564e-06
1.04157e-07 7.91564e-06 6.05552e-06

-5.91108e-06 6.66317e-06 2.4559e-05
6.66317e-06 6.81226e-06 -4.36926e-05
2.4559e-05 -4.36926e-05 -7.09038e-06

-2.64669e-06 -3.11449e-07 3.86548e-06
-3.11449e-07 -2.08237e-06 9.72517e-06
3.86548e-06 9.72517e-06 -1.48449e-06

-8.33085e-07 6.0474e-07 5.81793e-06
6.0474e-07 -5.29874e-06 6.50933e-06
5.81793e-06 6.50933e-06 1.71013e-05

3.49999e-06 8.30514e-06 -7.33182e-05
8.30514e-06 2.67364e-05 -7.70397e-05
-7.33182e-05 -7.70397e-05 -5.11147e-07

5.8012e-06 2.41959e-06 -7.15233e-05
2.41959e-06 9.53403e-06 -4.20968e-05
-7.15233e-05 -4.20968e-05 -4.75656e-05

4.10373e-05 8.65292e-06 2.20101e-05
8.65292e-06 4.44768e-05 -2.52242e-05
2.20101e-05 -2.52242e-05 -0.000262484

7.19787e-06 4.46599e-06 -2.95689e-05
4.46599e-06 9.71046e-06 -3.03543e-05
-2.95689e-05 -3.03543e-05 -4.85937e-05

-9.03193e-06 9.85391e-07 -1.11618e-05
9.85391e-07 -6.40309e-06 4.54763e-07
-1.11618e-05 4.54763e-07 1.74271e-05

1.31856e-05 4.87362e-06 3.99775e-05
4.87362e-06 -9.12671e-06 -2.64344e-05
3.99775e-05 -2.64344e-05 -1.20746e-05

1.92277e-06 4.74822e-06 -1.7236e-05
4.74822e-06 3.84049e-05 -9.15007e-05
-1.7236e-05 -9.15007e-05 -0.000114404

1.77034e-06 1.07772e-06 -4.94196e-06
1.07772e-06 -4.35377e-06 -2.08481e-05
-4.94196e-06 -2.08481e-05 7.4135e-06

1.61805e-05 -5.6962e-06 -5.31393e-06
-5.6962e-06 1.39308e-06 2.92091e-05
-5.31393e-06 2.92091e-05 -5.19653e-05

-4.226e-06 1.97457e-06 1.39151e-05
1.97457e-06 1.33024e-06 -7.18206e-06
1.39151e-05 -7.18206e-06 -9.09157e-06

-5.58315e-06 -5.14717e-06 2.4494e-05
-5.14717e-06 1.39529e-06 2.95477e-05
2.4494e-05 2.95477e-05 -1.87474e-05

6.21693e-06 7.0361e-06 1.67937e-06
7.0361e-06 2.35583e-07 9.24798e-06
1.67937e-06 9.24798e-06 -1.94416e-05

5.23896e-06 3.34284e-06 -2.61707e-05
3.34284e-06 3.35751e-05 -9.75822e-05
-2.61707e-05 -9.75822e-05 -0.00010828

1.45297e-05 -6.46277e-06 -1.55234e-05
-6.46277e-06 7.25974e-06 2.4768e-05
-1.55234e-05 2.4768e-05 -9.2013e-05

2.42521e-06 -9.44056e-06 -8.30326e-06
-9.44056e-06 -7.00699e-06 2.78746e-06
-8.30326e-06 2.78746e-06 8.15255e-06

1.3149e-05 5.62139e-06 -3.88778e-05
5.62139e-06 1.17751e-07 -2.93534e-05
-3.88778e-05 -2.93534e-05 -3.96976e-05

-8.67086e-06 -2.55991e-06 -1.80125e-05
-2.55991e-06 1.13314e-06 5.78076e-06
-1.80125e-05 5.78076e-06 -3.12351e-05

-4.65661e-06 -1.54061e-06 8.65513e-06
-1.54061e-06 -1.67529e-06 -3.2601e-06
8.65513e-06 -3.2601e-06 2.27607e-05

1.26435e-05 -4.04513e-08 -3.96406e-05
-4.04513e-08 -4.23072e-07 -3.41773e-05
-3.96406e-05 -3.41773e-05 -4.06285e-05

2.42204e-06 7.94112e-06 -5.0026e-05
7.94112e-06 3.84698e-07 -2.0758e-05
-5.0026e-05 -2.0758e-05 -1.51854e-06

1.27881e-05 3.52555e-06 3.00874e-05
3.52555e-06 1.33883e-05 1.58099e-05
3.00874e-05 1.58099e-05 -4.61062e-05

-3.94941e-06 5.99169e-06 -2.85324e-05
5.99169e-06 2.27414e-06 -1.54363e-06
-2.85324e-05 -1.54363e-06 1.55169e-05

1.87084e-06 3.19876e-06 -5.05328e-05
3.19876e-06 -6.20443e-08 -2.27487e-05
-5.05328e-05 -2.27487e-05 -1.84541e-06

3.54567e-06 2.05298e-06 -2.63538e-05
2.05298e-06 5.3032e-05 -0.0001237
-2.63538e-05 -0.0001237 -7.52829e-05

5.99646e-05 1.02224e-05 -1.28306e-05
1.02224e-05 2.64978e-05 -1.49162e-06
-1.28306e-05 -1.49162e-06 -0.000239341

6.83732e-06 2.51624e-06 2.37127e-05
2.51624e-06 1.03493e-06 -5.1593e-06
2.37127e-05 -5.1593e-06 -1.12235e-05

9.81241e-06 8.33707e-06 -5.73329e-05
8.33707e-06 9.49551e-06 -3.87807e-05
-5.73329e-05 -3.87807e-05 -9.0736e-05

2.39627e-06 -4.06142e-06 2.53409e-05
-4.06142e-06 -2.56902e-06 7.09742e-06
2.53409e-05 7.09742e-06 1.40735e-06

7.95166e-06 7.05622e-06 -3.91275e-05
7.05622e-06 3.16856e-05 -9.89922e-05
-3.91275e-05 -9.89922e-05 -3.9503e-05

7.37306e-06 1.00291e-06 -1.72147e-05
1.00291e-06 2.62446e-06 -2.449e-05
-1.72147e-05 -2.449e-05 -5.73984e-06

9.87579e-07 8.71254e-06 2.63853e-05
8.71254e-06 -2.31387e-06 -6.7943e-06
2.63853e-05 -6.7943e-06 2.85956e-05

1.56326e-05 1.21156e-05 5.50337e-05
1.21156e-05 1.71114e-05 0.000102881
5.50337e-05 0.000102881 -4.05019e-05

-2.13642e-06 -8.95286e-06 3.62179e-05
-8.95286e-06 9.61129e-07 1.35069e-05
3.62179e-05 1.35069e-05 4.59647e-06

7.39105e-06 -5.22977e-06 -6.77369e-05
-5.22977e-06 -5.81354e-06 1.86541e-05
-6.77369e-05 1.86541e-05 3.93016e-05

2.11308e-06 9.23412e-07 -1.27958e-05
9.23412e-07 8.75817e-06 1.69422e-06
-1.27958e-05 1.69422e-06 -8.80394e-06

1.81801e-05 1.45202e-06 -7.00968e-05
1.45202e-06 6.84081e-06 2.47927e-06
-7.00968e-05 2.47927e-06 -1.26343e-05

9.78126e-07 -6.69589e-07 -4.17729e-06
-6.69589e-07 5.457e-07 9.50658e-06
-4.17729e-06 9.50658e-06 -8.77576e-06

1.84401e-06 9.00317e-07 3.05958e-06
9.00317e-07 5.59498e-06 5.37659e-06
3.05958e-06 5.37659e-06 -5.66891e-06

-4.72045e-06 -5.52711e-07 -1.92304e-06
-5.52711e-07 2.71928e-06 1.41141e-05
-1.92304e-06 1.41141e-05 2.85571e-07

1.57716e-05 -6.38329e-06 1.6283e-05
-6.38329e-06 1.74596e-05 2.59078e-05
1.6283e-05 2.59078e-05 -8.77315e-05

1.40966e-06 3.34164e-06 -1.69046e-05
3.34164e-06 3.4436e-05 -9.01984e-06
-1.69046e-05 -9.01984e-06 -8.4622e-05

-3.06511e-06 -1.01743e-06 -3.80119e-07
-1.01743e-06 -4.14397e-06 5.58759e-06
-3.80119e-07 5.58759e-06 -4.65875e-06

2.16771e-05 -9.23149e-06 7.21149e-06
-9.23149e-06 2.13762e-05 1.574e-05
7.21149e-06 1.574e-05 -6.20666e-05

1.7051e-05 7.81855e-06 -6.42587e-05
7.81855e-06 1.64588e-05 -2.08402e-05
-6.42587e-05 -2.08402e-05 -7.37853e-05

2.06993e-06 1.0525e-05 -9.20615e-05
1.0525e-05 1.31173e-05 -6.28216e-05
-9.20615e-05 -6.28216e-05 1.29768e-05

-2.0342e-07 -2.98977e-06 -3.55713e-06
-2.98977e-06 3.48558e-06 6.25796e-06
-3.55713e-06 6.25796e-06 -6.0449e-05

6.20277e-06 6.46005e-07 -2.80798e-05
6.46005e-07 -2.44313e-06 -1.26199e-05
-2.80798e-05 -1.26199e-05 6.70844e-06

-2.61653e-06 -4.74526e-06 4.27138e-06
-4.74526e-06 -1.78244e-06 7.7576e-06
4.27138e-06 7.7576e-06 2.88604e-05

-4.43829e-06 -1.63175e-06 -2.41313e-06
-1.63175e-06 1.19362e-06 -6.08243e-06
-2.41313e-06 -6.08243e-06 -2.39167e-05

1.83411e-05 1.83624e-05 1.19162e-05
1.83624e-05 1.93269e-05 2.19438e-05
1.19162e-05 2.19438e-05 -9.67061e-05

4.81835e-06 -5.28154e-06 -5.834e-05
-5.28154e-06 3.02163e-06 7.38938e-05
-5.834e-05 7.38938e-05 -6.43352e-06

7.27788e-07 9.44414e-06 -4.52792e-05
9.44414e-06 1.32849e-05 -6.32201e-05
-4.52792e-05 -6.32201e-05 2.74547e-05

5.52864e-06 -1.27528e-06 8.03034e-06
-1.27528e-06 6.57154e-06 3.70022e-05
8.03034e-06 3.70022e-05 -3.61123e-05

8.68698e-06 -5.77216e-06 9.17307e-06
-5.77216e-06 6.72556e-06 1.41947e-05
9.17307e-06 1.41947e-05 -2.74142e-05

-4.16226e-07 1.24978e-05 -3.45108e-05
1.24978e-05 2.55191e-05 -0.000102942
-3.45108e-05 -0.000102942 -6.79932e-05

6.78649e-05 -5.13981e-05 6.2738e-05
-5.13981e-05 -5.72161e-05 4.55528e-05
6.2738e-05 4.55528e-05 -5.06653e-05

5.79429e-05 -1.46639e-05 -2.8301e-06
-1.46639e-05 1.5076e-05 8.8366e-06
-2.8301e-06 8.8366e-06 -0.000125331

3.79993e-06 -4.0557e-07 1.56821e-05
-4.0557e-07 7.00413e-08 -1.85347e-05
1.56821e-05 -1.85347e-05 -1.3625e-05

3.81365e-05 1.888e-06 1.67705e-05
1.888e-06 1.05801e-06 -1.96371e-05
1.67705e-05 -1.96371e-05 -0.000109244

8.3705e-06 9.84261e-06 3.73152e-05
9.84261e-06 1.66267e-05 0.000100581
3.73152e-05 0.000100581 -3.72561e-05

-4.31126e-06 8.45456e-07 -9.77756e-06
8.45456e-07 -3.61214e-06 -4.92673e-06
-9.77756e-06 -4.92673e-06 -1.75801e-05

-6.17901e-06 -1.76119e-06 -5.51752e-07
-1.76119e-06 -5.87339e-06 -6.40775e-06
-5.51752e-07 -6.40775e-06 9.20221e-06

9.88802e-06 5.15666e-07 -2.48495e-05
5.15666e-07 -3.69524e-06 -1.3842e-05
-2.48495e-05 -1.3842e-05 -2.10896e-05

-3.5771e-06 -1.75718e-06 2.58823e-06
-1.75718e-06 -1.13203e-06 -7.63623e-06
2.58823e-06 -7.63623e-06 6.37791e-06

-3.27234e-06 5.66892e-06 -1.79455e-05
5.66892e-06 1.65417e-05 -7.37491e-05
-1.79455e-05 -7.37491e-05 3.41701e-05

7.79567e-06 3.44208e-06 1.77987e-05
3.44208e-06 5.85741e-06 3.24763e-05
1.77987e-05 3.24763e-05 -5.26754e-05

4.18843e-06 9.64929e-06 6.52412e-05
9.64929e-06 1.18861e-05 4.74071e-05
6.52412e-05 4.74071e-05 -6.87653e-06

4.83333e-05 -1.39325e-05 2.54324e-05
-1.39325e-05 1.41063e-05 -7.15587e-05
2.54324e-05 -7.15587e-05 -0.000258013

2.7743e-06 7.07413e-06 -1.27689e-06
7.07413e-06 9.28671e-06 -2.98452e-05
-1.27689e-06 -2.98452e-05 4.6944e-05

2.93596e-06 9.62281e-06 5.731e-05
9.62281e-06 1.21175e-05 4.44323e-05
5.731e-05 4.44323e-05 -2.31295e-05

2.49792e-05 3.39569e-05 -6.0079e-05
3.39569e-05 1.84024e-05 9.48734e-06
-6.0079e-05 9.48734e-06 -3.30059e-05

-5.60667e-07 -1.02503e-06 -5.645e-06
-1.02503e-06 4.69266e-06 3.03194e-06
-5.645e-06 3.03194e-06 -1.61179e-06

1.8534e-05 4.56008e-06 -5.33126e-05
4.56008e-06 1.75948e-05 -2.3134e-05
-5.33126e-05 -2.3134e-05 -7.15784e-05

1.90751e-05 3.60483e-06 -2.34399e-05
3.60483e-06 -1.09519e-06 -8.1626e-06
-2.34399e-05 -8.1626e-06 -1.83662e-05

-2.70698e-06 2.03315e-06 -6.73412e-07
2.03315e-06 -3.85921e-06 9.03169e-06
-6.73412e-07 9.03169e-06 1.81252e-06

6.59686e-06 6.23939e-07 4.52476e-06
6.23939e-07 -5.08508e-06 3.36263e-06
4.52476e-06 3.36263e-06 7.63594e-06

4.23642e-06 -2.56033e-06 4.02056e-06
-2.56033e-06 2.70075e-06 -6.89738e-05
4.02056e-06 -6.89738e-05 6.01183e-05

-2.41292e-06 -1.49246e-06 1.20329e-06
-1.49246e-06 -1.52638e-06 -7.36798e-06
1.20329e-06 -7.36798e-06 2.18163e-05

1.82656e-06 2.6713e-06 -3.99615e-06
2.6713e-06 -9.63542e-06 5.46455e-05
-3.99615e-06 5.46455e-05 5.32651e-05

2.69074e-05 2.70542e-06 -8.43945e-05
2.70542e-06 -3.68923e-06 -1.31122e-05
-8.43945e-05 -1.31122e-05 1.27082e-06

6.20391e-05 2.99122e-05 2.39891e-05
2.99122e-05 7.7559e-05 5.55663e-05
2.39891e-05 5.55663e-05 -0.000196136

4.32473e-06 -6.56325e-06 -6.33559e-05
-6.56325e-06 -7.37083e-06 -4.10938e-05
-6.33559e-05 -4.10938e-05 -0.000119942

-5.80128e-07 -3.90742e-06 -4.53056e-06
-3.90742e-06 1.35234e-06 5.93925e-06
-4.53056e-06 5.93925e-06 -2.17198e-05

6.79935e-06 -4.81089e-06 3.81306e-05
-4.81089e-06 6.67514e-06 -3.2888e-06
3.81306e-05 -3.2888e-06 -1.0186e-05

-5.54374e-06 4.38756e-06 1.55782e-05
4.38756e-06 -2.23401e-06 -7.70708e-05
1.55782e-05 -7.70708e-05 5.85261e-05

6.62963e-07 2.93838e-06 4.06188e-05
2.93838e-06 1.44277e-05 5.94121e-05
4.06188e-05 5.94121e-05 -0.000120438

-5.76881e-06 2.81687e-06 -5.98729e-06
2.81687e-06 4.02645e-07 1.27423e-05
-5.98729e-06 1.27423e-05 9.91339e-06

2.59415e-05 8.8204e-06 -1.76377e-05
8.8204e-06 7.7713e-06 9.95118e-05
-1.76377e-05 9.95118e-05 -0.000129551

-7.14297e-06 -2.18551e-05 -1.88933e-06
-2.18551e-05 2.14865e-05 3.02286e-05
-1.88933e-06 3.02286e-05 -0.000109464

1.31515e-05 -1.36698e-06 -7.12825e-05
-1.36698e-06 -9.06613e-06 -2.16123e-05
-7.12825e-05 -2.16123e-05 2.03991e-05

-2.13173e-06 -1.75851e-06 3.43395e-06
-1.75851e-06 -2.85021e-06 8.70337e-06
3.43395e-06 8.70337e-06 -2.15566e-06

2.3945e-05 9.96784e-06 -7.96965e-05
9.96784e-06 1.52848e-06 -2.75304e-05
-7.96965e-05 -2.75304e-05 -3.3831e-05

-2.47691e-06 -2.66844e-06 1.51981e-05
-2.66844e-06 -1.35456e-05 6.337e-05
1.51981e-05 6.337e-05 5.15351e-05

2.85054e-05 -5.87861e-06 -1.99994e-06
-5.87861e-06 1.39959e-05 -2.93283e-05
-1.99994e-06 -2.93283e-05 -7.48182e-05

2.12231e-05 1.57212e-06 -3.55672e-05
1.57212e-06 8.82688e-05 -1.66745e-06
-3.55672e-05 -1.66745e-06 -5.90776e-05

2.09584e-05 3.73112e-06 -8.86588e-05
3.73112e-06 -7.59474e-08 3.48681e-05
-8.86588e-05 3.48681e-05 -5.65003e-05

-1.75061e-06 -1.82656e-06 -1.75977e-06
-1.82656e-06 -2.6895e-06 2.24187e-05
-1.75977e-06 2.24187e-05 -1.26778e-05

1.64512e-05 -5.77511e-06 -3.80782e-05
-5.77511e-06 -9.00215e-07 2.35075e-05
-3.80782e-05 2.35075e-05 -4.99714e-05

2.08188e-06 -1.11026e-06 1.69268e-05
-1.11026e-06 -4.77589e-06 -5.37715e-06
1.69268e-05 -5.37715e-06 5.47489e-07

-4.71405e-06 3.76757e-07 -3.3914e-06
3.76757e-07 -8.25166e-06 -2.37908e-06
-3.3914e-06 -2.37908e-06 1.25516e-05

5.48199e-06 -3.93594e-07 4.1666e-05
-3.93594e-07 -1.99646e-05 -5.92549e-05
4.1666e-05 -5.92549e-05 2.62107e-05

1.3202e-05 1.40834e-08 -7.72822e-05
1.40834e-08 -7.06217e-06 -2.37553e-05
-7.72822e-05 -2.37553e-05 -4.42146e-09

-1.76209e-06 1.69506e-06 -4.15508e-06
1.69506e-06 1.83314e-06 6.19305e-06
-4.15508e-06 6.19305e-06 -2.16399e-05

1.2226e-05 -5.04926e-06 -3.86806e-05
-5.04926e-06 4.74234e-06 3.20507e-05
-3.86806e-05 3.20507e-05 -3.77067e-05

3.49374e-06 8.25791e-06 4.14532e-05
8.25791e-06 4.19707e-06 7.65655e-05
4.14532e-05 7.65655e-05 1.53028e-05

9.58751e-06 1.65697e-06 0.000106547
1.65697e-06 8.97234e-06 4.74714e-05
0.000106547 4.74714e-05 -1.16185e-05

-5.38554e-06 1.36592e-07 5.24232e-06
1.36592e-07 -1.33137e-06 -2.01461e-05
5.24232e-06 -2.01461e-05 -4.87727e-06

1.88948e-06 -2.66724e-06 -7.38349e-06
-2.66724e-06 -2.64772e-06 8.29107e-06
-7.38349e-06 8.29107e-06 -4.01114e-06

-3.34793e-06 3.57652e-06 -2.22643e-05
3.57652e-06 1.93083e-06 -2.65254e-05
-2.22643e-05 -2.65254e-05 -1.23195e-05

-3.46169e-06 1.98426e-07 -2.02906e-06
1.98426e-07 -7.58843e-06 -1.98689e-06
-2.02906e-06 -1.98689e-06 7.02984e-06

5.87357e-06 -5.09009e-06 1.70074e-05
-5.09009e-06 -2.95522e-06 5.37305e-06
1.70074e-05 5.37305e-06 -1.53331e-05

-1.19663e-06 2.45244e-06 3.62108e-06
2.45244e-06 5.41608e-06 -4.7916e-06
3.62108e-06 -4.7916e-06 1.07913e-06

-4.63237e-05 4.70158e-05 -0.000211765
4.70158e-05 9.46711e-05 -6.0063e-05
-0.000211765 -6.0063e-05 -0.000172849

7.28517e-06 -8.05251e-06 -4.38649e-05
-8.05251e-06 1.79648e-06 2.02393e-05
-4.38649e-05 2.02393e-05 -8.8239e-05

-6.19237e-06 -5.63746e-06 7.48508e-06
-5.63746e-06 -8.96935e-06 -3.22507e-05
7.48508e-06 -3.22507e-05 -6.33694e-06

1.82335e-05 -4.63763e-06 1.91237e-05
-4.63763e-06 4.53386e-06 -7.08727e-06
1.91237e-05 -7.08727e-06 -8.48175e-05

4.73248e-05 4.81275e-06 5.84169e-05
4.81275e-06 2.44036e-05 1.97425e-05
5.84169e-05 1.97425e-05 -0.000253123

4.403e-06 -9.2551e-06 -4.0972e-05
-9.2551e-06 3.72196e-06 3.33394e-05
-4.0972e-05 3.33394e-05 4.03693e-05

7.46439e-06 -8.57563e-06 3.51874e-05
-8.57563e-06 2.15082e-06 -3.13136e-05
3.51874e-05 -3.13136e-05 -2.4179e-06

2.37953e-05 4.20679e-06 -4.55442e-05
4.20679e-06 -2.66326e-06 1.72374e-06
-4.55442e-05 1.72374e-06 -1.29934e-05

-6.84577e-06 2.6421e-06 9.29952e-06
2.6421e-06 -2.17904e-06 2.70918e-06
9.29952e-06 2.70918e-06 -7.82089e-06

-2.19787e-06 5.29643e-07 -8.64057e-07
5.29643e-07 -1.87675e-06 -6.37072e-06
-8.64057e-07 -6.37072e-06 4.2498e-06

-3.82763e-06 -2.83778e-07 -3.30733e-07
-2.83778e-07 -5.05596e-06 3.92252e-06
-3.30733e-07 3.92252e-06 3.75869e-06

9.41704e-06 -3.73759e-06 9.26983e-06
-3.73759e-06 4.51077e-06 -1.63809e-05
9.26983e-06 -1.63809e-05 -6.18938e-05

6.70519e-06 -1.18127e-06 -5.64952e-05
-1.18127e-06 1.3379e-06 -5.85262e-05
-5.64952e-05 -5.85262e-05 -1.82287e-05

-2.44245e-06 1.64457e-06 -2.64371e-06
1.64457e-06 -4.05633e-06 8.81966e-06
-2.64371e-06 8.81966e-06 3.92275e-06

-2.50288e-06 1.49469e-06 -1.0551e-06
1.49469e-06 -4.39768e-06 1.23189e-05
-1.0551e-06 1.23189e-05 -3.14413e-05

1.30872e-05 -3.99269e-06 -0.000114985
-3.99269e-06 5.71705e-06 -0.000113178
-0.000114985 -0.000113178 -6.07784e-05

1.2942e-05 1.17173e-05 -9.88172e-05
1.17173e-05 2.675e-05 -9.17071e-05
-9.88172e-05 -9.17071e-05 -3.88622e-05

-8.61775e-07 -1.01387e-06 1.47335e-06
-1.01387e-06 -2.4933e-06 9.07236e-06
1.47335e-06 9.07236e-06 9.82432e-07

-9.22688e-06 -2.42153e-06 -4.83959e-06
-2.42153e-06 7.80037e-07 -8.72496e-08
-4.83959e-06 -8.72496e-08 4.05755e-06

-4.7647e-06 -2.21068e-06 8.48721e-06
-2.21068e-06 -1.5299e-06 -2.44699e-06
8.48721e-06 -2.44699e-06 2.32994e-05

3.00397e-06 -6.19811e-07 7.03174e-06
-6.19811e-07 -5.29764e-06 4.22547e-06
7.03174e-06 4.22547e-06 5.88678e-06

-3.21287e-06 -2.57001e-06 3.0567e-06
-2.57001e-06 -4.82072e-06 -6.88921e-07
3.0567e-06 -6.88921e-07 -4.88448e-06

-6.36916e-06 -1.47634e-06 -6.13126e-06
-1.47634e-06 1.76545e-05 6.93265e-05
-6.13126e-06 6.93265e-05 -8.72313e-06

4.99559e-05 1.00478e-05 1.17755e-05
1.00478e-05 4.55625e-05 3.87463e-05
1.17755e-05 3.87463e-05 -0.000192394

2.69406e-05 8.83533e-07 -8.21971e-05
8.83533e-07 -5.19283e-06 8.61653e-06
-8.21971e-05 8.61653e-06 -5.28591e-05

-7.88897e-07 2.54414e-06 -8.5732e-07
2.54414e-06 5.75557e-06 -5.80947e-06
-8.5732e-07 -5.80947e-06 -3.37517e-05

-6.14547e-06 2.71347e-06 1.47461e-05
2.71347e-06 -5.48416e-06 3.4632e-06
1.47461e-05 3.4632e-06 3.88049e-05

1.75887e-05 -9.52487e-07 -8.5131e-05
-9.52487e-07 -1.15368e-06 5.00306e-05
-8.5131e-05 5.00306e-05 3.14588e-05

3.81915e-05 -2.44195e-05 -9.28508e-05
-2.44195e-05 2.84087e-05 0.000103848
-9.28508e-05 0.000103848 -6.96539e-05

-5.76529e-06 1.1555e-08 -9.08949e-06
1.1555e-08 1.67877e-05 7.65184e-05
-9.08949e-06 7.65184e-05 -4.04929e-05

2.58198e-05 -1.09865e-05 -6.53337e-05
-1.09865e-05 1.49491e-05 7.33548e-05
-6.53337e-05 7.33548e-05 -0.00013052

3.93004e-06 -8.99099e-06 -4.67801e-05
-8.99099e-06 3.55146e-06 1.58051e-05
-4.67801e-05 1.58051e-05 3.11168e-05

-1.51526e-07 5.53234e-06 3.02909e-05
5.53234e-06 -4.47201e-06 9.16323e-06
3.02909e-05 9.16323e-06 7.52877e-06

1.89741e-05 6.41373e-06 -1.52352e-05
6.41373e-06 2.09644e-06 -1.17152e-05
-1.52352e-05 -1.17152e-05 -3.46809e-05

5.21564e-06 -1.42025e-05 -9.50101e-06
-1.42025e-05 1.76286e-05 3.15751e-06
-9.50101e-06 3.15751e-06 -6.58139e-05

1.56825e-05 3.94115e-06 -7.18423e-05
3.94115e-06 -6.42937e-06 3.1113e-06
-7.18423e-05 3.1113e-06 4.80853e-06

3.32496e-05 -6.88456e-06 -3.33987e-05
-6.88456e-06 3.99556e-06 7.57339e-06
-3.33987e-05 7.57339e-06 1.67649e-06

-3.92676e-06 1.42352e-06 -2.01502e-06
1.42352e-06 1.318e-05 7.57697e-05
-2.01502e-06 7.57697e-05 -2.14157e-05

1.09786e-05 1.37483e-06 -3.23094e-05
1.37483e-06 7.32318e-06 -8.84039e-05
-3.23094e-05 -8.84039e-05 -5.05255e-06

-3.29442e-06 -1.46287e-06 1.98875e-05
-1.46287e-06 -3.24887e-06 -1.4227e-05
1.98875e-05 -1.4227e-05 2.14943e-05

4.70544e-06 -2.49616e-06 -2.23219e-06
-2.49616e-06 2.97016e-07 1.56805e-05
-2.23219e-06 1.56805e-05 -3.72062e-05

-1.7892e-06 -1.43e-06 -3.63589e-06
-1.43e-06 -5.00312e-06 -1.07036e-06
-3.63589e-06 -1.07036e-06 3.95491e-06

4.18757e-07 -9.99096e-07 -2.66895e-06
-9.99096e-07 -2.64882e-06 -1.14479e-05
-2.66895e-06 -1.14479e-05 2.78683e-06

1.59265e-05 7.11295e-06 3.39005e-05
7.11295e-06 -2.03588e-06 -1.08511e-05
3.39005e-05 -1.08511e-05 -3.89118e-05

-2.77077e-06 -5.70347e-07 -3.26105e-06
-5.70347e-07 -6.12161e-06 8.64926e-07
-3.26105e-06 8.64926e-07 -1.09504e-06

7.45106e-06 -3.82719e-07 4.63572e-05
-3.82719e-07 -3.32898e-06 8.9431e-06
4.63572e-05 8.9431e-06 -1.62325e-05

-3.21352e-06 -6.27902e-07 2.9712e-06
-6.27902e-07 -2.70731e-06 -2.58652e-06
2.9712e-06 -2.58652e-06 -1.59073e-05

1.62313e-05 2.55253e-08 6.35509e-05
2.55253e-08 -5.43132e-06 7.82672e-06
6.35509e-05 7.82672e-06 1.69304e-05

2.54659e-05 3.5105e-07 -3.26262e-05
3.5105e-07 -3.60336e-06 -8.12596e-06
-3.26262e-05 -8.12596e-06 -1.77645e-05

7.7107e-06 5.15409e-06 -6.54447e-05
5.15409e-06 1.03677e-05 -2.41858e-05
-6.54447e-05 -2.41858e-05 -2.65036e-05

-4.17051e-06 6.56227e-07 -3.82871e-06
6.56227e-07 -3.23414e-06 -1.10137e-05
-3.82871e-06 -1.10137e-05 2.51516e-06

1.45023e-06 -3.23441e-06 2.48822e-05
-3.23441e-06 8.85363e-06 -5.76268e-05
2.48822e-05 -5.76268e-05 -5.03701e-05

8.06109e-06 -1.00997e-05 3.6257e-05
-1.00997e-05 1.08119e-05 -5.07045e-05
3.6257e-05 -5.07045e-05 -4.69746e-05

1.96749e-05 -5.75196e-06 7.51814e-05
-5.75196e-06 3.87803e-06 -4.37573e-05
7.51814e-05 -4.37573e-05 -6.49856e-05

1.57231e-05 -3.34762e-06 9.29418e-05
-3.34762e-06 -2.27934e-06 -9.6896e-06
9.29418e-05 -9.6896e-06 -4.11537e-05

-7.19106e-06 2.80476e-06 -1.86119e-06
2.80476e-06 -5.78011e-06 7.49171e-06
-1.86119e-06 7.49171e-06 1.5062e-05

3.43116e-06 1.50939e-06 -5.80012e-05
1.50939e-06 5.27631e-06 -4.47899e-05
-5.80012e-05 -4.47899e-05 4.10976e-05

2.25092e-06 7.80178e-06 3.90643e-06
7.80178e-06 1.23896e-05 -3.08574e-07
3.90643e-06 -3.08574e-07 -1.57395e-06

2.38812e-05 6.46357e-06 -4.94916e-05
6.46357e-06 -1.45004e-06 -2.22441e-05
-4.94916e-05 -2.22441e-05 -3.96325e-05

7.88777e-06 -1.43318e-06 2.81158e-05
-1.43318e-06 3.26204e-06 -5.90762e-05
2.81158e-05 -5.90762e-05 -1.8549e-05

-3.08103e-06 -9.22593e-07 1.48024e-06
-9.22593e-07 2.06061e-06 -1.80013e-06
1.48024e-06 -1.80013e-06 -2.52933e-05

3.57478e-06 1.11753e-05 -4.88387e-06
1.11753e-05 1.66375e-05 7.61025e-06
-4.88387e-06 7.61025e-06 -5.18399e-05

-7.23005e-06 -4.93365e-06 -1.61497e-05
-4.93365e-06 7.30103e-06 2.21566e-05
-1.61497e-05 2.21566e-05 3.19454e-06

7.15344e-06 -9.55326e-06 -2.33689e-05
-9.55326e-06 1.39816e-05 3.66046e-05
-2.33689e-05 3.66046e-05 -1.08969e-05

7.50135e-06 -1.8614e-06 -6.33363e-05
-1.8614e-06 6.59495e-06 -3.49828e-06
-6.33363e-05 -3.49828e-06 -5.31664e-05

1.14336e-05 -7.54492e-06 5.67088e-05
-7.54492e-06 8.06229e-06 -2.7493e-05
5.67088e-05 -2.7493e-05 -2.08928e-05

9.78672e-06 5.36703e-06 4.90246e-05
5.36703e-06 2.28339e-06 4.06287e-05
4.90246e-05 4.06287e-05 -1.94703e-05

-1.67962e-06 4.09761e-08 -1.78292e-05
4.09761e-08 6.10861e-06 -1.77232e-05
-1.78292e-05 -1.77232e-05 -8.37527e-06

4.55429e-05 6.02264e-06 -1.53798e-05
6.02264e-06 7.78609e-05 -1.75595e-05
-1.53798e-05 -1.75595e-05 -0.00033184

7.72256e-06 1.01974e-05 -3.08983e-05
1.01974e-05 9.09421e-05 3.6161e-05
-3.08983e-05 3.6161e-05 -0.000299223

1.56974e-05 -8.65568e-06 -9.05227e-05
-8.65568e-06 -9.61103e-07 2.50961e-05
-9.05227e-05 2.50961e-05 -9.87787e-05

-5.33907e-06 -1.99801e-06 -4.12698e-05
-1.99801e-06 -1.38228e-06 1.9433e-05
-4.12698e-05 1.9433e-05 -1.27194e-05

-4.15023e-06 7.92375e-06 -2.86862e-05
7.92375e-06 7.94403e-07 -1.84683e-05
-2.86862e-05 -1.84683e-05 -1.6836e-05

-1.06774e-06 2.67429e-06 -6.89504e-06
2.67429e-06 5.20395e-06 -8.79854e-06
-6.89504e-06 -8.79854e-06 -2.55793e-06

-6.17522e-07 4.96585e-07 -5.31773e-07
4.96585e-07 -2.09128e-07 -3.78413e-06
-5.31773e-07 -3.78413e-06 9.02283e-08

2.74039e-05 7.44991e-06 -1.62898e-05
7.44991e-06 -1.27434e-06 -2.0061e-05
-1.62898e-05 -2.0061e-05 -5.38462e-05

3.92587e-06 7.08929e-07 -2.62183e-05
7.08929e-07 -6.3642e-06 -1.97101e-05
-2.62183e-05 -1.97101e-05 -4.70749e-05

8.58317e-06 3.85416e-06 -2.36232e-05
3.85416e-06 7.51225e-06 -8.44746e-05
-2.36232e-05 -8.44746e-05 2.40335e-05

2.15235e-05 -1.8797e-05 3.20201e-05
-1.8797e-05 8.20538e-06 -1.67619e-05
3.20201e-05 -1.67619e-05 -6.26007e-05

1.15436e-05 -8.39656e-06 6.1117e-05
-8.39656e-06 1.93535e-06 -1.78524e-05
6.1117e-05 -1.78524e-05 5.15462e-06

-2.77044e-06 -4.39202e-06 -1.2964e-05
-4.39202e-06 -6.78205e-06 -9.07645e-06
-1.2964e-05 -9.07645e-06 -4.32889e-05

5.46521e-06 5.48407e-06 1.02467e-05
5.48407e-06 -3.00442e-07 9.84015e-06
1.02467e-05 9.84015e-06 7.29521e-06

-1.31244e-06 -8.36012e-06 2.47315e-05
-8.36012e-06 -1.25077e-05 4.27542e-05
2.47315e-05 4.27542e-05 6.82317e-05

2.11303e-06 3.974e-08 -1.67164e-07
3.974e-08 1.23436e-06 1.16215e-05
-1.67164e-07 1.16215e-05 -6.32508e-06

9.46752e-06 8.95134e-06 3.22133e-05
8.95134e-06 8.66807e-06 3.23952e-05
3.22133e-05 3.23952e-05 -7.25809e-05

6.36052e-07 -1.78968e-06 1.00342e-06
-1.78968e-06 -9.08671e-07 1.21546e-05
1.00342e-06 1.21546e-05 -4.15489e-07

-3.2754e-06 -1.98835e-06 -2.24958e-06
-1.98835e-06 -6.94882e-06 8.72653e-07
-2.24958e-06 8.72653e-07 -5.77787e-07

1.09681e-05 1.80364e-06 3.04407e-07
1.80364e-06 8.21553e-06 -3.64552e-05
3.04407e-07 -3.64552e-05 -2.3786e-05

-7.02509e-07 2.74369e-06 9.23725e-07
2.74369e-06 -1.11022e-16 -2.91141e-06
9.23725e-07 -2.91141e-06 4.0944e-06

3.81586e-06 -7.30325e-07 -1.32665e-05
-7.30325e-07 3.95535e-06 7.45191e-05
-1.32665e-05 7.45191e-05 -1.43994e-05

2.07976e-06 -1.03552e-06 -2.6059e-06
-1.03552e-06 6.93376e-06 5.75105e-05
-2.6059e-06 5.75105e-05 3.77345e-05

2.15946e-06 -2.51788e-07 3.51282e-06
-2.51788e-07 2.36013e-06 -5.30614e-06
3.51282e-06 -5.30614e-06 5.97411e-07

-8.32091e-07 4.16801e-07 1.32935e-05
4.16801e-07 3.33756e-06 7.0907e-06
1.32935e-05 7.0907e-06 -1.61965e-05

7.00458e-06 3.11568e-06 -8.63237e-06
3.11568e-06 4.98746e-07 3.88078e-06
-8.63237e-06 3.88078e-06 -3.23369e-05

-5.89665e-06 3.86425e-06 2.19953e-05
3.86425e-06 5.20894e-07 4.7078e-06
2.19953e-05 4.7078e-06 -1.64227e-06

-3.52327e-06 5.82975e-06 3.57065e-05
5.82975e-06 1.61543e-05 0.000102129
3.57065e-05 0.000102129 -1.3152e-05

-5.27278e-06 -3.57287e-07 5.95691e-06
-3.57287e-07 -6.43041e-07 -1.2096e-05
5.95691e-06 -1.2096e-05 -2.58681e-05

2.06276e-05 -2.29063e-06 -4.27585e-05
-2.29063e-06 4.14305e-05 4.60366e-05
-4.27585e-05 4.60366e-05 -0.000103177

-5.77025e-06 2.25436e-06 -7.38112e-06
2.25436e-06 -9.28785e-07 7.83447e-06
-7.38112e-06 7.83447e-06 -6.22215e-06

8.69184e-06 -2.31227e-06 -5.94003e-05
-2.31227e-06 -5.596e-07 -1.97407e-05
-5.94003e-05 -1.97407e-05 -1.1211e-05

3.1224e-06 -7.74456e-06 1.51624e-05
-7.74456e-06 1.30312e-05 -4.58684e-05
1.51624e-05 -4.58684e-05 -4.60557e-05

3.88554e-06 2.57698e-06 1.8091e-06
2.57698e-06 4.98419e-06 -5.31057e-06
1.8091e-06 -5.31057e-06 -1.81467e-07

1.60579e-05 1.0031e-06 -7.30526e-05
1.0031e-06 3.26259e-06 -1.07199e-05
-7.30526e-05 -1.07199e-05 -3.2115e-05

-4.19772e-06 1.62912e-06 -2.2719e-08
1.62912e-06 -3.3443e-06 1.26285e-05
-2.2719e-08 1.26285e-05 -9.20514e-06

8.43001e-06 6.32872e-07 -6.15276e-07
6.32872e-07 -1.19575e-05 4.28997e-06
-6.15276e-07 4.28997e-06 9.84091e-06

2.71915e-06 -4.57413e-06 1.32475e-05
-4.57413e-06 -1.37273e-05 -3.69469e-05
1.32475e-05 -3.69469e-05 -2.30146e-05

3.61528e-05 3.3136e-07 4.90774e-05
3.3136e-07 1.18077e-05 6.27719e-05
4.90774e-05 6.27719e-05 -3.249e-05

-8.63209e-06 1.88205e-06 -1.0077e-05
1.88205e-06 -4.92863e-06 -1.59549e-06
-1.0077e-05 -1.59549e-06 2.22654e-05

-9.41039e-07 6.36276e-07 -1.67359e-05
6.36276e-07 -7.11955e-06 -1.43889e-06
-1.67359e-05 -1.43889e-06 -5.86631e-06

-3.79607e-06 2.10405e-06 -5.08798e-06
2.10405e-06 -4.78126e-06 4.48296e-06
-5.08798e-06 4.48296e-06 1.08914e-05

-6.37472e-06 -5.95523e-06 6.25725e-06
-5.95523e-06 5.78527e-06 -4.03553e-05
6.25725e-06 -4.03553e-05 -1.228e-05

2.48669e-06 -1.25323e-06 -4.86815e-06
-1.25323e-06 2.72108e-06 1.38631e-06
-4.86815e-06 1.38631e-06 7.86189e-06

-4.01752e-06 1.59522e-06 9.18649e-06
1.59522e-06 -5.59252e-06 -2.52029e-05
9.18649e-06 -2.52029e-05 6.49165e-06

1.03118e-06 -1.25553e-06 -4.61385e-06
-1.25553e-06 -3.98312e-06 2.22838e-06
-4.61385e-06 2.22838e-06 2.2216e-06

9.23264e-06 1.22635e-06 9.91631e-05
1.22635e-06 9.57069e-06 2.61069e-05
9.91631e-05 2.61069e-05 -2.79691e-05

3.62533e-06 6.63629e-06 6.1068e-05
6.63629e-06 1.11995e-05 6.15263e-05
6.1068e-05 6.15263e-05 -3.50153e-05

-3.34563e-07 -1.78859e-07 2.85238e-07
-1.78859e-07 -3.76665e-06 1.4577e-06
2.85238e-07 1.4577e-06 1.63358e-06

1.34455e-05 -6.50406e-06 -3.01404e-05
-6.50406e-06 6.20591e-06 1.79643e-05
-3.01404e-05 1.79643e-05 -3.38073e-05

-7.07116e-06 -2.80588e-06 -4.99664e-06
-2.80588e-06 9.47729e-07 -9.20731e-06
-4.99664e-06 -9.20731e-06 2.39183e-05

-7.48882e-06 3.23016e-06 1.51102e-06
3.23016e-06 -5.39e-06 1.02914e-06
1.51102e-06 1.02914e-06 2.42372e-05

1.25298e-05 1.92743e-06 -6.67978e-05
1.92743e-06 2.3045e-06 -3.23616e-05
-6.67978e-05 -3.23616e-05 -3.41912e-05

-3.90481e-06 8.99875e-07 2.30844e-06
8.99875e-07 1.26962e-08 -1.18705e-06
2.30844e-06 -1.18705e-06 6.40217e-07

-1.3791e-05 7.50361e-06 -1.06345e-05
7.50361e-06 -1.91841e-06 1.44946e-05
-1.06345e-05 1.44946e-05 5.12455e-06

7.37627e-06 -5.68202e-07 -1.3127e-05
-5.68202e-07 3.74693e-06 5.64286e-06
-1.3127e-05 5.64286e-06 -1.11881e-06

-1.36042e-06 -2.63532e-07 1.84256e-05
-2.63532e-07 -1.52542e-06 -8.05988e-06
1.84256e-05 -8.05988e-06 -1.92012e-06

-1.43353e-06 -2.43862e-06 -1.86241e-05
-2.43862e-06 2.26044e-05 -7.12643e-05
-1.86241e-05 -7.12643e-05 8.70168e-06

-1.69233e-06 -3.57104e-06 1.00433e-05
-3.57104e-06 5.7048e-06 6.31459e-05
1.00433e-05 6.31459e-05 1.26095e-05

-4.77807e-06 -5.91071e-06 7.24706e-07
-5.91071e-06 -6.46322e-06 -1.38514e-05
7.24706e-07 -1.38514e-05 -2.7342e-06

4.05854e-05 2.15866e-05 -1.80139e-05
2.15866e-05 9.34019e-05 4.08497e-05
-1.80139e-05 4.08497e-05 -0.000294205

4.28422e-06 -1.14751e-05 2.00182e-05
-1.14751e-05 7.74127e-06 -4.96626e-05
2.00182e-05 -4.96626e-05 -5.90895e-05

2.60023e-05 -9.8671e-06 -3.36334e-05
-9.8671e-06 1.90928e-05 1.49402e-06
-3.36334e-05 1.49402e-06 3.8615e-06

3.94338e-06 -1.02774e-06 -1.12871e-05
-1.02774e-06 4.18674e-06 6.8335e-05
-1.12871e-05 6.8335e-05 1.10074e-05

1.73892e-05 2.31157e-06 5.53941e-06
2.31157e-06 -5.10767e-06 -1.20694e-05
5.53941e-06 -1.20694e-05 4.3949e-06

-3.87422e-06 3.07756e-06 1.31002e-06
3.07756e-06 -6.48357e-06 1.38023e-05
1.31002e-06 1.38023e-05 -6.10195e-06

-5.84484e-07 2.39063e-07 -1.91823e-06
2.39063e-07 -1.14237e-07 2.0771e-06
-1.91823e-06 2.0771e-06 -1.56343e-05

3.52754e-06 4.71501e-06 -5.93193e-05
4.71501e-06 -1.01149e-05 -2.07155e-05
-5.93193e-05 -2.07155e-05 9.49486e-05

7.92762e-06 1.76788e-06 -4.3617e-05
1.76788e-06 -8.3622e-06 -2.60018e-05
-4.3617e-05 -2.60018e-05 2.7321e-05

-1.81423e-06 -3.43147e-06 1.37284e-05
-3.43147e-06 5.70479e-07 -2.19067e-05
1.37284e-05 -2.19067e-05 -1.21653e-05

-3.22927e-06 2.37996e-06 -6.27031e-06
2.37996e-06 -6.9391e-06 1.24142e-05
-6.27031e-06 1.24142e-05 7.03433e-06

1.07811e-05 1.75485e-06 -3.15876e-05
1.75485e-06 1.40875e-05 -0.000122409
-3.15876e-05 -0.000122409 -2.0599e-05

2.14587e-07 3.3813e-06 -3.74576e-06
3.3813e-06 -4.19698e-06 6.54078e-06
-3.74576e-06 6.54078e-06 -1.37232e-05

5.42608e-06 1.18552e-06 -2.29746e-05
1.18552e-06 2.15066e-06 -2.18292e-05
-2.29746e-05 -2.18292e-05 -3.98121e-05

4.22458e-06 -1.82695e-06 -1.39647e-06
-1.82695e-06 5.32567e-06 -7.13091e-05
-1.39647e-06 -7.13091e-05 -4.25427e-05

3.40303e-06 -1.19523e-06 -4.43413e-05
-1.19523e-06 3.19139e-06 -1.69006e-05
-4.43413e-05 -1.69006e-05 4.64288e-06

-3.8007e-06 2.6339e-06 4.47936e-06
2.6339e-06 -5.35512e-07 -3.39768e-05
4.47936e-06 -3.39768e-05 2.46483e-05

4.1279e-06 -1.1082e-05 1.09953e-05
-1.1082e-05 6.95123e-06 -1.09268e-05
1.09953e-05 -1.09268e-05 -6.17167e-05

-6.90142e-07 -1.9274e-06 -5.76444e-06
-1.9274e-06 4.63488e-07 -2.01459e-07
-5.76444e-06 -2.01459e-07 6.00738e-06

-4.90229e-06 -5.67347e-06 -3.18351e-06
-5.67347e-06 -2.69197e-06 1.49948e-05
-3.18351e-06 1.49948e-05 1.16373e-05

1.4526e-07 2.69854e-06 7.22786e-06
2.69854e-06 5.63644e-07 7.48204e-06
7.22786e-06 7.48204e-06 -1.11255e-05

5.49799e-06 6.05286e-06 -6.70936e-05
6.05286e-06 6.9572e-06 -4.51515e-05
-6.70936e-05 -4.51515e-05 -5.11839e-05

-1.94644e-06 -7.89156e-06 1.9458e-05
-7.89156e-06 9.7911e-06 -3.36668e-05
1.9458e-05 -3.36668e-05 6.17777e-07

2.37122e-06 -6.59621e-07 -5.20199e-05
-6.59621e-07 3.8015e-06 -9.2616e-06
-5.20199e-05 -9.2616e-06 -3.74755e-05

6.76339e-06 5.84467e-06 -5.96478e-05
5.84467e-06 1.20908e-05 -7.25808e-05
-5.96478e-05 -7.25808e-05 -7.88254e-06

3.86561e-07 2.23355e-06 1.70454e-05
2.23355e-06 -5.30885e-06 1.69267e-06
1.70454e-05 1.69267e-06 7.78177e-06

-7.59103e-07 5.41116e-07 1.47518e-06
5.41116e-07 -3.69918e-08 -7.32342e-07
1.47518e-06 -7.32342e-07 2.09125e-06

-2.1532e-06 -4.12544e-06 -8.47927e-07
-4.12544e-06 -2.29645e-06 3.61896e-06
-8.47927e-07 3.61896e-06 1.29335e-05

1.05875e-06 -9.14378e-07 -1.91066e-05
-9.14378e-07 1.59204e-06 -7.85831e-05
-1.91066e-05 -7.85831e-05 5.20167e-05

-2.08135e-06 -1.39756e-06 9.81632e-06
-1.39756e-06 -3.19852e-06 -2.95176e-06
9.81632e-06 -2.95176e-06 -1.40108e-06

6.24581e-06 2.06279e-05 -6.13638e-05
2.06279e-05 4.54375e-06 -0.000125117
-6.13638e-05 -0.000125117 -1.44104e-05

-3.257e-06 -7.48778e-07 -3.00011e-06
-7.48778e-07 -3.21973e-06 2.36877e-06
-3.00011e-06 2.36877e-06 1.0321e-05

-3.75867e-06 2.2292e-06 1.89413e-06
2.2292e-06 -5.17711e-06 1.24789e-05
1.89413e-06 1.24789e-05 -4.93546e-06

1.39743e-05 1.10865e-05 -2.38025e-05
1.10865e-05 1.02383e-05 2.54529e-05
-2.38025e-05 2.54529e-05 -5.51563e-05

5.25663e-06 -7.76613e-06 4.25558e-05
-7.76613e-06 8.70776e-06 -2.35206e-05
4.25558e-05 -2.35206e-05 -1.27806e-05

-1.83927e-06 9.05532e-07 -9.32305e-06
9.05532e-07 -8.40766e-06 1.45081e-05
-9.32305e-06 1.45081e-05 6.62894e-06

1.39234e-05 -1.28066e-05 -4.53935e-05
-1.28066e-05 1.50971e-05 6.91971e-05
-4.53935e-05 6.91971e-05 -3.62392e-05

-3.87663e-06 1.0515e-06 -7.91176e-06
1.0515e-06 -3.90678e-06 9.76317e-06
-7.91176e-06 9.76317e-06 2.96164e-06

9.58173e-06 -7.97965e-06 -7.8435e-05
-7.97965e-06 1.01948e-05 5.97541e-05
-7.8435e-05 5.97541e-05 -7.29524e-06

-1.14086e-06 -5.16824e-06 -0.000113902
-5.16824e-06 1.89274e-06 -3.76518e-05
-0.000113902 -3.76518e-05 -1.48424e-05

1.72102e-05 7.45339e-06 -6.65408e-05
7.45339e-06 6.8292e-06 -3.02237e-05
-6.65408e-05 -3.02237e-05 -6.14811e-05

3.24675e-06 -2.42708e-06 -1.70004e-05
-2.42708e-06 8.73299e-06 4.08299e-05
-1.70004e-05 4.08299e-05 2.95481e-05

1.71719e-05 5.7257e-06 -2.72401e-05
5.7257e-06 5.23964e-06 -2.06569e-05
-2.72401e-05 -2.06569e-05 -0.000119572

8.04227e-06 6.29736e-06 -5.40937e-05
6.29736e-06 -8.5675e-07 -1.42218e-05
-5.40937e-05 -1.42218e-05 6.93644e-06

1.24263e-05 -3.93114e-06 -6.66146e-05
-3.93114e-06 -1.53204e-06 -5.92154e-06
-6.66146e-05 -5.92154e-06 -6.5554e-05

7.64814e-06 4.21183e-06 -1.88405e-05
4.21183e-06 5.59516e-06 -1.64899e-05
-1.88405e-05 -1.64899e-05 -3.22458e-05

1.2368e-05 -4.38721e-06 -3.9296e-05
-4.38721e-06 -1.63251e-06 2.36107e-05
-3.9296e-05 2.36107e-05 9.72131e-06

8.79259e-06 8.40227e-06 5.30198e-05
8.40227e-06 2.3066e-05 4.1892e-05
5.30198e-05 4.1892e-05 -5.48655e-05

-5.43297e-06 5.17547e-08 7.31964e-07
5.17547e-08 -8.5537e-07 -1.19727e-05
7.31964e-07 -1.19727e-05 -1.35837e-05

3.13744e-06 -6.03442e-06 -2.14332e-05
-6.03442e-06 9.63623e-06 3.62628e-05
-2.14332e-05 3.62628e-05 -6.5803e-06

-6.40994e-07 -5.01878e-06 -3.20029e-05
-5.01878e-06 1.12915e-05 4.34673e-05
-3.20029e-05 4.34673e-05 1.76924e-05

-7.56944e-06 -6.02013e-06 7.66932e-06
-6.02013e-06 2.28619e-05 4.28618e-05
7.66932e-06 4.28618e-05 -4.65404e-05

-1.06465e-06 -5.03755e-06 -1.87241e-05
-5.03755e-06 3.56649e-06 3.56707e-05
-1.87241e-05 3.56707e-05 -1.53029e-07

-1.62667e-06 4.18042e-06 -1.27877e-05
4.18042e-06 9.73132e-06 -2.35011e-05
-1.27877e-05 -2.35011e-05 1.85544e-05

-1.13385e-06 -4.95543e-06 -1.94318e-05
-4.95543e-06 3.52735e-06 3.64975e-05
-1.94318e-05 3.64975e-05 -7.38816e-06

-2.92014e-06 8.19592e-07 1.76842e-06
8.19592e-07 -4.67445e-08 -5.6013e-07
1.76842e-06 -5.6013e-07 3.73902e-06

3.44713e-05 1.76235e-05 -0.000101395
1.76235e-05 3.37889e-05 -7.03681e-05
-0.000101395 -7.03681e-05 -0.000134633

2.41123e-05 2.39146e-06 -9.36294e-05
2.39146e-06 -5.76619e-06 2.68795e-05
-9.36294e-05 2.68795e-05 -3.7662e-05

-2.3098e-06 -5.78253e-06 1.66344e-06
-5.78253e-06 6.18407e-06 2.41637e-05
1.66344e-06 2.41637e-05 -2.59428e-05

2.53301e-05 -9.48049e-06 -1.50685e-05
-9.48049e-06 -2.71653e-06 3.36231e-05
-1.50685e-05 3.36231e-05 -4.84678e-05

2.9349e-06 -3.57798e-06 -1.82431e-05
-3.57798e-06 -8.3401e-07 1.04185e-05
-1.82431e-05 1.04185e-05 -1.34437e-06

2.26058e-06 6.65376e-06 -6.72782e-05
6.65376e-06 -1.71888e-06 2.34924e-05
-6.72782e-05 2.34924e-05 -2.91185e-05

2.92672e-06 -3.45474e-06 -1.76559e-05
-3.45474e-06 6.67189e-08 -4.12708e-06
-1.76559e-05 -4.12708e-06 -3.17408e-05

5.1858e-06 3.96351e-06 4.9132e-05
3.96351e-06 1.7692e-05 3.83145e-05
4.9132e-05 3.83145e-05 -4.26177e-05

5.58738e-06 -9.69512e-08 -1.14932e-05
-9.69512e-08 3.69868e-06 4.3089e-06
-1.14932e-05 4.3089e-06 8.1478e-06

-2.75862e-06 1.55794e-06 -5.65315e-06
1.55794e-06 1.64144e-06 -2.22044e-07
-5.65315e-06 -2.22044e-07 -4.81351e-06

-2.97587e-06 2.21238e-06 -3.96562e-06
2.21238e-06 4.52293e-06 1.89345e-08
-3.96562e-06 1.89345e-08 -1.20798e-05

7.57014e-07 1.40253e-06 -5.02257e-06
1.40253e-06 -4.14556e-06 6.46501e-06
-5.02257e-06 6.46501e-06 -3.37291e-07

-4.4754e-06 1.8951e-06 9.79489e-06
1.8951e-06 -2.7439e-06 1.22167e-06
9.79489e-06 1.22167e-06 -5.27656e-06

-1.04669e-05 -5.21809e-07 -5.14201e-06
-5.21809e-07 -1.94988e-06 1.14926e-06
-5.14201e-06 1.14926e-06 7.2956e-06

-9.83029e-06 -1.4914e-05 2.63646e-05
-1.4914e-05 2.11041e-05 -2.76954e-05
2.63646e-05 -2.76954e-05 -9.45542e-06

-2.50718e-06 2.76876e-06 -1.06726e-06
2.76876e-06 -6.59977e-06 -1.49681e-05
-1.06726e-06 -1.49681e-05 3.17645e-05

-1.32415e-05 -1.29533e-06 1.80325e-05
-1.29533e-06 1.18416e-05 -1.47013e-05
1.80325e-05 -1.47013e-05 1.84588e-05

7.68493e-06 5.79504e-06 3.43612e-05
5.79504e-06 1.08993e-05 3.72892e-05
3.43612e-05 3.72892e-05 -2.18351e-05

-2.10669e-06 6.52855e-06 2.59286e-05
6.52855e-06 5.8779e-07 2.13695e-05
2.59286e-05 2.13695e-05 4.03036e-06

-3.03625e-06 -2.20862e-06 -2.65954e-06
-2.20862e-06 -1.02819e-06 7.30117e-07
-2.65954e-06 7.30117e-07 -9.12244e-07

-1.33362e-06 1.11986e-05 2.40362e-05
1.11986e-05 1.54516e-05 2.66298e-05
2.40362e-05 2.66298e-05 -5.51045e-06

-1.99584e-06 -1.81853e-06 3.65579e-05
-1.81853e-06 2.74127e-07 -9.86825e-06
3.65579e-05 -9.86825e-06 4.00878e-06

7.92316e-07 3.54063e-06 -6.46472e-05
3.54063e-06 1.22924e-05 1.6329e-05
-6.46472e-05 1.6329e-05 -2.59564e-05

-3.46149e-06 1.73877e-06 8.38149e-06
1.73877e-06 2.50745e-07 -6.99911e-07
8.38149e-06 -6.99911e-07 1.11695e-05

6.39687e-06 -3.19824e-06 -3.37506e-05
-3.19824e-06 3.12198e-06 2.63222e-05
-3.37506e-05 2.63222e-05 -4.24009e-06

9.45618e-07 -3.67693e-06 -6.7715e-05
-3.67693e-06 8.4928e-06 6.39e-05
-6.7715e-05 6.39e-05 1.22796e-05

1.43448e-07 1.79534e-06 -2.76978e-06
1.79534e-06 -1.06185e-06 -1.49078e-06
-2.76978e-06 -1.49078e-06 -3.879e-06

2.13032e-06 9.89634e-06 3.74343e-05
9.89634e-06 8.20031e-06 3.52402e-05
3.74343e-05 3.52402e-05 -2.33882e-05

-2.15872e-06 2.17698e-07 7.62212e-06
2.17698e-07 -3.53366e-06 -4.56018e-06
7.62212e-06 -4.56018e-06 -1.67566e-06

7.4749e-06 2.77394e-06 -1.07163e-05
2.77394e-06 6.14054e-06 -4.58937e-06
-1.07163e-05 -4.58937e-06 -6.15266e-05

-3.35152e-06 8.39208e-07 -6.87618e-06
8.39208e-07 2.59948e-06 6.21597e-05
-6.87618e-06 6.21597e-05 -1.11234e-05

-8.63796e-06 -6.43835e-07 -1.02806e-05
-6.43835e-07 -2.89747e-06 -1.5968e-06
-1.02806e-05 -1.5968e-06 2.23014e-05

-8.50475e-06 -2.83311e-09 -1.04499e-05
-2.83311e-09 -7.03552e-07 -9.79584e-07
-1.04499e-05 -9.79584e-07 2.02141e-05

-3.4595e-06 9.30019e-06 4.3841e-06
9.30019e-06 -1.21661e-05 1.86991e-05
4.3841e-06 1.86991e-05 1.39334e-05

-1.98778e-06 -2.02606e-06 1.69416e-06
-2.02606e-06 -8.6589e-06 -5.45541e-06
1.69416e-06 -5.45541e-06 9.83426e-06

-2.05944e-06 -6.32774e-06 3.67499e-05
-6.32774e-06 1.00397e-05 -5.63675e-05
3.67499e-05 -5.63675e-05 -2.4485e-05

-5.71408e-06 -3.82747e-07 5.53628e-06
-3.82747e-07 2.11375e-06 -2.81344e-06
5.53628e-06 -2.81344e-06 -3.13398e-05

-1.53307e-06 4.41658e-07 -1.23823e-05
4.41658e-07 1.89348e-05 -9.02162e-05
-1.23823e-05 -9.02162e-05 -1.37816e-05

6.84807e-06 -6.4519e-06 -6.07767e-05
-6.4519e-06 -1.2528e-06 3.64111e-05
-6.07767e-05 3.64111e-05 -4.93176e-05

5.76728e-10 -3.43859e-06 -6.00986e-05
-3.43859e-06 8.64018e-06 5.79296e-05
-6.00986e-05 5.79296e-05 2.99338e-05

3.34806e-06 6.49449e-06 3.51261e-05
6.49449e-06 1.27803e-06 1.88899e-05
3.51261e-05 1.88899e-05 1.61908e-05

2.28691e-05 -1.02568e-07 9.06449e-05
-1.02568e-07 -3.34525e-06 8.45694e-06
9.06449e-05 8.45694e-06 3.29511e-05

1.84657e-05 -2.82501e-06 -2.15879e-05
-2.82501e-06 8.73388e-07 1.66627e-05
-2.15879e-05 1.66627e-05 -3.43818e-05

1.44117e-05 -1.28794e-05 9.66131e-05
-1.28794e-05 -3.29599e-06 -2.4295e-05
9.66131e-05 -2.4295e-05 -4.78038e-06

1.23459e-05 -4.94399e-06 5.9485e-05
-4.94399e-06 1.09352e-05 -5.06028e-05
5.9485e-05 -5.06028e-05 -3.38576e-05

-8.06622e-06 -2.53306e-06 1.10074e-05
-2.53306e-06 -1.56191e-05 -1.00901e-05
1.10074e-05 -1.00901e-05 3.4188e-05

-1.00129e-05 -1.16947e-06 -2.16995e-06
-1.16947e-06 -4.47542e-06 -2.56456e-07
-2.16995e-06 -2.56456e-07 -1.21152e-06

8.70046e-06 8.05985e-06 9.51573e-05
8.05985e-06 5.34649e-06 4.93929e-05
9.51573e-05 4.93929e-05 9.05749e-06

-2.3438e-07 -2.24681e-06 -5.43137e-05
-2.24681e-06 2.87183e-06 3.47737e-05
-5.43137e-05 3.47737e-05 2.57784e-05

4.76007e-06 2.25363e-06 8.35434e-06
2.25363e-06 8.88213e-06 -4.06443e-05
8.35434e-06 -4.06443e-05 -1.56311e-05

-8.87983e-06 1.79831e-06 -1.0376e-05
1.79831e-06 -4.22605e-06 -2.28674e-06
-1.0376e-05 -2.28674e-06 2.23809e-05

1.19472e-06 -7.40985e-07 5.31252e-06
-7.40985e-07 -2.44108e-06 -3.12401e-06
5.31252e-06 -3.12401e-06 -4.56317e-07

-2.25207e-06 -9.94147e-06 2.63216e-05
-9.94147e-06 5.76286e-06 -8.82847e-05
2.63216e-05 -8.82847e-05 6.29461e-05

5.26165e-06 -1.28286e-05 3.28129e-05
-1.28286e-05 8.49553e-06 -5.5953e-05
3.28129e-05 -5.5953e-05 -4.08058e-05

-4.60912e-06 -3.74907e-07 -3.55573e-06
-3.74907e-07 2.84069e-06 7.8591e-06
-3.55573e-06 7.8591e-06 -5.76198e-05

3.22592e-05 -9.6572e-06 -1.33278e-05
-9.6572e-06 -5.9924e-06 -8.98669e-06
-1.33278e-05 -8.98669e-06 -4.39919e-05

4.71576e-07 -1.76743e-06 -5.68676e-05
-1.76743e-06 1.96752e-06 3.74551e-05
-5.68676e-05 3.74551e-05 1.91639e-05

1.06048e-05 3.67131e-06 6.46561e-05
3.67131e-06 -4.50545e-08 -4.83678e-05
6.46561e-05 -4.83678e-05 -2.55491e-05

1.87699e-05 -5.8677e-06 6.4482e-05
-5.8677e-06 3.94474e-06 -4.92531e-05
6.4482e-05 -4.92531e-05 1.75499e-05

2.20008e-05 5.75089e-06 -7.12636e-05
5.75089e-06 -7.29734e-06 -1.55587e-05
-7.12636e-05 -1.55587e-05 -4.67782e-05

6.93928e-06 7.09013e-07 -1.83535e-05
7.09013e-07 5.594e-06 -1.08041e-05
-1.83535e-05 -1.08041e-05 -4.80148e-05

-6.71519e-06 1.76621e-06 1.47907e-05
1.76621e-06 -5.2361e-06 -1.06728e-06
1.47907e-05 -1.06728e-06 4.20237e-05

-2.38754e-06 5.51101e-06 -1.83418e-05
5.51101e-06 1.92504e-06 -2.04908e-05
-1.83418e-05 -2.04908e-05 -2.39502e-05

-3.36406e-06 -3.05059e-06 1.55738e-06
-3.05059e-06 -3.10937e-06 3.5467e-06
1.55738e-06 3.5467e-06 5.26326e-06

8.45905e-06 -7.07877e-07 2.72888e-05
-7.07877e-07 6.20362e-06 -2.51407e-05
2.72888e-05 -2.51407e-05 -2.45009e-05

-2.87872e-06 2.34521e-06 -1.10999e-05
2.34521e-06 -3.33493e-06 2.3601e-06
-1.10999e-05 2.3601e-06 7.52649e-06

-4.56462e-06 -2.73307e-06 9.77221e-06
-2.73307e-06 6.55201e-06 -9.89049e-06
9.77221e-06 -9.89049e-06 -2.45871e-05

4.66421e-05 -1.17564e-05 -3.77684e-06
-1.17564e-05 8.6574e-06 -2.1202e-05
-3.77684e-06 -2.1202e-05 -8.25147e-05

-6.71951e-06 -5.06135e-06 2.80287e-05
-5.06135e-06 -2.40648e-07 1.89891e-05
2.80287e-05 1.89891e-05 -1.75995e-05

-2.50772e-06 -1.34963e-06 1.21166e-05
-1.34963e-06 4.48223e-06 -2.17296e-05
1.21166e-05 -2.17296e-05 -1.37729e-05

5.01747e-06 -2.49806e-06 2.12699e-06
-2.49806e-06 4.1612e-06 -8.51822e-05
2.12699e-06 -8.51822e-05 -4.44183e-05

1.53359e-07 -2.79318e-07 1.21511e-05
-2.79318e-07 2.30605e-06 -2.31488e-05
1.21511e-05 -2.31488e-05 -1.45604e-05

-6.51678e-06 1.65716e-06 6.44128e-05
1.65716e-06 7.69152e-06 -5.36794e-05
6.44128e-05 -5.36794e-05 1.38866e-05

-2.64778e-06 -2.92993e-06 2.00813e-06
-2.92993e-06 -2.86104e-06 1.00453e-05
2.00813e-06 1.00453e-05 9.1673e-07

1.50805e-05 3.02814e-06 -5.78481e-05
3.02814e-06 -1.28101e-06 -3.32109e-05
-5.78481e-05 -3.32109e-05 -8.2562e-06

1.19007e-05 2.09738e-06 6.37988e-05
2.09738e-06 4.35837e-06 2.18263e-05
6.37988e-05 2.18263e-05 -5.57073e-05

-5.19577e-06 -9.62661e-06 1.21425e-05
-9.62661e-06 1.34373e-05 6.65854e-05
1.21425e-05 6.65854e-05 -4.68565e-05

0 0 -6.51907e-07
0 0 2.04237e-06
-6.51907e-07 2.04237e-06 -6.4438e-06

-1.60452e-06 2.43056e-06 1.09103e-06
2.43056e-06 -8.71108e-06 2.4757e-05
1.09103e-06 2.4757e-05 2.55057e-06

-4.61373e-06 4.89716e-06 -1.92747e-05
4.89716e-06 -7.70371e-06 1.84754e-05
-1.92747e-05 1.84754e-05 3.89731e-05

1.92844e-08 5.29173e-06 -2.65689e-05
5.29173e-06 -1.38228e-05 4.47934e-05
-2.65689e-05 4.47934e-05 7.2276e-05

8.39831e-07 -1.74971e-07 -1.81701e-06
-1.74971e-07 3.14185e-06 -2.31609e-06
-1.81701e-06 -2.31609e-06 3.54302e-06

1.8378e-06 1.04591e-07 -5.33451e-06
1.04591e-07 -6.0911e-08 2.46686e-06
-5.33451e-06 2.46686e-06 -1.65356e-06

-9.11623e-06 -2.38203e-06 -2.92748e-06
-2.38203e-06 1.65148e-05 6.3897e-05
-2.92748e-06 6.3897e-05 -4.81515e-05

-2.72278e-06 -1.79676e-06 4.92793e-06
-1.79676e-06 -2.30845e-06 1.13177e-05
4.92793e-06 1.13177e-05 3.80638e-06

9.15148e-06 -8.56703e-06 -5.5654e-05
-8.56703e-06 -1.74147e-06 3.22523e-05
-5.5654e-05 3.22523e-05 -3.80469e-05

9.76637e-06 -1.62896e-05 -2.14525e-06
-1.62896e-05 1.61304e-05 -6.3968e-07
-2.14525e-06 -6.3968e-07 -7.52191e-05

-5.60426e-06 2.33339e-06 1.92232e-06
2.33339e-06 -4.38977e-06 2.99698e-06
1.92232e-06 2.99698e-06 1.78929e-05

-1.34347e-06 -2.40744e-07 1.74608e-06
-2.40744e-07 6.01697e-08 -7.13811e-06
1.74608e-06 -7.13811e-06 2.71123e-06

2.3834e-05 4.46191e-06 5.21432e-05
4.46191e-06 -5.1222e-06 1.70863e-05
5.21432e-05 1.70863e-05 -4.14177e-05

2.53749e-05 9.95906e-06 -7.99695e-05
9.95906e-06 -3.89224e-07 -1.3493e-05
-7.99695e-05 -1.3493e-05 -5.92494e-05

1.12229e-05 1.21716e-06 -7.56339e-05
1.21716e-06 4.21851e-06 -2.21813e-05
-7.56339e-05 -2.21813e-05 3.6628e-06

4.43344e-06 -8.25836e-06 -6.08751e-05
-8.25836e-06 -1.61807e-06 3.33239e-05
-6.08751e-05 3.33239e-05 -4.01129e-05

-2.93063e-06 7.14457e-06 -4.08193e-06
7.14457e-06 -6.14196e-07 -3.33986e-05
-4.08193e-06 -3.33986e-05 -1.97126e-05

-2.50082e-06 7.55392e-07 -1.28315e-05
7.55392e-07 -1.32911e-06 -1.46957e-06
-1.28315e-05 -1.46957e-06 -9.46111e-06

2.17163e-06 3.91603e-06 -1.61267e-05
3.91603e-06 9.69693e-07 -2.9202e-05
-1.61267e-05 -2.9202e-05 -1.68344e-05

-2.92999e-06 -1.47267e-06 6.08002e-06
-1.47267e-06 -2.47433e-06 1.0119e-05
6.08002e-06 1.0119e-05 -1.53228e-06

7.22964e-06 -3.62809e-06 -4.09989e-05
-3.62809e-06 3.03538e-06 3.46208e-05
-4.09989e-05 3.46208e-05 -8.4799e-06

-2.02257e-06 -1.41111e-06 3.78877e-07
-1.41111e-06 -5.55212e-06 2.54615e-06
3.78877e-07 2.54615e-06 1.34085e-05

-5.94101e-07 -2.154e-06 1.25041e-05
-2.154e-06 3.54229e-06 5.96759e-06
1.25041e-05 5.96759e-06 3.42058e-06

-8.2004e-06 -1.24026e-06 -1.40168e-05
-1.24026e-06 1.76201e-06 8.60756e-06
-1.40168e-05 8.60756e-06 -2.01594e-05

-1.15089e-07 -4.73545e-07 1.49646e-06
-4.73545e-07 8.12175e-07 8.60657e-07
1.49646e-06 8.60657e-07 8.23797e-07

-9.83906e-07 -3.42197e-06 -1.29942e-05
-3.42197e-06 5.74245e-06 -1.77795e-06
-1.29942e-05 -1.77795e-06 -5.50596e-06

-3.28668e-06 -7.64391e-07 4.96896e-06
-7.64391e-07 4.95913e-06 1.11948e-05
4.96896e-06 1.11948e-05 -7.72873e-06

6.34989e-06 4.73844e-06 -1.20983e-05
4.73844e-06 2.78657e-06 -3.07666e-06
-1.20983e-05 -3.07666e-06 -5.26182e-05

-9.03239e-06 -2.32961e-06 -2.20699e-06
-2.32961e-06 -4.29582e-06 -5.314e-07
-2.20699e-06 -5.314e-07 1.24199e-05

2.77887e-06 -3.4802e-06 -1.99127e-05
-3.4802e-06 -7.99741e-07 1.30402e-05
-1.99127e-05 1.30402e-05 6.76355e-06

-8.47085e-06 2.32199e-06 6.90625e-06
2.32199e-06 2.36736e-06 -2.48833e-06
6.90625e-06 -2.48833e-06 -1.46411e-06

8.12793e-06 -4.67887e-06 1.82043e-06
-4.67887e-06 2.0935e-05 2.79751e-07
1.82043e-06 2.79751e-07 -7.51455e-05

4.86628e-06 -1.25894e-06 -2.4335e-05
-1.25894e-06 3.75146e-06 3.19068e-06
-2.4335e-05 3.19068e-06 -2.15107e-05

-5.09761e-06 2.80595e-07 4.98816e-06
2.80595e-07 -1.33432e-06 -7.88754e-07
4.98816e-06 -7.88754e-07 -4.32251e-07

4.85724e-06 -9.9567e-06 -6.78659e-05
-9.9567e-06 9.76322e-07 4.22082e-05
-6.78659e-05 4.22082e-05 -1.16963e-05

-8.89674e-06 1.09488e-07 -5.74308e-06
1.09488e-07 -1.60648e-06 -2.79453e-06
-5.74308e-06 -2.79453e-06 5.71311e-06

9.65005e-06 -1.30769e-06 -6.16815e-05
-1.30769e-06 3.07483e-06 2.81661e-05
-6.16815e-05 2.81661e-05 2.44562e-07

5.26661e-07 1.89562e-06 -6.67625e-06
1.89562e-06 3.58832e-07 1.98836e-06
-6.67625e-06 1.98836e-06 -8.78452e-07

1.32698e-05 -2.46257e-06 -6.01039e-05
-2.46257e-06 -1.44635e-06 1.79054e-05
-6.01039e-05 1.79054e-05 -4.64005e-05

-1.74687e-06 -2.62833e-06 -0.000111018
-2.62833e-06 4.06235e-06 -6.13145e-05
-0.000111018 -6.13145e-05 -1.8108e-05

2.92605e-06 -1.80598e-06 1.35564e-05
-1.80598e-06 -1.86623e-07 -1.20849e-05
1.35564e-05 -1.20849e-05 -8.60153e-06

1.56245e-05 -5.65373e-06 -7.44795e-05
-5.65373e-06 5.29635e-07 4.71356e-05
-7.44795e-05 4.71356e-05 9.06197e-07

1.75978e-05 -4.5905e-06 -2.0071e-05
-4.5905e-06 7.84378e-06 6.71435e-05
-2.0071e-05 6.71435e-05 -5.06186e-05

1.51946e-05 1.31966e-05 -6.58712e-05
1.31966e-05 1.80734e-05 -3.03808e-05
-6.58712e-05 -3.03808e-05 -6.15925e-05

1.38826e-05 -8.87731e-06 -7.78585e-05
-8.87731e-06 1.70969e-07 4.11481e-05
-7.78585e-05 4.11481e-05 -5.63613e-06

2.02056e-06 -6.7293e-07 6.89611e-06
-6.7293e-07 -2.26889e-06 -2.62228e-06
6.89611e-06 -2.62228e-06 -2.50975e-06

-8.48173e-06 -1.66552e-06 -1.34405e-05
-1.66552e-06 -2.64943e-06 -8.18386e-06
-1.34405e-05 -8.18386e-06 -2.89715e-06

1.56653e-05 -5.13555e-06 -1.15128e-05
-5.13555e-06 8.76964e-06 6.12369e-05
-1.15128e-05 6.12369e-05 -2.43936e-05

2.27446e-05 -2.79676e-06 -5.86227e-06
-2.79676e-06 4.1519e-05 3.26067e-05
-5.86227e-06 3.26067e-05 -0.000115382

-3.89155e-06 8.42511e-06 -3.18429e-06
8.42511e-06 3.4915e-06 -2.55351e-05
-3.18429e-06 -2.55351e-05 -5.80117e-05

1.31274e-05 6.6566e-06 -6.73398e-05
6.6566e-06 -1.23546e-05 8.17491e-06
-6.73398e-05 8.17491e-06 3.50761e-05

9.82579e-06 -1.45388e-06 -0.00010299
-1.45388e-06 7.82481e-06 3.87791e-05
-0.00010299 3.87791e-05 -1.60261e-06

2.64652e-05 1.38941e-05 -1.29292e-05
1.38941e-05 3.15899e-05 -1.14619e-05
-1.29292e-05 -1.14619e-05 -0.000120945

-3.16458e-06 -1.90944e-06 7.81894e-06
-1.90944e-06 -1.68667e-06 -1.88412e-06
7.81894e-06 -1.88412e-06 9.89967e-06

9.6488e-07 -5.26138e-06 4.06205e-05
-5.26138e-06 3.4319e-06 2.1079e-05
4.06205e-05 2.1079e-05 8.01978e-06

5.39485e-06 1.15973e-05 -3.37356e-05
1.15973e-05 3.41604e-06 -4.72921e-05
-3.37356e-05 -4.72921e-05 7.57508e-06

9.4204e-06 5.28509e-06 5.87789e-05
5.28509e-06 2.41008e-06 3.68219e-05
5.87789e-05 3.68219e-05 -3.18944e-05

-1.1792e-06 -3.75504e-06 -2.50993e-06
-3.75504e-06 -7.32204e-06 5.6888e-06
-2.50993e-06 5.6888e-06 7.27538e-06

4.89982e-06 7.80229e-06 7.98421e-06
7.80229e-06 8.43694e-06 2.23925e-05
7.98421e-06 2.23925e-05 6.25252e-05

-2.06548e-06 4.85128e-06 -1.05998e-06
4.85128e-06 -4.54035e-06 6.54875e-06
-1.05998e-06 6.54875e-06 4.11678e-06

-2.09247e-06 -6.49012e-07 1.70341e-06
-6.49012e-07 1.09458e-06 9.58235e-07
1.70341e-06 9.58235e-07 8.23196e-07

-5.11299e-06 -3.28004e-07 1.29532e-06
-3.28004e-07 -5.3671e-06 -2.54389e-06
1.29532e-06 -2.54389e-06 1.54414e-05

1.33186e-05 -2.81089e-06 -7.77414e-05
-2.81089e-06 -1.34154e-05 1.35099e-05
-7.77414e-05 1.35099e-05 3.85366e-05

-5.77445e-06 9.61776e-07 6.67982e-06
9.61776e-07 -5.51387e-06 2.37427e-06
6.67982e-06 2.37427e-06 2.6711e-05

-4.42751e-06 2.94715e-09 -2.73352e-06
2.94715e-09 -9.03112e-06 -3.45774e-06
-2.73352e-06 -3.45774e-06 1.40237e-05

-2.66543e-06 2.43191e-06 -1.19214e-05
2.43191e-06 -3.02065e-06 9.11283e-06
-1.19214e-05 9.11283e-06 1.11236e-05

2.41617e-05 2.47817e-06 -4.3557e-05
2.47817e-06 1.04538e-05 -1.77922e-05
-4.3557e-05 -1.77922e-05 -9.02823e-05

1.44764e-06 1.03366e-06 1.22359e-05
1.03366e-06 -1.27048e-07 -1.96036e-07
1.22359e-05 -1.96036e-07 -1.13016e-05

2.60231e-05 -3.82145e-06 -3.22328e-05
-3.82145e-06 1.44314e-05 -3.48475e-05
-3.22328e-05 -3.48475e-05 -6.02829e-05

2.55275e-06 9.78637e-08 3.10898e-05
9.78637e-08 8.31624e-06 6.45219e-05
3.10898e-05 6.45219e-05 -3.21678e-05

1.16835e-05 2.77807e-07 -9.07494e-05
2.77807e-07 1.65434e-05 5.48289e-05
-9.07494e-05 5.48289e-05 -5.7119e-05

1.82265e-05 3.10704e-06 -7.70089e-05
3.10704e-06 -1.08919e-05 1.94245e-05
-7.70089e-05 1.94245e-05 3.31573e-05

-5.98681e-06 7.64701e-06 2.74727e-05
7.64701e-06 7.52384e-06 3.30073e-05
2.74727e-05 3.30073e-05 -7.78157e-06

-3.60148e-06 -1.13306e-06 1.5723e-06
-1.13306e-06 -3.79112e-07 -3.8164e-06
1.5723e-06 -3.8164e-06 2.6682e-06

-4.41614e-06 -1.80813e-06 3.24811e-06
-1.80813e-06 -7.57309e-06 -4.07779e-06
3.24811e-06 -4.07779e-06 1.0922e-05

-6.20876e-06 8.89663e-07 -1.27921e-06
8.89663e-07 -1.94834e-06 -1.60583e-06
-1.27921e-06 -1.60583e-06 9.2881e-06

-8.66656e-07 -1.41907e-06 1.31425e-06
-1.41907e-06 1.52814e-06 -9.22269e-06
1.31425e-06 -9.22269e-06 -3.77689e-06

-5.92518e-06 -8.17003e-06 3.98704e-08
-8.17003e-06 -7.96013e-07 1.97405e-05
3.98704e-08 1.97405e-05 3.99229e-05

4.6425e-06 4.22203e-06 4.64363e-05
4.22203e-06 -7.50513e-06 8.08826e-05
4.64363e-05 8.08826e-05 1.8516e-05

-1.91995e-06 -7.27623e-08 2.83867e-06
-7.27623e-08 -6.285e-06 -7.62895e-07
2.83867e-06 -7.62895e-07 1.03677e-06

-4.6378e-06 -1.15747e-06 5.08213e-06
-1.15747e-06 1.28923e-06 -1.81578e-05
5.08213e-06 -1.81578e-05 2.76806e-06

5.5281e-06 4.39494e-06 3.49724e-05
4.39494e-06 4.32664e-06 2.96664e-05
3.49724e-05 2.96664e-05 -3.26025e-06

1.14241e-05 6.05179e-06 -3.26253e-06
6.05179e-06 8.39247e-06 1.97476e-05
-3.26253e-06 1.97476e-05 -4.74527e-05

-1.4507e-06 4.68851e-06 1.66889e-05
4.68851e-06 2.04682e-06 3.1927e-05
1.66889e-05 3.1927e-05 6.40557e-06

2.13678e-06 4.91493e-06 6.9619e-06
4.91493e-06 9.1092e-06 1.35821e-05
6.9619e-06 1.35821e-05 5.56691e-06

-1.59744e-06 6.19892e-07 -6.99224e-06
6.19892e-07 -5.05947e-06 9.57578e-06
-6.99224e-06 9.57578e-06 4.16103e-06

4.92528e-07 7.19287e-06 -6.81001e-06
7.19287e-06 1.51288e-05 -1.87947e-05
-6.81001e-06 -1.87947e-05 -5.82765e-07

-1.82147e-06 -3.4533e-06 -8.21419e-06
-3.4533e-06 8.69507e-06 4.46621e-05
-8.21419e-06 4.46621e-05 3.91323e-05

-4.02165e-06 1.19486e-05 -1.65496e-05
1.19486e-05 9.7029e-07 -6.41854e-05
-1.65496e-05 -6.41854e-05 -9.38704e-06

1.54456e-05 -2.46677e-06 -4.32146e-05
-2.46677e-06 -7.59805e-06 -1.29932e-05
-4.32146e-05 -1.29932e-05 -4.68096e-05

-2.93722e-06 5.63325e-06 -1.4923e-05
5.63325e-06 1.6699e-06 -2.90222e-05
-1.4923e-05 -2.90222e-05 -1.14614e-06

-3.73264e-06 2.83032e-06 -3.9809e-05
2.83032e-06 2.12528e-06 -4.71568e-05
-3.9809e-05 -4.71568e-05 4.10213e-05

1.72474e-05 -2.67633e-06 5.21475e-05
-2.67633e-06 2.17001e-07 -1.17253e-05
5.21475e-05 -1.17253e-05 -2.91325e-05

5.29087e-06 4.4356e-06 -6.93363e-05
4.4356e-06 1.54803e-05 -7.05055e-05
-6.93363e-05 -7.05055e-05 -4.44563e-05

2.30326e-06 2.23926e-06 -9.87134e-06
2.23926e-06 -6.86985e-07 -1.49577e-05
-9.87134e-06 -1.49577e-05 3.8917e-06

-1.63676e-06 -1.76477e-07 -1.8646e-06
-1.76477e-07 -4.55878e-06 1.02423e-06
-1.8646e-06 1.02423e-06 2.29923e-06

5.30304e-07 -3.83631e-06 -1.27184e-05
-3.83631e-06 3.22434e-06 2.61009e-05
-1.27184e-05 2.61009e-05 -6.93498e-06

-4.60795e-06 -1.43373e-07 9.15449e-07
-1.43373e-07 -3.78033e-06 3.05027e-06
9.15449e-07 3.05027e-06 5.13098e-06

-3.06977e-06 2.57392e-06 -1.22781e-05
2.57392e-06 -8.03073e-06 2.11777e-05
-1.22781e-05 2.11777e-05 1.25525e-05

-2.19742e-06 3.6162e-06 1.9515e-05
3.6162e-06 -5.01179e-07 2.54252e-05
1.9515e-05 2.54252e-05 7.12395e-05

-1.60883e-06 3.82309e-07 1.48049e-06
3.82309e-07 -2.87148e-06 5.56097e-06
1.48049e-06 5.56097e-06 -7.11172e-06

-3.38244e-06 1.07505e-06 5.06703e-06
1.07505e-06 -2.56896e-06 7.17087e-06
5.06703e-06 7.17087e-06 1.45257e-06

1.55255e-05 -2.97113e-06 -0.000106921
-2.97113e-06 8.22352e-06 4.03901e-05
-0.000106921 4.03901e-05 -6.04668e-05

5.47246e-06 7.80119e-06 1.30114e-05
7.80119e-06 4.95177e-06 1.04572e-06
1.30114e-05 1.04572e-06 -2.39722e-05

-1.07145e-05 -1.01647e-06 -2.16454e-05
-1.01647e-06 3.64936e-06 -2.77569e-05
-2.16454e-05 -2.77569e-05 -6.78776e-07

-6.6121e-06 3.28106e-07 -1.01716e-06
3.28106e-07 -3.18834e-06 1.38105e-06
-1.01716e-06 1.38105e-06 7.72304e-06

1.26758e-06 2.92743e-06 -9.09556e-05
2.92743e-06 1.29969e-05 3.90974e-05
-9.09556e-05 3.90974e-05 -1.09718e-05

-3.81265e-06 2.74518e-06 2.69028e-07
2.74518e-06 -2.88999e-06 -8.63674e-07
2.69028e-07 -8.63674e-07 2.01987e-06

-3.8176e-06 6.28163e-06 3.1881e-05
6.28163e-06 1.77457e-05 0.000102988
3.1881e-05 0.000102988 -5.18687e-05

-2.78086e-06 -4.78969e-06 -7.42055e-06
-4.78969e-06 -1.13099e-06 -1.20517e-07
-7.42055e-06 -1.20517e-07 -1.03238e-05

-4.13138e-06 2.36294e-06 -4.04121e-06
2.36294e-06 4.54734e-06 -2.31228e-05
-4.04121e-06 -2.31228e-05 6.05001e-06

-4.67829e-06 1.92055e-06 2.66204e-06
1.92055e-06 -2.57142e-06 -4.6059e-06
2.66204e-06 -4.6059e-06 1.1928e-06

2.90079e-06 -8.50632e-06 -4.55803e-05
-8.50632e-06 3.35206e-06 3.57499e-05
-4.55803e-05 3.57499e-05 3.01109e-05

4.89828e-05 2.54645e-05 2.19823e-05
2.54645e-05 8.76507e-05 3.26613e-05
2.19823e-05 3.26613e-05 -0.000313663

-4.39274e-06 4.15439e-07 -2.01663e-06
4.15439e-07 -9.01103e-06 -3.20646e-06
-2.01663e-06 -3.20646e-06 1.48269e-05

-7.76008e-06 -2.12559e-06 -1.66328e-06
-2.12559e-06 -8.38165e-07 4.66115e-05
-1.66328e-06 4.66115e-05 6.10914e-05

-7.1699e-06 -1.2496e-06 -2.97753e-06
-1.2496e-06 -8.44031e-07 5.05223e-05
-2.97753e-06 5.05223e-05 3.77125e-05

8.54828e-06 5.93751e-06 5.33214e-05
5.93751e-06 2.05566e-06 3.75495e-05
5.33214e-05 3.75495e-05 1.32023e-07

2.97222e-06 -2.22904e-06 3.36383e-06
-2.22904e-06 1.53727e-05 9.7663e-05
3.36383e-06 9.7663e-05 -1.80711e-05

1.57395e-05 4.25408e-06 5.20277e-05
4.25408e-06 7.49443e-06 1.8565e-05
5.20277e-05 1.8565e-05 -6.14602e-05

-1.96562e-07 7.9356e-08 2.34429e-06
7.9356e-08 5.90645e-08 -7.19323e-07
2.34429e-06 -7.19323e-07 -2.19063e-06

9.44034e-07 1.00671e-06 4.22232e-06
1.00671e-06 -6.29823e-06 4.11153e-07
4.22232e-06 4.11153e-07 -1.59914e-06

-5.93281e-06 -1.20195e-06 -1.025e-05
-1.20195e-06 3.33162e-07 2.82105e-05
-1.025e-05 2.82105e-05 1.10712e-05

-1.2848e-06 1.11809e-06 6.20337e-06
1.11809e-06 1.13907e-05 1.05831e-05
6.20337e-06 1.05831e-05 -5.30767e-05

-4.06722e-06 6.77833e-07 1.77815e-06
6.77833e-07 -2.90731e-07 -1.91952e-06
1.77815e-06 -1.91952e-06 -7.32853e-07

-5.757e-06 3.89265e-06 1.86949e-06
3.89265e-06 1.97951e-05 1.1299e-05
1.86949e-06 1.1299e-05 1.66806e-05

-1.22381e-05 -2.05369e-06 2.05524e-05
-2.05369e-06 4.93547e-06 -2.80039e-05
2.05524e-05 -2.80039e-05 2.61679e-05

-2.86959e-06 -1.0857e-06 5.81371e-07
-1.0857e-06 -7.34777e-06 -3.61338e-06
5.81371e-07 -3.61338e-06 6.75548e-06

3.08291e-07 1.59935e-06 7.97739e-06
1.59935e-06 -9.16923e-06 8.80183e-06
7.97739e-06 8.80183e-06 1.46726e-05

7.70889e-06 -4.01343e-06 8.43447e-06
-4.01343e-06 1.98951e-05 -1.15212e-05
8.43447e-06 -1.15212e-05 -7.96074e-05

6.4704e-06 7.05734e-06 -1.73738e-05
7.05734e-06 1.39984e-06 -1.07358e-05
-1.73738e-05 -1.07358e-05 3.00455e-07

7.4278e-08 -1.58265e-06 1.13117e-05
-1.58265e-06 5.40052e-06 -7.05484e-05
1.13117e-05 -7.05484e-05 2.23726e-05

8.89162e-07 -1.34461e-06 3.09594e-05
-1.34461e-06 9.56395e-06 -5.217e-05
3.09594e-05 -5.217e-05 -2.11973e-05

2.58245e-05 5.77122e-06 -6.71928e-05
5.77122e-06 -3.6958e-06 -1.46269e-05
-6.71928e-05 -1.46269e-05 -4.39855e-05

1.80793e-05 6.43242e-06 4.58194e-05
6.43242e-06 6.32914e-06 1.54147e-05
4.58194e-05 1.54147e-05 -4.71529e-05

3.71336e-06 -4.66705e-06 4.44955e-06
-4.66705e-06 1.53522e-06 -1.32442e-05
4.44955e-06 -1.32442e-05 4.09512e-06

-7.9026e-06 2.07529e-06 -4.67138e-06
2.07529e-06 -1.56109e-07 -3.03298e-07
-4.67138e-06 -3.03298e-07 2.93293e-06

1.89716e-07 2.97479e-09 -1.46166e-06
2.97479e-09 -1.31615e-06 -3.95753e-07
-1.46166e-06 -3.95753e-07 8.18553e-07

2.26035e-05 -3.57666e-06 5.12282e-05
-3.57666e-06 -2.62324e-06 -6.9262e-06
5.12282e-05 -6.9262e-06 -3.61856e-05

1.39493e-07 1.04386e-06 -1.99859e-06
1.04386e-06 -8.29013e-07 8.49966e-06
-1.99859e-06 8.49966e-06 -2.24083e-05

2.57609e-05 9.40062e-06 -7.00358e-05
9.40062e-06 -6.01431e-06 -2.14884e-05
-7.00358e-05 -2.14884e-05 -3.14453e-05

-1.21368e-06 1.40155e-06 6.33603e-06
1.40155e-06 -6.94269e-06 5.23358e-06
6.33603e-06 5.23358e-06 1.78999e-05

-1.4572e-06 -3.38723e-06 4.12504e-06
-3.38723e-06 -1.48584e-06 2.77619e-07
4.12504e-06 2.77619e-07 -1.23936e-05

7.36166e-06 -7.66343e-06 -2.45631e-05
-7.66343e-06 8.36059e-06 4.1987e-05
-2.45631e-05 4.1987e-05 -5.30418e-05

-2.39074e-06 -4.78607e-07 -4.96315e-06
-4.78607e-07 1.01917e-06 -6.66837e-06
-4.96315e-06 -6.66837e-06 -5.24591e-06

-3.56898e-06 -3.04438e-07 -5.39095e-08
-3.04438e-07 -2.51979e-06 -5.82826e-06
-5.39095e-08 -5.82826e-06 1.71511e-05

-1.05572e-06 -1.5802e-06 -5.97689e-06
-1.5802e-06 -2.68882e-06 2.9887e-06
-5.97689e-06 2.9887e-06 2.03443e-06

4.76783e-06 6.35136e-06 -2.30617e-05
6.35136e-06 2.50231e-05 -0.000118404
-2.30617e-05 -0.000118404 -3.09499e-05

9.78589e-06 -1.59723e-05 4.37719e-06
-1.59723e-05 1.49537e-05 -1.22299e-05
4.37719e-06 -1.22299e-05 -7.95322e-05

-5.00931e-06 1.5435e-06 2.59797e-06
1.5435e-06 -2.9314e-06 -5.19406e-06
2.59797e-06 -5.19406e-06 4.9983e-06

-3.61732e-08 -1.33777e-06 3.7685e-06
-1.33777e-06 -6.12624e-06 2.75579e-07
3.7685e-06 2.75579e-07 1.06826e-05

1.66485e-05 -1.67869e-06 5.69752e-05
-1.67869e-06 5.89875e-06 -1.71496e-05
5.69752e-05 -1.71496e-05 -6.71135e-05

-1.51784e-06 -4.46936e-06 -2.87106e-06
-4.46936e-06 8.25443e-07 6.26091e-06
-2.87106e-06 6.26091e-06 -7.56601e-06

2.14739e-06 -2.52488e-06 -9.81277e-06
-2.52488e-06 -4.72202e-07 -6.89492e-06
-9.81277e-06 -6.89492e-06 2.61621e-06

8.09362e-06 -7.97993e-06 -5.42632e-05
-7.97993e-06 -1.01179e-06 3.59157e-05
-5.42632e-05 3.59157e-05 -2.12382e-05

6.36971e-06 1.0258e-05 -2.63875e-05
1.0258e-05 2.93761e-05 -0.000109063
-2.63875e-05 -0.000109063 -8.28995e-05

-7.36174e-07 1.54703e-07 1.07464e-05
1.54703e-07 2.40186e-06 3.95608e-06
1.07464e-05 3.95608e-06 -1.02455e-05

-4.14609e-07 1.79998e-06 1.00829e-05
1.79998e-06 5.01803e-06 2.08296e-07
1.00829e-05 2.08296e-07 -6.86042e-06

1.05449e-06 5.98812e-07 8.04954e-06
5.98812e-07 -5.32873e-07 -3.07509e-06
8.04954e-06 -3.07509e-06 -1.50619e-05

-1.27871e-06 3.17905e-06 -4.52982e-07
3.17905e-06 -1.0804e-06 6.31881e-06
-4.52982e-07 6.31881e-06 -7.34067e-06

1.40119e-05 -1.26642e-05 -8.68214e-05
-1.26642e-05 -2.84126e-06 1.07825e-05
-8.68214e-05 1.07825e-05 -3.83543e-06

-3.4262e-06 -1.10647e-06 1.06369e-05
-1.10647e-06 -8.02675e-07 -1.57273e-05
1.06369e-05 -1.57273e-05 -1.23935e-05

-9.04338e-07 -8.10554e-07 -5.06822e-06
-8.10554e-07 -4.54408e-09 -1.21974e-05
-5.06822e-06 -1.21974e-05 -4.07365e-06

9.07698e-08 -1.54511e-07 -1.7057e-05
-1.54511e-07 -1.89182e-06 -2.21795e-06
-1.7057e-05 -2.21795e-06 2.50092e-06

1.52665e-05 -7.69412e-06 2.32854e-05
-7.69412e-06 6.36227e-05 2.72861e-05
2.32854e-05 2.72861e-05 -0.00030855

-3.14235e-06 -2.12647e-06 -4.48067e-06
-2.12647e-06 -2.43908e-06 6.46667e-07
-4.48067e-06 6.46667e-07 1.99897e-05

-7.16e-06 -1.14502e-06 -3.78582e-06
-1.14502e-06 2.20767e-07 4.03724e-05
-3.78582e-06 4.03724e-05 4.00948e-05

3.12919e-05 6.74395e-06 -2.04573e-06
6.74395e-06 2.73733e-07 6.55261e-06
-2.04573e-06 6.55261e-06 -0.000124211

2.29031e-05 6.98737e-06 -6.15247e-05
6.98737e-06 -8.0338e-06 -1.48814e-05
-6.15247e-05 -1.48814e-05 -3.84624e-05

2.51387e-05 7.48936e-06 -7.0858e-05
7.48936e-06 -3.98274e-06 -2.28604e-05
-7.0858e-05 -2.28604e-05 -3.23633e-05

7.96527e-06 -1.0582e-06 -3.93637e-05
-1.0582e-06 1.86804e-06 5.24133e-05
-3.93637e-05 5.24133e-05 -1.92281e-05

-1.01002e-05 -1.07276e-08 2.23302e-05
-1.07276e-08 6.59186e-06 -5.4639e-06
2.23302e-05 -5.4639e-06 9.72166e-06

-1.44363e-05 -2.41685e-05 -9.0905e-06
-2.41685e-05 3.02495e-05 3.12229e-05
-9.0905e-06 3.12229e-05 -0.000115443

-2.39804e-08 1.84341e-06 -4.7815e-05
1.84341e-06 3.2767e-06 5.79311e-05
-4.7815e-05 5.79311e-05 -2.9289e-05

-3.91066e-06 5.52765e-06 -2.37659e-05
5.52765e-06 -7.77692e-06 2.20152e-05
-2.37659e-05 2.20152e-05 -3.51942e-06

-2.70387e-06 3.6741e-07 -3.93445e-06
3.6741e-07 7.49308e-07 -2.61762e-06
-3.93445e-06 -2.61762e-06 -6.00056e-06

2.62057e-05 -7.56604e-06 -8.23458e-06
-7.56604e-06 1.01648e-06 -4.28656e-07
-8.23458e-06 -4.28656e-07 -7.69867e-05

-7.75221e-06 -1.82612e-06 -1.58209e-06
-1.82612e-06 6.71981e-08 3.93703e-05
-1.58209e-06 3.93703e-05 5.17553e-05

1.43155e-05 -8.15085e-06 -9.32118e-05
-8.15085e-06 3.47423e-06 3.7137e-05
-9.32118e-05 3.7137e-05 -5.52495e-05

5.51315e-05 4.18268e-06 -1.78078e-05
4.18268e-06 1.76674e-05 -3.56054e-05
-1.78078e-05 -3.56054e-05 -6.61409e-05

1.06133e-06 8.7991e-07 8.18133e-06
8.7991e-07 3.1854e-07 2.76609e-06
8.18133e-06 2.76609e-06 -1.25411e-05

8.0306e-06 -7.89339e-06 -5.4349e-05
-7.89339e-06 1.15141e-05 3.72329e-05
-5.4349e-05 3.72329e-05 -2.12414e-05

1.75869e-05 3.32352e-06 -6.51605e-05
3.32352e-06 -8.13486e-06 -1.1616e-05
-6.51605e-05 -1.1616e-05 -5.45256e-05

5.98198e-07 3.7632e-07 2.65009e-06
3.7632e-07 -2.08282e-06 1.73085e-06
2.65009e-06 1.73085e-06 -1.78727e-07

2.04539e-05 -5.77478e-06 3.96356e-05
-5.77478e-06 1.30511e-05 4.91476e-06
3.96356e-05 4.91476e-06 -7.9327e-05

-7.17792e-06 9.66094e-06 2.89484e-05
9.66094e-06 9.20994e-07 4.07159e-05
2.89484e-05 4.07159e-05 4.96955e-05

-7.39178e-06 1.02122e-05 2.31534e-05
1.02122e-05 9.85651e-06 6.61086e-05
2.31534e-05 6.61086e-05 -9.67777e-05

4.71036e-06 -1.04958e-05 -6.87198e-05
-1.04958e-05 9.81427e-06 3.09471e-05
-6.87198e-05 3.09471e-05 -1.05549e-05

-4.23417e-06 2.55608e-06 -1.64082e-05
2.55608e-06 -4.90094e-06 1.66995e-05
-1.64082e-05 1.66995e-05 4.13012e-06

1.00403e-06 6.13303e-07 7.7246e-06
6.13303e-07 -3.67952e-07 -1.65169e-06
7.7246e-06 -1.65169e-06 -6.6914e-06

1.4569e-06 -4.84778e-07 8.78959e-06
-4.84778e-07 5.69625e-06 9.97163e-07
8.78959e-06 9.97163e-07 -1.20659e-05

6.88441e-06 -7.98005e-06 -6.10226e-05
-7.98005e-06 1.27193e-05 4.04879e-05
-6.10226e-05 4.04879e-05 -4.84339e-05

-7.96486e-06 -2.02182e-06 1.13161e-06
-2.02182e-06 -3.04038e-08 4.01621e-05
1.13161e-06 4.01621e-05 5.23874e-05

-2.087e-06 -8.67773e-07 1.89551e-05
-8.67773e-07 -2.71873e-06 -3.57028e-06
1.89551e-05 -3.57028e-06 -5.50919e-06

2.70115e-05 -1.52135e-05 -8.73017e-06
-1.52135e-05 9.45247e-06 1.10742e-05
-8.73017e-06 1.10742e-05 -8.12163e-05

2.36151e-05 -1.17605e-05 -1.41067e-05
-1.17605e-05 1.89249e-05 -1.43929e-05
-1.41067e-05 -1.43929e-05 -5.5991e-05

-7.19539e-06 -1.30115e-06 -9.24538e-07
-1.30115e-06 1.37459e-07 4.11269e-05
-9.24538e-07 4.11269e-05 4.14052e-05

5.35237e-06 -6.16288e-06 2.49411e-05
-6.16288e-06 8.10682e-06 4.94972e-06
2.49411e-05 4.94972e-06 -2.5008e-05

3.4349e-05 5.23303e-06 -6.84951e-05
5.23303e-06 -2.01363e-07 -1.2978e-05
-6.84951e-05 -1.2978e-05 -6.32672e-05

3.36955e-05 4.68154e-06 -6.73868e-07
4.68154e-06 3.73897e-05 -2.04813e-05
-6.73868e-07 -2.04813e-05 -0.000131933

7.58072e-07 3.47345e-06 5.15785e-06
3.47345e-06 1.49892e-06 4.50063e-06
5.15785e-06 4.50063e-06 6.12886e-06

1.86352e-06 1.0319e-06 3.94019e-06
1.0319e-06 4.14256e-06 1.06073e-06
3.94019e-06 1.06073e-06 -1.08669e-05

1.59181e-05 3.68959e-06 -6.32044e-05
3.68959e-06 3.32058e-06 -9.87492e-06
-6.32044e-05 -9.87492e-06 -5.64101e-05

-9.52478e-06 -3.33266e-07 -4.42748e-06
-3.33266e-07 -3.16917e-07 -6.66128e-06
-4.42748e-06 -6.66128e-06 3.17171e-05

-1.45189e-07 7.49339e-06 4.99555e-05
7.49339e-06 1.08764e-05 5.60337e-05
4.99555e-05 5.60337e-05 5.4126e-07

-5.40549e-07 -2.2073e-06 7.86163e-07
-2.2073e-06 2.92557e-06 1.04276e-05
7.86163e-07 1.04276e-05 2.27917e-07

6.99358e-06 5.29575e-06 2.34847e-05
5.29575e-06 -1.29111e-05 1.97603e-05
2.34847e-05 1.97603e-05 1.80329e-05

-4.41343e-06 1.24155e-06 1.89105e-06
1.24155e-06 -5.10282e-06 6.66617e-06
1.89105e-06 6.66617e-06 4.32422e-06

3.79104e-07 -1.66108e-06 -4.05876e-06
-1.66108e-06 -1.92963e-06 3.33931e-06
-4.05876e-06 3.33931e-06 2.00334e-06

-1.16671e-06 -1.44357e-07 1.63837e-07
-1.44357e-07 -5.21351e-07 1.47628e-06
1.63837e-07 1.47628e-06 2.17294e-06

2.34384e-05 -7.82166e-06 7.16853e-05
-7.82166e-06 -3.65794e-06 -3.21575e-05
7.16853e-05 -3.21575e-05 -1.31473e-05

1.77021e-05 -9.8959e-07 -2.30589e-05
-9.8959e-07 1.21027e-05 1.77897e-05
-2.30589e-05 1.77897e-05 -3.68448e-05

3.26083e-06 -7.27411e-06 -3.42248e-05
-7.27411e-06 7.34182e-06 6.45446e-05
-3.42248e-05 6.45446e-05 -5.75979e-05

2.49286e-05 3.28601e-06 -6.81718e-05
3.28601e-06 -1.35073e-06 -1.37948e-05
-6.81718e-05 -1.37948e-05 -4.3693e-05

-7.67667e-06 -1.09304e-06 6.09847e-06
-1.09304e-06 -3.26105e-06 -1.67821e-06
6.09847e-06 -1.67821e-06 8.38481e-06

4.63791e-06 -2.65845e-07 9.82002e-07
-2.65845e-07 -1.62831e-06 -5.38815e-06
9.82002e-07 -5.38815e-06 -2.02231e-05

1.19852e-05 -5.86287e-06 5.11979e-05
-5.86287e-06 1.08744e-05 -3.01182e-05
5.11979e-05 -3.01182e-05 -6.73287e-05

5.39723e-06 -7.50387e-06 -3.35746e-05
-7.50387e-06 1.16754e-05 4.69067e-05
-3.35746e-05 4.69067e-05 -3.99482e-05

1.79785e-07 -8.33971e-07 8.4121e-06
-8.33971e-07 1.88218e-06 1.43277e-06
8.4121e-06 1.43277e-06 -1.60302e-07

2.21076e-05 -1.05239e-05 1.32665e-05
-1.05239e-05 9.64405e-06 -6.6686e-06
1.32665e-05 -6.6686e-06 -6.84385e-05

-1.80262e-06 8.05672e-07 -9.78248e-06
8.05672e-07 1.8857e-05 2.22617e-05
-9.78248e-06 2.22617e-05 -7.18823e-05

-1.6377e-06 -1.42527e-06 1.7359e-09
-1.42527e-06 -1.95707e-06 2.89988e-06
1.7359e-09 2.89988e-06 3.81463e-06

-1.22706e-06 2.12062e-06 -1.28773e-05
2.12062e-06 4.98724e-06 4.34713e-06
-1.28773e-05 4.34713e-06 -1.01907e-05

-9.79133e-07 -4.43602e-07 1.23472e-05
-4.43602e-07 -5.59898e-07 1.48372e-06
1.23472e-05 1.48372e-06 -1.62506e-05

1.67395e-07 6.56632e-07 2.65681e-06
6.56632e-07 -1.82396e-06 4.82119e-07
2.65681e-06 4.82119e-07 3.3304e-06

-2.82432e-06 -1.60604e-06 4.21743e-06
-1.60604e-06 -1.50211e-06 3.52734e-06
4.21743e-06 3.52734e-06 3.61742e-06

-3.5825e-08 2.1176e-06 -1.65342e-05
2.1176e-06 2.20392e-06 -2.06505e-06
-1.65342e-05 -2.06505e-06 -1.37797e-05

-8.7607e-07 5.73402e-07 2.36269e-06
5.73402e-07 4.80117e-08 -6.12494e-07
2.36269e-06 -6.12494e-07 -2.14962e-06

-1.37433e-06 1.61396e-06 -1.01103e-05
1.61396e-06 -1.77878e-06 -1.50962e-05
-1.01103e-05 -1.50962e-05 1.97011e-05

8.24789e-09 -5.18486e-08 7.12427e-06
-5.18486e-08 -7.69718e-07 -4.97129e-07
7.12427e-06 -4.97129e-07 4.09671e-07

-2.70208e-06 -9.26236e-07 2.2399e-05
-9.26236e-07 -2.21905e-06 3.42466e-07
2.2399e-05 3.42466e-07 6.50902e-07

-9.64029e-06 6.7718e-07 -3.30842e-06
6.7718e-07 -6.86602e-07 -1.2786e-05
-3.30842e-06 -1.2786e-05 -4.22353e-06

-5.04096e-07 -6.80823e-08 2.88467e-06
-6.80823e-08 -6.8751e-07 2.8642e-06
2.88467e-06 2.8642e-06 4.5669e-07

2.0256e-06 1.78536e-06 4.43413e-06
1.78536e-06 2.32498e-06 4.57062e-06
4.43413e-06 4.57062e-06 5.98027e-06

-4.20583e-06 2.14146e-06 3.7803e-06
2.14146e-06 2.59381e-06 4.62158e-06
3.7803e-06 4.62158e-06 5.9123e-06

3.105e-06 2.40689e-06 -1.92122e-05
2.40689e-06 -9.60628e-07 4.97836e-05
-1.92122e-05 4.97836e-05 1.49676e-05

1.64056e-05 5.03156e-06 -1.72543e-05
5.03156e-06 -2.64089e-07 -1.69697e-05
-1.72543e-05 -1.69697e-05 -3.10587e-06

3.55601e-07 -7.62033e-07 -6.53443e-06
-7.62033e-07 1.96003e-06 -1.42966e-05
-6.53443e-06 -1.42966e-05 -1.09921e-05

-2.90264e-06 -1.96576e-07 3.22213e-06
-1.96576e-07 1.36387e-06 -3.61172e-06
3.22213e-06 -3.61172e-06 -2.99808e-05

-5.25447e-06 7.22515e-07 1.32637e-05
7.22515e-07 -5.44776e-08 -1.64406e-06
1.32637e-05 -1.64406e-06 -6.38998e-06

-3.92129e-06 1.01017e-06 -7.29446e-07
1.01017e-06 5.14336e-06 6.97542e-05
-7.29446e-07 6.97542e-05 1.1683e-05

-3.32034e-06 3.57927e-06 -4.38695e-06
3.57927e-06 -3.61908e-06 -1.71762e-06
-4.38695e-06 -1.71762e-06 -3.01417e-06

-4.68287e-06 -1.13254e-06 -1.23189e-05
-1.13254e-06 2.71918e-06 7.05327e-06
-1.23189e-05 7.05327e-06 2.15225e-05

9.1349e-06 6.82902e-07 -8.4947e-05
6.82902e-07 1.24998e-05 3.44744e-05
-8.4947e-05 3.44744e-05 -1.38209e-05

1.83745e-05 2.76034e-06 -2.6612e-05
2.76034e-06 3.42277e-07 -4.00866e-06
-2.6612e-05 -4.00866e-06 -6.80981e-06

1.70571e-06 1.27554e-06 -7.67943e-06
1.27554e-06 -3.90645e-06 -1.92903e-06
-7.67943e-06 -1.92903e-06 -3.06104e-06

-8.79444e-07 9.06879e-07 2.03588e-06
9.06879e-07 -8.05229e-06 2.212e-05
2.03588e-06 2.212e-05 3.61495e-06

2.00546e-06 1.19759e-06 1.57012e-06
1.19759e-06 -3.29056e-06 2.5613e-06
1.57012e-06 2.5613e-06 2.05664e-07

-1.49073e-06 8.22527e-06 -1.75571e-05
8.22527e-06 -1.80778e-06 5.10866e-07
-1.75571e-05 5.10866e-07 -3.56322e-05

-1.71062e-06 2.82778e-07 3.40077e-06
2.82778e-07 3.66194e-07 9.04635e-07
3.40077e-06 9.04635e-07 3.06893e-06

2.34339e-05 3.32911e-06 -4.35082e-05
3.32911e-06 -3.72566e-07 -1.1951e-05
-4.35082e-05 -1.1951e-05 -5.14878e-05

1.14541e-06 1.78452e-06 -2.48986e-05
1.78452e-06 -4.55672e-06 4.73753e-05
-2.48986e-05 4.73753e-05 3.81822e-05

3.40607e-06 -1.25124e-06 -2.95117e-05
-1.25124e-06 8.07987e-06 5.07278e-05
-2.95117e-05 5.07278e-05 -3.84934e-05

1.71317e-05 -5.66084e-06 -8.50473e-06
-5.66084e-06 -5.13101e-06 4.34742e-05
-8.50473e-06 4.34742e-05 -0.00012155

1.74776e-05 -1.61308e-06 -1.12535e-05
-1.61308e-06 1.038e-05 4.84649e-05
-1.12535e-05 4.84649e-05 -0.000143043

-1.04279e-06 -5.27019e-07 4.84851e-07
-5.27019e-07 -2.78559e-07 -3.69372e-06
4.84851e-07 -3.69372e-06 -2.32958e-07

-3.72615e-06 -1.57907e-06 1.30456e-05
-1.57907e-06 -1.36369e-06 -1.00713e-05
1.30456e-05 -1.00713e-05 -1.28806e-05

8.00716e-06 -4.14055e-06 -6.64995e-05
-4.14055e-06 3.42098e-06 8.28726e-06
-6.64995e-05 8.28726e-06 -3.29214e-05

7.31426e-06 -1.07769e-05 -2.67638e-05
-1.07769e-05 3.85729e-06 1.9427e-05
-2.67638e-05 1.9427e-05 -3.44066e-05

-1.58129e-06 5.43985e-06 -2.25271e-06
5.43985e-06 -4.93801e-09 -7.41693e-06
-2.25271e-06 -7.41693e-06 -1.46417e-05

-2.65322e-07 4.46312e-06 -1.96957e-05
4.46312e-06 -3.17059e-06 7.0057e-06
-1.96957e-05 7.0057e-06 -1.52122e-05

-2.55171e-05 1.67621e-05 5.09281e-05
1.67621e-05 5.02525e-06 4.37486e-05
5.09281e-05 4.37486e-05 4.81574e-05

1.70065e-05 8.54569e-06 -6.48737e-05
8.54569e-06 1.05173e-05 -1.52093e-05
-6.48737e-05 -1.52093e-05 -5.41586e-05

7.94941e-06 -1.13847e-05 -2.8461e-05
-1.13847e-05 1.86924e-05 5.80454e-05
-2.8461e-05 5.80454e-05 -3.87057e-05

-1.67644e-06 6.01201e-06 -2.12946e-06
6.01201e-06 -2.83374e-07 -1.68702e-05
-2.12946e-06 -1.68702e-05 9.20455e-06

3.14635e-06 1.33105e-06 -2.09864e-05
1.33105e-06 7.38861e-06 5.71478e-05
-2.09864e-05 5.71478e-05 1.44631e-05

6.72159e-06 3.2643e-06 -8.07693e-05
3.2643e-06 8.41079e-06 -2.02122e-05
-8.07693e-05 -2.02122e-05 -3.92605e-05

-6.55439e-07 1.35097e-06 5.20894e-06
1.35097e-06 -1.14762e-07 -2.98836e-07
5.20894e-06 -2.98836e-07 -1.22973e-05

5.20246e-06 2.73607e-06 -8.6284e-05
2.73607e-06 5.17563e-07 2.33345e-05
-8.6284e-05 2.33345e-05 2.71116e-05

5.43152e-06 -2.51033e-07 -6.43357e-05
-2.51033e-07 5.95276e-07 -8.91714e-06
-6.43357e-05 -8.91714e-06 5.45946e-06

1.30222e-06 2.81343e-06 -7.39339e-05
2.81343e-06 6.98396e-07 1.67991e-05
-7.39339e-05 1.67991e-05 2.64775e-05

-1.6992e-06 -2.27643e-07 -6.03913e-05
-2.27643e-07 4.52637e-06 4.6746e-05
-6.03913e-05 4.6746e-05 3.47431e-06

6.65915e-06 -4.63929e-08 -6.41738e-05
-4.63929e-08 3.11989e-06 -6.60908e-06
-6.41738e-05 -6.60908e-06 1.36295e-06

-1.24488e-06 -2.78304e-06 -6.92331e-05
-2.78304e-06 8.34219e-06 6.17753e-05
-6.92331e-05 6.17753e-05 -1.73894e-05

6.82971e-06 -7.67363e-06 -8.80355e-05
-7.67363e-06 1.11974e-05 7.41674e-05
-8.80355e-05 7.41674e-05 1.69679e-05

1.26256e-06 -6.36896e-06 -4.91542e-05
-6.36896e-06 1.2434e-05 4.92007e-05
-4.91542e-05 4.92007e-05 -6.69808e-06

4.56041e-07 -3.14719e-06 -6.07691e-05
-3.14719e-06 5.04655e-06 6.1573e-05
-6.07691e-05 6.1573e-05 3.72017e-05

6.01847e-06 6.04636e-07 -7.09041e-05
6.04636e-07 1.20473e-05 6.34719e-05
-7.09041e-05 6.34719e-05 -7.00613e-06

8.65406e-07 -5.28543e-06 -3.53863e-05
-5.28543e-06 1.47857e-05 5.98764e-05
-3.53863e-05 5.98764e-05 -4.56003e-05

2.17898e-05 -6.88203e-06 -9.72226e-05
-6.88203e-06 1.54049e-06 6.49217e-05
-9.72226e-05 6.49217e-05 -1.52268e-05

4.86373e-06 -5.15626e-07 -6.29753e-05
-5.15626e-07 7.44447e-06 9.28464e-06
-6.29753e-05 9.28464e-06 2.0563e-05

1.79735e-05 1.62294e-06 -8.79491e-05
1.62294e-06 7.81106e-07 -1.78343e-05
-8.79491e-05 -1.78343e-05 -1.09871e-05

4.59998e-06 -1.25585e-06 -6.51893e-05
-1.25585e-06 1.10917e-06 -6.60425e-06
-6.51893e-05 -6.60425e-06 1.10554e-05

1.38856e-05 -4.16137e-06 -6.56338e-05
-4.16137e-06 -4.00029e-08 8.38127e-06
-6.56338e-05 8.38127e-06 -1.7262e-05

3.37645e-05 7.55119e-06 -6.02102e-05
7.55119e-06 6.243e-06 6.21047e-06
-6.02102e-05 6.21047e-06 -6.23839e-05

3.17489e-05 1.21433e-05 -0.000107047
1.21433e-05 3.4455e-06 -1.31982e-05
-0.000107047 -1.31982e-05 -3.92399e-05

2.94254e-05 -8.36713e-06 -0.000119841
-8.36713e-06 4.8304e-06 3.19566e-05
-0.000119841 3.19566e-05 -2.56239e-05

2.25289e-05 -1.10786e-05 -8.87602e-05
-1.10786e-05 7.20597e-06 6.41104e-05
-8.87602e-05 6.41104e-05 -4.11938e-05

6.28926e-06 -8.3536e-07 -6.88264e-05
-8.3536e-07 1.55218e-05 6.59576e-05
-6.88264e-05 6.59576e-05 -3.4856e-05

2.0222e-05 1.0356e-05 -9.09751e-05
1.0356e-05 3.24402e-06 -1.28992e-05
-9.09751e-05 -1.28992e-05 1.92064e-06

2.69148e-05 9.77889e-07 -9.09128e-05
9.77889e-07 -1.07916e-05 1.01264e-05
-9.09128e-05 1.01264e-05 -7.62649e-05

9.90594e-06 -8.15984e-06 -7.69526e-05
-8.15984e-06 1.00707e-05 6.32321e-05
-7.69526e-05 6.32321e-05 -8.30401e-05

8.87246e-06 -8.12466e-06 -7.54747e-05
-8.12466e-06 1.19625e-05 5.54193e-05
-7.54747e-05 5.54193e-05 -5.33221e-05

6.78964e-06 2.02016e-06 -2.55882e-05
2.02016e-06 1.17619e-05 -4.11625e-05
-2.55882e-05 -4.11625e-05 -5.32387e-05

6.99319e-06 3.32177e-06 -2.58887e-05
3.32177e-06 2.70716e-06 -4.06954e-05
-2.58887e-05 -4.06954e-05 -5.31234e-05

-2.8588e-06 1.19301e-05 -3.89933e-05
1.19301e-05 4.24813e-05 -8.53488e-05
-3.89933e-05 -8.53488e-05 -0.000104115

-3.06672e-06 3.17022e-06 -3.78133e-05
3.17022e-06 5.68319e-06 -5.70495e-05
-3.78133e-05 -5.70495e-05 2.05811e-05

-9.54635e-07 1.07277e-05 -3.70352e-05
1.07277e-05 -1.71062e-07 -3.11014e-05
-3.70352e-05 -3.11014e-05 4.08101e-06

-9.80569e-06 2.41362e-06 8.17549e-06
2.41362e-06 -6.56884e-06 -6.82636e-06
8.17549e-06 -6.82636e-06 7.56723e-06

1.46664e-05 1.68086e-05 -5.70774e-06
1.68086e-05 2.0968e-05 -2.86352e-05
-5.70774e-06 -2.86352e-05 -5.5897e-05

1.52554e-05 1.66552e-05 -9.42e-06
1.66552e-05 7.70155e-06 -1.08304e-05
-9.42e-06 -1.08304e-05 -5.38082e-05

6.18704e-06 1.56567e-06 -1.97589e-05
1.56567e-06 1.16607e-05 -4.02854e-05
-1.97589e-05 -4.02854e-05 -5.83665e-05

3.88908e-06 5.68861e-06 -1.67581e-05
5.68861e-06 7.87755e-06 -4.19166e-05
-1.67581e-05 -4.19166e-05 -5.83883e-05

-1.45081e-07 -1.01623e-07 1.67022e-05
-1.01623e-07 -3.34661e-06 1.01786e-07
1.67022e-05 1.01786e-07 7.56075e-06

2.37022e-06 2.53016e-06 2.22214e-05
2.53016e-06 -6.28044e-07 9.46183e-06
2.22214e-05 9.46183e-06 -4.1284e-05

6.28209e-08 3.24065e-07 1.75027e-05
3.24065e-07 -2.65933e-06 2.89086e-06
1.75027e-05 2.89086e-06 3.46893e-06

7.23591e-06 3.05492e-06 3.09378e-05
3.05492e-06 -1.96306e-06 8.02041e-06
3.09378e-05 8.02041e-06 -2.97446e-05

4.83844e-06 6.17631e-06 3.58369e-05
6.17631e-06 -1.71868e-06 1.59512e-05
3.58369e-05 1.59512e-05 7.76948e-06

7.30851e-06 7.82468e-06 3.767e-05
7.82468e-06 -1.55232e-06 2.42077e-05
3.767e-05 2.42077e-05 -4.38511e-05

7.18094e-06 8.48801e-06 4.21203e-05
8.48801e-06 1.17491e-05 5.12098e-05
4.21203e-05 5.12098e-05 -4.90027e-05

5.78826e-06 8.15757e-06 4.18707e-05
8.15757e-06 1.14501e-05 5.65749e-05
4.18707e-05 5.65749e-05 -3.21317e-05

6.81454e-06 8.0631e-06 4.72781e-05
8.0631e-06 1.1327e-05 5.45352e-05
4.72781e-05 5.45352e-05 -2.16754e-05

6.97104e-06 7.5991e-06 4.2487e-05
7.5991e-06 -1.59017e-06 2.40978e-05
4.2487e-05 2.40978e-05 -1.44358e-05

3.0684e-06 5.52334e-06 2.77992e-05
5.52334e-06 6.04713e-06 3.49792e-05
2.77992e-05 3.49792e-05 3.61048e-05

-5.37428e-07 5.99474e-06 1.43587e-05
5.99474e-06 -1.56143e-06 1.32418e-05
1.43587e-05 1.32418e-05 -5.66119e-05

1.14172e-05 -7.63691e-06 6.28207e-05
-7.63691e-06 3.09956e-05 -0.000145624
6.28207e-05 -0.000145624 -3.16641e-05

8.60272e-06 -7.09906e-07 4.01415e-05
-7.09906e-07 1.03414e-05 -9.64664e-05
4.01415e-05 -9.64664e-05 -6.84596e-05

1.02526e-07 -1.14613e-07 8.05866e-06
-1.14613e-07 -1.16953e-06 -1.49327e-05
8.05866e-06 -1.49327e-05 -7.28954e-06

7.00976e-06 -4.86978e-06 7.20814e-05
-4.86978e-06 1.36766e-05 -2.51962e-05
7.20814e-05 -2.51962e-05 -5.57285e-05

2.98642e-05 -6.07492e-06 1.33257e-05
-6.07492e-06 2.8543e-06 -1.67963e-05
1.33257e-05 -1.67963e-05 -5.34644e-05

7.24121e-06 -5.32348e-06 3.53195e-05
-5.32348e-06 4.75196e-06 -6.40573e-05
3.53195e-05 -6.40573e-05 -7.10999e-06

8.82768e-06 -8.99445e-07 5.84143e-05
-8.99445e-07 -2.00253e-06 -4.56111e-05
5.84143e-05 -4.56111e-05 5.5381e-06

1.45851e-05 -6.35389e-06 5.56347e-05
-6.35389e-06 2.8692e-06 -4.7294e-05
5.56347e-05 -4.7294e-05 -5.61277e-05

1.96278e-05 -1.29147e-05 3.1423e-06
-1.29147e-05 1.54744e-05 9.85337e-06
3.1423e-06 9.85337e-06 -6.73111e-05

9.55991e-08 -2.25719e-06 4.17977e-05
-2.25719e-06 5.10021e-06 -6.33141e-05
4.17977e-05 -6.33141e-05 5.17253e-06

5.08972e-06 5.7358e-07 4.88269e-05
5.7358e-07 -1.11416e-05 3.13161e-06
4.88269e-05 3.13161e-06 6.05877e-05

4.29459e-06 -7.63395e-06 4.19786e-05
-7.63395e-06 1.19371e-05 -6.18261e-05
4.19786e-05 -6.18261e-05 -5.64009e-05

-3.44186e-06 3.72126e-06 -1.29258e-05
3.72126e-06 -4.94697e-06 1.06365e-05
-1.29258e-05 1.06365e-05 9.92115e-06

-5.7823e-06 2.10776e-06 9.44429e-07
2.10776e-06 -4.74534e-06 4.39421e-06
9.44429e-07 4.39421e-06 1.22321e-05

-4.25631e-06 4.87496e-06 -3.13804e-05
4.87496e-06 4.76105e-07 -2.0616e-05
-3.13804e-05 -2.0616e-05 2.25701e-05

7.82425e-06 -6.03217e-06 3.33064e-05
-6.03217e-06 9.68515e-06 -7.38354e-05
3.33064e-05 -7.38354e-05 -2.89879e-05

1.78428e-06 -8.162e-07 2.56773e-05
-8.162e-07 1.79411e-05 -7.81954e-05
2.56773e-05 -7.81954e-05 -2.92308e-05

7.2152e-08 7.97351e-07 5.73348e-06
7.97351e-07 2.43916e-06 1.00144e-05
5.73348e-06 1.00144e-05 -8.28144e-06

1.35879e-05 -1.512e-05 2.80715e-05
-1.512e-05 2.38079e-05 -6.84787e-05
2.80715e-05 -6.84787e-05 -6.48665e-05

5.38479e-07 -3.24287e-06 -0.000104473
-3.24287e-06 1.54972e-05 4.80504e-05
-0.000104473 4.80504e-05 1.64762e-05

-4.65313e-06 2.81996e-06 -1.96428e-06
2.81996e-06 -5.02503e-06 -1.81918e-06
-1.96428e-06 -1.81918e-06 5.09066e-06

1.23665e-06 -4.33996e-06 -1.4911e-05
-4.33996e-06 1.62974e-05 7.53098e-05
-1.4911e-05 7.53098e-05 -2.27952e-05

1.89605e-05 3.24171e-06 -4.9856e-05
3.24171e-06 -8.60668e-06 -7.30104e-05
-4.9856e-05 -7.30104e-05 -3.93222e-05

3.83334e-05 -1.41493e-05 -6.9168e-05
-1.41493e-05 -8.32971e-08 3.4375e-05
-6.9168e-05 3.4375e-05 -4.67117e-05

4.46293e-06 1.90658e-06 8.89472e-06
1.90658e-06 -8.35814e-06 2.50381e-05
8.89472e-06 2.50381e-05 -1.30612e-05

6.72644e-07 -2.41837e-06 2.01377e-05
-2.41837e-06 1.87504e-05 3.62906e-05
2.01377e-05 3.62906e-05 -4.51086e-05

-3.32849e-06 4.14853e-06 -2.29541e-05
4.14853e-06 6.5793e-06 -9.92336e-06
-2.29541e-05 -9.92336e-06 2.02801e-05

1.35132e-07 1.23822e-05 -3.40598e-05
1.23822e-05 7.18367e-06 -4.50671e-05
-3.40598e-05 -4.50671e-05 3.89901e-05

2.87968e-05 8.95998e-06 -6.65293e-05
8.95998e-06 -2.34373e-06 -1.67196e-05
-6.65293e-05 -1.67196e-05 -4.76391e-05

-3.27662e-06 -2.05222e-06 -2.28398e-06
-2.05222e-06 -2.47509e-06 -2.97895e-07
-2.28398e-06 -2.97895e-07 -1.49687e-06

-8.71102e-06 -5.01191e-06 -7.04923e-06
-5.01191e-06 -8.62839e-06 -1.64389e-06
-7.04923e-06 -1.64389e-06 5.52108e-06

7.82622e-06 -4.44489e-06 -1.71996e-05
-4.44489e-06 1.89859e-05 5.50693e-05
-1.71996e-05 5.50693e-05 -4.89215e-05

-4.19492e-06 1.58743e-06 -5.39092e-07
1.58743e-06 -3.59461e-06 1.17106e-05
-5.39092e-07 1.17106e-05 9.9455e-07

1.39262e-05 1.28763e-06 -3.0855e-05
1.28763e-06 2.07201e-07 -6.03929e-06
-3.0855e-05 -6.03929e-06 -9.74551e-06

-7.45423e-07 4.64623e-07 1.26034e-06
4.64623e-07 -6.09014e-07 -2.48482e-06
1.26034e-06 -2.48482e-06 -3.26178e-06

-1.6647e-06 -1.45756e-06 3.45413e-06
-1.45756e-06 -3.28222e-06 7.38011e-06
3.45413e-06 7.38011e-06 -5.00747e-06

4.70383e-08 -3.77736e-07 6.2145e-06
-3.77736e-07 -4.58043e-06 -8.22816e-06
6.2145e-06 -8.22816e-06 -1.43475e-05

-2.70762e-06 2.36546e-07 1.80439e-05
2.36546e-07 4.1631e-06 7.10339e-06
1.80439e-05 7.10339e-06 -2.7995e-05

1.03301e-05 -9.24889e-06 5.17977e-05
-9.24889e-06 1.03753e-05 -3.64749e-05
5.17977e-05 -3.64749e-05 -4.05545e-05

-2.27343e-06 -4.74479e-07 -9.42703e-05
-4.74479e-07 1.29673e-05 3.63993e-05
-9.42703e-05 3.63993e-05 -7.3499e-06

-1.53142e-06 3.11248e-07 -2.46007e-07
3.11248e-07 -9.39122e-07 2.05081e-06
-2.46007e-07 2.05081e-06 1.73821e-06

-1.6717e-06 2.44031e-06 -2.93934e-06
2.44031e-06 -3.40475e-06 1.02687e-05
-2.93934e-06 1.02687e-05 -7.62253e-07

2.44813e-05 1.17976e-05 1.93977e-05
1.17976e-05 5.10903e-06 1.97258e-07
1.93977e-05 1.97258e-07 -9.64901e-05

9.80692e-06 -6.93722e-06 4.74104e-05
-6.93722e-06 1.48399e-06 -1.21708e-05
4.74104e-05 -1.21708e-05 -5.90697e-05

4.34957e-06 6.5595e-06 -3.77787e-06
6.5595e-06 1.29652e-06 -8.22897e-06
-3.77787e-06 -8.22897e-06 -5.22585e-05

-2.2118e-06 3.21669e-06 1.7626e-06
3.21669e-06 -4.50803e-06 4.33297e-06
1.7626e-06 4.33297e-06 1.14911e-05

5.87916e-07 -1.34288e-06 8.13043e-06
-1.34288e-06 -4.46595e-06 -1.12451e-05
8.13043e-06 -1.12451e-05 7.20632e-06

-9.38356e-08 -1.63705e-06 -4.91673e-06
-1.63705e-06 -8.96299e-07 2.14283e-06
-4.91673e-06 2.14283e-06 1.93327e-06

-2.28421e-06 2.1605e-07 -5.01004e-06
2.1605e-07 -2.31437e-06 4.10242e-06
-5.01004e-06 4.10242e-06 -2.04315e-05

3.92384e-06 3.9444e-06 -2.61826e-05
3.9444e-06 -1.6277e-06 -6.29093e-05
-2.61826e-05 -6.29093e-05 6.0353e-05

2.75263e-06 2.39227e-06 -3.53646e-05
2.39227e-06 -3.68011e-06 -7.46679e-05
-3.53646e-05 -7.46679e-05 2.5428e-05

1.7538e-05 -5.05545e-07 -3.38688e-05
-5.05545e-07 1.1835e-05 -1.31819e-05
-3.38688e-05 -1.31819e-05 -6.39881e-05

2.09193e-05 -3.8221e-06 -3.92423e-05
-3.8221e-06 1.4376e-05 5.8375e-07
-3.92423e-05 5.8375e-07 -0.000156797

1.67682e-05 4.24822e-07 -3.54387e-05
4.24822e-07 1.21712e-05 -6.53616e-06
-3.54387e-05 -6.53616e-06 -5.17515e-05

1.08993e-05 1.18316e-05 -3.20293e-05
1.18316e-05 3.9057e-05 -8.88792e-05
-3.20293e-05 -8.88792e-05 -0.000104127

3.65229e-06 2.12057e-07 -3.86919e-06
2.12057e-07 4.39201e-06 2.12146e-06
-3.86919e-06 2.12146e-06 7.1338e-06

-4.22356e-06 -2.80365e-06 3.20931e-07
-2.80365e-06 -7.6762e-06 3.78704e-06
3.20931e-07 3.78704e-06 3.22087e-05

4.68099e-06 7.53994e-06 -1.13852e-05
7.53994e-06 9.3521e-06 -3.17809e-05
-1.13852e-05 -3.17809e-05 -2.39958e-05

-9.6029e-06 6.76911e-06 3.89286e-05
6.76911e-06 1.70656e-05 2.44305e-05
3.89286e-05 2.44305e-05 -6.35335e-06

-1.80361e-06 -1.61938e-07 -1.01518e-05
-1.61938e-07 1.38632e-05 -7.6103e-06
-1.01518e-05 -7.6103e-06 -3.36882e-05

-1.57554e-06 -7.81896e-07 1.97554e-06
-7.81896e-07 -4.08803e-06 5.28935e-06
1.97554e-06 5.28935e-06 5.49535e-06

-8.53645e-07 -3.82811e-07 1.06787e-06
-3.82811e-07 1.30008e-06 9.41275e-07
1.06787e-06 9.41275e-07 -2.37996e-07

7.2879e-07 3.00047e-06 5.53518e-06
3.00047e-06 2.12662e-05 3.27693e-05
5.53518e-06 3.27693e-05 -4.442e-05

3.54912e-06 2.3518e-06 4.81215e-06
2.3518e-06 1.82939e-05 2.65941e-05
4.81215e-06 2.65941e-05 -5.64818e-05

3.22219e-06 2.02888e-06 8.75811e-06
2.02888e-06 1.83916e-05 3.59207e-05
8.75811e-06 3.59207e-05 -3.33664e-05

-8.72657e-07 -5.17508e-07 8.72295e-07
-5.17508e-07 1.60751e-06 1.50208e-06
8.72295e-07 1.50208e-06 7.5282e-07

4.88894e-06 1.32758e-06 5.03656e-06
1.32758e-06 1.85954e-05 2.6597e-05
5.03656e-06 2.6597e-05 -5.65074e-05

3.50012e-06 -5.80375e-06 1.23812e-05
-5.80375e-06 2.23861e-05 -7.77077e-05
1.23812e-05 -7.77077e-05 -7.01352e-05

3.70329e-06 -3.87624e-06 2.22108e-05
-3.87624e-06 2.2788e-05 -7.33249e-05
2.22108e-05 -7.33249e-05 -3.61882e-05

-1.07903e-05 -3.48087e-06 1.92062e-06
-3.48087e-06 1.88103e-05 -0.00010286
1.92062e-06 -0.00010286 1.5633e-06

-8.09664e-06 -7.40382e-08 1.30309e-05
-7.40382e-08 2.20797e-05 -7.77553e-05
1.30309e-05 -7.77553e-05 -7.0142e-05

3.70218e-06 -5.55352e-06 1.8156e-05
-5.55352e-06 1.66403e-05 -9.61537e-05
1.8156e-05 -9.61537e-05 -1.32932e-05

1.96036e-07 -7.30232e-06 -3.6425e-05
-7.30232e-06 1.19143e-05 5.40578e-05
-3.6425e-05 5.40578e-05 -4.49567e-05

4.15215e-06 -7.92349e-06 2.64912e-05
-7.92349e-06 3.56655e-05 -6.92476e-05
2.64912e-05 -6.92476e-05 -6.49065e-05

-1.3175e-06 -2.19014e-06 -1.82034e-05
-2.19014e-06 2.31165e-05 -6.941e-05
-1.82034e-05 -6.941e-05 -3.49758e-05

2.87323e-06 7.78812e-06 -3.60044e-05
7.78812e-06 1.33236e-05 -2.97293e-05
-3.60044e-05 -2.97293e-05 -5.26024e-05

6.34335e-06 -9.59623e-06 1.53061e-05
-9.59623e-06 2.52605e-05 -4.86445e-05
1.53061e-05 -4.86445e-05 -8.46651e-05

-2.63662e-06 -2.46376e-07 4.0409e-06
-2.46376e-07 -2.53792e-06 -5.99391e-06
4.0409e-06 -5.99391e-06 8.49704e-06

4.46575e-06 8.96737e-07 1.21259e-05
8.96737e-07 1.85501e-05 2.74374e-05
1.21259e-05 2.74374e-05 -7.18823e-05

1.19297e-06 -5.9751e-06 -2.23214e-07
-5.9751e-06 -2.09412e-06 -2.68011e-06
-2.23214e-07 -2.68011e-06 -2.97762e-06

5.18925e-06 -8.85777e-06 -3.58815e-05
-8.85777e-06 2.90396e-06 3.29783e-05
-3.58815e-05 3.29783e-05 -3.72728e-05

1.293e-05 -1.31946e-05 -3.11932e-06
-1.31946e-05 3.40963e-06 2.7399e-06
-3.11932e-06 2.7399e-06 1.90334e-05

-2.74611e-07 -1.60257e-06 -2.99867e-06
-1.60257e-06 -1.79937e-06 6.66612e-06
-2.99867e-06 6.66612e-06 -2.65872e-06

-3.48433e-06 2.37995e-06 -2.34349e-05
2.37995e-06 -9.52507e-06 -1.53998e-05
-2.34349e-05 -1.53998e-05 1.8797e-05

1.38316e-05 -6.49682e-06 5.98164e-05
-6.49682e-06 1.0829e-05 -3.41413e-05
5.98164e-05 -3.41413e-05 -3.14057e-05

7.57021e-06 -1.1333e-05 5.31686e-05
-1.1333e-05 4.69445e-06 -2.55899e-05
5.31686e-05 -2.55899e-05 -6.09222e-05

1.88615e-05 -1.90399e-06 6.67285e-05
-1.90399e-06 5.88179e-06 -1.86694e-05
6.67285e-05 -1.86694e-05 -3.10869e-05

3.64931e-06 -6.91187e-06 2.21211e-05
-6.91187e-06 8.54209e-06 -8.25475e-05
2.21211e-05 -8.25475e-05 -1.99668e-05

1.57507e-05 -1.77828e-06 -4.92871e-05
-1.77828e-06 3.93455e-06 1.6661e-05
-4.92871e-05 1.6661e-05 -5.99016e-05

-3.50048e-07 -1.88445e-06 3.12698e-06
-1.88445e-06 -5.00351e-06 -7.90265e-07
3.12698e-06 -7.90265e-07 9.37271e-06

-3.50144e-06 -8.79922e-07 -9.30943e-06
-8.79922e-07 -2.54975e-06 7.19012e-06
-9.30943e-06 7.19012e-06 -3.17431e-07

5.72838e-06 1.98066e-07 -5.8805e-05
1.98066e-07 1.03368e-06 8.08439e-06
-5.8805e-05 8.08439e-06 -8.42977e-06

2.88337e-06 -5.75212e-07 -1.38695e-05
-5.75212e-07 1.9374e-05 8.3868e-05
-1.38695e-05 8.3868e-05 -1.28115e-05

2.75265e-06 -3.10915e-06 -7.03215e-06
-3.10915e-06 5.30858e-06 0.000100238
-7.03215e-06 0.000100238 1.45461e-05

2.00268e-05 1.2737e-05 -5.46094e-05
1.2737e-05 -9.50494e-06 3.43808e-05
-5.46094e-05 3.43808e-05 -3.09527e-05

3.61239e-06 -5.78626e-06 -7.15724e-06
-5.78626e-06 1.25619e-05 0.000100401
-7.15724e-06 0.000100401 -2.46739e-05

2.94934e-06 -2.19159e-06 2.04918e-06
-2.19159e-06 1.5466e-05 9.73538e-05
2.04918e-06 9.73538e-05 -5.44224e-05

-6.01149e-06 2.88836e-06 -2.21137e-05
2.88836e-06 1.89553e-05 9.48965e-05
-2.21137e-05 9.48965e-05 -2.25553e-05

2.95335e-06 -4.58853e-06 -3.45515e-05
-4.58853e-06 4.97609e-06 2.47602e-05
-3.45515e-05 2.47602e-05 3.34179e-05

2.10713e-05 -1.7538e-06 5.6847e-05
-1.7538e-06 3.71714e-06 -7.41638e-06
5.6847e-05 -7.41638e-06 -5.22814e-05

-8.90115e-07 -3.60846e-06 -9.7785e-06
-3.60846e-06 8.331e-06 4.47716e-05
-9.7785e-06 4.47716e-05 4.17013e-05

-4.2765e-07 -1.13541e-06 2.67868e-05
-1.13541e-06 1.24307e-05 -6.70029e-05
2.67868e-05 -6.70029e-05 4.83809e-05

1.51256e-05 -1.64445e-05 6.45998e-05
-1.64445e-05 4.8297e-05 -0.000155528
6.45998e-05 -0.000155528 -0.000131758

-2.60589e-07 1.10158e-07 2.80934e-05
1.10158e-07 1.21012e-05 -8.41661e-05
2.80934e-05 -8.41661e-05 -1.6676e-05

1.35479e-05 -9.03872e-06 6.45072e-05
-9.03872e-06 1.38637e-05 -0.00014308
6.45072e-05 -0.00014308 -2.24961e-05

1.38773e-05 -1.35618e-05 6.82305e-05
-1.35618e-05 2.51755e-05 -0.000143143
6.82305e-05 -0.000143143 -3.17418e-05

-2.87852e-06 1.90996e-06 1.10372e-05
1.90996e-06 1.23624e-05 -7.02247e-05
1.10372e-05 -7.02247e-05 -2.60524e-06

1.48394e-05 1.44311e-05 1.24412e-05
1.44311e-05 1.55938e-05 -7.3654e-05
1.24412e-05 -7.3654e-05 -4.93452e-05

1.37898e-05 6.87892e-06 -3.19526e-05
6.87892e-06 3.50955e-06 -0.000102888
-3.19526e-05 -0.000102888 -2.08055e-05

1.35122e-05 6.37007e-06 -3.41836e-05
6.37007e-06 4.17975e-06 -0.000108
-3.41836e-05 -0.000108 -3.8083e-05

-1.02981e-05 1.61377e-06 3.37164e-05
1.61377e-06 1.07601e-05 -5.52607e-05
3.37164e-05 -5.52607e-05 7.09379e-05

1.98738e-05 1.37869e-05 -4.92495e-05
1.37869e-05 -1.09029e-06 -4.5891e-05
-4.92495e-05 -4.5891e-05 -4.24614e-05

6.763e-06 1.44867e-05 -1.92912e-05
1.44867e-05 -4.6827e-06 -0.000118215
-1.92912e-05 -0.000118215 1.51485e-05

1.69454e-06 3.67112e-06 -2.76499e-05
3.67112e-06 1.24286e-05 -1.03184e-05
-2.76499e-05 -1.03184e-05 -3.90357e-05

-2.08329e-06 5.39419e-06 -1.9386e-05
5.39419e-06 1.17651e-05 -2.0433e-05
-1.9386e-05 -2.0433e-05 -3.69811e-05

1.16557e-06 -3.42675e-07 -2.47885e-06
-3.42675e-07 3.21341e-06 -1.61274e-06
-2.47885e-06 -1.61274e-06 -4.01079e-06

0 0 -6.51907e-07
0 0 2.04237e-06
-6.51907e-07 2.04237e-06 -6.4438e-06

-6.42316e-07 1.49081e-06 1.99185e-06
1.49081e-06 3.62394e-06 5.12869e-06
1.99185e-06 5.12869e-06 -1.66586e-06

1.29424e-06 -5.70162e-08 6.32156e-06
-5.70162e-08 2.42204e-06 -2.67398e-08
6.32156e-06 -2.67398e-08 3.75888e-06

2.66812e-06 -1.41533e-06 3.80896e-06
-1.41533e-06 3.76246e-06 2.30211e-06
3.80896e-06 2.30211e-06 -1.29692e-06

1.28826e-06 -2.121e-06 -6.32297e-07
-2.121e-06 0 1.29456e-06
-6.32297e-07 1.29456e-06 -6.59012e-06

1.18933e-06 7.41948e-07 -3.8318e-06
7.41948e-07 2.94562e-07 -7.66992e-07
-3.8318e-06 -7.66992e-07 -1.99242e-06

1.1793e-05 1.06497e-05 -2.12351e-05
1.06497e-05 2.05215e-05 -2.52071e-05
-2.12351e-05 -2.52071e-05 -6.44491e-05

1.25223e-05 1.47189e-05 -3.13146e-05
1.47189e-05 1.53363e-05 -2.29566e-05
-3.13146e-05 -2.29566e-05 -4.78079e-05

1.62914e-05 -4.33576e-07 -3.12713e-05
-4.33576e-07 -2.93416e-06 -5.52102e-06
-3.12713e-05 -5.52102e-06 2.33835e-06

2.00436e-05 -1.10835e-06 -5.7339e-05
-1.10835e-06 -2.81567e-06 -1.58001e-06
-5.7339e-05 -1.58001e-06 -1.25444e-05

2.04235e-05 2.41164e-07 -5.49084e-05
2.41164e-07 1.90411e-06 5.2723e-06
-5.49084e-05 5.2723e-06 -3.98247e-05

SCALARS relative_volume float
LOOKUP_TABLE default
1.00001
0.999995
0.999955
0.999992
1
0.999989
0.999708
1
0.999963
0.999986
1.00001
0.999972
0.999968
1
0.999993
0.999989
1
0.999996
0.999976
0.999989
0.999982
0.999965
1
0.99998
0.999994
0.999994
0.999987
1.00001
1.00001
0.999952
0.99999
1
0.99998
1.00003
0.999985
0.999984
0.999993
1.00002
1.00003
0.99996
1.00001
0.999994
1
1.00001
1.00002
0.99996
1.00004
1
1
1
1
0.99999
1
1
0.999991
1.00002
0.999982
0.999996
0.999974
1.00004
1.00001
0.999999
0.999996
0.999997
1
0.999992
0.999999
1
0.999945
1.00002
0.999747
1
0.999998
0.999997
0.999783
0.999999
0.999984
0.999995
1.00001
0.99995
1
0.99978
1.00002
1.00002
0.99998
0.999963
0.999981
0.999958
1.00003
1.00002
0.999998
0.999994
0.999995
1.00001
1
0.999959
0.999962
1.00002
0.999959
0.999998
1.00001
0.999972
1.00003
1.00002
1.00002
1
1.00001
1.00001
1.00001
1
1
1
1.00005
0.999989
0.999923
1.00001
0.999983
1
0.999959
0.999802
0.999978
0.999981
0.999955
1.00001
0.999894
0.999996
1.00005
0.999987
1.00001
0.999952
0.999988
1.00001
0.999991
0.999991
0.999992
0.999968
1.00002
0.999755
1.00001
0.999995
1.00005
1
0.999996
0.999945
1.00002
0.999983
1.00001
0.999947
0.999996
0.999747
0.999985
0.999948
1.00001
0.999991
0.999999
1
0.999998
1.00003
0.999996
0.99996
0.999766
0.999748
1.00001
0.999992
0.999999
0.999974
1.00001
0.999992
1
0.999958
0.999999
1
0.99999
1.00005
1.00002
0.999956
0.999792
0.999988
0.999972
0.999957
0.999743
1.00001
0.999988
0.999997
0.999999
0.999988
0.999998
0.999999
0.999963
0.999987
0.999992
0.99998
0.999942
0.999997
0.999752
0.999992
0.999999
0.999738
0.999998
0.999987
0.99996
0.999992
1.00003
0.99966
1.00003
1.00005
1.00001
0.999983
0.999729
0.99999
0.999966
1.00002
0.999948
0.999955
0.999978
1.00001
1.00002
0.999992
1.00003
1
0.999978
1
1.00001
0.999987
1.00001
1.00002
1.00001
0.999989
1
1
0.999956
0.999937
0.999975
0.999955
1
0.999987
1
1.00001
0.99999
0.999993
0.99998
1.00002
0.999673
0.999948
0.999561
0.999972
0.999888
0.999993
0.999998
0.999995
0.999996
0.999619
1.00002
1
1
0.999997
0.999954
1.00001
0.999993
0.999995
1
1.00001
0.999997
0.999976
0.999923
1.00002
0.999993
0.999979
1
0.999963
1.00001
0.999957
1
0.999999
0.999996
1
0.999545
0.99998
0.999966
0.999997
1.00005
1
1.00006
1.00005
1.00005
1.00006
1.00006
1.00005
1.00006
1.00004
1.00006
1
0.999993
1
1.00002
1.00003
1.00006
1.00004
1.00006
1.00007
1.00003
1.00006
1.00004
1.00006
0.999983
0.999985
1.00005
1.00004
1.00003
1.00003
1.00004
1.00003
1.00004
0.999966
0.999998
1.00002
1
0.999999
0.999944
1.00003
1.00003
1
0.999976
1
1.00004
1.00004
1.00002
1.00003
0.999973
1.00001
0.999995
1.00001
0.999964
1.00002
0.999999
1.00003
0.999999
0.999942
0.999974
0.999963
0.999992
1
1
0.999955
1
0.999954
0.999987
1.00005
1.00002
0.999998
0.999994
1.00003
1.00003
0.99999
0.999999
0.999966
0.999991
0.999955
0.999992
1
0.999988
0.999986
0.999987
0.999991
0.999999
0.999953
0.999975
1.00002
1
0.99999
0.999992
1.00001
0.999952
0.999958
0.999934
0.999932
0.999996
1
1.00002
0.999997
1.00004
0.999951
0.999949
0.999949
0.999958
0.999977
0.999945
0.999954
0.99997
0.999976
0.99997
0.999984
1.00003
0.999946
0.999964
1.00003
0.999981
0.999956
0.99995
1.00001
0.999976
0.999988
0.999963
0.999953
0.999974
0.999964
0.999958
0.999951
0.999957
0.999949
0.99996
0.999961
0.999979
0.999984
0.999999
0.999966
0.999966
1.00003
1.00002
0.999977
0.999965
0.999977
0.999963
0.999999
0.99983
0.999993
1.00001
0.999964
0.999964
0.999972
0.999975
0.999963
0.99996
0.999961
0.999966
0.999999
0.999954
0.999953
0.999953
0.999955
0.999963
0.999948
0.999941
0.999963
0.999952
0.999896
0.999976
1.00001
0.999978
0.999963
0.999958
1.00001
0.999966
0.999946
0.999959
0.999947
0.999951
0.999972
0.999981
0.999968
0.999987
0.999969
1.00001
1
1.00001
1.00001
0.999981
0.999979
1.00001
1.00007
1.00003
0.999957
0.999957
0.999973
0.999981
0.999955
0.999963
0.999951
0.999969
1
1.00001
0.999952
1.00001
0.999922
1.00004
0.999927
1
1.00001
0.999993
0.999985
0.999964
0.999967
1.00005
1.00002
0.999969
0.999991
0.999995
0.999981
1.00004
1.00001
0.999971
0.999999
0.999997
0.999976
0.99997
0.999963
1.00001
0.999976
0.999972
0.99995
0.999964
0.999974
0.999987
0.999989
0.999972
0.999983
0.999979
0.999994
1.00003
1
0.999845
0.999984
1.00002
1.00001
1.00005
0.999949
1.00003
0.999959
1
1.00002
1
1.00005
0.999995
0.999903
1
0.999989
0.999975
0.999747
0.999765
0.999985
1
0.999987
0.999992
0.999941
0.999946
0.999805
0.99976
0.999852
0.999881
0.999742
0.999711
0.999679
0.999671
0.999732
0.999779
0.999977
0.999946
0.999774
0.999784
0.999739
0.999746
0.99972
0.99968
1.00005
1.00005
1.00006
1.00006
1.00006
1.00006
1.00004
1.00004
1.00006
1.00005
1.00002
1.00006
1.00004
1.00004
1.00004
1.00004
1.00005
1.00001
1.00001
1.00003
0.999975
1.00005
1.00005
1
1.00001
1.00001
0.999989
0.999921
1.00003
1.00003
0.999986
0.999966
1.00001
0.999979
1.00002
1.00002
1.00001
0.999984
1.00001
0.999958
0.999999
1.00001
0.99998
0.999958
0.999979
0.999939
0.999998
0.999978
0.999991
1.00001
1.00002
1
0.999999
0.999999
0.999945
0.999937
1.00008
0.999998
1.00003
0.999949
1
0.999943
0.999995
0.999983
0.999987
1.00002
0.999932
1.00001
1.00004
1.00012
0.999998
1.00001
0.99994
0.999999
0.999999
1.00004
0.999993
1
0.999974
0.999987
0.999985
1
1.00003
1.00004
0.999975
1.00005
1.00005
1
1
0.999989
0.999965
0.999966
0.999966
0.999979
0.999987
0.999981
0.999981
0.999975
0.999981
1.00001
0.999928
1.00001
0.999944
0.999953
0.999956
1.00001
0.999985
1.00002
0.999984
0.999968
1.00001
1.00003
0.999994
1
1.00005
1.00003
0.999971
0.999993
0.999998
0.999997
1.00004
0.999976
0.999981
0.999971
0.999969
1.00003
1.00005
1
1.00001
1.00002
0.999941
0.999977
0.999991
0.999991
0.999727
0.999713
0.99997
0.999701
0.999728
0.999728
1.00002
1.00003
0.999664
0.999675
1.00004
1.00006
0.999989
0.999956
1.00005
1.00005
1.00003
0.99999
1.00001
0.999996
0.999994
0.999962
1
0.999988
0.999985
0.999971
0.999826
0.999993
0.99999
1
0.999995
0.999998
0.999971
0.999961
0.999975
0.999961
0.99995
0.999991
0.999988
0.999947
0.999956
0.999992
0.999965
1.00004
1.00003
1.00003
0.999967
0.999983
1.00001
1.00001
0.999702
0.999677
1.00006
1.00006
1.00004
1
1.00001
1.00006
1.00003
1.00003
1.00004
0.999936
0.999946
0.999979
0.999929
0.999984
0.999959
0.99997
0.999977
0.999965
0.999976
0.999981
0.999921
0.999966
0.99997
0.99996
1
0.999964
0.999951
0.999973
0.999963
1.00001
1
0.999988
0.999987
0.999987
1.00001
0.999747
0.99971
0.999733
1.00004
1.00003
1.00006
1.00005
1.00004
1.00006
1.00005
1.00002
1.00003
0.999939
0.99999
0.999957
0.999939
0.999946
1.00008
0.999985
0.99999
0.999941
0.999963
0.999981
0.999991
0.999946
0.999964
0.999972
0.999975
0.999971
0.999953
0.999964
0.99997
0.999958
0.999956
0.99996
0.999959
0.999969
0.999976
0.999949
0.99995
1.00001
0.999981
1.00006
0.999974
0.999943
0.999965
0.999973
0.999971
0.999737
0.999969
0.999929
0.99983
0.999826
1.00006
0.999979
1
1
1.00003
1.00002
1
1
0.999965
0.999988
0.999974
0.999967
0.999965
0.999994
1.00001
1
1.00002
0.99996
0.999974
0.999998
0.999975
0.999977
1.00002
0.999953
0.999975
0.999987
1.00002
0.999966
0.999936
0.999946
1
0.999989
0.999957
1.00001
1.00001
0.99997
0.999976
1.00005
1
1.00001
1.00002
1
0.999983
0.999964
1.00001
1
0.999975
0.999992
0.999992
0.999988
0.999992
0.999993
1.00001
1.00001
0.999969
0.999959
1.00001
1.00005
0.999978
0.999949
0.999744
0.999775
0.999992
0.999653
0.999976
1.00005
0.999999
1.00004
0.999999
1.00001
1.00001
1.00002
1.00002
1.00004
0.999964
1.00002
1.00002
1.00003
0.999971
0.999974
0.999984
0.999955
0.999968
0.99997
1.00007
0.999937
0.999978
0.999973
0.999984
0.999966
0.999983
0.999943
0.99998
0.999946
0.999959
0.999941
0.999941
0.999945
0.999965
0.999956
0.999973
0.99996
0.999973
0.999957
0.999957
0.999985
0.999946
0.999992
1.00002
0.999973
0.999973
0.999952
0.99996
0.999968
0.999966
0.999935
0.999976
0.999928
1
1
1.00001
1.00001
0.999994
1.00004
1.00003
1
1.00001
0.999676
0.999674
1.00007
0.999692
0.999982
1
0.999995
0.999996
1.00003
1.00004
1
1.00002
1
1
0.999748
0.999936
0.999947
0.999648
1
1
0.999969
0.999986
1
0.999999
0.999991
0.999949
1
1
1
0.999994
0.999958
0.999995
0.999991
0.999989
0.999998
0.999954
0.999993
0.999998
0.999997
0.999991
0.999984
0.999996
1
0.999978
1
1
0.999975
0.999992
0.999953
1.00001
0.999973
0.999965
0.999997
0.999996
1.00002
1.00001
1.00001
0.999961
0.999989
1.00009
0.99999
1.00001
0.999999
0.999995
1
0.999983
0.999934
1
0.999994
0.999996
0.999994
0.999999
1.00002
0.999996
1.00001
1.00001
0.999993
0.999987
1.00001
1.00001
0.99999
0.999961
1.00001
1.00001
0.999976
1.00001
0.999945
0.999992
0.999999
0.999936
1
1
1.00001
0.999973
1.00001
1.00001
0.999998
0.999992
1.00007
1
0.999988
1
0.999985
0.999969
0.999994
0.99992
0.9999
0.999921
1
1.00002
0.999956
0.999999
1.00003
0.999994
0.99994
0.999991
1.00002
0.999994
0.999988
1.00001
1.00003
0.999998
0.999996
1.00003
0.999985
0.999909
1.00002
1
1
1.00005
1.00006
1.00001
1.00003
0.999965
0.999991
0.999993
0.999995
0.999941
0.999985
0.99999
1.00004
0.999979
1.00002
0.999993
0.999997
0.999998
0.99998
0.999992
0.999999
0.999987
0.999885
0.999724
0.999994
1.00002
0.999987
0.999681
0.999586
0.999666
0.999695
0.999659
0.999787
0.999682
1.00001
1
0.999975
0.999805
1.00001
0.99999
0.999666
1
0.999714
1
0.999998
0.999963
1.00002
0.999984
1
1
0.999972
0.999961
0.999956
0.99973
1
0.999962
1.00002
1.00002
0.99982
0.999639
0.999986
1.00001
1
0.999994
0.999715
0.999841
0.999991
1.00001
0.999998
0.999798
1
1
1.00002
0.999774
1.00001
0.999693
0.999771
0.999929
0.99983
1
0.999994
0.999813
0.999941
0.999981
0.999991
0.999997
1.00005
0.999997
0.999953
1.00001
0.999959
0.999964
0.999956
0.999995
1.00001
0.999968
0.99999
0.99996
0.9999
0.999731
0.999735
0.999985
1.00001
1.00001
1.00002
0.999783
0.999737
0.999978
0.999982
0.999996
1
1
0.999996
0.999963
0.999933
0.999804
0.99998
0.999975
0.999998
0.9998
0.999784
0.999993
1
0.999975
0.999978
0.999996
1.00001
0.999996
0.999943
0.999994
1.00001
0.99999
0.999981
1
0.999997
0.999983
0.999994
0.999944
1
1.00003
1.00001
1.00007
1.00006
0.999986
0.99999
0.999999
0.999999
0.999954
0.999958
0.999977
1
0.999972
1.00003
1.00004
1.00003
1.00004
1.00003
0.999946
0.999933
1.00002
1.00004
1.00001
1.00001
1.00001
0.999995
1.00002
1
1.00001
0.999994
0.999929
0.999991
1.00004
0.999971
0.999905
0.999947
0.999983
0.999999
1
0.999977
0.999941
0.999956
0.999945
0.999995
0.999999
0.999979
0.999997
0.999994
1
0.999971
0.999994
1.00001
0.999998
0.999978
0.999981
1.00001
0.999991
0.999982
0.999998
1.00001
1.00001
1.00001
0.999959
0.999964
1.00001
0.999963
0.999997
0.999949
0.99997
0.999963
1
0.999995
0.999953
0.999955
0.999993
0.999967
0.999954
0.999989
1.00002
0.999997
0.999983
0.999983
0.999997
0.999997
0.999991
0.99996
1.00002
0.999973
0.999985
0.999962
0.999961
0.999981
0.999952
1.00001
0.999967
1
0.999991
0.999976
0.999994
0.999965
1
0.999949
1.00005
0.999947
0.999997
0.999946
0.999942
0.999951
1
0.999966
0.999997
1.00004
0.999703
1.00005
1
0.999999
0.999975
0.999974
0.999977
0.999984
1
0.999958
1.00001
1.00001
1.00002
0.999978
0.999702
1.00002
0.999996
1.00002
0.999969
1.00002
1.00001
0.99999
0.999956
0.999987
0.999959
0.999986
1.00007
0.999996
0.999995
0.999973
0.999978
0.999983
0.999996
0.999997
1.00001
0.999989
0.999998
0.99997
0.999996
0.999995
1
0.999956
0.999962
1.00007
1.00004
0.999993
0.99999
0.999994
1.00001
0.999991
0.999979
0.999994
1
1
1.00001
0.999982
0.99999
1.00001
0.999982
1.00003
1.00004
1.00003
1.00003
1.00001
1.00001
0.999996
0.999994
1.00002
0.999993
0.999998
0.999999
1.00001
1
0.999987
0.99996
0.999969
1.00001
0.999955
1.00001
0.999971
0.999953
0.999973
1.00001
1.00001
1
0.999998
0.999956
0.999995
1
0.999953
0.999993
0.999981
0.999987
0.999992
0.999966
0.999933
0.99998
0.999997
0.999974
0.999961
0.99999
0.999963
1
1.00003
1
1
1
0.999973
0.999972
0.999962
0.999977
1.00001
0.999974
1.00001
0.999995
1
0.999972
0.999987
1.00001
1.00001
1
1
0.999973
1.00001
0.999949
0.999986
0.999995
0.999988
1.00004
0.999975
1
0.999919
0.999961
1.00002
1.00002
0.999954
0.999964
0.999987
1.00003
1.00001
0.999944
1.00005
0.999996
0.999926
0.99998
0.999963
0.999994
1.00001
0.999932
1.00003
0.999997
1.00003
0.999999
1.00004
0.999999
0.999999
0.999959
0.999993
1
1
0.99998
1.00002
1.00001
0.999998
0.999995
0.999962
0.99997
0.999979
1.00003
1
1.00001
0.999987
1.00001
0.999998
0.999894
1
0.999947
0.999981
0.999974
0.99997
0.999998
1
0.999973
0.999957
1
1.00002
0.999993
0.999982
1
1.00001
0.999978
0.999954
0.99996
0.999941
1
0.999997
1
1.00005
0.999985
0.999999
0.999978
0.999944
0.999964
1.00003
1.00002
0.999918
1.00001
0.999965
0.999999
1
0.999966
1.00001
0.999972
0.999963
0.999971
1.00002
0.999967
0.999987
0.99999
0.999968
1.00001
0.999995
1
0.999947
0.999962
0.999976
0.999993
0.999954
1.00001
0.99998
1.00001
0.999951
0.999946
0.999989
0.999987
0.999995
1.00006
1.00001
0.999995
0.999983
0.999997
0.999959
0.999971
0.999995
0.999974
1.00001
0.999999
0.999956
0.999988
0.999972
1.00004
0.999997
0.999959
1.00004
1.00004
0.999983
0.99997
1.00004
1
0.999997
1.00002
1.00001
0.999971
0.999988
1.00001
0.999998
0.999995
1.00001
0.99994
1.00002
0.999982
1.00006
0.999998
1.00001
0.999971
0.999992
0.999973
0.999976
0.999981
0.999987
1.00003
1.00001
0.999979
0.999984
0.999969
1
0.999988
0.999926
0.999969
0.999924
0.999994
1.00001
0.999966
0.999959
0.999961
0.999966
1.00003
0.999995
0.999999
0.999968
0.999997
0.999998
1.00006
0.99998
1.00004
1.00005
0.999961
0.999994
1
1.00004
0.999993
0.999998
0.999733
1
1.00001
1.00004
1
1
1.00005
0.999995
1.00001
0.999986
1.00003
0.999989
0.999989
1
0.999997
0.999956
0.999977
0.999986
0.999984
0.999984
0.999955
1.00001
0.999957
1.00001
0.99998
0.999996
0.999988
1
1.00003
0.99998
0.999994
0.999997
1.00001
1
0.999981
0.999995
1
0.99994
0.999991
1
0.999956
0.999997
0.999994
0.999994
0.999994
1.00001
1.00003
0.999968
0.999823
0.999968
1
0.999992
0.999926
1
0.999966
0.999988
0.999977
0.999987
0.999931
0.99993
1
0.999974
0.999961
1.00002
0.999972
1
0.99998
1.00001
1
0.999981
0.999847
0.999997
0.999929
1
1
1
1.00003
0.999992
1
1.00004
1
1.00001
0.999993
1
0.999998
0.999945
0.999951
0.999988
0.999981
0.99996
1.00003
0.999943
1.00001
1.00002
0.999973
0.999941
1
1.00004
0.999976
0.999988
0.999957
0.99996
0.999948
0.99999
0.99993
0.999988
0.999974
0.999997
0.999985
1
1.00005
0.999961
1.00001
0.999804
1.00006
0.999992
1.00001
1
0.999965
1
0.999995
1.00001
1.00007
1.00002
1.00005
1.00002
0.999943
0.999877
0.999979
1
1.00005
0.999895
1
0.999904
0.999905
1.00002
0.999993
0.999992
1.00004
0.999968
1.00005
0.999964
0.999983
0.999966
0.999998
1
1.00001
1.00001
0.999978
0.999979
1.00002
1.00001
0.999988
0.999995
0.999986
0.999996
0.999988
1.00001
0.999875
0.999921
0.999978
0.999938
0.999819
1.00005
1.00001
1.00001
0.999983
1
0.999995
0.999952
0.99999
0.999997
0.999962
0.999958
1
0.999998
0.999996
1.00002
1
0.999987
1
0.999903
0.999969
0.999971
1.00003
1.00005
0.999997
0.99997
0.99991
1.00004
1
0.999986
0.999957
1.00001
1.00004
0.999988
1.00001
1.00001
0.999968
0.999997
1
0.999975
0.99999
0.999988
0.999978
1.00003
1
0.999992
0.999995
0.99996
0.999972
0.999959
0.999972
1
1.00005
1.00001
0.999983
0.999993
0.999974
0.999968
1
1.00001
0.999961
0.999999
0.999993
0.999996
0.999791
0.999799
0.999916
0.999981
0.99998
1
0.999999
0.999972
0.99995
1.00004
0.999967
1.00002
0.999947
1.00001
1.00005
0.999997
0.999946
0.999999
0.999989
0.999995
1
0.999993
1.00005
1.00001
0.999986
0.999975
0.999993
0.999999
0.999968
0.999959
0.999987
0.999997
0.99997
1.00001
0.999987
0.999983
1.00001
0.999966
1.00002
1.00001
0.999986
1
0.999987
1.00001
0.999997
0.999999
0.999991
0.99998
0.999998
0.999986
1.00002
1.00001
0.999981
0.999997
0.999989
1.00001
0.999995
1.00003
1.00002
0.999986
0.99984
0.999953
1.00005
1.00002
1.00002
0.999984
0.999984
1.00009
1.00003
0.999987
0.999997
1
0.999982
0.999968
0.999967
1.00001
1.00002
0.999949
1.00001
1
0.99999
0.999961
1.00001
0.999969
1.00001
1
1
1.00001
1.00005
0.999993
0.999996
1
0.999986
0.999969
1
0.999996
0.999993
0.999995
1.00001
0.999986
0.999963
1.00004
0.999903
1.00001
0.999945
0.999981
1.00002
0.999977
0.99998
1.00001
1.00003
0.999969
1
1.00003
0.999995
1
0.999934
0.999981
0.999978
0.999974
1
0.999971
0.999971
0.99998
1.00002
0.999994
0.999989
0.999996
0.999987
0.999995
1
1.00002
1.00002
0.999997
1
0.999995
1.00001
1
0.999987
1.00001
1.00001
1.00002
0.999995
0.999987
0.999993
0.999952
0.999988
1.00001
1.00001
0.999998
0.999999
0.999983
0.999965
1
0.999956
1.00004
1.00002
1.00005
0.999985
1.00001
0.999989
1.00001
0.999984
1.00002
1.00003
0.999998
1.00001
0.999998
1.00007
0.999973
0.999941
0.999982
1.00002
0.999985
1.00004
0.999968
0.999965
1.00003
0.999976
0.999999
0.99999
1
0.999977
0.999973
0.999975
0.999988
0.999965
0.999988
1.00002
0.999995
1.00001
0.999961
0.999961
0.999994
0.999992
1.00003
1.00006
1.00001
1
0.999959
0.999999
0.999969
0.999951
1.00001
1
0.999977
0.999966
1.00002
0.999963
0.999977
0.999987
0.999986
0.999993
1
1.00001
1.00001
0.999973
1
0.999999
0.999994
0.999956
0.999999
1.00001
0.999992
0.999954
0.999987
0.999993
0.999994
0.999995
1.00001
1
0.999965
0.999984
0.999994
1.00002
0.999975
0.999972
1.00001
0.999997
0.999986
1
0.999949
0.999942
1.00004
1.00002
0.999937
1.00001
1.00001
1.00002
0.99998
0.999999
1.00008
0.999997
1
1.00001
1.00004
1.00002
1
1.00001
0.999944
0.99999
0.99998
0.999979
0.999971
1.00004
0.999994
0.999999
0.999999
1
0.999997
1.00003
1.00002
0.999993
0.999999
1.00001
0.999972
1.00001
1.00002
0.999997
1.00002
1.00005
0.999988
0.999961
0.999998
1.00004
0.999988
0.999976
1.00001
0.999996
0.999997
0.999997
1
1.00007
0.999988
0.999996
0.999963
0.999986
0.999992
0.999998
1
0.999995
0.999962
0.999986
1.00001
0.999994
1.00004
0.999823
1
1.00005
1.00003
1.00001
1
0.999962
0.999998
0.999993
1.00001
0.999957
0.999995
1.00003
1.00002
0.999997
1.00001
0.999948
1.00001
1.00003
0.999989
0.999978
0.999977
1.00001
0.999995
1
0.999984
0.999977
0.999988
1.00001
0.999985
0.999963
0.999993
1.00001
0.999998
0.999999
0.999945
0.999997
1
0.999955
0.999992
1
0.999986
0.999953
0.999991
0.999998
0.999985
0.99999
1.00001
0.999983
0.999995
1
0.99977
1.00001
1.00003
0.999907
0.999976
0.999989
0.999991
1.00001
0.9999
0.999974
0.999985
0.999992
0.99995
1.00004
0.999963
1.00001
0.999989
0.999998
0.999955
0.999998
0.999954
1.00004
0.999906
1
0.999995
0.999994
0.999995
0.999971
1.00004
0.99999
0.999955
0.999987
1.00003
0.999988
0.999971
0.999939
1.00001
0.999995
0.999963
1.00002
1.00001
1
1.00001
0.999995
1
1
1.00001
0.999993
0.999953
0.99998
0.999997
0.999983
0.999956
0.999977
1
0.999963
0.999945
1
0.999994
0.999982
1
0.999999
0.999988
0.999997
1.00002
1
0.999996
0.999985
0.999999
1.00001
1
1.00002
1.00001
0.999991
0.999968
0.999988
1.00001
0.99999
1.00002
1.00001
1.00001
0.999995
0.999995
0.999999
0.999961
1
0.999972
1.00003
0.999973
0.99989
0.999885
0.999998
0.999982
0.999978
0.999977
0.999984
0.999981
1.00003
0.999973
0.999988
1.00001
1.00003
0.999976
0.999987
1.00003
1.00001
1.00003
1.00001
1.00001
0.99999
1.00003
1.00001
1.00004
1.00001
0.99997
1.00001
1.00003
1.00001
1.00002
0.999997
0.999978
0.999996
1.00001
0.999988
0.999987
1.00003
0.99994
0.999937
0.999968
0.999965
0.999957
0.999936
1.00002
1
0.999991
0.99998
0.999969
0.999959
0.999953
1
0.99996
1
0.999976
1.00001
0.999962
0.99997
0.999985
0.999996
0.999991
1.00005
0.999941
1.00001
0.99995
0.999992
0.999965
0.999979
1
1.00001
0.999961
0.999968
1.00001
1.00005
0.99996
1
1
1.00002
0.999988
0.99999
0.999994
0.999973
1.00003
0.999995
0.999995
0.999971
0.999992
0.999983
0.999974
1.00002
1.00005
0.999979
0.999993
0.999988
0.999978
0.999993
1
0.999995
0.99999
0.999981
0.999973
0.99998
1
0.999999
0.999994
0.999933
0.999952
0.999953
1
1
1
0.999975
1.00006
1.00002
0.999965
0.999878
0.999977
0.999946
1.00002
1.00002
0.99999
1
0.999978
1
1
0.999978
0.999965
0.999988
1
0.999967
0.999956
0.99999
1.00001
0.999944
1.00001
0.999967
0.999975
0.999987
0.999964
0.999947
1
0.999951
0.999996
0.999971
1.00004
0.999995
1.00001
0.999993
0.999951
0.999994
0.999992
0.99996
1
0.999994
0.999998
1.00001
1.00002
0.99998
0.999991
0.999964
0.99999
1.00004
0.999973
1.00005
1.00006
0.999932
0.999995
1
1.00001
1.00001
0.999981
0.999996
0.99998
1.00007
0.999976
1.00002
0.999975
0.999973
1
0.999994
1
1.00001
1.00001
0.999995
0.999999
0.999968
0.99998
1.00002
1
0.999982
VECTORS fiber_vector float
-5.31915e-06 -4.59581e-06 1
-7.07117e-07 -3.26277e-06 1
1.15645e-05 1.24426e-05 1
1.35538e-05 -1.05009e-05 1
-3.37929e-06 -2.25772e-06 1
1.33895e-06 -2.59794e-06 1
-2.35473e-05 -1.0952e-06 1
-2.00535e-06 5.64869e-06 1
-3.77576e-06 3.49903e-07 1
3.22921e-06 -2.25243e-06 1
3.19784e-06 3.81826e-06 1
-3.21741e-06 7.10698e-06 1
-5.65567e-06 1.96065e-06 1
-2.44487e-06 -3.09249e-06 1
-3.65472e-06 9.54311e-07 1
1.38086e-05 -9.73238e-06 1
-5.5327e-06 -3.03959e-06 1
-2.45047e-06 -2.6286e-06 1
1.28518e-06 6.6157e-06 1
9.90511e-07 -2.49014e-06 1
-1.59422e-06 1.33926e-06 1
-1.85643e-06 6.83323e-06 1
-3.29448e-07 3.01998e-06 1
-6.33542e-06 1.2735e-05 1
4.95135e-07 -4.09083e-06 1
1.93736e-06 -4.50628e-06 1
1.44565e-05 -8.60312e-06 1
-2.03873e-06 6.1351e-06 1
-7.45608e-07 4.11367e-06 1
8.34355e-07 5.98428e-06 1
-6.56866e-07 -2.50571e-06 1
-4.80355e-06 -1.97168e-06 1
-7.96892e-07 1.83402e-07 1
-1.48556e-06 3.09928e-06 1
-3.88136e-06 5.43512e-07 1
-2.00746e-06 -1.49263e-06 1
3.74575e-06 1.55187e-06 1
-1.14969e-05 3.60603e-05 1
-1.37655e-05 4.2688e-06 1
1.42999e-05 -1.70753e-06 1
-2.77425e-06 -7.95296e-06 1
-3.79409e-06 8.05229e-07 1
-3.75815e-06 7.62955e-07 1
-1.53773e-06 1.92914e-06 1
-2.56653e-07 1.52693e-06 1
-5.04394e-06 4.06671e-06 1
-3.50051e-06 1.01589e-05 1
-4.0995e-07 3.15338e-06 1
-3.86409e-06 2.21421e-06 1
1.49978e-06 2.00621e-06 1
-1.08872e-06 2.68648e-06 1
-2.25001e-06 -3.01348e-06 1
8.67924e-07 -2.20922e-06 1
-8.66877e-06 1.54255e-06 1
3.64116e-06 -5.6949e-07 1
1.80231e-06 -4.52347e-06 1
-5.03855e-06 2.92609e-06 1
-1.12029e-06 1.67649e-07 1
1.54647e-08 -9.61962e-06 1
3.04794e-06 5.74968e-06 1
-4.5692e-06 9.72208e-07 1
-2.52228e-07 -7.22119e-07 1
-2.43028e-06 -2.79009e-06 1
-2.09305e-06 1.96895e-06 1
4.14273e-07 -1.874e-06 1
1.00456e-06 3.99698e-06 1
-1.6511e-06 1.80327e-06 1
-1.36652e-06 1.56555e-06 1
-2.1173e-05 3.06677e-05 1
1.08449e-07 -7.24688e-06 1
-1.87227e-05 -4.31321e-05 1
-5.90609e-07 1.98598e-06 1
3.21238e-06 -5.20123e-06 1
2.99871e-06 3.4612e-07 1
5.14104e-06 -2.70955e-05 1
8.16209e-06 -1.38444e-05 1
-2.65272e-06 1.0822e-05 1
8.29588e-06 9.82874e-07 1
1.92195e-06 6.29958e-06 1
-7.04722e-08 -2.22517e-05 1
9.25837e-06 7.16067e-06 1
1.44535e-06 -1.66615e-05 1
-5.77238e-06 9.54229e-06 1
-2.19977e-05 1.68301e-05 1
6.19233e-06 -6.06616e-06 1
1.76912e-05 -1.46603e-05 1
-4.16045e-06 -8.89208e-06 1
1.03687e-05 2.09185e-06 1
-1.5643e-05 -2.64934e-07 1
3.34928e-06 -4.45386e-06 1
1.07915e-06 3.83477e-06 1
2.97531e-06 1.06355e-06 1
-3.8285e-07 1.99974e-06 1
-1.8386e-07 4.37872e-07 1
9.36248e-08 3.35571e-06 1
1.401e-07 -3.55093e-06 1
-2.19345e-06 1.81477e-05 1
1.052e-05 5.63033e-06 1
-1.17314e-07 -7.17736e-06 1
-4.63926e-07 -8.71349e-07 1
3.02291e-07 -1.33906e-05 1
1.08982e-05 2.64181e-06 1
-1.68692e-05 7.28254e-06 1
-1.23413e-05 1.22402e-05 1
1.02645e-05 -6.77549e-07 1
-1.01807e-06 -2.18598e-06 1
7.33432e-07 3.63359e-06 1
-1.72546e-06 -2.20799e-07 1
-8.50601e-07 -5.48644e-06 1
-4.62556e-06 2.21243e-06 1
-9.80326e-07 -1.16685e-06 1
-1.00057e-06 1.73498e-06 1
-1.25691e-06 -2.72164e-06 1
4.71972e-06 9.85811e-07 1
-4.02e-06 -1.41627e-05 1
5.99427e-07 -1.14535e-05 1
-3.71495e-06 1.30164e-05 1
-7.41018e-06 -1.97155e-06 1
1.7271e-05 -1.39097e-05 1
-2.06714e-05 -4.77847e-05 1
-1.68224e-06 5.9639e-07 1
1.61026e-05 -6.18805e-07 1
-2.18989e-05 -2.9254e-05 1
2.47536e-06 -3.57247e-06 1
-7.57202e-06 1.77771e-06 1
7.05897e-06 -2.42397e-06 1
-1.24859e-06 -2.70297e-06 1
-4.28386e-06 1.24838e-05 1
1.85352e-07 -1.08994e-06 1
1.18218e-05 -5.63521e-06 1
-3.27033e-07 -1.0514e-06 1
8.19207e-07 -2.76084e-06 1
-2.27984e-06 1.00417e-06 1
2.22759e-06 -1.45021e-06 1
-5.7258e-07 8.31515e-06 1
-4.70813e-06 1.2826e-05 1
3.36658e-06 7.56765e-07 1
-2.36011e-05 -3.73505e-05 1
8.80396e-06 -3.60839e-06 1
9.44812e-07 -2.16602e-07 1
-3.68741e-06 1.56794e-05 1
3.17415e-06 3.63366e-06 1
1.49704e-06 6.40649e-08 1
-2.04637e-05 -2.73213e-05 1
-1.34415e-06 5.04467e-07 1
-7.2814e-06 -1.17205e-05 1
-4.07655e-06 5.18875e-06 1
3.2481e-05 6.28111e-06 1
3.57047e-07 2.59088e-06 1
-1.26265e-05 -1.0073e-05 1
4.62275e-06 9.11181e-08 1
3.04556e-05 5.6839e-06 1
1.06361e-06 3.79802e-06 1
1.77614e-06 2.25043e-06 1
1.39257e-06 -1.15493e-06 1
1.41834e-06 -2.12288e-06 1
2.79264e-06 -1.78677e-06 1
3.3572e-06 -3.51901e-06 1
1.35705e-06 4.02364e-06 1
8.74642e-06 -1.77387e-05 1
-2.34022e-05 -3.80588e-05 1
-2.85805e-05 2.5037e-05 1
-2.39841e-06 -2.31887e-06 1
1.56143e-07 -3.65993e-07 1
1.09953e-06 -6.1355e-07 1
-2.45145e-05 3.80117e-06 1
7.0175e-06 2.17309e-06 1
-1.02392e-06 2.45023e-06 1
3.8877e-06 -2.28328e-06 1
-3.49569e-07 7.66935e-06 1
-3.12734e-06 1.50558e-07 1
4.63471e-06 8.59429e-06 1
1.73492e-06 -3.66495e-07 1
-6.24974e-06 -2.86125e-06 1
6.14286e-07 -3.1203e-06 1
3.60637e-05 -1.23086e-05 1
-3.48002e-05 -5.03324e-05 1
-1.46247e-05 2.89734e-05 1
1.96748e-05 7.12603e-06 1
1.86616e-05 7.35469e-06 1
-1.95151e-05 -4.32939e-05 1
1.60711e-06 5.12999e-07 1
5.20754e-06 -4.86933e-06 1
-4.95183e-06 5.96236e-06 1
1.03331e-06 -2.22832e-06 1
-1.34906e-05 2.62919e-05 1
-2.0582e-06 -1.30586e-06 1
3.24161e-07 4.98607e-06 1
2.71689e-06 -8.27566e-06 1
9.73517e-07 1.51362e-06 1
1.56328e-06 1.96002e-06 1
6.78374e-06 1.54823e-05 1
-5.42479e-07 1.44045e-05 1
-8.96219e-07 -2.29384e-06 1
-1.57094e-05 -3.55099e-05 1
3.96769e-06 9.35565e-07 1
-7.43825e-08 -1.11056e-06 1
-9.6705e-06 -4.08029e-05 1
1.75285e-06 -5.56611e-07 1
1.76224e-06 9.4983e-07 1
-2.43381e-05 3.85509e-06 1
-4.23645e-05 5.36627e-05 1
-3.48219e-06 4.41294e-06 1
-2.1458e-05 3.2989e-06 1
1.83957e-05 2.45285e-06 1
6.65765e-06 -5.46535e-06 1
4.90917e-06 -4.09499e-06 1
6.55835e-06 4.35105e-06 1
-1.63618e-05 7.68755e-06 1
5.05806e-07 -3.89528e-07 1
3.82023e-06 -4.76386e-06 1
4.32545e-06 -6.27874e-06 1
-3.45191e-05 2.00486e-05 1
2.71815e-05 1.71791e-06 1
-4.12223e-05 5.15578e-05 1
-1.9417e-05 1.73286e-05 1
-1.38149e-05 4.22464e-06 1
7.19763e-06 3.60928e-06 1
9.89212e-07 -2.6864e-06 1
-7.73199e-07 3.95677e-06 1
-3.15214e-07 7.19908e-06 1
-5.49721e-07 4.32357e-07 1
3.32222e-06 2.78418e-07 1
-4.39921e-06 -6.42948e-06 1
2.41221e-06 -5.22296e-06 1
-9.37081e-06 -4.02802e-07 1
-2.78523e-06 -1.96729e-06 1
2.92658e-07 4.13383e-06 1
4.35209e-06 -2.43179e-07 1
-6.48924e-07 1.69574e-06 1
1.41649e-05 -1.65459e-06 1
3.5718e-05 3.35023e-05 1
1.32384e-05 -2.38177e-06 1
-2.99776e-06 -2.01551e-05 1
2.46574e-06 6.40277e-06 1
8.92639e-07 2.92883e-06 1
-1.10786e-06 1.92093e-06 1
1.95104e-06 -5.06055e-06 1
-1.0895e-06 -1.2869e-06 1
-5.61461e-07 -1.08014e-06 1
-7.39227e-06 -6.25395e-06 1
3.01148e-06 7.76809e-07 1
-2.41556e-05 1.24168e-05 1
2.76851e-05 4.51108e-07 1
6.40236e-05 -9.21569e-05 1
1.32181e-05 -2.23665e-06 1
1.29265e-05 -2.7751e-06 1
9.89104e-06 1.63742e-06 1
2.78727e-06 -7.00274e-07 1
4.01847e-08 2.08969e-06 1
2.43557e-06 1.83028e-06 1
-2.50564e-05 1.04924e-05 1
5.44757e-06 -1.64001e-07 1
-2.47338e-07 -1.2486e-06 1
-9.03538e-07 1.80189e-06 1
1.34745e-06 4.03837e-06 1
2.90779e-05 4.45585e-07 1
3.75995e-06 2.26314e-07 1
-3.03543e-07 7.91014e-07 1
-2.2631e-06 -3.00528e-06 1
-9.43444e-07 1.84321e-06 1
-1.60759e-06 1.73095e-06 1
-2.68947e-06 1.45517e-06 1
-4.36561e-06 -6.12795e-07 1
-1.27828e-05 4.23586e-06 1
-1.8113e-06 7.8441e-07 1
-3.03543e-07 7.91014e-07 1
6.83527e-06 -9.79416e-06 1
-5.53623e-07 -2.05511e-06 1
-2.12381e-07 4.15552e-06 1
-7.69031e-06 1.24383e-05 1
-2.88982e-07 4.27155e-06 1
6.30649e-07 -2.04276e-06 1
-8.82007e-07 3.24829e-06 1
2.20055e-06 1.24264e-06 1
5.93831e-07 5.61445e-06 1
6.48708e-05 -9.27531e-05 1
-1.93031e-06 1.96531e-06 1
3.46907e-06 -5.79033e-06 1
-2.69042e-06 1.45538e-06 1
-3.04645e-06 4.33178e-06 1
-3.0328e-06 2.47514e-06 1
-3.14518e-06 -2.57796e-06 1
-4.87061e-06 3.45216e-06 1
-4.94232e-06 3.45032e-06 1
-3.09119e-06 -2.57683e-06 1
-3.12887e-06 -3.0119e-06 1
-1.25691e-06 -2.72164e-06 1
-3.09164e-06 -2.58203e-06 1
-1.70611e-06 9.47454e-06 1
-8.09426e-07 1.07754e-05 1
-1.0817e-07 2.34422e-06 1
-3.03543e-07 7.91014e-07 1
2.28506e-06 -1.40566e-07 1
-1.77779e-05 -1.201e-05 1
-1.77308e-05 -1.13041e-05 1
-3.12887e-06 -3.0119e-06 1
-6.61957e-06 1.34035e-06 1
-2.78352e-06 2.98682e-06 1
-2.47128e-06 2.61989e-06 1
-6.73367e-06 1.47709e-06 1
-1.23956e-06 -5.17837e-06 1
-6.57788e-06 1.28837e-06 1
-1.23956e-06 -5.17837e-06 1
-2.1552e-06 -6.14212e-06 1
3.91041e-06 -1.31358e-05 1
3.43089e-06 -9.84094e-06 1
3.48585e-06 -9.83873e-06 1
-7.70772e-06 1.85428e-05 1
-7.66336e-06 1.85769e-05 1
-6.42996e-06 -2.15077e-05 1
-7.88725e-06 -2.40327e-05 1
-2.5052e-07 -9.48e-06 1
1.13921e-06 -2.37247e-06 1
-5.12539e-07 -3.68679e-06 1
9.88092e-06 -2.49149e-06 1
5.58523e-06 2.84873e-06 1
-4.95829e-06 2.13026e-07 1
-5.04583e-07 -9.67012e-06 1
1.95352e-06 3.42768e-07 1
2.05287e-06 2.34281e-07 1
5.22344e-07 1.48233e-06 1
3.30403e-06 1.26435e-05 1
2.0924e-06 1.75709e-06 1
6.09816e-06 3.7118e-07 1
5.92937e-06 1.00601e-06 1
1.49302e-06 -8.46491e-06 1
-7.35546e-06 -5.05143e-06 1
-1.46198e-05 3.36599e-06 1
-3.10594e-06 1.0438e-05 1
-7.51022e-07 -3.38424e-06 1
-2.97795e-06 1.27703e-06 1
1.24012e-05 -4.85628e-06 1
-4.10233e-06 9.91892e-06 1
-8.55698e-07 -1.847e-06 1
-6.82152e-06 1.45657e-05 1
8.21443e-06 1.34583e-05 1
1.1475e-05 6.62328e-06 1
-1.65265e-05 5.37713e-06 1
1.23139e-05 9.21754e-06 1
-1.25103e-05 -1.22781e-05 1
3.76047e-06 1.0108e-05 1
-5.30659e-06 1.90837e-06 1
2.49662e-05 -1.07079e-05 1
-5.14674e-06 1.73632e-06 1
1.69109e-05 -1.30353e-05 1
-2.05287e-07 -4.07804e-07 1
1.38857e-05 1.32753e-06 1
-5.61698e-09 9.07587e-06 1
2.48407e-06 -1.04282e-05 1
2.05344e-06 -1.23175e-05 1
-6.01512e-06 2.1641e-06 1
-6.05249e-06 2.09201e-06 1
2.83245e-06 -3.59362e-06 1
5.0517e-07 -2.21287e-06 1
5.84692e-06 -3.71695e-06 1
-7.41491e-06 3.39894e-06 1
2.50941e-05 -1.08666e-05 1
-3.49411e-06 3.45286e-06 1
-9.05627e-07 -1.90195e-06 1
1.13884e-05 1.80054e-05 1
-3.41053e-06 3.40742e-06 1
-4.03568e-06 -6.22136e-06 1
8.45493e-06 8.69642e-06 1
-6.59782e-07 -7.7319e-07 1
3.09197e-05 5.63664e-06 1
4.08073e-06 1.1219e-07 1
-3.38855e-07 -8.63923e-06 1
1.07516e-06 1.07981e-05 1
2.14246e-07 1.02593e-05 1
-3.67702e-06 5.09562e-07 1
1.62905e-06 -1.79254e-06 1
7.11952e-06 -1.23423e-05 1
7.04243e-06 -1.22989e-05 1
-7.86251e-07 -3.62517e-06 1
-7.2456e-07 -3.60715e-06 1
1.03964e-05 1.76139e-05 1
-1.18473e-06 1.52103e-06 1
3.68026e-07 -9.64525e-06 1
-6.84711e-06 -1.33205e-07 1
-1.60873e-05 6.44343e-06 1
-1.68652e-06 -7.91099e-07 1
8.28181e-06 -1.52879e-05 1
7.62963e-06 -1.52544e-05 1
7.89538e-06 -5.15333e-06 1
-6.6276e-07 -6.85449e-06 1
7.68415e-06 -5.61437e-06 1
-6.97289e-06 3.12223e-06 1
-1.0267e-06 -1.54512e-05 1
8.05287e-08 -7.72184e-06 1
-9.45136e-06 -6.3403e-07 1
6.95161e-06 -3.58636e-06 1
4.33149e-06 -1.93294e-06 1
1.37428e-06 -4.42439e-06 1
-3.15838e-05 3.03434e-07 1
4.15826e-06 -2.40802e-06 1
-9.37661e-06 -1.6271e-06 1
-3.16162e-05 2.94215e-07 1
1.55928e-06 -4.94668e-06 1
-1.57219e-06 2.61926e-06 1
-1.23258e-06 -6.50772e-06 1
-5.61188e-06 8.49286e-06 1
-1.28988e-05 5.77232e-06 1
-4.12815e-06 8.27528e-07 1
-3.38919e-06 -5.19542e-07 1
-2.25694e-07 4.43465e-06 1
-7.43676e-06 3.3127e-07 1
1.87006e-05 1.89559e-05 1
-7.46848e-06 3.17554e-07 1
2.3998e-05 -1.01257e-07 1
-2.45019e-05 1.01969e-05 1
-2.43712e-05 1.01004e-05 1
-1.94692e-06 3.98017e-07 1
-1.33554e-06 -6.04671e-06 1
-5.46277e-07 -2.02349e-06 1
1.84541e-05 9.30245e-06 1
1.84709e-05 9.31094e-06 1
-1.58289e-05 7.4768e-06 1
-2.42252e-06 4.92129e-06 1
-4.25556e-06 -1.08185e-05 1
-9.9927e-06 -2.54357e-06 1
4.52585e-06 4.67092e-06 1
1.5061e-05 -1.16353e-05 1
2.15996e-07 -7.2842e-07 1
2.13458e-05 2.81277e-06 1
1.7586e-06 -5.26122e-06 1
2.31086e-06 -1.3587e-05 1
1.49375e-05 -1.15428e-05 1
-1.23906e-05 1.6251e-05 1
1.81882e-06 7.10227e-06 1
1.77028e-06 7.08034e-06 1
8.26977e-06 -4.63201e-06 1
-1.2159e-05 1.64002e-05 1
-4.37399e-06 1.01592e-05 1
-9.57632e-06 -2.44936e-06 1
2.64185e-06 1.44924e-06 1
-9.93759e-07 5.12752e-06 1
-1.00929e-06 4.59769e-06 1
-4.2848e-05 1.59587e-06 1
-4.29599e-05 1.58738e-06 1
7.20447e-06 5.05795e-06 1
2.10012e-06 -1.45527e-05 1
1.28721e-06 -1.47375e-05 1
-1.49256e-05 1.76379e-05 1
-5.86362e-06 -4.25199e-06 1
-1.39784e-05 4.96226e-06 1
-2.52493e-07 -8.48904e-06 1
-1.5071e-06 2.60194e-06 1
-3.62721e-06 -2.42994e-06 1
9.5373e-07 -1.04189e-05 1
6.79303e-06 5.29064e-06 1
3.40047e-07 -1.74471e-06 1
2.32529e-07 -1.02842e-05 1
-4.85153e-05 1.89978e-05 1
1.90976e-05 -4.71765e-06 1
-4.81539e-05 1.90852e-05 1
-6.24798e-06 3.47853e-05 1
-5.44494e-06 3.26233e-05 1
-2.68835e-05 6.79734e-06 1
2.71689e-06 -8.27566e-06 1
1.46173e-05 6.16017e-07 1
-3.88452e-06 6.08423e-07 1
4.83451e-07 -1.79372e-06 1
-5.33374e-06 6.08231e-06 1
6.38884e-06 2.18222e-06 1
1.16787e-07 8.63357e-07 1
1.75904e-06 -4.27303e-06 1
3.87389e-06 1.5504e-05 1
-2.20081e-06 4.12777e-06 1
-1.05301e-05 8.53909e-06 1
-4.7278e-06 1.48875e-06 1
2.0159e-05 -4.81514e-06 1
-2.00368e-06 -9.74305e-06 1
-9.32934e-07 -1.78161e-06 1
7.17172e-06 -2.83295e-06 1
-2.22227e-06 -9.49196e-06 1
-1.08591e-05 8.04348e-06 1
-1.26789e-05 9.37485e-06 1
-8.0581e-06 -1.91409e-06 1
1.52275e-05 3.3208e-06 1
1.43433e-05 2.4864e-06 1
-9.31893e-06 -8.79646e-07 1
-3.74059e-07 4.49674e-06 1
-2.21608e-05 4.08757e-06 1
-4.86705e-06 -5.95901e-06 1
-2.25668e-05 4.5696e-06 1
-1.40284e-05 5.8824e-06 1
-1.39016e-05 5.75426e-06 1
5.87836e-06 -7.47085e-07 1
-7.6665e-07 1.19735e-05 1
-2.47976e-06 2.34097e-07 1
-1.73032e-06 -4.19981e-07 1
7.07769e-06 -1.07785e-06 1
3.92222e-06 -1.01913e-06 1
-1.24059e-05 -1.93523e-05 1
4.45259e-06 -1.04275e-06 1
2.74237e-06 1.36599e-08 1
-8.16896e-06 -3.21399e-06 1
-5.3955e-06 -5.40588e-06 1
5.05259e-06 -4.90716e-06 1
-6.51395e-06 7.70701e-06 1
2.24205e-06 -1.76743e-07 1
1.19706e-05 -4.14084e-06 1
-1.18838e-06 3.39125e-06 1
-2.42593e-07 2.74218e-06 1
-3.65295e-07 2.52067e-06 1
-4.61683e-06 1.35787e-06 1
-2.80135e-06 -1.6122e-05 1
-1.29884e-05 -1.9927e-05 1
-1.18132e-05 9.59534e-06 1
-9.40823e-06 -2.41879e-06 1
1.25803e-05 5.49741e-06 1
1.39274e-05 1.50717e-06 1
-5.29838e-06 -7.9225e-06 1
-6.49037e-06 -8.13462e-06 1
1.40391e-05 5.89876e-06 1
1.41312e-05 6.03354e-06 1
-2.73401e-05 -2.9886e-05 1
-2.9437e-05 -2.83161e-05 1
-2.70191e-05 -1.46172e-05 1
1.21507e-05 9.87991e-06 1
-1.6893e-06 -3.4397e-06 1
-2.0178e-05 -2.55168e-05 1
-4.17602e-06 -5.63616e-07 1
-5.67445e-05 1.0811e-05 1
-1.19127e-05 7.05273e-06 1
-3.54363e-05 2.53204e-05 1
1.24524e-05 3.63694e-06 1
-1.44756e-05 2.66043e-05 1
-3.02703e-07 -8.61996e-06 1
-3.64482e-06 2.78644e-07 1
8.1381e-06 -1.10803e-05 1
-5.8597e-07 -9.07004e-07 1
2.78849e-05 -1.19691e-06 1
-1.33341e-06 -1.60871e-06 1
-4.32127e-05 -5.11023e-05 1
1.59924e-05 -9.35507e-06 1
-2.97571e-05 -6.63658e-06 1
-2.75471e-05 -7.69662e-06 1
-3.18929e-06 -1.7667e-05 1
-4.76618e-06 -1.72478e-05 1
-4.15859e-05 5.15062e-05 1
1.12911e-06 2.42585e-06 1
-5.07346e-05 -0.000109745 1
-5.11472e-05 -0.000111071 1
-0.000210782 -8.48666e-05 1
-0.000170592 -0.000144186 1
-5.43645e-06 -2.68284e-05 1
-5.88938e-06 -2.71679e-05 1
-0.000170592 -0.000144186 1
-0.000207143 -8.31216e-05 1
-0.000290728 5.28254e-06 1
-0.000290728 5.28254e-06 1
-0.000199405 9.14711e-05 1
-0.000200908 9.22077e-05 1
-3.38035e-05 8.70373e-05 1
-3.37458e-05 8.72305e-05 1
-7.39429e-05 0.000104256 1
-7.32305e-05 0.000104099 1
-0.000177344 0.000145636 1
-0.000177344 0.000145636 1
-0.000207721 -8.35606e-05 1
-0.000241116 0.00010085 1
5.04848e-06 -7.03837e-07 1
5.01049e-06 -7.70289e-07 1
9.38128e-06 -7.29036e-06 1
9.25991e-06 -6.6754e-06 1
8.74032e-06 2.18216e-07 1
8.80325e-06 2.95926e-07 1
1.02491e-05 -1.86492e-05 1
1.0149e-05 -1.84325e-05 1
5.22745e-06 2.40104e-06 1
-5.90611e-06 -2.1459e-06 1
2.90215e-06 -4.49501e-06 1
5.22745e-06 2.40104e-06 1
-5.18788e-06 -2.67236e-06 1
-1.9125e-06 8.40008e-06 1
-2.00719e-06 8.41259e-06 1
2.3825e-06 1.26156e-06 1
5.01664e-06 -6.80364e-07 1
1.8626e-06 -5.29656e-06 1
7.08176e-07 -4.4794e-06 1
-1.53386e-05 7.95396e-06 1
2.29853e-06 1.62406e-06 1
-9.35485e-07 -2.38721e-06 1
-1.00747e-06 -2.25047e-06 1
2.34887e-05 -5.35224e-06 1
2.19027e-05 -3.10576e-06 1
-1.36115e-06 -1.61226e-06 1
-1.65449e-05 2.2159e-05 1
2.54992e-05 -2.29375e-07 1
-5.02874e-06 -9.99155e-07 1
-2.7558e-06 -2.72101e-06 1
-6.0673e-06 1.27469e-05 1
4.08969e-06 1.17656e-05 1
-1.45123e-05 -2.52098e-06 1
-6.22514e-06 2.05138e-06 1
3.90947e-06 5.46683e-07 1
3.51014e-06 4.56434e-07 1
-3.91805e-06 8.6393e-07 1
3.13791e-07 -3.31861e-07 1
-3.96131e-06 2.8556e-06 1
2.83117e-06 -7.82404e-06 1
3.3909e-06 -1.11017e-05 1
2.6422e-07 -7.20105e-06 1
1.24337e-05 -9.98385e-06 1
-8.42036e-06 3.52805e-05 1
-3.59912e-07 5.89765e-07 1
1.137e-05 -8.79086e-06 1
6.14059e-06 2.13144e-06 1
-5.65098e-06 5.59925e-06 1
-4.86345e-06 -7.06342e-06 1
-4.83826e-06 2.36721e-06 1
-1.67133e-06 -2.41051e-07 1
3.37156e-07 -1.13434e-06 1
-2.2268e-07 -6.4943e-07 1
2.933e-05 -2.63279e-05 1
1.34413e-05 -1.30064e-06 1
9.95361e-06 -5.47642e-06 1
3.53321e-05 -1.81514e-05 1
6.39978e-07 -2.18203e-06 1
5.83357e-06 -4.36691e-06 1
1.37352e-05 -3.17999e-06 1
4.52295e-07 3.15177e-06 1
-1.11312e-05 6.04844e-06 1
-3.71479e-06 1.5301e-06 1
-7.77214e-06 -3.6759e-07 1
-7.75686e-06 -5.2973e-07 1
1.29689e-06 1.97399e-06 1
9.95413e-06 -5.47677e-06 1
2.87137e-05 -3.32033e-05 1
2.51752e-05 -2.33561e-05 1
3.4047e-05 -4.00571e-05 1
1.0717e-06 2.28847e-06 1
3.98929e-06 2.29081e-06 1
-6.26138e-07 -9.47214e-06 1
4.38543e-06 -2.90389e-06 1
-1.34622e-06 -5.45114e-07 1
5.71819e-06 -1.90226e-06 1
-8.49054e-07 -3.61518e-07 1
3.83164e-07 -9.50494e-08 1
-6.36172e-06 -7.60745e-06 1
4.89178e-06 -1.29107e-05 1
-2.77228e-06 -1.48001e-06 1
-2.84656e-06 -4.03379e-07 1
4.37004e-07 -2.50803e-06 1
4.36889e-06 -3.91812e-07 1
-5.4107e-07 2.85097e-06 1
-6.05342e-06 1.30324e-05 1
-6.05831e-06 1.30482e-05 1
5.66669e-07 2.67715e-06 1
-2.84879e-06 -4.07732e-07 1
1.73523e-06 -4.48774e-08 1
-2.22271e-06 4.47532e-06 1
-1.9297e-05 1.68723e-06 1
3.00494e-06 5.59171e-06 1
-3.01074e-06 -8.57474e-07 1
1.51696e-06 -8.9617e-06 1
1.28941e-06 -8.26632e-06 1
-2.78669e-06 7.2812e-06 1
8.91519e-06 2.30908e-06 1
9.79258e-06 2.43252e-06 1
-2.90971e-06 -5.98421e-07 1
7.35666e-06 -5.85817e-06 1
1.16394e-05 -1.62422e-06 1
1.04725e-05 -9.89889e-06 1
2.96875e-05 6.27486e-07 1
3.03655e-05 6.79525e-07 1
-2.92316e-06 -6.42577e-07 1
-1.74662e-05 -3.23421e-06 1
3.94998e-07 1.29858e-07 1
-8.40432e-08 7.5574e-06 1
2.7251e-06 7.77796e-06 1
1.61031e-05 5.56752e-07 1
1.45077e-05 -5.90915e-06 1
-1.23257e-06 -9.43329e-07 1
8.33769e-07 -7.68829e-07 1
-6.69832e-06 -2.62923e-06 1
1.13449e-05 3.85635e-07 1
-1.19382e-05 6.36713e-08 1
-4.65344e-06 7.64857e-07 1
-4.73452e-06 2.13312e-06 1
4.07579e-07 -1.12488e-06 1
-6.86796e-06 -2.89255e-06 1
-7.2312e-06 5.37756e-06 1
-6.77286e-06 4.335e-06 1
2.67307e-05 -1.83179e-05 1
2.65921e-05 -1.81495e-05 1
2.69902e-05 -4.0182e-05 1
2.57627e-05 -4.17206e-05 1
2.58511e-05 -7.57949e-06 1
2.63995e-05 -8.01136e-06 1
1.43973e-05 -3.11344e-06 1
2.38884e-06 -7.6003e-06 1
8.05192e-06 -7.25263e-06 1
2.68612e-05 -3.09409e-05 1
2.69608e-05 -3.12836e-05 1
0.000145829 -8.69427e-05 1
0.000178708 -0.000195506 1
3.00754e-06 -5.1258e-05 1
0.000178708 -0.000195506 1
3.75671e-05 -0.000146366 1
0.000146434 -8.7866e-05 1
6.79252e-05 -5.7517e-06 1
6.77614e-05 -5.89541e-06 1
8.0928e-06 -6.01581e-05 1
0.000259899 1.31106e-05 1
2.3825e-06 1.26156e-06 1
-2.13439e-07 -2.53332e-06 1
1.07974e-05 -1.10464e-05 1
2.27684e-06 9.10618e-06 1
2.84629e-06 4.06829e-06 1
2.75228e-06 4.06862e-06 1
-1.46981e-06 -7.4786e-07 1
2.82499e-06 -3.63013e-06 1
-1.23634e-06 -7.48218e-08 1
2.40657e-07 -3.05937e-06 1
3.63195e-07 -3.01509e-06 1
-5.67326e-06 1.75102e-05 1
-4.35353e-07 -3.42432e-06 1
6.43026e-06 -4.14927e-07 1
6.3943e-06 -2.63108e-07 1
2.08476e-06 -2.41323e-06 1
-4.99725e-06 -3.85093e-05 1
4.99601e-06 -8.83143e-07 1
5.29844e-06 -2.84121e-06 1
-6.04696e-07 5.93932e-07 1
1.03692e-06 2.59119e-06 1
-4.32618e-06 1.07915e-05 1
9.63911e-07 -1.37511e-05 1
1.13724e-05 -4.48077e-06 1
-6.07041e-06 1.72056e-05 1
8.18351e-06 1.34444e-05 1
2.43777e-05 -5.95447e-07 1
-1.59113e-06 -2.90923e-07 1
-1.66654e-05 -3.1725e-06 1
4.91114e-05 2.09873e-05 1
4.92362e-05 2.09333e-05 1
-2.14162e-05 -2.17443e-06 1
6.74306e-06 6.94971e-06 1
1.09942e-05 2.83428e-07 1
1.50545e-05 -2.79251e-06 1
5.04969e-05 5.77473e-05 1
6.13015e-05 3.30638e-05 1
9.41486e-06 -6.93945e-06 1
1.60787e-05 5.98262e-06 1
1.56924e-05 5.943e-06 1
0.000190044 0.000100579 1
0.000259899 1.31106e-05 1
-2.29632e-07 -2.49994e-06 1
-1.13047e-06 -5.82858e-06 1
2.3825e-06 1.26156e-06 1
9.02139e-06 2.58462e-06 1
9.0093e-06 2.50503e-06 1
7.02137e-06 1.22218e-05 1
-1.09602e-06 -1.216e-06 1
-2.70365e-06 7.08977e-06 1
-2.66619e-06 7.03382e-06 1
-3.58219e-06 -9.23824e-06 1
-1.47536e-05 -2.52392e-06 1
6.03041e-06 1.90519e-05 1
3.86165e-05 1.26644e-05 1
-1.88626e-06 1.22566e-05 1
-7.0783e-06 2.15056e-06 1
3.36743e-06 -5.87624e-06 1
-4.07422e-06 -3.7064e-07 1
-3.88416e-06 -3.69589e-06 1
3.25359e-06 -4.68193e-07 1
7.62872e-06 -2.80143e-06 1
2.52725e-05 -3.49013e-06 1
-7.06968e-06 -1.2397e-05 1
6.4329e-06 -5.23074e-06 1
1.49111e-06 5.09003e-08 1
8.49668e-06 9.71101e-07 1
5.9702e-06 -1.54565e-05 1
2.60354e-05 3.49158e-05 1
-4.4057e-07 -2.72267e-06 1
1.30539e-05 1.13e-05 1
-2.02265e-05 -1.87866e-06 1
9.64103e-07 1.17574e-05 1
6.94441e-06 -2.921e-06 1
1.04901e-05 1.05318e-05 1
1.05668e-05 1.06333e-05 1
-5.86709e-06 -5.69477e-06 1
0.000192028 0.000101167 1
0.00019024 0.000100652 1
0.000177974 0.000162038 1
6.53792e-06 2.20261e-05 1
6.60274e-06 2.24174e-05 1
7.00865e-06 1.21985e-05 1
-2.67953e-06 -8.40316e-06 1
-2.72192e-06 -8.3234e-06 1
-1.13047e-06 -5.82858e-06 1
7.94151e-06 1.25744e-06 1
-5.2332e-06 2.02829e-06 1
-2.76352e-06 1.14011e-05 1
-3.54723e-06 -9.41625e-06 1
4.16507e-06 1.6434e-05 1
-4.46824e-06 -1.64123e-05 1
-4.54741e-06 -3.72386e-06 1
-1.32269e-05 -2.52736e-06 1
1.64039e-05 0.000111613 1
1.73546e-06 2.09227e-06 1
2.17188e-06 4.99153e-07 1
-6.42985e-06 -1.70408e-05 1
-3.62789e-06 -3.51324e-06 1
2.40618e-05 -2.55926e-05 1
1.48095e-07 -1.34037e-05 1
-1.85502e-06 3.29496e-07 1
1.21431e-05 7.54413e-06 1
-4.52506e-07 1.22669e-05 1
-4.5804e-07 1.22089e-05 1
-5.21373e-06 -8.44439e-06 1
-8.48869e-06 1.03669e-06 1
4.20069e-06 -9.55226e-06 1
-5.43359e-06 -7.83431e-06 1
1.2803e-06 -1.3428e-07 1
2.56034e-05 3.46242e-05 1
1.41263e-05 2.59021e-05 1
1.36461e-05 2.56247e-05 1
-1.43747e-05 -1.62838e-05 1
-1.01202e-06 -3.17066e-06 1
1.96374e-05 3.20625e-05 1
1.97333e-05 3.3566e-05 1
-5.70498e-06 -5.83676e-06 1
1.83057e-06 1.29906e-05 1
3.63396e-07 -5.63366e-07 1
-7.88487e-06 4.33258e-06 1
-2.05346e-05 7.06214e-05 1
2.31903e-06 -2.16484e-06 1
-5.59517e-06 -1.70656e-05 1
4.54405e-05 4.29447e-05 1
0.000177974 0.000162038 1
3.55728e-05 9.20365e-05 1
3.73018e-05 9.00163e-05 1
4.77588e-05 9.69569e-05 1
4.77758e-05 9.68232e-05 1
3.71003e-06 3.33947e-06 1
-8.50378e-06 2.05399e-06 1
1.56529e-06 -7.14311e-06 1
-1.01807e-06 -2.18598e-06 1
-4.96025e-06 3.5015e-06 1
-4.68347e-07 6.81527e-06 1
-1.84689e-06 -6.49399e-06 1
-1.70546e-06 -5.22018e-06 1
-2.11995e-06 4.19286e-06 1
-1.47582e-06 3.44086e-06 1
8.23294e-06 6.84851e-06 1
1.12874e-05 3.61559e-05 1
1.10796e-05 3.37495e-05 1
6.93874e-06 -2.39735e-06 1
-6.86225e-06 -1.40854e-07 1
1.46962e-07 6.26624e-07 1
2.24469e-06 -2.09913e-06 1
-7.82884e-06 1.61624e-05 1
6.48356e-06 -5.96016e-06 1
-2.76374e-06 3.84162e-06 1
2.57244e-06 -7.92281e-06 1
8.25715e-06 5.98592e-06 1
-3.15082e-06 -1.42058e-07 1
-4.58275e-06 7.9784e-06 1
1.06945e-05 1.62422e-06 1
-5.30965e-05 -5.48151e-05 1
-3.31603e-06 -4.69465e-07 1
5.59789e-06 9.59369e-06 1
-8.01422e-07 -3.74684e-05 1
-1.15446e-06 -3.73704e-05 1
6.15883e-06 6.88039e-06 1
-8.12097e-07 -3.42763e-06 1
-2.25668e-06 1.60711e-05 1
1.03016e-07 -5.83465e-07 1
7.45425e-06 4.80055e-07 1
4.5352e-05 4.2843e-05 1
2.29892e-05 -3.21442e-05 1
3.57707e-06 3.12896e-06 1
1.10682e-06 -3.56204e-06 1
-4.29834e-07 7.14312e-06 1
3.51677e-06 1.35068e-06 1
-7.40286e-07 -8.14767e-08 1
1.33909e-05 -1.0478e-05 1
-7.72196e-06 3.53484e-05 1
-2.65816e-06 1.84785e-06 1
-1.50331e-06 9.50915e-07 1
7.72967e-07 1.05809e-05 1
1.9647e-06 -7.57139e-06 1
8.39054e-06 3.54311e-07 1
1.10457e-06 -8.51082e-06 1
-1.12744e-05 1.18891e-05 1
4.9368e-06 5.50297e-06 1
1.4351e-05 1.61982e-06 1
5.72585e-06 6.73708e-06 1
-1.41287e-05 3.93366e-06 1
5.1349e-06 -9.39727e-06 1
5.33845e-07 9.38587e-07 1
2.44303e-06 -4.0269e-05 1
3.17314e-06 -5.16726e-05 1
4.49913e-06 -7.98812e-05 1
3.79692e-05 -0.000147008 1
-2.36011e-05 -3.73505e-05 1
1.67962e-06 -2.71458e-06 1
7.84966e-05 -3.55493e-05 1
-4.01872e-06 -8.49693e-06 1
1.63213e-08 -7.21001e-06 1
-1.07996e-08 5.65995e-06 1
1.5993e-08 -7.05421e-06 1
-1.07996e-08 5.65995e-06 1
-4.35854e-05 2.29331e-05 1
-3.58077e-06 2.25648e-06 1
-4.54764e-05 2.51762e-05 1
-3.72114e-06 9.48905e-06 1
7.95078e-06 1.20295e-06 1
5.02026e-06 -9.54486e-06 1
-4.80619e-06 1.89676e-06 1
-1.52805e-07 2.65985e-06 1
-2.53698e-07 -6.3628e-06 1
-5.6633e-06 7.99365e-06 1
1.10394e-05 3.66427e-06 1
-3.20151e-06 2.64801e-06 1
-4.64848e-06 -1.75083e-05 1
1.08643e-05 3.1459e-06 1
4.2913e-06 5.15564e-06 1
-5.96954e-05 9.30404e-06 1
-4.41377e-06 -4.29965e-06 1
-1.35135e-06 -8.45701e-06 1
-4.02521e-06 -2.14662e-06 1
-3.31087e-06 -3.3532e-06 1
-1.53031e-06 -1.55112e-05 1
2.84051e-06 2.62789e-06 1
2.15685e-06 -5.75271e-05 1
2.85324e-06 2.84941e-06 1
-5.93695e-06 -1.79988e-05 1
-6.65116e-06 3.13194e-06 1
2.16414e-06 -5.74515e-05 1
-4.57056e-06 2.71028e-05 1
-4.56135e-06 2.69133e-05 1
8.33986e-06 -4.64556e-06 1
8.86817e-06 -2.39355e-05 1
8.84658e-06 -2.32504e-05 1
-5.11222e-06 -8.22623e-06 1
-5.20639e-06 -8.3786e-06 1
-1.38735e-05 1.85774e-05 1
-4.83591e-06 4.20129e-05 1
-9.63578e-06 2.16776e-06 1
-4.87936e-06 4.20391e-05 1
-1.02593e-06 1.03489e-06 1
3.53196e-06 -9.25608e-07 1
-9.7089e-06 2.17367e-06 1
9.1744e-06 -4.85123e-06 1
-5.23043e-06 2.59086e-05 1
1.14186e-05 -2.40507e-05 1
1.05717e-05 -2.22049e-05 1
-1.5201e-05 -1.6954e-05 1
-5.32592e-06 4.29456e-05 1
-6.62429e-06 1.27388e-05 1
-6.45605e-06 4.6199e-05 1
3.15575e-06 3.93292e-06 1
-2.99648e-05 -3.72633e-06 1
-3.11158e-05 -1.46008e-06 1
-5.68627e-06 -4.4488e-06 1
1.05895e-05 1.18266e-06 1
4.0971e-06 2.3563e-06 1
4.69326e-06 2.67857e-06 1
4.58413e-06 4.02825e-07 1
-8.17089e-07 3.49192e-06 1
-2.56612e-05 0.000202973 1
-2.56612e-05 0.000202973 1
-5.87766e-05 1.01167e-05 1
-2.90744e-05 -2.85887e-05 1
-4.45496e-06 1.17582e-05 1
-3.14028e-07 -2.64838e-06 1
-4.31994e-07 8.38166e-06 1
-6.48402e-06 9.21121e-06 1
-4.40076e-06 -2.10025e-06 1
-5.22388e-06 -1.46567e-06 1
2.28506e-06 -1.40566e-07 1
-1.97115e-07 2.58983e-06 1
2.3238e-06 1.72074e-06 1
-1.02062e-06 2.36548e-06 1
-1.58195e-05 1.90276e-05 1
1.94117e-05 -6.8957e-06 1
-1.49625e-05 -2.5654e-06 1
1.96244e-05 4.884e-05 1
-1.0623e-06 1.66238e-06 1
-1.03767e-06 2.27111e-06 1
3.3675e-06 -3.13208e-06 1
1.09145e-05 5.45815e-06 1
1.92052e-06 3.32988e-06 1
6.2511e-07 -9.04297e-07 1
-3.91715e-07 -1.69235e-06 1
1.84685e-06 9.03843e-06 1
1.70553e-06 -1.71758e-06 1
4.25299e-06 6.51848e-06 1
1.56189e-06 -2.43797e-06 1
-1.93199e-07 -1.12928e-06 1
-5.42876e-06 -3.70684e-06 1
-2.27233e-06 -2.99397e-06 1
-2.27198e-06 -2.51628e-06 1
-1.4182e-06 1.39115e-06 1
-6.24353e-06 -5.0854e-06 1
-5.43293e-06 -3.60904e-06 1
3.87277e-06 5.62823e-06 1
1.09596e-06 1.10268e-05 1
5.21422e-06 2.23797e-06 1
1.58956e-06 2.40461e-06 1
-1.40108e-06 1.80981e-06 1
5.31952e-07 -2.83947e-06 1
1.04362e-06 -1.47811e-06 1
1.54583e-06 4.4996e-06 1
-2.24786e-06 -1.97648e-06 1
-3.98872e-07 -1.21068e-06 1
8.4998e-07 -3.98454e-07 1
1.99444e-06 -5.37592e-06 1
-4.31106e-06 9.97572e-07 1
9.4906e-07 2.2677e-06 1
6.43268e-06 -9.48627e-06 1
6.55351e-06 -3.88458e-06 1
-4.57399e-07 -3.04438e-06 1
-1.63949e-06 2.54678e-06 1
-2.28849e-06 -3.02015e-06 1
2.3767e-06 -4.60668e-08 1
-8.89274e-07 8.61934e-07 1
2.58216e-05 -2.2078e-06 1
3.44146e-07 -1.19706e-06 1
3.8366e-07 7.34111e-07 1
-1.85787e-06 -5.14859e-07 1
5.21985e-06 5.62673e-07 1
-2.63755e-06 -7.57423e-07 1
-1.17627e-05 4.3952e-06 1
-8.44315e-06 3.63996e-06 1
-1.41184e-06 -1.25413e-05 1
3.79747e-07 -1.29516e-05 1
1.86812e-06 -4.67586e-06 1
3.21887e-06 -9.17365e-06 1
7.50023e-07 -3.1142e-06 1
1.03587e-06 -3.26878e-06 1
5.31345e-06 4.41463e-06 1
1.184e-05 2.27224e-07 1
8.72208e-07 -3.62047e-06 1
-2.11241e-06 -2.974e-06 1
9.13137e-06 -1.30734e-06 1
-9.12436e-08 -2.08442e-06 1
-6.91795e-07 -1.92184e-06 1
1.42105e-06 2.92048e-06 1
-2.78549e-07 -1.79564e-06 1
1.55785e-07 -1.50439e-06 1
1.19744e-05 4.72271e-06 1
-1.82906e-07 -8.25901e-06 1
-3.54318e-06 -3.13636e-07 1
5.27766e-06 -4.37047e-06 1
1.49e-06 3.37468e-06 1
-1.94815e-06 2.8924e-07 1
4.14505e-07 2.51007e-07 1
-1.07996e-08 5.65995e-06 1
6.325e-06 1.14158e-05 1
-1.27775e-07 3.71441e-06 1
-3.71124e-06 4.9605e-06 1
-6.90928e-06 3.3492e-07 1
-1.18947e-06 -7.94824e-07 1
7.3327e-06 1.9824e-06 1
-1.99245e-06 -8.33031e-06 1
-9.39164e-07 3.59954e-07 1
3.01324e-06 -6.49444e-06 1
1.34264e-06 1.47009e-07 1
-4.29451e-07 1.16188e-06 1
-6.46383e-07 1.15545e-06 1
-8.9178e-07 1.80136e-07 1
-2.73314e-06 5.71528e-07 1
-2.44765e-06 5.05965e-07 1
2.95701e-06 2.30495e-06 1
1.22575e-05 -9.24324e-07 1
2.45163e-05 -1.89969e-06 1
1.13849e-05 -2.10665e-06 1
-5.3001e-06 1.83312e-07 1
3.28195e-07 2.05747e-05 1
-2.10344e-08 1.36911e-05 1
1.41147e-05 -1.89418e-05 1
5.80801e-06 3.07197e-06 1
3.65959e-07 2.71435e-06 1
1.75285e-06 -1.557e-05 1
1.28478e-06 2.30642e-06 1
9.95968e-07 -8.67535e-07 1
1.72251e-06 -4.24998e-06 1
3.63768e-06 1.61936e-06 1
2.47816e-06 4.80227e-06 1
6.88765e-06 3.88965e-06 1
1.8238e-06 2.28832e-06 1
2.97707e-06 -1.22525e-06 1
7.02342e-06 3.93968e-06 1
-9.11552e-07 1.0734e-06 1
-3.42957e-07 1.73043e-05 1
-5.1463e-06 2.35638e-06 1
5.20629e-07 1.46473e-06 1
-4.87541e-07 -1.29895e-06 1
-3.4068e-06 4.59726e-06 1
-3.14751e-06 4.42086e-06 1
-2.80942e-06 1.39201e-06 1
-1.28688e-06 -3.78068e-06 1
1.09939e-05 -1.16782e-05 1
3.89375e-06 -4.10967e-06 1
-1.0108e-06 2.79571e-06 1
8.77436e-07 -5.53646e-06 1
3.91831e-06 1.22877e-06 1
-1.39233e-06 -8.0343e-07 1
-1.53057e-06 -2.35685e-07 1
8.30846e-07 -2.88051e-06 1
-5.00013e-06 2.54546e-06 1
-1.23661e-06 -3.2144e-06 1
-2.52627e-06 5.96941e-07 1
-2.28791e-06 3.54869e-06 1
-2.18579e-06 3.45391e-06 1
-4.96302e-06 2.50735e-06 1
3.9289e-06 -2.84827e-06 1
-1.43605e-06 -3.77515e-07 1
5.51474e-06 2.38828e-05 1
-1.43247e-06 -5.28077e-06 1
9.68547e-06 -3.18744e-05 1
1.12013e-05 -1.07745e-06 1
4.19919e-06 2.39178e-06 1
3.14425e-06 -5.32751e-07 1
0.000142553 -8.65474e-05 1
8.49651e-05 -7.95978e-05 1
8.48357e-05 -8.01369e-05 1
0.000111904 -0.000270533 1
-1.29898e-05 -6.19201e-05 1
1.33133e-05 1.15841e-05 1
0.000144864 -8.70009e-05 1
7.41823e-06 -3.58814e-06 1
-8.29132e-07 1.77263e-06 1
-5.81638e-06 -1.86673e-05 1
1.08115e-05 1.00497e-05 1
1.55705e-06 -4.01424e-06 1
1.10451e-05 -7.91497e-07 1
5.92424e-05 6.2927e-05 1
1.49719e-06 3.38593e-06 1
1.97801e-05 5.53698e-05 1
4.13337e-06 2.87919e-07 1
5.83566e-07 5.34022e-07 1
8.21986e-06 -3.89787e-06 1
7.05135e-05 -2.49635e-05 1
2.43635e-06 -2.58048e-08 1
-8.11978e-07 1.74642e-06 1
-3.89962e-06 3.00373e-06 1
6.46227e-07 -1.45087e-05 1
7.30424e-07 -1.49493e-05 1
-8.0212e-06 2.8035e-05 1
-3.27182e-05 3.33695e-05 1
-4.82203e-07 -1.29963e-06 1
-6.97392e-07 -4.53311e-06 1
-2.09592e-06 6.83783e-06 1
-6.19344e-07 1.76146e-06 1
-8.82755e-06 8.07294e-06 1
-3.9489e-05 2.6315e-05 1
-1.53144e-06 1.09425e-05 1
6.00363e-06 -2.92715e-07 1
3.29059e-06 -8.33152e-07 1
9.97552e-06 -1.76096e-07 1
-2.68542e-05 3.23137e-05 1
-6.67816e-06 -1.81181e-05 1
1.69445e-06 2.01062e-07 1
-3.27311e-05 -2.59635e-05 1
-3.90934e-06 -3.14662e-06 1
-8.6439e-06 1.45861e-05 1
-1.62356e-07 2.66645e-06 1
-3.73536e-07 -1.31357e-06 1
-1.13962e-06 -2.29261e-06 1
-5.1188e-05 8.05357e-05 1
7.55839e-06 3.43608e-06 1
-6.76351e-05 5.67035e-05 1
-1.66107e-05 7.23715e-06 1
2.02167e-06 -9.80303e-06 1
-6.09063e-06 -1.69078e-05 1
4.5302e-06 4.99656e-07 1
-3.23751e-05 -2.54416e-05 1
-8.77871e-06 -1.54811e-05 1
4.27117e-06 -8.75171e-06 1
-2.07268e-06 1.83877e-05 1
-4.11816e-06 1.51753e-07 1
-1.90948e-06 -2.55722e-06 1
-9.39341e-06 9.54234e-06 1
-2.66693e-08 -4.57678e-07 1
-2.00576e-06 1.7218e-05 1
2.73315e-06 -4.96726e-07 1
1.66318e-05 -9.10021e-06 1
7.14591e-06 -3.1599e-06 1
5.3931e-06 -1.00392e-05 1
-2.20519e-06 1.25665e-06 1
6.20006e-06 -3.98349e-07 1
1.77279e-05 3.71459e-06 1
-1.70596e-06 -1.01781e-07 1
5.56715e-05 1.41172e-05 1
-6.33659e-05 -7.22369e-05 1
1.15054e-05 4.87581e-06 1
3.71993e-05 0.000117734 1
-1.0738e-06 1.71528e-06 1
2.08967e-07 -1.62457e-06 1
-7.32477e-06 3.32921e-06 1
-9.92105e-06 -1.38819e-06 1
-2.54729e-05 6.84029e-07 1
-3.79978e-05 5.51765e-05 1
-5.17722e-05 -5.42251e-05 1
-1.02595e-05 8.93589e-06 1
1.91913e-06 -4.18017e-06 1
-7.49518e-06 -2.20664e-06 1
-5.01745e-06 -1.33869e-06 1
-4.31849e-06 -1.71776e-06 1
3.97779e-05 -5.82703e-05 1
-2.11597e-05 7.11815e-05 1
-2.39164e-05 6.58128e-07 1
-6.99906e-06 1.50092e-06 1
-1.2223e-06 -3.33276e-06 1
-1.18709e-06 -4.55752e-07 1
-9.86185e-06 -2.10327e-05 1
1.98094e-05 2.516e-06 1
1.01638e-05 2.05695e-06 1
-1.00137e-05 9.10802e-06 1
-3.30257e-06 -2.19961e-06 1
-6.70885e-06 1.09989e-06 1
2.45661e-06 -3.02169e-06 1
6.09567e-06 2.54576e-06 1
1.22994e-05 3.8059e-06 1
2.84823e-06 -8.71631e-06 1
-2.82391e-06 1.57913e-07 1
5.37674e-06 4.87456e-06 1
-1.27297e-05 5.84417e-06 1
-7.08339e-06 1.45251e-05 1
-1.20482e-06 1.81532e-07 1
2.74743e-07 -5.67752e-07 1
2.35828e-07 -2.16929e-06 1
6.72579e-07 3.22637e-06 1
-1.04155e-05 1.01196e-05 1
1.10682e-06 -3.56204e-06 1
2.53953e-06 -1.48873e-06 1
9.21637e-07 -1.53175e-06 1
-1.36128e-05 -2.44792e-06 1
-2.99092e-06 -1.47848e-05 1
2.52688e-06 -2.77786e-06 1
3.73337e-06 1.54768e-06 1
-5.28395e-06 5.43203e-06 1
2.02165e-07 -3.02021e-06 1
-1.15536e-05 -1.62543e-06 1
-2.4426e-05 1.91806e-05 1
6.83005e-05 -2.60209e-05 1
-1.75998e-06 -2.94581e-06 1
1.78591e-05 3.9555e-06 1
-2.36606e-06 -8.43358e-06 1
-4.21232e-07 1.10052e-05 1
1.14087e-05 5.11563e-06 1
2.16096e-06 -6.81512e-06 1
-3.69037e-05 2.71798e-05 1
-2.52494e-05 1.66296e-05 1
-1.87457e-05 2.22759e-06 1
3.33399e-06 -2.55442e-07 1
-3.58268e-05 2.71191e-05 1
3.14902e-06 2.00187e-07 1
-3.38816e-05 1.6997e-05 1
-3.42985e-05 2.00799e-05 1
9.1691e-06 1.21541e-05 1
9.10922e-07 3.71888e-06 1
2.35606e-06 -1.02764e-05 1
1.11293e-05 -1.61499e-05 1
-9.911e-07 1.0654e-05 1
-1.88221e-07 -1.41973e-05 1
-4.81639e-07 1.25786e-05 1
-1.06043e-05 1.40318e-05 1
1.76161e-06 -2.78324e-05 1
-7.39945e-06 2.46764e-06 1
-7.62997e-06 1.64486e-05 1
-1.7791e-11 -1.52536e-06 1
2.07243e-06 -2.65958e-06 1
-9.90386e-07 -1.25186e-06 1
1.03318e-05 4.12635e-06 1
-9.77922e-06 2.76287e-08 1
-7.66811e-06 1.6577e-05 1
-3.45072e-05 2.00438e-05 1
3.9594e-07 2.41633e-06 1
1.54615e-07 -1.02248e-06 1
1.23599e-05 7.81625e-06 1
-2.37381e-07 3.42696e-06 1
1.64669e-07 -5.59313e-06 1
8.99177e-06 9.53533e-07 1
2.18247e-07 1.01921e-05 1
-2.22979e-06 9.8113e-07 1
-6.95706e-06 -1.18524e-06 1
1.06205e-05 1.79521e-07 1
3.1118e-06 -2.10505e-06 1
1.26326e-06 2.87326e-06 1
-6.14738e-06 5.35512e-07 1
2.04263e-05 1.00221e-05 1
4.97044e-06 -2.40893e-06 1
-2.13652e-06 4.14174e-08 1
-6.61543e-06 4.52615e-06 1
4.47436e-06 6.21907e-07 1
1.59899e-06 -1.78092e-06 1
-2.12476e-06 -1.6889e-05 1
1.89157e-05 6.98848e-06 1
-1.39754e-06 -2.20103e-06 1
-1.80282e-06 -7.01029e-06 1
6.11825e-06 -1.50333e-06 1
1.94665e-07 -1.47673e-05 1
-6.43874e-06 3.12803e-06 1
-1.80992e-06 -1.47054e-05 1
5.46041e-06 4.66806e-06 1
1.02775e-06 -1.65761e-06 1
2.02896e-05 3.35713e-06 1
2.39937e-05 -9.91271e-08 1
2.15729e-06 5.52225e-07 1
-1.23931e-05 5.38002e-06 1
2.42324e-05 -2.13478e-05 1
-1.60138e-06 -2.16325e-07 1
-1.23933e-06 -1.95054e-06 1
-3.52769e-06 -3.78466e-06 1
4.41583e-06 -4.87562e-06 1
-4.12212e-06 1.19731e-05 1
-6.334e-07 4.0332e-08 1
-2.32462e-06 -9.28495e-07 1
-1.59113e-06 -2.90923e-07 1
1.26306e-07 -1.19762e-06 1
-1.34943e-06 -3.44377e-06 1
1.33466e-05 -2.1413e-06 1
-4.12635e-05 -5.13815e-05 1
1.10351e-05 2.26122e-06 1
-4.97001e-06 -4.24205e-06 1
-7.25794e-06 2.80028e-06 1
-1.23198e-05 1.63715e-05 1
2.37644e-05 -1.88295e-05 1
-4.88829e-06 -4.52967e-06 1
-9.14149e-07 -2.52965e-06 1
-1.59113e-06 -2.90923e-07 1
-8.03693e-06 4.28948e-06 1
5.60915e-06 -2.56535e-06 1
1.40462e-06 -6.70678e-06 1
-7.84371e-07 -2.95881e-06 1
-1.38829e-05 1.85832e-05 1
-8.70713e-06 2.78542e-06 1
-5.83443e-06 -4.08722e-06 1
1.13544e-06 -8.5391e-06 1
1.86783e-05 -2.17667e-05 1
1.8398e-05 -2.13888e-05 1
-2.30006e-05 -9.50657e-06 1
-1.02039e-06 -3.06532e-08 1
-5.85633e-06 3.26722e-05 1
7.09477e-07 -7.58462e-06 1
-3.0379e-07 5.22422e-06 1
-2.07458e-05 1.73741e-05 1
-8.71908e-06 2.80477e-06 1
1.01832e-06 5.45868e-06 1
5.47823e-06 -7.76895e-07 1
-7.56393e-06 8.45785e-06 1
-9.33497e-07 -1.7768e-06 1
7.1363e-06 -2.77592e-06 1
-4.29635e-05 -5.10372e-05 1
1.02991e-06 -9.71528e-07 1
-7.9843e-06 -2.01675e-06 1
3.44221e-05 -5.14511e-06 1
-1.39063e-05 -4.1301e-06 1
-5.77355e-06 1.93298e-06 1
-1.58665e-05 5.42959e-06 1
-2.53426e-05 -5.41487e-06 1
3.4029e-06 2.51666e-06 1
3.05546e-06 -1.26912e-07 1
9.24764e-06 -1.3358e-05 1
4.10146e-06 -9.46597e-06 1
-3.56782e-07 -7.50871e-06 1
9.69714e-07 6.64403e-06 1
4.95345e-06 -5.24393e-08 1
-1.15693e-05 8.74421e-08 1
1.06516e-05 -4.31653e-06 1
-1.94434e-05 -5.34206e-06 1
1.62578e-06 -3.43246e-08 1
4.5286e-06 3.51401e-07 1
-2.94569e-05 -6.99563e-06 1
-6.15477e-06 2.31011e-06 1
5.65137e-06 -5.78017e-06 1
2.0923e-06 1.39589e-05 1
-2.07356e-06 -1.55836e-05 1
-6.05915e-06 8.58801e-06 1
-2.52003e-06 -5.46801e-06 1
9.34861e-07 -1.7556e-07 1
-2.25801e-06 -1.90947e-06 1
-5.05039e-06 -4.90636e-06 1
-8.16822e-06 -2.4281e-05 1
1.42517e-06 3.17226e-07 1
-7.02005e-07 1.36024e-08 1
-6.72896e-07 -3.18034e-06 1
-4.88652e-05 -4.67543e-05 1
-4.95058e-05 -4.68691e-05 1
2.54906e-06 -4.49116e-05 1
-6.78846e-05 -0.000100424 1
-2.31339e-06 -4.70147e-06 1
3.26799e-06 -5.94551e-06 1
-1.16922e-06 -1.8342e-07 1
-3.14879e-06 2.15345e-06 1
-2.55985e-06 1.85067e-06 1
-1.68792e-06 -1.44626e-05 1
-3.14951e-07 1.35121e-06 1
3.45588e-05 -4.99619e-06 1
-3.19708e-06 8.82656e-07 1
-1.87526e-06 1.08429e-06 1
-1.43942e-06 -4.54814e-06 1
-1.71883e-06 -4.98779e-06 1
-2.54607e-05 5.50282e-05 1
1.17684e-05 7.49462e-06 1
-1.15333e-05 4.58658e-06 1
-6.18714e-07 -4.2042e-08 1
1.42922e-06 -9.00689e-06 1
-2.01761e-06 -5.57716e-07 1
7.3945e-07 2.24772e-06 1
5.04835e-06 -5.84054e-06 1
2.76677e-06 1.74376e-08 1
6.76247e-07 3.47474e-06 1
-1.18034e-05 1.02645e-05 1
-1.22721e-06 5.90914e-07 1
2.16291e-06 3.80452e-06 1
1.1812e-06 5.96971e-06 1
2.03052e-06 4.59838e-07 1
2.30269e-05 -4.21594e-06 1
-8.80135e-07 -8.23874e-07 1
1.22366e-05 -3.18236e-06 1
4.10604e-06 -9.47195e-06 1
-1.13602e-06 -8.26097e-08 1
-3.39751e-06 1.93368e-07 1
2.47059e-06 -1.20021e-05 1
1.23232e-05 1.77355e-05 1
-9.37852e-06 -3.47496e-06 1
1.61943e-05 1.95913e-05 1
3.0514e-07 -1.45665e-06 1
-5.16501e-06 -1.78424e-06 1
-6.35626e-07 3.72237e-06 1
-1.45219e-06 5.99082e-07 1
1.36987e-05 1.81603e-05 1
-1.00233e-05 5.19948e-06 1
-4.64625e-07 -7.67581e-07 1
1.99706e-05 2.11744e-05 1
-4.74348e-07 -1.6407e-07 1
4.74883e-06 3.78536e-06 1
-7.31462e-06 -8.6224e-06 1
-1.7985e-06 -7.97738e-07 1
3.9081e-06 4.19683e-06 1
1.39052e-05 1.95862e-05 1
1.81842e-06 -7.04427e-06 1
5.63742e-06 -2.78764e-06 1
3.8404e-06 -9.44138e-06 1
-1.87946e-05 2.11881e-06 1
2.76643e-06 -2.24498e-06 1
1.91779e-05 2.03904e-05 1
2.78331e-06 -5.02392e-07 1
1.3387e-05 1.17267e-06 1
1.73295e-06 -2.8144e-07 1
-3.47121e-07 -1.61946e-06 1
-3.72056e-06 -3.87705e-06 1
-2.03791e-05 -2.02135e-05 1
9.54188e-06 1.9015e-06 1
-3.57927e-05 -2.49716e-05 1
-1.1714e-06 -4.38801e-07 1
5.99843e-06 -3.74786e-06 1
-3.67331e-05 -2.5453e-05 1
-4.20851e-06 -4.21258e-06 1
-1.48083e-07 1.45463e-06 1
-3.51778e-07 3.12515e-06 1
1.17061e-05 -8.11623e-08 1
5.58839e-06 -4.95312e-06 1
8.34828e-06 -5.04042e-07 1
9.22699e-06 -1.34249e-06 1
-2.66008e-05 -1.52041e-05 1
-2.70002e-05 -1.43857e-05 1
-6.33956e-06 -7.55891e-06 1
-3.14754e-05 -2.62162e-05 1
3.57341e-06 4.3526e-06 1
1.4681e-05 -7.88045e-06 1
1.01263e-06 4.09916e-06 1
4.2012e-06 5.76209e-06 1
5.2285e-06 -9.48992e-06 1
-1.80808e-06 -2.33353e-06 1
5.72645e-06 2.06538e-06 1
1.84722e-05 -2.15045e-05 1
9.91775e-06 2.93257e-06 1
1.33297e-06 2.18342e-06 1
-1.69332e-06 -3.3118e-05 1
-5.06421e-06 6.71007e-06 1
-1.06456e-05 1.00198e-06 1
4.84166e-06 -7.81447e-06 1
2.98196e-05 -5.23177e-05 1
2.28013e-05 -6.92385e-06 1
2.59229e-05 5.24991e-07 1
3.41803e-05 -4.85065e-05 1
-6.98242e-07 7.78619e-06 1
4.31921e-05 -6.70236e-06 1
-3.8596e-06 -7.89582e-07 1
2.28686e-06 6.25867e-06 1
2.0673e-05 -1.80304e-05 1
6.59842e-05 -3.13528e-05 1
3.75052e-05 -8.69232e-06 1
9.62429e-06 6.09748e-06 1
3.74836e-06 4.30228e-07 1
9.61606e-06 5.87965e-06 1
1.21776e-06 -4.11648e-07 1
7.46954e-07 3.29057e-06 1
-5.07592e-07 -2.25063e-06 1
6.49174e-07 -1.32709e-06 1
-5.82214e-06 -1.98924e-06 1
-1.90525e-06 -3.68118e-06 1
-1.17343e-06 1.69382e-06 1
2.36979e-06 -4.34582e-07 1
-4.90343e-06 -4.68448e-06 1
-1.89199e-06 -1.95811e-06 1
-1.52749e-06 -7.48863e-07 1
9.00173e-08 -2.29121e-06 1
-7.29916e-07 -1.74269e-07 1
1.25728e-05 7.55477e-06 1
1.07995e-05 7.42223e-06 1
2.77758e-07 -5.62486e-06 1
1.34057e-05 2.55449e-06 1
1.24313e-05 5.29227e-06 1
1.58958e-06 -9.32115e-07 1
-8.45006e-08 -5.41309e-06 1
-6.9259e-06 5.25152e-06 1
2.68307e-06 -4.02433e-06 1
5.73327e-06 4.04783e-05 1
1.72666e-06 5.92318e-07 1
6.87304e-07 1.78333e-05 1
5.86101e-05 3.05507e-05 1
2.11481e-06 8.77284e-06 1
1.52705e-06 1.47668e-05 1
5.06214e-07 -2.55225e-06 1
3.46661e-06 -2.13254e-06 1
-2.10139e-06 6.04786e-06 1
1.57255e-05 -2.23062e-06 1
-2.20074e-06 -4.69878e-06 1
-9.35744e-07 -3.27505e-06 1
-7.94146e-06 -8.37211e-06 1
3.0543e-06 1.77086e-06 1
-2.07828e-06 -6.39972e-06 1
-3.86809e-06 1.11895e-05 1
-3.05024e-06 2.68105e-07 1
-3.94167e-06 -1.17933e-05 1
4.84385e-06 -9.4667e-06 1
1.10732e-05 3.41641e-07 1
-4.31657e-06 3.92761e-06 1
3.48922e-09 -1.37014e-06 1
6.82137e-06 -2.63679e-06 1
7.74603e-06 1.76462e-05 1
1.1927e-06 -7.23543e-06 1
6.8857e-06 -2.74137e-06 1
-4.32758e-06 -7.46596e-06 1
-3.76397e-06 -3.83733e-05 1
7.79444e-06 6.73915e-06 1
3.78806e-06 -1.07037e-06 1
1.15936e-05 4.58922e-06 1
-1.47896e-05 -5.05449e-06 1
2.45208e-06 5.48679e-06 1
9.36476e-06 5.10764e-06 1
1.96661e-07 -3.68883e-07 1
9.14761e-06 -2.31485e-06 1
8.6473e-06 5.30481e-06 1
-4.93392e-06 -9.22416e-07 1
6.29808e-06 -1.03369e-05 1
1.04843e-05 1.18412e-05 1
-1.15856e-05 -4.63376e-06 1
2.75287e-06 -8.3238e-06 1
-5.66793e-06 -7.99307e-06 1
-2.6286e-06 8.59022e-06 1
-3.6179e-06 7.15393e-06 1
1.11431e-05 -4.14493e-07 1
-8.07209e-06 -1.33738e-05 1
1.72507e-06 -4.60725e-06 1
-6.25202e-06 1.44446e-06 1
-5.26155e-06 2.59483e-05 1
3.3276e-05 1.57743e-05 1
3.89328e-07 8.51026e-06 1
-4.9686e-06 -1.11808e-06 1
7.89369e-06 6.63431e-06 1
-2.57518e-06 1.38163e-06 1
-1.66524e-06 -1.01689e-05 1
2.53409e-06 -3.52703e-08 1
-5.4413e-06 -8.62144e-06 1
-4.01324e-06 -1.16419e-05 1
4.9424e-06 -8.17221e-06 1
8.52544e-06 5.73429e-06 1
1.07297e-05 -1.20278e-06 1
3.69138e-06 3.32701e-06 1
3.66853e-09 -4.14657e-06 1
6.09416e-06 1.41562e-05 1
7.06012e-06 5.94106e-06 1
-1.46239e-06 2.74713e-06 1
-1.80098e-05 -3.07828e-06 1
-6.89363e-08 -8.41919e-06 1
-1.23248e-06 3.39681e-06 1
8.32951e-07 -8.71152e-06 1
-5.58464e-07 6.25384e-07 1
-1.88958e-06 -2.14587e-06 1
2.76477e-06 -7.86636e-06 1
4.15314e-08 -1.00073e-06 1
-1.80184e-05 -2.44834e-06 1
-3.9292e-06 -2.35505e-06 1
-5.50291e-07 8.44002e-06 1
-3.42192e-06 -5.58536e-08 1
1.91952e-06 -1.5199e-06 1
1.93992e-06 -1.48718e-06 1
1.39352e-06 2.90981e-06 1
-3.57431e-07 -3.70411e-07 1
-1.56612e-05 1.68669e-05 1
4.32265e-06 1.42547e-06 1
-1.53151e-06 -2.18974e-07 1
-2.20956e-05 -2.97905e-06 1
2.44577e-07 -3.48511e-08 1
-5.30052e-06 -5.13819e-06 1
-9.23574e-07 1.75837e-06 1
-6.70321e-07 4.54999e-06 1
-6.22713e-07 -1.75462e-06 1
-4.93847e-06 -7.32191e-07 1
1.50793e-07 -7.58855e-07 1
1.54478e-05 -2.48456e-05 1
-5.77457e-06 3.07813e-06 1
-2.45961e-06 -9.13491e-06 1
2.32689e-06 -4.19142e-05 1
-1.1431e-06 4.28057e-06 1
-4.85917e-06 1.18328e-05 1
-2.80357e-06 -6.57348e-06 1
1.65002e-06 -4.37943e-06 1
1.22129e-05 5.97736e-06 1
-5.11816e-07 1.78583e-05 1
8.78526e-06 -8.25294e-07 1
4.63306e-07 1.20819e-06 1
3.9848e-06 -1.82659e-06 1
8.2759e-06 3.02541e-07 1
8.35181e-07 -3.45624e-06 1
-6.52902e-06 -3.35717e-06 1
-1.97231e-06 -7.73956e-06 1
1.56622e-06 -1.18279e-05 1
-3.39315e-06 -3.241e-06 1
2.28769e-06 -7.89598e-06 1
2.9557e-06 -3.93952e-05 1
2.28498e-06 -7.94139e-06 1
4.53894e-06 -8.05084e-07 1
-1.79141e-05 7.62555e-06 1
2.98103e-06 -3.91657e-05 1
1.23457e-05 -1.68141e-06 1
-8.00536e-06 1.64208e-05 1
8.87461e-06 -2.35906e-05 1
7.20467e-07 -5.31665e-06 1
5.30777e-07 -1.49687e-06 1
1.715e-07 -5.45942e-07 1
-1.46398e-05 1.61343e-05 1
-7.41454e-07 -5.4846e-08 1
-9.53901e-06 -1.28789e-05 1
-4.65743e-07 2.61444e-06 1
1.0689e-05 -2.24138e-05 1
-7.25759e-06 8.79211e-06 1
1.41904e-06 -3.20557e-06 1
-6.89583e-06 7.63838e-06 1
4.56311e-07 2.59311e-06 1
-5.22523e-06 -3.58702e-06 1
-1.37974e-05 -3.63118e-06 1
2.96797e-06 1.044e-06 1
8.25493e-06 1.09933e-06 1
-3.28516e-05 3.05838e-05 1
2.49663e-06 3.72281e-06 1
-2.87771e-07 -2.46917e-06 1
8.90714e-06 -2.14151e-06 1
7.88713e-06 -2.7524e-06 1
-4.09353e-06 -3.2096e-06 1
3.07201e-07 -1.49548e-07 1
2.1174e-06 -8.19885e-07 1
1.627e-06 3.01951e-06 1
7.41392e-06 -3.90817e-06 1
9.95352e-06 7.02444e-06 1
4.87969e-07 1.1499e-06 1
1.13548e-05 8.78321e-06 1
1.57509e-06 5.07696e-06 1
1.68658e-06 -4.36471e-06 1
-3.43642e-05 -2.33083e-05 1
1.14364e-05 9.03588e-06 1
7.09835e-06 -5.00105e-06 1
1.08183e-05 1.0132e-05 1
-5.29199e-06 -6.8697e-08 1
2.60916e-05 -1.92765e-06 1
8.59527e-08 -1.15936e-06 1
-8.48018e-06 1.03031e-06 1
2.41565e-06 -5.32495e-06 1
1.20882e-07 4.72337e-07 1
2.67068e-07 -5.4813e-07 1
1.7051e-06 -1.84652e-06 1
-2.32934e-05 -1.04176e-05 1
-3.83902e-06 -2.25519e-06 1
-2.59573e-06 5.72688e-07 1
4.76519e-07 -1.51031e-06 1
3.20421e-06 3.38142e-06 1
-1.69198e-06 4.09304e-06 1
9.34337e-07 1.74299e-06 1
-1.84127e-06 8.19652e-06 1
1.4387e-06 -1.69145e-05 1
-7.81914e-07 1.87225e-06 1
1.40051e-05 8.92657e-06 1
-1.23417e-07 -2.0909e-06 1
2.07187e-06 1.56668e-06 1
7.13114e-06 1.17014e-05 1
-2.25002e-05 -8.51756e-06 1
-5.90265e-08 2.16506e-07 1
-4.20118e-06 -7.28647e-08 1
1.32328e-06 -1.42286e-06 1
1.84705e-06 1.08982e-06 1
-7.84805e-06 -5.48932e-06 1
4.49985e-06 9.16095e-06 1
-1.59476e-05 -1.56702e-05 1
7.63207e-06 1.2724e-05 1
1.24827e-06 -8.40009e-07 1
-9.99135e-06 9.48315e-06 1
3.03268e-06 2.95265e-05 1
2.30205e-06 -8.06091e-07 1
8.02668e-06 -1.80191e-07 1
-1.91917e-06 2.00362e-06 1
-2.30927e-06 3.59323e-07 1
-1.13607e-05 -9.52135e-06 1
1.81313e-06 3.16048e-05 1
1.22729e-05 -9.20007e-07 1
1.41384e-06 9.68858e-06 1
-8.96323e-06 -8.10316e-07 1
-5.27011e-07 -2.50188e-07 1
-3.84662e-06 -2.37581e-06 1
-1.00596e-05 -8.62845e-07 1
2.99686e-06 -1.9364e-07 1
-1.06982e-05 1.22139e-06 1
5.9525e-06 -5.37917e-06 1
2.21301e-06 -2.30669e-07 1
9.10955e-06 1.18255e-05 1
-1.63647e-05 -1.84048e-05 1
1.88582e-06 -8.84643e-07 1
-1.64956e-06 1.55311e-05 1
-4.11241e-06 -2.81665e-06 1
-4.0976e-06 5.21172e-06 1
-4.14899e-06 1.75106e-06 1
5.20953e-06 -1.82939e-07 1
-2.1028e-05 -2.43671e-05 1
1.68085e-06 3.12504e-06 1
-3.79344e-06 4.61591e-06 1
-8.45713e-06 3.6863e-06 1
-2.83848e-05 -1.66857e-05 1
3.01679e-06 4.02952e-06 1
-7.79613e-07 3.27869e-06 1
-2.2601e-06 7.39832e-06 1
-1.70325e-05 -3.3173e-06 1
2.57496e-05 -5.32007e-06 1
5.31947e-06 -2.47716e-06 1
2.2962e-05 -2.33643e-05 1
-1.04011e-06 6.39097e-06 1
1.05957e-05 8.05029e-06 1
2.65498e-06 4.24227e-06 1
1.55798e-06 -9.50114e-07 1
-5.62785e-06 -2.40547e-06 1
7.47508e-06 2.91662e-06 1
-2.06348e-05 -7.05072e-06 1
-4.53419e-07 -4.55386e-06 1
2.56125e-06 -5.20413e-06 1
-5.61755e-06 -5.01624e-06 1
-9.49862e-06 -2.23939e-06 1
1.07213e-05 7.45627e-06 1
2.79242e-05 -3.58007e-05 1
4.2459e-05 -6.25624e-06 1
3.1116e-06 -3.3671e-06 1
-1.9255e-05 4.06115e-05 1
-2.03751e-05 -2.40479e-05 1
-2.99327e-06 7.12611e-06 1
1.22462e-06 2.3795e-06 1
3.43863e-06 1.96854e-06 1
-9.11885e-07 2.25279e-06 1
2.07466e-06 -6.29874e-06 1
1.56832e-05 -6.59891e-06 1
-7.38022e-06 -1.31829e-05 1
1.01089e-05 7.18525e-06 1
-6.34171e-06 1.80111e-05 1
-8.78662e-06 -1.26051e-05 1
4.07231e-06 -6.57453e-05 1
1.96929e-06 3.28503e-06 1
2.0703e-05 2.43743e-06 1
6.96037e-06 -3.5307e-06 1
-1.74973e-06 -3.30175e-06 1
2.28293e-06 2.86357e-06 1
-2.8255e-06 -1.483e-05 1
-9.38802e-07 -2.49848e-06 1
-1.76107e-07 1.10135e-05 1
-1.86532e-06 -3.44125e-06 1
-1.40471e-06 -7.8145e-05 1
3.25457e-06 -1.51945e-05 1
-2.2601e-06 -5.17236e-06 1
-7.28365e-06 1.01664e-05 1
-2.13097e-06 -1.53309e-05 1
3.26329e-06 -1.52483e-05 1
8.65238e-07 -2.17858e-07 1
-3.8119e-05 -6.27903e-06 1
2.84695e-05 1.5395e-06 1
4.9651e-06 -4.04407e-06 1
1.62103e-06 -3.17179e-06 1
1.09131e-06 -8.24415e-06 1
1.88357e-08 1.14104e-05 1
-1.39389e-05 -3.77776e-06 1
1.64547e-05 0.000111573 1
1.62221e-05 -6.43772e-06 1
-2.14549e-06 -1.39319e-06 1
3.29661e-06 5.29203e-06 1
-1.45616e-07 1.4485e-06 1
-2.96125e-07 1.9437e-06 1
1.1013e-06 2.15665e-06 1
5.04729e-06 5.55899e-07 1
-4.60905e-06 -5.136e-06 1
-4.52884e-06 1.57797e-05 1
-5.56755e-06 -1.41924e-05 1
-6.81172e-06 -1.20578e-05 1
1.72478e-06 -2.66118e-08 1
3.29994e-06 -1.0704e-06 1
4.71038e-06 -1.70436e-06 1
2.79327e-07 -6.92226e-07 1
-2.67728e-06 -1.41382e-06 1
9.02476e-06 5.24292e-06 1
4.49913e-06 -7.98812e-05 1
1.29731e-05 -3.07799e-07 1
-7.81009e-07 7.47065e-06 1
-3.90784e-05 4.46424e-05 1
-1.51307e-05 -1.77135e-05 1
3.3987e-06 -1.29218e-06 1
-1.39164e-06 1.34409e-06 1
6.37944e-06 -3.94795e-06 1
4.9192e-06 -2.30892e-06 1
-5.10157e-07 3.64739e-06 1
-3.38829e-07 2.48545e-06 1
1.26856e-05 5.7546e-06 1
1.23344e-05 2.29587e-05 1
-1.89688e-06 -2.8349e-06 1
3.13444e-07 1.08097e-06 1
-2.40737e-05 -8.03258e-06 1
8.36552e-06 1.36169e-05 1
-2.64131e-07 -2.51378e-06 1
4.4679e-06 1.374e-06 1
-3.72056e-06 -7.99306e-07 1
4.81019e-06 3.11594e-06 1
3.33113e-06 -9.00353e-07 1
-5.84672e-06 1.51194e-06 1
3.24179e-07 -7.48987e-05 1
2.89661e-06 -1.48006e-06 1
2.84099e-06 -3.5145e-06 1
-1.16129e-06 -1.70555e-06 1
1.24676e-05 1.99991e-06 1
-6.76304e-06 -1.82604e-06 1
-1.40911e-05 3.79041e-06 1
1.87035e-05 -2.17922e-05 1
8.15641e-07 3.2067e-06 1
-1.38464e-06 5.93807e-07 1
4.07667e-06 9.89989e-06 1
2.44001e-05 -2.14782e-05 1
1.32359e-05 -7.4176e-07 1
2.53993e-05 -1.10209e-05 1
-3.1464e-06 -5.29124e-06 1
-3.85124e-06 9.63527e-06 1
-4.72481e-06 -6.43975e-07 1
1.80112e-06 -8.88226e-06 1
2.31361e-06 -2.60761e-06 1
-5.6626e-07 -2.84317e-06 1
-1.86305e-05 -9.25263e-07 1
-6.97277e-06 -2.61577e-06 1
-3.25896e-06 -3.87683e-06 1
-3.21903e-06 -3.8856e-06 1
5.77916e-07 8.93336e-07 1
8.87036e-06 7.96396e-07 1
1.26616e-05 7.37768e-06 1
-1.41256e-06 -2.58075e-06 1
-3.18904e-06 3.81526e-06 1
-9.37774e-06 4.86363e-06 1
-9.39076e-06 -1.26251e-06 1
-5.41798e-06 -3.18763e-06 1
1.91722e-06 -4.02395e-07 1
-2.86083e-07 -9.6147e-06 1
-7.67132e-06 -3.66454e-06 1
7.51238e-06 -8.88019e-06 1
-9.70259e-07 2.30989e-07 1
-2.21388e-06 -2.46166e-06 1
6.30543e-06 7.91516e-06 1
-1.22876e-06 -1.04446e-06 1
1.23497e-05 -1.95944e-06 1
1.02042e-05 -1.29118e-05 1
-3.12524e-06 3.52317e-06 1
-1.80028e-06 -3.58898e-06 1
2.21765e-06 8.14856e-07 1
-1.57888e-05 -4.35925e-05 1
-1.84465e-05 -4.61448e-05 1
5.97925e-06 -5.19878e-06 1
-3.84535e-06 -1.82672e-06 1
-1.75529e-05 3.77805e-06 1
1.31614e-06 1.55006e-06 1
-5.52069e-07 -9.83401e-07 1
-9.73297e-06 -6.93936e-07 1
1.5122e-06 1.1596e-05 1
-7.2101e-06 1.67225e-05 1
1.60122e-05 -9.35199e-06 1
-2.79041e-06 -2.72629e-06 1
-2.63283e-05 -1.48677e-05 1
7.93512e-06 -1.42557e-06 1
-3.88411e-06 -5.03726e-06 1
-2.58803e-06 -3.30693e-06 1
-2.30807e-06 8.35332e-06 1
1.76039e-06 8.24492e-07 1
-4.82812e-06 -1.95387e-06 1
9.29845e-06 1.7456e-05 1
1.39625e-06 -5.8228e-06 1
-3.26656e-06 1.03715e-05 1
-6.89346e-06 4.93269e-06 1
1.81742e-06 4.41416e-07 1
-2.04713e-07 -3.43953e-06 1
-2.32674e-07 9.00177e-06 1
-6.1302e-06 9.76413e-06 1
3.67628e-07 1.89267e-06 1
-1.92397e-06 -2.52907e-08 1
3.05738e-05 -2.32186e-06 1
8.56662e-07 -6.73896e-06 1
1.73059e-05 -1.86783e-05 1
-5.96675e-06 1.62024e-05 1
1.83619e-06 7.98139e-07 1
8.10529e-06 8.86115e-06 1
7.50217e-07 2.44659e-07 1
1.56292e-07 -1.22019e-06 1
-2.41114e-05 -1.24457e-05 1
-2.27814e-05 -4.97199e-06 1
3.65748e-06 -2.7729e-06 1
-6.96128e-06 3.31672e-06 1
3.88062e-06 -2.81321e-06 1
-1.35772e-06 1.175e-05 1
4.41773e-07 -1.77654e-06 1
-2.25155e-06 2.16047e-06 1
1.70519e-06 1.49379e-06 1
-7.21232e-06 -1.18289e-05 1
-2.93954e-06 -6.09155e-06 1
5.57743e-07 8.38769e-06 1
1.2269e-05 -1.21899e-05 1
-4.01878e-06 1.26519e-06 1
1.45589e-05 1.88645e-06 1
5.07211e-06 1.40528e-06 1
-5.91306e-07 -9.69687e-08 1
7.61536e-06 -3.85233e-07 1
-2.48571e-06 4.00396e-06 1
2.68451e-06 -2.10602e-06 1
-1.31347e-05 -1.78809e-06 1
-2.32057e-06 9.63265e-06 1
1.09527e-06 -8.69929e-07 1
-4.50781e-06 -3.83503e-05 1
-1.906e-05 -2.94965e-06 1
2.11786e-05 -1.9093e-05 1
-2.10997e-06 9.87274e-06 1
-2.94128e-05 -6.05833e-07 1
2.9618e-06 -1.91629e-06 1
-2.38039e-06 1.04135e-06 1
-6.01396e-06 1.22146e-05 1
-1.36447e-05 1.90275e-05 1
-1.34201e-07 3.77876e-06 1
2.38076e-06 -4.92107e-07 1
1.13413e-05 -1.31824e-07 1
-4.57671e-07 5.47312e-06 1
1.9321e-06 -2.43732e-06 1
-2.93856e-06 -5.9891e-07 1
3.41828e-06 1.13574e-06 1
-2.01639e-06 -3.08565e-06 1
1.24327e-05 5.79438e-06 1
-5.5431e-07 1.34525e-06 1
-3.63186e-06 -1.12228e-06 1
2.55252e-06 -4.63303e-06 1
4.62498e-06 6.19532e-06 1
-3.26235e-07 1.49831e-06 1
-3.27042e-07 -3.94325e-07 1
1.22385e-05 -3.8349e-07 1
-3.99681e-06 -3.25137e-08 1
8.17503e-07 -5.15746e-07 1
-1.49482e-06 -6.40479e-07 1
5.0045e-06 4.07263e-06 1
1.13605e-06 3.54775e-06 1
2.3233e-06 8.8016e-06 1
-1.72806e-07 1.52019e-06 1
3.0916e-06 -3.71652e-06 1
1.21064e-05 7.52478e-06 1
-2.32777e-06 2.23999e-06 1
-1.86357e-06 4.49174e-07 1
1.45111e-05 -2.01197e-05 1
4.98701e-07 1.25897e-06 1
-1.25043e-06 -5.16697e-06 1
3.19248e-06 -7.8952e-06 1
-5.1231e-06 -1.73646e-05 1
-2.07663e-07 7.87827e-07 1
2.74687e-05 7.46293e-06 1
3.51628e-06 2.1955e-06 1
-5.88399e-06 6.89319e-06 1
5.53923e-06 4.46635e-06 1
-1.11516e-06 2.22194e-06 1
3.72705e-06 6.2521e-06 1
1.67881e-06 -2.76597e-07 1
1.40944e-06 -1.78732e-06 1
-1.56873e-07 7.16926e-08 1
5.20438e-06 8.84607e-06 1
2.6631e-06 1.11587e-06 1
2.27525e-05 2.02327e-05 1
1.94078e-06 1.31041e-06 1
-7.9894e-07 -1.29694e-07 1
3.54311e-05 3.19349e-05 1
1.45433e-05 2.1289e-05 1
1.48438e-06 -7.51324e-06 1
1.32288e-05 -2.23754e-06 1
3.94892e-06 -4.15148e-06 1
5.42772e-06 -3.90091e-06 1
4.22484e-06 -3.23875e-06 1
-7.86236e-06 -6.19332e-06 1
3.53522e-06 1.17774e-06 1
-7.43252e-07 4.0214e-06 1
-1.82333e-07 -3.1978e-07 1
1.09314e-06 -3.16011e-06 1
-1.9696e-06 -3.58425e-07 1
2.13902e-06 5.8305e-06 1
3.64026e-05 -2.46883e-05 1
4.28831e-06 -2.71742e-06 1
3.45191e-07 -4.98004e-06 1
-6.39906e-06 -8.42658e-07 1
7.19633e-06 -2.77989e-06 1
-5.48773e-07 2.20762e-06 1
-7.08865e-06 -4.40224e-06 1
6.01713e-06 -3.92982e-06 1
4.65842e-06 -8.41726e-06 1
-3.56337e-06 4.92808e-07 1
1.14586e-06 -1.85264e-06 1
9.82121e-06 -3.30431e-06 1
1.12655e-06 2.14024e-06 1
-2.42173e-06 -2.81092e-06 1
-2.06415e-06 3.4228e-08 1
1.10468e-05 4.74602e-07 1
-3.79912e-06 -1.75242e-06 1
3.27865e-06 -4.16671e-06 1
3.66311e-06 -1.32238e-06 1
6.41207e-06 -8.02874e-06 1
-3.30749e-06 -7.57905e-07 1
-6.78658e-08 5.4308e-06 1
2.57083e-06 -4.63615e-06 1
-1.25498e-07 3.9955e-06 1
2.58533e-06 -4.44539e-06 1
8.79735e-06 -3.52848e-06 1
1.56705e-06 2.46416e-07 1
6.33626e-06 -3.34586e-06 1
4.50319e-06 -2.9658e-06 1
-5.67285e-06 1.07318e-06 1
-6.48624e-06 8.01844e-06 1
-2.63931e-06 -3.55839e-06 1
-5.23146e-06 -4.76106e-06 1
5.31722e-07 8.58411e-07 1
8.88189e-06 -4.05158e-06 1
6.60458e-06 1.67478e-05 1
3.01483e-06 -4.09395e-06 1
2.34224e-06 -7.53247e-07 1
5.79905e-06 8.2202e-07 1
-7.42491e-06 6.08397e-06 1
-8.74377e-07 7.93838e-06 1
-2.17161e-05 -1.55284e-05 1
9.67268e-06 -2.4689e-06 1
-5.32797e-06 1.14406e-05 1
-6.34749e-06 -1.78093e-06 1
-4.95001e-07 -1.16655e-05 1
-5.81229e-05 2.43752e-05 1
3.07427e-06 5.69669e-06 1
3.72555e-06 -1.72856e-06 1
-1.13008e-07 4.09301e-06 1
-5.29798e-06 1.15821e-05 1
-2.84351e-06 -1.05262e-06 1
-2.29379e-06 3.74037e-07 1
-3.76773e-06 -6.46496e-07 1
2.34684e-07 3.34515e-06 1
-2.96371e-06 1.4418e-06 1
-2.43964e-06 6.69032e-07 1
-1.48115e-06 5.70755e-07 1
-6.2449e-06 8.80342e-06 1
6.81303e-07 -5.80393e-07 1
1.77594e-05 -9.12302e-06 1
-5.71951e-06 -1.91068e-06 1
1.58194e-06 -6.85435e-07 1
-1.30382e-06 4.08477e-06 1
-1.77441e-07 1.05255e-06 1
2.35649e-06 -3.56719e-06 1
5.9793e-07 -6.85393e-06 1
1.59858e-06 -1.63407e-06 1
-2.36379e-06 3.82223e-06 1
1.41254e-06 -2.5063e-08 1
6.444e-07 5.42899e-07 1
8.24037e-06 -3.82962e-06 1
-1.16033e-05 1.31561e-05 1
2.32414e-06 1.65806e-06 1
1.10905e-06 -1.46783e-06 1
-1.18955e-05 -2.55637e-06 1
1.75158e-05 2.451e-06 1
7.53499e-06 6.00336e-06 1
7.20376e-06 -3.94249e-06 1
3.64517e-06 -1.31802e-06 1
-4.1909e-06 -1.19921e-06 1
3.01935e-06 -7.3407e-07 1
1.32634e-06 -1.3983e-06 1
1.38514e-06 -1.83023e-06 1
-2.55677e-06 -3.36615e-06 1
5.70679e-07 -1.93214e-06 1
1.89614e-07 3.58927e-06 1
-1.19308e-06 -1.07758e-06 1
-5.45329e-06 4.90474e-06 1
2.93511e-07 -1.98405e-06 1
6.21054e-06 7.65935e-06 1
3.95001e-06 2.96831e-07 1
2.66549e-07 1.0383e-06 1
2.40693e-06 3.17458e-06 1
-1.16185e-05 1.33742e-05 1
2.67253e-06 -1.61831e-06 1
9.34184e-07 2.28414e-06 1
6.28529e-06 2.65811e-06 1
3.04509e-06 2.02535e-06 1
1.87355e-06 -1.85808e-06 1
1.4539e-06 1.75727e-07 1
8.64622e-06 -2.93419e-06 1
3.55816e-06 -7.74628e-06 1
-5.54267e-07 -1.07926e-06 1
4.03734e-06 -1.29195e-06 1
4.02279e-06 -5.04008e-06 1
-3.98041e-06 -1.63915e-05 1
5.09209e-07 -1.49067e-06 1
2.02124e-06 -5.79803e-07 1
9.69164e-07 -4.54847e-06 1
1.44975e-06 -7.69324e-06 1
3.02247e-05 -2.28071e-06 1
-7.38244e-07 -3.74004e-06 1
1.20202e-05 2.48094e-06 1
1.02731e-05 -7.86138e-06 1
3.84264e-05 -6.97946e-06 1
-2.23018e-07 -2.32158e-06 1
9.04424e-06 1.76882e-05 1
-1.22745e-05 1.23194e-05 1
-1.56279e-06 -3.3866e-06 1
2.66111e-07 -2.95426e-06 1
8.15857e-06 9.80096e-06 1
-2.4621e-06 2.5758e-06 1
-7.8207e-07 -8.81557e-07 1
-6.60543e-07 -1.56075e-06 1
-3.3525e-06 2.61573e-05 1
7.67436e-07 1.60984e-06 1
4.66574e-07 -6.55131e-07 1
-1.2269e-06 -2.73335e-06 1
6.41183e-06 2.05263e-05 1
-1.22811e-06 -1.05434e-06 1
4.37765e-06 1.25552e-05 1
1.35469e-06 -3.17816e-06 1
-1.27976e-05 -1.41151e-07 1
-7.81081e-06 2.51038e-05 1
1.4278e-06 -4.02988e-06 1
-4.24761e-07 -1.99645e-06 1
4.95021e-07 1.46635e-06 1
1.76268e-06 -3.69413e-06 1
-1.13387e-06 1.71701e-07 1
-3.21419e-06 -2.0979e-06 1
4.01293e-06 -2.37687e-06 1
-2.4557e-06 2.39163e-06 1
1.08163e-06 3.83332e-06 1
6.88193e-06 -2.30976e-06 1
9.13186e-06 5.16035e-06 1
-1.43833e-06 4.33594e-07 1
-5.07663e-06 -8.93862e-07 1
4.93118e-07 -1.60758e-07 1
2.15664e-06 -8.90057e-06 1
-2.63596e-06 7.39872e-07 1
3.76238e-06 -1.41302e-07 1
7.65937e-06 -3.67395e-06 1
3.76726e-06 4.89898e-06 1
1.44957e-06 -3.03257e-06 1
-1.54099e-05 -5.89765e-06 1
-3.78048e-06 1.30127e-05 1
2.22131e-07 4.18256e-06 1
5.20769e-07 -1.48911e-06 1
6.68907e-06 -2.93189e-06 1
-7.16931e-07 -8.41647e-07 1
3.64107e-06 -2.96469e-06 1
3.5352e-06 1.3467e-05 1
4.81703e-07 -2.99062e-06 1
-1.22833e-06 -1.35083e-06 1
-1.24053e-05 -1.13997e-06 1
4.53883e-06 8.75232e-07 1
1.96442e-06 8.26568e-07 1
4.60445e-06 2.398e-06 1
4.52505e-06 -8.18506e-06 1
1.69302e-06 -2.44291e-06 1
-5.2552e-06 -5.13719e-06 1
8.72343e-07 6.84521e-07 1
9.90083e-07 2.60456e-06 1
-1.87825e-06 -4.54941e-07 1
1.2033e-06 -3.00868e-07 1
-5.44721e-05 -7.43901e-05 1
4.8633e-07 -1.87018e-07 1
1.54335e-06 -2.11588e-06 1
-3.71098e-06 -2.09602e-06 1
-4.04299e-06 -2.93531e-06 1
2.236e-06 -6.58338e-06 1
-7.11468e-06 2.04066e-06 1
3.4266e-07 -2.18201e-06 1
-7.09686e-06 -2.72767e-06 1
-1.05299e-06 1.38668e-06 1
1.29837e-05 -3.04531e-06 1
-1.36285e-06 -1.17569e-06 1
-1.34186e-06 2.72127e-05 1
-3.1758e-06 -5.79922e-06 1
-1.46862e-06 3.30986e-06 1
4.92098e-07 2.74203e-06 1
1.46765e-06 -1.00307e-05 1
1.13878e-06 6.12946e-06 1
-4.17426e-07 -6.4709e-07 1
-4.41418e-06 1.22845e-05 1
4.46192e-06 6.16567e-06 1
-1.55756e-05 4.04717e-06 1
3.17933e-06 3.34761e-06 1
-7.68058e-07 1.22589e-06 1
1.77375e-06 -1.67857e-06 1
-1.01138e-05 -2.83025e-06 1
-4.92472e-06 -4.63906e-06 1
4.60075e-06 -9.42288e-06 1
1.60857e-06 1.52885e-06 1
1.14335e-06 -1.62758e-06 1
7.56636e-06 -4.39021e-06 1
-1.31481e-06 3.22485e-07 1
-3.5254e-06 1.91217e-06 1
-8.69148e-07 3.15984e-06 1
1.20009e-05 2.40598e-06 1
1.44837e-06 -9.80462e-06 1
-8.18171e-07 2.66839e-07 1
6.79924e-06 1.84184e-06 1
-9.83044e-06 4.33699e-06 1
-3.617e-06 -3.35446e-06 1
2.58311e-07 -2.85864e-06 1
5.19276e-06 9.07797e-07 1
-1.03777e-06 -5.96823e-06 1
-3.19489e-07 -2.65066e-06 1
2.30143e-06 -4.03749e-06 1
-1.40849e-06 -1.33285e-06 1
1.20802e-06 -3.95445e-06 1
5.20793e-06 2.13797e-07 1
1.14335e-06 -1.62758e-06 1
2.84383e-06 -2.43599e-06 1
2.56794e-06 -3.03933e-06 1
-3.99706e-05 -6.74456e-05 1
-5.67387e-06 -1.82712e-07 1
-3.72567e-06 -2.22197e-06 1
3.77245e-05 -3.87204e-06 1
5.87316e-06 -8.24579e-06 1
4.10214e-06 -1.27308e-05 1
-2.33274e-07 -1.47315e-06 1
1.12393e-06 5.46392e-06 1
2.41407e-05 -4.77252e-06 1
9.74951e-06 -4.36927e-06 1
6.92545e-07 -2.78391e-06 1
-1.52132e-06 9.96976e-07 1
3.57396e-05 -1.22001e-05 1
1.90746e-06 -1.55326e-06 1
6.28035e-06 -5.0098e-06 1
-2.54058e-05 -7.30794e-06 1
-1.28757e-06 -1.14615e-06 1
5.19159e-06 8.92875e-07 1
7.35405e-06 -4.7133e-06 1
-1.19791e-07 7.54411e-07 1
1.80073e-06 -1.44573e-05 1
-8.84472e-06 1.30252e-05 1
-1.31295e-05 -5.76638e-06 1
6.37853e-06 2.20085e-06 1
2.20346e-06 -6.29755e-07 1
-1.00696e-06 -7.12894e-07 1
2.19789e-06 -4.27098e-06 1
2.17117e-06 -2.43557e-06 1
1.88281e-06 -1.59135e-06 1
2.64714e-06 -7.62326e-07 1
8.74309e-06 -1.7867e-05 1
6.14621e-05 3.28962e-05 1
-3.73376e-06 -2.29125e-06 1
-9.1461e-06 6.73306e-06 1
1.60389e-05 3.9759e-06 1
4.41362e-05 -1.11362e-05 1
-1.02025e-06 -3.60551e-06 1
1.03747e-06 -4.36537e-06 1
1.01354e-05 1.98995e-06 1
9.61617e-07 -2.31501e-07 1
1.00442e-05 -1.43529e-05 1
2.43992e-06 -1.84515e-07 1
7.56872e-06 -9.0122e-06 1
3.52135e-06 3.05438e-06 1
1.85309e-06 1.30766e-06 1
6.93705e-07 -2.15631e-06 1
-6.42424e-06 4.49773e-06 1
2.49978e-06 -7.21724e-06 1
-1.18145e-07 -5.83505e-06 1
4.58772e-06 6.91842e-06 1
3.32753e-06 2.05748e-06 1
5.58992e-06 -1.72693e-06 1
-9.91792e-06 4.37819e-06 1
-5.14729e-06 1.46014e-05 1
1.83025e-06 7.93272e-07 1
-2.39876e-05 4.20366e-06 1
2.71689e-06 -8.27566e-06 1
1.42576e-06 1.36098e-06 1
-1.91953e-06 -2.75084e-06 1
2.06315e-06 -4.05196e-07 1
-1.34264e-06 3.12501e-07 1
-6.62514e-07 1.41313e-06 1
-1.37554e-06 -3.5839e-06 1
1.93123e-07 -1.96625e-06 1
-8.24739e-06 1.77819e-06 1
1.72579e-06 1.78206e-06 1
2.13486e-06 -3.46914e-07 1
2.24126e-06 -1.9059e-06 1
9.83945e-07 2.51851e-06 1
-2.58782e-06 -3.17824e-06 1
-3.30478e-06 -2.98282e-06 1
1.08869e-06 -5.64248e-06 1
-1.19479e-06 -2.78282e-06 1
-8.99047e-07 -1.25589e-06 1
1.49547e-06 -4.14744e-06 1
-3.57793e-06 -1.34225e-06 1
-3.21842e-06 1.74577e-06 1
2.13978e-06 -8.95052e-07 1
2.78841e-07 -5.04232e-07 1
1.8183e-05 -1.72749e-05 1
8.05006e-06 -1.78576e-07 1
2.17536e-06 -9.29755e-07 1
1.11524e-06 -4.08493e-06 1
-5.14226e-06 -4.49971e-06 1
4.23751e-06 9.33655e-06 1
-3.48775e-07 1.60171e-06 1
1.35877e-05 3.25061e-06 1
-4.15083e-06 1.36908e-05 1
-1.69636e-06 -5.86969e-06 1
1.0175e-05 9.87101e-06 1
3.55351e-06 -4.06692e-06 1
1.42134e-06 -1.31992e-06 1
1.17388e-06 -1.60339e-06 1
4.82515e-07 -1.95454e-06 1
1.28658e-05 -1.15827e-05 1
-5.92679e-06 -2.53105e-06 1
-6.87146e-07 -1.34898e-06 1
-1.79528e-05 1.91905e-05 1
7.88665e-06 1.55857e-07 1
-1.37282e-06 -3.80724e-06 1
-7.31484e-06 -2.18556e-06 1
-2.46541e-06 9.36635e-06 1
3.43542e-06 1.26778e-05 1
-1.3787e-06 -1.00615e-06 1
-1.7177e-05 7.7035e-06 1
3.50083e-06 2.04016e-06 1
2.02156e-06 -4.06845e-06 1
4.86709e-06 -5.50275e-06 1
2.54523e-06 -1.90909e-06 1
-5.29294e-06 1.15227e-06 1
-1.53659e-05 6.09184e-06 1
1.91976e-06 6.64561e-06 1
3.35997e-06 -2.83576e-06 1
-4.26176e-07 -4.30871e-06 1
2.48948e-06 2.99167e-06 1
1.4191e-06 -5.31046e-06 1
9.39311e-07 -4.75511e-06 1
-1.48627e-05 -8.98039e-06 1
3.28188e-07 2.78032e-06 1
-2.37126e-05 -9.05419e-06 1
1.21425e-05 5.75293e-06 1
-1.86423e-05 -5.36717e-06 1
-1.2338e-05 -9.57184e-06 1
3.47658e-07 6.03806e-06 1
-1.79607e-06 8.32678e-06 1
2.45064e-05 -2.17222e-06 1
6.50256e-06 1.38465e-05 1
5.39304e-06 -3.32137e-06 1
1.13958e-06 -8.94263e-06 1
-1.06171e-05 5.9658e-06 1
-1.06591e-05 5.30961e-06 1
7.94455e-06 2.41544e-05 1
7.14764e-06 -4.1013e-06 1
4.14026e-06 2.24275e-06 1
3.80039e-06 1.78775e-06 1
3.33387e-08 -6.52386e-06 1
-1.36223e-07 -7.28571e-06 1
7.70486e-07 7.34306e-06 1
7.78844e-07 7.31758e-06 1
-4.32265e-06 9.84016e-08 1
-1.12269e-05 -5.37494e-06 1
-4.74327e-06 -3.66918e-07 1
-6.96397e-06 -2.6352e-06 1
8.60699e-06 -2.03539e-06 1
-9.95911e-07 -2.53788e-06 1
-9.21031e-07 -3.77792e-06 1
-2.92108e-06 -5.50203e-06 1
-1.81678e-06 -5.20882e-06 1
-1.93718e-06 -3.71011e-06 1
1.93645e-06 3.53245e-06 1
-8.27975e-06 -3.6528e-06 1
-6.93947e-06 2.07335e-05 1
-5.82072e-06 -3.20535e-06 1
-1.67119e-06 8.96121e-07 1
3.1851e-06 -8.35444e-06 1
-1.92146e-05 -2.39397e-06 1
-3.50979e-07 9.13763e-07 1
-9.89538e-06 9.78506e-06 1
6.37841e-06 -9.31817e-06 1
2.13033e-05 -2.73271e-05 1
-9.99168e-06 9.8582e-06 1
1.46753e-05 -1.87979e-05 1
6.27511e-06 -9.2332e-06 1
-2.50545e-06 -1.28267e-06 1
8.8327e-07 -8.7355e-07 1
6.31049e-06 -5.0494e-06 1
-4.49421e-06 1.87571e-06 1
-4.59093e-06 2.09981e-06 1
-5.04329e-07 -3.13936e-06 1
5.57653e-06 -1.59118e-05 1
5.25144e-06 4.1607e-06 1
-1.69839e-06 2.83188e-07 1
2.02805e-06 -2.80017e-06 1
1.57606e-06 8.63606e-06 1
2.47349e-07 4.04374e-06 1
-5.087e-07 -1.65584e-06 1
-4.36742e-06 -3.78905e-07 1
-1.88459e-06 1.32806e-05 1
-3.17636e-05 2.29512e-08 1
8.48641e-06 7.12561e-06 1
-4.87039e-06 -7.8306e-07 1
-2.13184e-06 -3.98975e-07 1
-4.00391e-06 -4.02455e-07 1
-2.5412e-07 -2.5163e-06 1
6.03041e-06 -2.78712e-07 1
2.57172e-07 -2.17278e-06 1
2.79548e-06 -3.77458e-06 1
1.99948e-06 -4.06936e-06 1
5.20836e-06 -6.54765e-06 1
-6.45998e-06 1.10575e-06 1
2.15395e-05 -1.61752e-05 1
1.8679e-07 -1.19646e-06 1
5.3843e-07 -2.4049e-06 1
-2.05456e-05 -6.98023e-06 1
-7.75323e-06 4.76778e-06 1
6.16741e-06 7.71112e-06 1
-1.19305e-07 -1.35856e-06 1
4.02584e-07 1.27003e-06 1
1.56676e-07 -1.11517e-06 1
-4.29698e-06 -4.16349e-06 1
8.92804e-06 3.44674e-05 1
-6.84368e-06 1.4545e-05 1
8.09361e-06 1.22243e-05 1
2.12263e-05 5.36483e-06 1
9.97208e-06 1.25417e-05 1
7.93268e-06 2.41486e-05 1
8.18428e-08 -2.36691e-06 1
-6.31229e-06 -1.51456e-06 1
7.43041e-06 1.02434e-05 1
-6.85272e-06 -4.11206e-06 1
-1.00424e-05 8.58556e-06 1
1.98902e-07 -2.28294e-06 1
1.76454e-07 -5.56393e-07 1
-4.36876e-06 -6.342e-07 1
1.72642e-06 -9.13263e-06 1
8.62889e-07 -9.01221e-06 1
-2.58052e-07 -9.5119e-08 1
2.24181e-06 -9.21766e-06 1
-3.37658e-06 -7.35776e-06 1
-3.02039e-06 -6.09914e-07 1
3.36886e-06 -3.10499e-06 1
-3.31306e-06 -7.41878e-06 1
-2.2792e-06 2.98902e-08 1
2.21928e-07 -8.80271e-06 1
5.45227e-06 -1.56486e-05 1
-1.04254e-05 5.13954e-06 1
-1.77593e-05 -1.28885e-05 1
-8.02983e-06 2.79214e-05 1
8.83179e-07 1.5126e-06 1
2.71689e-06 -8.27566e-06 1
1.99399e-06 -9.29377e-07 1
-5.02948e-06 1.54196e-05 1
-1.03622e-05 1.86432e-05 1
1.57894e-06 -9.40446e-10 1
-2.36948e-06 5.33283e-06 1
-4.12243e-06 4.57834e-06 1
-2.27565e-06 1.66598e-05 1
-4.00548e-06 4.52747e-06 1
-2.23417e-06 2.1857e-06 1
1.02584e-05 5.4822e-06 1
6.13771e-06 2.39051e-06 1
-3.48616e-06 -1.24935e-06 1
1.41274e-05 -5.87601e-06 1
9.94979e-07 5.90793e-06 1
7.38803e-07 -3.2765e-06 1
-1.09172e-07 -8.89107e-07 1
-1.16729e-06 4.07039e-06 1
-2.53621e-08 -8.75287e-06 1
-5.00474e-07 2.65877e-06 1
-1.75147e-07 1.23373e-06 1
-1.86437e-06 6.79382e-06 1
-3.96675e-06 1.82244e-06 1
1.85095e-06 1.99353e-06 1
-1.31541e-05 1.44697e-05 1
6.70722e-06 1.34745e-06 1
-6.5697e-06 1.06648e-05 1
-6.9571e-06 2.08264e-05 1
-4.79834e-06 1.03837e-05 1
1.20196e-06 6.58399e-06 1
3.1688e-06 7.38371e-06 1
1.36221e-06 8.4091e-06 1
-1.21592e-05 9.28627e-06 1
3.83702e-07 8.20409e-06 1
-4.48915e-06 1.50748e-05 1
6.54911e-06 1.56315e-05 1
1.18887e-05 1.22367e-05 1
-7.65822e-07 8.67237e-08 1
-1.30382e-06 4.08477e-06 1
-2.33994e-06 3.93374e-06 1
-2.09197e-07 -5.46312e-07 1
9.19575e-07 -1.71036e-06 1
-8.49612e-07 2.58913e-06 1
-2.28881e-06 3.84081e-06 1
2.13499e-06 1.36696e-05 1
1.51479e-06 6.3628e-06 1
9.7761e-06 3.98901e-06 1
1.08247e-05 3.77117e-06 1
9.21847e-06 -2.63219e-06 1
SCALARS fiber_stretch float
LOOKUP_TABLE default
0.999984
0.999972
0.999946
0.999963
0.999992
0.999986
0.99965
0.999996
0.999953
0.999993
1.00001
0.999931
0.99995
1.00001
0.999983
0.999968
0.999973
0.999999
0.999946
0.999987
0.999988
0.999938
1.00001
0.999973
0.99999
0.999989
0.999956
1.00002
1.00001
0.999929
0.99999
1.00002
0.999974
1.00003
0.999975
0.999974
0.999984
0.999956
1.00002
0.999935
0.999995
0.999985
1.00001
1.00001
1.00001
0.999958
1.00004
0.999993
0.999993
1.00002
1.00002
0.999995
1
1.00001
0.999995
1.00001
0.999967
0.999996
0.99995
1.00004
1.00002
1
0.999999
0.999999
1
1
0.999992
0.999994
0.999925
1.00003
0.999669
0.999999
0.999989
1.00001
0.999736
0.999992
0.999979
0.999994
0.999988
0.999919
0.999983
0.999751
1.00001
1.00001
0.999943
0.999936
0.999977
0.999941
1.00003
1.00001
1
1
1
1.00001
1.00001
0.999958
0.999952
0.999997
0.999944
1
0.999969
0.99995
1.00003
1.00001
1.00001
1
1.00001
0.999991
0.999999
1.00002
1
1.00001
1.00005
1.00001
0.999883
0.999959
0.999961
1.00002
0.999939
0.999699
0.999977
0.999978
0.999905
1
0.999897
0.99999
1.00005
0.999972
1.00001
0.999953
0.999986
1.00001
0.999999
0.999981
1
0.999972
1.00002
0.99964
0.999994
0.999998
1.00003
0.999992
0.999996
0.999903
1
0.99997
0.99999
0.999904
1
0.999749
0.999975
0.999912
1.00001
0.999992
0.999998
1
0.999993
1.00002
1
0.999918
0.999644
0.999703
1.00001
0.999982
0.999988
0.99993
1.00001
1
0.999985
0.999941
1.00001
0.999998
1
1.00003
1.00002
0.999923
0.999663
0.999943
0.999939
0.999936
0.999673
1
0.999987
0.99999
1
0.999966
1
1
0.999928
0.999999
1
0.999963
0.999926
0.999996
0.999718
0.999999
1
0.999706
1
0.999997
0.999931
0.99995
1.00003
0.999612
1.00001
1.00005
1.00001
0.999969
0.999696
1
0.999935
1
0.999923
0.999934
0.999965
1.00002
1.00002
0.999965
1.00002
1.00001
0.999961
0.999998
1.00001
0.999971
1
1.00001
1.00001
0.999999
0.999976
0.999991
0.999935
0.999872
0.99995
0.999944
1.00001
0.999995
1.00001
0.999995
0.99999
0.999991
0.999964
1.00003
0.999564
0.999933
0.99943
0.999952
0.999887
0.999979
1
1
0.999993
0.999563
1.00003
0.999999
1.00001
1
0.99993
1.00001
0.999993
0.999999
1.00001
1
1
0.999984
0.999902
1.00001
0.999993
0.999961
1.00001
0.999937
0.999992
0.999937
1
1
1
1
0.999429
0.999991
0.999938
1
1.00005
1
1.00006
1.00005
1.00005
1.00006
1.00006
1.00005
1.00006
1.00006
1.00006
1
0.999993
0.999995
1.00002
1.00002
1.00006
1.00004
1.00006
1.00007
1.00004
1.00006
1.00004
1.00006
0.999985
0.999969
1.00007
1.00007
1.00004
1.00004
1.00003
1.00003
1.00004
0.999963
0.999988
1.00002
1.00001
1.00001
0.99993
1.00003
1.00003
1.00001
0.999962
1
1.00005
1.00004
0.999995
1
0.999959
1
0.999988
1
0.999959
1
1.00001
1.00003
0.999961
0.999901
0.999954
0.999941
0.999965
0.99999
0.999963
0.999911
0.999965
0.999942
0.999989
1.00001
1.00001
0.999938
0.999931
0.999991
0.999992
0.999995
1
0.999962
0.999988
0.999913
0.999957
1.00001
0.99997
0.999957
0.999971
0.999972
1.00001
0.999912
0.999936
0.999993
1
0.999991
0.999954
1
0.999925
0.999925
0.999918
0.999918
0.999974
1.00001
1
0.999958
1.00004
0.999935
0.999916
0.999921
0.999929
0.99995
0.99993
0.999943
0.999939
0.999946
0.999947
0.999982
1.00003
0.999924
0.999927
1.00003
0.999943
0.999927
0.999924
1.00001
0.999958
0.999981
0.999946
0.999955
0.999978
0.999936
0.999927
0.999936
0.999927
0.999916
0.999932
0.999932
0.999976
0.999955
1.00001
0.999928
0.999928
1.00004
1
0.999915
0.999943
0.999948
0.999933
0.999999
0.999796
0.999975
0.999993
0.999933
0.999947
0.999933
0.999933
0.99993
0.999947
0.999951
0.999948
1
0.999927
0.999928
0.999893
0.999894
0.999939
0.999922
0.999914
0.999927
0.999928
0.999893
0.999953
0.999996
0.999947
0.999927
0.999942
0.999998
0.999929
0.999878
0.999917
0.999874
0.999924
0.999932
0.999944
0.999928
0.999973
0.999951
0.999997
0.999986
1.00001
1.00001
0.999976
0.999956
1
1.00006
1.00003
0.999914
0.999929
0.999951
0.999957
0.999926
0.99993
0.999932
0.999942
0.999988
0.999985
0.999923
0.999988
0.999878
0.999986
0.999877
0.999981
0.999986
0.999986
0.99997
0.999949
0.999943
1.00003
1.00001
0.999933
0.999959
0.999962
0.999953
0.999984
0.999964
0.999947
0.99997
0.999981
0.999954
0.999943
0.999942
0.999987
0.999956
0.999931
0.999937
0.999945
0.999965
0.999977
0.999966
0.999957
0.999968
0.999969
0.99998
0.999982
0.999972
0.999752
0.999985
0.999964
0.999974
1.00005
0.99992
0.999998
0.99993
0.999968
1.00001
1.00001
1.00005
1
0.999918
0.999982
0.999982
0.999937
0.999712
0.999714
0.999914
0.999907
0.999966
1
0.999894
0.99989
0.999484
0.999362
0.999695
0.999693
0.999362
0.999488
0.999337
0.999337
0.99947
0.99947
0.999914
0.999914
0.999644
0.999647
0.999365
0.999365
0.999486
0.99943
1.00005
1.00005
1.00005
1.00006
1.00007
1.00007
1.00004
1.00004
1.00006
1.00006
1.00001
1.00006
1.00006
1.00007
1.00007
1.00004
1.00005
1.00002
1.00002
1.00003
0.999957
1.00004
1.00004
0.999995
0.999996
0.999982
0.999979
0.999915
1.00002
1.00001
0.999973
0.999954
1.00001
0.999972
0.999996
0.999992
1.00001
0.99997
1
0.999944
0.999985
1.00001
0.999945
0.999905
0.999974
0.99989
1.00001
0.999956
0.999974
1
1.00002
1
1
0.99999
0.999914
0.999896
1.00006
1
1.00003
0.999912
1.00001
0.99994
1.00001
0.999954
0.999952
1.00002
0.999896
0.999977
1.00001
1.00009
1
1
0.999931
1.00001
1
1.00005
0.999996
1
0.999937
0.999964
0.999979
1.00001
1.00001
1.00004
0.999959
1.00005
1.00005
1.00002
1.00001
0.999996
0.999955
0.999941
0.999949
0.999972
0.999962
0.999961
0.999991
0.999967
0.999968
1.00001
0.999909
0.999997
0.999895
0.999924
0.999925
1.00001
0.999958
1.00001
0.99996
0.99995
0.999971
0.999978
0.999994
1
1.00002
1.00001
0.999946
0.999962
1.00001
0.999997
1.00002
0.999974
0.999972
0.999947
0.999947
1.00003
1.00003
0.999995
0.999994
0.999996
0.999929
0.999966
0.999981
0.999981
0.999544
0.999356
0.999885
0.999356
0.999571
0.99954
0.999951
0.999952
0.999463
0.999349
1.00004
1.00006
0.99997
0.999944
1.00004
1.00004
1.00001
0.999995
0.999997
0.999968
0.999966
0.999961
1.00001
0.999962
0.999961
0.99997
0.999704
0.999978
0.999981
1.00001
1
0.99999
0.999952
0.999929
0.999969
0.999943
0.999919
0.999991
0.999959
0.999872
0.999879
0.999963
0.999938
1.00001
1.00001
0.99996
0.999944
0.999963
0.999988
0.999988
0.999475
0.999349
1.00006
1.00006
1.00004
1
1
1.00006
1.00002
1.00001
1.00002
0.99992
0.999923
0.999955
0.999894
0.999974
0.999938
0.999938
0.999939
0.999949
0.999989
0.99996
0.999908
0.999955
0.999963
0.999946
0.999988
0.999933
0.999892
0.999946
0.999937
0.999968
0.99996
0.999986
0.999956
0.999956
0.999972
0.999474
0.999475
0.999376
1.00005
1.00004
1.00006
1.00007
1.00007
1.00006
1.00003
0.999988
1
0.999925
0.999957
0.999925
0.999923
0.999933
0.999941
0.999962
0.999953
0.999925
0.999951
0.99995
0.999974
0.99994
0.999945
0.999948
0.999948
0.999946
0.999933
0.999944
0.999942
0.999945
0.999892
0.999929
0.999926
0.999951
0.999946
0.999906
0.999895
0.999966
0.999961
1.00003
0.999958
0.999859
0.999958
0.999946
0.999945
0.999376
0.999851
0.999849
0.999714
0.999716
1.00007
0.999952
1
1
1.00003
1.00002
0.999987
0.99998
0.999948
0.999956
0.999952
0.999923
0.999934
0.99999
0.999958
1
1.00003
0.999928
0.999966
0.999982
0.999927
0.999918
1.00001
0.999942
0.999946
0.99996
1.00001
0.999954
0.999883
0.999886
0.999961
0.999964
0.999943
0.999988
0.999988
0.999945
0.999954
1.00007
1
1.00002
1.00002
1
0.999944
0.999904
1.00001
0.999998
0.999941
0.999926
0.999969
0.999921
0.999925
0.99998
1.00002
0.999964
0.99996
0.999932
0.999996
1.00003
0.999888
0.999827
0.999571
0.99964
1
0.999436
0.999977
1.00007
0.999999
1.00007
0.999999
0.999913
1.00001
0.999918
1
1.00003
0.999933
0.999984
0.999998
1
0.999964
0.999947
0.999956
0.999914
0.999949
0.999945
1.00006
0.999915
0.99995
0.999949
0.999952
0.999941
0.999934
0.999875
0.999933
0.999918
0.999948
0.999875
0.999919
0.99992
0.999929
0.999949
0.999951
0.999947
0.999946
0.999926
0.999896
0.999935
0.999896
0.999945
1.00002
0.999935
0.999955
0.999925
0.999957
0.999962
0.999947
0.999897
0.99993
0.999884
0.999955
1
1.00002
0.999955
0.999976
1.00002
1.00001
0.999999
1.00002
0.999372
0.999372
1.00007
0.999512
0.999976
1
0.999981
0.999994
1.00003
1.00003
0.999995
0.999999
0.999999
1.00002
0.999674
0.999897
0.999925
0.99959
1.00001
1.00001
0.999965
0.999967
0.999998
0.999998
1
0.999946
0.999996
0.999995
1
1
0.999923
0.999999
0.999994
0.999993
0.999998
0.999924
0.99996
1
1.00001
1
0.99999
1
1
0.999963
1.00001
1.00001
0.999974
0.999989
0.999944
1.00002
0.999956
0.999952
0.999991
1.00001
1
0.999988
1.00001
0.999932
0.999993
1.00008
0.999994
1.00002
1
0.999993
0.999994
0.999964
0.999914
1
0.999975
1
0.999999
0.999994
1
1
1.00002
1.00002
0.999993
0.999991
1.00001
1.00001
1
0.999947
1.00001
1.00001
0.999965
1.00001
0.99994
1
0.999999
0.999932
0.999997
0.999996
1.00002
0.999935
1.00001
0.99999
0.999999
0.99999
1.00005
1.00001
0.999996
1
0.999985
0.999982
0.999999
0.999908
0.999894
0.999924
0.999997
1.00002
0.999942
0.999971
1.00003
0.999999
0.999911
1
1.00001
1
0.999984
1.00002
1.00006
1.00001
0.999999
1.00005
0.999999
0.999897
1.00001
1.00001
1.00001
1.00005
1.00005
1.00002
1.00003
0.999931
0.999983
0.999998
0.999992
0.999912
0.999989
0.999989
1.00004
0.999978
1.00002
0.999988
1
1
0.999978
0.999994
0.99999
0.999942
0.999815
0.999677
0.999999
1.00002
0.999986
0.999539
0.999465
0.999465
0.999588
0.99956
0.999707
0.999541
1.00002
1.00001
0.999953
0.999714
1.00002
0.999996
0.999544
1.00001
0.999599
1.00002
1
0.999953
0.999953
0.999994
1.00001
1.00002
0.999951
0.999948
0.999915
0.999545
1.00001
0.999947
1.00002
1.00003
0.999747
0.999526
0.999976
0.999986
1
0.999979
0.999645
0.999753
1
0.999943
0.999991
0.999725
1.00001
1.00001
1.00003
0.999592
0.999998
0.999523
0.999693
0.999901
0.999759
0.999985
0.999944
0.99973
0.999925
0.999939
0.999991
1
1.00003
1
0.999944
1.00001
0.999917
0.999961
0.999923
0.999996
0.999986
0.999931
0.999987
0.999854
0.999805
0.999663
0.999661
0.999995
1
1.00001
1.00002
0.999686
0.999626
0.999949
0.999968
1
1.00001
1
1
0.999951
0.99986
0.999711
0.999959
0.999974
1
0.999753
0.999789
0.999984
0.999987
0.99998
0.99996
1
1.00001
0.999979
0.999934
1
1
0.999991
0.999969
1
1
0.99998
0.999999
0.999929
1
1.00002
1.00001
1.00007
1.00006
0.999973
0.999984
0.999993
0.999997
0.99995
0.999893
0.999953
1.00001
0.999929
1.00005
1.00005
1.00001
1.00003
1.00001
0.999884
0.999913
1.00002
1.00001
1.00001
0.99999
0.999974
0.999989
1.00002
0.999981
0.999989
0.999963
0.999916
0.999973
1.00002
0.999958
0.999854
0.999923
0.99998
1
1.00001
0.999942
0.999892
0.999923
0.999923
1
1
0.999945
0.999993
0.999976
0.999983
0.999965
0.999997
0.999994
0.999973
0.999946
0.999983
1
0.999968
0.999992
1.00001
1
1.00001
1.00002
0.999942
0.999934
1.00002
0.99995
0.999981
0.999937
0.999949
0.999944
1.00001
0.999999
0.999926
0.999916
1
0.999946
0.999934
0.999989
1.00002
0.999984
0.99998
0.999974
1
1
0.999991
0.999966
1.00002
0.99995
0.999978
0.999967
0.999951
0.999972
0.999947
0.999993
0.99995
1
0.999991
0.999963
0.999995
0.999957
1
0.999926
1.00003
0.999928
0.999973
0.999906
0.999907
0.999924
1
0.999928
0.999966
1.00003
0.999558
1.00004
0.999989
0.999978
0.999964
0.999951
0.999957
0.999983
1
0.999943
1.00002
0.999985
0.999992
0.999961
0.999615
1.00001
1.00001
1.00002
0.999947
1.00002
1
0.999968
0.999931
0.99998
0.999929
0.999968
1.00006
0.999988
0.999973
0.999965
0.999965
0.999959
1
0.999996
1.00001
0.999971
0.999986
0.999922
0.999988
1
1.00001
0.999948
0.999954
1.00003
0.999989
1
0.999988
0.999995
0.999992
0.999998
0.999966
1
1.00002
1.00001
1
0.999974
0.99997
0.99987
0.999942
1.00002
1.00003
1.00002
1.00003
0.999998
1.00001
1
0.999998
1.00002
1
1.00001
0.999994
0.999997
0.999999
0.999974
0.999948
0.999947
0.999995
0.999943
0.999996
0.999958
0.999926
0.999955
1.00001
1.00001
1
1
0.999946
0.999988
1.00001
0.999942
1
0.999975
0.999973
0.999995
0.999962
0.999921
0.99996
1.00001
0.999956
0.999943
0.999993
0.999951
1.00002
1.00002
1
1.00001
1.00001
0.999928
0.999959
0.999912
0.999934
0.999987
0.999914
1.00001
1
1.00001
0.999938
0.999987
0.999983
1.00002
0.999961
0.999972
0.999938
0.999955
0.999939
0.999988
1
0.999958
0.999998
0.999973
1.00001
0.99987
0.999938
1.00002
1.00001
0.99993
0.999953
0.999985
1.00001
0.999988
0.999891
1.00002
0.999997
0.999876
0.999982
0.999958
0.999931
0.99996
0.999876
1.00003
1.00001
1.00003
1
1.00003
1.00001
0.999992
0.999945
0.999988
1.00001
1.00002
0.99998
1.00003
1.00001
1
0.999998
0.999927
0.999932
0.99999
0.999989
0.999959
1.00001
0.999991
1.00002
0.999985
0.999871
1
0.999915
0.999955
0.999953
0.99993
0.999982
0.999984
0.999954
0.999928
1.00001
1.00003
0.999974
0.999978
0.999979
1
0.999976
0.999914
0.999935
0.999939
0.999999
1
0.999983
1.00005
0.999981
0.999982
0.999955
0.999924
0.999919
1.00002
1.00001
0.999914
1.00002
0.99995
1
0.99998
0.999953
1.00001
0.999964
0.99994
0.999951
0.999998
0.999945
0.999973
0.999981
0.999962
0.999998
1
0.999992
0.999924
0.999938
0.999969
0.999999
0.999919
1.00001
0.999959
1.00002
0.999949
0.999914
0.999968
0.999974
0.999967
1.00007
1
0.999982
0.999963
1
0.999945
0.999954
1
0.99995
0.999997
1
0.999928
0.999993
0.999942
1.00004
1
0.999936
1.00005
1.00005
0.999984
0.999975
1.00004
0.999986
0.999991
0.999987
0.999993
0.999948
0.999992
1.00001
1.00001
1
1.00001
0.999914
1.00002
0.999959
1.00003
0.999994
1.00002
0.999946
1
0.999937
0.999948
0.999963
1
1.00001
0.999982
0.999985
0.99997
0.999943
0.999979
0.999952
0.999896
0.999931
0.999896
0.999991
1
0.99993
0.999942
0.999952
0.99995
1.00002
1
1
0.999939
0.999997
0.999984
1.00005
0.999962
1.00003
1.00004
0.999946
1
0.999974
1.00004
1
0.999994
0.999544
1
1
1.00005
0.999976
1.00001
1.00002
0.999988
1.00001
0.999967
1.00002
1
0.999952
1.00001
1
0.999912
0.999951
0.999961
0.999975
0.99999
0.999933
1.00002
0.999933
1
0.999957
1
0.999997
0.999915
1.00004
0.999992
0.999999
0.999967
1.00001
1.00001
0.999965
1.00001
0.999998
0.999902
0.999988
1.00002
0.999953
0.999978
1.00001
0.999993
0.999999
1.00002
0.999999
0.999952
0.999738
0.999951
1.00002
0.999988
0.999886
1.00001
0.999948
0.999991
0.999981
0.999981
0.999892
0.999908
1.00001
0.99996
0.999969
1.00002
0.999959
0.999999
0.999954
1.00002
0.999998
0.999925
0.999761
0.999989
0.999909
1
0.99996
0.999994
1.00003
0.999959
1
1.00004
0.999991
0.999987
0.999991
0.999994
1
0.999912
0.999915
0.999995
0.999938
0.999926
1.00001
0.99994
1.00001
1.00003
0.999976
0.999903
0.999994
1.00003
0.999964
0.999973
0.999932
0.999949
0.999875
0.999986
0.999891
0.999963
0.999982
1.00001
0.999979
1.00001
1.00003
0.999947
0.999993
0.999742
1.00005
0.999977
0.999967
0.999998
0.999928
0.999982
1
1.00001
1.00006
1.00002
1.00005
1
0.999804
0.99988
0.999978
0.99999
1.00006
0.99988
1.00001
0.99987
0.999891
1.00002
0.999998
0.999966
1.00005
0.999925
0.999941
0.999943
0.999987
0.99995
1
1.00001
1.00003
1
0.999978
0.999962
1.00002
0.999988
0.999995
0.999996
0.999988
1.00001
0.999985
1
0.999827
0.999912
0.999994
0.999915
0.999747
1.00004
0.999998
0.999987
0.999992
1
1
0.999938
0.999982
1
0.999969
0.999939
0.999961
1
1
1.00002
1.00001
0.999995
0.999991
0.999808
0.999947
0.999966
1.00004
1.00003
0.99993
0.99996
0.999869
1.00003
1.00001
0.999965
0.999934
1
1
0.999979
0.999995
1.00002
0.999963
1
1
0.999961
0.999999
0.999984
0.999984
1.00002
0.999982
0.999973
1
0.99995
0.999953
0.999935
0.999959
1.00002
1.00004
0.999998
0.99996
0.999981
0.999975
0.999948
1
0.999989
0.999947
0.999979
0.999981
0.999992
0.999668
0.999701
0.999901
0.999987
0.999983
0.999997
1
0.999946
0.999953
1.00002
0.999937
1.00001
0.999957
1.00001
1.00007
0.999994
0.999927
1
0.999999
0.999976
1
0.999986
1.00004
1
0.999984
0.999968
0.999998
0.999987
0.999974
0.999897
0.999994
0.999989
0.999954
1
0.999968
0.999991
1.00001
0.999977
0.999968
1.00002
0.999994
1.00001
0.999988
1.00001
1.00001
1
0.999972
0.999965
1
0.999966
1.00002
1.00002
0.999966
1
1.00001
0.999999
0.999998
1.00001
1.00001
0.999997
0.999706
0.999941
1
1.00001
1
0.999994
0.999984
1.00009
1.00003
0.999988
1.00001
0.999979
0.999986
0.99996
0.999957
1
1.00002
0.999938
1.00001
1.00001
0.999989
0.999949
1
0.999963
0.999992
1.00001
1
1.00001
1.00005
0.999999
0.999986
1.00001
0.999995
0.999945
0.999987
1.00001
0.999964
1
0.999993
0.999985
0.999938
1.00003
0.99988
1.00001
0.999934
0.999968
1.00001
0.999945
0.999986
0.999993
1.00002
0.999953
1
1.00002
0.999993
1
0.999865
0.999962
0.999974
0.999952
0.999999
0.999971
0.999968
0.999957
1.00001
0.999995
0.999988
1
0.999995
1.00001
0.999991
1.00003
1.00002
0.999978
1
0.999999
0.999995
1
0.999974
1.00001
0.999996
1.00001
0.999996
0.999977
0.999998
0.999938
0.999989
1.00002
1.00002
1.00001
1.00001
0.999976
0.999969
0.999986
0.999951
1.00003
1.00002
1.00003
0.999966
0.999995
0.999966
1.00003
0.999999
1.00001
1.00003
0.999984
1.00002
1
1.00006
0.999959
0.999942
0.999956
1.00002
0.999974
1.00002
0.999953
0.999952
1.00004
0.999976
1.00001
0.999976
1.00001
0.999975
0.999918
0.999982
0.999986
0.999956
0.999985
1.00001
1
0.999992
0.999944
0.999953
0.999994
1
1.00004
1.00007
1
0.999998
0.999952
1
0.999962
0.999925
1.00002
1
0.999959
0.999941
1
0.99996
0.99998
0.999991
0.999983
0.999998
0.999992
1.00001
1
0.99998
1
0.999995
0.999992
0.999947
1.00001
1.00001
0.999999
0.999925
0.999978
1
0.999988
1.00001
1
0.999999
0.999954
0.999982
0.999991
1
0.999949
0.999938
0.999994
0.999997
0.999997
0.999976
0.999885
0.999942
1.00004
0.999998
0.999879
1.00001
1.00001
1.00001
0.999968
1.00001
1.00006
1
1
1.00002
1.00004
1.00003
1.00001
1.00001
0.99991
0.999989
0.99994
0.999968
0.999943
1.00003
0.999992
1
1.00001
1.00001
0.999996
1.00004
1.00002
1
1
0.999997
0.999953
1.00001
1.00001
1
0.999999
1.00004
0.999991
0.999953
0.999999
1.00004
0.999971
0.999956
1
1
0.999993
1.00001
1.00001
1.00007
0.999993
1
0.99994
0.999976
0.999999
1.00001
0.999989
1
0.999948
0.99999
1.00001
1
1.00003
0.999686
1.00001
1.00006
1.00004
1
0.999982
0.999939
0.999998
0.999998
1.00001
0.999947
0.999999
1.00002
1.00003
1.00001
1.00001
0.99992
1
1.00002
0.999979
0.999956
0.999953
1
1
1
0.999964
0.999978
0.999969
1.00002
0.999988
0.999947
0.999995
1.00002
1
0.999969
0.99992
1.00001
1.00001
0.999933
0.999992
1
0.999979
0.999917
0.99999
0.999993
0.999985
0.999993
0.999996
0.999988
0.999996
1
0.999691
1.00002
1.00004
0.999876
0.999962
0.999968
0.999981
1.00001
0.999885
0.999971
0.999996
0.999994
0.999923
1.00005
0.999945
0.999934
0.999987
0.999979
0.999945
1
0.999921
1.00005
0.999903
0.999989
1
0.999993
0.999988
0.999952
1.00005
0.999995
0.999919
0.999944
1.00004
0.999975
0.999937
0.999868
1.00001
0.999989
0.999944
1.00003
1
1
1.00002
1
1
1
0.999987
0.999963
0.999942
0.999956
1.00001
0.99998
0.999933
0.99996
1
0.999932
0.999928
1
0.99999
0.999984
1
1
0.999986
0.999998
1.00002
1
1
0.999996
1
1.00001
1.00001
1.00002
0.999997
0.999989
0.99997
0.999994
1.00001
0.999997
1.00002
0.999986
0.999993
0.999997
1
1
0.999964
1
0.999949
1.00004
0.999961
0.999878
0.999857
1
0.999987
0.999967
0.999966
0.999985
0.999985
1.00005
0.999946
0.999961
1.00001
1.00001
0.999961
0.999988
1.00003
1.00001
1.00003
1
1
0.999983
1.00002
0.999993
1.00004
0.999993
0.999954
0.999985
1.00002
0.999989
1.00001
0.999983
0.999938
0.999961
0.999974
0.999959
0.999965
1
0.999924
0.999917
0.999947
0.999947
0.999947
0.999896
1.00002
1
1.00001
0.999944
0.999946
0.999942
0.999942
1.00001
0.999959
1
0.99997
1.00001
0.999956
0.999951
0.999968
0.999978
0.999986
1.00004
0.999943
0.999968
0.999932
0.999993
0.999944
0.999947
0.999993
1.00001
0.999944
0.999933
1.00001
1.00006
0.999944
1.00001
1.00001
1.00002
0.999971
0.999971
0.999992
0.999935
1.00002
1.00001
0.999977
0.999961
0.999953
0.999987
0.999955
1.00002
1.00004
0.999952
0.999999
1.00001
0.999951
1
0.99999
0.999997
0.999995
0.999986
0.999972
0.999959
0.999993
1
0.999999
0.999904
0.999941
0.999948
1.00001
1.00001
1
0.99998
1.00006
1.00003
0.999936
0.999843
0.999948
0.999896
1.00001
1.00003
0.999976
0.999994
0.999966
1.00001
1
0.999956
0.999943
0.999967
1
0.999943
0.99993
0.999964
1
0.99993
0.999987
0.999955
0.999935
0.999965
0.999947
0.999915
1.00001
0.999928
0.999997
0.999963
1.00002
0.999997
1.00002
0.999969
0.999939
0.999969
0.99998
0.99994
1.00001
1
0.999992
0.999987
1.00001
0.999969
0.999975
0.999946
0.999977
1.00003
0.999948
1.00004
1.00005
0.999868
0.999983
0.999978
0.999968
0.999997
0.999951
0.999979
0.999962
1.00007
0.999958
1.00002
0.999961
0.999963
0.999996
0.999994
0.999998
1
0.999999
0.999993
0.999998
0.999936
0.999952
1
0.999987
0.99996
SCALARS pressure float
LOOKUP_TABLE default
-0.0302511
-0.0290905
-0.0251025
-0.0287939
-0.0298918
-0.0284941
-0.000330097
-0.029559
-0.0258335
-0.0281482
-0.0302073
-0.026797
-0.0263759
-0.0297884
-0.0288975
-0.0284786
-0.0296612
-0.0291814
-0.0271493
-0.0284903
-0.027789
-0.0260933
-0.0295888
-0.027599
-0.0289528
-0.0289379
-0.0283001
-0.0308877
-0.0303753
-0.0248163
-0.0285326
-0.0299374
-0.0275654
-0.0322439
-0.0280994
-0.0280282
-0.0288455
-0.0315495
-0.0321682
-0.0256239
-0.0310594
-0.0289357
-0.0300276
-0.0309205
-0.0316284
-0.0256004
-0.0333826
-0.0297265
-0.0296554
-0.0300667
-0.029909
-0.0286164
-0.0296218
-0.0296511
-0.0287219
-0.0312818
-0.0278273
-0.0292086
-0.0270003
-0.0332937
-0.0306049
-0.0295117
-0.0291573
-0.0292645
-0.0295999
-0.0288112
-0.0294893
-0.0298565
-0.0241154
-0.0317574
-0.00422673
-0.0296302
-0.0293464
-0.0292569
-0.00783207
-0.0294514
-0.0279724
-0.0290702
-0.0302254
-0.0245849
-0.0296907
-0.00758087
-0.0318851
-0.0314393
-0.0275355
-0.025886
-0.0276405
-0.0253618
-0.032174
-0.0313039
-0.0294214
-0.0289457
-0.0291283
-0.0308349
-0.0298486
-0.0255059
-0.0257368
-0.0315777
-0.0255004
-0.0293946
-0.0302821
-0.0267652
-0.0324595
-0.0316155
-0.0312133
-0.0295544
-0.0304721
-0.0302965
-0.0310131
-0.0298613
-0.0297074
-0.0300167
-0.0343067
-0.0284936
-0.0218782
-0.0303716
-0.0278647
-0.0297341
-0.0254399
-0.00980378
-0.0273587
-0.0276882
-0.0250698
-0.0307229
-0.0189318
-0.0291511
-0.0342597
-0.0282639
-0.0304561
-0.0247807
-0.0283607
-0.0310103
-0.0286389
-0.0287233
-0.0287432
-0.0263438
-0.0310821
-0.0050453
-0.0302559
-0.0290982
-0.0341654
-0.029631
-0.0291548
-0.0240521
-0.0315577
-0.0278403
-0.0304371
-0.0243131
-0.0292313
-0.00422377
-0.0281268
-0.0244048
-0.0304162
-0.0286914
-0.0294841
-0.0297274
-0.0293958
-0.0324836
-0.0291784
-0.0256132
-0.00621142
-0.00437161
-0.0301242
-0.0287628
-0.0295139
-0.0269381
-0.0306141
-0.0287852
-0.029805
-0.0254228
-0.0294833
-0.0296007
-0.0286224
-0.0344533
-0.0317979
-0.0251628
-0.00878457
-0.0284024
-0.0267829
-0.0252559
-0.00388529
-0.0304128
-0.0283683
-0.0293207
-0.0294346
-0.0283371
-0.0293561
-0.0294673
-0.0259299
-0.0282706
-0.0288232
-0.027552
-0.0238238
-0.0292522
-0.00476226
-0.0288306
-0.029528
-0.00338404
-0.0293988
-0.0282972
-0.0255875
-0.0287436
-0.0322456
0.00448441
-0.0324693
-0.0346748
-0.03079
-0.0278895
-0.00250698
-0.0285879
-0.0262236
-0.0311646
-0.0243379
-0.0250707
-0.0273487
-0.0307826
-0.0315657
-0.0287656
-0.0323436
-0.0298343
-0.0274101
-0.0298295
-0.0306259
-0.0282912
-0.0304354
-0.0314247
-0.0301481
-0.0284603
-0.0298122
-0.029905
-0.025159
-0.0232878
-0.0270773
-0.0250553
-0.0295685
-0.0282578
-0.0298347
-0.0302663
-0.0285988
-0.0289124
-0.0275848
-0.0316681
0.0031206
-0.0243726
0.0143804
-0.0267953
-0.0183724
-0.0288619
-0.0293431
-0.0291115
-0.0292118
0.00859029
-0.0311875
-0.029534
-0.0299172
-0.0293274
-0.0249447
-0.0306862
-0.0289073
-0.0291205
-0.0300411
-0.0303728
-0.0292905
-0.0271349
-0.0218783
-0.0314445
-0.0289073
-0.0274958
-0.029541
-0.0259288
-0.0301219
-0.0253107
-0.0298399
-0.0294649
-0.0292212
-0.0298976
0.0159165
-0.0276144
-0.0261933
-0.029292
-0.0347774
-0.0297729
-0.0351275
-0.0349888
-0.0347456
-0.0350873
-0.0359658
-0.0343695
-0.0351212
-0.0340189
-0.0351149
-0.0296334
-0.0289073
-0.0297525
-0.0316598
-0.032266
-0.0359658
-0.033958
-0.0360273
-0.03621
-0.0328413
-0.0360123
-0.0339585
-0.0360123
-0.0278493
-0.028093
-0.0343722
-0.0339018
-0.0330818
-0.0327592
-0.0333597
-0.0322856
-0.034055
-0.0261897
-0.0294256
-0.0316818
-0.0298184
-0.0295031
-0.0239634
-0.0327692
-0.0330452
-0.0295952
-0.0271789
-0.0297129
-0.0338068
-0.0339693
-0.0314519
-0.0330765
-0.0269247
-0.030678
-0.0290754
-0.0304232
-0.026011
-0.0315329
-0.0294887
-0.032693
-0.0294692
-0.0237761
-0.0270145
-0.0258985
-0.0287866
-0.0298071
-0.0299789
-0.0251103
-0.0299251
-0.0249629
-0.0282723
-0.0342241
-0.0317339
-0.0294027
-0.0289407
-0.0325033
-0.0325075
-0.0285577
-0.0294388
-0.0261482
-0.0286706
-0.0250371
-0.0287501
-0.0296178
-0.0283517
-0.0282291
-0.0283235
-0.0286752
-0.0294633
-0.0248341
-0.0270828
-0.0311115
-0.0295717
-0.0285807
-0.0287961
-0.0301638
-0.0248306
-0.0253388
-0.0229377
-0.0227575
-0.0291565
-0.0298266
-0.0312584
-0.0292543
-0.0331317
-0.0246787
-0.0245121
-0.0244306
-0.0254087
-0.0272544
-0.0241266
-0.0250064
-0.0265458
-0.0271491
-0.0266201
-0.0280121
-0.0320977
-0.0241488
-0.025986
-0.0329996
-0.0276929
-0.0251571
-0.0246115
-0.0307816
-0.0272245
-0.0284117
-0.0258634
-0.0248951
-0.0269395
-0.0259893
-0.0253634
-0.0246761
-0.0253018
-0.0245142
-0.0255758
-0.0256661
-0.0274904
-0.027946
-0.0295233
-0.0262216
-0.0261666
-0.0321269
-0.0312013
-0.0272749
-0.0261308
-0.0273046
-0.0259154
-0.0294666
-0.0126081
-0.0288988
-0.0305087
-0.025988
-0.0259913
-0.0267694
-0.0271015
-0.0259195
-0.0255886
-0.0256549
-0.0261829
-0.0294517
-0.02502
-0.0248807
-0.0248772
-0.0251275
-0.0258817
-0.02439
-0.023657
-0.0259017
-0.0247536
-0.0192015
-0.0272002
-0.0309396
-0.0273663
-0.0258724
-0.0254103
-0.0304878
-0.026171
-0.0241895
-0.0254317
-0.0242408
-0.0247293
-0.0267353
-0.0276554
-0.0264292
-0.028252
-0.0264377
-0.03098
-0.029711
-0.0301021
-0.0301544
-0.0276759
-0.0274994
-0.0307274
-0.0362456
-0.0329555
-0.0252523
-0.0252976
-0.0268322
-0.0277132
-0.0250835
-0.0258765
-0.0247169
-0.0264791
-0.0297043
-0.0301035
-0.0247366
-0.0306587
-0.0217769
-0.0330941
-0.0222491
-0.0299103
-0.0302679
-0.0288502
-0.0281096
-0.0260164
-0.0262681
-0.0345434
-0.0318784
-0.026523
-0.0286812
-0.0290424
-0.027677
-0.0335664
-0.0309933
-0.0266805
-0.029442
-0.0293139
-0.0272013
-0.0265455
-0.0258993
-0.03091
-0.0271825
-0.0267782
-0.0245963
-0.0260094
-0.0269659
-0.0282482
-0.0284883
-0.0267884
-0.0278649
-0.0275091
-0.0289963
-0.032586
-0.0296507
-0.0140996
-0.0279899
-0.0312645
-0.0300903
-0.0342247
-0.0245071
-0.0327403
-0.0255057
-0.0297307
-0.0318264
-0.0295742
-0.0341834
-0.0290843
-0.0198719
-0.0299984
-0.0285133
-0.0271173
-0.00429648
-0.00605186
-0.0280344
-0.0295618
-0.0282771
-0.0288177
-0.0237027
-0.0241849
-0.0100362
-0.0055574
-0.0147345
-0.0176451
-0.00371573
-0.000661212
0.00259615
0.00334941
-0.00277006
-0.00748867
-0.0273051
-0.0241736
-0.00701474
-0.00793484
-0.00349425
-0.00413952
-0.00155249
0.00246978
-0.0349045
-0.0344943
-0.0355183
-0.0352508
-0.0358124
-0.0352835
-0.0337861
-0.0339269
-0.0354174
-0.0341246
-0.0310962
-0.0354174
-0.0337943
-0.0340451
-0.033324
-0.0340467
-0.0349572
-0.0302079
-0.0304733
-0.0327547
-0.0271078
-0.0341253
-0.0349274
-0.0297523
-0.0309925
-0.0302023
-0.0285305
-0.0216532
-0.0328646
-0.0325852
-0.0282184
-0.0262178
-0.030715
-0.0274737
-0.0311692
-0.0311738
-0.0303934
-0.0279676
-0.0304814
-0.0254013
-0.0294982
-0.0309298
-0.0275797
-0.0254075
-0.0274997
-0.0234652
-0.0294215
-0.0274119
-0.0286785
-0.0307446
-0.0320451
-0.0296117
-0.0295013
-0.0295234
-0.0240722
-0.0232508
-0.0378873
-0.02934
-0.0325144
-0.0244393
-0.029965
-0.0238747
-0.0291011
-0.0278818
-0.0283218
-0.0314053
-0.0227713
-0.0304571
-0.0334034
-0.0411338
-0.0293701
-0.0306266
-0.0235543
-0.0294547
-0.0294988
-0.0339785
-0.0288997
-0.0295623
-0.0269725
-0.0283183
-0.0281282
-0.0297522
-0.032352
-0.0338533
-0.0270788
-0.0344942
-0.0347316
-0.0299842
-0.0296902
-0.0284385
-0.0260895
-0.0262219
-0.0262234
-0.0275005
-0.0282443
-0.0276843
-0.0276524
-0.0270728
-0.0276474
-0.0308676
-0.0223515
-0.0310164
-0.0239918
-0.0249161
-0.025216
-0.03058
-0.0280546
-0.0310918
-0.0279656
-0.0263621
-0.0301617
-0.0322304
-0.0289779
-0.0296664
-0.0341676
-0.0328842
-0.0266606
-0.0288746
-0.0293878
-0.0292989
-0.0336838
-0.0272028
-0.0276838
-0.0266355
-0.0265088
-0.0326919
-0.0348033
-0.0300402
-0.0303173
-0.0313764
-0.0236499
-0.0273037
-0.0287266
-0.0286696
-0.00226569
-0.000857112
-0.0265903
0.000379371
-0.00235984
-0.00235693
-0.0317871
-0.0330055
0.00406648
0.00293388
-0.0340467
-0.0354777
-0.0285135
-0.0251478
-0.0348605
-0.034563
-0.032201
-0.0285781
-0.0301893
-0.0291862
-0.0289723
-0.0257934
-0.0299023
-0.0284256
-0.02806
-0.026647
-0.0122078
-0.0288395
-0.028605
-0.0296087
-0.0291133
-0.0293438
-0.026697
-0.0256937
-0.0270355
-0.0257085
-0.0245878
-0.0286801
-0.0283759
-0.0243044
-0.0251458
-0.0288193
-0.0260586
-0.0333111
-0.0323463
-0.0321537
-0.0263224
-0.0278544
-0.030844
-0.0302266
0.000198477
0.00272208
-0.0353476
-0.035879
-0.0340467
-0.0298818
-0.0301543
-0.0351695
-0.032601
-0.0328692
-0.0332188
-0.0232119
-0.0241648
-0.0274668
-0.0225169
-0.0279566
-0.0254704
-0.0265944
-0.0272853
-0.0261295
-0.0271663
-0.0276432
-0.0216455
-0.0261438
-0.0265894
-0.025559
-0.0297676
-0.0259863
-0.0246505
-0.0268509
-0.0259206
-0.0302721
-0.0300466
-0.0284024
-0.028239
-0.0282782
-0.0306999
-0.004265
-0.00055476
-0.00284169
-0.0334234
-0.0326534
-0.0352583
-0.0346635
-0.0340302
-0.035879
-0.0344117
-0.0314367
-0.0322025
-0.0234464
-0.0285505
-0.0253145
-0.0234814
-0.024216
-0.0375191
-0.0281227
-0.028623
-0.0236664
-0.0259009
-0.0276958
-0.0286639
-0.024177
-0.0259434
-0.0267903
-0.0270407
-0.0266397
-0.0248993
-0.0259508
-0.0265729
-0.0253952
-0.0252109
-0.0255671
-0.0255248
-0.0264613
-0.0271703
-0.0244673
-0.0245449
-0.0302165
-0.0276462
-0.0352212
-0.0270064
-0.0239219
-0.0260869
-0.0268852
-0.0266725
-0.00323504
-0.0265182
-0.0225048
-0.0125824
-0.0122216
-0.0355693
-0.0274414
-0.0299828
-0.0295544
-0.0322562
-0.0314234
-0.0300312
-0.0297998
-0.026127
-0.0283614
-0.0270088
-0.0262745
-0.026034
-0.0289656
-0.0302888
-0.0299752
-0.0311781
-0.0255862
-0.0269923
-0.0293712
-0.0270659
-0.0272842
-0.0318204
-0.0248706
-0.0270461
-0.0282795
-0.0317453
-0.02614
-0.0231729
-0.0242012
-0.0298389
-0.0284487
-0.0252973
-0.0305582
-0.0303086
-0.0265739
-0.0271831
-0.0348496
-0.0300122
-0.0310658
-0.0312526
-0.0295418
-0.0279168
-0.0260005
-0.0306983
-0.0295581
-0.0270452
-0.0288246
-0.0288328
-0.0283825
-0.0288106
-0.0288539
-0.0304336
-0.031049
-0.0265015
-0.025486
-0.0307559
-0.0344368
-0.0274293
-0.0244648
-0.00397696
-0.00707634
-0.0287827
0.00511179
-0.0271692
-0.0345712
-0.0294963
-0.0340441
-0.0294963
-0.0305266
-0.0308117
-0.0318468
-0.0315215
-0.0338768
-0.0260176
-0.0316009
-0.0313868
-0.0325975
-0.026712
-0.0269333
-0.028005
-0.0250847
-0.0264027
-0.0265942
-0.0368868
-0.0232426
-0.0273716
-0.0269315
-0.0279826
-0.0261481
-0.0278385
-0.0238604
-0.02756
-0.024184
-0.0254829
-0.0236606
-0.0236392
-0.0240618
-0.026089
-0.0251922
-0.0268417
-0.0256031
-0.0269257
-0.0252551
-0.0252607
-0.0280322
-0.0242272
-0.0287361
-0.0318647
-0.0269042
-0.0268341
-0.0247663
-0.0255704
-0.0263339
-0.0262274
-0.0230511
-0.0272115
-0.0223393
-0.0296266
-0.0298304
-0.0309547
-0.0302668
-0.0289846
-0.0330859
-0.0329464
-0.0296937
-0.0303483
0.00286025
0.00305881
-0.0365986
0.00125597
-0.0278064
-0.0299295
-0.0290879
-0.0292343
-0.0324939
-0.0336046
-0.0297525
-0.031118
-0.0298424
-0.0300404
-0.00433845
-0.0232106
-0.024267
0.00563613
-0.0296922
-0.0300328
-0.0264825
-0.0281993
-0.0298045
-0.029472
-0.0286833
-0.0245
-0.0296867
-0.029946
-0.0296882
-0.0290238
-0.0254005
-0.0290404
-0.0286652
-0.0284773
-0.0294119
-0.0249436
-0.0288804
-0.0293427
-0.0292938
-0.0286809
-0.0279925
-0.0291662
-0.0299312
-0.027383
-0.0300317
-0.0299989
-0.0271171
-0.0287878
-0.0248716
-0.0306458
-0.0268506
-0.0260777
-0.0292899
-0.0292294
-0.0319667
-0.0303006
-0.0304018
-0.0257219
-0.0284839
-0.0384345
-0.0285588
-0.0308029
-0.0295203
-0.0290467
-0.0298134
-0.0278409
-0.0229903
-0.0299465
-0.0290045
-0.0292229
-0.0289745
-0.0294531
-0.0313114
-0.0292108
-0.0306382
-0.0304584
-0.0288377
-0.028325
-0.030868
-0.0302011
-0.0285839
-0.0257258
-0.0302845
-0.0308987
-0.0271869
-0.0303644
-0.0240544
-0.028747
-0.0294963
-0.0231528
-0.0298043
-0.029535
-0.0308454
-0.026868
-0.0308197
-0.0309505
-0.0294148
-0.0288022
-0.0369615
-0.0297326
-0.0284099
-0.0299641
-0.0280941
-0.0265127
-0.0289706
-0.021597
-0.0195363
-0.0217075
-0.0296932
-0.0313739
-0.0251836
-0.0294631
-0.032173
-0.0290062
-0.0235559
-0.028644
-0.0311239
-0.0289573
-0.0283829
-0.03042
-0.0330725
-0.0294014
-0.0292094
-0.0328591
-0.0281047
-0.0204742
-0.0316884
-0.029746
-0.0295827
-0.0345536
-0.0351736
-0.0301603
-0.0328251
-0.0260516
-0.02873
-0.0288726
-0.0290441
-0.0237275
-0.0280693
-0.0286092
-0.0338529
-0.0275354
-0.0313584
-0.0288731
-0.0292911
-0.0294172
-0.0275626
-0.0288048
-0.0294653
-0.0282719
-0.018127
-0.00194961
-0.0290304
-0.0315247
-0.0283022
0.00236281
0.0118268
0.00384439
0.000927928
0.00454369
-0.00829694
0.00224165
-0.0304618
-0.0298424
-0.0271165
-0.0100293
-0.0306847
-0.0285638
0.00383977
-0.0296155
-0.000916579
-0.0296837
-0.0294216
-0.0258644
-0.0316323
-0.0280129
-0.0297958
-0.0299527
-0.0267994
-0.0256523
-0.0251779
-0.00253824
-0.0295519
-0.0257539
-0.0312039
-0.0313889
-0.0115213
0.0065643
-0.0281884
-0.0302786
-0.0297411
-0.0290019
-0.00104927
-0.013653
-0.0286555
-0.0309914
-0.0294299
-0.0093693
-0.03002
-0.0295791
-0.0318159
-0.00699063
-0.0306632
0.00110743
-0.00669011
-0.022517
-0.0125777
-0.0299553
-0.0289613
-0.0108839
-0.0237178
-0.0277185
-0.028731
-0.0292821
-0.0343486
-0.0292821
-0.0248767
-0.030621
-0.0255069
-0.0260205
-0.0252185
-0.0291131
-0.0302569
-0.0264214
-0.0286032
-0.0255488
-0.0195447
-0.00266051
-0.00303282
-0.0280662
-0.0309369
-0.0304736
-0.0311723
-0.00789161
-0.00326459
-0.0273635
-0.027812
-0.0291443
-0.0298773
-0.0298284
-0.0291704
-0.0259212
-0.0228464
-0.00999029
-0.0275809
-0.0270743
-0.0293828
-0.00961421
-0.00794466
-0.02889
-0.029662
-0.0270763
-0.0273529
-0.0291759
-0.0300947
-0.0291854
-0.0238521
-0.0290077
-0.0302958
-0.0286055
-0.0276694
-0.0299566
-0.0293192
-0.0278774
-0.0290143
-0.0239529
-0.0300122
-0.0322016
-0.0304834
-0.0369298
-0.0354463
-0.0281851
-0.0285651
-0.0294417
-0.0294345
-0.024942
-0.0253715
-0.027315
-0.0299163
-0.0267989
-0.0328296
-0.0335196
-0.0323374
-0.0337616
-0.032597
-0.0241657
-0.0228644
-0.0319304
-0.0331414
-0.0309844
-0.0309589
-0.0310046
-0.0290977
-0.0315915
-0.0299101
-0.0301441
-0.0289369
-0.0225179
-0.0286662
-0.0333369
-0.0266875
-0.0200825
-0.02432
-0.0279306
-0.0295046
-0.0299783
-0.0273238
-0.0236555
-0.0252192
-0.0240902
-0.0290986
-0.029499
-0.0274941
-0.0292958
-0.0289555
-0.0297526
-0.0267158
-0.0290078
-0.0308251
-0.0293893
-0.0274321
-0.0277081
-0.0309129
-0.0287159
-0.0278178
-0.0294271
-0.0301483
-0.0305127
-0.0310552
-0.0255279
-0.0259773
-0.0304058
-0.025926
-0.0293354
-0.024522
-0.0265633
-0.0258673
-0.0296788
-0.0291204
-0.0248509
-0.0250368
-0.0288399
-0.0262314
-0.0249677
-0.0284496
-0.0314093
-0.0292363
-0.0279049
-0.0278735
-0.0292892
-0.0293119
-0.0286801
-0.0255938
-0.0311809
-0.0269289
-0.0281054
-0.0258164
-0.025666
-0.0276478
-0.0247673
-0.0300943
-0.0263201
-0.029995
-0.0286801
-0.0272205
-0.028978
-0.0260803
-0.0299925
-0.0244461
-0.0348788
-0.0242715
-0.0293002
-0.0241824
-0.0237797
-0.0247302
-0.0296101
-0.0261877
-0.0292897
-0.0332808
0.000117169
-0.0343668
-0.0297277
-0.0294607
-0.0270866
-0.0269764
-0.0272964
-0.0279578
-0.0299816
-0.0253815
-0.0309061
-0.0309033
-0.0315861
-0.0274197
0.000279371
-0.0314749
-0.0291381
-0.0315332
-0.0264472
-0.0318237
-0.0302533
-0.0285698
-0.0251954
-0.028242
-0.0254456
-0.028161
-0.0369929
-0.0292348
-0.0291147
-0.0269218
-0.0273535
-0.0278371
-0.0291608
-0.0292486
-0.0301802
-0.0284727
-0.0293829
-0.0265812
-0.029196
-0.029116
-0.0298016
-0.0252189
-0.0257428
-0.0363123
-0.0336028
-0.0288865
-0.0285705
-0.0289349
-0.0303198
-0.0286371
-0.0274371
-0.0290136
-0.0298797
-0.0297287
-0.0300886
-0.027818
-0.0285613
-0.0305393
-0.0278204
-0.033051
-0.0332744
-0.0324063
-0.0329132
-0.0304933
-0.0307793
-0.0291773
-0.0289402
-0.0319755
-0.0289041
-0.0293574
-0.0295172
-0.0308141
-0.029822
-0.0282539
-0.0255693
-0.0264947
-0.0302966
-0.0250334
-0.0306627
-0.0266781
-0.0248541
-0.0269093
-0.0301665
-0.0307127
-0.0297815
-0.0293525
-0.025227
-0.0291041
-0.0296943
-0.0248573
-0.0288657
-0.0276605
-0.028328
-0.0288079
-0.0261674
-0.0228532
-0.0275495
-0.0293236
-0.0269788
-0.0256649
-0.0286309
-0.0258571
-0.0298103
-0.0322497
-0.0297524
-0.0296427
-0.0298328
-0.0268778
-0.0267869
-0.0257363
-0.0273237
-0.0307151
-0.0270176
-0.0300919
-0.0290832
-0.0297985
-0.0267336
-0.0283076
-0.0303052
-0.0308679
-0.0298738
-0.0299647
-0.0268627
-0.0307067
-0.0244772
-0.0282129
-0.029134
-0.0284272
-0.033618
-0.0270905
-0.0298214
-0.0214592
-0.025711
-0.0311874
-0.0316286
-0.0249532
-0.0259428
-0.0282907
-0.0324543
-0.0301982
-0.0239493
-0.0350133
-0.0291588
-0.0222043
-0.0276108
-0.0259032
-0.028945
-0.0302814
-0.0227501
-0.0326285
-0.0292777
-0.0325305
-0.0295169
-0.0332598
-0.0295069
-0.0294384
-0.0255108
-0.0288996
-0.0297331
-0.0296222
-0.0275622
-0.0317841
-0.0307079
-0.0294193
-0.0291138
-0.0258246
-0.0266163
-0.0275125
-0.0329502
-0.0298684
-0.0307502
-0.0282531
-0.0308727
-0.0293852
-0.0189745
-0.0297969
-0.0242588
-0.0277102
-0.0270064
-0.0265418
-0.0294
-0.029591
-0.0268497
-0.025262
-0.0299917
-0.0315829
-0.0288753
-0.0277767
-0.0298451
-0.0309492
-0.0274026
-0.0249566
-0.0255859
-0.023669
-0.0296715
-0.0293305
-0.030001
-0.034433
-0.0280898
-0.0294431
-0.0273452
-0.0240142
-0.0260136
-0.0327972
-0.0316426
-0.0213584
-0.0308422
-0.0260454
-0.0295002
-0.0296452
-0.0261709
-0.0307256
-0.0268145
-0.0258334
-0.0266994
-0.0314221
-0.0262983
-0.0282372
-0.0285545
-0.0263552
-0.0310481
-0.0290477
-0.0296301
-0.0242893
-0.0258253
-0.0272169
-0.0289138
-0.0249901
-0.0301508
-0.027629
-0.0304303
-0.0247274
-0.0241781
-0.0284847
-0.0282866
-0.0290355
-0.0352336
-0.0304879
-0.0290639
-0.0278381
-0.029249
-0.025467
-0.0267297
-0.0291207
-0.0269599
-0.0305672
-0.029441
-0.025194
-0.0283952
-0.0268003
-0.0332899
-0.0293046
-0.0255282
-0.033506
-0.0334539
-0.0278981
-0.0265718
-0.0338089
-0.029946
-0.0293064
-0.0314881
-0.0302959
-0.0266602
-0.0283626
-0.0301356
-0.0294306
-0.0291026
-0.0302505
-0.0235566
-0.0312011
-0.0277364
-0.0353406
-0.0293871
-0.0307114
-0.0266846
-0.0287612
-0.0268865
-0.0271306
-0.0277205
-0.0283216
-0.0323169
-0.0301712
-0.0274635
-0.0279721
-0.026449
-0.0299473
-0.0283949
-0.022215
-0.0264477
-0.0220165
-0.0289565
-0.0308857
-0.0261655
-0.0255183
-0.0257189
-0.0262231
-0.0320818
-0.0290882
-0.0294373
-0.026409
-0.0293107
-0.0294245
-0.0359664
-0.0276153
-0.0336824
-0.0341007
-0.0256382
-0.0289684
-0.0300599
-0.0336457
-0.0289269
-0.0293754
-0.00289034
-0.029827
-0.0304095
-0.0334498
-0.0299305
-0.0299498
-0.0343342
-0.0291262
-0.0310706
-0.0281741
-0.0321383
-0.0284562
-0.0284739
-0.0297717
-0.0293117
-0.0252012
-0.0272904
-0.0281912
-0.0280056
-0.0280178
-0.0250369
-0.0310118
-0.0252478
-0.0303697
-0.0276166
-0.0292185
-0.0284227
-0.0297172
-0.0330825
-0.0275933
-0.0290307
-0.0293283
-0.03104
-0.0295388
-0.0276925
-0.0291308
-0.0298497
-0.0235749
-0.0287261
-0.0298336
-0.0252067
-0.0292784
-0.0290208
-0.0289644
-0.0289627
-0.0306814
-0.0325538
-0.026358
-0.0118691
-0.0264134
-0.0297838
-0.0287816
-0.0221694
-0.0300672
-0.0261428
-0.0283851
-0.0272898
-0.0282845
-0.0226305
-0.0225577
-0.0299414
-0.0269391
-0.0257058
-0.0312275
-0.0267413
-0.0297122
-0.0275891
-0.0309684
-0.0295797
-0.027707
-0.0142808
-0.0292484
-0.0224365
-0.0297074
-0.0295935
-0.0300094
-0.0323114
-0.0288039
-0.029926
-0.0336716
-0.0297904
-0.0308211
-0.0288586
-0.0297608
-0.0294125
-0.0241302
-0.0247028
-0.0283972
-0.0276801
-0.0255527
-0.032398
-0.0238652
-0.0306308
-0.0320308
-0.0268673
-0.0236759
-0.0297227
-0.0337298
-0.0271814
-0.0283829
-0.02529
-0.0255781
-0.0243467
-0.028608
-0.022574
-0.0283545
-0.0270333
-0.0292994
-0.0280936
-0.0297511
-0.0343272
-0.0256797
-0.0305022
-0.0100078
-0.0354848
-0.0287746
-0.0306191
-0.029836
-0.0260356
-0.0295446
-0.0291088
-0.030499
-0.0362892
-0.0313723
-0.03413
-0.0320311
-0.0239178
-0.0172783
-0.0274887
-0.0299122
-0.0346586
-0.0190426
-0.030039
-0.019992
-0.0200667
-0.0320317
-0.0288703
-0.0287456
-0.0331355
-0.0263491
-0.0346211
-0.0260184
-0.0278719
-0.0261398
-0.0293694
-0.0295431
-0.0307565
-0.0301962
-0.0274266
-0.0275084
-0.0318821
-0.0302749
-0.0284245
-0.029107
-0.0282099
-0.0291823
-0.0283421
-0.0301139
-0.0171133
-0.0216642
-0.027434
-0.0233755
-0.0114268
-0.0344334
-0.0303032
-0.0303969
-0.0278994
-0.0296017
-0.0290718
-0.0247851
-0.0285636
-0.0293266
-0.0257489
-0.0253792
-0.0296617
-0.0293469
-0.0291453
-0.0312851
-0.0299435
-0.0282922
-0.0298389
-0.0198853
-0.0264696
-0.0267045
-0.0323024
-0.0343717
-0.0292715
-0.0266344
-0.0206008
-0.0334438
-0.0298746
-0.0282217
-0.0252845
-0.0309892
-0.0334753
-0.028366
-0.0309068
-0.0310796
-0.0263624
-0.0293005
-0.0296398
-0.0270803
-0.0285854
-0.0283721
-0.0274009
-0.0323564
-0.0299929
-0.0287396
-0.0290952
-0.0255749
-0.0267714
-0.0254368
-0.0268099
-0.0297936
-0.034564
-0.0308905
-0.0278619
-0.0288427
-0.026952
-0.0264194
-0.0299105
-0.0306069
-0.0256744
-0.0294428
-0.0288426
-0.0291891
-0.00871466
-0.00950552
-0.0211738
-0.0276393
-0.0275642
-0.0297418
-0.0295104
-0.0268102
-0.024631
-0.0335956
-0.0262941
-0.0314465
-0.0242985
-0.0308301
-0.0350258
-0.0292861
-0.0241363
-0.0295152
-0.028504
-0.0291227
-0.0299234
-0.0289196
-0.0342587
-0.0300957
-0.0282145
-0.0270997
-0.0288822
-0.0295291
-0.0264049
-0.0254667
-0.0282918
-0.029275
-0.0265918
-0.0304528
-0.0283024
-0.0279092
-0.0302157
-0.0261809
-0.0311282
-0.0304552
-0.0281913
-0.0298158
-0.0282965
-0.0308911
-0.0292724
-0.0295111
-0.0286644
-0.0275623
-0.0293374
-0.028167
-0.0313641
-0.0307206
-0.0276461
-0.0292589
-0.0285258
-0.0305843
-0.0291034
-0.0325701
-0.0312457
-0.0281865
-0.0135408
-0.0248749
-0.0344787
-0.031497
-0.0312516
-0.027938
-0.0279504
-0.0384201
-0.0322727
-0.0282427
-0.0292709
-0.030007
-0.0278132
-0.026359
-0.0262824
-0.0307074
-0.0316156
-0.024518
-0.0301623
-0.0299887
-0.0285421
-0.0257081
-0.0304299
-0.026452
-0.030679
-0.0298702
-0.0297137
-0.0304328
-0.0350502
-0.028916
-0.0292175
-0.0299688
-0.0281969
-0.0264874
-0.0297015
-0.0292225
-0.0288594
-0.029102
-0.0308298
-0.0281717
-0.0258365
-0.0337368
-0.0198622
-0.0309957
-0.0241147
-0.0276826
-0.0316294
-0.0272803
-0.0275965
-0.0302027
-0.032418
-0.0264572
-0.0298186
-0.0322501
-0.029084
-0.0296614
-0.0229372
-0.0276492
-0.0273763
-0.0269966
-0.0296596
-0.0267245
-0.0267083
-0.0276077
-0.0313275
-0.0289909
-0.0285305
-0.0292115
-0.0283344
-0.0290723
-0.0297651
-0.0318505
-0.0312902
-0.0292577
-0.0298351
-0.0290864
-0.0304442
-0.0298126
-0.0282951
-0.0303802
-0.0301114
-0.0317543
-0.0291042
-0.028277
-0.0288473
-0.0247907
-0.0283955
-0.0306613
-0.0306852
-0.0294153
-0.0295032
-0.0279319
-0.0260891
-0.0299438
-0.0252091
-0.0334405
-0.0316657
-0.03483
-0.0280784
-0.0302153
-0.0285239
-0.0306353
-0.0280142
-0.0318922
-0.0324253
-0.0293843
-0.0305122
-0.0294138
-0.0362287
-0.0268769
-0.0236432
-0.0278098
-0.0317438
-0.028083
-0.0336091
-0.0263738
-0.0260342
-0.0325922
-0.027142
-0.0294633
-0.0285991
-0.0297156
-0.0273233
-0.0268588
-0.0271274
-0.0284037
-0.0260571
-0.0283734
-0.0310891
-0.0291249
-0.0301371
-0.0256363
-0.02572
-0.0289395
-0.0288076
-0.0322504
-0.0354318
-0.0303366
-0.0295963
-0.0255063
-0.0294617
-0.0265183
-0.0246488
-0.0303745
-0.0297269
-0.0273114
-0.0261541
-0.0314931
-0.025852
-0.0272576
-0.0282547
-0.0282141
-0.0288904
-0.0297617
-0.0301678
-0.030221
-0.0269237
-0.0297362
-0.0295091
-0.0289782
-0.025234
-0.0294937
-0.0304584
-0.0288273
-0.0249728
-0.028294
-0.0288977
-0.0289961
-0.0291053
-0.0308799
-0.0295847
-0.026124
-0.0280011
-0.0289975
-0.0312883
-0.0270635
-0.0267481
-0.0304239
-0.0293082
-0.0281812
-0.0295865
-0.0244667
-0.0237407
-0.0331686
-0.0311862
-0.0232894
-0.0300892
-0.0308254
-0.031222
-0.0275757
-0.0294617
-0.0371705
-0.0293353
-0.0295666
-0.0300807
-0.0334274
-0.031127
-0.0296411
-0.0301281
-0.0240131
-0.0285856
-0.0275983
-0.0274521
-0.0266904
-0.0336324
-0.028959
-0.0294529
-0.0294777
-0.0296975
-0.0292724
-0.0329049
-0.0311481
-0.0288674
-0.0295261
-0.0302429
-0.0268187
-0.0302841
-0.0312653
-0.0293346
-0.0310876
-0.0341847
-0.0283391
-0.0256858
-0.0293425
-0.0335254
-0.0284157
-0.027212
-0.0301349
-0.0291946
-0.0292656
-0.0292586
-0.0297296
-0.0364387
-0.0284247
-0.0291343
-0.0259074
-0.0282284
-0.0288095
-0.0293766
-0.0299109
-0.0291159
-0.0257858
-0.0281603
-0.0302307
-0.0289785
-0.0332202
-0.0118574
-0.0297269
-0.0348339
-0.0325542
-0.0306567
-0.0296088
-0.0257585
-0.0293512
-0.0288888
-0.0301314
-0.0252851
-0.029075
-0.032656
-0.031471
-0.0292382
-0.0301656
-0.0243805
-0.030401
-0.0323681
-0.0285082
-0.0273958
-0.0273074
-0.0305184
-0.0290717
-0.0295533
-0.0279617
-0.0272736
-0.0284119
-0.0305589
-0.0280501
-0.0258497
-0.0289222
-0.0306908
-0.0294131
-0.029464
-0.0241015
-0.02929
-0.0300364
-0.0251242
-0.028758
-0.0300132
-0.0281669
-0.0248627
-0.0287258
-0.0293581
-0.0281296
-0.0286139
-0.0303158
-0.0279215
-0.0290857
-0.0296541
-0.00659403
-0.0310254
-0.0329001
-0.0203136
-0.0272226
-0.028461
-0.0286431
-0.0302055
-0.0196154
-0.0269784
-0.0280632
-0.0287884
-0.0246045
-0.0339917
-0.025834
-0.0302463
-0.0284676
-0.0294127
-0.0250739
-0.0294178
-0.0249983
-0.0339282
-0.0201476
-0.0299794
-0.0290837
-0.0289784
-0.0290924
-0.0266982
-0.0340239
-0.0285524
-0.0251054
-0.0282366
-0.0330193
-0.0284282
-0.0266686
-0.0234928
-0.0304228
-0.0290976
-0.025864
-0.0317723
-0.03071
-0.0298453
-0.0307959
-0.0290651
-0.0296294
-0.0296326
-0.0302455
-0.0288785
-0.0248814
-0.0275699
-0.0293291
-0.0278621
-0.0251339
-0.0272944
-0.0297742
-0.0259126
-0.0240984
-0.0296062
-0.0289407
-0.0278047
-0.0297516
-0.0295133
-0.0284225
-0.0292863
-0.0312393
-0.0295489
-0.029157
-0.028129
-0.0295106
-0.0306172
-0.0300142
-0.031295
-0.0308872
-0.0287161
-0.0264312
-0.028414
-0.0308738
-0.0285887
-0.0315404
-0.0303631
-0.0307742
-0.0290578
-0.0290525
-0.0294762
-0.0256898
-0.0297566
-0.0267391
-0.0330613
-0.0268813
-0.018623
-0.0180578
-0.0294287
-0.0277867
-0.0274327
-0.0272592
-0.0279609
-0.0277188
-0.0323507
-0.0269176
-0.0283754
-0.0303087
-0.0320833
-0.0271685
-0.028277
-0.032866
-0.0307319
-0.0324312
-0.0302131
-0.0306973
-0.0285526
-0.0330809
-0.0302826
-0.0338535
-0.0306878
-0.0265866
-0.0303909
-0.0328706
-0.0303587
-0.0312598
-0.0292409
-0.0273431
-0.0291755
-0.030443
-0.0284342
-0.0282765
-0.0321207
-0.0235652
-0.0232724
-0.0263316
-0.026113
-0.0252394
-0.0231283
-0.0319033
-0.0298792
-0.0287037
-0.0275554
-0.0264969
-0.0255297
-0.0249194
-0.0299911
-0.0256284
-0.0296714
-0.0271358
-0.0306728
-0.0257727
-0.0265742
-0.0280926
-0.0292288
-0.0286776
-0.0341061
-0.0237109
-0.0306524
-0.0246277
-0.0287482
-0.0260766
-0.0275073
-0.030071
-0.0308193
-0.0257136
-0.0263605
-0.0306198
-0.035038
-0.025564
-0.0297376
-0.0297549
-0.0314633
-0.0284339
-0.0286311
-0.0290068
-0.0268333
-0.0328327
-0.0291256
-0.0290559
-0.0266843
-0.0287347
-0.027888
-0.0270135
-0.0319374
-0.0342148
-0.0274627
-0.0288592
-0.0284025
-0.0273706
-0.0289047
-0.0300222
-0.0291224
-0.0285885
-0.0276956
-0.0269292
-0.0275969
-0.0299161
-0.0295109
-0.0290002
-0.0228899
-0.0248036
-0.024921
-0.0300615
-0.0299171
-0.0296784
-0.0270805
-0.0358487
-0.0320333
-0.0261198
-0.0174253
-0.0273006
-0.0241605
-0.0311019
-0.0316157
-0.0285867
-0.0296943
-0.02742
-0.0295674
-0.0296049
-0.0273397
-0.0261179
-0.0284073
-0.0297329
-0.0262795
-0.0251552
-0.0286118
-0.0305402
-0.0239642
-0.0302865
-0.026297
-0.0270714
-0.0282641
-0.0259412
-0.0242739
-0.0299166
-0.0246944
-0.0291961
-0.0266644
-0.0331214
-0.0291108
-0.0301632
-0.0289074
-0.0247154
-0.0289476
-0.0288044
-0.0255597
-0.0299863
-0.0289472
-0.0294163
-0.0305266
-0.031843
-0.0275391
-0.0287312
-0.0259795
-0.0286202
-0.0337189
-0.0268322
-0.0344984
-0.0356218
-0.0227384
-0.0290984
-0.0300697
-0.0303087
-0.0302707
-0.0276898
-0.0292303
-0.0275411
-0.0367239
-0.0272138
-0.0313043
-0.0270913
-0.0268527
-0.0296207
-0.0289395
-0.0297156
-0.0303316
-0.0300973
-0.0290537
-0.0295332
-0.0263679
-0.027587
-0.0311533
-0.0300512
-0.0278323
