# vtk DataFile Version 3.0
time 0.7
ASCII
DATASET UNSTRUCTURED_GRID
POINTS 634 float
-1.81074 -0.905371 -6.3 -1.78885 -0.894427 -7 -1.43152 -1.43152 -6.3 
-1.41421 -1.41421 -7 -2.02447 0 -6.3 -2 0 -7 
-1.81074 0.905371 -6.3 -1.78885 0.894427 -7 -1.43152 1.43152 -6.3 
-1.41421 1.41421 -7 -1.48174 -1.48174 -5.6 -1.87426 -0.937132 -5.6 
-2.09549 0 -5.6 -1.87426 0.937132 -5.6 -1.48174 1.48174 -5.6 
-1.9732 -0.986601 -4.9 -1.55995 -1.55995 -4.9 -2.20611 0 -4.9 
-1.9732 0.986601 -4.9 -1.55995 1.55995 -4.9 -1.65851 -1.65851 -4.2 
-2.09787 -1.04894 -4.2 -2.34549 0 -4.2 -2.09787 1.04894 -4.2 
-1.65851 1.65851 -4.2 -2.23607 -1.11803 -3.5 -1.76777 -1.76777 -3.5 
-2.5 0 -3.5 -2.23607 1.11803 -3.5 -1.76777 1.76777 -3.5 
-1.87702 -1.87702 -2.8 -2.37426 -1.18713 -2.8 -2.65451 0 -2.8 
-2.37426 1.18713 -2.8 -1.87702 1.87702 -2.8 -2.49893 -1.24947 -2.1 
-1.97558 -1.97558 -2.1 -2.79389 0 -2.1 -2.49893 1.24947 -2.1 
-1.97558 1.97558 -2.1 -2.0538 -2.0538 -1.4 -2.59787 -1.29894 -1.4 
-2.90451 0 -1.4 -2.59787 1.29894 -1.4 -2.0538 2.0538 -1.4 
-2.10402 -2.10402 -0.7 -2.66139 -1.3307 -0.7 -2.97553 0 -0.7 
-2.66139 1.3307 -0.7 -2.10402 2.10402 -0.7 -2.68328 -1.34164 0 
-2.12132 -2.12132 0 -3 0 0 -2.68328 1.34164 0 
-2.12132 2.12132 0 -2.66139 -1.3307 0.7 -2.10402 -2.10402 0.7 
-2.97553 0 0.7 -2.66139 1.3307 0.7 -2.10402 2.10402 0.7 
-2.0538 -2.0538 1.4 -2.59787 -1.29894 1.4 -2.90451 0 1.4 
-2.59787 1.29894 1.4 -2.0538 2.0538 1.4 -1.97558 -1.97558 2.1 
-2.49893 -1.24947 2.1 -2.79389 0 2.1 -2.49893 1.24947 2.1 
-1.97558 1.97558 2.1 -2.37426 -1.18713 2.8 -1.87702 -1.87702 2.8 
-2.65451 0 2.8 -2.37426 1.18713 2.8 -1.87702 1.87702 2.8 
-1.76777 -1.76777 3.5 -2.23607 -1.11803 3.5 -2.5 0 3.5 
-2.23607 1.11803 3.5 -1.76777 1.76777 3.5 -2.09787 -1.04894 4.2 
-1.65851 -1.65851 4.2 -2.34549 0 4.2 -2.09787 1.04894 4.2 
-1.65851 1.65851 4.2 -1.55995 -1.55995 4.9 -1.9732 -0.986601 4.9 
-2.20611 0 4.9 -1.9732 0.986601 4.9 -1.55995 1.55995 4.9 
-1.87426 -0.937132 5.6 -1.48174 -1.48174 5.6 -2.09549 0 5.6 
-1.87426 0.937132 5.6 -1.48174 1.48174 5.6 -1.43152 -1.43152 6.3 
-1.81074 -0.905371 6.3 -2.02447 0 6.3 -1.81074 0.905371 6.3 
-1.43152 1.43152 6.3 -1.78885 -0.894427 7 -1.41421 -1.41421 7 
-2 0 7 -1.78885 0.894427 7 -1.41421 1.41421 7 
1.81074 -0.905371 -6.3 1.43152 -1.43152 -6.3 1.78885 -0.894427 -7 
1.41421 -1.41421 -7 1.48174 -1.48174 -5.6 1.87426 -0.937132 -5.6 
1.9732 -0.986601 -4.9 1.55995 -1.55995 -4.9 1.65851 -1.65851 -4.2 
2.09787 -1.04894 -4.2 2.23607 -1.11803 -3.5 1.76777 -1.76777 -3.5 
1.87702 -1.87702 -2.8 2.37426 -1.18713 -2.8 2.49893 -1.24947 -2.1 
1.97558 -1.97558 -2.1 2.0538 -2.0538 -1.4 2.59787 -1.29894 -1.4 
2.10402 -2.10402 -0.7 2.66139 -1.3307 -0.7 2.68328 -1.34164 0 
2.12132 -2.12132 0 2.66139 -1.3307 0.7 2.10402 -2.10402 0.7 
2.0538 -2.0538 1.4 2.59787 -1.29894 1.4 1.97558 -1.97558 2.1 
2.49893 -1.24947 2.1 2.37426 -1.18713 2.8 1.87702 -1.87702 2.8 
1.76777 -1.76777 3.5 2.23607 -1.11803 3.5 2.09787 -1.04894 4.2 
1.65851 -1.65851 4.2 1.55995 -1.55995 4.9 1.9732 -0.986601 4.9 
1.87426 -0.937132 5.6 1.48174 -1.48174 5.6 1.43152 -1.43152 6.3 
1.81074 -0.905371 6.3 1.78885 -0.894427 7 1.41421 -1.41421 7 
2.02447 0 -6.3 2 0 -7 2.09549 0 -5.6 
2.20611 0 -4.9 2.34549 0 -4.2 2.5 0 -3.5 
2.65451 0 -2.8 2.79389 0 -2.1 2.90451 0 -1.4 
2.97553 0 -0.7 3 0 0 2.97553 0 0.7 
2.90451 0 1.4 2.79389 0 2.1 2.65451 0 2.8 
2.5 0 3.5 2.34549 0 4.2 2.20611 0 4.9 
2.09549 0 5.6 2.02447 0 6.3 2 0 7 
1.81074 0.905371 -6.3 1.78885 0.894427 -7 1.87426 0.937132 -5.6 
1.9732 0.986601 -4.9 2.09787 1.04894 -4.2 2.23607 1.11803 -3.5 
2.37426 1.18713 -2.8 2.49893 1.24947 -2.1 2.59787 1.29894 -1.4 
2.66139 1.3307 -0.7 2.68328 1.34164 0 2.66139 1.3307 0.7 
2.59787 1.29894 1.4 2.49893 1.24947 2.1 2.37426 1.18713 2.8 
2.23607 1.11803 3.5 2.09787 1.04894 4.2 1.9732 0.986601 4.9 
1.87426 0.937132 5.6 1.81074 0.905371 6.3 1.78885 0.894427 7 
1.43152 1.43152 -6.3 1.41421 1.41421 -7 1.48174 1.48174 -5.6 
1.55995 1.55995 -4.9 1.65851 1.65851 -4.2 1.76777 1.76777 -3.5 
1.87702 1.87702 -2.8 1.97558 1.97558 -2.1 2.0538 2.0538 -1.4 
2.10402 2.10402 -0.7 2.12132 2.12132 0 2.10402 2.10402 0.7 
2.0538 2.0538 1.4 1.97558 1.97558 2.1 1.87702 1.87702 2.8 
1.76777 1.76777 3.5 1.65851 1.65851 4.2 1.55995 1.55995 4.9 
1.48174 1.48174 5.6 1.43152 1.43152 6.3 1.41421 1.41421 7 
-0.905371 -1.81074 -6.3 -0.894427 -1.78885 -7 -0.937132 -1.87426 -5.6 
-0.986601 -1.9732 -4.9 -1.04894 -2.09787 -4.2 -1.11803 -2.23607 -3.5 
-1.18713 -2.37426 -2.8 -1.24947 -2.49893 -2.1 -1.29894 -2.59787 -1.4 
-1.3307 -2.66139 -0.7 -1.34164 -2.68328 0 -1.3307 -2.66139 0.7 
-1.29894 -2.59787 1.4 -1.24947 -2.49893 2.1 -1.18713 -2.37426 2.8 
-1.11803 -2.23607 3.5 -1.04894 -2.09787 4.2 -0.986601 -1.9732 4.9 
-0.937132 -1.87426 5.6 -0.905371 -1.81074 6.3 -0.894427 -1.78885 7 
0 -2.02447 -6.3 0 -2 -7 0 -2.09549 -5.6 
0 -2.20611 -4.9 0 -2.34549 -4.2 0 -2.5 -3.5 
0 -2.65451 -2.8 0 -2.79389 -2.1 0 -2.90451 -1.4 
0 -2.97553 -0.7 0 -3 0 0 -2.97553 0.7 
0 -2.90451 1.4 0 -2.79389 2.1 0 -2.65451 2.8 
0 -2.5 3.5 0 -2.34549 4.2 0 -2.20611 4.9 
0 -2.09549 5.6 0 -2.02447 6.3 0 -2 7 
0.905371 -1.81074 -6.3 0.894427 -1.78885 -7 0.937132 -1.87426 -5.6 
0.986601 -1.9732 -4.9 1.04894 -2.09787 -4.2 1.11803 -2.23607 -3.5 
1.18713 -2.37426 -2.8 1.24947 -2.49893 -2.1 1.29894 -2.59787 -1.4 
1.3307 -2.66139 -0.7 1.34164 -2.68328 0 1.3307 -2.66139 0.7 
1.29894 -2.59787 1.4 1.24947 -2.49893 2.1 1.18713 -2.37426 2.8 
1.11803 -2.23607 3.5 1.04894 -2.09787 4.2 0.986601 -1.9732 4.9 
0.937132 -1.87426 5.6 0.905371 -1.81074 6.3 0.894427 -1.78885 7 
-0.905371 1.81074 -6.3 -0.894427 1.78885 -7 0 2.02447 -6.3 
0 2 -7 0.905371 1.81074 -6.3 0.894427 1.78885 -7 
-0.937132 1.87426 -5.6 0 2.09549 -5.6 0.937132 1.87426 -5.6 
-0.986601 1.9732 -4.9 0 2.20611 -4.9 0.986601 1.9732 -4.9 
-1.04894 2.09787 -4.2 0 2.34549 -4.2 1.04894 2.09787 -4.2 
-1.11803 2.23607 -3.5 0 2.5 -3.5 1.11803 2.23607 -3.5 
-1.18713 2.37426 -2.8 0 2.65451 -2.8 1.18713 2.37426 -2.8 
-1.24947 2.49893 -2.1 0 2.79389 -2.1 1.24947 2.49893 -2.1 
-1.29894 2.59787 -1.4 0 2.90451 -1.4 1.29894 2.59787 -1.4 
-1.3307 2.66139 -0.7 0 2.97553 -0.7 1.3307 2.66139 -0.7 
-1.34164 2.68328 0 0 3 0 1.34164 2.68328 0 
-1.3307 2.66139 0.7 0 2.97553 0.7 1.3307 2.66139 0.7 
-1.29894 2.59787 1.4 0 2.90451 1.4 1.29894 2.59787 1.4 
-1.24947 2.49893 2.1 0 2.79389 2.1 1.24947 2.49893 2.1 
-1.18713 2.37426 2.8 0 2.65451 2.8 1.18713 2.37426 2.8 
-1.11803 2.23607 3.5 0 2.5 3.5 1.11803 2.23607 3.5 
-1.04894 2.09787 4.2 0 2.34549 4.2 1.04894 2.09787 4.2 
-0.986601 1.9732 4.9 0 2.20611 4.9 0.986601 1.9732 4.9 
-0.937132 1.87426 5.6 0 2.09549 5.6 0.937132 1.87426 5.6 
-0.905371 1.81074 6.3 0 2.02447 6.3 0.905371 1.81074 6.3 
-0.894427 1.78885 7 0 2 7 0.894427 1.78885 7 
-1 -1 -7 0 -1 -7 1 -1 -7 
-1 0 -7 0 0 -7 1 0 -7 
-1 1 -7 0 1 -7 1 1 -7 
-1 -1 7 -1 0 7 -1 1 7 
0 -1 7 0 0 7 0 1 7 
1 -1 7 1 0 7 1 1 7 
-0.325305 -0.861645 -5.86441 0.809297 -0.591624 -5.56173 0.0419377 -0.157947 -3.69029 
0.508618 0.354434 -5.80009 -0.0713939 0.493947 -4.32966 -0.589488 0.944986 -3.5642 
0.605508 -0.506243 -4.39605 -0.166342 0.263427 -3.11827 0.658816 0.680957 -3.92323 
-0.0353748 -1.05437 0.182354 0.123369 -0.0589432 -0.488 -1.02148 -0.0141634 -0.467749 
-0.290637 0.0774161 0.421376 -0.981709 0.559543 1.12842 -0.495738 -0.292948 3.14203 
0.708367 0.225303 3.43531 -0.718287 0.400354 2.84821 -0.142085 0.228319 4.20245 
-0.335064 -0.0210953 1.30746 0.689745 0.641188 4.78352 -0.398463 0.986455 5.64659 
-0.292843 -0.319334 4.73817 0.584365 0.112936 4.60246 -0.368634 -1.23351 5.58472 
0.290416 0.54655 5.45396 0.801165 -0.37862 5.51075 0.510849 0.28368 -3.38316 
0.309341 -0.787323 -1.37038 0.340261 0.036911 -1.99143 0.356608 -0.289375 0.966089 
0.453394 0.49107 0.453525 0.67138 0.292702 1.53463 0.670619 -0.679152 6.51114 
1.43944 0.0698506 -2.39764 0.427801 0.607559 6.32788 -0.878666 -0.323176 -3.68299 
-0.383394 0.186032 -3.67087 -0.0693023 0.309394 -3.63207 0.247485 -0.807901 -2.8784 
-0.727269 -0.0327876 -1.65616 -1.00286 -0.505801 0.67995 -0.185185 -0.828891 2.34683 
-0.758144 -0.047508 3.94098 -0.44244 0.142732 5.08812 0.109048 0.34236 2.37671 
-0.330175 -0.6169 4.31739 0.354466 -0.611589 4.2618 0.816111 -0.471606 4.34316 
0.109851 0.0525366 5.05881 0.828031 0.245984 5.45163 1.39504 -0.494954 -3.15975 
-1.01891 -0.182249 -5.96964 -1.28535 -0.499338 -5.15888 -0.135984 -1.39515 -5.71485 
-1.44596 0.490052 -6.108 -1.32641 1.1906 -5.36026 -0.36764 1.23122 -5.95728 
-1.53518 0.57976 -5.52318 -0.665727 -1.65997 -5.25634 -1.18748 -1.08586 -4.41291 
-0.934744 1.25386 -4.9748 -1.37871 -1.40002 -3.85561 -1.50715 0.644289 -3.58864 
-1.63609 -1.22798 -2.86244 -0.806833 -1.56753 -3.52533 -1.15654 1.18758 -2.6963 
-0.827968 -1.31768 -2.60901 -1.92908 -0.532984 -2.5146 -1.80016 -0.933355 -1.67153 
-1.97324 0.286905 -1.88576 -0.990434 -1.98709 -2.11719 -2.00457 -0.0110248 -0.718969 
-1.44966 1.16993 -1.67359 -1.79355 -1.04596 -0.260821 -1.24421 -1.96436 -0.145389 
-1.02691 1.45054 -0.77004 -1.88639 0.700179 -0.0547507 -0.773936 -2.59981 0.0282595 
-1.86634 -1.26579 0.581274 -1.65207 1.2765 0.444281 -0.91651 2.36204 0.200358 
-0.659775 1.39596 0.719692 -2.0282 -0.232824 1.89794 -1.80551 -0.151049 1.05502 
-1.45188 1.94586 1.14624 -1.2951 -1.48145 1.6748 -1.20953 -1.9198 0.822534 
-1.51201 1.04155 2.48726 -0.810381 1.63716 1.69371 -1.30458 -0.243947 2.23866 
-1.42336 0.0473141 3.23234 -1.27903 -1.05332 3.43219 -1.57675 0.62873 3.49641 
-1.90173 1.06914 3.41505 -0.268378 -1.64434 3.71638 -1.84677 -0.315238 3.90112 
-0.590391 1.5367 3.09023 -0.507735 1.09892 4.03563 -1.48552 -0.668275 4.53784 
-1.49226 0.321694 4.28722 -1.73217 0.470502 4.82722 -0.915774 1.34116 4.58728 
-0.673227 -1.28345 4.95702 -1.59048 -0.460982 5.17467 -1.14401 -0.887293 5.21663 
-0.78374 1.53223 5.56268 -1.25578 0.774144 5.38781 -0.949537 -0.0345606 4.7587 
-1.46226 0.330688 6.29568 -0.894621 -1.42771 5.92923 -0.0103566 1.43683 6.18903 
1.18828 0.0850052 -5.96911 1.51257 0.103077 -6.24454 0.499661 -1.36265 -5.78721 
0.983107 -1.23146 -5.20108 1.29105 -0.923333 -4.58766 1.34316 -0.120597 -4.90902 
0.26647 -1.6356 -4.77636 0.379301 -1.49619 -3.87241 1.50068 0.191528 -4.13118 
1.99028 0.166773 -1.13276 0.770651 -2.61325 -0.00273539 1.65748 -1.20136 0.626472 
2.03037 0.302553 0.366802 1.43614 -0.379364 1.53247 1.18817 -1.28832 2.55718 
0.549595 -1.78806 1.58801 1.43132 -1.49522 3.15296 1.5704 -0.164716 2.86894 
1.24093 -0.955496 4.45502 1.0011 -1.16045 3.77436 0.449806 -1.19109 3.19699 
1.6331 -0.139201 4.07647 1.20058 -0.440205 4.66992 0.242084 -1.19638 5.0889 
1.31426 -1.05541 5.01393 0.529011 -1.65252 5.39836 1.8573 -0.131909 5.30417 
1.42617 -0.158159 5.4927 0.295624 -1.47774 6.0343 1.39872 -0.069432 6.19815 
1.14955 0.67582 -4.98048 1.42898 0.870556 -3.14375 1.41905 1.09287 -1.84571 
1.6254 0.580576 3.94093 1.30629 0.434306 5.22218 0.990117 1.08214 -6.05482 
1.40632 1.20818 -4.01085 1.95691 1.09066 -0.599718 1.383 1.24249 0.155188 
1.10818 1.36131 1.5885 1.12637 1.19922 3.53166 1.14116 0.894557 4.49588 
0.309905 1.36186 -5.98938 0.697749 1.34414 -5.17392 0.551954 1.64075 -4.31479 
0.296604 1.54531 -3.54392 0.0865556 1.87053 -1.6795 1.34891 1.55265 -0.843203 
0.209409 1.98367 -0.0473118 1.29822 1.90576 0.877642 0.0600732 1.29508 2.52635 
0.431116 1.69037 3.55547 -0.124466 -1.40586 -6.4827 -0.280696 -1.97987 -3.05368 
0.812336 -1.78022 -1.27896 -0.168581 -1.87267 2.98757 -0.110106 -1.55426 4.2738 
-0.557998 1.65882 -2.71551 0.0297029 2.46264 -1.54091 0.0297766 2.15902 1.61353 
0.340149 1.67135 4.37305 0.212786 1.06348 -5.02343 0.0129866 1.06743 -3.07178 
-0.58727 0.846266 -1.03657 0.541508 0.786673 -1.15619 0.325937 0.784363 4.11662 
-1.19707 -0.724994 5.81363 0.5986 -0.851891 4.97349 -0.98288 0.954361 -5.97834 
-0.219495 -2.04642 0.549066 1.24255 0.354105 -0.61988 -0.927352 -1.38784 4.35419 
-0.00531514 0.794787 -0.220726 -1.21692 -0.792015 -0.778803 -0.916665 -0.728732 -1.42054 
1.16357 -1.21501 -2.3786 1.26524 0.221694 4.74757 -0.539492 -2.02369 -2.53792 
-0.282378 1.65963 5.33302 -0.47689 1.46003 -4.21358 -0.558096 -1.08391 3.53089 
0.799381 -1.25686 5.30901 -0.0776176 -1.85527 4.92511 -0.370109 -0.660183 -2.1495 
-1.81018 0.0763047 -3.31087 0.89839 0.904959 -5.57194 0.12054 -1.01188 -4.61095 
-0.826686 -0.947723 4.61667 -1.37879 -0.217178 -1.46716 -0.171206 1.42763 -5.24491 
-0.236786 -1.09194 4.63898 0.173593 1.82105 5.48359 0.0258099 -1.84135 -2.17145 
0.571905 0.944618 -5.40269 -0.160568 0.952807 3.755 0.0995867 1.47461 -0.658388 
0.0467445 1.29312 -1.1566 -0.169839 1.06588 -3.72603 -0.145199 -1.45834 4.63883 
-0.0709641 1.13486 5.03141 0.284008 1.19332 -4.11697 -0.124558 -1.65166 4.95879 
1.17358 -0.0130872 5.09838 0.0434631 1.14183 -0.769464 0.379985 1.34444 4.05268 
1.78171 0.993661 4.48066 0.135564 -1.30063 -1.87672 -0.0449049 1.32765 -3.96728 
-0.150989 -1.51824 4.94965 1.84706 0.403041 4.35894 -1.47396 -0.452383 -2.0986 
1.61525 0.64458 4.39171 -0.29876 -1.00039 -2.25873 -0.353206 0.845471 -4.14855 
-0.832121 0.899131 -4.48564 -0.56687 -1.51519 -2.05537 -1.86513 0.703354 -2.37592 
0.402907 1.71371 5.15876 1.60274 0.261187 4.5922 1.67349 0.2033 4.2798 
0.176951 1.67522 4.96826 1.4857 0.119356 4.93326 0.00959429 0.956646 -0.928323 
-0.182296 -1.40808 4.98006 -1.73257 1.15075 -2.4908 1.54859 0.20351 4.37174 
-0.212025 -1.31521 4.99823 1.63564 -0.012941 4.87127 1.49945 -0.152285 4.73629 
1.37718 -0.124389 4.96798 1.80751 0.107048 4.50119 1.58637 -0.0127604 4.54999 
-1.30751 0.420367 -4.86595 -1.53231 0.750669 -5.06449 -1.40331 0.952181 -4.42354 
-1.11878 1.00692 -3.91377 -1.75611 -0.980673 -3.82435 -0.763815 -1.60774 -1.29898 
-1.52548 -1.48171 -1.11463 1.63867 -0.872727 -1.73964 0.844573 1.68175 4.94058 
0.49892 1.06505 4.98969 -0.803321 0.325739 -5.64711 -0.430064 -1.20847 1.31638 
-0.602774 -0.34118 2.05565 -0.960508 -0.381026 3.72584 -0.721882 0.473329 4.19381 
-1.18109 -1.30149 0.697898 1.16051 -1.79315 -0.0453505 -0.174514 1.36139 4.60569 
0.0957059 1.53585 4.70654 -0.955722 0.195233 4.29142 -1.76951 -0.0123034 -4.77236 
-0.643958 -1.03268 -1.75875 -0.425685 -1.28294 -1.88644 -1.5592 -0.289679 -4.08435 
-1.54424 -0.370636 -4.51313 -1.70323 0.101481 -4.33624 -1.8647 0.448841 -4.39504 
1.85926 -0.915127 -0.570317 0.971254 -0.547504 -0.10987 1.11532 -0.452887 -1.04648 
1.65208 0.104689 4.43449 1.64987 -0.594359 4.79541 -0.172688 1.27926 -4.64097 
1.33536 -0.642987 5.24446 1.69963 0.211425 4.4407 -1.02484 -1.41409 5.32218 
0.740251 1.45026 4.99969 

CELLS 2516 12580
4 247 268 448 521 
4 246 268 448 247 
4 378 564 329 606 
4 469 114 113 112 
4 521 268 448 484 
4 508 495 526 558 
4 349 388 374 350 
4 373 402 378 371 
4 470 355 465 149 
4 420 542 518 557 
4 397 374 402 371 
4 114 469 113 116 
4 152 496 153 174 
4 380 360 356 358 
4 355 470 465 357 
4 472 469 113 112 
4 606 582 329 633 
4 380 356 391 358 
4 525 582 585 606 
4 495 357 526 558 
4 472 420 518 557 
4 469 472 113 116 
4 419 528 389 382 
4 530 516 569 506 
4 357 507 526 558 
4 507 508 526 558 
4 256 472 113 112 
4 488 399 521 555 
4 394 363 608 439 
4 472 256 113 116 
4 355 340 338 337 
4 552 377 458 456 
4 411 533 13 409 
4 536 552 458 456 
4 495 470 465 149 
4 85 536 458 456 
4 408 533 13 411 
4 89 325 324 459 
4 402 378 377 379 
4 387 118 153 154 
4 118 387 153 404 
4 470 495 465 357 
4 478 476 363 625 
4 413 412 407 551 
4 412 467 407 551 
4 404 496 153 152 
4 8 533 13 408 
4 467 354 407 551 
4 170 495 465 149 
4 480 476 363 478 
4 613 476 363 480 
4 358 390 391 359 
4 366 384 367 372 
4 625 476 363 613 
4 539 571 381 602 
4 507 526 554 410 
4 116 540 404 472 
4 382 364 626 535 
4 288 285 510 544 
4 536 456 521 555 
4 379 402 403 376 
4 365 366 394 364 
4 390 391 356 358 
4 372 383 384 385 
4 372 366 383 363 
4 359 380 361 391 
4 122 604 624 474 
4 121 604 624 122 
4 531 462 377 397 
4 507 526 280 554 
4 377 386 348 493 
4 370 367 398 372 
4 509 286 285 510 
4 363 427 538 602 
4 346 462 377 531 
4 282 507 280 554 
4 506 530 525 569 
4 602 428 427 603 
4 509 285 282 544 
4 23 17 597 623 
4 22 23 416 623 
4 374 462 377 346 
4 325 455 564 543 
4 397 462 377 374 
4 23 597 416 623 
4 480 242 263 264 
4 358 572 565 544 
4 164 487 593 486 
4 375 379 402 377 
4 239 519 557 602 
4 389 361 356 390 
4 392 571 557 540 
4 398 385 435 504 
4 613 534 263 480 
4 372 398 395 385 
4 475 534 263 613 
4 564 455 325 614 
4 594 586 491 592 
4 242 534 263 475 
4 365 394 538 363 
4 319 516 322 321 
4 596 486 593 541 
4 597 18 23 599 
4 633 582 329 605 
4 597 17 18 598 
4 3 211 336 354 
4 395 385 478 383 
4 293 496 196 497 
4 480 534 263 242 
4 376 402 403 373 
4 384 383 364 625 
4 389 356 361 392 
4 3 336 2 354 
4 371 375 402 397 
4 506 206 633 606 
4 323 516 322 319 
4 525 516 322 323 
4 375 377 402 397 
4 476 480 263 264 
4 251 230 348 377 
4 515 516 451 559 
4 538 427 603 602 
4 195 496 196 293 
4 410 282 414 554 
4 379 403 402 378 
4 406 413 621 17 
4 3 2 211 354 
4 321 516 322 525 
4 369 400 401 376 
4 19 544 600 599 
4 369 395 368 398 
4 526 410 414 554 
4 441 446 444 451 
4 406 597 405 411 
4 451 371 378 374 
4 516 525 451 559 
4 389 413 621 406 
4 251 348 250 377 
4 239 602 557 218 
4 539 365 538 363 
4 153 387 174 496 
4 525 530 451 559 
4 369 395 398 385 
4 174 496 196 195 
4 497 496 196 174 
4 473 362 496 501 
4 87 454 82 83 
4 31 417 35 36 
4 529 535 382 497 
4 346 349 377 374 
4 412 413 471 551 
4 421 417 35 31 
4 372 395 383 385 
4 358 389 354 360 
4 307 524 513 311 
4 442 524 513 307 
4 406 389 597 416 
4 17 411 598 597 
4 361 391 390 359 
4 127 476 126 128 
4 251 250 230 377 
4 374 349 347 346 
4 380 362 360 358 
4 422 417 35 421 
4 36 417 35 422 
4 156 177 474 157 
4 397 455 371 611 
4 439 363 534 612 
4 22 17 23 623 
4 415 413 418 214 
4 365 430 425 437 
4 453 455 461 611 
4 504 524 513 442 
4 83 454 82 453 
4 389 413 418 415 
4 125 476 126 127 
4 377 493 348 249 
4 459 89 94 327 
4 43 425 48 47 
4 426 425 48 43 
4 386 349 377 348 
4 389 597 405 406 
4 549 421 389 423 
4 357 500 507 550 
4 383 384 366 372 
4 89 459 94 460 
4 365 437 427 394 
4 472 413 418 389 
4 241 242 475 240 
4 423 365 425 553 
4 422 423 425 553 
4 329 374 582 564 
4 214 413 418 472 
4 354 340 355 337 
4 346 377 348 345 
4 539 422 425 553 
4 367 537 365 528 
4 377 346 348 349 
4 311 524 513 504 
4 365 539 425 553 
4 156 157 474 624 
4 99 459 94 327 
4 419 416 389 549 
4 386 388 349 352 
4 164 491 506 586 
4 18 598 414 579 
4 598 411 414 597 
4 244 480 243 222 
4 350 349 347 374 
4 538 365 427 394 
4 176 177 474 156 
4 554 282 507 410 
4 157 124 125 624 
4 422 41 42 37 
4 459 99 94 460 
4 397 377 402 374 
4 374 378 377 402 
4 264 480 243 244 
4 599 414 19 544 
4 363 608 439 534 
4 135 483 268 138 
4 357 340 355 354 
4 477 157 474 502 
4 222 480 243 534 
4 218 557 424 602 
4 481 479 482 133 
4 392 360 356 380 
4 478 383 363 480 
4 268 483 135 484 
4 471 467 412 551 
4 154 387 174 153 
4 30 417 36 216 
4 52 427 57 55 
4 439 223 480 395 
4 371 402 378 374 
4 527 382 380 387 
4 511 529 513 560 
4 41 422 42 425 
4 399 400 395 369 
4 399 395 368 369 
4 222 223 480 439 
4 394 608 372 395 
4 352 388 350 353 
4 423 422 42 37 
4 386 351 349 348 
4 425 427 57 52 
4 386 377 378 379 
4 594 491 593 592 
4 445 536 399 552 
4 367 385 435 398 
4 422 423 42 425 
4 388 352 350 349 
4 375 379 377 399 
4 364 363 366 394 
4 561 529 560 568 
4 361 391 356 390 
4 43 423 42 37 
4 624 157 474 477 
4 357 343 344 341 
4 390 356 389 358 
4 528 561 560 568 
4 423 43 42 425 
4 384 385 435 367 
4 375 402 379 376 
4 599 18 414 579 
4 55 427 57 432 
4 357 340 343 341 
4 497 387 174 154 
4 537 528 560 568 
4 45 51 427 46 
4 116 115 473 404 
4 428 51 427 45 
4 372 394 366 363 
4 363 439 394 612 
4 361 382 380 527 
4 503 504 478 477 
4 352 351 349 386 
4 503 478 385 384 
4 502 177 474 176 
4 504 385 435 384 
4 0 4 12 405 
4 372 367 385 384 
4 0 2 1 336 
4 0 11 2 405 
4 11 0 12 405 
4 4 0 1 339 
4 1 339 5 4 
4 1 3 336 2 
4 1 336 339 0 
4 212 2 10 406 
4 2 11 10 406 
4 398 367 385 372 
4 341 338 357 340 
4 465 338 357 341 
4 2 212 210 407 
4 212 233 210 407 
4 4 5 7 339 
4 6 4 7 339 
4 12 6 13 408 
4 6 8 13 408 
4 8 6 7 342 
4 7 9 8 342 
4 7 339 342 6 
4 8 9 274 342 
4 606 525 451 614 
4 266 479 131 480 
4 8 274 273 410 
4 274 275 273 410 
4 8 273 279 410 
4 273 280 279 410 
4 16 10 11 406 
4 10 16 212 406 
4 15 11 12 406 
4 11 405 12 406 
4 355 338 357 465 
4 12 13 18 411 
4 396 611 453 616 
4 17 12 18 411 
4 134 479 131 266 
4 19 13 14 409 
4 14 279 19 409 
4 363 428 612 602 
4 15 21 16 406 
4 392 382 380 361 
4 16 213 212 412 
4 213 233 212 412 
4 16 214 213 413 
4 20 214 16 413 
4 114 115 473 116 
4 459 328 543 325 
4 340 338 357 355 
4 19 279 282 414 
4 17 622 617 623 
4 328 556 543 325 
4 529 537 513 560 
4 582 605 326 329 
4 26 214 20 415 
4 214 413 20 415 
4 152 115 473 114 
4 583 164 506 586 
4 157 177 474 502 
4 582 556 543 374 
4 23 28 27 416 
4 28 33 27 416 
4 29 28 23 416 
4 264 263 476 129 
4 507 500 508 550 
4 25 27 31 417 
4 556 582 543 325 
4 26 30 216 417 
4 30 26 31 417 
4 26 215 214 418 
4 215 236 214 418 
4 618 602 580 619 
4 548 618 580 619 
4 358 510 565 572 
4 496 153 387 404 
4 28 29 33 416 
4 29 291 34 419 
4 537 528 513 560 
4 585 582 543 374 
4 33 29 34 419 
4 480 222 439 534 
4 219 428 602 603 
4 420 389 539 548 
4 35 31 37 421 
4 31 32 37 421 
4 234 472 213 214 
4 471 472 213 234 
4 413 472 213 471 
4 33 38 37 423 
4 410 354 358 607 
4 39 33 34 419 
4 34 291 39 419 
4 35 37 41 422 
4 36 35 41 422 
4 582 585 543 325 
4 528 511 513 560 
4 214 472 213 413 
4 216 36 217 424 
4 149 470 110 111 
4 355 470 110 149 
4 43 37 38 423 
4 38 39 43 423 
4 39 44 43 426 
4 39 291 294 419 
4 39 297 44 426 
4 297 300 44 426 
4 297 39 294 419 
4 45 40 46 427 
4 40 41 46 427 
4 621 622 617 17 
4 441 367 63 442 
4 265 480 264 244 
4 47 41 42 425 
4 437 367 63 441 
4 47 41 425 46 
4 42 43 47 425 
4 131 480 264 265 
4 496 387 174 497 
4 511 522 293 510 
4 469 470 110 355 
4 44 300 49 429 
4 433 367 63 437 
4 442 367 63 433 
4 219 45 51 428 
4 50 46 52 427 
4 378 464 329 374 
4 51 46 50 427 
4 52 47 48 425 
4 48 53 52 430 
4 54 53 48 430 
4 559 515 516 530 
4 292 522 293 511 
4 529 537 560 568 
4 55 50 52 427 
4 50 55 51 427 
4 111 470 110 469 
4 404 115 473 152 
4 220 241 219 431 
4 151 473 152 172 
4 289 522 293 292 
4 58 52 53 430 
4 365 539 393 363 
4 403 388 352 187 
4 510 522 293 289 
4 377 488 566 573 
4 53 54 58 430 
4 54 59 58 433 
4 54 300 303 434 
4 300 304 303 434 
4 306 54 303 434 
4 59 54 306 435 
4 54 434 306 435 
4 114 473 152 151 
4 382 392 389 361 
4 55 60 56 432 
4 60 221 56 432 
4 61 57 62 436 
4 57 63 62 436 
4 163 486 162 137 
4 64 58 59 433 
4 59 306 64 438 
4 306 309 64 438 
4 60 65 222 439 
4 579 599 18 597 
4 60 222 221 440 
4 488 563 566 573 
4 67 66 61 436 
4 61 62 67 436 
4 498 486 162 163 
4 482 486 162 498 
4 62 63 67 436 
4 63 68 67 441 
4 68 73 67 441 
4 69 68 63 441 
4 64 69 63 441 
4 69 64 309 442 
4 64 438 309 442 
4 240 431 241 242 
4 246 267 448 268 
4 357 495 170 550 
4 137 486 162 482 
4 500 357 170 550 
4 396 461 611 616 
4 508 500 170 550 
4 495 508 170 550 
4 72 67 73 441 
4 563 456 566 573 
4 485 267 448 246 
4 484 267 448 485 
4 68 69 73 441 
4 69 315 74 441 
4 69 309 312 442 
4 315 69 312 442 
4 69 74 73 441 
4 70 76 75 445 
4 77 444 76 70 
4 77 70 72 444 
4 71 70 75 445 
4 224 71 75 445 
4 77 72 73 446 
4 72 441 73 446 
4 73 78 77 447 
4 78 83 77 447 
4 79 78 73 447 
4 79 73 74 441 
4 74 315 79 441 
4 421 389 417 549 
4 75 80 81 445 
4 75 226 225 448 
4 226 246 225 448 
4 449 444 76 77 
4 445 444 76 449 
4 71 445 65 70 
4 77 82 80 449 
4 82 77 83 446 
4 77 447 83 446 
4 78 79 83 447 
4 79 84 83 446 
4 79 315 318 450 
4 321 79 318 450 
4 84 79 321 451 
4 79 450 321 451 
4 80 86 85 452 
4 87 86 80 452 
4 87 80 82 449 
4 81 80 85 452 
4 224 445 65 71 
4 70 444 76 445 
4 82 446 83 453 
4 87 83 88 454 
4 268 267 448 484 
4 83 84 89 455 
4 321 89 84 455 
4 85 227 226 456 
4 227 248 226 456 
4 85 86 90 457 
4 86 92 90 457 
4 85 90 91 458 
4 403 187 352 494 
4 359 358 416 600 
4 228 249 227 377 
4 516 323 205 204 
4 87 88 92 454 
4 323 516 205 506 
4 88 93 92 454 
4 27 421 417 549 
4 93 89 94 460 
4 456 377 566 573 
4 365 425 427 437 
4 579 598 414 597 
4 365 528 430 367 
4 386 377 388 378 
4 505 516 205 204 
4 91 90 95 458 
4 624 122 156 124 
4 349 377 388 386 
4 374 377 388 349 
4 96 92 97 462 
4 92 98 97 462 
4 99 93 94 460 
4 392 381 571 540 
4 95 229 228 463 
4 229 249 228 463 
4 95 96 100 345 
4 95 100 101 345 
4 95 230 229 463 
4 230 250 229 463 
4 95 101 230 345 
4 96 97 100 346 
4 97 103 102 346 
4 97 102 100 346 
4 97 98 103 347 
4 99 103 98 347 
4 99 327 330 459 
4 327 328 330 459 
4 99 330 333 464 
4 330 331 333 464 
4 99 333 104 347 
4 99 104 103 347 
4 100 346 345 96 
4 103 347 346 97 
4 105 147 107 341 
4 106 105 107 338 
4 149 105 110 465 
4 105 106 110 465 
4 105 149 147 466 
4 149 168 147 466 
4 106 252 254 467 
4 252 233 254 467 
4 106 108 253 338 
4 109 106 254 468 
4 106 467 254 468 
4 106 107 108 338 
4 110 106 109 468 
4 106 253 252 467 
4 253 231 252 467 
4 107 147 148 341 
4 107 341 338 105 
4 112 110 109 468 
4 109 254 112 468 
4 110 112 111 469 
4 516 505 205 506 
4 111 150 149 470 
4 150 171 149 470 
4 114 150 111 470 
4 114 111 112 469 
4 184 505 205 204 
4 506 206 605 633 
4 378 377 388 374 
4 254 233 255 471 
4 112 255 256 472 
4 569 559 516 530 
4 329 374 556 582 
4 452 453 87 454 
4 449 453 87 452 
4 114 151 150 473 
4 151 172 150 473 
4 478 625 363 383 
4 488 521 248 547 
4 82 453 87 449 
4 115 118 152 404 
4 377 488 248 547 
4 456 377 248 547 
4 116 256 257 472 
4 258 116 257 472 
4 521 456 248 547 
4 386 490 488 546 
4 392 382 540 387 
4 118 153 152 404 
4 152 473 496 172 
4 454 453 87 82 
4 496 473 152 404 
4 366 537 365 367 
4 364 537 365 366 
4 139 532 488 546 
4 488 532 386 546 
4 386 270 490 546 
4 139 489 532 546 
4 571 548 580 619 
4 621 22 620 622 
4 386 532 489 546 
4 534 440 439 612 
4 41 422 40 36 
4 625 624 477 476 
4 122 155 154 474 
4 155 176 154 474 
4 395 372 363 608 
4 489 270 386 546 
4 488 490 139 546 
4 139 490 270 546 
4 139 270 489 546 
4 381 382 540 392 
4 427 422 40 41 
4 133 131 134 479 
4 626 474 604 382 
4 528 537 365 364 
4 598 579 18 597 
4 381 364 626 382 
4 625 364 626 381 
4 127 129 130 476 
4 595 583 574 631 
4 279 14 533 409 
4 231 407 517 211 
4 414 579 544 599 
4 389 416 406 622 
4 519 258 540 120 
4 8 14 533 279 
4 13 14 533 8 
4 363 383 395 480 
4 467 407 517 231 
4 385 478 504 369 
4 557 258 540 519 
4 160 159 130 478 
4 132 160 130 478 
4 409 14 533 13 
4 131 265 266 480 
4 265 244 266 480 
4 451 614 455 564 
4 433 58 63 64 
4 58 433 63 437 
4 354 407 517 467 
4 133 136 162 481 
4 136 137 162 481 
4 135 136 133 481 
4 133 161 160 482 
4 161 182 160 482 
4 211 407 517 354 
4 162 161 133 482 
4 613 475 534 519 
4 137 135 138 483 
4 426 423 39 33 
4 135 267 268 484 
4 136 135 137 481 
4 442 433 63 64 
4 548 539 571 381 
4 139 137 138 483 
4 137 164 163 486 
4 140 137 139 483 
4 38 39 423 33 
4 476 613 625 624 
4 441 442 63 64 
4 138 268 139 483 
4 139 268 269 488 
4 268 248 269 488 
4 139 270 142 489 
4 141 139 142 489 
4 139 269 270 490 
4 269 249 270 490 
4 139 141 140 491 
4 141 165 140 491 
4 164 140 165 491 
4 263 242 475 241 
4 622 597 406 617 
4 143 141 142 489 
4 142 270 143 489 
4 144 143 145 351 
4 143 272 146 351 
4 143 270 271 493 
4 143 146 145 351 
4 143 271 272 348 
4 166 144 145 352 
4 144 166 165 494 
4 166 187 165 494 
4 145 351 352 386 
4 145 167 166 352 
4 147 169 148 341 
4 147 168 169 344 
4 130 478 158 476 
4 240 602 239 218 
4 149 171 170 495 
4 171 192 170 495 
4 171 150 172 473 
4 602 571 580 619 
4 471 360 467 551 
4 152 173 172 496 
4 173 194 172 496 
4 564 325 585 615 
4 503 537 513 529 
4 154 175 174 497 
4 175 196 174 497 
4 416 597 406 622 
4 95 463 345 230 
4 426 419 423 581 
4 33 426 423 581 
4 604 382 540 381 
4 571 381 392 548 
4 543 459 455 564 
4 158 180 179 477 
4 489 630 141 491 
4 606 564 585 615 
4 160 181 180 482 
4 464 329 388 378 
4 339 405 340 342 
4 161 162 182 482 
4 162 183 182 498 
4 183 204 182 498 
4 184 183 162 498 
4 163 184 162 498 
4 184 163 164 486 
4 185 164 165 491 
4 208 329 388 464 
4 165 187 186 403 
4 622 597 617 623 
4 165 186 185 499 
4 186 206 185 499 
4 187 166 188 352 
4 166 167 188 352 
4 189 169 168 344 
4 169 190 344 189 
4 169 344 341 147 
4 170 192 191 500 
4 192 281 191 500 
4 189 170 191 500 
4 192 171 172 473 
4 172 193 192 501 
4 193 287 192 501 
4 194 193 172 501 
4 174 194 173 496 
4 174 195 194 496 
4 403 329 388 208 
4 603 40 422 602 
4 176 196 175 497 
4 176 177 197 502 
4 177 198 197 502 
4 176 197 196 497 
4 537 528 429 513 
4 416 597 622 623 
4 378 329 388 403 
4 501 362 496 510 
4 549 33 423 581 
4 201 180 202 504 
4 419 291 522 288 
4 491 630 141 492 
4 182 203 202 505 
4 203 182 204 505 
4 182 498 204 505 
4 183 184 204 498 
4 67 436 72 70 
4 622 406 621 617 
4 186 207 206 403 
4 207 329 206 403 
4 206 329 633 606 
4 208 187 188 353 
4 188 352 353 187 
4 188 353 209 208 
4 189 281 277 507 
4 281 280 277 507 
4 189 191 281 500 
4 189 277 278 507 
4 277 275 278 507 
4 189 278 190 344 
4 192 284 281 508 
4 284 192 287 509 
4 192 501 287 509 
4 193 194 287 501 
4 293 194 195 496 
4 194 290 287 509 
4 290 194 293 510 
4 194 496 293 510 
4 330 464 328 331 
4 196 296 293 511 
4 296 295 293 511 
4 299 296 196 511 
4 299 196 197 497 
4 143 630 141 489 
4 597 17 617 623 
4 197 198 302 512 
4 302 198 199 503 
4 199 305 302 513 
4 305 304 302 513 
4 308 305 199 513 
4 308 199 200 503 
4 200 201 308 514 
4 201 311 308 514 
4 311 201 202 504 
4 317 202 203 505 
4 202 314 311 515 
4 314 313 311 515 
4 317 314 202 515 
4 317 203 204 505 
4 204 320 317 516 
4 320 319 317 516 
4 323 320 204 516 
4 441 436 72 67 
4 205 206 323 506 
4 444 436 72 441 
4 328 464 330 459 
4 406 212 354 412 
4 235 472 236 256 
4 207 208 329 403 
4 208 209 335 353 
4 208 332 329 464 
4 332 328 329 464 
4 208 335 332 464 
4 335 331 332 464 
4 232 211 231 517 
4 70 436 72 444 
4 337 211 232 517 
4 211 337 336 354 
4 422 538 603 602 
4 213 234 233 471 
4 214 235 234 472 
4 235 256 234 472 
4 240 519 475 261 
4 214 418 236 472 
4 584 486 595 627 
4 216 237 236 518 
4 237 258 236 518 
4 17 621 406 617 
4 238 216 217 424 
4 535 364 626 625 
4 515 398 435 504 
4 239 260 238 519 
4 419 549 423 581 
4 519 604 120 540 
4 240 219 241 431 
4 220 221 241 431 
4 12 406 17 15 
4 525 606 585 615 
4 595 486 596 627 
4 463 377 228 632 
4 411 406 17 12 
4 223 224 244 395 
4 224 245 244 520 
4 245 266 244 520 
4 246 245 224 520 
4 226 247 246 448 
4 121 604 120 519 
4 247 226 248 521 
4 226 456 248 521 
4 207 208 403 186 
4 141 630 143 492 
4 232 231 253 467 
4 337 232 253 467 
4 233 234 255 471 
4 621 406 622 389 
4 575 539 389 393 
4 236 257 256 472 
4 236 258 257 472 
4 157 476 624 125 
4 410 340 354 607 
4 239 240 260 519 
4 240 241 261 475 
4 486 595 574 584 
4 241 262 261 475 
4 241 263 262 475 
4 412 413 354 406 
4 371 396 399 375 
4 245 246 266 520 
4 246 267 266 485 
4 56 432 51 55 
4 247 248 268 488 
4 249 269 248 488 
4 249 271 270 493 
4 249 250 271 348 
4 250 272 271 348 
4 250 251 272 348 
4 368 396 399 371 
4 272 348 351 386 
4 509 544 565 572 
4 274 276 275 507 
4 343 276 274 507 
4 275 276 278 507 
4 276 343 278 507 
4 98 462 93 99 
4 282 279 280 410 
4 92 462 93 98 
4 283 280 284 508 
4 280 281 284 508 
4 428 432 51 56 
4 283 284 287 509 
4 427 432 51 428 
4 286 283 287 509 
4 325 525 585 615 
4 627 486 596 590 
4 289 286 287 509 
4 287 290 289 509 
4 486 541 596 590 
4 289 292 291 522 
4 86 457 87 92 
4 289 290 293 510 
4 294 291 295 511 
4 295 291 292 522 
4 292 293 295 511 
4 297 294 295 511 
4 295 298 297 523 
4 298 301 297 523 
4 299 298 295 523 
4 295 296 299 511 
4 297 301 300 429 
4 298 299 301 523 
4 300 301 304 513 
4 301 302 304 513 
4 303 304 306 434 
4 304 307 306 435 
4 304 308 307 513 
4 308 311 307 513 
4 304 305 308 513 
4 306 307 309 442 
4 307 310 309 524 
4 310 313 309 524 
4 311 310 307 524 
4 312 309 313 524 
4 131 478 480 479 
4 310 311 313 524 
4 315 312 313 515 
4 312 524 313 515 
4 313 316 315 450 
4 316 313 317 515 
4 313 314 317 515 
4 315 316 319 516 
4 318 315 319 516 
4 316 317 319 516 
4 321 318 319 516 
4 452 457 87 86 
4 454 457 87 452 
4 319 320 323 516 
4 491 594 593 487 
4 325 321 322 525 
4 322 323 325 525 
4 621 17 22 622 
4 528 529 511 561 
4 331 334 333 350 
4 331 335 334 350 
4 92 457 87 454 
4 335 353 350 388 
4 506 525 516 569 
4 355 354 337 467 
4 472 468 255 471 
4 112 468 255 472 
4 254 468 255 112 
4 471 468 255 254 
4 344 357 341 465 
4 55 432 51 427 
4 389 354 413 406 
4 529 560 511 561 
4 374 346 347 99 
4 377 488 386 493 
4 174 152 496 173 
4 352 388 353 208 
4 511 513 429 528 
4 560 528 511 561 
4 509 565 510 572 
4 486 164 574 595 
4 355 357 360 470 
4 366 537 384 364 
4 384 535 503 477 
4 240 519 239 602 
4 607 533 405 597 
4 178 502 157 477 
4 357 410 358 526 
4 358 380 362 527 
4 155 474 156 176 
4 358 390 359 389 
4 358 359 391 380 
4 368 443 370 609 
4 503 529 512 535 
4 122 474 156 155 
4 595 631 574 584 
4 234 472 255 471 
4 461 371 396 611 
4 387 382 380 392 
4 360 470 362 473 
4 529 535 503 384 
4 364 537 384 529 
4 602 40 219 603 
4 362 473 380 360 
4 529 364 537 528 
4 578 579 562 544 
4 550 357 495 558 
4 170 357 465 495 
4 363 383 372 395 
4 583 595 596 627 
4 600 579 416 599 
4 359 579 562 578 
4 497 527 496 387 
4 256 472 255 234 
4 199 503 502 178 
4 510 527 496 497 
4 159 478 158 130 
4 362 527 496 510 
4 500 357 465 170 
4 539 422 553 575 
4 497 512 529 535 
4 602 427 612 363 
4 58 430 437 57 
4 437 430 58 433 
4 164 583 574 595 
4 525 325 455 614 
4 451 370 559 611 
4 583 590 574 631 
4 369 368 399 371 
4 398 368 369 371 
4 178 503 502 477 
4 206 506 326 323 
4 398 370 368 371 
4 472 360 389 392 
4 397 371 461 611 
4 401 400 369 485 
4 400 395 369 485 
4 500 507 344 357 
4 401 369 376 506 
4 502 535 477 503 
4 518 420 216 542 
4 400 369 399 371 
4 512 502 198 503 
4 597 416 579 599 
4 278 507 344 500 
4 198 502 512 197 
4 371 373 402 376 
4 343 507 344 278 
4 206 403 373 506 
4 357 507 344 343 
4 373 371 378 530 
4 373 403 376 506 
4 263 128 476 129 
4 399 375 396 461 
4 451 525 455 614 
4 422 424 417 420 
4 508 507 550 558 
4 375 377 397 531 
4 528 529 561 587 
4 375 402 376 371 
4 36 424 417 422 
4 401 376 400 379 
4 403 379 376 401 
4 399 379 377 532 
4 379 386 377 532 
4 388 386 378 403 
4 379 378 386 403 
4 400 379 399 532 
4 509 629 358 544 
4 216 424 417 36 
4 448 246 225 520 
4 443 395 439 609 
4 580 577 420 548 
4 225 246 224 520 
4 426 528 511 429 
4 410 358 533 607 
4 559 370 371 611 
4 562 510 358 572 
4 419 423 389 426 
4 210 407 211 2 
4 528 511 419 426 
4 482 485 369 478 
4 231 407 211 210 
4 527 529 497 511 
4 420 424 417 216 
4 476 613 624 126 
4 528 529 419 511 
4 537 528 568 587 
4 4 12 408 6 
4 12 4 408 405 
4 477 478 625 476 
4 2 407 211 354 
4 491 141 165 492 
4 607 579 414 597 
4 529 382 527 497 
4 507 357 550 558 
4 164 506 576 583 
4 395 400 399 485 
4 339 4 0 405 
4 336 339 0 2 
4 339 4 408 6 
4 342 8 6 408 
4 4 339 408 405 
4 274 8 342 533 
4 8 408 342 533 
4 342 339 408 6 
4 562 527 358 362 
4 339 342 408 405 
4 518 472 258 236 
4 346 96 97 462 
4 345 96 346 462 
4 341 105 147 466 
4 338 106 105 465 
4 105 341 338 465 
4 144 351 145 386 
4 143 351 144 386 
4 351 143 272 386 
4 348 272 143 386 
4 271 348 143 386 
4 352 166 144 494 
4 352 144 145 386 
4 344 147 168 466 
4 528 561 568 587 
4 472 236 214 235 
4 352 187 166 494 
4 168 189 344 465 
4 147 344 341 466 
4 187 353 208 352 
4 278 344 189 500 
4 335 208 353 388 
4 535 502 497 512 
4 425 538 422 539 
4 583 541 498 590 
4 141 143 144 492 
4 429 528 425 426 
4 561 529 568 587 
4 528 430 433 429 
4 504 179 180 477 
4 201 179 180 504 
4 121 260 261 519 
4 350 333 331 464 
4 529 537 568 587 
4 614 525 325 615 
4 536 399 555 521 
4 555 399 536 552 
4 99 374 346 462 
4 346 347 99 98 
4 530 559 525 569 
4 541 492 403 567 
4 478 131 482 479 
4 586 499 506 541 
4 388 208 352 187 
4 463 377 531 345 
4 427 538 394 363 
4 377 463 531 458 
4 380 358 359 527 
4 99 464 347 374 
4 528 382 419 529 
4 529 528 537 587 
4 528 425 430 429 
4 333 464 347 99 
4 164 570 184 574 
4 350 464 347 333 
4 374 464 347 350 
4 449 77 76 80 
4 95 463 531 345 
4 487 541 403 567 
4 463 95 531 458 
4 96 95 531 345 
4 445 449 76 80 
4 120 121 519 260 
4 401 379 400 532 
4 496 473 380 362 
4 453 455 374 461 
4 528 433 537 429 
4 615 564 325 614 
4 133 131 482 478 
4 379 403 386 143 
4 479 131 482 133 
4 75 445 76 80 
4 529 419 527 382 
4 492 487 403 567 
4 506 498 576 583 
4 2 339 0 405 
4 386 144 143 492 
4 386 143 271 493 
4 386 352 144 494 
4 388 335 208 464 
4 395 368 609 443 
4 355 106 338 465 
4 125 476 624 126 
4 521 532 400 399 
4 99 346 98 462 
4 346 347 98 97 
4 463 377 632 458 
4 374 461 460 453 
4 370 396 368 371 
4 532 521 400 484 
4 448 521 400 399 
4 521 448 400 484 
4 143 379 403 492 
4 403 386 143 492 
4 98 346 97 462 
4 478 133 132 160 
4 485 448 400 399 
4 433 367 430 528 
4 345 346 377 531 
4 352 386 388 403 
4 455 83 88 89 
4 374 460 455 453 
4 448 485 400 484 
4 131 133 132 478 
4 445 399 368 610 
4 396 610 461 453 
4 83 455 88 454 
4 419 359 288 522 
4 404 473 380 496 
4 455 611 397 461 
4 460 455 88 89 
4 455 460 88 454 
4 528 382 393 389 
4 548 539 420 618 
4 544 358 562 578 
4 392 571 548 577 
4 404 360 116 472 
4 253 467 338 337 
4 106 467 338 253 
4 355 467 338 106 
4 212 407 2 354 
4 210 407 233 231 
4 407 212 233 412 
4 408 13 12 411 
4 530 378 373 606 
4 337 467 338 355 
4 182 160 482 181 
4 99 460 462 93 
4 165 141 144 492 
4 425 430 365 528 
4 498 574 576 583 
4 410 274 275 507 
4 273 280 410 275 
4 164 491 586 592 
4 406 16 212 412 
4 93 460 88 89 
4 374 460 462 99 
4 461 460 462 374 
4 409 279 19 414 
4 460 93 88 454 
4 536 448 81 445 
4 454 460 92 461 
4 93 460 92 454 
4 412 16 213 413 
4 412 213 233 471 
4 226 448 81 536 
4 225 520 75 448 
4 75 448 81 226 
4 224 520 75 225 
4 445 448 81 75 
4 415 26 214 418 
4 526 629 283 414 
4 462 460 92 93 
4 557 238 239 218 
4 533 414 410 279 
4 537 435 367 384 
4 537 433 435 429 
4 417 27 31 421 
4 461 460 92 462 
4 238 557 239 519 
4 124 125 624 126 
4 420 392 548 577 
4 433 537 367 528 
4 31 27 32 421 
4 551 467 354 360 
4 416 29 33 419 
4 419 29 291 288 
4 472 360 471 551 
4 527 529 522 419 
4 421 37 35 422 
4 491 499 506 586 
4 32 33 37 423 
4 389 360 472 551 
4 373 506 530 525 
4 570 498 184 574 
4 443 441 437 436 
4 557 392 472 420 
4 430 437 367 433 
4 476 478 158 477 
4 435 442 515 504 
4 423 39 43 426 
4 426 44 43 48 
4 420 392 472 389 
4 294 419 291 522 
4 426 39 297 419 
4 526 629 509 283 
4 426 297 300 429 
4 419 294 297 511 
4 527 380 361 359 
4 470 360 358 357 
4 570 498 574 576 
4 47 52 46 425 
4 426 528 423 393 
4 48 44 49 429 
4 429 300 49 54 
4 336 2 405 339 
4 2 336 405 354 
4 425 48 52 430 
4 358 579 414 607 
4 559 516 525 569 
4 426 423 389 393 
4 360 470 358 362 
4 337 336 405 339 
4 505 482 498 369 
4 182 482 498 505 
4 430 58 52 57 
4 95 91 463 228 
4 58 63 57 437 
4 432 57 55 61 
4 430 54 58 433 
4 433 54 59 435 
4 435 306 59 438 
4 60 55 61 432 
4 336 337 405 354 
4 340 337 405 339 
4 432 60 221 440 
4 436 57 63 437 
4 416 359 288 419 
4 337 340 405 354 
4 438 306 309 442 
4 266 481 134 479 
4 439 60 65 61 
4 439 222 60 440 
4 135 481 134 266 
4 133 481 134 135 
4 436 63 67 441 
4 426 389 528 393 
4 441 64 69 442 
4 164 570 574 576 
4 22 416 620 622 
4 388 464 350 335 
4 479 481 134 133 
4 403 487 506 541 
4 441 69 315 442 
4 116 473 360 404 
4 442 309 312 524 
4 442 312 315 515 
4 458 91 463 95 
4 495 470 358 357 
4 444 72 77 446 
4 498 486 184 574 
4 77 73 447 446 
4 447 73 79 441 
4 441 315 79 450 
4 374 464 350 388 
4 445 80 81 452 
4 420 580 557 571 
4 360 473 116 469 
4 179 503 201 200 
4 456 377 547 566 
4 504 503 201 179 
4 449 77 82 446 
4 447 79 83 446 
4 446 79 84 451 
4 446 84 83 455 
4 450 318 321 516 
4 451 321 84 455 
4 452 86 85 457 
4 452 80 87 449 
4 196 293 497 511 
4 373 378 403 206 
4 226 536 81 85 
4 403 378 373 402 
4 470 495 358 362 
4 526 495 358 357 
4 456 226 85 536 
4 248 456 227 377 
4 457 90 85 458 
4 452 536 81 445 
4 528 393 365 553 
4 433 435 367 537 
4 632 91 463 458 
4 228 91 463 632 
4 227 377 249 248 
4 377 228 249 463 
4 495 526 358 362 
4 558 508 495 550 
4 444 70 436 443 
4 116 472 557 540 
4 529 522 511 527 
4 85 536 81 452 
4 519 381 604 540 
4 486 164 184 574 
4 360 473 380 404 
4 563 456 547 566 
4 224 439 445 395 
4 65 439 445 224 
4 459 330 99 464 
4 198 199 502 177 
4 110 149 465 355 
4 465 149 105 466 
4 110 465 106 355 
4 466 149 168 465 
4 254 467 233 412 
4 468 110 106 355 
4 443 441 367 437 
4 571 580 548 577 
4 468 112 110 469 
4 425 365 538 539 
4 425 365 427 538 
4 514 503 201 504 
4 470 171 149 495 
4 111 114 470 469 
4 470 114 150 473 
4 583 506 498 541 
4 200 503 201 514 
4 488 563 547 566 
4 254 233 471 412 
4 377 488 547 566 
4 543 459 464 328 
4 204 184 505 498 
4 459 543 464 374 
4 515 367 442 435 
4 406 2 354 212 
4 372 395 398 609 
4 528 423 393 553 
4 556 543 464 328 
4 557 258 116 540 
4 389 359 416 419 
4 543 556 464 374 
4 528 365 423 553 
4 487 486 506 541 
4 474 497 502 176 
4 520 485 480 395 
4 486 498 506 541 
4 329 556 464 328 
4 266 485 480 520 
4 604 381 519 626 
4 479 485 480 266 
4 160 159 478 180 
4 579 389 416 597 
4 556 329 464 374 
4 502 497 474 535 
4 164 491 592 593 
4 579 416 358 600 
4 395 485 480 479 
4 373 530 369 371 
4 457 531 90 458 
4 486 541 487 593 
4 96 531 90 457 
4 127 476 128 129 
4 491 487 492 594 
4 95 531 90 96 
4 506 530 369 373 
4 420 577 580 571 
4 363 372 394 608 
4 127 476 158 157 
4 423 389 549 419 
4 499 492 403 541 
4 371 375 397 461 
4 228 85 91 632 
4 632 85 91 458 
4 130 476 158 127 
4 458 531 90 95 
4 481 162 133 482 
4 162 481 137 482 
4 356 361 380 391 
4 631 590 574 584 
4 483 137 135 484 
4 544 358 509 565 
4 371 396 375 461 
4 481 135 137 484 
4 486 137 164 487 
4 453 452 449 445 
4 282 414 283 629 
4 282 629 283 509 
4 461 452 454 453 
4 483 268 139 489 
4 488 269 139 490 
4 489 141 139 491 
4 490 249 270 493 
4 269 249 490 488 
4 374 451 371 455 
4 492 144 165 494 
4 445 368 395 443 
4 629 282 414 544 
4 489 270 143 386 
4 493 143 270 386 
4 187 165 494 492 
4 170 168 149 465 
4 474 502 535 477 
4 189 168 170 465 
4 419 527 361 359 
4 170 495 192 508 
4 435 442 433 367 
4 410 533 340 607 
4 473 171 150 470 
4 511 293 497 510 
4 380 361 356 392 
4 474 624 626 604 
4 445 453 444 449 
4 433 513 54 435 
4 429 513 433 435 
4 548 571 539 618 
4 381 382 393 364 
4 584 590 574 498 
4 216 26 418 215 
4 419 522 511 529 
4 25 26 417 31 
4 417 26 25 415 
4 482 160 478 180 
4 444 368 396 610 
4 487 401 403 376 
4 482 162 182 498 
4 498 163 184 486 
4 405 389 607 597 
4 403 186 165 499 
4 403 165 187 492 
4 509 282 629 544 
4 499 186 206 403 
4 500 170 192 508 
4 192 281 500 508 
4 473 172 192 501 
4 418 26 216 417 
4 358 389 360 356 
4 399 488 377 555 
4 502 197 176 497 
4 180 478 504 477 
4 221 428 56 432 
4 459 455 89 325 
4 371 530 515 559 
4 51 428 220 219 
4 51 428 56 221 
4 476 157 477 158 
4 371 378 530 451 
4 527 419 361 382 
4 487 567 492 594 
4 507 189 281 500 
4 507 281 280 508 
4 567 541 492 594 
4 508 192 284 509 
4 501 194 287 509 
4 221 428 220 51 
4 509 194 290 510 
4 541 583 506 586 
4 511 196 299 497 
4 371 397 374 455 
4 299 197 302 512 
4 389 419 361 359 
4 586 492 499 541 
4 299 302 301 513 
4 512 198 302 503 
4 596 593 583 541 
4 503 199 302 513 
4 513 199 308 503 
4 503 200 308 514 
4 514 311 308 513 
4 201 311 514 504 
4 311 513 514 504 
4 504 202 311 515 
4 632 227 85 456 
4 451 444 370 611 
4 505 317 202 515 
4 311 515 313 524 
4 505 204 317 516 
4 551 472 413 471 
4 394 612 427 363 
4 431 428 220 221 
4 477 157 476 624 
4 469 473 116 114 
4 443 370 444 368 
4 395 70 443 439 
4 219 428 220 431 
4 498 590 574 583 
4 22 416 622 623 
4 491 492 499 586 
4 517 231 232 467 
4 517 337 211 354 
4 543 374 459 564 
4 156 122 624 474 
4 437 439 432 612 
4 123 624 121 519 
4 222 440 431 221 
4 385 384 504 503 
4 242 222 431 221 
4 360 467 468 471 
4 506 369 505 498 
4 241 242 431 221 
4 527 496 380 362 
4 462 397 531 461 
4 377 488 573 588 
4 451 374 378 564 
4 428 219 240 431 
4 488 555 573 588 
4 555 456 573 588 
4 389 551 472 413 
4 573 488 563 555 
4 395 224 244 520 
4 487 541 567 594 
4 510 293 497 496 
4 458 452 457 461 
4 521 248 247 488 
4 247 226 521 448 
4 367 442 370 515 
4 478 385 504 503 
4 369 371 376 373 
4 432 427 437 394 
4 400 371 376 369 
4 520 246 266 485 
4 487 403 506 376 
4 268 247 488 521 
4 488 248 249 377 
4 343 507 274 410 
4 282 410 280 507 
4 508 284 283 509 
4 370 444 396 611 
4 124 126 624 123 
4 506 605 525 633 
4 532 483 487 492 
4 367 441 370 442 
4 509 290 289 510 
4 288 289 291 522 
4 423 422 421 575 
4 534 428 240 431 
4 511 294 291 522 
4 511 291 295 522 
4 292 295 522 511 
4 511 295 297 523 
4 297 523 301 511 
4 295 299 523 511 
4 429 297 301 511 
4 429 301 300 513 
4 523 299 301 511 
4 513 304 300 434 
4 434 304 306 435 
4 435 304 307 513 
4 435 307 306 442 
4 389 423 421 575 
4 364 528 393 365 
4 442 307 309 524 
4 382 528 393 364 
4 377 227 632 456 
4 515 313 315 450 
4 450 313 316 515 
4 450 316 315 516 
4 515 317 316 516 
4 516 318 315 450 
4 571 392 420 577 
4 67 436 70 66 
4 483 532 487 401 
4 420 392 571 557 
4 428 40 427 603 
4 350 331 335 464 
4 467 355 354 360 
4 354 337 467 517 
4 370 441 515 442 
4 379 532 487 492 
4 206 205 184 570 
4 206 205 570 506 
4 341 344 465 466 
4 465 344 357 500 
4 421 549 32 423 
4 505 184 205 570 
4 441 370 443 367 
4 27 549 32 421 
4 470 360 355 469 
4 371 370 396 611 
4 457 90 96 92 
4 33 549 32 27 
4 423 549 32 33 
4 428 219 40 603 
4 380 387 392 404 
4 158 180 478 159 
4 526 629 358 509 
4 503 179 199 200 
4 218 424 36 602 
4 505 570 205 506 
4 580 548 420 618 
4 602 580 420 618 
4 531 457 96 92 
4 456 377 573 588 
4 370 441 451 515 
4 419 389 361 382 
4 570 506 505 498 
4 378 451 564 606 
4 443 439 394 609 
4 24 29 416 600 
4 414 629 358 526 
4 519 123 624 613 
4 21 413 415 20 
4 562 578 358 359 
4 443 444 370 441 
4 181 180 504 202 
4 549 25 21 601 
4 519 624 626 625 
4 532 379 487 401 
4 539 602 420 618 
4 608 439 395 394 
4 21 16 413 20 
4 413 16 21 406 
4 345 531 96 92 
4 180 181 504 482 
4 370 444 451 441 
4 453 455 454 460 
4 418 472 518 236 
4 472 418 518 420 
4 403 379 487 492 
4 383 385 478 384 
4 379 403 487 401 
4 461 375 397 531 
4 215 418 518 236 
4 532 379 386 489 
4 544 629 358 414 
4 182 181 504 202 
4 573 563 456 555 
4 506 401 486 487 
4 181 182 504 482 
4 505 182 504 202 
4 454 461 453 460 
4 620 389 413 621 
4 182 505 504 482 
4 216 215 518 236 
4 462 346 345 531 
4 466 341 105 465 
4 542 216 424 420 
4 168 344 466 465 
4 216 542 424 238 
4 580 542 424 420 
4 375 458 399 377 
4 85 228 227 632 
4 465 189 344 500 
4 33 419 549 416 
4 525 451 530 606 
4 389 21 415 601 
4 451 559 530 371 
4 343 357 507 410 
4 371 451 559 611 
4 374 397 462 461 
4 388 464 378 374 
4 395 479 480 478 
4 630 143 379 489 
4 164 506 570 576 
4 184 570 505 498 
4 453 451 455 611 
4 504 478 180 482 
4 401 483 486 487 
4 562 544 510 572 
4 177 502 178 199 
4 416 19 24 600 
4 518 418 216 420 
4 222 480 223 244 
4 126 613 263 476 
4 215 418 216 518 
4 143 386 379 489 
4 492 386 144 494 
4 467 106 355 468 
4 374 99 464 459 
4 632 228 227 377 
4 387 496 380 527 
4 528 389 426 419 
4 478 180 158 477 
4 443 372 370 609 
4 420 418 216 417 
4 244 480 223 395 
4 632 85 458 456 
4 403 352 386 494 
4 329 378 206 403 
4 377 632 458 456 
4 345 92 96 462 
4 360 355 354 357 
4 506 498 570 576 
4 541 586 492 594 
4 530 506 369 516 
4 445 453 452 461 
4 407 233 231 467 
4 498 506 369 486 
4 275 280 410 507 
4 422 37 423 421 
4 463 250 229 249 
4 522 527 288 510 
4 453 444 451 611 
4 355 468 110 469 
4 467 231 252 233 
4 359 527 288 522 
4 443 444 445 368 
4 268 139 489 532 
4 386 270 493 490 
4 22 620 413 621 
4 571 602 539 618 
4 574 164 576 583 
4 277 275 507 280 
4 461 531 462 457 
4 464 331 332 328 
4 416 23 19 599 
4 370 515 451 559 
4 478 131 130 132 
4 609 395 439 394 
4 534 613 363 480 
4 439 445 395 70 
4 17 22 413 621 
4 396 444 610 453 
4 131 129 478 130 
4 501 496 194 510 
4 172 496 194 501 
4 395 478 385 369 
4 482 479 485 478 
4 416 389 620 622 
4 435 513 442 504 
4 370 371 515 559 
4 513 434 54 435 
4 377 249 348 250 
4 488 377 386 532 
4 564 451 374 455 
4 459 374 99 460 
4 462 345 92 531 
4 532 268 139 488 
4 604 624 519 121 
4 586 491 492 594 
4 436 437 443 439 
4 372 398 370 609 
4 432 439 440 612 
4 123 126 624 613 
4 326 605 525 506 
4 505 506 516 369 
4 516 515 505 369 
4 26 415 21 25 
4 20 415 21 26 
4 363 381 602 539 
4 535 382 474 626 
4 487 506 401 376 
4 453 461 445 610 
4 537 513 384 503 
4 479 266 481 485 
4 463 249 377 250 
4 421 32 37 423 
4 509 510 544 572 
4 377 552 399 555 
4 593 164 491 487 
4 267 266 481 135 
4 266 267 481 485 
4 484 267 481 135 
4 429 44 300 426 
4 513 511 299 529 
4 427 46 52 425 
4 49 54 48 429 
4 583 164 592 593 
4 630 491 628 492 
4 267 484 481 485 
4 325 556 326 328 
4 458 552 399 377 
4 513 299 512 529 
4 435 513 384 537 
4 511 510 527 522 
4 438 442 64 433 
4 428 432 440 612 
4 446 444 453 449 
4 453 444 446 451 
4 72 444 441 446 
4 506 499 403 541 
4 499 185 506 206 
4 527 510 511 497 
4 451 450 321 516 
4 451 79 450 441 
4 453 446 83 455 
4 82 446 453 449 
4 519 624 604 626 
4 15 11 406 16 
4 428 440 431 534 
4 499 491 165 492 
4 467 254 468 471 
4 565 358 509 362 
4 503 179 178 199 
4 476 613 263 480 
4 480 264 476 129 
4 597 17 406 617 
4 540 404 118 116 
4 192 495 473 509 
4 519 475 534 240 
4 377 250 230 463 
4 230 345 348 377 
4 483 487 137 486 
4 481 482 479 484 
4 542 424 557 580 
4 551 407 389 354 
4 364 384 366 383 
4 46 427 41 425 
4 389 549 416 21 
4 556 329 326 328 
4 624 124 121 122 
4 118 404 540 387 
4 461 458 375 531 
4 399 458 375 461 
4 507 278 189 500 
4 536 552 452 458 
4 509 192 501 473 
4 445 552 452 536 
4 428 427 432 612 
4 564 585 374 582 
4 232 337 517 467 
4 282 554 283 414 
4 414 554 283 526 
4 407 413 389 354 
4 358 578 544 579 
4 471 472 468 360 
4 472 469 468 360 
4 521 226 456 536 
4 485 369 484 482 
4 377 249 488 493 
4 445 368 444 610 
4 413 22 21 620 
4 312 524 515 442 
4 354 389 405 406 
4 583 164 586 592 
4 602 519 571 381 
4 506 373 369 376 
4 531 458 375 377 
4 452 85 458 457 
4 387 527 382 497 
4 404 496 380 387 
4 604 382 381 626 
4 374 455 459 564 
4 358 414 410 533 
4 360 470 473 469 
4 439 437 443 394 
4 501 496 473 172 
4 458 85 452 536 
4 371 376 399 400 
4 130 129 478 476 
4 399 532 377 488 
4 375 376 399 371 
4 506 185 499 491 
4 539 553 365 393 
4 379 376 399 375 
4 342 533 408 405 
4 369 401 484 482 
4 238 424 557 542 
4 526 554 283 280 
4 579 358 359 600 
4 230 463 345 377 
4 123 261 519 121 
4 489 491 628 630 
4 280 554 283 282 
4 452 454 457 461 
4 557 519 571 602 
4 400 376 399 379 
4 389 413 21 620 
4 416 389 21 620 
4 441 442 450 515 
4 540 519 571 557 
4 323 525 326 325 
4 551 413 389 407 
4 354 212 407 412 
4 233 407 412 467 
4 411 12 408 405 
4 438 433 435 442 
4 123 613 261 126 
4 430 54 433 429 
4 485 479 395 478 
4 359 544 527 562 
4 412 406 16 413 
4 519 613 261 123 
4 411 406 12 405 
4 506 525 326 323 
4 430 57 425 437 
4 393 539 548 381 
4 429 513 54 433 
4 213 412 413 471 
4 389 359 361 390 
4 418 415 26 417 
4 504 513 384 435 
4 571 580 557 602 
4 199 502 503 198 
4 475 613 261 519 
4 472 392 557 540 
4 448 485 246 520 
4 381 519 571 540 
4 419 416 29 288 
4 184 185 570 164 
4 164 185 570 506 
4 527 544 359 288 
4 389 417 549 25 
4 422 425 41 427 
4 22 416 21 620 
4 354 412 407 413 
4 425 423 43 426 
4 223 224 439 65 
4 369 485 395 478 
4 48 426 44 429 
4 522 294 419 511 
4 224 223 439 395 
4 426 419 297 511 
4 585 582 564 606 
4 429 426 297 511 
4 539 393 548 389 
4 31 417 36 30 
4 416 549 33 27 
4 54 429 300 513 
4 52 425 430 57 
4 430 425 48 429 
4 630 628 483 492 
4 54 430 48 429 
4 222 223 439 65 
4 405 533 408 411 
4 420 389 417 421 
4 422 420 417 421 
4 398 371 369 530 
4 575 423 422 553 
4 474 624 535 626 
4 59 433 435 438 
4 442 524 515 504 
4 438 435 306 442 
4 432 61 60 439 
4 436 61 57 437 
4 370 372 443 367 
4 221 432 440 428 
4 437 63 436 441 
4 489 628 483 630 
4 383 625 384 478 
4 414 411 533 597 
4 19 409 18 13 
4 360 551 389 354 
4 60 439 440 432 
4 358 389 359 416 
4 158 157 477 179 
4 479 485 481 484 
4 604 474 387 382 
4 387 382 540 604 
4 520 485 395 448 
4 428 612 534 363 
4 442 315 441 450 
4 565 510 358 362 
4 315 442 515 450 
4 549 419 33 589 
4 414 409 18 19 
4 444 445 70 443 
4 446 77 444 449 
4 492 630 532 483 
4 446 73 447 441 
4 79 447 441 446 
4 377 552 555 456 
4 503 502 535 512 
4 452 445 80 449 
4 411 409 18 414 
4 543 585 374 564 
4 387 474 497 382 
4 527 522 359 419 
4 84 446 451 455 
4 451 446 79 441 
4 455 451 371 611 
4 457 531 458 461 
4 13 409 18 411 
4 460 459 455 89 
4 454 453 83 455 
4 583 595 164 596 
4 457 454 92 461 
4 456 555 536 552 
4 557 580 424 602 
4 503 513 384 504 
4 455 459 460 374 
4 380 404 392 360 
4 453 446 455 451 
4 462 92 461 457 
4 488 555 521 563 
4 441 450 451 515 
4 412 254 467 471 
4 516 451 450 515 
4 469 468 112 472 
4 539 363 538 602 
4 491 165 185 499 
4 495 470 171 473 
4 547 488 521 563 
4 274 410 342 343 
4 367 398 515 370 
4 515 398 367 435 
4 8 410 533 274 
4 357 358 410 354 
4 533 410 342 274 
4 456 547 521 563 
4 422 539 538 602 
4 419 549 581 589 
4 263 613 262 475 
4 436 441 444 443 
4 384 364 529 535 
4 154 387 474 497 
4 498 486 574 584 
4 491 506 185 164 
4 549 33 581 589 
4 580 420 424 602 
4 387 392 404 540 
4 420 422 424 602 
4 420 539 422 602 
4 409 411 533 414 
4 360 392 356 389 
4 607 414 533 597 
4 555 456 521 563 
4 383 625 363 364 
4 451 378 530 606 
4 359 600 544 579 
4 157 179 178 477 
4 477 624 535 474 
4 429 425 48 426 
4 528 425 423 365 
4 126 613 262 263 
4 405 533 411 597 
4 423 425 528 426 
4 33 426 581 589 
4 382 497 535 474 
4 133 160 478 482 
4 354 358 360 357 
4 482 481 137 484 
4 185 570 206 184 
4 368 395 399 445 
4 483 137 484 482 
4 483 484 268 532 
4 506 570 206 185 
4 137 486 482 483 
4 389 579 607 597 
4 368 396 370 444 
4 489 483 268 532 
4 493 490 249 488 
4 615 525 606 614 
4 487 628 164 491 
4 628 140 164 491 
4 494 187 492 403 
4 506 401 369 486 
4 170 189 465 500 
4 206 329 605 633 
4 495 171 192 473 
4 529 537 384 503 
4 509 501 362 473 
4 452 399 445 461 
4 364 366 363 383 
4 537 435 513 429 
4 137 483 628 487 
4 383 395 480 478 
4 363 519 613 534 
4 404 540 392 472 
4 499 165 403 492 
4 399 448 545 395 
4 499 403 206 506 
4 508 281 500 507 
4 137 483 140 628 
4 164 137 628 487 
4 497 502 197 512 
4 477 384 535 625 
4 428 534 602 363 
4 625 624 535 477 
4 364 382 529 535 
4 377 488 456 555 
4 509 501 194 510 
4 534 439 480 608 
4 240 534 602 428 
4 299 497 197 512 
4 512 302 299 513 
4 511 299 301 513 
4 302 512 503 513 
4 381 625 519 626 
4 308 503 514 513 
4 544 600 359 288 
4 515 504 202 505 
4 590 596 583 541 
4 524 311 515 504 
4 317 505 516 515 
4 154 474 604 122 
4 506 323 516 525 
4 504 513 514 503 
4 575 389 420 421 
4 497 512 299 529 
4 389 575 420 539 
4 398 369 504 515 
4 511 497 299 529 
4 422 575 420 421 
4 575 422 420 539 
4 164 137 140 628 
4 510 501 362 509 
4 580 420 557 542 
4 399 461 396 610 
4 628 483 139 489 
4 368 399 396 610 
4 448 226 521 536 
4 358 562 572 544 
4 519 534 602 240 
4 553 423 393 575 
4 521 488 268 532 
4 348 271 249 493 
4 363 534 602 519 
4 591 488 555 456 
4 488 591 377 456 
4 495 192 508 509 
4 522 288 289 510 
4 176 154 497 175 
4 364 363 381 625 
4 440 612 534 428 
4 301 429 511 513 
4 434 300 513 54 
4 539 553 393 575 
4 435 434 304 513 
4 513 307 435 442 
4 608 363 480 534 
4 395 363 480 608 
4 261 613 262 126 
4 503 179 504 477 
4 316 450 515 516 
4 525 321 516 451 
4 590 631 627 584 
4 497 154 176 474 
4 360 467 355 468 
4 626 624 535 625 
4 384 367 537 366 
4 474 154 604 387 
4 444 453 445 610 
4 583 631 627 590 
4 480 439 395 608 
4 401 482 486 483 
4 599 600 579 544 
4 528 364 382 529 
4 477 625 478 384 
4 612 437 439 394 
4 216 542 237 518 
4 475 613 262 261 
4 423 389 393 575 
4 616 453 461 611 
4 119 154 604 122 
4 399 552 458 452 
4 358 526 410 414 
4 426 419 581 589 
4 238 542 237 216 
4 578 579 358 359 
4 579 358 354 607 
4 445 545 448 395 
4 399 458 461 452 
4 622 17 22 623 
4 486 482 401 369 
4 510 362 527 562 
4 544 510 527 562 
4 348 271 493 386 
4 394 437 432 612 
4 456 377 588 591 
4 492 403 386 494 
4 583 596 590 627 
4 595 631 627 583 
4 533 279 409 414 
4 469 355 468 360 
4 493 386 490 488 
4 599 19 416 600 
4 515 371 398 530 
4 368 370 398 609 
4 157 476 125 127 
4 555 456 588 591 
4 23 416 597 599 
4 531 92 462 457 
4 399 545 445 395 
4 419 426 39 589 
4 593 583 164 596 
4 382 393 548 381 
4 433 64 438 59 
4 224 445 520 395 
4 75 445 520 224 
4 426 33 39 589 
4 504 515 369 505 
4 399 545 448 445 
4 358 562 359 527 
4 33 419 39 589 
4 488 555 588 591 
4 504 482 369 478 
4 126 476 263 128 
4 187 403 208 186 
4 377 488 588 591 
4 525 530 373 606 
4 486 584 498 590 
4 208 403 187 388 
4 526 362 495 508 
4 526 357 410 507 
4 486 593 164 596 
4 399 532 488 521 
4 448 445 520 75 
4 399 445 552 452 
4 395 445 520 448 
4 461 399 445 610 
4 367 443 437 394 
4 372 394 367 366 
4 469 114 470 473 
4 630 489 532 483 
4 532 484 268 521 
4 584 631 627 595 
4 427 425 538 422 
4 484 401 483 482 
4 120 119 604 122 
4 264 129 480 131 
4 389 354 405 607 
4 124 157 156 624 
4 240 475 534 242 
4 367 394 372 443 
4 362 470 495 473 
4 536 399 448 445 
4 393 382 548 389 
4 548 420 389 392 
4 509 473 362 495 
4 364 363 393 381 
4 562 510 362 358 
4 354 389 358 579 
4 369 505 482 504 
4 484 485 401 369 
4 392 382 548 381 
4 526 362 508 509 
4 508 362 495 509 
4 508 526 280 507 
4 401 532 484 483 
4 405 406 2 354 
4 565 509 510 362 
4 399 448 521 536 
4 282 279 410 414 
4 418 389 417 420 
4 358 509 362 526 
4 491 628 139 489 
4 541 594 593 586 
4 389 418 472 420 
4 398 371 515 370 
4 512 529 503 513 
4 389 417 415 418 
4 382 392 548 389 
4 541 486 498 590 
4 410 533 279 8 
4 283 509 526 508 
4 379 532 492 630 
4 379 532 630 489 
4 535 384 364 625 
4 369 482 498 486 
4 11 406 2 405 
4 478 480 476 129 
4 400 484 485 401 
4 515 530 369 516 
4 480 244 520 395 
4 595 486 164 596 
4 520 244 480 266 
4 484 400 532 401 
4 526 283 508 280 
4 15 21 406 17 
4 395 448 485 399 
4 17 18 23 597 
4 17 22 21 413 
4 17 411 18 598 
4 411 414 18 598 
4 406 411 17 597 
4 18 414 19 599 
4 23 18 19 599 
4 285 19 282 544 
4 19 414 282 544 
4 24 19 285 600 
4 19 544 285 600 
4 19 24 23 416 
4 21 415 413 389 
4 21 22 27 416 
4 406 21 413 17 
4 21 25 415 601 
4 25 417 415 601 
4 25 21 27 549 
4 22 23 27 416 
4 23 29 416 24 
4 29 24 285 600 
4 25 27 417 549 
4 27 416 549 21 
4 288 416 29 600 
4 29 285 288 600 
4 218 36 40 602 
4 36 422 40 602 
4 424 36 217 218 
4 424 422 36 602 
4 40 422 427 603 
4 422 538 427 603 
4 40 45 219 428 
4 40 427 45 428 
4 40 219 218 602 
4 219 240 218 602 
4 427 425 57 437 
4 432 57 61 437 
4 57 432 427 437 
4 439 432 61 437 
4 436 61 437 439 
4 66 61 436 439 
4 61 66 65 439 
4 439 65 445 70 
4 65 66 70 439 
4 66 436 70 439 
4 70 443 445 395 
4 443 70 436 439 
4 324 327 89 459 
4 89 455 321 325 
4 395 368 398 609 
4 115 404 116 118 
4 121 624 123 124 
4 258 116 472 557 
4 116 117 118 540 
4 117 120 118 540 
4 492 143 379 630 
4 258 117 116 540 
4 116 469 472 360 
4 117 258 120 540 
4 404 392 360 472 
4 613 625 624 519 
4 620 621 622 389 
4 120 258 259 519 
4 258 238 259 519 
4 359 562 579 544 
4 260 120 259 519 
4 483 139 140 628 
4 367 437 430 365 
4 544 510 509 285 
4 582 605 525 326 
4 25 389 417 601 
4 369 530 515 398 
4 243 480 242 534 
4 615 606 564 614 
4 549 389 25 601 
4 584 590 486 627 
4 612 427 432 394 
4 602 427 428 612 
4 264 480 242 243 
4 363 602 381 519 
4 487 594 593 541 
4 393 539 381 363 
4 619 602 571 618 
4 416 358 389 579 
4 579 544 358 414 
4 118 604 540 120 
4 628 139 140 491 
4 394 365 367 366 
4 625 519 363 381 
4 157 178 177 502 
4 387 604 540 118 
4 503 179 477 178 
4 613 519 363 625 
4 395 609 372 394 
4 367 365 394 437 
4 396 611 444 453 
4 506 206 326 605 
4 206 329 326 605 
4 378 206 373 606 
4 206 506 373 606 
4 329 206 378 606 
4 217 238 424 218 
4 414 533 358 607 
4 477 478 503 384 
4 428 240 219 602 
4 221 428 440 431 
4 525 373 506 606 
4 618 548 571 619 
4 365 364 363 393 
4 242 222 243 534 
4 431 440 222 534 
4 440 439 222 534 
4 363 364 365 394 
4 431 222 242 534 
4 237 238 258 557 
4 238 519 258 557 
4 237 518 542 557 
4 237 542 238 557 
4 518 237 258 557 
4 544 288 285 600 
4 238 260 259 519 
4 557 424 238 218 
4 21 389 549 601 
4 240 261 260 519 
4 609 443 372 394 
4 240 534 431 242 
4 579 354 389 607 
4 131 129 480 478 
4 374 455 397 461 
4 398 385 504 369 
4 564 606 451 614 
4 119 604 118 120 
4 121 120 604 122 
4 154 604 118 119 
4 472 518 258 557 
4 389 415 417 601 
4 396 453 461 616 
4 479 484 482 485 
4 487 492 483 628 
4 285 282 283 509 
4 283 286 285 509 
4 487 492 628 491 
4 285 286 289 510 
4 285 289 288 510 
4 289 286 509 510 
4 288 510 527 544 
4 387 604 118 154 
4 359 416 288 600 
4 525 321 451 455 
4 324 321 325 89 
4 321 525 325 455 
4 324 325 328 459 
4 324 328 327 459 
4 325 543 459 455 
4 582 585 325 525 
4 582 325 556 326 
4 325 525 326 582 
4 325 585 543 564 
4 633 605 525 582 
4 326 329 556 582 
4 564 329 374 378 
4 564 582 329 606 
4 340 354 357 410 
4 340 343 342 410 
4 340 342 405 533 
4 354 340 405 607 
4 340 533 405 607 
4 340 357 343 410 
4 342 410 533 340 
4 525 506 633 606 
4 525 633 582 606 
4 593 586 583 541 
4 583 586 593 592 
4 594 593 586 592 

CELL_TYPES 2516
10
10
10
10
10
10
10
10
10
10
10
10
10
10
10
10
10
10
10
10
10
10
10
10
10
10
10
10
10
10
10
10
10
10
10
10
10
10
10
10
10
10
10
10
10
10
10
10
10
10
10
10
10
10
10
10
10
10
10
10
10
10
10
10
10
10
10
10
10
10
10
10
10
10
10
10
10
10
10
10
10
10
10
10
10
10
10
10
10
10
10
10
10
10
10
10
10
10
10
10
10
10
10
10
10
10
10
10
10
10
10
10
10
10
10
10
10
10
10
10
10
10
10
10
10
10
10
10
10
10
10
10
10
10
10
10
10
10
10
10
10
10
10
10
10
10
10
10
10
10
10
10
10
10
10
10
10
10
10
10
10
10
10
10
10
10
10
10
10
10
10
10
10
10
10
10
10
10
10
10
10
10
10
10
10
10
10
10
10
10
10
10
10
10
10
10
10
10
10
10
10
10
10
10
10
10
10
10
10
10
10
10
10
10
10
10
10
10
10
10
10
10
10
10
10
10
10
10
10
10
10
10
10
10
10
10
10
10
10
10
10
10
10
10
10
10
10
10
10
10
10
10
10
10
10
10
10
10
10
10
10
10
10
10
10
10
10
10
10
10
10
10
10
10
10
10
10
10
10
10
10
10
10
10
10
10
10
10
10
10
10
10
10
10
10
10
10
10
10
10
10
10
10
10
10
10
10
10
10
10
10
10
10
10
10
10
10
10
10
10
10
10
10
10
10
10
10
10
10
10
10
10
10
10
10
10
10
10
10
10
10
10
10
10
10
10
10
10
10
10
10
10
10
10
10
10
10
10
10
10
10
10
10
10
10
10
10
10
10
10
10
10
10
10
10
10
10
10
10
10
10
10
10
10
10
10
10
10
10
10
10
10
10
10
10
10
10
10
10
10
10
10
10
10
10
10
10
10
10
10
10
10
10
10
10
10
10
10
10
10
10
10
10
10
10
10
10
10
10
10
10
10
10
10
10
10
10
10
10
10
10
10
10
10
10
10
10
10
10
10
10
10
10
10
10
10
10
10
10
10
10
10
10
10
10
10
10
10
10
10
10
10
10
10
10
10
10
10
10
10
10
10
10
10
10
10
10
10
10
10
10
10
10
10
10
10
10
10
10
10
10
10
10
10
10
10
10
10
10
10
10
10
10
10
10
10
10
10
10
10
10
10
10
10
10
10
10
10
10
10
10
10
10
10
10
10
10
10
10
10
10
10
10
10
10
10
10
10
10
10
10
10
10
10
10
10
10
10
10
10
10
10
10
10
10
10
10
10
10
10
10
10
10
10
10
10
10
10
10
10
10
10
10
10
10
10
10
10
10
10
10
10
10
10
10
10
10
10
10
10
10
10
10
10
10
10
10
10
10
10
10
10
10
10
10
10
10
10
10
10
10
10
10
10
10
10
10
10
10
10
10
10
10
10
10
10
10
10
10
10
10
10
10
10
10
10
10
10
10
10
10
10
10
10
10
10
10
10
10
10
10
10
10
10
10
10
10
10
10
10
10
10
10
10
10
10
10
10
10
10
10
10
10
10
10
10
10
10
10
10
10
10
10
10
10
10
10
10
10
10
10
10
10
10
10
10
10
10
10
10
10
10
10
10
10
10
10
10
10
10
10
10
10
10
10
10
10
10
10
10
10
10
10
10
10
10
10
10
10
10
10
10
10
10
10
10
10
10
10
10
10
10
10
10
10
10
10
10
10
10
10
10
10
10
10
10
10
10
10
10
10
10
10
10
10
10
10
10
10
10
10
10
10
10
10
10
10
10
10
10
10
10
10
10
10
10
10
10
10
10
10
10
10
10
10
10
10
10
10
10
10
10
10
10
10
10
10
10
10
10
10
10
10
10
10
10
10
10
10
10
10
10
10
10
10
10
10
10
10
10
10
10
10
10
10
10
10
10
10
10
10
10
10
10
10
10
10
10
10
10
10
10
10
10
10
10
10
10
10
10
10
10
10
10
10
10
10
10
10
10
10
10
10
10
10
10
10
10
10
10
10
10
10
10
10
10
10
10
10
10
10
10
10
10
10
10
10
10
10
10
10
10
10
10
10
10
10
10
10
10
10
10
10
10
10
10
10
10
10
10
10
10
10
10
10
10
10
10
10
10
10
10
10
10
10
10
10
10
10
10
10
10
10
10
10
10
10
10
10
10
10
10
10
10
10
10
10
10
10
10
10
10
10
10
10
10
10
10
10
10
10
10
10
10
10
10
10
10
10
10
10
10
10
10
10
10
10
10
10
10
10
10
10
10
10
10
10
10
10
10
10
10
10
10
10
10
10
10
10
10
10
10
10
10
10
10
10
10
10
10
10
10
10
10
10
10
10
10
10
10
10
10
10
10
10
10
10
10
10
10
10
10
10
10
10
10
10
10
10
10
10
10
10
10
10
10
10
10
10
10
10
10
10
10
10
10
10
10
10
10
10
10
10
10
10
10
10
10
10
10
10
10
10
10
10
10
10
10
10
10
10
10
10
10
10
10
10
10
10
10
10
10
10
10
10
10
10
10
10
10
10
10
10
10
10
10
10
10
10
10
10
10
10
10
10
10
10
10
10
10
10
10
10
10
10
10
10
10
10
10
10
10
10
10
10
10
10
10
10
10
10
10
10
10
10
10
10
10
10
10
10
10
10
10
10
10
10
10
10
10
10
10
10
10
10
10
10
10
10
10
10
10
10
10
10
10
10
10
10
10
10
10
10
10
10
10
10
10
10
10
10
10
10
10
10
10
10
10
10
10
10
10
10
10
10
10
10
10
10
10
10
10
10
10
10
10
10
10
10
10
10
10
10
10
10
10
10
10
10
10
10
10
10
10
10
10
10
10
10
10
10
10
10
10
10
10
10
10
10
10
10
10
10
10
10
10
10
10
10
10
10
10
10
10
10
10
10
10
10
10
10
10
10
10
10
10
10
10
10
10
10
10
10
10
10
10
10
10
10
10
10
10
10
10
10
10
10
10
10
10
10
10
10
10
10
10
10
10
10
10
10
10
10
10
10
10
10
10
10
10
10
10
10
10
10
10
10
10
10
10
10
10
10
10
10
10
10
10
10
10
10
10
10
10
10
10
10
10
10
10
10
10
10
10
10
10
10
10
10
10
10
10
10
10
10
10
10
10
10
10
10
10
10
10
10
10
10
10
10
10
10
10
10
10
10
10
10
10
10
10
10
10
10
10
10
10
10
10
10
10
10
10
10
10
10
10
10
10
10
10
10
10
10
10
10
10
10
10
10
10
10
10
10
10
10
10
10
10
10
10
10
10
10
10
10
10
10
10
10
10
10
10
10
10
10
10
10
10
10
10
10
10
10
10
10
10
10
10
10
10
10
10
10
10
10
10
10
10
10
10
10
10
10
10
10
10
10
10
10
10
10
10
10
10
10
10
10
10
10
10
10
10
10
10
10
10
10
10
10
10
10
10
10
10
10
10
10
10
10
10
10
10
10
10
10
10
10
10
10
10
10
10
10
10
10
10
10
10
10
10
10
10
10
10
10
10
10
10
10
10
10
10
10
10
10
10
10
10
10
10
10
10
10
10
10
10
10
10
10
10
10
10
10
10
10
10
10
10
10
10
10
10
10
10
10
10
10
10
10
10
10
10
10
10
10
10
10
10
10
10
10
10
10
10
10
10
10
10
10
10
10
10
10
10
10
10
10
10
10
10
10
10
10
10
10
10
10
10
10
10
10
10
10
10
10
10
10
10
10
10
10
10
10
10
10
10
10
10
10
10
10
10
10
10
10
10
10
10
10
10
10
10
10
10
10
10
10
10
10
10
10
10
10
10
10
10
10
10
10
10
10
10
10
10
10
10
10
10
10
10
10
10
10
10
10
10
10
10
10
10
10
10
10
10
10
10
10
10
10
10
10
10
10
10
10
10
10
10
10
10
10
10
10
10
10
10
10
10
10
10
10
10
10
10
10
10
10
10
10
10
10
10
10
10
10
10
10
10
10
10
10
10
10
10
10
10
10
10
10
10
10
10
10
10
10
10
10
10
10
10
10
10
10
10
10
10
10
10
10
10
10
10
10
10
10
10
10
10
10
10
10
10
10
10
10
10
10
10
10
10
10
10
10
10
10
10
10
10
10
10
10
10
10
10
10
10
10
10
10
10
10
10
10
10
10
10
10
10
10
10
10
10
10
10
10
10
10
10
10
10
10
10
10
10
10
10
10
10
10
10
10
10
10
10
10
10
10
10
10
10
10
10
10
10
10
10
10
10
10
10
10
10
10
10
10
10
10
10
10
10
10
10
10
10
10
10
10
10
10
10
10
10
10
10
10
10
10
10
10
10
10
10
10
10
10
10
10
10
10
10
10
10
10
10
10
10
10
10
10
10
10
10
10
10
10
10
10
10
10
10
10
10
10
10
10
10
10
10
10
10
10
10
10
10
10
10
10
10
10
10
10
10
10
10
10
10
10
10
10
10
10
10
10
10
10
10
10
10
10
10
10
10
10
10
10
10
10
10
10
10
10
10
10
10
10
10
10
10
10
10
10
10
10
10
10
10
10
10
10
10
10
10
10
10
10
10
10
10
10
10
10
10
10
10
10
10
10
10
10
10
10
10
10
10
10
10
10
10
10
10
10
10
10
10
10
10
10
10
10
10
10
10
10
10
10
10
10
10
10
10
10
10
10
10
10
10
10
10
10
10
10
10
10
10
10
10
10
10
10
10
10
10
10
10
10
10
10
10
10
10
10
10
10
10
10
10
10
10
10
10
10
10
10
10
10
10
10
10
10
10
10
10
10
10
10
10
10
10
10
10
10
10
10
10
10
10
10
10
10
10
10
10
10
10
10
10
10
10
10
10
10
10
10
10
10
10
10
10
10
10
10
10
10
10
10
10
10
10
10
10
10
10
10
10
10
10
10
10
10
10
10
10
10
10
10
10
10
10
10
10
10
10
10
10
10
10
10
10
10
10
10
10
10
10
10
10
10
10
10
10
10
10
10
10
10
10
10
10
10
10
10
10
10
10
10
10
10
10
10
10
10
10
10
10
10
10
10
10
10
10
10
10
10
10
10
10
10
10
10
10
10
10
10
10
10
10
10
10
10
10
10
10
10
10
10
10
10
10
10
10
10
10
10
10
10
10
10
10
10
10
10
10
10
10
10
10
10
10
10
10
10
10
10
10
10
10
10
10
10
10
10
10
10
10
10
10
10
10
10
10
10
10
10
10
10
10
10
10
10
10
10
10
10
10
10
10
10
10
10
10
10
10
10
10
10
10
10
10
10
10
10
10
10
10
10
10
10
10
10
10
10
10
10
10
10
10
10
10
10
10
10
10
10
10
10
10
10
10
10
10
10
10
10
10
10
10
10
10
10
10
10
10
10
10
10
10
10
10
10
10
10
10
10
10
10
10
10
10
10
10
10
10
10
10
10
10
10
10
10
10
10
10
10
10
10
10
10
10
10
10
10
10
10
10
10
10
10
10
10
10
10
10
10
10
10
10
10
10
10
10
10
10
10
10
10
10
10
10
10
10
10
10
10
10
10
10
10
10
10
10
10
10
10
10
10
10
10
10
10
10
10
10
10
10
10
10
10
10
10
10
10
10
10
10
10
10
10
10
10
10
10
10
10
10
10
10
10
10
10
10
10
10
10
10
10
10
10
10
10
10
10
10
10
10
10
10
10
10
10
10
10
10
10
10
10
10

POINT_DATA 634
VECTORS displacement float
0.000312 0.000100591 0.00143315
0 0 0
0.00025826 0.000182853 0.00136341
0 0 0
0.000430632 -2.90707e-05 0.00153356
0 0 0
0.000269478 -0.000130413 0.00131755
0 0 0
0.000223611 -0.000281476 0.00153858
0 0 0
0.000248809 0.000334999 0.0028902
0.000285634 0.000166318 0.00280494
0.000376548 -3.86574e-06 0.00294681
0.000260581 -0.00013851 0.00283171
0.000220132 -0.000219566 0.00291078
0.00016349 6.56023e-05 0.0040637
6.82182e-05 0.000160943 0.00406459
0.000199119 -6.36408e-05 0.00401683
0.000221681 -0.000127813 0.00394734
0.000207634 -0.000171029 0.00417241
-1.98069e-05 2.49009e-05 0.00485599
6.17777e-05 7.2324e-05 0.00485454
5.14523e-05 -1.90408e-05 0.00481366
6.10735e-05 -5.38066e-05 0.00483233
6.41039e-05 -9.52657e-05 0.00482559
-0.000320132 -3.85293e-05 0.0051792
-0.000272101 -0.000176079 0.0053731
-0.000406962 3.78117e-05 0.00519701
-0.000298159 0.000149289 0.005095
-0.000196626 0.00016572 0.00523127
-0.000558574 -0.00059511 0.00504541
-0.000713599 -0.000303854 0.00511597
-0.000677987 4.52164e-05 0.00499368
-0.000582328 0.000334824 0.00503329
-0.000527975 0.000610891 0.00476547
-0.000843574 -0.000465164 0.00434528
-0.000707281 -0.000784971 0.00431823
-0.000993909 4.49139e-06 0.00425125
-0.000913776 0.000466723 0.00413419
-0.000649893 0.000731693 0.00405861
-0.00099653 -0.000934796 0.00316073
-0.0011348 -0.000568525 0.00312365
-0.00115508 1.90396e-05 0.00314147
-0.00120424 0.000486206 0.00297199
-0.000906681 0.000923959 0.00279255
-0.00110536 -0.00104211 0.0015672
-0.00140151 -0.000609016 0.00160556
-0.00164451 8.33909e-05 0.00158565
-0.00121731 0.000659771 0.00156475
-0.00114842 0.00108611 0.00143508
-0.00157171 -0.000669244 -0.000137094
-0.00120416 -0.00105252 -0.000142343
-0.00159782 7.75147e-05 -0.000119803
-0.00149882 0.000745353 -0.000154274
-0.000963542 0.00093563 -7.0575e-05
-0.0014728 -0.000644247 -0.00192332
-0.00119433 -0.00118868 -0.00194233
-0.00147055 2.60461e-05 -0.00175439
-0.00144528 0.000628539 -0.00191499
-0.00113349 0.00115422 -0.00174814
-0.00110756 -0.00110673 -0.00378595
-0.00145559 -0.000744892 -0.00364303
-0.00180552 -4.44569e-05 -0.00363544
-0.00145831 0.000725188 -0.00342661
-0.00117757 0.00107572 -0.00362765
-0.00126597 -0.00134937 -0.00549487
-0.00168961 -0.000932211 -0.00523189
-0.00196853 -0.000167818 -0.00541722
-0.0018723 0.000842186 -0.00537938
-0.00135718 0.00139397 -0.00532521
-0.00178608 -0.0010981 -0.006714
-0.00152819 -0.00170223 -0.00705785
-0.0021928 -0.000125362 -0.00710939
-0.00201825 0.000912929 -0.00720027
-0.00161373 0.001619 -0.00715676
-0.00173121 -0.00200275 -0.00847222
-0.00233662 -0.00121871 -0.00856478
-0.0027465 1.41325e-07 -0.00884391
-0.00237879 0.00120951 -0.00901937
-0.00183155 0.00190964 -0.00879938
-0.00274389 -0.00136465 -0.0104883
-0.00210767 -0.00224487 -0.0103827
-0.00318235 0.000102293 -0.0107498
-0.00269484 0.00149175 -0.010687
-0.00210519 0.00225488 -0.0106668
-0.0024799 -0.00244192 -0.012733
-0.00319989 -0.00150846 -0.0129304
-0.00360846 0.000167029 -0.0128547
-0.00315351 0.00172763 -0.0128714
-0.00249784 0.00257773 -0.0126847
-0.00364543 -0.00182712 -0.0157104
-0.00286077 -0.00282783 -0.0156513
-0.00416782 0.000137052 -0.0154705
-0.00351802 0.00192074 -0.0155859
-0.00273631 0.00286523 -0.0156322
-0.00314281 -0.00309293 -0.0189013
-0.00386399 -0.00196646 -0.0192568
-0.004335 -6.98578e-05 -0.0191552
-0.00384106 0.00195901 -0.0191035
-0.00306332 0.00311492 -0.0188237
-0.00438787 -0.00211052 -0.0234665
-0.00351214 -0.00330959 -0.0232346
-0.00499548 -6.01241e-05 -0.0235827
-0.0043533 0.00201514 -0.0233901
-0.00348083 0.00320161 -0.0231433
-0.000221405 0.000138488 0.0014705
-0.000150548 0.000292527 0.00155637
0 0 0
0 0 0
-0.000257182 0.00030765 0.00303787
-0.000214235 0.000130138 0.00294947
-0.000286612 0.000124755 0.00412909
-0.000212346 0.000218244 0.00415972
-1.57139e-05 -5.78738e-05 0.00464148
-2.83321e-05 1.61534e-05 0.00494072
0.00026467 -0.000126349 0.00524519
0.000218831 -0.000277012 0.00491611
0.000429329 -0.000420028 0.00478918
0.000588196 -0.000316762 0.00497469
0.000927145 -0.000474979 0.00414354
0.000745107 -0.000751686 0.00418869
0.000981715 -0.000890357 0.00308261
0.00115254 -0.000638629 0.00308028
0.000976236 -0.00102341 0.00170068
0.00140058 -0.000751693 0.00155374
0.00123742 -0.000601099 -0.000133823
0.00110247 -0.000983062 0.000101287
0.00163101 -0.00068686 -0.00197809
0.00124825 -0.00121307 -0.00190185
0.0012703 -0.00121724 -0.00387004
0.00160917 -0.000784691 -0.00386128
0.00133686 -0.0012671 -0.0054048
0.00186018 -0.000877624 -0.00554451
0.0019419 -0.00091262 -0.00718818
0.001582 -0.00158138 -0.00713076
0.00192167 -0.00197539 -0.0088359
0.00237275 -0.00121257 -0.00901121
0.00272691 -0.00139859 -0.0106467
0.00216928 -0.0021758 -0.0107383
0.00261355 -0.00244942 -0.0127235
0.00322068 -0.00147902 -0.0129746
0.00360216 -0.00172044 -0.0157095
0.00287131 -0.00282342 -0.015629
0.00306782 -0.00306061 -0.018946
0.00393198 -0.00199261 -0.019074
0.00442206 -0.00227649 -0.0232896
0.00344966 -0.00357687 -0.0233638
-0.000358537 1.3346e-05 0.00134806
0 0 0
-0.000327323 1.4133e-05 0.00302167
-0.000254345 -1.71455e-05 0.00421203
-3.16361e-05 -1.03758e-05 0.00491178
0.000255374 -4.75696e-07 0.00533107
0.00068692 -5.97604e-06 0.00513757
0.00106484 5.89368e-06 0.00435878
0.00139952 -6.2908e-06 0.00296975
0.00156125 -6.15785e-05 0.00142379
0.00139429 -1.77902e-05 -0.000234639
0.00152052 3.77246e-05 -0.00195464
0.00192587 8.26541e-06 -0.00369068
0.00197824 1.87283e-05 -0.00532865
0.00235961 4.48417e-05 -0.00706627
0.00260444 -3.47172e-05 -0.00868635
0.00303218 -1.85546e-05 -0.0107516
0.00346636 6.45793e-05 -0.0128528
0.00398628 6.69632e-05 -0.015471
0.00440757 -1.34408e-05 -0.0190337
0.0049929 -9.04326e-05 -0.0234014
-0.000313571 -0.000206585 0.00160152
0 0 0
-0.000285643 -0.00015289 0.0028874
-0.000189008 -8.87184e-05 0.00410226
-1.56812e-06 -2.41918e-05 0.00502602
0.000237687 0.000105162 0.00527755
0.000625079 0.00033139 0.00510574
0.00097351 0.000522379 0.00422428
0.00116159 0.000679905 0.00313146
0.00134187 0.000665238 0.00158534
0.00129692 0.000687488 -0.000331384
0.00135479 0.000781337 -0.00199643
0.00153986 0.000699194 -0.00359277
0.00180962 0.000895151 -0.00523344
0.00198644 0.00105685 -0.00681663
0.00239384 0.00120912 -0.00873428
0.00265331 0.00140189 -0.0105058
0.00309683 0.00161025 -0.0127008
0.00348158 0.00183087 -0.0155325
0.00390886 0.00197929 -0.0189286
0.00439387 0.00208478 -0.0231548
-0.000280989 -0.000357807 0.00163108
0 0 0
-0.000221515 -0.000271617 0.00306644
-0.000156574 -0.00023958 0.0041767
-8.95409e-07 -2.20376e-05 0.00494346
0.000193394 0.000176762 0.00525648
0.0005595 0.000657027 0.00489187
0.000626503 0.000755763 0.00414785
0.000856113 0.000883609 0.00307203
0.000986308 0.00102619 0.00159705
0.00113314 0.00116642 -2.47503e-05
0.00110642 0.0011929 -0.00181683
0.00113873 0.0010778 -0.00352888
0.00141755 0.00136081 -0.00518729
0.00166557 0.00167095 -0.00696778
0.0018916 0.00188213 -0.00861809
0.00213613 0.00215866 -0.0104445
0.00245303 0.00259486 -0.0124169
0.00271055 0.00283623 -0.0154909
0.00302919 0.00311737 -0.0187615
0.00345031 0.00333472 -0.0231062
0.000190036 0.000274337 0.0015301
0 0 0
0.000102143 0.000344569 0.00273871
1.74332e-05 0.000263799 0.00408086
-1.8431e-05 1.94543e-05 0.00480887
-0.000222066 -0.000342595 0.00521099
-0.000292378 -0.000610572 0.00512592
-0.000472504 -0.00100165 0.00430028
-0.000581729 -0.00121568 0.00320264
-0.000644863 -0.00128015 0.00178468
-0.000761621 -0.00144951 -0.000138308
-0.000747291 -0.00146003 -0.00206289
-0.00073995 -0.00152608 -0.00387441
-0.000766301 -0.00169478 -0.00546951
-0.000950577 -0.00195699 -0.00697465
-0.00107495 -0.00239024 -0.00875684
-0.00134175 -0.00281878 -0.010439
-0.00151958 -0.00309053 -0.0128261
-0.00179504 -0.00353576 -0.0156935
-0.00204293 -0.0039218 -0.0189728
-0.0021835 -0.00409537 -0.0230093
5.636e-05 0.000342738 0.00166716
0 0 0
9.7283e-06 0.000346119 0.00324308
-4.6103e-05 0.000319116 0.00437713
-4.97609e-05 8.01027e-05 0.00502659
-6.69033e-05 -0.000295732 0.00542271
2.52422e-05 -0.000636276 0.00503464
3.91049e-05 -0.0010905 0.00416295
-2.00027e-05 -0.00125325 0.00292214
1.1075e-05 -0.00136517 0.00159586
3.59935e-05 -0.00152444 -0.000240288
5.51004e-05 -0.00162542 -0.00206673
-5.45944e-05 -0.00172771 -0.00379441
-0.000109023 -0.0018609 -0.00552051
-1.96614e-05 -0.00231249 -0.00721566
2.82647e-05 -0.00264933 -0.00874403
2.01411e-05 -0.00324039 -0.0104982
4.22592e-05 -0.0035275 -0.0127226
-3.39133e-05 -0.00407196 -0.0153814
-3.04546e-05 -0.00430506 -0.0191381
-8.19495e-05 -0.00458002 -0.0232041
-9.75719e-05 0.0003418 0.00162666
0 0 0
-7.99724e-05 0.000323992 0.00296042
-0.0001287 0.000229355 0.00414741
-8.34185e-05 9.57793e-06 0.00495883
0.000182994 -0.000394666 0.00519409
0.000296199 -0.000498558 0.00511195
0.00041837 -0.000802001 0.00427988
0.000629766 -0.00121395 0.00310567
0.000694187 -0.00127108 0.0016497
0.000725606 -0.00138814 -7.77806e-05
0.000587182 -0.00136191 -0.00184812
0.000811632 -0.00150132 -0.00354172
0.000870666 -0.00174805 -0.00541474
0.000916335 -0.00198192 -0.00708655
0.00118683 -0.00245934 -0.00869308
0.00141214 -0.00285571 -0.0104326
0.00159792 -0.00308708 -0.0129172
0.00186178 -0.00366087 -0.0155898
0.00190346 -0.00388334 -0.0192222
0.00196964 -0.00435127 -0.0233993
0.000166126 -0.000356058 0.00159038
0 0 0
2.78662e-05 -0.00044056 0.00172263
0 0 0
-0.000147837 -0.000417086 0.00170824
0 0 0
0.000139246 -0.000254797 0.00290694
5.14341e-05 -0.000418226 0.00323407
-0.000121338 -0.000346526 0.0031155
0.000105994 -0.000261586 0.00399158
3.79464e-07 -0.000306265 0.00424587
-4.98082e-05 -0.000252032 0.00426094
2.86218e-05 9.64202e-06 0.00461406
2.0954e-05 -6.30358e-05 0.00507041
9.3532e-06 -5.10527e-05 0.00491999
-9.34806e-05 0.000274186 0.00479072
2.65161e-05 0.000282676 0.00555281
0.000137871 0.000209857 0.00517661
-0.000268198 0.000783201 0.00457446
-3.57241e-07 0.000843905 0.00511838
0.000283807 0.000609656 0.00497889
-0.000376748 0.00100764 0.003903
-5.206e-05 0.00107038 0.00442822
0.000374421 0.000930493 0.00417957
-0.000545997 0.00103114 0.00298923
-4.29676e-05 0.00140974 0.00319157
0.000507932 0.00108861 0.00310994
-0.000763146 0.00121757 0.00161334
-1.51498e-05 0.00117382 0.00169703
0.000754724 0.00126994 0.00155954
-0.000741784 0.0013903 -8.52742e-05
-8.75643e-05 0.00153466 -0.000195571
0.000757736 0.0015195 -0.000104558
-0.000665977 0.00141821 -0.00183101
2.03653e-05 0.00146341 -0.00186649
0.000772838 0.00145633 -0.0018022
-0.000841735 0.00164752 -0.00364259
1.31861e-05 0.00181426 -0.00376193
0.000657055 0.00134338 -0.00364024
-0.000849789 0.00178732 -0.00546074
-2.57398e-05 0.00198583 -0.00557008
0.000885764 0.00177729 -0.00536311
-0.00100253 0.00206656 -0.00705094
2.59584e-05 0.00225992 -0.00722217
0.000985208 0.00199176 -0.00694576
-0.00116848 0.00243339 -0.00884284
7.30457e-06 0.00267914 -0.00893464
0.00118937 0.00237146 -0.00878278
-0.00130592 0.00274682 -0.0105932
-3.52403e-06 0.0030782 -0.010793
0.00137312 0.00268672 -0.0105241
-0.00156853 0.00319896 -0.0129576
2.27699e-05 0.00361855 -0.0126599
0.00161416 0.00320319 -0.0126629
-0.00168313 0.00357005 -0.015565
-5.38596e-05 0.00395021 -0.0152862
0.00171165 0.00363799 -0.0152794
-0.00190457 0.00388549 -0.0187891
8.25747e-06 0.00435815 -0.0186585
0.00185828 0.00391083 -0.0188126
-0.00219602 0.00400679 -0.0227827
-3.86185e-05 0.00463556 -0.0229925
0.00209089 0.00416327 -0.0227703
0 0 0
0 0 0
0 0 0
0 0 0
0 0 0
0 0 0
0 0 0
0 0 0
0 0 0
-0.00246181 -0.00231563 -0.0224778
-0.0024289 -0.000117393 -0.0222464
-0.00244594 0.00220749 -0.0224874
-1.86546e-05 -0.00248751 -0.022265
-7.7943e-05 -0.000109537 -0.0218878
-9.6631e-05 0.00226506 -0.0221789
0.00256473 -0.00253592 -0.022614
0.00260059 -6.45671e-05 -0.0221305
0.00253645 0.00231922 -0.0224782
4.67948e-05 1.86374e-05 0.00113101
-4.57421e-05 4.53855e-05 0.00135801
8.2217e-06 -2.41908e-05 0.00226287
-7.06125e-06 -2.1692e-05 0.00105551
-2.8591e-05 -9.64813e-05 0.00197859
-2.43887e-05 -3.09202e-05 0.00255972
-7.40658e-05 1.8516e-05 0.0020738
-5.52611e-05 1.74523e-05 0.0021772
8.23691e-06 1.58911e-05 0.00262164
-1.07236e-05 -0.000139334 -0.000276843
3.58124e-05 9.58977e-06 0.000368172
-0.000216537 -1.59344e-05 0.00050095
-4.52148e-05 -7.27492e-06 -0.000529092
-0.000238021 0.000105925 -0.0014313
-0.000452828 -0.000252302 -0.00467861
0.000713417 0.000194902 -0.00540355
-0.000453893 0.000209327 -0.00420466
-0.000146822 0.000306852 -0.00759835
-4.08606e-05 -4.17159e-05 -0.00146274
0.00105032 0.00106695 -0.0103279
-0.000805209 0.00202734 -0.0142334
-0.000413512 -0.000500076 -0.00974752
0.0009175 0.000269801 -0.00940614
-0.000739806 -0.00245442 -0.0141546
0.000519077 0.0011853 -0.0130313
0.00150229 -0.000705953 -0.0137396
3.63273e-05 1.33794e-05 0.00233155
6.41356e-05 -0.000182326 0.00137478
4.81012e-05 -8.13269e-06 0.00160246
9.77274e-05 -4.80221e-05 -0.00108921
6.92578e-05 5.68327e-05 -0.000575732
0.000156022 0.000113911 -0.00197284
0.00158025 -0.00153345 -0.0191064
0.000213073 4.29934e-06 0.00257161
0.00101612 0.00130451 -0.017784
-4.95143e-05 -6.40105e-05 0.00259226
-1.68697e-05 -2.87254e-05 0.00228624
8.19579e-06 -5.25733e-06 0.00218426
0.000103609 -0.000118146 0.00234676
-0.000157703 2.96491e-05 0.00152159
-0.000226735 -6.71776e-05 -0.0009035
-7.30453e-05 -0.00038741 -0.00297069
-0.000856368 5.04363e-05 -0.00713856
-0.000763519 0.000358621 -0.0114549
8.03098e-05 0.000105543 -0.00304777
-0.000419452 -0.000840472 -0.00812634
0.000444289 -0.000834154 -0.00812292
0.00117354 -0.000719872 -0.00853186
0.000268754 0.000204443 -0.0112124
0.00155886 0.000537095 -0.0132169
0.000134416 -2.61386e-05 0.0030185
0.0001131 8.59582e-06 0.00114182
8.35417e-05 2.94235e-06 0.00225671
1.96816e-05 0.000134924 0.00177968
0.000161015 -4.47709e-05 0.00133754
0.000125357 -0.000138191 0.00264579
3.03766e-05 -7.70927e-05 0.00117023
0.000171096 -5.50482e-05 0.00217194
4.68823e-06 0.000175307 0.00271248
3.09103e-05 6.82417e-05 0.00305785
9.04327e-05 -0.000139615 0.00247951
-7.7595e-05 -7.49809e-05 0.00395792
-8.35281e-05 -3.48161e-05 0.00318634
-0.000346569 -0.000272944 0.00392481
-0.000186627 -0.000163404 0.00358041
-0.000197747 0.000280764 0.00292518
-0.000149373 -0.000237607 0.00290914
-0.000435654 -7.06466e-05 0.00359432
-0.000514535 -0.000293306 0.00253978
-0.000420129 7.75478e-05 0.00274246
-0.000316458 -0.000558135 0.00346531
-0.000648264 5.33747e-05 0.00109794
-0.000316535 0.000300126 0.00235447
-0.000589715 -0.000277722 0.000348108
-0.000415384 -0.000678358 0.000100724
-0.000334753 0.000457216 0.00100905
-0.000563599 0.000221371 8.33326e-05
-0.000367298 -0.0011995 -0.000202693
-0.000767589 -0.000440885 -0.0013278
-0.000557791 0.000389183 -0.000768453
-0.00039961 0.00100735 -0.000465638
-0.000200694 0.000311678 -0.00112165
-0.00094654 -0.000197808 -0.00366953
-0.000620544 -5.96079e-05 -0.00173526
-0.000613331 0.000860873 -0.00243949
-0.000504738 -0.00058231 -0.00309189
-0.000564207 -0.000731142 -0.00178962
-0.00089213 0.000566221 -0.00455061
-0.000313676 0.000624692 -0.00295142
-0.000586266 -0.000101042 -0.00342494
-0.0012555 -1.97309e-05 -0.00575436
-0.00121929 -0.0011281 -0.00659883
-0.00157677 0.000635563 -0.00703099
-0.00190565 0.00109123 -0.00790411
-0.00027811 -0.00183843 -0.00747085
-0.00229139 -0.000350997 -0.00865864
-0.000498365 0.00130747 -0.00594247
-0.000634885 0.00140266 -0.00777354
-0.00220275 -0.000864486 -0.0104061
-0.0021692 0.000459826 -0.00916271
-0.00283328 0.000857113 -0.0117023
-0.00137246 0.00207177 -0.0104092
-0.00112436 -0.00212653 -0.0117246
-0.00294327 -0.000773287 -0.0129953
-0.0021041 -0.0016239 -0.0129311
-0.00144113 0.00298083 -0.0147135
-0.00226883 0.00156303 -0.0137851
-0.00153125 -2.89109e-05 -0.0103507
-0.00316233 0.000680787 -0.0185964
-0.00194104 -0.00296653 -0.0165504
2.31941e-06 0.00307753 -0.017508
-9.10532e-05 -5.56124e-06 0.00125584
-0.000137786 -1.41335e-05 0.00120819
-3.22987e-05 0.000150312 0.00165966
-9.74331e-05 0.000167312 0.00246721
-0.000138656 0.000108714 0.00309618
-0.000146599 -1.11871e-05 0.00236073
-6.11616e-05 0.000183217 0.00286761
3.1388e-06 -3.15306e-05 0.00307981
-7.67507e-06 -6.11952e-06 0.00296046
0.000574487 4.57782e-05 0.00175656
0.00036584 -0.00116774 -0.00012118
0.000496439 -0.00031003 -0.0010993
0.000651928 7.91101e-05 -0.00066353
0.000470625 -7.32958e-05 -0.00215462
0.000785125 -0.000877989 -0.00469873
0.000177029 -0.000603852 -0.00271906
0.00126853 -0.00144022 -0.0067609
0.00114699 -7.02068e-05 -0.00511262
0.00183278 -0.00139613 -0.00979529
0.00118816 -0.00135634 -0.00746445
0.000448912 -0.00100178 -0.00538809
0.00199579 -0.00025956 -0.00880269
0.00191031 -0.000641128 -0.0102553
0.000389212 -0.00217632 -0.0119609
0.00229144 -0.00179591 -0.0122352
0.00101425 -0.00318478 -0.0141806
0.00331845 -0.000140759 -0.013819
0.00271309 -0.000288283 -0.0140863
0.000722171 -0.0030134 -0.017226
0.00307719 -0.000193223 -0.0178649
-0.000112325 -7.93763e-05 0.00243998
0.000221029 2.22849e-05 0.00335955
0.000313975 0.000324259 0.00250602
0.00192106 0.000694129 -0.00844159
0.00229975 0.000771566 -0.0128018
-0.000144357 -0.000177456 0.0014069
3.32081e-05 6.47724e-05 0.00383199
0.000632458 0.000336646 0.00106757
0.000331938 0.000244185 -0.000246387
0.000382672 0.000545779 -0.00251161
0.00116137 0.0011622 -0.00699325
0.00162302 0.00137599 -0.00967067
-1.52695e-05 -0.000162793 0.00135772
-6.68078e-05 -0.000184002 0.00247373
-2.64188e-05 -0.000141015 0.00339532
2.3155e-05 9.12205e-05 0.00334919
-4.49337e-05 0.000447833 0.00233018
0.000483992 0.000503649 0.00143977
4.06461e-05 0.000542867 6.53329e-05
0.000547491 0.000715861 -0.00187829
4.31002e-05 0.000707069 -0.00383032
0.000438518 0.00169547 -0.00718283
2.38058e-05 2.51816e-05 0.000695748
-9.21116e-05 -0.000256409 0.00396816
0.000272404 -0.000502517 0.00194225
-0.000102079 -0.00151524 -0.00596842
-0.000128191 -0.00213549 -0.00926215
-0.000141162 0.000291802 0.00315329
-3.74573e-05 0.00096994 0.00284903
5.06432e-05 0.000946548 -0.00318904
0.000476877 0.00243555 -0.00975662
-4.77588e-05 -0.000149633 0.00198709
-5.95222e-05 5.40081e-05 0.00254243
-0.000171821 0.000151696 0.00121738
7.24411e-05 0.000174508 0.00112066
0.000394792 0.00100313 -0.00778787
-0.00246181 -0.0014695 -0.0159141
0.000988125 -0.00150124 -0.011236
9.18634e-05 -6.89334e-05 0.00130062
-7.03238e-05 -0.000632637 -0.000991717
0.000220243 6.87047e-05 0.00065305
-0.00129585 -0.00190692 -0.00973895
-2.89347e-07 0.000141999 0.000190143
-0.000308582 -0.000168454 0.000927371
-0.000208527 -0.000130507 0.0015932
0.000234866 -0.000243059 0.00284016
0.00199019 0.000406854 -0.0106931
-9.11104e-05 -0.000422491 0.00381631
-0.000549798 0.00305917 -0.0136978
-3.37822e-06 -6.58818e-05 0.00307913
-0.000543969 -0.00113557 -0.00652904
0.00149526 -0.00239595 -0.0134823
-0.000105982 -0.00301544 -0.0123025
-6.67501e-05 -7.03775e-05 0.00196447
-0.000297629 5.70818e-05 0.00366044
-0.000120435 -9.80302e-05 0.0018192
-5.4184e-05 9.00421e-05 0.00230374
-0.00131523 -0.00141265 -0.0101468
-0.000291641 -5.34659e-05 0.0017466
1.33731e-05 -0.000200607 0.00241285
-0.000339817 -0.00171796 -0.01002
0.000289092 0.00345523 -0.0145371
6.36142e-06 -0.00033665 0.00299341
-6.30501e-05 -0.000110011 0.00182161
-0.000194113 0.000989187 -0.00675828
-8.47552e-06 0.000344923 0.000789644
-3.70346e-05 0.000281081 0.0014248
-3.20944e-05 -8.68385e-06 0.0025907
-0.000211893 -0.00224444 -0.0105618
-0.000170561 0.00195528 -0.0116744
-4.63901e-06 -6.83334e-05 0.00287541
-0.000199109 -0.00272939 -0.0121399
0.00202426 4.25404e-05 -0.0120738
-2.33199e-05 0.000236518 0.000883024
0.000489884 0.00169307 -0.00829898
0.00245721 0.00150004 -0.0107825
4.95019e-06 -0.00019359 0.00215748
3.57183e-06 -1.3425e-05 0.00299369
-0.00024847 -0.00252567 -0.0119056
0.00251496 0.000553226 -0.010317
-0.000257811 -4.27174e-05 0.00250095
0.00220608 0.00093496 -0.0100629
-4.93712e-05 -0.000140177 0.00227912
-1.37133e-05 -7.39732e-05 0.00237074
2.84564e-05 -0.000101024 0.00239372
-0.000133974 -0.000302239 0.00255766
-0.000398616 0.000191607 0.00337583
0.000666432 0.003038 -0.0130132
0.00234768 0.000413055 -0.0106883
0.00221504 0.000252947 -0.00966354
0.000277466 0.00284105 -0.0121279
0.00246568 0.000233435 -0.0117746
-3.63221e-05 0.000189568 0.00102271
-0.000306658 -0.00237864 -0.0118762
-0.000386953 0.000319288 0.00364633
0.00210783 0.000275601 -0.00977827
-0.00035907 -0.00224955 -0.0118295
0.00263905 2.73005e-05 -0.0117657
0.0023501 -0.000193352 -0.0110151
0.0023208 -0.000161883 -0.0117623
0.00258363 0.000160828 -0.0106878
0.00230684 -8.43477e-06 -0.0104708
9.21946e-05 -6.22034e-05 0.00236339
0.000138826 -0.000102868 0.00279627
8.08533e-05 -8.83449e-05 0.00318384
-2.77742e-05 -4.56264e-05 0.00306684
-0.000123167 5.23487e-06 0.00433276
-0.000195508 -0.000428076 0.00181014
-0.000573905 -0.000483382 0.00185718
0.00043787 -0.000270688 0.00243584
0.00135959 0.00281743 -0.0122964
0.000751752 0.00188039 -0.0115225
8.06963e-05 -4.25906e-05 0.00145026
-0.000181223 -0.000314759 -0.00200561
-0.000222667 -0.000129481 -0.00268053
-0.000976238 -0.000362103 -0.00681058
-0.000983331 0.000679656 -0.00811541
-0.000429585 -0.000404681 -0.001279
0.000392951 -0.000608839 3.16325e-06
-0.000271067 0.00210657 -0.0102959
0.000134586 0.00243201 -0.0108889
-0.00135027 0.000311202 -0.00864516
0.000114681 -4.39143e-05 0.00329373
-0.000140911 -0.000166193 0.00198834
-0.000100274 -0.00021739 0.00222184
2.29994e-05 -1.14627e-05 0.00352108
6.77109e-05 -3.73334e-06 0.00322208
4.73367e-05 -4.19667e-05 0.00340335
5.11104e-05 -7.09433e-05 0.00377795
0.000603929 -0.000287635 0.00091806
0.000197535 -6.33804e-05 5.10997e-05
0.000231847 -7.92086e-05 0.00118663
0.00230703 0.000146711 -0.0101666
0.00265476 -0.000858802 -0.0116546
3.5851e-05 -0.000191344 0.00262896
0.00242894 -0.0010988 -0.013119
0.00237564 0.000300658 -0.0102956
-0.00183886 -0.00256193 -0.0137984
0.00116891 0.00251129 -0.0121576
VECTORS reaction_forces float
-0.0007965 -0.000468714 0.000733488
0 0 0
-0.00133413 -0.00162701 0.000972528
0 0 0
-0.000695716 6.42619e-05 0.00119017
0 0 0
-0.00050706 0.000242833 0.000950226
0 0 0
-0.000595726 0.000208632 0.000196715
0 0 0
-0.000496167 -0.000566643 -0.000116472
-0.00105346 -0.000742526 0.000222766
-0.00170846 -0.00025127 0.00199565
-0.000792401 0.000405992 0.00145203
-0.000307884 0.000197735 0.000528659
-0.000474172 -0.000291704 0.000235819
-0.00118539 -0.00146886 -0.000644178
-0.00141859 -0.000214163 0.00168147
-0.00108531 0.000612118 0.00186216
-0.00104889 0.00109833 0.00212502
-2.48973e-05 -0.000105009 0.000231753
-0.00104511 -0.00111667 0.000173892
-0.00071474 -0.000197626 0.00118626
-0.0014621 0.00057606 0.00282446
-0.000237104 0.000404191 0.00118531
-0.000138093 -0.000126341 0.00100892
0.000218816 0.000355108 0.00100647
-0.000266531 5.68904e-05 0.00187275
-0.000391399 0.000292423 0.000967726
0.000442421 0.000151271 0.00148027
0.000116035 0.000190576 -0.000237286
0.00025113 0.000415202 0.000145902
0.000464731 6.03272e-05 0.000682046
0.000787335 0.000498371 0.00130235
0.000294766 9.11181e-05 0.000576164
-0.000601856 0.00017372 -0.00083854
-0.00104922 0.000183441 -0.00206249
-0.00114868 3.81492e-05 -3.36046e-05
-0.000271958 0.000374335 6.99024e-05
-0.000203148 0.00107553 0.00102654
-0.00134873 -0.00105964 -0.00468124
-0.00249214 -0.00137514 -0.00321538
-0.00260758 -0.000462348 -0.00167107
-0.00303961 0.000688714 -0.00176227
-0.00167504 0.00150851 0.000362912
-0.000965925 -0.00110463 -0.00244203
-0.00302793 -0.00167372 -0.00409348
-0.00262768 -0.000364928 -0.00254768
-0.00657684 0.00188153 -0.00547914
-0.0014472 0.00124792 -0.000339228
-0.00194106 -0.00106493 -0.00214627
-0.00359229 -0.00368096 -0.00546037
-0.00739174 -0.000821365 -0.00821124
-0.00243385 0.000717957 -0.00244271
-0.00864731 0.00879914 -0.010247
-0.00572162 -0.00315734 -0.00611931
-0.00253772 -0.00251908 -0.00346328
-0.0187864 -0.00230133 -0.0209631
-0.00925738 0.00324063 -0.0109741
-0.00331138 0.00359885 -0.00542926
-0.00647417 -0.00648767 -0.00887342
-0.0160342 -0.00722307 -0.0200026
-0.00469244 0.000385246 -0.00600571
-0.024974 0.0138037 -0.0386946
-0.00721738 0.00830198 -0.0131648
-0.00637289 -0.00715277 -0.0165739
-0.00593188 -0.00245768 -0.010358
-0.0119823 0.00327682 -0.0190685
-0.00378924 0.00260523 -0.00635716
-0.00670273 0.00768074 -0.0149915
-0.0170545 -0.00627873 -0.0459249
-0.00135482 -0.0010896 -0.00570404
-0.00975717 0.00165622 -0.025525
-0.00558542 0.00311003 -0.0153891
-0.00164819 0.00155834 -0.00496012
-0.00361944 -0.00203546 -0.0225282
-0.00317367 -0.000770982 -0.0149625
-0.00339351 -0.000666244 -0.0205522
-0.000292953 1.32209e-05 -0.00246369
-0.00356 0.00291481 -0.0304929
-0.00222215 -0.00065639 -0.0219292
-0.00148977 -0.000122478 -0.0218652
-7.41594e-05 -0.000236411 -0.0154116
-0.000757594 -0.000534578 -0.0282705
-0.000725168 8.27466e-05 -0.0163692
0.000636709 -0.000304195 -0.0256259
0.000396956 0.000151383 -0.0107859
0.000705577 -0.000148118 -0.0221248
0.000184909 -0.000452252 -0.0128425
0.000324702 -0.000484467 -0.0233034
7.94024e-05 0.000333858 -0.01413
0.000341079 -7.8428e-05 -0.00847599
0.00224241 5.5471e-05 -0.0368394
0.000207931 -0.000675556 -0.0147408
-0.000249782 -9.73573e-05 -0.00785996
0.00109963 0.000691316 -0.0181811
5.46451e-05 0.00050346 -0.0209422
0.00134206 0.000370707 -0.0156475
-0.000578314 0.000364011 -0.0111547
4.47186e-05 -0.00088763 -0.0436775
0.00131202 0.000437547 -0.00898283
0.000600568 0.000289076 -0.00207136
0.001467 -3.11502e-05 -0.00406659
0.00110025 3.21783e-05 -0.00818466
0.000504986 -0.00019684 -0.00207231
0.000823112 0.000290975 -6.58535e-05
0.000771363 -0.0010259 -0.0024456
0 0 0
0 0 0
0.000185214 -0.000215489 -0.000313771
0.00185388 -0.000711593 -0.00208925
0.000937418 -0.000277874 1.54279e-05
0.00068077 -0.000898497 0.000235593
6.48402e-05 -0.000210855 0.000355649
0.000662858 -0.000613473 0.000817958
-0.000501538 0.000148353 0.000676275
-0.00215874 0.00165536 0.00263266
-0.000444296 0.000398329 0.00105399
-0.00136509 0.00118909 0.00349992
0.000231835 -5.89699e-05 0.00116978
0.000762587 -0.000234889 0.00169422
0.00231773 -0.0018284 -0.00309786
0.0024209 -0.000586267 -0.00023152
0.00214338 -0.0030377 -0.00511909
0.00311574 -0.00158824 -0.00289641
0.0047147 -0.0022279 -0.00480744
0.00541336 -0.0057678 -0.00926118
0.00527299 -0.00252368 -0.00675713
0.00234631 -0.00210059 -0.00375523
0.00964758 -0.00949869 -0.0165464
0.0122288 -0.00540505 -0.0175494
0.0143306 -0.0143069 -0.0289065
0.00495461 -0.00290831 -0.00854403
0.0123568 -0.00571473 -0.026782
0.00201125 -0.0022581 -0.00541313
0.0010352 -0.000184726 -0.0145883
0.00097937 -0.000306029 -0.00493141
0.00271177 2.81972e-05 -0.0405862
0.000149679 -9.98757e-05 -0.00650021
-0.000130797 -0.000327972 -0.0241779
0.000105894 -8.87022e-06 -0.00899748
-0.000160563 0.000635068 -0.0134558
-4.02862e-05 7.64243e-05 -0.00442964
-0.00144612 0.00168668 -0.0376255
-0.00153104 0.00110723 -0.0246032
-0.000520361 -0.000122868 -0.0106697
-0.000206756 -7.81186e-05 -0.00161773
0.000237551 0.000291476 0.000487475
0 0 0
0.00305084 0.000459332 -0.000111216
0.00150728 -0.000369256 0.000503826
0.000392715 -0.000229697 0.000217947
-0.000455184 -0.000327179 -0.00067128
-0.00072019 -4.14454e-05 -0.00136957
-0.0010264 -0.000666646 0.000370845
0.00025385 -7.49144e-05 -0.000184115
0.00316611 4.40095e-05 -0.00104002
0.0138673 0.00109437 -0.00945235
0.0157346 -0.000437096 -0.017912
0.00755655 -0.00072194 -0.00973917
0.0176165 -0.0025336 -0.0303038
0.0038932 -0.000344405 -0.00910693
0.00556386 4.36627e-05 -0.0327302
0.000664333 0.000108486 -0.0102498
0.0015648 -0.000498993 -0.0261149
-0.000646223 -0.000723881 -0.0234802
-0.000246769 0.000419005 -0.0186252
0.000200119 0.000246556 -0.00621726
0.000388491 0.000375631 0.000778777
0 0 0
0.00153679 0.00123019 -0.00015674
0.00138739 0.000249506 7.52966e-05
0.000252518 -0.000151027 0.00145552
-0.000181843 -0.000179574 0.000380988
-0.00174288 -0.000668738 -0.000445965
-0.0003925 -0.000261017 3.90045e-05
0.00154437 0.000363562 -0.0011889
0.00344645 0.00190208 -0.00238597
0.00516844 0.00306224 -0.0047864
0.0109501 0.00728068 -0.0133303
0.0263718 0.00722767 -0.0404489
0.00757194 0.00315806 -0.0163889
0.0116825 0.00607141 -0.0441471
0.000182089 0.000369447 -0.00575273
0.00105823 0.000992199 -0.0165672
0.00106198 -0.000295604 -0.0167847
-0.000450268 -0.00136588 -0.0204217
-0.00362304 -0.00210099 -0.037658
0.000291677 0.000123884 -0.0103497
0.00012271 0.000786266 0.000599282
0 0 0
8.43046e-05 0.000253774 0.000318304
0.000794695 0.00108137 0.000870064
-3.38423e-05 3.4511e-06 0.000349713
-0.000320459 -0.00049921 0.0007054
-0.000330479 -0.000202063 0.000107758
-0.000164389 -0.000138973 -0.000643807
0.00223677 0.0019614 -0.00197927
0.0022985 0.00201729 -0.00254741
0.00428984 0.00497843 -0.00689716
0.00293247 0.00317357 -0.00404921
0.00711363 0.00744984 -0.0114689
0.00969754 0.0128621 -0.0322139
0.00101767 0.00107154 -0.0057259
0.0015215 0.00258757 -0.0181436
0.000916499 0.00181977 -0.017593
-0.000384943 0.000430853 -0.0343083
-0.000234738 -0.000507362 -0.0120458
-0.00161482 -0.00257998 -0.0411631
6.27575e-05 -6.28663e-05 -0.00184558
-0.00029476 -0.000550186 -3.32006e-05
0 0 0
-0.00113504 -0.00175489 0.000136394
-0.000735325 -0.0012779 0.000626368
-5.59168e-07 -0.000476964 0.00153453
0.000216457 9.24495e-05 0.000337985
1.73439e-05 0.000420147 0.000614414
-0.000221239 4.0403e-05 -0.000205326
-0.000339996 -0.00064424 -0.00284827
-0.00114887 -0.00239759 -0.0039934
-0.000733554 -0.00138113 -0.00165499
-0.00354787 -0.00513701 -0.00575297
-0.0056549 -0.0180921 -0.0212546
-0.00375809 -0.0134164 -0.0195131
-0.00642799 -0.0151436 -0.0345238
-0.0011148 -0.00201061 -0.0114645
-0.00125853 -0.00043878 -0.0303213
0.000211565 -0.000222205 -0.0147684
0.000902578 0.000227535 -0.0100362
0.00016124 0.000129007 -0.00508585
0.000293956 4.51571e-05 -0.0208231
-0.000190977 -0.000630556 0.000120331
0 0 0
-0.000638304 -0.00166374 0.000343294
5.29479e-05 -0.000788916 0.00160711
0.000219918 -0.000392854 0.00108581
0.000541886 -0.000629409 0.00146946
-0.000255706 -0.000266102 -0.000225056
-0.00037696 -0.000678129 -0.00192785
0.0003622 -0.000976001 -0.00262524
-0.000392209 -0.00891713 -0.00822751
-3.76098e-05 -0.00148553 -0.00152695
0.000677851 -0.011278 -0.0112695
0.000414651 -0.00840533 -0.00946252
0.000429559 -0.0190106 -0.0287555
-2.56473e-05 -0.00262518 -0.00560513
-0.000251039 -0.00460664 -0.0258547
-0.000326184 0.000467043 -0.0193369
9.33501e-06 -0.000542959 -0.0275971
0.000462765 0.000949921 -0.0311818
-0.000392044 0.000100419 -0.0188737
-0.000524417 -0.000157633 -0.0126289
-2.74816e-05 -0.000445933 -0.000169457
0 0 0
6.26083e-05 -0.00141929 -0.000337295
0.000379607 -0.000991366 0.000804706
0.000338014 -0.00072195 0.00154727
1.70832e-05 -0.000158069 0.000843064
-0.00101827 0.000382491 0.0022686
0.0002062 -0.000452864 -0.000109567
0.000588517 -0.00158389 -0.00208053
0.00116763 -0.00357446 -0.00464054
0.000821874 -0.00178694 -0.00194153
0.00659253 -0.0134899 -0.0145392
0.00492975 -0.00992572 -0.012502
0.00191051 -0.00432566 -0.00605749
0.00578814 -0.0147002 -0.0346717
0.000991853 -0.00138903 -0.0231491
0.000132353 0.00109786 -0.0517393
0.000399859 -0.000471485 -0.0117597
-0.000425809 0.000689581 -0.0205782
-0.000558116 0.000884937 -0.017693
-0.000318303 0.000180612 -0.0128995
-0.000224308 0.000163549 -0.000283961
0 0 0
-0.00011302 0.000484262 -0.000546852
0 0 0
-3.8301e-05 0.000439318 -0.000150992
0 0 0
-0.000596037 0.000589977 0.00011702
-0.000179204 0.00174159 -0.000847753
7.22992e-05 0.00101185 0.000368401
-0.000265336 0.00150671 -0.000721465
2.35278e-05 0.00163449 -0.000561947
0.000123495 0.000599886 0.000436554
0.000502808 0.000649444 -0.000580742
0.000165038 0.000318817 -0.000303086
7.06497e-05 0.000222821 0.000447903
0.00112702 -0.000944162 -0.000771456
0.000613829 -0.000997531 0.000493711
0.000240207 -0.000105068 -3.38201e-05
0.00065315 -0.00055177 0.00099583
0.000442226 -0.000408367 0.000742343
6.59441e-05 -0.00233679 0.000395138
8.96051e-05 -1.38598e-05 0.000614946
0.000343185 0.000524417 -0.000953564
0.000272579 0.000169062 -0.00097333
-0.00124476 0.00317004 0.000221971
-4.44096e-05 0.000567516 -0.000579998
0.00219848 0.00444049 -0.0045931
-0.00301891 0.00644232 -0.00309911
-0.000769153 0.00656338 -0.0043766
0.00235038 0.00471842 -0.00623355
-0.000761103 0.00128759 -0.00101282
-0.00118018 0.00799496 -0.00749815
0.00080875 0.00222461 -0.00294527
-0.0052748 0.0097116 -0.0113204
-0.00216787 0.0149983 -0.0163574
0.00346133 0.00758181 -0.00800767
-0.00389305 0.00964297 -0.0120551
-0.000145744 0.00422675 -0.00480389
0.00798446 0.0230733 -0.0295484
-0.00232806 0.00979911 -0.0147609
0.00110999 0.0169302 -0.0258167
0.00243644 0.00669609 -0.0110953
-0.00462947 0.0109206 -0.0303953
0.000556168 0.00596674 -0.0176135
0.00375295 0.00970182 -0.0307304
-0.00035121 0.0018986 -0.0111359
0.000599242 0.00207463 -0.0144975
0.000523899 0.000947353 -0.00640397
-0.000354384 0.00167558 -0.0434807
0.000287436 0.00028417 -0.0135291
0.000742194 0.00130337 -0.027121
0.000280954 -0.00037437 -0.00463223
0.00064563 -0.00131394 -0.0344822
-0.000230736 -0.000413706 -0.0152611
0.000153362 -0.000253086 -0.00506938
0.000624938 -0.00166011 -0.0159114
-0.000635661 -0.00288829 -0.0470893
-0.000167502 -0.00034456 -0.0120183
-0.000249565 0.000202772 -0.0167744
0.000728865 -0.000592416 -0.00894684
-0.000727304 0.00035166 -0.0175039
-0.000387934 0.000509519 -0.00663539
0.000306154 6.30866e-05 -0.0217346
0 0 0
0 0 0
0 0 0
0 0 0
0 0 0
0 0 0
0 0 0
0 0 0
0 0 0
0.00232003 0.00116775 -0.0377878
0.00173165 0.000451632 -0.0703599
-0.000119645 -0.000152555 -0.036235
-0.000892277 0.00178447 -0.0537891
-0.00232839 -0.00160138 -0.0626912
-0.00101414 0.000205876 -0.0364209
-0.000370014 -0.000544256 -0.0135024
-0.00326376 -0.000333214 -0.0532084
8.36257e-05 0.00036041 -0.0152511
-0.000503681 -0.00138696 -0.00825571
0.00145982 -0.00253182 -0.00595586
0.000153312 -0.000237727 -0.000694642
-0.000140028 -0.000386357 -0.00868439
0.000542087 0.00260381 -0.010591
-0.000185086 0.00113779 -0.0020279
0.00240647 0.000738743 -0.0121731
-0.000112312 0.000714436 -0.00427947
0.000145692 0.000496651 -0.00748248
0.000953952 -0.0193007 -0.0378656
0.00012058 -0.000504413 -0.00849788
-0.00668063 -0.000440503 -0.0118332
-0.00176797 -2.95906e-05 -0.00788091
-0.0226048 0.0145081 -0.0575083
-0.00433396 -0.000788168 -0.0579452
0.0137479 0.00366966 -0.160313
-0.0122577 0.0098749 -0.07263
-6.36303e-05 0.00146673 -0.0886613
-0.00374572 -0.00275174 -0.0249868
-0.000384843 -0.00094623 -0.0242384
0.000314956 -0.00723586 -0.139847
0.00103674 0.00213297 -0.0301835
-0.000666773 -0.000220091 -0.0358445
0.00219511 0.00297148 -0.170677
-0.000749874 -0.00256114 -0.0688272
-0.000469266 0.00200063 -0.0490713
0.000768255 0.00164114 -0.0078752
0.0012345 0.000302457 -0.00674086
0.00218658 0.00107981 -0.00990149
0.00266445 -0.00576745 -0.0212633
0.00603759 0.00615657 -0.0212913
0.00667585 0.00392409 -0.038748
-0.00465639 0.0025681 -0.0932617
-0.00125229 0.00082654 -0.00356433
-0.00535435 -0.00439756 -0.0892032
-9.32646e-05 -0.000399338 -0.0248649
-9.13322e-05 0.000190964 0.000224977
5.02587e-05 0.000291156 -0.000163046
0.000587507 -0.000768528 -0.0094516
-0.000434703 0.000689424 -0.00717409
-0.0115128 -0.007018 -0.0237635
-0.00602499 -0.0387859 -0.146958
-0.000619709 0.00054139 -0.0270477
0.00203369 0.000128889 -0.0400173
0.000462055 0.00990303 -0.0635315
0.00147696 0.00233823 -0.101769
0.000852676 7.54622e-05 -0.0529971
0.000358729 0.000105987 -0.0456685
0.000813456 -7.78648e-05 -0.0249558
-0.00599804 -0.0035314 -0.0835725
-0.0010738 0.00147206 -0.00394463
-0.00227188 -0.00177969 -0.000899364
-0.00355001 -0.00306386 -0.00177285
-0.000781959 -0.00177307 -0.00136055
-0.00099136 0.000208565 0.00114503
-0.000592351 0.000500924 0.000848472
-0.000935351 0.00191939 -0.00480465
-0.00154519 0.000155369 0.000638962
-0.00124535 -0.00259903 -0.000846135
-0.00199635 -0.00265155 -0.0034539
-0.00121485 0.00194515 -0.00114552
-0.000286192 0.000187905 0.000891879
-0.00170974 0.000419325 -0.000566489
0.000102881 0.00100923 0.00121114
0.000228065 0.000389534 -5.80003e-05
0.00105043 -0.000776944 -0.00303397
0.000674928 -2.06604e-05 -0.00226692
0.000375631 0.000387352 0.000279077
-0.00307472 -0.000866994 -0.00250038
-0.00269387 0.000825164 -0.00486867
-0.000534011 1.03654e-05 4.53678e-05
-0.0138433 -0.00163003 -0.0156545
-0.00319737 0.00237189 -0.00298268
-0.0144881 -0.0082284 -0.0180668
-0.00635943 -0.01046 -0.0112608
-0.0080104 0.0105625 -0.00853973
-0.0147675 0.00269816 -0.0169488
-0.00232744 -0.00670465 -0.00654112
-0.0154913 -0.0108951 -0.0172714
-0.0147268 0.0127593 -0.022789
-0.00255312 0.00512917 -0.00443878
-0.00565228 0.0247512 -0.0382891
-0.0321943 -0.000516356 -0.0529513
-0.0359604 -0.00236154 -0.0479558
-0.00300774 0.00440944 -0.00608391
-0.0324131 -0.0358154 -0.0725717
-0.00554156 -0.00786965 -0.00841306
-0.0389197 0.0234115 -0.104844
-0.0184773 0.0366191 -0.0638665
-0.0232869 -0.00580026 -0.0574062
-0.0154986 0.000912409 -0.0760534
-0.0144658 -0.011639 -0.111492
-0.00486689 0.000931388 -0.049643
-0.00127021 0.000221857 -0.00783579
-0.00156694 -0.00179463 -0.0800478
-0.00153695 -0.000751277 -0.0292554
-0.00334253 0.009726 -0.0434239
-0.00389461 0.0037943 -0.0957275
0.000489147 -0.000559869 -0.0521924
0.00122039 -0.000311615 -0.0629007
0.00135961 -0.00036895 -0.0318384
0.00120021 -0.00172015 -0.0822703
0.000207909 -0.000373577 -0.0255252
0.00229964 0.000965859 -0.0305657
0.00162954 0.00153871 -0.0380539
0.000424572 -0.00207604 -0.0361655
0.00112172 -0.00225223 -0.0489171
0.00338428 0.000532997 -0.0699258
0.00321264 -0.000599174 -0.0708718
0.0013377 0.000834048 -0.0249588
-0.000465487 -0.00327207 -0.0660782
0.00223468 0.000104687 -0.00216324
0.000459863 0.000226431 0.00046967
0.00033517 -0.00317384 -0.00245146
0.0014405 -0.00183112 -0.00204967
0.00119499 -0.000744463 -0.00128987
0.00377407 -0.000842101 -0.00617267
0.000218998 -0.00247676 -0.000722936
0.00011521 -0.00209565 -0.00357811
0.00150823 0.000381295 -0.00383665
0.00755555 0.00118117 -0.00220247
0.0013164 -0.00746765 -0.005576
0.0286453 -0.0192704 -0.0410427
0.0286127 0.00675137 -0.0296296
0.0645066 -0.0198697 -0.134888
0.0132958 -0.0140085 -0.0408235
0.0171906 -0.0625906 -0.0998213
0.00603565 -0.00308697 -0.0305193
0.0397135 0.00276554 -0.139886
0.000251856 0.000589471 -0.0430239
0.00338416 0.00124567 -0.0713501
0.00922279 -0.0131244 -0.0909737
0.00166788 -0.000147277 -0.0485391
-0.000854035 -0.000697098 -0.027107
0.00118898 0.000550977 -0.0453541
-0.000635778 0.000739694 -0.0301286
-0.000100782 0.000236969 -0.012489
0.000804026 -0.000277249 -0.019369
-0.0028092 0.000561714 -0.0343962
-0.000806642 0.00197665 -0.0242436
-0.00295804 0.000423059 -0.0264629
0.00220071 0.000994955 -0.00568198
-0.0026588 -0.00151661 -0.00463936
0.00130249 -0.000469675 -0.00146772
0.00289257 0.00153231 -0.0424465
0.000481905 -0.000759217 -0.0174009
0.000342699 0.00126415 7.61304e-06
-0.000321616 -2.26408e-05 0.000282047
0.00886664 0.00507156 -0.00535129
0.0188918 0.0174723 -0.0254067
0.0424323 0.0469107 -0.119661
0.0115571 0.0129075 -0.0781118
0.000576151 -0.00130439 -0.083463
-0.000206588 0.00215139 -0.00277182
0.000432903 0.00214084 -0.00152027
0.000654263 0.00191858 -0.00287186
-0.000343485 -0.00200215 -0.00297245
0.00114106 0.00336658 -0.00130702
0.00448915 0.00452035 -0.00368318
0.00546441 0.0392679 -0.0405303
0.00442734 0.00678557 -0.00766931
0.00437014 0.0466512 -0.12896
0.00227464 0.00880666 -0.085351
-3.6732e-05 -0.000194303 0.000502389
-4.20269e-05 -0.000164094 0.000316222
0.0050855 -0.0118485 -0.0126644
-0.00119135 -0.0176297 -0.0486097
0.00032582 0.002084 -0.049333
0.0012872 -0.0015766 0.00143501
-5.95194e-05 0.00106349 -0.00137511
0.0012171 0.0263091 -0.0327616
-0.000462181 -0.00191936 -0.0541096
-0.000359777 0.0018363 -0.0038112
-0.000122272 0.000570285 -0.00641864
-0.00264168 0.00164989 -0.00782056
0.00421467 0.00209702 -0.000679768
0.000604075 -0.000137548 -0.0429145
0.0033536 0.0023318 -0.0490813
5.3592e-05 0.00187683 -0.0525417
-0.00100697 0.000809072 -0.00122486
-0.00346206 -0.0316321 -0.0302078
0.00585189 0.00154651 -0.00289659
0.000655534 0.000722516 -0.0331686
-0.0011714 0.00398329 -0.00748403
-0.00168458 -0.00115449 -0.00180609
-0.000487508 -2.04375e-05 -0.00164313
-0.00144092 0.00181117 0.00159084
-0.000217444 -0.000582167 -0.00734644
-0.00017057 -0.000114255 -6.51067e-05
0.000276884 -0.00100842 -0.0132916
-0.000157731 0.000967387 -0.00267323
-0.00026515 -0.000236847 -0.0076264
-0.00018446 -4.10969e-06 -0.0112807
8.20654e-05 -9.75985e-05 -0.00355443
-5.4236e-05 -0.00100363 -0.00278142
6.11056e-05 -0.000910435 -0.000795644
0.000181279 0.000431087 -0.000729939
0.000523326 -0.00109307 -0.0043535
0.000687671 0.000383991 -0.0124051
-0.000678829 0.000146759 -0.000805953
-0.000190083 0.000861916 -0.000850156
0.000673263 0.000292749 -0.00857513
0.000207673 -0.00103524 -0.0090001
-0.00121602 -0.000236322 -0.000722831
-3.03834e-05 0.000220476 -0.000748185
-0.000247363 0.00097671 -0.0199027
0.000214687 0.000401453 0.00012907
8.99492e-05 2.08761e-05 0.000229798
-0.000228176 0.000159679 -0.000889812
9.33525e-05 -3.91415e-05 -0.00222998
9.79861e-05 -0.00101964 -0.0205772
-8.63512e-05 7.77e-05 -0.000412191
5.13618e-05 -5.08563e-05 -0.00138668
-0.000116324 -8.3782e-05 -0.00135784
6.47173e-05 2.71934e-05 0.000114816
-8.43858e-05 -0.000326925 -0.00487107
0.000722773 0.000565878 -0.0142428
0.000179593 -0.000513506 -0.000943623
-3.82263e-05 4.42093e-05 -4.19348e-05
8.06555e-05 -5.86193e-05 -0.00151689
0.000164162 -2.30655e-06 -0.00424798
0.000315108 0.000370098 -0.00171434
0.00010391 -0.000105823 -0.00304119
2.41725e-06 -0.000220781 -0.000166586
-7.30069e-05 -1.23162e-05 -0.000226159
-0.00036553 0.000759414 -0.00369532
4.72817e-06 -0.000168637 3.96773e-05
9.72672e-05 -7.30462e-05 8.70704e-06
-2.58696e-05 -0.000632233 -0.0118283
0.000114392 -0.000328259 -0.00423445
-1.66685e-05 -1.33424e-05 -0.000556754
1.1995e-05 -0.000177387 -0.00480988
0.000158554 -0.000284784 -0.00364207
5.49736e-05 -4.99642e-06 5.45164e-05
5.04959e-05 -3.13092e-05 -0.000881021
0.000234529 -8.40427e-06 0.000199115
-2.95832e-05 -6.55523e-05 -0.00107958
4.36737e-05 -1.90667e-05 -0.000723862
6.11648e-05 -6.10053e-05 -0.000939822
3.55764e-05 -0.000187987 -0.00311479
-4.21959e-05 -0.000107607 -0.00172064
3.31939e-05 -4.52882e-05 -0.00111578
2.16947e-05 -9.10027e-05 -0.00144638
-0.00132086 -3.36216e-05 -0.00357527
-0.000283738 0.000141257 5.5046e-05
-0.000705786 0.000341024 0.000875675
-1.38271e-05 0.00059689 -3.64068e-05
-0.000203493 -6.77821e-05 0.000144702
-0.001706 -0.00757071 -0.00826482
-0.000634306 -0.000796477 -0.00148974
0.00211168 0.000329039 0.00127787
-0.000243935 -0.000166937 -0.00608855
-0.000568525 -0.000639582 -0.0218752
0.000364361 0.000510719 -0.00454613
-0.00259563 -0.00723397 -0.0127466
-0.00437502 -0.00277416 -0.0160318
-0.000351165 0.000142529 -0.0175152
0.000127328 0.000498093 -0.0290518
-0.00558252 -0.0061633 -0.00795562
0.00760979 -0.0163218 -0.0175651
-0.00010885 -0.000278921 -0.00759303
-9.00224e-05 -0.00010242 -0.00292349
7.17218e-05 1.83477e-05 -0.00160174
-0.000136049 -4.12832e-05 1.8242e-05
-3.37577e-05 -0.00015295 0.000159169
-5.31293e-06 -8.47779e-05 4.30992e-06
-0.000307814 -0.000324346 -0.000494803
-0.000353777 -0.000209748 -0.000164148
-0.000408037 -3.57652e-05 -0.000134199
-0.000451148 0.00016718 0.000454945
0.0152219 -0.00698064 -0.01302
0.00877361 -0.00461083 -0.0168649
0.00207025 9.65369e-05 -0.00249594
-2.83318e-06 -1.52198e-05 -0.000297723
9.87175e-05 -0.000146438 -0.0110981
1.53894e-05 0.000721566 -0.000676763
-0.000275752 0.000456358 -0.0115758
4.00946e-07 -8.25756e-06 -0.000160147
0.000708179 1.20109e-05 -0.00995804
-0.00025178 -0.000193573 -0.0061938

CELL_DATA 2516
SCALARS part_id int
LOOKUP_TABLE default
0
0
0
0
0
0
0
0
0
0
0
0
0
0
0
0
0
0
0
0
0
0
0
0
0
0
0
0
0
0
0
0
0
0
0
0
0
0
0
0
0
0
0
0
0
0
0
0
0
0
0
0
0
0
0
0
0
0
0
0
0
0
0
0
0
0
0
0
0
0
0
0
0
0
0
0
0
0
0
0
0
0
0
0
0
0
0
0
0
0
0
0
0
0
0
0
0
0
0
0
0
0
0
0
0
0
0
0
0
0
0
0
0
0
0
0
0
0
0
0
0
0
0
0
0
0
0
0
0
0
0
0
0
0
0
0
0
0
0
0
0
0
0
0
0
0
0
0
0
0
0
0
0
0
0
0
0
0
0
0
0
0
0
0
0
0
0
0
0
0
0
0
0
0
0
0
0
0
0
0
0
0
0
0
0
0
0
0
0
0
0
0
0
0
0
0
0
0
0
0
0
0
0
0
0
0
0
0
0
0
0
0
0
0
0
0
0
0
0
0
0
0
0
0
0
0
0
0
0
0
0
0
0
0
0
0
0
0
0
0
0
0
0
0
0
0
0
0
0
0
0
0
0
0
0
0
0
0
0
0
0
0
0
0
0
0
0
0
0
0
0
0
0
0
0
0
0
0
0
0
0
0
0
0
0
0
0
0
0
0
0
0
0
0
0
0
0
0
0
0
0
0
0
0
0
0
0
0
0
0
0
0
0
0
0
0
0
0
0
0
0
0
0
0
0
0
0
0
0
0
0
0
0
0
0
0
0
0
0
0
0
0
0
0
0
0
0
0
0
0
0
0
0
0
0
0
0
0
0
0
0
0
0
0
0
0
0
0
0
0
0
0
0
0
0
0
0
0
0
0
0
0
0
0
0
0
0
0
0
0
0
0
0
0
0
0
0
0
0
0
0
0
0
0
0
0
0
0
0
0
0
0
0
0
0
0
0
0
0
0
0
0
0
0
0
0
0
0
0
0
0
0
0
0
0
0
0
0
0
0
0
0
0
0
0
0
0
0
0
0
0
0
0
0
0
0
0
0
0
0
0
0
0
0
0
0
0
0
0
0
0
0
0
0
0
0
0
0
0
0
0
0
0
0
0
0
0
0
0
0
0
0
0
0
0
0
0
0
0
0
0
0
0
0
0
0
0
0
0
0
0
0
0
0
0
0
0
0
0
0
0
0
0
0
0
0
0
0
0
0
0
0
0
0
0
0
0
0
0
0
0
0
0
0
0
0
0
0
0
0
0
0
0
0
0
0
0
0
0
0
0
0
0
0
0
0
0
0
0
0
0
0
0
0
0
0
0
0
0
0
0
0
0
0
0
0
0
0
0
0
0
0
0
0
0
0
0
0
0
0
0
0
0
0
0
0
0
0
0
0
0
0
0
0
0
0
0
0
0
0
0
0
0
0
0
0
0
0
0
0
0
0
0
0
0
0
0
0
0
0
0
0
0
0
0
0
0
0
0
0
0
0
0
0
0
0
0
0
0
0
0
0
0
0
0
0
0
0
0
0
0
0
0
0
0
0
0
0
0
0
0
0
0
0
0
0
0
0
0
0
0
0
0
0
0
0
0
0
0
0
0
0
0
0
0
0
0
0
0
0
0
0
0
0
0
0
0
0
0
0
0
0
0
0
0
0
0
0
0
0
0
0
0
0
0
0
0
0
0
0
0
0
0
0
0
0
0
0
0
0
0
0
0
0
0
0
0
0
0
0
0
0
0
0
0
0
0
0
0
0
0
0
0
0
0
0
0
0
0
0
0
0
0
0
0
0
0
0
0
0
0
0
0
0
0
0
0
0
0
0
0
0
0
0
0
0
0
0
0
0
0
0
0
0
0
0
0
0
0
0
0
0
0
0
0
0
0
0
0
0
0
0
0
0
0
0
0
0
0
0
0
0
0
0
0
0
0
0
0
0
0
0
0
0
0
0
0
0
0
0
0
0
0
0
0
0
0
0
0
0
0
0
0
0
0
0
0
0
0
0
0
0
0
0
0
0
0
0
0
0
0
0
0
0
0
0
0
0
0
0
0
0
0
0
0
0
0
0
0
0
0
0
0
0
0
0
0
0
0
0
0
0
0
0
0
0
0
0
0
0
0
0
0
0
0
0
0
0
0
0
0
0
0
0
0
0
0
0
0
0
0
0
0
0
0
0
0
0
0
0
0
0
0
0
0
0
0
0
0
0
0
0
0
0
0
0
0
0
0
0
0
0
0
0
0
0
0
0
0
0
0
0
0
0
0
0
0
0
0
0
0
0
0
0
0
0
0
0
0
0
0
0
0
0
0
0
0
0
0
0
0
0
0
0
0
0
0
0
0
0
0
0
0
0
0
0
0
0
0
0
0
0
0
0
0
0
0
0
0
0
0
0
0
0
0
0
0
0
0
0
0
0
0
0
0
0
0
0
0
0
0
0
0
0
0
0
0
0
0
0
0
0
0
0
0
0
0
0
0
0
0
0
0
0
0
0
0
0
0
0
0
0
0
0
0
0
0
0
0
0
0
0
0
0
0
0
0
0
0
0
0
0
0
0
0
0
0
0
0
0
0
0
0
0
0
0
0
0
0
0
0
0
0
0
0
0
0
0
0
0
0
0
0
0
0
0
0
0
0
0
0
0
0
0
0
0
0
0
0
0
0
0
0
0
0
0
0
0
0
0
0
0
0
0
0
0
0
0
0
0
0
0
0
0
0
0
0
0
0
0
0
0
0
0
0
0
0
0
0
0
0
0
0
0
0
0
0
0
0
0
0
0
0
0
0
0
0
0
0
0
0
0
0
0
0
0
0
0
0
0
0
0
0
0
0
0
0
0
0
0
0
0
0
0
0
0
0
0
0
0
0
0
0
0
0
0
0
0
0
0
0
0
0
0
0
0
0
0
0
0
0
0
0
0
0
0
0
0
0
0
0
0
0
0
0
0
0
0
0
0
0
0
0
0
0
0
0
0
0
0
0
0
0
0
0
0
0
0
0
0
0
0
0
0
0
0
0
0
0
0
0
0
0
0
0
0
0
0
0
0
0
0
0
0
0
0
0
0
0
0
0
0
0
0
0
0
0
0
0
0
0
0
0
0
0
0
0
0
0
0
0
0
0
0
0
0
0
0
0
0
0
0
0
0
0
0
0
0
0
0
0
0
0
0
0
0
0
0
0
0
0
0
0
0
0
0
0
0
0
0
0
0
0
0
0
0
0
0
0
0
0
0
0
0
0
0
0
0
0
0
0
0
0
0
0
0
0
0
0
0
0
0
0
0
0
0
0
0
0
0
0
0
0
0
0
0
0
0
0
0
0
0
0
0
0
0
0
0
0
0
0
0
0
0
0
0
0
0
0
0
0
0
0
0
0
0
0
0
0
0
0
0
0
0
0
0
0
0
0
0
0
0
0
0
0
0
0
0
0
0
0
0
0
0
0
0
0
0
0
0
0
0
0
0
0
0
0
0
0
0
0
0
0
0
0
0
0
0
0
0
0
0
0
0
0
0
0
0
0
0
0
0
0
0
0
0
0
0
0
0
0
0
0
0
0
0
0
0
0
0
0
0
0
0
0
0
0
0
0
0
0
0
0
0
0
0
0
0
0
0
0
0
0
0
0
0
0
0
0
0
0
0
0
0
0
0
0
0
0
0
0
0
0
0
0
0
0
0
0
0
0
0
0
0
0
0
0
0
0
0
0
0
0
0
0
0
0
0
0
0
0
0
0
0
0
0
0
0
0
0
0
0
0
0
0
0
0
0
0
0
0
0
0
0
0
0
0
0
0
0
0
0
0
0
0
0
0
0
0
0
0
0
0
0
0
0
0
0
0
0
0
0
0
0
0
0
0
0
0
0
0
0
0
0
0
0
0
0
0
0
0
0
0
0
0
0
0
0
0
0
0
0
0
0
0
0
0
0
0
0
0
0
0
0
0
0
0
0
0
0
0
0
0
0
0
0
0
0
0
0
0
0
0
0
0
0
0
0
0
0
0
0
0
0
0
0
0
0
0
0
0
0
0
0
0
0
0
0
0
0
0
0
0
0
0
0
0
0
0
0
0
0
0
0
0
0
0
0
0
0
0
0
0
0
0
0
0
0
0
0
0
0
0
0
0
0
0
0
0
0
0
0
0
0
0
0
0
0
0
0
0
0
0
0
0
0
0
0
0
0
0
0
0
0
0
0
0
0
0
0
0
0
0
0
0
0
0
0
0
0
0
0
0
0
0
0
0
0
0
0
0
0
0
0
0
0
0
0
0
0
0
0
0
0
0
0
0
0
0
0
0
0
0
0
0
0
0
0
0
0
0
0
0
0
0
0
0
0
0
0
0
0
0
0
0
0
0
0
0
0
0
0
0
0
0
0
0
0
0
0
0
0
0
0
0
0
0
0
0
0
0
0
0
0
0
0
0
0
0
0
0
0
0
0
0
0
0
0
0
0
0
0
0
0
0
0
0
0
0
0
0
0
0
0
0
0
0
0
0
0
0
0
0
0
0
0
0
0
0
0
0
0
0
0
0
0
0
0
0
0
0
0
0
0
0
0
0
0
0
0
0
0
0
0
0
0
0
0
0
0
0
0
0
0
0
0
0
0
0
0
0
0
0
0
0
0
0
0
0
0
0
0
0
0
0
0
0
0
0
0
0
0
0
0
0
0
0
0
0
0
0
0
0
0
0
0
0
0
0
0
0
0
0
0
0
0
0
0
0
0
0
0
0
0
0
0
0
0
0
0
0
0
0
0
0
0
0
0
0
0
0
0
0
0
0
0
0
0
0
0
0
0
0
0
0
0
0
0
0
0
0
0
0
0
0
0
0
0
0
0
0
0
0
0
0
0
0
0
0
0
0
0
0
0
0
0
0
0
0
0
0
0
0
0
0
0
0
0
0
0
0
0
0
0
0
0
0
0
0
0
0
0
0
0
0
0
0
0
0
0
0
0
0
0
0
0
0
0
0
0
0
0
0
0
0
0
0
0
0
0
0
0
0
0
0
0
0
0
0
0
0
0
0
0
0
0
0
0
0
0
0
0
0
0
0
0
0
0
0
0
0
0
0
0
0
0
0
0
0
0
0
0
0
0
0
0
0
0
0
0
0
0
0
0
0
0
0
0
0
0
0
0
0
0
0
0
0
0
0
0
0
0
0
0
0
0
0
0
0
0
0
0
0
0
0
0
0
0
0
0
0
0
0
0
0
0
0
0
0
0
0
0
0
0
0
0
0
0
0
0
0
0
0
0
0
0
0
0
0
0
0
0
0
0
0
0
0
0
0
0
0
0
0
0
0
0
0
0
0
0
0
0
0
0
0
0
0
0
0
0
0
0
0
0
0
0
0
0
0
0
0
0
0
0
0
0
0
0
0
0
0
0
0
0
0
0
0
0
0
0
0
0
0
0
0
0
0
0
0
0
0
0
0
0
0
0
0
0
0
0
0
0
0
0
0
0
0
0
0
0
0
0
0
0
0
0
0
0
0
0
0
0
0
0
0
0
0
0
0
0
0
0
0
0
0
0
0
0
0
0
0
0
0
0
0
0
0
0
0
0
0
0
0
0
0
0
0
0
0
0
0
0
0
0
0
0
0
0
0
0
0
0
0
0
0
0
0
0
0
0
0
0
0
0
0
0
0
0
0
0
0
0
0
0
0
0
0
0
0
0
0
0
0
0
0
0
0
0
0
0
0
0
0
0
0
0
TENSORS stress float
0.0228809 0.000733901 -0.0132518
0.000733901 0.030984 0.0288308
-0.0132518 0.0288308 0.256935

0.0390636 0.0036196 -0.0126924
0.0036196 0.0358089 0.0267271
-0.0126924 0.0267271 0.29806

-0.00642921 0.00495738 0.00304762
0.00495738 -0.00158843 -0.016446
0.00304762 -0.016446 0.145055

0.0199509 0.00179507 0.063182
0.00179507 0.0232422 -0.0375536
0.063182 -0.0375536 0.552762

-0.00135886 -0.00746521 -0.0141469
-0.00746521 0.000704811 0.0248116
-0.0141469 0.0248116 0.241044

0.0239677 0.000868699 0.0212829
0.000868699 0.0182336 0.0223026
0.0212829 0.0223026 0.664798

0.0181855 0.0027346 0.0103882
0.0027346 0.0206954 -0.0047837
0.0103882 -0.0047837 0.0502962

-0.000538076 -0.00721556 -0.0048585
-0.00721556 0.0204318 0.0021554
-0.0048585 0.0021554 0.183023

-0.0124268 0.00269882 0.0443292
0.00269882 -0.00432931 -0.0184992
0.0443292 -0.0184992 0.611101

-0.0115616 0.00446203 -0.012156
0.00446203 -0.00157549 -0.0488625
-0.012156 -0.0488625 0.440013

0.044977 -0.00177017 0.00166824
-0.00177017 0.0430479 -0.00485917
0.00166824 -0.00485917 0.197359

-0.00595491 0.00122734 0.0695252
0.00122734 0.000363316 -0.0383107
0.0695252 -0.0383107 0.486271

-7.5736e-05 0.00648905 0.0700414
0.00648905 0.006472 0.010367
0.0700414 0.010367 0.445309

0.00981036 0.00343825 0.00307369
0.00343825 0.00817611 -0.00159103
0.00307369 -0.00159103 0.558496

0.0232026 -0.000656453 0.0150812
-0.000656453 0.0263445 0.00255479
0.0150812 0.00255479 0.67636

0.0227503 -0.00325823 0.0390072
-0.00325823 0.0176488 -0.0481733
0.0390072 -0.0481733 0.563512

0.0182385 0.00171931 -0.00225778
0.00171931 0.0142281 -0.0146703
-0.00225778 -0.0146703 0.190978

0.0189194 -0.000707753 0.00531381
-0.000707753 0.0184619 -0.00077886
0.00531381 -0.00077886 0.547883

0.0209208 0.00291683 -0.00479884
0.00291683 0.0206434 -0.0165381
-0.00479884 -0.0165381 0.202594

0.0213144 -0.00110055 0.0183904
-0.00110055 0.0196689 0.015792
0.0183904 0.015792 0.661403

-0.00884634 0.00231285 -0.0186854
0.00231285 -0.0096554 -0.0538954
-0.0186854 -0.0538954 0.446728

0.0109175 -0.00133486 0.037236
-0.00133486 0.00811682 -0.0525481
0.037236 -0.0525481 0.502941

-0.0338316 -0.00068363 0.00470499
-0.00068363 -0.0285297 0.0230174
0.00470499 0.0230174 0.403047

0.0383901 -0.0022399 -0.0105572
-0.0022399 0.0379253 -0.00760287
-0.0105572 -0.00760287 0.284404

0.0168401 -0.000106208 0.0177115
-0.000106208 0.0158262 0.0161063
0.0177115 0.0161063 0.660949

0.0256084 0.00122949 0.0223961
0.00122949 0.0199321 0.0210777
0.0223961 0.0210777 0.676509

0.0234709 -0.00145276 0.0358487
-0.00145276 0.0202974 -0.06932
0.0358487 -0.06932 0.548566

0.0247491 0.000992547 -0.00717007
0.000992547 0.0113018 0.0194227
-0.00717007 0.0194227 0.216631

-0.0231989 0.0090131 0.0126924
0.0090131 -0.0161355 0.0217716
0.0126924 0.0217716 0.387186

0.00310123 -0.00140794 0.0353572
-0.00140794 -0.00196319 -0.0645292
0.0353572 -0.0645292 0.492015

0.049754 -2.82352e-08 -0.00089562
-2.82352e-08 0.049754 0.000888638
-0.00089562 0.000888638 0.680746

0.028704 -0.00413765 0.0127693
-0.00413765 0.00554734 0.00308094
0.0127693 0.00308094 0.180793

0.0103715 0.00276379 -0.0367402
0.00276379 0.0137861 0.0246348
-0.0367402 0.0246348 0.698471

0.0216733 -0.00890455 0.0255829
-0.00890455 0.0102646 0.0170049
0.0255829 0.0170049 0.198561

0.00185618 9.69392e-05 0.0443275
9.69392e-05 0.0113711 0.015224
0.0443275 0.015224 0.657975

0.0307325 -0.0104548 0.0210439
-0.0104548 0.0257744 0.00695943
0.0210439 0.00695943 0.218768

0.0134753 0.00399352 -0.0355724
0.00399352 0.0164581 0.0247328
-0.0355724 0.0247328 0.6932

0.00963637 0.00334813 0.0107279
0.00334813 -0.00425663 -0.0292083
0.0107279 -0.0292083 0.198829

0.0238111 -0.000517538 -0.0119698
-0.000517538 0.0306615 0.00768973
-0.0119698 0.00768973 0.139454

-0.0235415 -0.000855156 0.0570399
-0.000855156 -0.0385928 -0.00637865
0.0570399 -0.00637865 0.364151

0.0418008 -0.00169313 0.0560993
-0.00169313 0.0337161 -0.0133326
0.0560993 -0.0133326 0.489997

0.0250267 -0.000239178 0.0180577
-0.000239178 0.0270195 0.0092731
0.0180577 0.0092731 0.6825

-0.0479836 -0.00382522 -0.000790144
-0.00382522 -0.0470756 0.00340176
-0.000790144 0.00340176 0.360568

0.0202344 0.00317038 -0.0123328
0.00317038 0.0146209 -0.0308135
-0.0123328 -0.0308135 0.669007

0.0227992 0.00397324 -0.00175483
0.00397324 0.0174607 -0.0468113
-0.00175483 -0.0468113 0.689716

-0.016623 0.00152026 0.0651792
0.00152026 -0.028987 0.00563709
0.0651792 0.00563709 0.428737

0.0286907 0.00554904 -0.0302511
0.00554904 0.0274335 0.0188069
-0.0302511 0.0188069 0.779673

0.0114228 0.00117906 -0.00256091
0.00117906 0.00526286 -0.0269538
-0.00256091 -0.0269538 0.643829

0.00370224 -0.000652773 0.0408944
-0.000652773 0.00770084 0.00677672
0.0408944 0.00677672 0.694865

-0.0513053 -0.000412654 -0.000878788
-0.000412654 -0.0457346 0.00735191
-0.000878788 0.00735191 0.344717

-0.0503579 -0.00282549 -0.00160884
-0.00282549 -0.0357836 0.00168031
-0.00160884 0.00168031 0.336355

0.0288959 0.00173318 -0.0107172
0.00173318 0.02465 0.00891488
-0.0107172 0.00891488 0.567875

-0.0410644 -0.00373417 0.00244829
-0.00373417 -0.0409245 -0.00548798
0.00244829 -0.00548798 0.384684

-0.0517305 -0.00587705 -0.00114643
-0.00587705 -0.0432909 0.00244018
-0.00114643 0.00244018 0.344864

-0.0322595 0.000250994 -0.00387934
0.000250994 -0.0281306 -0.0193279
-0.00387934 -0.0193279 0.393034

0.0262788 -0.000245406 -0.00137011
-0.000245406 0.0159261 0.0498279
-0.00137011 0.0498279 0.71912

-0.02383 -0.00457011 0.0396099
-0.00457011 -0.0191379 -0.0289104
0.0396099 -0.0289104 0.428833

-0.0258559 -0.00166626 0.00770409
-0.00166626 -0.026545 -0.00711107
0.00770409 -0.00711107 0.416282

0.00559028 0.00288606 0.00182707
0.00288606 -0.00403645 0.0834704
0.00182707 0.0834704 0.479046

-0.00250009 0.00435078 0.00413101
0.00435078 -0.00823323 0.0249232
0.00413101 0.0249232 0.205022

0.0243625 -0.00118464 -0.00586001
-0.00118464 0.0446324 0.0129666
-0.00586001 0.0129666 0.185132

-0.0532649 0.00185111 -0.00324378
0.00185111 -0.0619463 0.00807145
-0.00324378 0.00807145 0.370796

0.0257939 0.00148505 -0.00540556
0.00148505 0.0238314 -0.00315649
-0.00540556 -0.00315649 0.546616

-0.0643927 0.00132128 -0.0035864
0.00132128 -0.0662861 -0.00284203
-0.0035864 -0.00284203 0.349611

-0.0461507 0.00119937 0.00110659
0.00119937 -0.0509183 -0.000529618
0.00110659 -0.000529618 0.380399

0.0162686 0.00134217 0.00387142
0.00134217 0.00913444 0.0227383
0.00387142 0.0227383 0.519963

0.000297285 -0.00958609 0.0317572
-0.00958609 -0.0182113 -0.00300578
0.0317572 -0.00300578 0.37427

0.00342292 -0.0116411 0.0254826
-0.0116411 -0.00583708 -0.0171098
0.0254826 -0.0171098 0.382023

0.000156948 0.00134445 0.0104226
0.00134445 0.00423527 0.00223492
0.0104226 0.00223492 0.0899429

0.0185135 -0.00188804 -0.00131063
-0.00188804 0.00391072 0.0490966
-0.00131063 0.0490966 0.715328

-0.00579617 0.00628154 -0.00765608
0.00628154 -0.0210126 0.0233707
-0.00765608 0.0233707 0.0361716

-0.0439043 0.00436065 0.00695258
0.00436065 -0.0625503 0.00338291
0.00695258 0.00338291 0.329033

0.00811385 -0.000781791 -0.000969456
-0.000781791 0.00959253 0.0704074
-0.000969456 0.0704074 0.533026

-0.0295747 0.00520364 -0.0034744
0.00520364 -0.0304966 -0.00671441
-0.0034744 -0.00671441 0.37604

-0.0107005 0.000899698 0.0114938
0.000899698 -0.00186166 -0.000257029
0.0114938 -0.000257029 0.0669878

0.012982 -0.00466153 -0.00617597
-0.00466153 -0.0025445 0.0468649
-0.00617597 0.0468649 0.692485

0.034733 -0.00310671 -0.0132843
-0.00310671 0.0290274 -0.00852423
-0.0132843 -0.00852423 0.264212

-0.0289861 0.00853382 -0.0128107
0.00853382 -0.0290623 -0.0072446
-0.0128107 -0.0072446 0.338179

0.0253918 -0.000803641 -0.00491077
-0.000803641 0.0311581 0.0750863
-0.00491077 0.0750863 0.589211

0.000944845 0.000878692 -0.0681485
0.000878692 0.0101102 0.0206913
-0.0681485 0.0206913 0.55581

0.000407044 -0.000842952 -0.0766419
-0.000842952 0.0039426 0.01981
-0.0766419 0.01981 0.546207

-0.011055 -0.00167025 0.00960758
-0.00167025 -0.0117547 -0.000398499
0.00960758 -0.000398499 0.0642294

0.0184877 -0.00178688 0.000637194
-0.00178688 0.0232232 -0.0196049
0.000637194 -0.0196049 0.204597

0.0189292 -0.000356913 0.016383
-0.000356913 0.0165494 0.00160283
0.016383 0.00160283 0.110502

0.00223006 0.00222488 -0.0701584
0.00222488 0.00717076 0.0222866
-0.0701584 0.0222866 0.521993

-0.0500268 -0.0132267 0.00576893
-0.0132267 -0.0156898 0.0314974
0.00576893 0.0314974 0.276879

9.70798e-05 -0.000685969 0.00510873
-0.000685969 -0.00119081 0.0409738
0.00510873 0.0409738 0.503452

0.0145031 -0.00349944 -0.0253582
-0.00349944 0.0199529 0.00454067
-0.0253582 0.00454067 0.226506

0.0375464 -0.000236988 -0.0145915
-0.000236988 0.0413915 0.00819981
-0.0145915 0.00819981 0.163469

0.00307083 0.00191368 0.00126769
0.00191368 0.0236895 -0.0282431
0.00126769 -0.0282431 0.419964

0.00789263 0.00125977 -0.0110212
0.00125977 0.00623016 -0.00661638
-0.0110212 -0.00661638 0.499574

-0.0149079 -0.0012861 0.00894586
-0.0012861 -0.0113138 -0.0325395
0.00894586 -0.0325395 0.430361

-0.0418421 0.00572542 -0.0010229
0.00572542 -0.0380164 -0.00923977
-0.0010229 -0.00923977 0.364557

-0.0261714 -0.0082902 -0.0036049
-0.0082902 -0.00270778 0.0158381
-0.0036049 0.0158381 0.354838

-0.058762 0.00326748 -0.00497805
0.00326748 -0.0449667 0.00010554
-0.00497805 0.00010554 0.350697

-0.0707162 -0.00838124 -0.00711335
-0.00838124 -0.0493246 0.0018622
-0.00711335 0.0018622 0.281611

0.00148207 0.00170401 0.00566603
0.00170401 0.00865344 -0.0256553
0.00566603 -0.0256553 0.189133

0.015149 0.00232071 -0.0195405
0.00232071 0.0198971 0.00247241
-0.0195405 0.00247241 0.208161

-0.0555464 -0.00237226 -0.000845155
-0.00237226 -0.021195 0.0163942
-0.000845155 0.0163942 0.285463

-0.0522815 0.00248606 -0.00025892
0.00248606 -0.0568103 -0.000457766
-0.00025892 -0.000457766 0.361283

0.0137855 0.00355233 0.00939101
0.00355233 0.0174622 -0.0370448
0.00939101 -0.0370448 0.268665

0.0192767 -0.00554915 -0.0206985
-0.00554915 0.0256118 0.00256291
-0.0206985 0.00256291 0.232906

0.0269322 0.0040789 -0.0630731
0.0040789 0.0201754 0.0158657
-0.0630731 0.0158657 0.655483

0.0268222 0.00350444 -0.00594386
0.00350444 0.0167496 -0.0168384
-0.00594386 -0.0168384 0.204127

0.0158508 0.00252698 -0.0562354
0.00252698 0.0199229 0.0127709
-0.0562354 0.0127709 0.652189

0.0524466 1.90287e-08 0.00116059
1.90287e-08 0.0524465 0.000462239
0.00116059 0.000462239 0.690868

-0.0428394 -0.000532322 -0.00672112
-0.000532322 -0.0432871 -0.00213369
-0.00672112 -0.00213369 0.354402

0.0186877 0.00915832 0.0130093
0.00915832 0.0163281 0.0418613
0.0130093 0.0418613 0.442511

-0.0109998 -0.00251641 -0.00252467
-0.00251641 0.0230265 0.0179929
-0.00252467 0.0179929 0.360352

-0.00604324 -0.0045531 -0.00150281
-0.0045531 -0.0173172 -0.00283726
-0.00150281 -0.00283726 0.154998

-0.0514102 -0.00156895 0.00216618
-0.00156895 -0.0533523 -0.00103309
0.00216618 -0.00103309 0.380275

0.0180251 -0.00263371 -0.00834012
-0.00263371 0.0206263 -0.00839575
-0.00834012 -0.00839575 0.507648

0.04606 0.00485445 -0.0449557
0.00485445 0.112765 0.0628913
-0.0449557 0.0628913 0.869206

0.0355755 -0.00249869 0.00193915
-0.00249869 0.0268424 -0.00368867
0.00193915 -0.00368867 0.188495

0.0057775 -5.89326e-05 -0.011293
-5.89326e-05 0.0108432 -0.021333
-0.011293 -0.021333 0.177428

0.0224747 0.00301529 -0.00895874
0.00301529 0.0153258 -0.0475422
-0.00895874 -0.0475422 0.264954

0.00688082 -0.0029266 -0.00411688
-0.0029266 -0.00281767 -0.0445909
-0.00411688 -0.0445909 0.250552

0.00602189 0.00119186 -0.00042588
0.00119186 0.013263 0.00015932
-0.00042588 0.00015932 0.120826

-0.0428947 -0.0169681 -0.0188421
-0.0169681 -0.0385728 0.00909625
-0.0188421 0.00909625 0.27364

0.0115751 0.000428012 -0.00316111
0.000428012 -0.00350748 0.0160624
-0.00316111 0.0160624 0.049464

0.0447188 -0.00912219 0.00268937
-0.00912219 0.0481615 -0.0235284
0.00268937 -0.0235284 0.321105

-0.0490913 0.00695276 -0.0120717
0.00695276 -0.0607385 -0.00255598
-0.0120717 -0.00255598 0.316444

-0.0135638 0.014065 0.027971
0.014065 -0.0155243 0.0438522
0.027971 0.0438522 0.377418

0.032974 -0.00181685 -0.00272895
-0.00181685 0.0296412 0.0512019
-0.00272895 0.0512019 0.722951

0.0170747 -0.00286164 -0.0108327
-0.00286164 0.0210209 0.0110337
-0.0108327 0.0110337 0.129157

0.00818039 -0.000394277 -0.0590481
-0.000394277 0.0133933 -0.0182645
-0.0590481 -0.0182645 0.640742

0.050821 -0.01137 -0.00536222
-0.01137 0.0504304 -0.0143238
-0.00536222 -0.0143238 0.851576

0.0110257 -0.000105844 0.0141971
-0.000105844 0.00880053 -0.0341817
0.0141971 -0.0341817 0.262739

0.0475939 -0.00637941 0.00234401
-0.00637941 0.0475091 0.00345682
0.00234401 0.00345682 0.267786

-0.0111649 0.00279913 -0.0315582
0.00279913 -0.0108043 0.0430402
-0.0315582 0.0430402 0.517906

-0.00868879 0.00238813 -0.00188207
0.00238813 -0.0448473 0.000374969
-0.00188207 0.000374969 0.310166

0.0242473 -0.000241886 -0.0020128
-0.000241886 0.0166291 0.0486865
-0.0020128 0.0486865 0.722152

0.0167569 0.00273516 0.0103814
0.00273516 0.00401204 -0.00699055
0.0103814 -0.00699055 0.299273

0.0161923 0.000985981 -0.0451288
0.000985981 0.0199654 -0.00560093
-0.0451288 -0.00560093 0.641107

0.0418614 -0.00163327 -0.00717681
-0.00163327 -0.00170004 -0.0137073
-0.00717681 -0.0137073 0.200174

0.0183257 -0.00322207 -0.000140765
-0.00322207 0.00797785 -0.00908465
-0.000140765 -0.00908465 0.262187

0.0163274 -0.00203751 -0.0554565
-0.00203751 0.0142216 -0.0175044
-0.0554565 -0.0175044 0.64806

-0.00624355 0.0121184 -0.00681742
0.0121184 -0.0125896 0.0129882
-0.00681742 0.0129882 0.0428296

0.00079157 0.00744059 -0.00824329
0.00744059 0.0158699 -0.0326573
-0.00824329 -0.0326573 0.388841

-0.0373317 0.00350935 -0.00425329
0.00350935 -0.0427964 -0.00220131
-0.00425329 -0.00220131 0.382488

0.0294387 0.00425399 0.0541206
0.00425399 0.0243711 0.0204765
0.0541206 0.0204765 0.469583

0.0280797 0.0018372 -0.00661764
0.0018372 0.0356452 -0.0156947
-0.00661764 -0.0156947 0.277254

-0.0382666 0.00314908 -0.0127128
0.00314908 -0.0475836 0.00612933
-0.0127128 0.00612933 0.328569

-0.0276727 0.00801911 0.056231
0.00801911 -0.016794 0.032805
0.056231 0.032805 0.36537

0.0287526 0.00709338 0.0557459
0.00709338 0.0341461 0.0157703
0.0557459 0.0157703 0.466071

-0.00342898 0.000814524 0.0315335
0.000814524 -0.00196186 0.0260587
0.0315335 0.0260587 0.480299

0.00501043 0.00938918 0.0417535
0.00938918 0.000631904 -0.0125021
0.0417535 -0.0125021 0.232802

-0.0182145 0.00624365 -0.0524253
0.00624365 -0.0193777 -0.0401158
-0.0524253 -0.0401158 0.365611

-0.0376408 0.00149007 0.0130647
0.00149007 -0.0360283 0.0125528
0.0130647 0.0125528 0.382302

0.0219013 0.000393247 0.00573518
0.000393247 0.00365944 0.000519375
0.00573518 0.000519375 0.0727338

0.0321664 0.000542019 -0.0097439
0.000542019 0.0281354 -0.0353891
-0.0097439 -0.0353891 0.692298

-0.0182555 0.00477925 -0.051179
0.00477925 -0.0233563 -0.0187379
-0.051179 -0.0187379 0.370073

-0.0643695 0.00285076 -0.00588934
0.00285076 -0.0570788 -0.00299546
-0.00588934 -0.00299546 0.341721

0.0223547 0.00172489 -0.00257921
0.00172489 0.0199732 -0.00467815
-0.00257921 -0.00467815 0.626759

-0.0280068 0.00267999 -0.0118664
0.00267999 -0.00896373 -0.0114673
-0.0118664 -0.0114673 0.334128

-0.0346055 -0.00180129 -0.00241256
-0.00180129 -0.0137441 -0.0105188
-0.00241256 -0.0105188 0.332347

0.036854 -0.00307734 -0.0304867
-0.00307734 0.0261291 -0.00160774
-0.0304867 -0.00160774 0.596918

0.0313323 0.00200203 -0.0611602
0.00200203 0.0315218 0.0135587
-0.0611602 0.0135587 0.712259

0.00610747 0.0025461 -0.0144746
0.0025461 0.00194494 0.00869259
-0.0144746 0.00869259 0.494709

-0.0191443 -0.0143966 -0.0103539
-0.0143966 -0.0314978 -0.000353544
-0.0103539 -0.000353544 0.257449

0.00027599 0.00123899 -0.00151541
0.00123899 -0.0276728 0.0156228
-0.00151541 0.0156228 0.0393851

0.024453 -0.00025519 0.0052596
-0.00025519 0.0230068 -0.00350911
0.0052596 -0.00350911 0.0603666

-0.00265451 0.00507769 0.0236183
0.00507769 -0.00344745 0.0124994
0.0236183 0.0124994 0.494274

-0.00485743 0.00702817 -0.0467078
0.00702817 -0.0095818 -0.016957
-0.0467078 -0.016957 0.395893

0.0150562 0.00683873 -0.0431417
0.00683873 0.0171218 -0.0314137
-0.0431417 -0.0314137 0.423997

0.00398207 0.00160388 0.0133728
0.00160388 -0.0295588 0.0101549
0.0133728 0.0101549 0.304299

-0.0224275 -0.00108224 0.0134856
-0.00108224 -0.0180915 -0.0107881
0.0134856 -0.0107881 0.162604

-0.066227 0.00209041 -7.38563e-05
0.00209041 -0.0609838 -0.00161318
-7.38563e-05 -0.00161318 0.308431

0.0122775 -0.0008825 -0.0741283
-0.0008825 0.0188866 0.0177988
-0.0741283 0.0177988 0.615762

-0.00452648 -0.000317304 -0.0414785
-0.000317304 -0.00136493 -0.0593011
-0.0414785 -0.0593011 0.515727

-0.0442678 0.000305136 -0.0065139
0.000305136 -0.0535518 0.00101958
-0.0065139 0.00101958 0.340634

-0.00403959 0.000956871 0.0176692
0.000956871 -0.00115256 -0.0122051
0.0176692 -0.0122051 0.183019

-0.0555222 0.00400416 0.00147301
0.00400416 -0.0452297 -0.0159644
0.00147301 -0.0159644 0.31596

-0.0117228 0.00164943 0.0456598
0.00164943 -0.002963 -0.00545326
0.0456598 -0.00545326 0.224599

0.0330037 0.00215675 -0.0408532
0.00215675 0.0395004 -0.0279311
-0.0408532 -0.0279311 0.637628

-0.0223554 -0.023078 -0.00130578
-0.023078 -0.0403646 0.000807509
-0.00130578 0.000807509 0.27035

-0.00279384 0.0084223 -0.00890728
0.0084223 -0.0274559 0.0240479
-0.00890728 0.0240479 0.0350086

0.0174081 0.00660749 0.0179968
0.00660749 0.0105482 -0.0240732
0.0179968 -0.0240732 0.1628

0.0076975 0.00156901 -0.0129764
0.00156901 -0.0249313 0.00944496
-0.0129764 0.00944496 0.33276

-0.0305928 -0.00288304 -0.0276268
-0.00288304 -0.0506556 0.00245189
-0.0276268 0.00245189 0.30618

0.0343908 -0.00206419 0.00457782
-0.00206419 0.0361808 -0.00106903
0.00457782 -0.00106903 0.0749408

0.0160427 0.000383537 -0.0504154
0.000383537 0.0188722 -0.00538395
-0.0504154 -0.00538395 0.63057

-0.00816442 0.000827093 -0.048409
0.000827093 -0.0127268 -0.0157713
-0.048409 -0.0157713 0.431567

0.0157471 -0.00326723 0.0116106
-0.00326723 0.0200504 0.0194967
0.0116106 0.0194967 0.704587

-0.0519059 -0.000847293 0.000329337
-0.000847293 -0.0556845 -0.0017261
0.000329337 -0.0017261 0.376048

0.0231842 0.00432401 0.0167093
0.00432401 0.015769 -0.00872807
0.0167093 -0.00872807 0.171938

-0.0299259 0.00249145 0.00663664
0.00249145 -0.0459324 -0.00778884
0.00663664 -0.00778884 0.364434

0.0333385 0.00332901 -0.0146158
0.00332901 0.0313797 -0.028332
-0.0146158 -0.028332 0.561065

-0.0500843 -0.00703489 0.0021484
-0.00703489 -0.0111659 0.000268296
0.0021484 0.000268296 0.274088

-0.0229681 0.00321933 -0.0115384
0.00321933 -0.0385902 0.0170904
-0.0115384 0.0170904 0.377309

-0.0382769 0.00315045 -0.0267072
0.00315045 -0.0440219 -0.00409633
-0.0267072 -0.00409633 0.35285

0.0381601 -0.00160392 -0.00410902
-0.00160392 0.0156576 -0.0167447
-0.00410902 -0.0167447 0.17098

-0.00960837 0.000868385 -0.0183822
0.000868385 -0.0142728 -0.0584117
-0.0183822 -0.0584117 0.469678

0.0385265 0.000491448 -0.00121307
0.000491448 0.0432654 0.000606235
-0.00121307 0.000606235 0.683008

0.0360345 -0.00385163 0.00219617
-0.00385163 0.0224598 -0.00314118
0.00219617 -0.00314118 0.0731466

-0.0343081 0.00660895 -0.0230122
0.00660895 -0.0414067 -0.00625812
-0.0230122 -0.00625812 0.370819

-0.0461095 -0.00238416 -0.000948939
-0.00238416 -0.0502464 0.00135169
-0.000948939 0.00135169 0.367405

0.0329428 -0.00142463 0.0073344
-0.00142463 0.0344448 -0.00123678
0.0073344 -0.00123678 0.0717342

-0.0405376 0.00770703 -0.00647867
0.00770703 -0.027964 -0.0267193
-0.00647867 -0.0267193 0.328786

-0.0189212 0.00475919 -0.0130859
0.00475919 -0.0409012 -0.00115156
-0.0130859 -0.00115156 0.389736

-0.0201082 -0.010473 0.00942767
-0.010473 -0.0599671 -0.0131862
0.00942767 -0.0131862 0.284315

-0.00202648 0.00655424 0.0159352
0.00655424 -0.00816058 -0.0268311
0.0159352 -0.0268311 0.130094

0.0433189 0.00377697 -0.0387523
0.00377697 0.0320938 0.00616017
-0.0387523 0.00616017 0.551618

0.0403573 0.00372941 -0.00230605
0.00372941 0.0139304 0.000503533
-0.00230605 0.000503533 0.045314

-0.00952322 0.00181254 -0.0228003
0.00181254 -0.00827689 -0.00906073
-0.0228003 -0.00906073 0.185803

0.0205113 0.00280378 -0.0458898
0.00280378 0.0239058 0.0315843
-0.0458898 0.0315843 0.677355

0.0278539 0.00221552 -0.04267
0.00221552 0.0261987 0.02394
-0.04267 0.02394 0.68527

-0.0631339 0.00139474 0.00775987
0.00139474 -0.0352214 0.024366
0.00775987 0.024366 0.256808

0.0264811 0.00107732 0.00385235
0.00107732 0.027883 -0.00429154
0.00385235 -0.00429154 0.0612908

-0.0237609 0.00398488 -0.00293298
0.00398488 -0.0413786 -0.000328542
-0.00293298 -0.000328542 0.378281

-0.0142163 0.00166155 0.0245768
0.00166155 -0.0357489 0.00673531
0.0245768 0.00673531 0.303525

0.0321722 -0.000883375 -0.00220773
-0.000883375 0.0259911 0.0537003
-0.00220773 0.0537003 0.716353

-0.0339433 -0.0104381 0.00154342
-0.0104381 -0.0560669 0.00232137
0.00154342 0.00232137 0.278111

-0.0140311 0.00773613 -0.037
0.00773613 -0.0242679 -0.00634098
-0.037 -0.00634098 0.346928

0.00389037 0.00451657 0.0146351
0.00451657 -0.00153682 -0.00998697
0.0146351 -0.00998697 0.138313

-0.00357043 0.00135804 -0.00117848
0.00135804 0.00551385 0.00111843
-0.00117848 0.00111843 0.103098

0.0152064 0.00142084 0.00586441
0.00142084 0.0240324 0.00109836
0.00586441 0.00109836 0.134014

-0.0350004 -0.00591484 -0.00601988
-0.00591484 -0.0120279 0.0311389
-0.00601988 0.0311389 0.27288

0.0332078 0.00415591 -0.0442524
0.00415591 0.0377936 0.0610345
-0.0442524 0.0610345 0.708256

-0.01586 0.0036316 0.0184361
0.0036316 -0.0111658 0.00227203
0.0184361 0.00227203 0.390127

0.0139137 0.00495116 -0.0296925
0.00495116 0.0223549 0.0293761
-0.0296925 0.0293761 0.265164

0.0282579 0.00169286 0.000195753
0.00169286 0.030006 -0.00314534
0.000195753 -0.00314534 0.667427

0.0022584 0.00207738 -0.00251138
0.00207738 -0.024292 0.00504954
-0.00251138 0.00504954 0.364361

-0.0260171 0.00162034 0.00534703
0.00162034 0.00118925 0.0242664
0.00534703 0.0242664 0.319387

-0.0158266 0.00936635 -0.011974
0.00936635 0.0110122 -0.0352768
-0.011974 -0.0352768 0.386092

-0.00651491 -0.00195912 -0.0346241
-0.00195912 -0.00710109 0.00635229
-0.0346241 0.00635229 0.302965

0.0162758 0.00107509 0.00173169
0.00107509 0.0211324 0.000539391
0.00173169 0.000539391 0.536512

-0.0416806 0.00287589 -0.00655814
0.00287589 -0.0452586 0.006843
-0.00655814 0.006843 0.357714

0.00445178 0.00425883 -0.0330566
0.00425883 0.0149891 0.0295483
-0.0330566 0.0295483 0.252367

0.0217853 0.000641356 -0.00734256
0.000641356 0.0166115 -0.0325169
-0.00734256 -0.0325169 0.64727

-0.0209246 0.00242245 0.0579116
0.00242245 -0.034772 0.0104623
0.0579116 0.0104623 0.366057

-0.0158296 0.0107742 -0.03021
0.0107742 -0.0212932 -0.0465896
-0.03021 -0.0465896 0.377287

0.00258816 0.0115241 0.00379383
0.0115241 -0.0278694 0.00123539
0.00379383 0.00123539 0.309065

-0.0369778 0.00794587 0.00474361
0.00794587 -0.0132796 0.0241954
0.00474361 0.0241954 0.330798

0.0383777 -0.00314004 0.00698998
-0.00314004 0.0358102 -0.00128261
0.00698998 -0.00128261 0.189825

0.00375968 -0.000607907 0.0214162
-0.000607907 -0.00180508 0.0235765
0.0214162 0.0235765 0.476427

-0.0549231 0.00431668 -0.00809561
0.00431668 -0.0495573 0.00924233
-0.00809561 0.00924233 0.352217

0.00658362 0.00671164 -0.035016
0.00671164 -0.00394801 -0.00911473
-0.035016 -0.00911473 0.382537

0.0256687 -0.00800552 -0.0076186
-0.00800552 0.00658095 0.00930296
-0.0076186 0.00930296 0.302285

-0.0237751 0.00368506 -0.00960774
0.00368506 -0.0357385 0.0106202
-0.00960774 0.0106202 0.267685

-0.0713916 0.00996706 0.00560974
0.00996706 -0.0417614 0.0255608
0.00560974 0.0255608 0.264745

-0.0438869 0.0035214 -0.00406799
0.0035214 -0.0413253 0.00830704
-0.00406799 0.00830704 0.383741

0.0192998 -0.000276397 -0.00668672
-0.000276397 0.0054694 -0.00763787
-0.00668672 -0.00763787 0.00662795

-0.0282626 0.0035994 -0.0382722
0.0035994 -0.0489633 -0.00851679
-0.0382722 -0.00851679 0.331825

-0.00161604 -0.00299161 -0.00312537
-0.00299161 -0.0130123 -0.00233441
-0.00312537 -0.00233441 -0.0209005

-0.0221036 0.00418243 -0.00856185
0.00418243 -0.0656597 -0.0129194
-0.00856185 -0.0129194 0.286919

-0.00533354 0.000479053 0.00341627
0.000479053 0.000548146 0.00281616
0.00341627 0.00281616 0.0898938

0.0113942 -0.00239112 -0.0208538
-0.00239112 0.008575 -0.00192976
-0.0208538 -0.00192976 0.198566

0.0114865 0.0010952 0.0187093
0.0010952 0.00662389 0.0146256
0.0187093 0.0146256 0.230351

-0.0564905 0.000811302 0.000309654
0.000811302 -0.0559326 -0.00662573
0.000309654 -0.00662573 0.356109

-0.00569232 0.00400771 -0.035277
0.00400771 -0.0254154 -0.00549523
-0.035277 -0.00549523 0.370325

0.0250137 0.000729428 -0.00504665
0.000729428 0.00815226 -0.00607759
-0.00504665 -0.00607759 0.0100085

0.0390624 0.00675786 -0.0191893
0.00675786 0.0304761 0.0103721
-0.0191893 0.0103721 0.188078

-0.0303404 -0.000340067 0.00578603
-0.000340067 -0.0372365 -0.00116252
0.00578603 -0.00116252 0.402893

-0.0527002 0.00262697 -0.00963791
0.00262697 -0.0477274 0.00633584
-0.00963791 0.00633584 0.359007

0.00841063 0.00226346 -0.00934661
0.00226346 0.00647838 -0.00427949
-0.00934661 -0.00427949 0.496718

-0.00773098 -0.0075191 -0.0426652
-0.0075191 -0.0318256 0.0061694
-0.0426652 0.0061694 0.343733

-0.00351801 -0.00286115 -0.00376036
-0.00286115 -0.0280843 -0.00120689
-0.00376036 -0.00120689 0.362492

0.0463924 2.99283e-09 -0.000165696
2.99283e-09 0.0463924 -0.000509015
-0.000165696 -0.000509015 0.668135

0.0216396 0.00113797 -0.00692078
0.00113797 0.019714 -0.0048644
-0.00692078 -0.0048644 0.536404

-0.0518451 -0.000773199 -0.000286092
-0.000773199 -0.0461505 0.00509145
-0.000286092 0.00509145 0.358595

0.0154369 -0.00615356 -0.0398215
-0.00615356 -0.00512492 0.00627831
-0.0398215 0.00627831 0.393716

-0.0546187 -5.40599e-05 -0.00035995
-5.40599e-05 -0.0514104 -0.00450311
-0.00035995 -0.00450311 0.355635

0.0167219 -0.00480855 -0.00768407
-0.00480855 0.0383062 0.0121686
-0.00768407 0.0121686 0.179146

-0.0130744 -0.00253487 -0.0428069
-0.00253487 -0.00546914 0.000179759
-0.0428069 0.000179759 0.501479

0.0079012 0.011337 0.0100265
0.011337 -0.00898684 0.00554011
0.0100265 0.00554011 0.35209

0.0463924 2.99283e-09 -0.000165696
2.99283e-09 0.0463924 -0.000509015
-0.000165696 -0.000509015 0.668135

0.0141634 -0.000360793 0.0507142
-0.000360793 -0.0011744 0.0161113
0.0507142 0.0161113 0.419206

-0.0411446 -0.00105596 -0.000903489
-0.00105596 -0.0353989 0.00440926
-0.000903489 0.00440926 0.377676

-0.0215595 0.0117956 -0.00820535
0.0117956 -0.0343002 -0.00211296
-0.00820535 -0.00211296 0.288919

0.0106956 0.000387185 0.0555571
0.000387185 0.0115772 -0.0201678
0.0555571 -0.0201678 0.479736

-0.0357001 0.0168015 -0.00622873
0.0168015 -0.0468821 -0.00264226
-0.00622873 -0.00264226 0.279025

-0.0422158 -3.21987e-05 0.00400869
-3.21987e-05 -0.0492673 -3.88349e-05
0.00400869 -3.88349e-05 0.383061

-0.0684426 0.00786716 -0.000687123
0.00786716 -0.064275 0.00935538
-0.000687123 0.00935538 0.311579

-0.011897 -0.00135815 0.00174553
-0.00135815 -0.0171778 0.0127392
0.00174553 0.0127392 0.452926

-0.0322774 0.00791251 -0.00878086
0.00791251 -0.0388007 -0.000242957
-0.00878086 -0.000242957 0.344597

0.0188391 0.00223942 -0.000221565
0.00223942 0.00734757 0.00056939
-0.000221565 0.00056939 -0.00570816

-0.03132 -0.00198267 -0.00392568
-0.00198267 -0.0346147 0.00613884
-0.00392568 0.00613884 0.377422

-0.0137209 0.0093356 0.0107515
0.0093356 -0.0503748 0.0136682
0.0107515 0.0136682 0.300719

-0.0361931 0.00472913 -0.00293081
0.00472913 -0.0336376 -0.00767642
-0.00293081 -0.00767642 0.368983

0.0447619 0.00184846 -0.0316527
0.00184846 0.0516923 -0.00270542
-0.0316527 -0.00270542 0.850347

-0.0549075 -0.00162498 -0.00121453
-0.00162498 -0.0492715 -0.00909678
-0.00121453 -0.00909678 0.354239

0.0920041 0.00247422 0.0131973
0.00247422 0.0816453 0.00799859
0.0131973 0.00799859 0.890217

0.0525117 -0.00118071 -0.0226826
-0.00118071 0.0543292 -0.00910853
-0.0226826 -0.00910853 0.844987

0.0401367 0.00129158 -0.0307147
0.00129158 0.0445469 -0.000233724
-0.0307147 -0.000233724 0.838463

0.0774965 0.00637008 0.00980936
0.00637008 0.0777242 0.00653105
0.00980936 0.00653105 0.885689

0.113538 -7.20169e-07 0.0173791
-7.20169e-07 0.113528 -0.00117321
0.0173791 -0.00117321 0.925917

0.101274 2.71559e-06 0.0104161
2.71559e-06 0.101272 0.00737477
0.0104161 0.00737477 0.877871

0.106312 1.80503e-06 0.0125867
1.80503e-06 0.106307 0.00405804
0.0125867 0.00405804 0.897548

0.0183921 -0.00907717 -0.0346752
-0.00907717 0.0163372 -0.0308811
-0.0346752 -0.0308811 0.853605

0.0287327 -0.00612268 -0.0423257
-0.00612268 0.0200529 -0.028928
-0.0423257 -0.028928 0.85362

-0.0517877 -0.000935613 -0.000573272
-0.000935613 -0.0459039 -0.0117826
-0.000573272 -0.0117826 0.361001

0.0463924 2.99283e-09 -0.000165696
2.99283e-09 0.0463924 -0.000509015
-0.000165696 -0.000509015 0.668135

0.0374819 0.000590146 0.0139789
0.000590146 0.0451538 -0.000261971
0.0139789 -0.000261971 0.706765

0.0344389 -0.00145296 -0.0142567
-0.00145296 0.023558 -0.0248265
-0.0142567 -0.0248265 0.790804

0.0365896 -0.00270109 -0.000702915
-0.00270109 0.0256543 -0.0479079
-0.000702915 -0.0479079 0.782227

0.113538 -7.20169e-07 0.0173791
-7.20169e-07 0.113528 -0.00117321
0.0173791 -0.00117321 0.925917

0.0650666 -0.00662194 0.00492456
-0.00662194 0.0689661 -0.0104921
0.00492456 -0.0104921 0.851761

0.0425491 0.000266303 -0.0266698
0.000266303 0.0520025 0.00266273
-0.0266698 0.00266273 0.878688

0.0532549 0.000368682 -0.0096613
0.000368682 0.0508482 0.0176922
-0.0096613 0.0176922 0.88603

0.0687174 -0.00148639 0.0092171
-0.00148639 0.050511 0.00770892
0.0092171 0.00770892 0.847804

0.113895 -3.62085e-06 0.00902447
-3.62085e-06 0.113897 -0.0113598
0.00902447 -0.0113598 0.927333

0.0979542 -2.02072e-06 0.0108667
-2.02072e-06 0.097951 -0.00525892
0.0108667 -0.00525892 0.864941

0.113895 -3.62085e-06 0.00902447
-3.62085e-06 0.113897 -0.0113598
0.00902447 -0.0113598 0.927333

0.00884898 -0.00582295 -0.0061207
-0.00582295 0.00704898 -0.0139539
-0.0061207 -0.0139539 0.205206

-0.0216911 -0.00542014 -0.0173585
-0.00542014 -0.0143126 0.0278005
-0.0173585 0.0278005 0.302657

0.0283754 0.0112341 -0.0161141
0.0112341 0.011037 0.0212798
-0.0161141 0.0212798 0.893659

0.0166339 0.00712529 -0.00106065
0.00712529 -0.0111478 0.0352002
-0.00106065 0.0352002 0.88568

0.0383016 0.00384367 -0.0207336
0.00384367 0.0299693 0.0354963
-0.0207336 0.0354963 0.815441

0.0297025 0.00068289 -0.00289427
0.00068289 0.0118908 0.0518525
-0.00289427 0.0518525 0.80583

0.0328613 0.00213779 -0.041485
0.00213779 0.026449 -0.0361019
-0.041485 -0.0361019 0.756467

0.017624 -0.00290222 -0.0371709
-0.00290222 0.0216468 -0.0377283
-0.0371709 -0.0377283 0.754891

0.0272636 0.000684176 -0.0567902
0.000684176 0.0293425 -0.0123943
-0.0567902 -0.0123943 0.77203

-0.0169614 -0.000696301 -0.0424472
-0.000696301 -0.0123061 -0.00793931
-0.0424472 -0.00793931 0.635127

0.0255089 -3.18948e-05 0.0148689
-3.18948e-05 0.0303169 0.00457037
0.0148689 0.00457037 0.679444

0.00753466 0.000440913 -0.0549514
0.000440913 0.0151772 0.00998612
-0.0549514 0.00998612 0.727514

0.0108192 -0.00254555 0.0128203
-0.00254555 -0.00240167 -0.00816223
0.0128203 -0.00816223 0.221659

-0.0113166 0.00317045 -0.0630571
0.00317045 0.0105142 0.00829856
-0.0630571 0.00829856 0.708135

-0.0276817 -0.00196615 -0.019204
-0.00196615 -0.0325129 0.0268901
-0.019204 0.0268901 0.256472

0.0180598 0.00463056 -0.0453697
0.00463056 0.0234627 0.0380826
-0.0453697 0.0380826 0.762932

0.024174 0.00549131 -0.0326799
0.00549131 0.0285779 0.0453464
-0.0326799 0.0453464 0.769078

-0.0353758 0.00353429 0.00647489
0.00353429 -0.0301186 -0.00821579
0.00647489 -0.00821579 0.361956

-0.00520258 0.00109926 -0.0477967
0.00109926 -0.00268311 -0.03089
-0.0477967 -0.03089 0.6253

-0.0171322 -0.0027306 0.00061619
-0.0027306 -0.0180591 -0.00761383
0.00061619 -0.00761383 0.440169

0.028153 -0.00439308 -0.0320782
-0.00439308 0.0143705 -0.0451089
-0.0320782 -0.0451089 0.790922

0.0255098 -0.00470803 -0.00564662
-0.00470803 0.010443 -0.0748999
-0.00564662 -0.0748999 0.774653

0.0223394 0.00579425 -0.0359088
0.00579425 0.0262717 -0.058228
-0.0359088 -0.058228 0.612796

0.0403235 0.000625714 -0.0406521
0.000625714 0.0395182 -0.0542554
-0.0406521 -0.0542554 0.632813

0.0171427 0.00611471 0.0597592
0.00611471 0.0185857 -0.02738
0.0597592 -0.02738 0.511538

0.0326923 0.00498091 0.0137634
0.00498091 0.0234501 -0.023568
0.0137634 -0.023568 0.212054

0.0491469 -0.00115101 -0.0042221
-0.00115101 0.041815 -0.00186961
-0.0042221 -0.00186961 0.681948

0.0162125 -0.000508538 -0.0474273
-0.000508538 0.0170159 0.0516381
-0.0474273 0.0516381 0.70638

-0.00780794 -0.00123244 -0.0519756
-0.00123244 -0.00220498 0.0094495
-0.0519756 0.0094495 0.569709

0.0618805 0.00192695 -0.00687691
0.00192695 0.0436142 -0.0116047
-0.00687691 -0.0116047 0.235702

-0.0458325 0.00350609 -0.00990187
0.00350609 -0.0411578 0.00537552
-0.00990187 0.00537552 0.370095

0.0237418 0.00249647 -0.00528939
0.00249647 0.00846133 -0.0208176
-0.00528939 -0.0208176 0.203564

0.0229412 0.00310106 -0.0519028
0.00310106 0.0182935 -0.0643229
-0.0519028 -0.0643229 0.536627

0.00186646 -0.000143394 -0.0456183
-0.000143394 0.000709129 -0.0606756
-0.0456183 -0.0606756 0.502341

-0.000263042 0.00431719 0.0759637
0.00431719 0.00394416 -0.0194546
0.0759637 -0.0194546 0.493074

0.00702103 0.00167507 -0.0236009
0.00167507 0.0141946 -0.00262459
-0.0236009 -0.00262459 0.209134

0.00476585 0.0118119 0.00606673
0.0118119 -0.0218836 0.00466774
0.00606673 0.00466774 0.339398

0.0430937 0.00264011 0.00184792
0.00264011 0.0465986 -0.014557
0.00184792 -0.014557 0.20235

0.0355871 -0.00278312 -0.0775084
-0.00278312 0.028455 0.0197286
-0.0775084 0.0197286 0.510969

-0.00147876 -0.00293451 -0.0758601
-0.00293451 -0.00921812 0.0193453
-0.0758601 0.0193453 0.446872

0.0334421 -0.00415253 -0.0599794
-0.00415253 0.027656 0.0465977
-0.0599794 0.0465977 0.51211

-0.0404729 -0.0103049 -0.0130245
-0.0103049 -0.0415565 0.00828024
-0.0130245 0.00828024 0.274458

0.00651244 -0.00323193 0.0129085
-0.00323193 0.000534192 0.0183645
0.0129085 0.0183645 0.701068

0.0311643 0.00125765 -0.0593538
0.00125765 0.00976538 -0.0208271
-0.0593538 -0.0208271 0.477322

0.0321403 0.00552648 0.00235798
0.00552648 0.0237392 -0.0180703
0.00235798 -0.0180703 0.198185

0.0251372 0.00987822 -0.0347328
0.00987822 0.0189009 -0.0545136
-0.0347328 -0.0545136 0.449145

0.0253661 0.00388861 -0.0573743
0.00388861 0.0231966 -0.0469205
-0.0573743 -0.0469205 0.444621

0.0402005 -0.00142959 -0.0493315
-0.00142959 0.0510309 -0.0610624
-0.0493315 -0.0610624 0.537473

0.0425667 0.00196079 -0.0174902
0.00196079 0.0466491 -0.0758454
-0.0174902 -0.0758454 0.537329

-0.0319612 0.00428373 -0.00573776
0.00428373 -0.0238758 -0.0172633
-0.00573776 -0.0172633 0.392007

-0.0152534 0.00351488 -0.00678396
0.00351488 -0.0127138 -0.0182103
-0.00678396 -0.0182103 0.4259

0.00300424 -0.000538269 0.00551138
-0.000538269 0.001458 0.0405046
0.00551138 0.0405046 0.516299

-0.0111524 0.00140911 0.0520252
0.00140911 -0.0316522 0.00629883
0.0520252 0.00629883 0.416007

-0.00385545 -0.00439417 -0.0580233
-0.00439417 -0.0100608 0.046691
-0.0580233 0.046691 0.447948

0.0120905 -0.0047222 -0.0438985
-0.0047222 0.0139248 0.0504215
-0.0438985 0.0504215 0.426602

-0.0440245 -0.00196301 0.00126486
-0.00196301 -0.0374577 0.00359933
0.00126486 0.00359933 0.371116

0.0324907 0.00125143 -0.00193448
0.00125143 0.0373839 -0.0156183
-0.00193448 -0.0156183 0.188351

0.000235821 -0.00730539 -0.0563704
-0.00730539 0.00668781 0.0373955
-0.0563704 0.0373955 0.419724

-0.0495275 0.0101197 0.00506832
0.0101197 -0.0211076 0.0260579
0.00506832 0.0260579 0.302727

-0.0262443 0.0112675 -0.0157731
0.0112675 -0.0152118 -0.0176831
-0.0157731 -0.0176831 0.329341

-0.0115449 0.00384798 -0.00228646
0.00384798 -0.0109691 -0.0271454
-0.00228646 -0.0271454 0.441338

-0.00124037 0.00260982 -0.0506821
0.00260982 -0.0143469 -0.0187317
-0.0506821 -0.0187317 0.379812

-0.00890724 0.0070957 -0.0578656
0.0070957 -0.0241124 -0.0154382
-0.0578656 -0.0154382 0.377003

0.0232025 0.0050584 -0.0088499
0.0050584 0.0240348 -0.0786478
-0.0088499 -0.0786478 0.604997

0.00679615 -8.69694e-05 -0.00662794
-8.69694e-05 -0.000378975 -0.0787417
-0.00662794 -0.0787417 0.616002

0.0104773 -0.00165314 -0.0139778
-0.00165314 0.00804724 -0.0500852
-0.0139778 -0.0500852 0.596251

0.015903 -0.00593043 -0.0508154
-0.00593043 -0.0082779 0.0112203
-0.0508154 0.0112203 0.379258

0.00936269 -0.000417052 -0.00928344
-0.000417052 0.0127127 0.000123202
-0.00928344 0.000123202 0.599814

-0.0298437 -0.0057705 -0.0476765
-0.0057705 -0.0235613 0.0243823
-0.0476765 0.0243823 0.374223

-0.0179212 -0.00328123 -0.035393
-0.00328123 -0.0172277 0.037218
-0.035393 0.037218 0.380819

-0.0366004 0.0043847 -0.0429523
0.0043847 -0.050284 -0.0129391
-0.0429523 -0.0129391 0.315965

-0.0408068 0.00837893 -0.0383441
0.00837893 -0.0445607 -0.0229529
-0.0383441 -0.0229529 0.31636

0.010897 0.00329779 -0.00116808
0.00329779 0.000286097 -0.023697
-0.00116808 -0.023697 0.168406

-0.0563242 -0.00162228 -0.00198593
-0.00162228 -0.0482457 0.0088154
-0.00198593 0.0088154 0.351075

0.0354557 0.00254502 -0.0194335
0.00254502 0.0340395 -0.0560205
-0.0194335 -0.0560205 0.629155

-0.00688951 0.00912571 -0.0307745
0.00912571 0.0119741 -0.0452173
-0.0307745 -0.0452173 0.386001

0.0134436 -0.000468275 0.0583282
-0.000468275 0.0222784 -0.0127031
0.0583282 -0.0127031 0.737761

-0.010829 -0.00115488 0.0408535
-0.00115488 -0.0081049 -0.00776438
0.0408535 -0.00776438 0.588396

-0.0105013 -0.00475426 -0.0477747
-0.00475426 -0.034842 0.00662315
-0.0477747 0.00662315 0.336405

-0.0159466 -0.00561767 -0.0333162
-0.00561767 -0.0356956 0.0149988
-0.0333162 0.0149988 0.338138

-0.0156414 -0.00420661 -0.0342051
-0.00420661 -0.0202042 0.0181175
-0.0342051 0.0181175 0.333376

-0.0110991 7.17535e-06 -0.0338198
7.17535e-06 -0.00952532 0.0414308
-0.0338198 0.0414308 0.391484

-0.0361579 -0.0107 -0.0177137
-0.0107 -0.0418613 0.0291035
-0.0177137 0.0291035 0.319298

-0.0458689 -0.0107099 -0.0178258
-0.0107099 -0.051879 0.030263
-0.0178258 0.030263 0.302866

-0.0300751 -0.00128727 -0.0394146
-0.00128727 -0.0195995 0.0367769
-0.0394146 0.0367769 0.357322

-0.00951119 0.0125462 -0.00876525
0.0125462 -0.0198256 -0.00595697
-0.00876525 -0.00595697 0.310001

-0.00397797 0.018355 -0.0148651
0.018355 -0.0205391 -0.00685029
-0.0148651 -0.00685029 0.319461

0.00342307 -0.000449044 -0.0546611
-0.000449044 0.00815968 -0.0130573
-0.0546611 -0.0130573 0.613602

-0.0199107 -0.00670604 0.0134233
-0.00670604 -0.0332764 -0.0119897
0.0134233 -0.0119897 0.336792

-0.039503 -0.00665539 -0.00287285
-0.00665539 -0.0243121 0.0256571
-0.00287285 0.0256571 0.251551

-0.0106855 0.00553826 -0.0318961
0.00553826 -0.0422429 -0.000685929
-0.0318961 -0.000685929 0.303061

-0.0323041 -0.00993333 0.0171158
-0.00993333 -0.0446338 -0.00450213
0.0171158 -0.00450213 0.324082

-0.000227949 0.000902584 -0.0231603
0.000902584 -0.0282639 -0.00502025
-0.0231603 -0.00502025 0.316282

-0.0180721 -0.00834136 -0.0318801
-0.00834136 -0.0538043 0.00247173
-0.0318801 0.00247173 0.295988

-0.0434267 -0.00745282 -0.0155306
-0.00745282 -0.0232163 0.0136053
-0.0155306 0.0136053 0.252669

0.0116836 0.00711103 0.0565368
0.00711103 0.00224275 0.0153714
0.0565368 0.0153714 0.448581

-0.0240337 0.00260853 -0.0146912
0.00260853 0.00266522 0.101026
-0.0146912 0.101026 0.395627

0.00918929 0.000649283 0.0359087
0.000649283 0.00968655 -0.0175738
0.0359087 -0.0175738 0.658814

-0.0313989 -0.011418 -0.013045
-0.011418 -0.0351815 0.0206503
-0.013045 0.0206503 0.3198

-0.0446219 -0.00900482 0.0126068
-0.00900482 -0.05687 -0.00235695
0.0126068 -0.00235695 0.305708

-0.0424693 -0.00578588 0.0118496
-0.00578588 -0.0578456 -0.00669395
0.0118496 -0.00669395 0.299859

-0.0212171 0.0165689 -0.00450225
0.0165689 -0.0215125 -0.0122893
-0.00450225 -0.0122893 0.293377

-0.0213924 0.0118316 -0.0107665
0.0118316 -0.0415614 -0.00275529
-0.0107665 -0.00275529 0.282689

-4.46347e-05 -0.000620483 -0.00367664
-0.000620483 -0.00816332 -0.0156946
-0.00367664 -0.0156946 0.111619

-0.0194712 0.0119658 -0.010086
0.0119658 -0.0375471 -0.0047997
-0.010086 -0.0047997 0.284878

-0.0241405 0.0014386 -0.0123095
0.0014386 -0.0567664 0.00288904
-0.0123095 0.00288904 0.279045

-0.0169805 -0.0103868 -0.00779013
-0.0103868 -0.0428534 0.00169853
-0.00779013 0.00169853 0.287172

-0.0163573 -0.0104185 -0.00651991
-0.0104185 -0.0509618 0.00322331
-0.00651991 0.00322331 0.284414

0.0279269 -0.00232162 -0.0119044
-0.00232162 0.0230805 -0.0118966
-0.0119044 -0.0118966 0.307343

-0.0266776 -0.00152926 0.00626142
-0.00152926 -0.00720184 0.0488841
0.00626142 0.0488841 0.383617

-0.0414305 0.00268245 -0.00736442
0.00268245 -0.0374319 0.00540927
-0.00736442 0.00540927 0.377076

-0.0133244 0.0130525 -0.00232566
0.0130525 -0.0379019 -0.000365447
-0.00232566 -0.000365447 0.28326

-0.0121072 0.0140194 -0.00160115
0.0140194 -0.0334584 -0.00256344
-0.00160115 -0.00256344 0.285408

0.0178003 -0.000581217 0.0555344
-0.000581217 0.022967 -0.0145702
0.0555344 -0.0145702 0.740332

0.0311761 -0.00162001 0.0669959
-0.00162001 0.0280542 -0.0111594
0.0669959 -0.0111594 0.517746

-0.0259163 0.0148393 -0.00455764
0.0148393 0.0106065 0.00163061
-0.00455764 0.00163061 0.281837

0.00306055 0.000672545 0.0796447
0.000672545 0.0015758 0.0195452
0.0796447 0.0195452 0.50729

0.00286989 -0.00120139 0.00690763
-0.00120139 0.0247955 0.0662427
0.00690763 0.0662427 0.430842

-0.0189274 -0.0109537 0.00358869
-0.0109537 -0.0459103 -0.00552961
0.00358869 -0.00552961 0.280201

-0.0328696 0.00304383 -0.0128318
0.00304383 -0.0341272 -0.0088918
-0.0128318 -0.0088918 0.397884

0.00961124 -0.00373951 -0.0146134
-0.00373951 0.0146034 -0.000626234
-0.0146134 -0.000626234 0.0737079

0.00662091 0.00490809 0.00203592
0.00490809 0.0068231 0.0739484
0.00203592 0.0739484 0.464123

0.012785 -0.00407704 -0.0015235
-0.00407704 -0.0010198 0.0250583
-0.0015235 0.0250583 0.182339

-0.0188309 -0.0110806 0.00484562
-0.0110806 -0.0539702 -0.00392126
0.00484562 -0.00392126 0.277181

-0.0254942 -0.00793526 0.0067859
-0.00793526 -0.027814 0.0050463
0.0067859 0.0050463 0.29261

-0.0382369 -0.0145624 0.00443209
-0.0145624 -0.00808504 0.000947433
0.00443209 0.000947433 0.294738

-0.0302171 -0.0125233 0.00123902
-0.0125233 0.000683252 -0.00322636
0.00123902 -0.00322636 0.301238

-0.0498673 -0.0133413 0.00610685
-0.0133413 -0.0215887 -0.00359662
0.00610685 -0.00359662 0.278984

-0.0483975 -0.00688501 -0.000795823
-0.00688501 -0.0408609 -0.00366498
-0.000795823 -0.00366498 0.279107

-0.053856 -0.00672209 0.00271514
-0.00672209 -0.0369265 -0.00787513
0.00271514 -0.00787513 0.287611

0.00433412 -0.000360777 0.072081
-0.000360777 0.00282783 -0.0146098
0.072081 -0.0146098 0.518212

-0.0318271 -0.00303265 0.00423907
-0.00303265 -0.0276579 -0.00698634
0.00423907 -0.00698634 0.428238

-0.0308214 0.0127633 0.0102647
0.0127633 -0.0323758 0.00842348
0.0102647 0.00842348 0.268784

-0.042389 0.0148869 0.00361738
0.0148869 -0.0402063 0.0103159
0.00361738 0.0103159 0.262482

-0.00555162 0.00211634 0.029628
0.00211634 -0.0496161 0.0083114
0.029628 0.0083114 0.257864

-0.00462529 -0.000108608 0.0249811
-0.000108608 -0.045215 -0.00843499
0.0249811 -0.00843499 0.26116

0.00259293 0.00170157 -0.0363014
0.00170157 0.00229715 0.012873
-0.0363014 0.012873 0.235861

-0.0413042 -0.0110802 0.00834048
-0.0110802 -0.0417584 -0.00389236
0.00834048 -0.00389236 0.257692

-0.0517792 -0.0147615 0.0129627
-0.0147615 -0.0533672 -0.028773
0.0129627 -0.028773 0.243573

-0.0361831 -0.0107879 0.00938517
-0.0107879 -0.0190607 -0.014412
0.00938517 -0.014412 0.269643

-0.0462257 0.0118432 0.0144378
0.0118432 -0.0316409 0.0244698
0.0144378 0.0244698 0.26233

-0.0284406 0.00210448 -0.0395334
0.00210448 -0.0304987 0.0391545
-0.0395334 0.0391545 0.484558

-0.0562137 0.0086157 0.0106985
0.0086157 -0.034593 0.0151729
0.0106985 0.0151729 0.258618

0.0205792 -0.00366402 -0.000827828
-0.00366402 0.00820724 0.0238528
-0.000827828 0.0238528 0.199266

0.0115201 0.00364109 0.0324671
0.00364109 -0.021226 -0.00207149
0.0324671 -0.00207149 0.300297

-0.0159887 0.00280567 0.0340383
0.00280567 -0.0530741 0.00571813
0.0340383 0.00571813 0.25656

0.00506835 0.00413772 -0.0333415
0.00413772 0.00773932 -0.00346172
-0.0333415 -0.00346172 0.240679

0.0172181 -0.00106522 -0.0323326
-0.00106522 0.02632 -0.00713773
-0.0323326 -0.00713773 0.28709

-0.0142308 0.0018014 0.0293257
0.0018014 -0.0498755 -0.010605
0.0293257 -0.010605 0.260474

-0.0118145 -0.0115999 0.0323646
-0.0115999 -0.0339255 -0.00482367
0.0323646 -0.00482367 0.24314

-0.0210337 -0.0102378 0.0412343
-0.0102378 -0.035921 -0.00584034
0.0412343 -0.00584034 0.247883

-0.010614 -0.0107836 0.0281249
-0.0107836 -0.0306024 -0.0268092
0.0281249 -0.0268092 0.242213

-0.0366289 -0.0219035 0.0278807
-0.0219035 -0.0354179 -0.0178948
0.0278807 -0.0178948 0.262055

-0.0259411 -0.0117044 0.0115559
-0.0117044 0.0028533 -0.0142782
0.0115559 -0.0142782 0.286669

-0.0132547 -0.0106665 0.00834186
-0.0106665 0.0105438 -0.0226168
0.00834186 -0.0226168 0.310339

-0.0537602 0.00194691 -0.0002686
0.00194691 -0.0133533 0.000268265
-0.0002686 0.000268265 0.271897

-0.00296343 -0.0064324 0.000345193
-0.0064324 -0.000143058 0.0355175
0.000345193 0.0355175 0.271029

0.00194683 -0.00439158 0.0316426
-0.00439158 0.00513465 0.00901307
0.0316426 0.00901307 0.619415

0.0128458 -0.00498786 -0.035588
-0.00498786 0.0155294 0.0124563
-0.035588 0.0124563 0.280776

0.0192143 -0.00361175 0.0305786
-0.00361175 0.0203441 0.00645927
0.0305786 0.00645927 0.698055

0.00583947 -0.00247688 0.0107725
-0.00247688 -0.00861025 -0.0065973
0.0107725 -0.0065973 0.211148

0.0190743 -0.000659669 0.0312418
-0.000659669 0.0136046 0.0229504
0.0312418 0.0229504 0.737593

0.0086625 -0.00200831 0.0321243
-0.00200831 0.00695046 0.0290171
0.0321243 0.0290171 0.673854

-0.00479069 -0.00884882 0.0392269
-0.00884882 -0.0141074 -0.0120798
0.0392269 -0.0120798 0.275346

0.0162977 -0.00457194 0.0052839
-0.00457194 0.00563099 0.025058
0.0052839 0.025058 0.197687

0.00309798 -0.00351112 -0.0118046
-0.00351112 0.00690404 0.0355168
-0.0118046 0.0355168 0.285253

-0.00821741 0.000758946 -0.00990667
0.000758946 -0.00464678 0.0342938
-0.00990667 0.0342938 0.251237

-0.0196708 -0.00787705 0.037279
-0.00787705 -0.0334328 -0.0273742
0.037279 -0.0273742 0.246035

-0.0184668 -0.00849848 0.0183534
-0.00849848 -0.0184254 -0.0271487
0.0183534 -0.0271487 0.254389

-0.0322915 -0.0107061 0.0167181
-0.0107061 -0.0186527 -0.0236909
0.0167181 -0.0236909 0.262395

-0.0254275 -0.00716516 0.0125124
-0.00716516 -0.0131666 -0.0197602
0.0125124 -0.0197602 0.285945

-0.0145171 -0.00663369 0.0336307
-0.00663369 -0.0154592 -0.0201058
0.0336307 -0.0201058 0.253804

-0.00421508 -0.00390675 0.0208309
-0.00390675 0.00103211 0.0230041
0.0208309 0.0230041 0.25875

-0.00941216 -0.00622201 0.0298065
-0.00622201 -0.0138662 -0.000307265
0.0298065 -0.000307265 0.252835

-0.0197026 -0.00236396 0.02974
-0.00236396 -0.0370202 0.00978076
0.02974 0.00978076 0.250542

-0.0152673 0.0102582 0.0250838
0.0102582 7.83063e-05 0.0231834
0.0250838 0.0231834 0.303415

-0.0018276 0.0106081 0.021811
0.0106081 0.00165193 0.0251542
0.021811 0.0251542 0.30944

0.0131878 -0.00190855 0.0353246
-0.00190855 -0.0165532 -0.0133612
0.0353246 -0.0133612 0.266176

0.00828801 -0.00543396 0.0384325
-0.00543396 -0.000306535 -0.00346184
0.0384325 -0.00346184 0.304748

-4.55994e-05 -0.000484057 0.0460573
-0.000484057 -0.00749138 -0.0049847
0.0460573 -0.0049847 0.253497

0.0188716 -0.00071139 0.0491216
-0.00071139 0.0106738 -0.00585455
0.0491216 -0.00585455 0.283081

-0.00332846 -0.00243323 0.0431711
-0.00243323 -0.00897467 -0.0218228
0.0431711 -0.0218228 0.248635

0.00194564 -0.00593499 0.0363936
-0.00593499 -0.00089787 -0.0185683
0.0363936 -0.0185683 0.281225

-0.00246829 -0.00817664 0.0204991
-0.00817664 -0.00443137 -0.0259151
0.0204991 -0.0259151 0.281899

-0.024746 0.000892465 -0.0548255
0.000892465 -0.0226471 -0.0202886
-0.0548255 -0.0202886 0.406106

0.0115559 -0.0101207 0.0295099
-0.0101207 0.0170924 0.0160167
0.0295099 0.0160167 0.264779

-0.00868836 0.00504406 0.0118491
0.00504406 -0.00915924 0.0290904
0.0118491 0.0290904 0.271182

-0.00635712 0.00359041 0.00214021
0.00359041 0.00308805 0.0429413
0.00214021 0.0429413 0.271427

0.0168335 -0.00389063 0.0356383
-0.00389063 0.0113342 0.00871993
0.0356383 0.00871993 0.290554

-0.00483497 -0.000410326 0.025737
-0.000410326 -0.0094558 0.0153026
0.025737 0.0153026 0.267098

-0.0232728 0.012063 0.0256709
0.012063 -0.00894301 0.0234471
0.0256709 0.0234471 0.2822

0.00846334 -0.0021743 0.0429515
-0.0021743 0.0219757 0.0127788
0.0429515 0.0127788 0.259111

0.0036388 -0.00153879 0.0385266
-0.00153879 0.0177878 -0.00756794
0.0385266 -0.00756794 0.258575

0.0170857 -0.000426247 0.0481452
-0.000426247 0.00900672 -0.00530018
0.0481452 -0.00530018 0.281172

0.0154974 -0.00282812 0.0461262
-0.00282812 0.00927093 -0.0232873
0.0461262 -0.0232873 0.278107

0.0196316 0.00427872 0.032268
0.00427872 0.00877185 -0.016276
0.032268 -0.016276 0.267761

-0.0106879 -0.000495416 0.0203836
-0.000495416 -0.00323972 -0.0228049
0.0203836 -0.0228049 0.264075

-0.0027675 -0.00140572 0.0218247
-0.00140572 0.00557158 -0.0253084
0.0218247 -0.0253084 0.274453

0.0128401 0.00101122 0.019529
0.00101122 0.0105191 -0.025307
0.019529 -0.025307 0.267312

0.00631222 -0.0031531 0.0226123
-0.0031531 0.0167507 -0.0301119
0.0226123 -0.0301119 0.287945

0.0199709 -0.00501024 0.0222469
-0.00501024 0.0273831 0.0149025
0.0222469 0.0149025 0.21855

0.0153693 -0.00325048 0.0285943
-0.00325048 0.0298055 0.00505391
0.0285943 0.00505391 0.217087

-0.00551312 -0.00290595 0.0399759
-0.00290595 0.00624589 0.0105642
0.0399759 0.0105642 0.232425

0.00366799 0.001534 0.0240127
0.001534 0.0157777 0.0122414
0.0240127 0.0122414 0.220128

-0.0110943 0.0123585 0.0215281
0.0123585 -0.00745371 0.0260894
0.0215281 0.0260894 0.287786

-0.0199503 -0.00161878 0.0220574
-0.00161878 -0.0278339 0.00493877
0.0220574 0.00493877 0.246382

0.0178782 0.00157874 0.0429113
0.00157874 0.0262823 -0.00495194
0.0429113 -0.00495194 0.273392

0.0205622 0.00243838 0.0436045
0.00243838 0.0334479 -0.00294685
0.0436045 -0.00294685 0.241002

0.0176738 -0.00102508 -0.00332288
-0.00102508 0.023082 0.0275626
-0.00332288 0.0275626 0.290667

0.0254798 -0.00164299 0.0223626
-0.00164299 0.0203113 -0.012371
0.0223626 -0.012371 0.264986

0.0133582 -0.00352198 0.015941
-0.00352198 0.00517253 -0.0291156
0.015941 -0.0291156 0.250826

0.030782 -0.00504719 0.0147764
-0.00504719 0.0247332 0.0231968
0.0147764 0.0231968 0.230511

0.0277632 -0.00538361 0.00338303
-0.00538361 0.0241014 0.0283756
0.00338303 0.0283756 0.229404

-0.00791085 -0.00330061 0.023427
-0.00330061 0.000891269 0.0080116
0.023427 0.0080116 0.167643

0.0217003 -0.0173477 0.0299897
-0.0173477 0.0468114 0.00472659
0.0299897 0.00472659 0.194227

0.013619 -0.0109228 0.0191281
-0.0109228 0.010218 0.0052366
0.0191281 0.0052366 0.167146

-0.00322274 -0.00176591 -0.00959306
-0.00176591 0.00646554 -0.00549959
-0.00959306 -0.00549959 0.0622904

-0.000268552 0.00234795 -0.023894
0.00234795 -0.000341059 0.015075
-0.023894 0.015075 0.489604

0.0441752 -0.00483221 0.00541557
-0.00483221 0.0400323 0.0211764
0.00541557 0.0211764 0.193473

0.0118516 -0.00266202 -0.0165716
-0.00266202 0.0232688 -0.0300213
-0.0165716 -0.0300213 0.277225

-0.0217316 -0.000197072 0.0373839
-0.000197072 -0.00613029 -0.0165174
0.0373839 -0.0165174 0.172232

0.00704324 0.000147135 -0.0193782
0.000147135 0.00930334 -0.0241527
-0.0193782 -0.0241527 0.256943

0.0366398 0.0184245 0.039989
0.0184245 0.0418586 -0.00792685
0.039989 -0.00792685 0.202686

-0.0307877 0.000156743 -0.0555181
0.000156743 -0.0267502 -0.0205288
-0.0555181 -0.0205288 0.402024

0.0283256 0.00450934 0.0167092
0.00450934 0.018621 -0.00868648
0.0167092 -0.00868648 0.174916

0.00703065 -0.00470283 0.00269558
-0.00470283 -0.00322053 0.0260049
0.00269558 0.0260049 0.182552

-0.0436027 -0.00112979 -0.00658939
-0.00112979 -0.0521795 -0.0013508
-0.00658939 -0.0013508 0.340857

0.0133281 0.00152097 -0.039223
0.00152097 0.0124449 0.022688
-0.039223 0.022688 0.623632

-0.0368444 -0.00513682 -0.0012542
-0.00513682 -0.0418629 0.00127353
-0.0012542 0.00127353 0.373824

0.00524138 -0.00868141 0.00604834
-0.00868141 0.0128172 0.00767055
0.00604834 0.00767055 0.0866981

-0.00173724 0.00450287 -0.0154247
0.00450287 0.00305483 -0.0328312
-0.0154247 -0.0328312 0.263666

0.00365541 -0.00599518 0.0195547
-0.00599518 -0.000711242 0.00777963
0.0195547 0.00777963 0.131825

0.000290089 -0.0111144 0.0167522
-0.0111144 -0.0213185 -0.00797207
0.0167522 -0.00797207 0.319456

0.0286223 -0.00267533 0.0022194
-0.00267533 0.0175331 0.00124583
0.0022194 0.00124583 0.07498

0.0163096 0.00523327 0.00873101
0.00523327 -0.000272687 -0.000786862
0.00873101 -0.000786862 0.0670091

0.0216164 0.00175569 0.00893622
0.00175569 0.0226418 -0.00032343
0.00893622 -0.00032343 0.104726

0.0219944 0.00221688 0.017075
0.00221688 0.0325963 -0.0137247
0.017075 -0.0137247 0.106369

0.0070222 0.00390755 0.0131543
0.00390755 -0.000510472 -0.0104273
0.0131543 -0.0104273 0.140059

-0.0185131 0.000207604 0.0109769
0.000207604 -0.0246942 -0.0296509
0.0109769 -0.0296509 0.431401

0.0156045 -0.0128314 0.0158654
-0.0128314 0.00855566 0.0239894
0.0158654 0.0239894 0.133276

0.000476937 -0.00931489 0.00790658
-0.00931489 -0.000763185 0.0244008
0.00790658 0.0244008 0.12498

0.0216205 0.0127596 0.0123755
0.0127596 0.00290236 0.000260222
0.0123755 0.000260222 0.0425066

0.0155568 0.00380402 0.0201203
0.00380402 0.00961705 0.00370995
0.0201203 0.00370995 0.0291521

-0.012319 -0.000446739 0.00380462
-0.000446739 -0.00622297 0.0106912
0.00380462 0.0106912 0.0465533

0.00690467 0.00190851 -0.00691396
0.00190851 0.00505241 0.0110992
-0.00691396 0.0110992 0.0584164

0.0226205 0.00318848 0.0116922
0.00318848 0.00738752 0.0121374
0.0116922 0.0121374 0.0309568

0.00845106 0.00476237 0.00796283
0.00476237 -0.00827533 0.0036478
0.00796283 0.0036478 0.0336106

0.0190115 0.00151948 0.00814852
0.00151948 0.00606489 -0.00233265
0.00814852 -0.00233265 0.0186708

0.0145503 -0.00362617 0.00814923
-0.00362617 -0.00143964 0.00559095
0.00814923 0.00559095 0.0141772

0.00978805 -0.00233084 0.00993741
-0.00233084 0.000519089 -0.00281974
0.00993741 -0.00281974 0.029064

0.013071 -0.00966244 0.0101797
-0.00966244 0.000842798 -0.00571962
0.0101797 -0.00571962 0.0302608

0.0276643 0.012394 0.0202238
0.012394 0.0122676 -0.0237303
0.0202238 -0.0237303 0.145596

-0.0219104 0.00321691 0.00829925
0.00321691 -0.0247428 -0.0290997
0.00829925 -0.0290997 0.113293

-0.0119634 0.0026644 0.000828571
0.0026644 -0.01577 -0.00929782
0.000828571 -0.00929782 0.0479848

-0.00916065 0.00210355 -0.00276687
0.00210355 -0.00725233 -0.0176978
-0.00276687 -0.0176978 0.0516643

0.0176709 -0.00334597 0.011152
-0.00334597 0.00723247 -0.00921506
0.011152 -0.00921506 0.0309987

0.0130689 -0.00386598 0.0147503
-0.00386598 0.00775396 -0.00561639
0.0147503 -0.00561639 0.0294729

0.0173075 0.00186609 0.0125146
0.00186609 0.00354921 -0.00033637
0.0125146 -0.00033637 0.0411646

0.0174725 -0.00233993 0.00970267
-0.00233993 0.0121692 -0.00582852
0.00970267 -0.00582852 0.038312

0.077975 -0.00669016 -0.0122008
-0.00669016 0.0794281 0.00271864
-0.0122008 0.00271864 0.896294

0.0804742 -0.00290853 -0.00835958
-0.00290853 0.0615441 0.000443004
-0.00835958 0.000443004 0.892199

0.0493064 -0.00102449 0.0315905
-0.00102449 0.0576226 -0.00566307
0.0315905 -0.00566307 0.868482

0.0563726 -0.00300961 0.0157631
-0.00300961 0.0551879 -0.0156124
0.0157631 -0.0156124 0.875611

0.0415201 -0.00068897 0.0156267
-0.00068897 0.0573459 -0.0068584
0.0156267 -0.0068584 0.927453

0.0312526 -0.00130129 0.0193131
-0.00130129 0.0417345 0.0116898
0.0193131 0.0116898 0.919907

0.0487672 0.00313347 0.0219225
0.00313347 0.0397897 -0.03584
0.0219225 -0.03584 0.821196

0.0446908 0.00192984 0.00429097
0.00192984 0.0327827 -0.0511887
0.00429097 -0.0511887 0.815196

0.115171 -2.53359e-06 -0.00607622
-2.53359e-06 0.115175 0.0118066
-0.00607622 0.0118066 0.932359

0.014776 0.00618236 0.0408785
0.00618236 0.0218729 -0.0561929
0.0408785 -0.0561929 0.828146

0.0269518 0.00294258 0.013758
0.00294258 0.0207947 -0.045402
0.013758 -0.045402 0.737372

0.115171 -2.53359e-06 -0.00607622
-2.53359e-06 0.115175 0.0118066
-0.00607622 0.0118066 0.932359

0.0189039 0.00977597 0.0485801
0.00977597 0.0127999 -0.0421171
0.0485801 -0.0421171 0.830234

0.0267741 0.0133621 0.0241572
0.0133621 0.00257004 -0.0306907
0.0241572 -0.0306907 0.898676

0.0100494 0.0083406 0.008623
0.0083406 -0.0223935 -0.0445989
0.008623 -0.0445989 0.889235

0.100164 -2.75154e-07 -0.0144596
-2.75154e-07 0.100157 0.000538239
-0.0144596 0.000538239 0.873544

0.109003 -1.76364e-06 -0.00893317
-1.76364e-06 0.109001 0.00558768
-0.00893317 0.00558768 0.90809

0.0144451 0.00484283 0.0452249
0.00484283 0.00492514 -0.039597
0.0452249 -0.039597 0.724427

0.0091228 0.000522145 0.0391935
0.000522145 0.0161073 -0.0498211
0.0391935 -0.0498211 0.722236

0.015727 0.00124383 0.0525117
0.00124383 0.0201368 -0.041205
0.0525117 -0.041205 0.730177

-0.0162736 0.00538893 -0.0133268
0.00538893 -0.0127038 -0.027991
-0.0133268 -0.027991 0.23604

0.0362079 0.00216981 0.0639192
0.00216981 0.035548 -0.0132596
0.0639192 -0.0132596 0.746691

0.0450498 0.00107036 0.0607587
0.00107036 0.0483213 0.00917073
0.0607587 0.00917073 0.754278

0.00329057 0.00222656 0.0718758
0.00222656 0.00277245 -0.0168106
0.0718758 -0.0168106 0.623942

0.0187427 -0.00409428 0.0581573
-0.00409428 0.0151409 -0.0402376
0.0581573 -0.0402376 0.630866

0.0139098 0.000726296 -0.0319082
0.000726296 0.0191433 -0.0142075
-0.0319082 -0.0142075 0.276446

0.0111421 0.0037798 -0.0124914
0.0037798 0.00673076 -0.0201677
-0.0124914 -0.0201677 0.200787

-0.0134064 0.00148779 0.01515
0.00148779 -0.0116223 0.00295752
0.01515 0.00295752 0.0672859

0.0396549 0.000258504 0.0110602
0.000258504 0.0402127 -0.0934952
0.0110602 -0.0934952 0.722279

0.0216955 -0.00222464 0.0408782
-0.00222464 0.0307771 -0.0616736
0.0408782 -0.0616736 0.626936

-0.00413961 -0.00229777 0.00185315
-0.00229777 0.0134545 -0.00881837
0.00185315 -0.00881837 0.260697

0.0349326 0.00218981 -0.00270317
0.00218981 0.0348555 -0.0111636
-0.00270317 -0.0111636 0.180419

0.00797668 0.000369388 0.0300442
0.000369388 -0.00328077 0.017212
0.0300442 0.017212 0.187519

0.00908133 -0.00870807 0.0313803
-0.00870807 0.00416778 0.0106452
0.0313803 0.0106452 0.22461

0.0266387 -0.000324902 0.0704471
-0.000324902 0.0255254 -0.0149498
0.0704471 -0.0149498 0.603639

0.0255443 0.00061072 0.0781329
0.00061072 0.0244849 0.0196538
0.0781329 0.0196538 0.593604

-0.0564208 -0.00288343 -0.00462387
-0.00288343 -0.0644978 0.0109497
-0.00462387 0.0109497 0.351712

0.0251014 -0.0039792 -0.00096977
-0.0039792 0.0143376 0.0227593
-0.00096977 0.0227593 0.207321

-0.00580797 -0.00151432 0.0361965
-0.00151432 -0.00749453 0.00515541
0.0361965 0.00515541 0.228996

-0.0198049 -0.00505005 0.0670698
-0.00505005 -0.0267864 -0.0176809
0.0670698 -0.0176809 0.416731

0.0102195 -0.00407489 -0.00245242
-0.00407489 -0.00250933 0.0254379
-0.00245242 0.0254379 0.178795

0.00839442 -0.00404889 0.00319524
-0.00404889 -0.00161563 0.0267247
0.00319524 0.0267247 0.182579

0.0145298 0.000336715 0.0375767
0.000336715 0.024466 -0.0688516
0.0375767 -0.0688516 0.500461

-0.00757033 -0.00429055 0.0337907
-0.00429055 0.00712782 -0.059788
0.0337907 -0.059788 0.448213

0.0230489 -0.00425798 0.0063858
-0.00425798 0.0134672 0.0243587
0.0063858 0.0243587 0.207271

-0.00761872 -0.00233548 -0.00804383
-0.00233548 -0.00118355 0.0200958
-0.00804383 0.0200958 0.0951657

-0.0109919 -0.00177285 0.017997
-0.00177285 -0.00792364 -0.0117506
0.017997 -0.0117506 0.446903

0.00138137 -0.00224711 0.0714838
-0.00224711 0.00209748 -0.00900237
0.0714838 -0.00900237 0.443153

0.0178628 -0.001416 0.0749593
-0.001416 0.0124546 0.0205169
0.0749593 0.0205169 0.519626

0.011381 0.00356279 0.0433728
0.00356279 0.0453852 -0.0104266
0.0433728 -0.0104266 0.251725

0.048047 0.00183372 0.0646786
0.00183372 0.041924 0.00543059
0.0646786 0.00543059 0.589626

-0.045716 -0.00150974 0.000996333
-0.00150974 -0.047484 -0.00206026
0.000996333 -0.00206026 0.371687

-0.0428195 0.000418808 -0.00324375
0.000418808 -0.0456421 0.00200846
-0.00324375 0.00200846 0.382868

0.00779513 0.00488134 -0.00772252
0.00488134 -0.0040038 0.0169347
-0.00772252 0.0169347 0.158124

-0.0116118 -0.00456397 -0.00727887
-0.00456397 -0.00527653 0.0198136
-0.00727887 0.0198136 0.0928438

-0.00108916 -0.000856682 -0.00361162
-0.000856682 0.00047405 0.0185857
-0.00361162 0.0185857 0.102548

0.0189484 0.00532474 -0.00331299
0.00532474 0.00246361 0.0202545
-0.00331299 0.0202545 0.173318

-0.0209511 0.00231817 -0.00358651
0.00231817 -0.0164713 -0.0184064
-0.00358651 -0.0184064 0.418718

0.0262911 -0.000986863 -0.0567562
-0.000986863 0.022894 -0.0151839
-0.0567562 -0.0151839 0.633597

-0.0111608 0.00231283 -0.0152161
0.00231283 0.00638258 0.0156519
-0.0152161 0.0156519 0.0995095

-0.0271473 0.00946076 0.0113318
0.00946076 -0.0284258 0.0107123
0.0113318 0.0107123 0.34437

-0.031496 0.00767625 -0.0369892
0.00767625 -0.0337279 -0.0256312
-0.0369892 -0.0256312 0.331063

-0.0521465 -0.00344632 0.00222901
-0.00344632 -0.060549 0.000240953
0.00222901 0.000240953 0.326925

0.0036181 -0.000516188 0.0276062
-0.000516188 -0.0244557 -0.00733099
0.0276062 -0.00733099 0.329433

0.00921275 0.00244488 0.0301769
0.00244488 -0.0167391 0.00780802
0.0301769 0.00780802 0.333253

-0.0331071 0.000887964 0.0179785
0.000887964 -0.0400453 0.00689453
0.0179785 0.00689453 0.374987

-0.0207432 0.00520489 -0.0152209
0.00520489 -0.00611423 0.0159936
-0.0152209 0.0159936 0.0927212

0.0226684 0.00677072 -0.00877722
0.00677072 0.0177237 0.0126227
-0.00877722 0.0126227 0.174545

0.0511949 0.00721955 -0.00253712
0.00721955 0.0436407 0.0131906
-0.00253712 0.0131906 0.216735

0.0826348 0.00177643 0.00982741
0.00177643 0.0632986 0.0144894
0.00982741 0.0144894 0.274894

-0.0213256 -0.00223374 0.0209458
-0.00223374 -0.0190739 -0.00843123
0.0209458 -0.00843123 0.430513

0.00189227 0.0106022 -0.0270687
0.0106022 -0.00236404 -0.0186187
-0.0270687 -0.0186187 0.374018

-0.0328331 -0.00299332 -0.0307302
-0.00299332 -0.0284625 0.0134028
-0.0307302 0.0134028 0.256781

-0.0233891 0.000453149 0.0175596
0.000453149 -0.0280947 -0.00378826
0.0175596 -0.00378826 0.39116

-0.050822 8.89945e-05 -0.00218017
8.89945e-05 -0.0538176 0.00309293
-0.00218017 0.00309293 0.369544

0.02572 0.00104044 -0.0472741
0.00104044 0.0292547 0.0238039
-0.0472741 0.0238039 0.711284

-0.0190804 0.000218409 0.00703411
0.000218409 -0.0175238 -0.00862462
0.00703411 -0.00862462 0.421543

-0.0503272 0.00105028 0.00543841
0.00105028 -0.0494767 0.00365938
0.00543841 0.00365938 0.37017

-0.0160867 -0.0164146 -0.0147012
-0.0164146 -0.0337528 0.00701053
-0.0147012 0.00701053 0.266852

0.014846 -0.00256936 -0.0295029
-0.00256936 0.0150425 -0.000577908
-0.0295029 -0.000577908 0.227056

0.00428257 0.00551273 -0.0298054
0.00551273 0.00499279 0.0371782
-0.0298054 0.0371782 0.694914

0.0410172 0.00293489 0.0126935
0.00293489 0.0138318 -0.0247405
0.0126935 -0.0247405 0.757059

0.0446553 0.000872342 -0.0333945
0.000872342 0.0511608 0.0416556
-0.0333945 0.0416556 0.704901

0.0324295 -0.00165035 -0.0611151
-0.00165035 0.0469417 -0.0270825
-0.0611151 -0.0270825 0.675721

-0.0184465 -0.010861 0.0246686
-0.010861 -0.0299878 -0.0456219
0.0246686 -0.0456219 0.377435

0.0403234 0.00525608 -0.0213162
0.00525608 0.0372763 0.0316048
-0.0213162 0.0316048 0.83227

0.0412647 0.00557084 -0.0270168
0.00557084 0.0389107 0.0262297
-0.0270168 0.0262297 0.832639

-0.0402038 -0.00194257 -0.0107692
-0.00194257 -0.0409944 0.00931754
-0.0107692 0.00931754 0.365677

0.0187896 -0.000150972 0.000730929
-0.000150972 -0.00199093 -0.0272164
0.000730929 -0.0272164 0.748356

-0.0583992 0.00279498 -0.00430591
0.00279498 -0.0618405 -0.00486838
-0.00430591 -0.00486838 0.314188

-0.0599359 -0.00449495 0.0130729
-0.00449495 -0.0594714 -0.0432017
0.0130729 -0.0432017 0.34342

-0.0191455 -0.00287362 -0.0320489
-0.00287362 -0.0398777 0.0126896
-0.0320489 0.0126896 0.279239

-0.0275709 -0.00505555 -0.0240334
-0.00505555 -0.0389866 0.00836779
-0.0240334 0.00836779 0.270796

-0.00230543 0.00525048 -0.0390345
0.00525048 -0.000818063 0.0303113
-0.0390345 0.0303113 0.676848

-0.0265515 -0.00726763 -0.0173428
-0.00726763 -0.00687787 0.0154734
-0.0173428 0.0154734 0.28155

-0.0236582 -0.00659273 -0.00369395
-0.00659273 -0.00918341 0.0283591
-0.00369395 0.0283591 0.278876

0.00810479 -0.00326095 0.00277876
-0.00326095 0.0143106 -0.0217941
0.00277876 -0.0217941 0.199733

-0.0206362 -0.0109029 0.0118174
-0.0109029 -0.0350112 -0.0129884
0.0118174 -0.0129884 0.305191

-0.0325294 -0.0072406 0.0125358
-0.0072406 -0.0570212 -0.00441299
0.0125358 -0.00441299 0.293474

0.0464586 0.00187905 0.000210288
0.00187905 0.0422648 -0.0182384
0.000210288 -0.0182384 0.762207

-0.021079 -0.000508341 -0.027409
-0.000508341 -0.0202808 0.00514106
-0.027409 0.00514106 0.249527

0.00667048 -0.00278887 -0.0334141
-0.00278887 0.00574539 0.0100293
-0.0334141 0.0100293 0.288179

-0.0138594 -0.00274937 -0.0322245
-0.00274937 -0.00490206 0.0168979
-0.0322245 0.0168979 0.251925

-0.0124931 0.00177804 -0.0357147
0.00177804 -0.031646 0.0173661
-0.0357147 0.0173661 0.259234

-0.00486319 -0.00159899 -0.0320255
-0.00159899 -0.0229231 -0.00596245
-0.0320255 -0.00596245 0.267303

0.0596041 0.00197917 0.00805915
0.00197917 0.0497388 -0.0154465
0.00805915 -0.0154465 0.766937

-0.00365363 0.00156911 -0.0403186
0.00156911 -0.0220337 0.0130024
-0.0403186 0.0130024 0.275689

-0.0192757 -0.00758127 0.000696829
-0.00758127 0.00203255 0.000404523
0.000696829 0.000404523 0.369827

0.00609979 0.000993442 -0.0346589
0.000993442 0.0101619 0.0262919
-0.0346589 0.0262919 0.256767

-0.000440101 -0.0164913 -0.0395608
-0.0164913 -0.00837615 0.0258898
-0.0395608 0.0258898 0.387437

0.0097946 -0.00335864 -0.0287254
-0.00335864 0.0152766 0.0251493
-0.0287254 0.0251493 0.279136

0.0184043 -0.00644913 -0.0389272
-0.00644913 0.0275955 0.0237375
-0.0389272 0.0237375 0.293625

-0.0191822 -0.00915933 0.0140006
-0.00915933 -0.0247832 -0.0182533
0.0140006 -0.0182533 0.326238

-0.0174596 0.000712103 -0.00565523
0.000712103 -0.0229576 -0.0234722
-0.00565523 -0.0234722 0.42704

0.0122416 -0.00125884 -0.0273199
-0.00125884 0.0129908 0.0241491
-0.0273199 0.0241491 0.254491

0.00308474 0.00122574 -0.036797
0.00122574 0.00282194 0.0154136
-0.036797 0.0154136 0.235987

0.00566463 0.00555072 -0.0293459
0.00555072 0.0215257 0.0211506
-0.0293459 0.0211506 0.218791

0.0122936 -0.00641952 -0.0356041
-0.00641952 -0.00668264 0.0202099
-0.0356041 0.0202099 0.383922

-0.0478831 -0.00357317 0.00119662
-0.00357317 -0.0453373 0.00132072
0.00119662 0.00132072 0.333918

-0.0145494 -0.00935309 0.0145611
-0.00935309 -0.0193733 -0.0163661
0.0145611 -0.0163661 0.334451

0.0167799 0.00251156 -0.0222146
0.00251156 0.0236578 0.0273393
-0.0222146 0.0273393 0.261026

0.0374059 0.00338384 -0.00842613
0.00338384 0.0181419 0.0248391
-0.00842613 0.0248391 0.22133

0.0170713 -0.000291059 -0.004006
-0.000291059 0.00672985 0.0288002
-0.004006 0.0288002 0.208491

0.0131134 0.0129679 -0.0150006
0.0129679 0.00460176 0.0207163
-0.0150006 0.0207163 0.164532

0.00935267 0.0156382 -0.0332356
0.0156382 0.00583978 0.0122871
-0.0332356 0.0122871 0.16066

0.0286266 0.00153131 -0.00448901
0.00153131 0.00680604 0.0106685
-0.00448901 0.0106685 0.199396

0.0508455 0.00941953 -0.00281487
0.00941953 0.0204541 0.0147563
-0.00281487 0.0147563 0.211703

0.0101116 -0.00447396 -0.0250106
-0.00447396 0.0242577 0.00765985
-0.0250106 0.00765985 0.188833

0.0486798 0.0101555 -0.0347109
0.0101555 0.0486335 0.00879878
-0.0347109 0.00879878 0.208376

0.0167607 -0.00376256 -0.0332338
-0.00376256 0.0127522 0.017986
-0.0332338 0.017986 0.195359

-0.0808588 0.00192795 0.0056737
0.00192795 -0.0465809 -0.00700402
0.0056737 -0.00700402 0.250066

0.0023874 0.00245789 -0.0539681
0.00245789 0.00531579 -0.00232414
-0.0539681 -0.00232414 0.593672

0.0134287 0.00513266 -0.0229661
0.00513266 0.0111925 0.008124
-0.0229661 0.008124 0.132687

0.011106 0.00428006 -0.00964974
0.00428006 0.00963375 0.0140725
-0.00964974 0.0140725 0.132678

-0.0114992 7.2235e-05 -0.00359632
7.2235e-05 -0.0325005 -0.000691843
-0.00359632 -0.000691843 0.0168287

0.01736 0.00626274 -0.00317191
0.00626274 0.00497557 0.00790014
-0.00317191 0.00790014 0.0188488

0.0198625 0.00697866 -0.00527857
0.00697866 0.0286418 0.0180198
-0.00527857 0.0180198 0.108869

0.00179285 0.00513894 -0.0101254
0.00513894 0.0116617 0.000951691
-0.0101254 0.000951691 0.0155113

-0.00348496 -0.00229939 -0.00418289
-0.00229939 -0.000236627 0.0102842
-0.00418289 0.0102842 0.0358362

-0.000286224 -0.0075617 -0.00942802
-0.0075617 -0.00277411 -0.00399352
-0.00942802 -0.00399352 0.031838

0.0234106 0.00331696 -0.00671125
0.00331696 0.0334698 0.00509466
-0.00671125 0.00509466 0.120707

0.0293611 -0.000517766 -0.00541304
-0.000517766 0.0410542 -0.00643313
-0.00541304 -0.00643313 0.126129

0.0115423 0.000936809 -0.0128312
0.000936809 0.0182913 0.0014473
-0.0128312 0.0014473 0.030771

0.0118427 0.00131757 -0.0095005
0.00131757 0.0150299 0.00175182
-0.0095005 0.00175182 0.0260674

0.100164 -2.75154e-07 -0.0144596
-2.75154e-07 0.100157 0.000538239
-0.0144596 0.000538239 0.873544

0.0948629 0.000490626 -0.0116321
0.000490626 0.0806841 -0.000255454
-0.0116321 -0.000255454 0.93189

-0.00234952 -0.0101521 -0.0228751
-0.0101521 -0.0219475 0.0110697
-0.0228751 0.0110697 0.329542

-0.0400846 0.00763596 -0.0106366
0.00763596 -0.0255299 -0.0290664
-0.0106366 -0.0290664 0.320226

0.0430346 0.00165295 0.0531039
0.00165295 0.0400845 0.0103249
0.0531039 0.0103249 0.76859

0.0392906 0.00123417 0.0439119
0.00123417 0.0328471 0.0348783
0.0439119 0.0348783 0.763591

0.0292995 0.00329087 0.0839488
0.00329087 0.0283263 0.0173873
0.0839488 0.0173873 0.643307

-0.0300403 0.00292318 -0.00388795
0.00292318 -0.0181343 -0.0190046
-0.00388795 -0.0190046 0.39579

0.0305389 0.000517222 0.00588917
0.000517222 0.0245568 -0.0304447
0.00588917 -0.0304447 0.673465

0.0211962 0.00411679 0.0689053
0.00411679 0.0197399 0.0170248
0.0689053 0.0170248 0.503407

0.0231284 0.00402183 0.0611468
0.00402183 0.0254843 0.0409855
0.0611468 0.0409855 0.503943

0.0262126 0.00779507 0.0072214
0.00779507 0.024247 -0.0218785
0.0072214 -0.0218785 0.205965

-0.0240337 -0.00110501 8.71121e-05
-0.00110501 -0.0173835 3.72755e-05
8.71121e-05 3.72755e-05 0.403102

0.00866665 0.00702553 0.0438795
0.00702553 -0.00416147 0.0106494
0.0438795 0.0106494 0.384739

0.00660187 0.00526275 0.0416602
0.00526275 -0.00738109 0.0253102
0.0416602 0.0253102 0.380312

-0.0174581 0.00396819 -0.0652559
0.00396819 -0.0127529 0.00041418
-0.0652559 0.00041418 0.543571

-0.00785065 -0.00163756 0.00336604
-0.00163756 0.00290699 0.01189
0.00336604 0.01189 0.0521513

-0.0150847 -0.00379953 -0.0451439
-0.00379953 -0.0160302 0.0209155
-0.0451439 0.0209155 0.408659

-0.0149747 -0.00237449 -0.0471977
-0.00237449 -0.0180647 0.0216116
-0.0471977 0.0216116 0.409248

-0.0135782 -0.00135767 0.017136
-0.00135767 -0.0215576 -0.0123515
0.017136 -0.0123515 0.420066

-0.0089707 -0.000920003 -0.00953248
-0.000920003 -0.0174046 -0.0234375
-0.00953248 -0.0234375 0.439755

0.0179401 0.00231831 0.00278707
0.00231831 0.0260374 -0.0184224
0.00278707 -0.0184224 0.1906

-0.0302599 0.00673907 -0.00686921
0.00673907 -0.0424651 -0.0068444
-0.00686921 -0.0068444 0.290778

-0.000924308 -0.00108612 -0.0208072
-0.00108612 0.00611839 0.0076549
-0.0208072 0.0076549 0.136231

0.0286546 0.00555461 -0.00502767
0.00555461 0.0304107 -0.0159908
-0.00502767 -0.0159908 0.211287

-0.0160273 0.00831115 -0.0341619
0.00831115 -0.0300317 0.000627322
-0.0341619 0.000627322 0.279647

0.0043866 -0.0114067 -0.00794719
-0.0114067 0.00273699 -0.022127
-0.00794719 -0.022127 0.0946175

0.0582699 2.57701e-08 0.00309241
2.57701e-08 0.0582696 0.00023503
0.00309241 0.00023503 0.712825

0.00392237 -0.00193106 -0.036625
-0.00193106 -0.0136658 -0.0102155
-0.036625 -0.0102155 0.283809

0.00232744 0.0058415 -0.0401988
0.0058415 -0.00596121 -0.00651203
-0.0401988 -0.00651203 0.24701

0.00176489 0.00693702 -0.0262941
0.00693702 -0.00633769 -0.021263
-0.0262941 -0.021263 0.250207

0.00283338 0.00599027 -0.0430268
0.00599027 0.00313231 -0.00370293
-0.0430268 -0.00370293 0.268985

-0.00974025 0.000507164 -0.0366096
0.000507164 0.00232584 -0.00660634
-0.0366096 -0.00660634 0.231593

0.0113451 -6.11564e-05 -0.0331794
-6.11564e-05 0.0142992 -0.00358171
-0.0331794 -0.00358171 0.245325

0.0139251 -7.73719e-05 -0.0217795
-7.73719e-05 0.0134945 -0.00733807
-0.0217795 -0.00733807 0.199638

0.0458922 -0.00227683 -0.00261307
-0.00227683 0.0555599 -0.00230746
-0.00261307 -0.00230746 0.142542

-0.00871874 -0.00428154 -0.0135322
-0.00428154 -0.00490434 -0.00188323
-0.0135322 -0.00188323 0.110663

0.014058 -0.00017278 -0.0615672
-0.00017278 0.0128225 0.00586298
-0.0615672 0.00586298 0.591834

0.0311114 -0.00596778 -0.0215004
-0.00596778 0.0409059 0.000182765
-0.0215004 0.000182765 0.195334

0.00459125 0.000983745 -0.0188198
0.000983745 0.0142987 -0.00303481
-0.0188198 -0.00303481 0.175893

-0.00233059 0.00470594 -0.00989226
0.00470594 -0.00469129 0.00118879
-0.00989226 0.00118879 0.0293583

0.0098618 -0.00363215 -0.00950119
-0.00363215 0.0116989 -0.00377725
-0.00950119 -0.00377725 0.0240713

0.0889047 0.000717296 -0.0124802
0.000717296 0.0708981 -0.00645934
-0.0124802 -0.00645934 0.929554

0.120522 5.78507e-06 -0.0113441
5.78507e-06 0.120524 -0.0144453
-0.0113441 -0.0144453 0.953507

0.100164 -2.75154e-07 -0.0144596
-2.75154e-07 0.100157 0.000538239
-0.0144596 0.000538239 0.873544

0.00910189 -0.00290815 0.0362869
-0.00290815 0.00762508 0.0349697
0.0362869 0.0349697 0.729448

0.00926351 -0.0030247 0.0301662
-0.0030247 0.00716065 0.0427151
0.0301662 0.0427151 0.728239

0.0387534 -0.00378844 0.0259993
-0.00378844 0.0350038 0.0299361
0.0259993 0.0299361 0.847627

0.0314901 0.00598952 0.0532823
0.00598952 0.0250225 0.0386162
0.0532823 0.0386162 0.665214

0.0291699 -0.00104614 0.0674356
-0.00104614 0.0268107 0.0494726
0.0674356 0.0494726 0.608011

0.0264189 0.000618295 0.0456045
0.000618295 0.0232463 0.0621687
0.0456045 0.0621687 0.614654

-0.00504558 -0.00093102 0.0630477
-0.00093102 -0.00862733 0.0446176
0.0630477 0.0446176 0.486586

-0.00968624 0.00667518 0.0611074
0.00667518 -0.00936754 0.040593
0.0611074 0.040593 0.436554

-0.0122045 0.000674038 0.0646351
0.000674038 -0.000732675 0.0459466
0.0646351 0.0459466 0.418059

0.0173957 0.00565286 -0.00328386
0.00565286 0.00540919 -0.0146764
-0.00328386 -0.0146764 0.114001

-0.0249898 0.0133738 -0.0193974
0.0133738 -0.023326 -0.0199644
-0.0193974 -0.0199644 0.34586

-0.018909 0.00424516 0.0347962
0.00424516 -0.0308693 0.0234064
0.0347962 0.0234064 0.343841

-0.0163631 0.0155915 0.0143068
0.0155915 -0.0416215 0.00294637
0.0143068 0.00294637 0.303418

0.00715658 0.0133965 0.0122763
0.0133965 -0.00887389 0.0110658
0.0122763 0.0110658 0.332001

-0.0243916 0.00625227 0.0366124
0.00625227 -0.0360737 0.0223283
0.0366124 0.0223283 0.342011

-0.0225722 -0.00466908 -0.00390009
-0.00466908 -0.021459 0.00564326
-0.00390009 0.00564326 0.39113

0.00232029 0.000318574 -0.0674659
0.000318574 0.00173064 0.00256517
-0.0674659 0.00256517 0.545048

-0.0152239 -0.00542217 -0.0139204
-0.00542217 -0.0147351 -0.0196778
-0.0139204 -0.0196778 0.0829046

0.0108968 -0.00103246 0.0265964
-0.00103246 0.0114446 0.0328213
0.0265964 0.0328213 0.498015

-0.0140454 -0.00273203 -0.0472455
-0.00273203 -0.017912 0.0221556
-0.0472455 0.0221556 0.411999

-0.0422115 0.00745743 -0.01581
0.00745743 -0.0534416 -0.00522898
-0.01581 -0.00522898 0.265029

0.0061487 -0.0111887 -0.0248534
-0.0111887 0.0238918 0.0532812
-0.0248534 0.0532812 0.459675

0.00552857 0.000151451 -0.0209775
0.000151451 0.0130734 0.00762853
-0.0209775 0.00762853 0.152143

-0.0191567 0.0148698 -0.029851
0.0148698 -0.0115402 -0.0201823
-0.029851 -0.0201823 0.258996

-0.011698 0.0123568 -0.0275527
0.0123568 -0.00693605 -0.0222012
-0.0275527 -0.0222012 0.276256

-0.017262 0.00706079 -0.0273692
0.00706079 -0.0147637 -0.0201506
-0.0273692 -0.0201506 0.245595

0.00834316 0.00562357 -0.0301042
0.00562357 0.00727199 -0.01733
-0.0301042 -0.01733 0.275871

0.00790626 0.00452782 0.0280162
0.00452782 -0.00840348 0.00148652
0.0280162 0.00148652 0.288117

-0.00211299 -0.00129528 -0.0628645
-0.00129528 0.00613537 -0.016832
-0.0628645 -0.016832 0.626584

0.0217295 -0.00390207 -0.0145487
-0.00390207 0.0212886 -0.00446493
-0.0145487 -0.00446493 0.161792

0.0199334 -0.00566841 -0.0107804
-0.00566841 0.024625 -0.00664346
-0.0107804 -0.00664346 0.162915

0.00893201 0.00127873 -0.00953989
0.00127873 0.0111604 -0.0104438
-0.00953989 -0.0104438 0.184066

0.000847517 0.000540409 -0.00354562
0.000540409 -0.0103407 -0.00406933
-0.00354562 -0.00406933 0.0287408

0.0175893 -0.00116922 -0.00365003
-0.00116922 0.0196693 -0.00436256
-0.00365003 -0.00436256 0.0462696

0.00542279 -0.00286558 -0.00757156
-0.00286558 0.0102552 -0.00571919
-0.00757156 -0.00571919 0.0249005

0.0322388 -0.00220854 0.0202799
-0.00220854 0.0272014 0.03579
0.0202799 0.03579 0.835895

0.0254496 -0.00108919 0.00887597
-0.00108919 0.0118683 0.0506462
0.00887597 0.0506462 0.826236

0.0374281 -0.00351574 0.0222979
-0.00351574 0.0325107 0.0345763
0.0222979 0.0345763 0.846432

0.0238976 -0.00960764 0.0167822
-0.00960764 0.00858688 0.0206798
0.0167822 0.0206798 0.922193

0.0147942 -0.00795121 0.00589225
-0.00795121 -0.0144626 0.0350905
0.00589225 0.0350905 0.914097

0.120522 5.78507e-06 -0.0113441
5.78507e-06 0.120524 -0.0144453
-0.0113441 -0.0144453 0.953507

0.0321657 -0.000830681 0.0338271
-0.000830681 0.0326573 0.0529359
0.0338271 0.0529359 0.7373

0.0198704 0.00585861 0.0353475
0.00585861 0.027503 0.0597385
0.0353475 0.0597385 0.592454

0.0284785 0.00357176 0.0405947
0.00357176 0.0278092 0.0608199
0.0405947 0.0608199 0.604568

-0.00684676 0.000896397 0.043212
0.000896397 -0.0110252 0.0561897
0.043212 0.0561897 0.488994

0.00697997 0.0079116 0.037785
0.0079116 0.0014798 0.0560212
0.037785 0.0560212 0.432692

0.00483504 -0.000523583 0.0446516
-0.000523583 0.0065399 0.0599837
0.0446516 0.0599837 0.491229

-0.0310539 0.00148996 0.0360525
0.00148996 -0.0310118 0.0531913
0.0360525 0.0531913 0.423324

-0.0178458 0.000335801 0.0363358
0.000335801 -0.00662967 0.0489458
0.0363358 0.0489458 0.433819

0.0527043 -6.02715e-06 0.0131268
-6.02715e-06 0.0475473 -0.00658212
0.0131268 -0.00658212 0.157966

-0.0097163 0.00659977 0.0193621
0.00659977 0.00362677 0.0343393
0.0193621 0.0343393 0.391009

-0.00269287 0.00405453 0.00755123
0.00405453 0.0229532 0.0535998
0.00755123 0.0535998 0.393913

-0.0388959 0.00600954 0.0193734
0.00600954 -0.0293982 0.0263014
0.0193734 0.0263014 0.343019

-0.0288417 0.00463048 0.0250116
0.00463048 -0.0316989 0.0299627
0.0250116 0.0299627 0.343273

0.0132376 0.00503736 -0.0212452
0.00503736 0.0151247 0.00617282
-0.0212452 0.00617282 0.131689

0.0150433 0.00177325 -0.0585212
0.00177325 0.0177956 0.00151914
-0.0585212 0.00151914 0.637536

-0.0573349 0.0112327 0.012973
0.0112327 -0.0458769 0.0148689
0.012973 0.0148689 0.293405

-0.037266 0.0199115 0.00406009
0.0199115 -0.0247035 0.00144854
0.00406009 0.00144854 0.297035

-0.0376866 0.0100076 0.00032286
0.0100076 -0.0150482 0.00587854
0.00032286 0.00587854 0.295807

-0.0255336 0.00637896 0.000808646
0.00637896 -0.00470159 0.00517699
0.000808646 0.00517699 0.304259

-0.0413149 0.0102071 0.00153411
0.0102071 -0.017973 -0.00467616
0.00153411 -0.00467616 0.289195

-0.0487422 0.0167339 -0.00318694
0.0167339 -0.0397723 -0.00136093
-0.00318694 -0.00136093 0.267776

-0.0392057 0.017707 -0.00675979
0.017707 -0.022456 -0.0151022
-0.00675979 -0.0151022 0.282411

-0.0310405 0.0158316 -0.00930174
0.0158316 -0.0231992 -0.0160791
-0.00930174 -0.0160791 0.271575

-0.0491107 0.00917731 -0.00562277
0.00917731 -0.0529985 -0.0190872
-0.00562277 -0.0190872 0.261447

-0.00726447 0.0121696 -0.0209871
0.0121696 -0.00635561 -0.0302279
-0.0209871 -0.0302279 0.264951

-0.0332858 0.0061434 -0.0111622
0.0061434 -0.0205759 -0.0183196
-0.0111622 -0.0183196 0.268827

-0.0346537 0.0050928 0.00283656
0.0050928 -0.0166062 -0.0323222
0.00283656 -0.0323222 0.267033

-0.030375 0.00393837 -0.0155419
0.00393837 -0.0195118 -0.0255944
-0.0155419 -0.0255944 0.280975

-0.00156576 0.0101938 -0.0194294
0.0101938 -0.00503067 -0.0314574
-0.0194294 -0.0314574 0.280307

-0.00582172 0.00369639 -0.0188787
0.00369639 -0.00103542 -0.0296595
-0.0188787 -0.0296595 0.257436

-0.00956306 0.00263819 -0.00198383
0.00263819 0.00215797 -0.0507219
-0.00198383 -0.0507219 0.250209

0.00496756 0.00355105 -0.0195555
0.00355105 0.00953707 -0.032064
-0.0195555 -0.032064 0.276042

-0.0235575 -0.000957351 0.0274271
-0.000957351 -0.0572946 -0.000610819
0.0274271 -0.000610819 0.258488

0.021703 0.00320702 -0.00968197
0.00320702 0.0221596 -0.0205182
-0.00968197 -0.0205182 0.270429

-0.00890691 0.000556192 0.0348907
0.000556192 -0.0321338 -0.0112597
0.0348907 -0.0112597 0.301154

0.0057044 -0.0103105 0.00376191
-0.0103105 -0.00449122 -0.0167061
0.00376191 -0.0167061 0.111666

0.00789788 -0.00573805 -0.0246899
-0.00573805 0.00306466 -0.029037
-0.0246899 -0.029037 0.680078

0.00193456 -0.000133475 0.0145691
-0.000133475 0.0108115 -0.0843284
0.0145691 -0.0843284 0.502413

0.00266873 -0.00569449 -0.00989158
-0.00569449 0.00748696 -0.00649402
-0.00989158 -0.00649402 0.133982

0.0140926 -0.00379785 -0.00966007
-0.00379785 0.00892943 -0.00363259
-0.00966007 -0.00363259 0.0276601

0.0324543 -0.00597245 -0.00521992
-0.00597245 0.0326252 -0.00586227
-0.00521992 -0.00586227 0.128007

-0.0120884 0.00722413 0.000751024
0.00722413 -0.0175438 -0.0189395
0.000751024 -0.0189395 0.0900188

-0.0116128 -0.00586976 -0.00202045
-0.00586976 -0.0102303 -0.00851568
-0.00202045 -0.00851568 0.0537968

-0.0184572 -0.00255576 -0.000347107
-0.00255576 -0.0141612 -0.0123829
-0.000347107 -0.0123829 0.0494938

0.0824713 -0.00338242 -0.00372648
-0.00338242 0.0613468 -0.0118334
-0.00372648 -0.0118334 0.937645

0.00211585 -0.000705846 0.035848
-0.000705846 -0.0066911 0.00140276
0.035848 0.00140276 0.30571

0.0705002 6.30644e-08 0.00129725
6.30644e-08 0.0705003 0.00137222
0.00129725 0.00137222 0.759235

0.0524466 1.90287e-08 0.00116059
1.90287e-08 0.0524465 0.000462239
0.00116059 0.000462239 0.690868

-0.0148354 0.00997318 -0.0169753
0.00997318 -0.0203611 -0.012537
-0.0169753 -0.012537 0.375106

0.0315865 0.000594746 -0.0117263
0.000594746 0.0225687 -0.0776105
-0.0117263 -0.0776105 0.713801

0.0203084 0.00326503 -0.00916365
0.00326503 0.0199114 -0.0737117
-0.00916365 -0.0737117 0.585619

0.0158029 0.000175344 0.0160886
0.000175344 0.0203504 -0.0838639
0.0160886 -0.0838639 0.571827

-0.0432292 -0.00782269 0.00711538
-0.00782269 -0.0294582 -0.0273617
0.00711538 -0.0273617 0.297718

0.0249882 -0.00162857 -0.0145026
-0.00162857 0.0269073 -0.0716038
-0.0145026 -0.0716038 0.518302

0.0148704 -0.000374076 -0.0276934
-0.000374076 0.0117608 0.000962578
-0.0276934 0.000962578 0.231424

-0.0124381 0.00191309 -0.0130304
0.00191309 -0.00196379 -0.0723083
-0.0130304 -0.0723083 0.411872

-0.0100741 -0.000351033 0.0166343
-0.000351033 0.000253981 -0.0589963
0.0166343 -0.0589963 0.421774

0.0100219 8.09417e-06 -0.0549267
8.09417e-06 0.0152622 -0.010753
-0.0549267 -0.010753 0.642465

0.00252731 0.00545637 -0.0182529
0.00545637 0.0227201 -0.0515427
-0.0182529 -0.0515427 0.393492

-0.0601011 -0.00110657 0.00327058
-0.00110657 -0.0606351 -0.000430738
0.00327058 -0.000430738 0.360473

-0.029955 6.8017e-05 -0.0014569
6.8017e-05 -0.0152164 -0.00943245
-0.0014569 -0.00943245 0.364768

-0.0202154 -0.00734925 0.00708966
-0.00734925 -0.00547071 -0.0285836
0.00708966 -0.0285836 0.340778

-0.0135263 -0.00380243 -0.04608
-0.00380243 -0.0170538 0.02189
-0.04608 0.02189 0.412931

0.0151543 -0.0107346 0.0328668
-0.0107346 0.0132148 -0.0287871
0.0328668 -0.0287871 0.435172

-0.0451843 0.00376835 -0.00297035
0.00376835 0.000304481 -0.00487932
-0.00297035 -0.00487932 0.279698

-0.0294765 0.0141847 -0.000341017
0.0141847 0.00631795 0.00553743
-0.000341017 0.00553743 0.277522

0.0193223 -0.00115414 -0.0583014
-0.00115414 0.0235443 -0.0156899
-0.0583014 -0.0156899 0.720806

0.00741621 0.00169706 -0.00285237
0.00169706 0.0145728 -0.0148313
-0.00285237 -0.0148313 0.197409

0.0136634 -0.000140328 -0.0265359
-0.000140328 0.0148004 0.00277482
-0.0265359 0.00277482 0.225857

0.0205017 -0.00408409 0.00958379
-0.00408409 0.00956482 0.0232139
0.00958379 0.0232139 0.148638

0.0217128 -0.00195197 -0.051061
-0.00195197 0.0309316 -0.00252938
-0.051061 -0.00252938 0.730229

-0.0595535 0.00479666 0.000258738
0.00479666 -0.0446506 0.0306319
0.000258738 0.0306319 0.269061

-0.0275539 0.000769061 0.0132131
0.000769061 -0.00326233 0.040495
0.0132131 0.040495 0.264482

-0.0264811 0.000600199 -0.00791584
0.000600199 -0.00154764 0.0357071
-0.00791584 0.0357071 0.268142

-0.0138171 0.000974949 0.0111018
0.000974949 0.00821782 0.04317
0.0111018 0.04317 0.289071

0.0281462 -0.00169279 0.0135361
-0.00169279 0.021385 0.0358376
0.0135361 0.0358376 0.283308

-0.0332039 -0.0118345 0.0226908
-0.0118345 -0.0413979 -0.0270531
0.0226908 -0.0270531 0.33634

0.0041054 -0.00191252 0.012127
-0.00191252 0.0128408 0.0343877
0.012127 0.0343877 0.230737

0.00417671 -0.0081946 0.00986432
-0.0081946 0.00783936 0.0294749
0.00986432 0.0294749 0.208731

0.00460896 -0.00390079 -0.0134987
-0.00390079 0.00431756 -0.0044675
-0.0134987 -0.0044675 0.133188

0.0131107 0.00527106 -0.0209237
0.00527106 0.0123994 0.00682231
-0.0209237 0.00682231 0.133933

0.0509971 -0.00123095 0.0162801
-0.00123095 0.00455062 -0.0470723
0.0162801 -0.0470723 0.912332

0.0717093 -9.29227e-08 -0.00075077
-9.29227e-08 0.0717097 0.00349393
-0.00075077 0.00349393 0.763847

0.0257072 -0.000293541 0.0118124
-0.000293541 0.0195682 -0.0881296
0.0118124 -0.0881296 0.701383

0.0189093 -0.00332955 -0.0550937
-0.00332955 0.0193384 -0.0165064
-0.0550937 -0.0165064 0.64855

0.00673064 -0.00131888 -0.0311626
-0.00131888 0.0110116 0.00129556
-0.0311626 0.00129556 0.469

0.0170818 0.00081845 0.0220015
0.00081845 0.01231 -0.0860742
0.0220015 -0.0860742 0.492093

-0.00465069 -0.00313215 0.0165818
-0.00313215 -9.914e-05 -0.0784842
0.0165818 -0.0784842 0.441363

-0.00188827 -0.00645036 -0.00258892
-0.00645036 -0.0157032 0.000496364
-0.00258892 0.000496364 0.359259

0.0362346 -0.000121866 -0.000866937
-0.000121866 0.0386511 0.00126661
-0.000866937 0.00126661 0.691042

-0.0255884 -0.00780551 0.0107734
-0.00780551 -0.0112647 -0.0275691
0.0107734 -0.0275691 0.331336

-0.012665 -0.0165323 -0.000774773
-0.0165323 0.0362282 0.00597475
-0.000774773 0.00597475 0.306318

0.0115914 0.00101553 -0.0303305
0.00101553 0.0132299 -0.00069533
-0.0303305 -0.00069533 0.236132

-0.0102064 -0.0149912 0.00345807
-0.0149912 0.0322256 -0.000836893
0.00345807 -0.000836893 0.316665

-0.0152286 -0.0150778 -0.00225525
-0.0150778 0.0272542 0.00230682
-0.00225525 0.00230682 0.30804

-0.00594491 -0.00131929 -0.0377745
-0.00131929 -0.0145758 -0.0329236
-0.0377745 -0.0329236 0.553524

-0.0423424 -0.00252972 0.0226489
-0.00252972 -0.0321878 -0.00713198
0.0226489 -0.00713198 0.173962

-0.0131964 0.00121586 -0.00938298
0.00121586 0.0100853 0.0384776
-0.00938298 0.0384776 0.292834

0.00243792 -0.000119435 0.000889481
-0.000119435 0.00585905 0.0322075
0.000889481 0.0322075 0.290022

-0.0267244 0.011585 0.00904114
0.011585 -0.0293101 0.00134076
0.00904114 0.00134076 0.278315

0.0163623 0.001178 -0.00711726
0.001178 0.0242587 0.0210604
-0.00711726 0.0210604 0.24685

0.00684986 0.00209017 -0.0192609
0.00209017 0.00278192 0.0173412
-0.0192609 0.0173412 0.190157

0.00816212 0.00349535 -0.00865903
0.00349535 0.0148492 0.0120447
-0.00865903 0.0120447 0.100392

0.022041 -0.000919493 -0.0067811
-0.000919493 0.0229804 0.00286794
-0.0067811 0.00286794 0.0980558

-0.0116479 -0.00417068 -0.00580191
-0.00417068 -0.00464453 0.00840975
-0.00580191 0.00840975 0.0312039

0.00356517 -0.00485023 -0.0143219
-0.00485023 -0.00675846 0.0129913
-0.0143219 0.0129913 0.0487046

0.0324679 -0.00329622 0.00910526
-0.00329622 0.0430992 0.000565205
0.00910526 0.000565205 0.29856

0.0286677 0.00998046 0.00548711
0.00998046 0.0133728 0.0148121
0.00548711 0.0148121 0.0339121

-0.000846871 -0.00178088 0.00439778
-0.00178088 -0.00069106 0.0386571
0.00439778 0.0386571 0.504762

0.0602654 0.00616155 -0.00876901
0.00616155 0.0263658 0.0243967
-0.00876901 0.0243967 0.936891

0.0704209 6.85138e-08 -0.000425908
6.85138e-08 0.0704216 -0.00454071
-0.000425908 -0.00454071 0.758936

0.0505934 -0.00258057 0.0132654
-0.00258057 0.00602017 0.034685
0.0132654 0.034685 0.928693

0.0704209 6.85138e-08 -0.000425908
6.85138e-08 0.0704216 -0.00454071
-0.000425908 -0.00454071 0.758936

0.033715 0.000466536 0.010756
0.000466536 0.0453966 -0.00157653
0.010756 -0.00157653 0.134216

0.0128256 0.000482377 -0.00475486
0.000482377 -0.00123352 0.0535165
-0.00475486 0.0535165 0.720084

0.0468559 -0.00581508 0.00535729
-0.00581508 0.0343142 -0.00399031
0.00535729 -0.00399031 0.135855

0.0346018 0.00242099 0.0118141
0.00242099 0.0256144 0.0638138
0.0118141 0.0638138 0.701596

0.0244369 0.00248917 0.0131611
0.00248917 0.0232412 0.0623609
0.0131611 0.0623609 0.734589

-0.0299885 0.0142474 -0.00666773
0.0142474 -0.03325 0.00578758
-0.00666773 0.00578758 0.27639

0.023596 0.00441516 0.0190482
0.00441516 0.0282283 0.0780917
0.0190482 0.0780917 0.58219

0.00185698 0.0170447 -0.0031197
0.0170447 -0.00983466 -0.00045758
-0.0031197 -0.00045758 0.341304

0.0427502 0.00273281 0.0137273
0.00273281 0.0469065 0.0823319
0.0137273 0.0823319 0.627983

0.00823511 0.00302108 0.00364054
0.00302108 0.0136244 -0.0218345
0.00364054 -0.0218345 0.202496

0.0140687 0.000892826 -0.0225737
0.000892826 0.0148493 0.00150252
-0.0225737 0.00150252 0.228184

0.00976142 0.00267051 0.0138101
0.00267051 0.0121937 0.0897928
0.0138101 0.0897928 0.515462

0.00178953 -0.00255376 0.0155017
-0.00255376 0.00501579 0.0925109
0.0155017 0.0925109 0.479749

0.0170715 -0.0052266 -0.0225728
-0.0052266 0.0123398 0.00122368
-0.0225728 0.00122368 0.228362

0.000400138 -0.00259071 -0.000745062
-0.00259071 0.0251287 0.0702201
-0.000745062 0.0702201 0.427502

0.00582889 -0.0103846 0.0260045
-0.0103846 0.0128258 0.0152938
0.0260045 0.0152938 0.194261

-0.0359086 6.09548e-05 0.0118789
6.09548e-05 -0.0324967 0.081964
0.0118789 0.081964 0.411801

-0.00557464 -0.0045378 -0.00296174
-0.0045378 0.020619 0.0519476
-0.00296174 0.0519476 0.406379

-0.0290742 -0.0023951 -0.00151136
-0.0023951 -0.00684498 0.0566186
-0.00151136 0.0566186 0.380238

-0.0147027 -0.00103948 0.00583728
-0.00103948 0.0138308 0.0517508
0.00583728 0.0517508 0.395599

-0.0347217 -0.00491159 -0.00463525
-0.00491159 -0.0149451 0.0419499
-0.00463525 0.0419499 0.361933

-0.0371666 0.00251233 -0.00449041
0.00251233 -0.00917558 0.0483024
-0.00449041 0.0483024 0.327816

-0.0408559 0.000634635 -0.00431201
0.000634635 0.000862678 0.0285441
-0.00431201 0.0285441 0.307347

-0.0325009 -0.000722162 0.00789704
-0.000722162 -0.00731225 0.0492157
0.00789704 0.0492157 0.329875

-0.033377 0.00433074 0.00847926
0.00433074 -0.0129317 0.0445039
0.00847926 0.0445039 0.346057

-0.0356567 -0.00981059 -0.0096221
-0.00981059 -0.0374461 0.0222998
-0.0096221 0.0222998 0.31505

-0.0359531 0.000710502 0.0093232
0.000710502 0.00366802 0.0294912
0.0093232 0.0294912 0.309966

-0.0701085 -0.00695381 -0.000423717
-0.00695381 -0.0513192 0.0104709
-0.000423717 0.0104709 0.245188

-0.0585581 0.00858346 -0.00680666
0.00858346 -0.0342033 0.00903726
-0.00680666 0.00903726 0.256033

-0.0433949 -0.0115505 0.00270868
-0.0115505 -0.0157589 -0.00817348
0.00270868 -0.00817348 0.283337

-0.0589268 -0.00649341 0.00706603
-0.00649341 -0.0447003 -0.0171356
0.00706603 -0.0171356 0.274342

-0.0349479 0.00607379 0.00471733
0.00607379 -0.00914073 -0.00578568
0.00471733 -0.00578568 0.297662

-0.0471244 0.0120293 -0.00176985
0.0120293 -0.0244856 -0.000568363
-0.00176985 -0.000568363 0.269944

-0.0286378 0.00644912 0.00187038
0.00644912 -0.00676548 -0.00530146
0.00187038 -0.00530146 0.298085

-0.0530556 -0.0155864 -0.000261958
-0.0155864 -0.0260061 -0.0264891
-0.000261958 -0.0264891 0.258874

-0.0343787 -0.00595123 0.00740216
-0.00595123 0.00294478 -0.0258216
0.00740216 -0.0258216 0.266045

-0.0352835 -0.00598766 0.00595639
-0.00598766 -0.00111316 -0.0308266
0.00595639 -0.0308266 0.267021

-0.0583508 -0.00220747 -0.00825459
-0.00220747 -0.010891 -0.0264548
-0.00825459 -0.0264548 0.251724

-0.0325278 -0.00535352 0.00597721
-0.00535352 0.00377794 -0.0320826
0.00597721 -0.0320826 0.269327

-0.0147575 -0.0129681 -0.0220311
-0.0129681 -0.023533 0.0172303
-0.0220311 0.0172303 0.341506

-0.0603627 -0.00296118 -0.00957847
-0.00296118 -0.0157402 -0.0314618
-0.00957847 -0.0314618 0.251888

-0.0394395 -0.00510525 0.00162841
-0.00510525 -0.0210001 -0.0360328
0.00162841 -0.0360328 0.27255

-0.0231916 -0.00359003 0.00777579
-0.00359003 -0.00143504 -0.0301839
0.00777579 -0.0301839 0.299666

-0.0229216 -0.00134327 0.0116201
-0.00134327 -0.0120694 -0.0396141
0.0116201 -0.0396141 0.272523

-0.0304558 0.000655399 -0.00418841
0.000655399 -0.0186477 -0.0373023
-0.00418841 -0.0373023 0.268603

-0.0324349 0.00313513 -0.00189514
0.00313513 -0.0183188 -0.0393804
-0.00189514 -0.0393804 0.277189

-0.0198401 -0.00521223 0.00901864
-0.00521223 -0.00171779 -0.0357155
0.00901864 -0.0357155 0.26545

-0.00321167 -0.00186125 0.0021983
-0.00186125 0.00673783 -0.037645
0.0021983 -0.037645 0.267157

-0.031904 -0.000973226 -0.0118263
-0.000973226 -0.00186186 -0.0461231
-0.0118263 -0.0461231 0.254167

0.00123221 -0.00175931 0.00333114
-0.00175931 0.0109508 -0.0397068
0.00333114 -0.0397068 0.274993

0.0109467 -0.00448396 0.0277868
-0.00448396 0.0249462 0.00296787
0.0277868 0.00296787 0.210582

0.0168831 -0.00461318 0.0197259
-0.00461318 0.021521 -0.00567189
0.0197259 -0.00567189 0.21626

0.00114559 0.00252363 -0.00274291
0.00252363 0.012485 -0.0530322
-0.00274291 -0.0530322 0.268724

0.0081082 -0.00531666 -0.0208381
-0.00531666 0.00366635 -0.00487133
-0.0208381 -0.00487133 0.196184

0.0189252 -0.00125639 0.00956395
-0.00125639 0.0172309 -0.0315416
0.00956395 -0.0315416 0.273701

0.0135614 -0.00410331 -0.00859731
-0.00410331 0.00583801 -0.0416393
-0.00859731 -0.0416393 0.262126

0.0207227 0.00042299 -0.0600037
0.00042299 0.0179944 -0.0134976
-0.0600037 -0.0134976 0.634422

-0.0571742 0.000693186 -0.00476129
0.000693186 -0.0562285 0.0095375
-0.00476129 0.0095375 0.355076

0.0113691 0.00558454 -0.00299822
0.00558454 0.00983069 -0.00915261
-0.00299822 -0.00915261 0.028812

0.0108517 0.00248359 -0.000254259
0.00248359 0.00952317 -0.00915245
-0.000254259 -0.00915245 0.0285029

0.0194846 -0.00782477 0.017082
-0.00782477 0.0303567 0.00401163
0.017082 0.00401163 0.209761

0.0191468 -0.00438883 -0.0042617
-0.00438883 0.00315616 -0.00873502
-0.0042617 -0.00873502 0.00850341

0.0265617 -0.00609219 -0.0140409
-0.00609219 0.0274314 -0.0116189
-0.0140409 -0.0116189 0.268155

0.028446 0.00178109 0.00265737
0.00178109 0.0238778 -0.0191788
0.00265737 -0.0191788 0.699946

-7.41331e-05 0.000532928 0.0261127
0.000532928 -0.00654704 -0.0631655
0.0261127 -0.0631655 0.572241

-0.00212654 0.00343679 0.0397553
0.00343679 -0.000110884 -0.0581435
0.0397553 -0.0581435 0.621139

0.032979 0.00294651 0.0328648
0.00294651 0.0335442 -0.0515418
0.0328648 -0.0515418 0.747757

0.0430191 -0.000375849 0.0317227
-0.000375849 0.0402613 -0.0512647
0.0317227 -0.0512647 0.751675

0.0374819 0.000590146 0.0139789
0.000590146 0.0451538 -0.000261971
0.0139789 -0.000261971 0.706765

0.00750359 0.0137652 0.0111715
0.0137652 -0.0033237 -0.00480659
0.0111715 -0.00480659 0.346144

0.00500446 -0.00152096 -0.0300141
-0.00152096 0.00222301 -0.0217276
-0.0300141 -0.0217276 0.601926

-0.0577202 0.00239126 -0.00630829
0.00239126 -0.0537721 0.00983291
-0.00630829 0.00983291 0.350533

-0.0169713 0.000232034 0.00915529
0.000232034 0.00304257 -0.00329061
0.00915529 -0.00329061 0.0480535

0.0142591 0.00198862 -0.0129661
0.00198862 0.0115557 0.0216569
-0.0129661 0.0216569 0.108261

-0.0121629 0.00608575 0.0681054
0.00608575 -0.0173528 0.0191139
0.0681054 0.0191139 0.434741

-0.0181931 -0.00577032 -0.00878356
-0.00577032 -0.000965519 -0.00290886
-0.00878356 -0.00290886 0.0265541

-0.0396955 -0.00509322 -0.000378063
-0.00509322 -0.0348811 0.00772061
-0.000378063 0.00772061 0.362138

-0.0578897 -0.000167672 -0.0036866
-0.000167672 -0.0530436 0.00966866
-0.0036866 0.00966866 0.350301

0.00512923 -0.00165919 0.0061067
-0.00165919 0.00480442 0.0390805
0.0061067 0.0390805 0.52181

0.0159561 -0.00175281 -0.0306849
-0.00175281 0.018097 7.30763e-05
-0.0306849 7.30763e-05 0.239761

0.0131666 -0.000612421 0.0218793
-0.000612421 0.0156452 0.00321535
0.0218793 0.00321535 0.632397

-0.0487691 -0.000535346 -0.00247511
-0.000535346 -0.0483971 0.0015876
-0.00247511 0.0015876 0.381516

-0.0342446 -0.000454106 0.000761019
-0.000454106 -0.0437117 0.00214313
0.000761019 0.00214313 0.373218

-0.065721 0.00176743 0.00229063
0.00176743 -0.0458871 -0.0215512
0.00229063 -0.0215512 0.305194

0.0321885 -0.00120049 -0.0100501
-0.00120049 0.0322747 0.00337646
-0.0100501 0.00337646 0.671463

0.00435038 0.00731055 -0.00717002
0.00731055 -0.0103608 0.000952633
-0.00717002 0.000952633 0.350548

0.0132739 -0.00299304 0.0106737
-0.00299304 0.0100708 0.017301
0.0106737 0.017301 0.627925

0.0235794 0.000195395 0.0182957
0.000195395 0.0242194 0.0198394
0.0182957 0.0198394 0.526565

-0.0131761 0.00158903 0.0235259
0.00158903 -0.0362486 0.00583729
0.0235259 0.00583729 0.304183

0.0184454 0.00196929 -0.0195178
0.00196929 0.0147646 0.00740833
-0.0195178 0.00740833 0.533198

0.0219032 -0.00143914 0.00358528
-0.00143914 0.016587 0.020043
0.00358528 0.020043 0.583523

-0.0431923 0.00117109 0.00862793
0.00117109 -0.0347407 -0.00220112
0.00862793 -0.00220112 0.322789

-0.0523405 0.00927872 0.0175975
0.00927872 -0.0569457 0.00322439
0.0175975 0.00322439 0.331983

-0.0180058 -0.000630243 0.0209925
-0.000630243 -0.0429916 -0.00864571
0.0209925 -0.00864571 0.300575

0.0190327 -0.00242726 -0.0294268
-0.00242726 0.0188177 -0.000218695
-0.0294268 -0.000218695 0.234641

0.00484535 -0.00156163 0.0154761
-0.00156163 1.04165e-05 -0.0887063
0.0154761 -0.0887063 0.608141

-0.00702906 -0.00554674 0.0108065
-0.00554674 -0.0139007 -0.00762113
0.0108065 -0.00762113 0.204866

-0.0104318 -0.00232116 0.0197795
-0.00232116 -0.0123974 -0.0114146
0.0197795 -0.0114146 0.449395

0.032106 -0.000762716 0.0231582
-0.000762716 0.0304323 0.00625434
0.0231582 0.00625434 0.605086

-0.0367525 0.00218604 0.00313477
0.00218604 -0.0373996 -0.00354009
0.00313477 -0.00354009 0.387841

-0.0527685 -0.000945197 -0.00198965
-0.000945197 -0.0510046 0.00170505
-0.00198965 0.00170505 0.378938

-0.026917 0.00966078 -0.0152494
0.00966078 -0.0199896 -0.022148
-0.0152494 -0.022148 0.332456

0.000711098 0.000222954 0.0203838
0.000222954 -0.000348795 0.0119916
0.0203838 0.0119916 0.494781

-0.0470957 4.54111e-05 -0.00401991
4.54111e-05 -0.0501334 0.00245067
-0.00401991 0.00245067 0.375818

-0.0250801 -0.00173867 0.00573407
-0.00173867 -0.0194492 0.0373049
0.00573407 0.0373049 0.466217

0.0152943 -0.00270547 0.0173597
-0.00270547 0.0170505 0.0145413
0.0173597 0.0145413 0.679034

-0.00399505 -0.00417467 0.0242996
-0.00417467 -0.00361881 0.0267657
0.0242996 0.0267657 0.609001

-0.0541573 0.00203151 -0.000412972
0.00203151 -0.051907 0.00258332
-0.000412972 0.00258332 0.360472

0.0155785 -0.00187248 -0.026815
-0.00187248 0.018852 0.00208237
-0.026815 0.00208237 0.223775

0.00694153 0.002786 -0.0386805
0.002786 0.0153907 0.0374993
-0.0386805 0.0374993 0.556704

0.015984 0.00217853 -0.00349043
0.00217853 0.0272844 0.0223847
-0.00349043 0.0223847 0.534298

-0.0122408 0.00237935 0.0179326
0.00237935 -0.0124802 0.0146718
0.0179326 0.0146718 0.43358

0.0181609 -0.00226547 0.014762
-0.00226547 0.0227665 -0.089563
0.014762 -0.089563 0.608199

0.0009798 0.0161765 -0.00619616
0.0161765 0.00537531 0.00227806
-0.00619616 0.00227806 0.345317

-0.0114324 0.00339799 0.0186764
0.00339799 -0.00938591 0.0212901
0.0186764 0.0212901 0.43182

-0.0180974 -0.00329464 -0.0195441
-0.00329464 -0.0411777 0.0112873
-0.0195441 0.0112873 0.274432

0.0301343 0.00212795 0.0215318
0.00212795 0.0229948 0.0325644
0.0215318 0.0325644 0.511541

0.0452823 -0.00325762 0.0240821
-0.00325762 0.0447343 0.0146538
0.0240821 0.0146538 0.804935

-0.00385075 0.0084826 -0.024139
0.0084826 -0.0080635 -0.0158579
-0.024139 -0.0158579 0.421562

-0.0318459 0.00749684 0.0162466
0.00749684 -0.0269585 0.0112037
0.0162466 0.0112037 0.382861

-0.0411253 0.00294024 9.1268e-05
0.00294024 -0.0305323 0.0113681
9.1268e-05 0.0113681 0.347437

-0.0089049 -0.0057971 0.00869274
-0.0057971 -0.0262001 -0.00397174
0.00869274 -0.00397174 0.340869

-0.00828932 -0.00958069 0.0123647
-0.00958069 -0.0341283 -0.00391808
0.0123647 -0.00391808 0.342086

0.0137846 -0.00341477 -0.0294668
-0.00341477 0.0132579 -0.00163437
-0.0294668 -0.00163437 0.226455

0.0239935 1.53071e-05 0.0103085
1.53071e-05 0.0286234 -0.0248158
0.0103085 -0.0248158 0.230075

0.0113133 -0.00777148 0.00127882
-0.00777148 0.0314278 -0.00162779
0.00127882 -0.00162779 0.292269

0.0180243 -0.00221592 -0.0276047
-0.00221592 0.0186217 -0.00132822
-0.0276047 -0.00132822 0.234189

0.00794979 -0.00286579 -0.00227836
-0.00286579 0.0327437 0.00405866
-0.00227836 0.00405866 0.292964

-0.00414149 -0.00294734 0.00931204
-0.00294734 -0.0194943 -0.0162952
0.00931204 -0.0162952 0.297511

-0.0225028 0.0142047 -0.00421794
0.0142047 -0.0413857 -0.00398903
-0.00421794 -0.00398903 0.326592

0.0314813 -0.00241021 -0.00661773
-0.00241021 0.0224853 -0.0173417
-0.00661773 -0.0173417 0.256879

-0.0580626 0.00588802 -0.00262221
0.00588802 -0.052954 -0.00690408
-0.00262221 -0.00690408 0.262253

-0.00583304 -0.000226113 -0.0113518
-0.000226113 -0.0079102 -0.0291276
-0.0113518 -0.0291276 0.481327

0.00262439 0.00725585 0.0156322
0.00725585 0.00788894 -0.00882543
0.0156322 -0.00882543 0.182473

0.0496285 -0.00288126 -0.00912266
-0.00288126 0.011431 0.0069638
-0.00912266 0.0069638 0.295506

-0.0473546 0.00084899 0.00590558
0.00084899 -0.0406698 0.00245112
0.00590558 0.00245112 0.251081

0.0201726 -0.00555117 0.00915209
-0.00555117 0.0225063 0.0134681
0.00915209 0.0134681 0.754992

0.0247428 -0.00500605 -0.0134289
-0.00500605 0.0342497 -0.00126729
-0.0134289 -0.00126729 0.248458

-0.0339025 0.00440281 0.00876814
0.00440281 -0.0503293 0.00627705
0.00876814 0.00627705 0.345875

-0.00798181 0.00622243 -0.0178628
0.00622243 -0.00364052 -0.052065
-0.0178628 -0.052065 0.429591

0.0310887 0.00245467 0.00153936
0.00245467 0.0360709 0.0112931
0.00153936 0.0112931 0.281908

-0.0122165 0.0140744 0.00520034
0.0140744 -0.00363817 0.00702169
0.00520034 0.00702169 0.369009

-0.00940952 0.00212158 -0.039392
0.00212158 -0.00826127 0.0313789
-0.039392 0.0313789 0.536921

0.0445252 -0.00195106 0.00197652
-0.00195106 0.0561327 -0.00445651
0.00197652 -0.00445651 0.776076

-0.0643157 0.0132232 0.0158853
0.0132232 -0.0505159 0.0108137
0.0158853 0.0108137 0.289283

-0.032238 0.00123023 -0.00429774
0.00123023 -0.0315368 -0.00304653
-0.00429774 -0.00304653 0.150948

0.0704209 6.85138e-08 -0.000425908
6.85138e-08 0.0704216 -0.00454071
-0.000425908 -0.00454071 0.758936

-0.0171001 -0.00339785 -0.0161364
-0.00339785 -0.00601647 -0.0125091
-0.0161364 -0.0125091 0.14118

0.0454855 -0.000283567 -0.000322171
-0.000283567 0.0366918 0.011329
-0.000322171 0.011329 0.71441

-0.020386 -0.00813475 0.00573067
-0.00813475 -0.0335613 -0.0196512
0.00573067 -0.0196512 0.162457

-0.00211863 -0.00722094 -0.0221053
-0.00722094 -0.00702135 0.000265957
-0.0221053 0.000265957 0.176351

-0.0235525 -0.0188235 -0.00742833
-0.0188235 -0.0382125 0.0101055
-0.00742833 0.0101055 0.254227

0.0561976 0.00624692 0.0083261
0.00624692 0.0300279 -0.0102645
0.0083261 -0.0102645 0.241748

0.0113044 -0.00525414 0.00386678
-0.00525414 0.0110103 -0.0296543
0.00386678 -0.0296543 0.211378

-0.0100616 0.00564657 -0.0335404
0.00564657 -0.00517994 -0.038474
-0.0335404 -0.038474 0.415549

0.0156512 0.000938714 0.0183376
0.000938714 0.0154027 0.0215003
0.0183376 0.0215003 0.689701

0.0469358 0.000361635 0.0218281
0.000361635 0.0429673 0.00271803
0.0218281 0.00271803 0.161325

-0.0468908 0.000746104 -0.00416087
0.000746104 -0.0459356 0.0101771
-0.00416087 0.0101771 0.372178

-0.0132451 0.0081794 -0.00279715
0.0081794 -0.00313561 0.00199173
-0.00279715 0.00199173 0.170826

0.0109144 0.0111899 -0.0283827
0.0111899 0.0152185 -0.0344388
-0.0283827 -0.0344388 0.430106

-0.0255394 -0.00558286 0.00231873
-0.00558286 -0.0179087 0.00797311
0.00231873 0.00797311 0.136768

0.00563248 0.015481 0.00281574
0.015481 0.0271337 0.00777683
0.00281574 0.00777683 0.165292

-0.000747759 0.0112708 -7.4047e-05
0.0112708 0.020815 -0.00633381
-7.4047e-05 -0.00633381 0.143154

0.00932122 -0.0014381 -0.00800752
-0.0014381 0.00330855 0.0169038
-0.00800752 0.0169038 0.104877

-0.00182739 -0.000284557 0.000601228
-0.000284557 0.0144817 0.00517848
0.000601228 0.00517848 0.0874482

-0.00446968 -0.00182481 0.00479362
-0.00182481 -0.00371097 0.00257137
0.00479362 0.00257137 0.0895308

-0.0163684 0.00263442 0.000617402
0.00263442 0.0221047 -0.0134592
0.000617402 -0.0134592 0.167764

0.0292574 -0.00049439 0.00123031
-0.00049439 0.0304014 0.0387671
0.00123031 0.0387671 0.630466

-0.024615 0.00904344 -0.0307616
0.00904344 -0.0257321 -0.0464524
-0.0307616 -0.0464524 0.376312

0.00671213 0.000492574 0.0128974
0.000492574 0.0168693 0.0426084
0.0128974 0.0426084 0.297949

-0.0142184 -5.20116e-05 0.0161438
-5.20116e-05 -0.0160522 0.00712155
0.0161438 0.00712155 0.377199

-0.0130157 0.002814 -0.00862311
0.002814 -0.011927 -0.0219403
-0.00862311 -0.0219403 0.428096

-0.0240639 -0.00319076 0.00724427
-0.00319076 -0.0143295 0.0344526
0.00724427 0.0344526 0.252569

-0.0610235 -0.00446845 -0.00613448
-0.00446845 -0.0503898 0.00877816
-0.00613448 0.00877816 0.340706

0.00880655 -0.000241554 -0.00691909
-0.000241554 0.0103867 -0.00182249
-0.00691909 -0.00182249 0.591409

0.0390419 -0.0121434 0.00834463
-0.0121434 0.0267827 -0.00841774
0.00834463 -0.00841774 0.302044

0.0048797 0.00494328 0.00921456
0.00494328 0.00276386 0.0381944
0.00921456 0.0381944 0.491323

-0.0241071 0.000761354 -0.0383988
0.000761354 -0.0263613 0.0171361
-0.0383988 0.0171361 0.4069

0.0168317 -0.0115776 -0.00936393
-0.0115776 0.00518273 -0.0247318
-0.00936393 -0.0247318 0.875318

-0.00111473 -0.00270513 -0.0143759
-0.00270513 0.0063062 0.0269286
-0.0143759 0.0269286 0.447565

-0.00365309 -0.000882646 -0.0121336
-0.000882646 0.00153381 0.0105679
-0.0121336 0.0105679 0.327407

0.00810383 -0.011965 -0.000606532
-0.011965 -0.0173736 -0.0406777
-0.000606532 -0.0406777 0.866822

0.00204902 0.00326326 0.0170975
0.00326326 0.00588924 0.0301045
0.0170975 0.0301045 0.44142

-0.0357438 0.00525637 -0.032746
0.00525637 -0.0337184 -0.0462297
-0.032746 -0.0462297 0.373702

-0.00309545 -0.0137521 0.00270781
-0.0137521 -0.00666439 7.10179e-05
0.00270781 7.10179e-05 0.364964

-0.0208213 -0.000670789 -0.00576503
-0.000670789 -0.018611 0.0168449
-0.00576503 0.0168449 0.417571

-0.0407634 6.90486e-05 -0.00314275
6.90486e-05 -0.0387217 0.00644141
-0.00314275 0.00644141 0.38139

0.0347692 -0.00080283 -0.0298159
-0.00080283 0.0468633 0.000928691
-0.0298159 0.000928691 0.848713

0.0470241 -0.00363429 -0.0308954
-0.00363429 0.060436 0.00224325
-0.0308954 0.00224325 0.853124

-0.0302287 -0.00188076 -0.0032987
-0.00188076 -0.0365919 0.00266751
-0.0032987 0.00266751 0.372355

0.0436327 -0.00383977 -0.0102421
-0.00383977 0.0469798 -0.0164759
-0.0102421 -0.0164759 0.858962

0.012481 0.00323024 -0.0170506
0.00323024 0.0184326 0.00999418
-0.0170506 0.00999418 0.15095

-0.00291176 0.00176951 -0.0281925
0.00176951 -0.00179346 0.017319
-0.0281925 0.017319 0.578293

-0.0256712 0.00338259 0.0213015
0.00338259 -0.0324116 0.00633247
0.0213015 0.00633247 0.404213

0.00704697 -0.00113801 0.014632
-0.00113801 0.0102156 0.0158696
0.014632 0.0158696 0.666383

0.0129001 -0.00109159 -0.0257471
-0.00109159 0.017396 0.000601581
-0.0257471 0.000601581 0.221881

0.0268583 0.0114482 -0.00949659
0.0114482 0.00686953 -0.00634922
-0.00949659 -0.00634922 0.307558

-0.00853878 0.00185798 -0.0177091
0.00185798 0.00273718 -0.00232206
-0.0177091 -0.00232206 0.68294

0.074029 0.00597247 0.00289067
0.00597247 0.0818322 0.0111509
0.00289067 0.0111509 0.848371

-0.0100695 -0.000531616 -0.0178387
-0.000531616 0.00520541 -0.00076093
-0.0178387 -0.00076093 0.705096

0.0234231 0.00285167 -0.00256716
0.00285167 0.0208997 0.00960485
-0.00256716 0.00960485 0.805838

-0.00377146 -0.00329624 -0.0183151
-0.00329624 0.0130323 0.00119643
-0.0183151 0.00119643 0.689617

0.0140996 0.0139467 -0.0325653
0.0139467 0.0282115 0.00250838
-0.0325653 0.00250838 0.731443

0.0018695 0.00922878 -0.0232188
0.00922878 0.00162677 0.0112804
-0.0232188 0.0112804 0.725012

0.0164137 0.00569686 -0.0153069
0.00569686 0.0335321 0.00149701
-0.0153069 0.00149701 0.716608

-0.004376 0.00441086 0.0163001
0.00441086 -0.00280652 0.0421818
0.0163001 0.0421818 0.474578

0.03526 0.00334881 -0.019369
0.00334881 0.0433553 0.000295286
-0.019369 0.000295286 0.702358

0.0304335 -0.0017426 0.00685035
-0.0017426 0.0283759 -0.0744884
0.00685035 -0.0744884 0.499195

0.00438528 0.00177883 0.0118247
0.00177883 0.00538224 0.00264429
0.0118247 0.00264429 0.0756281

-0.0314462 -0.00463903 0.0225907
-0.00463903 -0.0145952 0.00725987
0.0225907 0.00725987 0.0410125

-0.00692293 -0.000746625 0.0136463
-0.000746625 0.00879215 -0.00659744
0.0136463 -0.00659744 0.73577

0.0279337 -0.000545668 0.0103446
-0.000545668 0.0252235 -0.00547736
0.0103446 -0.00547736 0.794561

0.020021 0.00574063 0.0236405
0.00574063 0.0329021 -0.00121943
0.0236405 -0.00121943 0.689996

0.0164755 0.0125502 -0.0049874
0.0125502 0.0250728 0.00743257
-0.0049874 0.00743257 0.0484974

-0.0355334 -0.000852674 -0.0117869
-0.000852674 -0.0402022 -0.00338594
-0.0117869 -0.00338594 -0.00361136

0.0264428 0.0139705 0.00366196
0.0139705 0.0131942 0.0122987
0.00366196 0.0122987 0.0393392

0.0549097 0.00605882 0.0173852
0.00605882 0.0175533 0.00589862
0.0173852 0.00589862 0.078674

-0.0424718 0.00544638 -0.0174522
0.00544638 -0.0366043 0.0178888
-0.0174522 0.0178888 -0.00214415

-0.018547 0.00242509 -0.0145304
0.00242509 -0.0117689 0.00732929
-0.0145304 0.00732929 0.0404888

0.00399821 -0.00289186 -0.00656098
-0.00289186 0.0203918 -0.00129772
-0.00656098 -0.00129772 0.0422785

-0.000928766 -0.00225945 0.0163317
-0.00225945 0.0093666 0.00286846
0.0163317 0.00286846 0.797613

-0.0515218 0.000437938 -0.00349062
0.000437938 -0.0492726 0.009521
-0.00349062 0.009521 0.363022

0.00629575 0.00384011 -0.00876496
0.00384011 0.00933088 -0.0751669
-0.00876496 -0.0751669 0.514694

-0.0103195 -0.000570396 -0.0132248
-0.000570396 -0.00205176 -0.00305371
-0.0132248 -0.00305371 0.0509381

0.0106845 -0.00494002 0.0142443
-0.00494002 0.00767338 0.00699853
0.0142443 0.00699853 0.775059

0.00536771 0.00132536 0.0143553
0.00132536 0.0285186 -0.001449
0.0143553 -0.001449 0.732292

6.20668e-06 0.00672293 -0.00791283
0.00672293 0.00849933 0.00485188
-0.00791283 0.00485188 0.0337969

0.0177669 -0.0140778 0.0289173
-0.0140778 0.0339897 -0.000854628
0.0289173 -0.000854628 0.765906

-0.00162424 -0.0100128 -0.00661441
-0.0100128 0.00320176 -0.00652126
-0.00661441 -0.00652126 0.0332712

-0.0218807 0.0056623 0.00817061
0.0056623 -0.0216595 0.0116104
0.00817061 0.0116104 0.386204

-0.030768 0.00056368 -0.016878
0.00056368 -0.0300117 -0.00770738
-0.016878 -0.00770738 0.370732

0.00668983 0.000851163 -0.0246564
0.000851163 0.00798879 -0.000816193
-0.0246564 -0.000816193 0.223396

0.0327674 0.0094233 -0.0168642
0.0094233 0.022231 0.00580358
-0.0168642 0.00580358 0.13876

-0.0436211 -0.00304054 -0.0119523
-0.00304054 -0.0396762 0.00529357
-0.0119523 0.00529357 0.360059

-0.0517176 0.00127831 -0.00552092
0.00127831 -0.0496551 0.00976997
-0.00552092 0.00976997 0.363072

-0.0634825 -0.00585649 -0.0120906
-0.00585649 -0.0548143 0.000664025
-0.0120906 0.000664025 0.327038

-0.0292599 0.00518336 -0.0186515
0.00518336 -0.0396762 0.000529344
-0.0186515 0.000529344 0.290194

-0.0364355 0.00494918 -0.0196994
0.00494918 -0.0495222 -0.0210208
-0.0196994 -0.0210208 0.280887

-0.0381893 -0.00709923 0.0163494
-0.00709923 -0.0250859 -0.021771
0.0163494 -0.021771 0.307105

-0.0109143 -0.00147053 -0.00487826
-0.00147053 -0.0217168 -0.0174984
-0.00487826 -0.0174984 0.0113101

-0.040889 0.000923841 -0.0045481
0.000923841 -0.03923 0.00666194
-0.0045481 0.00666194 0.381222

0.0148174 -0.000577545 0.00744448
-0.000577545 0.0218408 -0.0246957
0.00744448 -0.0246957 0.216327

-0.00294568 -0.000819434 0.010856
-0.000819434 -0.00430396 0.0236711
0.010856 0.0236711 0.203122

0.00817155 -0.0080096 0.0068213
-0.0080096 -0.00110025 0.0228396
0.0068213 0.0228396 0.186683

-0.0133405 -0.00214136 0.012272
-0.00214136 -0.0029926 -0.00622899
0.012272 -0.00622899 0.0507853

-0.0220961 -0.00539847 0.0183287
-0.00539847 -0.00820808 0.000206073
0.0183287 0.000206073 0.0230424

0.00686888 -0.0033743 -0.00224387
-0.0033743 0.0156137 -0.00960791
-0.00224387 -0.00960791 0.255657

0.0255614 -0.0102467 -0.0194887
-0.0102467 0.010667 -0.00554226
-0.0194887 -0.00554226 0.177444

0.000168218 -0.000646353 -0.0295475
-0.000646353 -0.00767088 0.0173237
-0.0295475 0.0173237 0.327478

0.0100081 -0.00740962 -0.0282527
-0.00740962 -0.00386919 -0.00505407
-0.0282527 -0.00505407 0.18084

-0.0234325 -0.00330878 -0.0126392
-0.00330878 -0.0208805 -0.0111807
-0.0126392 -0.0111807 0.0208041

-0.00630788 0.00356696 0.0125897
0.00356696 -0.00254212 0.00242398
0.0125897 0.00242398 0.0660675

-0.0319018 0.00897298 -0.00248584
0.00897298 -0.0361434 -0.00295559
-0.00248584 -0.00295559 0.377926

0.027747 0.00126518 0.0170426
0.00126518 0.0331453 0.00606158
0.0170426 0.00606158 0.133694

0.0250185 -0.00398141 -0.0108293
-0.00398141 0.0319341 -0.00468152
-0.0108293 -0.00468152 0.612261

-0.00794014 0.00682858 0.00553892
0.00682858 -0.00235518 -0.0135182
0.00553892 -0.0135182 0.0427143

-0.0216726 0.001741 -0.00583112
0.001741 -0.018421 0.0099979
-0.00583112 0.0099979 0.413824

-0.0433542 0.000314191 -0.00368487
0.000314191 -0.0442028 0.00844106
-0.00368487 0.00844106 0.37982

-0.0434942 -0.00699782 -0.00653303
-0.00699782 -0.0415327 -0.00130222
-0.00653303 -0.00130222 0.344177

0.00183749 0.000206436 0.00173582
0.000206436 0.0106551 -0.00858238
0.00173582 -0.00858238 0.0580219

0.020553 -0.00975232 -0.0377634
-0.00975232 0.0294532 0.0019211
-0.0377634 0.0019211 0.249536

0.0158726 0.00166236 0.00433514
0.00166236 0.0116526 -0.00531307
0.00433514 -0.00531307 0.0490111

0.0055598 0.000782191 0.00385715
0.000782191 -0.00734821 -0.0061563
0.00385715 -0.0061563 0.0402681

-0.0173606 0.00403899 0.0453242
0.00403899 -0.0168938 -0.00128925
0.0453242 -0.00128925 0.234851

-0.00769049 0.00375535 0.00580343
0.00375535 -0.00216751 -0.000472662
0.00580343 -0.000472662 0.0669809

0.0238376 -0.00991942 -0.0164689
-0.00991942 0.015497 -0.00226742
-0.0164689 -0.00226742 0.186139

0.0221196 0.000861986 0.0126211
0.000861986 0.030112 0.00416075
0.0126211 0.00416075 0.130767

-0.0160651 0.00239075 0.0171759
0.00239075 -0.00859658 -0.00605143
0.0171759 -0.00605143 0.0523909

-0.0034028 -0.00282146 0.0272692
-0.00282146 0.00403458 0.0071949
0.0272692 0.0071949 0.255722

0.000572935 -0.00785903 0.0229395
-0.00785903 0.0133365 -0.0255084
0.0229395 -0.0255084 0.369537

0.00300677 -0.00591337 0.00727594
-0.00591337 0.0307145 -0.0107049
0.00727594 -0.0107049 0.169796

0.0194815 0.00289449 0.0250272
0.00289449 0.0160595 0.0156534
0.0250272 0.0156534 0.517636

-0.0544187 -0.010817 0.032765
-0.010817 -0.0351239 0.00317298
0.032765 0.00317298 0.124661

-0.0245011 -0.000618292 0.00337203
-0.000618292 -0.0146691 0.0101784
0.00337203 0.0101784 0.380027

0.00306594 0.00109276 0.00438934
0.00109276 0.0102451 -0.0253426
0.00438934 -0.0253426 0.191359

0.0060847 -0.00884861 -0.0428088
-0.00884861 -0.00974459 0.0148945
-0.0428088 0.0148945 0.334232

0.0063318 -0.00255941 -0.0153035
-0.00255941 -0.000205037 0.00314711
-0.0153035 0.00314711 0.0880471

-0.0274446 -0.00350164 -0.0314492
-0.00350164 -0.0296827 0.0132994
-0.0314492 0.0132994 0.272431

-0.0109092 -0.00370368 0.0262856
-0.00370368 -0.00649785 0.0218743
0.0262856 0.0218743 0.245606

-0.0188569 -0.00479388 -0.0129776
-0.00479388 -0.0177365 0.00735844
-0.0129776 0.00735844 0.438793

0.0201853 -0.01189 -0.0156432
-0.01189 0.0130219 -0.000319407
-0.0156432 -0.000319407 0.175296

0.0134836 -0.0032351 -0.0289045
-0.0032351 0.0236443 0.00336058
-0.0289045 0.00336058 0.235111

0.00654818 -0.00122638 -0.0127556
-0.00122638 0.0114866 -0.00791595
-0.0127556 -0.00791595 0.682241

0.0239428 0.00114404 -0.00953225
0.00114404 0.0170324 0.00554372
-0.00953225 0.00554372 0.10022

0.00754823 0.00465167 -0.010833
0.00465167 0.0123785 0.0150775
-0.010833 0.0150775 0.078998

-0.0052763 0.00359223 -0.0145439
0.00359223 -0.00582059 0.00620647
-0.0145439 0.00620647 0.0458198

0.00210724 -0.00192487 -0.00399086
-0.00192487 0.00919809 -0.0128747
-0.00399086 -0.0128747 0.0700893

-0.0584474 -0.00257461 0.00840563
-0.00257461 -0.0586064 -0.00521656
0.00840563 -0.00521656 0.30869

0.0124095 0.00894772 0.0375544
0.00894772 0.0151235 -0.00290489
0.0375544 -0.00290489 0.710365

-0.00622004 -0.0121138 -0.00578415
-0.0121138 -0.00944744 -0.00241487
-0.00578415 -0.00241487 0.356856

-0.0229631 -0.00170816 8.8282e-05
-0.00170816 -0.0170733 0.0237041
8.8282e-05 0.0237041 0.189759

-0.0342467 0.000389744 0.0214406
0.000389744 -0.0226068 -0.0081458
0.0214406 -0.0081458 0.0195394

0.00203429 -0.0103482 0.0136122
-0.0103482 -0.00121109 0.00597439
0.0136122 0.00597439 0.0178109

0.0138989 -0.00607485 0.0137748
-0.00607485 -0.00351642 0.00873511
0.0137748 0.00873511 0.137713

0.0584874 0.00689587 0.00855763
0.00689587 0.0551979 -0.0124282
0.00855763 -0.0124282 0.226458

-0.0142137 0.00789849 0.00991751
0.00789849 -0.035569 -0.00424611
0.00991751 -0.00424611 0.264906

-0.00847927 -0.00122422 -0.00713746
-0.00122422 -0.00615624 0.0264145
-0.00713746 0.0264145 0.20861

0.0123185 -0.00204711 -0.0100511
-0.00204711 0.0204557 0.015238
-0.0100511 0.015238 0.253491

0.00100179 -0.00251342 -0.0115309
-0.00251342 0.0174409 0.0167164
-0.0115309 0.0167164 0.249334

-0.0225923 0.000648434 -0.00879685
0.000648434 -0.021118 0.000256651
-0.00879685 0.000256651 0.063417

-0.013321 -0.00406315 -0.0181267
-0.00406315 0.00485469 0.0106662
-0.0181267 0.0106662 0.0922485

-0.0270475 0.00225583 0.0218098
0.00225583 -0.016543 -0.00805002
0.0218098 -0.00805002 0.0236642

-0.0157783 -0.00636859 -0.0292817
-0.00636859 -0.0314905 0.0100929
-0.0292817 0.0100929 0.277777

0.0118988 -0.00633386 -0.0016199
-0.00633386 0.0124168 0.019628
-0.0016199 0.019628 0.25524

-0.0339076 -0.00599689 -0.00120342
-0.00599689 -0.0341274 -0.00944773
-0.00120342 -0.00944773 0.373844

-0.00478733 0.00367555 0.0107979
0.00367555 0.00571906 0.00025054
0.0107979 0.00025054 0.0688813

0.0363169 0.00133553 -0.0132858
0.00133553 0.0284378 0.000391662
-0.0132858 0.000391662 0.0890539

0.0267179 0.00320449 0.0186814
0.00320449 0.0345114 -0.00893388
0.0186814 -0.00893388 0.254465

0.0297878 -0.0023422 0.0117263
-0.0023422 0.00485718 -0.00189418
0.0117263 -0.00189418 0.189556

-0.000575779 -0.00561175 -0.00546785
-0.00561175 0.00829815 0.0207175
-0.00546785 0.0207175 0.245334

-0.0132065 -0.00601347 -0.024967
-0.00601347 -0.037529 0.0152651
-0.024967 0.0152651 0.277236

0.000807257 -0.00589533 0.0197862
-0.00589533 0.0169481 0.0117491
0.0197862 0.0117491 0.281993

0.00699936 -0.00485064 0.0231593
-0.00485064 -0.00240992 0.0122442
0.0231593 0.0122442 0.221397

0.0310807 0.00229774 0.0202782
0.00229774 0.042983 -0.0142134
0.0202782 -0.0142134 0.257104

-0.0117341 -0.00335791 -0.0249571
-0.00335791 -0.00721312 0.046313
-0.0249571 0.046313 0.453196

0.0370318 0.00122239 0.0302803
0.00122239 0.0328346 0.00626167
0.0302803 0.00626167 0.565948

0.0120705 0.00412577 0.0132624
0.00412577 0.00534866 -0.0110761
0.0132624 -0.0110761 0.183719

9.23297e-05 -0.000869421 0.0243653
-0.000869421 -0.000753067 -0.00570496
0.0243653 -0.00570496 0.183164

-0.0171705 0.00202386 0.0279254
0.00202386 -0.0137419 -0.015028
0.0279254 -0.015028 0.1532

-0.00958646 -0.000826655 -0.00442626
-0.000826655 -0.0123154 0.00198661
-0.00442626 0.00198661 0.448575

-0.0202526 0.00255294 -0.00910089
0.00255294 -0.021052 -0.0187891
-0.00910089 -0.0187891 0.421119

-0.0114326 0.00115433 -0.000823523
0.00115433 -0.00618296 0.0349198
-0.000823523 0.0349198 0.485074

-0.00692266 0.000203757 -0.00997857
0.000203757 -0.00683598 -0.0212178
-0.00997857 -0.0212178 0.445306

0.0347268 -0.00627022 0.0318586
-0.00627022 0.0351848 -0.0312709
0.0318586 -0.0312709 0.530619

0.0717093 -9.29227e-08 -0.00075077
-9.29227e-08 0.0717097 0.00349393
-0.00075077 0.00349393 0.763847

0.0567241 0.00819968 0.0193626
0.00819968 0.0643891 0.00345044
0.0193626 0.00345044 0.811528

0.0184414 0.00758006 0.0124938
0.00758006 0.0131724 -0.0233112
0.0124938 -0.0233112 0.727602

0.0524793 -0.00403352 -0.0164014
-0.00403352 0.0469191 -0.0194198
-0.0164014 -0.0194198 0.813244

0.0543682 -0.000648264 -0.0095123
-0.000648264 0.0460503 -0.0503712
-0.0095123 -0.0503712 0.878803

0.0045141 -0.00322243 -0.00252723
-0.00322243 -0.00897217 -0.058317
-0.00252723 -0.058317 0.675722

-0.0052023 0.000616528 -0.0519134
0.000616528 0.00311445 0.0092292
-0.0519134 0.0092292 0.685898

0.0206492 -0.000701605 0.00746883
-0.000701605 0.0300642 -0.00917315
0.00746883 -0.00917315 0.205784

0.0452148 -0.000244475 -0.000825348
-0.000244475 0.0364823 -0.0178929
-0.000825348 -0.0178929 0.713044

-0.024372 0.00734927 -0.0369669
0.00734927 -0.0350175 -0.000214606
-0.0369669 -0.000214606 0.275573

0.00972296 0.00234818 0.0147846
0.00234818 0.0299993 -0.0027086
0.0147846 -0.0027086 0.117178

-0.00711217 0.00405685 -0.0213302
0.00405685 -0.00352438 0.00342772
-0.0213302 0.00342772 0.113458

-0.0447465 -0.00388874 -0.00283199
-0.00388874 -0.0540247 -0.000226081
-0.00283199 -0.000226081 0.348115

0.0156682 -0.00200968 -0.0313055
-0.00200968 0.0247962 0.0034369
-0.0313055 0.0034369 0.2362

0.0257403 0.00150192 0.0054507
0.00150192 -0.00378451 0.0292665
0.0054507 0.0292665 0.826424

0.0354107 0.00264066 -0.00613555
0.00264066 0.0213248 0.0481324
-0.00613555 0.0481324 0.856029

0.00117118 -0.00187062 -0.0241889
-0.00187062 0.0102658 -0.00371513
-0.0241889 -0.00371513 0.201887

0.0355973 -0.00302638 -0.0342273
-0.00302638 0.0330234 -0.0377141
-0.0342273 -0.0377141 0.760164

0.0235315 -0.00408703 0.0152883
-0.00408703 0.0117481 -0.00668405
0.0152883 -0.00668405 0.195793

0.0123224 0.000100394 0.0149703
0.000100394 0.0317711 -0.00319527
0.0149703 -0.00319527 0.118867

-0.0034622 0.0057702 0.0135486
0.0057702 0.00566598 0.00170695
0.0135486 0.00170695 0.111551

0.0206507 0.00242477 -0.0470036
0.00242477 0.0198426 0.0489004
-0.0470036 0.0489004 0.68612

0.0481131 0.00928818 0.0119779
0.00928818 0.0354544 -0.02007
0.0119779 -0.02007 0.212704

-0.00711509 0.00756884 0.0136435
0.00756884 -0.0052344 0.0310943
0.0136435 0.0310943 0.247994

0.0254021 0.010378 0.0121582
0.010378 0.0268307 -0.00229173
0.0121582 -0.00229173 0.170662

0.035648 0.0071562 0.0147363
0.0071562 0.0387508 -0.00516281
0.0147363 -0.00516281 0.177171

0.0112259 0.000463043 -0.0387257
0.000463043 0.00233296 -0.052624
-0.0387257 -0.052624 0.65264

0.0216437 -0.000496077 -0.0112046
-0.000496077 0.005769 -0.0744837
-0.0112046 -0.0744837 0.703257

0.0225622 -5.77589e-05 0.0182813
-5.77589e-05 0.0335121 0.024641
0.0182813 0.024641 0.278104

0.0119993 0.00275808 0.0216413
0.00275808 0.0134944 0.0297491
0.0216413 0.0297491 0.314478

0.0086357 -0.00443405 0.00869148
-0.00443405 0.0267425 0.0254895
0.00869148 0.0254895 0.2718

-0.033254 -7.03917e-05 0.0132431
-7.03917e-05 -0.0309282 0.0218155
0.0132431 0.0218155 0.248448

-0.0191531 0.000288636 0.00783584
0.000288636 -0.0173745 0.0306938
0.00783584 0.0306938 0.243313

0.0242316 0.00346335 -0.0497152
0.00346335 0.0214006 -0.0641165
-0.0497152 -0.0641165 0.558193

-0.00332461 -0.000658949 0.000217327
-0.000658949 -0.00451912 0.0506597
0.000217327 0.0506597 0.583298

-0.00812273 0.00408846 0.0161597
0.00408846 -0.00872292 -0.0115259
0.0161597 -0.0115259 0.0892772

-0.0415137 0.00282695 -0.0174651
0.00282695 -0.0216583 -0.0407538
-0.0174651 -0.0407538 0.321511

0.00248725 0.00388728 -0.0252288
0.00388728 -0.00147204 0.0401391
-0.0252288 0.0401391 0.63151

-0.0548954 -0.00200424 -0.00135737
-0.00200424 -0.0512164 -0.00648175
-0.00135737 -0.00648175 0.362422

-0.0459801 -0.00137895 0.000976542
-0.00137895 -0.0500111 0.000824226
0.000976542 0.000824226 0.35156

0.0100594 0.00677262 -0.0539737
0.00677262 -5.72964e-05 -0.01894
-0.0539737 -0.01894 0.424264

0.0098296 0.00184332 0.00690902
0.00184332 0.00855087 -0.000854947
0.00690902 -0.000854947 0.110976

-0.0375802 -0.00561 0.0260419
-0.00561 -0.0188016 -0.0419106
0.0260419 -0.0419106 0.323552

-0.042204 -0.0161052 -0.00244266
-0.0161052 -0.0486733 -0.00538809
-0.00244266 -0.00538809 0.277801

-0.0053151 0.00119411 -0.00989333
0.00119411 -0.00653263 -0.0202883
-0.00989333 -0.0202883 0.445005

-0.0318252 -0.005674 -0.000555514
-0.005674 -0.0252226 -0.00747187
-0.000555514 -0.00747187 0.378969

0.0401106 0.0060317 -0.0645655
0.0060317 0.0263543 -0.0156824
-0.0645655 -0.0156824 0.464811

0.0151081 0.00239048 -0.000128619
0.00239048 0.00815114 -0.0228596
-0.000128619 -0.0228596 0.642614

0.0145771 -0.00197571 -0.0538747
-0.00197571 0.00358996 0.0489166
-0.0538747 0.0489166 0.463783

0.00841798 -0.00680941 -0.0503203
-0.00680941 0.0228786 0.05282
-0.0503203 0.05282 0.453663

0.00204558 0.000402852 0.0114415
0.000402852 0.000589287 -0.0317156
0.0114415 -0.0317156 0.554923

-0.00741039 -0.00465479 -0.00988571
-0.00465479 -0.00337905 0.0300206
-0.00988571 0.0300206 0.455197

0.0113527 0.00367932 -0.049856
0.00367932 0.00211884 -0.0152375
-0.049856 -0.0152375 0.408863

0.0222369 -0.00411753 -0.0286754
-0.00411753 0.00712744 -0.00513611
-0.0286754 -0.00513611 0.189407

0.0177392 -0.0025401 -0.0529764
-0.0025401 -0.0140011 0.00997899
-0.0529764 0.00997899 0.392713

0.0316342 -0.00242545 -0.00172426
-0.00242545 0.0298656 -0.0225293
-0.00172426 -0.0225293 0.625232

0.000417623 0.00238494 -0.0042057
0.00238494 0.00601321 -0.0200049
-0.0042057 -0.0200049 0.205601

0.0108022 -0.0086314 -0.0398489
-0.0086314 0.0235556 0.00288763
-0.0398489 0.00288763 0.244229

-0.033688 0.00216053 0.0284908
0.00216053 -0.0363428 -0.00971872
0.0284908 -0.00971872 0.319002

0.0160812 0.00325944 -0.00459467
0.00325944 0.0102292 -0.0249498
-0.00459467 -0.0249498 0.487693

-0.0478892 -0.0043574 0.0146256
-0.0043574 -0.0603024 -0.0048863
0.0146256 -0.0048863 0.317201

0.00730889 -0.000933644 -0.0145127
-0.000933644 -0.0237379 0.00677892
-0.0145127 0.00677892 0.373137

-0.0502761 -0.00548168 -0.00158732
-0.00548168 -0.0471118 -0.0305468
-0.00158732 -0.0305468 0.341882

-0.0294909 -0.00922607 -0.0360016
-0.00922607 -0.0455576 0.0115465
-0.0360016 0.0115465 0.328446

-0.018455 -0.00558646 -0.0257405
-0.00558646 -0.0272427 0.0192339
-0.0257405 0.0192339 0.317773

0.00292845 0.00543011 -0.00705008
0.00543011 -0.00390205 -0.0217355
-0.00705008 -0.0217355 0.472864

-0.0465826 -0.0105978 -0.0217443
-0.0105978 -0.0305001 0.0410006
-0.0217443 0.0410006 0.373319

0.0144945 -0.00661632 -0.037098
-0.00661632 0.0234597 0.0214457
-0.037098 0.0214457 0.440593

-0.00542326 0.00308277 -0.0007407
0.00308277 -0.00523742 0.0543153
-0.0007407 0.0543153 0.57917

-0.0343241 -0.0160045 0.00916165
-0.0160045 -0.0412633 0.0268256
0.00916165 0.0268256 0.315318

-0.0344554 -0.00410241 -0.00693025
-0.00410241 -0.0200274 0.0379466
-0.00693025 0.0379466 0.361352

-0.0100375 0.000728518 -0.00151056
0.000728518 -0.0124501 0.0156238
-0.00151056 0.0156238 0.46752

0.0182001 -0.00115706 0.0208067
-0.00115706 0.0184484 0.00971505
0.0208067 0.00971505 0.662032

0.0133303 -0.00244841 -0.0327829
-0.00244841 0.0245574 0.00187177
-0.0327829 0.00187177 0.235746

-0.0180531 0.000967206 -0.0123901
0.000967206 -0.0465115 -0.00427735
-0.0123901 -0.00427735 0.285147

0.00541179 0.00178188 -0.0249759
0.00178188 0.0073088 -2.5835e-05
-0.0249759 -2.5835e-05 0.458175

-0.0319146 -0.0130907 -0.020014
-0.0130907 -0.0252577 0.00886635
-0.020014 0.00886635 0.324228

-0.0414427 -0.0125979 0.00286167
-0.0125979 -0.0452325 0.00937511
0.00286167 0.00937511 0.298767

-0.00872239 -0.0116516 -0.0358112
-0.0116516 0.0151712 3.27922e-05
-0.0358112 3.27922e-05 0.685529

0.0276013 -0.00601281 -0.0106498
-0.00601281 0.0324372 -0.00673369
-0.0106498 -0.00673369 0.748398

0.00549441 -0.00282248 -0.00470172
-0.00282248 -0.0231747 0.0047678
-0.00470172 0.0047678 0.348938

0.0074785 0.000119416 -0.00834863
0.000119416 0.00247175 0.0213289
-0.00834863 0.0213289 0.572587

0.0154202 -0.00691043 0.00180288
-0.00691043 0.0229326 -0.0115052
0.00180288 -0.0115052 0.267293

0.0099181 0.000605017 -0.0252629
0.000605017 0.0106582 0.00523353
-0.0252629 0.00523353 0.467204

0.0141246 0.00309921 0.019068
0.00309921 0.0119695 0.0110988
0.019068 0.0110988 0.579377

0.0582699 2.57701e-08 0.00309241
2.57701e-08 0.0582696 0.00023503
0.00309241 0.00023503 0.712825

-0.00405667 0.00382779 -0.0263209
0.00382779 -0.0053916 -0.0168394
-0.0263209 -0.0168394 0.298438

-0.00571463 0.000971215 -0.0211211
0.000971215 -0.0166871 -0.0116981
-0.0211211 -0.0116981 0.286252

-0.00242686 -0.0117148 0.00869161
-0.0117148 -0.0349572 -0.00631592
0.00869161 -0.00631592 0.304068

-0.00475108 -0.00633674 0.0138196
-0.00633674 -0.0173891 0.0290274
0.0138196 0.0290274 0.119422

-0.0437858 -0.00601203 0.0156119
-0.00601203 -0.0585551 -0.00300162
0.0156119 -0.00300162 0.288181

-0.0419088 0.0107466 0.00816055
0.0107466 -0.0592768 0.000654315
0.00816055 0.000654315 0.268146

-0.0199175 -0.0103304 0.010976
-0.0103304 -0.0393129 -0.00058441
0.010976 -0.00058441 0.315953

-0.0764238 -0.0168263 0.00211267
-0.0168263 -0.0649759 0.00246746
0.00211267 0.00246746 0.259826

-0.0198734 -0.00663023 0.0130773
-0.00663023 -0.0123818 -0.015311
0.0130773 -0.015311 0.327953

-0.0371214 0.00941574 0.00766916
0.00941574 -0.0513341 0.00673843
0.00766916 0.00673843 0.272272

0.0502327 0.00281206 0.00081087
0.00281206 0.0495705 0.00510601
0.00081087 0.00510601 0.686267

0.0582699 2.57701e-08 0.00309241
2.57701e-08 0.0582696 0.00023503
0.00309241 0.00023503 0.712825

-0.0371747 0.0159759 0.01695
0.0159759 -0.0171436 0.0210182
0.01695 0.0210182 0.305571

-0.0233833 -0.00216546 0.0120232
-0.00216546 -0.0338239 -0.0112983
0.0120232 -0.0112983 0.3107

-0.0280222 -0.00229266 -0.0343876
-0.00229266 -0.0212622 0.0435808
-0.0343876 0.0435808 0.428157

0.0352961 0.000316595 -0.00402928
0.000316595 0.0406759 0.000554986
-0.00402928 0.000554986 0.676872

-0.0581187 -0.0159918 0.0200017
-0.0159918 -0.0287676 -0.0161777
0.0200017 -0.0161777 0.255995

0.0138877 -0.00238082 -0.0239703
-0.00238082 0.00780367 0.0289095
-0.0239703 0.0289095 0.324625

-0.0491348 0.0124689 0.0219202
0.0124689 -0.055026 0.0147895
0.0219202 0.0147895 0.253272

-0.00838818 0.00844226 0.0216863
0.00844226 0.00727798 0.0254088
0.0216863 0.0254088 0.338113

-0.0178862 -0.00743392 -0.0221096
-0.00743392 -0.0268022 0.0345322
-0.0221096 0.0345322 0.2528

-0.0176723 -0.00747131 -0.0363418
-0.00747131 -0.0204643 0.0174181
-0.0363418 0.0174181 0.256447

-0.00969442 -0.000165576 0.025247
-0.000165576 -0.0386364 -0.0063889
0.025247 -0.0063889 0.278991

0.00178067 -0.00416962 -0.0271469
-0.00416962 -0.00277334 0.00486246
-0.0271469 0.00486246 0.460008

-0.0401269 -0.0127973 0.0071729
-0.0127973 -0.0190333 -0.0284586
0.0071729 -0.0284586 0.270288

0.0108149 -0.00300258 -0.0293941
-0.00300258 0.0233746 0.000174913
-0.0293941 0.000174913 0.232159

0.0253484 -0.00152282 -0.0580019
-0.00152282 0.024171 -0.0150705
-0.0580019 -0.0150705 0.620899

0.0102307 0.00478685 -0.00469653
0.00478685 0.000773813 -0.0139848
-0.00469653 -0.0139848 0.0308654

0.00901618 -0.00319773 -0.0362579
-0.00319773 0.0119532 0.0145328
-0.0362579 0.0145328 0.324418

0.0214468 0.00124763 -0.00833884
0.00124763 0.0159278 0.00271438
-0.00833884 0.00271438 0.203024

-0.013629 -0.0105168 0.0144579
-0.0105168 0.00184242 -0.0253036
0.0144579 -0.0253036 0.304255

-0.0056199 -0.00605699 0.0521586
-0.00605699 -0.0032987 -0.0224344
0.0521586 -0.0224344 0.465999

-0.0630865 -0.0141913 0.00646708
-0.0141913 -0.0376233 -0.0289172
0.00646708 -0.0289172 0.24375

-0.0380551 -0.00594047 0.0186112
-0.00594047 -0.0158274 -0.0166512
0.0186112 -0.0166512 0.280257

0.00939484 -0.00700734 0.0148336
-0.00700734 0.00376192 0.0105487
0.0148336 0.0105487 0.13603

0.0243677 0.000532481 0.0206785
0.000532481 0.0250464 0.00926508
0.0206785 0.00926508 0.664392

-0.00361849 0.00539062 0.03033
0.00539062 -0.00799906 -0.00282757
0.03033 -0.00282757 0.267096

-0.0250226 0.00262123 -0.0410652
0.00262123 -0.00100951 0.00303411
-0.0410652 0.00303411 0.2397

-0.000634947 -0.000714336 0.046664
-0.000714336 -0.00892511 -0.00561904
0.046664 -0.00561904 0.250363

0.00787883 -0.00127173 0.032803
-0.00127173 0.0102681 -0.0211101
0.032803 -0.0211101 0.289555

-0.0259311 -0.00772887 0.0153732
-0.00772887 -0.0190829 -0.0253554
0.0153732 -0.0253554 0.263338

0.00257651 -0.0010228 0.00795388
-0.0010228 -0.0070659 -0.00756558
0.00795388 -0.00756558 0.0361124

0.0124136 -0.00186765 0.0242276
-0.00186765 0.0227467 0.0174811
0.0242276 0.0174811 0.244199

-0.0280284 0.00218595 -0.00248385
0.00218595 -0.0247321 -0.0293728
-0.00248385 -0.0293728 0.401853

0.0343468 0.00108073 0.0446437
0.00108073 0.0367329 -0.0270395
0.0446437 -0.0270395 0.619794

-0.0342558 0.0167826 -0.00557387
0.0167826 -0.0297652 -0.00207406
-0.00557387 -0.00207406 0.284375

0.0084983 -0.00412326 0.00297393
-0.00412326 -0.00140984 0.0264548
0.00297393 0.0264548 0.183099

0.00252392 0.0122494 -0.0123269
0.0122494 -0.0134386 -0.0232241
-0.0123269 -0.0232241 0.370069

0.00392632 -0.00210851 0.0334893
-0.00210851 -0.00239229 -0.0023064
0.0334893 -0.0023064 0.253715

-0.00739902 -0.00156 0.0292829
-0.00156 -0.00971275 -0.0194824
0.0292829 -0.0194824 0.251329

-0.00157511 -0.00368019 0.0235748
-0.00368019 -0.00630056 -0.0168933
0.0235748 -0.0168933 0.257488

0.00837096 0.00109232 0.0269744
0.00109232 0.00377325 -0.0171983
0.0269744 -0.0171983 0.24659

-0.00523553 -0.0025342 0.00393428
-0.0025342 -0.000652144 -0.0384343
0.00393428 -0.0384343 0.268991

0.0148157 0.00048116 0.0230233
0.00048116 0.0122565 -0.026798
0.0230233 -0.026798 0.268732

0.00596787 -0.00508607 0.0207309
-0.00508607 0.0115106 0.0119753
0.0207309 0.0119753 0.192585

0.0124195 -0.00730433 0.0316633
-0.00730433 0.0133851 0.0110231
0.0316633 0.0110231 0.229331

-0.0150059 0.00967641 0.0214069
0.00967641 -0.011872 0.0373451
0.0214069 0.0373451 0.390993

0.0131793 -0.0115066 -0.0164957
-0.0115066 0.0129266 -0.0153427
-0.0164957 -0.0153427 0.14996

-0.0208256 0.00157102 0.0097487
0.00157102 -0.0141141 0.0311332
0.0097487 0.0311332 0.198335

0.0366976 -0.0139455 -0.00555029
-0.0139455 0.0390456 0.00620253
-0.00555029 0.00620253 0.196882

0.0150981 0.00387024 0.0186124
0.00387024 0.013379 0.0113827
0.0186124 0.0113827 0.577571

0.0184971 -0.000719057 0.0188462
-0.000719057 0.015515 0.0180808
0.0188462 0.0180808 0.650709

0.0103993 -0.00493026 0.0136525
-0.00493026 0.000904207 0.0304346
0.0136525 0.0304346 0.199129

-0.0143123 -0.00591841 0.0104331
-0.00591841 -0.0179436 0.0308346
0.0104331 0.0308346 0.159476

0.0166757 -0.0115341 0.0198011
-0.0115341 0.0132197 0.00468329
0.0198011 0.00468329 0.170167

0.00765024 -0.0039365 0.0180156
-0.0039365 0.0196921 0.0185312
0.0180156 0.0185312 0.236486

-0.045144 0.000710296 -0.0220894
0.000710296 -0.0497564 0.0141924
-0.0220894 0.0141924 0.380111

-0.031977 -0.00421068 0.00226285
-0.00421068 -0.0369836 -0.00799362
0.00226285 -0.00799362 0.377083

0.00797353 -0.00629377 0.0124403
-0.00629377 -0.00660642 0.00842624
0.0124403 0.00842624 0.13528

0.0154319 -0.00364391 0.0108414
-0.00364391 0.00637562 0.0231747
0.0108414 0.0231747 0.144919

0.0317894 -0.00454785 0.0107022
-0.00454785 0.0489842 0.0129925
0.0107022 0.0129925 0.218017

-0.000355833 -0.00488031 0.00191266
-0.00488031 -0.00428165 0.0260764
0.00191266 0.0260764 0.118432

0.0204746 0.00498404 0.0185466
0.00498404 0.0233718 0.0107418
0.0185466 0.0107418 0.581105

0.0198363 -0.000175501 0.0199844
-0.000175501 0.0183734 0.0212811
0.0199844 0.0212811 0.692452

-0.0207764 0.00661061 0.023077
0.00661061 -0.0217283 0.0100663
0.023077 0.0100663 0.304294

0.0202811 0.000176328 0.0286136
0.000176328 0.025839 -0.0625884
0.0286136 -0.0625884 0.493179

0.00268564 -0.00240311 -0.0196993
-0.00240311 0.0124052 0.0194606
-0.0196993 0.0194606 0.468211

0.00300306 -0.00259315 0.0158457
-0.00259315 0.0184019 0.0138666
0.0158457 0.0138666 0.223639

-0.00403861 -0.00350247 0.0180851
-0.00350247 -0.00628429 -0.0138298
0.0180851 -0.0138298 0.429326

0.0140275 -0.00387541 -0.038649
-0.00387541 0.0268824 0.00210788
-0.038649 0.00210788 0.264679

0.0217917 -0.00156454 0.0265326
-0.00156454 0.0193796 0.00291856
0.0265326 0.00291856 0.546243

0.0165823 -0.00449677 0.00493239
-0.00449677 0.00757476 0.0251613
0.00493239 0.0251613 0.198144

-0.0363046 0.000540703 0.00689993
0.000540703 -0.0221086 0.0256789
0.00689993 0.0256789 0.295045

-0.00994911 0.00574021 0.0149424
0.00574021 -0.00542038 0.0262191
0.0149424 0.0262191 0.310481

0.0309285 0.00274628 0.00568156
0.00274628 0.0252096 -0.00463191
0.00568156 -0.00463191 0.119958

-0.00614267 0.0137045 0.0139058
0.0137045 -0.0224924 0.0117693
0.0139058 0.0117693 0.30812

0.0194636 -0.00113896 0.0345606
-0.00113896 0.0226463 -0.00905537
0.0345606 -0.00905537 0.706343

0.0387198 0.00059199 0.0324136
0.00059199 0.0425226 0.0012149
0.0324136 0.0012149 0.804066

0.0253121 0.00102495 0.0401775
0.00102495 0.0246683 -0.0100137
0.0401775 -0.0100137 0.720009

0.0300525 -0.00402439 0.0320026
-0.00402439 0.0295952 0.00394452
0.0320026 0.00394452 0.80199

0.0223467 0.000400703 0.0003902
0.000400703 0.0103962 -0.0542949
0.0003902 -0.0542949 0.718494

0.0329301 0.000897117 0.037467
0.000897117 0.0284739 -0.016365
0.037467 -0.016365 0.767754

-0.0324497 -0.00865966 0.0176344
-0.00865966 -0.0382621 -0.00807332
0.0176344 -0.00807332 0.33131

-0.00866896 0.00318121 -0.00694411
0.00318121 -0.00699324 -0.0218357
-0.00694411 -0.0218357 0.437269

0.0151321 0.0017085 0.0412719
0.0017085 0.0148847 -0.0429161
0.0412719 -0.0429161 0.682815

-0.0187584 -0.00167866 -0.00721878
-0.00167866 -0.0294676 -0.00170493
-0.00721878 -0.00170493 0.388809

-0.0298886 -0.00049024 -0.00805612
-0.00049024 -0.0404936 -0.00176998
-0.00805612 -0.00176998 0.365891

-0.00906419 0.013552 -0.0203456
0.013552 -0.0161744 -0.0143322
-0.0203456 -0.0143322 0.358674

0.0266077 0.00136423 0.0506194
0.00136423 0.0285001 0.0158022
0.0506194 0.0158022 0.680087

0.0166498 0.00211579 0.0605689
0.00211579 0.00654353 -0.0244871
0.0605689 -0.0244871 0.635323

0.00872561 -0.00158832 0.0674746
-0.00158832 0.0141796 -0.014976
0.0674746 -0.014976 0.595814

0.0250115 -0.00124326 -0.0253599
-0.00124326 0.0352133 0.0063699
-0.0253599 0.0063699 0.247413

-0.04454 0.0180446 -0.0109049
0.0180446 -0.0337972 0.00239286
-0.0109049 0.00239286 0.278864

0.0227384 -0.00446046 -0.000618007
-0.00446046 0.0105691 0.0239
-0.000618007 0.0239 0.200501

-0.020136 -0.00202227 0.000992437
-0.00202227 -0.0320361 -0.0408056
0.000992437 -0.0408056 0.54223

0.011059 -0.00413245 -0.00222711
-0.00413245 -0.00183191 0.0253388
-0.00222711 0.0253388 0.179792

0.00928416 -0.00371954 0.0037528
-0.00371954 0.00701479 -0.00872774
0.0037528 -0.00872774 0.144048

0.00560863 0.00619546 -0.0304226
0.00619546 0.00868736 -0.0159522
-0.0304226 -0.0159522 0.281206

-0.0104339 0.00150431 0.00757265
0.00150431 -0.0113531 -0.0278295
0.00757265 -0.0278295 0.114083

-0.0547035 -0.00297899 0.00928627
-0.00297899 -0.0564867 -0.00968874
0.00928627 -0.00968874 0.327356

0.036082 -0.00109684 -0.0133584
-0.00109684 0.0280945 -0.0241473
-0.0133584 -0.0241473 0.789827

-0.0314653 -0.00258271 0.00571759
-0.00258271 -0.0308569 -0.00175546
0.00571759 -0.00175546 0.353949

-0.0270559 0.000126069 -0.0204544
0.000126069 -0.0268567 0.00779855
-0.0204544 0.00779855 0.408993

0.0130086 0.00108291 2.03003e-05
0.00108291 0.0043051 -0.00968929
2.03003e-05 -0.00968929 0.148185

0.015467 -0.00660258 0.02647
-0.00660258 0.0127619 -0.0518564
0.02647 -0.0518564 0.459442

-5.08833e-05 0.000497847 -0.0247739
0.000497847 -0.00384319 0.014221
-0.0247739 0.014221 0.488138

-0.0288398 0.00710664 0.0136078
0.00710664 -0.0310389 -0.0319965
0.0136078 -0.0319965 0.0935099

-0.0489496 -0.00187169 -0.0151854
-0.00187169 -0.0468066 0.0106308
-0.0151854 0.0106308 0.375653

-0.00558865 0.00113446 -0.0222301
0.00113446 0.0146303 0.003657
-0.0222301 0.003657 0.22645

-0.00342088 0.0109174 0.0290561
0.0109174 -0.0217451 0.00348527
0.0290561 0.00348527 0.362945

-0.0251906 0.00835324 0.00518406
0.00835324 -0.0208506 0.0271774
0.00518406 0.0271774 0.310333

0.0257871 -0.0149432 -0.0281099
-0.0149432 0.00770603 -0.00738606
-0.0281099 -0.00738606 0.224647

0.00483306 -0.000616566 -0.00440911
-0.000616566 -0.00556961 -0.0124601
-0.00440911 -0.0124601 0.135327

-0.00819969 -0.000912355 -0.0059587
-0.000912355 0.00337789 0.0373692
-0.0059587 0.0373692 0.310281

-0.0360237 -0.00303914 0.0106772
-0.00303914 -0.0331472 -0.0108984
0.0106772 -0.0108984 0.38

-0.0297441 -0.00818333 -0.0174408
-0.00818333 -0.0167269 0.0298558
-0.0174408 0.0298558 0.301243

-0.0246939 -0.00364567 -0.0270985
-0.00364567 -0.0530737 -0.00579832
-0.0270985 -0.00579832 0.274349

0.0254054 -0.00268436 -0.0191166
-0.00268436 0.0245281 0.00593138
-0.0191166 0.00593138 0.597244

-0.00720112 0.00335729 -0.000644118
0.00335729 -0.0115692 -0.0218431
-0.000644118 -0.0218431 0.113748

-0.0170615 0.00291413 0.0159533
0.00291413 -0.0276416 0.00183156
0.0159533 0.00183156 0.374227

0.00258666 -0.00193694 -0.0244171
-0.00193694 0.00949543 0.00123656
-0.0244171 0.00123656 0.20642

0.0478696 0.00205729 -0.0118102
0.00205729 0.05116 0.024252
-0.0118102 0.024252 0.66867

-0.0408269 -0.00188199 -0.0140116
-0.00188199 -0.0500877 0.00981753
-0.0140116 0.00981753 0.310726

-0.0201633 0.00218736 -0.00928427
0.00218736 -0.0244175 -0.00222119
-0.00928427 -0.00222119 0.208966

0.00613868 -0.000854522 0.0192782
-0.000854522 0.0103696 0.00694349
0.0192782 0.00694349 0.117513

0.0175963 -0.0043266 -0.0229751
-0.0043266 0.0273029 0.00159556
-0.0229751 0.00159556 0.231651

-0.00170034 -0.00281288 0.0207008
-0.00281288 -0.00078678 0.000992444
0.0207008 0.000992444 0.0987094

-0.0167116 -0.0150427 -0.0135053
-0.0150427 -0.028763 0.00720234
-0.0135053 0.00720234 0.259717

0.00313093 -7.68132e-05 -0.0187826
-7.68132e-05 -0.00258939 -0.00428065
-0.0187826 -0.00428065 0.167489

0.00687121 -0.00115935 0.021429
-0.00115935 0.0185165 -0.00164095
0.021429 -0.00164095 0.109286

-0.0011759 0.00670426 -0.00998833
0.00670426 -0.00956549 -0.00221634
-0.00998833 -0.00221634 0.221343

-0.0285381 0.00414449 -0.00358493
0.00414449 -0.0271751 -0.0261892
-0.00358493 -0.0261892 0.407156

-0.0615036 0.00243486 0.0033245
0.00243486 -0.0628134 0.0084104
0.0033245 0.0084104 0.343123

-0.00606937 -0.0176171 -0.0124543
-0.0176171 -0.0312607 0.00680374
-0.0124543 0.00680374 0.293418

-0.0193838 -0.00154825 -0.036253
-0.00154825 -0.0193057 0.0147062
-0.036253 0.0147062 0.416136

0.0402582 -0.0077918 -0.0179927
-0.0077918 0.0354278 -0.00118458
-0.0179927 -0.00118458 0.194901

0.0223865 -0.00244389 0.0137185
-0.00244389 0.0247574 -0.00269266
0.0137185 -0.00269266 0.195879

0.0184409 -0.0080475 0.0099445
-0.0080475 0.00937495 0.024722
0.0099445 0.024722 0.165336

0.0204592 -0.00910662 0.0133736
-0.00910662 0.00842216 0.00846309
0.0133736 0.00846309 0.16973

-0.0277749 -0.0171736 -0.0157231
-0.0171736 -0.0537525 -0.000674263
-0.0157231 -0.000674263 0.255721

0.0173572 0.000230692 0.0195142
0.000230692 0.0293306 0.00236897
0.0195142 0.00236897 0.131692

-0.0374113 0.00250444 -0.0290969
0.00250444 -0.0420991 0.0111663
-0.0290969 0.0111663 0.229536

0.0008066 0.0040989 -0.0394285
0.0040989 -0.00905627 0.0111737
-0.0394285 0.0111737 0.286576

0.0176491 0.00131042 0.00373198
0.00131042 0.0145131 -0.00174004
0.00373198 -0.00174004 0.510632

0.0142457 -0.00145854 -0.0269443
-0.00145854 0.0142254 -0.00227053
-0.0269443 -0.00227053 0.230312

-0.000537902 0.00237005 -0.0357027
0.00237005 0.000259632 0.0281653
-0.0357027 0.0281653 0.250228

0.00556555 -0.000993965 0.00637502
-0.000993965 0.00525419 0.0397203
0.00637502 0.0397203 0.529428

0.0134577 -0.014273 0.00972138
-0.014273 0.00474378 -0.00299406
0.00972138 -0.00299406 0.218028

0.00682353 -0.00143244 -0.0306394
-0.00143244 0.0167139 0.0225883
-0.0306394 0.0225883 0.266344

-0.00406553 0.00289291 -0.0312029
0.00289291 -0.00606049 0.0172418
-0.0312029 0.0172418 0.215921

0.00145326 0.00130977 0.0223066
0.00130977 0.0051093 0.00666033
0.0223066 0.00666033 0.245394

0.0100464 -8.30594e-05 -0.00359575
-8.30594e-05 0.00734725 0.0517683
-0.00359575 0.0517683 0.63636

0.013562 -0.00111912 -0.00425174
-0.00111912 0.0172238 0.0618661
-0.00425174 0.0618661 0.612435

-0.00664803 -0.00803035 0.0276838
-0.00803035 -0.0156419 0.0136131
0.0276838 0.0136131 0.175685

-0.0039188 -0.00156282 -0.000562874
-0.00156282 -0.012408 0.0301709
-0.000562874 0.0301709 0.184817

0.0160502 0.00179714 -0.00917353
0.00179714 0.00104946 0.011098
-0.00917353 0.011098 0.180932

0.0244121 0.0131798 -0.03894
0.0131798 0.0323619 0.00273622
-0.03894 0.00273622 0.21047

0.00407329 0.00223061 -0.00476783
0.00223061 -0.00169411 0.0166883
-0.00476783 0.0166883 0.101404

0.0490672 0.00683657 -0.00428637
0.00683657 0.0202644 0.0131191
-0.00428637 0.0131191 0.203026

-0.0195068 -0.00487301 0.00658383
-0.00487301 -0.0362879 -0.00832967
0.00658383 -0.00832967 0.162808

-0.0198192 -0.000298886 -0.0177429
-0.000298886 -0.00111679 0.00104317
-0.0177429 0.00104317 0.0738949

-0.0303375 0.0119163 0.0159639
0.0119163 -0.0187236 0.0100828
0.0159639 0.0100828 0.308822

-0.0125593 -0.00390178 -0.00229189
-0.00390178 -0.0229765 0.0647714
-0.00229189 0.0647714 0.523689

0.0297404 -0.00512807 -0.000843068
-0.00512807 0.0341921 0.0100622
-0.000843068 0.0100622 0.14136

0.0311764 -0.00255064 0.000440134
-0.00255064 0.040891 0.00947679
0.000440134 0.00947679 0.135846

-0.0140097 0.00158561 -0.0168984
0.00158561 0.00988054 -0.00462859
-0.0168984 -0.00462859 0.0821928

0.0274671 -0.00152772 0.0366802
-0.00152772 0.0332172 0.00675063
0.0366802 0.00675063 0.808049

-0.0381778 0.00295447 0.0120357
0.00295447 -0.0487138 0.00578764
0.0120357 0.00578764 0.338896

0.0351805 -0.00100941 0.0216697
-0.00100941 0.0328504 0.0182455
0.0216697 0.0182455 0.814814

0.0220003 -0.00304554 -0.0107474
-0.00304554 0.021066 0.0216518
-0.0107474 0.0216518 0.52817

0.028992 -0.000588448 0.037768
-0.000588448 0.0274517 0.0353378
0.037768 0.0353378 0.729976

-0.0546358 -0.00820695 0.00433506
-0.00820695 -0.053102 -0.00953373
0.00433506 -0.00953373 0.325613

0.0263095 2.46771e-05 -0.00815904
2.46771e-05 0.0290258 0.00317621
-0.00815904 0.00317621 0.657279

-0.0165399 0.0010461 0.0630525
0.0010461 -0.0132362 0.0115242
0.0630525 0.0115242 0.524023

0.00901461 0.00421834 0.0262981
0.00421834 0.013084 0.047494
0.0262981 0.047494 0.450885

0.0276917 -0.00299993 0.00643778
-0.00299993 0.0262962 -0.00257474
0.00643778 -0.00257474 0.516134

-0.0284732 -0.00374568 0.0161373
-0.00374568 -0.0343534 -3.05435e-05
0.0161373 -3.05435e-05 0.366771

-0.0102994 0.00430282 0.01782
0.00430282 -0.0191376 0.0155116
0.01782 0.0155116 0.238829

-0.0161529 -0.0116681 -0.00091336
-0.0116681 -0.00829154 0.0015199
-0.00091336 0.0015199 0.377621

-0.0221926 -0.00823638 0.00050681
-0.00823638 -0.0145992 0.00159076
0.00050681 0.00159076 0.373716

-0.0134869 0.000774667 -0.00478035
0.000774667 -0.0128843 -0.0198347
-0.00478035 -0.0198347 0.436996

-0.02508 -0.00154621 -0.00422192
-0.00154621 -0.0235201 -0.00973177
-0.00422192 -0.00973177 0.412434

0.00263651 0.000958582 -0.0294855
0.000958582 0.00380724 -0.000570862
-0.0294855 -0.000570862 0.219471

-0.0161354 -0.00120727 -0.0443879
-0.00120727 -0.00529799 -0.0578693
-0.0443879 -0.0578693 0.441919

-0.0276051 -0.00648729 -0.00373972
-0.00648729 -0.0195724 0.0239394
-0.00373972 0.0239394 0.41603

0.0353333 0.00809312 -0.0607276
0.00809312 0.0217998 -0.0529168
-0.0607276 -0.0529168 0.473365

0.0185517 -0.000537901 -0.0655697
-0.000537901 0.0144277 -0.0578499
-0.0655697 -0.0578499 0.48891

-0.00194429 -0.000364212 -0.0293143
-0.000364212 -0.0269996 -0.00197078
-0.0293143 -0.00197078 0.328392

-0.0287525 0.00415797 0.0206386
0.00415797 -0.0155732 0.00977223
0.0206386 0.00977223 0.263609

0.022192 0.00428014 -0.0174129
0.00428014 0.021837 0.00213794
-0.0174129 0.00213794 0.189151

-0.000669623 -0.00503391 -0.0333592
-0.00503391 -0.0102684 -0.00591315
-0.0333592 -0.00591315 0.278028

-0.0107729 0.000223864 -0.0471453
0.000223864 -0.0131456 -0.00113152
-0.0471453 -0.00113152 0.194449

0.0131294 -5.89042e-05 -0.0195121
-5.89042e-05 0.0157462 0.0110457
-0.0195121 0.0110457 0.623692

0.0105132 -0.00442959 -0.0214184
-0.00442959 0.0124061 0.000914534
-0.0214184 0.000914534 0.138501

-0.0111768 -0.00211823 -0.0117704
-0.00211823 0.00465137 -0.00302518
-0.0117704 -0.00302518 0.0941714

0.000497833 -0.000716002 -0.00417753
-0.000716002 0.000307628 0.06324
-0.00417753 0.06324 0.529362

0.0158048 -0.00308983 -0.0148489
-0.00308983 0.00990674 -0.00799707
-0.0148489 -0.00799707 0.151915

0.0244078 0.00296376 0.0346003
0.00296376 0.0209098 0.0373982
0.0346003 0.0373982 0.720602

0.0181497 -0.000808253 0.0349534
-0.000808253 0.0109408 0.0452588
0.0349534 0.0452588 0.701078

0.0238565 -0.000336399 0.0630018
-0.000336399 0.0245259 0.0374988
0.0630018 0.0374988 0.570091

-0.0107726 -0.00188135 -0.0456128
-0.00188135 -0.00160426 -0.0563544
-0.0456128 -0.0563544 0.451541

0.00986808 0.0035637 -0.00487328
0.0035637 0.00277597 -0.00790674
-0.00487328 -0.00790674 0.530723

0.00791835 -0.00153734 -0.00143627
-0.00153734 -0.00671443 0.0165971
-0.00143627 0.0165971 0.17801

0.00564959 0.0103447 0.0266044
0.0103447 -0.00885693 0.0152616
0.0266044 0.0152616 0.374114

-0.0183666 0.00644408 -0.0184415
0.00644408 -0.0429386 -0.0045627
-0.0184415 -0.0045627 0.323146

-0.0112285 0.0137772 0.00094061
0.0137772 -0.0102969 0.00365826
0.00094061 0.00365826 0.318406

0.00599887 0.00138423 0.0152431
0.00138423 0.00111701 -0.0378008
0.0152431 -0.0378008 0.183493

0.0601231 0.000264307 -0.00951234
0.000264307 0.0669597 0.00482851
-0.00951234 0.00482851 0.348132

-0.0322597 0.0153627 -0.00797908
0.0153627 -0.0218798 -0.0115033
-0.00797908 -0.0115033 0.266056

-0.028792 0.0165109 -0.00457945
0.0165109 -0.0293412 -0.00597419
-0.00457945 -0.00597419 0.278947

-0.0675928 -0.00140295 -0.00791635
-0.00140295 -0.098343 0.00185438
-0.00791635 0.00185438 0.245807

-0.0614027 -0.00122636 0.00365501
-0.00122636 -0.0552913 -0.0167879
0.00365501 -0.0167879 0.140079

0.00348341 -0.00549306 -0.00882581
-0.00549306 0.000961348 0.0169595
-0.00882581 0.0169595 0.480098

0.0207684 -0.00958532 -0.0181604
-0.00958532 0.0204664 -0.00350773
-0.0181604 -0.00350773 0.182469

0.0424937 -0.00498187 0.0229305
-0.00498187 0.037995 0.0331722
0.0229305 0.0331722 0.849618

0.00527064 -4.83401e-05 0.0105328
-4.83401e-05 -0.00285489 0.055541
0.0105328 0.055541 0.712951

0.0174707 -0.00745944 -0.0190498
-0.00745944 -0.00190062 -0.00530409
-0.0190498 -0.00530409 0.172796

0.002103 0.000684451 0.0353556
0.000684451 0.00263894 0.0570449
0.0353556 0.0570449 0.602107

-0.022458 0.00575157 0.0493472
0.00575157 -0.0229213 0.052539
0.0493472 0.052539 0.464569

-0.0261507 0.0166453 -0.00401435
0.0166453 -0.0152019 -0.00703817
-0.00401435 -0.00703817 0.271982

0.0516841 0.00171975 0.0327409
0.00171975 0.0520199 0.0458255
0.0327409 0.0458255 0.598588

-0.00406928 -0.00265867 -0.0241958
-0.00265867 -0.00579618 -0.00670858
-0.0241958 -0.00670858 0.195718

-0.0712168 0.00946586 0.0147244
0.00946586 -0.0665989 0.0355708
0.0147244 0.0355708 0.299364

0.0036404 0.0103808 0.0149358
0.0103808 0.0167395 -0.00609113
0.0149358 -0.00609113 0.186327

-0.046011 0.0117972 0.0152392
0.0117972 -0.0430188 0.0164795
0.0152392 0.0164795 0.290782

0.0118355 -0.00309799 -0.0220269
-0.00309799 0.00822493 0.0111105
-0.0220269 0.0111105 0.501284

0.0168792 -0.00100236 -0.0205652
-0.00100236 0.0253812 -0.00278011
-0.0205652 -0.00278011 0.183779

-0.0282427 0.0148934 0.0066023
0.0148934 -0.0192647 0.00947673
0.0066023 0.00947673 0.30901

-0.00657029 0.0125247 0.00525225
0.0125247 0.00510066 0.0074544
0.00525225 0.0074544 0.37424

0.0138177 -0.00514548 -0.023588
-0.00514548 0.0174281 -9.64509e-05
-0.023588 -9.64509e-05 0.217752

-0.0575594 0.0219371 0.0109444
0.0219371 -0.0381378 0.000975961
0.0109444 0.000975961 0.273673

-0.0502706 0.018759 -0.00538705
0.018759 -0.0341164 -0.00333665
-0.00538705 -0.00333665 0.284509

0.00285043 0.0172214 -0.00460998
0.0172214 0.0185621 -0.0141991
-0.00460998 -0.0141991 0.35451

-0.059762 0.0145463 0.00866943
0.0145463 -0.0392242 -0.0167459
0.00866943 -0.0167459 0.25699

-0.00226528 0.00693152 -0.0164571
0.00693152 -0.00510238 -0.0217911
-0.0164571 -0.0217911 0.348345

-0.0305264 0.00329111 -0.00792355
0.00329111 -0.018112 -0.0238271
-0.00792355 -0.0238271 0.337476

-0.0377345 0.0104664 -0.00897403
0.0104664 -0.0424009 -0.0195355
-0.00897403 -0.0195355 0.281769

-0.00744186 -0.00480514 0.0129206
-0.00480514 -0.0134589 0.0219786
0.0129206 0.0219786 0.165347

-0.0166975 0.000143102 0.0128195
0.000143102 0.0081734 -0.00541546
0.0128195 -0.00541546 0.273794

-0.0171481 0.00207683 -0.0126747
0.00207683 -0.00639242 -0.0283659
-0.0126747 -0.0283659 0.296965

-0.0483895 0.000634624 -0.00534603
0.000634624 -0.0159525 -0.0307128
-0.00534603 -0.0307128 0.284583

0.000258829 0.00470091 -0.0180212
0.00470091 0.00537624 -0.027326
-0.0180212 -0.027326 0.267479

0.00783616 -0.000937732 -0.00991931
-0.000937732 0.00553267 -0.0374264
-0.00991931 -0.0374264 0.579585

-0.0548088 0.00789007 0.00166493
0.00789007 -0.0509407 0.00910089
0.00166493 0.00910089 0.333763

-0.0538571 0.0190275 0.00152168
0.0190275 -0.0324975 -0.00781269
0.00152168 -0.00781269 0.254981

-0.0155223 -0.00217532 -0.00478201
-0.00217532 -0.0421211 0.0024302
-0.00478201 0.0024302 0.344964

0.0147271 0.00134842 0.0657958
0.00134842 0.0177581 -0.0272965
0.0657958 -0.0272965 0.553567

-0.0220033 -0.000625366 0.0101617
-0.000625366 -0.0332315 -0.00173435
0.0101617 -0.00173435 0.305027

-0.0604581 0.00906623 0.0130754
0.00906623 -0.06069 0.00886482
0.0130754 0.00886482 0.267811

-0.0558079 0.0185297 -0.00248136
0.0185297 -0.0369153 -0.0122155
-0.00248136 -0.0122155 0.251803

0.0020319 0.00216183 -0.0293602
0.00216183 0.00505165 0.0008729
-0.0293602 0.0008729 0.222571

-0.00154138 -0.00105659 -0.0639514
-0.00105659 -0.00395095 0.00477743
-0.0639514 0.00477743 0.530662

0.0258344 0.00357259 -0.0187479
0.00357259 0.0357249 -0.00108414
-0.0187479 -0.00108414 0.192203

0.0529534 -0.0099729 -0.0251035
-0.0099729 0.0386257 -0.0162045
-0.0251035 -0.0162045 0.926347

0.0570021 0.000688053 0.0101707
0.000688053 0.0548775 -0.00933184
0.0101707 -0.00933184 0.716361

0.0327542 -0.000792899 0.00796896
-0.000792899 0.0362524 -0.0202604
0.00796896 -0.0202604 0.197758

-0.00698519 -0.00421294 0.0185285
-0.00421294 -0.0357256 -0.00509774
0.0185285 -0.00509774 0.32702

-0.0433849 0.00537456 0.0107101
0.00537456 -0.0499346 0.00697316
0.0107101 0.00697316 0.328779

-0.0472015 -0.0108955 0.0163915
-0.0108955 -0.043233 -0.0120799
0.0163915 -0.0120799 0.307098

-0.0508083 0.00769085 0.000226024
0.00769085 -0.0305837 0.016849
0.000226024 0.016849 0.263033

-0.0566847 0.000650938 0.0113245
0.000650938 -0.0434909 -0.0114703
0.0113245 -0.0114703 0.347526

-0.0446067 0.00680663 0.00217671
0.00680663 -0.022386 0.00765006
0.00217671 0.00765006 0.270452

0.02368 0.00293815 0.020113
0.00293815 0.0193969 -0.0351767
0.020113 -0.0351767 0.683506

-0.0136576 -0.00534717 -0.025531
-0.00534717 -0.0187199 -0.00550221
-0.025531 -0.00550221 0.256228

-0.0352564 0.011586 0.00369646
0.011586 -0.0128962 0.00883952
0.00369646 0.00883952 0.278177

0.0398175 -0.0012859 0.0209473
-0.0012859 0.0307941 0.0183228
0.0209473 0.0183228 0.533369

0.00472633 0.00144129 0.016895
0.00144129 0.0181935 0.000210639
0.016895 0.000210639 0.12217

0.0112108 -0.00274055 -0.00167134
-0.00274055 -0.00110599 0.0238598
-0.00167134 0.0238598 0.183905

0.026964 -0.00998536 0.00324762
-0.00998536 0.0279855 0.00337387
0.00324762 0.00337387 0.206902

-0.0539288 0.0131209 -0.00871436
0.0131209 -0.0351052 -0.0128803
-0.00871436 -0.0128803 0.271143

0.0119481 -0.00299113 -0.00103101
-0.00299113 -0.000469793 0.0241127
-0.00103101 0.0241127 0.185771

0.0108602 -0.00336411 0.00228059
-0.00336411 -0.00102164 0.0249615
0.00228059 0.0249615 0.185925

0.0206547 -0.00320721 -0.0112861
-0.00320721 0.0231707 -0.0315933
-0.0112861 -0.0315933 0.603333

0.0058175 -2.29444e-05 -0.000424578
-2.29444e-05 -0.00430551 0.0237214
-0.000424578 0.0237214 0.189089

0.00411239 0.00540152 0.0178575
0.00540152 0.00609722 0.0323401
0.0178575 0.0323401 0.342826

0.0128011 -0.00652629 -0.0208841
-0.00652629 0.00681216 -0.0011898
-0.0208841 -0.0011898 0.176689

-0.0181768 0.00428434 0.0351414
0.00428434 -0.00818565 0.0456009
0.0351414 0.0456009 0.418392

0.0489051 -0.0117322 0.0073932
-0.0117322 0.0431575 0.00372647
0.0073932 0.00372647 0.219608

0.0222606 0.000652483 -0.0340208
0.000652483 0.0261874 0.0277834
-0.0340208 0.0277834 0.246138

-0.00154761 -0.00151917 0.00842348
-0.00151917 0.00730324 0.033128
0.00842348 0.033128 0.220484

-0.0249737 0.00392649 0.00539232
0.00392649 -0.0354037 -0.0138152
0.00539232 -0.0138152 0.342262

-0.0452496 0.00285306 -0.00918115
0.00285306 -0.049267 -0.00108329
-0.00918115 -0.00108329 0.335835

0.00257557 -0.00128641 -0.00839863
-0.00128641 0.0104998 -0.00558287
-0.00839863 -0.00558287 0.23166

-0.0525778 0.00755353 0.00607264
0.00755353 -0.0597092 0.00873384
0.00607264 0.00873384 0.313316

0.00783537 0.00409506 -0.00654365
0.00409506 0.0137008 0.00704337
-0.00654365 0.00704337 0.238568

-0.0269963 0.00010918 -0.00970633
0.00010918 -0.010824 0.0331748
-0.00970633 0.0331748 0.274546

-0.0141262 -0.00636974 -0.0195909
-0.00636974 -0.0118799 -0.0010342
-0.0195909 -0.0010342 0.169061

-0.0237006 0.000342497 -0.00875371
0.000342497 -0.0161664 0.032362
-0.00875371 0.032362 0.17841

0.0473306 -0.0152412 0.00369648
-0.0152412 0.040572 0.0110838
0.00369648 0.0110838 0.221897

0.0404938 -0.00464913 0.00815418
-0.00464913 0.036799 0.0060996
0.00815418 0.0060996 0.711935

0.0202084 0.00076073 -0.00093379
0.00076073 0.00187402 0.0526579
-0.00093379 0.0526579 0.742506

-0.00440716 0.00140586 0.0170049
0.00140586 -0.0110571 0.0699834
0.0170049 0.0699834 0.551306

-0.0121652 -0.00494702 0.0142344
-0.00494702 -0.00778018 -0.00685332
0.0142344 -0.00685332 0.269802

-0.0131588 -0.0114558 0.0108033
-0.0114558 -0.035029 -0.00773722
0.0108033 -0.00773722 0.303212

0.0128101 0.00484686 -0.011682
0.00484686 0.00816099 -0.0192659
-0.011682 -0.0192659 0.204441

-0.0156423 0.0098569 -0.0234479
0.0098569 -0.0240598 0.0205719
-0.0234479 0.0205719 0.12956

-0.0260006 -0.00554375 0.0148919
-0.00554375 -0.03558 -0.0130008
0.0148919 -0.0130008 0.337598

0.0494298 0.000253024 0.00902023
0.000253024 0.0533887 0.0740351
0.00902023 0.0740351 0.571526

0.0118868 -0.00640465 -0.000848245
-0.00640465 0.0396799 0.073763
-0.000848245 0.073763 0.462897

-0.00653466 0.00731353 -0.0390406
0.00731353 -0.0157332 -0.0101796
-0.0390406 -0.0101796 0.400352

-0.0373383 0.0107275 0.00687852
0.0107275 -0.0114159 0.00320484
0.00687852 0.00320484 0.315095

-0.0191957 -0.00410303 0.000357184
-0.00410303 -0.0113928 0.0604524
0.000357184 0.0604524 0.386608

-0.00585171 -0.000338744 -0.00379001
-0.000338744 0.0205969 0.0492614
-0.00379001 0.0492614 0.419269

-0.0120622 -0.00825854 0.00611378
-0.00825854 0.0133979 0.0518987
0.00611378 0.0518987 0.396409

-0.0454739 0.00309869 -0.00423953
0.00309869 -0.0218256 0.0453191
-0.00423953 0.0453191 0.317095

-0.0493308 0.0017359 -0.00522222
0.0017359 -0.0175067 0.0283764
-0.00522222 0.0283764 0.30268

-0.0418467 0.000547087 0.0087077
0.000547087 -0.0204153 0.0465417
0.0087077 0.0465417 0.3191

-0.0337466 -0.00420874 -0.00753101
-0.00420874 -0.0239178 0.024965
-0.00753101 0.024965 0.356325

-0.000591726 -0.00970748 -0.0127324
-0.00970748 -0.00161341 0.0152671
-0.0127324 0.0152671 0.373537

-0.0456298 0.0022066 0.00862097
0.0022066 -0.0156297 0.029786
0.00862097 0.029786 0.303729

-0.0546049 -0.00317755 0.00284274
-0.00317755 -0.0247562 -0.00143239
0.00284274 -0.00143239 0.28991

-0.0576014 -0.0034256 0.00147726
-0.0034256 -0.0315936 -0.00565971
0.00147726 -0.00565971 0.288013

-0.0624874 -0.0122982 -0.0115109
-0.0122982 -0.0372956 -0.00924574
-0.0115109 -0.00924574 0.276533

-0.00334043 -0.00656416 0.00240446
-0.00656416 0.0109749 -0.0119494
0.00240446 -0.0119494 0.367586

0.00531655 0.00101797 -0.0450059
0.00101797 -0.00660058 -0.0150447
-0.0450059 -0.0150447 0.441508

-0.0301551 -0.00073953 -0.00316236
-0.00073953 -0.0334742 0.00740815
-0.00316236 0.00740815 0.405024

-0.0501736 -0.0156159 0.00103563
-0.0156159 -0.0250632 -0.0272222
0.00103563 -0.0272222 0.263092

-0.0293719 -0.00276031 -0.00514653
-0.00276031 -0.0330908 0.00796735
-0.00514653 0.00796735 0.410072

0.0125192 -0.00599124 0.0136681
-0.00599124 -0.0101583 0.0264106
0.0136681 0.0264106 0.163738

-0.0042564 -0.00381161 0.0128568
-0.00381161 0.00473752 -0.0367163
0.0128568 -0.0367163 0.312004

-0.017617 -0.000441223 0.00623036
-0.000441223 -0.0110597 -0.0368648
0.00623036 -0.0368648 0.276482

-0.0185131 -0.00116844 0.0126567
-0.00116844 -0.00623553 -0.037148
0.0126567 -0.037148 0.279063

-0.000689509 0.000619122 -0.00423416
0.000619122 0.0115668 -0.0403213
-0.00423416 -0.0403213 0.318363

-0.0124728 -0.00232003 0.00340288
-0.00232003 -0.0116548 -0.0353393
0.00340288 -0.0353393 0.258157

-0.00293509 0.0012763 -0.00970922
0.0012763 -0.000532162 -0.0210657
-0.00970922 -0.0210657 0.448353

0.0237566 0.00402696 0.0370948
0.00402696 -0.0111612 -0.00147958
0.0370948 -0.00147958 0.314836

0.00736675 0.0106533 -0.018072
0.0106533 0.00497777 0.0155171
-0.018072 0.0155171 0.182572

-0.0118729 9.21966e-05 -0.00740873
9.21966e-05 -0.0107278 -0.0291178
-0.00740873 -0.0291178 0.431275

-0.0211108 0.0107789 -0.023696
0.0107789 -0.0214101 -0.0137613
-0.023696 -0.0137613 0.343751

0.00288468 0.00624999 -0.00335515
0.00624999 -0.0138907 -0.0176753
-0.00335515 -0.0176753 0.0193397

0.00952477 0.00239963 0.00365813
0.00239963 0.00489827 -0.0183048
0.00365813 -0.0183048 0.619313

0.0409686 0.0034748 0.00892494
0.0034748 0.0450908 -0.0085102
0.00892494 -0.0085102 0.710301

-0.0279491 -0.00287681 0.0116515
-0.00287681 -0.0197141 -0.0125614
0.0116515 -0.0125614 0.317061

0.0794705 -0.0129354 -0.00491284
-0.0129354 0.0712775 -0.00290038
-0.00491284 -0.00290038 0.209151

0.00808783 0.00533458 -0.0322549
0.00533458 0.020053 -0.00921882
-0.0322549 -0.00921882 0.260117

0.0260095 0.0010596 -0.0272077
0.0010596 0.0272269 -0.00903335
-0.0272077 -0.00903335 0.271615

0.0279739 -0.000739828 0.0196624
-0.000739828 0.0384286 -1.44034e-05
0.0196624 -1.44034e-05 0.697129

0.025757 -0.00569952 0.0188301
-0.00569952 0.0254672 0.00736166
0.0188301 0.00736166 0.760797

0.00716601 0.00185838 -0.0569757
0.00185838 -0.00502773 -0.015282
-0.0569757 -0.015282 0.437188

0.00578817 -0.000345681 -0.0299901
-0.000345681 0.012321 -0.0131875
-0.0299901 -0.0131875 0.268373

-0.0296519 -0.00619472 0.0199436
-0.00619472 -0.0348671 -0.00695823
0.0199436 -0.00695823 0.33594

-0.00346349 -0.00699852 -0.063783
-0.00699852 -0.0063693 -0.0122855
-0.063783 -0.0122855 0.437884

0.0145731 0.000462666 0.0359886
0.000462666 0.0126129 -0.017921
0.0359886 -0.017921 0.65753

0.0421479 -0.00956286 0.00897688
-0.00956286 0.0254115 -0.00648882
0.00897688 -0.00648882 0.302416

0.00696008 -0.00722177 0.0138274
-0.00722177 0.0143891 0.00575315
0.0138274 0.00575315 0.108801

-0.0075495 0.000561425 -0.066789
0.000561425 -0.00770884 0.0147685
-0.066789 0.0147685 0.434147

-0.000665975 -0.00124956 -0.0623502
-0.00124956 -0.0107592 0.0147095
-0.0623502 0.0147095 0.417922

-0.0300347 0.00429147 -0.0132291
0.00429147 -0.019932 -0.0157015
-0.0132291 -0.0157015 0.324398

-0.0146541 0.000658095 0.0193589
0.000658095 -0.012852 -0.00999139
0.0193589 -0.00999139 0.457986

-0.0253576 -0.00352211 -0.014636
-0.00352211 -0.0559279 -0.00733
-0.014636 -0.00733 0.267552

0.0221399 0.00481074 0.00101712
0.00481074 0.0247712 0.0348131
0.00101712 0.0348131 0.677992

-0.0386467 0.0162087 -0.00803184
0.0162087 -0.0393126 0.00272418
-0.00803184 0.00272418 0.27167

-0.00466284 0.011439 -0.0261363
0.011439 0.01158 -0.0278149
-0.0261363 -0.0278149 0.391557

0.0294415 -0.00102095 -0.0329229
-0.00102095 0.0257557 -0.0132212
-0.0329229 -0.0132212 0.280692

-0.0189381 0.000107232 -0.00721775
0.000107232 -0.0128087 -0.0202208
-0.00721775 -0.0202208 0.424802

-0.0283944 0.00594816 0.0076254
0.00594816 -0.0174771 -0.0168223
0.0076254 -0.0168223 0.405626

0.0273437 -0.00230838 0.0210418
-0.00230838 0.0405421 0.0127115
0.0210418 0.0127115 0.135312

0.0118501 -0.0030792 0.00153282
-0.0030792 5.858e-05 0.0245017
0.00153282 0.0245017 0.186817

-0.0551959 -0.00302812 0.0128423
-0.00302812 -0.0447626 -0.0146559
0.0128423 -0.0146559 0.269187

0.00720137 -0.00528818 -0.0159478
-0.00528818 0.014379 0.00758739
-0.0159478 0.00758739 0.490969

0.0205814 0.00485353 -0.0314731
0.00485353 0.013815 -0.0117753
-0.0314731 -0.0117753 0.274848

0.0353576 -0.006988 -0.00793064
-0.006988 0.0429336 -0.00183467
-0.00793064 -0.00183467 0.230788

-0.0256531 -0.000140711 0.0159665
-0.000140711 -0.0284169 0.00959796
0.0159665 0.00959796 0.358121

0.00997545 0.000581056 -0.0537045
0.000581056 0.0242392 0.0501414
-0.0537045 0.0501414 0.523045

0.0140447 0.00158737 -0.0039135
0.00158737 0.0114285 0.0294731
-0.0039135 0.0294731 0.64582

-0.0230678 -0.012692 0.0120805
-0.012692 -0.0203248 -0.0104664
0.0120805 -0.0104664 0.349849

-0.00197474 0.000510227 -0.0602193
0.000510227 0.00367171 -0.0473214
-0.0602193 -0.0473214 0.516291

0.00578621 0.00263643 -0.00548555
0.00263643 0.0120823 0.0283552
-0.00548555 0.0283552 0.517955

-0.0176137 0.000624516 0.0164048
0.000624516 -0.0333039 -0.00965765
0.0164048 -0.00965765 0.31577

-0.0297176 0.00690249 -0.0155195
0.00690249 -0.0337314 -0.00963314
-0.0155195 -0.00963314 0.278655

0.0203702 0.00124752 -0.0557982
0.00124752 0.025778 -0.0253153
-0.0557982 -0.0253153 0.523475

-0.0163779 -0.00614911 0.00529742
-0.00614911 -0.0206811 -0.0099101
0.00529742 -0.0099101 0.389573

0.00316231 0.00566087 -0.0105872
0.00566087 0.0082645 -0.00117947
-0.0105872 -0.00117947 0.15888

-0.0165462 0.00534184 -0.00492728
0.00534184 -0.0085586 -0.0130806
-0.00492728 -0.0130806 0.417328

-0.0430543 0.00826859 0.0121793
0.00826859 -0.0448792 0.0150022
0.0121793 0.0150022 0.36296

0.0309807 0.00119452 -0.0549611
0.00119452 0.0365742 -0.042713
-0.0549611 -0.042713 0.627875

0.00291133 -0.000120196 -0.0542168
-0.000120196 -0.00291277 -0.0310939
-0.0542168 -0.0310939 0.57639

-0.0125957 0.0014872 0.0167058
0.0014872 -0.00451625 -0.00336382
0.0167058 -0.00336382 0.0570006

-0.0301426 0.0103142 -0.0153222
0.0103142 -0.0351823 -0.0110278
-0.0153222 -0.0110278 0.277661

-0.0329897 0.00687572 0.0188338
0.00687572 -0.0286219 -0.00853059
0.0188338 -0.00853059 0.263615

0.00959858 0.00111209 0.0117002
0.00111209 -0.00968952 -0.00189253
0.0117002 -0.00189253 0.176549

-0.0217635 0.00240169 -0.012849
0.00240169 -0.0199856 -0.0697764
-0.012849 -0.0697764 0.42464

0.0149338 0.00257442 -0.00985889
0.00257442 0.0147448 -0.0517273
-0.00985889 -0.0517273 0.48789

0.0502154 0.000410211 -0.0112901
0.000410211 0.0522277 0.00553928
-0.0112901 0.00553928 0.18532

-0.0379754 -0.00389646 -0.00959206
-0.00389646 -0.0451965 -0.000319283
-0.00959206 -0.000319283 0.370879

0.0186201 0.00589306 -0.0107455
0.00589306 0.0358514 0.00818536
-0.0107455 0.00818536 0.172839

-0.00312992 0.00649327 0.013389
0.00649327 0.00844834 0.00619657
0.013389 0.00619657 0.125848

-0.0284794 0.00234282 -0.00866963
0.00234282 -0.0238631 -0.0667316
-0.00866963 -0.0667316 0.416741

-0.0248406 0.00312074 -0.0145392
0.00312074 -0.0194665 0.0197147
-0.0145392 0.0197147 0.0835154

0.0206867 -0.00343734 -0.00563017
-0.00343734 0.0185544 0.0344494
-0.00563017 0.0344494 0.600856

-0.0220365 0.00789277 -0.0183858
0.00789277 -0.0276315 -0.0105619
-0.0183858 -0.0105619 0.28586

0.0196008 -0.00178643 0.00620661
-0.00178643 0.00243288 0.0251545
0.00620661 0.0251545 0.197971

0.00850924 -0.00217775 -0.0190354
-0.00217775 0.0222078 0.000782554
-0.0190354 0.000782554 0.236771

-0.0253732 0.00851113 -0.0183473
0.00851113 -0.0332823 -0.01124
-0.0183473 -0.01124 0.282348

-0.00408821 0.00647656 -0.0231308
0.00647656 -0.00942338 -0.00714994
-0.0231308 -0.00714994 0.312473

0.0420091 0.00462591 0.0109033
0.00462591 0.0462537 -0.0123047
0.0109033 -0.0123047 0.216228

0.0190774 -0.0019968 -0.0535609
-0.0019968 0.013459 -0.0158133
-0.0535609 -0.0158133 0.631856

-0.00660605 0.00701229 -0.0230754
0.00701229 -0.013855 -0.00709952
-0.0230754 -0.00709952 0.309904

0.00181142 0.0063776 -0.0126191
0.0063776 0.0149166 -0.0759313
-0.0126191 -0.0759313 0.454148

0.0117313 0.00670995 0.0131774
0.00670995 0.0149464 -0.000255805
0.0131774 -0.000255805 0.0771719

0.0128629 0.000522415 0.0198846
0.000522415 0.0149598 -0.00221001
0.0198846 -0.00221001 0.690107

-0.0337665 0.00623676 -0.0208486
0.00623676 -0.0355428 -0.0502505
-0.0208486 -0.0502505 0.370211

0.00667721 -0.00759444 0.0207778
-0.00759444 0.0106422 0.00224477
0.0207778 0.00224477 0.719437

-0.00144937 0.00137099 -0.0206047
0.00137099 0.0173828 -0.0544747
-0.0206047 -0.0544747 0.400973

-0.00359563 0.00810786 -0.0121339
0.00810786 -0.00557144 -0.0447064
-0.0121339 -0.0447064 0.4149

0.0370266 -0.00136669 0.0175611
-0.00136669 0.0310693 0.00686035
0.0175611 0.00686035 0.1857

-0.00942581 -0.00180693 0.0146869
-0.00180693 -0.0101531 0.0216786
0.0146869 0.0216786 0.152926

0.00808829 -0.0118582 0.0220554
-0.0118582 0.0105217 0.00803091
0.0220554 0.00803091 0.754002

0.0698466 -0.000630589 -0.0565907
-0.000630589 0.0538222 0.0161529
-0.0565907 0.0161529 0.567752

-0.0332887 0.00133553 0.00310229
0.00133553 -0.0205039 -0.0151792
0.00310229 -0.0151792 0.177107

0.0372355 -0.00179535 -0.0616839
-0.00179535 0.034113 -0.0174333
-0.0616839 -0.0174333 0.540203

0.0170568 -0.00228212 -0.00143196
-0.00228212 0.0263693 -0.00259499
-0.00143196 -0.00259499 0.267885

0.0306143 -0.00317365 0.00643898
-0.00317365 0.0246095 0.0130963
0.00643898 0.0130963 0.695088

0.111115 0.00058902 0.0275108
0.00058902 0.103922 0.00917073
0.0275108 0.00917073 0.388597

-0.00559874 0.00735278 0.0155472
0.00735278 0.00457284 -0.000734717
0.0155472 -0.000734717 0.114555

0.00049825 0.000288315 0.00309952
0.000288315 0.0193471 -0.0196084
0.00309952 -0.0196084 0.0938759

-0.051484 -0.00712696 -0.00998632
-0.00712696 -0.0562136 0.00929905
-0.00998632 0.00929905 0.305858

0.0188247 9.80486e-05 -0.0149427
9.80486e-05 0.0177409 0.00663324
-0.0149427 0.00663324 0.133124

0.0042615 -0.00432973 -0.0276573
-0.00432973 0.0164218 0.00159569
-0.0276573 0.00159569 0.218769

-0.000101116 0.00281366 -0.0293006
0.00281366 0.0014308 -0.0117738
-0.0293006 -0.0117738 0.263212

0.0135924 0.00284619 0.0235391
0.00284619 0.00157959 -0.00013143
0.0235391 -0.00013143 0.222343

-0.0236052 0.00561877 -0.0162248
0.00561877 -0.0487013 -0.0110031
-0.0162248 -0.0110031 0.312543

0.0120641 -0.00146206 -0.0234158
-0.00146206 0.0203038 0.013758
-0.0234158 0.013758 0.247908

0.0102639 0.00372358 0.00594766
0.00372358 0.0118885 0.0416961
0.00594766 0.0416961 0.500386

-0.0457423 0.0169921 0.00192487
0.0169921 -0.0507624 0.0146102
0.00192487 0.0146102 0.250554

0.0205613 0.00171764 -0.0467269
0.00171764 0.0239185 0.0497776
-0.0467269 0.0497776 0.5902

0.0339098 0.00750815 -0.013704
0.00750815 0.0398857 -0.056323
-0.013704 -0.056323 0.506828

-0.0515739 0.00188526 0.00582309
0.00188526 -0.025125 0.0268127
0.00582309 0.0268127 0.277935

-0.0249071 -0.00967105 0.00462767
-0.00967105 -0.0208499 0.00598647
0.00462767 0.00598647 0.314104

-0.00813681 0.00503567 -0.0155547
0.00503567 -0.0121271 -0.0712138
-0.0155547 -0.0712138 0.442897

0.0475159 -0.0131998 0.0298006
-0.0131998 -0.00535228 0.0338193
0.0298006 0.0338193 0.148177

0.0293343 0.003535 -0.00887426
0.003535 0.025836 0.00553851
-0.00887426 0.00553851 0.101852

0.0259271 0.00442092 0.0127991
0.00442092 0.0234494 -0.0265775
0.0127991 -0.0265775 0.713742

0.00541156 0.00824985 0.00633491
0.00824985 -0.0123434 -0.024818
0.00633491 -0.024818 0.0886937

0.0319374 0.000597828 0.00655265
0.000597828 0.0158385 0.0205354
0.00655265 0.0205354 0.179987

0.0119572 -0.000282628 0.0184537
-0.000282628 0.00294954 0.0220965
0.0184537 0.0220965 0.485642

-0.0130526 -0.00310151 -0.0175073
-0.00310151 -0.0124326 0.015939
-0.0175073 0.015939 0.433073

-0.00981675 0.0035887 -0.0136748
0.0035887 -0.0315183 -0.00807959
-0.0136748 -0.00807959 0.332037

-0.0291922 -0.00217276 0.0136199
-0.00217276 -0.0334279 -0.00687986
0.0136199 -0.00687986 0.35587

0.0332059 0.0050415 -0.0357551
0.0050415 0.0386705 -0.0485617
-0.0357551 -0.0485617 0.498654

-0.0213161 0.00332468 0.0126872
0.00332468 -0.00427225 0.0235107
0.0126872 0.0235107 0.334019

0.00595998 -0.00914689 0.0169644
-0.00914689 0.00511263 0.00878089
0.0169644 0.00878089 0.175285

0.00628263 0.00334447 -0.0072781
0.00334447 0.00957348 -0.00144305
-0.0072781 -0.00144305 0.0683353

0.045705 -0.00695121 -0.00409472
-0.00695121 0.0447828 -0.00803903
-0.00409472 -0.00803903 0.190299

0.0216716 -0.00493014 0.0191641
-0.00493014 0.0121352 0.00924323
0.0191641 0.00924323 0.172224

0.0476472 0.000638939 -0.000136746
0.000638939 0.0461259 0.00247287
-0.000136746 0.00247287 0.140257

0.016682 0.00135461 0.000695514
0.00135461 0.0173817 -0.00416535
0.000695514 -0.00416535 0.613479

0.0152712 -0.00352614 -0.0301949
-0.00352614 0.0277936 0.000468064
-0.0301949 0.000468064 0.238346

-0.00104527 0.000451961 -0.0197304
0.000451961 -0.0045847 -0.0063361
-0.0197304 -0.0063361 0.165089

0.0245867 0.00482952 -0.0135786
0.00482952 0.00442442 -0.0188203
-0.0135786 -0.0188203 0.277491

0.0461109 0.000424744 0.0126945
0.000424744 0.0291564 0.00584942
0.0126945 0.00584942 0.265736

0.0653392 0.000616238 0.00180991
0.000616238 0.053791 -0.0481181
0.00180991 -0.0481181 0.884004

-0.0129915 -0.00478542 -0.0270647
-0.00478542 0.00313816 0.00459544
-0.0270647 0.00459544 0.236562

0.0534829 -2.24201e-05 0.00295721
-2.24201e-05 0.0352397 0.0440744
0.00295721 0.0440744 0.865038

0.0226789 0.00486338 -0.0437445
0.00486338 0.000865683 -0.0103898
-0.0437445 -0.0103898 0.41853

0.0230457 0.00642545 0.00126812
0.00642545 0.00691995 0.0135181
0.00126812 0.0135181 0.0895743

-0.0401744 0.000786109 -0.0174364
0.000786109 -0.0290606 0.0362454
-0.0174364 0.0362454 0.40104

0.0517721 -0.00167074 0.0101639
-0.00167074 0.034776 -0.0120634
0.0101639 -0.0120634 0.299736

0.00500276 0.00143838 0.0336046
0.00143838 0.00261501 -0.0253696
0.0336046 -0.0253696 0.647974

0.0475064 0.00349752 0.00945408
0.00349752 0.0395734 -0.0534276
0.00945408 -0.0534276 0.87418

-0.0540129 -0.00304598 0.00609566
-0.00304598 -0.0455546 0.0590168
0.00609566 0.0590168 0.389624

-0.00293796 0.00164778 0.0146871
0.00164778 0.00728924 0.00793323
0.0146871 0.00793323 0.318731

0.0595211 0.00737664 -0.0167121
0.00737664 0.0344505 0.0255007
-0.0167121 0.0255007 0.238533

0.00447167 0.00132501 -0.00360117
0.00132501 0.00648057 0.0182919
-0.00360117 0.0182919 0.104309

0.0271898 -5.72975e-05 -0.0582119
-5.72975e-05 0.0211802 -0.0181596
-0.0582119 -0.0181596 0.636868

-0.0192893 0.00176514 -0.0029106
0.00176514 -0.0111297 -0.0143923
-0.0029106 -0.0143923 0.41945

0.0227019 -0.00154354 -0.0281109
-0.00154354 0.0251774 0.00117138
-0.0281109 0.00117138 0.237424

0.0330117 -0.00229575 0.0113324
-0.00229575 0.0207973 0.0477897
0.0113324 0.0477897 0.855649

0.0108766 -0.0065561 0.0112056
-0.0065561 0.016454 -0.00312066
0.0112056 -0.00312066 0.118171

0.0406858 -0.00156075 -0.00902303
-0.00156075 0.0405365 -0.00619746
-0.00902303 -0.00619746 0.15094

-0.00798108 -0.000146375 -0.0640593
-0.000146375 -0.0156312 0.0336001
-0.0640593 0.0336001 0.523992

0.0167177 -0.0208698 0.009994
-0.0208698 0.018433 -0.01255
0.009994 -0.01255 0.315056

-0.0229661 -0.00418399 -0.0196844
-0.00418399 -0.0446111 0.0135541
-0.0196844 0.0135541 0.271023

-0.0294646 -0.000630951 0.0196806
-0.000630951 -0.0303609 0.00786741
0.0196806 0.00786741 0.353717

-0.0502711 -0.00257301 -0.000752656
-0.00257301 -0.0409422 0.00202485
-0.000752656 0.00202485 0.334984

-0.0261738 -0.0025788 0.0251515
-0.0025788 -0.0422059 -0.008251
0.0251515 -0.008251 0.315623

0.0186512 -0.000445743 -0.0616941
-0.000445743 0.0178883 -0.0166037
-0.0616941 -0.0166037 0.631994

0.0202843 0.00177421 0.0163154
0.00177421 0.00135318 0.0120023
0.0163154 0.0120023 0.259906

-0.0249065 -0.00795319 -0.0246195
-0.00795319 -0.0366102 0.017934
-0.0246195 0.017934 0.290125

0.0377756 0.00135194 0.0344452
0.00135194 0.0410287 0.0493733
0.0344452 0.0493733 0.5356

0.0141887 -0.000463931 0.062076
-0.000463931 0.0244578 0.0375136
0.062076 0.0375136 0.505272

-0.0510944 0.00463059 -0.00202358
0.00463059 -0.0544193 -0.00227519
-0.00202358 -0.00227519 0.319815

-0.0108212 0.00200048 -0.0129062
0.00200048 -0.0174896 0.0117985
-0.0129062 0.0117985 0.317452

0.0201662 -0.00479732 -0.0517492
-0.00479732 0.0178431 -0.0129988
-0.0517492 -0.0129988 0.604185

-0.0515821 -0.00231344 0.00123387
-0.00231344 -0.0392235 -0.00571638
0.00123387 -0.00571638 0.327953

-0.00771793 -0.0185036 -0.00548664
-0.0185036 0.0197165 0.00218984
-0.00548664 0.00218984 0.309469

-0.0187274 -0.00304379 0.00546023
-0.00304379 -0.000188288 -0.00253091
0.00546023 -0.00253091 0.357948

-0.00517698 0.0186483 -0.0430849
0.0186483 0.00679632 0.00284004
-0.0430849 0.00284004 0.0818287

0.00471951 -0.00525785 -0.0103428
-0.00525785 -0.0189969 0.0239056
-0.0103428 0.0239056 0.0931715

0.00621869 0.000305088 0.00711483
0.000305088 0.010152 -0.00717336
0.00711483 -0.00717336 0.189902

0.0144042 0.00103778 0.0149921
0.00103778 0.0106312 -0.0114974
0.0149921 -0.0114974 0.145594

-0.0203655 -0.00101668 0.0212414
-0.00101668 -0.0109329 0.00259583
0.0212414 0.00259583 0.0533927

0.0485539 0.00487236 -0.0088563
0.00487236 0.0389922 0.0219726
-0.0088563 0.0219726 0.229582

-0.00934013 -0.0131362 0.0179468
-0.0131362 -0.0121798 -0.0194686
0.0179468 -0.0194686 0.378887

-0.00177991 0.00322658 -0.0184677
0.00322658 -0.00988179 -0.00736594
-0.0184677 -0.00736594 0.162359

-0.0385546 0.00599182 0.0281656
0.00599182 -0.048438 0.0147112
0.0281656 0.0147112 0.318834

-0.0152947 -0.00569951 0.010726
-0.00569951 -0.0249775 -0.00718012
0.010726 -0.00718012 0.361114

-0.0310786 0.00804032 0.0112598
0.00804032 -0.0306588 0.0105474
0.0112598 0.0105474 0.342075

-0.0503225 -0.0108499 0.00659043
-0.0108499 -0.0555883 -0.00869329
0.00659043 -0.00869329 0.281879

0.0158139 0.0030675 -0.0145574
0.0030675 0.00975483 -0.0209796
-0.0145574 -0.0209796 0.214505

-0.0334506 -0.00258614 -0.00361541
-0.00258614 -0.0371075 -0.0148167
-0.00361541 -0.0148167 0.233135

0.00813708 -0.00156887 -0.0166321
-0.00156887 0.00339203 -0.0135581
-0.0166321 -0.0135581 0.301696

0.0107979 -0.00241151 -0.07205
-0.00241151 0.0181716 -0.0534303
-0.07205 -0.0534303 0.498866

0.0205974 0.00331956 -0.0660987
0.00331956 0.0206632 -0.0491301
-0.0660987 -0.0491301 0.53757

-0.0370659 -0.000118243 -0.00401463
-0.000118243 -0.0303643 -0.00976451
-0.00401463 -0.00976451 0.38229

-0.0220829 0.000224757 0.0151919
0.000224757 -0.0334977 -0.00513354
0.0151919 -0.00513354 0.392671

-0.000838002 -0.00571153 -0.0147037
-0.00571153 0.00225277 0.00305874
-0.0147037 0.00305874 0.190271

0.00741902 -0.00517096 0.0242713
-0.00517096 -0.0107635 0.014995
0.0242713 0.014995 0.21662

-0.0251573 -0.00147722 -0.00322974
-0.00147722 -0.0208675 0.00337474
-0.00322974 0.00337474 0.397249

-0.0137404 -0.00592963 -0.0148165
-0.00592963 -0.0113455 0.0299517
-0.0148165 0.0299517 0.298016

0.00331243 0.00235911 0.0105717
0.00235911 -0.017873 0.0267842
0.0105717 0.0267842 0.0692901

0.000477919 0.00892673 -0.0491677
0.00892673 -0.0246545 -0.00374562
-0.0491677 -0.00374562 0.384795

0.00345882 -0.00115277 0.00455246
-0.00115277 0.00401819 0.041783
0.00455246 0.041783 0.520247

0.011261 -0.00311795 0.0143078
-0.00311795 -0.00247227 0.0214936
0.0143078 0.0214936 0.189151

0.00206545 -0.00275556 -0.0245509
-0.00275556 0.00735482 0.00124768
-0.0245509 0.00124768 0.205449

0.015464 -0.00278041 -0.0301259
-0.00278041 -0.00137061 0.0302417
-0.0301259 0.0302417 0.284941

-0.0238818 -0.00541514 -0.0138226
-0.00541514 -0.0140825 0.0229066
-0.0138226 0.0229066 0.273778

-0.00160203 -0.0038996 -0.0216697
-0.0038996 -0.0023167 0.033783
-0.0216697 0.033783 0.256479

0.0248313 -0.00933574 -0.0267801
-0.00933574 0.0248076 0.0124191
-0.0267801 0.0124191 0.418624

-0.0335955 0.0102001 0.0168595
0.0102001 -0.0351239 0.0182773
0.0168595 0.0182773 0.358465

-0.00979309 0.00671671 -0.00952125
0.00671671 -0.0364886 -0.0015007
-0.00952125 -0.0015007 0.319048

-0.042394 -0.0141196 -0.00423778
-0.0141196 -0.0364258 -0.00242376
-0.00423778 -0.00242376 0.302014

0.00815685 -0.0014425 -0.0250838
-0.0014425 0.0121998 -0.00030193
-0.0250838 -0.00030193 0.218534

0.0476871 0.00102138 -0.0131359
0.00102138 0.0516386 0.000999238
-0.0131359 0.000999238 0.224684

-0.0142654 -0.00389163 -0.0139657
-0.00389163 0.00288677 0.0321299
-0.0139657 0.0321299 0.282706

0.00988053 -0.00765981 -0.0121476
-0.00765981 0.00381361 -0.0146637
-0.0121476 -0.0146637 0.200183

0.0124338 -0.0122291 0.0145882
-0.0122291 -0.00716211 0.00967439
0.0145882 0.00967439 0.17197

-0.0363273 0.00244469 0.0102333
0.00244469 -0.0344418 0.0156338
0.0102333 0.0156338 0.344748

-0.0450614 0.00109392 0.00458502
0.00109392 -0.0395094 0.00100198
0.00458502 0.00100198 0.368589

-0.0197705 -0.000568643 -0.0112933
-0.000568643 -0.0153295 0.0353329
-0.0112933 0.0353329 0.423731

-0.0261145 -0.00375929 0.0161541
-0.00375929 -0.0360471 -0.00721351
0.0161541 -0.00721351 0.300374

-0.048227 0.0069163 0.0068528
0.0069163 -0.0495969 0.00893463
0.0068528 0.00893463 0.308588

-0.0139913 0.00677555 0.0397733
0.00677555 -0.0127732 -0.00102587
0.0397733 -0.00102587 0.255876

0.00999354 0.00817473 0.0064229
0.00817473 0.00175092 -0.00987914
0.0064229 -0.00987914 0.270505

0.00036413 -0.00313085 0.0382261
-0.00313085 -0.00381698 -0.0020433
0.0382261 -0.0020433 0.301796

0.0201412 -0.00168805 -0.0151789
-0.00168805 0.00203427 -0.00409147
-0.0151789 -0.00409147 0.181403

-0.0110474 -0.0018828 -0.0249775
-0.0018828 -0.000203426 -0.00870216
-0.0249775 -0.00870216 0.16121

0.00309339 0.00148055 0.0137416
0.00148055 -0.000430366 0.0258224
0.0137416 0.0258224 0.450323

-0.00112658 -0.00440473 0.0048578
-0.00440473 0.00649887 -0.0395852
0.0048578 -0.0395852 0.273836

-0.0197415 -0.0142438 0.0203865
-0.0142438 -0.0144786 -0.0275951
0.0203865 -0.0275951 0.27254

0.0277633 0.00788926 0.0224941
0.00788926 0.0367979 -0.0222193
0.0224941 -0.0222193 0.267711

0.0213544 -0.000649753 0.0375849
-0.000649753 0.0149572 0.000566917
0.0375849 0.000566917 0.279929

-0.0322727 -0.00576653 0.00925845
-0.00576653 -0.0346559 -0.0104685
0.00925845 -0.0104685 0.367892

0.0315797 -0.000107357 -0.0430373
-0.000107357 0.0328456 -0.031461
-0.0430373 -0.031461 0.777406

-0.0195672 0.0115679 0.00266539
0.0115679 0.00554548 0.00113631
0.00266539 0.00113631 0.341205

0.01718 0.00518034 -0.0135425
0.00518034 0.0154849 -0.0091663
-0.0135425 -0.0091663 0.168114

0.0165493 0.00327872 0.0221776
0.00327872 0.00744169 -0.0401606
0.0221776 -0.0401606 0.674798

0.00513529 0.000603406 0.0172062
0.000603406 0.00304619 0.0340161
0.0172062 0.0340161 0.537036

-0.0276609 0.0169663 -0.00686917
0.0169663 -0.0223065 0.0080746
-0.00686917 0.0080746 0.295787

-0.0348525 -0.00965046 -0.010187
-0.00965046 -0.0132225 0.0118652
-0.010187 0.0118652 0.340817

-0.0172705 -0.012445 -0.0143577
-0.012445 -0.00961247 0.0173262
-0.0143577 0.0173262 0.30823

-0.000553685 0.00269992 -0.054927
0.00269992 0.00298864 -0.00208064
-0.054927 -0.00208064 0.589099

0.0205782 -0.00350877 0.0500397
-0.00350877 0.0111577 -0.0277276
0.0500397 -0.0277276 0.465756

0.018832 -0.00334101 0.0403754
-0.00334101 0.0140506 0.0362133
0.0403754 0.0362133 0.639617

-0.0286391 -0.00425376 -0.00872876
-0.00425376 -0.00959802 -0.0104257
-0.00872876 -0.0104257 0.340101

0.00344694 -0.00419213 0.00300228
-0.00419213 -0.00591455 0.0301328
0.00300228 0.0301328 0.0725566

0.0324907 -0.00548044 0.00246723
-0.00548044 0.0208482 0.00974993
0.00246723 0.00974993 0.0652693

-0.0161276 0.00424821 -0.0356075
0.00424821 -0.00876025 0.0195447
-0.0356075 0.0195447 0.205841

-0.0257062 -0.00826996 -0.0269346
-0.00826996 -0.0175736 0.0084384
-0.0269346 0.0084384 0.283527

-0.00951588 0.00861095 -0.0153458
0.00861095 -0.000674751 -0.0477591
-0.0153458 -0.0477591 0.414933

0.0195036 0.00141979 -0.00688402
0.00141979 0.0112603 -0.0279902
-0.00688402 -0.0279902 0.654911

-0.046766 -0.000928687 -0.000516946
-0.000928687 -0.0506581 -0.000556687
-0.000516946 -0.000556687 0.384419

-0.00421347 0.00844933 -0.0144526
0.00844933 -0.042886 -0.00873802
-0.0144526 -0.00873802 0.310949

-0.0330887 -0.0012246 -0.0553881
-0.0012246 -0.0409868 -0.00554434
-0.0553881 -0.00554434 0.431491

0.0487428 -0.00491194 -0.00111328
-0.00491194 0.0277357 -0.011163
-0.00111328 -0.011163 0.224809

-0.0213243 -0.0189948 0.0160307
-0.0189948 -0.0370153 -0.00939927
0.0160307 -0.00939927 0.305517

0.0435237 -0.00534798 0.05072
-0.00534798 0.0362167 -0.0190148
0.05072 -0.0190148 0.507061

-0.0312632 0.00197516 0.0103345
0.00197516 -0.0288234 -0.00133995
0.0103345 -0.00133995 0.0943606

0.025222 0.00379996 0.0208795
0.00379996 0.0205427 0.00323979
0.0208795 0.00323979 0.185937

0.0237696 -0.013751 0.0146328
-0.013751 0.0108838 0.0188091
0.0146328 0.0188091 0.915623

-0.0161116 -0.0043046 0.0219807
-0.0043046 -0.0111722 0.0162462
0.0219807 0.0162462 0.17837

0.0107309 0.00383757 0.031833
0.00383757 0.0127993 0.0362158
0.031833 0.0362158 0.526022

0.014627 -0.0063387 0.0157261
-0.0063387 0.00988667 0.0174926
0.0157261 0.0174926 0.235908

-0.0431673 0.00534831 0.00733749
0.00534831 -0.0454324 0.00592325
0.00733749 0.00592325 0.319987

0.0150894 0.00290671 -0.00012518
0.00290671 0.00784345 -0.0225599
-0.00012518 -0.0225599 0.164776

0.0540803 0.00317601 0.00153406
0.00317601 0.0602129 0.00215534
0.00153406 0.00215534 0.755244

0.0147116 0.000352343 -0.00634461
0.000352343 0.0108709 0.0577415
-0.00634461 0.0577415 0.662521

0.0317851 -0.000212379 -0.00294954
-0.000212379 0.0301537 0.0516541
-0.00294954 0.0516541 0.720578

0.00948169 0.000702474 -0.0168901
0.000702474 0.00354699 -0.031938
-0.0168901 -0.031938 0.641607

-0.00776804 2.24058e-05 0.00131733
2.24058e-05 -0.00270778 0.0345887
0.00131733 0.0345887 0.496862

0.01806 -0.00478291 0.00584643
-0.00478291 0.0152157 -0.0298391
0.00584643 -0.0298391 0.564246

0.0237361 0.000972935 0.0337796
0.000972935 0.0284903 -0.0267279
0.0337796 -0.0267279 0.653283

-0.00864181 -0.0044146 0.00764905
-0.0044146 -0.00631828 0.0311247
0.00764905 0.0311247 0.19879

-0.0222723 -0.00656982 -0.0158102
-0.00656982 -0.0141403 0.00368999
-0.0158102 0.00368999 0.285148

0.00798658 0.00388382 -0.01257
0.00388382 -0.000205975 0.0193937
-0.01257 0.0193937 0.100236

-0.0235358 0.00501033 0.0229666
0.00501033 -0.0136684 0.0133169
0.0229666 0.0133169 0.271708

0.0089157 -0.00102552 -0.0527254
-0.00102552 0.00608233 -0.014539
-0.0527254 -0.014539 0.577183

-0.0287094 -0.010507 0.00703947
-0.010507 -0.00595171 -0.0259814
0.00703947 -0.0259814 0.313197

0.0162283 -0.000741287 -0.0314163
-0.000741287 0.0185361 -0.0279393
-0.0314163 -0.0279393 0.614412

0.00278073 -0.00161339 -0.0249443
-0.00161339 0.0093298 -0.00214074
-0.0249443 -0.00214074 0.206946

-0.0103624 -0.00187898 0.00277998
-0.00187898 -0.0102572 -0.0252999
0.00277998 -0.0252999 0.420288

0.0437646 -0.00461431 -0.00623079
-0.00461431 0.0362521 -0.00604419
-0.00623079 -0.00604419 0.257058

0.00460527 -0.00708163 0.0125629
-0.00708163 0.00603488 -0.00318205
0.0125629 -0.00318205 0.121226

0.040552 -0.0134863 0.013799
-0.0134863 0.0307891 0.0106586
0.013799 0.0106586 0.208846

-0.0152843 0.00305989 0.0192707
0.00305989 -0.012466 0.0135627
0.0192707 0.0135627 0.431066

-0.0440225 0.00116611 0.0342554
0.00116611 -0.0503488 0.00675825
0.0342554 0.00675825 0.398731

-0.0322475 -0.00264656 0.0109133
-0.00264656 -0.0312197 -0.013459
0.0109133 -0.013459 0.388474

0.012538 -0.00319099 0.00474031
-0.00319099 0.0302807 -0.0181051
0.00474031 -0.0181051 0.189531

0.0268781 0.00132641 -0.0167223
0.00132641 0.0289552 0.0205164
-0.0167223 0.0205164 0.675514

0.0260335 0.00325962 0.0401514
0.00325962 0.019508 -0.0175691
0.0401514 -0.0175691 0.641756

-0.0386443 0.00418945 0.00944055
0.00418945 -0.0388665 0.011027
0.00944055 0.011027 0.345799

-0.00814987 -0.00290908 0.0592408
-0.00290908 -0.0055468 0.0285588
0.0592408 0.0285588 0.478007

-0.00828691 -0.00309664 0.0136323
-0.00309664 -0.000209272 0.00886022
0.0136323 0.00886022 0.190809

-0.0298146 0.00285398 0.000968683
0.00285398 -0.0242295 0.0121328
0.000968683 0.0121328 0.178204

-0.00163384 -0.0085896 -0.0201789
-0.0085896 -0.0132636 0.0114682
-0.0201789 0.0114682 0.327108

0.0115963 -0.00102271 -0.00781954
-0.00102271 0.0192371 0.0074128
-0.00781954 0.0074128 0.16943

-0.00951129 0.00536896 -0.0110201
0.00536896 -0.0219528 0.00082711
-0.0110201 0.00082711 0.184128

0.00815721 -0.0055624 -0.0311912
-0.0055624 0.0116933 -0.00369271
-0.0311912 -0.00369271 0.185537

-0.0368495 0.00222693 -0.0152365
0.00222693 -0.036625 -0.00870399
-0.0152365 -0.00870399 0.393902

0.00405504 -0.00597814 -0.0143547
-0.00597814 -0.0047954 0.0107247
-0.0143547 0.0107247 0.17017

0.0363882 0.000690523 -0.0142221
0.000690523 0.0414724 0.00264446
-0.0142221 0.00264446 0.736741

-0.0573763 -0.0014081 -0.0279955
-0.0014081 -0.0341316 0.00852861
-0.0279955 0.00852861 0.240382

0.0174039 0.00096969 -0.0146639
0.00096969 0.0423435 -0.0440435
-0.0146639 -0.0440435 0.436742

0.0304962 -0.00322817 -0.00279795
-0.00322817 0.0246562 0.0562673
-0.00279795 0.0562673 0.708042

0.0490186 0.00749337 -0.0475814
0.00749337 0.0406009 -0.045863
-0.0475814 -0.045863 0.635534

0.00286125 -0.00321961 0.00672996
-0.00321961 0.00865064 0.0122386
0.00672996 0.0122386 0.0587366

-0.0418996 -0.0107072 0.0139283
-0.0107072 -0.0326574 -0.0227519
0.0139283 -0.0227519 0.311373

0.0713815 -0.00301643 -0.00739453
-0.00301643 0.0752645 -0.00502572
-0.00739453 -0.00502572 0.249711

0.0208144 0.00143756 -0.00743183
0.00143756 0.0149532 0.0575288
-0.00743183 0.0575288 0.702946

0.0306666 -0.00341305 0.0160515
-0.00341305 0.029614 -0.00636211
0.0160515 -0.00636211 0.223301

-0.0204743 -0.00254306 0.00131641
-0.00254306 -0.0153515 -0.0318597
0.00131641 -0.0318597 0.39892

-0.055556 0.00136255 0.000481751
0.00136255 -0.0373213 0.00665366
0.000481751 0.00665366 0.121797

0.0230694 -0.000755595 -0.0528095
-0.000755595 0.0218497 -0.018303
-0.0528095 -0.018303 0.632741

0.0288367 -0.00348385 -0.0537073
-0.00348385 0.0267549 -0.0152399
-0.0537073 -0.0152399 0.618308

-0.0312997 -0.0037171 0.0135699
-0.0037171 -0.012594 -0.020031
0.0135699 -0.020031 0.301036

-0.0365277 -0.00608154 0.00572782
-0.00608154 -0.0322091 -0.0276575
0.00572782 -0.0276575 0.376941

0.0215436 -0.0118486 -0.00312211
-0.0118486 0.00245195 -0.0376833
-0.00312211 -0.0376833 0.237244

0.0259001 -0.000305756 -0.0100783
-0.000305756 0.0180621 -0.0407683
-0.0100783 -0.0407683 0.691769

0.00252821 -0.00387412 -0.0161863
-0.00387412 -0.00896532 -0.0363395
-0.0161863 -0.0363395 0.656213

0.00523536 5.97107e-05 -0.00420782
5.97107e-05 -0.00599282 -0.0546009
-0.00420782 -0.0546009 0.65876

0.0186271 -0.00282473 -0.0356195
-0.00282473 0.0285879 -0.00741042
-0.0356195 -0.00741042 0.727004

-0.0311394 -0.0104682 0.00525466
-0.0104682 -0.0184027 -0.0191906
0.00525466 -0.0191906 0.353134

-0.0487185 -0.014071 0.00893388
-0.014071 -0.0454948 -0.00156284
0.00893388 -0.00156284 0.286565

-0.0243 -0.0117833 -0.00335743
-0.0117833 -0.0242344 -0.00490743
-0.00335743 -0.00490743 0.360304

-0.0611813 -0.0143463 -0.0169714
-0.0143463 -0.0634873 0.00828704
-0.0169714 0.00828704 0.297298

-0.00486827 0.00237072 -0.0073104
0.00237072 -0.00262537 0.0309011
-0.0073104 0.0309011 0.49345

-0.0111985 0.00036393 -0.0432812
0.00036393 -0.0150394 -0.0349366
-0.0432812 -0.0349366 0.543591

-0.00866204 -0.0115705 0.01089
-0.0115705 0.0035544 -0.0150607
0.01089 -0.0150607 0.364964

-0.00658868 -0.00149374 -0.0427137
-0.00149374 0.00630506 -0.0040048
-0.0427137 -0.0040048 0.648045

0.0139272 -0.00517708 -0.0129365
-0.00517708 0.0104587 -0.0182276
-0.0129365 -0.0182276 0.244043

-0.00945561 0.000790014 0.0126179
0.000790014 -0.0357846 -0.000246569
0.0126179 -0.000246569 0.353769

-0.00614313 -0.000707355 -0.00529134
-0.000707355 -0.00692956 -0.0101384
-0.00529134 -0.0101384 0.441775

-0.015703 -0.0107684 0.000795003
-0.0107684 -0.00856544 0.0011729
0.000795003 0.0011729 0.378453

0.0455334 0.000150226 -0.0155539
0.000150226 0.0358153 -0.0568569
-0.0155539 -0.0568569 0.774046

0.0127013 0.00221439 -0.0236853
0.00221439 0.0102366 0.00551086
-0.0236853 0.00551086 0.516203

0.0133129 0.00533649 -0.0461155
0.00533649 0.0153528 -0.0716119
-0.0461155 -0.0716119 0.509645

-0.0614132 0.0040444 0.00206437
0.0040444 -0.0574202 -0.000590903
0.00206437 -0.000590903 0.328526

-0.036021 0.00161551 -0.000835283
0.00161551 -0.0310501 -0.0290701
-0.000835283 -0.0290701 0.387646

-0.0249779 0.0220433 -0.0127543
0.0220433 -0.0367131 0.0155286
-0.0127543 0.0155286 0.297336

-0.0175004 -0.010274 0.0225832
-0.010274 -0.00380576 -0.0107293
0.0225832 -0.0107293 0.34997

0.0172739 0.00259347 0.00902911
0.00259347 0.0143111 -0.0262666
0.00902911 -0.0262666 0.496995

-0.00359349 -0.00427966 -0.0138285
-0.00427966 0.00493712 0.0343258
-0.0138285 0.0343258 0.286486

-0.0289344 -0.00583221 0.00806794
-0.00583221 -0.0310987 -0.0202011
0.00806794 -0.0202011 0.394965

-0.00119104 3.6519e-05 -0.0527075
3.6519e-05 -0.00225022 0.0468037
-0.0527075 0.0468037 0.457548

0.0246734 -0.00742855 -0.0368619
-0.00742855 0.0303849 0.000732665
-0.0368619 0.000732665 0.245132

0.00145173 -0.0027536 -0.0237082
-0.0027536 0.013828 0.00122514
-0.0237082 0.00122514 0.214906

0.0351111 -0.00307225 -0.0173672
-0.00307225 0.0457453 0.0466143
-0.0173672 0.0466143 0.562429

-0.00685506 -0.00423148 -0.0507567
-0.00423148 -0.00763853 -0.0225191
-0.0507567 -0.0225191 0.450126

0.00245691 0.00706934 -0.0337723
0.00706934 -0.017035 -0.0045878
-0.0337723 -0.0045878 0.372023

0.0115935 -0.00167246 -0.0573551
-0.00167246 0.00689215 -0.00932612
-0.0573551 -0.00932612 0.575704

0.0294224 0.00271963 -0.011696
0.00271963 0.0188212 -0.0297007
-0.011696 -0.0297007 0.663324

0.0101466 -0.00965872 -0.0291937
-0.00965872 -0.0110396 0.0116357
-0.0291937 0.0116357 0.394442

-0.0232251 0.00819363 0.0177225
0.00819363 -0.0186743 0.0219689
0.0177225 0.0219689 0.29189

-0.0355618 -0.00309239 -0.0110886
-0.00309239 -0.0109544 0.00715142
-0.0110886 0.00715142 0.317343

0.000830201 -0.0108422 -0.0182187
-0.0108422 0.00216308 0.0198637
-0.0182187 0.0198637 0.38514

0.001359 -0.0117307 -0.0127622
-0.0117307 0.0138823 0.0358517
-0.0127622 0.0358517 0.447694

-0.060568 0.00342034 0.0130294
0.00342034 -0.0404479 0.022368
0.0130294 0.022368 0.271133

0.0270554 -0.0089682 -0.00927688
-0.0089682 0.0420446 0.0160727
-0.00927688 0.0160727 0.474594

0.0171762 0.00557304 -0.00292218
0.00557304 0.0181979 -0.0184474
-0.00292218 -0.0184474 0.191239

-0.0505534 -0.00850866 -0.0128885
-0.00850866 -0.0363577 0.0238559
-0.0128885 0.0238559 0.345742

-3.48423e-06 0.00278067 -0.000238146
0.00278067 0.00204428 -0.00762075
-0.000238146 -0.00762075 0.460206

-0.0144967 0.00502155 -0.053342
0.00502155 -0.0164575 -0.0387049
-0.053342 -0.0387049 0.373876

0.0210877 -0.000634799 -0.0712765
-0.000634799 0.00961064 0.0161293
-0.0712765 0.0161293 0.491536

-0.0463512 -0.0106173 0.00133805
-0.0106173 -0.0362048 0.0145719
0.00133805 0.0145719 0.32388

-0.0194262 -0.00729808 -0.00819745
-0.00729808 -0.0604749 0.0205001
-0.00819745 0.0205001 0.289837

-0.0257735 -0.00856514 -0.0062783
-0.00856514 -0.0358632 0.00109992
-0.0062783 0.00109992 0.349535

0.0163121 -0.000673611 -0.0233453
-0.000673611 0.0346307 0.0018272
-0.0233453 0.0018272 0.194168

-0.0396639 -0.00979867 -0.00724032
-0.00979867 -0.0442907 -0.00346046
-0.00724032 -0.00346046 0.320428

-0.0127257 0.0122346 0.0236023
0.0122346 -0.00836142 0.0256679
0.0236023 0.0256679 0.295378

0.0415141 9.88236e-05 -0.0169803
9.88236e-05 0.0451365 0.00454082
-0.0169803 0.00454082 0.741372

0.0275925 0.00204264 -0.0360594
0.00204264 0.0273777 -0.0196552
-0.0360594 -0.0196552 0.488046

-0.0295129 0.00460019 -0.0280295
0.00460019 -0.0237614 -0.00936705
-0.0280295 -0.00936705 0.38335

0.0373674 0.00430315 0.00930317
0.00430315 0.048848 -0.0219427
0.00930317 -0.0219427 0.337263

0.00305737 0.00677397 -0.0358266
0.00677397 -0.00371125 -0.00869812
-0.0358266 -0.00869812 0.423274

-0.0311314 -0.00363235 0.0143151
-0.00363235 -0.0420511 -0.00356691
0.0143151 -0.00356691 0.363627

-0.0559952 -0.0227635 0.0207967
-0.0227635 -0.0243111 -0.0144414
0.0207967 -0.0144414 0.30782

-0.016535 0.00419759 0.00320935
0.00419759 -0.0061128 -0.0128594
0.00320935 -0.0128594 0.380946

-0.0155041 -0.00549615 0.0139653
-0.00549615 0.00905078 -0.00570114
0.0139653 -0.00570114 0.363073

0.000845442 0.00940489 0.022338
0.00940489 -0.00574481 0.0206926
0.022338 0.0206926 0.347018

-0.0147166 0.00440023 0.0150431
0.00440023 -0.0283839 0.0124211
0.0150431 0.0124211 0.32399

-0.0563904 0.00250417 0.00636371
0.00250417 -0.0582673 0.00229398
0.00636371 0.00229398 0.32609

-0.0120634 0.019341 0.0122146
0.019341 0.0076629 0.013281
0.0122146 0.013281 0.34228

-0.0219025 -0.00170153 0.0211434
-0.00170153 -0.0272867 -0.00627617
0.0211434 -0.00627617 0.322048

0.0318972 -0.00383906 -0.0194256
-0.00383906 0.0493005 -0.0035695
-0.0194256 -0.0035695 0.209985

-0.0496145 -0.000634148 -0.00730892
-0.000634148 -0.0593917 -0.00349628
-0.00730892 -0.00349628 0.362099

0.00759101 0.00296601 -0.0382328
0.00296601 0.014244 0.0230901
-0.0382328 0.0230901 0.670508

0.0133932 0.00590258 -0.0473173
0.00590258 0.0233978 0.0435054
-0.0473173 0.0435054 0.722452

0.0203423 0.00192058 -0.00272642
0.00192058 0.0122507 -0.021056
-0.00272642 -0.021056 0.651145

-0.0224534 0.0146052 0.024873
0.0146052 -0.0193212 0.0216799
0.024873 0.0216799 0.335538

0.021792 -9.09628e-05 -0.0187536
-9.09628e-05 0.0194539 0.00535507
-0.0187536 0.00535507 0.539135

-0.0355434 0.00540537 -0.00914387
0.00540537 -0.0513032 -0.00208604
-0.00914387 -0.00208604 0.27525

-0.00928834 -0.0041335 -0.0184762
-0.0041335 0.000299889 0.0189292
-0.0184762 0.0189292 0.296889

-0.0159744 -0.00142132 0.0212042
-0.00142132 -0.0118255 -0.00919063
0.0212042 -0.00919063 0.420393

-0.0247641 -0.00278794 0.0209807
-0.00278794 -0.0259634 -0.0129032
0.0209807 -0.0129032 0.411466

-0.0134985 0.00688351 0.0042691
0.00688351 -0.0272858 0.020303
0.0042691 0.020303 0.294162

-0.0528793 0.0026276 0.00172734
0.0026276 -0.0471279 0.000786066
0.00172734 0.000786066 0.329616

-0.0165506 -0.00877394 0.0169941
-0.00877394 0.00120765 -0.0259544
0.0169941 -0.0259544 0.308703

0.0109495 9.22239e-05 0.0152264
9.22239e-05 0.0067743 0.0350385
0.0152264 0.0350385 0.540122

-0.0341838 -0.00955542 0.0088518
-0.00955542 -0.00222474 -0.0321543
0.0088518 -0.0321543 0.303466

-0.0197014 -0.00351187 -0.0466865
-0.00351187 -0.0269389 0.0254373
-0.0466865 0.0254373 0.40607

0.0274414 0.00245007 -0.0473898
0.00245007 0.0308145 0.0458361
-0.0473898 0.0458361 0.697203

0.00403904 -0.00142886 0.0224994
-0.00142886 0.0106448 0.00879149
0.0224994 0.00879149 0.324259

-0.00367487 0.0013081 0.0374406
0.0013081 -0.00984781 -0.00435588
0.0374406 -0.00435588 0.252636

0.0437877 0.00371732 -0.0151033
0.00371732 0.0476613 0.000146945
-0.0151033 0.000146945 0.207958

0.00692632 -0.00306759 0.033612
-0.00306759 0.00999634 -0.016303
0.033612 -0.016303 0.289734

0.0101266 -0.00162828 0.0295659
-0.00162828 0.00962703 -0.0201704
0.0295659 -0.0201704 0.285565

0.00482451 -0.00382912 0.00968927
-0.00382912 -0.00500643 0.00323838
0.00968927 0.00323838 0.176344

-0.0468005 0.00556382 0.00449343
0.00556382 -0.0514339 0.00478536
0.00449343 0.00478536 0.338469

0.00423545 0.0015048 0.0272608
0.0015048 0.00367059 0.0110117
0.0272608 0.0110117 0.244451

0.0234332 -0.000540952 -0.0434837
-0.000540952 0.0217503 0.0287959
-0.0434837 0.0287959 0.684734

0.00534129 -0.00403812 -0.00753228
-0.00403812 0.00888203 -0.0233807
-0.00753228 -0.0233807 0.153768

-0.0189656 0.000146363 0.0200378
0.000146363 -0.0140588 0.0122802
0.0200378 0.0122802 0.415189

0.0264926 -0.00195534 -0.0109033
-0.00195534 0.0313443 0.028564
-0.0109033 0.028564 0.522624

-0.00809381 -0.00642135 0.0281607
-0.00642135 -0.00969257 -0.0168887
0.0281607 -0.0168887 0.249546

0.01667 -0.00152687 0.0202932
-0.00152687 0.0118666 -0.0218029
0.0202932 -0.0218029 0.285315

-0.0202976 -0.00262784 0.0108274
-0.00262784 -0.0267079 -0.00326076
0.0108274 -0.00326076 0.174448

0.00080658 -0.00493503 0.00958896
-0.00493503 -0.00699802 -0.00189245
0.00958896 -0.00189245 0.113997

0.0210906 0.00235953 -0.0391584
0.00235953 0.0239675 0.0250393
-0.0391584 0.0250393 0.739368

0.00294578 0.00606364 0.0214326
0.00606364 0.00555294 -0.00826858
0.0214326 -0.00826858 0.164714

-0.000842005 0.00779213 0.0266821
0.00779213 0.00916181 -0.021399
0.0266821 -0.021399 0.221909

0.0167602 -0.00186886 -0.0270305
-0.00186886 0.0203502 0.00177836
-0.0270305 0.00177836 0.226355

0.0198884 0.00176778 0.00995525
0.00176778 0.0356562 0.00721846
0.00995525 0.00721846 0.195447

0.0347323 -0.00909527 0.0076302
-0.00909527 0.0276688 0.0165789
0.0076302 0.0165789 0.232172

-0.0272611 0.00743124 -0.00853403
0.00743124 -0.0210984 -0.0428069
-0.00853403 -0.0428069 0.383359

-0.0622696 0.000140386 0.000562839
0.000140386 -0.0562848 0.00168556
0.000562839 0.00168556 0.331743

0.0315608 -0.000798798 0.0188931
-0.000798798 0.0310322 -0.00667657
0.0188931 -0.00667657 0.185069

0.0350033 0.000690597 0.0221802
0.000690597 0.0359705 -0.00239803
0.0221802 -0.00239803 0.569466

0.00712702 0.00593714 0.019212
0.00593714 0.0341247 -0.0182219
0.019212 -0.0182219 0.263188

0.00766932 -0.00550725 0.00858354
-0.00550725 -0.000819853 0.00340388
0.00858354 0.00340388 0.103639

0.0150615 0.00128792 -0.00302978
0.00128792 0.004973 0.0218791
-0.00302978 0.0218791 0.202443

-0.0409635 -0.00401973 0.0127485
-0.00401973 -0.0211356 -0.0138677
0.0127485 -0.0138677 0.283423

-0.0107447 0.00205485 -0.0022498
0.00205485 -0.0254543 -0.067108
-0.0022498 -0.067108 0.582141

-0.0160354 0.00818204 0.0056585
0.00818204 -0.00886012 -0.0293099
0.0056585 -0.0293099 0.279545

0.014751 0.00406117 0.0452469
0.00406117 0.0207048 -0.0426474
0.0452469 -0.0426474 0.663425

-0.0277744 0.00330438 -0.00539505
0.00330438 -0.0234109 -0.0115824
-0.00539505 -0.0115824 0.389194

0.017047 -0.00203833 -0.017698
-0.00203833 0.0118247 -0.00866438
-0.017698 -0.00866438 0.189474

-0.0163094 0.00124838 0.0548315
0.00124838 -0.0138602 0.0162178
0.0548315 0.0162178 0.522591

0.0190902 -0.00125043 -0.00273689
-0.00125043 0.00818809 0.0230244
-0.00273689 0.0230244 0.204129

0.0590001 -6.06132e-08 0.000820748
-6.06132e-08 0.0590003 -0.00208298
0.000820748 -0.00208298 0.715585

-0.0180676 0.000155999 0.00477264
0.000155999 -0.0135591 -0.0113548
0.00477264 -0.0113548 0.353742

-0.0558071 -0.0098172 0.00912337
-0.0098172 -0.0386186 -0.00451249
0.00912337 -0.00451249 0.335892

0.0262279 0.0137753 -0.0147843
0.0137753 0.00866943 0.0189361
-0.0147843 0.0189361 0.884838

0.0174416 0.000351118 -0.00615154
0.000351118 0.0174548 3.12626e-05
-0.00615154 3.12626e-05 0.598729

0.050648 8.30321e-05 -0.00488967
8.30321e-05 0.0567777 -0.000891575
-0.00488967 -0.000891575 0.740803

0.0229768 -0.00531453 0.00807652
-0.00531453 0.00831931 0.025002
0.00807652 0.025002 0.206931

-0.0355948 0.00385647 -0.0154372
0.00385647 -0.0343073 -0.0141213
-0.0154372 -0.0141213 0.367482

-0.0107099 -0.00517734 -0.0466521
-0.00517734 -0.0117716 0.0215424
-0.0466521 0.0215424 0.414719

-0.0580105 -0.015129 -0.0026915
-0.015129 -0.0459023 -0.000356376
-0.0026915 -0.000356376 0.26496

-0.0213976 0.00470627 0.0204255
0.00470627 -0.0331772 -0.00871543
0.0204255 -0.00871543 0.315289

-0.0468992 -0.00170247 0.00363532
-0.00170247 -0.0476768 -0.00129064
0.00363532 -0.00129064 0.381706

-0.00450787 0.00352872 0.0462354
0.00352872 -0.0223088 0.0204953
0.0462354 0.0204953 0.377868

0.00523976 0.00311351 -0.0331747
0.00311351 0.0066539 0.000723725
-0.0331747 0.000723725 0.231089

-0.00403676 0.000658884 -0.0243439
0.000658884 0.00708226 -0.00486795
-0.0243439 -0.00486795 0.196928

-0.013292 -0.00187728 -0.0465578
-0.00187728 -0.015798 0.0222442
-0.0465578 0.0222442 0.41232

-0.0390869 0.0106797 -0.00183057
0.0106797 -0.0297458 -0.0491595
-0.00183057 -0.0491595 0.378637

-0.00572747 -0.000705562 0.0196316
-0.000705562 0.00122248 -0.0122526
0.0196316 -0.0122526 0.467218

-0.000565105 0.00781688 -0.0334622
0.00781688 -0.00107205 -0.03869
-0.0334622 -0.03869 0.41424

0.00168439 0.00453509 -0.0204768
0.00453509 0.00170902 -0.0157371
-0.0204768 -0.0157371 0.428438

0.0204456 8.4834e-05 -0.0412622
8.4834e-05 0.0178841 0.0279323
-0.0412622 0.0279323 0.666605

0.018795 0.00207593 -0.00524381
0.00207593 0.0194414 -0.0058787
-0.00524381 -0.0058787 0.517769

0.0456293 -0.00100167 -0.00205572
-0.00100167 0.0427142 0.00736166
-0.00205572 0.00736166 0.702879

0.0241851 -0.00265329 0.0072273
-0.00265329 0.00717245 0.0242787
0.0072273 0.0242787 0.207553

-0.0447987 0.0007202 0.00189071
0.0007202 -0.0481863 -0.00178422
0.00189071 -0.00178422 0.384516

-0.0233232 0.00514796 0.00641702
0.00514796 0.00101882 -0.00861154
0.00641702 -0.00861154 0.178658

0.0292374 -0.00201265 -0.0294208
-0.00201265 0.0288472 0.0485823
-0.0294208 0.0485823 0.571116

-0.0347464 0.00709992 -0.0114374
0.00709992 -0.0508621 -0.00131038
-0.0114374 -0.00131038 0.281684

-0.0405504 -0.000633084 0.0107218
-0.000633084 -0.0509547 -0.00307952
0.0107218 -0.00307952 0.33953

-0.00519981 -0.00834772 -0.0176555
-0.00834772 -0.0142188 0.00809948
-0.0176555 0.00809948 0.386683

-0.0237396 -0.0130677 -0.0147436
-0.0130677 -0.0372617 0.00196358
-0.0147436 0.00196358 0.366511

-0.0461012 -0.00956298 0.00115437
-0.00956298 -0.0353728 0.00047379
0.00115437 0.00047379 0.27345

0.00361252 -0.000397284 -0.0322219
-0.000397284 0.00996693 0.0042095
-0.0322219 0.0042095 0.623628

-0.0488245 -0.00319554 -0.0126331
-0.00319554 -0.0491 0.00295394
-0.0126331 0.00295394 0.353244

-0.020256 -0.00176179 -0.045125
-0.00176179 -0.0221786 0.0216156
-0.045125 0.0216156 0.401685

-0.0245924 -0.00269052 0.0169153
-0.00269052 -0.0292341 0.00753847
0.0169153 0.00753847 0.383088

0.0131127 -0.00429987 -0.0342994
-0.00429987 0.00224777 0.0209108
-0.0342994 0.0209108 0.335819

0.0173881 0.00174224 -0.000309263
0.00174224 0.0170106 -0.00381484
-0.000309263 -0.00381484 0.616254

-0.00116662 -0.00149292 -0.0323099
-0.00149292 -0.0117146 0.0123332
-0.0323099 0.0123332 0.272861

0.0248306 -0.00921197 -0.034832
-0.00921197 0.0322391 -0.0180535
-0.034832 -0.0180535 0.242317

-0.0245473 0.00561957 0.00865499
0.00561957 -0.0312778 0.0208866
0.00865499 0.0208866 0.269764

-0.00149741 -0.00540916 -0.033695
-0.00540916 -0.0138401 0.00888511
-0.033695 0.00888511 0.26271

0.0322972 0.000426849 -0.00335932
0.000426849 0.0193124 0.0272098
-0.00335932 0.0272098 0.234189

0.00965213 -0.00579849 -0.0219337
-0.00579849 0.0277957 -0.0115481
-0.0219337 -0.0115481 0.220085

0.0274276 -0.000326628 -0.0318858
-0.000326628 0.0297862 0.0141378
-0.0318858 0.0141378 0.290888

0.0126963 0.000433056 -0.0224165
0.000433056 0.0162926 0.00730343
-0.0224165 0.00730343 0.614825

-0.0397035 0.00599982 0.0151064
0.00599982 -0.0484379 -0.0015053
0.0151064 -0.0015053 0.254198

0.028555 -0.0014184 -0.00386579
-0.0014184 0.00692298 0.0303054
-0.00386579 0.0303054 0.205202

0.00554804 -6.46107e-05 -0.00764509
-6.46107e-05 0.00236559 0.0183832
-0.00764509 0.0183832 0.0981046

0.0105057 -0.000376751 -0.000382616
-0.000376751 0.0130235 -0.0120242
-0.000382616 -0.0120242 0.209545

-0.00168575 -0.00152224 -0.0293607
-0.00152224 0.00496925 0.0123474
-0.0293607 0.0123474 0.201855

-0.00644064 -0.00258171 -0.0343228
-0.00258171 0.00327972 0.0166502
-0.0343228 0.0166502 0.192402

-0.00496097 0.00297239 -0.0145039
0.00297239 0.0122041 -0.00534653
-0.0145039 -0.00534653 0.0870157

0.00125452 0.000429765 -0.0274074
0.000429765 0.0229264 0.000900322
-0.0274074 0.000900322 0.247696

0.030961 -0.00602948 0.0285083
-0.00602948 0.0325482 0.0201431
0.0285083 0.0201431 0.773168

0.00925622 0.00485855 -0.0100853
0.00485855 0.00677265 -0.0149515
-0.0100853 -0.0149515 0.193906

0.000484637 0.00157586 0.0456374
0.00157586 -0.00546236 0.0315104
0.0456374 0.0315104 0.613629

-0.0403879 0.00379361 -0.0010481
0.00379361 -0.0384053 0.00226456
-0.0010481 0.00226456 0.388386

0.010657 0.00342817 0.0306493
0.00342817 0.0103838 0.0382736
0.0306493 0.0382736 0.512386

0.0544764 -0.000339693 0.0191247
-0.000339693 0.0600917 -0.00708074
0.0191247 -0.00708074 0.294483

-0.0406906 0.00132389 -0.000700566
0.00132389 -0.0458964 -0.00122047
-0.000700566 -0.00122047 0.388313

-0.0464667 -0.0017416 0.0013036
-0.0017416 -0.0436998 0.000618518
0.0013036 0.000618518 0.3537

0.02111 -0.0015382 -0.027156
-0.0015382 0.0341098 0.00577937
-0.027156 0.00577937 0.249503

-0.0291209 0.00131275 -0.00748134
0.00131275 -0.0291975 0.011948
-0.00748134 0.011948 0.378478

-0.0421977 -0.0027182 0.000557412
-0.0027182 -0.0334456 0.00222434
0.000557412 0.00222434 0.348363

-0.0142771 -0.000453992 0.0198217
-0.000453992 -0.0113392 -0.0150656
0.0198217 -0.0150656 0.456955

0.0375289 -0.0034519 -0.0204515
-0.0034519 0.048691 0.0100381
-0.0204515 0.0100381 0.17438

0.0054063 0.00178413 0.00617302
0.00178413 0.0184425 0.016669
0.00617302 0.016669 0.299888

0.0155144 -0.00572638 -0.0164578
-0.00572638 0.00972472 -0.0127599
-0.0164578 -0.0127599 0.159261

0.00192145 -0.00314178 0.023935
-0.00314178 -0.000748644 0.0458018
0.023935 0.0458018 0.670692

0.00360531 -0.000176586 -0.0296973
-0.000176586 0.0194058 0.012346
-0.0296973 0.012346 0.219014

0.0209656 0.000146993 -0.0276599
0.000146993 0.0290259 0.00742543
-0.0276599 0.00742543 0.246329

-0.0174837 0.010864 0.0187692
0.010864 -0.0115839 0.0221187
0.0187692 0.0221187 0.378355

-0.038613 0.000535719 0.000447732
0.000535719 -0.0519789 -2.21966e-05
0.000447732 -2.21966e-05 0.368758

-0.0302218 0.00214231 -0.00317406
0.00214231 -0.0246192 0.00462101
-0.00317406 0.00462101 0.365792

-0.0367486 -0.00490025 0.00570735
-0.00490025 -0.049175 -0.00255835
0.00570735 -0.00255835 0.353662

-0.0220264 -0.00168346 0.00261061
-0.00168346 -0.0193892 0.00676604
0.00261061 0.00676604 0.420788

0.0108535 -0.00538155 -0.00101823
-0.00538155 -0.00525087 0.0315155
-0.00101823 0.0315155 0.186353

0.0269626 0.00531251 0.0325387
0.00531251 0.0149037 0.0480374
0.0325387 0.0480374 0.586668

-0.0683402 0.00160027 0.00524398
0.00160027 -0.0584891 0.0139996
0.00524398 0.0139996 0.297424

-0.0249331 0.00306984 -0.00059203
0.00306984 -0.00357203 -0.0142875
-0.00059203 -0.0142875 0.360111

0.00324886 0.00669474 0.0200952
0.00669474 0.00214151 0.0223592
0.0200952 0.0223592 0.390416

-0.0350015 0.0155984 0.00267014
0.0155984 -0.0354724 0.0160113
0.00267014 0.0160113 0.299355

-0.00856688 0.00480622 0.0147615
0.00480622 0.00469043 0.021623
0.0147615 0.021623 0.382436

-0.0147229 0.0126778 0.00342563
0.0126778 0.000316529 0.00741198
0.00342563 0.00741198 0.369552

-0.0378551 -0.00295567 0.0118557
-0.00295567 -0.034025 -0.0114396
0.0118557 -0.0114396 0.379127

-0.0260946 0.0181361 -0.00207378
0.0181361 0.0017978 -0.0141361
-0.00207378 -0.0141361 0.33862

0.031004 -0.00312836 -0.025851
-0.00312836 0.0396602 0.0430063
-0.025851 0.0430063 0.533834

-0.0366942 0.014032 -0.0105553
0.014032 -0.0294391 -0.0227098
-0.0105553 -0.0227098 0.288904

0.0144367 -0.00270982 -0.0249978
-0.00270982 0.0194888 0.00326254
-0.0249978 0.00326254 0.227932

-0.029224 0.00874978 -0.00313754
0.00874978 -0.0159704 -0.0210233
-0.00313754 -0.0210233 0.344414

0.017623 -0.0039384 -0.019816
-0.0039384 0.0236077 -0.0237012
-0.019816 -0.0237012 0.327702

-0.00945091 -0.00742652 0.0355412
-0.00742652 -0.0219357 -0.00678885
0.0355412 -0.00678885 0.358302

0.0211175 -0.00719872 -0.0202352
-0.00719872 0.0184798 -0.0183678
-0.0202352 -0.0183678 0.260462

-0.0325856 0.00900069 -0.0105784
0.00900069 -0.0261104 -0.0163496
-0.0105784 -0.0163496 0.352255

0.00599714 0.00359999 -0.0418277
0.00359999 -0.00224532 -0.03183
-0.0418277 -0.03183 0.442885

-0.0275027 0.00144214 0.00828271
0.00144214 -0.0177791 0.0213822
0.00828271 0.0213822 0.370253

-0.015147 -0.000738531 -0.0395015
-0.000738531 -0.0158181 -0.0304853
-0.0395015 -0.0304853 0.434925

-0.0365944 -0.00248617 -0.00621952
-0.00248617 -0.0347506 -0.00989001
-0.00621952 -0.00989001 0.317374

-0.00530137 0.00867976 0.0163709
0.00867976 0.000167889 0.027884
0.0163709 0.027884 0.410329

-0.0235361 0.00844776 -0.0319812
0.00844776 -0.0259859 -0.0171582
-0.0319812 -0.0171582 0.377271

-0.00120779 0.00884766 -0.0228326
0.00884766 0.000431511 -0.0144629
-0.0228326 -0.0144629 0.424808

0.00486786 -0.00070199 -0.0317464
-0.00070199 0.0158035 0.0103477
-0.0317464 0.0103477 0.217533

0.0249313 0.00316557 0.0274396
0.00316557 0.0218847 0.0387494
0.0274396 0.0387494 0.571244

-0.0300247 0.00258221 -0.0104056
0.00258221 -0.0260317 -0.0433135
-0.0104056 -0.0433135 0.397214

0.00050924 -0.00596817 0.0258736
-0.00596817 0.00430334 0.00849713
0.0258736 0.00849713 0.223957

0.0139595 0.00823815 -0.0390246
0.00823815 0.0159854 0.0106134
-0.0390246 0.0106134 0.206728

0.00578769 -0.00783558 0.0186445
-0.00783558 0.0290253 0.00867662
0.0186445 0.00867662 0.285584

0.0104644 -0.005757 0.0128606
-0.005757 0.0143151 0.0254279
0.0128606 0.0254279 0.227517

0.000664871 0.00364603 0.00617782
0.00364603 -0.000119586 0.0382431
0.00617782 0.0382431 0.486046

-0.0355945 0.00107337 0.000739447
0.00107337 -0.0119484 -0.0135848
0.000739447 -0.0135848 0.352492

-0.0479132 -0.000741114 -0.0217701
-0.000741114 -0.0472952 0.00171461
-0.0217701 0.00171461 0.373806

0.024007 0.00863425 -0.0180084
0.00863425 0.0338518 0.017911
-0.0180084 0.017911 0.235537

-0.00113339 0.0076772 -0.00988274
0.0076772 -0.00821698 0.0177603
-0.00988274 0.0177603 0.0478494

-0.0428243 0.00012911 0.00269585
0.00012911 -0.0317081 0.00395097
0.00269585 0.00395097 0.353149

-0.000718586 -0.00270433 0.00223462
-0.00270433 -0.0115358 0.0189265
0.00223462 0.0189265 0.164942

0.0183135 -0.00215846 0.000249749
-0.00215846 0.00784179 0.0159981
0.000249749 0.0159981 0.195535

0.0133535 -0.00149985 0.0389727
-0.00149985 0.0104876 0.0369745
0.0389727 0.0369745 0.653707

-0.00728243 9.71384e-05 0.00052301
9.71384e-05 -0.00269314 0.0704246
0.00052301 0.0704246 0.460282

-0.0175906 0.00653443 0.0368704
0.00653443 -0.0280599 0.00938311
0.0368704 0.00938311 0.34726

-0.0441525 0.000300346 0.00150283
0.000300346 -0.0446559 -0.000474827
0.00150283 -0.000474827 0.382519

-0.0565846 0.00833729 0.00360019
0.00833729 -0.0546707 0.00906504
0.00360019 0.00906504 0.303874

-0.0280052 -0.00528661 -0.00528949
-0.00528661 -0.00946134 0.0192974
-0.00528949 0.0192974 0.374741

-0.0596949 -0.00334678 0.00627253
-0.00334678 -0.0386776 0.00658431
0.00627253 0.00658431 0.286676

-0.0416565 0.00121813 -0.0175416
0.00121813 -0.0415505 -0.0106833
-0.0175416 -0.0106833 0.389366

0.00074578 -0.00121446 0.00438002
-0.00121446 0.0317463 0.00759426
0.00438002 0.00759426 0.386228

-0.0560127 -0.00323896 0.00491799
-0.00323896 -0.0165529 -0.0147123
0.00491799 -0.0147123 0.341642

-0.0405511 -0.000361087 -0.00597582
-0.000361087 -0.0350116 0.00234791
-0.00597582 0.00234791 0.349089

-0.0321382 -0.00123392 0.00522871
-0.00123392 -0.0388688 0.0217458
0.00522871 0.0217458 0.368984

-0.0430575 -0.00917663 0.00691096
-0.00917663 -0.0323267 -0.00362453
0.00691096 -0.00362453 0.279922

-0.00306571 0.0133507 -0.0130336
0.0133507 -0.0191465 -0.00367405
-0.0130336 -0.00367405 0.361014

-0.00752357 -0.000661666 0.00895768
-0.000661666 -3.91993e-05 -0.0379019
0.00895768 -0.0379019 0.295497

0.0116862 0.000188738 0.0147919
0.000188738 0.00920118 -0.0322565
0.0147919 -0.0322565 0.263429

0.0147292 -0.00134746 -0.0270343
-0.00134746 0.0153029 0.000382668
-0.0270343 0.000382668 0.23056

-0.0104507 0.0093376 0.0329956
0.0093376 -0.0209504 0.0077859
0.0329956 0.0077859 0.351226

0.0146909 0.00301128 0.0240424
0.00301128 0.0104829 -0.0276789
0.0240424 -0.0276789 0.648508

-0.0203649 -0.00704931 0.00968665
-0.00704931 -0.032928 -0.00225536
0.00968665 -0.00225536 0.387632

-0.0546397 -0.00239933 -0.000534452
-0.00239933 -0.0534431 -0.0024655
-0.000534452 -0.0024655 0.365563

0.00265516 -0.00209016 0.0444028
-0.00209016 -0.015128 -0.0117764
0.0444028 -0.0117764 0.393006

0.0187088 0.00125603 0.0201311
0.00125603 -0.00347882 0.015673
0.0201311 0.015673 0.255722

0.0157394 -0.00178861 -0.0275511
-0.00178861 0.0159565 0.00110574
-0.0275511 0.00110574 0.230482

-0.0265456 0.00197134 0.00910125
0.00197134 -0.0211479 0.0233293
0.00910125 0.0233293 0.370775

0.0359941 -0.00398172 -0.0246135
-0.00398172 0.039571 0.0106226
-0.0246135 0.0106226 0.296884

-0.000472784 0.00214544 -0.0373604
0.00214544 0.00663016 0.0537587
-0.0373604 0.0537587 0.538209

-0.0212382 -0.000379688 -0.00375598
-0.000379688 -0.022035 0.00957379
-0.00375598 0.00957379 0.417964

-0.0437969 0.00176439 -0.00179783
0.00176439 -0.0565045 0.000495859
-0.00179783 0.000495859 0.359205

-0.0347976 0.00696336 0.0106676
0.00696336 -0.0435985 0.00697731
0.0106676 0.00697731 0.334146

0.0162938 0.00240613 -0.0121019
0.00240613 0.0303981 -0.0645322
-0.0121019 -0.0645322 0.456365

-0.0538728 -0.0148389 0.00314838
-0.0148389 -0.0421921 -0.00434206
0.00314838 -0.00434206 0.272285

0.00545692 -0.0018633 -0.0278898
-0.0018633 0.00258026 -0.00457912
-0.0278898 -0.00457912 0.467183

0.00116384 -0.00233023 0.0132524
-0.00233023 -0.011885 -0.00876262
0.0132524 -0.00876262 0.204951

-0.0166473 -0.00484319 0.0401835
-0.00484319 -0.029332 -0.00842841
0.0401835 -0.00842841 0.349946

-0.0214749 -0.00292471 0.0164832
-0.00292471 -0.0213324 0.00206485
0.0164832 0.00206485 0.168007

0.0298303 -0.00068726 -0.00341676
-0.00068726 0.026727 0.0409164
-0.00341676 0.0409164 0.7216

-0.0137374 -0.00451344 -0.0468277
-0.00451344 -0.0144909 0.0231078
-0.0468277 0.0231078 0.408452

-0.0366347 0.00490549 -0.0123018
0.00490549 -0.0149249 -0.0609257
-0.0123018 -0.0609257 0.357072

0.00238883 0.000856542 -0.00207309
0.000856542 0.0073423 0.0301764
-0.00207309 0.0301764 0.522611

0.0344846 -5.16833e-05 -0.0253359
-5.16833e-05 0.0345195 -0.00744468
-0.0253359 -0.00744468 0.668826

0.0126022 0.0019524 0.0109728
0.0019524 0.0255391 0.0198873
0.0109728 0.0198873 0.311275

-0.00905253 -0.00297793 0.0163862
-0.00297793 0.00158686 0.000534662
0.0163862 0.000534662 0.178445

0.0238145 -0.00159642 -0.0635228
-0.00159642 0.0220368 0.00820229
-0.0635228 0.00820229 0.631438

-0.00854377 0.0111308 -0.0223838
0.0111308 -0.00817556 0.00513081
-0.0223838 0.00513081 0.262352

-0.00123554 0.00448674 0.012709
0.00448674 0.000210451 0.0339553
0.012709 0.0339553 0.479672

0.000352398 0.00580994 0.00807191
0.00580994 -0.00215177 0.0373712
0.00807191 0.0373712 0.482846

-0.00791217 0.00527968 -0.00856329
0.00527968 -0.0057889 0.0174892
-0.00856329 0.0174892 0.0459573

-0.0381808 0.00653858 0.00833985
0.00653858 -0.0445568 0.00549261
0.00833985 0.00549261 0.334187

0.0142489 -0.0027903 0.000772412
-0.0027903 0.00261431 0.0217851
0.000772412 0.0217851 0.190206

0.00894754 0.00852808 -0.00858505
0.00852808 0.00972312 0.00475207
-0.00858505 0.00475207 0.0886013

0.0144477 0.000159157 -0.0241265
0.000159157 0.0190225 0.00253948
-0.0241265 0.00253948 0.227152

0.016989 -0.0023496 -0.0278806
-0.0023496 0.0164483 0.00123329
-0.0278806 0.00123329 0.229461

0.0104417 0.00285647 -0.0404938
0.00285647 0.0040871 0.0406936
-0.0404938 0.0406936 0.63799

0.0155944 0.00132142 0.0315008
0.00132142 0.00977563 -0.0253036
0.0315008 -0.0253036 0.655535

0.000356786 0.000585078 -0.00652406
0.000585078 0.00494334 0.0198596
-0.00652406 0.0198596 0.0977969

0.00517918 0.00362996 -0.0449074
0.00362996 0.00398062 0.0446633
-0.0449074 0.0446633 0.568387

-0.00171605 0.0221201 -0.00893863
0.0221201 -0.0301891 -0.00484198
-0.00893863 -0.00484198 0.288678

-0.0386921 -0.00300531 0.00177501
-0.00300531 -0.0351121 -0.00353767
0.00177501 -0.00353767 0.326382

-0.0297261 -0.012052 -0.00176501
-0.012052 -0.0609105 -0.00162193
-0.00176501 -0.00162193 0.259996

0.00591323 -0.00308559 0.00205543
-0.00308559 -0.0057868 0.0229699
0.00205543 0.0229699 0.177027

-0.00269952 0.00155598 -0.064848
0.00155598 -0.00680345 0.02976
-0.064848 0.02976 0.515279

0.04979 0.00147773 0.00271602
0.00147773 0.0514588 -0.00860781
0.00271602 -0.00860781 0.153591

0.00787194 0.00179441 0.0108565
0.00179441 0.0205503 0.0131942
0.0108565 0.0131942 0.303584

0.000577118 -0.00846483 -0.0462098
-0.00846483 0.00822889 0.013748
-0.0462098 0.013748 0.422288

0.00459453 -0.00162542 -0.0235269
-0.00162542 0.0110332 0.00107558
-0.0235269 0.00107558 0.212687

-0.0158753 -0.00264744 -0.00359136
-0.00264744 -0.0172027 -0.00820377
-0.00359136 -0.00820377 0.432195

-0.0419396 -0.0115903 0.0194452
-0.0115903 -0.0437699 0.00230681
0.0194452 0.00230681 0.255737

-0.000702741 0.00108576 0.0147418
0.00108576 -0.00420368 0.02861
0.0147418 0.02861 0.316832

-0.0535329 0.00404182 0.00570524
0.00404182 -0.0421998 0.0251807
0.00570524 0.0251807 0.215934

0.000112672 -0.00547226 -0.0455856
-0.00547226 0.0129576 0.0126095
-0.0455856 0.0126095 0.423623

-0.0292302 0.00741082 -0.0110557
0.00741082 -0.0172528 -0.018037
-0.0110557 -0.018037 0.297271

-0.00177778 0.00193476 0.0114707
0.00193476 0.0110833 0.018506
0.0114707 0.018506 0.287062

0.000594759 0.00224078 -0.00726814
0.00224078 0.00707152 0.0309962
-0.00726814 0.0309962 0.499004

-0.00378737 -0.00694587 -0.0470416
-0.00694587 0.00227991 0.016852
-0.0470416 0.016852 0.419091

0.00618723 -0.00288298 0.000502337
-0.00288298 -0.00568886 0.0225227
0.000502337 0.0225227 0.17666

-0.029082 -0.00256759 -0.0206956
-0.00256759 -0.0562188 -0.010791
-0.0206956 -0.010791 0.309351

-0.0262928 -0.0183208 -0.00426111
-0.0183208 -0.0415663 0.00262144
-0.00426111 0.00262144 0.251214

0.0216755 -0.0123748 -0.0106053
-0.0123748 0.028859 -0.00628018
-0.0106053 -0.00628018 0.134883

0.0141082 -0.00256665 -0.000811805
-0.00256665 0.00224095 0.0213803
-0.000811805 0.0213803 0.188984

0.0388498 -0.00941918 -0.00821038
-0.00941918 0.0229216 -0.0130872
-0.00821038 -0.0130872 0.225284

0.00931969 0.000871335 -0.0271383
0.000871335 0.00798435 0.00096936
-0.0271383 0.00096936 0.230232

0.019567 -0.00327425 -0.0126711
-0.00327425 0.022177 -0.00899009
-0.0126711 -0.00899009 0.0931336

0.00970534 0.00241323 0.0233677
0.00241323 0.00621953 0.0224506
0.0233677 0.0224506 0.589393

0.017845 -0.00348417 0.00466836
-0.00348417 0.0121017 0.0123997
0.00466836 0.0123997 0.645971

0.0114562 -0.00221346 -0.0254564
-0.00221346 0.0161526 0.00489066
-0.0254564 0.00489066 0.223922

0.0345899 0.00786996 -0.0135827
0.00786996 0.0279592 0.0135064
-0.0135827 0.0135064 0.237509

0.0169506 0.00454493 0.0210967
0.00454493 0.0213308 0.0280012
0.0210967 0.0280012 0.320401

0.0334898 -0.00303373 0.0170195
-0.00303373 0.0429705 0.0184764
0.0170195 0.0184764 0.253264

-0.0130478 -0.00402898 0.0146164
-0.00402898 -0.0285611 0.0199397
0.0146164 0.0199397 0.297037

-0.00619468 -0.006606 0.0271527
-0.006606 -0.0113453 0.0123031
0.0271527 0.0123031 0.213076

-0.0538019 0.00263572 0.00597668
0.00263572 -0.0681688 0.00321562
0.00597668 0.00321562 0.331301

-0.0333838 -0.00246714 0.00573894
-0.00246714 -0.0392549 -0.00221966
0.00573894 -0.00221966 0.38964

0.0380914 -0.00350717 0.054602
-0.00350717 0.0282624 -0.0184435
0.054602 -0.0184435 0.631998

0.0547974 0.00202855 -0.0140531
0.00202855 0.0623707 -0.00419785
-0.0140531 -0.00419785 0.221316

-0.00891575 -0.00119869 -0.00750574
-0.00119869 -0.00594325 0.0268467
-0.00750574 0.0268467 0.207868

0.0196039 -0.00214546 -0.0282176
-0.00214546 0.0190254 0.000918133
-0.0282176 0.000918133 0.234199

-0.0389003 0.00214275 -0.0118932
0.00214275 -0.0435259 -2.49083e-05
-0.0118932 -2.49083e-05 0.347392

0.00703818 -0.0113231 -0.0274475
-0.0113231 0.00387707 0.00543465
-0.0274475 0.00543465 0.270074

-0.0212276 -0.00789828 0.0325012
-0.00789828 -0.0281768 -0.0257554
0.0325012 -0.0257554 0.348267

-0.0217335 -0.0119918 -0.0205239
-0.0119918 -0.0118215 0.01365
-0.0205239 0.01365 0.302907

0.0165187 -0.000862915 -0.000239718
-0.000862915 0.0172618 0.00389628
-0.000239718 0.00389628 0.614474

-0.0237898 -0.00990064 0.00122184
-0.00990064 -0.0415172 -0.00276368
0.00122184 -0.00276368 0.290633

-0.0696711 -0.00228139 -0.00422598
-0.00228139 -0.0375082 0.0138374
-0.00422598 0.0138374 0.256935

-0.0566644 0.000238867 0.00948584
0.000238867 -0.068038 0.00225857
0.00948584 0.00225857 0.332497

0.0256141 3.54451e-05 0.0235174
3.54451e-05 0.0171988 0.0104037
0.0235174 0.0104037 0.591951

-0.0024029 0.00979123 0.00962675
0.00979123 0.00123641 0.0235243
0.00962675 0.0235243 0.248754

-0.00571388 -0.000762041 -0.00323509
-0.000762041 -0.0088034 -0.00909686
-0.00323509 -0.00909686 0.45549

0.0015816 0.00146049 -0.00824412
0.00146049 0.00238337 -0.0239712
-0.00824412 -0.0239712 0.457777

0.0294628 -0.00253033 0.0404043
-0.00253033 0.0195065 0.0363165
0.0404043 0.0363165 0.642957

-0.0402068 -0.00175948 0.00266217
-0.00175948 -0.0419624 -0.000945645
0.00266217 -0.000945645 0.385614

0.027399 0.00453136 0.0130294
0.00453136 0.0288278 0.0295807
0.0130294 0.0295807 0.535617

0.0136446 0.000286774 -0.0169511
0.000286774 0.0136476 0.00407927
-0.0169511 0.00407927 0.586295

-0.0159381 0.0108421 -0.0314424
0.0108421 -0.0148407 -0.00966842
-0.0314424 -0.00966842 0.305682

-0.0231916 -0.0146474 -0.0118433
-0.0146474 -0.023594 0.0112362
-0.0118433 0.0112362 0.2594

-0.00648242 -0.00377124 -0.00585078
-0.00377124 -0.00864386 -0.00656389
-0.00585078 -0.00656389 0.442886

0.0264438 0.000331844 0.0167924
0.000331844 0.0205408 0.0352089
0.0167924 0.0352089 0.63789

0.00701769 -0.00097861 0.0428218
-0.00097861 0.00997827 0.0393486
0.0428218 0.0393486 0.650923

0.0275597 0.00382079 0.00647032
0.00382079 0.0166505 0.0527213
0.00647032 0.0527213 0.729663

0.0274309 0.0038217 -0.00404255
0.0038217 0.01023 0.0242661
-0.00404255 0.0242661 0.231728

0.0288141 -0.00328397 -0.0160594
-0.00328397 0.0304736 -0.01041
-0.0160594 -0.01041 0.698813

0.00613197 4.74723e-05 0.0157488
4.74723e-05 0.00482904 0.0348677
0.0157488 0.0348677 0.538441

0.0133832 -0.0010484 0.0109012
-0.0010484 0.0122417 0.0209071
0.0109012 0.0209071 0.230685

0.0180163 0.00432315 -0.00269029
0.00432315 0.0210931 0.05488
-0.00269029 0.05488 0.725031

-0.000771779 0.00577348 -0.0328228
0.00577348 -0.0108299 -0.0283903
-0.0328228 -0.0283903 0.453984

0.0458128 0.00400494 0.00128878
0.00400494 0.0364537 0.0344839
0.00128878 0.0344839 0.685252

0.00369207 0.0124975 -0.0402966
0.0124975 0.00408192 0.0175602
-0.0402966 0.0175602 0.182203

0.0165301 0.000111769 -0.0218592
0.000111769 0.0190208 -0.000313334
-0.0218592 -0.000313334 0.202834

-0.0138246 0.00548409 -0.0139253
0.00548409 -0.0184748 -0.0272851
-0.0139253 -0.0272851 0.446605

-0.0719074 2.44791e-05 -0.0031085
2.44791e-05 -0.0727608 -0.00767151
-0.0031085 -0.00767151 0.249571

-0.0355344 0.00616567 0.00767148
0.00616567 -0.0324843 0.0137024
0.00767148 0.0137024 0.35635

-0.00502842 0.00158199 -0.0314716
0.00158199 -0.00190904 -0.0296172
-0.0314716 -0.0296172 0.486408

-0.00512152 -0.000806446 -0.00309716
-0.000806446 -0.00957949 -0.00958446
-0.00309716 -0.00958446 0.454904

0.0111978 -0.00175328 -0.0197855
-0.00175328 0.0106719 0.000778732
-0.0197855 0.000778732 0.23656

0.0486123 0.005273 -0.0226292
0.005273 0.0418209 0.0321929
-0.0226292 0.0321929 0.833238

0.000789326 0.00202522 0.00107526
0.00202522 -0.0043183 0.0563518
0.00107526 0.0563518 0.566064

-0.0114364 0.00761759 -0.0239304
0.00761759 -0.0228255 0.018979
-0.0239304 0.018979 0.107533

0.000195537 0.00760028 -0.0239577
0.00760028 -0.00782875 0.01493
-0.0239577 0.01493 0.123784

-0.052049 -0.000844173 0.00304714
-0.000844173 -0.0545219 0.000114331
0.00304714 0.000114331 0.376083

-0.00815312 0.00496322 -0.0272344
0.00496322 0.0109283 -0.00746351
-0.0272344 -0.00746351 0.271129

0.00199916 -0.0046411 -0.0502574
-0.0046411 0.0125354 0.00179241
-0.0502574 0.00179241 0.651188

-0.0299065 -0.0162085 -0.0141717
-0.0162085 -0.0381046 0.014194
-0.0141717 0.014194 0.305738

0.0635866 0.0113493 -0.0202783
0.0113493 0.0613231 0.00549899
-0.0202783 0.00549899 0.308869

-0.0181646 0.00618702 -0.00447641
0.00618702 -0.0117196 -0.0150925
-0.00447641 -0.0150925 0.273202

-0.0421668 0.0119788 0.00755726
0.0119788 -0.0207673 0.0323925
0.00755726 0.0323925 0.312752

0.0121568 0.000471769 -0.0265213
0.000471769 0.0140634 0.00241662
-0.0265213 0.00241662 0.225339

-0.018228 -0.00302086 -0.0084801
-0.00302086 -0.00689289 0.0321491
-0.0084801 0.0321491 0.298952

0.00650572 0.0019016 -0.0093034
0.0019016 -0.00381602 0.0236482
-0.0093034 0.0236482 0.214816

0.0335324 0.00286838 0.0049106
0.00286838 0.0302229 0.0575388
0.0049106 0.0575388 0.708366

-0.00113565 -0.000144648 -0.0597836
-0.000144648 0.00151019 -0.0142954
-0.0597836 -0.0142954 0.622877

0.00614666 0.00412657 0.0066757
0.00412657 0.0190625 0.0168488
0.0066757 0.0168488 0.300495

0.0178361 0.00236104 -0.0642841
0.00236104 0.0212763 0.0148306
-0.0642841 0.0148306 0.653358

0.0193835 -0.000647467 -0.0563545
-0.000647467 0.0195605 -0.0110233
-0.0563545 -0.0110233 0.639247

0.0299834 0.00164463 -0.0562253
0.00164463 0.036809 0.0084338
-0.0562253 0.0084338 0.723614

0.0193109 0.00324006 -0.048489
0.00324006 0.0254879 0.0294111
-0.048489 0.0294111 0.66899

0.0200141 0.00161258 -0.0509605
0.00161258 0.0239168 -0.00653144
-0.0509605 -0.00653144 0.654369

0.00352098 0.00284892 -0.0525052
0.00284892 0.00739434 0.0482531
-0.0525052 0.0482531 0.615161

0.0279922 -0.000390064 -0.0585728
-0.000390064 0.027362 0.0512018
-0.0585728 0.0512018 0.642024

0.00746398 -0.00576262 -0.0373112
-0.00576262 0.0136272 0.0460234
-0.0373112 0.0460234 0.596106

0.0209002 -0.000346647 -0.0458569
-0.000346647 0.0207058 0.0555316
-0.0458569 0.0555316 0.727216

0.0239323 0.00327739 -0.0482343
0.00327739 0.0311547 0.048557
-0.0482343 0.048557 0.592237

0.00961156 -0.000391569 -0.0329144
-0.000391569 0.0185715 0.0474596
-0.0329144 0.0474596 0.532547

0.018157 -0.00169535 -0.0653673
-0.00169535 0.0184121 0.0453445
-0.0653673 0.0453445 0.575656

0.0328101 0.000818625 -0.055347
0.000818625 0.0407625 -0.0211311
-0.055347 -0.0211311 0.631098

0.0366976 0.00107111 -0.0643933
0.00107111 0.0184517 -0.0100518
-0.0643933 -0.0100518 0.537595

0.0427724 0.00437605 -0.0454704
0.00437605 0.0350667 -0.00710879
-0.0454704 -0.00710879 0.706872

0.028241 -0.00213195 -0.0577193
-0.00213195 0.0336656 -0.0182751
-0.0577193 -0.0182751 0.528973

0.00845426 2.84293e-05 -0.0566783
2.84293e-05 0.00239234 -0.0266042
-0.0566783 -0.0266042 0.472055

0.0455332 0.00134296 -0.0735619
0.00134296 0.0338507 -0.0175926
-0.0735619 -0.0175926 0.525669

0.0427421 -0.00328679 -0.0827518
-0.00328679 0.0241673 0.0180931
-0.0827518 0.0180931 0.523372

0.0245515 -0.00789772 -0.0627484
-0.00789772 0.025519 0.0468406
-0.0627484 0.0468406 0.520862

0.0152399 0.000735088 -0.0506048
0.000735088 0.0245018 0.0526784
-0.0506048 0.0526784 0.524708

0.0393817 0.00355974 -0.0673085
0.00355974 0.0322303 -0.0275199
-0.0673085 -0.0275199 0.522929

-0.0198907 -0.000175595 -0.070204
-0.000175595 -0.0420126 0.00207331
-0.070204 0.00207331 0.426422

0.0342914 -0.00024176 -0.0470329
-0.00024176 0.0325896 0.0471833
-0.0470329 0.0471833 0.516051

0.0158402 0.00181674 -0.0525036
0.00181674 0.0148059 0.0507119
-0.0525036 0.0507119 0.492462

-0.00540025 0.00670367 -0.0257789
0.00670367 0.0006911 -0.0281402
-0.0257789 -0.0281402 0.356131

-0.0309169 0.0126491 -0.025946
0.0126491 -0.0354739 -0.027441
-0.025946 -0.027441 0.333329

-0.03307 0.00929983 -0.0283994
0.00929983 -0.0139852 -0.0392092
-0.0283994 -0.0392092 0.341415

-0.0121673 0.00995534 -0.0254731
0.00995534 -0.00727199 -0.0318815
-0.0254731 -0.0318815 0.390408

-0.0237164 0.0157756 -0.0218668
0.0157756 -0.0208189 -0.0199074
-0.0218668 -0.0199074 0.357228

-0.0486534 0.00809773 -0.00690797
0.00809773 -0.0449425 -0.01198
-0.00690797 -0.01198 0.340494

-0.00841726 0.0169938 -0.00538611
0.0169938 -0.00444976 -0.0171493
-0.00538611 -0.0171493 0.314508

-0.0249591 0.0180498 -0.00767642
0.0180498 -0.0337602 -0.00609706
-0.00767642 -0.00609706 0.299181

-0.0334229 0.00600206 -0.0175367
0.00600206 -0.0269017 -0.024833
-0.0175367 -0.024833 0.311567

-0.0429712 0.00622473 -0.0119439
0.00622473 -0.0309194 -0.0278491
-0.0119439 -0.0278491 0.306442

-0.0070685 0.00126748 0.0128625
0.00126748 -0.0322862 0.00178785
0.0128625 0.00178785 0.356336

-0.030794 0.00605049 0.0166012
0.00605049 -0.0487941 0.00599946
0.0166012 0.00599946 0.30288

-0.0126609 0.00387549 0.014176
0.00387549 -0.0345219 0.00790279
0.014176 0.00790279 0.339005

-0.0242442 0.0100404 0.021195
0.0100404 -0.0452665 0.00746604
0.021195 0.00746604 0.318143

-0.0215259 0.00931532 0.0204424
0.00931532 -0.0406676 0.00997765
0.0204424 0.00997765 0.319924

-0.0394835 0.0140768 0.0149907
0.0140768 -0.0579878 0.00629929
0.0149907 0.00629929 0.272942

-0.0266316 0.00906415 0.0181809
0.00906415 -0.0280451 0.021928
0.0181809 0.021928 0.284763

-0.0118618 0.00788282 0.0231263
0.00788282 -0.00573266 0.0165493
0.0231263 0.0165493 0.316041

-0.0113771 0.010339 0.0233423
0.010339 -0.0161463 0.0227021
0.0233423 0.0227021 0.301182

-0.0240597 0.0143084 0.0201813
0.0143084 -0.0455284 0.00667227
0.0201813 0.00667227 0.290852

-0.0181385 0.0127484 0.0222775
0.0127484 -0.018102 0.0165578
0.0222775 0.0165578 0.331241

-0.0294358 0.012495 0.0236319
0.012495 -0.0400183 0.010545
0.0236319 0.010545 0.309531

0.0201051 -0.00103513 0.0133612
-0.00103513 0.0207872 -0.0260012
0.0133612 -0.0260012 0.204923

0.000848562 0.00632762 0.0116472
0.00632762 -0.0104008 -0.0338586
0.0116472 -0.0338586 0.190592

-0.0439132 -0.000653319 0.00524673
-0.000653319 -0.0502298 -0.00733045
0.00524673 -0.00733045 0.318266

-0.0124276 -0.00367456 0.0598977
-0.00367456 -0.0118032 -0.0277746
0.0598977 -0.0277746 0.426273

0.00727985 -0.0115672 0.00509262
-0.0115672 -0.0120808 -0.0141575
0.00509262 -0.0141575 0.340748

0.0275155 -0.00969597 0.0285847
-0.00969597 0.0371309 -0.0452017
0.0285847 -0.0452017 0.511026

0.0242049 -0.00436684 0.0504244
-0.00436684 0.0164744 -0.0283345
0.0504244 -0.0283345 0.469055

-0.0116338 -0.0078673 0.0487626
-0.0078673 -0.0186232 -0.0313217
0.0487626 -0.0313217 0.397583

0.0190642 -0.000359885 -0.0141037
-0.000359885 0.016287 0.00703218
-0.0141037 0.00703218 0.134326

0.0147559 -0.00594427 0.0282143
-0.00594427 0.0138908 -0.0520815
0.0282143 -0.0520815 0.4639

0.0195263 0.000384256 0.038315
0.000384256 0.00647154 -0.0401856
0.038315 -0.0401856 0.579964

-0.0207568 -0.00918597 0.0280987
-0.00918597 -0.0186722 -0.0534173
0.0280987 -0.0534173 0.393593

0.0187073 0.00102418 0.029478
0.00102418 0.0148992 -0.0335355
0.029478 -0.0335355 0.534211

-0.0414352 -0.00557748 0.0031165
-0.00557748 -0.0408416 -0.00214602
0.0031165 -0.00214602 0.343296

0.0208359 -0.00284655 -0.0530314
-0.00284655 0.0174656 -0.0138377
-0.0530314 -0.0138377 0.630577

-0.00710427 -0.0105841 0.0230127
-0.0105841 -0.00292676 -0.040501
0.0230127 -0.040501 0.381895

-0.00960984 -0.00250872 0.0146644
-0.00250872 0.0152015 -0.0452116
0.0146644 -0.0452116 0.387363

0.00294482 0.00183078 -0.00761397
0.00183078 0.00398619 0.036904
-0.00761397 0.036904 0.528683

-0.0182588 -0.0157169 0.0204392
-0.0157169 -0.0109456 -0.0366876
0.0204392 -0.0366876 0.345962

-0.00959437 0.00245797 -0.0301759
0.00245797 -0.00422547 0.0148517
-0.0301759 0.0148517 0.16739

-0.0289096 0.000120803 0.00311599
0.000120803 -0.0362652 0.00993244
0.00311599 0.00993244 0.369256

0.0133114 -0.0007142 -0.000548835
-0.0007142 0.017955 0.072419
-0.000548835 0.072419 0.538271

0.0116288 0.00116842 -0.0102688
0.00116842 0.00150625 -0.0244347
-0.0102688 -0.0244347 0.194418

0.0240594 -0.00722007 -0.0604526
-0.00722007 0.0152199 -0.00960363
-0.0604526 -0.00960363 0.495479

-0.0513701 -0.0148672 0.0251146
-0.0148672 -0.0741298 0.00292958
0.0251146 0.00292958 0.240513

-0.0514833 -9.10887e-05 0.0205506
-9.10887e-05 -0.0240993 0.0193171
0.0205506 0.0193171 0.272717

0.0337801 0.000933103 -0.00870225
0.000933103 0.0280003 -0.0165687
-0.00870225 -0.0165687 0.233305

0.0454701 -0.0035799 -0.0506798
-0.0035799 0.0493803 -0.0305674
-0.0506798 -0.0305674 0.54765

0.0159064 -0.00106913 -0.0256971
-0.00106913 0.0128012 0.000643017
-0.0256971 0.000643017 0.232446

-0.0482037 0.00615493 0.00757053
0.00615493 -0.0548329 0.00709225
0.00757053 0.00709225 0.315861

-0.0448074 0.00188016 -0.00691979
0.00188016 -0.0377119 -0.00271305
-0.00691979 -0.00271305 0.345332

-0.0303663 -0.00531531 -0.0083769
-0.00531531 -0.00833061 0.0337537
-0.0083769 0.0337537 0.282421

-0.029722 -0.00207869 0.000866608
-0.00207869 -0.0278763 -0.0161569
0.000866608 -0.0161569 0.385925

-0.00913937 -0.00316202 -0.0268813
-0.00316202 0.000464129 -0.00261505
-0.0268813 -0.00261505 0.18231

-0.0443113 -0.000521572 -0.00409973
-0.000521572 -0.0421996 -0.0108731
-0.00409973 -0.0108731 0.374827

-0.0325521 0.00216504 -0.00424603
0.00216504 -0.0249086 -0.0179041
-0.00424603 -0.0179041 0.395975

0.0202716 -0.00161674 -0.0204252
-0.00161674 0.0252792 0.00805091
-0.0204252 0.00805091 0.598313

0.0264293 0.000480575 -0.00634132
0.000480575 0.0298613 0.0306478
-0.00634132 0.0306478 0.609949

-0.014067 -0.0100055 0.0422932
-0.0100055 -0.00865024 -0.0266525
0.0422932 -0.0266525 0.394996

-0.01309 0.00195324 -0.0277374
0.00195324 -0.00582809 0.0193158
-0.0277374 0.0193158 0.162433

-0.0519449 -0.00117937 0.00147723
-0.00117937 -0.0575783 0.00105405
0.00147723 0.00105405 0.363057

-0.0310071 -0.00390735 0.00741227
-0.00390735 -0.0280961 -0.012833
0.00741227 -0.012833 0.391377

-0.0478553 0.0115604 0.00673837
0.0115604 -0.0674145 0.000632244
0.00673837 0.000632244 0.243727

-0.0460248 -0.00504673 0.0394857
-0.00504673 -0.0527919 -0.0165114
0.0394857 -0.0165114 0.35823

-0.0590314 0.0143858 -0.00598533
0.0143858 -0.0759799 -0.00461802
-0.00598533 -0.00461802 0.263544

-0.0555472 -0.00717565 -0.00205296
-0.00717565 -0.0476251 -0.0026989
-0.00205296 -0.0026989 0.340356

-0.0330108 -0.00588527 0.00869179
-0.00588527 -0.0358999 0.0020309
0.00869179 0.0020309 0.362099

-0.0226105 0.00155585 0.0123445
0.00155585 -0.0404599 0.00087365
0.0123445 0.00087365 0.379761

0.0397867 0.00333882 0.00811155
0.00333882 0.0222142 -0.00846363
0.00811155 -0.00846363 0.288098

0.0260919 0.00308851 -0.011742
0.00308851 0.018856 -0.0214213
-0.011742 -0.0214213 0.229075

0.00571106 0.00356949 -0.0104113
0.00356949 -0.00101207 -0.0183338
-0.0104113 -0.0183338 0.193236

-0.0166136 -0.00392056 -0.0172894
-0.00392056 -0.0133245 -0.0153873
-0.0172894 -0.0153873 0.130665

0.0248832 -0.008561 -0.0040892
-0.008561 0.0243242 -0.0209127
-0.0040892 -0.0209127 0.183686

0.00034601 -0.00172041 -0.0150731
-0.00172041 0.015705 -0.00707238
-0.0150731 -0.00707238 0.158348

-0.0236736 0.00557647 -0.0157744
0.00557647 -0.00313912 -0.0455884
-0.0157744 -0.0455884 0.348946

0.0344452 0.000410133 -0.0417463
0.000410133 0.0404349 -0.0019474
-0.0417463 -0.0019474 0.729458

-0.0408536 -0.00178808 -0.00427308
-0.00178808 -0.049182 0.00216811
-0.00427308 0.00216811 0.36413

-0.0170225 0.00860642 -0.00699965
0.00860642 -0.00324069 -0.0217833
-0.00699965 -0.0217833 0.344712

-0.0249846 0.0120566 0.0185995
0.0120566 0.00369735 0.0125072
0.0185995 0.0125072 0.335485

0.00184879 0.00228342 -0.0105117
0.00228342 0.0206881 -0.0114172
-0.0105117 -0.0114172 0.210287

-0.0106654 0.0019582 -0.00448666
0.0019582 -0.00789298 -0.0186188
-0.00448666 -0.0186188 0.437709

-0.0325784 0.00114256 -0.00342675
0.00114256 -0.0380169 0.00093026
-0.00342675 0.00093026 0.402531

-0.0518984 0.00152788 0.00264753
0.00152788 -0.0225417 0.0151089
0.00264753 0.0151089 0.274284

-0.0638684 0.00840832 0.00299129
0.00840832 -0.0355309 0.0182345
0.00299129 0.0182345 0.26078

-0.0260541 0.00948729 0.0109303
0.00948729 -0.00480149 0.0258638
0.0109303 0.0258638 0.323614

-0.0639286 0.000926948 -0.00437389
0.000926948 -0.0672107 -0.00519572
-0.00437389 -0.00519572 0.347785

-0.0447084 0.0035427 0.00486103
0.0035427 -0.0179172 0.0165328
0.00486103 0.0165328 0.275446

-0.0296668 -0.00282783 0.0109513
-0.00282783 -0.00102444 -0.0513663
0.0109513 -0.0513663 0.369837

-0.0195815 0.000554874 0.0133787
0.000554874 0.00808261 -0.0453679
0.0133787 -0.0453679 0.381617

0.0105166 0.00102374 -0.00868126
0.00102374 0.0314427 -0.0610105
-0.00868126 -0.0610105 0.462491

-0.0384634 0.00543288 -0.000849048
0.00543288 -0.00690798 -0.051092
-0.000849048 -0.051092 0.36453

-0.00754385 -0.00168808 0.0142812
-0.00168808 0.00663575 -0.0532394
0.0142812 -0.0532394 0.420657

-0.00705848 0.00113911 -0.0346089
0.00113911 0.00360285 0.0499593
-0.0346089 0.0499593 0.48513

-0.0234169 -0.00684975 0.0155984
-0.00684975 0.00857327 -0.0393543
0.0155984 -0.0393543 0.351152

-0.0305043 0.000854826 -0.0181352
0.000854826 -0.00501462 -0.0432476
-0.0181352 -0.0432476 0.356521

0.0225006 7.4636e-06 -0.0563788
7.4636e-06 0.0222817 -0.0225128
-0.0563788 -0.0225128 0.517972

-0.0385456 -0.00666188 0.00886416
-0.00666188 -0.024276 -0.0262104
0.00886416 -0.0262104 0.3071

-0.0412336 -0.0038978 0.0147509
-0.0038978 -0.0579448 -0.00612081
0.0147509 -0.00612081 0.34819

-0.0563692 0.00336469 0.00768001
0.00336469 -0.0256759 0.0166503
0.00768001 0.0166503 0.266336

0.0267628 0.000651833 0.00733223
0.000651833 0.0258977 0.00682193
0.00733223 0.00682193 0.625933

-0.051315 -0.0154598 -0.0195315
-0.0154598 -0.0587868 0.0194762
-0.0195315 0.0194762 0.27302

0.019363 -0.00365181 0.0125877
-0.00365181 0.0154638 0.000213465
0.0125877 0.000213465 0.191969

-0.042174 0.00266199 -0.0137183
0.00266199 -0.0534084 -0.00112901
-0.0137183 -0.00112901 0.32428

0.0330763 -0.00126236 -0.0104831
-0.00126236 0.03224 -0.0188354
-0.0104831 -0.0188354 0.230132

0.00546526 -0.00853722 0.0383834
-0.00853722 -0.00396819 -0.0268791
0.0383834 -0.0268791 0.387381

-0.0307104 -0.0090953 0.0342778
-0.0090953 -0.0382545 -0.0234121
0.0342778 -0.0234121 0.336046

0.01148 -0.00496031 0.0465353
-0.00496031 -0.00398025 -0.00855067
0.0465353 -0.00855067 0.390146

0.00638358 -0.00332969 0.00313991
-0.00332969 0.0113563 -0.0875087
0.00313991 -0.0875087 0.453972

-0.00485924 -0.00289849 -0.0499755
-0.00289849 -0.0053974 -0.0203707
-0.0499755 -0.0203707 0.466193

0.00453349 -0.00314785 0.0137913
-0.00314785 -0.00913343 -0.00515104
0.0137913 -0.00515104 0.212444

-0.0154202 -0.00706808 -0.0188371
-0.00706808 -0.0119409 0.00572752
-0.0188371 0.00572752 0.293651

-0.0395804 0.00299975 -0.0276266
0.00299975 -0.0397886 0.021222
-0.0276266 0.021222 0.120633

0.0207353 -0.00500552 -0.00780594
-0.00500552 0.0273173 0.062391
-0.00780594 0.062391 0.599664

0.0361624 -0.00055215 -0.00171464
-0.00055215 0.0371989 0.0701981
-0.00171464 0.0701981 0.640211

-0.0210632 0.00990216 -0.0274105
0.00990216 -0.0153673 0.0237411
-0.0274105 0.0237411 0.130234

0.0228019 -0.00284552 -0.00255208
-0.00284552 0.0313332 0.0755462
-0.00255208 0.0755462 0.540963

0.0110768 0.00022404 -0.00139791
0.00022404 0.015329 0.0745941
-0.00139791 0.0745941 0.491662

0.0162623 0.00716105 -0.00226757
0.00716105 0.0385489 0.0747857
-0.00226757 0.0747857 0.541086

0.0521489 0.00119788 -0.00388582
0.00119788 0.0613733 0.0591478
-0.00388582 0.0591478 0.560072

0.00369292 0.00206109 0.0500686
0.00206109 -0.0128418 -0.0107389
0.0500686 -0.0107389 0.40187

0.0538081 -0.00232997 -0.0334105
-0.00232997 0.0608207 0.0395549
-0.0334105 0.0395549 0.59782

-0.00141165 0.00584811 0.0013348
0.00584811 -0.00704602 -0.0353389
0.0013348 -0.0353389 0.220264

0.0262552 0.00333867 0.0043854
0.00333867 0.0123753 -0.0197782
0.0043854 -0.0197782 0.22674

0.0282784 0.00859416 0.0065767
0.00859416 0.0279128 -0.0262455
0.0065767 -0.0262455 0.26368

0.0116659 0.010424 0.018119
0.010424 0.015834 -0.0278159
0.018119 -0.0278159 0.199368

0.0402307 0.00300931 0.011934
0.00300931 0.0363864 -0.0266407
0.011934 -0.0266407 0.218329

0.00755161 0.000871957 0.00711206
0.000871957 -0.00162965 -0.028789
0.00711206 -0.028789 0.181232

0.0181849 0.00292354 -0.00361341
0.00292354 0.0151448 -0.0252773
-0.00361341 -0.0252773 0.20059

-0.0135741 -0.00173301 -0.0135555
-0.00173301 -0.0189597 -0.0336114
-0.0135555 -0.0336114 0.150471

0.0156769 0.000403025 -0.00842379
0.000403025 0.00750743 -0.0285188
-0.00842379 -0.0285188 0.198394

0.0313316 0.00706368 0.00224949
0.00706368 0.0312362 -0.0136041
0.00224949 -0.0136041 0.212161

0.0170527 0.00185457 -0.0100983
0.00185457 0.0110225 -0.0199107
-0.0100983 -0.0199107 0.199259

0.0355484 -0.00708857 0.00118002
-0.00708857 0.0122415 -0.04001
0.00118002 -0.04001 0.203455

0.0314308 0.00095831 -0.00678606
0.00095831 0.0234722 -0.0140918
-0.00678606 -0.0140918 0.170396

-0.00665626 0.00364518 0.00470073
0.00364518 -0.00711497 -0.0147515
0.00470073 -0.0147515 0.150168

0.0383545 0.000317042 -0.00628018
0.000317042 0.0388172 0.00120075
-0.00628018 0.00120075 0.680214

0.0590001 -6.06132e-08 0.000820748
-6.06132e-08 0.0590003 -0.00208298
0.000820748 -0.00208298 0.715585

0.0579379 -0.00231599 0.00651208
-0.00231599 0.0552286 0.00203591
0.00651208 0.00203591 0.741612

0.0294873 -0.00147046 -0.00363998
-0.00147046 0.0322932 -0.000120443
-0.00363998 -0.000120443 0.680174

0.0233213 -0.00122942 -0.00709915
-0.00122942 0.0257066 0.00333975
-0.00709915 0.00333975 0.659619

0.0464599 0.00198216 -0.0082371
0.00198216 0.0489454 -0.00136885
-0.0082371 -0.00136885 0.691698

0.0550594 -0.00216377 -0.00237128
-0.00216377 0.0585546 -0.00675886
-0.00237128 -0.00675886 0.740138

0.011924 0.00612539 -0.00862371
0.00612539 0.0139794 -0.0172524
-0.00862371 -0.0172524 0.204069

0.0193922 0.00257985 -0.00765353
0.00257985 0.0199007 -0.01701
-0.00765353 -0.01701 0.20246

0.00796985 -0.00599964 -0.0254438
-0.00599964 0.0124352 -0.00133249
-0.0254438 -0.00133249 0.212134

0.00558723 -0.00253284 -0.0225103
-0.00253284 0.0104336 -0.000863184
-0.0225103 -0.000863184 0.212906

-0.0022524 0.0016874 -0.0253484
0.0016874 0.00618601 0.000548135
-0.0253484 0.000548135 0.188348

TENSORS Lagrange_strain float
0.00132633 1.29023e-05 -0.000238245
1.29023e-05 0.00147427 0.000522395
-0.000238245 0.000522395 -0.00339813

0.00131384 6.50573e-05 -0.000228782
6.50573e-05 0.0012564 0.000487145
-0.000228782 0.000487145 -0.00296512

0.00164986 8.96647e-05 5.39805e-05
8.96647e-05 0.00173787 -0.000296761
5.39805e-05 -0.000296761 -0.00455082

1.96824e-06 3.16376e-05 0.00114283
3.16376e-05 6.002e-05 -0.000677106
0.00114283 -0.000677106 0.000271207

0.00123371 -0.000135438 -0.000254352
-0.000135438 0.00127203 0.000449886
-0.000254352 0.000449886 -0.00333919

-5.85322e-05 1.60953e-05 0.000386636
1.60953e-05 -0.000162482 0.000405457
0.000386636 0.000405457 0.00092157

0.00233221 4.93633e-05 0.000186303
4.93633e-05 0.00237746 -8.58347e-05
0.000186303 -8.58347e-05 -0.0060081

0.00143274 -0.000130514 -8.75909e-05
-0.000130514 0.00181193 3.78109e-05
-8.75909e-05 3.78109e-05 -0.00419295

-0.000251736 4.83991e-05 0.000804285
4.83991e-05 -0.000106047 -0.000335268
0.000804285 -0.000335268 0.000683224

0.000135156 8.12257e-05 -0.000220542
8.12257e-05 0.000317033 -0.00088229
-0.000220542 -0.00088229 -0.000682434

0.00185128 -3.2053e-05 3.0199e-05
-3.2053e-05 0.00181644 -8.80641e-05
3.0199e-05 -8.80641e-05 -0.00433846

-2.40006e-05 2.11185e-05 0.00125626
2.11185e-05 8.86742e-05 -0.000691184
0.00125626 -0.000691184 -0.000114783

0.000222934 0.000117984 0.00126278
0.000117984 0.000339806 0.000187809
0.00126278 0.000187809 -0.000708439

-2.10955e-05 6.23104e-05 5.48635e-05
6.23104e-05 -5.07157e-05 -2.92834e-05
5.48635e-05 -2.92834e-05 0.000336407

-0.000136476 -1.18751e-05 0.000274273
-1.18751e-05 -7.9649e-05 4.66173e-05
0.000274273 4.66173e-05 0.000979356

5.66628e-05 -5.97717e-05 0.000704615
-5.97717e-05 -3.55852e-05 -0.000869696
0.000704615 -0.000869696 0.000337561

0.00167155 3.1243e-05 -4.16222e-05
3.1243e-05 0.00159951 -0.000266183
-4.16222e-05 -0.000266183 -0.00415131

2.59384e-05 -1.2843e-05 9.5828e-05
-1.2843e-05 1.76407e-05 -1.54185e-05
9.5828e-05 -1.54185e-05 0.000250454

0.0016183 5.29119e-05 -8.66173e-05
5.29119e-05 0.00161385 -0.000299714
-8.66173e-05 -0.000299714 -0.00404462

-9.43845e-05 -1.97479e-05 0.000334225
-1.97479e-05 -0.000124279 0.000287182
0.000334225 0.000287182 0.000903568

0.00017822 4.25417e-05 -0.000338469
4.25417e-05 0.000164943 -0.000974143
-0.000338469 -0.000974143 -0.000568878

7.60197e-05 -2.49452e-05 0.000671703
-2.49452e-05 2.60533e-05 -0.000949356
0.000671703 -0.000949356 -1.60559e-05

0.000155404 -1.22782e-05 8.54487e-05
-1.22782e-05 0.000251724 0.000416373
8.54487e-05 0.000416373 -0.000925103

0.00136161 -4.02741e-05 -0.00019158
-4.02741e-05 0.00135329 -0.00014115
-0.00019158 -0.00014115 -0.00314906

-0.000118443 -1.7135e-06 0.00032224
-1.7135e-06 -0.000136888 0.000292683
0.00032224 0.000292683 0.000910936

-6.55277e-05 2.26402e-05 0.000407017
2.26402e-05 -0.000168522 0.000383193
0.000407017 0.000383193 0.000984872

6.5735e-05 -2.73518e-05 0.000647313
-2.73518e-05 9.92238e-06 -0.00125309
0.000647313 -0.00125309 0.000245939

0.00164559 1.7836e-05 -0.000128663
1.7836e-05 0.00140302 0.000351937
-0.000128663 0.000351937 -0.00383526

0.000312027 0.000163343 0.00022945
0.000163343 0.000440118 0.000393689
0.00022945 0.000393689 -0.00124458

7.65699e-05 -2.6408e-05 0.000637556
-2.6408e-05 -1.35529e-05 -0.00116618
0.000637556 -0.00116618 -7.2198e-05

0 0 -1.59018e-05
0 0 1.57778e-05
-1.59018e-05 1.57778e-05 0.000944644

0.00190244 -7.46378e-05 0.00023043
-7.46378e-05 0.00148339 5.72764e-05
0.00023043 5.72764e-05 -0.00429212

-0.000222059 4.9568e-05 -0.000666357
4.9568e-05 -0.000160505 0.000447558
-0.000666357 0.000447558 0.00113604

0.00169991 -0.00016041 0.00046154
-0.00016041 0.0014933 0.000307961
0.00046154 0.000307961 -0.00405073

-0.000253194 2.23137e-06 0.000804986
2.23137e-06 -8.18129e-05 0.000276609
0.000804986 0.000276609 0.000916866

0.00164349 -0.000188806 0.000380017
-0.000188806 0.00155347 0.000127412
0.000380017 0.000127412 -0.0039071

-0.000198812 7.18809e-05 -0.000645829
7.18809e-05 -0.000145131 0.000449009
-0.000645829 0.000449009 0.00109904

0.00161057 6.00797e-05 0.00019399
6.00797e-05 0.00136023 -0.000527522
0.00019399 -0.000527522 -0.00391791

0.00191805 -9.40298e-06 -0.000214541
-9.40298e-06 0.00204201 0.000138241
-0.000214541 0.000138241 -0.00492736

0.000532754 -1.56851e-05 0.00102714
-1.56851e-05 0.000259191 -0.000115361
0.00102714 -0.000115361 -0.00143446

0.000421002 -3.09862e-05 0.00101505
-3.09862e-05 0.000272643 -0.000240088
0.00101505 -0.000240088 -0.000461513

-0.000127684 -4.21654e-06 0.000328316
-4.21654e-06 -9.17072e-05 0.000168648
0.000328316 0.000168648 0.0010116

0.000268422 -6.92168e-05 -1.49855e-05
-6.92168e-05 0.000284856 6.15493e-05
-1.49855e-05 6.15493e-05 -0.00132027

-8.15757e-05 5.77126e-05 -0.000222946
5.77126e-05 -0.000182801 -0.000559683
-0.000222946 -0.000559683 0.000954563

-9.66232e-05 7.20589e-05 -3.0784e-05
7.20589e-05 -0.000191973 -0.000850424
-3.0784e-05 -0.000850424 0.00106674

0.00026074 2.77221e-05 0.00117443
2.77221e-05 3.54758e-05 0.000102068
0.00117443 0.000102068 -0.000671275

-0.00020327 0.000100424 -0.000549606
0.000100424 -0.000226529 0.000340231
-0.000549606 0.000340231 0.00156134

-8.76214e-05 2.13994e-05 -4.59165e-05
2.13994e-05 -0.000198819 -0.000489471
-4.59165e-05 -0.000489471 0.000831649

-0.000251603 -1.16787e-05 0.000743008
-1.16787e-05 -0.000180193 0.000122669
0.000743008 0.000122669 0.00113048

0.000295709 -7.47745e-06 -1.60339e-05
-7.47745e-06 0.000396551 0.000133508
-1.60339e-05 0.000133508 -0.00151756

0.000300089 -5.11173e-05 -2.89073e-05
-5.11173e-05 0.000563758 3.04413e-05
-2.89073e-05 3.04413e-05 -0.00167971

7.24509e-05 3.13717e-05 -0.000194855
3.13717e-05 -4.61229e-06 0.000160409
-0.000194855 0.000160409 0.000346859

0.000211107 -6.75827e-05 4.42085e-05
-6.75827e-05 0.000213661 -9.90557e-05
4.42085e-05 -9.90557e-05 -0.00106906

0.000277346 -0.000106323 -2.10558e-05
-0.000106323 0.000430019 4.30676e-05
-2.10558e-05 4.30676e-05 -0.0015254

0.0002231 4.57578e-06 -7.0224e-05
4.57578e-06 0.00029787 -0.000347262
-7.0224e-05 -0.000347262 -0.00106523

-8.16914e-05 -4.46654e-06 -2.46954e-05
-4.46654e-06 -0.000267739 0.000906348
-2.46954e-05 0.000906348 0.00123258

0.000115771 -8.33459e-05 0.000715665
-8.33459e-05 0.000200255 -0.00052188
0.000715665 -0.00052188 -0.000683133

0.000185748 -3.02008e-05 0.000139197
-3.02008e-05 0.000173279 -0.000128776
0.000139197 -0.000128776 -0.000800489

0.000182999 5.27014e-05 3.44816e-05
5.27014e-05 1.20864e-05 0.00150843
3.44816e-05 0.00150843 -0.000244676

0.00143948 7.89767e-05 7.55293e-05
7.89767e-05 0.00133669 0.000450624
7.55293e-05 0.000450624 -0.00375866

0.00163199 -2.15701e-05 -0.000106203
-2.15701e-05 0.00199871 0.000233002
-0.000106203 0.000233002 -0.00440477

0.000222215 3.34722e-05 -5.86591e-05
3.34722e-05 6.51942e-05 0.000145994
-5.86591e-05 0.000145994 -0.00108855

6.92789e-05 2.69457e-05 -9.85118e-05
2.69457e-05 3.36981e-05 -5.85418e-05
-9.85118e-05 -5.85418e-05 0.000227741

0.000200846 2.39098e-05 -6.50175e-05
2.39098e-05 0.000166592 -5.18191e-05
-6.50175e-05 -5.18191e-05 -0.00128976

0.000214425 2.17016e-05 1.98644e-05
2.17016e-05 0.000128158 -9.39135e-06
1.98644e-05 -9.39135e-06 -0.00105151

9.41069e-05 2.44204e-05 7.10749e-05
2.44204e-05 -3.48905e-05 0.000411688
7.10749e-05 0.000411688 0.000102259

0.000695651 -0.000173592 0.000573532
-0.000173592 0.000359924 -5.44824e-05
0.000573532 -5.44824e-05 -0.00151777

0.000637534 -0.000211055 0.000460188
-0.000211055 0.000469711 -0.000309335
0.000460188 -0.000309335 -0.00149208

0.00197965 2.43319e-05 0.000187529
2.43319e-05 0.00205317 4.00652e-05
0.000187529 4.00652e-05 -0.00532634

-8.33343e-05 -3.42481e-05 -2.35932e-05
-3.42481e-05 -0.000346461 0.000893415
-2.35932e-05 0.000893415 0.00123419

0.00228952 0.000113344 -0.000137194
0.000113344 0.00201526 0.000419341
-0.000137194 0.000419341 -0.00587205

0.000552863 7.89398e-05 0.000126756
7.89398e-05 0.000215546 6.04367e-05
0.000126756 6.04367e-05 -0.00167632

-1.74818e-05 -1.42914e-05 -1.82376e-05
-1.42914e-05 1.18394e-05 0.00127346
-1.82376e-05 0.00127346 0.000187761

0.000353242 9.41808e-05 -6.20799e-05
9.41808e-05 0.000336608 -0.000121572
-6.20799e-05 -0.000121572 -0.00128878

0.00197947 1.63025e-05 0.000206535
1.63025e-05 0.002139 -4.40765e-06
0.000206535 -4.40765e-06 -0.00554155

-7.50029e-05 -8.4698e-05 -0.000111991
-8.4698e-05 -0.000354928 0.000853373
-0.000111991 0.000853373 0.00111784

0.00145637 -5.59054e-05 -0.000239734
-5.59054e-05 0.00135326 -0.000157506
-0.000239734 -0.000157506 -0.00335084

0.00053959 0.000154488 -0.000231756
0.000154488 0.0005381 -0.000130852
-0.000231756 -0.000130852 -0.00179293

-3.73022e-05 -1.46207e-05 -8.79145e-05
-1.46207e-05 6.99268e-05 0.00135817
-8.79145e-05 0.00135817 0.000466763

-0.00012844 1.50408e-05 -0.00123318
1.50408e-05 3.55389e-05 0.000375439
-0.00123318 0.000375439 0.000328735

-7.9723e-05 -1.6118e-05 -0.00138801
-1.6118e-05 -1.89252e-05 0.000358266
-0.00138801 0.000358266 0.000280905

0.00203673 -3.01619e-05 0.000172701
-3.01619e-05 0.00202392 -6.93407e-06
0.000172701 -6.93407e-06 -0.00552744

0.00156371 -3.24378e-05 1.22768e-05
-3.24378e-05 0.00165013 -0.000354994
1.22768e-05 -0.000354994 -0.00401941

0.00206574 -6.40977e-06 0.000294471
-6.40977e-06 0.0020224 2.88846e-05
0.000294471 2.88846e-05 -0.00521097

-5.1263e-05 3.93764e-05 -0.00127003
3.93764e-05 3.57358e-05 0.000403705
-0.00127003 0.000403705 0.000133526

0.000497255 -0.000239198 0.000102084
-0.000239198 0.00111954 0.000569133
0.000102084 0.000569133 -0.00255528

1.29284e-06 -1.23444e-05 9.21908e-05
-1.23444e-05 -2.13766e-05 0.000739759
9.21908e-05 0.000739759 3.8949e-05

0.00142072 -6.33881e-05 -0.000459588
-6.33881e-05 0.00151814 8.11826e-05
-0.000459588 8.11826e-05 -0.00369944

0.00192834 -4.36567e-06 -0.000261635
-4.36567e-06 0.00199799 0.000147682
-0.000261635 0.000147682 -0.00473459

0.000300851 3.4655e-05 2.27084e-05
3.4655e-05 0.000674531 -0.000508729
2.27084e-05 -0.000508729 -0.0011384

6.06943e-05 2.28729e-05 -0.000198817
2.28729e-05 3.05758e-05 -0.000120434
-0.000198817 -0.000120434 -3.54287e-05

0.000186059 -2.35326e-05 0.000162449
-2.35326e-05 0.000251801 -0.000588927
0.000162449 -0.000588927 -0.000744632

0.000285082 0.000103624 -1.91578e-05
0.000103624 0.000354369 -0.000167236
-1.91578e-05 -0.000167236 -0.00134231

0.000365022 -0.000150086 -6.50906e-05
-0.000150086 0.000789873 0.000286286
-6.50906e-05 0.000286286 -0.00171769

0.000164521 5.91024e-05 -9.00255e-05
5.91024e-05 0.000414078 2.01679e-06
-9.00255e-05 2.01679e-06 -0.00140687

0.000367173 -0.000151578 -0.000128354
-0.000151578 0.000753949 3.41205e-05
-0.000128354 3.41205e-05 -0.00222844

0.00148721 3.06255e-05 0.000102253
3.06255e-05 0.00161778 -0.000463025
0.000102253 -0.000463025 -0.00406683

0.00151931 4.19257e-05 -0.000354367
4.19257e-05 0.00160438 4.44412e-05
-0.000354367 4.44412e-05 -0.00394065

0.000409512 -4.29161e-05 -1.51374e-05
-4.29161e-05 0.00103111 0.00029645
-1.51374e-05 0.00029645 -0.00238928

0.000256353 4.4977e-05 -4.73969e-06
4.4977e-05 0.000174421 -8.49181e-06
-4.73969e-06 -8.49181e-06 -0.00124255

0.00121533 6.39132e-05 0.00016929
6.39132e-05 0.00128388 -0.000671286
0.00016929 -0.000671286 -0.00313579

0.00142407 -0.000100439 -0.000375798
-0.000100439 0.00153779 4.55999e-05
-0.000375798 4.55999e-05 -0.00366675

-2.46742e-05 7.35377e-05 -0.00114214
7.35377e-05 -0.000149121 0.000286682
-0.00114214 0.000286682 0.000861786

0.00170773 6.36423e-05 -0.000107656
6.36423e-05 0.00152612 -0.000305617
-0.000107656 -0.000305617 -0.00403458

-0.0001448 4.53937e-05 -0.00102119
4.53937e-05 -7.30024e-05 0.000231342
-0.00102119 0.000231342 0.000856354

-2.22045e-16 -1.11022e-16 2.06037e-05
-1.11022e-16 0 8.20602e-06
2.06037e-05 8.20602e-06 0.000996465

0.000347671 -9.63444e-06 -0.000121277
-9.63444e-06 0.000339543 -3.78659e-05
-0.000121277 -3.78659e-05 -0.0014443

0.000432824 0.000166163 0.000234848
0.000166163 0.000390845 0.000755973
0.000234848 0.000755973 -0.000884421

0.000410979 -4.55758e-05 -4.52122e-05
-4.55758e-05 0.00102732 0.000325989
-4.52122e-05 0.000325989 -0.00184521

0.0016831 -8.23185e-05 -2.79004e-05
-8.23185e-05 0.00147931 -5.12596e-05
-2.79004e-05 -5.12596e-05 -0.00434663

0.000157823 -2.83894e-05 3.90747e-05
-2.83894e-05 0.000122683 -1.85215e-05
3.90747e-05 -1.85215e-05 -0.00101564

8.34629e-05 -4.76779e-05 -0.000151165
-4.76779e-05 0.000130607 -0.000151966
-0.000151165 -0.000151966 -4.94187e-05

-0.000691509 8.53882e-05 -0.000825271
8.53882e-05 0.000520732 0.00114035
-0.000825271 0.00114035 0.00194973

0.00185041 -4.52315e-05 3.50666e-05
-4.52315e-05 0.00169246 -6.69851e-05
3.50666e-05 -6.69851e-05 -0.00432896

0.00159079 -7.39802e-07 -0.000203871
-7.39802e-07 0.00168277 -0.000384558
-0.000203871 -0.000384558 -0.00425039

0.00135879 5.50235e-05 -0.000161288
5.50235e-05 0.00123233 -0.000860333
-0.000161288 -0.000860333 -0.00321673

0.0013131 -5.25907e-05 -7.50407e-05
-5.25907e-05 0.00114039 -0.000807426
-7.50407e-05 -0.000807426 -0.00323981

0.00186043 2.15509e-05 -7.20938e-06
2.15509e-05 0.00199136 3.16078e-06
-7.20938e-06 3.16078e-06 -0.00499791

0.000720166 -0.000307159 -0.000341667
-0.000307159 0.000797866 0.000165347
-0.000341667 0.000165347 -0.00252064

0.00236734 7.73087e-06 -5.65991e-05
7.73087e-06 0.00209515 0.000288307
-5.65991e-05 0.000288307 -0.00586917

0.00121429 -0.000165257 4.84048e-05
-0.000165257 0.00127743 -0.000427018
4.84048e-05 -0.000427018 -0.00275178

0.000537421 0.000125799 -0.000218476
0.000125799 0.000326619 -4.69245e-05
-0.000218476 -4.69245e-05 -0.00182416

0.000484682 0.00025537 0.000505175
0.00025537 0.000449776 0.00079193
0.000505175 0.00079193 -0.00142288

-0.000103798 -3.30622e-05 -4.96034e-05
-3.30622e-05 -0.000162354 0.000931683
-4.96034e-05 0.000931683 0.00123037

0.00192717 -5.17765e-05 -0.000194072
-5.17765e-05 0.0019986 0.000198073
-0.000194072 0.000198073 -0.00498132

-0.000173472 -6.44377e-06 -0.00107078
-6.44377e-06 -8.08218e-05 -0.00033166
-0.00107078 -0.00033166 0.000807538

-0.000193394 -0.000206328 -0.000102917
-0.000206328 -0.000200258 -0.000264463
-0.000102917 -0.000264463 0.00191648

0.00125061 -2.3603e-06 0.000254893
-2.3603e-06 0.00121225 -0.000620108
0.000254893 -0.000620108 -0.0031572

0.00151737 -0.000115508 4.08576e-05
-0.000115508 0.00151578 6.15049e-05
4.08576e-05 6.15049e-05 -0.00345654

-7.92404e-05 4.99922e-05 -0.000570202
4.99922e-05 -7.20434e-05 0.00077929
-0.000570202 0.00077929 0.000149296

0.00102177 4.30951e-05 -3.39747e-05
4.30951e-05 0.000367565 6.74183e-06
-3.39747e-05 6.74183e-06 -0.00218009

-0.000113097 -4.44481e-06 -3.65413e-05
-4.44481e-06 -0.000249593 0.000885771
-3.65413e-05 0.000885771 0.00125147

0.00117029 4.92841e-05 0.000190217
4.92841e-05 0.000939475 -0.000128544
0.000190217 -0.000128544 -0.00268459

-0.000128762 1.80145e-05 -0.000818347
1.80145e-05 -6.15504e-05 -0.000101328
-0.000818347 -0.000101328 0.000792319

0.00201596 -2.9261e-05 -0.000128352
-2.9261e-05 0.00122829 -0.000248489
-0.000128352 -0.000248489 -0.00406889

0.00135325 -5.82894e-05 -3.4714e-06
-5.82894e-05 0.0011664 -0.000167995
-3.4714e-06 -0.000167995 -0.00319463

-9.58427e-05 -3.63398e-05 -0.00100589
-3.63398e-05 -0.000135734 -0.000317683
-0.00100589 -0.000317683 0.000838929

0.00220963 0.00021885 -0.000122243
0.00021885 0.00209515 0.000233318
-0.000122243 0.000233318 -0.00582427

0.000462131 0.00013497 -0.000149993
0.00013497 0.000735548 -0.000588806
-0.000149993 -0.000588806 -0.00149599

0.000280232 6.35107e-05 -7.67141e-05
6.35107e-05 0.000181331 -3.97197e-05
-7.67141e-05 -3.97197e-05 -0.0011068

0.000404228 7.74826e-05 0.000979358
7.74826e-05 0.000310581 0.000368075
0.000979358 0.000368075 -0.000622685

0.00127187 3.33898e-05 -0.000119011
3.33898e-05 0.00140937 -0.000285917
-0.000119011 -0.000285917 -0.00318091

0.000555818 5.6886e-05 -0.000231308
5.6886e-05 0.000387028 0.000110322
-0.000231308 0.000110322 -0.00178291

0.000365931 0.000146276 0.00101554
0.000146276 0.000561452 0.000592056
0.00101554 0.000592056 -0.00150585

0.000364172 0.000128928 0.00100857
0.000128928 0.000460043 0.000284088
0.00100857 0.000284088 -0.000713068

4.70614e-05 1.51983e-05 0.000569094
1.51983e-05 7.37078e-05 0.000472073
0.000569094 0.000472073 -0.000192963

0.00136115 0.000169266 0.000755332
0.000169266 0.00127956 -0.00022561
0.000755332 -0.00022561 -0.00347831

0.000501659 0.00011415 -0.000946247
0.00011415 0.000479781 -0.000723312
-0.000946247 -0.000723312 -0.00153596

0.000243872 2.70913e-05 0.00023638
2.70913e-05 0.000273042 0.000227119
0.00023638 0.000227119 -0.00114089

0.00235379 7.12278e-06 0.000102978
7.12278e-06 0.00202399 9.44833e-06
0.000102978 9.44833e-06 -0.00565236

-6.61606e-05 1.00503e-05 -0.000176869
1.00503e-05 -0.000138549 -0.000642557
-0.000176869 -0.000642557 0.00105785

0.000498489 8.69268e-05 -0.000923851
8.69268e-05 0.000404731 -0.000337147
-0.000923851 -0.000337147 -0.00145765

0.000194387 5.15679e-05 -0.000106094
5.15679e-05 0.000326241 -5.34346e-05
-0.000106094 -5.34346e-05 -0.00143768

-4.28804e-05 3.12798e-05 -4.61444e-05
3.12798e-05 -8.60525e-05 -8.48314e-05
-4.61444e-05 -8.48314e-05 0.000702327

0.000473302 4.86359e-05 -0.000214544
4.86359e-05 0.000817943 -0.000207933
-0.000214544 -0.000207933 -0.00194856

0.000418558 -3.25855e-05 -4.38692e-05
-3.25855e-05 0.000796151 -0.000190753
-4.38692e-05 -0.000190753 -0.00191624

0.00011719 -5.57444e-05 -0.000551702
-5.57444e-05 -7.77644e-05 -2.93493e-05
-0.000551702 -2.93493e-05 0.000504066

-0.000120014 3.57288e-05 -0.0011102
3.57288e-05 -0.000118722 0.000247134
-0.0011102 0.000247134 0.00116883

8.22381e-05 4.60745e-05 -0.000261256
4.60745e-05 6.77413e-06 0.00015697
-0.000261256 0.00015697 -6.9492e-05

0.00107707 -0.000260459 -0.000187647
-0.000260459 0.000853488 -4.6217e-06
-0.000187647 -4.6217e-06 -0.00288127

0.00238618 2.24407e-05 -2.715e-05
2.24407e-05 0.00188165 0.00028064
-2.715e-05 0.00028064 -0.00582732

0.00235379 -4.647e-06 9.43994e-05
-4.647e-06 0.00232762 -6.29884e-05
9.43994e-05 -6.29884e-05 -0.00591926

-2.98382e-06 9.21476e-05 0.000427127
9.21476e-05 -1.75728e-05 0.000226174
0.000427127 0.000226174 -8.42872e-06

0.000480125 0.000127643 -0.000843353
0.000127643 0.000393475 -0.000305687
-0.000843353 -0.000305687 -0.00125274

0.000472883 0.000124581 -0.000779228
0.000124581 0.000509766 -0.000567023
-0.000779228 -0.000567023 -0.00111296

0.00114249 2.91915e-05 0.000242608
2.91915e-05 0.000535395 0.000182822
0.000242608 0.000182822 -0.00239304

0.0014339 -1.97512e-05 0.000243139
-1.97512e-05 0.00151222 -0.000194579
0.000243139 -0.000194579 -0.00416458

0.000352169 3.78079e-05 -1.06908e-06
3.78079e-05 0.000446977 -2.85177e-05
-1.06908e-06 -2.85177e-05 -0.00184388

-0.000132722 -1.67291e-05 -0.00134249
-1.67291e-05 -1.56831e-05 0.0003223
-0.00134249 0.0003223 0.000651632

-6.42753e-05 -4.57621e-06 -0.000749537
-4.57621e-06 -6.05556e-06 -0.00107204
-0.000749537 -0.00107204 0.000116308

0.000446875 5.5232e-06 -0.000117403
5.5232e-06 0.000278907 1.86519e-05
-0.000117403 1.86519e-05 -0.00156699

0.00149295 1.70447e-05 0.000318898
1.70447e-05 0.00154489 -0.000219925
0.000318898 -0.000219925 -0.00407137

0.000378622 7.24125e-05 2.63758e-05
7.24125e-05 0.000565075 -0.000289288
2.63758e-05 -0.000289288 -0.0018748

0.00119876 2.9314e-05 0.00082522
2.9314e-05 0.00135469 -9.93441e-05
0.00082522 -9.93441e-05 -0.00348612

-6.67252e-05 3.96009e-05 -0.00073966
3.96009e-05 5.05475e-05 -0.000504448
-0.00073966 -0.000504448 0.000728225

0.00101491 -0.00041747 -2.6651e-05
-0.00041747 0.000689382 1.50949e-05
-2.6651e-05 1.50949e-05 -0.00265424

0.00236632 0.000152042 -0.000159646
0.000152042 0.00192147 0.0004315
-0.000159646 0.0004315 -0.00587035

0.00181796 0.000118796 0.000324945
0.000118796 0.00169426 -0.000434392
0.000324945 -0.000434392 -0.00449627

0.001029 2.83866e-05 -0.000234543
2.83866e-05 0.000438327 0.000169039
-0.000234543 0.000169039 -0.00206241

0.000782112 -5.20803e-05 -0.000498635
-5.20803e-05 0.000418631 4.27653e-05
-0.000498635 4.27653e-05 -0.00209747

0.00234855 -3.72924e-05 8.21751e-05
-3.72924e-05 0.00238087 -1.88777e-05
8.21751e-05 -1.88777e-05 -0.00584273

-0.000109848 7.09356e-06 -0.000914249
7.09356e-06 -6.00823e-05 -9.73315e-05
-0.000914249 -9.73315e-05 0.000732952

0.000277589 1.54449e-05 -0.000875095
1.54449e-05 0.000193716 -0.000285188
-0.000875095 -0.000285188 -0.000755283

-0.000211895 -5.91391e-05 0.000211044
-5.91391e-05 -0.000133749 0.000352875
0.000211044 0.000352875 0.00115749

0.000183486 -1.53327e-05 5.88716e-06
-1.53327e-05 0.000115122 -3.09994e-05
5.88716e-06 -3.09994e-05 -0.00105707

0.00182339 7.78491e-05 0.000301835
7.78491e-05 0.00168899 -0.000158633
0.000301835 -0.000158633 -0.0044305

0.000481623 4.50284e-05 0.000119996
4.50284e-05 0.000191994 -0.000141
0.000119996 -0.000141 -0.0013634

8.5949e-05 6.04343e-05 -0.000262741
6.04343e-05 5.06972e-05 -0.000511368
-0.000262741 -0.000511368 0.000293232

0.000487841 -0.000127242 3.85788e-05
-0.000127242 0.00119178 5.79357e-06
3.85788e-05 5.79357e-06 -0.0026127

0.000474039 5.82191e-05 -0.000207548
5.82191e-05 0.000191489 0.000308628
-0.000207548 0.000308628 -0.00126504

0.000419384 5.70964e-05 -0.000481183
5.70964e-05 0.000315158 -7.4419e-05
-0.000481183 -7.4419e-05 -0.00148336

0.00202561 -2.89988e-05 -7.39101e-05
-2.89988e-05 0.00161912 -0.000302672
-7.39101e-05 -0.000302672 -0.00451512

7.85885e-05 1.60374e-05 -0.000330398
1.60374e-05 -4.28e-06 -0.0010552
-0.000330398 -0.0010552 -0.00024211

-8.59754e-05 8.91688e-06 -2.22256e-05
8.91688e-06 0 1.07604e-05
-2.22256e-05 1.07604e-05 0.000978982

0.00244618 -6.96092e-05 3.94925e-05
-6.96092e-05 0.00220068 -5.60087e-05
3.94925e-05 -5.60087e-05 -0.00580718

0.000370583 0.000119731 -0.000414167
0.000119731 0.000242034 -0.000114167
-0.000414167 -0.000114167 -0.00128079

0.000275246 -4.31411e-05 -1.72079e-05
-4.31411e-05 0.000200403 2.43875e-05
-1.72079e-05 2.43875e-05 -0.00122468

0.00235379 -2.57091e-05 0.000131593
-2.57091e-05 0.00238087 -2.18948e-05
0.000131593 -2.18948e-05 -0.00586883

0.000428121 0.000139585 -0.000117077
0.000139585 0.000656232 -0.000483379
-0.000117077 -0.000483379 -0.0018649

0.000477845 8.6224e-05 -0.000235367
8.6224e-05 8.00462e-05 -2.12479e-05
-0.000235367 -2.12479e-05 -0.00111109

0.00107267 -0.00018966 0.000171359
-0.00018966 0.00035183 -0.000238181
0.000171359 -0.000238181 -0.00238798

0.00181438 0.000117792 0.000287727
0.000117792 0.00170394 -0.00048321
0.000287727 -0.00048321 -0.00473537

0.000207014 6.86083e-05 -0.000699907
6.86083e-05 2.89867e-06 0.000108414
-0.000699907 0.000108414 0.000224612

0.00268215 6.74192e-05 -4.13381e-05
6.74192e-05 0.00220444 9.08651e-06
-4.13381e-05 9.08651e-06 -0.00614745

0.00144265 3.30486e-05 -0.000413219
3.30486e-05 0.00146415 -0.000162837
-0.000413219 -0.000162837 -0.00397433

-0.000150165 4.99273e-05 -0.000833014
4.99273e-05 -8.92768e-05 0.000573391
-0.000833014 0.000573391 0.000990756

-9.23383e-05 3.9507e-05 -0.000773967
3.9507e-05 -0.000123006 0.000435514
-0.000773967 0.000435514 0.00102482

0.000519342 2.54565e-05 0.000140292
2.54565e-05 0.00102469 0.000440809
0.000140292 0.000440809 -0.00265776

0.00235212 1.94435e-05 6.91722e-05
1.94435e-05 0.00237746 -7.70259e-05
6.91722e-05 -7.70259e-05 -0.00594086

0.000472507 7.20967e-05 -5.2884e-05
7.20967e-05 0.000153647 -6.07483e-06
-5.2884e-05 -6.07483e-06 -0.00123478

0.000937065 3.01783e-05 0.000442217
3.01783e-05 0.000547309 0.000121794
0.000442217 0.000121794 -0.00228425

-8.01708e-05 -1.60824e-05 -3.99335e-05
-1.60824e-05 -0.000190239 0.000976865
-3.99335e-05 0.000976865 0.00119786

0.000901552 -0.00018873 2.92617e-05
-0.00018873 0.000501343 4.05172e-05
2.92617e-05 4.05172e-05 -0.00242025

0.000670869 0.00014017 -0.000667122
0.00014017 0.000484923 -0.000114705
-0.000667122 -0.000114705 -0.00177533

0.00181928 8.13324e-05 0.000264376
8.13324e-05 0.00172094 -0.000180677
0.000264376 -0.000180677 -0.0046891

0.00185924 2.4555e-05 -2.07257e-05
2.4555e-05 0.00202346 2.0191e-05
-2.07257e-05 2.0191e-05 -0.00514358

0.0018639 2.57138e-05 0.0001058
2.57138e-05 0.00202344 1.98477e-05
0.0001058 1.98477e-05 -0.00492388

0.000696801 -0.000107114 -0.000108091
-0.000107114 0.0011134 0.000563002
-0.000108091 0.000563002 -0.0026986

-0.000137608 7.37799e-05 -0.000803202
7.37799e-05 -5.33162e-05 0.00110766
-0.000803202 0.00110766 0.00113602

0.000369812 6.57906e-05 0.00033337
6.57906e-05 0.000454536 4.13062e-05
0.00033337 4.13062e-05 -0.00126605

0.00121136 8.8486e-05 -0.000537454
8.8486e-05 0.00136401 0.000531393
-0.000537454 0.000531393 -0.00320589

-9.3469e-05 3.07084e-05 3.22639e-06
3.07084e-05 -6.17576e-05 -5.6899e-05
3.22639e-06 -5.6899e-05 0.000917586

0.000799117 3.76103e-05 -4.55063e-05
3.76103e-05 0.000318559 9.12679e-05
-4.55063e-05 9.12679e-05 -0.00162663

0.000521818 2.95244e-05 9.73829e-05
2.95244e-05 0.00101472 0.000439342
9.73829e-05 0.000439342 -0.00220031

0.0002807 0.000169736 -0.000215986
0.000169736 0.000767101 -0.000635739
-0.000215986 -0.000635739 -0.00142711

0.000901437 -3.60548e-05 -0.00062668
-3.60548e-05 0.000889712 0.000118183
-0.00062668 0.000118183 -0.00246973

-7.89537e-06 1.94884e-05 3.03165e-05
1.94884e-05 8.01299e-05 1.03683e-05
3.03165e-05 1.03683e-05 0.000184034

0.000356441 5.19759e-05 -0.00011829
5.19759e-05 0.000291755 0.000125282
-0.00011829 0.000125282 -0.00139718

0.00118596 7.58372e-05 -0.000597801
7.58372e-05 0.00137639 0.000534413
-0.000597801 0.000534413 -0.00329071

-5.13336e-05 1.17645e-05 -0.000132838
1.17645e-05 -0.000144493 -0.000590224
-0.000132838 -0.000590224 0.000825255

0.000539126 4.41455e-05 0.00104292
4.41455e-05 0.000287324 0.000188913
0.00104292 0.000188913 -0.001441

0.000483902 0.000195723 -0.000544817
0.000195723 0.000385616 -0.00084037
-0.000544817 -0.00084037 -0.0013852

0.00109212 0.000208557 6.75948e-05
0.000208557 0.000541058 2.27905e-05
6.75948e-05 2.27905e-05 -0.00233209

0.000392777 0.000143973 8.67433e-05
0.000143973 0.000822533 0.000440676
8.67433e-05 0.000440676 -0.0019279

0.00183689 -5.68539e-05 0.000125875
-5.68539e-05 0.0017904 -2.37544e-05
0.000125875 -2.37544e-05 -0.004369

0.000159657 -1.06905e-05 0.000387584
-1.06905e-05 5.8943e-05 0.000426955
0.000387584 0.000426955 -0.000279399

0.000230302 7.80487e-05 -0.000146476
7.80487e-05 0.000327347 0.000166766
-0.000146476 0.000166766 -0.00138342

0.000667626 0.000121654 -0.000631648
0.000121654 0.000476362 -0.000164117
-0.000631648 -0.000164117 -0.00150997

0.00126003 -0.000145022 -0.000136983
-0.000145022 0.000914764 0.000169542
-0.000136983 0.000169542 -0.00270102

0.000986568 6.6542e-05 -0.000172604
6.6542e-05 0.000770342 0.000193102
-0.000172604 0.000193102 -0.00270483

0.000403897 0.000180369 0.000101565
0.000180369 0.000940436 0.000462681
0.000101565 0.000462681 -0.00248235

0.000180571 6.36839e-05 -7.37326e-05
6.36839e-05 0.000227016 0.000151361
-7.37326e-05 0.000151361 -0.00106575

0.00263659 -4.95918e-06 -0.000119718
-4.95918e-06 0.0023867 -0.000136782
-0.000119718 -0.000136782 -0.00650501

0.000679205 6.53577e-05 -0.000689878
6.53577e-05 0.000303986 -0.000153904
-0.000689878 -0.000153904 -0.00178273

0.00258679 -5.40496e-05 -5.58274e-05
-5.40496e-05 0.00238087 -4.18649e-05
-5.58274e-05 -4.18649e-05 -0.00666968

0.00106159 7.5856e-05 -0.000155089
7.5856e-05 0.000273853 -0.000232605
-0.000155089 -0.000232605 -0.00231648

0.00192532 8.66017e-06 6.07257e-05
8.66017e-06 0.00203169 5.08836e-05
6.07257e-05 5.08836e-05 -0.00528214

0.00157258 -4.32084e-05 -0.000377552
-4.32084e-05 0.00152077 -3.46885e-05
-0.000377552 -3.46885e-05 -0.00399201

0.00142697 2.02868e-05 0.000339247
2.02868e-05 0.00133868 0.000264779
0.000339247 0.000264779 -0.00356964

0.000221965 1.4683e-05 5.15164e-06
1.4683e-05 0.000232087 -0.000119709
5.15164e-06 -0.000119709 -0.00129388

0.000671585 7.27183e-05 -0.000636161
7.27183e-05 0.000314015 -9.97207e-05
-0.000636161 -9.97207e-05 -0.00150492

0.00268215 1.32048e-05 -9.03447e-05
1.32048e-05 0.00237746 -0.000108849
-9.03447e-05 -0.000108849 -0.00650204

0.00188087 0.000122005 -0.000344587
0.000122005 0.0017256 0.00018778
-0.000344587 0.00018778 -0.00436925

0.000244979 -6.15028e-06 0.000104455
-6.15028e-06 0.000120141 -2.06056e-05
0.000104455 -2.06056e-05 -0.000901434

0.000217301 4.74889e-05 -0.000174368
4.74889e-05 0.00030721 0.000114419
-0.000174368 0.000114419 -0.00131454

8.02284e-05 4.10356e-05 -0.000168372
4.10356e-05 4.52196e-05 -7.80318e-05
-0.000168372 -7.80318e-05 -7.65214e-05

0.000807136 -0.00013626 -0.000769399
-0.00013626 0.000370146 0.000111288
-0.000769399 0.000111288 -0.00181106

0.000750873 -5.18016e-05 -6.81689e-05
-5.18016e-05 0.000306234 -2.1767e-05
-6.81689e-05 -2.1767e-05 -0.00160438

0 0 -2.94241e-06
0 0 -9.03902e-06
-2.94241e-06 -9.03902e-06 0.000880049

6.28022e-05 2.06677e-05 -0.000125896
2.06677e-05 2.78968e-05 -8.94294e-05
-0.000125896 -8.94294e-05 0.000178429

0.000222697 -1.39941e-05 -5.43088e-06
-1.39941e-05 0.000325738 9.18748e-05
-5.43088e-06 9.18748e-05 -0.00133172

0.000735427 -0.000111543 -0.000717907
-0.000111543 0.000362472 0.00011298
-0.000717907 0.00011298 -0.00140137

0.000226617 -9.72249e-07 -6.72224e-06
-9.72249e-07 0.000284688 -8.20687e-05
-6.72224e-06 -8.20687e-05 -0.00133123

0.00159177 -8.70962e-05 -0.000138803
-8.70962e-05 0.00198221 0.000218636
-0.000138803 0.000218636 -0.00441456

-0.000115957 -4.58417e-05 -0.000774052
-4.58417e-05 2.08663e-05 2.37397e-06
-0.000774052 2.37397e-06 4.92553e-05

0.000858301 0.000205267 0.00018149
0.000205267 0.000552534 0.000100192
0.00018149 0.000100192 -0.00188896

0 0 -2.94241e-06
0 0 -9.03902e-06
-2.94241e-06 -9.03902e-06 0.000880049

0.000575073 -6.1049e-06 0.000915091
-6.1049e-06 0.00029624 0.000291116
0.000915091 0.000291116 -0.00108182

0.000217096 -1.91165e-05 -1.67415e-05
-1.91165e-05 0.000321078 7.94581e-05
-1.67415e-05 7.94581e-05 -0.00118712

0.000904478 0.000213398 -0.000147293
0.000213398 0.000674045 -3.81371e-05
-0.000147293 -3.81371e-05 -0.00244575

0.000170703 6.20796e-06 0.00100488
6.20796e-06 0.000185264 -0.000366237
0.00100488 -0.000366237 -0.000336151

0.000828737 0.000303874 -0.000111622
0.000303874 0.000626493 -4.76896e-05
-0.000111622 -4.76896e-05 -0.0024445

0.000245056 -5.78044e-07 7.22951e-05
-5.78044e-07 0.000117448 -4.89876e-07
7.22951e-05 -4.89876e-07 -0.00104397

0.000323825 0.000142263 -1.24062e-05
0.000142263 0.000399305 0.000169471
-1.24062e-05 0.000169471 -0.00177607

0.00014395 -2.45851e-05 3.14377e-05
-2.45851e-05 4.84322e-05 0.000230647
3.14377e-05 0.000230647 -0.00043515

0.00051274 0.000143192 -0.000159389
0.000143192 0.000394563 -5.88661e-06
-0.000159389 -5.88661e-06 -0.00164564

0.00268215 4.04577e-05 -3.88189e-06
4.04577e-05 0.00247452 1.00955e-05
-3.88189e-06 1.00955e-05 -0.00667152

0.000343818 -3.58915e-05 -7.09035e-05
-3.58915e-05 0.00028419 0.000110153
-7.09035e-05 0.000110153 -0.00124214

0.00102914 0.00016884 0.000192912
0.00016884 0.000366108 0.000247003
0.000192912 0.000247003 -0.00225189

0.000316176 8.56038e-05 -5.31592e-05
8.56038e-05 0.000362478 -0.000139407
-5.31592e-05 -0.000139407 -0.0013334

-0.00026861 3.36385e-05 -0.000574572
3.36385e-05 -0.00014327 -4.97603e-05
-0.000574572 -4.97603e-05 0.00191498

0.000219117 -2.93788e-05 -2.2101e-05
-2.93788e-05 0.000321174 -0.000165065
-2.2101e-05 -0.000165065 -0.00135851

1.5129e-05 4.49463e-05 0.000233815
4.49463e-05 -0.000173007 0.000143646
0.000233815 0.000143646 0.00205248

-0.000193103 -2.12802e-05 -0.000411995
-2.12802e-05 -0.000160299 -0.000167001
-0.000411995 -0.000167001 0.00187295

-0.000258496 2.35067e-05 -0.000558061
2.35067e-05 -0.000178965 -5.49927e-06
-0.000558061 -5.49927e-06 0.0018613

-0.000117178 0.000115712 0.000172118
0.000115712 -0.000112959 0.000116817
0.000172118 0.000116817 0.00204783

0 -1.11022e-16 0.000307595
-1.11022e-16 0 -2.07648e-05
0.000307595 -2.07648e-05 0.00219339

-2.22045e-16 0 0.000184472
0 0 0.000130609
0.000184472 0.000130609 0.00194973

0 0 0.000222857
0 0 7.18504e-05
0.000222857 7.18504e-05 0.00204956

-0.000328367 -0.000164002 -0.000630429
-0.000164002 -0.000365634 -0.000564768
-0.000630429 -0.000564768 0.00200267

-0.000236486 -0.000110237 -0.000769711
-0.000110237 -0.000394461 -0.000529309
-0.000769711 -0.000529309 0.00198689

0.000210479 -1.69034e-05 -1.07919e-05
-1.69034e-05 0.000317029 -0.000212887
-1.07919e-05 -0.000212887 -0.00130185

0 0 -2.94241e-06
0 0 -9.03902e-06
-2.94241e-06 -9.03902e-06 0.000880049

-0.000139048 1.07096e-05 0.000254735
1.07096e-05 -1.11022e-16 -4.65326e-06
0.000254735 -4.65326e-06 0.00111441

-0.00012521 -2.61759e-05 -0.000257435
-2.61759e-05 -0.000322312 -0.000452475
-0.000257435 -0.000452475 0.00162232

-0.000105212 -4.91186e-05 -1.10094e-05
-4.91186e-05 -0.000302062 -0.00087215
-1.10094e-05 -0.00087215 0.0015685

0 6.93889e-17 0.000307595
6.93889e-17 0 -2.07648e-05
0.000307595 -2.07648e-05 0.00219339

-0.000159166 -0.000120231 8.41715e-05
-0.000120231 -8.8269e-05 -0.000188328
8.41715e-05 -0.000188328 0.00188034

-0.00032813 4.80128e-06 -0.000484975
4.80128e-06 -0.000156845 4.84911e-05
-0.000484975 4.84911e-05 0.0020767

-0.000207808 6.59745e-06 -0.000175409
6.59745e-06 -0.000251365 0.000322209
-0.000175409 0.000322209 0.00210727

1.29151e-05 -2.69996e-05 0.000162268
-2.69996e-05 -0.000317599 0.000142916
0.000162268 0.000142916 0.00187484

-2.22045e-16 0 0.000159722
0 0 -0.000201054
0.000159722 -0.000201054 0.00220052

0 0 0.000192484
0 0 -9.31525e-05
0.000192484 -9.31525e-05 0.00188407

-2.22045e-16 1.11022e-16 0.000159722
1.11022e-16 0 -0.000201054
0.000159722 -0.000201054 0.00220052

0.00151297 -0.000105252 -0.000109699
-0.000105252 0.00148087 -0.000253018
-0.000109699 -0.000253018 -0.00388545

0.000737525 -9.86868e-05 -0.000314062
-9.86868e-05 0.000871878 0.000505066
-0.000314062 0.000505066 -0.0023647

-0.000224685 0.00020353 -0.000297103
0.00020353 -0.000539202 0.000395449
-0.000297103 0.000395449 0.00222186

-0.00019673 0.000129206 -2.30913e-05
0.000129206 -0.000699644 0.000648886
-2.30913e-05 0.000648886 0.00221466

-0.000153366 6.93962e-05 -0.00037644
6.93962e-05 -0.000304285 0.000643272
-0.00037644 0.000643272 0.00174993

-0.000116222 1.23833e-05 -5.19815e-05
1.23833e-05 -0.000438099 0.000940604
-5.19815e-05 0.000940604 0.00172597

-0.000121776 3.93895e-05 -0.000750462
3.93895e-05 -0.000238363 -0.000652703
-0.000750462 -0.000652703 0.00142573

-0.000259946 -5.21389e-05 -0.000671797
-5.21389e-05 -0.000186937 -0.000682028
-0.000671797 -0.000682028 0.00144012

-0.000222172 1.26648e-05 -0.00102975
1.26648e-05 -0.000186108 -0.0002232
-0.00102975 -0.0002232 0.00151719

-0.000278258 -1.25008e-05 -0.000768916
-1.25008e-05 -0.000194864 -0.000142911
-0.000768916 -0.000142911 0.000836663

-0.000141051 -5.42109e-07 0.000270573
-5.42109e-07 -5.40002e-05 8.2414e-05
0.000270573 8.2414e-05 0.000989564

-0.000296857 7.70036e-06 -0.000997254
7.70036e-06 -0.000159957 0.000181025
-0.000997254 0.000181025 0.00130336

0.00150482 -4.61758e-05 0.000232546
-4.61758e-05 0.00126535 -0.000146425
0.000232546 -0.000146425 -0.00363495

-0.000455391 5.70768e-05 -0.00114136
5.70768e-05 -6.12098e-05 0.00015178
-0.00114136 0.00015178 0.00122051

0.000975014 -3.6342e-05 -0.000348478
-3.6342e-05 0.000888097 0.000487514
-0.000348478 0.000487514 -0.00284877

-0.000276169 8.30115e-05 -0.000823996
8.30115e-05 -0.000178538 0.000690994
-0.000823996 0.000690994 0.00148288

-0.000249666 9.87891e-05 -0.00059341
9.87891e-05 -0.000169159 0.000823107
-0.00059341 0.000823107 0.00150483

0.000344044 6.39234e-05 0.000117288
6.39234e-05 0.000439158 -0.000148197
0.000117288 -0.000148197 -0.00144627

-0.000198199 2.07948e-05 -0.00086523
2.07948e-05 -0.000153085 -0.000560461
-0.00086523 -0.000560461 0.000754281

0.000141758 -4.94447e-05 1.10566e-05
-4.94447e-05 0.000125024 -0.000137814
1.10566e-05 -0.000137814 -0.000572105

-0.000132975 -7.89973e-05 -0.000581353
-7.89973e-05 -0.000382597 -0.000817932
-0.000581353 -0.000817932 0.00164058

-0.000117553 -8.5373e-05 -0.000100825
-8.5373e-05 -0.000387767 -0.00135943
-0.000100825 -0.00135943 0.00155558

-6.72723e-05 0.000106167 -0.000651005
0.000106167 4.73318e-06 -0.00105281
-0.000651005 -0.00105281 0.000613409

2.23924e-05 1.25351e-05 -0.000736525
1.25351e-05 8.42621e-06 -0.000982656
-0.000736525 -0.000982656 0.000691079

6.52341e-05 0.000110195 0.00107917
0.000110195 9.01548e-05 -0.000494197
0.00107917 -0.000494197 1.50894e-05

0.00171345 8.96861e-05 0.000248015
8.96861e-05 0.00154704 -0.000426535
0.000248015 -0.000426535 -0.00399302

4.56491e-05 -2.08673e-05 -7.62297e-05
-2.08673e-05 -8.73838e-05 -3.44833e-05
-7.62297e-05 -3.44833e-05 0.000961859

-0.000186426 -1.07666e-05 -0.000860743
-1.07666e-05 -0.000171492 0.000937807
-0.000860743 0.000937807 0.00117006

-0.000162711 -2.2618e-05 -0.000941339
-2.2618e-05 -6.2682e-05 0.000171216
-0.000941339 0.000171216 0.000435689

0.00188282 3.49817e-05 -0.000123381
3.49817e-05 0.00155257 -0.00021139
-0.000123381 -0.00021139 -0.00392516

0.000221025 6.34155e-05 -0.000179292
6.34155e-05 0.000305518 9.68161e-05
-0.000179292 9.68161e-05 -0.00123526

0.00171059 4.54255e-05 -9.59532e-05
4.54255e-05 0.00143501 -0.000377439
-9.59532e-05 -0.000377439 -0.00398673

8.89886e-05 5.77377e-05 -0.0009376
5.77377e-05 5.66234e-06 -0.00116332
-0.0009376 -0.00116332 0.000179248

1.14833e-05 -1.21293e-06 -0.000824782
-1.21293e-06 -8.72312e-06 -0.00109686
-0.000824782 -0.00109686 2.73178e-05

2.66045e-07 7.77157e-05 0.0013723
7.77157e-05 7.39242e-05 -0.000350554
0.0013723 -0.000350554 -7.08686e-05

0.00143569 3.04404e-05 -0.000427762
3.04404e-05 0.00156437 -4.76522e-05
-0.000427762 -4.76522e-05 -0.00386091

0.000942724 0.0002138 0.000109983
0.0002138 0.000460366 8.5756e-05
0.000109983 8.5756e-05 -0.00197638

0.00178449 4.77478e-05 3.31126e-05
4.77478e-05 0.00184842 -0.000263686
3.31126e-05 -0.000263686 -0.00428208

0.000263848 -5.09077e-05 -0.00140022
-5.09077e-05 0.000132027 0.000355108
-0.00140022 0.000355108 -0.000131087

0.000275544 -5.36537e-05 -0.00136975
-5.36537e-05 0.000132672 0.000348058
-0.00136975 0.000348058 -0.000605406

0.000232527 -7.64108e-05 -0.00108265
-7.64108e-05 0.000127307 0.000842015
-0.00108265 0.000842015 -0.00010155

0.000762363 -0.000186563 -0.000236832
-0.000186563 0.000742624 0.000150721
-0.000236832 0.000150721 -0.00250711

-0.000179422 -5.84691e-05 0.000234146
-5.84691e-05 -0.000287768 0.00033318
0.000234146 0.00033318 0.00117128

0.000460801 2.30185e-05 -0.0010706
2.30185e-05 7.1809e-05 -0.000374016
-0.0010706 -0.000374016 -0.000457824

0.00177271 9.99434e-05 4.243e-05
9.99434e-05 0.00162147 -0.000327477
4.243e-05 -0.000327477 -0.00417175

0.000473403 0.000179545 -0.00062592
0.000179545 0.000360936 -0.000982331
-0.00062592 -0.000982331 -0.000841549

0.000478715 7.13834e-05 -0.00103545
7.13834e-05 0.00043847 -0.000844817
-0.00103545 -0.000844817 -0.000923209

8.16374e-05 -2.46867e-05 -0.000891784
-2.46867e-05 0.000278292 -0.00110272
-0.000891784 -0.00110272 8.34781e-05

0.00013412 3.58793e-05 -0.000314585
3.58793e-05 0.000210577 -0.00137067
-0.000314585 -0.00137067 9.13983e-05

0.000211069 7.75895e-05 -0.000103541
7.75895e-05 0.000357521 -0.000311312
-0.000103541 -0.000311312 -0.00110095

0.000210047 6.37263e-05 -0.000122571
6.37263e-05 0.000256257 -0.000329898
-0.000122571 -0.000329898 -0.000794067

1.98385e-07 -9.6604e-06 9.95326e-05
-9.6604e-06 -2.71965e-05 0.000731213
9.95326e-05 0.000731213 0.000107103

0.000408159 2.57168e-05 0.000940338
2.57168e-05 3.53702e-05 0.00011382
0.000940338 0.00011382 -0.000851908

0.000241678 -8.07998e-05 -0.00104701
-8.07998e-05 0.000128879 0.000842981
-0.00104701 0.000842981 -0.000575383

0.000436763 -8.61711e-05 -0.000790916
-8.61711e-05 0.000470004 0.000907689
-0.000790916 0.000907689 -0.00104826

0.000221455 -3.55253e-05 2.24666e-05
-3.55253e-05 0.000340283 6.465e-05
2.24666e-05 6.465e-05 -0.0012487

0.00175878 2.26666e-05 -3.4606e-05
2.26666e-05 0.00184785 -0.000282638
-3.4606e-05 -0.000282638 -0.00436758

0.000350665 -0.000132832 -0.00101637
-0.000132832 0.000466417 0.000672025
-0.00101637 0.000672025 -0.00104516

0.00040377 0.000183203 9.20433e-05
0.000183203 0.000918597 0.000471596
9.20433e-05 0.000471596 -0.00219439

0.000550947 0.000204134 -0.000285224
0.000204134 0.000750621 -0.000319688
-0.000285224 -0.000319688 -0.00198928

0.000174751 6.96912e-05 -4.08624e-05
6.96912e-05 0.00018566 -0.000491201
-4.08624e-05 -0.000491201 -0.000618942

0.000630452 4.76661e-05 -0.000915076
4.76661e-05 0.00039174 -0.000337098
-0.000915076 -0.000337098 -0.00145735

0.000591459 0.000128895 -0.00104294
0.000128895 0.000314907 -0.000278615
-0.00104294 -0.000278615 -0.00140886

-3.32715e-05 9.20718e-05 -0.000160079
9.20718e-05 -1.51499e-05 -0.00142318
-0.000160079 -0.00142318 0.000569728

-6.73158e-05 -1.14183e-06 -0.000121162
-1.14183e-06 -0.000193969 -0.0014264
-0.000121162 -0.0014264 0.00068298

-5.88304e-05 -2.9486e-05 -0.000254484
-2.9486e-05 -0.00010181 -0.000906193
-0.000254484 -0.000906193 0.00055457

0.000828625 -0.00010756 -0.000915721
-0.00010756 0.000389763 0.000201727
-0.000915721 0.000201727 -0.00157725

-0.00010795 -7.56661e-06 -0.000168178
-7.56661e-06 -4.72682e-05 2.581e-06
-0.000168178 2.581e-06 0.000571166

0.000326309 -0.000105053 -0.000860585
-0.000105053 0.000439026 0.000439713
-0.000860585 0.000439713 -0.00134594

0.000419088 -6.01148e-05 -0.000638704
-6.01148e-05 0.000431725 0.000671699
-0.000638704 0.000671699 -0.0013487

0.00065366 7.95113e-05 -0.000772904
7.95113e-05 0.000405482 -0.000232766
-0.000772904 -0.000232766 -0.00194238

0.000567942 0.000151943 -0.000689732
0.000151943 0.000499827 -0.000413522
-0.000689732 -0.000413522 -0.00194463

0.00175423 5.96534e-05 -2.07513e-05
5.96534e-05 0.00156331 -0.000428118
-2.07513e-05 -0.000428118 -0.00434137

0.000210915 -2.93698e-05 -3.61371e-05
-2.93698e-05 0.000357091 0.000158917
-3.61371e-05 0.000158917 -0.00139786

8.09119e-06 4.67032e-05 -0.000352196
4.67032e-05 -1.64666e-05 -0.00101294
-0.000352196 -0.00101294 0.000682789

0.00039481 0.000165758 -0.000554673
0.000165758 0.000736573 -0.000814017
-0.000554673 -0.000814017 -0.00147668

-0.000289877 -8.96921e-06 0.00106088
-8.96921e-06 -0.000131868 -0.000230575
0.00106088 -0.000230575 0.00134632

-0.00018061 -2.11129e-05 0.000740386
-2.11129e-05 -0.000132223 -0.000140617
0.000740386 -0.000140617 0.000554922

0.000821481 -8.62251e-05 -0.000860332
-8.62251e-05 0.000380088 0.0001196
-0.000860332 0.0001196 -0.00187833

0.000744627 -0.000101924 -0.000599353
-0.000101924 0.000387086 0.000270839
-0.000599353 0.000270839 -0.00182475

0.000695757 -7.63125e-05 -0.000615561
-7.63125e-05 0.000612862 0.000325717
-0.000615561 0.000325717 -0.00196383

0.000418679 -5.51143e-07 -0.000610384
-5.51143e-07 0.000447303 0.000746989
-0.000610384 0.000746989 -0.0012801

0.000600828 -0.000193688 -0.000317777
-0.000193688 0.000497958 0.00052392
-0.000317777 0.00052392 -0.00194189

0.00060286 -0.00019384 -0.000319814
-0.00019384 0.000494469 0.000544585
-0.000319814 0.000544585 -0.00206006

0.000385946 -2.41386e-05 -0.00071038
-2.41386e-05 0.000575765 0.000664437
-0.00071038 0.000664437 -0.00158482

0.000888584 0.000227033 -0.000157665
0.000227033 0.000701957 -0.000106919
-0.000157665 -0.000106919 -0.00230018

0.000918553 0.000332221 -0.000266489
0.000332221 0.000619095 -0.000123574
-0.000266489 -0.000123574 -0.00220022

-0.000159297 -7.67697e-06 -0.000990489
-7.67697e-06 -7.50355e-05 -0.000237051
-0.000990489 -0.000237051 0.000663242

0.000686748 -0.000121509 0.000243433
-0.000121509 0.000444819 -0.000217187
0.000243433 -0.000217187 -0.00183486

0.000802543 -0.000120522 -5.24642e-05
-0.000120522 0.00107815 0.000464713
-5.24642e-05 0.000464713 -0.00289461

0.00101762 0.000100324 -0.000571749
0.000100324 0.000446787 -1.30078e-05
-0.000571749 -1.30078e-05 -0.00227544

0.000641862 -0.000179808 0.000309879
-0.000179808 0.000418551 -8.20016e-05
0.000309879 -8.20016e-05 -0.0018849

0.0010218 1.63877e-05 -0.000416089
1.63877e-05 0.000514389 -9.03786e-05
-0.000416089 -9.03786e-05 -0.00222239

0.00101191 -0.000150938 -0.000571389
-0.000150938 0.000365664 4.41024e-05
-0.000571389 4.41024e-05 -0.00227531

0.000740175 -0.000135108 -0.000280586
-0.000135108 0.00110581 0.000247597
-0.000280586 0.000247597 -0.00286601

0.000382569 0.000129135 0.00102243
0.000129135 0.000209619 0.000276378
0.00102243 0.000276378 -0.00070287

0.000169063 4.62964e-05 -0.000265545
4.62964e-05 0.000658748 0.00182499
-0.000265545 0.00182499 -0.00122581

-0.000160135 1.13544e-05 0.000652082
1.13544e-05 -0.000151789 -0.000319026
0.000652082 -0.000319026 0.000915033

0.000627962 -0.000206594 -0.00023353
-0.000206594 0.00055968 0.000371525
-0.00023353 0.000371525 -0.00199094

0.000629902 -0.00016294 0.000229377
-0.00016294 0.000408141 -4.35966e-05
0.000229377 -4.35966e-05 -0.00200488

0.000691658 -0.000104751 0.000215285
-0.000104751 0.000413404 -0.000121865
0.000215285 -0.000121865 -0.00208687

0.000824245 0.000299765 -8.04687e-05
0.000299765 0.000819031 -0.000221684
-8.04687e-05 -0.000221684 -0.00245167

0.000972987 0.000214007 -0.000192926
0.000214007 0.000608168 -4.92778e-05
-0.000192926 -4.92778e-05 -0.00249235

0.00193081 -1.11116e-05 -6.63403e-05
-1.11116e-05 0.00178443 -0.000282715
-6.63403e-05 -0.000282715 -0.00498399

0.000967795 0.000216453 -0.000180658
0.000216453 0.000640839 -8.61524e-05
-0.000180658 -8.61524e-05 -0.00249274

0.00102962 2.60186e-05 -0.000222422
2.60186e-05 0.000439411 5.21535e-05
-0.000222422 5.21535e-05 -0.00245253

0.0010154 -0.000187858 -0.000138421
-0.000187858 0.000547433 3.00333e-05
-0.000138421 3.00333e-05 -0.00244906

0.00107708 -0.000188367 -0.000115536
-0.000188367 0.000451135 5.75258e-05
-0.000115536 5.75258e-05 -0.00244853

0.00118389 -4.18226e-05 -0.000214663
-4.18226e-05 0.00109641 -0.000217286
-0.000214663 -0.000217286 -0.00272673

0.000239952 -2.7448e-05 0.00011358
-2.7448e-05 0.000593891 0.000882717
0.00011358 0.000882717 -0.00131841

0.000226368 4.8518e-05 -0.00013349
4.8518e-05 0.000298679 9.75612e-05
-0.00013349 9.75612e-05 -0.0011837

0.00105845 0.000236112 -4.24733e-05
0.000236112 0.000613842 -6.6627e-06
-4.24733e-05 -6.6627e-06 -0.00254206

0.00104207 0.000253632 -2.94051e-05
0.000253632 0.000655847 -4.62976e-05
-2.94051e-05 -4.62976e-05 -0.00254165

-0.000248486 -1.10772e-05 0.00101017
-1.10772e-05 -0.000156783 -0.000264524
0.00101017 -0.000264524 0.00135511

0.000174141 -2.98998e-05 0.00121284
-2.98998e-05 0.000115044 -0.000202745
0.00121284 -0.000202745 -1.92778e-05

0.000660961 0.000268462 -8.14203e-05
0.000268462 0.0013218 3.03278e-05
-8.14203e-05 3.03278e-05 -0.0027355

1.50147e-05 1.30373e-05 0.00143929
1.30373e-05 -1.46133e-05 0.000354004
0.00143929 0.000354004 5.36355e-05

0.000240265 -2.15064e-05 0.000125241
-2.15064e-05 0.000638608 0.00119298
0.000125241 0.00119298 -0.0010009

0.00103905 -0.000198115 6.44704e-05
-0.000198115 0.000550957 -9.88136e-05
6.44704e-05 -9.88136e-05 -0.00251559

0.000220995 5.51615e-05 -0.000232006
5.51615e-05 0.00019816 -0.000160586
-0.000232006 -0.000160586 -0.000969801

0.00213373 -6.75884e-05 -0.00026258
-6.75884e-05 0.00222363 -1.12175e-05
-0.00026258 -1.12175e-05 -0.00563346

0.00021562 8.8972e-05 3.66678e-05
8.8972e-05 0.00022198 0.00133586
3.66678e-05 0.00133586 -0.000497511

0.00171701 -7.36925e-05 -2.68188e-05
-7.36925e-05 0.00146828 0.000452581
-2.68188e-05 0.000452581 -0.00416308

0.00109483 -0.000200346 8.71303e-05
-0.000200346 0.000459182 -6.97933e-05
8.71303e-05 -6.97933e-05 -0.00251613

0.00080272 -0.000143547 0.000123866
-0.000143547 0.000760631 8.91175e-05
0.000123866 8.91175e-05 -0.00241014

0.000527322 -0.000263424 7.95984e-05
-0.000263424 0.00107287 1.59318e-05
7.95984e-05 1.59318e-05 -0.00241632

0.000557869 -0.000226555 2.19957e-05
-0.000226555 0.00111706 -5.93149e-05
2.19957e-05 -5.93149e-05 -0.00241343

0.00051793 -0.000241279 0.000109547
-0.000241279 0.0010295 -6.52317e-05
0.000109547 -6.52317e-05 -0.00249922

0.000631494 -0.00012454 -1.28584e-05
-0.00012454 0.000767813 -6.79872e-05
-1.28584e-05 -6.79872e-05 -0.00241103

0.000498602 -0.000121614 4.92807e-05
-0.000121614 0.000804874 -0.000143296
4.92807e-05 -0.000143296 -0.00229282

6.44493e-06 -7.13929e-06 0.00130236
-7.13929e-06 -2.30229e-05 -0.000264889
0.00130236 -0.000264889 0.000114502

5.40809e-05 -5.49094e-05 7.63097e-05
-5.49094e-05 0.000129597 -0.000126382
7.63097e-05 -0.000126382 -0.000609633

0.00087187 0.000230891 0.000184738
0.000230891 0.00084377 0.00015156
0.000184738 0.00015156 -0.00267242

0.000788936 0.000269231 6.48927e-05
0.000269231 0.000828486 0.000185682
6.48927e-05 0.000185682 -0.00266001

0.00134445 3.85955e-05 0.000536532
3.85955e-05 0.000546314 0.00015035
0.000536532 0.00015035 -0.00285474

0.00131851 -2.17884e-06 0.000452898
-2.17884e-06 0.000583396 -0.000151481
0.000452898 -0.000151481 -0.0028375

0.00130553 3.02917e-05 -0.000657376
3.02917e-05 0.00129821 0.000231685
-0.000657376 0.000231685 -0.00343449

0.000834414 -0.000200397 0.000151025
-0.000200397 0.000826116 -6.98729e-05
0.000151025 -6.98729e-05 -0.00272018

0.000823132 -0.0002672 0.000234138
-0.0002672 0.000794781 -0.000518051
0.000234138 -0.000518051 -0.00279688

0.000731642 -0.000195312 0.000170757
-0.000195312 0.00104169 -0.000261844
0.000170757 -0.000261844 -0.00270037

0.000697476 0.000214667 0.000261867
0.000214667 0.000961802 0.000443299
0.000261867 0.000443299 -0.00268594

-9.98816e-05 3.72914e-05 -0.000714481
3.72914e-05 -0.000137063 0.000708167
-0.000714481 0.000708167 9.16262e-07

0.000598419 0.00015595 0.000192931
0.00015595 0.000989554 0.000274345
0.000192931 0.000274345 -0.00267059

0.00169123 -6.62544e-05 -1.45259e-05
-6.62544e-05 0.00146834 0.000431265
-1.45259e-05 0.000431265 -0.00402588

0.00122166 6.60149e-05 0.000587954
6.60149e-05 0.000627784 -3.55708e-05
0.000587954 -3.55708e-05 -0.00252334

0.00123045 5.10104e-05 0.000615191
5.10104e-05 0.000558529 0.000104051
0.000615191 0.000104051 -0.00280407

0.00128743 7.50138e-05 -0.00060417
7.50138e-05 0.00133395 -6.23846e-05
-0.00060417 -6.23846e-05 -0.00341012

0.00112782 -1.91602e-05 -0.000585946
-1.91602e-05 0.00129109 -0.000127842
-0.000585946 -0.000127842 -0.00295507

0.00121836 3.23627e-05 0.000530364
3.23627e-05 0.000572669 -0.000190153
0.000530364 -0.000190153 -0.00277696

0.00125744 -0.000210124 0.000586339
-0.000210124 0.000855993 -8.78954e-05
0.000586339 -8.78954e-05 -0.00309274

0.0011228 -0.000185516 0.000744686
-0.000185516 0.000851878 -0.000106079
0.000744686 -0.000106079 -0.0029764

0.00126127 -0.000196048 0.000509877
-0.000196048 0.000899156 -0.000483949
0.000509877 -0.000483949 -0.00312712

0.000844625 -0.000396897 0.000504148
-0.000396897 0.000865993 -0.000325338
0.000504148 -0.000325338 -0.00271811

0.000675301 -0.000212039 0.000210252
-0.000212039 0.00119656 -0.000260318
0.000210252 -0.000260318 -0.0026353

0.000688347 -0.000193319 0.000152931
-0.000193319 0.0011195 -0.00040914
0.000152931 -0.00040914 -0.00242609

0.000460966 3.53246e-05 -5.03414e-06
3.53246e-05 0.00119178 5.79357e-06
-5.03414e-06 5.79357e-06 -0.0026127

0.00106946 -0.000116665 4.1516e-06
-0.000116665 0.00112236 0.000643865
4.1516e-06 0.000643865 -0.00293741

-0.00016393 -7.94399e-05 0.000573689
-7.94399e-05 -0.000106689 0.000163418
0.000573689 0.000163418 0.00070254

0.00115456 -9.08192e-05 -0.000644474
-9.08192e-05 0.00120165 0.000225254
-0.000644474 0.000225254 -0.00296379

-0.000166283 -6.54433e-05 0.000555568
-6.54433e-05 -0.00014641 0.000116099
0.000555568 0.000116099 0.00111556

0.00152123 -4.49011e-05 0.000195548
-4.49011e-05 0.00125963 -0.000118284
0.000195548 -0.000118284 -0.00371714

-0.000168651 -1.15371e-05 0.000567353
-1.15371e-05 -0.000268206 0.000416346
0.000567353 0.000416346 0.00134934

-0.000165769 -3.58341e-05 0.000582366
-3.58341e-05 -0.000196829 0.000527178
0.000582366 0.000527178 0.00100523

0.00109477 -0.000160586 0.000709607
-0.000160586 0.000924538 -0.000218033
0.000709607 -0.000218033 -0.00280421

0.00165525 -8.25009e-05 9.54244e-05
-8.25009e-05 0.00146325 0.000452963
9.54244e-05 0.000452963 -0.00401311

0.00104496 -6.39881e-05 -0.000212793
-6.39881e-05 0.00111556 0.000644023
-0.000212793 0.000644023 -0.00281603

0.00111971 1.32569e-05 -0.000179476
1.32569e-05 0.00118573 0.00062063
-0.000179476 0.00062063 -0.00314748

0.00113741 -0.000143474 0.000673343
-0.000143474 0.000887717 -0.000494031
0.000673343 -0.000494031 -0.0030195

0.00103734 -0.000154478 0.000333134
-0.000154478 0.00103849 -0.000491344
0.000333134 -0.000491344 -0.00298928

0.000816728 -0.000194064 0.000301639
-0.000194064 0.00106384 -0.000428617
0.000301639 -0.000428617 -0.002816

0.000764495 -0.000130041 0.000227199
-0.000130041 0.00098673 -0.000359319
0.000227199 -0.000359319 -0.00256944

0.00107858 -0.000120933 0.000608349
-0.000120933 0.00106078 -0.000364427
0.000608349 -0.000364427 -0.00303097

0.00110846 -6.98315e-05 0.000380072
-6.98315e-05 0.00120296 0.000415819
0.000380072 0.000415819 -0.0030968

0.0011429 -0.000112423 0.000541678
-0.000112423 0.00106064 -4.14064e-06
0.000541678 -4.14064e-06 -0.00307599

0.00113247 -4.24876e-05 0.00054076
-4.24876e-05 0.000817557 0.000175333
0.00054076 0.000175333 -0.00294298

0.000748132 0.000186479 0.000454746
0.000186479 0.00102587 0.000421278
0.000454746 0.000421278 -0.00245639

0.000887742 0.000192798 0.000395719
0.000192798 0.000950948 0.000456951
0.000395719 0.000456951 -0.00245098

0.0013891 -3.52868e-05 0.000641273
-3.52868e-05 0.000848977 -0.000241632
0.000641273 -0.000241632 -0.00299986

0.00105494 -9.87745e-05 0.000696475
-9.87745e-05 0.000897574 -6.46732e-05
0.000696475 -6.46732e-05 -0.00255212

0.00123297 -9.4291e-06 0.000833024
-9.4291e-06 0.00109573 -9.23006e-05
0.000833024 -9.23006e-05 -0.00314487

0.00124792 -1.36025e-05 0.000888571
-1.36025e-05 0.00109687 -0.000108038
0.000888571 -0.000108038 -0.00294034

0.00122069 -4.53665e-05 0.000780938
-4.53665e-05 0.00111687 -0.000395531
0.000780938 -0.000395531 -0.00318529

0.00108942 -0.000108399 0.000658401
-0.000108399 0.00103708 -0.000337576
0.000658401 -0.000337576 -0.00282506

0.00104432 -0.000148758 0.000371912
-0.000148758 0.00100918 -0.000470048
0.000371912 -0.000470048 -0.00277717

0.000233349 1.68867e-05 -0.000990348
1.68867e-05 0.000269916 -0.000367173
-0.000990348 -0.000367173 -0.000959124

0.00120808 -0.000182344 0.000535006
-0.000182344 0.00130741 0.000291091
0.000535006 0.000291091 -0.00317346

0.00103788 9.19237e-05 0.000215921
9.19237e-05 0.00103047 0.00052837
0.000215921 0.00052837 -0.00286356

0.00100708 6.54448e-05 4.09445e-05
6.54448e-05 0.00118047 0.00077783
4.09445e-05 0.00077783 -0.00293203

0.00117999 -7.01128e-05 0.000646623
-7.01128e-05 0.00107855 0.000157007
0.000646623 0.000157007 -0.00283553

0.00111107 -6.96322e-06 0.000468035
-6.96322e-06 0.00102632 0.000275342
0.000468035 0.000275342 -0.00293373

0.000791313 0.000219179 0.000465422
0.000219179 0.00105057 0.000426001
0.000465422 0.000426001 -0.00265008

0.00117261 -3.88592e-05 0.000777795
-3.88592e-05 0.00141458 0.000229576
0.000777795 0.000229576 -0.00325665

0.00113177 -2.83553e-05 0.000698117
-2.83553e-05 0.00138565 -0.000136983
0.000698117 -0.000136983 -0.00321949

0.00124185 -8.40624e-06 0.000870954
-8.40624e-06 0.00109302 -9.80596e-05
0.000870954 -9.80596e-05 -0.00294831

0.00123457 -5.26241e-05 0.00083448
-5.26241e-05 0.00112012 -0.000422158
0.00083448 -0.000422158 -0.00298222

0.00134087 7.6506e-05 0.000584047
7.6506e-05 0.0011435 -0.000296436
0.000584047 -0.000296436 -0.00313357

0.00101751 -9.69149e-06 0.000368959
-9.69149e-06 0.00115271 -0.000414495
0.000368959 -0.000414495 -0.00297499

0.00102765 -2.6212e-05 0.000394816
-2.6212e-05 0.00117904 -0.000459354
0.000394816 -0.000459354 -0.0029214

0.00124415 1.74658e-05 0.000354522
1.74658e-05 0.00120256 -0.000459154
0.000354522 -0.000459154 -0.00311467

0.00102613 -5.79297e-05 0.000408925
-5.79297e-05 0.00121581 -0.000545969
0.000408925 -0.000545969 -0.00284454

0.00149532 -9.00324e-05 0.000403667
-9.00324e-05 0.00162874 0.00026944
0.000403667 0.00026944 -0.00386596

0.00143043 -5.8444e-05 0.000517902
-5.8444e-05 0.00169023 9.21821e-05
0.000517902 9.21821e-05 -0.00387451

0.00119648 -5.21739e-05 0.000723443
-5.21739e-05 0.00140697 0.000189842
0.000723443 0.000189842 -0.00345909

0.00132961 2.83549e-05 0.000434974
2.83549e-05 0.001548 0.00022212
0.000434974 0.00022212 -0.00370945

0.000916808 0.0002245 0.000390722
0.0002245 0.000982969 0.000473762
0.000390722 0.000473762 -0.00264385

0.00110377 -2.90118e-05 0.000402091
-2.90118e-05 0.000960127 9.03239e-05
0.000402091 9.03239e-05 -0.00304027

0.0012052 2.8087e-05 0.000776994
2.8087e-05 0.00135491 -9.05585e-05
0.000776994 -9.05585e-05 -0.00313748

0.00136479 4.35795e-05 0.000788693
4.35795e-05 0.00159538 -5.48759e-05
0.000788693 -5.48759e-05 -0.00360731

0.00113072 -1.88854e-05 -6.20169e-05
-1.88854e-05 0.00122986 0.000500735
-6.20169e-05 0.000500735 -0.00289493

0.00137428 -3.03523e-05 0.000406086
-3.03523e-05 0.00128018 -0.000225689
0.000406086 -0.000225689 -0.00325397

0.00135823 -6.46215e-05 0.000290268
-6.46215e-05 0.00121075 -0.000527192
0.000290268 -0.000527192 -0.00330592

0.00159135 -9.07732e-05 0.000267411
-9.07732e-05 0.00148246 0.000420002
0.000267411 0.000420002 -0.00374995

0.00155982 -9.7116e-05 6.23687e-05
-9.7116e-05 0.00149471 0.000513189
6.23687e-05 0.000513189 -0.00374657

0.00150821 -5.91707e-05 0.000423885
-5.91707e-05 0.00166654 0.000145784
0.000423885 0.000145784 -0.00426298

0.00154315 -0.00031346 0.000542234
-0.00031346 0.00199592 8.69005e-05
0.000542234 8.69005e-05 -0.00428538

0.00174835 -0.000197157 0.000345959
-0.000197157 0.00168624 9.63707e-05
0.000345959 9.63707e-05 -0.0044193

0.00206046 -3.18379e-05 -0.000172552
-3.18379e-05 0.00223536 -9.85878e-05
-0.000172552 -9.85878e-05 -0.00567935

3.49131e-05 4.23311e-05 -0.000432578
4.23311e-05 3.33721e-05 0.000272509
-0.000432578 0.000272509 -9.43004e-05

0.00187487 -8.70651e-05 9.88726e-05
-8.70651e-05 0.00180074 0.000383303
9.88726e-05 0.000383303 -0.00437131

0.0011196 -4.73618e-05 -0.000301161
-4.73618e-05 0.00132703 -0.000543761
-0.000301161 -0.000543761 -0.00304286

0.00133945 -4.29966e-06 0.000675831
-4.29966e-06 0.0016194 -0.000296771
0.000675831 -0.000296771 -0.00410282

0.00122446 3.35148e-06 -0.000350447
3.35148e-06 0.00126589 -0.00043815
-0.000350447 -0.00043815 -0.0032153

0.00172353 0.000332814 0.000721667
0.000332814 0.00181591 -0.000144104
0.000721667 -0.000144104 -0.00422456

0.000194073 3.57476e-06 -0.00100272
3.57476e-06 0.000265709 -0.000371458
-0.00100272 -0.000371458 -0.000962995

0.00186254 8.12082e-05 0.00030183
8.12082e-05 0.00168673 -0.000157898
0.00030183 -0.000157898 -0.00443072

0.00165095 -8.48831e-05 4.91248e-05
-8.48831e-05 0.00146652 0.000469649
4.91248e-05 0.000469649 -0.00412166

0.000447778 -2.04314e-05 -0.000118735
-2.04314e-05 0.000292594 -2.41579e-05
-0.000118735 -2.41579e-05 -0.00157401

-8.92562e-05 2.70261e-05 -0.000710759
2.70261e-05 -0.00010581 0.000411759
-0.000710759 0.000411759 0.000704077

0.000324443 -9.29568e-05 -2.27693e-05
-9.29568e-05 0.000233632 2.305e-05
-2.27693e-05 2.305e-05 -0.00122687

0.00202049 -0.00015696 0.000108147
-0.00015696 0.00215742 0.000137557
0.000108147 0.000137557 -0.00543471

0.00110653 8.22914e-05 -0.000280378
8.22914e-05 0.00119419 -0.000594221
-0.000280378 -0.000594221 -0.00305488

0.00184427 -0.00010804 0.000352494
-0.00010804 0.00176488 0.000141018
0.000352494 0.000141018 -0.00477629

0.000978783 -0.000201108 0.000300683
-0.000201108 0.000587666 -0.000143155
0.000300683 -0.000143155 -0.00221732

0.00236345 -4.83456e-05 3.99235e-05
-4.83456e-05 0.00216297 2.25669e-05
3.99235e-05 2.25669e-05 -0.00572342

0.00232757 9.45817e-05 0.000156663
9.45817e-05 0.00202771 -1.39651e-05
0.000156663 -1.39651e-05 -0.00568028

0.00209965 3.17916e-05 0.000161046
3.17916e-05 0.00211798 -5.38202e-06
0.000161046 -5.38202e-06 -0.00532855

0.00204817 3.99109e-05 0.000307156
3.99109e-05 0.00223939 -0.000245919
0.000307156 -0.000245919 -0.00535767

0.00184687 7.034e-05 0.000237765
7.034e-05 0.00171053 -0.00018859
0.000237765 -0.00018859 -0.00468661

0.000199551 3.54302e-06 0.000198902
3.54302e-06 8.80805e-05 -0.000536084
0.000198902 -0.000536084 -0.000648029

0.00194916 -0.000231375 0.000286076
-0.000231375 0.00182225 0.00043264
0.000286076 0.00043264 -0.00486118

0.00183591 -0.000167987 0.000143133
-0.000167987 0.00181436 0.000439899
0.000143133 0.000439899 -0.00484975

0.00250317 0.000230733 0.00022201
0.000230733 0.00216459 4.63787e-06
0.00022201 4.63787e-06 -0.00603945

0.00245658 6.89707e-05 0.000360573
6.89707e-05 0.00234861 6.65416e-05
0.000360573 6.65416e-05 -0.00621588

0.00207999 -7.97742e-06 6.84594e-05
-7.97742e-06 0.0021903 0.000191946
6.84594e-05 0.000191946 -0.00577738

0.00221974 3.44491e-05 -0.000123749
3.44491e-05 0.0021865 0.000199314
-0.000123749 0.000199314 -0.00577191

0.00255136 5.79059e-05 0.000209526
5.79059e-05 0.00227596 0.000217588
0.000209526 0.000217588 -0.00621588

0.00242785 8.61538e-05 0.000143019
8.61538e-05 0.00212536 6.54725e-05
0.000143019 6.54725e-05 -0.00603619

0.00257077 2.74194e-05 0.000145936
2.74194e-05 0.00233648 -4.18104e-05
0.000145936 -4.18104e-05 -0.00635083

0.00257077 -6.53918e-05 0.000145936
-6.53918e-05 0.00228151 0.000100223
0.000145936 0.000100223 -0.00635083

0.00242499 -4.21973e-05 0.000178309
-4.21973e-05 0.00225716 -5.05418e-05
0.000178309 -5.05418e-05 -0.00614441

0.00246079 -0.000174779 0.000182575
-0.000174779 0.00223958 -0.000102402
0.000182575 -0.000102402 -0.00614646

0.00202948 0.000223448 0.000364317
0.000223448 0.00175139 -0.000427965
0.000364317 -0.000427965 -0.00477797

0.00171591 5.76883e-05 0.000150046
5.76883e-05 0.00166575 -0.000524052
0.000150046 -0.000524052 -0.00477598

0.00212426 4.80617e-05 1.53657e-05
4.80617e-05 0.00205562 -0.000166986
1.53657e-05 -0.000166986 -0.00571405

0.00210143 3.79099e-05 -4.90882e-05
3.79099e-05 0.00213631 -0.000317556
-4.90882e-05 -0.000317556 -0.00572154

0.00248662 -6.06744e-05 0.000199936
-6.06744e-05 0.00229773 -0.000165139
0.000199936 -0.000165139 -0.0061904

0.00243106 -7.00344e-05 0.000264436
-7.00344e-05 0.00233457 -0.000100639
0.000264436 -0.000100639 -0.0061904

0.00244981 3.37722e-05 0.000224599
3.37722e-05 0.00220068 -5.90093e-06
0.000224599 -5.90093e-06 -0.00603904

0.00242379 -4.24167e-05 0.000174166
-4.24167e-05 0.00232762 -0.000104419
0.000174166 -0.000104419 -0.00611865

-0.000135451 -0.000121535 -0.000217561
-0.000121535 -0.000109018 4.65548e-05
-0.000217561 4.65548e-05 0.00210511

1.99485e-05 -5.28523e-05 -0.000147511
-5.28523e-05 -0.000323943 5.20215e-06
-0.000147511 5.20215e-06 0.0020994

-0.000278367 -1.87068e-05 0.000574626
-1.87068e-05 -0.000127912 -0.00010281
0.000574626 -0.00010281 0.00200529

-0.000190338 -5.48203e-05 0.000286569
-5.48203e-05 -0.000211864 -0.000284042
0.000286569 -0.000284042 0.00204028

-0.000431439 -1.25665e-05 0.000283284
-1.25665e-05 -0.000143972 -0.000124908
0.000283284 -0.000124908 0.00234522

-0.000431923 -2.3504e-05 0.000350392
-2.3504e-05 -0.000241599 0.000212888
0.000350392 0.000212888 0.00233161

-0.000108623 5.64133e-05 0.000398369
5.64133e-05 -0.000271159 -0.000651349
0.000398369 -0.000651349 0.00175919

-0.000100189 3.49239e-05 7.76252e-05
3.49239e-05 -0.000314777 -0.00093048
7.76252e-05 -0.00093048 0.0017378

-2.22045e-16 1.11022e-16 -0.000107535
1.11022e-16 0 0.000208948
-0.000107535 0.000208948 0.00222596

-0.000377566 0.000110598 0.000745569
0.000110598 -0.000247971 -0.00102224
0.000745569 -0.00102224 0.00185692

-0.000128615 5.29776e-05 0.000249999
5.29776e-05 -0.000239149 -0.000824888
0.000249999 -0.000824888 0.00133032

0 1.11022e-16 -0.000107535
1.11022e-16 2.22045e-16 0.000208948
-0.000107535 0.000208948 0.00222596

-0.000270789 0.000176043 0.000885624
0.000176043 -0.000382134 -0.000766181
0.000885624 -0.000766181 0.00187437

-0.000189997 0.000241818 0.000442034
0.000241818 -0.000628989 -0.000566662
0.000442034 -0.000566662 0.00226082

-0.000197787 0.000150957 0.00015921
0.000150957 -0.000784787 -0.000819798
0.00015921 -0.000819798 0.0022539

0 9.71445e-17 -0.000256098
9.71445e-17 0 9.53287e-06
-0.000256098 9.53287e-06 0.00192778

0 0 -0.000158146
0 0 9.89202e-05
-0.000158146 9.89202e-05 0.00210299

-0.000145614 8.69008e-05 0.000820408
8.69008e-05 -0.000318662 -0.000717339
0.000820408 -0.000717339 0.00128968

-0.000279774 8.38948e-06 0.000710915
8.38948e-06 -0.000152604 -0.000903183
0.000710915 -0.000903183 0.00127026

-0.000240854 2.11082e-05 0.00095508
2.11082e-05 -0.000161701 -0.000748433
0.00095508 -0.000748433 0.0013028

0.00112796 9.81123e-05 -0.00024212
9.81123e-05 0.00119329 -0.000506625
-0.00024212 -0.000506625 -0.00326667

-0.00013279 3.89068e-05 0.00116015
3.89068e-05 -0.000147061 -0.000240407
0.00116015 -0.000240407 0.0013551

-0.000128925 1.98243e-05 0.00110289
1.98243e-05 -7.16228e-05 0.000167279
0.00110289 0.000167279 0.0013731

-0.000135732 3.9923e-05 0.00129971
3.9923e-05 -0.000147377 -0.00030311
0.00129971 -0.00030311 0.000729568

-5.38973e-05 -7.53376e-05 0.00105122
-7.53376e-05 -0.000119796 -0.000728476
0.00105122 -0.000728476 0.000735851

0.00117166 1.39308e-05 -0.000577531
1.39308e-05 0.00126553 -0.000258761
-0.000577531 -0.000258761 -0.00304292

0.00156675 6.87392e-05 -0.000225172
6.87392e-05 0.00148751 -0.000364894
-0.000225172 -0.000364894 -0.00395295

0.00198991 2.69057e-05 0.000271352
2.69057e-05 0.00202215 5.30541e-05
0.000271352 5.30541e-05 -0.00547684

-9.84627e-05 3.93426e-06 0.000201742
3.93426e-06 -8.32002e-05 -0.00169699
0.000201742 -0.00169699 0.00120535

-0.000122226 -4.16934e-05 0.000741108
-4.16934e-05 4.32806e-05 -0.00111583
0.000741108 -0.00111583 0.000690393

0.00103761 -4.16151e-05 3.20245e-05
-4.16151e-05 0.00135629 -0.000162947
3.20245e-05 -0.000162947 -0.00313123

0.00184242 3.96935e-05 -4.88537e-05
3.96935e-05 0.00184138 -0.000202479
-4.88537e-05 -0.000202479 -0.00447012

0.00164049 6.94251e-06 0.000541854
6.94251e-06 0.00143572 0.000308214
0.000541854 0.000308214 -0.00406134

0.00143654 -0.000157183 0.000567769
-0.000157183 0.00134619 0.000191695
0.000567769 0.000191695 -0.00362112

-4.68079e-07 -6.51034e-06 0.00127472
-6.51034e-06 -2.29346e-05 -0.000271337
0.00127472 -0.000271337 0.000555918

7.35933e-06 1.19513e-05 0.00141403
1.19513e-05 -1.46994e-05 0.00035642
0.00141403 0.00035642 0.000500129

0.000286688 -5.22206e-05 -8.41938e-05
-5.22206e-05 0.000140647 0.00019793
-8.41938e-05 0.00019793 -0.00130995

0.00168114 -7.19792e-05 -1.71455e-05
-7.19792e-05 0.0014873 0.000411795
-1.71455e-05 0.000411795 -0.003973

0.00127657 -2.72561e-05 0.000655287
-2.72561e-05 0.00124406 9.2431e-05
0.000655287 9.2431e-05 -0.00343512

0.000267359 -9.17743e-05 0.00120967
-9.17743e-05 0.000139062 -0.000317779
0.00120967 -0.000317779 -0.000823837

0.00170793 -7.36691e-05 -4.3492e-05
-7.36691e-05 0.0014787 0.000459384
-4.3492e-05 0.000459384 -0.00418942

0.00166093 -7.30365e-05 5.81103e-05
-7.30365e-05 0.0014809 0.00048259
5.81103e-05 0.00048259 -0.00413579

5.52694e-05 5.24736e-06 0.000677456
5.24736e-06 0.00023667 -0.00124255
0.000677456 -0.00124255 -0.000145958

0.000105498 -7.884e-05 0.000610324
-7.884e-05 0.000373313 -0.00108116
0.000610324 -0.00108116 -0.000638077

0.00165867 -7.68146e-05 0.000115188
-7.68146e-05 0.00148626 0.000440595
0.000115188 0.000440595 -0.00395953

0.00187797 -4.24603e-05 -0.00014486
-4.24603e-05 0.0019946 0.00036103
-0.00014486 0.00036103 -0.00519468

0.000139918 -3.22294e-05 0.000325936
-3.22294e-05 0.000195314 -0.000212129
0.000325936 -0.000212129 -0.000563588

0.000274431 -4.10461e-05 0.0012889
-4.10461e-05 0.00028556 -0.000162884
0.0012889 -0.000162884 -0.000722477

9.38193e-05 -2.47948e-05 0.00135599
-2.47948e-05 -6.89654e-06 0.000371546
0.00135599 0.000371546 9.34458e-05

0.0011323 6.37137e-05 0.000785007
6.37137e-05 0.00174533 -0.000188095
0.000785007 -0.000188095 -0.00348106

0.000148476 3.34604e-05 0.00117124
3.34604e-05 3.51954e-05 9.84629e-05
0.00117124 9.84629e-05 0.000427824

0.000245843 -2.73192e-05 1.80401e-05
-2.73192e-05 0.000213857 -3.72249e-05
1.80401e-05 -3.72249e-05 -0.00118415

0.000220171 7.57093e-06 -5.87231e-05
7.57093e-06 0.00016909 3.65416e-05
-5.87231e-05 3.65416e-05 -0.00106124

0.00178511 8.7895e-05 -0.000140306
8.7895e-05 0.00157226 0.000306888
-0.000140306 0.000306888 -0.00443895

0.0018568 -8.2726e-05 -0.000131163
-8.2726e-05 0.00197161 0.000355933
-0.000131163 0.000355933 -0.00518544

0.00191945 -1.5642e-05 -6.53542e-05
-1.5642e-05 0.00194804 0.000333982
-6.53542e-05 0.000333982 -0.00513861

0.00182558 9.60021e-05 -6.1257e-05
9.60021e-05 0.00152829 0.00036691
-6.1257e-05 0.00036691 -0.00432738

0.000188698 4.20167e-05 -6.48037e-05
4.20167e-05 0.000270077 -0.000333573
-6.48037e-05 -0.000333573 -0.000841838

-2.41436e-05 -1.73604e-05 -0.00102891
-1.73604e-05 -8.7501e-05 -0.000275577
-0.00102891 -0.000275577 0.000733002

0.00177308 4.15369e-05 -0.000273746
4.15369e-05 0.00209015 0.000281383
-0.000273746 0.000281383 -0.00515796

0.000530256 0.000171284 0.000204394
0.000171284 0.000507167 0.000193865
0.000204394 0.000193865 -0.0017242

0.000565065 0.000139254 -0.000665408
0.000139254 0.000524566 -0.000461662
-0.000665408 -0.000461662 -0.00185096

0.000444772 -6.23286e-05 4.0348e-05
-6.23286e-05 0.000292772 4.13157e-06
4.0348e-05 4.13157e-06 -0.00167338

0.000989356 -9.43703e-06 0.000496155
-9.43703e-06 0.000481159 -0.000132208
0.000496155 -0.000132208 -0.0020882

0.00100644 4.43752e-05 0.000542591
4.43752e-05 0.000536546 0.000141083
0.000542591 0.000141083 -0.00210331

0.000359277 1.62082e-05 0.00032491
1.62082e-05 0.000233572 0.000125674
0.00032491 0.000125674 -0.00123896

0.00174142 9.38071e-05 -0.000273789
9.38071e-05 0.00200573 0.000287473
-0.000273789 0.000287473 -0.00513858

0.00179386 0.000122133 -0.000159329
0.000122133 0.00170471 0.000229489
-0.000159329 0.000229489 -0.00440363

0.00183513 0.000130445 -4.75719e-05
0.000130445 0.00169885 0.000239992
-4.75719e-05 0.000239992 -0.00412015

0.001867 3.23194e-05 0.000174687
3.23194e-05 0.00151776 0.000265289
0.000174687 0.000265289 -0.00361224

0.000139221 -4.05459e-05 0.000379171
-4.05459e-05 0.000179712 -0.00015215
0.000379171 -0.00015215 -0.000673162

0.000639512 0.00019229 -0.000488607
0.00019229 0.000562343 -0.000336666
-0.000488607 -0.000336666 -0.00160614

0.000886328 -5.48513e-05 -0.000556219
-5.48513e-05 0.000964622 0.000244462
-0.000556219 0.000244462 -0.00283932

0.000349106 8.12851e-06 0.000317852
8.12851e-06 0.000263713 -6.91456e-05
0.000317852 -6.91456e-05 -0.00113335

0.000220381 1.60048e-06 -3.97808e-05
1.60048e-06 0.000166183 5.60525e-05
-3.97808e-05 5.60525e-05 -0.0011564

-0.00016797 1.81502e-05 -0.000858941
1.81502e-05 -0.000104967 0.000432178
-0.000858941 0.000432178 0.00117272

0.000204666 3.91438e-06 0.000127055
3.91438e-06 0.000232879 -0.00015622
0.000127055 -0.00015622 -0.000808755

0.000202439 1.9012e-05 9.82913e-05
1.9012e-05 0.000217811 6.57963e-05
9.82913e-05 6.57963e-05 -0.0011718

0.00108236 -0.000297048 -0.000265211
-0.000297048 0.000762758 0.000127342
-0.000265211 0.000127342 -0.00276277

0.0014469 -4.63326e-05 -0.000533958
-4.63326e-05 0.00144907 -1.1394e-05
-0.000533958 -1.1394e-05 -0.00367021

-0.000227218 9.93437e-05 -0.000539948
9.93437e-05 -0.000213909 0.000674986
-0.000539948 0.000674986 0.00113325

5.49624e-05 5.29694e-05 0.000230715
5.29694e-05 -0.000437973 -0.000451898
0.000230715 -0.000451898 0.00143434

-9.55723e-05 1.50298e-05 -0.000605824
1.50298e-05 2.28334e-05 0.000755555
-0.000605824 0.000755555 0.00108766

-0.000168502 -2.89242e-05 -0.00110974
-2.89242e-05 9.2792e-05 -0.000490745
-0.00110974 -0.000490745 0.000939252

0.000491341 -0.000197085 0.000444608
-0.000197085 0.000283154 -0.000822909
0.000444608 -0.000822909 -0.00132796

-0.00019976 9.50517e-05 -0.000387515
9.50517e-05 -0.000254855 0.000573442
-0.000387515 0.000573442 0.00183435

-0.000200536 0.000100755 -0.000491234
0.000100755 -0.000243407 0.000475662
-0.000491234 0.000475662 0.00183351

0.000315937 -3.52442e-05 -0.000194499
-3.52442e-05 0.000301663 0.000169416
-0.000194499 0.000169416 -0.00132125

-7.8819e-05 -2.78241e-06 1.33197e-05
-2.78241e-06 -0.000455197 -0.000496762
1.33197e-05 -0.000496762 0.00142908

0.000431269 5.05907e-05 -7.96202e-05
5.05907e-05 0.000368992 -8.82036e-05
-7.96202e-05 -8.82036e-05 -0.00180284

0.000256696 -8.15848e-05 0.00023546
-8.15848e-05 0.00026604 -0.000779193
0.00023546 -0.000779193 -0.00142609

0.00101237 -5.2279e-05 -0.000578906
-5.2279e-05 0.000636513 0.000228738
-0.000578906 0.000228738 -0.00255729

0.000938174 -9.17387e-05 -0.000435792
-9.17387e-05 0.000731 0.000151843
-0.000435792 0.000151843 -0.00263059

-0.000240415 9.4513e-05 -0.000707349
9.4513e-05 -0.000213692 0.00055015
-0.000707349 0.00055015 0.00104459

0.000740367 -0.000131869 -0.000313441
-0.000131869 0.00109646 0.000281639
-0.000313441 0.000281639 -0.00265169

0.00080274 -0.000119463 -6.73122e-05
-0.000119463 0.00106564 0.000513886
-6.73122e-05 0.000513886 -0.0026897

0.00149454 -5.91191e-05 5.05557e-05
-5.91191e-05 0.00160749 -0.000393685
5.05557e-05 -0.000393685 -0.00398864

0.000840539 -0.000197419 0.000213665
-0.000197419 0.000580565 -0.00023536
0.000213665 -0.00023536 -0.00223496

0.000849708 -0.000131024 0.000226592
-0.000131024 0.000406605 -8.06446e-05
0.000226592 -8.06446e-05 -0.00222244

-8.35393e-05 3.41012e-05 3.92375e-06
3.41012e-05 -0.000159347 -0.000333487
3.92375e-06 -0.000333487 0.0014242

0.00103659 -9.63099e-06 -0.00049775
-9.63099e-06 0.00104983 9.51839e-05
-0.00049775 9.51839e-05 -0.0030308

0.00108485 -5.10554e-05 -0.000605989
-5.10554e-05 0.00106669 0.000182673
-0.000605989 0.000182673 -0.0027896

0.00104479 -5.06753e-05 -0.000584433
-5.06753e-05 0.0012057 0.000306869
-0.000584433 0.000306869 -0.00311026

0.00115863 3.15479e-05 -0.000647212
3.15479e-05 0.000810525 0.000312786
-0.000647212 0.000312786 -0.00289125

0.00117628 -2.86994e-05 -0.000580841
-2.86994e-05 0.000848019 -0.00010767
-0.000580841 -0.00010767 -0.00286552

8.95199e-06 3.58275e-05 0.000146611
3.58275e-05 -0.000169945 -0.000282765
0.000146611 -0.000282765 0.00142705

0.00114722 2.78305e-05 -0.000729625
2.78305e-05 0.000812916 0.000235028
-0.000729625 0.000235028 -0.00276685

0.000358914 -0.000137231 1.26309e-05
-0.000137231 0.000744627 7.57303e-06
1.26309e-05 7.57303e-06 -0.00157861

0.00120988 1.68094e-05 -0.000626783
1.68094e-05 0.00128284 0.000475751
-0.000626783 0.000475751 -0.00321789

0.000573305 -0.00029886 -0.00071317
-0.00029886 0.000428916 0.000465259
-0.00071317 0.000465259 -0.00139005

0.00112299 -6.18914e-05 -0.000519758
-6.18914e-05 0.00122236 0.000457028
-0.000519758 0.000457028 -0.00296935

0.00110589 -0.000117956 -0.000705341
-0.000117956 0.00127094 0.000429698
-0.000705341 0.000429698 -0.00288302

0.000706323 -0.000166015 0.000254076
-0.000166015 0.00060502 -0.000330248
0.000254076 -0.000330248 -0.00201763

0.000226022 1.29657e-05 -0.000102109
1.29657e-05 0.000126746 -0.000423833
-0.000102109 -0.000423833 -0.000718416

0.00128783 -2.38617e-05 -0.000495629
-2.38617e-05 0.00130097 0.000437444
-0.000495629 0.000437444 -0.00329117

0.00130886 2.16441e-05 -0.000666213
2.16441e-05 0.00130211 0.000277027
-0.000666213 0.000277027 -0.00343779

0.00133498 9.95213e-05 -0.000531844
9.95213e-05 0.00162083 0.000381581
-0.000531844 0.000381581 -0.00376513

0.000749408 -0.000116505 -0.000640938
-0.000116505 0.000405622 0.0003642
-0.000640938 0.0003642 -0.00150621

0.000391669 -6.46376e-05 2.19286e-05
-6.46376e-05 0.000437728 2.32898e-05
2.19286e-05 2.32898e-05 -0.00167702

0.00070042 -0.000169527 0.00026405
-0.000169527 0.000613148 -0.000296621
0.00026405 -0.000296621 -0.00195942

0.00126278 4.44203e-05 -0.000403794
4.44203e-05 0.0013873 0.000494963
-0.000403794 0.000494963 -0.00328001

0.00175604 6.0799e-05 -0.000153037
6.0799e-05 0.00140821 0.00044921
-0.000153037 0.00044921 -0.00386941

0.001607 -5.63148e-06 -7.34892e-05
-5.63148e-06 0.00142101 0.000520316
-7.34892e-05 0.000520316 -0.0038819

0.00178192 0.000233899 -0.000271311
0.000233899 0.0016282 0.000374557
-0.000271311 0.000374557 -0.00442374

0.00174646 0.000281989 -0.00059902
0.000281989 0.00168172 0.000223145
-0.00059902 0.000223145 -0.00446216

0.00180358 2.7458e-05 -8.23226e-05
2.7458e-05 0.00140921 0.000195478
-8.23226e-05 0.000195478 -0.0040563

0.00196907 0.000170268 -5.22639e-05
0.000170268 0.00141983 0.000269131
-5.22639e-05 0.000269131 -0.00407105

0.00152696 -8.13943e-05 -0.000452241
-8.13943e-05 0.00178189 0.000139062
-0.000452241 0.000139062 -0.00418905

0.00182067 0.000183188 -0.000626745
0.000183188 0.00181806 0.000159863
-0.000626745 0.000159863 -0.00424208

0.00163992 -6.87822e-05 -0.000600908
-6.87822e-05 0.0015657 0.000323429
-0.000600908 0.000323429 -0.00408126

0.000374855 3.48058e-05 0.000102132
3.48058e-05 0.000994528 -0.000125203
0.000102132 -0.000125203 -0.0026033

-0.000127464 4.46471e-05 -0.000977319
4.46471e-05 -7.59938e-05 -4.23284e-05
-0.000977319 -4.23284e-05 0.000552812

0.00191067 9.24282e-05 -0.000413402
9.24282e-05 0.00186967 0.00014704
-0.000413402 0.00014704 -0.00487063

0.00188717 7.71103e-05 -0.000174252
7.71103e-05 0.00186067 0.00025383
-0.000174252 0.00025383 -0.00485163

0.00236575 1.2641e-06 -6.48139e-05
1.2641e-06 0.00198627 -1.20054e-05
-6.48139e-05 -1.20054e-05 -0.00603855

0.0025531 0.00011309 -5.69735e-05
0.00011309 0.00232964 0.00014178
-5.69735e-05 0.00014178 -0.00633518

0.00202662 0.000126014 -9.51038e-05
0.000126014 0.00218594 0.000324163
-9.51038e-05 0.000324163 -0.00529578

0.0023319 9.26755e-05 -0.0001816
9.26755e-05 0.00251 1.71539e-05
-0.0001816 1.71539e-05 -0.00633518

0.00221999 -4.16598e-05 -7.50228e-05
-4.16598e-05 0.00227899 0.000184766
-7.50228e-05 0.000184766 -0.00598846

0.00229459 -0.000136626 -0.000169325
-0.000136626 0.0022492 -7.14306e-05
-0.000169325 -7.14306e-05 -0.00604336

0.00199158 5.98748e-05 -0.000121919
5.98748e-05 0.00217331 9.16818e-05
-0.000121919 9.16818e-05 -0.00518267

0.00200615 -9.24363e-06 -9.86116e-05
-9.24363e-06 0.00221746 -0.000115325
-9.86116e-05 -0.000115325 -0.00517809

0.00235285 1.68043e-05 -0.000230071
1.68043e-05 0.00247452 2.60324e-05
-0.000230071 2.60324e-05 -0.00621723

0.00239598 2.37486e-05 -0.000170445
2.37486e-05 0.00245322 3.14221e-05
-0.000170445 3.14221e-05 -0.00626381

0 -6.93889e-17 -0.000256098
-6.93889e-17 0 9.53287e-06
-0.000256098 9.53287e-06 0.00192778

6.86505e-06 8.86808e-06 -0.000205095
8.86808e-06 -0.000250768 -1.75595e-07
-0.000205095 -1.75595e-07 0.00228491

0.000898286 -0.000184062 -0.000414626
-0.000184062 0.00054318 0.000201457
-0.000414626 0.000201457 -0.00207057

0.000464163 0.000138365 -0.000192281
0.000138365 0.000727843 -0.000523857
-0.000192281 -0.000523857 -0.00199044

-0.000113048 3.0239e-05 0.000963432
3.0239e-05 -0.000168123 0.000186394
0.000963432 0.000186394 0.00146683

-0.000100738 2.3225e-05 0.000796233
2.3225e-05 -0.000218038 0.000632748
0.000796233 0.000632748 0.00145115

-3.63098e-05 6.04241e-05 0.00152076
6.04241e-05 -5.76155e-05 0.000314568
0.00152076 0.000314568 0.000778436

0.0001895 5.29454e-05 -7.00736e-05
5.29454e-05 0.000405168 -0.000342721
-7.00736e-05 -0.000342721 -0.00108888

-3.77237e-05 9.24549e-06 0.000107336
9.24549e-06 -0.000145659 -0.000552791
0.000107336 -0.000552791 0.000955956

0.000153746 7.50841e-05 0.00124558
7.50841e-05 0.000125108 0.000307002
0.00124558 0.000307002 -0.00011736

0.000147679 7.41319e-05 0.00110504
7.41319e-05 0.000189486 0.000741119
0.00110504 0.000741119 -0.000147927

0.00165389 0.000140837 0.000130038
0.000140837 0.00161908 -0.000395702
0.000130038 -0.000395702 -0.00404427

0.000228984 -2.0004e-05 1.14142e-06
-2.0004e-05 0.000349368 1.07087e-06
1.14142e-06 1.07087e-06 -0.00102622

0.000685543 0.00012726 0.000790224
0.00012726 0.000452595 0.000190922
0.000790224 0.000190922 -0.00149017

0.000695883 9.56215e-05 0.000750047
9.56215e-05 0.000442367 0.000455803
0.000750047 0.000455803 -0.00152228

-0.000167371 7.19375e-05 -0.00118107
7.19375e-05 -8.45031e-05 7.09632e-06
-0.00118107 7.09632e-06 0.000308709

0.00206666 -2.94846e-05 6.06496e-05
-2.94846e-05 0.00226125 0.000213407
6.06496e-05 0.000213407 -0.00577098

0.000314764 -6.93925e-05 -0.000815974
-6.93925e-05 0.00029664 0.000378082
-0.000815974 0.000378082 -0.00100486

0.000323533 -4.36547e-05 -0.000853088
-4.36547e-05 0.000266503 0.000390832
-0.000853088 0.000390832 -0.000987889

0.000304457 -2.46713e-05 0.000309293
-2.46713e-05 0.00015991 -0.000222799
0.000309293 -0.000222799 -0.000835274

0.000248208 -1.65227e-05 -0.000172128
-1.65227e-05 9.57641e-05 -0.00042378
-0.000172128 -0.00042378 -0.000620717

0.00161157 4.17608e-05 5.11453e-05
4.17608e-05 0.00175864 -0.000333036
5.11453e-05 -0.000333036 -0.00421233

0.000821097 0.000121949 -0.000125843
0.000121949 0.000600198 -0.000122927
-0.000125843 -0.000122927 -0.00233951

0.00172887 -1.993e-05 -0.000375255
-1.993e-05 0.00185559 0.0001382
-0.000375255 0.0001382 -0.00473008

0.00162956 0.000100613 -9.03561e-05
0.000100613 0.00166186 -0.000289773
-9.03561e-05 -0.000289773 -0.00401674

0.00100351 0.00015054 -0.00061854
0.00015054 0.000748704 9.4931e-06
-0.00061854 9.4931e-06 -0.0026155

0.00201979 -0.000205965 -0.000143086
-0.000205965 0.00199014 -0.000397243
-0.000143086 -0.000397243 -0.00527914

0 0 5.48837e-05
0 0 4.17128e-06
5.48837e-05 4.17128e-06 0.0011088

0.0011657 -3.46646e-05 -0.000663166
-3.46646e-05 0.000845793 -0.000183569
-0.000663166 -0.000183569 -0.00273841

0.00128813 0.000106208 -0.000727617
0.000106208 0.00113599 -0.000118724
-0.000727617 -0.000118724 -0.00324807

0.00126572 0.000126362 -0.000477255
0.000126362 0.00111844 -0.000384468
-0.000477255 -0.000384468 -0.00320142

0.00114208 0.00010886 -0.000778141
0.00010886 0.00114538 -6.85447e-05
-0.000778141 -6.85447e-05 -0.00300847

0.00116382 9.48872e-06 -0.00066297
9.48872e-06 0.00138007 -0.00011904
-0.00066297 -0.00011904 -0.00343005

0.00131506 -8.89956e-07 -0.000601222
-8.89956e-07 0.00136674 -6.50036e-05
-0.000601222 -6.50036e-05 -0.00341215

0.00157682 -1.16093e-06 -0.000395094
-1.16093e-06 0.00156797 -0.000132011
-0.000395094 -0.000132011 -0.00401464

0.00207211 -4.11324e-05 -4.76252e-05
-4.11324e-05 0.00224703 -4.25329e-05
-4.76252e-05 -4.25329e-05 -0.00511606

0.00180569 -7.7275e-05 -0.000244635
-7.7275e-05 0.00187418 -3.44893e-05
-0.000244635 -3.44893e-05 -0.00497016

-4.30689e-05 -3.33474e-06 -0.00111527
-3.33474e-06 -6.76225e-05 0.00010619
-0.00111527 0.00010619 0.000518533

0.00168991 -0.000107803 -0.00038904
-0.000107803 0.00186622 1.957e-06
-0.00038904 1.957e-06 -0.00428755

0.00156628 1.80273e-05 -0.000340759
1.80273e-05 0.00174114 -5.58229e-05
-0.000340759 -5.58229e-05 -0.00428149

0.00228923 8.50363e-05 -0.000177669
8.50363e-05 0.00224619 2.12809e-05
-0.000177669 2.12809e-05 -0.00605629

0.00239598 -6.55679e-05 -0.000170445
-6.55679e-05 0.00242881 -6.77055e-05
-0.000170445 -6.77055e-05 -0.00626381

9.17306e-06 1.29892e-05 -0.000220484
1.29892e-05 -0.000318043 -0.000113215
-0.000220484 -0.000113215 0.00228941

-2.22045e-16 0 -0.000200707
0 0 -0.000255576
-0.000200707 -0.000255576 0.00233305

0 0 -0.000256098
0 0 9.53287e-06
-0.000256098 9.53287e-06 0.00192778

-0.000231025 -5.20561e-05 0.000657706
-5.20561e-05 -0.000257816 0.000634358
0.000657706 0.000634358 0.00132149

-0.000224835 -5.41662e-05 0.0005465
-5.41662e-05 -0.000262369 0.000775073
0.0005465 0.000775073 0.00131493

-0.000219406 -6.84084e-05 0.000471614
-6.84084e-05 -0.000287424 0.000542616
0.000471614 0.000542616 0.00192534

-1.83452e-05 0.000109724 0.000964262
0.000109724 -0.000136151 0.000700182
0.000964262 0.000700182 0.000906472

1.44139e-05 -1.73758e-05 0.00122117
-1.73758e-05 -2.97878e-05 0.000894282
0.00122117 0.000894282 0.000576397

-2.34142e-06 1.25545e-05 0.000825087
1.25545e-05 -5.90552e-05 0.00112464
0.000825087 0.00112464 0.000622788

3.04902e-05 -1.55835e-05 0.00113948
-1.55835e-05 -3.55558e-05 0.000805537
0.00113948 0.000805537 -7.12657e-05

0.000217071 0.000121821 0.00110143
0.000121821 0.000222182 0.000732085
0.00110143 0.000732085 -0.000698862

0.000232302 1.29948e-05 0.00116517
1.29948e-05 0.000438744 0.000826096
0.00116517 0.000826096 -0.000970207

0.0020826 0.000102308 -5.95757e-05
0.000102308 0.00186603 -0.000263909
-5.95757e-05 -0.000263909 -0.00510387

0.000526469 0.000242275 -0.00034956
0.000242275 0.000556779 -0.000361144
-0.00034956 -0.000361144 -0.00174034

0.000654202 7.7148e-05 0.000626996
7.7148e-05 0.00043739 0.000421374
0.000626996 0.000421374 -0.00175961

0.000938002 0.000282094 0.000257037
0.000282094 0.000481009 5.35591e-05
0.000257037 5.35591e-05 -0.0022464

0.000946446 0.000242498 0.000220894
0.000242498 0.000656258 0.000198839
0.000220894 0.000198839 -0.00214788

0.00061661 0.000113467 0.000659234
0.000113467 0.000404892 0.000402262
0.000659234 0.000402262 -0.00173138

0.00032699 -8.45196e-05 -7.03155e-05
-8.45196e-05 0.000347109 0.000101123
-7.03155e-05 0.000101123 -0.00116987

-4.25878e-05 5.71299e-06 -0.00122159
5.71299e-06 -5.5917e-05 4.61766e-05
-0.00122159 4.61766e-05 0.000274785

0.00190462 -9.77053e-05 -0.000250273
-9.77053e-05 0.00191344 -0.000353169
-0.000250273 -0.000353169 -0.00525075

8.26819e-05 -1.8248e-05 0.000480049
-1.8248e-05 9.30635e-05 0.000594665
0.000480049 0.000594665 -9.64817e-05

0.000321541 -5.01552e-05 -0.000853926
-5.01552e-05 0.000250491 0.000400804
-0.000853926 0.000400804 -0.000957222

0.000844365 0.00013509 -0.000287628
0.00013509 0.000640918 -9.69928e-05
-0.000287628 -9.69928e-05 -0.00256375

0.00014669 -0.000203104 -0.000448114
-0.000203104 0.000468486 0.000959284
-0.000448114 0.000959284 -0.000635247

0.00170158 2.41806e-06 -0.00037871
2.41806e-06 0.00183736 0.000137969
-0.00037871 0.000137969 -0.00458876

0.000972478 0.000269926 -0.00054023
0.000269926 0.0011098 -0.000366427
-0.00054023 -0.000366427 -0.00295973

0.000963166 0.000224419 -0.000499055
0.000224419 0.00104904 -0.000402454
-0.000499055 -0.000402454 -0.00279354

0.00107904 0.000128524 -0.000496233
0.000128524 0.00112356 -0.000364527
-0.000496233 -0.000364527 -0.00312766

0.00115947 0.000102524 -0.000545367
0.000102524 0.00113927 -0.000314187
-0.000545367 -0.000314187 -0.00296543

0.00117044 8.19218e-05 0.000507783
8.19218e-05 0.00087418 2.65605e-05
0.000507783 2.65605e-05 -0.00272684

-0.00022339 -2.27867e-05 -0.0011397
-2.27867e-05 -7.60185e-05 -0.000305576
-0.0011397 -0.000305576 0.0007471

0.00182697 -7.03431e-05 -0.000262918
-7.03431e-05 0.00181868 -8.16679e-05
-0.000262918 -8.16679e-05 -0.00458194

0.00178127 -0.000102306 -0.000195253
-0.000102306 0.00186598 -0.000120814
-0.000195253 -0.000120814 -0.00457479

0.00159805 2.33816e-05 -0.000172555
2.33816e-05 0.00163853 -0.000190073
-0.000172555 -0.000190073 -0.00418087

0.00236151 9.84613e-06 -6.39064e-05
9.84613e-06 0.00215929 -7.30451e-05
-6.39064e-05 -7.30451e-05 -0.0060521

0.00234917 -2.1048e-05 -6.58241e-05
-2.1048e-05 0.0023867 -7.82923e-05
-6.58241e-05 -7.82923e-05 -0.0060524

0.00234025 -5.16279e-05 -0.000135913
-5.16279e-05 0.00242747 -0.000102583
-0.000135913 -0.000102583 -0.00622441

-0.000226489 -3.96934e-05 0.000368293
-3.96934e-05 -0.000317534 0.000649287
0.000368293 0.000649287 0.00187541

-0.000187511 -1.95422e-05 0.000160769
-1.95422e-05 -0.000432662 0.00091938
0.000160769 0.00091938 0.00184592

-0.000216074 -6.34586e-05 0.000404249
-6.34586e-05 -0.000305018 0.000627036
0.000404249 0.000627036 0.00192291

-0.000290045 -0.000173969 0.000309081
-0.000173969 -0.000567788 0.000386344
0.000309081 0.000386344 0.00238856

-0.000226055 -0.000144038 0.000110762
-0.000144038 -0.000755804 0.000648828
0.000110762 0.000648828 0.00237849

2.22045e-16 -1.11022e-16 -0.000200707
-1.11022e-16 0 -0.000255576
-0.000200707 -0.000255576 0.00233305

-0.000149569 -1.40998e-05 0.00061334
-1.40998e-05 -0.000139742 0.000959995
0.00061334 0.000959995 0.00130976

-7.86529e-05 0.000107352 0.000640422
0.000107352 6.07579e-05 0.00108074
0.000640422 0.00108074 0.000496915

2.21191e-06 6.58706e-05 0.00073417
6.58706e-05 -9.0548e-06 0.00109964
0.00073417 0.00109964 0.000556335

8.43358e-06 1.73163e-05 0.000780224
1.73163e-05 -6.65833e-05 0.00101516
0.000780224 0.00101516 -2.48681e-05

0.000400775 0.000143769 0.000679959
0.000143769 0.000301619 0.00100859
0.000679959 0.00100859 -0.000882848

6.18528e-05 -8.22086e-06 0.000807186
-8.22086e-06 9.33157e-05 0.00108334
0.000807186 0.00108334 -0.000132565

0.000106341 2.7677e-05 0.000650539
2.7677e-05 0.00010729 0.000957633
0.000650539 0.000957633 -0.000661751

0.000108382 6.82357e-06 0.000655688
6.82357e-06 0.000311828 0.00088258
0.000655688 0.00088258 -0.000708077

0.00212529 -3.48076e-07 0.000235657
-3.48076e-07 0.00203214 -0.000119841
0.000235657 -0.000119841 -0.00491007

0.000373665 0.000119768 0.000349306
0.000119768 0.000615372 0.000618101
0.000349306 0.000618101 -0.00135662

0.000356744 7.35601e-05 0.00013583
7.35601e-05 0.000822399 0.000966318
0.00013583 0.000966318 -0.0014476

0.000387233 0.000108954 0.000348725
0.000108954 0.000559245 0.000473873
0.000348725 0.000473873 -0.00167994

0.000529814 8.40794e-05 0.000449778
8.40794e-05 0.000478401 0.000540138
0.000449778 0.000540138 -0.00171448

0.0018937 9.07866e-05 -0.000382513
9.07866e-05 0.00192729 0.000111887
-0.000382513 0.000111887 -0.0049017

-0.000121966 3.21329e-05 -0.00105948
3.21329e-05 -7.3801e-05 2.72921e-05
-0.00105948 2.72921e-05 0.000775658

0.000468566 0.000203194 0.00023311
0.000203194 0.000675833 0.000267257
0.00023311 0.000267257 -0.00215668

0.00061061 0.000360164 7.21705e-05
0.000360164 0.000837975 2.51636e-05
7.21705e-05 2.51636e-05 -0.00231013

0.000563618 0.00018107 5.91863e-06
0.00018107 0.000973065 0.000104177
5.91863e-06 0.000104177 -0.00237115

0.000631251 0.000115459 1.46581e-05
0.000115459 0.00100808 9.1555e-05
1.46581e-05 9.1555e-05 -0.00237062

0.000562676 0.000184669 2.74647e-05
0.000184669 0.000984865 -8.39928e-05
2.74647e-05 -8.39928e-05 -0.00242545

0.00067718 0.000302618 -5.73437e-05
0.000302618 0.000839441 -2.4878e-05
-5.73437e-05 -2.4878e-05 -0.00256219

0.000645922 0.000320387 -0.000122492
0.000320387 0.000948917 -0.000271756
-0.000122492 -0.000271756 -0.00250237

0.000810228 0.000286425 -0.000167025
0.000286425 0.00095212 -0.000289438
-0.000167025 -0.000289438 -0.0026797

0.0007686 0.000166246 -0.000104015
0.000166246 0.000698772 -0.000346743
-0.000104015 -0.000346743 -0.00257908

0.00107397 0.000221118 -0.000380515
0.000221118 0.00109094 -0.000547556
-0.000380515 -0.000547556 -0.00296547

0.00078143 0.000111555 -0.00020322
0.000111555 0.0010118 -0.000334094
-0.00020322 -0.000334094 -0.00271817

0.000752543 9.22506e-05 4.91104e-05
9.22506e-05 0.00108063 -0.000586353
4.91104e-05 -0.000586353 -0.00275466

0.000755043 7.17501e-05 -0.000281366
7.17501e-05 0.000952144 -0.000463941
-0.000281366 -0.000463941 -0.00257936

0.00106704 0.000185308 -0.000352615
0.000185308 0.00100491 -0.000569401
-0.000352615 -0.000569401 -0.0027995

0.00110346 6.77359e-05 -0.000341971
6.77359e-05 0.00119095 -0.000537895
-0.000341971 -0.000537895 -0.00309627

0.00107377 4.81999e-05 -3.75633e-05
4.81999e-05 0.00128895 -0.00091704
-3.75633e-05 -0.00091704 -0.00318865

0.00110231 6.51413e-05 -0.000354211
6.51413e-05 0.00118596 -0.000581087
-0.000354211 -0.000581087 -0.00295804

0.0011417 -1.7438e-05 0.000496862
-1.7438e-05 0.000530571 -1.12628e-05
0.000496862 -1.12628e-05 -0.00272135

0.00128797 5.85574e-05 -0.000177255
5.85574e-05 0.00129683 -0.000373281
-0.000177255 -0.000373281 -0.00317356

0.00100241 9.6543e-06 0.000632898
9.6543e-06 0.000580596 -0.000203043
0.000632898 -0.000203043 -0.00235992

0.00198838 -0.000186544 6.77107e-05
-0.000186544 0.00180462 -0.000301018
6.77107e-05 -0.000301018 -0.0050293

-0.000155682 -0.000103748 -0.000446343
-0.000103748 -0.000243269 -0.000525172
-0.000446343 -0.000525172 0.00104659

-5.26768e-05 -3.10962e-06 0.000264157
-3.10962e-06 0.000111084 -0.0015231
0.000264157 -0.0015231 6.90547e-06

0.00178007 -0.000102757 -0.000179105
-0.000102757 0.00186705 -0.00011792
-0.000179105 -0.00011792 -0.00478307

0.0024475 -6.85172e-05 -0.00017326
-6.85172e-05 0.002354 -6.52361e-05
-0.00017326 -6.52361e-05 -0.00622441

0.00207884 -0.00010791 -9.43016e-05
-0.00010791 0.00208205 -0.000106286
-9.43016e-05 -0.000106286 -0.00512779

0.00192433 0.000130651 1.30316e-05
0.000130651 0.00182638 -0.000340938
1.30316e-05 -0.000340938 -0.00516017

0.00207316 -0.000105979 -3.67262e-05
-0.000105979 0.00209834 -0.00015321
-3.67262e-05 -0.00015321 -0.00566742

0.00202339 -4.6087e-05 -6.70592e-06
-4.6087e-05 0.0021013 -0.000222503
-6.70592e-06 -0.000222503 -0.00567087

-7.19938e-06 -6.13827e-05 -6.91587e-05
-6.13827e-05 -0.000390855 -0.000223254
-6.91587e-05 -0.000223254 0.00235237

0.00100008 -1.26859e-05 0.000650097
-1.26859e-05 0.000839006 2.57055e-05
0.000650097 2.57055e-05 -0.00247822

0 0 2.30098e-05
0 0 2.43397e-05
2.30098e-05 2.43397e-05 0.00134588

-1.11022e-16 0 2.06037e-05
0 -2.22045e-16 8.20602e-06
2.06037e-05 8.20602e-06 0.000996465

0.000502117 0.000180626 -0.00030568
0.000180626 0.000402123 -0.000226401
-0.00030568 -0.000226401 -0.00142229

-6.00119e-05 1.12643e-05 -0.000212042
1.12643e-05 -0.000219926 -0.00140916
-0.000212042 -0.00140916 0.00118762

-1.43056e-05 5.95874e-05 -0.00016622
5.95874e-05 -1.89294e-05 -0.00133341
-0.00016622 -0.00133341 0.000466015

-5.1029e-05 2.40161e-06 0.00029178
2.40161e-06 3.48232e-05 -0.00151738
0.00029178 -0.00151738 0.000390618

0.000552355 -0.000141632 0.000128366
-0.000141632 0.000801918 -0.000493398
0.000128366 -0.000493398 -0.00224947

9.30943e-05 -2.92471e-05 -0.000260732
-2.92471e-05 0.000130258 -0.00129427
-0.000260732 -0.00129427 2.4288e-05

0.00144176 -6.70031e-06 -0.000501615
-6.70031e-06 0.00138419 1.655e-05
-0.000501615 1.655e-05 -0.00359745

0.000263986 3.53428e-05 -0.000236637
3.53428e-05 0.000455851 -0.00130433
-0.000236637 -0.00130433 -0.00104473

0.000235242 -6.73913e-06 0.000299844
-6.73913e-06 0.000423581 -0.00106383
0.000299844 -0.00106383 -0.000936988

-0.000167732 5.41619e-07 -0.000996001
5.41619e-07 -7.44382e-05 -0.000195342
-0.000996001 -0.000195342 0.000813102

0.000428805 9.90973e-05 -0.000328412
9.90973e-05 0.000795341 -0.000928477
-0.000328412 -0.000928477 -0.00147718

0.000176284 -2.00212e-05 5.91826e-05
-2.00212e-05 0.000166617 -8.03226e-06
5.91826e-05 -8.03226e-06 -0.00119639

0.000328122 1.25335e-06 -2.63435e-05
1.25335e-06 0.000595003 -0.000172014
-2.63435e-05 -0.000172014 -0.00150867

0.000526178 -0.000133183 0.000128615
-0.000133183 0.000793373 -0.000515192
0.000128615 -0.000515192 -0.00191688

0.000319484 -6.95124e-05 -0.000832865
-6.95124e-05 0.000254635 0.000396015
-0.000832865 0.000396015 -0.000951705

0.000438102 -0.000194946 0.000593762
-0.000194946 0.00040279 -0.000519844
0.000593762 -0.000519844 -0.000948013

0.000468438 6.83126e-05 -5.37761e-05
6.83126e-05 0.00129124 -8.69848e-05
-5.37761e-05 -8.69848e-05 -0.00261931

0.000656364 0.000256621 -6.20135e-06
0.000256621 0.00130398 0.00010007
-6.20135e-06 0.00010007 -0.00275352

-0.000212451 -2.0518e-05 -0.00105563
-2.0518e-05 -0.000137361 -0.000283939
-0.00105563 -0.000283939 0.00124154

0.00149555 3.07827e-05 -5.15416e-05
3.07827e-05 0.0016255 -0.000269012
-5.15416e-05 -0.000269012 -0.00401664

0.00143821 -2.55788e-06 -0.000480699
-2.55788e-06 0.00145753 4.94034e-05
-0.000480699 4.94034e-05 -0.00367875

0.00193292 -7.3358e-05 0.000173598
-7.3358e-05 0.00173575 0.000418703
0.000173598 0.000418703 -0.00469026

-0.000247419 -3.54199e-05 -0.000924142
-3.54199e-05 -8.13083e-05 -4.48683e-05
-0.000924142 -4.48683e-05 0.00128397

0.000552734 8.6925e-05 6.53054e-06
8.6925e-05 0.000823431 0.000555038
6.53054e-06 0.000555038 -0.00247007

0.000793203 1.43772e-05 0.000237466
1.43772e-05 0.00123497 0.000733832
0.000237466 0.000733832 -0.00288815

0.000780847 1.04539e-05 -0.000143354
1.04539e-05 0.00123383 0.00064765
-0.000143354 0.00064765 -0.00285379

0.000796993 1.80469e-05 0.000199816
1.80469e-05 0.00119805 0.000781894
0.000199816 0.000781894 -0.00269064

0.00131349 -3.00198e-05 0.000244042
-3.00198e-05 0.00119327 0.000651176
0.000244042 0.000651176 -0.00303445

0.000554068 -0.000214334 0.000407822
-0.000214334 0.00040603 -0.000487501
0.000407822 -0.000487501 -0.00173631

0.00129685 -3.41971e-05 0.000218218
-3.41971e-05 0.00145645 0.000621757
0.000218218 0.000621757 -0.00355952

0.0014305 -0.000147809 0.000178428
-0.000147809 0.00149792 0.000532726
0.000178428 0.000532726 -0.00382153

0.00182521 -7.0311e-05 -0.000243839
-7.0311e-05 0.00181964 -8.15224e-05
-0.000243839 -8.15224e-05 -0.00478746

0.00189432 9.49836e-05 -0.000376797
9.49836e-05 0.00188096 0.000123677
-0.000376797 0.000123677 -0.0048587

5.47552e-05 -2.31164e-05 0.000295023
-2.31164e-05 -0.000786698 -0.000865318
0.000295023 -0.000865318 0.00230797

0 0 -1.33159e-05
0 0 6.19696e-05
-1.33159e-05 6.19696e-05 0.00136941

-9.12493e-05 -6.11305e-06 0.000215518
-6.11305e-06 -0.00019786 -0.00160001
0.000215518 -0.00160001 0.00112675

-0.000101948 -5.98166e-05 -0.000999454
-5.98166e-05 -9.58833e-05 -0.000299493
-0.000999454 -0.000299493 0.000832482

0.000172068 -2.39101e-05 -0.000563597
-2.39101e-05 0.000249055 2.33058e-05
-0.000563597 2.33058e-05 -0.000453518

0.000189919 1.44351e-05 0.000395332
1.44351e-05 0.0001066 -0.00155425
0.000395332 -0.00155425 -0.000209218

0.000213075 -5.73459e-05 0.000298879
-5.73459e-05 0.000299214 -0.00141928
0.000298879 -0.00141928 -0.000707421

0.000727162 -0.000116737 -4.68816e-05
-0.000116737 0.00047707 8.51151e-06
-4.68816e-05 8.51151e-06 -0.00171488

-9.02542e-05 -2.2119e-06 -1.58448e-05
-2.2119e-06 -4.64117e-05 2.32111e-05
-1.58448e-05 2.32111e-05 0.00103344

0.000530263 -0.000141412 0.000194206
-0.000141412 0.000789803 -0.000496977
0.000194206 -0.000496977 -0.00198563

0.000589284 -0.000299211 -1.40313e-05
-0.000299211 0.0014743 0.000108546
-1.40313e-05 0.000108546 -0.00260586

0.00136844 1.84877e-05 -0.000549438
1.84877e-05 0.00139656 -1.31174e-05
-0.000549438 -1.31174e-05 -0.00352756

0.000590511 -0.000271297 6.22776e-05
-0.000271297 0.00135859 -1.44594e-05
6.22776e-05 -1.44594e-05 -0.00246343

0.000591155 -0.000272837 -3.96304e-05
-0.000272837 0.0013601 4.16701e-05
-3.96304e-05 4.16701e-05 -0.00252717

-3.84585e-05 -2.31303e-05 -0.000684424
-2.31303e-05 -0.000195106 -0.000596402
-0.000684424 -0.000596402 0.000354721

0.00118521 -4.58045e-05 0.00040783
-4.58045e-05 0.00136831 -0.000127643
0.00040783 -0.000127643 -0.00385142

0.000777439 2.15849e-05 -0.000169575
2.15849e-05 0.00120068 0.000697391
-0.000169575 0.000697391 -0.00265347

0.00101779 -2.41339e-06 1.35431e-05
-2.41339e-06 0.00108146 0.000585241
1.35431e-05 0.000585241 -0.00274547

0.000863963 0.000209603 0.000163
0.000209603 0.000817191 2.53567e-05
0.000163 2.53567e-05 -0.00258315

0.00132288 2.1116e-05 -0.000128308
2.1116e-05 0.00146656 0.000382037
-0.000128308 0.000382037 -0.00346445

0.00158185 3.72581e-05 -0.000346079
3.72581e-05 0.00150895 0.000315359
-0.000346079 0.000315359 -0.00405113

0.00198166 6.29992e-05 -0.0001557
6.29992e-05 0.00210281 0.000216933
-0.0001557 0.000216933 -0.00528156

0.00213629 -1.67065e-05 -0.000121678
-1.67065e-05 0.0021533 5.22034e-05
-0.000121678 5.22034e-05 -0.0054187

0.00215678 -7.54851e-05 -0.000104008
-7.54851e-05 0.00228354 0.000151152
-0.000104008 0.000151152 -0.00598729

0.00228152 -8.78448e-05 -0.000256626
-8.78448e-05 0.00209515 0.000233318
-0.000256626 0.000233318 -0.00582427

0.00118841 -5.96722e-05 0.000164775
-5.96722e-05 0.00138076 1.06724e-05
0.000164775 1.06724e-05 -0.00296061

0.00258679 0.000180407 9.805e-05
0.000180407 0.00231101 0.000265716
9.805e-05 0.000265716 -0.00623584

-1.44877e-05 -3.22048e-05 7.92971e-05
-3.22048e-05 -1.10933e-05 0.000697792
7.92971e-05 0.000697792 4.71946e-05

-1.74732e-05 0.000111667 -0.000160405
0.000111667 -0.000632519 0.000454692
-0.000160405 0.000454692 0.00241111

-2.22045e-16 0 -7.55452e-06
0 0 -8.05407e-05
-7.55452e-06 -8.05407e-05 0.00134436

2.19415e-05 -4.63346e-05 0.000240926
-4.63346e-05 -0.000786277 0.000642202
0.000240926 0.000642202 0.00239819

-2.22045e-16 0 -7.55452e-06
0 0 -8.05407e-05
-7.55452e-06 -8.05407e-05 0.00134436

0.00200261 8.37222e-06 0.000194334
8.37222e-06 0.00221359 -2.85598e-05
0.000194334 -2.85598e-05 -0.00511559

-0.000118191 8.67999e-06 -8.55668e-05
8.67999e-06 -0.000371403 0.000971872
-8.55668e-05 0.000971872 0.00127404

0.00222202 -0.000105201 9.72395e-05
-0.000105201 0.00199493 -7.18884e-05
9.72395e-05 -7.18884e-05 -0.0051042

-3.20832e-05 4.44841e-05 0.000215533
4.44841e-05 -0.00019303 0.00115691
0.000215533 0.00115691 0.00111094

-0.000170312 4.55442e-05 0.000237733
4.55442e-05 -0.000189875 0.00113115
0.000237733 0.00113115 0.00131438

0.000849801 0.000257651 -0.0001202
0.000257651 0.000790861 0.00010559
-0.0001202 0.00010559 -0.00257315

-2.89207e-05 8.08247e-05 0.000344673
8.08247e-05 5.81032e-05 0.00141357
0.000344673 0.00141357 0.000431566

0.000835638 0.000308501 -5.59349e-05
0.000308501 0.000624017 -8.23747e-06
-5.59349e-05 -8.23747e-06 -0.00199597

5.27489e-06 5.02019e-05 0.000248896
5.02019e-05 8.4001e-05 0.0014907
0.000248896 0.0014907 0.000650863

0.00148602 5.45814e-05 6.52902e-05
5.45814e-05 0.00158437 -0.000395144
6.52902e-05 -0.000395144 -0.00395013

0.00143159 1.61713e-05 -0.000409424
1.61713e-05 0.0014447 2.65011e-05
-0.000409424 2.65011e-05 -0.00365048

6.4197e-06 4.90933e-05 0.000250238
4.90933e-05 5.40654e-05 0.00162269
0.000250238 0.00162269 7.95489e-05

8.51951e-05 -4.57371e-05 0.000279179
-4.57371e-05 0.000148022 0.00167216
0.000279179 0.00167216 -0.000261716

0.00148264 -9.453e-05 -0.000409372
-9.453e-05 0.001396 2.13312e-05
-0.000409372 2.13312e-05 -0.00365057

0.00022253 -4.69208e-05 -1.32053e-05
-4.69208e-05 0.000671937 0.00126487
-1.32053e-05 0.00126487 -0.00103426

0.00150031 -0.000187303 0.000471293
-0.000187303 0.0016255 0.000275382
0.000471293 0.000275382 -0.00404219

0.000106155 1.33157e-06 0.000213224
1.33157e-06 0.000170676 0.00147784
0.000213224 0.00147784 -0.00078226

0.000269121 -8.21653e-05 -5.26026e-05
-8.21653e-05 0.000744869 0.000937573
-5.26026e-05 0.000937573 -0.00125949

0.000223326 -4.3346e-05 -2.67708e-05
-4.3346e-05 0.000627367 0.00102142
-2.67708e-05 0.00102142 -0.00135262

0.000235259 -1.8575e-05 0.000106059
-1.8575e-05 0.000753264 0.000933845
0.000106059 0.000933845 -0.00132274

0.000278269 -8.88609e-05 -8.21554e-05
-8.88609e-05 0.000637443 0.000757989
-8.21554e-05 0.000757989 -0.00152446

0.000385052 4.53535e-05 -8.1127e-05
4.53535e-05 0.000892426 0.000869401
-8.1127e-05 0.000869401 -0.00198541

0.000387144 1.13533e-05 -7.8064e-05
1.13533e-05 0.00114295 0.00051719
-7.8064e-05 0.00051719 -0.00228363

0.000427254 -1.28852e-05 0.000142466
-1.28852e-05 0.00088397 0.000885913
0.000142466 0.000885913 -0.00199042

0.00036393 7.84683e-05 0.000152011
7.84683e-05 0.000735021 0.000802591
0.000152011 0.000802591 -0.00174785

0.000606303 -0.000177473 -0.000171887
-0.000177473 0.000574128 0.000401066
-0.000171887 0.000401066 -0.00202112

0.000425086 1.30983e-05 0.000167982
1.30983e-05 0.00114301 0.000534289
0.000167982 0.000534289 -0.0022871

0.000563546 -0.000125736 -7.10675e-06
-0.000125736 0.000903056 0.000186037
-7.10675e-06 0.000186037 -0.00269601

0.000578247 0.000155317 -0.000122016
0.000155317 0.00101844 0.000160316
-0.000122016 0.000160316 -0.00269435

0.000553098 -0.000208904 4.82525e-05
-0.000208904 0.00105312 -0.000147739
4.82525e-05 -0.000147739 -0.00250247

0.000535212 -0.000117453 0.000126474
-0.000117453 0.000792608 -0.00030845
0.000126474 -0.00030845 -0.00240314

0.000561493 0.000109948 8.41595e-05
0.000109948 0.00102835 -0.000103953
8.41595e-05 -0.000103953 -0.00238913

0.000612653 0.000217567 -3.12316e-05
0.000217567 0.00102209 -9.95244e-06
-3.12316e-05 -9.95244e-06 -0.00261626

0.000630822 0.000116724 3.35442e-05
0.000116724 0.0010265 -9.52892e-05
3.35442e-05 -9.52892e-05 -0.00242596

0.000596507 -0.000281983 -3.26557e-06
-0.000281983 0.00108663 -0.000479368
-3.26557e-06 -0.000479368 -0.00272486

0.000664924 -0.000107928 0.00013342
-0.000107928 0.00134106 -0.000468145
0.00013342 -0.000468145 -0.00286362

0.000668213 -0.000108558 0.000107638
-0.000108558 0.00128739 -0.000557485
0.000107638 -0.000557485 -0.00282677

0.000487653 -3.96931e-05 -0.000148744
-3.96931e-05 0.00134698 -0.000479437
-0.000148744 -0.000479437 -0.00286598

0.000669148 -9.70912e-05 0.000108041
-9.70912e-05 0.00132701 -0.000579856
0.000108041 -0.000579856 -0.00283398

0.000683977 -0.000235168 -0.000399364
-0.000235168 0.000525035 0.000313427
-0.000399364 0.000313427 -0.00184645

0.000484267 -5.3314e-05 -0.000172335
-5.3314e-05 0.00129234 -0.000568782
-0.000172335 -0.000568782 -0.00283046

0.000684171 -9.25906e-05 3.09115e-05
-9.25906e-05 0.0010193 -0.000652444
3.09115e-05 -0.000652444 -0.0026381

0.000668789 -6.52645e-05 0.000140572
-6.52645e-05 0.00106381 -0.000548257
0.000140572 -0.000548257 -0.00245911

0.000858011 -2.46815e-05 0.000209024
-2.46815e-05 0.00105617 -0.000716961
0.000209024 -0.000716961 -0.00276264

0.00081028 1.20554e-05 -7.58867e-05
1.20554e-05 0.00102557 -0.000675276
-7.58867e-05 -0.000675276 -0.00274482

0.000740499 5.69363e-05 -3.53142e-05
5.69363e-05 0.000997545 -0.000712369
-3.53142e-05 -0.000712369 -0.00262489

0.000882371 -9.46824e-05 0.000162621
-9.46824e-05 0.00121211 -0.000647604
0.000162621 -0.000647604 -0.00292034

0.00105144 -3.40041e-05 4.12503e-05
-3.40041e-05 0.00123342 -0.000681855
4.12503e-05 -0.000681855 -0.00302029

0.000779797 -1.70436e-05 -0.000212947
-1.70436e-05 0.00132604 -0.000834775
-0.000212947 -0.000834775 -0.00300852

0.00105085 -3.21887e-05 6.14955e-05
-3.21887e-05 0.0012287 -0.000718798
6.14955e-05 -0.000718798 -0.00296043

0.00142792 -8.08039e-05 0.000503298
-8.08039e-05 0.00167981 5.49047e-05
0.000503298 5.49047e-05 -0.00391385

0.00149448 -8.34911e-05 0.000358309
-8.34911e-05 0.00157738 -0.000100522
0.000358309 -0.000100522 -0.0038517

0.00107322 4.61618e-05 -5.11751e-05
4.61618e-05 0.00128157 -0.000958685
-5.11751e-05 -0.000958685 -0.00305001

0.00156506 -9.60473e-05 -0.000377312
-9.60473e-05 0.00148396 -8.76517e-05
-0.000377312 -8.76517e-05 -0.00398309

0.00125939 -2.31002e-05 0.000172157
-2.31002e-05 0.00123051 -0.000573066
0.000172157 -0.000573066 -0.00309396

0.00130173 -7.38305e-05 -0.000155105
-7.38305e-05 0.00116458 -0.000754843
-0.000155105 -0.000754843 -0.00316374

-5.49712e-05 8.21759e-06 -0.00108648
8.21759e-06 -0.000106168 -0.000245679
-0.00108648 -0.000245679 0.000750501

0.000219518 1.25004e-05 -8.62257e-05
1.25004e-05 0.000236685 0.000172687
-8.62257e-05 0.000172687 -0.00130265

0.00240124 0.000100953 -5.36381e-05
0.000100953 0.00237363 -0.000164146
-5.36381e-05 -0.000164146 -0.00620049

0.00239743 4.4875e-05 -4.5037e-06
4.4875e-05 0.00237363 -0.000164146
-4.5037e-06 -0.000164146 -0.00620049

0.0015173 -0.000141466 0.000310922
-0.000141466 0.00171311 7.24021e-05
0.000310922 7.24021e-05 -0.00399193

0.00263659 -7.9288e-05 -7.63191e-05
-7.9288e-05 0.00234773 -0.000156463
-7.63191e-05 -0.000156463 -0.00646874

0.00133719 -0.000109875 -0.000253916
-0.000109875 0.00135317 -0.000213378
-0.000253916 -0.000213378 -0.0032521

-8.86542e-05 3.22792e-05 4.81017e-05
3.22792e-05 -0.000171255 -0.000349019
4.81017e-05 -0.000349019 0.00111133

-4.95918e-05 8.75836e-06 0.000472856
8.75836e-06 -0.000165139 -0.00114326
0.000472856 -0.00114326 0.000446009

-0.000175756 6.08913e-05 0.000721332
6.08913e-05 -0.000138334 -0.00105342
0.000721332 -0.00105342 0.000723196

-0.000158639 5.24032e-05 0.000598067
5.24032e-05 -0.00014773 -0.000934741
0.000598067 -0.000934741 0.00136737

-9.53562e-05 -7.85895e-06 0.000577403
-7.85895e-06 -0.000144706 -0.00092986
0.000577403 -0.00092986 0.00137009

-0.000139048 1.07096e-05 0.000254735
1.07096e-05 0 -4.65326e-06
0.000254735 -4.65326e-06 0.00111441

0.000854312 0.000249138 0.000202035
0.000249138 0.00065828 -8.68015e-05
0.000202035 -8.68015e-05 -0.00199219

-8.82049e-05 -2.71758e-05 -0.000543749
-2.71758e-05 -0.000138849 -0.000394006
-0.000543749 -0.000394006 0.000601321

0.000222483 4.32159e-05 -0.000114181
4.32159e-05 0.000293922 0.000177505
-0.000114181 0.000177505 -0.00137124

0.00196612 4.14032e-06 0.00016455
4.14032e-06 0.00232762 -5.90828e-05
0.00016455 -5.90828e-05 -0.00578032

0.00203964 3.56062e-05 -0.000233124
3.56062e-05 0.00199107 0.000389292
-0.000233124 0.000389292 -0.00519337

0.000233148 0.00011052 0.00122799
0.00011052 0.000137413 0.000343403
0.00122799 0.000343403 -0.00067146

0.00207565 -0.000104182 -0.000157867
-0.000104182 0.0023867 -5.231e-05
-0.000157867 -5.231e-05 -0.0060335

0.000309718 -9.21708e-05 -7.06625e-06
-9.21708e-05 0.00039685 0.000139161
-7.06625e-06 0.000139161 -0.00139959

0.000217769 -3.06171e-06 -6.6833e-05
-3.06171e-06 0.000305478 0.000174483
-6.6833e-05 0.000174483 -0.00137699

-5.25766e-06 -2.99824e-05 0.000110106
-2.99824e-05 -1.05645e-05 0.000705541
0.000110106 0.000705541 0.000132453

0.00138425 -3.16135e-05 -0.000555831
-3.16135e-05 0.00142144 5.25527e-07
-0.000555831 5.25527e-07 -0.0035253

-0.000124202 -1.10479e-05 0.000397582
-1.10479e-05 -7.96023e-05 5.85721e-05
0.000397582 5.85721e-05 0.000751179

0.000162064 -9.69115e-06 -4.46283e-05
-9.69115e-06 0.000168797 2.90535e-05
-4.46283e-05 2.90535e-05 -0.00103646

0.000370747 -8.22948e-06 1.27287e-05
-8.22948e-06 0.000199441 3.87917e-05
1.27287e-05 3.87917e-05 -0.00123845

0.000300445 3.19535e-05 4.10217e-05
3.19535e-05 0.000659383 -0.000388152
4.10217e-05 -0.000388152 -0.0019622

-6.91255e-05 -2.18039e-05 -0.000182166
-2.18039e-05 -6.7607e-05 6.1703e-05
-0.000182166 6.1703e-05 0.000933347

0.000825767 0.000132342 -0.000129767
0.000132342 0.000559424 1.60601e-05
-0.000129767 1.60601e-05 -0.00188503

-7.99574e-05 -5.41201e-05 0.000194172
-5.41201e-05 -0.000137891 0.000314685
0.000194172 0.000314685 0.000732004

6.70319e-05 3.75116e-06 0.000331551
3.75116e-06 7.86186e-05 0.000358837
0.000331551 0.000358837 0.000112701

0.000949993 2.88635e-05 0.000423471
2.88635e-05 0.000532368 0.000105803
0.000423471 0.000105803 -0.00227832

6.43247e-05 3.56341e-05 -0.000354204
3.56341e-05 -2.67192e-06 0.000133041
-0.000354204 0.000133041 0.000169852

2.81814e-05 -2.60667e-05 6.45852e-05
-2.60667e-05 -6.80156e-05 0.000362382
6.45852e-05 0.000362382 0.000456517

0.000455882 2.11835e-05 0.000157426
2.11835e-05 0.00060864 -3.88167e-05
0.000157426 -3.88167e-05 -0.00189678

0.000400044 0.000167936 0.00031843
0.000167936 0.00031649 5.93146e-05
0.00031843 5.93146e-05 -0.00162421

0.000937186 -1.14764e-05 0.000377755
-1.14764e-05 0.00048503 -0.000155481
0.000377755 -0.000155481 -0.00226891

0.00144626 -4.37866e-05 -0.00053274
-4.37866e-05 0.00144099 -4.87963e-06
-0.00053274 -4.87963e-06 -0.0036103

-8.22398e-05 -2.90153e-05 0.000279844
-2.90153e-05 -0.000165498 -0.00160706
0.000279844 -0.00160706 0.000639226

0.00140852 -0.000100406 0.000196325
-0.000100406 0.00128398 -0.000136514
0.000196325 -0.000136514 -0.00371044

0.000157225 -4.21838e-05 0.000357834
-4.21838e-05 0.000121478 -0.000206641
0.000357834 -0.000206641 -0.000511939

2.37063e-05 -1.37612e-05 0.00041834
-1.37612e-05 -6.82546e-06 0.00011333
0.00041834 0.00011333 0.000552093

0.000235019 3.95585e-05 5.64812e-05
3.95585e-05 0.000223312 -6.37417e-05
5.64812e-05 -6.37417e-05 -0.00106601

0.00013491 -1.71058e-05 -3.59665e-05
-1.71058e-05 0.000166829 3.11483e-05
-3.59665e-05 3.11483e-05 -0.00103794

0.000550357 0.000175046 -0.000275804
0.000175046 0.000675766 -0.000399163
-0.000275804 -0.000399163 -0.00192205

2.23353e-05 4.18518e-06 0.000368491
4.18518e-06 3.02406e-06 0.000217328
0.000368491 0.000217328 -3.11621e-05

0.000220557 8.09954e-07 -7.30314e-05
8.09954e-07 0.00016558 4.44461e-05
-7.30314e-05 4.44461e-05 -0.00111059

-8.31217e-05 -3.13607e-05 0.000103882
-3.13607e-05 1.94941e-05 0.000673889
0.000103882 0.000673889 -0.000186209

-0.000166078 -4.89064e-05 0.000314742
-4.89064e-05 -0.000134232 0.000264328
0.000314742 0.000264328 0.00101522

-0.000159439 -7.52721e-05 0.000440405
-7.52721e-05 -0.0001525 0.0004854
0.000440405 0.0004854 0.000660227

0.000211456 3.67518e-05 -7.31986e-06
3.67518e-05 0.000252188 4.77054e-05
-7.31986e-06 4.77054e-05 -0.00126791

0.00145378 -3.38497e-05 -0.000485513
-3.38497e-05 0.00151178 3.67567e-05
-0.000485513 3.67567e-05 -0.00373487

-9.92025e-05 4.97081e-05 -0.000699734
4.97081e-05 5.40106e-05 0.000679
-0.000699734 0.000679 0.000320233

-4.9969e-05 3.94539e-05 -6.28538e-05
3.94539e-05 0.000155118 0.000405154
-6.28538e-05 0.000405154 0.000163677

0.000211141 4.31742e-05 0.000323904
4.31742e-05 0.000206677 0.000263825
0.000323904 0.000263825 -0.000709385

-8.55693e-05 -4.17436e-05 0.000267073
-4.17436e-05 2.0828e-06 -0.00162159
0.000267073 -0.00162159 0.000595684

0.000729502 0.000292793 -0.000112466
0.000292793 0.000809058 4.16695e-05
-0.000112466 4.16695e-05 -0.00201354

0.000215198 6.17007e-05 0.000337377
6.17007e-05 0.000252222 0.000383602
0.000337377 0.000383602 -0.000751495

0.0010558 -5.98753e-05 -0.000355832
-5.98753e-05 0.000637679 0.000203721
-0.000355832 0.000203721 -0.00261862

0.000212781 3.90066e-05 0.000389691
3.90066e-05 8.3828e-05 0.000590084
0.000389691 0.000590084 -6.96783e-05

-0.000163103 -5.89334e-05 0.000438341
-5.89334e-05 -0.000173337 0.000265755
0.000438341 0.000265755 0.00166554

0.000358819 0.000153734 -0.000435259
0.000153734 0.000282375 -0.000285612
-0.000435259 -0.000285612 -0.000928961

0.000272674 0.000135771 0.000292882
0.000135771 0.000361128 0.00020232
0.000292882 0.00020232 -0.00120596

0.00034148 5.32186e-05 1.97873e-06
5.32186e-05 0.000533244 0.000205593
1.97873e-06 0.000205593 -0.00160576

0.000776702 -0.000104984 0.000158351
-0.000104984 0.000463641 -7.23779e-05
0.000158351 -7.23779e-05 -0.00186963

0.000818046 -0.000173411 0.000224512
-0.000173411 0.000350249 -7.08732e-05
0.000224512 -7.08732e-05 -0.00181812

0.00144463 -6.16134e-05 -0.0005333
-6.16134e-05 0.00143373 -3.02879e-05
-0.0005333 -3.02879e-05 -0.00366418

0.00148457 2.48579e-08 0.00018525
2.48579e-08 0.0015693 -0.000449001
0.00018525 -0.000449001 -0.00374131

0.000997856 -0.000140775 2.50386e-05
-0.000140775 0.00136178 -3.0567e-05
2.50386e-05 -3.0567e-05 -0.00288254

0.00143599 -3.99233e-05 -0.000499887
-3.99233e-05 0.00144556 -2.49327e-05
-0.000499887 -2.49327e-05 -0.00361021

0.000943558 -5.1943e-05 -4.06905e-05
-5.1943e-05 0.00139232 7.35571e-05
-4.06905e-05 7.35571e-05 -0.00286348

0.00101901 -5.34706e-05 0.000167809
-5.34706e-05 0.00074145 -0.000294797
0.000167809 -0.000294797 -0.00249103

0.00074236 0.000257001 -7.68818e-05
0.000257001 0.000400646 -7.21888e-05
-7.68818e-05 -7.21888e-05 -0.00191549

0.00148169 -4.32615e-05 -0.00012117
-4.32615e-05 0.00131954 -0.000316471
-0.00012117 -0.000316471 -0.00339903

0.000646375 0.000106472 -4.70865e-05
0.000106472 0.000738851 -0.000125333
-4.70865e-05 -0.000125333 -0.00252467

3.93707e-05 -3.83205e-06 -0.000206665
-3.83205e-06 2.07579e-06 -0.000526746
-0.000206665 -0.000526746 -0.000138657

0.00153889 0.000131037 0.000281673
0.000131037 0.00163402 -0.00015945
0.000281673 -0.00015945 -0.00415475

0.0015855 -5.23395e-05 -0.000165304
-5.23395e-05 0.000894059 0.000127245
-0.000165304 0.000127245 -0.00292975

0.000781726 1.53928e-05 0.000106154
1.53928e-05 0.000902626 4.59212e-05
0.000106154 4.59212e-05 -0.00278212

-0.000237965 -0.000100585 0.000168365
-0.000100585 -0.000195525 0.000247115
0.000168365 0.000247115 0.00143681

0.00137655 -9.05374e-05 -0.000243134
-9.05374e-05 0.00154832 -2.36465e-05
-0.000243134 -2.36465e-05 -0.0035325

0.00054184 7.96913e-05 0.000158245
7.96913e-05 0.000244621 0.000113891
0.000158245 0.000113891 -0.00156484

0.000243803 0.000113348 -0.000324111
0.000113348 0.000323485 -0.000940093
-0.000324111 -0.000940093 -0.000826336

0.00128651 4.4374e-05 2.63555e-05
4.4374e-05 0.00137673 0.000202832
2.63555e-05 0.000202832 -0.00313649

0.000483911 0.000254808 9.4471e-05
0.000254808 0.000639225 0.000127244
9.4471e-05 0.000127244 -0.00159611

-0.000100004 3.77482e-05 -0.000712325
3.77482e-05 -7.93493e-05 0.000568383
-0.000712325 0.000568383 0.000254761

-0.000216302 -3.54324e-05 3.79731e-05
-3.54324e-05 -5.60977e-06 -7.85649e-05
3.79731e-05 -7.85649e-05 0.00148937

0.000419765 0.000239153 0.000285642
0.000239153 0.000669309 0.000194102
0.000285642 0.000194102 -0.00215381

0.00142765 2.22605e-05 -7.74255e-05
2.22605e-05 0.00144032 -5.52326e-05
-7.74255e-05 -5.52326e-05 -0.00420258

-1.11022e-16 -1.11022e-16 -7.55452e-06
-1.11022e-16 -2.22045e-16 -8.05407e-05
-7.55452e-06 -8.05407e-05 0.00134436

0.00155051 -6.1128e-05 -0.000291224
-6.1128e-05 0.00175066 -0.000225497
-0.000291224 -0.000225497 -0.00452783

0 -5.14706e-06 -5.71159e-06
-5.14706e-06 -0.000159443 0.000207126
-5.71159e-06 0.000207126 0.0011588

0.00153717 -0.000147174 0.000102586
-0.000147174 0.00129961 -0.000354633
0.000102586 -0.000354633 -0.00410124

0.00158001 -0.000130543 -0.000398523
-0.000130543 0.00149079 4.35627e-06
-0.000398523 4.35627e-06 -0.00413882

0.00106783 -0.000340506 -0.00013438
-0.000340506 0.00080266 0.000182477
-0.00013438 0.000182477 -0.00286903

0.00184494 0.00011307 0.00015124
0.00011307 0.00137125 -0.000184285
0.00015124 -0.000184285 -0.00375238

0.00149573 -9.52426e-05 6.99732e-05
-9.52426e-05 0.00149159 -0.000535568
6.99732e-05 -0.000535568 -0.00383709

0.000292956 0.000102939 -0.000605514
0.000102939 0.000381588 -0.000694881
-0.000605514 -0.000694881 -0.000992043

-0.000163509 1.72904e-05 0.000332826
1.72904e-05 -0.000167898 0.000390834
0.000332826 0.000390834 0.00107783

0.00205551 6.65948e-06 0.000392531
6.65948e-06 0.0019833 4.92108e-05
0.000392531 4.92108e-05 -0.00481615

0.000220386 1.3462e-05 -7.54681e-05
1.3462e-05 0.000237737 0.000184235
-7.54681e-05 0.000184235 -0.00117964

0.00144084 0.000147893 -5.06072e-05
0.000147893 0.00162363 3.52535e-05
-5.06072e-05 3.52535e-05 -0.0041749

0.000396977 0.000203179 -0.000512282
0.000203179 0.000475161 -0.00062197
-0.000512282 -0.00062197 -0.0010033

0.0015188 -0.000100958 4.07945e-05
-0.000100958 0.00165678 0.000143557
4.07945e-05 0.000143557 -0.00448567

0.00156858 0.00028006 4.97143e-05
0.00028006 0.0019573 0.000140148
4.97143e-05 0.000140148 -0.00448604

0.00162423 0.000203729 -1.32346e-06
0.000203729 0.00201426 -0.000113114
-1.32346e-06 -0.000113114 -0.00471172

0.00203142 -2.62263e-05 -0.000144198
-2.62263e-05 0.00192293 0.000303865
-0.000144198 0.000303865 -0.00517289

0.00191543 -5.15716e-06 1.03564e-05
-5.15716e-06 0.00221027 9.2924e-05
1.03564e-05 9.2924e-05 -0.00539872

0.00195933 -3.29701e-05 8.54373e-05
-3.29701e-05 0.00197311 4.65556e-05
8.54373e-05 4.65556e-05 -0.00527032

0.00129101 4.76745e-05 9.91264e-06
4.76745e-05 0.00198676 -0.000241163
9.91264e-06 -0.000241163 -0.00432223

-3.96481e-05 -8.84807e-06 2.37331e-05
-8.84807e-06 -1.83081e-05 0.000700617
2.37331e-05 0.000700617 0.000702565

0.000394806 0.000164322 -0.000554264
0.000164322 0.000375222 -0.000837735
-0.000554264 -0.000837735 -0.00133337

0.000981407 9.54811e-06 0.000233095
9.54811e-06 0.00116752 0.000772217
0.000233095 0.000772217 -0.00271729

0.000478863 -8.08385e-07 0.000292773
-8.08385e-07 0.000445472 0.000129552
0.000292773 0.000129552 -0.00141915

0.000224914 5.10367e-05 -0.000155403
5.10367e-05 0.000244855 -0.000396301
-0.000155403 -0.000396301 -0.000780067

0.000951963 -5.72681e-05 0.000131865
-5.72681e-05 0.0011298 0.000624673
0.000131865 0.000624673 -0.00300604

0.00021042 -8.08413e-05 -0.000110079
-8.08413e-05 0.000402791 0.000157852
-0.000110079 0.000157852 -0.0014998

-8.81771e-05 -4.37624e-06 -0.000125176
-4.37624e-06 -5.95564e-05 -3.26159e-05
-0.000125176 -3.26159e-05 0.000526018

0.0013383 -0.000219992 0.000152111
-0.000219992 0.00111639 -0.000153108
0.000152111 -0.000153108 -0.00286788

7.88525e-05 8.97937e-05 0.00016728
8.97937e-05 4.12168e-05 0.00069068
0.00016728 0.00069068 -0.000112275

0.000255016 1.33893e-05 -0.000693916
1.33893e-05 0.000213474 0.000309583
-0.000693916 0.000309583 -0.000933146

-0.000294765 -0.000209869 -0.000174659
-0.000209869 -0.000505649 -0.000456209
-0.000174659 -0.000456209 0.00213864

0.000196453 -4.92161e-05 -0.00025963
-4.92161e-05 0.000331219 0.000487146
-0.00025963 0.000487146 -0.000672681

0.000775489 -1.61723e-05 -0.000221532
-1.61723e-05 0.000869203 0.000191477
-0.000221532 0.000191477 -0.00220623

-0.000229465 -0.000217033 -1.53821e-05
-0.000217033 -0.000690175 -0.000746451
-1.53821e-05 -0.000746451 0.00212564

0.000270431 5.94204e-05 0.00030938
5.94204e-05 0.000340278 0.000543951
0.00030938 0.000543951 -0.000766506

0.000300574 9.58906e-05 -0.000590461
9.58906e-05 0.000337842 -0.000834078
-0.000590461 -0.000834078 -0.00127447

0.000638736 -0.000248944 4.92407e-05
-0.000248944 0.000574173 7.32531e-07
4.92407e-05 7.32531e-07 -0.00167857

0.000206579 -1.21893e-05 -0.000103718
-1.21893e-05 0.000246797 0.000304925
-0.000103718 0.000304925 -0.000846977

0.000220338 1.23022e-06 -5.71926e-05
1.23022e-06 0.000257304 0.000116467
-5.71926e-05 0.000116467 -0.00112431

-0.000346869 -1.45538e-05 -0.000541008
-1.45538e-05 -0.000127702 1.63139e-05
-0.000541008 1.63139e-05 0.0019226

-0.000306037 -6.60087e-05 -0.0005608
-6.60087e-05 -6.29257e-05 4.03004e-05
-0.0005608 4.03004e-05 0.00191816

0.000392749 -3.4039e-05 -5.9985e-05
-3.4039e-05 0.000277581 4.82705e-05
-5.9985e-05 4.82705e-05 -0.001304

-0.000259501 -6.95292e-05 -0.000188914
-6.95292e-05 -0.000198532 -0.000303625
-0.000188914 -0.000303625 0.00197013

0.00177274 5.8087e-05 -0.00030847
5.8087e-05 0.00187979 0.000180209
-0.00030847 0.000180209 -0.00466413

-0.000121844 3.17714e-05 -0.000510539
3.17714e-05 -0.000101828 0.000314068
-0.000510539 0.000314068 0.000479162

0.000276578 6.12892e-05 0.000385204
6.12892e-05 0.00015426 0.000114094
0.000385204 0.000114094 -0.00093067

-0.000197917 -2.04697e-05 0.000266037
-2.04697e-05 -0.000140435 0.000288286
0.000266037 0.000288286 0.00096061

0.00143494 -1.96355e-05 -0.000466616
-1.96355e-05 0.00151503 9.716e-06
-0.000466616 9.716e-06 -0.00373941

0.00124835 0.000207269 -0.000170577
0.000207269 0.000886671 -0.000112771
-0.000170577 -0.000112771 -0.00263925

-0.000343275 3.3716e-05 -0.000323002
3.3716e-05 -0.000139072 -4.19537e-05
-0.000323002 -4.19537e-05 0.00108286

-0.000141658 0.000108461 4.86998e-05
0.000108461 0 0.00019747
4.86998e-05 0.00019747 0.00183617

-0.000403688 -9.5951e-06 -0.000324363
-9.5951e-06 -0.000126877 -1.44485e-05
-0.000324363 -1.44485e-05 0.00120828

-0.00024922 5.17175e-05 -4.82621e-05
5.17175e-05 -0.000294893 0.000177741
-4.82621e-05 0.000177741 0.00172316

-0.000367302 -5.97719e-05 -0.000333622
-5.97719e-05 -6.27964e-05 2.17563e-05
-0.000333622 2.17563e-05 0.00110324

-0.000317063 0.000252993 -0.000593102
0.000252993 -6.20376e-05 4.68686e-05
-0.000593102 4.68686e-05 0.00130304

-0.000267302 0.000167173 -0.000423159
0.000167173 -0.000272078 0.000206161
-0.000423159 0.000206161 0.00131185

-0.000310367 0.00010339 -0.000278451
0.00010339 0 2.65942e-05
-0.000278451 2.65942e-05 0.00120953

6.6658e-05 8.03711e-05 0.000295626
8.03711e-05 9.59297e-05 0.000763127
0.000295626 0.000763127 -0.000259406

-0.000146546 6.0771e-05 -0.000353173
6.0771e-05 0 5.28669e-06
-0.000353173 5.28669e-06 0.00109387

0.000251171 -3.1762e-05 0.000123323
-3.1762e-05 0.000216948 -0.00134748
0.000123323 -0.00134748 -0.000260261

0.00210036 3.22332e-05 0.000212539
3.22332e-05 0.00211815 4.76507e-05
0.000212539 4.76507e-05 -0.0055382

0.00189675 -8.37248e-05 0.000405251
-8.37248e-05 0.00220068 0.000130185
0.000405251 0.000130185 -0.00571561

-0.000428685 -1.35748e-05 0.00024643
-1.35748e-05 -0.000143649 -0.000119672
0.00024643 -0.000119672 0.00137506

-0.000214635 -1.00018e-05 0.000189094
-1.00018e-05 -0.000263848 -0.00010351
0.000189094 -0.00010351 0.00164924

-0.000233219 0.000104162 0.000429957
0.000104162 0 -2.1721e-05
0.000429957 -2.1721e-05 0.00105355

0.00229707 0.000226647 -8.99999e-05
0.000226647 0.00245268 0.000133567
-8.99999e-05 0.000133567 -0.00604451

0.00218763 -1.54591e-05 -0.000211404
-1.54591e-05 0.00210291 -6.02707e-05
-0.000211404 -6.02707e-05 -0.00614913

0.00253157 0.000252485 6.5233e-05
0.000252485 0.00229271 0.000220842
6.5233e-05 0.000220842 -0.00615383

0.00269164 0.000110151 0.000311186
0.000110151 0.0020169 0.000107161
0.000311186 0.000107161 -0.00580333

0.00207118 9.80687e-05 -0.000312474
9.80687e-05 0.00217772 0.00032066
-0.000312474 0.00032066 -0.00611407

0.00205526 4.36885e-05 -0.00026092
4.36885e-05 0.0021774 0.000131401
-0.00026092 0.000131401 -0.00579884

0.00218622 -5.22769e-05 -0.000118113
-5.22769e-05 0.00248228 -2.31182e-05
-0.000118113 -2.31182e-05 -0.00604154

-0.000436286 -4.08819e-05 0.000296294
-4.08819e-05 -0.000249561 5.63937e-05
0.000296294 5.63937e-05 0.00171764

0.000220702 7.89474e-06 -6.33349e-05
7.89474e-06 0.000261447 0.000172093
-6.33349e-05 0.000172093 -0.00126033

-1.29502e-05 6.9915e-05 -0.00015869
6.9915e-05 4.42459e-05 -0.00135719
-0.00015869 -0.00135719 8.34031e-05

0.00206464 -1.02509e-05 -0.000237594
-1.02509e-05 0.00221372 -5.47272e-05
-0.000237594 -5.47272e-05 -0.00575064

-0.000267363 -8.9481e-05 0.000261153
-8.9481e-05 -0.000322097 0.000131198
0.000261153 0.000131198 0.00157877

-0.000419943 2.40589e-05 0.000259545
2.40589e-05 0 -2.5678e-05
0.000259545 -2.5678e-05 0.00131795

0.00223361 0.00012151 -0.000142119
0.00012151 0.0023867 8.68189e-05
-0.000142119 8.68189e-05 -0.00607412

-0.000355494 -0.000255465 0.000527881
-0.000255465 -6.20111e-05 -1.27637e-05
0.000527881 -1.27637e-05 0.00148822

0.00224046 -0.000180806 -0.000118927
-0.000180806 0.00232766 -0.000117083
-0.000118927 -0.000117083 -0.00604731

0.000361219 0.000102529 0.000146875
0.000102529 0.000365334 0.000209744
0.000146875 0.000209744 -0.00123666

0.000361393 1.02945e-05 -0.000304974
1.02945e-05 0.000374931 -0.000139363
-0.000304974 -0.000139363 -0.00135479

0.00139164 1.5539e-05 -0.000446652
1.5539e-05 0.00141409 -1.57044e-05
-0.000446652 -1.57044e-05 -0.00364348

0.00208152 0.000170148 -0.000304204
0.000170148 0.00189047 0.000105377
-0.000304204 0.000105377 -0.00493952

0.000291911 -5.50198e-05 -0.000214734
-5.50198e-05 0.000363246 9.47363e-05
-0.000214734 9.47363e-05 -0.0013842

0.000219787 2.30852e-05 -0.000100014
2.30852e-05 0.000257138 0.000176606
-0.000100014 0.000176606 -0.00125687

0.000266887 -0.000105957 -0.000217877
-0.000105957 0.000423577 1.24926e-05
-0.000217877 1.24926e-05 -0.00164466

0.000823789 9.3717e-05 -0.000338282
9.3717e-05 0.000634906 1.0082e-05
-0.000338282 1.0082e-05 -0.00236585

0.000823531 8.98761e-05 -0.000357072
8.98761e-05 0.000586564 -0.000378489
-0.000357072 -0.000378489 -0.00240439

0.000551253 -0.000128641 0.000294568
-0.000128641 0.000788462 -0.000392627
0.000294568 -0.000392627 -0.00217288

0.00234791 -2.65387e-05 -8.7316e-05
-2.65387e-05 0.00215308 -0.00031356
-8.7316e-05 -0.00031356 -0.00616543

0.000222031 1.66921e-05 -8.25895e-05
1.66921e-05 0.000252061 0.000120461
-8.25895e-05 0.000120461 -0.00112343

0.00146449 -1.06295e-05 0.000133767
-1.06295e-05 0.00159247 -0.000446465
0.000133767 -0.000446465 -0.00384238

0.00142375 -1.44697e-05 0.000195769
-1.44697e-05 0.00139998 0.000428324
0.000195769 0.000428324 -0.0038004

0.00163537 -0.000144505 0.000124246
-0.000144505 0.00146832 0.00041263
0.000124246 0.00041263 -0.00408375

0.00203008 -3.87838e-05 0.000220353
-3.87838e-05 0.00221686 -0.000111608
0.000220353 -0.000111608 -0.00573326

0.00207724 -9.76253e-05 0.000328745
-9.76253e-05 0.00232762 3.65103e-06
0.000328745 3.65103e-06 -0.00602498

0.00119685 -6.1014e-05 -4.0677e-05
-6.1014e-05 0.00135542 -0.000177017
-4.0677e-05 -0.000177017 -0.00326106

0.00185286 -0.000185203 -0.000351794
-0.000185203 0.00158274 -9.96785e-05
-0.000351794 -9.96785e-05 -0.00434554

0.000871762 -1.22488e-05 -0.000535663
-1.22488e-05 0.000729123 0.000313389
-0.000535663 0.000313389 -0.00217975

0.00170289 -0.000133765 -0.000509591
-0.000133765 0.00145085 -9.15411e-05
-0.000509591 -9.15411e-05 -0.00415528

0.00213235 -5.96087e-05 -0.00022682
-5.96087e-05 0.00217821 -0.000200277
-0.00022682 -0.000200277 -0.00598574

0.00204528 6.45482e-05 0.000226188
6.45482e-05 0.00211312 4.37256e-05
0.000226188 4.37256e-05 -0.0055716

0.000341207 0.000162395 -4.45888e-05
0.000162395 0.000264507 -5.34566e-05
-4.45888e-05 -5.34566e-05 -0.00122526

0.00198665 2.3091e-05 0.000306885
2.3091e-05 0.00208392 0.000109395
0.000306885 0.000109395 -0.00503385

-7.59708e-05 -7.21218e-05 -0.000197286
-7.21218e-05 4.93924e-05 -8.59161e-05
-0.000197286 -8.59161e-05 0.000600551

0.00213774 0.000123251 9.96066e-05
0.000123251 0.00223883 -0.0002424
9.96066e-05 -0.0002424 -0.00586721

0.000212737 3.14859e-05 -0.000105054
3.14859e-05 0.000271668 0.000181044
-0.000105054 0.000181044 -0.000892626

0.00022097 5.65536e-06 -6.69829e-05
5.65536e-06 0.000205651 0.000152697
-6.69829e-05 0.000152697 -0.00110549

0.000380536 -0.000126619 -0.000118639
-0.000126619 0.000415922 -2.24784e-05
-0.000118639 -2.24784e-05 -0.00158311

0.00212752 3.64891e-06 3.15432e-05
3.64891e-06 0.00228695 -0.000153972
3.15432e-05 -0.000153972 -0.00577958

0.00134163 -0.000176306 -0.000683404
-0.000176306 0.0015006 3.28035e-05
-0.000683404 3.28035e-05 -0.00347611

0.00235212 2.99965e-05 7.7799e-05
2.99965e-05 0.00227587 -9.53958e-05
7.7799e-05 -9.53958e-05 -0.00596947

0.00235212 1.40804e-05 6.92258e-05
1.40804e-05 0.00211889 -0.000110474
6.92258e-05 -0.000110474 -0.00594017

0.00114264 7.33026e-05 0.000819745
7.33026e-05 0.00114835 -2.17916e-05
0.000819745 -2.17916e-05 -0.00325737

0.00202054 6.78865e-05 0.000104499
6.78865e-05 0.00212026 -8.21468e-06
0.000104499 -8.21468e-06 -0.0055547

0.00176344 -0.000179384 -0.000297535
-0.000179384 0.00161205 -4.08566e-05
-0.000297535 -4.08566e-05 -0.00424752

0.00194153 1.57258e-05 0.000227501
1.57258e-05 0.00208583 7.52598e-05
0.000227501 7.52598e-05 -0.00502954

0.00201385 4.31596e-05 0.000308358
4.31596e-05 0.0021484 -0.000108267
0.000308358 -0.000108267 -0.00567204

0.00111949 -5.06421e-05 0.000494989
-5.06421e-05 0.00125289 0.000131141
0.000494989 0.000131141 -0.00315462

0.000566432 -0.000142508 0.000412574
-0.000142508 0.000797722 -0.00046003
0.000412574 -0.00046003 -0.00173449

0.00149413 -0.000107039 0.000129979
-0.000107039 0.00199523 -0.000191982
0.000129979 -0.000191982 -0.0044321

8.70245e-05 5.26627e-05 0.000452057
5.26627e-05 2.49156e-05 0.000283591
0.000452057 0.000283591 7.58723e-05

0.00128349 -0.000195921 0.000588744
-0.000195921 0.00163107 5.51673e-05
0.000588744 5.51673e-05 -0.00441902

0.000322487 -1.11633e-05 6.10942e-05
-1.11633e-05 0.000500501 0.000183769
6.10942e-05 0.000183769 -0.00133863

0.00148931 1.96032e-05 7.92911e-05
1.96032e-05 0.00162003 -0.000457445
7.92911e-05 -0.000457445 -0.00405334

0.00092787 -0.000160724 -0.00077495
-0.000160724 0.000639636 0.000269057
-0.00077495 0.000269057 -0.0021109

0.00209231 -4.63761e-05 -0.000275086
-4.63761e-05 0.00197382 5.68181e-05
-0.000275086 5.68181e-05 -0.00535953

0.000886553 -6.39853e-05 -0.000569429
-6.39853e-05 0.000845203 0.000242068
-0.000569429 0.000242068 -0.00265573

0.00112205 -6.61418e-05 0.000477163
-6.61418e-05 0.00120122 0.000395484
0.000477163 0.000395484 -0.00319876

0.000124366 -8.68384e-05 -0.000235064
-8.68384e-05 0.000144512 0.000132089
-0.000235064 0.000132089 -0.000583309

0.00178078 -0.000215062 -0.000282721
-0.000215062 0.0016507 -5.74302e-06
-0.000282721 -5.74302e-06 -0.00435861

0.00134697 -5.84704e-05 -0.000523102
-5.84704e-05 0.00152952 5.92182e-05
-0.000523102 5.92182e-05 -0.0036005

-0.000231221 -2.21619e-05 -0.000232798
-2.21619e-05 -0.000141768 -0.000143536
-0.000232798 -0.000143536 0.00105065

0.00218004 2.05681e-05 -0.000171802
2.05681e-05 0.00205492 9.97892e-05
-0.000171802 9.97892e-05 -0.00537114

0.00209104 8.39012e-05 -0.000194247
8.39012e-05 0.0021788 0.000271074
-0.000194247 0.000271074 -0.00554408

0.00217484 6.4795e-05 -0.000261157
6.4795e-05 0.00216465 0.000111306
-0.000261157 0.000111306 -0.00582325

0.00207877 -3.46565e-05 -7.19664e-05
-3.46565e-05 0.00220717 -0.000231305
-7.19664e-05 -0.000231305 -0.00561756

0.000441706 -4.65952e-05 0.000153334
-4.65952e-05 0.000438704 -9.3239e-05
0.000153334 -9.3239e-05 -0.00189008

-0.000221986 0.00016216 0.000683075
0.00016216 -0.00017385 -5.45217e-05
0.000683075 -5.45217e-05 0.00120005

0.000651027 -0.000219252 -0.000104144
-0.000219252 0.000592679 -4.42671e-05
-0.000104144 -4.42671e-05 -0.00175562

0.00128821 -3.10214e-05 4.03216e-07
-3.10214e-05 0.00139547 0.000428051
4.03216e-07 0.000428051 -0.00381429

0.00200479 6.91404e-06 0.000384451
6.91404e-06 0.00221456 -0.000145868
0.000384451 -0.000145868 -0.00594127

0.00238696 -0.000186941 0.000243961
-0.000186941 0.00232762 0.000107096
0.000243961 0.000107096 -0.00624405

0.00196382 -0.000109532 0.000248818
-0.000109532 0.00164878 0.00015859
0.000248818 0.00015859 -0.00473593

0.00182689 0.000124581 0.000155814
0.000124581 0.0017674 -0.000224557
0.000155814 -0.000224557 -0.00408538

0.00112538 0.000142841 0.000179825
0.000142841 0.000739077 -7.74243e-05
0.000179825 -7.74243e-05 -0.00278838

0.00133295 -2.24664e-05 -0.00012955
-2.24664e-05 0.00137577 0.000477136
-0.00012955 0.000477136 -0.00369302

0.00125559 -3.72585e-05 -0.000180635
-3.72585e-05 0.00140336 0.000277539
-0.000180635 0.000277539 -0.00333956

0.00114174 -4.57623e-05 -0.000207399
-4.57623e-05 0.00143973 0.000304031
-0.000207399 0.000304031 -0.00332391

0.00193454 1.16557e-05 -0.000158577
1.16557e-05 0.00196097 5.12804e-06
-0.000158577 5.12804e-06 -0.00543638

0.00178778 -7.35785e-05 -0.000325498
-7.35785e-05 0.00211616 0.000191541
-0.000325498 0.000191541 -0.00523398

0.00204972 4.063e-05 0.000391084
4.063e-05 0.00223897 -0.000144177
0.000391084 -0.000144177 -0.00595234

0.00102252 -0.000115533 -0.00052936
-0.000115533 0.000737534 0.000182607
-0.00052936 0.000182607 -0.0026336

0.00128094 -0.000114719 -2.99733e-05
-0.000114719 0.00129098 0.000355913
-2.99733e-05 0.000355913 -0.00327562

0.000324871 -0.000108515 -2.18486e-05
-0.000108515 0.000320963 -0.000170746
-2.18486e-05 -0.000170746 -0.00127866

0.002011 6.64825e-05 0.000194091
6.64825e-05 0.00220068 4.70275e-06
0.000194091 4.70275e-06 -0.00558264

0.00234255 2.41388e-05 -0.00023872
2.41388e-05 0.00219977 7.07446e-06
-0.00023872 7.07446e-06 -0.00563168

0.00137236 5.75615e-05 0.000340155
5.75615e-05 0.0015128 -0.00016282
0.000340155 -0.00016282 -0.00346591

0.00187702 -4.25331e-05 0.00021205
-4.25331e-05 0.00142583 -3.5409e-05
0.00021205 -3.5409e-05 -0.00418013

0.00118552 -0.000101718 -9.90662e-05
-0.000101718 0.00134674 0.000375538
-9.90662e-05 0.000375538 -0.00332384

0.00108856 -0.000109156 -0.000451576
-0.000109156 0.000648108 0.00027589
-0.000451576 0.00027589 -0.00262369

0.000981464 -0.000106476 0.00035732
-0.000106476 0.00127333 0.000212407
0.00035732 0.000212407 -0.00289502

0.00145631 -8.74248e-05 0.000418722
-8.74248e-05 0.00128553 0.000220864
0.000418722 0.000220864 -0.00362017

0.00137543 4.09629e-05 0.000368919
4.09629e-05 0.00159033 -0.000257855
0.000368919 -0.000257855 -0.00349432

9.63963e-05 -6.13501e-05 -0.000450577
-6.13501e-05 0.000178977 0.000836159
-0.000450577 0.000836159 -0.000481615

0.000112247 2.22643e-05 0.00054717
2.22643e-05 3.58e-05 0.000113537
0.00054717 0.000113537 0.000315252

0.00166973 7.44245e-05 0.000239295
7.44245e-05 0.00154806 -0.000199804
0.000239295 -0.000199804 -0.00417221

0.00154513 -1.60468e-05 0.000439611
-1.60468e-05 0.00152916 -0.000103952
0.000439611 -0.000103952 -0.00409183

0.00152888 3.59722e-05 0.000503082
3.59722e-05 0.0015904 -0.000271437
0.000503082 -0.000271437 -0.00433426

0.000171615 -1.49697e-05 -7.95458e-05
-1.49697e-05 0.000122194 3.56897e-05
-7.95458e-05 3.56897e-05 -0.000526965

0.000208814 4.63175e-05 -0.000164299
4.63175e-05 0.000194525 -0.000339816
-0.000164299 -0.000339816 -0.000791499

-6.13215e-05 2.09047e-05 -1.47516e-05
2.09047e-05 3.44092e-05 0.000631368
-1.47516e-05 0.000631368 -7.07044e-05

0.00019578 3.80506e-06 -0.000179979
3.80506e-06 0.000197622 -0.000384105
-0.000179979 -0.000384105 -0.000609666

0.000120037 -0.0001143 0.000576593
-0.0001143 0.00012848 -0.000567369
0.000576593 -0.000567369 9.80729e-05

0 0 -1.33159e-05
0 0 6.19696e-05
-1.33159e-05 6.19696e-05 0.00136941

-0.000175493 0.00014889 0.000353565
0.00014889 -3.6709e-05 5.95871e-05
0.000353565 5.95871e-05 0.00166712

-0.000161706 0.000137259 0.00022798
0.000137259 -0.000256999 -0.000425344
0.00022798 -0.000425344 0.00129371

-0.00010648 -7.3033e-05 -0.000296033
-7.3033e-05 -0.000207147 -0.000355803
-0.000296033 -0.000355803 0.00170185

-0.000153989 -1.15312e-05 -0.000172156
-1.15312e-05 -0.000303488 -0.000916744
-0.000172156 -0.000916744 0.00207045

-0.000106998 -5.8532e-05 -4.37524e-05
-5.8532e-05 -0.000349758 -0.00105636
-4.37524e-05 -0.00105636 0.00103967

-0.000309879 1.08958e-05 -0.000942466
1.08958e-05 -0.00016074 0.000167422
-0.000942466 0.000167422 0.00109501

0.00155274 -1.2769e-05 0.000133943
-1.2769e-05 0.00172328 -0.000166418
0.000133943 -0.000166418 -0.00404731

0 -4.43578e-06 -1.46423e-05
-4.43578e-06 -0.000158197 -0.000326048
-1.46423e-05 -0.000326048 0.00115151

0.000938184 0.000133154 -0.000668555
0.000133154 0.000744136 -5.53968e-06
-0.000668555 -5.53968e-06 -0.00260366

0.00184574 4.23758e-05 0.000266531
4.23758e-05 0.00221196 -4.88368e-05
0.000266531 -4.88368e-05 -0.00514509

0.00180672 7.30734e-05 -0.00038439
7.30734e-05 0.00187082 6.26163e-05
-0.00038439 6.26163e-05 -0.00494868

0.000406276 -7.03498e-05 -5.20501e-05
-7.03498e-05 0.000238403 -4.17282e-06
-5.20501e-05 -4.17282e-06 -0.00146474

0.00136493 -3.62888e-05 -0.000566314
-3.62888e-05 0.00152865 6.06271e-05
-0.000566314 6.06271e-05 -0.00360269

-7.77148e-05 2.73736e-05 9.745e-05
2.73736e-05 -0.000612627 0.000538409
9.745e-05 0.000538409 0.00186441

-0.00017342 4.77502e-05 -0.000112091
4.77502e-05 -0.000427818 0.000874951
-0.000112091 0.000874951 0.00199164

0.00141353 -3.36971e-05 -0.000438175
-3.36971e-05 0.00157694 -6.69503e-05
-0.000438175 -6.69503e-05 -0.00390753

-0.000140206 -5.43766e-05 -0.00061983
-5.43766e-05 -0.000186938 -0.000681928
-0.00061983 -0.000681928 0.00143593

0.00173038 -7.42089e-05 0.000277305
-7.42089e-05 0.00151677 -0.000121456
0.000277305 -0.000121456 -0.00410252

0.00186302 1.71178e-06 0.00026985
1.71178e-06 0.00221428 -5.75029e-05
0.00026985 -5.75029e-05 -0.00514446

0.0018187 0.000104332 0.000244269
0.000104332 0.00198338 3.05644e-05
0.000244269 3.05644e-05 -0.00503548

-0.000131169 4.24795e-05 -0.00085402
4.24795e-05 -0.000145813 0.000887589
-0.00085402 0.000887589 0.00104546

0.00185488 0.000167599 0.000217904
0.000167599 0.00162605 -0.000362483
0.000217904 -0.000362483 -0.004118

0.00115324 0.000137577 0.000247739
0.000137577 0.00118807 0.000562039
0.000247739 0.000562039 -0.00319203

0.0018045 0.000187625 0.000220404
0.000187625 0.00183005 -4.18877e-05
0.000220404 -4.18877e-05 -0.00451145

0.00184926 0.000129282 0.000266748
0.000129282 0.001905 -9.34615e-05
0.000266748 -9.34615e-05 -0.00453495

-7.93279e-05 9.74086e-06 -0.00070257
9.74086e-06 -0.00023963 -0.000955781
-0.00070257 -0.000955781 0.000885474

-4.58404e-05 -8.52698e-06 -0.000202987
-8.52698e-06 -0.000330264 -0.00135285
-0.000202987 -0.00135285 0.00115893

0.00120601 -3.89903e-07 0.000330972
-3.89903e-07 0.0014047 0.0004466
0.000330972 0.0004466 -0.0031332

0.000986638 5.06927e-05 0.000390851
5.06927e-05 0.00101469 0.000540553
0.000390851 0.000540553 -0.00251049

0.00108647 -7.964e-05 0.000159973
-7.964e-05 0.0014149 0.000461799
0.000159973 0.000461799 -0.00311434

0.000932766 -7.80174e-07 0.000239879
-7.80174e-07 0.000975563 0.000397105
0.000239879 0.000397105 -0.00293351

0.00107715 5.84819e-06 0.000144457
5.84819e-06 0.00111029 0.000555297
0.000144457 0.000555297 -0.0031352

5.53628e-05 6.41942e-05 -0.000897756
6.41942e-05 5.15329e-06 -0.0011599
-0.000897756 -0.0011599 0.000299684

-0.000114584 -1.2026e-05 2.89805e-06
-1.2026e-05 -0.000134422 0.000919451
2.89805e-06 0.000919451 0.000511669

0.00193748 7.36992e-05 0.000290769
7.36992e-05 0.00192633 -0.000206738
0.000290769 -0.000206738 -0.00523188

0.000420252 5.15437e-05 -0.000314655
5.15437e-05 0.000780236 -0.00073456
-0.000314655 -0.00073456 -0.00198588

-0.000127728 6.9812e-05 -0.000457687
6.9812e-05 -0.000198834 0.000728617
-0.000457687 0.000728617 0.000779349

0.000188801 -3.62592e-05 -2.41613e-05
-3.62592e-05 0.000255391 -0.000117111
-2.41613e-05 -0.000117111 -0.00124222

0.000353363 -2.49409e-05 1.76041e-05
-2.49409e-05 0.000280431 1.53543e-05
1.76041e-05 1.53543e-05 -0.00143331

0.000491061 0.000123277 -0.000974329
0.000123277 0.000306644 -0.000342674
-0.000974329 -0.000342674 -0.0010014

0.00198236 3.3324e-05 0.000124836
3.3324e-05 0.00195912 -1.52694e-05
0.000124836 -1.52694e-05 -0.00512148

0.000448459 -0.000102251 0.000470601
-0.000102251 0.00078865 -0.000755429
0.000470601 -0.000755429 -0.00199268

0.000757836 -0.000291279 -4.26205e-05
-0.000291279 0.00064102 -9.84444e-05
-4.26205e-05 -9.84444e-05 -0.0024201

0.000216922 2.17463e-05 -0.000178582
2.17463e-05 0.000195137 -0.000367542
-0.000178582 -0.000367542 -0.000622928

0.000283253 -0.000102678 -1.00409e-05
-0.000102678 0.000402828 -0.000135211
-1.00409e-05 -0.000135211 -0.00126528

0.000558925 0.000109919 -0.00116629
0.000109919 0.000307761 -0.000284003
-0.00116629 -0.000284003 -0.000746986

-6.401e-05 4.33262e-05 -1.71796e-06
4.33262e-05 -0.000189801 -0.00041515
-1.71796e-06 -0.00041515 0.000816775

0.000339416 -3.6983e-05 -0.000972967
-3.6983e-05 0.000140032 0.00088298
-0.000972967 0.00088298 -0.000524748

0.000212445 -0.000124328 -0.00090897
-0.000124328 0.00047374 0.000950741
-0.00090897 0.000950741 -0.000720633

-5.31651e-05 7.15741e-06 0.000206594
7.15741e-06 -7.92169e-05 -0.000572686
0.000206594 -0.000572686 0.000334559

0.000124011 -8.44923e-05 -0.000179164
-8.44923e-05 0.000197379 0.000542226
-0.000179164 0.000542226 -0.000494852

0.000572522 6.69842e-05 -0.000899952
6.69842e-05 0.000404089 -0.000274719
-0.000899952 -0.000274719 -0.00121938

0.00176803 -7.42372e-05 -0.000517218
-7.42372e-05 0.00149367 -9.29732e-05
-0.000517218 -9.29732e-05 -0.00415704

0.000815332 -4.63744e-05 -0.000955095
-4.63744e-05 0.00023947 0.000180817
-0.000955095 0.000180817 -0.00138276

-2.78946e-06 -4.39483e-05 -3.17645e-05
-4.39483e-05 -3.46782e-05 -0.000406962
-3.17645e-05 -0.000406962 0.00067012

0.00140511 4.33054e-05 -7.64632e-05
4.33054e-05 0.0015068 -0.000361246
-7.64632e-05 -0.000361246 -0.00383436

0.00126824 -0.000156003 -0.000720655
-0.000156003 0.00149686 5.00999e-05
-0.000720655 5.00999e-05 -0.00346895

0.000608296 3.88904e-05 0.000515576
3.88904e-05 0.000559509 -0.000175061
0.000515576 -0.000175061 -0.00198519

0.00020701 5.91486e-05 -8.37192e-05
5.91486e-05 0.000101237 -0.000450538
-8.37192e-05 -0.000450538 -0.000250514

0.000547476 -7.88735e-05 0.000264909
-7.88735e-05 0.00032275 -8.81566e-05
0.000264909 -8.81566e-05 -0.00182234

0.000820235 -1.70089e-05 -0.000263582
-1.70089e-05 0.000257994 0.000122251
-0.000263582 0.000122251 -0.00153957

0.000330098 -9.91265e-05 -2.87441e-05
-9.91265e-05 0.000388261 -0.000553152
-2.87441e-05 -0.000553152 -0.00155346

0.000662358 -0.000167192 -0.000647173
-0.000167192 0.000371493 0.000209247
-0.000647173 0.000209247 -0.00183708

0.000769824 -0.00010133 -0.000464711
-0.00010133 0.000610447 0.000345682
-0.000464711 0.000345682 -0.0021195

0.000176158 9.84596e-05 -0.000127833
9.84596e-05 5.26274e-05 -0.00039255
-0.000127833 -0.00039255 -0.00031145

0.000143433 -0.000192211 -0.000391937
-0.000192211 0.000434935 0.000739026
-0.000391937 0.000739026 -0.00124186

0.000352486 -0.000120341 -0.000670924
-0.000120341 0.000514331 0.000387772
-0.000670924 0.000387772 -0.000924042

-0.000128325 5.57596e-05 -1.43284e-05
5.57596e-05 -0.000123162 0.000984288
-1.43284e-05 0.000984288 0.000491247

0.000641664 -0.000289253 0.000167
-0.000289253 0.000516132 0.000482901
0.000167 0.000482901 -0.00200574

0.000309616 -7.42836e-05 -0.000123614
-7.42836e-05 0.000571745 0.000685678
-0.000123614 0.000685678 -0.00150843

7.36848e-05 1.32261e-05 -2.5973e-05
1.32261e-05 3.009e-05 0.000281851
-2.5973e-05 0.000281851 -0.000276324

-0.000122077 -2.08241e-05 0.00037845
-2.08241e-05 -0.000117825 0.000176883
0.00037845 0.000176883 0.000912395

0.00133764 -4.41645e-05 -0.000592962
-4.41645e-05 0.00153925 3.24591e-05
-0.000592962 3.24591e-05 -0.00359614

0.00102941 1.75577e-05 -0.000223894
1.75577e-05 0.000514517 -7.70885e-05
-0.000223894 -7.70885e-05 -0.00245263

0.000225688 3.2192e-05 -0.000451415
3.2192e-05 0.000259707 1.07257e-06
-0.000451415 1.07257e-06 -0.000570484

0.000550614 -0.000236847 -0.00035936
-0.000236847 0.000671066 0.000158916
-0.00035936 0.000158916 -0.00197898

0.0006482 -0.000227883 4.99493e-05
-0.000227883 0.000579796 0.000170517
4.99493e-05 0.000170517 -0.0021674

-0.000432164 -0.000211399 -0.000651723
-0.000211399 -1.11022e-16 2.91207e-07
-0.000651723 2.91207e-07 0.00108301

-0.000213792 -0.000109027 -0.000195947
-0.000109027 -0.000126129 -0.000123806
-0.000195947 -0.000123806 0.00137908

0.000911836 -5.10688e-05 -8.44903e-05
-5.10688e-05 0.000392963 8.70724e-05
-8.44903e-05 8.70724e-05 -0.00184915

-2.63217e-05 2.08375e-06 -0.000150627
2.08375e-06 -0.000116794 0.000386715
-0.000150627 0.000386715 0.000428144

0.0012164 -0.00012507 3.1532e-05
-0.00012507 0.00135281 -0.000211327
3.1532e-05 -0.000211327 -0.00318691

0.000224323 1.0885e-05 -0.000456729
1.0885e-05 0.000237392 9.4657e-05
-0.000456729 9.4657e-05 -0.000490725

-2.35021e-05 5.62415e-05 0.000344546
5.62415e-05 -6.27051e-05 0.000199807
0.000344546 0.000199807 0.000447731

0 0 5.48837e-05
0 0 4.17128e-06
5.48837e-05 4.17128e-06 0.0011088

0.000947393 6.97943e-05 -0.000478349
6.97943e-05 0.000922324 -0.000303888
-0.000478349 -0.000303888 -0.00254895

0.0010405 1.79253e-05 -0.000384117
1.79253e-05 0.000841336 -0.000211604
-0.000384117 -0.000211604 -0.00264434

0.00108549 -0.000211978 0.000155909
-0.000211978 0.000496948 -0.00011354
0.000155909 -0.00011354 -0.00233825

0.00187611 -0.000113878 0.000249435
-0.000113878 0.00164834 0.000522605
0.000249435 0.000522605 -0.00481576

0.000735042 -0.000108822 0.000282028
-0.000108822 0.000467774 -5.51436e-05
0.000282028 -5.51436e-05 -0.00222918

0.000861332 0.000194366 0.000147385
0.000194366 0.000547218 1.28529e-05
0.000147385 1.28529e-05 -0.00249573

0.000818454 -0.000186867 0.000199311
-0.000186867 0.00046735 -9.86383e-06
0.000199311 -9.86383e-06 -0.00207705

0.000475838 -0.000304174 3.95955e-05
-0.000304174 0.000682807 4.25909e-05
3.95955e-05 4.25909e-05 -0.00240822

0.000627456 -0.000120036 0.000234516
-0.000120036 0.000763089 -0.000275756
0.000234516 -0.000275756 -0.0020519

0.00086506 0.000170346 0.000138517
0.000170346 0.000608043 0.000122544
0.000138517 0.000122544 -0.00250403

0 5.10254e-05 1.4387e-05
5.10254e-05 -1.19921e-05 9.25353e-05
1.4387e-05 9.25353e-05 0.000976094

0 0 5.48837e-05
0 0 4.17128e-06
5.48837e-05 4.17128e-06 0.0011088

0.000533265 0.000289302 0.000306518
0.000289302 0.000895448 0.000378089
0.000306518 0.000378089 -0.00223646

0.000771528 -3.92971e-05 0.000218033
-3.92971e-05 0.000582515 -0.000203228
0.000218033 -0.000203228 -0.00215547

7.42308e-05 -4.22088e-05 -0.000620882
-4.22088e-05 0.000196847 0.000786158
-0.000620882 0.000786158 -0.000661147

-9.75867e-05 5.744e-06 -7.33286e-05
5.744e-06 0 9.85147e-06
-7.33286e-05 9.85147e-06 0.000950656

0.000558041 -0.000289608 0.000362029
-0.000289608 0.00108883 -0.000293504
0.000362029 -0.000293504 -0.00272428

0.00099008 -4.40303e-05 -0.000434615
-4.40303e-05 0.00088043 0.000525089
-0.000434615 0.000525089 -0.00235979

0.000818928 0.000225929 0.000396633
0.000225929 0.000712133 0.000268876
0.000396633 0.000268876 -0.00267575

0.000632489 0.000153251 0.000391137
0.000153251 0.00091648 0.000460197
0.000391137 0.000460197 -0.00207184

0.00109439 -0.00013569 -0.000401405
-0.00013569 0.000933974 0.000625668
-0.000401405 0.000625668 -0.00297289

0.00104902 -0.000136263 -0.000657942
-0.000136263 0.00099746 0.000317319
-0.000657942 0.000317319 -0.00295718

0.00113193 -3.18222e-06 0.000458299
-3.18222e-06 0.000607382 -0.000114578
0.000458299 -0.000114578 -0.00261265

0.000218815 -7.55761e-05 -0.000490772
-7.55761e-05 0.000135904 8.76301e-05
-0.000490772 8.76301e-05 -0.000479662

0.000676554 -0.000231842 0.000131066
-0.000231842 0.00105917 -0.000515797
0.000131066 -0.000515797 -0.00267349

0.00132779 -5.41829e-05 -0.000532379
-5.41829e-05 0.00155362 2.16871e-06
-0.000532379 2.16871e-06 -0.00362477

-2.795e-05 -2.70233e-05 -0.001051
-2.70233e-05 -5.10356e-05 -0.000274041
-0.001051 -0.000274041 0.000659187

0.00242037 8.65178e-05 -8.40682e-05
8.65178e-05 0.0022497 -0.00025071
-8.40682e-05 -0.00025071 -0.00612429

0.00090715 -5.874e-05 -0.000656347
-5.874e-05 0.000959411 0.000265656
-0.000656347 0.000265656 -0.00235888

0.00164636 2.25568e-05 -0.00015134
2.25568e-05 0.00154632 4.81358e-05
-0.00015134 4.81358e-05 -0.0040182

0.000756265 -0.00019079 0.000261853
-0.00019079 0.00103693 -0.000459241
0.000261853 -0.000459241 -0.00246159

9.63203e-05 -0.000110485 0.000943297
-0.000110485 0.000137147 -0.000406503
0.000943297 -0.000406503 -0.00036361

0.000595896 -0.000256793 0.000116804
-0.000256793 0.00105719 -0.000522621
0.000116804 -0.000522621 -0.00281647

0.0006394 -0.000107935 0.000337206
-0.000107935 0.00104161 -0.000303216
0.000337206 -0.000303216 -0.0025691

0.00187709 -0.000126363 0.000267723
-0.000126363 0.00177508 0.000190771
0.000267723 0.000190771 -0.0047713

-9.98553e-05 9.80904e-06 0.000376082
9.80904e-06 -8.77979e-05 0.00016868
0.000376082 0.00016868 0.000910648

0.00112044 9.73227e-05 0.000551599
9.73227e-05 0.00103949 -5.19543e-05
0.000551599 -5.19543e-05 -0.00294718

0.000939643 4.74421e-05 -0.000744264
4.74421e-05 0.00137142 5.36303e-05
-0.000744264 5.36303e-05 -0.00323423

0.00124774 -1.36314e-05 0.000843911
-1.36314e-05 0.00109516 -0.000103698
0.000843911 -0.000103698 -0.0031759

0.00107169 -2.40318e-05 0.000594591
-2.40318e-05 0.00111415 -0.000383143
0.000594591 -0.000383143 -0.00279988

0.000898199 -0.000140484 0.000279926
-0.000140484 0.00102255 -0.000459636
0.000279926 -0.000459636 -0.00283312

0.00233196 -1.85662e-05 0.000142621
-1.85662e-05 0.00215772 -0.000135713
0.000142621 -0.000135713 -0.00598094

0.00129226 -3.31882e-05 0.000438888
-3.31882e-05 0.00147869 0.000315811
0.000438888 0.000315811 -0.00347269

0.000218955 3.95743e-05 -4.43105e-05
3.95743e-05 0.00027912 -0.000530566
-4.43105e-05 -0.000530566 -0.000987542

-1.07447e-05 1.92593e-05 0.0008067
1.92593e-05 3.1877e-05 -0.00048697
0.0008067 -0.00048697 0.000626822

0.00073739 0.000303581 -0.000101172
0.000303581 0.000818457 -3.68795e-05
-0.000101172 -3.68795e-05 -0.00246524

0.00165873 -7.43905e-05 5.4131e-05
-7.43905e-05 0.00148053 0.000477743
5.4131e-05 0.000477743 -0.00413053

0.000721506 0.000222028 -0.00022358
0.000222028 0.000432865 -0.000421049
-0.00022358 -0.000421049 -0.00160686

0.00125815 -3.83315e-05 0.000607246
-3.83315e-05 0.001142 -4.22239e-05
0.000607246 -4.22239e-05 -0.00318553

0.00115612 -2.91357e-05 0.000530781
-2.91357e-05 0.00111357 -0.00035341
0.000530781 -0.00035341 -0.00312585

0.0011853 -6.73111e-05 0.000427334
-6.73111e-05 0.00109954 -0.000307503
0.000427334 -0.000307503 -0.00309025

0.00132065 1.90169e-05 0.000488453
1.90169e-05 0.00123688 -0.000311933
0.000488453 -0.000311933 -0.00332974

0.00105214 -4.62138e-05 7.23494e-05
-4.62138e-05 0.00113693 -0.000695836
7.23494e-05 -0.000695836 -0.00295049

0.00125479 7.81872e-06 0.000416896
7.81872e-06 0.00120885 -0.000485766
0.000416896 -0.000485766 -0.00311432

0.00151619 -9.14888e-05 0.000375846
-9.14888e-05 0.0016158 0.000216718
0.000375846 0.000216718 -0.00405797

0.00141207 -0.000131788 0.00057296
-0.000131788 0.00142809 0.000198434
0.00057296 0.000198434 -0.00362086

0.000380583 0.000175495 0.000385713
0.000175495 0.000437703 0.000673096
0.000385713 0.000673096 -0.00125563

0.00181346 -0.000207753 -0.000297136
-0.000207753 0.0018089 -0.000276557
-0.000297136 -0.000276557 -0.00465335

0.00126013 2.91008e-05 0.000178194
2.91008e-05 0.00138235 0.000561918
0.000178194 0.000561918 -0.00372819

0.00176415 -0.000252337 -0.000100482
-0.000252337 0.00180658 0.000110572
-0.000100482 0.000110572 -0.00428475

-1.97723e-05 7.02261e-05 0.000336472
7.02261e-05 -5.10666e-05 0.000205045
0.000336472 0.000205045 0.000434298

-8.51495e-05 -1.27921e-05 0.000342613
-1.27921e-05 -0.000139258 0.00032856
0.000342613 0.00032856 0.00085039

0.00159397 -8.85603e-05 0.000246936
-8.85603e-05 0.0014232 0.000549684
0.000246936 0.000549684 -0.00394307

0.00155554 -0.000106602 0.000188072
-0.000106602 0.00149107 0.000556203
0.000188072 0.000556203 -0.00424629

0.00175909 -0.000208224 0.00035803
-0.000208224 0.00169595 8.64718e-05
0.00035803 8.64718e-05 -0.00440954

0.00128204 -7.06917e-05 0.000326967
-7.06917e-05 0.00149973 0.000334779
0.000326967 0.000334779 -0.00353478

0.000223829 1.26316e-05 -0.000399222
1.26316e-05 0.000140184 0.000256688
-0.000399222 0.000256688 -0.00106616

0.000348513 -7.61991e-05 4.03935e-05
-7.61991e-05 0.000257933 -0.000144067
4.03935e-05 -0.000144067 -0.00123183

0.00191275 -0.000113511 0.000224866
-0.000113511 0.00164905 0.000153041
0.000224866 0.000153041 -0.00472359

0.00190006 -6.53646e-05 0.000196175
-6.53646e-05 0.00173686 0.000417963
0.000196175 0.000417963 -0.00469839

0.00154671 -8.19543e-05 0.000192997
-8.19543e-05 0.00185841 0.000237008
0.000192997 0.000237008 -0.0040351

0.0018743 -8.78562e-05 3.57989e-05
-8.78562e-05 0.00180436 0.000469838
3.57989e-05 0.000469838 -0.00491356

-3.08507e-05 9.04221e-05 0.000335369
9.04221e-05 2.15442e-05 0.000193522
0.000335369 0.000193522 0.000435862

-0.000139566 -2.91947e-06 0.000362089
-2.91947e-06 -0.000165988 0.00038691
0.000362089 0.00038691 0.0010851

0.000778502 0.000119912 0.000419686
0.000119912 0.000760499 0.000182099
0.000419686 0.000182099 -0.00231126

0.000159668 2.14882e-06 0.000517903
2.14882e-06 0.000262136 -0.00113224
0.000517903 -0.00113224 -0.000276895

0.000115434 -4.37509e-05 -0.000356889
-4.37509e-05 0.000291388 0.000351277
-0.000356889 0.000351277 -0.000450825

0.00129021 -4.64346e-05 0.00028808
-4.64346e-05 0.0015686 0.000251435
0.00028808 0.000251435 -0.003673

0.000309368 -6.35168e-05 0.00032624
-6.35168e-05 0.000268619 -0.000249151
0.00032624 -0.000249151 -0.000835209

0.00119411 -7.00638e-05 -0.000700692
-7.00638e-05 0.00142438 3.6771e-05
-0.000700692 3.6771e-05 -0.00323496

5.48222e-05 -2.83056e-05 0.000479718
-2.83056e-05 1.07788e-05 5.30784e-05
0.000479718 5.30784e-05 0.00023608

0.00164721 -8.1153e-05 8.91299e-05
-8.1153e-05 0.00148522 0.000454755
8.91299e-05 0.000454755 -0.00401801

0.00062053 1.01554e-05 0.000126953
1.01554e-05 0.000878122 0.00046603
0.000126953 0.00046603 -0.0023544

0.000810075 0.000104486 0.000271934
0.000104486 0.000892585 0.000475847
0.000271934 0.000475847 -0.00236313

0.00213471 4.95771e-05 0.000102528
4.95771e-05 0.0020313 -8.39627e-05
0.000102528 -8.39627e-05 -0.00518869

0.000955397 0.000247989 0.00024976
0.000247989 0.000659523 0.000211236
0.00024976 0.000211236 -0.00232807

-0.00018864 -2.08573e-05 0.000630191
-2.08573e-05 -0.000131897 -0.000163737
0.000630191 -0.000163737 0.00115983

-0.000220916 1.07626e-05 0.000590834
1.07626e-05 -0.000152677 2.18174e-05
0.000590834 2.18174e-05 0.00167064

-0.0001522 1.84264e-05 0.000730029
1.84264e-05 -0.000164933 -0.000180324
0.000730029 -0.000180324 0.00122869

-0.000228328 -7.29686e-05 0.000583586
-7.29686e-05 -0.000237408 7.16102e-05
0.000583586 7.16102e-05 0.00168368

-8.77308e-05 7.10362e-06 8.84628e-06
7.10362e-06 -0.000302628 -0.00098629
8.84628e-06 -0.00098629 0.00124013

-0.000148117 1.59232e-05 0.000681362
1.59232e-05 -0.000229812 -0.000296572
0.000681362 -0.000296572 0.00148743

0.000573218 -0.000156823 0.000319709
-0.000156823 0.000467749 -0.000146235
0.000319709 -0.000146235 -0.00182103

0.000212868 5.76662e-05 -0.000124951
5.76662e-05 0.000243461 -0.000394573
-0.000124951 -0.000394573 -0.000705394

-0.000156475 2.98215e-05 0.00074972
2.98215e-05 -0.00016092 -0.000779137
0.00074972 -0.000779137 0.00103915

0.000428112 -3.03784e-05 -0.000130772
-3.03784e-05 0.000234221 -3.03601e-05
-0.000130772 -3.03601e-05 -0.00117976

0.000448147 -8.87636e-06 -0.000145268
-8.87636e-06 0.000256202 -3.10495e-05
-0.000145268 -3.10495e-05 -0.00137104

0.000638335 0.000245593 -0.000368178
0.000245593 0.000509531 -0.000260161
-0.000368178 -0.000260161 -0.0016857

-0.00011546 2.52577e-05 0.000917594
2.52577e-05 -8.23783e-05 0.000287257
0.000917594 0.000287257 0.000993786

-2.46102e-05 3.7764e-05 0.00109485
3.7764e-05 -0.00020914 -0.000442511
0.00109485 -0.000442511 0.000774608

-0.000117267 -2.94125e-05 0.0012216
-2.94125e-05 -2.06711e-05 -0.000271808
0.0012216 -0.000271808 0.000546401

0.00138138 -2.25263e-05 -0.000459437
-2.25263e-05 0.00156489 0.000113383
-0.000459437 0.000113383 -0.00355272

0.000648933 0.000326331 -0.000197314
0.000326331 0.000843064 4.36826e-05
-0.000197314 4.36826e-05 -0.00246738

0.00170204 -8.06545e-05 -1.07263e-05
-8.06545e-05 0.0014828 0.000432074
-1.07263e-05 0.000432074 -0.00403184

-6.81704e-05 -3.66757e-05 1.78895e-05
-3.66757e-05 -0.000282719 -0.000739101
1.78895e-05 -0.000739101 0.000328314

0.00171077 -7.47069e-05 -3.94499e-05
-7.47069e-05 0.0014786 0.000457614
-3.94499e-05 0.000457614 -0.00418384

0.00181974 -6.73063e-05 6.72545e-05
-6.73063e-05 0.00177891 -0.000158046
6.72545e-05 -0.000158046 -0.00468206

0.00109036 0.000112866 -0.000551603
0.000112866 0.00114513 -0.000289463
-0.000551603 -0.000289463 -0.00288956

0.00179748 2.70392e-05 0.000135802
2.70392e-05 0.00178189 -0.000500813
0.000135802 -0.000500813 -0.00488641

0.000389073 -5.39891e-05 0.000167772
-5.39891e-05 0.000356912 -0.000176521
0.000167772 -0.000176521 -0.00167525

-0.000136481 -1.97349e-05 -0.000241122
-1.97349e-05 -0.00028107 -0.000440212
-0.000241122 -0.000440212 0.00160967

0.000438368 -4.67484e-05 0.000103787
-4.67484e-05 0.00044933 -3.19178e-05
0.000103787 -3.19178e-05 -0.00156623

0.000207464 2.13983e-06 -0.000369652
2.13983e-06 0.000210886 0.000141894
-0.000369652 0.000141894 -0.000888548

0.00186176 1.95708e-05 2.81246e-07
1.95708e-05 0.00170458 -0.000175203
2.81246e-07 -0.000175203 -0.00463327

0.000325487 -0.000120183 0.000476855
-0.000120183 0.000277745 -0.000937227
0.000476855 -0.000937227 -0.000630282

6.21758e-05 8.99475e-06 -0.000447241
8.99475e-06 -6.82653e-06 0.000254383
-0.000447241 0.000254383 -9.71985e-05

0.00175275 0.000128098 0.000244096
0.000128098 0.00171413 -0.00057528
0.000244096 -0.00057528 -0.00496817

0.000180767 -3.39738e-05 -0.00027453
-3.39738e-05 0.000219452 0.000192033
-0.00027453 0.000192033 -0.00112005

0.00118202 2.05504e-05 -0.000403061
2.05504e-05 0.00154687 6.50159e-05
-0.000403061 6.50159e-05 -0.0035761

0.000719515 0.000197706 0.000525012
0.000197706 0.000387196 6.35529e-05
0.000525012 6.35529e-05 -0.00163026

0.000685588 0.000151194 9.24013e-05
0.000151194 0.000765118 0.000493372
9.24013e-05 0.000493372 -0.00221529

0.00163924 -0.000270016 -0.00050887
-0.000270016 0.00131038 -0.000133313
-0.00050887 -0.000133313 -0.00371908

0.00186569 -1.10861e-05 -7.92937e-05
-1.10861e-05 0.00167787 -0.000224833
-7.92937e-05 -0.000224833 -0.00471247

0.000790581 -1.68767e-05 -0.000108692
-1.68767e-05 0.00100179 0.000677392
-0.000108692 0.000677392 -0.0024175

0.000262156 -5.50977e-05 0.000193303
-5.50977e-05 0.000314229 -0.000197408
0.000193303 -0.000197408 -0.00119284

0.000650388 -0.000148727 -0.000315874
-0.000148727 0.000886725 0.000541687
-0.000315874 0.000541687 -0.00233219

0.00102788 -6.58003e-05 -0.000489645
-6.58003e-05 0.000513913 -0.000104618
-0.000489645 -0.000104618 -0.00252946

-2.71962e-06 -4.8725e-05 -0.000345397
-4.8725e-05 -1.87553e-05 0.000107444
-0.000345397 0.000107444 0.000522094

0.00184272 6.07459e-05 -1.17551e-05
6.07459e-05 0.00176442 -0.000393181
-1.17551e-05 -0.000393181 -0.00490514

0.000513007 5.27654e-05 0.000287946
5.27654e-05 0.000321374 3.31439e-05
0.000287946 3.31439e-05 -0.00138744

0.00141369 -3.50575e-05 -0.00044235
-3.50575e-05 0.00153754 2.21638e-05
-0.00044235 2.21638e-05 -0.00385173

-1.61451e-05 3.72092e-05 -0.000213154
3.72092e-05 4.38203e-05 0.000439324
-0.000213154 0.000439324 0.00087551

0.000621862 -3.42562e-05 -0.000253928
-3.42562e-05 0.000454332 0.000179874
-0.000253928 0.000179874 -0.00199113

0.00126683 3.96199e-05 -0.000168236
3.96199e-05 0.00118977 -4.11304e-05
-0.000168236 -4.11304e-05 -0.00354188

0.00189309 -1.52103e-05 0.000346992
-1.52103e-05 0.00196915 0.000125199
0.000346992 0.000125199 -0.00502794

0.00139993 -7.82754e-05 -0.000416769
-7.82754e-05 0.00157453 2.81837e-05
-0.000416769 2.81837e-05 -0.00368325

0.00193708 -5.07135e-05 0.000372417
-5.07135e-05 0.00195298 1.83504e-05
0.000372417 1.83504e-05 -0.00517953

0.00108459 -0.000272193 -0.0002439
-0.000272193 0.000866496 0.000130139
-0.0002439 0.000130139 -0.00287695

0.00167106 -1.36398e-06 -0.000339355
-1.36398e-06 0.00156698 -7.64125e-05
-0.000339355 -7.64125e-05 -0.00430119

0.00190353 -2.08886e-05 0.000385593
-2.08886e-05 0.00211338 -2.89493e-05
0.000385593 -2.89493e-05 -0.00517793

0.00138328 0.00012133 -0.000180723
0.00012133 0.00123138 -4.09608e-05
-0.000180723 -4.09608e-05 -0.00354562

0.000198316 7.50527e-05 -6.44048e-05
7.50527e-05 0.000223341 -0.000472825
-6.44048e-05 -0.000472825 -0.000903763

0.000253499 4.40767e-05 6.03712e-05
4.40767e-05 0.000229889 0.000152808
6.03712e-05 0.000152808 -0.00140548

0.00107178 -0.0003188 -0.000225682
-0.0003188 0.000615854 0.00012217
-0.000225682 0.00012217 -0.0024775

0.000237003 -2.83803e-05 -0.000655147
-2.83803e-05 0.000237786 0.000266121
-0.000655147 0.000266121 -0.000869807

0.00183918 -0.000140949 -0.000325034
-0.000140949 0.00175119 -2.14472e-05
-0.000325034 -2.14472e-05 -0.00431073

0.00165062 -4.42978e-05 0.000247184
-4.42978e-05 0.00169335 -4.91366e-05
0.000247184 -4.91366e-05 -0.00415873

0.00182458 -0.000144929 0.000180838
-0.000144929 0.00166137 0.000446541
0.000180838 0.000446541 -0.0044626

0.00183428 -0.000164356 0.00024247
-0.000164356 0.00161642 0.000154385
0.00024247 0.000154385 -0.00441016

0.00108141 -0.000310623 -0.000283607
-0.000310623 0.000611457 -1.11776e-05
-0.000283607 -1.11776e-05 -0.00275333

0.00187831 4.32568e-06 0.000351385
4.32568e-06 0.00209431 4.31232e-05
0.000351385 4.31232e-05 -0.00499072

0.00102699 4.4706e-05 -0.000527836
4.4706e-05 0.000941031 0.000202956
-0.000527836 0.000202956 -0.00310543

0.00108883 7.3363e-05 -0.000714473
7.3363e-05 0.000908544 0.000204174
-0.000714473 0.000204174 -0.00271021

9.40972e-05 2.37352e-05 6.85394e-05
2.37352e-05 3.72554e-05 -3.19816e-05
6.85394e-05 -3.19816e-05 2.1361e-05

0.00142681 -2.62039e-05 -0.00048803
-2.62039e-05 0.00142523 -4.17822e-05
-0.00048803 -4.17822e-05 -0.00362084

0.00120326 4.16834e-05 -0.000645371
4.16834e-05 0.00121716 0.000509229
-0.000645371 0.000509229 -0.00322248

-1.29271e-05 -1.79559e-05 0.000114489
-1.79559e-05 -1.79257e-05 0.000717357
0.000114489 0.000717357 0.000175819

0.0015222 -0.000258236 0.000176666
-0.000258236 0.00136446 -5.31688e-05
0.000176666 -5.31688e-05 -0.0037297

0.00114001 -2.69623e-05 -0.00055533
-2.69623e-05 0.00131837 0.000409395
-0.00055533 0.000409395 -0.00312853

0.00135632 5.1762e-05 -0.000564902
5.1762e-05 0.00131876 0.000310012
-0.000564902 0.000310012 -0.00362046

0.00122843 2.39521e-05 0.000404469
2.39521e-05 0.0012938 0.000120648
0.000404469 0.000120648 -0.00331753

-0.00010824 -1.71639e-06 -6.62055e-05
-1.71639e-06 -0.000155198 0.000940951
-6.62055e-05 0.000940951 0.00078737

-0.000105921 -2.04992e-05 -7.76831e-05
-2.04992e-05 -3.76723e-05 0.00111942
-7.76831e-05 0.00111942 0.000633165

0.00156645 -0.00014495 0.000499408
-0.00014495 0.00140277 0.000244081
0.000499408 0.000244081 -0.00408378

0.00154061 -2.86159e-05 -1.2185e-05
-2.86159e-05 0.00138819 0.000544283
-1.2185e-05 0.000544283 -0.00399423

0.00175693 3.21599e-05 -0.000166233
3.21599e-05 0.00148596 0.000203208
-0.000166233 0.000203208 -0.00420723

0.00157055 0.000237886 -0.000703291
0.000237886 0.00171214 5.20638e-05
-0.000703291 5.20638e-05 -0.00401746

0.00200375 4.01769e-05 -8.60462e-05
4.01769e-05 0.00189978 0.000300022
-8.60462e-05 0.000300022 -0.00516802

0.00198925 0.000123502 -7.8684e-05
0.000123502 0.00146872 0.000239791
-7.8684e-05 0.000239791 -0.00417433

0.00156048 -8.81731e-05 0.000118992
-8.81731e-05 0.00125719 -0.00015149
0.000118992 -0.00015149 -0.0040875

0.00182206 -5.45227e-06 -0.000319326
-5.45227e-06 0.00215946 1.89021e-05
-0.000319326 1.89021e-05 -0.00541159

0.000615079 0.000215857 0.000290289
0.000215857 0.000824993 0.000183532
0.000290289 0.000183532 -0.00221993

-2.01504e-05 -7.06048e-05 -4.04183e-05
-7.06048e-05 -0.000206743 0.00117126
-4.04183e-05 0.00117126 0.000199776

0.00196955 -9.28348e-05 -1.58873e-05
-9.28348e-05 0.00205026 0.000181412
-1.58873e-05 0.000181412 -0.00494883

0.00198282 -4.61864e-05 7.23486e-06
-4.61864e-05 0.00215877 0.000171007
7.23486e-06 0.000171007 -0.00506003

0.0018039 2.87129e-05 -0.000304242
2.87129e-05 0.00223514 -8.28072e-05
-0.000304242 -8.28072e-05 -0.00538567

-0.000289228 -2.76389e-05 0.00066625
-2.76389e-05 -0.000185631 0.000121561
0.00066625 0.000121561 0.0017168

0.000511802 5.34962e-05 0.000217046
5.34962e-05 0.000321136 0.000104549
0.000217046 0.000104549 -0.00164296

-0.000207787 -1.81227e-05 0.000393316
-1.81227e-05 -0.000250182 0.000330698
0.000393316 0.000330698 0.00174674

6.82517e-05 -5.52318e-05 -0.000193409
-5.52318e-05 5.13776e-05 0.000389848
-0.000193409 0.000389848 0.000128158

-0.000141431 -9.88468e-06 0.0006848
-9.88468e-06 -0.000169355 0.000641954
0.0006848 0.000641954 0.00127791

0.000381788 -0.000148495 7.83936e-05
-0.000148495 0.000409623 -0.000173376
7.83936e-05 -0.000173376 -0.00171475

-9.65801e-05 4.2842e-07 -0.000148174
4.2842e-07 -4.73502e-05 5.78335e-05
-0.000148174 5.78335e-05 0.000862659

-0.00012957 1.93456e-05 0.00114073
1.93456e-05 -7.18129e-05 0.000208485
0.00114073 0.000208485 0.000194513

0.000280956 7.71698e-05 0.000475942
7.71698e-05 0.000355415 0.000858161
0.000475942 0.000858161 -0.000712407

0.00014122 -5.43778e-05 0.00011658
-5.43778e-05 0.000115913 -4.64895e-05
0.00011658 -4.64895e-05 -1.31132e-05

0.000432345 -6.77865e-05 0.000291075
-6.77865e-05 0.000325792 -6.2954e-07
0.000291075 -6.2954e-07 -0.00139644

0.00122487 7.81515e-05 0.00032442
7.81515e-05 0.00106431 0.000278361
0.00032442 0.000278361 -0.00322751

0.000412719 -0.0002112 -1.60173e-05
-0.0002112 0.00055509 2.76842e-05
-1.60173e-05 2.76842e-05 -0.00144175

0.000383433 -0.000149074 9.24536e-06
-0.000149074 0.000520889 2.90703e-05
9.24536e-06 2.90703e-05 -0.00143258

0.000179814 1.40636e-05 -8.60026e-05
1.40636e-05 0.000190945 -0.000358464
-8.60026e-05 -0.000358464 -0.000656716

0.000199848 -2.79588e-05 -7.65061e-05
-2.79588e-05 0.000228139 -0.000176138
-7.65061e-05 -0.000176138 -0.000869323

0.00137837 1.74948e-05 -0.000533424
1.74948e-05 0.00139822 -1.12422e-05
-0.000533424 -1.12422e-05 -0.00365465

8.55837e-05 -2.05516e-05 -0.000802458
-2.05516e-05 0.00028217 -0.00104432
-0.000802458 -0.00104432 -0.000617749

0.000129638 -0.000117504 -6.78118e-05
-0.000117504 0.000275195 0.000431201
-6.78118e-05 0.000431201 -0.000829257

0.000476318 0.000147957 -0.00109546
0.000147957 0.000230892 -0.000955196
-0.00109546 -0.000955196 -0.000589403

0.000216613 -7.79496e-06 -0.00118541
-7.79496e-06 0.000141287 -0.0010457
-0.00118541 -0.0010457 -0.000269226

0.000934546 -6.56309e-06 -0.000531327
-6.56309e-06 0.000480135 -3.51381e-05
-0.000531327 -3.51381e-05 -0.00206307

0.00084235 7.53643e-05 0.000373152
7.53643e-05 0.00108029 0.000175501
0.000373152 0.000175501 -0.00283207

0.00169567 7.74057e-05 -0.000313883
7.74057e-05 0.0016889 3.83507e-05
-0.000313883 3.83507e-05 -0.00423113

0.00111666 -9.08205e-05 -0.000604582
-9.08205e-05 0.000941449 -0.000107105
-0.000604582 -0.000107105 -0.00280785

0.00140884 4.26048e-06 -0.000849248
4.26048e-06 0.00136395 -2.10708e-05
-0.000849248 -2.10708e-05 -0.00383264

-0.000114834 -1.21055e-06 -0.000353386
-1.21055e-06 -6.74983e-05 0.000200799
-0.000353386 0.000200799 0.000700886

0.00183761 -7.99623e-05 -0.00038594
-7.99623e-05 0.00187113 1.54591e-05
-0.00038594 1.54591e-05 -0.0047867

0.00180764 -3.8194e-05 -0.000212712
-3.8194e-05 0.00209333 -5.43675e-05
-0.000212712 -5.43675e-05 -0.00521858

-3.66359e-05 -1.29817e-05 -7.45498e-05
-1.29817e-05 -3.8111e-05 0.00114341
-7.45498e-05 0.00114341 0.000187632

0.00185327 -5.56084e-05 -0.000268115
-5.56084e-05 0.00174637 -0.00014488
-0.000268115 -0.00014488 -0.00462604

-0.000137753 5.45995e-05 0.000628504
5.45995e-05 -0.000201124 0.000678958
0.000628504 0.000678958 0.00123744

-0.000117571 -1.37007e-05 0.000634205
-1.37007e-05 -0.000247826 0.000821377
0.000634205 0.000821377 0.00114493

1.60276e-05 -5.10375e-06 0.0011403
-5.10375e-06 2.65132e-05 0.000676606
0.0011403 0.000676606 0.000365673

9.08634e-05 -3.28131e-05 -0.000824545
-3.28131e-05 0.000257077 -0.00101688
-0.000824545 -0.00101688 -0.000535974

5.08476e-05 6.46225e-05 -8.94555e-05
6.46225e-05 -7.76537e-05 -0.000143525
-8.94555e-05 -0.000143525 0.000181189

0.001702 -2.77585e-05 -2.52694e-05
-2.77585e-05 0.00143791 0.000300394
-2.52694e-05 0.000300394 -0.00416759

0.00072066 0.000187585 0.000480831
0.000187585 0.000457681 0.000276288
0.000480831 0.000276288 -0.00159159

0.000821791 0.000116715 -0.000334654
0.000116715 0.000376816 -8.33352e-05
-0.000334654 -8.33352e-05 -0.0019734

0.000777785 0.000249323 1.73965e-05
0.000249323 0.00079471 6.7443e-05
1.73965e-05 6.7443e-05 -0.00222868

0.00161194 2.42806e-05 0.000275053
2.42806e-05 0.00152514 -0.000681867
0.000275053 -0.000681867 -0.0041264

0.00119205 4.86542e-06 -0.000171724
4.86542e-06 0.00131573 8.40663e-05
-0.000171724 8.40663e-05 -0.00256537

0.000814642 0.00027786 -0.00014302
0.00027786 0.00100246 -0.000206214
-0.00014302 -0.000206214 -0.00275195

0.000833756 0.000298652 -8.24961e-05
0.000298652 0.000823851 -0.000106451
-8.24961e-05 -0.000106451 -0.00256459

0.000824936 -2.53842e-05 -0.000143794
-2.53842e-05 0.000269051 3.29249e-05
-0.000143794 3.29249e-05 -0.00247148

0.00121353 -2.21856e-05 6.52374e-05
-2.21856e-05 0.00132438 -0.000303003
6.52374e-05 -0.000303003 -0.00408659

0.000124037 -9.95985e-05 -0.000160065
-9.95985e-05 7.84115e-05 0.000306508
-0.000160065 0.000306508 -0.000243206

0.00171677 -0.000173347 -0.000328191
-0.000173347 0.00171072 -6.28725e-05
-0.000328191 -6.28725e-05 -0.00430459

-0.000199918 -9.00826e-05 0.000415549
-9.00826e-05 -0.000281272 0.000602226
0.000415549 0.000602226 0.00192891

-0.000184268 -5.1048e-07 0.000191002
-5.1048e-07 -0.000329614 0.0010094
0.000191002 0.0010094 0.00124402

0.00183067 -0.000134777 -0.000344008
-0.000134777 0.00147962 -9.51627e-05
-0.000344008 -9.51627e-05 -0.00430537

-0.000123565 1.3684e-05 0.000641309
1.3684e-05 -0.000112701 0.00103397
0.000641309 0.00103397 0.000604893

-2.1511e-05 0.000105446 0.000890771
0.000105446 -2.94171e-05 0.000949981
0.000890771 0.000949981 -0.000204716

0.000833161 0.000301103 -7.23045e-05
0.000301103 0.00103131 -0.000126556
-7.23045e-05 -0.000126556 -0.0027371

0.000108497 3.18923e-05 0.000592974
3.18923e-05 0.000114837 0.000828167
0.000592974 0.000828167 0.000463236

0.00145368 -4.78601e-05 -0.000438351
-4.78601e-05 0.00142132 -0.000120841
-0.000438351 -0.000120841 -0.00388408

0.000359033 0.000171402 0.000265262
0.000171402 0.000442871 0.000639824
0.000265262 0.000639824 -0.00191071

0.00149 0.000187624 0.000269318
0.000187624 0.00172664 -0.000110739
0.000269318 -0.000110739 -0.00415267

0.000616379 0.000213388 0.000272948
0.000213388 0.00067058 0.000296051
0.000272948 0.000296051 -0.00225986

9.46692e-05 -5.61485e-05 -0.000397802
-5.61485e-05 2.90034e-05 0.000198836
-0.000397802 0.000198836 -4.20069e-05

0.00163505 -1.80662e-05 -0.000371493
-1.80662e-05 0.00178815 -4.98562e-05
-0.000371493 -4.98562e-05 -0.00429266

0.000643936 0.000269424 0.00011729
0.000269424 0.000806418 0.000169954
0.00011729 0.000169954 -0.00222448

0.000489547 0.000226775 9.54398e-05
0.000226775 0.00070088 0.000134928
9.54398e-05 0.000134928 -0.00159796

0.00146704 -9.30429e-05 -0.000427674
-9.30429e-05 0.00153124 -2.22574e-06
-0.000427674 -2.22574e-06 -0.00379765

0.000524077 0.000396617 0.000195248
0.000396617 0.000875576 1.63507e-05
0.000195248 1.63507e-05 -0.00245022

0.000547148 0.000339262 -9.57914e-05
0.000339262 0.000839458 -6.05773e-05
-9.57914e-05 -6.05773e-05 -0.00236422

0.000644154 0.000311836 -8.38723e-05
0.000311836 0.000928592 -0.000255279
-8.38723e-05 -0.000255279 -0.00196696

0.000582515 0.000262912 0.000156979
0.000262912 0.000953921 -0.000301451
0.000156979 -0.000301451 -0.00265183

0.000723806 0.000125812 -0.00029734
0.000125812 0.000672801 -0.000395349
-0.00029734 -0.000395349 -0.00190775

0.000468767 5.97011e-05 -0.000143023
5.97011e-05 0.000694005 -0.000431883
-0.000143023 -0.000431883 -0.00184834

0.000766717 0.000189668 -0.000164569
0.000189668 0.000682658 -0.000354682
-0.000164569 -0.000354682 -0.00242138

0.00159533 -8.63414e-05 0.000233804
-8.63414e-05 0.00148711 0.000397498
0.000233804 0.000397498 -0.00422518

0.000834131 2.36236e-06 0.000233201
2.36236e-06 0.0012839 -9.88778e-05
0.000233201 -9.88778e-05 -0.00287375

0.0007862 3.80721e-05 -0.000230145
3.80721e-05 0.000981559 -0.000513878
-0.000230145 -0.000513878 -0.00249938

0.000482401 1.1655e-05 -9.60253e-05
1.1655e-05 0.00107058 -0.000557627
-9.60253e-05 -0.000557627 -0.00246217

0.00110268 8.58623e-05 -0.00032674
8.58623e-05 0.00119605 -0.000496018
-0.00032674 -0.000496018 -0.00302621

-5.14273e-05 -1.6738e-05 -0.000180737
-1.6738e-05 -9.26594e-05 -0.000676451
-0.000180737 -0.000676451 0.000464472

0.000328908 0.000142733 2.9978e-05
0.000142733 0.000398983 0.000164935
2.9978e-05 0.000164935 -0.00161806

0.000636858 0.00034405 2.74717e-05
0.00034405 0.0010232 -0.000140487
2.74717e-05 -0.000140487 -0.00273933

0.000747824 -3.93858e-05 -8.64293e-05
-3.93858e-05 0.000266508 4.35714e-05
-8.64293e-05 4.35714e-05 -0.00170623

-2.12004e-05 2.38608e-05 0.00118969
2.38608e-05 3.18176e-05 -0.000491471
0.00118969 -0.000491471 0.00028928

0.000814667 -1.13192e-05 0.000186707
-1.13192e-05 0.000611245 -3.06521e-05
0.000186707 -3.06521e-05 -0.00223913

0.000626109 0.000164221 0.000239104
0.000164221 0.000621765 0.000162687
0.000239104 0.000162687 -0.00240341

0.000648506 0.000335025 -4.38976e-05
0.000335025 0.000990179 -0.000219016
-4.38976e-05 -0.000219016 -0.00274966

0.00134908 3.92136e-05 -0.000531398
3.92136e-05 0.00140235 1.47372e-05
-0.000531398 1.47372e-05 -0.00361745

-3.03337e-05 -1.92528e-05 -0.00115759
-1.92528e-05 -7.63304e-05 8.59241e-05
-0.00115759 8.59241e-05 0.000202923

0.00166085 6.46898e-05 -0.000338877
6.46898e-05 0.00183913 -1.9389e-05
-0.000338877 -1.9389e-05 -0.00427706

-0.00017211 -0.000180645 -0.000458586
-0.000180645 -0.000432531 -0.000303034
-0.000458586 -0.000303034 0.00234685

4.53575e-06 1.24264e-05 0.000184284
1.24264e-05 -3.401e-05 -0.00016992
0.000184284 -0.00016992 0.00113465

0.00172162 -1.45695e-05 0.00014365
-1.45695e-05 0.00178549 -0.000365855
0.00014365 -0.000365855 -0.0042412

0.000916851 -7.63111e-05 0.000333206
-7.63111e-05 0.000396733 -9.29522e-05
0.000333206 -9.29522e-05 -0.00201313

0.000498818 9.7294e-05 0.000193281
9.7294e-05 0.000380321 0.000126551
0.000193281 0.000126551 -0.00174368

0.000522002 -0.000197179 0.000296093
-0.000197179 0.000593609 -0.000217009
0.000296093 -0.000217009 -0.00204054

0.000628089 0.000139094 4.18115e-06
0.000139094 0.000994146 0.000304595
4.18115e-06 0.000304595 -0.00265892

0.000200201 1.16449e-05 0.000204096
1.16449e-05 0.000438987 -0.000208182
0.000204096 -0.000208182 -0.00146572

0.000632974 0.00012313 3.93682e-05
0.00012313 0.00103496 0.000138872
3.93682e-05 0.000138872 -0.00263225

-9.21304e-05 5.27988e-05 0.000365757
5.27988e-05 -0.000169304 -0.000638916
0.000365757 -0.000638916 0.00102787

0.0010933 -9.63286e-05 -0.000462168
-9.63286e-05 0.001001 -0.000101921
-0.000462168 -0.000101921 -0.00298685

0.000671495 0.00020958 6.6464e-05
0.00020958 0.00107614 0.00016026
6.6464e-05 0.00016026 -0.00262336

0.000198512 -2.30929e-05 0.000378932
-2.30929e-05 3.4934e-05 0.000332018
0.000378932 0.000332018 0.000123797

0.00181313 2.60729e-05 0.000304365
2.60729e-05 0.00205616 3.77099e-06
0.000304365 3.77099e-06 -0.00499855

0.00168896 -4.95096e-05 -2.94079e-05
-4.95096e-05 0.00146708 0.000431052
-2.94079e-05 0.000431052 -0.00413458

0.00164066 -0.000180666 5.9134e-05
-0.000180666 0.00165917 5.91059e-05
5.9134e-05 5.91059e-05 -0.00405318

0.000569467 0.000237297 -0.000156574
0.000237297 0.00091001 -0.00023168
-0.000156574 -0.00023168 -0.00251583

0.00168639 -5.40362e-05 -1.79636e-05
-5.40362e-05 0.00146267 0.000435582
-1.79636e-05 0.000435582 -0.00411702

0.00167404 -6.06903e-05 4.15959e-05
-6.06903e-05 0.00146004 0.000450869
4.15959e-05 0.000450869 -0.0041071

-5.49079e-05 -5.79332e-05 -0.000205083
-5.79332e-05 -8.91315e-06 -0.000571385
-0.000205083 -0.000571385 0.000564813

0.00160808 -3.82961e-07 -7.40085e-06
-3.82961e-07 0.00142592 0.000428877
-7.40085e-06 0.000428877 -0.00402541

0.00077981 9.82555e-05 0.000321811
9.82555e-05 0.000816772 0.000586342
0.000321811 0.000586342 -0.00206589

0.00170721 -0.000118008 -0.000376857
-0.000118008 0.00159824 -2.14842e-05
-0.000376857 -2.14842e-05 -0.00427448

0.000187296 7.84602e-05 0.000635025
7.84602e-05 0.000368534 0.000823204
0.000635025 0.000823204 -0.00090089

0.00179336 -0.000212185 0.000135624
-0.000212185 0.00168912 6.86848e-05
0.000135624 6.86848e-05 -0.00406904

0.00139573 1.07376e-05 -0.000612748
1.07376e-05 0.00146721 0.000503061
-0.000612748 0.000503061 -0.00351267

0.00129991 -2.71258e-05 0.000152041
-2.71258e-05 0.00146156 0.000599103
0.000152041 0.000599103 -0.00363842

0.000603586 7.09126e-05 9.88135e-05
7.09126e-05 0.000414923 -0.000249949
9.88135e-05 -0.000249949 -0.00172835

0.000436426 5.1653e-05 -0.000166538
5.1653e-05 0.000363659 -2.08951e-05
-0.000166538 -2.08951e-05 -0.00164579

0.00128343 -2.31666e-05 -0.000152468
-2.31666e-05 0.00142672 -0.000101327
-0.000152468 -0.000101327 -0.0035274

0.000501671 0.000136683 0.000110373
0.000136683 0.000372728 0.000158165
0.000110373 0.000158165 -0.00185297

0.00130304 7.40411e-05 -0.000119161
7.40411e-05 0.00140904 0.000126002
-0.000119161 0.000126002 -0.00347859

0.000788219 1.54129e-06 -0.000175448
1.54129e-06 0.00108247 0.000602322
-0.000175448 0.000602322 -0.00272252

0.00148137 -0.000115109 -0.000353384
-0.000115109 0.00152148 -1.90453e-05
-0.000353384 -1.90453e-05 -0.00415141

0.00133002 5.85916e-06 -0.000157665
5.85916e-06 0.00146768 0.000584403
-0.000157665 0.000584403 -0.00396335

0.00177391 -0.000275681 6.71196e-05
-0.000275681 0.00165185 0.000202912
6.71196e-05 0.000202912 -0.00401916

-5.43212e-05 -8.43157e-05 0.000147865
-8.43157e-05 -0.000121366 0.000111872
0.000147865 0.000111872 0.00115044

-8.20302e-05 1.38145e-05 -1.6698e-05
1.38145e-05 -0.000413017 0.000955851
-1.6698e-05 0.000955851 0.00138948

-4.25475e-05 2.61862e-05 0.00030792
2.61862e-05 -0.000160279 0.0012676
0.00030792 0.0012676 0.000335225

0.000991917 -8.96834e-05 0.000258438
-8.96834e-05 0.00107103 -0.00012491
0.000258438 -0.00012491 -0.00287019

0.000948718 -0.000207276 0.000193904
-0.000207276 0.000553035 -0.000140037
0.000193904 -0.000140037 -0.00229686

0.00156372 8.80207e-05 -0.00021061
8.80207e-05 0.00148018 -0.000348847
-0.00021061 -0.000348847 -0.00392048

0.0017158 0.000177582 -0.000422466
0.000177582 0.00156323 0.000370251
-0.000422466 0.000370251 -0.0045984

0.000614022 -0.000100513 0.000270256
-0.000100513 0.000440577 -0.000235485
0.000270256 -0.000235485 -0.00178352

0.000107193 4.83109e-06 0.00016258
4.83109e-06 0.000181705 0.00133975
0.00016258 0.00133975 0.000306113

0.000128683 -0.000115786 -1.35143e-05
-0.000115786 0.000634197 0.00133016
-1.35143e-05 0.00133016 -0.000698766

0.000465964 0.00013254 -0.000704867
0.00013254 0.000298597 -0.000182858
-0.000704867 -0.000182858 -0.00115599

0.000455769 0.000194112 0.000125054
0.000194112 0.000924746 5.81803e-05
0.000125054 5.81803e-05 -0.0021392

0.000344743 -7.41261e-05 7.37608e-06
-7.41261e-05 0.000487856 0.00109084
7.37608e-06 0.00109084 -0.00129559

0.000202354 -6.22773e-06 -6.82957e-05
-6.22773e-06 0.000682883 0.000890406
-6.82957e-05 0.000890406 -0.00108981

0.000268258 -0.000149336 0.000111032
-0.000149336 0.000730543 0.000936559
0.000111032 0.000936559 -0.00132292

0.000390482 5.59368e-05 -7.6733e-05
5.59368e-05 0.000819131 0.00081571
-7.6733e-05 0.00081571 -0.00202312

0.000388873 3.12571e-05 -9.43308e-05
3.12571e-05 0.000965433 0.000513691
-9.43308e-05 0.000513691 -0.00221362

0.000421513 1.00744e-05 0.000156917
1.00744e-05 0.000810113 0.000837802
0.000156917 0.000837802 -0.00202158

0.00036266 -7.63234e-05 -0.000136766
-7.63234e-05 0.000540742 0.00044996
-0.000136766 0.00044996 -0.00155809

0.000604804 -0.000175763 -0.000227351
-0.000175763 0.000586547 0.000275951
-0.000227351 0.000275951 -0.0016035

0.000423258 4.01292e-05 0.000155437
4.01292e-05 0.000966889 0.000539113
0.000155437 0.000539113 -0.00222719

0.000417543 -5.74811e-05 5.00518e-05
-5.74811e-05 0.000957446 -2.64844e-05
5.00518e-05 -2.64844e-05 -0.00231835

0.000421064 -6.19402e-05 2.72152e-05
-6.19402e-05 0.000891542 -0.000103803
2.72152e-05 -0.000103803 -0.00229528

0.000441411 -0.000222401 -0.000208499
-0.000222401 0.000896698 -0.000166367
-0.000208499 -0.000166367 -0.00239334

0.000535747 -0.000118871 4.34844e-05
-0.000118871 0.000795025 -0.000216427
4.34844e-05 -0.000216427 -0.00172927

0.000376098 1.89094e-05 -0.000814259
1.89094e-05 0.000159094 -0.000272452
-0.000814259 -0.000272452 -0.000720945

0.000218412 -1.34063e-05 -5.7211e-05
-1.34063e-05 0.000158375 0.00013422
-5.7211e-05 0.00013422 -0.000892859

0.00060914 -0.000282559 1.99647e-05
-0.000282559 0.00106418 -0.000492424
1.99647e-05 -0.000492424 -0.00268855

0.000202148 -4.99929e-05 -9.3189e-05
-4.99929e-05 0.00013485 0.000143955
-9.3189e-05 0.000143955 -0.000832583

0.0018501 -0.000107869 0.000246536
-0.000107869 0.00144092 0.000476875
0.000246536 0.000476875 -0.00435936

0.00082745 -6.94161e-05 0.000231881
-6.94161e-05 0.000991646 -0.000664939
0.000231881 -0.000664939 -0.0024207

0.00090337 -8.15082e-06 0.000111901
-8.15082e-06 0.00102368 -0.000667501
0.000111901 -0.000667501 -0.00274165

0.000855246 -2.15367e-05 0.00022753
-2.15367e-05 0.00107914 -0.000672994
0.00022753 -0.000672994 -0.00272729

0.000809557 1.14293e-05 -7.69025e-05
1.14293e-05 0.00103325 -0.000730382
-7.69025e-05 -0.000730382 -0.00238867

0.00106403 -4.23128e-05 6.29343e-05
-4.23128e-05 0.00108055 -0.000640297
6.29343e-05 -0.000640297 -0.00300265

0.000202245 2.32345e-05 -0.000175221
2.32345e-05 0.00024605 -0.00038156
-0.000175221 -0.00038156 -0.000620034

0.00126224 7.30477e-05 0.000670815
7.30477e-05 0.000628843 -2.49695e-05
0.000670815 -2.49695e-05 -0.0024425

0.00161549 0.000192323 -0.000326122
0.000192323 0.00157207 0.000279837
-0.000326122 0.000279837 -0.00416265

0.00021854 1.77575e-06 -0.000133409
1.77575e-06 0.000239862 -0.000527063
-0.000133409 -0.000527063 -0.000750183

0.000578706 0.000195301 -0.000428266
0.000195301 0.000572964 -0.000248454
-0.000428266 -0.000248454 -0.00179615

0.00245204 0.000112883 -6.00343e-05
0.000112883 0.00214921 -0.000316784
-6.00343e-05 -0.000316784 -0.00616657

-7.69392e-05 4.34456e-05 6.68177e-05
4.34456e-05 -0.000160614 -0.000332144
6.68177e-05 -0.000332144 0.000693151

-0.000103417 6.30017e-05 0.000161998
6.30017e-05 -2.86167e-05 -0.00015534
0.000161998 -0.00015534 0.00113063

0.000610757 -5.22975e-05 0.00021166
-5.22975e-05 0.000759882 -0.000229382
0.00021166 -0.000229382 -0.00211929

0.00210992 -0.000234176 -8.9599e-05
-0.000234176 0.00196166 -5.17113e-05
-8.9599e-05 -5.17113e-05 -0.00449069

0.00117081 9.73522e-05 -0.000583815
9.73522e-05 0.00138622 -0.000169539
-0.000583815 -0.000169539 -0.00323166

0.0013149 1.9851e-05 -0.000493032
1.9851e-05 0.00133613 -0.000166321
-0.000493032 -0.000166321 -0.00320398

-0.000189382 -1.34251e-05 0.000357835
-1.34251e-05 0 -2.45406e-07
0.000357835 -2.45406e-07 0.00107843

-0.000201476 -0.000103261 0.000344264
-0.000103261 -0.000206988 0.000136149
0.000344264 0.000136149 0.00145985

0.000414783 3.42063e-05 -0.00103018
3.42063e-05 0.000192081 -0.000276378
-0.00103018 -0.000276378 -0.000794503

0.00113772 -5.51505e-06 -0.000543122
-5.51505e-06 0.00125513 -0.000240438
-0.000543122 -0.000240438 -0.00307519

0.000570716 -0.000112247 0.000361438
-0.000112247 0.000475991 -0.000126367
0.000361438 -0.000126367 -0.00179087

0.000278003 -0.000126291 -0.00115134
-0.000126291 0.000223648 -0.000222311
-0.00115134 -0.000222311 -0.000726703

-0.000117424 7.95414e-06 0.00065381
7.95414e-06 -0.000153677 -0.000325296
0.00065381 -0.000325296 0.00089768

0.0013842 -0.000173246 0.000163546
-0.000173246 0.00108112 -0.000118363
0.000163546 -0.000118363 -0.00287147

0.00192695 -0.000130396 0.000249152
-0.000130396 0.00206096 0.000103838
0.000249152 0.000103838 -0.0051644

0.000249423 9.62275e-06 -0.00120557
9.62275e-06 0.000244568 0.000267077
-0.00120557 0.000267077 -0.000749248

0.000434826 -2.32462e-05 -0.00112711
-2.32462e-05 0.000249755 0.000266185
-0.00112711 0.000266185 -0.000980508

0.000548382 7.78343e-05 -0.000239303
7.78343e-05 0.00073131 -0.000284384
-0.000239303 -0.000284384 -0.00201227

6.17396e-05 1.18249e-05 0.000349422
1.18249e-05 9.42629e-05 -0.000180589
0.000349422 -0.000180589 -0.000376646

0.0010662 -6.35382e-05 -0.000267358
-6.35382e-05 0.000512846 -0.00013192
-0.000267358 -0.00013192 -0.00260078

-0.000139842 8.72625e-05 1.8021e-05
8.72625e-05 -9.13695e-05 0.000631672
1.8021e-05 0.000631672 0.000991749

0.000788824 0.00029314 -0.000144696
0.00029314 0.000776686 4.87818e-05
-0.000144696 4.87818e-05 -0.00256288

0.000398528 0.000207468 -0.000471999
0.000207468 0.000692472 -0.0005009
-0.000471999 -0.0005009 -0.00141301

0.00132299 -1.77158e-05 -0.000595302
-1.77158e-05 0.00125545 -0.000241107
-0.000595302 -0.000241107 -0.00309542

0.000167377 2.01879e-06 -0.000130235
2.01879e-06 0.000278596 -0.000365703
-0.000130235 -0.000365703 -0.000789966

0.000159818 0.000107605 0.000138163
0.000107605 0.000357504 -0.000303569
0.000138163 -0.000303569 -0.000971621

0.00193739 -4.13761e-05 0.000378882
-4.13761e-05 0.00217566 0.000228606
0.000378882 0.000228606 -0.00504712

0.00167738 -5.55473e-05 2.82279e-05
-5.55473e-05 0.00146501 0.000442655
2.82279e-05 0.000442655 -0.00410556

0.000610114 -5.50705e-05 0.000232796
-5.50705e-05 0.000799 -0.000267219
0.000232796 -0.000267219 -0.00248869

5.35821e-05 -9.58774e-05 -0.000289241
-9.58774e-05 0.000183462 0.000136977
-0.000289241 0.000136977 -0.000184546

0.00129356 8.85363e-05 -0.000569333
8.85363e-05 0.00117024 -0.000214923
-0.000569333 -0.000214923 -0.00307013

0.0015604 -0.000126364 -0.000142092
-0.000126364 0.00169767 -3.44904e-05
-0.000142092 -3.44904e-05 -0.00385623

0.000482701 -2.39365e-06 0.000289306
-2.39365e-06 0.000432532 0.000174015
0.000289306 0.000174015 -0.00155222

-8.14379e-05 9.48927e-06 -0.000969882
9.48927e-06 0.000176868 0.000905429
-0.000969882 0.000905429 0.00010892

-0.00010219 2.86729e-05 -7.18019e-05
2.86729e-05 -0.000149005 0.000535676
-7.18019e-05 0.000535676 0.00083248

0.000517286 -0.000229778 0.000218434
-0.000229778 0.00056685 -0.00018886
0.000218434 -0.00018886 -0.00171204

-6.88393e-05 1.06673e-05 -0.00108957
1.06673e-05 3.24824e-05 -0.000855084
-0.00108957 -0.000855084 0.000109957

-4.23152e-05 4.77017e-05 -9.90477e-05
4.77017e-05 7.21891e-05 0.000513002
-9.90477e-05 0.000513002 9.99641e-05

0.000820471 1.11141e-05 0.000299413
1.11141e-05 0.000536102 -0.000173818
0.000299413 -0.000173818 -0.00212031

0.000845091 0.000125138 -0.000282544
0.000125138 0.000772202 -0.000175582
-0.000282544 -0.000175582 -0.00254312

2.52861e-05 2.31217e-05 -0.00100643
2.31217e-05 0.000122622 -0.000457439
-0.00100643 -0.000457439 9.66232e-05

0.000412362 -0.000111345 9.56051e-05
-0.000111345 0.000334537 -0.000179368
9.56051e-05 -0.000179368 -0.00122426

0.00166013 0.000102364 -0.000191135
0.000102364 0.00175218 -2.07927e-05
-0.000191135 -2.07927e-05 -0.00446565

0.000214434 9.67534e-05 -8.87826e-05
9.67534e-05 0.000359091 -0.000235941
-8.87826e-05 -0.000235941 -0.000919889

0.000310955 0.000149783 0.000220145
0.000149783 0.000278094 0.000272491
0.000220145 0.000272491 -0.00132403

-5.67534e-05 2.29068e-05 -0.000996125
2.29068e-05 4.38475e-05 -0.000773089
-0.000996125 -0.000773089 0.000677446

-4.42178e-05 -1.12965e-06 -0.000982549
-1.12965e-06 -0.000150994 -0.000563597
-0.000982549 -0.000563597 0.000461911

0.00201689 2.68799e-05 0.000299969
2.68799e-05 0.0021625 -6.00847e-05
0.000299969 -6.00847e-05 -0.00564901

0.000851511 0.000186876 -0.00027898
0.000186876 0.000760139 -0.000200689
-0.00027898 -0.000200689 -0.00254697

0.000850704 0.000124036 0.000341582
0.000124036 0.000929399 -0.000156131
0.000341582 -0.000156131 -0.00274804

0.00174618 1.99608e-05 0.000211645
1.99608e-05 0.00139713 -3.54231e-05
0.000211645 -3.54231e-05 -0.00418009

0.000167498 4.40828e-05 -0.000232628
4.40828e-05 0.000202493 -0.00126125
-0.000232628 -0.00126125 -0.000745068

0.000169126 4.69904e-05 -0.00017884
4.69904e-05 0.000167139 -0.000935711
-0.00017884 -0.000935711 -0.000265204

0.00193494 7.28799e-06 -0.000204023
7.28799e-06 0.00197116 0.000100146
-0.000204023 0.000100146 -0.0045654

0.000340489 -7.04874e-05 -0.000173277
-7.04874e-05 0.000209768 -6.55765e-06
-0.000173277 -6.55765e-06 -0.00124361

0.00165998 0.000106488 -0.000194036
0.000106488 0.00197155 0.000147526
-0.000194036 0.000147526 -0.00449392

0.00173903 0.000117511 0.000241386
0.000117511 0.00194808 0.000111323
0.000241386 0.000111323 -0.00486503

0.000136716 4.28263e-05 -0.000157135
4.28263e-05 0.000222861 -0.0012059
-0.000157135 -0.0012059 -0.000796435

0.00179809 5.60412e-05 -0.000261494
5.60412e-05 0.00189531 0.000354233
-0.000261494 0.000354233 -0.00517322

-2.02276e-05 -6.23465e-05 -0.000100909
-6.23465e-05 -5.83901e-05 0.00062277
-0.000100909 0.00062277 0.000556103

0.000880984 0.000143096 -0.000333726
0.000143096 0.000779442 -0.000192205
-0.000333726 -0.000192205 -0.00251642

0.00171311 -3.20723e-05 0.000111837
-3.20723e-05 0.00140351 0.000454809
0.000111837 0.000454809 -0.00400995

0.0012797 -3.93767e-05 -0.000345873
-3.93767e-05 0.00152678 1.35976e-05
-0.000345873 1.35976e-05 -0.0035473

0.000882066 0.000154283 -0.000333009
0.000154283 0.000738697 -0.000204412
-0.000333009 -0.000204412 -0.0025184

0.000897453 0.000117522 -0.000419452
0.000117522 0.000800337 -0.000131097
-0.000419452 -0.000131097 -0.00234577

0.00170386 8.34559e-05 0.000197825
8.34559e-05 0.00178062 -0.000222226
0.000197825 -0.000222226 -0.00409464

-4.00375e-05 -3.5671e-05 -0.000970758
-3.5671e-05 -0.000143425 -0.000287142
-0.000970758 -0.000287142 0.000743198

0.000898695 0.000127207 -0.000418434
0.000127207 0.000766958 -0.000130179
-0.000418434 -0.000130179 -0.00234539

0.000161302 0.000115993 -0.000227755
0.000115993 0.000401565 -0.0013716
-0.000227755 -0.0013716 -0.000644228

0.00214289 0.000121353 0.000236744
0.000121353 0.00220068 -4.41208e-06
0.000236744 -4.41208e-06 -0.00560045

-0.000192526 9.4403e-06 0.000361813
9.4403e-06 -0.000154788 -4.02447e-05
0.000361813 -4.02447e-05 0.00108405

0.000352302 0.000113336 -0.000375444
0.000113336 0.00032133 -0.000906656
-0.000375444 -0.000906656 -0.00132072

-0.000267851 -0.000137667 0.000379517
-0.000137667 -0.000196318 4.28252e-05
0.000379517 4.28252e-05 0.00126397

0.000366233 2.52963e-05 -0.00037143
2.52963e-05 0.000708344 -0.000982063
-0.00037143 -0.000982063 -0.00133435

0.000382611 0.000147029 -0.00021837
0.000147029 0.000347887 -0.000807561
-0.00021837 -0.000807561 -0.00103

0.00186296 -2.44822e-05 0.000316208
-2.44822e-05 0.001755 0.000124566
0.000316208 0.000124566 -0.00439327

0.00161414 -3.20328e-05 0.000265452
-3.20328e-05 0.00160159 0.000392144
0.000265452 0.000392144 -0.00439317

-0.000291442 -0.000214946 0.000402884
-0.000214946 -0.000247716 0.000148399
0.000402884 0.000148399 0.00145906

0.000342378 -1.1564e-05 -0.00102359
-1.1564e-05 5.02342e-05 0.000289646
-0.00102359 0.000289646 0.000258198

0.00123114 2.41265e-05 5.52239e-05
2.41265e-05 0.00146273 -0.000274837
5.52239e-05 -0.000274837 -0.00391155

0.000139632 -3.21229e-05 -0.00111244
-3.21229e-05 8.20972e-05 -0.000315461
-0.00111244 -0.000315461 0.000162869

0.00121813 -4.12785e-05 -2.56722e-05
-4.12785e-05 0.00138674 -4.98862e-05
-2.56722e-05 -4.98862e-05 -0.00320357

-6.32392e-05 -5.75091e-05 0.000116822
-5.75091e-05 -0.000172062 0.000238742
0.000116822 0.000238742 0.00108007

0.00148438 1.04822e-05 0.00049565
1.04822e-05 0.00135355 0.0001622
0.00049565 0.0001622 -0.00246639

0.0017812 0.00013289 0.000280279
0.00013289 0.00196467 -1.33116e-05
0.000280279 -1.33116e-05 -0.00498084

0.00189067 5.33882e-06 5.50857e-05
5.33882e-06 0.00223165 -0.000351734
5.50857e-05 -0.000351734 -0.00535042

0.000535542 -0.000129093 -0.000182245
-0.000129093 0.000450009 0.000170461
-0.000182245 0.000170461 -0.00197282

0.00194716 1.5417e-06 -0.000269236
1.5417e-06 0.00192732 0.000120009
-0.000269236 0.000120009 -0.00492281

0.00134124 -7.82107e-05 -0.000500815
-7.82107e-05 0.00155993 2.74973e-05
-0.000500815 2.74973e-05 -0.00373308

0.00113897 5.15825e-05 -0.000530703
5.15825e-05 0.00116584 -0.000214906
-0.000530703 -0.000214906 -0.0030606

0.00151875 5.1156e-05 0.000424444
5.1156e-05 0.00130088 -5.33541e-06
0.000424444 -5.33541e-06 -0.00365908

0.000833115 0.000101819 -0.000295127
0.000101819 0.000378753 -0.000198036
-0.000295127 -0.000198036 -0.00205806

0.00128148 -2.68113e-05 -0.000424914
-2.68113e-05 0.00142964 0.000247353
-0.000424914 0.000247353 -0.00341064

6.03136e-05 6.76419e-05 0.000108053
6.76419e-05 9.06297e-05 0.000754019
0.000108053 0.000754019 -6.44745e-05

0.000855198 0.000307299 3.50975e-05
0.000307299 0.00076467 0.000263139
3.50975e-05 0.000263139 -0.00274768

-4.3437e-05 2.99061e-05 -0.000845408
2.99061e-05 1.77772e-05 0.000901757
-0.000845408 0.000901757 0.000487377

0.000202375 0.000136584 -0.000248472
0.000136584 0.000312256 -0.00101885
-0.000248472 -0.00101885 -0.000232758

0.000518198 3.43079e-05 0.000105419
3.43079e-05 0.000997368 0.000485371
0.000105419 0.000485371 -0.0024881

0.000670711 -0.000174931 8.44446e-05
-0.000174931 0.000744159 0.000108727
8.44446e-05 0.000108727 -0.00216677

0.000218846 9.16928e-05 -0.000280808
9.16928e-05 0.000148885 -0.00128582
-0.000280808 -0.00128582 -0.000610595

0.00236501 -0.000237591 0.000534221
-0.000237591 0.00140968 0.00060955
0.000534221 0.00060955 -0.00475494

0.0022 6.38118e-05 -0.00016003
6.38118e-05 0.00213657 9.96118e-05
-0.00016003 9.96118e-05 -0.00541903

-0.000130518 7.99834e-05 0.000232684
7.99834e-05 -0.000175165 -0.000482473
0.000232684 -0.000482473 0.00119373

0.0021362 0.000148879 0.000114275
0.000148879 0.00181607 -0.000446214
0.000114275 -0.000446214 -0.00528798

0.00189853 1.11855e-05 0.000119189
1.11855e-05 0.00160808 0.000371806
0.000119189 0.000371806 -0.00436916

0.000198953 -4.85291e-06 0.000334225
-4.85291e-06 3.5848e-05 0.000400084
0.000334225 0.000400084 -0.000221918

0.0002027 -5.6326e-05 -0.000316234
-5.6326e-05 0.000213924 0.00028834
-0.000316234 0.00028834 -0.000712397

0.000834378 6.51043e-05 -0.000248711
6.51043e-05 0.000441491 -0.000146808
-0.000248711 -0.000146808 -0.00195466

0.000471733 -3.94149e-05 0.000246791
-3.94149e-05 0.000394962 -0.000124697
0.000246791 -0.000124697 -0.00153984

0.000239918 9.24306e-05 -0.000647886
9.24306e-05 0.0003393 -0.000878007
-0.000647886 -0.000878007 -0.000330576

0.000538864 6.04777e-05 0.000228151
6.04777e-05 0.000848246 0.000428658
0.000228151 0.000428658 -0.00200611

0.00163207 -0.000165028 0.000306584
-0.000165028 0.00161659 0.000160169
0.000306584 0.000160169 -0.00425126

0.00214069 6.04601e-05 -0.000131034
6.04601e-05 0.00220004 -2.58125e-05
-0.000131034 -2.58125e-05 -0.00566229

0.00188728 -0.00012562 -7.54233e-05
-0.00012562 0.00187066 -0.000145979
-7.54233e-05 -0.000145979 -0.00444244

0.00181978 -8.87981e-05 0.000345246
-8.87981e-05 0.00164716 0.000168046
0.000345246 0.000168046 -0.00440165

0.00215269 1.15784e-05 -1.63352e-06
1.15784e-05 0.00212519 4.48892e-05
-1.63352e-06 4.48892e-05 -0.00510826

-7.3406e-05 2.45561e-05 1.30279e-05
2.45561e-05 -6.0714e-05 -7.54529e-05
1.30279e-05 -7.54529e-05 0.000635612

0.00133434 -6.36398e-05 -0.000546412
-6.36398e-05 0.00155958 7.17422e-06
-0.000546412 7.17422e-06 -0.0035874

0.00163768 8.26589e-06 -0.000356433
8.26589e-06 0.00157299 -0.000113423
-0.000356433 -0.000113423 -0.00430238

0.00137846 8.77504e-05 -0.000245801
8.77504e-05 0.00101385 -0.000341262
-0.000245801 -0.000341262 -0.00300878

0.00159847 7.80902e-06 0.000230854
7.80902e-06 0.00129128 0.000106165
0.000230854 0.000106165 -0.003387

-8.87844e-05 1.10721e-05 3.39512e-05
1.10721e-05 -0.000297104 -0.000875853
3.39512e-05 -0.000875853 0.00207868

0.00109131 -8.65484e-05 -0.00048932
-8.65484e-05 0.00138212 8.13224e-05
-0.00048932 8.13224e-05 -0.00335243

-7.44562e-05 -3.34545e-07 5.33546e-05
-3.34545e-07 -0.000404628 0.000801307
5.33546e-05 0.000801307 0.00200634

0.000680176 8.82703e-05 -0.000789877
8.82703e-05 0.000284118 -0.000186882
-0.000789877 -0.000186882 -0.00114199

0.00226992 0.00011621 2.2658e-05
0.00011621 0.00197881 0.000243362
2.2658e-05 0.000243362 -0.0054557

8.46945e-05 1.39604e-05 -0.000314376
1.39604e-05 0.000286287 0.000653517
-0.000314376 0.000653517 -0.000917883

0.00147839 -3.05528e-05 0.000186453
-3.05528e-05 0.00117051 -0.000218233
0.000186453 -0.000218233 -0.00299916

-0.000146561 2.55204e-05 0.000610073
2.55204e-05 -0.000190195 -0.000460396
0.000610073 -0.000460396 0.000866208

-0.000181983 6.31328e-05 0.000173067
6.31328e-05 -0.000324323 -0.000972292
0.000173067 -0.000972292 0.0020594

4.01675e-05 -5.47883e-05 0.000111121
-5.47883e-05 0.000194967 0.00106501
0.000111121 0.00106501 -0.000919913

0.000799312 3.00461e-05 0.000268286
3.00461e-05 0.000984051 0.000144161
0.000268286 0.000144161 -0.00235102

0.00188318 0.000133048 -0.000301446
0.000133048 0.00143012 0.000461125
-0.000301446 0.000461125 -0.00383279

0.00195467 2.38085e-05 -6.51067e-05
2.38085e-05 0.00199133 0.000328782
-6.51067e-05 0.000328782 -0.00517206

-6.17989e-06 -3.74104e-07 -0.00105524
-3.74104e-07 -0.000116936 -0.000329677
-0.00105524 -0.000329677 0.000752845

0.000180591 3.1965e-05 -5.21551e-05
3.1965e-05 0.000328379 -0.000259137
-5.21551e-05 -0.000259137 -0.00086622

0.00144965 -2.78426e-05 -0.000509191
-2.78426e-05 0.00149309 2.00919e-05
-0.000509191 2.00919e-05 -0.00362288

-0.000196464 -4.13675e-05 0.000205705
-4.13675e-05 -0.000416948 0.000868717
0.000205705 0.000868717 0.00199279

0.00192221 -0.00011858 0.000202023
-0.00011858 0.00202273 -5.57379e-05
0.000202023 -5.57379e-05 -0.00507173

0.0020357 -2.80573e-05 -0.000162285
-2.80573e-05 0.00203313 -0.000112909
-0.000162285 -0.000112909 -0.00490867

-1.59906e-05 -3.95011e-06 -0.00115911
-3.95011e-06 -0.00015612 0.000608861
-0.00115911 0.000608861 0.000186449

0.00102125 -0.000377962 0.000180616
-0.000377962 0.0010525 -0.000228678
0.000180616 -0.000228678 -0.00254883

0.00102518 -7.60223e-05 -0.000357386
-7.60223e-05 0.000633275 0.000245384
-0.000357386 0.000245384 -0.00262258

0.000463796 -1.12642e-05 0.000356325
-1.12642e-05 0.000447293 0.000142709
0.000356325 0.000142709 -0.0015817

0.000333365 -4.65554e-05 -1.35346e-05
-4.65554e-05 0.000502128 3.6765e-05
-1.35346e-05 3.6765e-05 -0.00167289

0.000752565 -4.67052e-05 0.0004559
-4.67052e-05 0.000461746 -0.000146206
0.0004559 -0.000146206 -0.00203716

-7.46499e-05 -7.40554e-06 -0.00111711
-7.40554e-06 -9.02489e-05 -0.000302038
-0.00111711 -0.000302038 0.000739084

0.00142357 3.23343e-05 0.000297202
3.23343e-05 0.00108039 0.000215367
0.000297202 0.000215367 -0.00320179

0.000866616 -0.000144302 -0.000445012
-0.000144302 0.00065465 0.000324264
-0.000445012 0.000324264 -0.0024032

0.000107203 2.54156e-05 0.000622421
2.54156e-05 0.000167249 0.000894841
0.000622421 0.000894841 0.000119459

2.86624e-05 -7.09356e-06 0.0011226
-7.09356e-06 0.000213629 0.000679338
0.0011226 0.000679338 -8.2143e-05

0.000463256 8.3772e-05 -3.84318e-05
8.3772e-05 0.00040309 -4.14045e-05
-3.84318e-05 -4.14045e-05 -0.00180113

0.000823604 3.5961e-05 -0.000235407
3.5961e-05 0.000702752 0.000213687
-0.000235407 0.000213687 -0.00220845

-2.379e-05 -8.64772e-05 -0.000937331
-8.64772e-05 -6.72611e-05 -0.000236943
-0.000937331 -0.000236943 0.0005766

0.000342083 -4.18413e-05 2.24567e-05
-4.18413e-05 0.000565724 -0.000104423
2.24567e-05 -0.000104423 -0.00176665

0.000720372 -0.000334958 -9.85989e-05
-0.000334958 0.00121655 3.70154e-05
-9.85989e-05 3.70154e-05 -0.00250841

0.000435299 -5.51304e-05 9.7342e-05
-5.51304e-05 0.000770882 -4.6686e-05
9.7342e-05 -4.6686e-05 -0.00172553

0.00193848 0.00033662 -0.000773214
0.00033662 0.0021533 5.22034e-05
-0.000773214 5.22034e-05 -0.0054187

0.00213769 -9.54905e-05 -0.000185913
-9.54905e-05 0.00170951 0.000429542
-0.000185913 0.000429542 -0.00519403

0.00153842 5.39101e-06 0.000128659
5.39101e-06 0.00160964 -0.00013063
0.000128659 -0.00013063 -0.00408663

0.00186241 1.84289e-05 0.000270668
1.84289e-05 0.00179399 -0.000207553
0.000270668 -0.000207553 -0.00470494

0.00196386 -1.82344e-05 0.000381334
-1.82344e-05 0.00213377 4.68024e-05
0.000381334 4.68024e-05 -0.00562696

0.00176009 8.77695e-05 -0.000160744
8.77695e-05 0.00158775 0.000398041
-0.000160744 0.000398041 -0.00391795

0.000515779 -0.000238023 0.000323887
-0.000238023 0.000464495 -0.000351982
0.000323887 -0.000351982 -0.00143978

0.00166735 5.84368e-05 -0.000333687
5.84368e-05 0.0015202 -0.000131819
-0.000333687 -0.000131819 -0.00430843

0.000604628 0.000108747 0.000509644
0.000108747 0.000425246 0.000265889
0.000509644 0.000265889 -0.00190482

0.000587317 -0.000103224 0.000194277
-0.000103224 0.000412015 -0.000129878
0.000194277 -0.000129878 -0.00158024

0.000500729 0.000145573 0.000203113
0.000145573 0.000508383 0.000190927
0.000203113 0.000190927 -0.00172411

0.000665048 -0.000196229 0.000117827
-0.000196229 0.000569904 -0.000157233
0.000117827 -0.000157233 -0.00229378

0.00154612 5.59511e-05 -0.000262491
5.59511e-05 0.0014371 -0.000380042
-0.000262491 -0.000380042 -0.00381215

0.00103544 -4.65685e-05 -6.73226e-05
-4.65685e-05 0.000969676 -0.00026944
-6.73226e-05 -0.00026944 -0.00310121

0.00104779 -2.80537e-05 -0.000299931
-2.80537e-05 0.00096216 -0.000247833
-0.000299931 -0.000247833 -0.0026081

4.70205e-05 -4.18984e-05 -0.00130052
-4.18984e-05 0.000180229 -0.00096655
-0.00130052 -0.00096655 -0.00011888

4.60688e-05 6.16507e-05 -0.00119495
6.16507e-05 4.62819e-05 -0.000887952
-0.00119495 -0.000887952 0.000184737

0.000223391 -2.11056e-06 -7.25927e-05
-2.11056e-06 0.000344755 -0.00017705
-7.25927e-05 -0.00017705 -0.00117135

0.000385534 4.00146e-06 0.00027551
4.00146e-06 0.000178723 -9.28323e-05
0.00027551 -9.28323e-05 -0.00109363

0.00148273 -0.00010329 -0.000266278
-0.00010329 0.00153818 5.41096e-05
-0.000266278 5.41096e-05 -0.00400913

0.00152646 -9.3134e-05 0.000438701
-9.3134e-05 0.00119695 0.000270301
0.000438701 0.000270301 -0.00364376

0.000260045 -2.67406e-05 -5.78163e-05
-2.67406e-05 0.000337696 6.0538e-05
-5.78163e-05 6.0538e-05 -0.00108022

0.000850517 -0.000107985 -0.000269701
-0.000107985 0.000894613 0.000543101
-0.000269701 0.000543101 -0.00247848

0.00223118 4.2957e-05 0.000189497
4.2957e-05 0.00184924 0.000481309
0.000189497 0.000481309 -0.00550265

0.00067885 0.000161707 -0.000886034
0.000161707 0.000222974 -6.73325e-05
-0.000886034 -6.73325e-05 -0.00134984

-1.69244e-05 -2.08317e-05 8.19387e-05
-2.08317e-05 -6.08859e-06 0.000754497
8.19387e-05 0.000754497 0.000126375

0.0016708 -5.59418e-05 0.000257904
-5.59418e-05 0.00142293 0.000388684
0.000257904 0.000388684 -0.00406008

0.0014221 -4.98651e-05 -0.000444723
-4.98651e-05 0.00151666 2.23626e-05
-0.000444723 2.23626e-05 -0.00385139

0.00125134 -5.17238e-05 -0.000545441
-5.17238e-05 0.000947081 0.000549655
-0.000545441 0.000549655 -0.00284073

0.000849224 -9.86088e-05 -0.00025161
-9.86088e-05 0.0010272 0.000417417
-0.00025161 0.000417417 -0.00273154

0.00117048 -7.16853e-05 -0.000393586
-7.16853e-05 0.0011581 0.000611051
-0.000393586 0.000611051 -0.0031233

0.000588876 -0.000169234 -0.000482459
-0.000169234 0.000588298 0.000224079
-0.000482459 0.000224079 -0.00126754

0.000409559 0.000184763 0.000304361
0.000184763 0.000381855 0.000329963
0.000304361 0.000329963 -0.00147631

0.000922574 0.000121569 -0.000171452
0.000121569 0.000439524 -2.84121e-05
-0.000171452 -2.84121e-05 -0.00209967

0.000576434 -0.000255394 -7.81819e-05
-0.000255394 0.000684388 -4.23585e-05
-7.81819e-05 -4.23585e-05 -0.00216326

0.00141429 -2.60481e-05 -0.000454474
-2.60481e-05 0.00148629 -5.71468e-06
-0.000454474 -5.71468e-06 -0.00373447

0.00171085 1.84097e-05 -0.00023857
1.84097e-05 0.00178192 1.88231e-05
-0.00023857 1.88231e-05 -0.00403852

0.00084871 -7.11442e-05 -0.000254258
-7.11442e-05 0.00116001 0.000581877
-0.000254258 0.000581877 -0.00274486

0.00156722 -0.000138321 -0.000218179
-0.000138321 0.00145801 -0.000266295
-0.000218179 -0.000266295 -0.00394015

0.00179375 -0.000220868 0.000263368
-0.000220868 0.00143939 0.000175941
0.000263368 0.000175941 -0.00426591

0.000437176 4.4359e-05 0.000184506
4.4359e-05 0.000471496 0.000283426
0.000184506 0.000283426 -0.00164534

0.000230324 1.98002e-05 8.32381e-05
1.98002e-05 0.000330761 1.81257e-05
8.32381e-05 1.81257e-05 -0.00126667

0.000174358 -1.05162e-05 -0.000204101
-1.05162e-05 0.000255323 0.000637917
-0.000204101 0.000637917 -0.000787846

0.000797358 -6.81485e-05 0.000293435
-6.81485e-05 0.000617333 -0.000130872
0.000293435 -0.000130872 -0.00226616

0.000532317 0.000125178 0.000124762
0.000125178 0.000507558 0.000161692
0.000124762 0.000161692 -0.0019851

0.00106299 0.000122389 0.000720568
0.000122389 0.00108278 -1.95712e-05
0.000720568 -1.95712e-05 -0.00301983

0.00123345 0.000147705 0.000119657
0.000147705 0.00108421 -0.000179052
0.000119657 -0.000179052 -0.00301533

0.000982222 -5.70314e-05 0.000692668
-5.70314e-05 0.000904759 -3.91309e-05
0.000692668 -3.91309e-05 -0.00253481

0.00180396 -3.04197e-05 -0.000274364
-3.04197e-05 0.00147606 -7.39643e-05
-0.000274364 -7.39643e-05 -0.00422553

0.00150377 -3.36964e-05 -0.000450764
-3.36964e-05 0.00169905 -0.000157158
-0.000450764 -0.000157158 -0.00432573

0.00027166 2.7009e-05 0.000248717
2.7009e-05 0.000207995 0.000465973
0.000248717 0.000465973 -0.000624148

0.00104736 -8.00793e-05 8.87642e-05
-8.00793e-05 0.00118725 -0.000716453
8.87642e-05 -0.000716453 -0.00294228

0.000912039 -0.000258449 0.000369253
-0.000258449 0.0010079 -0.000500157
0.000369253 -0.000500157 -0.00276596

0.00131004 0.000141981 0.000408808
0.000141981 0.00147326 -0.000401804
0.000408808 -0.000401804 -0.00331008

0.00127415 -1.18926e-05 0.000681396
-1.18926e-05 0.00115623 9.15032e-06
0.000681396 9.15032e-06 -0.00301378

0.000378202 -0.000104407 0.000166749
-0.000104407 0.000335127 -0.000189207
0.000166749 -0.000189207 -0.00136179

-0.000204309 -1.30262e-06 -0.000779767
-1.30262e-06 -0.000181764 -0.000569877
-0.000779767 -0.000569877 0.00153875

0.000478144 0.000209369 4.928e-05
0.000209369 0.000932656 2.10919e-05
4.928e-05 2.10919e-05 -0.00196785

0.00176445 9.38627e-05 -0.00024567
9.38627e-05 0.00173323 -0.000164116
-0.00024567 -0.000164116 -0.00444937

-8.1083e-05 5.88382e-05 0.000403201
5.88382e-05 -0.000245585 -0.000729219
0.000403201 -0.000729219 0.0010006

-1.22963e-05 1.1163e-05 0.000310805
1.1163e-05 -4.98603e-05 0.000613919
0.000310805 0.000613919 0.000223521

0.000731528 0.000306901 -0.000124526
0.000306901 0.000828343 0.000144779
-0.000124526 0.000144779 -0.00238496

0.00037133 -0.000174736 -0.00018394
-0.000174736 0.000762771 0.000214601
-0.00018394 0.000214601 -0.00180708

0.000745229 -0.0002255 -0.000261331
-0.0002255 0.000883651 0.00031272
-0.000261331 0.00031272 -0.00233569

-0.000139386 4.90266e-05 -0.000994393
4.90266e-05 -7.68041e-05 -3.79364e-05
-0.000994393 -3.79364e-05 0.000532786

0.000370843 -6.42371e-05 0.000903883
-6.42371e-05 0.000199312 -0.000500801
0.000903883 -0.000500801 -0.000564761

-5.70637e-05 -5.97353e-05 0.000731357
-5.97353e-05 -0.000143846 0.000656897
0.000731357 0.000656897 0.000787588

0.000438754 -7.69184e-05 -0.000157953
-7.69184e-05 0.000783322 -0.000188104
-0.000157953 -0.000188104 -0.00186435

0.00215834 -7.55463e-05 5.42906e-05
-7.55463e-05 0.00199014 0.000541078
5.42906e-05 0.000541078 -0.00551911

0.00244618 -9.90087e-05 4.43433e-05
-9.90087e-05 0.00223584 0.000175129
4.43433e-05 0.000175129 -0.00588441

0.00126048 7.62678e-05 -0.000643695
7.62678e-05 0.00139197 0.00035101
-0.000643695 0.00035101 -0.00367977

0.000795123 -0.000150098 -0.000488098
-0.000150098 0.000941481 0.0001548
-0.000488098 0.0001548 -0.00257828

0.000280338 0.000156117 -0.000275468
0.000156117 0.000441547 -0.00086194
-0.000275468 -0.00086194 -0.00102446

-5.0114e-05 2.58441e-05 -0.000124248
2.58441e-05 -0.000199087 -0.000508383
-0.000124248 -0.000508383 0.000878476

0.000185372 -1.68073e-05 -9.37297e-06
-1.68073e-05 0.000114947 -9.86383e-06
-9.37297e-06 -9.86383e-06 -0.000997282

0.00106731 0.000152822 -0.000259018
0.000152822 0.000367613 -0.000157554
-0.000259018 -0.000157554 -0.00220118

8.8994e-05 -2.19145e-05 -0.000997624
-2.19145e-05 -5.48877e-05 -0.000101197
-0.000997624 -0.000101197 -0.000496247

0.00184104 -8.88517e-05 -2.09136e-05
-8.88517e-05 0.00146133 -0.000203895
-2.09136e-05 -0.000203895 -0.00392556

0.000839673 -0.000343666 0.000287556
-0.000343666 0.000555861 -0.0001689
0.000287556 -0.0001689 -0.00221724

0.000347244 -9.74073e-05 0.000917474
-9.74073e-05 0.000213551 -0.000343442
0.000917474 -0.000343442 -0.000258508

0.00170573 3.57109e-05 0.00018653
3.57109e-05 0.00174957 -2.35983e-05
0.00018653 -2.35983e-05 -0.00495539

0.00175792 6.89464e-05 0.000376088
6.89464e-05 0.00167288 5.93552e-05
0.000376088 5.93552e-05 -0.00428149

-0.00030004 -0.000249295 0.000271132
-0.000249295 -0.000533772 0.000351904
0.000271132 0.000351904 0.00234965

0.00140632 -7.72051e-05 0.000397335
-7.72051e-05 0.00149536 0.000294183
0.000397335 0.000294183 -0.00402489

-4.48295e-07 6.99328e-05 0.000574907
6.99328e-05 3.69657e-05 0.000652769
0.000574907 0.000652769 0.000140022

0.00142492 -0.000114214 0.00028564
-0.000114214 0.00133895 0.000316187
0.00028564 0.000316187 -0.00352841

0.000522553 9.67994e-05 0.000133304
9.67994e-05 0.000481547 0.000107269
0.000133304 0.000107269 -0.00188135

0.00179029 5.25314e-05 -2.00495e-06
5.25314e-05 0.00166004 -0.000407137
-2.00495e-06 -0.000407137 -0.00444559

-0.000111312 5.76612e-05 2.76489e-05
5.76612e-05 -1.11022e-16 3.82135e-05
2.76489e-05 3.82135e-05 0.00135455

-0.000110677 6.18029e-06 -0.000114988
6.18029e-06 -0.000178375 0.0010471
-0.000114988 0.0010471 0.000928094

-0.000117867 -3.91948e-06 -5.32041e-05
-3.91948e-06 -0.000145793 0.000937997
-5.32041e-05 0.000937997 0.0012177

-9.50802e-05 1.30562e-05 -0.000305753
1.30562e-05 -0.000202139 -0.0005799
-0.000305753 -0.0005799 0.000823177

-6.95904e-05 4.50513e-07 2.41049e-05
4.50513e-07 2.27528e-05 0.000625815
2.41049e-05 0.000625815 1.21597e-05

1.78855e-05 -8.67429e-05 0.000105257
-8.67429e-05 -3.3345e-05 -0.000538916
0.000105257 -0.000538916 0.000350857

-0.000116402 1.7139e-05 0.000613066
1.7139e-05 -3.05634e-05 -0.000483877
0.000613066 -0.000483877 0.000843142

0.00137993 -7.94389e-05 0.00013876
-7.94389e-05 0.00142315 0.000562144
0.00013876 0.000562144 -0.00381948

0.000814909 -0.00011908 -0.0002878
-0.00011908 0.000961609 6.90185e-05
-0.0002878 6.90185e-05 -0.00259014

0.00205402 6.98844e-05 -0.000226049
6.98844e-05 0.00190618 0.00034871
-0.000226049 0.00034871 -0.0052097

0.000862043 9.08603e-05 0.000415042
9.08603e-05 0.00104008 0.000239501
0.000415042 0.000239501 -0.00276135

-3.8184e-05 -1.81308e-05 -0.000955913
-1.81308e-05 -9.12063e-05 -0.000263256
-0.000955913 -0.000263256 0.000448198

0.000551956 -0.000190419 0.00012828
-0.000190419 0.000964737 -0.000472316
0.00012828 -0.000472316 -0.00223353

-8.67794e-05 -1.2917e-05 -0.000569317
-1.2917e-05 -4.503e-05 -0.000506578
-0.000569317 -0.000506578 0.000639902

0.00141449 -2.90567e-05 -0.000451768
-2.90567e-05 0.00153183 -3.89483e-05
-0.000451768 -3.89483e-05 -0.00384504

0.000289828 -3.40189e-05 4.96792e-05
-3.40189e-05 0.000291907 -0.00045544
4.96792e-05 -0.00045544 -0.000903078

0.00157502 -8.34475e-05 -0.000113493
-8.34475e-05 0.00143904 -0.000109696
-0.000113493 -0.000109696 -0.0035229

0.00187551 -0.000128019 0.000226427
-0.000128019 0.00190107 -5.65109e-05
0.000226427 -5.65109e-05 -0.00495085

0.0017972 -0.000243648 0.000250818
-0.000243648 0.00162019 0.000193437
0.000250818 0.000193437 -0.00410845

0.00018331 5.54997e-05 0.000347848
5.54997e-05 0.000234208 0.000244134
0.000347848 0.000244134 -0.000727483

0.0001509 2.12432e-05 0.000618889
2.12432e-05 3.57413e-05 0.00012209
0.000618889 0.00012209 -0.000825653

0.000260895 -4.8027e-05 0.000197655
-4.8027e-05 0.000279564 -0.000243921
0.000197655 -0.000243921 -0.00111002

0.00152482 -5.789e-05 8.59868e-05
-5.789e-05 0.00184633 -0.000327151
8.59868e-05 -0.000327151 -0.00422056

-0.000111494 2.38206e-05 -0.000303626
2.38206e-05 -7.36833e-05 0.000373131
-0.000303626 0.000373131 0.000966885

-1.52099e-05 5.86654e-05 0.000726969
5.86654e-05 -0.00013414 -0.000319484
0.000726969 -0.000319484 0.000784771

0.000423372 7.59091e-05 0.000171497
7.59091e-05 0.000419325 0.000199516
0.000171497 0.000199516 -0.00159871

1.58329e-05 -5.16771e-05 0.00107083
-5.16771e-05 6.17078e-05 0.00051746
0.00107083 0.00051746 -0.000183363

0.00139399 -5.5687e-05 0.000247291
-5.5687e-05 0.00153991 0.000161417
0.000247291 0.000161417 -0.00395412

0.00128976 5.152e-05 1.61264e-05
5.152e-05 0.00139072 0.000217213
1.61264e-05 0.000217213 -0.00389562

0.000876734 -0.00015582 -0.000366073
-0.00015582 0.000665998 0.000209161
-0.000366073 0.000209161 -0.00214812

0.00166536 -1.85539e-05 -0.000139889
-1.85539e-05 0.00180373 0.000134318
-0.000139889 0.000134318 -0.00442299

0.00151702 9.70218e-05 -0.000197837
9.70218e-05 0.00129198 1.53723e-05
-0.000197837 1.53723e-05 -0.00392859

0.00157912 -0.000100376 -0.000562379
-0.000100376 0.00164201 -6.70988e-05
-0.000562379 -6.70988e-05 -0.00416104

0.000200468 4.0383e-05 -0.000275423
4.0383e-05 0.000204417 -0.000157118
-0.000275423 -0.000157118 -0.000990265

0.00168038 -0.000108323 -0.000258188
-0.000108323 0.00152042 0.000193694
-0.000258188 0.000193694 -0.00425985

-0.000162039 1.24857e-05 -0.000259648
1.24857e-05 -6.99412e-05 4.89666e-05
-0.000259648 4.89666e-05 0.00129166

0.00067118 -2.57213e-05 -0.000506165
-2.57213e-05 0.00109073 0.000154504
-0.000506165 0.000154504 -0.00290516

0.000315725 1.77904e-05 -0.00026387
1.77904e-05 0.000768289 -0.000794325
-0.00026387 -0.000794325 -0.00108029

-7.99895e-05 -5.85698e-05 -4.99067e-05
-5.85698e-05 -0.000184272 0.00101986
-4.99067e-05 0.00101986 0.00115404

0.000110601 0.000137374 -0.000862233
0.000137374 -4.17716e-05 -0.000833507
-0.000862233 -0.000833507 0.000694728

0.00214739 -5.80432e-05 0.000120954
-5.80432e-05 0.00225216 0.000219708
0.000120954 0.000219708 -0.00576572

0.000518774 -0.000193889 0.000251634
-0.000193889 0.000686055 -0.000409595
0.000251634 -0.000409595 -0.00206222

0.00178401 -5.45573e-05 -0.000135462
-5.45573e-05 0.00185407 -8.9571e-05
-0.000135462 -8.9571e-05 -0.00394323

-0.000117554 2.59104e-05 -0.000134038
2.59104e-05 -0.000222127 0.00104258
-0.000134038 0.00104258 0.0011478

0.00160159 -6.18113e-05 0.000292042
-6.18113e-05 0.00158176 -0.000113011
0.000292042 -0.000113011 -0.00386646

0.000286521 -4.6024e-05 2.33631e-05
-4.6024e-05 0.000379686 -0.000574317
2.33631e-05 -0.000574317 -0.00110832

0.00129222 2.45642e-05 7.44977e-06
2.45642e-05 0.00162179 0.000120061
7.44977e-06 0.000120061 -0.0044396

-5.28221e-05 -1.31828e-05 -0.000957432
-1.31828e-05 -7.64425e-05 -0.000331216
-0.000957432 -0.000331216 0.000733302

-3.10544e-06 -6.26409e-05 -0.000972683
-6.26409e-05 -4.22402e-05 -0.000277105
-0.000972683 -0.000277105 0.000636882

0.000610298 -6.76587e-05 0.000246118
-6.76587e-05 0.000949165 -0.000364399
0.000246118 -0.000364399 -0.00234692

0.000265922 -0.000110117 0.000102939
-0.000110117 0.000344463 -0.000498989
0.000102939 -0.000498989 -0.00123499

0.00154574 -0.000213968 -5.82753e-05
-0.000213968 0.00120257 -0.000682655
-5.82753e-05 -0.000682655 -0.00350964

-6.79975e-05 -5.30388e-06 -0.000182625
-5.30388e-06 -0.000209099 -0.000740782
-0.000182625 -0.000740782 0.00107418

-0.000106343 -7.00317e-05 -0.000291696
-7.00317e-05 -0.000314231 -0.000657139
-0.000291696 -0.000657139 0.00093052

-9.89843e-05 1.05576e-06 -7.44448e-05
1.05576e-06 -0.000300695 -0.000990688
-7.44448e-05 -0.000990688 0.000938012

-0.000263204 -5.10739e-05 -0.000647177
-5.10739e-05 -8.32586e-05 -0.000134569
-0.000647177 -0.000134569 0.00127196

0.000385346 -0.000189521 9.48763e-05
-0.000189521 0.000616154 -0.000347417
9.48763e-05 -0.000347417 -0.00163934

0.000613493 -0.000254492 0.000160125
-0.000254492 0.000671892 -2.86645e-05
0.000160125 -2.86645e-05 -0.00228961

0.000468936 -0.00021324 -6.0831e-05
-0.00021324 0.000470103 -8.79381e-05
-6.0831e-05 -8.79381e-05 -0.00155042

0.000485729 -0.000259674 -0.000306564
-0.000259674 0.000444078 0.000152205
-0.000306564 0.000152205 -0.00200173

-3.28912e-05 4.2827e-05 -0.000132135
4.2827e-05 8.2489e-06 0.000559104
-0.000132135 0.000559104 -1.15474e-05

-8.23042e-05 7.53823e-06 -0.000784067
7.53823e-06 -0.000152299 -0.000632966
-0.000784067 -0.000632966 0.000303992

0.000515221 -0.00020957 0.000196981
-0.00020957 0.000736406 -0.000271792
0.000196981 -0.000271792 -0.0017014

-0.000302809 -2.70095e-05 -0.000773555
-2.70095e-05 -6.99847e-05 -7.22348e-05
-0.000773555 -7.22348e-05 0.000876177

0.00137269 -9.31251e-05 -0.000234974
-9.31251e-05 0.00131042 -0.000332347
-0.000234974 -0.000332347 -0.00342221

0.00075351 1.43227e-05 0.000228222
1.43227e-05 0.0002769 -4.17409e-06
0.000228222 -4.17409e-06 -0.00165185

0.000223675 -1.27873e-05 -9.55202e-05
-1.27873e-05 0.000209456 -0.000182754
-9.55202e-05 -0.000182754 -0.000658976

0.000415923 -0.000194917 1.44203e-05
-0.000194917 0.000545172 2.15328e-05
1.44203e-05 2.15328e-05 -0.00143175

-6.34715e-05 3.30599e-06 -0.000282582
3.30599e-06 -0.000237822 -0.00103433
-0.000282582 -0.00103433 0.0014997

5.11704e-05 4.00728e-05 -0.000428357
4.00728e-05 6.22486e-06 9.93594e-05
-0.000428357 9.93594e-05 8.33767e-05

4.0078e-05 9.82893e-05 -0.000832706
9.82893e-05 7.89878e-05 -0.00129566
-0.000832706 -0.00129566 2.34298e-05

0.000299551 7.31498e-05 3.68225e-05
7.31498e-05 0.000371771 -1.13003e-05
3.68225e-05 -1.13003e-05 -0.00162259

0.00021446 2.9242e-05 -1.48922e-05
2.9242e-05 0.000304858 -0.000524574
-1.48922e-05 -0.000524574 -0.00110333

0.000830541 0.000398586 -0.000231067
0.000398586 0.000617879 0.000279252
-0.000231067 0.000279252 -0.00230775

0.000508917 -0.000186098 0.000408069
-0.000186098 0.000756485 -0.000193406
0.000408069 -0.000193406 -0.00181828

0.000157058 4.68912e-05 0.000163115
4.68912e-05 0.000103648 -0.00047441
0.000163115 -0.00047441 -0.000154517

0.00096039 -7.78996e-05 -0.00024869
-7.78996e-05 0.00111645 0.000622817
-0.00024869 0.000622817 -0.00275771

0.000272108 -0.000105609 0.000145153
-0.000105609 0.000233048 -0.000363896
0.000145153 -0.000363896 -0.00104183

0.00019109 -5.7968e-07 -0.000952459
-5.7968e-07 0.000171463 0.000845229
-0.000952459 0.000845229 -0.000501063

0.00141306 -0.000134202 -0.000667313
-0.000134202 0.00151428 1.14017e-05
-0.000667313 1.14017e-05 -0.00355814

0.00133577 -4.97137e-05 -0.000430225
-4.97137e-05 0.00155848 2.08659e-05
-0.000430225 2.08659e-05 -0.00375695

7.4026e-06 -5.61122e-05 -0.000314281
-5.61122e-05 0.000201133 0.000843314
-0.000314281 0.000843314 0.000280783

0.00017886 -7.616e-05 -0.000916778
-7.616e-05 0.000163518 -0.000405938
-0.000916778 -0.000405938 -0.000543587

0.000729354 0.00012807 -0.000609592
0.00012807 0.000375819 -8.3063e-05
-0.000609592 -8.3063e-05 -0.00156338

-1.13592e-05 -2.98425e-05 -0.00103814
-2.98425e-05 -9.82307e-05 -0.000170653
-0.00103814 -0.000170653 0.000435368

8.94834e-07 4.95619e-05 -0.000212269
4.95619e-05 -0.000190855 -0.000539668
-0.000212269 -0.000539668 0.000905832

0.000690817 -0.000175043 -0.00052581
-0.000175043 0.000307031 0.000209905
-0.00052581 0.000209905 -0.00133704

0.000791673 0.00014881 0.000321483
0.00014881 0.000874316 0.000399063
0.000321483 0.000399063 -0.00247607

0.000466012 -5.61333e-05 -0.000201949
-5.61333e-05 0.000911107 0.000130207
-0.000201949 0.000130207 -0.00212098

0.000548265 -0.000196436 -0.000327687
-0.000196436 0.000572549 0.000358382
-0.000327687 0.000358382 -0.00147747

0.00019117 -0.000212733 -0.000230912
-0.000212733 0.000418325 0.000646569
-0.000230912 0.000646569 -0.000719915

0.000508753 6.22764e-05 0.000236825
6.22764e-05 0.0008731 0.000406095
0.000236825 0.000406095 -0.00245847

0.000258488 -0.000162592 -0.000167533
-0.000162592 0.000530251 0.000291
-0.000167533 0.000291 -0.000630692

0.0016368 0.000100905 -5.27308e-05
0.000100905 0.00165586 -0.000333509
-5.27308e-05 -0.000333509 -0.00416208

0.000254594 -0.00015408 -0.000232079
-0.00015408 0.00051167 0.000430147
-0.000232079 0.000430147 -0.00155366

0.000169966 5.03584e-05 -3.75384e-06
5.03584e-05 0.000207088 -0.000138015
-3.75384e-06 -0.000138015 -0.000491645

0.000495705 9.19615e-05 -0.000962683
9.19615e-05 0.000459308 -0.000697788
-0.000962683 -0.000697788 -0.0014603

0.000260548 -1.16668e-05 -0.00128755
-1.16668e-05 5.02344e-05 0.00028899
-0.00128755 0.00028899 -0.000222588

0.000416069 -0.000192042 2.4291e-05
-0.000192042 0.000599852 0.000263572
2.4291e-05 0.000263572 -0.00186004

0.00105709 -0.000132221 -0.000148498
-0.000132221 0.000314902 0.000370234
-0.000148498 0.000370234 -0.00231694

0.000559653 -0.000155009 -0.000114637
-0.000155009 0.000377014 2.06712e-05
-0.000114637 2.06712e-05 -0.00162719

0.00153125 -1.23922e-05 -0.000421741
-1.23922e-05 0.00186183 3.38594e-05
-0.000421741 3.38594e-05 -0.00420001

0.000560893 -0.000177235 -0.000131637
-0.000177235 0.000477137 -6.23573e-05
-0.000131637 -6.23573e-05 -0.00189818

0.000862243 0.000221994 0.000426144
0.000221994 0.000941544 0.00046483
0.000426144 0.00046483 -0.00253198

-0.000134366 1.74258e-06 -0.00030861
1.74258e-06 -6.87979e-05 8.25855e-05
-0.00030861 8.25855e-05 0.00130778

0.00027314 3.75059e-05 -0.000652301
3.75059e-05 0.000268815 -0.000356609
-0.000652301 -0.000356609 -0.00038629

0.000285626 8.33657e-05 -0.000505694
8.33657e-05 0.000389339 -0.000168496
-0.000505694 -0.000168496 -0.00122666

0.00103461 7.77614e-05 0.000167796
7.77614e-05 0.00124294 -0.000396884
0.000167796 -0.000396884 -0.0025083

0.000420451 0.000122746 -0.000646674
0.000122746 0.000297244 -0.000156098
-0.000646674 -0.000156098 -0.000961702

0.000450683 -6.57346e-05 0.000258587
-6.57346e-05 0.000252951 -6.35637e-05
0.000258587 -6.35637e-05 -0.001387

0.000309199 -0.00041164 0.000372043
-0.00041164 0.000882912 -0.000259836
0.000372043 -0.000259836 -0.00208001

0.000380691 7.59547e-05 5.75313e-05
7.59547e-05 0.000569601 -0.000234242
5.75313e-05 -0.000234242 -0.00140731

0.000407274 -9.95476e-05 0.00025234
-9.95476e-05 0.000851692 -0.000103585
0.00025234 -0.000103585 -0.00171949

0.000774769 0.000170634 0.000404082
0.000170634 0.000655364 0.000374264
0.000404082 0.000374264 -0.0019371

0.000793816 7.98201e-05 0.00027239
7.98201e-05 0.000546441 0.000224806
0.00027239 0.000224806 -0.00205102

0.000381829 4.53007e-05 0.000116122
4.53007e-05 0.000347806 4.08161e-05
0.000116122 4.08161e-05 -0.00167477

0.000561665 0.000350308 0.000221603
0.000350308 0.000918474 0.000240204
0.000221603 0.000240204 -0.00200092

0.000703528 -3.08765e-05 0.00038283
-3.08765e-05 0.000605669 -0.000112752
0.00038283 -0.000112752 -0.00204674

0.00158671 -6.95128e-05 -0.000351406
-6.95128e-05 0.00190092 -6.31942e-05
-0.000351406 -6.31942e-05 -0.0041415

0.000300262 -1.14543e-05 -0.000132648
-1.14543e-05 0.000123326 -6.30348e-05
-0.000132648 -6.30348e-05 -0.00123236

-0.000223188 5.3184e-05 -0.00069402
5.3184e-05 -0.000103073 0.00041969
-0.00069402 0.00041969 0.00097858

-0.00028099 0.000105829 -0.000858516
0.000105829 -9.95357e-05 0.000790031
-0.000858516 0.000790031 0.00125784

-4.28388e-05 3.48428e-05 -4.8767e-05
3.48428e-05 -0.00018927 -0.000382469
-4.8767e-05 -0.000382469 0.000854669

0.000591048 0.000264707 0.000448911
0.000264707 0.000647738 0.000392046
0.000448911 0.000392046 -0.00190711

6.31091e-05 -1.69469e-06 -0.000340386
-1.69469e-06 2.04725e-05 9.64069e-05
-0.000340386 9.64069e-05 0.000194476

0.00087114 9.77863e-05 -0.000165987
9.77863e-05 0.000586001 -3.80629e-05
-0.000165987 -3.80629e-05 -0.00247309

0.000857432 -7.53774e-05 -0.000335704
-7.53774e-05 0.00103097 0.000344017
-0.000335704 0.000344017 -0.00257123

0.000223268 -2.58294e-05 0.00038196
-2.58294e-05 0.000298302 -0.000166274
0.00038196 -0.000166274 -0.000866739

0.000221042 -5.05549e-05 0.000377904
-5.05549e-05 0.000199242 -0.000232366
0.000377904 -0.000232366 -0.000871606

0.000950562 0.000124642 7.74844e-05
0.000124642 0.000701766 0.000369759
7.74844e-05 0.000369759 -0.00245156

0.000355817 4.75406e-05 3.13879e-05
4.75406e-05 0.000459841 1.44917e-05
3.13879e-05 1.44917e-05 -0.00170009

0.000699192 -0.000159351 0.000307892
-0.000159351 0.00102121 -0.000471215
0.000307892 -0.000471215 -0.00238641

2.46294e-05 1.90771e-06 0.000275578
1.90771e-06 -5.07553e-05 0.000632152
0.000275578 0.000632152 0.000229622

0.000509354 -0.000173218 0.000160849
-0.000173218 0.00108891 -0.000582874
0.000160849 -0.000582874 -0.0023521

0.000320627 -6.42664e-05 -0.000843707
-6.42664e-05 0.000188606 0.000459289
-0.000843707 0.000459289 -0.000963051

-0.000142114 4.29804e-05 -0.000861382
4.29804e-05 -8.10833e-05 0.000832541
-0.000861382 0.000832541 0.00108788

0.000848005 -2.55571e-05 0.000409231
-2.55571e-05 0.000966888 0.000159789
0.000409231 0.000159789 -0.0023296

0.00120007 2.34648e-05 0.000677804
2.34648e-05 0.0010865 -7.87391e-05
0.000677804 -7.87391e-05 -0.00312627

0.0017613 6.71715e-05 -0.000273354
6.71715e-05 0.00183092 3.78696e-06
-0.000273354 3.78696e-06 -0.00421768

0.00105963 -5.6387e-05 0.00060918
-5.6387e-05 0.00111414 -0.000296472
0.00060918 -0.000296472 -0.00279145

0.00112378 -3.03705e-05 0.000535979
-3.03705e-05 0.00111414 -0.000366143
0.000535979 -0.000366143 -0.00285948

0.00166114 -6.91001e-05 0.000174832
-6.91001e-05 0.00148329 6.01519e-05
0.000174832 6.01519e-05 -0.00418223

0.000413711 0.000100693 8.19032e-05
0.000100693 0.000329927 8.75063e-05
8.19032e-05 8.75063e-05 -0.00159328

0.00127715 2.76345e-05 0.000493639
2.76345e-05 0.00126596 0.000198997
0.000493639 0.000198997 -0.00333664

-0.000111336 -1.06591e-05 -0.000790021
-1.06591e-05 -0.000142604 0.000523041
-0.000790021 0.000523041 0.00103221

0.00171091 -7.29008e-05 -0.00013507
-7.29008e-05 0.00177564 -0.000421319
-0.00013507 -0.000421319 -0.00454612

0.00022037 2.76573e-06 0.000360871
2.76573e-06 0.000309176 0.000221998
0.000360871 0.000221998 -0.000909297

6.88716e-05 -3.55135e-05 -0.000196178
-3.55135e-05 0.000157054 0.000515394
-0.000196178 0.000515394 5.30364e-05

0.00115522 -0.000116935 0.000509094
-0.000116935 0.00112594 -0.000307116
0.000509094 -0.000307116 -0.0031454

0.00119962 -2.83606e-05 0.000368693
-2.83606e-05 0.00111269 -0.000395543
0.000368693 -0.000395543 -0.00290517

0.00144594 -4.76547e-05 0.000195596
-4.76547e-05 0.00132993 -6.06529e-05
0.000195596 -6.06529e-05 -0.00397899

0.00192479 -8.91824e-05 0.000173045
-8.91824e-05 0.00178345 -3.33818e-05
0.000173045 -3.33818e-05 -0.00496274

-0.000218206 4.22355e-05 -0.000710494
4.22355e-05 -0.000166509 0.000454597
-0.000710494 0.000454597 0.00134491

0.0016423 0.000109255 0.000386271
0.000109255 0.00168914 -0.000150382
0.000386271 -0.000150382 -0.00437609

0.00129415 0.000140108 0.000483366
0.000140108 0.00147457 -0.000386522
0.000483366 -0.000386522 -0.0036324

0.00144932 -3.37784e-05 -0.000489385
-3.37784e-05 0.00151305 3.13098e-05
-0.000489385 3.13098e-05 -0.00371436

0.00156658 3.21319e-05 0.000182253
3.21319e-05 0.00185138 0.000129083
0.000182253 0.000129083 -0.00420543

0.00162056 -0.000164318 0.000138782
-0.000164318 0.00149315 0.000300607
0.000138782 0.000300607 -0.00376139

0.000301979 0.000134742 -0.000154229
0.000134742 0.000414541 -0.000772926
-0.000154229 -0.000772926 -0.00125097

0.000266929 2.53029e-06 9.5744e-06
2.53029e-06 0.000375173 2.92337e-05
9.5744e-06 2.92337e-05 -0.00158197

0.00179432 -1.47776e-05 0.000340583
-1.47776e-05 0.00178447 -0.000121662
0.000340583 -0.000121662 -0.00437484

6.33357e-05 1.25182e-05 0.000400997
1.25182e-05 8.06499e-05 -4.28848e-05
0.000400997 -4.28848e-05 0.000334425

0.00107308 0.000106698 0.000349644
0.000106698 0.00156151 -0.000329849
0.000349644 -0.000329849 -0.00325509

0.00203594 -9.95121e-05 0.000154683
-9.95121e-05 0.00188232 6.11879e-05
0.000154683 6.11879e-05 -0.00516059

0.00161871 2.32572e-05 -5.42386e-05
2.32572e-05 0.00143709 0.000396043
-5.42386e-05 0.000396043 -0.00394191

0.000611415 -7.30174e-05 0.000231163
-7.30174e-05 0.000970265 -0.000253004
0.000231163 -0.000253004 -0.00248754

-5.50725e-05 3.72924e-05 -4.04089e-05
3.72924e-05 -0.000318776 -0.0012166
-4.04089e-05 -0.0012166 0.00053935

0.000898224 0.000147797 0.000102628
0.000147797 0.0010293 -0.000531308
0.000102628 -0.000531308 -0.00271978

-0.000176821 7.24862e-05 0.000821502
7.24862e-05 -6.91782e-05 -0.000772984
0.000821502 -0.000772984 0.000921367

0.000277629 5.98494e-05 -9.73287e-05
5.98494e-05 0.000356682 -0.000209449
-9.73287e-05 -0.000209449 -0.00116036

0.00167584 -3.66138e-05 -0.00032115
-3.66138e-05 0.00158063 -0.000155959
-0.00032115 -0.000155959 -0.00415361

-0.000121608 2.31057e-05 0.000991729
2.31057e-05 -7.86738e-05 0.00029352
0.000991729 0.00029352 0.000186785

0.00164777 -2.267e-05 -4.89936e-05
-2.267e-05 0.00145148 0.000416658
-4.89936e-05 0.000416658 -0.00395532

0 0 1.4566e-05
0 0 -3.6967e-05
1.4566e-05 -3.6967e-05 0.00112291

0.000530578 2.7331e-06 8.75655e-05
2.7331e-06 0.000612258 -0.000205815
8.75655e-05 -0.000205815 -0.00171864

0.000244742 -0.000177729 0.00016441
-0.000177729 0.000555619 -8.39693e-05
0.00016441 -8.39693e-05 -0.00164545

-0.00022292 0.000249719 -0.000273641
0.000249719 -0.000541464 0.000352707
-0.000273641 0.000352707 0.00217759

-4.71526e-05 6.36132e-06 -0.000111252
6.36132e-06 -4.69321e-05 9.63109e-07
-0.000111252 9.63109e-07 0.000549191

-0.000109668 1.50389e-06 -9.00349e-05
1.50389e-06 1.56168e-06 -1.53704e-05
-9.00349e-05 -1.53704e-05 0.00128006

0.0016847 -9.58604e-05 0.000145564
-9.58604e-05 0.00142049 0.000452363
0.000145564 0.000452363 -0.00393858

0.000334936 6.99371e-05 -0.000278903
6.99371e-05 0.000358209 -0.000255226
-0.000278903 -0.000255226 -0.00135279

0.0003218 -9.44369e-05 -0.00084325
-9.44369e-05 0.000301564 0.000389949
-0.00084325 0.000389949 -0.000967871

0.000599147 -0.000273571 -4.74684e-05
-0.000273571 0.000818091 -6.4286e-06
-4.74684e-05 -6.4286e-06 -0.00252388

0.0007726 8.49428e-05 0.000372011
8.49428e-05 0.00055877 -0.000156988
0.000372011 -0.000156988 -0.00210891

0.000182196 -3.08065e-05 6.57055e-05
-3.08065e-05 0.000168118 -2.29904e-05
6.57055e-05 -2.29904e-05 -0.0010466

0.000635962 6.45084e-05 0.00083515
6.45084e-05 0.00031263 0.000370322
0.00083515 0.000370322 -0.00142807

0.00134193 5.64273e-05 -0.000600198
5.64273e-05 0.0013659 1.22625e-05
-0.000600198 1.22625e-05 -0.00353025

0.00138491 1.21101e-05 -0.000440899
1.21101e-05 0.00158493 -8.77595e-05
-0.000440899 -8.77595e-05 -0.00393116

0.000319401 -3.46854e-05 -0.000841506
-3.46854e-05 0.000273035 0.000402529
-0.000841506 0.000402529 -0.000966989

0.000212139 0.000193326 -3.29044e-05
0.000193326 0.000382642 -0.000887704
-3.29044e-05 -0.000887704 -0.00121304

6.4582e-05 -1.28714e-05 0.000354382
-1.28714e-05 0.000190351 -0.00022095
0.000354382 -0.00022095 -0.000368053

0.000404298 0.000142334 -0.000604746
0.000142334 0.000395299 -0.000698972
-0.000604746 -0.000698972 -0.00107564

0.000349775 8.22986e-05 -0.000370014
8.22986e-05 0.000350084 -0.000284017
-0.000370014 -0.000284017 -0.000913831

-9.73076e-05 7.46579e-07 -0.000749316
7.46579e-07 -0.000144368 0.000507536
-0.000749316 0.000507536 0.000936341

5.58588e-05 3.76481e-05 -9.62851e-05
3.76481e-05 6.75371e-05 -0.000105899
-9.62851e-05 -0.000105899 7.33283e-05

-2.55682e-05 -1.81858e-05 -3.73097e-05
-1.81858e-05 -7.84199e-05 0.000134272
-3.73097e-05 0.000134272 0.00108533

0.00170318 -4.77177e-05 0.00013029
-4.77177e-05 0.00139633 0.00043936
0.00013029 0.00043936 -0.00393075

0.000198597 1.30319e-05 3.40579e-05
1.30319e-05 0.000137297 -3.21073e-05
3.40579e-05 -3.21073e-05 -0.00101765

0.00124919 9.30293e-05 0.000114964
9.30293e-05 0.00168953 -0.00015623
0.000114964 -0.00015623 -0.00404441

4.45712e-05 -3.73244e-05 -0.000532851
-3.73244e-05 3.84114e-05 0.000880254
-0.000532851 0.000880254 0.000359656

0.000847943 0.000128451 -0.000206798
0.000128451 0.000556351 -2.44709e-05
-0.000206798 -2.44709e-05 -0.00239527

0.000488473 -1.14808e-05 0.000193253
-1.14808e-05 0.000300199 -5.55708e-05
0.000193253 -5.55708e-05 -0.00161219

0.00054197 -0.000151139 -0.000317412
-0.000151139 0.00037865 0.000145454
-0.000317412 0.000145454 -0.00134792

0.00051009 -0.000236518 -0.000264307
-0.000236518 0.000265541 3.51923e-05
-0.000264307 3.51923e-05 -0.00140854

0.000662439 -0.000172934 2.18488e-05
-0.000172934 0.000856511 8.52172e-06
2.18488e-05 8.52172e-06 -0.0025226

-0.000182975 -7.30275e-06 -0.000584039
-7.30275e-06 -6.83652e-05 7.66798e-05
-0.000584039 7.66798e-05 0.000718978

0.000303243 -5.78145e-05 -0.000226774
-5.78145e-05 0.000298235 5.29557e-05
-0.000226774 5.29557e-05 -0.00140189

0.000311171 -3.25515e-05 -0.000815578
-3.25515e-05 0.000275403 0.000391028
-0.000815578 0.000391028 -0.00104086

0.000378409 -4.85968e-05 0.000306381
-4.85968e-05 0.00029421 0.000136437
0.000306381 0.000136437 -0.00122738

0.000952927 -7.85289e-05 -0.000621341
-7.85289e-05 0.000755322 0.000377968
-0.000621341 0.000377968 -0.00218264

-6.62751e-05 3.15868e-05 -5.16547e-06
3.15868e-05 -7.31166e-05 -6.89986e-05
-5.16547e-06 -6.89986e-05 0.000651257

0.00114253 -2.7655e-05 -0.000585628
-2.7655e-05 0.00095046 0.000224177
-0.000585628 0.000224177 -0.00286587

0.00141975 -0.000165757 -0.000630708
-0.000165757 0.00155233 -0.000326806
-0.000630708 -0.000326806 -0.00360485

0.0009444 0.000101839 0.000156512
0.000101839 0.000823052 0.000378065
0.000156512 0.000378065 -0.00269602

0.00119841 -9.83871e-05 -0.00060975
-9.83871e-05 0.000973855 0.0001618
-0.00060975 0.0001618 -0.00298596

0.00161957 7.44968e-06 -6.18345e-05
7.44968e-06 0.00138552 0.000491715
-6.18345e-05 0.000491715 -0.00368284

0.00134971 -0.000104406 -0.000398298
-0.000104406 0.00167716 -0.000209007
-0.000398298 -0.000209007 -0.00379762

0.00122668 -6.4799e-06 -0.000577777
-6.4799e-06 0.00126819 0.000255753
-0.000577777 0.000255753 -0.00297241

-0.000112542 7.73975e-06 -0.00040607
7.73975e-06 -4.75745e-05 0.000132797
-0.00040607 0.000132797 0.000649506

0.000905682 0.000108437 0.000273586
0.000108437 0.000747485 -2.80515e-05
0.000273586 -2.80515e-05 -0.00274116

0.00177367 -2.6103e-05 -7.13297e-05
-2.6103e-05 0.00138337 0.000546963
-7.13297e-05 0.000546963 -0.00398149

0.00201964 -1.384e-06 -0.000137657
-1.384e-06 0.00196242 0.000330425
-0.000137657 0.000330425 -0.00523786

0.00148415 -6.79514e-06 -7.09956e-06
-6.79514e-06 0.00153006 -0.000218487
-7.09956e-06 -0.000218487 -0.00386617

0.00140245 -2.79367e-05 -0.000531215
-2.79367e-05 0.00152148 0.00022206
-0.000531215 0.00022206 -0.00386856

0.00139501 -4.73093e-05 -0.000620295
-4.73093e-05 0.00156921 0.000299441
-0.000620295 0.000299441 -0.00396044

0.00188791 5.38183e-05 -0.000261252
5.38183e-05 0.00219771 -9.56653e-05
-0.000261252 -9.56653e-05 -0.00537838

0.00112706 7.82866e-06 -0.000495388
7.82866e-06 0.00151829 1.55735e-05
-0.000495388 1.55735e-05 -0.00337328

-0.000204972 -0.000109213 0.000517511
-0.000109213 -0.000176564 0.000362917
0.000517511 0.000362917 0.00151592

0.00157546 8.81997e-05 -0.000182143
8.81997e-05 0.00153099 -0.000271605
-0.000182143 -0.000271605 -0.00403335

-0.000100812 2.94693e-05 0.000826203
2.94693e-05 -0.000208998 0.000572366
0.000826203 0.000572366 0.000683483

0.000189453 6.86479e-05 -1.91991e-05
6.86479e-05 0.000225352 4.11738e-05
-1.91991e-05 4.11738e-05 -0.00103628

3.23066e-05 6.25375e-05 0.000554073
6.25375e-05 2.72354e-05 0.000689484
0.000554073 0.000689484 6.33858e-05

0.00141579 -6.22562e-06 0.000347565
-6.22562e-06 0.00151672 -0.000126258
0.000347565 -0.000126258 -0.00320431

0.000222792 2.39575e-05 -1.27373e-05
2.39575e-05 0.000128584 -2.18713e-05
-1.27373e-05 -2.18713e-05 -0.000999242

0.000305363 -3.15084e-05 2.34463e-05
-3.15084e-05 0.000355425 1.17083e-05
2.34463e-05 1.17083e-05 -0.00143376

0.00132552 -2.81147e-05 -0.000493161
-2.81147e-05 0.00155938 0.000104872
-0.000493161 0.000104872 -0.00350163

0.000340948 2.36855e-05 -0.00013524
2.36855e-05 0.000339653 0.000216578
-0.00013524 0.000216578 -0.00126561

0.000337155 -4.9188e-05 1.00508e-05
-4.9188e-05 0.00049551 4.05342e-05
1.00508e-05 4.05342e-05 -0.00157418

6.43087e-05 -8.3206e-06 0.000357712
-8.3206e-06 0.000117403 -0.000271272
0.000357712 -0.000271272 -0.00039933

0.00183931 -6.24687e-05 -0.000368959
-6.24687e-05 0.00204045 0.000179074
-0.000368959 0.000179074 -0.00462866

0.000946474 3.24415e-05 0.000111866
3.24415e-05 0.00118275 0.000302291
0.000111866 0.000302291 -0.00269155

0.00181422 -0.00010325 -0.000296911
-0.00010325 0.00170933 -0.000230091
-0.000296911 -0.000230091 -0.00452834

-0.000186153 -5.62798e-05 0.000434228
-5.62798e-05 -0.000233599 0.000831334
0.000434228 0.000831334 0.00100415

0.00131712 -3.74978e-06 -0.00053819
-3.74978e-06 0.00160156 0.000223067
-0.00053819 0.000223067 -0.00374172

0.00136422 2.31402e-06 -0.000502
2.31402e-06 0.00150868 0.000134452
-0.000502 0.000134452 -0.0035175

0.000408192 0.0001969 0.000338442
0.0001969 0.000515218 0.00039991
0.000338442 0.00039991 -0.00140998

0.000375849 9.68853e-06 7.07922e-06
9.68853e-06 0.000134007 -3.52398e-07
7.07922e-06 -3.52398e-07 -0.0012351

0.000365939 3.8769e-05 -5.70079e-05
3.8769e-05 0.000467337 8.3683e-05
-5.70079e-05 8.3683e-05 -0.00144808

0.000460492 -8.86746e-05 0.000102587
-8.86746e-05 0.000235662 -4.69609e-05
0.000102587 -4.69609e-05 -0.00145493

0.000178744 -3.04689e-05 4.70959e-05
-3.04689e-05 0.000226511 0.000122192
4.70959e-05 0.000122192 -0.000795127

0.00169265 -9.7242e-05 -1.75646e-05
-9.7242e-05 0.00140272 0.000568887
-1.75646e-05 0.000568887 -0.00408119

9.4125e-05 9.70614e-05 0.000588919
9.70614e-05 -0.000124073 0.000868171
0.000588919 0.000868171 0.000470349

0.000366068 2.90166e-05 9.47986e-05
2.90166e-05 0.000544391 0.000253541
9.47986e-05 0.000253541 -0.00198945

0.000359703 5.55677e-05 -1.04768e-05
5.55677e-05 0.000746478 -0.00025827
-1.04768e-05 -0.00025827 -0.00165067

0.000554485 0.000121468 0.000362018
0.000121468 0.00053466 0.000404425
0.000362018 0.000404425 -0.00142047

0.000682154 0.000282091 4.63233e-05
0.000282091 0.000673646 0.000287753
4.63233e-05 0.000287753 -0.00223851

0.000425322 8.72239e-05 0.000266595
8.72239e-05 0.00066549 0.000390577
0.000266595 0.000390577 -0.00147946

0.000428713 0.000229513 6.24322e-05
0.000229513 0.000701014 0.000134157
6.24322e-05 0.000134157 -0.00159607

0.000246661 -5.35866e-05 0.000214278
-5.35866e-05 0.000315989 -0.000207045
0.000214278 -0.000207045 -0.00119103

0.000423422 0.000328269 -3.79107e-05
0.000328269 0.000928212 -0.000254102
-3.79107e-05 -0.000254102 -0.00195143

3.82104e-05 -5.73053e-05 -0.000468129
-5.73053e-05 0.000195633 0.000777734
-0.000468129 0.000777734 0.000126265

0.00068166 0.000254212 -0.000192594
0.000254212 0.000813429 -0.000411542
-0.000192594 -0.000411542 -0.00239666

0.00141503 -4.90143e-05 -0.000452889
-4.90143e-05 0.00150531 5.7755e-05
-0.000452889 5.7755e-05 -0.00367821

0.000441318 0.000158454 -5.74937e-05
0.000158454 0.000681728 -0.000381934
-5.74937e-05 -0.000381934 -0.00177457

0.000945894 -7.0738e-05 -0.000358169
-7.0738e-05 0.00105478 -0.000430652
-0.000358169 -0.000430652 -0.00241425

0.000663957 -0.000134464 0.000641324
-0.000134464 0.000437249 -0.000121517
0.000641324 -0.000121517 -0.00166057

0.00134751 -0.000129619 -0.00036547
-0.000129619 0.00130017 -0.000334957
-0.00036547 -0.000334957 -0.00328258

0.00040864 0.000163034 -0.000191557
0.000163034 0.000526059 -0.000296405
-0.000191557 -0.000296405 -0.00160626

0.000356734 6.61122e-05 -0.000756742
6.61122e-05 0.000207006 -0.00057617
-0.000756742 -0.00057617 -0.000727738

0.000346256 2.61554e-05 0.000148577
2.61554e-05 0.000522599 0.000386701
0.000148577 0.000386701 -0.00143664

0.000183965 -1.26153e-05 -0.000714129
-1.26153e-05 0.000171483 -0.000551577
-0.000714129 -0.000551577 -0.000662255

0.000569297 -4.48673e-05 -0.000113973
-4.48673e-05 0.000602692 -0.000179567
-0.000113973 -0.000179567 -0.00199958

0.000354007 0.000157317 0.000294844
0.000157317 0.000453187 0.000502282
0.000294844 0.000502282 -0.00110881

0.000405356 0.000153177 -0.000577373
0.000153177 0.000360572 -0.00030919
-0.000577373 -0.00030919 -0.00132454

0.000335767 0.000160368 -0.000411956
0.000160368 0.000365331 -0.000260904
-0.000411956 -0.000260904 -0.00094089

0.0013589 -1.32257e-05 -0.000575008
-1.32257e-05 0.00155513 0.000187105
-0.000575008 0.000187105 -0.00374968

4.26236e-05 5.78544e-05 0.000496837
5.78544e-05 -1.25289e-05 0.000699312
0.000496837 0.000699312 0.00037469

0.000222084 4.69657e-05 -0.000187518
4.69657e-05 0.000295448 -0.000782507
-0.000187518 -0.000782507 -0.00103252

0.00132543 -0.000107667 0.00046784
-0.000107667 0.00139323 0.000153613
0.00046784 0.000153613 -0.00358806

0.00153126 0.000148302 -0.000704302
0.000148302 0.00156619 0.000192914
-0.000704302 0.000192914 -0.00393547

0.000970023 -0.000141652 0.000336889
-0.000141652 0.00139033 0.000156873
0.000336889 0.000156873 -0.00293127

0.0013892 -0.000103712 0.000232042
-0.000103712 0.00145986 0.000460606
0.000232042 0.000460606 -0.00363922

6.33617e-05 6.62258e-05 0.000112304
6.62258e-05 4.99162e-05 0.000691646
0.000112304 0.000691646 -0.00014672

0.00029795 1.94178e-05 1.34865e-05
1.94178e-05 0.000726011 -0.000245601
1.34865e-05 -0.000245601 -0.00165731

0.000205984 -1.3473e-05 -0.000392906
-1.3473e-05 0.000216917 3.17836e-05
-0.000392906 3.17836e-05 -0.00114685

0.00143231 0.000155786 -0.000324081
0.000155786 0.00161108 0.000325293
-0.000324081 0.000325293 -0.00369563

0.00223074 0.000138628 -0.000177105
0.000138628 0.00210341 0.000318868
-0.000177105 0.000318868 -0.00580548

0.000296904 2.34528e-06 4.88359e-05
2.34528e-06 0.000498045 7.13072e-05
4.88359e-05 7.13072e-05 -0.00151714

0.00167612 -4.87805e-05 4.06584e-05
-4.87805e-05 0.00148111 0.000342025
4.06584e-05 0.000342025 -0.004272

0.00168144 -3.8964e-05 5.16156e-06
-3.8964e-05 0.00149252 0.000289773
5.16156e-06 0.000289773 -0.00406126

-0.000111969 -2.63387e-05 0.00070711
-2.63387e-05 -0.000164136 0.000670096
0.00070711 0.000670096 0.000879584

9.81974e-05 1.9112e-06 1.02849e-05
1.9112e-06 0.000184096 0.00127318
1.02849e-05 0.00127318 -0.000433703

0.000640989 0.000118323 0.000664504
0.000118323 0.000450858 0.000168185
0.000664504 0.000168185 -0.00173505

0.000199458 5.43288e-06 2.71726e-05
5.43288e-06 0.000190349 -9.04316e-06
2.71726e-05 -9.04316e-06 -0.0010641

0.000470356 0.00015084 6.60723e-05
0.00015084 0.000505024 0.000164038
6.60723e-05 0.000164038 -0.00198111

0.000276673 -9.58013e-05 -9.58074e-05
-9.58013e-05 0.000612468 0.00034833
-9.58074e-05 0.00034833 -0.00141604

0.000434921 -6.05567e-05 0.000111856
-6.05567e-05 0.000815034 0.000118171
0.000111856 0.000118171 -0.0022679

0.000183718 2.21213e-05 -0.000316452
2.21213e-05 0.000185522 -0.000192363
-0.000316452 -0.000192363 -0.00100205

0.000395735 -2.2003e-05 7.84817e-05
-2.2003e-05 0.00095702 0.000134359
7.84817e-05 0.000134359 -0.00160684

0.00010514 -5.88006e-05 8.97292e-05
-5.88006e-05 0.000819205 -0.000266057
8.97292e-05 -0.000266057 -0.00167697

0.000363011 -6.55026e-06 -0.000107728
-6.55026e-06 0.000463234 4.30243e-05
-0.000107728 4.30243e-05 -0.00156512

0.000395451 -2.22292e-05 9.44864e-05
-2.22292e-05 0.00027406 0.000393994
9.44864e-05 0.000393994 -0.00132793

0.000655811 -0.000165958 0.000124455
-0.000165958 0.00084991 -6.45458e-05
0.000124455 -6.45458e-05 -0.00246792

0.000720283 0.000241733 -0.000236315
0.000241733 0.000429024 -6.78422e-05
-0.000236315 -6.78422e-05 -0.0016696

0.000888842 -1.22533e-05 0.00016121
-1.22533e-05 0.00102599 -0.000686453
0.00016121 -0.000686453 -0.0025968

0.00125394 2.95913e-06 0.000265621
2.95913e-06 0.00121072 -0.000585438
0.000265621 -0.000585438 -0.00315327

0.00142667 -2.42781e-05 -0.000489647
-2.42781e-05 0.00143581 5.98443e-06
-0.000489647 5.98443e-06 -0.00362519

0.000680518 0.000169093 0.000595509
0.000169093 0.000489822 0.000139796
0.000595509 0.000139796 -0.00175284

-9.12307e-05 5.41429e-05 0.000436893
5.41429e-05 -0.000167453 -0.000502499
0.000436893 -0.000502499 0.00084825

0.000429832 -0.000127598 0.000174891
-0.000127598 0.000202377 -4.08335e-05
0.000174891 -4.08335e-05 -0.00117044

0.000187766 -4.34097e-05 -9.27576e-06
-4.34097e-05 0.000209421 -4.44521e-05
-9.27576e-06 -4.44521e-05 -0.00119159

0.00062051 -3.81982e-05 0.000802157
-3.81982e-05 0.000297406 -0.000212899
0.000802157 -0.000212899 -0.00130008

0.00144736 2.3083e-05 0.00036586
2.3083e-05 0.00104512 0.000281473
0.00036586 0.000281473 -0.00322524

0.00143718 -3.22669e-05 -0.000498844
-3.22669e-05 0.00143985 1.88864e-05
-0.000498844 1.88864e-05 -0.00363431

0.000372989 3.58577e-05 0.000164335
3.58577e-05 0.000471203 0.00042324
0.000164335 0.00042324 -0.00141832

0.00126149 -7.24597e-05 -0.000446685
-7.24597e-05 0.00132543 0.000192268
-0.000446685 0.000192268 -0.00298332

-0.000100882 3.77756e-05 -0.000675686
3.77756e-05 2.88732e-05 0.000973497
-0.000675686 0.000973497 0.000232389

0.000216025 -6.89936e-06 -6.80769e-05
-6.89936e-06 0.000201639 0.00017291
-6.80769e-05 0.00017291 -0.000822999

0.000376695 3.19198e-05 -3.28825e-05
3.19198e-05 0.000146782 9.18316e-06
-3.28825e-05 9.18316e-06 -0.00131251

0.000554359 0.000126046 0.000192444
0.000126046 0.000395123 0.000126589
0.000192444 0.000126589 -0.00174636

0.000264491 4.42254e-05 -0.000220109
4.42254e-05 0.000522039 -0.00116583
-0.000220109 -0.00116583 -0.000761069

0.000599458 -0.000268347 5.66145e-05
-0.000268347 0.000810659 -7.74742e-05
5.66145e-05 -7.74742e-05 -0.00246666

0.000205694 -3.36616e-05 -0.000504377
-3.36616e-05 0.00015316 -8.31031e-05
-0.000504377 -8.31031e-05 -0.000429885

0.00150625 -4.22833e-05 0.000240097
-4.22833e-05 0.00126994 -0.00015726
0.000240097 -0.00015726 -0.00375911

0.000646635 -8.76846e-05 0.000723982
-8.76846e-05 0.000416336 -0.000150854
0.000723982 -0.000150854 -0.00169841

0.00143609 -5.26568e-05 0.0002983
-5.26568e-05 0.00143817 3.91746e-05
0.0002983 3.91746e-05 -0.00408342

-0.000118027 -1.256e-05 -6.19964e-05
-1.256e-05 -0.000173113 0.000744488
-6.19964e-05 0.000744488 0.00122998

0.000326084 -8.24113e-05 -0.000846421
-8.24113e-05 0.000311396 0.000417725
-0.000846421 0.000417725 -0.00102175

0.000277399 8.91974e-05 -0.000222409
8.91974e-05 0.000671424 -0.00109658
-0.000222409 -0.00109658 -0.0015784

-5.4719e-05 1.55057e-05 -3.71663e-05
1.55057e-05 3.55543e-05 0.000546167
-3.71663e-05 0.000546167 0.000137368

-5.47799e-05 -8.32094e-07 -0.000459414
-8.32094e-07 -5.4488e-05 -0.000134912
-0.000459414 -0.000134912 0.000912625

0.000950584 3.56037e-05 0.00019846
3.56037e-05 0.00118514 0.000360401
0.00019846 0.000360401 -0.00261293

0.00143601 -5.37021e-05 0.000296605
-5.37021e-05 0.00162788 1.13425e-05
0.000296605 1.13425e-05 -0.00411974

-4.34031e-05 -2.91871e-05 -0.00115039
-2.91871e-05 -7.77501e-05 0.000148173
-0.00115039 0.000148173 0.000724595

0.0010787 0.000201155 -0.000406497
0.000201155 0.00108467 9.34916e-05
-0.000406497 9.34916e-05 -0.00298332

6.79466e-05 8.15783e-05 0.000230638
8.15783e-05 9.46703e-05 0.000614239
0.000230638 0.000614239 -0.000222483

8.49827e-05 0.000105476 0.00014672
0.000105476 4.03823e-05 0.000676313
0.00014672 0.000676313 -0.000177238

0.00213887 9.52845e-05 -0.000153414
9.52845e-05 0.00217783 0.000313977
-0.000153414 0.000313977 -0.00580887

0.000514318 0.000118355 0.000151051
0.000118355 0.000398955 0.000100135
0.000151051 0.000100135 -0.00172467

0.00167977 -5.03547e-05 1.45587e-05
-5.03547e-05 0.00147009 0.000393829
1.45587e-05 0.000393829 -0.00408552

0.00207529 0.000154066 -0.000154882
0.000154066 0.00208919 8.55316e-05
-0.000154882 8.55316e-05 -0.00541326

0.00142123 2.90521e-06 -0.000437169
2.90521e-06 0.00150293 4.49204e-05
-0.000437169 4.49204e-05 -0.00368611

0.0014563 -4.24246e-05 -0.000504787
-4.24246e-05 0.00144522 2.12085e-05
-0.000504787 2.12085e-05 -0.0036561

-8.24176e-05 5.07118e-05 -0.00073473
5.07118e-05 -0.000197581 0.000738755
-0.00073473 0.000738755 0.000800207

-8.43571e-05 2.34242e-05 0.000572305
2.34242e-05 -0.000190163 -0.000459292
0.000572305 -0.000459292 0.000888392

0.00194009 1.03679e-05 -0.000117532
1.03679e-05 0.00202338 0.000356872
-0.000117532 0.000356872 -0.00522915

-5.60408e-05 6.46627e-05 -0.000812412
6.46627e-05 -7.75486e-05 0.00080946
-0.000812412 0.00080946 0.00040428

0.00114731 0.000400071 -0.000161192
0.000400071 0.000631556 -8.8666e-05
-0.000161192 -8.8666e-05 -0.00256558

0.000499235 -5.4394e-05 3.3783e-05
-5.4394e-05 0.000563954 -6.30242e-05
3.3783e-05 -6.30242e-05 -0.00186994

0.00106976 -0.000217877 -3.49002e-05
-0.000217877 0.00050573 -2.85667e-05
-3.49002e-05 -2.85667e-05 -0.00265321

0.00167594 -5.56652e-05 3.74965e-05
-5.56652e-05 0.00146514 0.000414916
3.74965e-05 0.000414916 -0.00417538

-4.7596e-06 2.70481e-05 -0.00117357
2.70481e-05 -8.0933e-05 0.000538938
-0.00117357 0.000538938 0.00011804

0.00208919 2.66499e-05 4.9728e-05
2.66499e-05 0.00211932 -0.000154282
4.9728e-05 -0.000154282 -0.00497152

0.000950512 3.26792e-05 0.000196334
3.26792e-05 0.00118014 0.000239663
0.000196334 0.000239663 -0.00266564

0.000334594 -0.000153696 -0.000835459
-0.000153696 0.000471963 0.000248525
-0.000835459 0.000248525 -0.00102135

0.00140173 -2.93687e-05 -0.000426525
-2.93687e-05 0.00151712 1.88027e-05
-0.000426525 1.88027e-05 -0.00378744

0.000193121 -4.79199e-05 -6.49262e-05
-4.79199e-05 0.000169102 -0.000147933
-6.49262e-05 -0.000147933 -0.000686659

0.000845861 -0.000209541 0.000351129
-0.000209541 0.000812409 4.18785e-05
0.000351129 4.18785e-05 -0.00273294

0.000894604 2.01196e-05 0.000266916
2.01196e-05 0.000831973 0.00051848
0.000266916 0.00051848 -0.00233116

0.000880615 7.34699e-05 0.000104796
7.34699e-05 0.00108667 0.000457629
0.000104796 0.000457629 -0.00320329

0.000298549 -9.94851e-05 -0.000824317
-9.94851e-05 0.000530003 0.000228365
-0.000824317 0.000228365 -0.00102471

0.000678929 0.000134417 -0.000201696
0.000134417 0.000895841 -0.000327382
-0.000201696 -0.000327382 -0.00238321

0.000951113 3.52727e-05 0.000207345
3.52727e-05 0.00118417 0.000335291
0.000207345 0.000335291 -0.00278795

-3.66326e-05 4.04792e-05 -0.000131402
4.04792e-05 8.12176e-05 0.000560807
-0.000131402 0.000560807 -1.16702e-05

0.00032215 -0.000126172 -0.000850211
-0.000126172 0.000430817 0.000303826
-0.000850211 0.000303826 -0.00101279

0.00168085 -5.20424e-05 9.56815e-06
-5.20424e-05 0.00146686 0.00040686
9.56815e-06 0.00040686 -0.00418193

0.000813875 -4.61622e-05 -0.000375778
-4.61622e-05 0.000322455 -0.000194614
-0.000375778 -0.000194614 -0.00203653

0.00106295 -0.00033136 -7.78357e-05
-0.00033136 0.000786666 4.9015e-05
-7.78357e-05 4.9015e-05 -0.00287853

0.00192161 -0.0002236 -0.000192149
-0.0002236 0.0020513 -0.000113538
-0.000192149 -0.000113538 -0.00496792

0.00168574 -4.63506e-05 -1.39408e-05
-4.63506e-05 0.00147184 0.000386521
-1.39408e-05 0.000386521 -0.00409887

0.00173204 -0.000170202 -0.000148
-0.000170202 0.00144401 -0.000237889
-0.000148 -0.000237889 -0.00384775

0.00139289 1.5845e-05 -0.000491407
1.5845e-05 0.00136752 1.65636e-05
-0.000491407 1.65636e-05 -0.00356742

0.00213215 -5.90562e-05 -0.000227917
-5.90562e-05 0.00217911 -0.0001613
-0.000227917 -0.0001613 -0.00546681

-4.68525e-05 4.40081e-05 0.000422836
4.40081e-05 -0.000110069 0.000406128
0.000422836 0.000406128 0.000518236

-6.38872e-05 -6.31245e-05 8.5303e-05
-6.31245e-05 -0.000167943 0.000225643
8.5303e-05 0.000225643 0.0008281

0.00141193 -4.01329e-05 -0.000461337
-4.01329e-05 0.00149571 8.74955e-05
-0.000461337 8.74955e-05 -0.00369972

0.00159099 0.000142113 -0.00024433
0.000142113 0.00147138 0.000246186
-0.00024433 0.000246186 -0.00369258

0.00098422 8.30175e-05 0.00038113
8.30175e-05 0.00106441 0.000509119
0.00038113 0.000509119 -0.00249552

0.0014258 -5.43955e-05 0.000309008
-5.43955e-05 0.00159726 0.000334045
0.000309008 0.000334045 -0.0035557

0.000948847 -7.24682e-05 0.000264194
-7.24682e-05 0.000668726 0.000363615
0.000264194 0.000363615 -0.00241021

0.00136754 -0.000119079 0.000490771
-0.000119079 0.00127349 0.000221993
0.000490771 0.000221993 -0.00362087

0.000439162 4.76982e-05 0.000108946
4.76982e-05 0.00017926 5.83511e-05
0.000108946 5.83511e-05 -0.00157115

0.000279736 -4.46531e-05 0.000103599
-4.46531e-05 0.00017346 -3.99381e-05
0.000103599 -3.99381e-05 -0.00104989

7.5036e-05 -6.4284e-05 0.000989332
-6.4284e-05 -0.000104638 -0.000335518
0.000989332 -0.000335518 0.000702907

0.00176855 3.67133e-05 -0.000254605
3.67133e-05 0.00190514 -7.43273e-05
-0.000254605 -7.43273e-05 -0.00416917

0.00132981 -2.20178e-05 -0.000136166
-2.20178e-05 0.0013844 0.000484908
-0.000136166 0.000484908 -0.0037016

0.00145485 -3.87303e-05 -0.000510941
-3.87303e-05 0.00144306 1.5596e-05
-0.000510941 1.5596e-05 -0.00361977

0.000435098 3.87742e-05 -0.000214368
3.87742e-05 0.000351335 -7.11041e-07
-0.000214368 -7.11041e-07 -0.00155384

0.00118719 -0.000205201 -0.000497257
-0.000205201 0.00112897 9.92366e-05
-0.000497257 9.92366e-05 -0.00301756

0.000588547 -0.000143262 0.00058523
-0.000143262 0.00046265 -0.000463768
0.00058523 -0.000463768 -0.00170359

0.000723533 -0.000217287 -0.000371247
-0.000217287 0.000902625 0.000247172
-0.000371247 0.000247172 -0.00237261

-7.5669e-05 -1.5642e-05 -3.63573e-06
-1.5642e-05 -6.21809e-05 7.10525e-05
-3.63573e-06 7.10525e-05 0.000641714

0.00090226 -0.00017908 2.3546e-05
-0.00017908 0.00058153 -5.02203e-05
2.3546e-05 -5.02203e-05 -0.00237743

0.000443795 -4.13202e-05 -7.63487e-05
-4.13202e-05 0.00102554 0.00025027
-7.63487e-05 0.00025027 -0.0026127

0.000395057 4.36135e-06 0.00017238
4.36135e-06 0.000189236 4.12319e-05
0.00017238 4.12319e-05 -0.00154228

5.60133e-05 7.61442e-07 0.000425108
7.61442e-07 -9.67483e-05 0.000188143
0.000425108 0.000188143 0.000500106

0.00117956 0.000177558 0.000175307
0.000177558 0.00124594 0.000425582
0.000175307 0.000425582 -0.00323617

0.000171438 -1.37898e-05 -5.79913e-05
-1.37898e-05 0.000115551 -0.000164921
-5.79913e-05 -0.000164921 -0.000472589

0.000201204 2.65571e-05 -0.000148614
2.65571e-05 0.000216113 -0.000434158
-0.000148614 -0.000434158 -0.000533069

2.24101e-05 -4.50258e-05 0.000731923
-4.50258e-05 -0.00015824 0.00065886
0.000731923 0.00065886 0.000787391

0.000222965 -3.18428e-05 4.80854e-05
-3.18428e-05 0.000191187 -1.74237e-05
4.80854e-05 -1.74237e-05 -0.00105603

6.77867e-05 8.24048e-05 0.000236749
8.24048e-05 9.40349e-05 0.000535514
0.000236749 0.000535514 0.000155017

-4.89324e-05 5.14863e-06 -0.000306801
5.14863e-06 -4.90107e-05 7.42874e-05
-0.000306801 7.42874e-05 0.00048639

0.000801915 0.000196667 -0.000569353
0.000196667 0.000820769 -0.000176343
-0.000569353 -0.000176343 -0.00235053

0.000975565 -0.000265139 -0.000215126
-0.000265139 0.000967982 0.000203323
-0.000215126 0.000203323 -0.00287487

0.00022223 -6.82763e-05 -0.000105583
-6.82763e-05 0.000183088 -0.000118434
-0.000105583 -0.000118434 -0.000634424

-1.35902e-05 6.34142e-06 0.000304215
6.34142e-06 -0.000120105 0.00063798
0.000304215 0.00063798 0.000760764

-0.000176734 -1.67333e-05 0.000776968
-1.67333e-05 -0.000123322 0.000713123
0.000776968 0.000713123 0.000871711

-8.44973e-05 6.95768e-05 0.000117763
6.95768e-05 -0.000280503 0.000958917
0.000117763 0.000958917 0.00129035

0.00161209 6.89167e-05 -7.41024e-05
6.89167e-05 0.00130161 0.000438717
-7.41024e-05 0.000438717 -0.00364678

-0.00012788 -5.95079e-05 -0.000290532
-5.95079e-05 -9.78427e-05 -0.000188269
-0.000290532 -0.000188269 0.00109661

-1.47979e-05 1.09588e-06 0.000284911
1.09588e-06 -3.81273e-05 0.00062909
0.000284911 0.00062909 0.00022825

0.00142221 -1.86164e-05 0.000196783
-1.86164e-05 0.00140227 0.000379295
0.000196783 0.000379295 -0.00360189

-0.000217379 7.84075e-05 -4.80633e-05
7.84075e-05 -0.000159639 0.000996805
-4.80633e-05 0.000996805 0.00126995

0.000255022 0.000105122 -0.000594029
0.000105122 7.25796e-05 -0.000512982
-0.000594029 -0.000512982 -0.000507175

4.0423e-05 7.26573e-05 2.31023e-05
7.26573e-05 -0.000128673 0.000625896
2.31023e-05 0.000625896 0.000991144

0.0015753 0.000225177 -0.000726873
0.000225177 0.00158039 0.000316974
-0.000726873 0.000316974 -0.00414658

0.00156808 2.00874e-06 -0.000395588
2.00874e-06 0.00161227 -5.45156e-06
-0.000395588 -5.45156e-06 -0.00401242

0.000156203 9.95353e-05 -0.000252033
9.95353e-05 7.22642e-05 -0.000492932
-0.000252033 -0.000492932 -0.000502328

0.000623775 4.61034e-07 -5.57898e-05
4.61034e-07 0.000608426 -0.000139105
-5.57898e-05 -0.000139105 -0.00252602

0.000381119 0.000111678 0.000139269
0.000111678 0.000436459 0.000248331
0.000139269 0.000248331 -0.00150729

-4.18553e-06 2.89871e-05 -0.000567456
2.89871e-05 5.23482e-05 -0.000534544
-0.000567456 -0.000534544 -0.000105227

0.000185942 -1.45966e-05 -5.54333e-05
-1.45966e-05 0.000105278 -0.000173695
-5.54333e-05 -0.000173695 -0.000479359

0.00137285 -3.16667e-05 -0.000359147
-3.16667e-05 0.00136254 1.31393e-05
-0.000359147 1.31393e-05 -0.00350697

-0.000138102 9.53752e-05 -0.000410618
9.53752e-05 -0.000261172 0.000583929
-0.000410618 0.000583929 0.00182521

-4.78796e-05 3.67094e-05 1.91767e-05
3.67094e-05 -0.000138577 0.0010207
1.91767e-05 0.0010207 0.000406507

0.00187315 0.000137359 -0.000429819
0.000137359 0.00166714 0.000340849
-0.000429819 0.000340849 -0.00491034

0.00187299 0.000137119 -0.000430452
0.000137119 0.0017277 0.000268351
-0.000430452 0.000268351 -0.00482895

0.000175704 -1.52727e-05 5.5122e-05
-1.52727e-05 0.000130955 2.27483e-06
5.5122e-05 2.27483e-06 -0.00106158

0.000947217 8.99493e-05 -0.000494153
8.99493e-05 0.00129129 -0.000133433
-0.000494153 -0.000133433 -0.00296412

-0.000251075 -8.43076e-05 -0.000910922
-8.43076e-05 -6.14801e-05 3.33856e-05
-0.000910922 3.33856e-05 0.000876347

0.000731286 -0.000293523 -0.000257673
-0.000293523 0.000582912 0.000258055
-0.000257673 0.000258055 -0.00216785

0.00145855 0.000205255 -0.000365143
0.000205255 0.00141776 0.000101859
-0.000365143 0.000101859 -0.0030669

0.000915302 0.000112043 -8.096e-05
0.000112043 0.00103223 -0.00027442
-8.096e-05 -0.00027442 -0.00277749

0.000450001 0.000216968 0.000136027
0.000216968 0.000838149 0.000586709
0.000136027 0.000586709 -0.00210155

0.00142451 8.52739e-06 -0.000480423
8.52739e-06 0.00145776 4.29641e-05
-0.000480423 4.29641e-05 -0.00367456

0.000764595 -5.50513e-05 -0.000153977
-5.50513e-05 0.000970998 0.000583156
-0.000153977 0.000583156 -0.00246605

0.00148845 3.40599e-05 -0.000168604
3.40599e-05 0.00130239 0.000427494
-0.000168604 0.000427494 -0.00369659

-8.3835e-05 5.22947e-05 9.01392e-05
5.22947e-05 -0.000142125 0.00104305
9.01392e-05 0.00104305 0.00114566

-0.000176798 -2.10934e-06 -0.00108277
-2.10934e-06 -0.000130656 -0.000259356
-0.00108277 -0.000259356 0.000730289

0.000950223 7.48563e-05 0.000120915
7.48563e-05 0.0011843 0.000305488
0.000120915 0.000305488 -0.00269028

-0.000132636 4.24017e-05 -0.00116402
4.24017e-05 -7.22677e-05 0.000267888
-0.00116402 0.000267888 0.000859166

-8.69722e-05 -1.13114e-05 -0.00102027
-1.13114e-05 -8.52677e-05 -0.000200793
-0.00102027 -0.000200793 0.000778141

-0.000185266 2.94562e-05 -0.00102051
2.94562e-05 -6.32227e-05 0.000154227
-0.00102051 0.000154227 0.00122927

-0.000164442 5.78086e-05 -0.000879177
5.78086e-05 -5.3072e-05 0.000534955
-0.000879177 0.000534955 0.000942239

-0.000127937 2.94231e-05 -0.000924354
2.94231e-05 -5.87161e-05 -0.00011813
-0.000924354 -0.00011813 0.000859264

-0.000154823 5.01275e-05 -0.000951594
5.01275e-05 -8.47841e-05 0.000874803
-0.000951594 0.000874803 0.000672755

-4.52505e-05 -8.7052e-06 -0.00106051
-8.7052e-06 -5.68977e-05 0.000928161
-0.00106051 0.000928161 0.00077393

-0.00012988 -0.000105243 -0.000675644
-0.000105243 -1.81817e-05 0.000830712
-0.000675644 0.000830712 0.000550623

-0.000183031 -7.81349e-06 -0.000833031
-7.81349e-06 -0.00018622 0.00100692
-0.000833031 0.00100692 0.00127923

-5.66526e-05 5.81839e-05 -0.000872812
5.81839e-05 7.44774e-05 0.000879678
-0.000872812 0.000879678 0.000486137

-6.03461e-05 -7.82275e-06 -0.000594624
-7.82275e-06 0.00010272 0.000858359
-0.000594624 0.000858359 0.000172082

-1.39811e-05 -3.23857e-05 -0.00118335
-3.23857e-05 -1.04799e-05 0.000821248
-0.00118335 0.000821248 0.00041239

-6.85653e-05 1.52999e-05 -0.0010027
1.52999e-05 7.4115e-05 -0.000381034
-0.0010027 -0.000381034 0.000688976

0.000242966 1.98311e-05 -0.00116161
1.98311e-05 -8.89511e-05 -0.000183009
-0.00116161 -0.000183009 0.000167927

-9.08406e-06 7.96145e-05 -0.000826803
7.96145e-05 -0.000150325 -0.000128814
-0.000826803 -0.000128814 0.00112039

5.45186e-05 -3.82961e-05 -0.00104137
-3.82961e-05 0.000151908 -0.000329879
-0.00104137 -0.000329879 0.00010898

0.000224117 1.14527e-06 -0.00102408
1.14527e-06 0.000112908 -0.000479698
-0.00102408 -0.000479698 -0.00038055

0.000295754 2.48401e-05 -0.00132879
2.48401e-05 8.18668e-05 -0.000317565
-0.00132879 -0.000317565 -1.32567e-05

0.000318917 -6.02586e-05 -0.00149435
-6.02586e-05 -2.03002e-05 0.000327282
-0.00149435 0.000327282 1.7339e-05

8.36574e-05 -0.000144391 -0.00113404
-0.000144391 0.000100255 0.000845788
-0.00113404 0.000845788 6.66428e-05

-2.56983e-05 1.22766e-05 -0.000913764
1.22766e-05 0.000142278 0.000951428
-0.000913764 0.000951428 0.000111699

0.000236108 6.49836e-05 -0.00121744
6.49836e-05 0.000104144 -0.000494219
-0.00121744 -0.000494219 -1.12818e-05

0.000294056 -3.1086e-06 -0.00126583
-3.1086e-06 -0.000108402 3.65276e-05
-0.00126583 3.65276e-05 -0.00062244

0.000199856 -5.60568e-06 -0.000852208
-5.60568e-06 0.000168537 0.000852598
-0.000852208 0.000852598 -7.85789e-05

0.000160366 3.16616e-05 -0.000949557
3.16616e-05 0.000141142 0.000915477
-0.000949557 0.000915477 -0.000210453

0.000615854 0.000121596 -0.00046328
0.000121596 0.000726381 -0.000507305
-0.00046328 -0.000507305 -0.0018187

0.000569789 0.000229098 -0.000466101
0.000229098 0.00048756 -0.000494419
-0.000466101 -0.000494419 -0.00181558

0.000396428 0.00016886 -0.000511963
0.00016886 0.000742066 -0.000706425
-0.000511963 -0.000706425 -0.00180475

0.000398339 0.000180687 -0.000460163
0.000180687 0.000487029 -0.000575083
-0.000460163 -0.000575083 -0.00129972

0.000475316 0.000285792 -0.000394571
0.000285792 0.000527796 -0.000359767
-0.000394571 -0.000359767 -0.00161041

0.000347424 0.00014654 -0.000124421
0.00014654 0.000414707 -0.0002166
-0.000124421 -0.0002166 -0.00158947

0.000805267 0.000307559 -9.66467e-05
0.000307559 0.00087719 -0.000308954
-9.66467e-05 -0.000308954 -0.00232172

0.000806835 0.00032653 -0.00013798
0.00032653 0.000647554 -0.000109463
-0.00013798 -0.000109463 -0.00229805

0.000601137 0.000108842 -0.000316015
0.000108842 0.000719319 -0.000447819
-0.000316015 -0.000447819 -0.00212916

0.00052023 0.000112786 -0.000215075
0.000112786 0.000738659 -0.00050219
-0.000215075 -0.00050219 -0.00212989

0.000755138 2.29858e-05 0.000232641
2.29858e-05 0.000298621 3.25611e-05
0.000232641 3.25611e-05 -0.00164705

0.000786074 0.000109624 0.000300162
0.000109624 0.000460321 0.000110028
0.000300162 0.000110028 -0.00214849

0.000777467 7.0268e-05 0.000256515
7.0268e-05 0.000381781 0.000143312
0.000256515 0.000143312 -0.00183514

0.000780377 0.000181815 0.000383178
0.000181815 0.000399716 0.000135708
0.000383178 0.000135708 -0.00199864

0.00078479 0.000168711 0.0003698
0.000168711 0.00043815 0.000180418
0.0003698 0.000180418 -0.00201107

0.000863832 0.000254767 0.000272745
0.000254767 0.000528885 0.000115434
0.000272745 0.000115434 -0.00245171

0.000828015 0.000164526 0.000330261
0.000164526 0.000802438 0.000397255
0.000330261 0.000397255 -0.00250665

0.000759468 0.000143259 0.000419735
0.000143259 0.000870139 0.000301448
0.000419735 0.000301448 -0.0022797

0.000889992 0.000187688 0.000422556
0.000187688 0.00080363 0.000411339
0.000422556 0.000411339 -0.002425

0.000917963 0.00025906 0.000365574
0.00025906 0.00052922 0.000122183
0.000365574 0.000122183 -0.00235418

0.000662985 0.0002312 0.000403889
0.0002312 0.000663583 0.000301319
0.000403889 0.000301319 -0.0019904

0.000728814 0.000226421 0.000429148
0.000226421 0.000536726 0.000192035
0.000429148 0.000192035 -0.00211167

0.00159573 -1.92697e-05 0.00024127
-1.92697e-05 0.00160899 -0.000470255
0.00024127 -0.000470255 -0.00401173

0.00156556 0.0001137 0.00021124
0.0001137 0.00136368 -0.000612325
0.00021124 -0.000612325 -0.00395303

0.000544788 -1.18643e-05 9.64166e-05
-1.18643e-05 0.00043046 -0.000131422
9.64166e-05 -0.000131422 -0.00187676

0.000243224 -6.7151e-05 0.00108015
-6.7151e-05 0.000253338 -0.000500448
0.00108015 -0.000500448 -0.000807971

0.000920967 -0.000209387 9.23973e-05
-0.000209387 0.000570495 -0.000254727
9.23973e-05 -0.000254727 -0.00201878

0.000111457 -0.000176512 0.000518003
-0.000176512 0.000286332 -0.000817646
0.000518003 -0.000817646 -0.000133024

0.000376227 -7.97853e-05 0.000910784
-7.97853e-05 0.0002353 -0.000511621
0.000910784 -0.000511621 -0.000565223

0.000427048 -0.000142834 0.000878551
-0.000142834 0.000299785 -0.000563033
0.000878551 -0.000563033 -0.00115304

0.00195149 -6.74046e-06 -0.000254184
-6.74046e-06 0.00190106 0.000127229
-0.000254184 0.000127229 -0.00490128

0.000288805 -0.000108345 0.000508657
-0.000108345 0.00027436 -0.000941455
0.000508657 -0.000941455 -0.000574086

7.51551e-05 6.56721e-06 0.000691037
6.56721e-06 -0.000161509 -0.000724239
0.000691037 -0.000724239 0.000451217

0.00032598 -0.000166684 0.000504923
-0.000166684 0.000364681 -0.000962459
0.000504923 -0.000962459 -0.00116054

6.54622e-05 1.80291e-05 0.000533084
1.80291e-05 -3.34246e-06 -0.000607191
0.000533084 -0.000607191 0.000175098

0.000408473 -0.000100912 5.64015e-05
-0.000100912 0.000419202 -3.83794e-05
5.64015e-05 -3.83794e-05 -0.00160798

-4.57778e-05 -5.1159e-05 -0.000961254
-5.1159e-05 -0.000108421 -0.000251201
-0.000961254 -0.000251201 0.000728844

0.00048529 -0.00019201 0.000414959
-0.00019201 0.000561186 -0.000729498
0.000414959 -0.000729498 -0.0014566

0.000335876 -4.56349e-05 0.000264068
-4.56349e-05 0.000785882 -0.000814756
0.000264068 -0.000814756 -0.0014614

-3.32565e-05 3.30303e-05 -0.000137526
3.30303e-05 -1.35998e-05 0.000668297
-0.000137526 0.000668297 0.00017624

0.000553839 -0.000284616 0.000367462
-0.000284616 0.000686201 -0.000659231
0.000367462 -0.000659231 -0.00183174

0.00151271 4.38388e-05 -0.000544519
4.38388e-05 0.00160877 0.0002679
-0.000544519 0.0002679 -0.00423335

0.000423691 2.22229e-06 5.65861e-05
2.22229e-06 0.000290644 0.000179648
5.65861e-05 0.000179648 -0.00135253

-2.15903e-05 -1.30516e-05 -1.05697e-05
-1.30516e-05 6.52323e-05 0.00130991
-1.05697e-05 0.00130991 0.000201397

0.00163009 2.1488e-05 -0.000184978
2.1488e-05 0.00144792 -0.000441962
-0.000184978 -0.000441962 -0.00401289

0.000251728 -0.000130784 -0.00109228
-0.000130784 8.98212e-05 -0.000171838
-0.00109228 -0.000171838 -0.000212599

0.000945875 -0.000268816 0.000451891
-0.000268816 0.000533748 5.04699e-05
0.000451891 5.04699e-05 -0.00273732

0.000540302 -1.22373e-06 0.000371435
-1.22373e-06 0.0010356 0.000349448
0.000371435 0.000349448 -0.00256144

0.00160066 1.6985e-05 -0.000155996
1.6985e-05 0.00149651 -0.000299803
-0.000155996 -0.000299803 -0.0037434

0.000120239 -6.44153e-05 -0.000915104
-6.44153e-05 0.000190455 -0.000551542
-0.000915104 -0.000551542 0.000176842

0.00144513 -1.92712e-05 -0.00046569
-1.92712e-05 0.00138777 1.0781e-05
-0.00046569 1.0781e-05 -0.00359416

0.000522778 0.000111394 0.00013744
0.000111394 0.000402863 0.000128507
0.00013744 0.000128507 -0.00186485

0.000338703 3.40242e-05 -0.000124622
3.40242e-05 0.000467057 -4.8653e-05
-0.000124622 -4.8653e-05 -0.00158024

0.00069285 -9.62858e-05 -0.000150128
-9.62858e-05 0.00109255 0.000609713
-0.000150128 0.000609713 -0.00261484

0.00029002 -3.76303e-05 1.55997e-05
-3.76303e-05 0.000323648 -0.000292589
1.55997e-05 -0.000292589 -0.00117188

0.00142204 -5.7132e-05 -0.000485638
-5.7132e-05 0.00159461 -4.68475e-05
-0.000485638 -4.68475e-05 -0.00406408

0.000222938 -9.40391e-06 -7.41063e-05
-9.40391e-06 0.00026124 -0.000196962
-7.41063e-05 -0.000196962 -0.00117583

0.00018894 3.92146e-05 -7.64423e-05
3.92146e-05 0.000327395 -0.000322508
-7.64423e-05 -0.000322508 -0.00104116

-6.73914e-05 -2.93586e-05 -0.00036852
-2.93586e-05 2.32922e-05 0.000145201
-0.00036852 0.000145201 0.000533696

-4.30212e-05 8.65491e-06 -0.000113981
8.65491e-06 1.97207e-05 0.000555068
-0.000113981 0.000555068 0.000587885

0.000358285 -0.000181639 0.000763087
-0.000181639 0.000455761 -0.000480262
0.000763087 -0.000480262 -0.0012239

0.00149882 3.46692e-05 -0.000500871
3.46692e-05 0.0016292 0.000347571
-0.000500871 0.000347571 -0.0042729

0.000255892 -2.13345e-05 2.68113e-05
-2.13345e-05 0.000153973 1.88782e-05
2.68113e-05 1.88782e-05 -0.00121729

0.000247524 -7.07933e-05 0.000134014
-7.07933e-05 0.000300316 -0.000232445
0.000134014 -0.000232445 -0.0010933

0.000942802 0.000208983 0.000121881
0.000208983 0.000589087 1.12597e-05
0.000121881 1.12597e-05 -0.00274518

0.000335082 -9.16348e-05 0.000712324
-9.16348e-05 0.000211923 -0.000297571
0.000712324 -0.000297571 -0.00133304

0.000740713 0.000260105 -0.000108449
0.000260105 0.000434223 -8.41165e-05
-0.000108449 -8.41165e-05 -0.00239098

0.000270566 -0.000129806 -3.72151e-05
-0.000129806 0.000413865 -4.84477e-05
-3.72151e-05 -4.84477e-05 -0.00154453

0.000403037 -0.000106472 0.000157791
-0.000106472 0.000350644 3.69669e-05
0.000157791 3.69669e-05 -0.00142777

0.000476004 2.81479e-05 0.000223186
2.81479e-05 0.000152854 1.56237e-05
0.000223186 1.56237e-05 -0.00122562

0.00143922 6.02374e-05 0.000149697
6.02374e-05 0.00112095 -0.000153439
0.000149697 -0.000153439 -0.00303107

0.00156522 5.62853e-05 -0.000211987
5.62853e-05 0.00143498 -0.000388196
-0.000211987 -0.000388196 -0.00371697

0.00157026 6.49411e-05 -0.000188068
6.49411e-05 0.00144929 -0.000332663
-0.000188068 -0.000332663 -0.00398706

0.00164436 -7.05325e-05 -0.000311084
-7.05325e-05 0.00170386 -0.00027737
-0.000311084 -0.00027737 -0.00463118

0.00174562 -0.00015457 -7.52797e-05
-0.00015457 0.00173594 -0.000376906
-7.52797e-05 -0.000376906 -0.00432757

0.00158932 -3.08925e-05 -0.000271818
-3.08925e-05 0.0018669 -0.000128464
-0.000271818 -0.000128464 -0.00449533

0.00042945 0.000101254 -0.000284037
0.000101254 0.000802039 -0.000821735
-0.000284037 -0.000821735 -0.00180515

-0.000167233 7.45773e-06 -0.000758813
7.45773e-06 -5.97102e-05 -3.4676e-05
-0.000758813 -3.4676e-05 0.00125332

0.000355219 -3.23676e-05 -7.6926e-05
-3.23676e-05 0.000204534 3.91083e-05
-7.6926e-05 3.91083e-05 -0.00129824

0.000537858 0.000155903 -0.000126891
0.000155903 0.000787629 -0.000393648
-0.000126891 -0.000393648 -0.00189199

0.000444411 0.000218434 0.000336881
0.000218434 0.000963277 0.000226204
0.000336881 0.000226204 -0.0020074

0.0013289 4.15674e-05 -0.000189159
4.15674e-05 0.00166997 -0.000207723
-0.000189159 -0.000207723 -0.00385174

0.000188824 3.55036e-05 -8.08643e-05
3.55036e-05 0.000239258 -0.000336977
-8.08643e-05 -0.000336977 -0.000685525

0.000221125 2.06747e-05 -6.19933e-05
2.06747e-05 0.000122685 1.70906e-05
-6.19933e-05 1.70906e-05 -0.000891449

0.000519002 2.77489e-05 4.86419e-05
2.77489e-05 0.00105022 0.000273627
4.86419e-05 0.000273627 -0.00254621

0.00049162 0.00015213 5.43472e-05
0.00015213 0.00100433 0.000329423
5.43472e-05 0.000329423 -0.00260058

0.000530152 0.000171898 0.00019701
0.000171898 0.000915385 0.00046825
0.00019701 0.00046825 -0.00211585

0.000220448 1.67815e-05 -7.89137e-05
1.67815e-05 0.000161093 -9.40179e-05
-7.89137e-05 -9.40179e-05 -0.00131135

0.000585227 6.41957e-05 8.79105e-05
6.41957e-05 0.00107007 0.000298931
8.79105e-05 0.000298931 -0.00258861

0.000237774 -5.14467e-05 0.000197776
-5.14467e-05 0.000756916 -0.000924274
0.000197776 -0.000924274 -0.00151317

0.000267834 9.79587e-06 0.000241278
9.79587e-06 0.000769424 -0.000817546
0.000241278 -0.000817546 -0.00145314

0.000153013 1.89787e-05 -0.000157831
1.89787e-05 0.000534001 -0.00110229
-0.000157831 -0.00110229 -0.000657637

0.000176907 9.8435e-05 -1.55134e-05
9.8435e-05 0.000748716 -0.000919219
-1.55134e-05 -0.000919219 -0.00151084

0.000242395 -3.09785e-05 0.00025795
-3.09785e-05 0.000500579 -0.000961368
0.00025795 -0.000961368 -0.000995306

-5.12824e-05 1.98939e-05 -0.000625251
1.98939e-05 0.000142273 0.000901666
-0.000625251 0.000901666 -0.000139415

0.000364091 -0.000124001 0.000279957
-0.000124001 0.000943509 -0.00070754
0.000279957 -0.00070754 -0.00183401

0.00031151 1.57178e-05 -0.000325585
1.57178e-05 0.000773681 -0.000779353
-0.000325585 -0.000779353 -0.00166364

8.53034e-05 6.4284e-07 -0.00101633
6.4284e-07 8.07456e-05 -0.000407407
-0.00101633 -0.000407407 5.5589e-05

0.000542493 -0.000120641 0.000159513
-0.000120641 0.000801052 -0.000472719
0.000159513 -0.000472719 -0.00217518

0.000471715 -7.05846e-05 0.000267189
-7.05846e-05 0.000169205 -0.000110121
0.000267189 -0.000110121 -0.00146191

0.0005146 6.09878e-05 0.000138264
6.09878e-05 0.00106993 0.00030097
0.000138264 0.00030097 -0.0026127

-3.20311e-05 1.18647e-05 0.000133695
1.18647e-05 -4.77321e-05 0.000124092
0.000133695 0.000124092 0.000684959

0.00071174 -0.000279926 -0.000353127
-0.000279926 0.000576555 0.000351994
-0.000353127 0.000351994 -0.00238934

0.00167563 -6.6181e-05 0.000227172
-6.6181e-05 0.00160484 2.04964e-06
0.000227172 2.04964e-06 -0.00414959

0.000554109 4.81666e-05 -0.000249432
4.81666e-05 0.000350612 -2.06937e-05
-0.000249432 -2.06937e-05 -0.00179147

0.00158618 -2.27063e-05 -0.000187941
-2.27063e-05 0.00157161 -0.000340623
-0.000187941 -0.000340623 -0.00380199

0.000629275 -0.000154959 0.000690979
-0.000154959 0.000458354 -0.00048453
0.000690979 -0.00048453 -0.00144108

0.000573251 -0.000164896 0.000616998
-0.000164896 0.000436566 -0.00042171
0.000616998 -0.00042171 -0.00176774

0.000695399 -8.98639e-05 0.000838346
-8.98639e-05 0.000414648 -0.00015327
0.000838346 -0.00015327 -0.00143426

0.000240266 -6.04224e-05 5.64156e-05
-6.04224e-05 0.000334962 -0.00158253
5.64156e-05 -0.00158253 -0.000652657

0.000115298 -5.21475e-05 -0.000902631
-5.21475e-05 0.000104433 -0.00036676
-0.000902631 -0.00036676 -0.000353949

0.00150033 -5.70165e-05 0.000249917
-5.70165e-05 0.00125279 -9.22346e-05
0.000249917 -9.22346e-05 -0.00369146

0.000852734 -0.000128183 -0.000342231
-0.000128183 0.000915241 0.000105991
-0.000342231 0.000105991 -0.00252355

0.00152171 5.35589e-05 -0.000497805
5.35589e-05 0.00151728 0.000381552
-0.000497805 0.000381552 -0.00452153

-7.72199e-05 -9.09079e-05 -0.000140513
-9.09079e-05 4.38131e-05 0.00112789
-0.000140513 0.00112789 0.000538146

-1.89199e-05 -1.01095e-05 -3.14039e-05
-1.01095e-05 2.21551e-06 0.00127038
-3.14039e-05 0.00127038 0.000741848

0.00159869 0.000178261 -0.00049379
0.000178261 0.00170124 0.000427105
-0.00049379 0.000427105 -0.00460581

-7.49591e-06 -5.17011e-05 -4.63653e-05
-5.17011e-05 0.000149589 0.00136513
-4.63653e-05 0.00136513 0.000188596

9.74824e-05 4.23394e-06 -2.38686e-05
4.23394e-06 0.000177249 0.00134806
-2.38686e-05 0.00134806 -0.000200368

-0.000130718 0.000129752 -4.11625e-05
0.000129752 0.000275632 0.00135151
-4.11625e-05 0.00135151 0.000188466

9.81757e-05 2.16678e-05 -6.97862e-05
2.16678e-05 0.000267328 0.00107078
-6.97862e-05 0.00107078 0.000225822

0.000579539 3.70404e-05 0.000903162
3.70404e-05 0.000279043 -0.000193969
0.000903162 -0.000193969 -0.00120031

7.38527e-05 -4.29464e-05 -0.000605178
-4.29464e-05 0.000201204 0.000715842
-0.000605178 0.000715842 0.000445167

0.0013732 0.000105485 2.571e-05
0.000105485 0.00127302 -0.000639062
2.571e-05 -0.000639062 -0.00357211

0.00161057 6.00797e-05 8.08474e-05
6.00797e-05 0.00136023 -0.00035947
8.08474e-05 -0.00035947 -0.00371658

0.00137937 0.00015522 0.000119577
0.00015522 0.00137404 -0.000476677
0.000119577 -0.000476677 -0.00332167

0.00153614 0.000187949 0.000326432
0.000187949 0.00161264 -0.000502769
0.000326432 -0.000502769 -0.00401875

0.00171855 5.39517e-05 0.00021568
5.39517e-05 0.00164999 -0.000481881
0.00021568 -0.000481881 -0.00401137

0.00165662 1.53935e-05 0.000128768
1.53935e-05 0.00149167 -0.000519811
0.000128768 -0.000519811 -0.00414935

0.00161914 5.30418e-05 -6.52831e-05
5.30418e-05 0.00156518 -0.000456971
-6.52831e-05 -0.000456971 -0.00403094

0.00161458 -3.08607e-05 -0.000243548
-3.08607e-05 0.00151875 -0.000606332
-0.000243548 -0.000606332 -0.00436223

0.00163446 7.62046e-06 -0.000151816
7.62046e-06 0.00148787 -0.000515423
-0.000151816 -0.000515423 -0.0040103

0.00165651 0.000127705 4.11949e-05
0.000127705 0.00165532 -0.000247821
4.11949e-05 -0.000247821 -0.00402249

0.00163104 3.38532e-05 -0.000181917
3.38532e-05 0.00152262 -0.000360516
-0.000181917 -0.000360516 -0.00402249

0.0018484 -0.000128181 2.022e-05
-0.000128181 0.00142908 -0.000722738
2.022e-05 -0.000722738 -0.00406502

0.00190144 1.74553e-05 -0.000121894
1.74553e-05 0.00175787 -0.000254814
-0.000121894 -0.000254814 -0.00452793

0.00164877 6.59054e-05 8.34733e-05
6.59054e-05 0.00164099 -0.000266838
8.34733e-05 -0.000266838 -0.0044564

-5.42761e-05 5.74505e-06 -0.00011428
5.74505e-06 -4.5911e-05 2.19578e-05
-0.00011428 2.19578e-05 0.000968444

0 0 1.4566e-05
0 0 -3.6967e-05
1.4566e-05 -3.6967e-05 0.00112291

-1.74334e-05 -4.2025e-05 0.000117254
-4.2025e-05 -6.66166e-05 3.78733e-05
0.000117254 3.78733e-05 0.00127791

-0.000110439 -2.66779e-05 -6.60768e-05
-2.66779e-05 -5.95482e-05 -1.72403e-06
-6.60768e-05 -1.72403e-06 0.000986677

-0.000110754 -2.23182e-05 -0.000128857
-2.23182e-05 -6.75145e-05 6.10035e-05
-0.000128857 6.10035e-05 0.000883736

-4.50457e-05 3.59685e-05 -0.000149778
3.59685e-05 0 -2.42854e-05
-0.000149778 -2.42854e-05 0.00101262

-7.09818e-05 -3.92559e-05 -4.42004e-05
-3.92559e-05 -7.52992e-06 -0.000122009
-4.42004e-05 -0.000122009 0.00126894

0.00152524 0.000111052 -0.000155644
0.000111052 0.0015629 -0.000312422
-0.000155644 -0.000312422 -0.00394921

0.0016025 4.68846e-05 -0.000137982
4.68846e-05 0.00161225 -0.000308214
-0.000137982 -0.000308214 -0.00403534

0.00144218 -0.000108463 -0.000460823
-0.000108463 0.00152178 -2.43415e-05
-0.000460823 -2.43415e-05 -0.00381796

0.00141658 -4.57495e-05 -0.000408068
-4.57495e-05 0.00150327 -1.59178e-05
-0.000408068 -1.59178e-05 -0.00378644

0.00145492 3.04797e-05 -0.000458107
3.04797e-05 0.00160653 1.00365e-05
-0.000458107 1.00365e-05 -0.00404692

SCALARS relative_volume float
LOOKUP_TABLE default
0.999386
0.999592
0.998811
1.00033
0.999152
1.0007
0.998655
0.999029
1.00032
0.999768
0.999304
0.999946
0.99985
1.00026
1.00076
1.00036
0.999097
1.00029
0.999166
1.00068
0.999772
1.00008
0.999481
0.999552
1.00065
1.00075
1.00032
0.999194
0.999505
0.999987
1.00094
0.99907
1.00075
0.999121
1.00058
0.999269
1.00075
0.999033
0.999001
0.999353
1.00023
1.00079
0.999231
1.00069
1.00078
0.999622
1.00113
1.00054
1.0007
0.999172
0.999181
1.00041
0.999355
0.99918
0.999454
1.00088
0.999631
0.999558
0.999946
0.999
0.9992
0.999198
1.00033
0.999076
0.99929
1.00016
0.999534
0.999612
0.998671
1.0008
0.99839
0.999089
1.00018
0.999399
0.998538
1.00069
0.999444
0.999281
1.0005
1.00023
1.00018
0.998495
0.999173
0.998842
1.00011
0.999053
1.00002
0.999221
0.999162
0.999835
1.00006
0.999692
0.999295
0.999433
0.99917
0.998888
0.999017
0.999163
0.999045
0.999187
0.99935
0.999277
1.00068
0.999178
1.00064
1.001
0.999241
0.999937
0.999588
0.998792
0.999264
1.00016
1.00177
0.999189
0.999
0.999359
0.999199
0.998822
0.99899
0.99855
0.999729
0.999036
0.999507
1.00096
0.998912
1.00055
1.00152
0.999292
0.99956
0.999996
0.999204
1.00089
0.999416
1.0006
0.999153
0.999312
1.0006
0.998438
0.999698
0.999354
1.00009
0.999487
0.999156
0.999416
1.00011
0.999927
0.999146
0.99944
0.999375
0.998684
1.00085
0.999441
0.999081
1.00057
0.999338
0.999294
1.00054
1.00093
1.00002
0.999039
0.998398
0.998717
0.999971
0.999617
0.999866
0.999278
0.99876
0.998952
1.0005
1.00004
0.999156
0.998945
0.999065
0.999051
1.00071
0.999042
0.998374
0.998989
0.999399
0.999098
0.998842
1.00056
0.999714
1.00081
0.999241
0.999056
0.999308
1.00043
0.999059
0.999399
0.999249
0.999103
0.99983
1.00089
0.998796
0.99933
0.99925
0.998821
0.999215
0.999445
0.99903
0.998754
1.00043
0.99869
0.998913
1.00075
1.00081
0.998878
0.998743
0.99939
0.999194
1.00092
0.998976
0.999376
0.998823
0.998706
0.998932
0.999102
1.00094
0.999556
0.999355
1.00076
0.999488
0.99933
0.999617
0.999313
1.00026
0.999249
0.999256
1.00063
0.999381
0.99948
0.999294
0.999283
0.999233
0.999938
0.999172
0.99963
0.999464
0.999043
0.998855
0.999341
0.998464
0.999196
0.998242
0.999013
0.99864
0.999081
0.999179
0.999159
0.999477
0.998503
0.999211
0.999463
0.999208
1.00005
0.999361
0.99945
1.00088
1.00027
0.999215
0.999693
0.999178
0.999134
0.999953
0.999517
1.00088
0.999786
0.99935
0.999126
1.00002
0.999004
0.999318
0.998944
0.999757
0.999259
0.998428
0.999384
0.999137
0.999343
1.0015
0.99918
1.00189
1.00152
1.00142
1.00181
1.00219
1.00195
1.00205
1.0013
1.00135
0.999224
1.00088
1.00097
1.00117
1.00116
1.00219
1.00163
1.00159
1.00164
1.00157
1.0022
1.00188
1.0022
0.999089
0.999237
1.00145
1.00131
1.00129
1.00117
1.00106
1.00099
1.0011
1.00036
1.00079
1.00084
0.999118
1.0007
0.999004
1.00102
1.00108
0.999335
1.0004
0.999694
1.00112
1.00104
1.00055
1.00072
1.00017
0.999246
1.00092
1.00081
1.00021
0.999489
0.99929
0.999138
1.00027
1.00003
0.999999
0.99912
0.999422
0.999326
1.00026
0.999798
1.00025
0.998991
1.0007
1.00007
0.999199
0.999989
0.999989
1.00044
1.00043
0.999466
0.999671
1.00008
0.999589
0.999791
0.999854
0.999312
0.999214
0.999767
0.999122
0.999307
0.999741
0.99956
0.999493
1.00052
1.00042
1.00039
0.999636
1.00042
0.999416
0.999498
0.999111
0.999118
0.998952
0.999168
1.00067
0.99965
1.00092
1.00024
0.999318
0.999302
0.999339
0.999582
0.999152
0.999032
0.999372
0.999284
0.999331
1.00043
0.999293
0.998976
0.999182
0.999171
0.999307
0.999096
0.99897
0.999886
0.999593
1.0006
0.999192
0.999029
0.999013
0.999184
0.999081
0.9987
0.999109
0.99901
0.999107
0.999073
0.999543
0.999512
0.99934
0.999123
0.999148
1.00095
1.00027
0.999238
1.00005
0.999874
0.999067
0.999448
0.998683
0.999936
0.999
0.99903
0.999146
0.999177
0.999254
0.999041
0.998982
0.999005
1.00009
0.999574
0.999035
0.998949
0.999026
0.999054
0.999153
0.998932
0.998812
0.999064
0.998965
0.999762
0.998909
0.999112
0.999317
0.998975
0.999196
0.999452
0.999004
0.999008
0.998987
0.999021
0.998983
0.999228
0.999374
0.999032
0.999243
1.00043
0.99938
1.0008
0.999046
1.00091
1.00064
0.999204
0.999084
0.999334
0.999145
0.998993
0.999075
0.999055
0.999174
0.999096
0.999202
0.999115
0.998996
0.999309
0.999379
0.999226
0.999391
0.99917
0.999392
0.999138
0.99929
0.999266
0.999541
0.999328
0.999194
0.999244
0.999412
0.999192
0.999182
0.999315
0.999284
0.999374
0.999359
0.999337
0.999184
0.999274
0.999319
0.999386
0.999238
0.999226
0.999128
0.99915
0.999247
0.999012
0.999408
0.999334
0.999454
0.999386
0.999248
0.999305
0.999289
0.998889
0.999228
0.99899
0.998576
0.999973
0.999278
0.999391
0.998834
0.999261
0.99929
0.999494
0.999093
0.998974
0.999164
1.00051
0.99933
0.998705
0.999233
0.998804
0.999343
0.998761
0.998634
0.998852
0.998892
0.998843
0.999639
0.998879
0.99877
0.998581
0.99854
0.998451
0.998592
0.998562
0.998471
0.998505
0.99845
0.99849
0.998506
0.998973
0.998577
0.998425
0.998475
0.998545
0.998526
0.998565
0.998585
1.00186
1.00179
1.0016
1.00163
1.00177
1.00165
1.00138
1.00132
1.00222
1.00123
1.00096
1.00222
1.00122
1.00144
1.00126
1.00193
1.0021
1.00082
1.00083
1.0009
0.999041
1.00107
1.00117
1.00044
1.00056
0.999381
0.999081
0.998498
1.00102
1.00061
0.99925
0.999187
0.998993
0.999144
1.00053
1.00049
0.999116
0.999175
0.99907
0.999579
0.998975
0.998984
1.00014
0.999837
0.999165
0.998644
0.999771
0.999833
1.00018
0.999379
1.00061
0.999274
0.999327
0.998893
0.998609
0.998695
0.999002
0.999616
1.00062
0.998672
0.99931
0.999234
0.999062
0.999376
0.999433
0.999352
0.998576
0.99907
0.999391
0.999753
0.999645
0.999592
0.999002
0.999478
0.999229
1.0009
0.999628
0.999247
0.999073
0.999208
1.00069
1.00105
1.00101
1.00086
0.999443
1.00138
1.00139
0.999295
1.00089
0.998994
0.999094
0.999083
0.99903
1.00059
0.999176
0.999169
0.999093
0.99918
0.999028
1.00118
0.999044
0.999351
0.999127
0.999067
0.999148
1.00126
0.999183
0.999522
0.99926
0.999608
0.999364
0.999481
0.999289
0.999633
0.999283
0.999157
0.999171
0.999645
0.99915
0.999349
0.999355
0.999275
0.999126
0.998961
0.99894
0.999135
0.999295
0.999097
0.999371
0.999102
0.998759
1.00035
0.998879
0.998866
0.998269
0.998496
0.99888
0.998456
0.998465
0.998454
0.998947
0.99901
0.99856
0.998535
1.00193
1.00204
0.999365
0.999197
1.00118
1.00113
1.00068
0.999504
1.00077
1.00016
1.00019
0.999207
0.999551
0.999644
0.999611
1.00005
0.998515
0.999604
0.999599
0.999628
0.999722
0.999134
0.999076
0.998826
0.999253
0.999128
0.998695
1.00111
0.999263
0.999162
0.999169
0.999266
0.999098
0.999254
0.999109
0.999168
0.998679
1.00041
0.999244
0.999002
0.998433
0.998511
1.00198
1.00233
1.00193
1.00083
1.00082
1.00141
1.00075
1.00056
1.00056
0.99992
0.999736
0.999696
0.998811
0.999339
0.999327
0.999166
0.999449
0.999286
0.999503
1.00017
0.998533
1.00008
0.999612
0.998914
0.999977
0.998923
0.999111
0.999208
0.999062
0.999321
0.999308
1.00044
0.999036
0.999045
0.999033
0.998423
0.998636
0.998494
1.00133
1.00122
1.0014
1.00153
1.00139
1.00233
1.00102
1.00048
1.00055
0.999914
0.999816
1.00002
0.999549
0.999709
0.999215
0.999629
0.999727
0.999263
0.99929
0.998888
1.00058
0.998983
0.999132
0.999159
0.999262
0.999115
0.998947
0.999085
0.999074
0.998881
0.999188
0.999066
0.999069
0.999119
0.999262
0.999185
0.99916
0.999318
0.998942
0.999398
0.999216
0.998732
1.00065
1.00006
0.998835
0.998528
0.998998
0.998558
0.998464
0.998414
1.00195
0.999352
1.00134
1.001
0.999479
1.0009
1.00043
1.00037
0.999099
1.00024
0.999211
0.99967
0.999718
1.00057
0.999742
0.999145
0.999412
0.999398
0.99962
0.99989
0.999132
0.999197
1.00089
0.999084
0.999199
0.99895
1.00095
0.998899
0.999129
0.99915
0.999294
0.999459
0.99922
0.999177
0.999088
0.998828
0.998886
1.00157
1.00137
1.00083
1.00063
0.999967
1.00008
0.9998
0.999486
1.0009
0.999329
0.999448
0.999221
0.999477
0.999416
1.00012
0.998684
0.999315
0.999344
0.99909
0.999309
0.999018
0.998767
0.998833
0.998408
0.99851
0.999596
0.998612
1.00002
1.00176
1.00134
1.00163
1.00134
0.999066
1.00078
0.999078
1.00088
1.00095
0.99906
1.00046
0.999459
1.00074
0.9991
0.999208
1.00013
0.999966
0.99921
0.999855
0.999062
0.99949
0.999751
0.999494
0.999662
0.999387
0.999286
0.99924
0.999314
0.999346
0.999154
0.999274
0.998763
0.998894
0.999096
0.998918
0.999194
0.999011
0.999224
0.998949
0.999132
0.999118
0.998958
0.999152
0.999358
0.998936
0.999056
0.999265
0.999141
0.999081
0.999104
0.999163
0.999252
0.999085
0.999307
0.999173
0.999201
0.999291
0.999045
0.999383
0.999288
1.00059
0.999152
0.998525
0.998522
0.999217
0.998462
0.999424
1.00085
1.00023
1.00041
1.00106
1.00113
1.00097
0.999515
1.00037
0.999143
0.998472
0.998802
0.999695
0.998383
0.999305
0.999144
1.00012
0.999264
1.00055
0.999294
0.99933
0.998993
1.0008
0.999496
1.00051
1.00026
0.999198
1.00023
1.00042
0.999164
0.99909
0.999147
0.999259
1.00039
0.998965
0.999766
1.00057
0.999391
0.999263
0.999299
0.999994
0.999274
0.999749
1.00071
1.00035
0.999194
0.999212
1.00027
1.00027
0.999708
1.00051
0.99952
0.999715
0.999067
1.00023
1.00133
0.999711
0.999426
0.999266
0.999367
0.999346
0.999196
0.999294
0.999466
0.999254
0.999461
0.999262
0.999223
0.999387
0.998854
0.999902
0.998996
0.999538
0.998894
1.001
0.999376
0.999219
0.999738
0.999513
0.999524
1.00007
1.00127
0.99893
0.998644
1.00134
0.998748
1.001
0.998715
0.99891
0.998992
0.999444
0.999131
0.99968
1.00074
0.999191
0.999277
0.998868
0.999866
0.998665
0.999014
0.998898
0.998747
0.99869
0.998627
0.998932
1.00064
0.999433
0.999421
0.999503
0.999689
0.999064
0.999111
1.00038
0.999575
1.00001
0.999533
1.00133
0.999854
0.999432
1.0012
0.999843
0.99936
0.999531
0.999605
0.999352
1.00144
1.00155
0.999365
1.00151
0.99896
1.00025
0.999499
1.00062
0.999192
0.999486
1.0006
1.00169
1.00068
1.00118
1.00067
1.00092
1.00077
1.0009
0.999902
1.00095
1.0002
0.998641
0.998342
1.0008
1.00117
1.00082
0.998658
0.998096
0.998621
0.99886
0.99809
0.998392
0.99858
1.00103
0.99922
1.00011
0.998486
1.00099
1.0009
0.998499
1.00107
0.998475
0.999488
0.999379
0.999145
0.999
0.999269
0.999219
0.999043
0.999086
0.998999
0.999161
0.998288
0.999349
0.999195
0.999005
0.998998
0.998473
0.998335
0.999277
0.999065
0.999414
0.998976
0.998281
0.998548
0.999379
0.999003
1.00057
0.998466
0.999591
0.99932
0.999211
0.998592
0.999349
0.998613
0.998486
0.999019
0.998547
0.999104
0.998965
0.99845
0.999205
0.999625
0.999032
1.00019
0.998472
0.999482
0.999035
0.99945
0.99867
0.999067
0.999111
0.999685
0.999048
0.999259
1.00068
0.998826
0.998686
0.998474
0.998628
0.998987
1.0008
0.999484
0.998851
0.998235
0.998421
0.998848
0.999486
0.999067
0.998998
0.999305
0.999243
0.998423
0.998635
0.998293
0.999118
0.999282
0.999365
0.99859
0.998869
0.999403
0.9991
0.999194
0.999104
0.999349
0.999105
0.999454
0.999792
1.00046
0.999023
0.998961
0.998761
0.999767
0.999611
0.999902
0.999783
1.00035
1.00137
1.00145
1.00087
1.00139
1.00161
1.00058
1.00062
0.999207
1.00099
0.99907
0.998878
0.998698
0.999178
0.999273
1.00117
1.00139
0.999063
1.00111
0.999123
0.998898
0.998735
1.00076
0.99934
0.999136
0.999096
0.999192
1.00056
1.00078
0.999464
0.999482
0.999374
0.998964
0.99904
1.00036
1.00026
0.998598
0.999209
1.00045
0.999201
0.999199
0.999793
0.998787
0.999238
0.998972
0.999788
0.999419
1.00012
1.00056
0.999951
0.999961
1.0002
0.999826
0.999753
0.999082
0.999668
1.00063
0.999059
0.999279
0.999178
1.00006
0.999044
0.999536
0.999162
0.999192
0.999255
0.999917
0.999334
0.99994
1.00024
0.999147
0.999369
0.999827
1.00067
0.999263
0.999084
0.999914
0.999238
0.999055
1.00065
1.00104
0.999451
1.00028
0.999369
0.99997
1.00036
1.00111
0.999312
0.999229
0.999237
0.998679
0.998968
0.998906
0.999204
0.998744
0.999333
0.998962
1.00096
1.00111
0.999186
0.999193
0.999608
1.00085
0.998914
0.999503
0.998847
0.999471
0.999044
0.999078
0.999118
0.999874
0.999053
0.999239
1.00058
0.998498
0.999499
0.999153
0.999323
0.999868
0.998827
0.999104
0.998852
1.00072
0.999201
0.999063
0.999153
0.999375
0.999077
0.998464
0.999282
0.999509
1.00065
0.999084
0.998987
0.999544
0.999201
0.999131
0.999182
0.999213
0.999227
0.999336
0.999053
0.999202
0.99956
0.998941
0.998897
0.999261
1.00036
1.00063
0.999054
0.998778
0.99902
0.99923
0.999296
0.999373
0.99881
0.99891
0.999348
0.998734
1.00043
1.00078
0.999221
1.00014
0.999955
0.999168
0.999742
0.999369
1.0003
0.999093
0.999137
0.999332
0.998942
0.99928
1.00084
1.00129
1.00091
1.00122
1.00085
1.00111
0.999216
0.99975
1.00072
0.999481
0.999331
0.999458
1.00079
1.00054
1.00041
0.999376
0.999018
0.999132
0.999976
0.998983
0.998889
0.999334
0.998663
0.999068
1.00119
0.999319
0.999529
0.998906
0.99997
0.999958
0.998468
0.999279
0.999136
0.999473
0.999229
0.999212
0.998803
0.999367
0.999382
0.999198
0.999005
1.0005
0.998672
0.999445
0.99908
1.0009
0.999081
0.9989
0.998802
0.999273
0.998677
0.999064
0.998913
0.998804
0.999053
0.999517
0.999076
0.999202
0.999603
0.999255
0.999162
0.998997
0.999015
0.998931
0.998949
0.998851
0.999277
1.00015
0.999214
0.999184
1.00014
0.999139
0.999316
0.999038
0.99919
1.00052
1.00049
0.998864
0.998914
0.999013
0.999243
0.998702
0.99926
0.99871
0.998533
0.999214
0.99997
0.999039
0.999048
0.998617
1.00124
0.999187
1.00129
1.00025
1.00096
0.999074
1.00072
0.99999
0.999921
1.00024
0.999359
0.999049
0.999524
0.999469
0.999713
0.999558
0.999104
0.999746
0.999574
1.00011
1.00008
0.999346
0.999081
0.99913
0.99924
0.998921
1.00052
0.998892
0.998648
1.00011
0.998946
1.0009
1.00078
1.0004
0.999808
1.00015
0.99895
0.999583
0.999221
0.999338
0.998988
0.999933
0.999056
0.999085
0.998617
0.998432
0.999959
0.999099
1.00144
1.00073
0.998981
1.00037
0.999741
0.999118
1.00068
0.998972
0.998887
0.999042
0.999021
1.00008
0.999106
0.99922
0.999589
0.999182
0.998943
0.999016
0.9996
0.998877
0.999484
0.99931
0.999021
0.998835
0.999234
0.99926
0.999083
0.99926
1.00032
0.999107
0.998912
0.999305
1.0003
0.999181
0.998838
0.99888
0.999117
1.00009
0.999198
1.00174
1.0011
0.999242
0.999295
0.999132
0.99907
0.998955
0.999171
0.999028
1.00076
0.999096
0.999116
1.00036
0.998839
0.998999
0.999225
0.998956
0.99901
0.999005
1.0005
0.998988
0.999524
0.999007
0.999652
0.999391
0.999333
0.999106
0.999287
0.999152
0.999167
0.999018
0.999218
0.999139
0.99883
0.998815
0.999384
1.00097
1.00089
1.00013
0.999183
0.999198
0.999103
0.998654
0.999267
1.00059
1.00006
0.999606
0.999236
0.999533
0.999792
0.999672
0.999181
0.999135
0.999204
0.999342
0.999584
0.999157
0.999051
0.999012
0.998938
0.999598
0.999812
0.999483
0.998976
0.999504
0.998907
0.99939
0.999175
0.999197
0.999446
0.99913
0.999827
0.99944
0.999002
0.999707
0.999351
0.998387
1.00045
1.001
0.999246
0.999552
0.999311
0.999433
1.00089
1.00105
0.999809
0.999305
0.999252
0.999772
1.00062
0.999582
0.998789
0.999741
0.9997
0.999263
0.999779
0.99897
1.00076
0.998995
0.999674
0.999469
0.999655
0.999544
0.999032
0.999015
0.998914
1.00005
0.999381
0.999382
0.99936
1.0002
1.00058
0.999368
1.00007
1.00013
0.999231
0.999067
1.00024
0.999521
0.998921
0.999653
0.999263
1.00066
1.00026
0.99849
0.999057
0.999023
0.998941
0.999621
1.00007
0.999312
0.999305
0.999111
0.998792
0.99956
0.998487
1.00048
0.999136
0.999086
0.999243
0.999095
0.999345
0.999367
1.00056
0.999313
0.999914
0.998703
1.00074
0.999349
1.0008
0.999736
0.999698
0.999199
0.998798
1.00092
1.00065
0.998764
1.00038
0.999388
1.00084
1.00036
0.998734
0.998735
0.999009
0.99892
0.99915
0.999232
0.999143
0.999149
0.999285
1.00009
0.998864
1.00046
1.00028
0.99902
0.999243
0.999753
0.998989
0.998879
1.00089
0.998629
0.999112
1.00001
0.999703
0.999317
0.999324
1.00025
0.999376
0.998974
0.998638
0.999289
0.99904
0.999135
1.0005
0.999289
0.998885
0.999371
0.999487
1.00169
0.999107
1.00152
0.999819
0.998755
0.999451
0.999637
1.00053
1.00155
0.999312
0.999425
0.99946
0.99874
1.00063
0.999642
0.999302
1.00137
0.99884
0.999128
1.00001
0.999516
0.999028
0.999326
0.99916
0.999172
1.00057
0.999289
0.999111
1.00039
1.00016
0.999062
0.999312
1.00048
0.999138
0.99942
0.999477
0.998635
0.998619
0.99904
0.998923
0.998431
0.999409
0.999537
0.998856
0.999121
0.999416
0.999282
0.998936
0.999152
0.998893
0.999393
1.0001
1.00027
0.999395
0.999469
0.998991
0.999062
0.999516
0.999258
0.998539
0.999548
1.0001
0.999012
0.999068
0.999346
0.999135
0.999192
0.999907
0.999312
0.999257
0.999092
0.999148
0.999432
0.999254
0.999065
0.998944
0.99926
0.999293
0.99964
0.999143
0.999051
0.999114
0.999291
0.999343
0.999031
0.998853
0.999854
0.99928
0.999144
0.999458
0.999404
0.999349
1.00115
0.999438
0.999023
1.00067
1.00016
0.999168
0.999323
0.999286
1.00031
1
1.00058
0.999354
0.99859
0.998752
0.998955
0.99915
0.999694
1.00063
0.999302
0.999228
0.999536
0.999356
0.999172
1.0003
0.99847
0.999125
1.00151
0.998856
1.00017
0.999219
0.999119
0.998979
1.00124
1.00064
1.00095
1.00052
0.999965
1.00033
1.00069
0.998965
0.999178
0.998716
0.999131
1.00032
0.999277
1.00051
0.999082
0.999677
0.999474
0.998794
0.999286
0.999689
0.99936
0.999429
0.999127
1.00078
1.00063
0.999241
0.999891
0.99896
0.998767
0.999389
0.999021
0.998861
0.999037
0.999414
0.998918
1.00106
0.998847
1
1.00089
1.00076
0.998592
0.999137
0.999673
1.0008
0.999297
0.999556
0.998451
1.0006
1.00059
0.999206
0.999373
0.999222
1.0008
1.00051
1.00054
1.00092
0.999359
0.99899
0.999386
0.998924
0.999963
1.00007
0.999546
1.0005
0.999245
0.999375
0.999774
0.999527
1.00119
1.00014
1.00014
0.999046
0.999414
0.999134
0.999443
1.00011
0.999309
0.999462
0.999858
0.999352
0.999119
1.00049
0.999796
0.999538
1.00032
1.00071
0.999658
0.999182
0.999251
0.99964
0.999888
0.998916
1.00016
0.999108
0.99921
0.999885
0.999489
1.00008
0.999152
0.999049
0.999307
0.99917
0.999136
0.999263
1.0011
1.00015
0.999446
0.99976
0.999754
0.999315
0.999107
0.999541
0.999536
0.999488
0.999284
0.999052
0.999474
0.999257
0.999323
0.99919
1.00065
1.00087
1.00062
0.999327
1.00028
0.998977
0.999309
0.999654
0.999548
0.999193
0.999113
0.999326
1.0002
0.999239
0.999543
1.00086
0.999478
0.999147
0.99935
0.999371
0.999367
0.99894
0.999148
0.999192
1.00078
0.998914
0.999619
1.00028
0.999123
0.999396
0.998778
0.998715
1.00096
0.998931
0.999119
0.99923
0.999189
0.999333
0.999463
0.999058
0.999178
1.00048
0.999365
0.998724
0.999094
0.999087
1.00016
0.999198
1.00067
0.999472
0.99908
0.999984
0.999123
1.00112
0.999421
0.999152
1.00141
1.00045
1.00117
0.999146
0.999338
0.999653
0.998886
0.999217
0.999303
0.999516
0.999161
0.999019
0.999623
0.999379
0.999886
0.999721
0.999785
1.00069
1.0002
1.00098
0.999148
0.999317
0.998874
1.00044
0.999003
0.999174
0.99957
0.999365
0.998989
1.00047
0.999198
0.999543
0.999443
0.999518
1.00051
0.999216
0.999349
0.999063
0.999174
0.999304
0.99921
0.99951
1.00049
0.998904
0.999154
0.998709
0.999129
0.999036
0.998983
0.99867
0.999257
1.00113
0.999052
1.00037
0.999378
1.00012
0.999713
0.999351
0.999225
0.999366
0.999413
0.999256
0.999782
0.999222
0.999428
0.998969
1.00058
0.999158
0.999339
0.999511
0.999273
0.999383
0.999239
0.999609
0.998992
1.00044
0.998917
0.999452
0.999665
0.999111
0.999608
0.99953
0.99937
0.999395
1.00036
0.999091
0.999224
0.999345
0.999578
0.999436
0.99935
0.999325
0.999834
0.99943
0.999691
0.999168
0.999696
0.999439
0.999759
0.999146
1.0004
0.999483
0.999114
0.999141
0.999417
0.999192
0.999966
0.999363
0.999275
0.999329
0.998486
0.999275
0.998862
0.999091
1.0006
0.999845
0.999352
0.999325
0.99899
0.99947
0.998977
0.999366
0.999742
0.999244
0.999259
0.999339
0.999031
0.999476
0.999309
0.999298
0.99922
0.999413
1.00059
0.99946
0.999204
0.999614
0.999253
0.999225
0.999423
0.999591
1.00016
0.999594
0.999209
0.9992
1.00002
0.998937
0.999928
0.998999
0.99936
0.998771
1.00094
0.999613
0.999365
1.00012
1.0008
0.999513
0.998923
1.0006
0.999169
0.999939
0.999947
0.998465
0.999185
0.999043
0.998714
0.99922
0.999228
1.00052
1.00061
0.998699
1.00027
0.999205
0.999189
0.998914
0.998943
1.00003
0.999204
0.999456
0.999782
0.999113
0.999675
0.998917
0.999388
0.998752
0.999801
0.999185
0.999337
1.00003
0.999737
0.998943
0.999095
0.998961
0.998973
0.999037
0.999308
0.999176
0.998806
1.00036
1.0006
0.99919
0.999351
0.999544
0.99945
0.9992
0.999003
0.999045
0.999402
1.00067
0.99948
0.998995
0.999261
0.99923
0.999286
0.999343
0.999246
1.0005
0.9991
0.998849
0.99904
1.00046
0.999176
0.999814
0.999883
1.00065
0.999357
1.00032
1.00039
0.999265
0.999059
0.99977
1.00063
1.00057
1.00092
0.999249
1.00087
1.00017
0.999206
1.00089
0.999819
1.0009
0.998986
0.999147
0.999725
0.9987
0.999308
0.999942
0.999812
0.999212
1.00142
1.00022
0.9986
0.998742
0.999244
0.999263
1.00056
0.999141
0.999795
0.999161
0.999181
0.99919
0.999261
0.999077
1.00092
1.00042
0.999435
1.00065
1.0006
1.00098
1.00072
1.00067
1.00043
1.00067
1.0004
1.00091
1.0005
1.00021
1.00038
1.00069
1.00032
1.00096
1.00031
0.999954
1.00036
1.00031
1.00025
1.00022
1.00033
0.99956
1.00029
1.00009
0.999518
0.999237
0.999328
0.999582
0.999389
0.99917
0.999354
0.99915
0.999186
0.999123
0.999403
0.999093
0.99932
0.999177
0.999207
0.998934
0.999116
0.999343
0.999261
0.999086
0.999331
0.999148
0.999171
0.998956
0.999095
0.999685
0.999467
1.00026
1.00004
0.99957
0.99892
0.999986
1.00036
0.999526
1.00024
0.999217
1.00057
0.999586
0.999656
1.00013
0.999403
0.998865
0.99936
1.00024
0.999044
1.00013
0.998734
0.999007
0.999335
1.00049
0.999222
0.999057
0.999223
0.999162
0.99944
0.998931
0.999307
0.999474
1.00049
1.00056
0.999587
0.998832
0.999191
0.999453
0.998779
0.999211
0.998778
0.999138
0.999324
0.999402
0.999517
0.999265
0.999012
0.99869
0.999129
0.998935
0.999421
1.00102
0.99926
0.999429
0.999395
0.999128
0.999742
0.999452
0.999015
0.998888
0.999324
0.999069
0.999059
0.999477
0.99958
1.00003
0.99941
0.999744
0.999949
0.999468
0.999417
1.00022
0.999162
0.999177
0.998964
1.0006
0.998892
0.999108
0.99911
0.999336
0.999642
0.999238
0.999672
0.999917
0.999864
0.999044
0.999236
0.998493
1.0005
1.00072
0.998667
1.00033
1.00007
1.00033
1.00059
0.999655
1.00072
0.999057
0.999236
0.999417
0.999108
0.999335
0.998977
0.999132
0.998747
0.999091
0.999268
0.99911
0.99919
0.999104
0.998809
1.00087
1.00112
1.00119
1.00082
1.0007
1.00097
1.00119
0.999119
0.999158
0.999127
0.999115
0.998993
VECTORS fiber_vector float
-0.000108891 -0.000778866 1
-2.49264e-05 -0.00112436 0.999999
0.000309155 0.000496345 1
0.000277924 -0.000398048 1
-4.92216e-05 -0.000720244 1
-2.22425e-05 -4.42672e-05 1
-0.000163036 0.000118047 1
5.23516e-05 0.000312851 1
-1.04415e-06 -2.93592e-05 1
6.79849e-05 -0.000203944 1
-7.85021e-05 0.000245109 1
0.000338954 -0.000306563 1
0.000568124 -5.97628e-05 1
8.71814e-05 4.37449e-05 1
-3.45836e-05 -1.89044e-05 1
0.000273643 -0.000382131 1
0.000338058 0.000740532 1
5.253e-05 0.000135476 1
0.000108242 0.000680587 1
-2.87929e-05 -4.13847e-05 1
4.5058e-05 -0.000135223 1
0.000330255 -0.000294692 1
-4.58587e-05 -3.12143e-05 1
0.000294219 0.000922706 1
-5.86732e-05 -2.48044e-05 1
-3.11992e-05 -3.69549e-05 1
0.000280609 -0.000376927 1
-0.000111426 -0.000648467 1
-1.83464e-05 -4.16385e-05 1
0.000330777 -0.000300001 1
-3.17735e-05 3.15258e-05 1
-0.000309824 -0.000576294 1
-7.80556e-05 -7.10159e-06 1
-0.000398942 -0.000571564 1
-1.91788e-05 -2.47039e-05 1
-0.000359049 -0.000597454 1
-2.18308e-05 1.8251e-05 1
-0.000290569 0.000544607 1
-0.000220283 -6.81512e-05 1
0.000434723 1.4726e-05 1
9.05157e-05 -0.000159471 1
-3.19157e-05 -2.04927e-05 1
9.7215e-05 -1.4768e-05 1
-7.75603e-05 1.61714e-05 1
-8.18711e-05 1.80922e-05 1
0.000559678 -8.88162e-06 1
-3.14534e-05 0.000131383 1
-4.86222e-05 2.0011e-05 1
-2.23122e-05 3.26748e-05 1
2.26924e-05 -0.000107839 1
-1.98368e-05 -1.65213e-05 1
5.31005e-05 0.000129319 1
4.02338e-06 -1.67359e-05 1
4.78814e-05 0.000140482 1
1.40705e-05 -0.000274099 1
-2.04199e-05 -7.74095e-05 1
0.000106385 -0.000124517 1
1.53284e-05 2.16139e-05 1
-0.000199556 0.000365085 1
-0.00036145 -0.000570676 1
0.00028129 2.78217e-05 1
5.69351e-06 -1.71601e-05 1
5.50456e-05 0.000139513 1
3.24503e-05 6.57234e-05 1
1.7265e-05 -2.31842e-05 1
-0.000102446 4.33087e-05 1
7.06196e-06 4.37388e-05 1
1.34454e-05 3.81478e-05 1
-0.000314421 8.85682e-06 1
-2.12844e-05 -0.000107464 1
-9.62029e-05 -0.00040173 1
-0.000190375 8.93369e-05 1
6.38419e-05 0.000278682 1
-9.25768e-05 3.39647e-05 1
-0.00027719 -0.000179239 1
-1.59952e-05 -0.000172115 1
9.91913e-05 0.000922463 1
7.81862e-05 1.85321e-05 1
-0.00011722 0.00037103 1
-0.000244807 -3.66405e-05 1
-0.000137013 7.5735e-05 1
-0.000292731 -0.000141258 1
-0.000244998 0.000717909 1
-0.000246088 -6.31907e-05 1
-0.00015401 2.06973e-05 1
0.000381563 -0.000304353 1
3.78417e-05 0.000283447 1
0.000824649 0.000132438 1
-0.000252088 -0.000151601 1
3.03297e-05 -0.00025858 1
-9.43293e-05 6.42533e-05 1
-7.69951e-05 4.28131e-05 1
9.51992e-05 4.69199e-05 1
4.76694e-06 -5.62879e-05 1
1.46902e-05 -1.50436e-05 1
1.28316e-05 -9.5641e-05 1
-8.77924e-05 0.000508643 1
0.000804993 2.65353e-05 1
-1.41334e-05 -0.000170107 1
8.5985e-06 2.94571e-05 1
9.89969e-06 0.000855447 1
0.0008261 0.00011019 1
-0.00025021 0.00011283 1
0.000260143 0.000801937 1
2.72493e-05 4.4562e-05 1
4.11664e-05 1.63957e-05 1
-1.56599e-05 -9.23758e-05 1
5.81744e-05 0.000167803 1
-5.45578e-05 -0.000195115 1
0.000303457 7.68546e-05 1
9.36868e-06 -1.90983e-05 1
4.20218e-06 -1.61988e-05 1
0.000368226 0.00026071 1
-7.92924e-05 0.000225868 1
0.000276127 0.000335485 1
2.70528e-05 0.000843919 1
0.00019352 0.000922958 1
-0.00021407 -0.00015775 1
0.000372768 -0.000290788 1
-0.000117474 -0.000358269 1
-8.02016e-06 0.000548412 1
0.000101889 0.000123586 1
1.11078e-05 2.27645e-05 1
8.80216e-07 -0.000105896 1
-0.000230045 2.71631e-05 1
-8.52606e-05 1.9353e-05 1
0.000356836 0.000252201 1
0.000185758 0.000939689 1
0.000338408 0.000184694 1
-0.000174108 6.37973e-05 1
6.00706e-06 5.03352e-06 1
-5.20091e-06 -8.90245e-05 1
-0.000594689 0.000458718 1
-6.8171e-05 -2.84816e-05 1
-0.000226357 0.000495852 1
0.000193936 0.000941781 1
-6.24429e-05 -1.04352e-05 1
-7.62222e-05 -0.000468692 1
0.00015349 -0.000170984 1
-1.93556e-05 -7.89241e-06 1
2.97227e-05 0.00030768 1
-4.23142e-05 0.000720602 1
0.000282397 5.39059e-05 1
2.09845e-05 4.48707e-05 1
5.0395e-05 0.000154884 1
0.000222523 -2.0782e-05 1
-0.000882083 5.38446e-05 1
-8.14059e-05 -0.000178586 1
-3.66775e-05 -3.74282e-05 1
-0.000151052 -0.000108086 1
-8.465e-06 -1.86216e-05 1
-8.62498e-05 -0.000186046 1
-3.57725e-05 -8.97658e-05 1
-6.00292e-05 -5.95093e-06 1
5.31201e-05 0.000163282 1
4.80137e-05 0.000148844 1
-0.000128594 9.31741e-06 1
-7.43997e-05 -6.0259e-05 1
-0.00010556 5.70858e-05 1
0.000242506 -0.000356623 1
-7.90221e-05 -0.000461198 1
-0.000168217 0.000114009 1
7.90552e-05 2.23485e-05 1
-0.000106621 -9.69549e-05 1
-0.000113854 -0.000130068 1
-0.000279094 6.43366e-05 1
-0.000214403 0.000202756 1
-3.9572e-05 -8.85309e-05 1
-0.000237823 4.91046e-05 1
-0.000220729 -0.000263074 1
-2.88862e-05 -3.49209e-05 1
-0.000337041 0.000133013 1
3.70686e-05 0.000189252 1
-0.000751761 0.00030921 1
-0.00017 -0.000230748 1
0.000604313 -0.000142302 1
-0.000138135 -0.000371918 1
-0.000527588 0.000594067 1
7.12345e-05 0.000226582 1
5.42578e-05 0.00022382 1
-9.22053e-05 -0.000414195 1
-6.25915e-05 -3.46476e-05 1
-6.69986e-05 -2.05725e-05 1
-9.72738e-06 0.000102539 1
8.12933e-06 -2.49321e-05 1
-0.000537452 0.000593479 1
-1.76308e-05 3.61186e-05 1
-0.000235574 -0.000248723 1
3.15292e-05 -0.000186381 1
-0.000133669 2.61013e-05 1
-0.000156589 5.99488e-05 1
-4.95356e-06 0.00059059 1
-0.000278301 -0.000277327 1
1.65608e-05 2.14997e-05 1
-0.00013302 -0.000343307 1
-0.000209348 0.000148376 1
8.83579e-06 4.45801e-06 1
-9.35699e-05 -0.000420251 1
3.535e-05 0.00018692 1
-0.00014772 5.11405e-05 1
-0.000276651 6.54425e-05 1
-0.000587828 0.000476157 1
-0.000286243 0.000347812 1
0.00015903 -8.52667e-05 1
0.000899629 -2.47294e-05 1
-3.0235e-05 1.10299e-05 1
-8.05401e-05 -5.85176e-05 1
-7.22652e-05 -0.000352933 1
-0.00016894 0.00013574 1
-1.42762e-05 1.89349e-05 1
0.000170408 -4.62382e-05 1
-1.87818e-05 -9.43527e-05 1
-0.000263392 0.000232333 1
-0.0001246 4.25574e-05 1
-0.000593369 0.000477496 1
-0.000224685 -6.99675e-05 1
-0.000220577 -6.78789e-05 1
-5.80524e-05 -0.000366931 1
-7.13234e-05 9.13715e-05 1
-2.41465e-05 -4.11893e-05 1
0.000537103 -0.000479523 1
2.83013e-05 -1.80881e-05 1
2.32465e-05 -6.53988e-06 1
-0.00014204 -0.000287168 1
-4.25016e-05 -0.000223244 1
0.000411278 -0.0006477 1
0.000113775 -6.32385e-05 1
-2.35126e-05 -0.000228851 1
0.000515188 -0.000509004 1
-3.78793e-05 -3.41241e-06 1
0.000433467 1.4424e-05 1
-0.000125533 -0.000181503 1
0.000143992 -7.92138e-05 1
-0.000194433 -0.000663108 1
-7.61646e-05 0.000251635 1
2.2668e-05 -4.0865e-06 1
3.47984e-05 2.42082e-05 1
-0.000134809 -7.55702e-05 1
-5.47939e-05 -0.000330962 1
-0.000105564 -0.000305155 1
-9.9459e-05 -0.000383625 1
2.38129e-05 -0.000159825 1
5.81926e-05 7.22306e-05 1
-0.00012329 1.73783e-05 1
0.00023589 -0.000460381 1
0.000145061 -7.11573e-05 1
0.000336623 -0.000218921 1
0.000724361 -8.3279e-06 1
-0.000627737 -0.000374658 1
5.90786e-05 3.97072e-06 1
-0.000139946 5.94503e-05 1
6.05995e-05 7.17436e-05 1
-0.000178944 -0.00043038 1
1.93211e-05 -5.16264e-05 1
3.57714e-05 5.76244e-06 1
-0.000105487 5.76607e-05 1
-0.000103094 1.38625e-05 1
4.04381e-05 -5.33317e-06 1
-5.87965e-06 -1.80622e-05 1
4.8401e-05 0.000134464 1
3.54937e-05 1.19777e-05 1
-0.000230063 7.16021e-05 1
2.94276e-05 9.98556e-05 1
0.000222655 2.01332e-05 1
-0.000161633 9.60744e-05 1
-8.39362e-05 -3.18299e-05 1
-5.87965e-06 -1.80622e-05 1
0.000246232 3.13707e-05 1
5.48289e-05 2.83264e-05 1
-0.000112429 5.70126e-06 1
0.000128502 0.000117175 1
-0.000113741 8.44152e-06 1
1.95171e-05 -2.69349e-05 1
-5.57428e-06 -9.65566e-05 1
1.92813e-05 -8.20026e-06 1
0.000130403 0.000224935 1
0.000234218 -0.000462023 1
-3.17784e-06 0.000104013 1
0.000164335 -6.7847e-05 1
3.14762e-05 0.00010131 1
-0.000104375 3.59049e-05 1
1.96841e-05 0.000105648 1
0.000447038 0.000139984 1
-5.68013e-05 8.5947e-05 1
-5.94388e-05 8.66183e-05 1
0.00044276 0.000145642 1
0.000613844 -4.14388e-05 1
0.000368226 0.00026071 1
0.000444803 0.000143407 1
-4.29922e-05 0.000173016 1
-3.79123e-05 0.000180116 1
5.5887e-05 7.53412e-06 1
-5.87965e-06 -1.80622e-05 1
-6.28282e-05 -9.29616e-06 1
-0.000130485 6.82566e-05 1
-0.000132671 6.94805e-05 1
0.000613844 -4.14388e-05 1
0.000381469 -0.000187702 1
-4.03506e-05 6.17801e-07 1
-3.43437e-05 -4.61084e-06 1
0.000386157 -0.000179671 1
0.000318743 -0.000401226 1
0.000384245 -0.000185955 1
0.000318743 -0.000401226 1
-0.000149771 0.000556545 1
0.000183847 -0.000657078 1
0.000228272 -0.000486812 1
0.000227903 -0.000484518 1
-5.08678e-05 0.000175564 1
-5.22447e-05 0.000181037 1
-0.000273603 -0.000263997 1
-0.000285331 -0.000282341 1
-0.000202713 -0.000159528 1
-0.000115995 -0.000101629 1
-4.60507e-05 4.87597e-05 1
-9.39063e-05 3.63309e-05 1
-0.000484638 -0.000119836 1
-0.000325354 -8.77939e-05 1
0.000490456 -0.000583679 1
-6.28105e-05 9.39813e-05 1
-6.15161e-05 9.47285e-05 1
-4.60882e-05 -2.98542e-05 1
-0.000178687 -9.8146e-07 1
9.63667e-06 5.7871e-06 1
-0.000139033 -0.000176201 1
-0.00014045 -0.000176791 1
-5.21975e-05 -0.000332119 1
-0.00011889 -0.000193808 1
0.00040843 -0.000233602 1
-9.60415e-05 0.000720768 1
-3.86733e-05 4.47392e-05 1
-6.27695e-05 1.24351e-05 1
-0.000107557 1.48925e-05 1
-0.000111893 0.000721689 1
5.15586e-05 4.43906e-05 1
0.000272203 0.000827772 1
-0.000328139 -0.000287497 1
-0.000184744 -0.000268629 1
0.000418325 -0.000228733 1
0.000853424 0.000134459 1
-9.40911e-05 -0.000235073 1
6.37177e-05 0.000672984 1
-0.000465229 0.000250216 1
-0.000355597 0.000224635 1
-0.000466609 0.000250038 1
0.000375545 -0.000274384 1
2.25925e-05 3.2777e-05 1
-0.000468597 -0.000369236 1
3.57191e-05 0.000780144 1
-0.000316883 -0.000505908 1
-0.000316487 -0.00052743 1
-0.00028198 -0.000468147 1
-0.00028161 -0.000467129 1
-2.2385e-05 -9.09922e-05 1
-1.53617e-05 6.79812e-05 1
3.38358e-05 0.000296472 1
4.03946e-05 1.38633e-05 1
-0.000357096 0.000224484 1
-0.000392861 0.000549535 1
5.15418e-05 5.0988e-05 1
-5.31634e-05 0.000671617 1
-0.000392264 0.000549553 1
-0.000120376 -0.000295046 1
9.59587e-05 0.000107901 1
-5.92523e-05 5.37981e-06 1
-7.13108e-05 -0.000184032 1
-0.000334359 -4.08057e-05 1
-3.07329e-05 -0.000347513 1
8.1428e-05 -0.000208148 1
8.54031e-05 -0.000219694 1
-0.000315008 0.000139086 1
-2.15351e-05 -3.25529e-05 1
-0.000106677 0.000103444 1
-0.000107258 0.000103491 1
-0.000322029 -0.000101581 1
-0.000320867 -0.000100997 1
-5.69617e-05 0.000695404 1
3.60721e-05 3.85363e-05 1
-4.32504e-05 -0.000347418 1
-0.000204979 -0.000407646 1
-6.5644e-05 -2.18894e-05 1
5.01631e-05 -2.05974e-05 1
-0.000290425 -5.03749e-06 1
-0.000298129 -3.81308e-06 1
-0.000277789 0.000201551 1
-0.000107663 0.000246631 1
-0.000281251 0.000195262 1
-0.000267715 0.000212238 1
-0.000213146 -5.01494e-05 1
-7.34752e-05 -8.90712e-05 1
-0.000276603 -1.29834e-05 1
-0.000115783 1.83335e-05 1
-0.000184561 0.000118886 1
0.000152296 -0.000517706 1
-0.000597381 8.96902e-05 1
-0.000164634 0.000123833 1
-0.000286341 -3.69339e-05 1
-0.000597961 8.95964e-05 1
0.00015619 -0.000519559 1
6.2102e-05 0.000198305 1
-4.82911e-05 6.83802e-05 1
-1.80004e-05 -1.68635e-06 1
-0.000287997 0.000175143 1
-0.000316295 0.000177313 1
-0.000257726 0.00018002 1
-0.000113221 1.23701e-05 1
-0.000209967 -6.99069e-05 1
0.000158073 0.000432498 1
-0.000209884 -6.97337e-05 1
0.000102931 -9.33011e-06 1
-0.000368729 0.000107412 1
-0.000367996 0.00010649 1
-6.57171e-06 0.000537868 1
-5.68752e-05 6.54381e-05 1
5.46934e-05 2.63172e-05 1
0.000104892 1.86103e-05 1
0.000104637 1.83918e-05 1
-6.93831e-05 -1.8803e-05 1
0.000130437 5.95301e-05 1
-0.000148104 -0.000197176 1
0.000407353 1.5715e-05 1
-3.91988e-05 0.000661835 1
4.14328e-05 -0.000151626 1
4.94494e-06 -1.78208e-05 1
0.000415621 -3.69047e-05 1
1.44915e-05 0.000323602 1
-0.000167813 -0.000583804 1
4.07723e-05 -0.000150751 1
-0.00026758 0.000334641 1
4.94101e-05 0.000210764 1
4.86368e-05 0.00020991 1
9.03032e-05 7.47189e-05 1
-0.000259923 0.000337295 1
-5.75526e-05 0.000225927 1
0.000409077 1.61229e-05 1
4.38035e-05 -1.78003e-07 1
4.23265e-05 4.28154e-05 1
4.65516e-05 4.01304e-05 1
-0.00061646 -0.000103957 1
-0.000613841 -0.00010502 1
0.00090158 4.04089e-05 1
-0.000137384 -3.84799e-05 1
-0.000144103 -3.87353e-05 1
-0.000321167 0.000422812 1
-0.000337605 -0.000470475 1
-0.000167905 0.000101538 1
-3.07282e-05 -0.000191729 1
-9.46099e-05 -0.000626469 1
-0.000512541 -0.000322209 1
-0.000428183 -0.000189518 1
0.000897608 3.8917e-05 1
0.000645757 -0.000181084 1
-0.0004263 -0.00019017 1
-0.000786672 0.00025663 1
-0.000425986 0.00020999 1
-0.000785775 0.000258483 1
-0.000378173 0.000615023 1
-0.000368586 0.00060139 1
-0.000449747 0.000256579 1
3.15292e-05 -0.000186381 1
0.000455909 -0.000798925 1
4.21413e-05 1.23997e-05 1
0.000647708 -0.000179975 1
-1.2457e-05 0.000101436 1
-0.000469432 -0.000109651 1
2.53398e-05 5.71909e-05 1
7.55817e-05 -2.35283e-05 1
-0.000539378 0.000102556 1
-9.66869e-05 -0.000627937 1
1.44947e-05 -0.000770174 1
0.000208947 -0.000638612 1
-0.000421633 0.000211955 1
-0.000543329 0.000482779 1
-9.24542e-05 0.00036677 1
-0.000303104 0.000590932 1
-0.000546402 0.000479127 1
-0.000994713 -0.000290424 0.999999
-0.00100503 -0.000252531 0.999999
-0.0010434 0.000181876 0.999999
-0.00043336 -0.000622874 1
-0.000440157 -0.000628172 1
-0.00110007 0.000155236 0.999999
-0.00065406 0.000430674 1
-0.000756307 0.000544495 1
-0.000695693 0.000524878 1
-0.00076126 0.000545884 1
-0.000513075 0.000581162 1
-0.000509373 0.00058616 1
-0.000117351 4.65322e-05 1
-0.000700965 -0.000521481 1
-0.000492262 -0.000831841 1
-0.000498387 -0.000851586 1
-0.000854297 5.63594e-05 1
-0.0008743 8.05801e-05 1
-0.000514709 -0.000687405 1
-0.000883528 0.000132322 1
-0.000874544 0.000202616 1
-0.000697114 0.000526557 1
-0.000701072 0.000526405 1
-0.000601284 0.000649707 1
-0.000337278 0.000755784 1
-0.000300196 0.000686329 1
-0.000571775 0.000691829 1
-0.000268311 0.000668141 1
-0.000904779 -0.000351433 1
-0.000902309 -0.000349949 1
-0.000849255 8.65179e-05 1
-0.000709062 -0.000521149 1
-0.000520152 -0.000691638 1
-0.00100014 -0.000269971 0.999999
-0.000809777 0.00031764 1
-0.00088835 0.000489834 0.999999
0.000431841 -0.000815961 1
-0.000759646 0.000648616 1
-0.000763274 0.000642521 1
-0.00037596 -0.000648546 1
-0.0003757 -0.000648326 1
-0.000840839 -0.00058255 0.999999
-0.000844078 -0.000537183 1
-0.000721978 -0.000718957 0.999999
0.000436839 -3.38708e-05 1
-2.6112e-05 6.04723e-05 1
-0.00052431 -0.000883573 0.999999
0.00049652 0.000617481 1
-0.00101433 -1.87262e-05 0.999999
0.000303515 0.000698332 1
-0.000746611 0.000352069 1
-0.00013077 4.08022e-05 1
-0.00054034 0.00059397 1
-0.000184127 -0.000585864 1
-3.30723e-05 -3.38122e-05 1
-8.83998e-05 -4.06856e-06 1
1.50607e-05 -5.52852e-06 1
0.00025433 3.1989e-05 1
0.000533947 0.000597774 1
-0.000529454 -0.00050017 1
0.000261145 -0.000108634 1
-0.000137215 -0.000205537 1
-0.000143701 -0.000157215 1
-0.00045403 -0.000306188 1
-0.000448776 -0.000298933 1
-0.000594693 0.000478992 1
-3.55084e-05 -4.06928e-05 1
-0.000426438 -0.000708041 1
-0.000421972 -0.000712761 1
-0.000838352 -0.000241985 1
-0.000593999 -0.000371159 1
-0.0002341 -0.000318233 1
-0.000236108 -0.000319539 1
-0.000593999 -0.000371159 1
-0.000830036 -0.000244204 1
-0.00103989 1.60093e-05 0.999999
-0.00103989 1.60093e-05 0.999999
-0.000812908 0.000117981 1
-0.000818229 0.00011763 1
-0.000388059 0.000602938 1
-0.000386604 0.000603825 1
-0.000448607 0.000239112 1
-0.000449952 0.000241108 1
-0.00066231 0.000184306 1
-0.00066231 0.000184306 1
-0.00083042 -0.000242705 1
-0.000824047 3.07929e-05 1
-0.000313266 0.000199582 1
-0.000318578 0.000191018 1
3.30095e-05 -1.92909e-05 1
2.75934e-05 -1.13628e-05 1
8.81785e-05 -1.36174e-06 1
8.8236e-05 6.0804e-07 1
3.10672e-05 -5.46693e-05 1
3.13581e-05 -5.63768e-05 1
-0.000214592 0.000416969 1
-0.000119596 -7.10143e-06 1
-1.05358e-06 -1.94959e-05 1
-0.000214592 0.000416969 1
-0.000112813 -1.15982e-05 1
-0.00013221 0.000461889 1
-0.0001323 0.000459743 1
-0.000511211 1.90291e-05 1
-0.000315629 0.000197426 1
0.000100961 -0.000162224 1
8.83775e-05 -0.00015378 1
-6.57732e-05 -1.91214e-05 1
0.000494536 0.000598637 1
0.000125449 -4.68566e-05 1
0.000124798 -4.51886e-05 1
0.000399103 -0.000170912 1
0.000370586 -0.000155296 1
0.000532641 0.000599061 1
0.00016749 0.000597847 1
0.000258352 -1.47011e-05 1
-6.08612e-05 -0.000147329 1
7.00149e-05 -0.000301998 1
0.000281632 0.00092145 1
0.000114594 0.000684914 1
-0.000482928 0.000382005 1
-0.000758913 3.41811e-05 1
0.000318566 1.1523e-05 1
0.000317158 1.11622e-05 1
9.58392e-05 -2.0127e-05 1
-7.11587e-05 -0.000662457 1
-0.000865272 0.000104867 1
0.000403137 -0.000236429 1
-0.000178336 -0.000594404 1
-0.000190091 -0.000591748 1
0.000375337 -0.000532401 1
0.000137829 -6.66828e-05 1
-7.23016e-05 -0.000662712 1
0.000275214 -0.000249738 1
-3.20364e-05 -6.01952e-05 1
0.000556782 1.42805e-05 1
0.000262306 3.24996e-05 1
-0.000836406 0.000143348 1
0.000202656 5.23449e-06 1
-5.26669e-06 -1.43619e-07 1
1.3113e-05 -3.10188e-05 1
0.000531863 -0.000838942 1
0.000308602 -0.000239368 1
0.00029158 -0.000218914 1
0.000569405 -0.000871337 0.999999
-5.73624e-06 9.02416e-05 1
-0.000102568 -2.25355e-06 1
0.000316494 -0.000266066 1
2.13743e-05 -7.17001e-05 1
-0.000325765 -0.000149722 1
-1.72263e-05 3.19984e-05 1
0.000322556 -2.13335e-05 1
0.000319869 -2.28618e-05 1
-1.32745e-05 -0.000143073 1
0.000291596 -0.000218937 1
0.000520084 -0.00088025 0.999999
0.000603986 -0.00082769 0.999999
0.000644038 -0.00110763 0.999999
-3.12362e-05 -4.36993e-05 1
-3.42083e-05 5.54874e-05 1
0.000492476 -0.000585181 1
-6.50732e-05 9.02389e-05 1
5.15433e-05 -2.16925e-05 1
6.65729e-06 2.06065e-05 1
2.06223e-05 2.94689e-05 1
-3.75582e-06 4.21277e-05 1
8.21767e-05 -0.00019873 1
0.000761662 0.000246229 1
-0.000114239 2.01345e-05 1
-3.94633e-06 0.00015106 1
-7.64706e-05 9.66473e-05 1
-2.58829e-05 -7.94093e-05 1
0.000142471 -0.000186505 1
-2.44088e-05 0.000115121 1
-2.44127e-05 0.000115172 1
-5.43161e-06 -0.000150079 1
-5.56718e-06 0.000150035 1
0.00028615 5.42424e-05 1
7.72702e-05 -0.000127665 1
0.000235156 -2.28781e-06 1
0.000501262 -0.000192812 1
-0.000117878 2.03202e-05 1
0.000155681 -0.000541917 1
0.000150887 -0.000539347 1
-0.000185569 0.000503118 1
-0.000105683 0.000179373 1
-9.99859e-05 0.000172479 1
-6.8828e-06 0.000145675 1
0.000825866 -0.000529906 1
0.000726427 -0.000382335 1
0.000829466 -0.000557399 1
0.000777203 3.4465e-05 1
0.000780756 3.33084e-05 1
-5.95861e-06 0.00014538 1
0.000604049 -0.00011948 1
-5.01002e-06 -3.99181e-05 1
0.000536991 -0.000489102 1
-0.000236689 0.000330368 1
0.000431167 -0.000822842 1
0.000735762 -0.000418334 1
-0.000241071 0.000145267 1
-1.96069e-05 -9.49129e-05 1
0.000820003 -0.000580405 1
0.000883256 0.00013143 1
0.000937361 -0.00024183 1
-0.000324961 0.000142553 1
-4.77566e-05 8.11374e-05 1
-0.000210027 0.000204663 1
0.0008185 -0.000571307 1
0.000419008 -0.000574405 1
0.000431752 -0.00057551 1
0.000558076 -0.000678074 1
0.000555948 -0.000671388 1
0.000512293 -0.0010158 0.999999
0.000484445 -0.00101685 0.999999
0.000766451 -0.000489894 1
0.000806523 -0.000420426 1
0.0010054 3.62808e-06 1
2.36424e-05 -0.000179473 1
-0.000148724 1.89013e-05 1
0.000422057 -0.000459378 1
0.000421134 -0.000460186 1
0.000779657 -0.000437242 1
0.000602129 -0.000804757 1
0.000128352 -0.000519094 1
0.000602129 -0.000804757 1
0.000130187 -0.000745303 1
0.000776715 -0.000451439 1
0.00080784 -0.000108929 1
0.000809323 -0.000109419 1
0.000457084 -0.000430045 1
0.000925647 -0.000111594 1
-0.000511211 1.90291e-05 1
-0.000447952 -0.000289489 1
0.000329302 -0.000284294 1
5.80486e-05 -8.62776e-05 1
0.000152796 9.73974e-05 1
0.000153399 9.82867e-05 1
0.000269658 8.61081e-05 1
-2.60691e-05 -0.000102107 1
-3.41469e-05 -5.24527e-06 1
0.000309985 0.00014696 1
0.000309396 0.000144731 1
-4.5783e-06 0.000639034 1
5.62769e-05 -5.23749e-05 1
0.000368507 0.000203348 1
0.000372499 0.00020399 1
-0.000174747 4.9186e-05 1
-0.000254084 -0.000294224 1
-2.74156e-05 2.38218e-06 1
-2.94516e-05 -1.08535e-05 1
7.70137e-05 -7.22226e-05 1
-3.73049e-05 -3.97277e-05 1
-0.000309938 0.000593096 1
0.000342786 -7.44656e-05 1
0.000608536 -0.000298757 1
-3.06232e-06 0.00064478 1
0.000535496 0.000361867 1
0.00026085 4.47936e-05 1
0.000109646 8.33333e-06 1
0.000608175 -0.000120602 1
0.000849729 0.000349665 1
0.000847703 0.000351228 1
0.000605325 0.00041641 1
0.000870235 4.65332e-05 1
0.000884527 0.000128989 1
0.000995475 3.44792e-06 1
0.000380918 0.000691291 1
0.000772767 0.000294651 1
-0.000138686 1.79409e-05 1
0.000781567 0.000438111 1
0.000774331 0.000444352 1
0.000768852 0.00019261 1
0.000925647 -0.000111594 1
-0.000448291 -0.000288158 1
-0.00040048 -0.000509964 1
-0.000511211 1.90291e-05 1
0.000124012 8.0837e-05 1
0.000124202 8.09524e-05 1
0.00010345 0.00015045 1
0.000267274 7.31633e-05 1
0.000219223 0.000321654 1
0.000220108 0.000318634 1
0.000269758 0.000298356 1
0.000502597 0.000271043 1
0.000476387 0.00062566 1
0.000365105 0.000236893 1
-7.86774e-05 0.000112017 1
0.000177137 0.000171772 1
0.000160534 -6.94907e-05 1
0.000102428 0.000138091 1
0.000255265 0.000116749 1
-2.4304e-05 0.000115646 1
-0.000138706 3.82996e-05 1
0.000275204 2.46371e-05 1
0.000200399 -1.30155e-05 1
-3.81029e-05 -2.52166e-05 1
0.0005024 0.000498684 1
-0.000220508 0.000602646 1
0.000667563 -0.000349933 1
0.000525559 0.000643601 1
0.000509969 0.000500697 1
0.000709646 0.000375817 1
0.000606999 0.000416962 1
-0.000554565 1.48102e-05 1
-9.85756e-05 1.89786e-05 1
0.000563113 0.000545785 1
0.000560736 0.000541183 1
0.000329454 0.000733267 1
0.00077174 0.000185291 1
0.000769905 0.000189815 1
0.000660255 0.000373433 1
4.47474e-05 0.000134723 1
4.75097e-05 0.000141119 1
0.000103512 0.000150705 1
-0.000204544 -0.000572036 1
-0.000202923 -0.000568398 1
-0.00040048 -0.000509964 1
0.000105602 0.000160415 1
6.51596e-05 0.00027076 1
0.000221857 0.000356591 1
0.00027109 0.000294865 1
0.000460809 0.00059518 1
0.000184363 0.000353183 1
0.000192621 0.000547971 1
0.000208846 0.000349992 1
8.4769e-05 0.000792573 1
8.98401e-05 0.000331269 1
8.62475e-05 0.000305326 1
0.000155833 0.000135686 1
0.000258721 0.000121319 1
0.000432281 -0.000439455 1
-0.000235249 2.73972e-05 1
0.000135871 0.000143222 1
0.000184434 0.000172898 1
-8.08037e-06 0.000322985 1
-5.70584e-06 0.000322227 1
3.39646e-05 -5.55929e-05 1
-1.30537e-05 6.52555e-05 1
0.000114084 -7.19821e-05 1
-0.000107328 -6.00093e-05 1
0.00050559 0.00050045 1
0.000523739 0.000643297 1
0.00039247 0.000775684 1
0.000394565 0.000780588 1
0.000215255 0.000486912 1
0.000507865 0.000499902 1
0.00040761 0.000789725 1
0.000412121 0.000801367 1
0.000377869 0.000695956 1
-0.000548844 3.46167e-05 1
0.000642748 0.000817469 0.999999
-0.000675792 -2.04636e-05 1
-0.000192965 0.000535033 1
-0.000158993 -0.000177531 1
-5.0995e-06 -0.000513095 1
0.000579959 0.000528784 1
0.000660255 0.000373433 1
0.000286434 0.000581051 1
0.000313128 0.000562614 1
0.000360012 0.000428647 1
0.000363029 0.00042872 1
7.92577e-05 0.000474828 1
-0.000662903 -7.9751e-05 1
4.59578e-05 4.86139e-05 1
4.11664e-05 1.63957e-05 1
-0.000132966 -1.26833e-05 1
-7.67726e-05 -7.38383e-05 1
7.84757e-06 -0.000345593 1
1.08887e-05 -0.000335109 1
-1.60964e-05 -2.22041e-06 1
-0.000239925 -0.000369783 1
0.000796335 0.000193887 1
0.00012823 -0.000386845 1
0.000125343 -0.000393716 1
-8.50355e-05 1.94862e-05 1
-0.000205016 -0.000407521 1
-1.31e-05 3.30342e-05 1
2.96603e-06 0.000242413 1
-0.000101859 -0.000107462 1
-3.83617e-05 -3.02916e-05 1
8.51188e-05 -9.82542e-05 1
3.20331e-05 -0.000182899 1
2.05871e-06 -5.9873e-05 1
-0.000286952 -8.96236e-05 1
7.49317e-05 0.000686489 1
0.000804988 0.000142713 1
-0.000587027 -0.000615971 1
-0.000292389 -8.45888e-05 1
-0.000333247 -0.000527666 1
0.000120709 -0.000892898 1
0.000121264 -0.000892718 1
5.6983e-05 -0.000746914 1
-2.48989e-05 -0.00111032 0.999999
0.000255058 -0.000126704 1
3.37626e-05 -0.000702085 1
-0.000197774 -0.000653647 1
0.000581474 0.000531772 1
0.000440509 -0.000473943 1
7.22614e-05 0.000460965 1
-2.65954e-05 0.00012377 1
-7.45455e-05 -7.05371e-05 1
-5.46129e-05 -1.6489e-05 1
-6.67579e-05 1.43882e-05 1
0.000390117 -0.00054607 1
0.000149652 -7.45446e-05 1
1.96925e-05 6.53443e-05 1
8.28445e-06 -1.73897e-05 1
3.16463e-05 -7.99786e-05 1
2.4448e-05 -0.000176493 1
0.000834761 0.000160178 1
2.56114e-05 -0.000121654 1
-0.00017877 -8.47863e-06 1
-2.67205e-05 -5.36499e-05 1
-0.000121528 -0.000146687 1
5.79664e-05 -0.00074755 1
0.000472169 -0.000905841 0.999999
-1.38245e-05 -0.000219139 1
2.73995e-05 -0.000704197 1
-0.000106818 -0.00102 0.999999
0.000133437 -0.000513708 1
4.07556e-06 -0.000554226 1
0.000131445 -0.000745383 1
-7.62222e-05 -0.000468692 1
-0.00012799 -9.78481e-05 1
0.000544831 -0.000506572 1
4.21617e-05 0.000282412 1
3.71207e-05 -0.000605753 1
-1.50888e-05 -0.000160865 1
3.64893e-05 -0.000600372 1
-1.50888e-05 -0.000160865 1
-0.000644635 0.000157589 1
-7.04379e-05 3.69191e-05 1
-0.000658544 0.000180435 1
-8.53262e-05 0.000190595 1
0.000105726 0.000159731 1
-1.35742e-05 -0.000220768 1
7.06659e-05 0.000271183 1
-6.02593e-05 -3.75793e-06 1
1.57023e-05 0.000331228 1
7.22424e-05 0.000696973 1
0.000803708 0.00014961 1
-8.27554e-06 0.000482745 1
0.000187351 0.00034757 1
0.000805891 0.000139683 1
-4.13507e-05 0.000654558 1
-0.00103988 6.88652e-06 0.999999
0.0001927 0.00054097 1
-0.000124315 0.000177352 1
-7.59236e-05 0.000199262 1
-7.04294e-05 0.000174118 1
-0.000211451 -6.34854e-05 1
1.14702e-05 0.000344672 1
3.97388e-05 -0.000453847 1
1.09977e-05 0.000346019 1
0.0001518 0.000118074 1
-0.00026634 0.00020705 1
3.94712e-05 -0.000453849 1
-0.000103545 0.000485241 1
-0.000103651 0.0004812 1
9.12291e-05 7.51822e-05 1
0.000151696 -7.42652e-05 1
0.000153936 -6.60055e-05 1
-0.000119878 -5.80974e-05 1
3.1582e-05 -5.46925e-05 1
-0.000309921 0.000437308 1
-1.30767e-05 0.000638881 1
-6.23216e-05 0.000449488 1
-1.38183e-05 0.00063948 1
-6.45576e-05 0.000398996 1
0.000286267 -0.000383473 1
-6.35405e-05 0.000450267 1
-0.000298262 0.000588821 1
-6.66168e-05 0.000747228 1
8.14902e-05 0.000603001 1
7.56542e-05 0.000596923 1
0.000216591 0.00049099 1
-4.12982e-05 0.000868291 1
-0.000341106 0.00077626 1
-5.35694e-05 0.00089335 1
-0.000299687 0.000698678 1
-0.000906181 -0.000418677 1
-0.000921315 -0.000399349 1
0.000382287 0.000707303 1
0.000732821 -5.30315e-06 1
2.33757e-05 0.00101949 0.999999
2.7868e-05 0.00100624 0.999999
-0.00022211 6.25489e-05 1
2.99451e-05 -5.56881e-05 1
-6.5344e-05 0.000482169 1
-6.5344e-05 0.000482169 1
-0.00104261 -4.31188e-06 0.999999
0.000145336 9.50979e-05 1
0.000194644 0.000922582 1
1.40816e-05 5.17454e-05 1
6.66997e-05 -0.000205472 1
3.8889e-06 -0.000140364 1
-5.56109e-05 -0.000162291 1
-6.03083e-05 -0.000153466 1
-6.28282e-05 -9.29616e-06 1
-6.01226e-05 -4.58764e-06 1
-6.47687e-05 -1.56151e-05 1
3.33585e-05 1.20694e-05 1
-0.000341202 0.000121862 1
0.000232062 -0.000300388 1
0.000504286 0.000273991 1
0.000537772 0.00024196 1
3.32597e-05 4.02115e-05 1
3.36445e-05 1.77467e-05 1
6.02153e-05 0.000286174 1
0.000830635 0.000185274 1
-4.52991e-05 -1.93179e-05 1
-1.32857e-05 -4.64804e-05 1
0.000138902 -8.96681e-06 1
4.8331e-05 -9.32055e-05 1
-2.78849e-05 -3.42158e-05 1
5.72239e-05 0.000179092 1
-4.19352e-05 -6.28432e-05 1
8.95681e-06 7.78115e-05 1
0.000135036 -8.08457e-05 1
4.84254e-05 0.000135054 1
4.39264e-05 0.000112733 1
-0.000258806 -0.000141034 1
-0.000115461 -0.000167754 1
0.000136329 -7.99928e-05 1
0.000769259 0.00022975 1
8.22495e-05 -0.000204867 1
-0.000496206 -0.000140968 1
1.09593e-05 7.34115e-06 1
0.000174213 1.46238e-05 1
2.34271e-05 -3.15351e-05 1
1.30183e-06 -4.31637e-05 1
9.41196e-05 -7.82886e-05 1
8.37936e-05 -9.86465e-06 1
5.14273e-05 -2.05604e-05 1
-7.07184e-06 0.000171791 1
4.31559e-05 -2.38911e-05 1
4.28948e-05 1.54499e-05 1
-1.9774e-05 -0.000139682 1
0.000770091 0.000186771 1
-0.000168973 8.2675e-05 1
-4.65431e-05 6.00578e-05 1
6.13106e-05 0.00019752 1
7.37559e-05 -0.000306126 1
9.29805e-05 -8.02386e-05 1
5.60379e-05 0.000189788 1
0.000687842 -5.37878e-05 1
4.16358e-05 -1.23714e-06 1
-2.07071e-05 5.80454e-05 1
-0.000162364 -0.000146474 1
9.1154e-05 1.75017e-05 1
-4.78556e-05 -5.04745e-05 1
-0.000234317 0.000105832 1
-0.000215576 3.08009e-05 1
0.000758554 0.000206041 1
8.35419e-05 0.000649691 1
-0.000398193 0.000275468 1
0.00075317 0.000252559 1
-7.64683e-05 -8.81768e-05 1
8.17552e-06 0.000158851 1
0.000126236 3.62906e-05 1
0.000482073 0.00096579 0.999999
-2.334e-05 0.000159097 1
0.000121871 -8.63635e-05 1
-0.000154433 0.000231907 1
0.000213345 -0.000326749 1
4.59457e-05 -0.000334988 1
-0.000147801 -0.00017173 1
0.000318852 0.000198174 1
6.83224e-06 -7.66803e-05 1
0.00012673 -0.000196664 1
0.000304565 0.000153147 1
-8.48925e-05 -6.96524e-05 1
-0.000171357 3.13553e-05 1
-0.000152249 -0.000187421 1
0.000134549 0.000143349 1
5.51453e-05 0.000148114 1
-1.50888e-05 -0.000160865 1
0.000444805 0.000268834 1
-1.141e-05 -0.000103819 1
7.95434e-05 0.000368919 1
0.000331477 0.000105988 1
0.000129552 -9.14314e-05 1
-0.000401068 -0.000149234 1
-0.00015208 0.000555662 1
-0.000122791 -9.54056e-05 1
1.53805e-05 -2.9969e-05 1
-0.000166873 -0.000171631 1
3.77382e-05 -4.61595e-05 1
0.000100913 0.000182885 1
-0.000128887 -0.000102319 1
0.000299848 -0.000123441 1
0.000298879 -0.000137917 1
-8.35559e-06 -0.000295728 1
0.000305969 -0.000241522 1
0.000272105 -2.23335e-05 1
0.000346924 -0.000250022 1
0.000364457 -0.000258997 1
-0.000130565 0.000270741 1
-0.0002036 -0.000202151 1
-9.95698e-05 -0.000804433 1
-0.000157071 -0.000124136 1
-7.15009e-05 -6.86236e-05 1
-0.000242743 -0.000847362 1
-9.56177e-05 8.97119e-05 1
-3.09048e-05 -4.15927e-05 1
-0.000376696 0.000289393 1
-4.61482e-05 0.000127215 1
-4.37628e-05 3.7088e-05 1
0.000259141 0.000372282 1
-6.06685e-05 8.98531e-06 1
0.000433622 -0.000137071 1
0.000256501 0.00036811 1
-5.28581e-06 8.08612e-05 1
-0.000156864 -0.000151286 1
-5.40298e-05 8.54085e-05 1
-6.62965e-05 -3.71408e-05 1
5.22301e-05 -8.02747e-06 1
-0.000112294 4.2707e-05 1
-0.000108162 3.73319e-05 1
5.36419e-05 -1.08789e-05 1
0.000166575 0.000251009 1
0.000839714 -0.000236757 1
-6.94567e-05 5.72365e-07 1
-1.15564e-05 4.38234e-05 1
-3.06271e-05 -1.52532e-05 1
0.000854692 0.000288544 1
-0.000131492 -0.000327897 1
0.000112168 -1.59206e-05 1
0.000281071 0.000394217 1
2.38976e-05 5.11355e-05 1
0.000108576 -0.00021299 1
7.70422e-05 -2.27248e-06 1
9.70205e-05 -7.79127e-05 1
9.83253e-05 -8.36166e-05 1
2.51926e-05 5.31241e-05 1
-6.06682e-05 7.03392e-05 1
0.000106954 1.05618e-05 1
9.1287e-05 -0.00020633 1
-0.000349209 -0.000199421 1
-0.000187647 3.04173e-05 1
0.000115279 -1.47868e-05 1
-7.0162e-05 0.000279294 1
-4.55992e-05 -4.33963e-05 1
0.000769447 -0.000446519 1
0.00058995 -0.000609614 1
0.000587031 -0.000611202 1
0.000767179 -0.00105786 0.999999
-0.000303158 -0.000532673 1
0.000425272 -4.67408e-06 1
0.000774815 -0.000446802 1
5.0328e-05 -0.000295206 1
3.67164e-05 -1.28463e-05 1
-8.71659e-06 -0.000527626 1
0.000439069 -9.4584e-06 1
-0.000155449 -0.000282179 1
0.000102526 -5.12885e-05 1
0.000635496 0.00052126 1
-0.000152085 -0.000186927 1
0.000515042 0.000235298 1
0.000100203 1.13586e-05 1
6.04086e-06 2.07079e-05 1
0.000734337 0.000261406 1
0.000656497 -0.000458967 1
-0.000161169 0.00011909 1
3.67603e-05 -1.42761e-05 1
-5.38548e-05 -7.78111e-05 1
0.000342942 -7.78688e-05 1
0.000342648 -8.0292e-05 1
5.64897e-05 -3.81947e-06 1
-0.000154153 0.000158119 1
5.22009e-05 -8.56991e-06 1
5.69434e-05 0.000603574 1
-0.000123164 -0.000649185 1
-0.000450478 -0.000524312 1
-0.000274965 -2.04325e-05 1
-0.000409844 0.000247769 1
4.73197e-05 0.000916627 1
0.000540923 -6.06158e-05 1
0.000434761 -0.000122103 1
0.00052396 0.000139531 1
0.000423125 -8.57088e-05 1
-0.0003213 -0.000232345 1
-4.23142e-05 6.03766e-06 1
-0.000436314 -0.000308471 1
7.11594e-05 9.34309e-05 1
-0.000267526 9.93321e-05 1
-5.0813e-05 -3.2615e-05 1
5.16049e-05 -1.96127e-05 1
9.90111e-05 -0.000154025 1
-0.000410484 0.000127898 1
0.000789659 0.000374968 1
-0.000151624 0.000223211 1
-0.000168833 0.000138338 1
-0.000799631 -0.000371019 1
-0.000319593 -0.000233525 1
0.000486909 -2.59132e-05 1
-0.000435098 -0.000308593 1
-0.000317605 -0.000218159 1
-0.000796122 -0.000330471 1
0.000259726 -9.29084e-05 1
0.000292685 -0.000151718 1
0.000159565 1.10878e-05 1
-6.53509e-05 0.00073466 1
-2.13855e-05 1.73816e-05 1
-8.84214e-05 0.000515175 1
0.000426632 -7.6261e-05 1
0.000363053 -0.00025276 1
0.000491009 -0.000439308 1
-0.000793143 -0.000326089 1
2.9663e-05 0.000122691 1
0.000548125 -6.52426e-05 1
0.000673788 0.000317165 1
9.39863e-05 -1.63547e-05 1
0.000543265 -0.000197141 1
-0.000132448 -0.000539729 1
0.000479248 -1.51814e-05 1
0.00029352 0.000376305 1
-0.000252318 -0.000131403 1
-6.64009e-05 0.000121456 1
-5.09719e-05 9.91659e-05 1
0.000315944 -0.000455327 1
-0.000257877 -8.1353e-05 1
-0.000769789 0.000455477 1
-0.000595889 -0.000623719 1
-0.00057831 0.000272878 1
-0.000218411 0.00015847 1
0.000293014 -0.00047567 1
-8.56433e-05 -0.000744327 1
-6.23742e-05 -0.000729341 1
0.000518124 -0.000345815 1
0.000109939 -0.00010087 1
-0.00027457 -9.62472e-05 1
0.000312466 -0.000130873 1
0.000210833 -0.000550136 1
1.11786e-05 5.81217e-06 1
-0.000327885 -0.000221436 1
0.000425423 -3.80316e-05 1
-0.000888461 0.000480311 0.999999
-0.000432763 0.000403904 1
0.000154765 -0.000585995 1
0.00031681 -0.000135521 1
-0.000123657 -0.000127002 1
-0.000483305 -0.000109086 1
-0.000889919 0.000491276 0.999999
-0.000134941 0.000234953 1
0.000199575 3.14954e-06 1
-0.00026095 0.000180129 1
-0.000443929 0.00042177 1
-0.000370463 0.000461409 1
-6.67517e-05 3.12279e-05 1
-3.74048e-05 2.61974e-07 1
-1.82202e-05 0.000119881 1
-7.04808e-05 2.11612e-05 1
9.28516e-05 7.19927e-05 1
-2.65954e-05 0.00012377 1
-9.19944e-05 0.000225766 1
-7.27282e-05 0.000131847 1
-0.000169315 0.000178482 1
-6.92201e-05 -2.60767e-05 1
-0.000176699 -0.000208794 1
-2.25917e-05 1.81419e-05 1
0.000123 0.000445217 1
-2.92509e-05 7.64642e-05 1
0.000428097 0.000330049 1
-0.000547913 0.000118137 1
0.000638783 -0.000461132 1
0.000128433 1.05936e-05 1
0.00067424 0.000318297 1
0.000111592 -0.0003881 1
2.46989e-05 7.53114e-05 1
0.000823861 3.05533e-05 1
-0.00017691 -0.000282322 1
-0.000775345 0.000390986 1
-0.000544213 0.000100838 1
-0.000495636 7.18392e-06 1
2.69036e-05 3.8054e-05 1
-0.000760843 0.000394469 1
-0.000468418 -0.000461678 1
-0.000694889 0.000213523 1
-0.000705128 0.000228482 1
-2.63831e-05 4.07218e-05 1
-4.56639e-05 -2.02593e-05 1
-0.00032308 -0.000601572 1
-9.62328e-05 -0.000744262 1
-0.000672252 -0.000580182 1
-0.000249048 -0.000824015 1
-0.000694617 -0.000535447 1
-0.000363145 -0.000275255 1
9.72622e-05 -6.65819e-05 1
-0.000430776 -5.23291e-05 1
-9.29543e-05 -0.000109626 1
-1.4298e-05 -1.44543e-05 1
-4.86757e-05 2.79617e-06 1
4.54442e-06 -6.43406e-05 1
-0.000213017 2.05555e-05 1
-0.00044654 -4.25702e-05 1
-9.30757e-05 -0.000108305 1
-0.000263236 0.000232254 1
-5.22791e-05 5.32652e-05 1
-3.41223e-06 2.84273e-05 1
-0.000264513 2.32004e-05 1
-5.24289e-05 1.91012e-05 1
-0.000259828 0.000296602 1
-0.000214566 0.000617108 1
8.12694e-05 -0.000229882 1
2.94199e-05 0.000128374 1
-0.000174218 -9.05533e-05 1
0.000529478 0.000146902 1
-0.000289697 -5.43673e-05 1
4.2647e-05 -0.000175743 1
0.000219327 0.000377063 1
0.000708511 0.000410379 1
-0.000235931 -6.42448e-05 1
6.38712e-05 -0.000153797 1
-0.000152953 -4.09818e-08 1
0.000227146 3.38887e-05 1
-9.16136e-06 0.000230019 1
-0.000381734 -0.000125601 1
5.84991e-05 0.000216921 1
2.7863e-05 -0.000115861 1
-0.000130541 0.000215425 1
-1.87609e-05 1.48081e-05 1
8.40521e-05 6.48329e-05 1
-0.000265537 0.000201747 1
-0.000218037 -5.65552e-05 1
-0.000158409 0.000117354 1
-5.97043e-05 -4.30124e-05 1
0.000677421 0.000317034 1
0.000102924 -9.30022e-06 1
-7.68071e-05 -0.000185607 1
-0.000284361 0.000171975 1
0.00028589 -0.000235932 1
0.000101704 5.81783e-07 1
0.000179431 0.00010606 1
-5.93078e-05 -0.000145736 1
-7.61954e-05 6.06692e-06 1
0.000181156 0.000919382 1
-7.03447e-05 1.06793e-05 1
0.000123297 0.000141651 1
0.000109646 8.33333e-06 1
0.000684663 6.45982e-05 1
0.000645474 0.000128816 1
0.000144225 -6.71651e-05 1
-0.000531641 -0.000490995 1
-9.2491e-05 0.000165364 1
-6.29916e-05 -0.000185711 1
-0.000213476 -9.29091e-05 1
-0.000263934 0.000336221 1
0.000238372 -8.27631e-05 1
-6.13854e-05 -0.000187992 1
2.8746e-05 1.7858e-05 1
0.000109646 8.33333e-06 1
-0.000120568 0.000139442 1
-0.000194168 -9.92215e-05 1
-0.000147251 0.000260807 1
1.32348e-05 1.96842e-05 1
-0.000309952 0.000437312 1
0.000397271 -0.000618502 1
-0.000332936 -0.000463329 1
2.98197e-05 -0.000286276 1
0.000685493 -0.000724598 1
0.000686897 -0.000726237 1
-0.000638124 -0.000117233 1
-6.94486e-05 3.78963e-05 1
-0.000368272 0.000590859 1
0.000796453 0.000250164 1
-0.000139187 5.11119e-05 1
-0.000136452 0.000207938 1
0.000397443 -0.000618641 1
0.00041345 0.000215321 1
-0.000222665 0.000558664 1
0.000108799 5.95543e-05 1
-9.2733e-05 0.000366753 1
-0.0003033 0.000591101 1
-0.000530432 -0.000499655 1
-5.54097e-05 -4.02747e-05 1
-0.00104074 0.000183921 0.999999
0.000964524 0.000241939 1
-0.000769407 0.000543687 1
-0.000644362 0.000523843 1
-0.000584555 0.000567209 1
-0.000162971 0.000160294 1
-0.000611037 -0.00026834 1
-7.72794e-05 -5.70665e-05 1
0.000323539 -0.000352704 1
0.000114381 -7.74742e-05 1
-0.000188833 -0.000591555 1
0.000161375 0.000230966 1
-0.000902546 0.000165961 1
-0.000720064 0.000533535 1
-0.000581092 0.000683752 1
-0.000624788 0.00049755 1
-0.000299078 0.000683686 1
-0.000446826 0.000638534 1
-0.000863201 -0.000386968 1
-0.000759488 3.59873e-05 1
0.000151285 0.000241259 1
0.000256509 0.000317413 1
-0.000712096 -0.000485123 1
0.000214773 0.00031636 1
0.000104503 0.000133341 1
-4.40526e-05 -3.02412e-05 1
-0.000365912 -0.000591832 1
-0.000132374 -0.00059892 1
-0.000703473 -0.000730679 0.999999
-0.000613866 -0.000290196 1
6.70808e-06 -2.0255e-05 1
6.60672e-05 -5.06664e-05 1
-0.00058512 -0.000624025 1
-0.000579999 -0.000619816 1
-8.39533e-05 -0.00107536 0.999999
-0.000648178 -0.000698818 1
9.90951e-05 0.000126204 1
7.07076e-05 -3.26676e-05 1
-0.000593242 -0.00011727 1
5.3968e-05 -0.000144801 1
3.05021e-05 0.000117168 1
-0.000704269 -0.000502227 1
0.000110913 -0.000124824 1
0.000962445 0.000243046 1
0.000134044 -1.63712e-05 1
-0.000103438 -0.000615574 1
-0.000423479 -0.000525171 1
-0.000429083 -0.000530274 1
-0.000315134 0.000463263 1
0.00018093 0.000177848 1
-0.000191084 -6.1876e-05 1
-8.98034e-05 2.01278e-05 1
-5.16515e-06 -0.000128861 1
-0.000109254 1.00615e-05 1
-0.000141688 -1.74709e-05 1
-1.79597e-05 -7.09846e-05 1
-0.000221861 9.09234e-05 1
-8.37772e-05 -5.64792e-05 1
-1.69223e-05 -1.63386e-05 1
4.37197e-05 -6.14114e-05 1
-3.44766e-05 -0.000127024 1
0.000136508 0.000213096 1
0.000138852 -2.66226e-05 1
0.000386401 -0.000161239 1
0.00022417 1.57066e-05 1
0.000688453 0.000336094 1
0.000113388 -7.78008e-05 1
-9.97012e-05 -0.000616313 1
1.13558e-06 -5.33468e-05 1
-0.000174996 -0.000594256 1
4.92407e-05 0.000506756 1
0.000673643 0.00042883 1
0.000105728 0.000507506 1
-2.66627e-05 0.000235036 1
-0.000130317 7.65277e-05 1
-7.65614e-05 3.33475e-05 1
-2.50938e-05 -0.000110295 1
3.15633e-05 0.000426753 1
0.00025884 -0.000159195 1
-0.000165232 0.000359065 1
0.00012428 0.000430487 1
1.63611e-05 7.07533e-06 1
0.000680933 0.00022571 1
-5.44744e-05 -0.000108206 1
0.000160908 -0.00052159 1
0.000852022 -4.754e-05 1
3.34976e-05 0.000395662 1
0.000208225 -0.000623354 1
-5.0012e-05 6.46867e-05 1
0.000235403 -0.000591091 1
0.000237641 2.79647e-06 1
-0.000133749 1.32595e-05 1
0.000112896 0.000439501 1
3.44312e-05 -8.50142e-06 1
0.000822673 1.89441e-05 1
-0.000118537 9.35704e-05 1
0.000181016 -0.000425283 1
0.000283137 0.000282803 1
-0.000425134 -0.000277622 1
0.000820889 0.000122956 1
-0.000485322 -0.000289805 1
0.000130155 -8.67957e-05 1
0.000582676 -0.000157448 1
-0.000487231 -0.000292613 1
0.00024626 0.000270475 1
-5.1159e-05 -8.87468e-05 1
-4.89476e-05 -0.000126959 1
0.000218311 6.89519e-05 1
-5.63355e-05 -2.51363e-05 1
0.000533173 1.76996e-06 1
-0.000148474 0.000230837 1
-0.000730125 -0.000728224 0.999999
-0.000725863 -0.000724237 0.999999
8.24274e-05 -0.000193658 1
-0.000444688 -0.000314228 1
0.0008094 -0.000362638 1
0.000725071 -0.000475127 1
-0.000102595 4.98684e-05 1
0.000771607 0.000227423 1
0.000500573 -0.00042687 1
0.000109535 0.000266278 1
-0.000465036 -0.000149817 1
0.00070968 -0.000548454 1
0.000846657 0.000100186 1
-0.000622478 -0.000182161 1
8.31929e-05 -0.000124243 1
4.96027e-05 0.000277851 1
-0.000513603 0.000259474 1
0.000616232 -0.000465621 1
0.000427585 -0.00111619 0.999999
0.00075129 -0.000717246 0.999999
0.000251923 -0.000256778 1
0.000510819 -0.0011233 0.999999
-0.000208539 0.000493099 1
0.000596877 -0.000135635 1
-0.000390993 -0.000306528 1
-0.000119927 0.000258042 1
0.000397507 -0.000378462 1
0.000375723 -0.000499521 1
0.000585507 -0.000145816 1
6.71929e-05 8.78372e-05 1
3.23532e-05 -8.03965e-06 1
6.26638e-05 8.32597e-05 1
-0.000151877 0.00028034 1
0.000115533 1.55131e-05 1
-2.82829e-05 0.000192377 1
4.11301e-06 -1.49805e-05 1
0.000191157 3.47928e-05 1
-8.56597e-06 0.000144468 1
8.148e-06 -1.86903e-05 1
5.88023e-05 1.36552e-05 1
-0.000785019 0.000189671 1
-6.61766e-05 -3.08207e-05 1
-1.07415e-05 -4.72096e-05 1
-5.92792e-05 -4.71329e-05 1
1.99067e-05 1.99963e-05 1
0.000705464 0.000253588 1
-9.0134e-05 -0.00033297 1
2.11948e-05 0.000213539 1
-0.000442169 -0.000351671 1
-0.0002293 -0.000249501 1
0.000409426 -7.12518e-05 1
-0.000227953 9.83848e-05 1
0.000251091 4.13798e-05 1
0.000671983 6.79537e-05 1
0.000316868 0.000200504 1
-6.24896e-05 -3.42455e-05 1
0.000511983 0.000400155 1
0.000765803 3.9773e-05 1
-0.000122997 0.000283353 1
0.000523333 0.000453894 1
1.81543e-06 4.34063e-05 1
5.11647e-05 5.96013e-05 1
0.000221796 0.000347704 1
-0.000119591 -0.00035833 1
0.00012172 2.36589e-05 1
-0.000179806 -0.00058023 1
-5.50196e-05 -0.000101706 1
0.000318537 0.000160828 1
-8.51907e-05 -0.000247618 1
-0.000292216 0.000631485 1
1.34948e-05 0.00060392 1
-0.000143761 -0.000207855 1
-1.53545e-05 -0.000221435 1
0.000209672 8.0001e-05 1
0.000120623 0.000372586 1
2.90465e-05 6.69367e-05 1
0.000577085 -0.000117872 1
0.000120318 0.000104216 1
2.44483e-05 -3.23169e-05 1
0.000579671 -0.000120784 1
-3.70521e-06 7.92402e-05 1
0.000299282 0.000125449 1
-4.06414e-06 -5.10485e-05 1
0.00010386 0.000325551 1
0.000865837 1.5794e-05 1
5.09263e-05 0.000275926 1
-0.00019232 0.00035388 1
0.000305795 0.000189052 1
-0.000141264 0.0002702 1
0.000563277 -3.85254e-05 1
0.000298978 0.000174376 1
-8.72961e-05 -4.88063e-05 1
0.000865396 0.000100174 1
0.000362866 0.000237213 1
-0.000216836 6.53006e-05 1
0.000103451 -0.000160945 1
-0.000116996 -6.23058e-05 1
5.21781e-05 0.000311412 1
9.07335e-06 0.000283565 1
0.000508052 0.000441482 1
-0.000464485 -0.000722957 1
-0.00040163 0.000280319 1
0.000278091 0.000448863 1
-6.78291e-05 0.000748275 1
0.000439864 0.00079431 1
8.09745e-05 -0.000221624 1
5.30354e-06 -9.26877e-05 1
-1.83643e-06 -5.17175e-05 1
1.73604e-05 4.51375e-05 1
0.000328846 -0.000357081 1
-0.000581559 -0.000101869 1
-0.000595249 -0.000509066 1
-0.00014567 -0.000206794 1
0.000740677 0.000256734 1
-0.000145421 6.74247e-05 1
0.000570199 3.59148e-06 1
7.80851e-05 0.000473371 1
4.30619e-05 2.91409e-05 1
-0.000108586 0.000517016 1
0.000176427 0.000145756 1
5.09176e-07 -0.000101481 1
-5.96673e-05 -0.000133817 1
-3.16527e-05 -0.000190834 1
6.33216e-05 0.000154412 1
-2.97469e-05 -0.000194169 1
-4.16364e-05 4.19475e-06 1
0.000446724 0.000541546 1
1.72308e-05 -0.000182329 1
8.43514e-05 1.63015e-05 1
-0.000459439 -9.09143e-06 1
-0.000198868 -0.000583047 1
-0.000241501 0.00050709 1
-8.16254e-05 -8.16624e-05 1
-0.000174088 -0.000568595 1
-0.00017511 -0.000569438 1
2.60008e-05 -0.000167799 1
-7.79379e-05 -0.000633969 1
6.9845e-05 -0.000436142 1
0.000476656 -4.77917e-06 1
6.32755e-05 0.00017062 1
-0.000814768 -0.000449427 1
3.09834e-05 -0.000704284 1
-0.000100673 -0.000755021 1
-0.000222889 6.93078e-05 1
0.000116916 0.000195031 1
0.000301824 0.000208638 1
-0.000126786 -8.67405e-05 1
0.000322855 0.000206743 1
8.00146e-05 -0.000872308 1
0.000348447 0.00011317 1
6.45026e-05 -0.000705097 1
-9.92978e-05 -0.00104265 0.999999
2.36057e-05 -8.46692e-05 1
-2.5451e-05 9.17596e-05 1
2.78365e-05 0.000109144 1
-0.000385063 0.000292185 1
0.00015392 7.83971e-05 1
0.000164439 0.000636274 1
0.000478643 -0.000181286 1
-0.000224542 0.000124124 1
0.000103741 0.000315729 1
-0.000219222 0.000588861 1
-0.000105516 -0.000143895 1
-0.000149591 -7.1827e-05 1
-0.000143898 0.000211503 1
-3.23237e-05 1.69195e-05 1
-7.0994e-05 0.000178645 1
3.08608e-05 0.000301896 1
1.14461e-05 -0.000345753 1
3.09634e-05 0.00030158 1
0.000107112 0.000121883 1
-0.000382663 -2.09625e-05 1
1.05129e-05 -0.000346125 1
0.000195818 0.000115158 1
-9.69e-05 0.000307635 1
0.00015307 -7.06158e-05 1
-1.24227e-05 0.000101027 1
1.17721e-05 2.8963e-05 1
5.41745e-06 -3.39641e-05 1
-0.000277639 0.000392829 1
1.7151e-05 1.46841e-05 1
-0.000265842 -0.000653361 1
-7.08511e-07 0.000497952 1
7.64431e-05 0.000596551 1
0.000121043 0.000680628 1
9.08069e-05 0.000559602 1
-0.000335167 0.000751284 1
-5.62513e-05 4.6259e-05 1
-0.000369724 -0.000306407 1
0.000344755 -0.000206299 1
-7.66903e-05 4.33451e-05 1
7.85043e-05 1.90072e-05 1
-0.000156264 0.000152431 1
-3.95596e-05 -4.34869e-07 1
1.28342e-05 5.89898e-05 1
-0.000234614 0.000458013 1
0.000550328 -0.000235816 1
0.000618374 0.000848789 0.999999
0.000644024 0.000814579 0.999999
-5.36219e-05 -4.90283e-07 1
-0.000145409 -0.000170556 1
-5.05936e-05 -1.5458e-05 1
0.000576518 0.000617718 1
-0.000222773 0.000122933 1
-0.000326493 1.06511e-05 1
-4.35092e-05 -5.40477e-06 1
-0.00038246 0.000291266 1
-0.000484708 -0.000279614 1
-0.000332858 1.01695e-05 1
-3.33602e-05 -2.52645e-05 1
9.65879e-05 0.000171598 1
0.000116458 -3.25976e-05 1
0.000688909 -5.048e-05 1
3.39067e-05 4.07074e-05 1
-1.26099e-05 6.55527e-05 1
-4.57599e-05 -0.000227077 1
0.000443621 0.000619671 1
-3.83248e-05 -2.36012e-06 1
-3.57459e-05 -7.52765e-05 1
-0.000479954 -0.000200645 1
-0.00020172 -0.00058543 1
-0.000227771 0.00054615 1
4.41857e-05 4.76405e-05 1
0.0005074 0.000592514 1
-0.000205346 0.000447667 1
-0.000137577 -9.55706e-05 1
-0.0003712 0.000362805 1
6.26512e-05 -6.10018e-05 1
-5.0392e-05 -7.47767e-06 1
-0.000172335 -0.000261322 1
-4.03505e-05 8.8286e-05 1
-0.00057851 -7.34281e-05 1
0.000510834 0.000360951 1
-0.000531443 -0.000155997 1
1.39545e-05 3.60451e-05 1
0.000301267 -0.000125907 1
-4.2066e-05 -7.46386e-05 1
-2.87854e-05 -0.00020555 1
-0.000120998 -0.00019498 1
-5.41535e-05 -2.93563e-05 1
-0.000325381 -0.000214645 1
0.000520526 0.000360006 1
-0.000391597 0.000442104 1
-0.000435389 0.000404913 1
2.87541e-05 -0.000100631 1
3.67844e-05 -0.000124674 1
0.000431265 -0.00023816 1
-3.20205e-06 0.000103544 1
0.000300356 -0.000143458 1
-0.000404585 -6.29541e-05 1
4.00635e-05 -0.000109522 1
0.000305634 -0.00024143 1
-0.000119659 0.000206901 1
0.000418765 0.000335193 1
-7.09082e-05 -0.000639985 1
0.00075974 0.000117308 1
0.000421116 0.000331232 1
0.000400501 0.000383457 1
-0.000511125 0.000263863 1
-0.000108564 6.01847e-06 1
0.000402271 0.000380686 1
-6.5824e-05 -0.000290921 1
-0.000349859 -0.000239728 1
-5.54313e-05 9.18604e-06 1
-0.000162407 -0.000156839 1
-0.000154586 -0.000152919 1
-0.000144014 -0.000337108 1
-0.000131084 -0.000103016 1
-0.000178619 -0.000424999 1
-0.000497363 -0.000867361 1
-0.000144801 -0.000169168 1
-0.000293282 0.000352239 1
0.000156796 0.000533109 1
-0.000629505 -7.71185e-05 1
-3.55352e-05 0.000721685 1
1.09307e-05 -6.97219e-05 1
0.000211033 0.000670086 1
-0.000517568 1.76344e-05 1
0.000285696 -4.89291e-05 1
0.000334893 -0.000421741 1
0.000427374 -0.00042312 1
0.000778334 0.000312025 1
0.000600665 0.000599016 1
-0.000209116 0.000732118 1
0.000408356 -6.96967e-05 1
0.000758288 9.03657e-05 1
-3.91031e-05 0.000149866 1
-9.75564e-05 1.33724e-05 1
-0.000212707 0.000113152 1
2.85692e-05 -0.000160809 1
-6.96198e-05 -0.000389961 1
-0.000148718 -0.000114473 1
-8.92114e-05 -0.000330987 1
0.000472326 -0.000505413 1
0.000588252 -0.000134568 1
-1.19782e-05 -3.21937e-05 1
-0.000286368 0.000432295 1
-0.000523017 -0.000871681 0.999999
-6.47625e-06 1.42709e-05 1
-5.85406e-05 -3.07198e-06 1
0.000319934 0.000150416 1
-0.000121164 6.26139e-05 1
3.30544e-05 -0.000170092 1
0.000124745 -0.000721591 1
-0.000470798 -0.000715913 1
0.000459605 -3.7912e-05 1
0.000662709 0.000512127 1
-0.000259073 -0.000639478 1
-0.000495292 -0.000286507 1
-3.76979e-05 -1.14146e-05 1
0.000677121 0.000313225 1
0.000594309 -0.000146517 1
0.000264007 0.000425645 1
-0.000559608 -0.000190744 1
-6.79153e-05 -2.54155e-05 1
0.000422503 0.000308494 1
2.91494e-05 7.29375e-05 1
-0.000125502 -0.000133106 1
-1.42748e-05 -0.000536449 1
-0.000112799 0.000220721 1
-0.000736998 0.000155677 1
-1.06831e-05 -8.51511e-06 1
-6.13054e-05 -2.82077e-05 1
-0.000112693 0.00022095 1
-0.000570173 -0.00019602 1
0.00015757 -0.000536941 1
0.000257391 -0.00026264 1
-0.000110499 2.90805e-06 1
-6.16318e-05 -0.000144603 1
0.000802143 0.000247201 1
3.46693e-05 7.42078e-05 1
-0.00042579 -0.000101977 1
8.49265e-05 0.000792673 1
-0.000174358 -2.75134e-06 1
-0.000114075 0.000455192 1
0.000505851 -0.000196916 1
-0.000133257 -8.924e-05 1
-7.53074e-06 -3.16642e-05 1
-0.000352142 -0.000425363 1
-0.000226051 6.41317e-05 1
-0.000774436 0.000178864 1
0.000211876 -0.000157265 1
0.00022016 1.46476e-05 1
0.000236597 3.56603e-05 1
0.000286819 5.48695e-05 1
0.000437052 -0.000125963 1
-0.000140848 9.41617e-05 1
-2.99364e-05 0.000189484 1
-9.305e-05 0.000468008 1
0.000186295 0.000153402 1
4.07556e-06 -0.000554226 1
0.000327452 -0.000221978 1
-0.000209488 0.000502664 1
-0.000560084 0.000407048 1
-0.000332316 -0.000217578 1
0.00039525 -0.000732375 1
3.50665e-05 4.12778e-05 1
0.000590643 -0.000160606 1
-0.000223761 -7.63387e-05 1
-8.74464e-05 3.06357e-05 1
1.80519e-05 -7.75641e-05 1
0.000159481 7.68084e-05 1
0.000180459 0.000680361 1
0.000455147 0.000530425 1
2.77513e-06 0.00061705 1
-0.000540889 -0.000149809 1
-0.00032767 -0.000287081 1
5.64777e-06 8.05894e-05 1
-0.000126081 3.7373e-06 1
0.000522097 0.000241217 1
-0.000508682 -7.83894e-05 1
-7.45724e-05 6.10824e-05 1
0.000459091 -0.000555454 1
-8.70414e-06 -0.000523222 1
-0.00031683 -5.32757e-05 1
5.89285e-05 0.000285906 1
-0.000185709 -0.00058902 1
0.000818606 1.64954e-05 1
0.000543664 -0.000864674 0.999999
0.000476571 -0.000903615 0.999999
0.000710179 -0.000550531 1
-0.000235974 5.93668e-05 1
1.66943e-05 9.4022e-06 1
-4.58484e-05 0.000209642 1
0.000287045 -0.000236953 1
0.000801883 7.35676e-05 1
0.000687493 -0.00025751 1
0.000473547 -0.000568839 1
-0.000141528 0.000706699 1
-0.000339691 -0.000581082 1
3.49338e-05 -0.000168833 1
-5.33059e-05 -3.86268e-06 1
-2.47775e-05 0.00013956 1
-0.000357221 0.000137604 1
-0.000180408 -8.1392e-05 1
-0.000825693 0.000183095 1
-0.000826336 0.000183076 1
-0.000622155 0.000433246 1
0.000509228 0.000111414 1
0.000567092 0.000250812 1
-6.8326e-06 0.000160608 1
-0.000265032 0.000659609 1
-0.000410976 0.000578064 1
-0.000785716 0.000348854 1
-0.000881008 0.000231419 1
6.61212e-05 1.28022e-05 1
-0.000201903 -0.000159646 1
-0.000181762 -0.000104469 1
0.000826931 -0.00019362 1
-4.5438e-05 -8.19681e-06 1
0.000109592 0.000273332 1
0.000110753 0.000156659 1
7.09361e-06 -7.58336e-05 1
0.000410709 -6.663e-05 1
-0.000173093 2.15417e-05 1
0.00022212 -0.00012689 1
0.000127273 3.94705e-05 1
5.22856e-05 -1.3476e-05 1
-0.00027549 -0.000386178 1
-0.00012328 -0.000349121 1
0.000744635 0.000219104 1
0.000462285 -0.000527428 1
-0.000250104 -0.000206818 1
-6.07589e-05 2.0386e-05 1
3.82702e-06 -2.51761e-05 1
-0.000283221 -1.67391e-05 1
-0.000525535 9.0427e-05 1
0.000243473 0.000831503 1
0.00026158 -0.000108583 1
0.000149056 -0.000112106 1
-0.000460164 -0.000214643 1
-0.00024278 -0.000374194 1
-0.000274743 -0.000556386 1
-0.000571798 -0.000573693 1
0.000218884 0.000378258 1
-0.000626971 -0.000271749 1
-0.000138882 -6.05821e-05 1
-7.99712e-05 0.000575947 1
1.92076e-05 7.63237e-05 1
-1.7666e-05 0.000102018 1
-3.26285e-05 4.20755e-05 1
-6.77615e-05 1.91368e-05 1
-2.62156e-05 8.26525e-05 1
7.53822e-05 -0.000215916 1
1.36839e-05 -0.000119689 1
-0.000278593 -0.000592172 1
0.000506974 -0.000484603 1
0.000256089 -0.000324892 1
-0.000205099 7.90169e-05 1
-2.25692e-05 -4.15105e-05 1
-0.000242092 0.00065558 1
-6.5825e-05 -3.29971e-05 1
0.000799088 0.000118792 1
7.43848e-05 -0.000269584 1
0.000326446 0.000204085 1
-0.000391389 -0.000267616 1
-0.000815407 -0.000437977 1
9.36312e-05 0.000148047 1
5.06991e-05 1.44687e-05 1
-5.68039e-05 8.91844e-05 1
-0.00025258 0.000571423 1
-3.94197e-06 -4.9341e-05 1
0.000159619 4.76186e-05 1
-0.000149925 -6.39858e-05 1
0.000222208 -2.20435e-05 1
-0.000568958 -0.000586214 1
0.000345178 0.000272154 1
0.000351614 -0.000374587 1
-0.000233123 -0.000397836 1
-0.000100678 -0.000124301 1
0.000448296 0.000208476 1
-2.10727e-07 -2.6201e-05 1
7.9617e-05 -0.000274116 1
9.19426e-05 -7.11407e-05 1
0.000337079 -0.000179484 1
-0.000192547 -0.000290374 1
-7.84891e-05 0.000189118 1
-0.000101329 8.74079e-05 1
-0.000250442 -0.00029729 1
-6.04495e-05 -0.000128689 1
0.000730243 -0.000296159 1
-7.98921e-05 0.000195107 1
-0.000910265 -0.000396986 1
5.17739e-05 -0.000209337 1
0.000374195 -0.00019367 1
-8.81283e-05 -8.9045e-05 1
-0.000174396 4.38279e-05 1
-0.000232951 0.000570637 1
7.03729e-05 -9.92338e-05 1
0.000431631 0.000942397 0.999999
-3.5986e-05 2.4805e-05 1
-0.000176592 -0.000213805 1
-0.000165497 -4.70035e-05 1
-7.9916e-06 -5.46034e-06 1
-9.94629e-06 0.000139631 1
0.00015701 7.84733e-05 1
2.83285e-05 -0.000102743 1
9.18135e-05 -0.000427336 1
-3.2739e-05 7.36784e-05 1
-3.86587e-05 -3.10462e-05 1
-4.98927e-05 -1.91846e-05 1
-0.000152041 -3.87834e-05 1
0.000470333 0.000956251 0.999999
-6.47037e-05 -3.90225e-05 1
-2.65322e-05 -8.44495e-05 1
-5.77297e-06 -4.86785e-05 1
-1.40337e-05 3.45277e-05 1
-9.1803e-05 5.77705e-05 1
-0.000295603 -0.000214668 1
6.41418e-05 9.11608e-05 1
-2.92492e-05 -0.000106152 1
0.000183568 0.000171866 1
-4.80693e-05 -3.30136e-05 1
5.43339e-05 -0.000159185 1
-0.000100455 -0.000811464 1
8.83154e-05 -0.000163456 1
-0.000176536 0.000232697 1
0.000884068 0.000393366 1
0.000918902 0.000308443 1
-6.84702e-05 0.000201276 1
-0.000210552 -0.000205856 1
-5.12559e-05 4.02267e-05 1
-0.000189043 0.000143136 1
-2.6848e-06 3.32606e-05 1
-0.000237318 5.46411e-05 1
-0.000359944 -0.000545082 1
0.000289413 -0.000211951 1
-0.000205559 7.24379e-05 1
-9.02226e-07 0.000253495 1
-0.000334357 -0.000529626 1
-4.52111e-05 -1.3657e-05 1
8.44368e-05 0.000568482 1
-8.62365e-05 7.91713e-05 1
-6.67078e-05 9.34465e-06 1
-0.000124583 -0.000199878 1
-0.000384163 0.000352576 1
-8.5377e-06 -9.29251e-05 1
0.000145219 -7.11728e-05 1
0.000192056 -0.000122956 1
0.000571371 -0.000357291 1
0.000149953 -2.14051e-05 1
-0.000132823 -0.000389151 1
-1.07917e-06 -4.26353e-06 1
-8.0807e-05 8.47699e-05 1
-0.000114023 -9.73349e-05 1
2.4603e-05 0.000194935 1
-0.000157677 -0.000148356 1
-3.46611e-06 -0.000117604 1
0.000476123 -0.000127013 1
7.01753e-05 0.000274867 1
-1.54148e-05 0.000103514 1
-0.000145134 -0.00012759 1
-0.000164857 -0.00010361 1
-0.000181546 8.31153e-05 1
-0.000182764 -0.000115459 1
-0.000215347 -8.39788e-05 1
0.000600568 -0.000369917 1
8.33689e-05 -1.75728e-05 1
-1.91931e-05 -4.00872e-05 1
-0.000107988 2.73464e-05 1
-6.19008e-05 1.94408e-05 1
-1.34499e-05 -0.000133207 1
4.74012e-05 7.06382e-05 1
0.00021129 8.3512e-05 1
0.00046374 -0.000525756 1
0.000193092 7.68091e-06 1
0.000186662 -0.000120831 1
-0.000105003 -0.000627481 1
-3.011e-05 -4.53111e-05 1
-0.000256788 0.000583194 1
4.25059e-05 0.000309934 1
-0.000236079 0.000572285 1
-3.95835e-05 7.8028e-05 1
4.237e-05 -1.66507e-07 1
-0.000566432 -0.000205146 1
-0.000739996 6.12417e-05 1
0.000558208 -0.000368465 1
-0.000647521 0.000523849 1
-0.000621999 0.000523806 1
-0.000193105 -0.000577901 1
-0.000116371 -0.000159028 1
-0.000627547 -0.000178676 1
3.11525e-05 -5.66898e-06 1
-0.000114533 0.000452607 1
0.000189959 7.08739e-06 1
-0.00016204 0.00025201 1
-0.000428089 0.000645888 1
-0.000611884 0.00052262 1
-0.000267375 0.00056522 1
-0.00043123 -0.000243084 1
-8.80864e-05 3.58082e-05 1
-0.000322156 0.000593957 1
-0.000731686 0.000338258 1
0.00075589 0.000179404 1
-0.00100652 0.000233887 0.999999
-0.000365246 -0.000569255 1
1.12438e-05 -7.56175e-05 1
8.23836e-05 0.000170583 1
-0.000324294 0.000596121 1
0.000128449 -6.39725e-05 1
-0.000716199 0.000402903 1
-0.000361765 -1.93512e-05 1
-8.86598e-05 -0.000679049 1
-0.00022832 0.000557927 1
-3.19554e-05 -4.50347e-05 1
-6.81585e-05 0.000581388 1
2.53478e-06 -0.000114418 1
-2.30863e-05 1.78362e-05 1
0.000930492 2.78215e-05 1
0.00019138 3.5109e-05 1
-6.29338e-05 -0.000683292 1
2.90993e-05 -7.38512e-05 1
-0.000205225 0.000119226 1
3.57437e-05 0.000379191 1
0.000276685 -0.000487975 1
-3.22603e-05 -3.73311e-05 1
9.22923e-05 -6.71211e-05 1
-6.13365e-05 -0.00068997 1
5.04731e-06 2.08527e-05 1
-3.67224e-05 -6.45719e-05 1
-0.000180679 7.45104e-06 1
-0.00058219 -6.15608e-05 1
-6.94525e-07 -4.30605e-05 1
9.88044e-07 1.47959e-06 1
0.00073372 0.000209365 1
0.000814681 7.11653e-05 1
-3.72469e-05 -3.8432e-05 1
-2.0746e-06 -7.03934e-05 1
0.000120992 -0.000101313 1
-2.55784e-05 -6.55024e-05 1
-4.35257e-05 -7.40709e-05 1
1.69347e-05 -2.94947e-05 1
0.000139103 -6.94066e-05 1
-2.86632e-06 -4.47909e-05 1
-8.60824e-05 -0.000684038 1
1.47003e-05 -1.80578e-05 1
0.00013927 0.000441198 1
-6.63191e-05 7.96025e-05 1
0.00011143 0.000147157 1
4.43938e-05 -6.03915e-06 1
-0.00022556 0.00012493 1
-0.000282245 4.49427e-05 1
-0.000180092 9.19777e-06 1
-5.96347e-05 -2.7075e-05 1
-0.000191843 5.2834e-05 1
-1.945e-05 -3.23428e-05 1
-9.52715e-05 -2.78039e-05 1
0.000420775 -0.00010934 1
-4.10757e-05 -2.03055e-05 1
0.000695664 -0.000371651 1
0.000879955 0.000395974 1
-0.000106129 -0.000303898 1
0.000585812 -0.000352101 1
0.000374364 -0.000477729 1
0.000910951 0.000318728 1
0.000643179 -0.00018827 1
-6.1423e-05 -2.70818e-05 1
-0.000263188 0.000162693 1
0.00058001 -0.000471254 1
0.000261757 -0.000299271 1
5.8601e-05 0.000606846 1
0.000816612 1.6292e-05 1
0.000812571 -8.18544e-06 1
0.000593377 -0.000137714 1
0.000388359 0.000157828 1
6.02939e-05 0.000249682 1
0.000261229 0.000802026 1
0.000155618 -6.392e-05 1
3.19085e-05 -3.12454e-05 1
0.000143877 0.000439611 1
-0.000659966 -0.000310086 1
9.66684e-06 -2.41099e-05 1
1.39316e-05 -7.48609e-05 1
0.00100127 -0.000203381 0.999999
7.81493e-06 -9.23684e-05 1
2.56719e-06 -5.37635e-05 1
0.000125937 -0.000167498 1
0.000533497 0.000567368 1
-0.00010434 -0.000351777 1
0.000426172 0.000263855 1
2.55315e-05 2.39729e-05 1
0.000952486 -0.000240424 1
0.000966032 -0.00018217 1
8.00863e-05 -4.76993e-05 1
0.0001371 -6.25609e-06 1
-4.59742e-05 -2.99644e-05 1
6.60493e-05 0.000103838 1
1.55312e-05 2.21836e-05 1
-0.000201603 -0.000585926 1
0.000110688 0.000308107 1
-2.95745e-05 -0.000160606 1
-2.94746e-05 4.46302e-05 1
0.000149456 -5.81757e-05 1
0.000302666 0.000182585 1
1.73504e-05 2.42484e-06 1
-8.5596e-05 -4.89943e-05 1
-7.36403e-06 4.55672e-05 1
7.49434e-05 -0.000157046 1
-5.38322e-05 0.000194695 1
0.000426165 0.00038461 1
0.000757297 0.000242279 1
0.000143633 0.000378021 1
9.69378e-05 0.000558654 1
6.66796e-05 -0.000148183 1
0.000196027 0.000915717 1
9.07702e-05 0.00017616 1
1.29169e-05 2.94927e-05 1
0.000141418 -6.49774e-05 1
-5.89885e-05 1.28912e-08 1
0.000270685 0.000172716 1
0.00015022 0.000240589 1
-5.59181e-05 -0.000107789 1
-0.000122684 -8.17375e-05 1
0.00095676 -0.000246009 1
7.83262e-05 0.000337338 1
-7.67989e-05 -5.56716e-05 1
-0.000515626 -0.000143814 1
0.000616675 -0.000480917 1
-0.000145743 -9.68882e-05 1
-0.000101118 -0.000755025 1
-5.12257e-05 0.00011089 1
-1.82969e-05 5.23534e-05 1
-6.11621e-05 -0.000103387 1
-8.45581e-05 -0.00079509 1
-0.000251361 -0.000514858 1
-2.03242e-05 5.39107e-06 1
-0.000158634 -0.000554793 1
-0.000206089 -0.000589176 1
2.78786e-05 9.76825e-05 1
-0.000102416 0.000181055 1
0.000173 0.000171103 1
-1.54533e-06 5.98104e-05 1
-0.000178335 -8.30013e-05 1
3.01358e-05 3.18994e-05 1
0.000203377 9.21161e-05 1
-7.98554e-05 -9.34338e-05 1
9.62431e-05 0.000438027 1
-0.000123366 8.60306e-05 1
-2.63891e-05 -9.05266e-05 1
-6.35065e-06 -0.000149664 1
2.72309e-05 -0.000139558 1
0.000157852 0.000231277 1
5.83312e-05 0.000582825 1
0.000186385 0.000939607 1
0.000771413 0.000226942 1
2.99681e-05 0.000103936 1
-4.26185e-05 2.77788e-06 1
2.0111e-05 1.23825e-05 1
-5.03422e-05 -1.17678e-05 1
2.31752e-05 3.129e-06 1
-0.000778377 0.000185473 1
0.000748725 0.000254161 1
1.01658e-05 -0.000257112 1
0.000641725 -0.000183517 1
-0.000165801 8.65918e-05 1
1.99593e-05 2.95661e-05 1
5.62915e-05 -2.96073e-05 1
1.19076e-05 -9.51411e-05 1
0.000133482 -0.000227344 1
2.77553e-05 -0.000137759 1
-5.95903e-05 2.45561e-05 1
-0.000461666 -0.000104449 1
0.000228143 -0.000185899 1
-0.0005633 -0.000580339 1
-7.3741e-06 -8.32941e-05 1
-2.44492e-05 -6.3422e-07 1
2.80187e-05 -0.000516336 1
-4.39861e-05 7.17136e-05 1
-5.43434e-05 -2.38234e-05 1
-0.000102475 -0.000350186 1
-0.000564863 -0.000520459 1
-0.000219866 6.16135e-05 1
0.000641724 -0.000183517 1
-6.10548e-05 7.04444e-05 1
-6.5796e-05 5.3026e-05 1
-0.000211714 -0.000536452 1
-8.04088e-05 -0.00014649 1
-0.000203602 -0.000586504 1
0.000566027 -0.000126909 1
0.000755801 0.000217308 1
0.000764051 0.000245403 1
-1.5983e-05 -1.31017e-05 1
-4.16366e-05 -6.68164e-06 1
0.000248702 -0.000285755 1
-0.000186288 4.54628e-05 1
3.42608e-05 0.00025833 1
-0.000263616 -0.00012296 1
0.000599407 -0.000140173 1
-0.000167076 -0.000564806 1
-0.00015771 2.75649e-05 1
-0.00049796 -0.000195113 1
-0.000103725 -0.000351253 1
-2.42909e-05 -8.25869e-07 1
0.000840653 0.000145519 1
-5.42572e-06 -5.93929e-05 1
-0.000137743 -3.76936e-05 1
-0.000168155 -0.000410734 1
-0.000449101 -0.000946918 0.999999
-1.14178e-05 -4.55299e-05 1
0.000406097 0.000391501 1
-0.000106626 -0.000353728 1
-3.17278e-05 7.88254e-05 1
-5.70477e-05 0.000112928 1
-0.000166504 -0.000564128 1
0.000410903 -3.12206e-05 1
0.00024233 -0.000358307 1
0.000775309 0.000292095 1
-0.000202234 -0.000585034 1
4.99925e-05 0.000620897 1
0.000725278 0.000222577 1
0.000412074 -1.38355e-05 1
9.18015e-05 0.000102039 1
-4.92954e-05 -4.7945e-05 1
0.000823696 0.00013295 1
-8.14626e-05 -0.000792443 1
-0.000117427 -0.000760124 1
-0.000627478 -0.000339847 1
-0.000105204 -0.000671199 1
-0.00053638 -0.000102657 1
-0.000153521 -4.22054e-05 1
1.63923e-05 -2.29312e-05 1
0.000146051 8.32035e-05 1
0.000577293 -0.000396624 1
0.000290493 -0.000479493 1
0.000767455 0.000229274 1
-5.4786e-05 3.88201e-05 1
0.00058737 -0.0003207 1
0.000227059 -0.000185519 1
0.00019417 -0.000203085 1
-6.58062e-05 -3.30232e-05 1
-0.000270687 7.20159e-05 1
3.15292e-05 -0.000186381 1
-0.000162885 -6.16188e-05 1
0.000139509 5.90667e-05 1
-0.000460765 -0.000452557 1
-6.69665e-05 3.21336e-05 1
-7.03558e-05 3.72408e-05 1
0.000123838 4.04293e-05 1
3.63078e-06 4.34484e-05 1
-6.5005e-05 7.15196e-05 1
-6.26226e-05 -2.93527e-05 1
0.000400607 0.000383591 1
0.000353424 -0.00020884 1
-3.45764e-05 -4.16898e-05 1
5.05146e-05 9.65985e-05 1
3.16378e-05 9.41112e-05 1
-2.1519e-05 -6.6317e-05 1
0.000341529 -0.000454321 1
-9.72574e-05 -6.85199e-05 1
5.75832e-05 0.000301708 1
-0.000139792 -0.00074274 1
-6.45777e-05 2.33033e-05 1
1.20618e-05 -9.87925e-05 1
2.73854e-05 3.82231e-05 1
0.000692917 -0.000220494 1
0.000703005 -5.46478e-05 1
1.13661e-05 -9.88256e-05 1
-3.87872e-05 0.000148875 1
-0.000109439 -0.000126034 1
-0.000284822 -0.00021265 1
-7.46455e-05 2.60823e-05 1
0.000720817 0.000201417 1
-8.05619e-05 0.000132817 1
2.84705e-05 0.000105828 1
8.05839e-05 -1.72155e-05 1
8.36543e-05 -7.18568e-05 1
-7.44179e-06 -2.68145e-05 1
0.000655148 -0.000192451 1
-0.000119775 -8.59242e-05 1
0.000365785 -0.000353063 1
-0.000137174 -0.000621791 1
6.20907e-05 0.000477997 1
3.48659e-05 -0.000408084 1
0.000797666 0.000142637 1
0.000190991 -0.000631602 1
0.00029958 -0.000478384 1
-7.8374e-05 0.000182482 1
-0.000177557 -1.89276e-06 1
-0.000104072 -0.000345699 1
-0.000258093 0.000117585 1
-0.000228419 6.5116e-05 1
-9.40483e-05 -8.05208e-05 1
-0.000114338 -8.4125e-05 1
-6.83149e-05 -3.56426e-05 1
-0.000101991 5.85708e-05 1
-0.000238466 0.000106656 1
-0.00011059 0.000377801 1
-1.49827e-05 0.000161079 1
-0.00021301 0.000114693 1
-0.000211382 0.00019045 1
-0.000209608 9.88295e-05 1
-0.000170206 -0.000234472 1
-0.000601481 7.93786e-05 1
6.91891e-05 -2.8406e-05 1
-0.000537038 -0.00015456 1
-0.000232114 -0.000246873 1
-0.000488507 -0.000139039 1
-0.000585123 6.937e-05 1
-0.000351257 0.000321082 1
-0.000369797 0.000361767 1
-0.000265286 -0.00049219 1
-0.00048126 0.000117638 1
4.16158e-06 0.000275287 1
-0.000158763 0.000356861 1
-0.000334822 -0.000116289 1
-0.000325306 -0.000133615 1
-0.000114033 -0.000184697 1
-2.11079e-05 -0.000131432 1
-3.03973e-05 5.20242e-05 1
-3.53034e-05 4.39834e-05 1
-7.70648e-05 -6.73248e-05 1
-7.75068e-05 -8.05234e-05 1
-5.65976e-05 -2.0311e-05 1
-5.63032e-05 -2.01813e-05 1
-6.37067e-05 -3.75716e-05 1
-0.000132888 -0.000287793 1
-0.000108849 -9.39177e-05 1
-0.000138008 -0.000163245 1
-0.000166723 -6.86091e-05 1
-0.000474216 -0.000344135 1
-0.000453235 -0.000369665 1
-0.000442816 -0.000525042 1
-0.000301953 -0.0003657 1
-0.00032345 -0.000333829 1
-0.000321121 -0.000414683 1
-0.000483708 -0.000319304 1
-0.000272241 0.00076548 1
-0.000466617 0.000883104 1
-0.000266052 -0.000129986 1
0.000404571 -0.000241451 1
-8.2257e-05 -0.000127639 1
-2.93704e-05 -0.000138946 1
0.0002361 -0.000149281 1
0.000380766 -0.000402835 1
0.000430898 -0.000440806 1
0.000235148 -0.000148891 1
0.000376815 -0.00044069 1
0.000379761 -0.000402238 1
0.000127322 -7.6057e-05 1
-1.85728e-05 -5.19797e-05 1
-0.000101908 -4.02142e-07 1
0.000122912 -0.000304339 1
0.000120521 -0.000298242 1
-4.79595e-05 5.60484e-05 1
0.000243032 -0.000462418 1
0.000634649 -0.00026996 1
-4.26323e-05 -2.69365e-05 1
6.07961e-05 0.000290588 1
0.000106495 0.000695813 1
-0.000303661 -0.000253001 1
6.32272e-05 0.000448469 1
-0.000153814 -0.000251751 1
-0.00017951 0.000421569 1
-0.000413093 -0.00030841 1
0.000796494 0.000192753 1
-0.00013108 -8.12085e-05 1
-4.75727e-05 -4.7174e-05 1
-0.000146035 -0.000257486 1
5.44744e-06 8.05407e-05 1
0.000636486 -6.77694e-05 1
3.6156e-06 6.54626e-05 1
-4.06439e-05 -0.000146079 1
-0.000192678 8.15984e-05 1
-0.000102821 9.33868e-05 1
0.000173314 -0.000186192 1
0.000715283 -0.000105234 1
-1.67527e-05 2.1882e-05 1
-7.92467e-06 6.68848e-05 1
-9.62824e-05 1.42438e-05 1
0.000115995 -8.57424e-05 1
0.000109114 0.000151409 1
2.01993e-05 -4.10507e-05 1
-0.000111004 -3.35205e-05 1
-2.13655e-05 1.97559e-05 1
-0.000783883 0.000169324 1
0.000203998 0.00068869 1
0.000271946 0.000827718 1
0.000179565 0.000364998 1
0.000574254 0.000278433 1
0.000314299 0.000519251 1
-0.000114061 -0.000184595 1
1.35567e-05 -5.43696e-05 1
-3.52327e-05 8.81276e-06 1
9.20272e-05 7.72137e-05 1
-0.000179413 -0.000107394 1
-6.21806e-07 0.000693779 1
-3.72263e-05 1.7416e-05 1
4.99899e-06 -3.37495e-05 1
-0.000153317 -0.000253246 1
-8.39604e-05 -0.000170742 1
1.78553e-05 -0.00028225 1
-1.05426e-05 2.39037e-05 1
-4.78787e-05 -0.000189321 1
1.18719e-05 -0.000499167 1
6.47794e-05 -0.00028903 1
7.16341e-05 -0.000216486 1
1.22054e-05 -0.000500796 1
3.68076e-05 -0.000168842 1
-0.00018106 0.000353429 1
0.000240532 -0.000456704 1
-0.000291464 -0.000218234 1
-0.000592014 -7.79913e-05 1
5.64161e-05 -3.64065e-06 1
-0.000121239 -5.63766e-05 1
3.15292e-05 -0.000186381 1
-5.87643e-05 -2.67759e-05 1
0.000200847 -0.0001726 1
-0.000269401 0.000581678 1
0.000281985 5.2711e-05 1
-0.00022469 0.000458678 1
0.000354764 -0.000166504 1
0.000253651 -0.000133671 1
0.000356293 -0.000166949 1
3.85037e-05 -0.000123838 1
-0.000243448 -0.000247844 1
-0.000474184 -0.000112834 1
0.000473593 -0.000514436 1
0.000547076 -0.00010933 1
-9.48711e-05 0.000374864 1
1.95799e-05 0.000347251 1
0.000470139 -0.000196546 1
7.76091e-06 0.000461339 1
-0.000173091 0.00034023 1
1.62992e-05 0.00043353 1
-7.84867e-05 0.000193524 1
0.000243694 -2.47247e-05 1
-0.000104407 0.000177658 1
-0.000382448 0.000714817 1
-0.000517448 0.000881729 0.999999
-0.000203013 0.000910565 1
-5.73513e-05 0.000731127 1
-0.000273124 0.000764824 1
-0.000288734 0.00063385 1
0.000108515 0.000682705 1
-2.31572e-05 0.000742246 1
0.000106668 0.000695104 1
-0.000182433 0.000932839 1
0.000105257 0.000691505 1
0.000232441 0.000827006 1
-2.63207e-05 0.000574611 1
0.000369986 0.000626907 1
1.95025e-05 -1.28038e-05 1
2.90993e-05 -7.38512e-05 1
8.93149e-05 -6.92437e-05 1
-2.20125e-06 -3.95747e-05 1
-2.48012e-06 -3.26565e-05 1
1.3218e-05 -4.85216e-05 1
8.78227e-05 -6.75971e-05 1
0.000175649 0.000611768 1
0.000109655 0.000681427 1
0.00080772 6.07341e-05 1
0.000800569 9.48201e-05 1
0.000638135 -4.56096e-05 1
SCALARS fiber_stretch float
LOOKUP_TABLE default
0.996596
0.99703
0.995439
1.00027
0.996655
1.00092
0.993974
0.995798
1.00068
0.999317
0.995652
0.999885
0.999291
1.00034
1.00098
1.00034
0.99584
1.00025
0.995947
1.0009
0.999431
0.999984
0.999074
0.996846
1.00091
1.00098
1.00025
0.996157
0.998755
0.999928
1.00094
0.995699
1.00114
0.995941
1.00092
0.996085
1.0011
0.996074
0.99506
0.998564
0.999538
1.00101
0.998679
1.00095
1.00107
0.999328
1.00156
1.00083
1.00113
0.998481
0.998319
1.00035
0.99893
0.998473
0.998934
1.00123
0.999317
0.999199
0.999755
0.996234
0.995586
0.998911
1.00023
0.998709
0.998948
1.0001
0.998481
0.998507
0.994659
1.00123
0.994111
0.998322
1.00019
0.99871
0.994443
1.00112
0.996644
0.998205
1.00047
1.00033
1.00028
0.994457
0.995972
0.994775
1.00013
0.997441
1.00004
0.996294
0.995254
0.998861
0.999965
0.999255
0.998657
0.998281
0.998592
0.997769
0.995925
0.996052
0.997608
0.998757
0.996859
0.996327
1.00086
0.995957
1.00086
1.001
0.998555
0.999115
0.998153
0.995644
0.998984
0.999951
1.00195
0.995662
0.995741
0.996778
0.996755
0.99499
0.997476
0.994114
0.997244
0.998174
0.998576
1.00123
0.995006
1.00081
1.00191
0.996838
0.996537
1.00015
0.997818
1.00125
0.997312
1.00079
0.995923
0.9968
1.00084
0.994159
0.998503
0.998893
0.999377
0.996814
0.998215
0.998493
0.999287
0.999807
0.996516
0.998463
0.998858
0.994332
1.00106
0.998541
0.998561
1.0007
0.99805
0.998082
1.0005
1.00117
0.999931
0.997115
0.994156
0.994063
0.999992
0.998746
0.998886
0.997604
0.995827
0.998154
1.00065
1.00012
0.998432
0.99592
0.998123
0.996508
1.00073
0.997342
0.994112
0.995494
0.997935
0.9979
0.99414
1.00073
0.999244
1.00116
0.998942
0.99556
0.998636
1.00029
0.997384
0.998734
0.998516
0.995475
0.999758
1.00098
0.994176
0.998718
0.998775
0.994114
0.998133
0.998888
0.997609
0.995253
1.00022
0.993834
0.996018
1.00099
1.00102
0.997339
0.994041
0.998764
0.997713
1.0012
0.997577
0.998223
0.9953
0.994843
0.995064
0.997298
1.00114
0.998733
0.996789
1.00092
0.998372
0.997797
0.998572
0.997527
1.00018
0.998602
0.996704
1.00082
0.998558
0.998614
0.997665
0.99807
0.995621
0.999721
0.998616
0.998489
0.997295
0.997292
0.997515
0.998934
0.993474
0.998216
0.993308
0.997681
0.994704
0.996
0.996424
0.998705
0.998494
0.993477
0.995621
0.999098
0.998685
0.999923
0.998187
0.998394
1.00088
1.00018
0.998667
0.998598
0.998668
0.995576
1.00005
0.998109
1.00088
0.998918
0.998812
0.997551
0.999664
0.997553
0.998955
0.998222
0.999565
0.998353
0.993306
0.998757
0.997746
0.998666
1.00191
0.998641
1.00205
1.00187
1.00186
1.00205
1.00219
1.00195
1.00205
1.002
1.00198
0.998697
1.00088
1.00111
1.00162
1.00157
1.00219
1.00188
1.00207
1.0021
1.00187
1.0022
1.00188
1.0022
0.996107
0.997633
1.00222
1.00221
1.00175
1.00172
1.00142
1.00144
1.00152
1.00084
1.00099
1.0013
0.996358
1.00122
0.997147
1.00148
1.0015
0.998553
1.00075
0.999428
1.00164
1.00155
1.00061
1.00069
1.00002
0.995999
1.00096
1.00117
1.00044
0.996067
0.998764
0.996005
1.00018
1.00003
0.999929
0.996132
0.998022
0.995709
0.999869
0.999394
0.999898
0.99749
1.00117
0.999542
0.99582
0.999158
0.999076
1.00008
1.00009
0.998898
0.999206
1.00011
0.999148
0.999424
0.998951
0.998751
0.995623
0.998954
0.997803
0.998009
0.999381
0.998542
0.99859
1.00057
1.00068
1.00055
0.998421
1.00057
0.998653
0.99865
0.998056
0.998053
0.995649
0.998601
1.00068
0.998522
1.00135
1.00055
0.99812
0.998174
0.998034
0.998719
0.998056
0.997938
0.998414
0.997697
0.997797
1.00066
0.998163
0.997101
0.997722
0.998113
0.997775
0.997722
0.99713
0.999297
0.998773
1.00091
0.998007
0.997993
0.997911
0.997545
0.997505
0.995004
0.997504
0.997544
0.997548
0.997548
0.99727
0.998681
0.998816
0.997455
0.997455
1.00135
0.999981
0.997261
1.00005
0.998999
0.997481
0.99903
0.994351
0.999502
0.995828
0.997481
0.997587
0.997581
0.997584
0.997498
0.997586
0.997705
1.00011
0.99939
0.997324
0.997336
0.997141
0.997158
0.99656
0.997276
0.997199
0.997296
0.99731
1
0.997326
0.995966
0.997473
0.997192
0.996584
0.997041
0.997219
0.996902
0.997019
0.996868
0.997278
0.997361
0.997571
0.997384
0.997058
1.0007
0.997032
1.00111
0.996276
1.00135
1.001
0.997192
0.995979
0.99718
0.996848
0.996976
0.997006
0.99718
0.997427
0.996964
0.996898
0.996919
0.997053
0.997541
0.997546
0.996996
0.997445
0.99685
0.997055
0.99681
0.997171
0.997219
0.99904
0.996821
0.997132
0.997064
0.99716
0.997062
0.997346
0.996738
0.996775
0.997047
0.997013
0.996862
0.997021
0.997074
0.99688
0.997151
0.996127
0.996118
0.996535
0.996284
0.997353
0.996955
0.996858
0.996386
0.997101
0.996741
0.996689
0.996243
0.996246
0.995728
0.995705
0.995571
0.994304
0.999906
0.995619
0.996952
0.995889
0.99678
0.995766
0.999037
0.995559
0.99587
0.998425
1.0007
0.998772
0.99455
0.99694
0.995212
0.99778
0.99426
0.994304
0.994657
0.994628
0.995302
0.999352
0.995127
0.995138
0.993942
0.993765
0.994206
0.994211
0.993765
0.993945
0.993629
0.993629
0.993837
0.993835
0.995211
0.995213
0.99427
0.994262
0.99379
0.99379
0.993943
0.993863
1.0021
1.0021
1.002
1.00204
1.00234
1.00233
1.00176
1.00174
1.00222
1.00186
1.00133
1.00222
1.00187
1.00226
1.00225
1.00193
1.0021
1.00129
1.00127
1.0013
0.996728
1.00135
1.00137
1.00073
1.00074
0.996952
0.996039
0.994508
1.0012
1.00069
0.996864
0.99552
0.99593
0.996372
1.00056
1.0005
0.998689
0.996019
0.996559
0.999176
0.995802
0.995856
0.999854
0.999362
0.996033
0.994792
0.999436
0.999277
1.00009
0.996513
1.00043
0.998815
0.998938
0.995551
0.994801
0.994848
0.995663
0.999158
1.00073
0.994829
0.998274
0.998147
0.998325
0.99791
0.997894
0.99876
0.994848
0.995587
0.995871
0.996381
0.999327
0.998393
0.997157
0.998866
0.998843
1.00117
0.999191
0.998828
0.997233
0.996323
1.00113
1.00143
1.00109
1.00094
0.998671
1.00183
1.00183
0.998678
1.00143
0.998196
0.998573
0.997439
0.997366
1.00104
0.997345
0.997307
0.996003
0.997763
0.997775
1.00142
0.996965
0.997207
0.996885
0.997105
0.99713
1.00143
0.997229
0.99842
0.996777
0.998609
0.997026
0.997113
0.99798
0.999281
0.996703
0.996556
0.996228
0.998493
0.998322
0.998039
0.996715
0.996123
0.996111
0.995566
0.995528
0.995935
0.995921
0.995802
0.995749
0.99591
0.997393
1.00055
0.995117
0.995137
0.993943
0.993645
0.99469
0.993645
0.993994
0.993938
0.994804
0.994808
0.993763
0.993716
1.00193
1.00228
0.997927
0.998008
1.00147
1.00145
1.00078
0.998911
1.00096
0.999883
0.999852
0.995948
0.998973
0.998509
0.998477
1.00031
0.994212
0.998995
0.999012
0.999164
0.999379
0.995779
0.997658
0.995259
0.995975
0.997381
0.994707
1.00111
0.997258
0.996747
0.996793
0.996987
0.996564
0.996582
0.995977
0.994871
0.995017
1.00052
0.995703
0.995709
0.993925
0.993716
1.00229
1.00233
1.00193
1.00132
1.00131
1.00192
1.00091
1.00058
1.00062
0.999929
0.999301
0.999029
0.994883
0.998258
0.998239
0.997751
0.99785
0.998267
0.998829
1.00027
0.994735
0.999904
0.999042
0.997433
0.999365
0.995401
0.997036
0.997203
0.996867
0.99703
0.997269
1.00075
0.995408
0.995415
0.99581
0.993929
0.993929
0.993756
1.00187
1.00184
1.00192
1.00239
1.00238
1.00233
1.00131
1.0005
1.00056
0.999975
0.999117
0.999867
0.999338
0.999292
0.995078
0.998642
0.998551
0.998319
0.998284
0.995086
1.00078
0.997841
0.997687
0.997626
0.997627
0.997572
0.997434
0.997495
0.997317
0.997418
0.99703
0.997278
0.997242
0.997417
0.997197
0.996899
0.996806
0.997038
0.997275
0.996821
0.997637
0.994958
1.00105
1.00001
0.995205
0.993756
0.994859
0.994826
0.994316
0.994313
1.00235
0.997519
1.00134
1.001
0.998577
1.00119
1.00047
1.00039
0.997748
1.00002
0.996396
0.998955
0.999063
1.00081
0.998522
0.998803
0.99849
0.998081
0.999048
0.999052
0.997377
0.997243
1.00124
0.995975
0.996314
0.995299
1.00128
0.997527
0.997108
0.997142
0.997306
0.996961
0.998262
0.996434
0.996171
0.995201
0.995129
1.00231
1.00137
1.00113
1.00083
0.999546
0.999791
0.999292
0.998284
1.00103
0.998012
0.997391
0.996466
0.997534
0.99747
1.00035
0.996141
0.997343
0.997251
0.997414
0.99653
0.995941
0.994704
0.994567
0.993995
0.994159
0.997035
0.993745
1.00005
1.00241
1.00134
1.0024
1.00134
0.994871
1.00127
0.994883
1.00111
1.00131
0.997424
1.00043
0.998002
1.00065
0.996042
0.996343
1.00008
0.999738
0.996343
0.998965
0.99595
0.999217
0.99874
0.998646
0.998676
0.998474
0.998013
0.997714
0.998008
0.998251
0.997977
0.99771
0.9973
0.997302
0.997494
0.997594
0.997608
0.99738
0.997571
0.997271
0.997132
0.997169
0.99713
0.997162
0.998152
0.997166
0.997358
0.997538
0.997234
0.997251
0.997372
0.997075
0.996975
0.996987
0.997035
0.996078
0.996141
0.996945
0.996009
0.996901
0.996831
1.00075
0.998697
0.99378
0.99378
0.996
0.99351
0.996743
1.00111
1.00045
1.00072
1.00137
1.00137
1.00111
0.998006
1.0006
0.998628
0.994203
0.994793
0.999328
0.993948
0.998599
0.998622
1.00013
0.996468
1.00075
0.998963
0.998761
0.998036
1.00093
0.998113
1.00073
1.00011
0.997719
1.00017
1.00046
0.998101
0.998374
0.997729
0.996383
1.00064
0.996283
0.999488
1.00055
0.998933
0.998962
0.998076
0.999969
0.998889
0.999814
1.00101
1.00066
0.998731
0.996258
1.00032
1.00016
0.99929
1.0006
0.997984
0.999248
0.997378
0.99993
1.00166
0.999071
0.998793
0.998393
0.998129
0.99818
0.996329
0.996252
0.997113
0.996383
0.997132
0.997506
0.998083
0.996595
0.997472
0.999861
0.995837
0.997066
0.997214
1.00144
0.996461
0.998434
0.999173
0.996859
0.998403
1.00025
1.00149
0.997844
0.995789
1.00134
0.995462
1.00116
0.99589
0.995853
0.997127
0.996241
0.996156
0.999007
1.00108
0.995172
0.99882
0.995816
0.998996
0.995504
0.995504
0.995277
0.994814
0.994587
0.994716
0.995668
1.0007
0.998666
0.997279
0.99858
0.99922
0.996989
0.998499
1.00053
0.997128
0.999888
0.999066
1.00214
0.999327
0.997791
1.00212
0.999233
0.998725
0.99832
0.999153
0.998875
1.00192
1.00192
0.998695
1.00197
0.995325
1.00048
0.999069
1.00096
0.996254
0.997357
1.00108
1.00183
1.00121
1.00172
1.0011
1.0013
1.00131
1.00121
0.999741
1.00109
0.99974
0.994446
0.994268
1.00137
1.00165
1.00105
0.993937
0.993832
0.993827
0.99418
0.993867
0.994184
0.99394
1.00172
0.998739
1.00008
0.994233
1.00158
1.00132
0.993907
1.00149
0.993934
0.998763
0.998644
0.99635
0.995048
0.998615
0.998742
0.998354
0.997631
0.997593
0.997825
0.993815
0.998876
0.99615
0.996192
0.995908
0.99425
0.993957
0.996734
0.995645
0.997818
0.995836
0.993996
0.994413
0.998774
0.994953
1.0006
0.994115
0.999107
0.998894
0.998416
0.994204
0.996518
0.994013
0.994042
0.996737
0.99443
0.995743
0.994958
0.994312
0.99684
0.998264
0.995558
1.00008
0.995571
0.998661
0.995938
0.997887
0.994626
0.997341
0.996796
0.999417
0.995632
0.996393
1.00105
0.994614
0.99444
0.99416
0.994367
0.998108
1.0012
0.998243
0.996178
0.994041
0.993736
0.995253
0.995906
0.997208
0.9963
0.996655
0.996671
0.994549
0.994752
0.99403
0.997363
0.996719
0.998721
0.994402
0.994352
0.996528
0.995811
0.996671
0.997373
0.997101
0.996373
0.9965
0.999518
1.00032
0.995819
0.9959
0.995656
0.999473
0.999208
0.999929
0.99939
1.0001
1.00137
1.00167
1.00129
1.0017
1.00207
1.00104
1.00109
0.995944
1.00115
0.997393
0.994842
0.995039
0.998534
0.996391
1.00186
1.00199
0.996085
1.00143
0.995889
0.994842
0.994952
1.00104
0.995874
0.996803
0.995478
0.995455
1.00089
1.00116
0.996862
0.997486
0.996881
0.997062
0.99686
1.0003
1.00051
0.994754
0.998012
1.00078
0.998757
0.998566
0.998998
0.994865
0.998005
0.997577
0.999377
0.998734
0.999253
1.00082
0.999475
0.999279
1.00033
0.999505
0.99878
0.995834
0.998616
1.00067
0.996158
0.996525
0.998013
0.999749
0.998176
0.998459
0.998445
0.998161
0.997878
0.999689
0.998757
0.999076
1.00049
0.997992
0.99849
0.999724
1.00091
0.996397
0.997544
0.999429
0.998019
0.99783
1.00108
1.00138
0.998149
1.00043
0.996808
0.999509
1.00045
1.00111
0.997448
0.997352
0.997659
0.995173
0.997768
0.997501
0.997921
0.997589
0.997946
0.997493
1.00098
1.00111
0.997761
0.997842
0.999339
1.00095
0.997272
0.997637
0.997321
0.997926
0.997023
0.997038
0.997384
0.99952
0.997323
0.996369
1.00066
0.993857
0.997638
0.995974
0.997535
0.999636
0.99718
0.997428
0.995217
1.00091
0.997048
0.996761
0.996819
0.997196
0.997163
0.994001
0.996521
0.999012
1.00063
0.997532
0.995861
0.998392
0.996809
0.996869
0.996905
0.996665
0.997045
0.996881
0.995934
0.996373
0.998744
0.995336
0.996265
0.995706
1.00043
1.00085
0.996049
0.995745
0.995581
0.996459
0.998933
0.998767
0.995265
0.995291
0.995957
0.995074
1.00044
1.00108
0.997686
0.999723
0.999549
0.99632
0.999164
0.99676
1.00024
0.995974
0.997643
0.997634
0.994798
0.997669
1.00116
1.00167
1.00123
1.00168
1.00124
1.00149
0.998177
0.999294
1.00104
0.99882
0.998628
0.998313
1.00099
1.00077
1.00055
0.996441
0.99753
0.99596
1.00033
0.995807
0.995307
0.997106
0.995102
0.998323
1.00161
0.998433
0.999111
0.995356
0.99937
0.999903
0.995019
0.998879
0.996417
0.998368
0.997782
0.996274
0.995276
0.99758
0.998806
0.997665
0.997467
1.00052
0.995083
0.998612
0.996141
1.00088
0.998007
0.996452
0.994959
0.99631
0.994807
0.997119
0.99569
0.994809
0.996448
0.999096
0.998594
0.997519
0.99913
0.99568
0.995833
0.995527
0.99558
0.997243
0.994997
0.99689
0.997286
1.00002
0.996373
0.996772
1.00018
0.996263
0.996867
0.996373
0.996677
1.00079
1.00063
0.995908
0.995998
0.995784
0.995974
0.994819
0.995817
0.995904
0.994574
0.997778
1.0002
0.995039
0.994927
0.9946
1.00172
0.998356
1.00175
1.00013
1.00128
0.998284
1.00086
1.00019
0.999287
0.999987
0.998603
0.996767
0.998557
0.998566
0.999343
0.99913
0.996339
0.999382
0.99917
0.99941
0.999731
0.997935
0.997164
0.99576
0.997188
0.99616
1.0007
0.995202
0.994768
1.00019
0.995363
1.00124
1.00114
1.00037
0.999464
1.00018
0.995824
0.998407
0.998025
0.997769
0.995865
0.997431
0.997244
0.997432
0.997525
0.995905
0.999757
0.995686
1.00193
1.00124
0.995685
1.0006
0.999795
0.997259
1.00046
0.996108
0.998087
0.995839
0.997738
0.999958
0.995698
0.997773
0.998401
0.996195
0.997547
0.997633
0.998031
0.997345
0.99809
0.99815
0.997576
0.995766
0.997122
0.997497
0.997535
0.996969
1.00046
0.998381
0.997257
0.998292
1.00029
0.997758
0.997594
0.997247
0.996376
1.0002
0.995714
1.00234
1.00113
0.99575
0.997985
0.998255
0.997957
0.997338
0.998533
0.997364
1.00103
0.997009
0.997373
1.00012
0.994989
0.995857
0.995939
0.997481
0.995874
0.995884
1.00056
0.995966
0.997932
0.995716
0.999099
0.995923
0.996481
0.996355
0.99827
0.998353
0.996466
0.998145
0.996515
0.997274
0.99584
0.996029
0.995973
1.00115
1.00139
1.00034
0.997126
0.997701
0.996072
0.995391
0.998215
1.00031
0.999301
0.998843
0.997859
0.998704
0.99891
0.998676
0.997975
0.997784
0.997976
0.998441
0.998395
0.99777
0.997679
0.997702
0.997604
0.998269
0.999279
0.999107
0.997308
0.999167
0.995631
0.997576
0.997255
0.997269
0.997608
0.996993
0.99938
0.997554
0.995829
0.99925
0.998202
0.993814
1.00069
1.00113
0.997878
0.995499
0.996763
0.996791
1.00108
1.00146
0.999205
0.99692
0.998208
0.999273
1.0009
0.997124
0.994822
0.99925
0.999019
0.997986
0.999623
0.997396
1.00099
0.997434
0.998586
0.9969
0.99921
0.999028
0.99494
0.995886
0.997508
0.999815
0.996925
0.996136
0.998447
1.00011
1.00083
0.998286
1.00011
1.0001
0.997877
0.997454
1.0001
0.998775
0.995524
0.99908
0.998675
1.00068
1.00046
0.994335
0.99745
0.997248
0.995811
0.999255
0.999735
0.995424
0.998756
0.995496
0.995123
0.999203
0.994813
1.00056
0.99748
0.995982
0.996446
0.997478
0.997651
0.995897
1.00074
0.997652
0.999356
0.994384
1.00108
0.998678
1.00126
0.998665
0.998969
0.995597
0.995597
1.00146
1.00026
0.996081
1.00016
0.996791
1.00108
0.997531
0.995007
0.994635
0.998025
0.995065
0.99626
0.996935
0.996334
0.99794
0.996584
0.999936
0.997249
1.00049
0.999767
0.997509
0.997831
0.999389
0.995234
0.994566
1.00119
0.994698
0.995621
0.999778
0.999287
0.998043
0.998459
0.999669
0.997992
0.99574
0.994322
0.995548
0.995589
0.994879
1.00064
0.996406
0.995688
0.996987
0.996607
1.00208
0.996642
1.002
0.998857
0.994529
0.999082
0.996996
1.00087
1.00206
0.99908
0.997646
0.99616
0.994815
1.00075
0.999133
0.996371
1.00199
0.994915
0.995079
1.00019
0.997448
0.997374
0.998417
0.998326
0.997961
1.00074
0.996793
0.997594
1.00012
0.999918
0.998197
0.997789
1.00058
0.998232
0.997488
0.998273
0.994567
0.994792
0.995905
0.995284
0.994357
0.996074
0.998559
0.995682
0.998093
0.998419
0.998274
0.997704
0.996181
0.996894
0.997388
0.999881
1.00018
0.998828
0.998906
0.995983
0.99635
0.998919
0.997518
0.994482
0.998649
1.00013
0.995932
0.996141
0.997155
0.997265
0.996872
0.998732
0.998523
0.997898
0.997834
0.996259
0.995953
0.997251
0.996052
0.995725
0.998353
0.998733
0.999212
0.997731
0.998013
0.996976
0.99698
0.997462
0.995766
0.995665
0.999376
0.997053
0.99723
0.996684
0.996982
0.998637
1.00154
0.99803
0.995541
1.001
1.00022
0.997612
0.998191
0.997662
1.00053
0.999435
1.00079
0.998134
0.994466
0.994098
0.996313
0.997418
0.998975
1.00088
0.999002
0.997796
0.999504
0.996067
0.99778
0.999741
0.995032
0.995709
1.00235
0.995967
1.00014
0.996465
0.998117
0.995544
1.00135
1.00093
1.00122
1.00082
1.00001
1.00035
1.00084
0.996173
0.997406
0.994777
0.997235
1.00045
0.997764
1.00064
0.996148
0.999097
0.996471
0.995037
0.995883
0.999272
0.999174
0.998889
0.995771
1.00097
1.00078
0.9984
0.999817
0.996038
0.996097
0.99785
0.995567
0.996064
0.99583
0.999009
0.995731
1.00129
0.997091
0.998919
1.00115
1.00069
0.994218
0.997936
0.996049
1.00115
0.996126
0.998891
0.995551
1.00073
1.00064
0.99765
0.998764
0.996484
1.00107
1.00093
1.00094
1.00127
0.998359
0.997708
0.998448
0.997996
0.999988
1.0003
0.998297
1.00088
0.996572
0.998347
0.999341
0.998567
1.0015
1.00008
1.00002
0.998376
0.998896
0.99769
0.99818
0.999845
0.997238
0.998958
0.999499
0.996436
0.996236
1.00028
0.999456
0.998435
1.00044
1.00091
0.998662
0.997521
0.997877
0.998521
0.99928
0.997539
0.999369
0.995829
0.998445
0.999508
0.998539
0.999777
0.998138
0.99768
0.998371
0.995791
0.9981
0.997465
1.00131
0.999614
0.998773
0.997489
0.999038
0.998612
0.997918
0.998592
0.998279
0.998061
0.997947
0.998324
0.997997
0.997951
0.99585
0.998767
1.00098
1.00126
1.00085
0.998091
1.00019
0.997524
0.997425
0.999133
0.999128
0.997545
0.998298
0.997611
1.00023
0.997645
0.999036
1.00109
0.997668
0.996869
0.995773
0.997205
0.997136
0.995809
0.998405
0.996658
1.00103
0.995444
0.99909
1.00005
0.99685
0.997091
0.996013
0.995025
1.00134
0.995614
0.996361
0.996279
0.995786
0.996231
0.998748
0.998417
0.995616
1.00033
0.99674
0.994826
0.99605
0.997509
1.00054
0.997277
1.00092
0.998839
0.995838
1.00019
0.996037
1.00112
0.99828
0.998353
1.00218
1.00055
1.00128
0.996054
0.998646
0.999032
0.997473
0.997889
0.998953
0.998571
0.996463
0.996061
0.999033
0.998786
0.999632
0.998924
0.999086
1.00094
1.00007
1.00108
0.996062
0.998982
0.995947
1.00036
0.997602
0.998387
0.998651
0.99859
0.997474
1.00072
0.998597
0.998959
0.998772
0.997815
1.00065
0.99713
0.996389
0.9973
0.99701
0.99631
0.996195
0.997023
1.00065
0.997255
0.996011
0.994748
0.996126
0.996124
0.996032
0.994607
0.996621
1.00151
0.995959
1.00068
0.998963
1.00006
0.996791
0.999
0.998565
0.996492
0.998734
0.998425
0.999601
0.995361
0.997305
0.995461
1.001
0.996251
0.996476
0.998589
0.998764
0.998551
0.998544
0.999205
0.99591
1.00047
0.998009
0.998348
0.998579
0.997759
0.998519
0.998403
0.998808
0.998047
1.00013
0.9976
0.996315
0.998224
0.997583
0.998338
0.996712
0.998392
0.999272
0.998562
0.999338
0.997998
0.998891
0.998675
0.999059
0.996243
1.00037
0.998967
0.996405
0.996057
0.997064
0.996354
0.999853
0.998341
0.998852
0.996298
0.994178
0.998482
0.995719
0.99593
1.00088
0.999566
0.998263
0.998935
0.998017
0.998583
0.99773
0.998997
0.998392
0.998322
0.998434
0.998671
0.997529
0.998329
0.9974
0.996842
0.996368
0.998246
1.00085
0.998829
0.998808
0.998699
0.99677
0.996359
0.998581
0.997012
1.00023
0.999177
0.998687
0.998252
0.999239
0.99753
0.99957
0.996234
0.9983
0.995908
1.00123
0.998978
0.99842
1.00014
1.00091
0.997384
0.995872
1.00072
0.997012
0.999777
0.999823
0.994174
0.998274
0.995906
0.994572
0.996307
0.996337
1.0008
1.00089
0.994757
1.0004
0.997431
0.998128
0.997343
0.995816
1.00012
0.995016
0.997331
0.998978
0.996205
0.999313
0.997263
0.997666
0.996792
0.998975
0.997614
0.997208
0.999988
0.998987
0.995809
0.997961
0.997117
0.99502
0.995893
0.996145
0.996426
0.994518
1.00052
1.00083
0.996293
0.996301
0.997501
0.996438
0.997587
0.996373
0.998428
0.99895
1.0007
0.995822
0.996292
0.996374
0.998445
0.996978
0.998295
0.997625
1.00064
0.99762
0.997384
0.998457
1.0005
0.996759
0.999527
0.999467
1.00079
0.998943
1.00015
1.00049
0.997647
0.997121
0.999365
1.00076
1.00087
1.00129
0.996347
1.0011
1.00023
0.996392
1.00127
0.999493
1.00099
0.995845
0.995979
0.999498
0.997471
0.998492
0.999895
0.999521
0.996487
1.00182
1.00041
0.995078
0.995159
0.998938
0.997031
1.00088
0.99783
0.996928
0.997219
0.997896
0.996319
0.997531
0.996297
1.00115
1.00073
0.997306
1.00086
1.00078
1.00123
1.00094
1.00086
1.00067
1.00077
1.00055
1.00128
1.00049
1.00017
1.00041
1.00069
1.00017
1.00112
1.00011
0.999619
0.999987
1.00002
1.00007
1.00011
0.999989
0.999377
0.999921
0.99979
0.99818
0.998183
0.998194
0.998699
0.998388
0.998409
0.997676
0.997699
0.997869
0.997868
0.998352
0.997849
0.998163
0.997999
0.997987
0.997545
0.99749
0.997718
0.997572
0.997643
0.998008
0.997886
0.99598
0.996039
0.998122
0.999192
0.997979
0.999867
0.999435
0.998846
0.995087
0.999426
1.00045
0.998839
1.00018
0.998391
1.00073
0.998542
0.998538
1.00018
0.998167
0.995758
0.998647
1.0002
0.995979
0.999787
0.997259
0.997435
0.99625
1.00018
0.996399
0.998133
0.998419
0.997382
0.998827
0.995928
0.998823
0.998958
1.00053
1.00059
0.998775
0.995718
0.998782
0.998906
0.997251
0.998666
0.997606
0.998454
0.998571
0.998774
0.996964
0.996276
0.996005
0.995358
0.995663
0.995495
0.998193
1.00125
0.998701
0.998106
0.997991
0.996141
0.999314
0.999108
0.997451
0.997396
0.997882
0.998688
0.997408
0.998486
0.998546
0.999342
0.998488
0.999004
0.999861
0.998164
0.998335
1.00006
0.997822
0.998537
0.997384
1.00068
0.997608
0.995842
0.998207
0.996191
0.998558
0.998231
0.998565
0.999347
0.999646
0.996302
0.997473
0.995468
1.00054
1.00074
0.995384
1.00019
0.9998
1.00019
1.00023
0.998799
1.00045
0.996422
0.996276
0.996673
0.995973
0.995981
0.995842
0.995961
0.995628
0.995982
0.995969
0.995969
0.995927
0.995462
0.995534
1.00097
1.00112
1.00128
1.00099
1.00088
1.00101
1.00127
0.996043
0.995956
0.996175
0.996206
0.995945
