# vtk DataFile Version 3.0
time 2.3
ASCII
DATASET UNSTRUCTURED_GRID
POINTS 634 float
-1.81074 -0.905371 -6.3 -1.78885 -0.894427 -7 -1.43152 -1.43152 -6.3 
-1.41421 -1.41421 -7 -2.02447 0 -6.3 -2 0 -7 
-1.81074 0.905371 -6.3 -1.78885 0.894427 -7 -1.43152 1.43152 -6.3 
-1.41421 1.41421 -7 -1.48174 -1.48174 -5.6 -1.87426 -0.937132 -5.6 
-2.09549 0 -5.6 -1.87426 0.937132 -5.6 -1.48174 1.48174 -5.6 
-1.9732 -0.986601 -4.9 -1.55995 -1.55995 -4.9 -2.20611 0 -4.9 
-1.9732 0.986601 -4.9 -1.55995 1.55995 -4.9 -1.65851 -1.65851 -4.2 
-2.09787 -1.04894 -4.2 -2.34549 0 -4.2 -2.09787 1.04894 -4.2 
-1.65851 1.65851 -4.2 -2.23607 -1.11803 -3.5 -1.76777 -1.76777 -3.5 
-2.5 0 -3.5 -2.23607 1.11803 -3.5 -1.76777 1.76777 -3.5 
-1.87702 -1.87702 -2.8 -2.37426 -1.18713 -2.8 -2.65451 0 -2.8 
-2.37426 1.18713 -2.8 -1.87702 1.87702 -2.8 -2.49893 -1.24947 -2.1 
-1.97558 -1.97558 -2.1 -2.79389 0 -2.1 -2.49893 1.24947 -2.1 
-1.97558 1.97558 -2.1 -2.0538 -2.0538 -1.4 -2.59787 -1.29894 -1.4 
-2.90451 0 -1.4 -2.59787 1.29894 -1.4 -2.0538 2.0538 -1.4 
-2.10402 -2.10402 -0.7 -2.66139 -1.3307 -0.7 -2.97553 0 -0.7 
-2.66139 1.3307 -0.7 -2.10402 2.10402 -0.7 -2.68328 -1.34164 0 
-2.12132 -2.12132 0 -3 0 0 -2.68328 1.34164 0 
-2.12132 2.12132 0 -2.66139 -1.3307 0.7 -2.10402 -2.10402 0.7 
-2.97553 0 0.7 -2.66139 1.3307 0.7 -2.10402 2.10402 0.7 
-2.0538 -2.0538 1.4 -2.59787 -1.29894 1.4 -2.90451 0 1.4 
-2.59787 1.29894 1.4 -2.0538 2.0538 1.4 -1.97558 -1.97558 2.1 
-2.49893 -1.24947 2.1 -2.79389 0 2.1 -2.49893 1.24947 2.1 
-1.97558 1.97558 2.1 -2.37426 -1.18713 2.8 -1.87702 -1.87702 2.8 
-2.65451 0 2.8 -2.37426 1.18713 2.8 -1.87702 1.87702 2.8 
-1.76777 -1.76777 3.5 -2.23607 -1.11803 3.5 -2.5 0 3.5 
-2.23607 1.11803 3.5 -1.76777 1.76777 3.5 -2.09787 -1.04894 4.2 
-1.65851 -1.65851 4.2 -2.34549 0 4.2 -2.09787 1.04894 4.2 
-1.65851 1.65851 4.2 -1.55995 -1.55995 4.9 -1.9732 -0.986601 4.9 
-2.20611 0 4.9 -1.9732 0.986601 4.9 -1.55995 1.55995 4.9 
-1.87426 -0.937132 5.6 -1.48174 -1.48174 5.6 -2.09549 0 5.6 
-1.87426 0.937132 5.6 -1.48174 1.48174 5.6 -1.43152 -1.43152 6.3 
-1.81074 -0.905371 6.3 -2.02447 0 6.3 -1.81074 0.905371 6.3 
-1.43152 1.43152 6.3 -1.78885 -0.894427 7 -1.41421 -1.41421 7 
-2 0 7 -1.78885 0.894427 7 -1.41421 1.41421 7 
1.81074 -0.905371 -6.3 1.43152 -1.43152 -6.3 1.78885 -0.894427 -7 
1.41421 -1.41421 -7 1.48174 -1.48174 -5.6 1.87426 -0.937132 -5.6 
1.9732 -0.986601 -4.9 1.55995 -1.55995 -4.9 1.65851 -1.65851 -4.2 
2.09787 -1.04894 -4.2 2.23607 -1.11803 -3.5 1.76777 -1.76777 -3.5 
1.87702 -1.87702 -2.8 2.37426 -1.18713 -2.8 2.49893 -1.24947 -2.1 
1.97558 -1.97558 -2.1 2.0538 -2.0538 -1.4 2.59787 -1.29894 -1.4 
2.10402 -2.10402 -0.7 2.66139 -1.3307 -0.7 2.68328 -1.34164 0 
2.12132 -2.12132 0 2.66139 -1.3307 0.7 2.10402 -2.10402 0.7 
2.0538 -2.0538 1.4 2.59787 -1.29894 1.4 1.97558 -1.97558 2.1 
2.49893 -1.24947 2.1 2.37426 -1.18713 2.8 1.87702 -1.87702 2.8 
1.76777 -1.76777 3.5 2.23607 -1.11803 3.5 2.09787 -1.04894 4.2 
1.65851 -1.65851 4.2 1.55995 -1.55995 4.9 1.9732 -0.986601 4.9 
1.87426 -0.937132 5.6 1.48174 -1.48174 5.6 1.43152 -1.43152 6.3 
1.81074 -0.905371 6.3 1.78885 -0.894427 7 1.41421 -1.41421 7 
2.02447 0 -6.3 2 0 -7 2.09549 0 -5.6 
2.20611 0 -4.9 2.34549 0 -4.2 2.5 0 -3.5 
2.65451 0 -2.8 2.79389 0 -2.1 2.90451 0 -1.4 
2.97553 0 -0.7 3 0 0 2.97553 0 0.7 
2.90451 0 1.4 2.79389 0 2.1 2.65451 0 2.8 
2.5 0 3.5 2.34549 0 4.2 2.20611 0 4.9 
2.09549 0 5.6 2.02447 0 6.3 2 0 7 
1.81074 0.905371 -6.3 1.78885 0.894427 -7 1.87426 0.937132 -5.6 
1.9732 0.986601 -4.9 2.09787 1.04894 -4.2 2.23607 1.11803 -3.5 
2.37426 1.18713 -2.8 2.49893 1.24947 -2.1 2.59787 1.29894 -1.4 
2.66139 1.3307 -0.7 2.68328 1.34164 0 2.66139 1.3307 0.7 
2.59787 1.29894 1.4 2.49893 1.24947 2.1 2.37426 1.18713 2.8 
2.23607 1.11803 3.5 2.09787 1.04894 4.2 1.9732 0.986601 4.9 
1.87426 0.937132 5.6 1.81074 0.905371 6.3 1.78885 0.894427 7 
1.43152 1.43152 -6.3 1.41421 1.41421 -7 1.48174 1.48174 -5.6 
1.55995 1.55995 -4.9 1.65851 1.65851 -4.2 1.76777 1.76777 -3.5 
1.87702 1.87702 -2.8 1.97558 1.97558 -2.1 2.0538 2.0538 -1.4 
2.10402 2.10402 -0.7 2.12132 2.12132 0 2.10402 2.10402 0.7 
2.0538 2.0538 1.4 1.97558 1.97558 2.1 1.87702 1.87702 2.8 
1.76777 1.76777 3.5 1.65851 1.65851 4.2 1.55995 1.55995 4.9 
1.48174 1.48174 5.6 1.43152 1.43152 6.3 1.41421 1.41421 7 
-0.905371 -1.81074 -6.3 -0.894427 -1.78885 -7 -0.937132 -1.87426 -5.6 
-0.986601 -1.9732 -4.9 -1.04894 -2.09787 -4.2 -1.11803 -2.23607 -3.5 
-1.18713 -2.37426 -2.8 -1.24947 -2.49893 -2.1 -1.29894 -2.59787 -1.4 
-1.3307 -2.66139 -0.7 -1.34164 -2.68328 0 -1.3307 -2.66139 0.7 
-1.29894 -2.59787 1.4 -1.24947 -2.49893 2.1 -1.18713 -2.37426 2.8 
-1.11803 -2.23607 3.5 -1.04894 -2.09787 4.2 -0.986601 -1.9732 4.9 
-0.937132 -1.87426 5.6 -0.905371 -1.81074 6.3 -0.894427 -1.78885 7 
0 -2.02447 -6.3 0 -2 -7 0 -2.09549 -5.6 
0 -2.20611 -4.9 0 -2.34549 -4.2 0 -2.5 -3.5 
0 -2.65451 -2.8 0 -2.79389 -2.1 0 -2.90451 -1.4 
0 -2.97553 -0.7 0 -3 0 0 -2.97553 0.7 
0 -2.90451 1.4 0 -2.79389 2.1 0 -2.65451 2.8 
0 -2.5 3.5 0 -2.34549 4.2 0 -2.20611 4.9 
0 -2.09549 5.6 0 -2.02447 6.3 0 -2 7 
0.905371 -1.81074 -6.3 0.894427 -1.78885 -7 0.937132 -1.87426 -5.6 
0.986601 -1.9732 -4.9 1.04894 -2.09787 -4.2 1.11803 -2.23607 -3.5 
1.18713 -2.37426 -2.8 1.24947 -2.49893 -2.1 1.29894 -2.59787 -1.4 
1.3307 -2.66139 -0.7 1.34164 -2.68328 0 1.3307 -2.66139 0.7 
1.29894 -2.59787 1.4 1.24947 -2.49893 2.1 1.18713 -2.37426 2.8 
1.11803 -2.23607 3.5 1.04894 -2.09787 4.2 0.986601 -1.9732 4.9 
0.937132 -1.87426 5.6 0.905371 -1.81074 6.3 0.894427 -1.78885 7 
-0.905371 1.81074 -6.3 -0.894427 1.78885 -7 0 2.02447 -6.3 
0 2 -7 0.905371 1.81074 -6.3 0.894427 1.78885 -7 
-0.937132 1.87426 -5.6 0 2.09549 -5.6 0.937132 1.87426 -5.6 
-0.986601 1.9732 -4.9 0 2.20611 -4.9 0.986601 1.9732 -4.9 
-1.04894 2.09787 -4.2 0 2.34549 -4.2 1.04894 2.09787 -4.2 
-1.11803 2.23607 -3.5 0 2.5 -3.5 1.11803 2.23607 -3.5 
-1.18713 2.37426 -2.8 0 2.65451 -2.8 1.18713 2.37426 -2.8 
-1.24947 2.49893 -2.1 0 2.79389 -2.1 1.24947 2.49893 -2.1 
-1.29894 2.59787 -1.4 0 2.90451 -1.4 1.29894 2.59787 -1.4 
-1.3307 2.66139 -0.7 0 2.97553 -0.7 1.3307 2.66139 -0.7 
-1.34164 2.68328 0 0 3 0 1.34164 2.68328 0 
-1.3307 2.66139 0.7 0 2.97553 0.7 1.3307 2.66139 0.7 
-1.29894 2.59787 1.4 0 2.90451 1.4 1.29894 2.59787 1.4 
-1.24947 2.49893 2.1 0 2.79389 2.1 1.24947 2.49893 2.1 
-1.18713 2.37426 2.8 0 2.65451 2.8 1.18713 2.37426 2.8 
-1.11803 2.23607 3.5 0 2.5 3.5 1.11803 2.23607 3.5 
-1.04894 2.09787 4.2 0 2.34549 4.2 1.04894 2.09787 4.2 
-0.986601 1.9732 4.9 0 2.20611 4.9 0.986601 1.9732 4.9 
-0.937132 1.87426 5.6 0 2.09549 5.6 0.937132 1.87426 5.6 
-0.905371 1.81074 6.3 0 2.02447 6.3 0.905371 1.81074 6.3 
-0.894427 1.78885 7 0 2 7 0.894427 1.78885 7 
-1 -1 -7 0 -1 -7 1 -1 -7 
-1 0 -7 0 0 -7 1 0 -7 
-1 1 -7 0 1 -7 1 1 -7 
-1 -1 7 -1 0 7 -1 1 7 
0 -1 7 0 0 7 0 1 7 
1 -1 7 1 0 7 1 1 7 
-0.325305 -0.861645 -5.86441 0.809297 -0.591624 -5.56173 0.0419377 -0.157947 -3.69029 
0.508618 0.354434 -5.80009 -0.0713939 0.493947 -4.32966 -0.589488 0.944986 -3.5642 
0.605508 -0.506243 -4.39605 -0.166342 0.263427 -3.11827 0.658816 0.680957 -3.92323 
-0.0353748 -1.05437 0.182354 0.123369 -0.0589432 -0.488 -1.02148 -0.0141634 -0.467749 
-0.290637 0.0774161 0.421376 -0.981709 0.559543 1.12842 -0.495738 -0.292948 3.14203 
0.708367 0.225303 3.43531 -0.718287 0.400354 2.84821 -0.142085 0.228319 4.20245 
-0.335064 -0.0210953 1.30746 0.689745 0.641188 4.78352 -0.398463 0.986455 5.64659 
-0.292843 -0.319334 4.73817 0.584365 0.112936 4.60246 -0.368634 -1.23351 5.58472 
0.290416 0.54655 5.45396 0.801165 -0.37862 5.51075 0.510849 0.28368 -3.38316 
0.309341 -0.787323 -1.37038 0.340261 0.036911 -1.99143 0.356608 -0.289375 0.966089 
0.453394 0.49107 0.453525 0.67138 0.292702 1.53463 0.670619 -0.679152 6.51114 
1.43944 0.0698506 -2.39764 0.427801 0.607559 6.32788 -0.878666 -0.323176 -3.68299 
-0.383394 0.186032 -3.67087 -0.0693023 0.309394 -3.63207 0.247485 -0.807901 -2.8784 
-0.727269 -0.0327876 -1.65616 -1.00286 -0.505801 0.67995 -0.185185 -0.828891 2.34683 
-0.758144 -0.047508 3.94098 -0.44244 0.142732 5.08812 0.109048 0.34236 2.37671 
-0.330175 -0.6169 4.31739 0.354466 -0.611589 4.2618 0.816111 -0.471606 4.34316 
0.109851 0.0525366 5.05881 0.828031 0.245984 5.45163 1.39504 -0.494954 -3.15975 
-1.01891 -0.182249 -5.96964 -1.28535 -0.499338 -5.15888 -0.135984 -1.39515 -5.71485 
-1.44596 0.490052 -6.108 -1.32641 1.1906 -5.36026 -0.36764 1.23122 -5.95728 
-1.53518 0.57976 -5.52318 -0.665727 -1.65997 -5.25634 -1.18748 -1.08586 -4.41291 
-0.934744 1.25386 -4.9748 -1.37871 -1.40002 -3.85561 -1.50715 0.644289 -3.58864 
-1.63609 -1.22798 -2.86244 -0.806833 -1.56753 -3.52533 -1.15654 1.18758 -2.6963 
-0.827968 -1.31768 -2.60901 -1.92908 -0.532984 -2.5146 -1.80016 -0.933355 -1.67153 
-1.97324 0.286905 -1.88576 -0.990434 -1.98709 -2.11719 -2.00457 -0.0110248 -0.718969 
-1.44966 1.16993 -1.67359 -1.79355 -1.04596 -0.260821 -1.24421 -1.96436 -0.145389 
-1.02691 1.45054 -0.77004 -1.88639 0.700179 -0.0547507 -0.773936 -2.59981 0.0282595 
-1.86634 -1.26579 0.581274 -1.65207 1.2765 0.444281 -0.91651 2.36204 0.200358 
-0.659775 1.39596 0.719692 -2.0282 -0.232824 1.89794 -1.80551 -0.151049 1.05502 
-1.45188 1.94586 1.14624 -1.2951 -1.48145 1.6748 -1.20953 -1.9198 0.822534 
-1.51201 1.04155 2.48726 -0.810381 1.63716 1.69371 -1.30458 -0.243947 2.23866 
-1.42336 0.0473141 3.23234 -1.27903 -1.05332 3.43219 -1.57675 0.62873 3.49641 
-1.90173 1.06914 3.41505 -0.268378 -1.64434 3.71638 -1.84677 -0.315238 3.90112 
-0.590391 1.5367 3.09023 -0.507735 1.09892 4.03563 -1.48552 -0.668275 4.53784 
-1.49226 0.321694 4.28722 -1.73217 0.470502 4.82722 -0.915774 1.34116 4.58728 
-0.673227 -1.28345 4.95702 -1.59048 -0.460982 5.17467 -1.14401 -0.887293 5.21663 
-0.78374 1.53223 5.56268 -1.25578 0.774144 5.38781 -0.949537 -0.0345606 4.7587 
-1.46226 0.330688 6.29568 -0.894621 -1.42771 5.92923 -0.0103566 1.43683 6.18903 
1.18828 0.0850052 -5.96911 1.51257 0.103077 -6.24454 0.499661 -1.36265 -5.78721 
0.983107 -1.23146 -5.20108 1.29105 -0.923333 -4.58766 1.34316 -0.120597 -4.90902 
0.26647 -1.6356 -4.77636 0.379301 -1.49619 -3.87241 1.50068 0.191528 -4.13118 
1.99028 0.166773 -1.13276 0.770651 -2.61325 -0.00273539 1.65748 -1.20136 0.626472 
2.03037 0.302553 0.366802 1.43614 -0.379364 1.53247 1.18817 -1.28832 2.55718 
0.549595 -1.78806 1.58801 1.43132 -1.49522 3.15296 1.5704 -0.164716 2.86894 
1.24093 -0.955496 4.45502 1.0011 -1.16045 3.77436 0.449806 -1.19109 3.19699 
1.6331 -0.139201 4.07647 1.20058 -0.440205 4.66992 0.242084 -1.19638 5.0889 
1.31426 -1.05541 5.01393 0.529011 -1.65252 5.39836 1.8573 -0.131909 5.30417 
1.42617 -0.158159 5.4927 0.295624 -1.47774 6.0343 1.39872 -0.069432 6.19815 
1.14955 0.67582 -4.98048 1.42898 0.870556 -3.14375 1.41905 1.09287 -1.84571 
1.6254 0.580576 3.94093 1.30629 0.434306 5.22218 0.990117 1.08214 -6.05482 
1.40632 1.20818 -4.01085 1.95691 1.09066 -0.599718 1.383 1.24249 0.155188 
1.10818 1.36131 1.5885 1.12637 1.19922 3.53166 1.14116 0.894557 4.49588 
0.309905 1.36186 -5.98938 0.697749 1.34414 -5.17392 0.551954 1.64075 -4.31479 
0.296604 1.54531 -3.54392 0.0865556 1.87053 -1.6795 1.34891 1.55265 -0.843203 
0.209409 1.98367 -0.0473118 1.29822 1.90576 0.877642 0.0600732 1.29508 2.52635 
0.431116 1.69037 3.55547 -0.124466 -1.40586 -6.4827 -0.280696 -1.97987 -3.05368 
0.812336 -1.78022 -1.27896 -0.168581 -1.87267 2.98757 -0.110106 -1.55426 4.2738 
-0.557998 1.65882 -2.71551 0.0297029 2.46264 -1.54091 0.0297766 2.15902 1.61353 
0.340149 1.67135 4.37305 0.212786 1.06348 -5.02343 0.0129866 1.06743 -3.07178 
-0.58727 0.846266 -1.03657 0.541508 0.786673 -1.15619 0.325937 0.784363 4.11662 
-1.19707 -0.724994 5.81363 0.5986 -0.851891 4.97349 -0.98288 0.954361 -5.97834 
-0.219495 -2.04642 0.549066 1.24255 0.354105 -0.61988 -0.927352 -1.38784 4.35419 
-0.00531514 0.794787 -0.220726 -1.21692 -0.792015 -0.778803 -0.916665 -0.728732 -1.42054 
1.16357 -1.21501 -2.3786 1.26524 0.221694 4.74757 -0.539492 -2.02369 -2.53792 
-0.282378 1.65963 5.33302 -0.47689 1.46003 -4.21358 -0.558096 -1.08391 3.53089 
0.799381 -1.25686 5.30901 -0.0776176 -1.85527 4.92511 -0.370109 -0.660183 -2.1495 
-1.81018 0.0763047 -3.31087 0.89839 0.904959 -5.57194 0.12054 -1.01188 -4.61095 
-0.826686 -0.947723 4.61667 -1.37879 -0.217178 -1.46716 -0.171206 1.42763 -5.24491 
-0.236786 -1.09194 4.63898 0.173593 1.82105 5.48359 0.0258099 -1.84135 -2.17145 
0.571905 0.944618 -5.40269 -0.160568 0.952807 3.755 0.0995867 1.47461 -0.658388 
0.0467445 1.29312 -1.1566 -0.169839 1.06588 -3.72603 -0.145199 -1.45834 4.63883 
-0.0709641 1.13486 5.03141 0.284008 1.19332 -4.11697 -0.124558 -1.65166 4.95879 
1.17358 -0.0130872 5.09838 0.0434631 1.14183 -0.769464 0.379985 1.34444 4.05268 
1.78171 0.993661 4.48066 0.135564 -1.30063 -1.87672 -0.0449049 1.32765 -3.96728 
-0.150989 -1.51824 4.94965 1.84706 0.403041 4.35894 -1.47396 -0.452383 -2.0986 
1.61525 0.64458 4.39171 -0.29876 -1.00039 -2.25873 -0.353206 0.845471 -4.14855 
-0.832121 0.899131 -4.48564 -0.56687 -1.51519 -2.05537 -1.86513 0.703354 -2.37592 
0.402907 1.71371 5.15876 1.60274 0.261187 4.5922 1.67349 0.2033 4.2798 
0.176951 1.67522 4.96826 1.4857 0.119356 4.93326 0.00959429 0.956646 -0.928323 
-0.182296 -1.40808 4.98006 -1.73257 1.15075 -2.4908 1.54859 0.20351 4.37174 
-0.212025 -1.31521 4.99823 1.63564 -0.012941 4.87127 1.49945 -0.152285 4.73629 
1.37718 -0.124389 4.96798 1.80751 0.107048 4.50119 1.58637 -0.0127604 4.54999 
-1.30751 0.420367 -4.86595 -1.53231 0.750669 -5.06449 -1.40331 0.952181 -4.42354 
-1.11878 1.00692 -3.91377 -1.75611 -0.980673 -3.82435 -0.763815 -1.60774 -1.29898 
-1.52548 -1.48171 -1.11463 1.63867 -0.872727 -1.73964 0.844573 1.68175 4.94058 
0.49892 1.06505 4.98969 -0.803321 0.325739 -5.64711 -0.430064 -1.20847 1.31638 
-0.602774 -0.34118 2.05565 -0.960508 -0.381026 3.72584 -0.721882 0.473329 4.19381 
-1.18109 -1.30149 0.697898 1.16051 -1.79315 -0.0453505 -0.174514 1.36139 4.60569 
0.0957059 1.53585 4.70654 -0.955722 0.195233 4.29142 -1.76951 -0.0123034 -4.77236 
-0.643958 -1.03268 -1.75875 -0.425685 -1.28294 -1.88644 -1.5592 -0.289679 -4.08435 
-1.54424 -0.370636 -4.51313 -1.70323 0.101481 -4.33624 -1.8647 0.448841 -4.39504 
1.85926 -0.915127 -0.570317 0.971254 -0.547504 -0.10987 1.11532 -0.452887 -1.04648 
1.65208 0.104689 4.43449 1.64987 -0.594359 4.79541 -0.172688 1.27926 -4.64097 
1.33536 -0.642987 5.24446 1.69963 0.211425 4.4407 -1.02484 -1.41409 5.32218 
0.740251 1.45026 4.99969 

CELLS 2516 12580
4 247 268 448 521 
4 246 268 448 247 
4 378 564 329 606 
4 469 114 113 112 
4 521 268 448 484 
4 508 495 526 558 
4 349 388 374 350 
4 373 402 378 371 
4 470 355 465 149 
4 420 542 518 557 
4 397 374 402 371 
4 114 469 113 116 
4 152 496 153 174 
4 380 360 356 358 
4 355 470 465 357 
4 472 469 113 112 
4 606 582 329 633 
4 380 356 391 358 
4 525 582 585 606 
4 495 357 526 558 
4 472 420 518 557 
4 469 472 113 116 
4 419 528 389 382 
4 530 516 569 506 
4 357 507 526 558 
4 507 508 526 558 
4 256 472 113 112 
4 488 399 521 555 
4 394 363 608 439 
4 472 256 113 116 
4 355 340 338 337 
4 552 377 458 456 
4 411 533 13 409 
4 536 552 458 456 
4 495 470 465 149 
4 85 536 458 456 
4 408 533 13 411 
4 89 325 324 459 
4 402 378 377 379 
4 387 118 153 154 
4 118 387 153 404 
4 470 495 465 357 
4 478 476 363 625 
4 413 412 407 551 
4 412 467 407 551 
4 404 496 153 152 
4 8 533 13 408 
4 467 354 407 551 
4 170 495 465 149 
4 480 476 363 478 
4 613 476 363 480 
4 358 390 391 359 
4 366 384 367 372 
4 625 476 363 613 
4 539 571 381 602 
4 507 526 554 410 
4 116 540 404 472 
4 382 364 626 535 
4 288 285 510 544 
4 536 456 521 555 
4 379 402 403 376 
4 365 366 394 364 
4 390 391 356 358 
4 372 383 384 385 
4 372 366 383 363 
4 359 380 361 391 
4 122 604 624 474 
4 121 604 624 122 
4 531 462 377 397 
4 507 526 280 554 
4 377 386 348 493 
4 370 367 398 372 
4 509 286 285 510 
4 363 427 538 602 
4 346 462 377 531 
4 282 507 280 554 
4 506 530 525 569 
4 602 428 427 603 
4 509 285 282 544 
4 23 17 597 623 
4 22 23 416 623 
4 374 462 377 346 
4 325 455 564 543 
4 397 462 377 374 
4 23 597 416 623 
4 480 242 263 264 
4 358 572 565 544 
4 164 487 593 486 
4 375 379 402 377 
4 239 519 557 602 
4 389 361 356 390 
4 392 571 557 540 
4 398 385 435 504 
4 613 534 263 480 
4 372 398 395 385 
4 475 534 263 613 
4 564 455 325 614 
4 594 586 491 592 
4 242 534 263 475 
4 365 394 538 363 
4 319 516 322 321 
4 596 486 593 541 
4 597 18 23 599 
4 633 582 329 605 
4 597 17 18 598 
4 3 211 336 354 
4 395 385 478 383 
4 293 496 196 497 
4 480 534 263 242 
4 376 402 403 373 
4 384 383 364 625 
4 389 356 361 392 
4 3 336 2 354 
4 371 375 402 397 
4 506 206 633 606 
4 323 516 322 319 
4 525 516 322 323 
4 375 377 402 397 
4 476 480 263 264 
4 251 230 348 377 
4 515 516 451 559 
4 538 427 603 602 
4 195 496 196 293 
4 410 282 414 554 
4 379 403 402 378 
4 406 413 621 17 
4 3 2 211 354 
4 321 516 322 525 
4 369 400 401 376 
4 19 544 600 599 
4 369 395 368 398 
4 526 410 414 554 
4 441 446 444 451 
4 406 597 405 411 
4 451 371 378 374 
4 516 525 451 559 
4 389 413 621 406 
4 251 348 250 377 
4 239 602 557 218 
4 539 365 538 363 
4 153 387 174 496 
4 525 530 451 559 
4 369 395 398 385 
4 174 496 196 195 
4 497 496 196 174 
4 473 362 496 501 
4 87 454 82 83 
4 31 417 35 36 
4 529 535 382 497 
4 346 349 377 374 
4 412 413 471 551 
4 421 417 35 31 
4 372 395 383 385 
4 358 389 354 360 
4 307 524 513 311 
4 442 524 513 307 
4 406 389 597 416 
4 17 411 598 597 
4 361 391 390 359 
4 127 476 126 128 
4 251 250 230 377 
4 374 349 347 346 
4 380 362 360 358 
4 422 417 35 421 
4 36 417 35 422 
4 156 177 474 157 
4 397 455 371 611 
4 439 363 534 612 
4 22 17 23 623 
4 415 413 418 214 
4 365 430 425 437 
4 453 455 461 611 
4 504 524 513 442 
4 83 454 82 453 
4 389 413 418 415 
4 125 476 126 127 
4 377 493 348 249 
4 459 89 94 327 
4 43 425 48 47 
4 426 425 48 43 
4 386 349 377 348 
4 389 597 405 406 
4 549 421 389 423 
4 357 500 507 550 
4 383 384 366 372 
4 89 459 94 460 
4 365 437 427 394 
4 472 413 418 389 
4 241 242 475 240 
4 423 365 425 553 
4 422 423 425 553 
4 329 374 582 564 
4 214 413 418 472 
4 354 340 355 337 
4 346 377 348 345 
4 539 422 425 553 
4 367 537 365 528 
4 377 346 348 349 
4 311 524 513 504 
4 365 539 425 553 
4 156 157 474 624 
4 99 459 94 327 
4 419 416 389 549 
4 386 388 349 352 
4 164 491 506 586 
4 18 598 414 579 
4 598 411 414 597 
4 244 480 243 222 
4 350 349 347 374 
4 538 365 427 394 
4 176 177 474 156 
4 554 282 507 410 
4 157 124 125 624 
4 422 41 42 37 
4 459 99 94 460 
4 397 377 402 374 
4 374 378 377 402 
4 264 480 243 244 
4 599 414 19 544 
4 363 608 439 534 
4 135 483 268 138 
4 357 340 355 354 
4 477 157 474 502 
4 222 480 243 534 
4 218 557 424 602 
4 481 479 482 133 
4 392 360 356 380 
4 478 383 363 480 
4 268 483 135 484 
4 471 467 412 551 
4 154 387 174 153 
4 30 417 36 216 
4 52 427 57 55 
4 439 223 480 395 
4 371 402 378 374 
4 527 382 380 387 
4 511 529 513 560 
4 41 422 42 425 
4 399 400 395 369 
4 399 395 368 369 
4 222 223 480 439 
4 394 608 372 395 
4 352 388 350 353 
4 423 422 42 37 
4 386 351 349 348 
4 425 427 57 52 
4 386 377 378 379 
4 594 491 593 592 
4 445 536 399 552 
4 367 385 435 398 
4 422 423 42 425 
4 388 352 350 349 
4 375 379 377 399 
4 364 363 366 394 
4 561 529 560 568 
4 361 391 356 390 
4 43 423 42 37 
4 624 157 474 477 
4 357 343 344 341 
4 390 356 389 358 
4 528 561 560 568 
4 423 43 42 425 
4 384 385 435 367 
4 375 402 379 376 
4 599 18 414 579 
4 55 427 57 432 
4 357 340 343 341 
4 497 387 174 154 
4 537 528 560 568 
4 45 51 427 46 
4 116 115 473 404 
4 428 51 427 45 
4 372 394 366 363 
4 363 439 394 612 
4 361 382 380 527 
4 503 504 478 477 
4 352 351 349 386 
4 503 478 385 384 
4 502 177 474 176 
4 504 385 435 384 
4 0 4 12 405 
4 372 367 385 384 
4 0 2 1 336 
4 0 11 2 405 
4 11 0 12 405 
4 4 0 1 339 
4 1 339 5 4 
4 1 3 336 2 
4 1 336 339 0 
4 212 2 10 406 
4 2 11 10 406 
4 398 367 385 372 
4 341 338 357 340 
4 465 338 357 341 
4 2 212 210 407 
4 212 233 210 407 
4 4 5 7 339 
4 6 4 7 339 
4 12 6 13 408 
4 6 8 13 408 
4 8 6 7 342 
4 7 9 8 342 
4 7 339 342 6 
4 8 9 274 342 
4 606 525 451 614 
4 266 479 131 480 
4 8 274 273 410 
4 274 275 273 410 
4 8 273 279 410 
4 273 280 279 410 
4 16 10 11 406 
4 10 16 212 406 
4 15 11 12 406 
4 11 405 12 406 
4 355 338 357 465 
4 12 13 18 411 
4 396 611 453 616 
4 17 12 18 411 
4 134 479 131 266 
4 19 13 14 409 
4 14 279 19 409 
4 363 428 612 602 
4 15 21 16 406 
4 392 382 380 361 
4 16 213 212 412 
4 213 233 212 412 
4 16 214 213 413 
4 20 214 16 413 
4 114 115 473 116 
4 459 328 543 325 
4 340 338 357 355 
4 19 279 282 414 
4 17 622 617 623 
4 328 556 543 325 
4 529 537 513 560 
4 582 605 326 329 
4 26 214 20 415 
4 214 413 20 415 
4 152 115 473 114 
4 583 164 506 586 
4 157 177 474 502 
4 582 556 543 374 
4 23 28 27 416 
4 28 33 27 416 
4 29 28 23 416 
4 264 263 476 129 
4 507 500 508 550 
4 25 27 31 417 
4 556 582 543 325 
4 26 30 216 417 
4 30 26 31 417 
4 26 215 214 418 
4 215 236 214 418 
4 618 602 580 619 
4 548 618 580 619 
4 358 510 565 572 
4 496 153 387 404 
4 28 29 33 416 
4 29 291 34 419 
4 537 528 513 560 
4 585 582 543 374 
4 33 29 34 419 
4 480 222 439 534 
4 219 428 602 603 
4 420 389 539 548 
4 35 31 37 421 
4 31 32 37 421 
4 234 472 213 214 
4 471 472 213 234 
4 413 472 213 471 
4 33 38 37 423 
4 410 354 358 607 
4 39 33 34 419 
4 34 291 39 419 
4 35 37 41 422 
4 36 35 41 422 
4 582 585 543 325 
4 528 511 513 560 
4 214 472 213 413 
4 216 36 217 424 
4 149 470 110 111 
4 355 470 110 149 
4 43 37 38 423 
4 38 39 43 423 
4 39 44 43 426 
4 39 291 294 419 
4 39 297 44 426 
4 297 300 44 426 
4 297 39 294 419 
4 45 40 46 427 
4 40 41 46 427 
4 621 622 617 17 
4 441 367 63 442 
4 265 480 264 244 
4 47 41 42 425 
4 437 367 63 441 
4 47 41 425 46 
4 42 43 47 425 
4 131 480 264 265 
4 496 387 174 497 
4 511 522 293 510 
4 469 470 110 355 
4 44 300 49 429 
4 433 367 63 437 
4 442 367 63 433 
4 219 45 51 428 
4 50 46 52 427 
4 378 464 329 374 
4 51 46 50 427 
4 52 47 48 425 
4 48 53 52 430 
4 54 53 48 430 
4 559 515 516 530 
4 292 522 293 511 
4 529 537 560 568 
4 55 50 52 427 
4 50 55 51 427 
4 111 470 110 469 
4 404 115 473 152 
4 220 241 219 431 
4 151 473 152 172 
4 289 522 293 292 
4 58 52 53 430 
4 365 539 393 363 
4 403 388 352 187 
4 510 522 293 289 
4 377 488 566 573 
4 53 54 58 430 
4 54 59 58 433 
4 54 300 303 434 
4 300 304 303 434 
4 306 54 303 434 
4 59 54 306 435 
4 54 434 306 435 
4 114 473 152 151 
4 382 392 389 361 
4 55 60 56 432 
4 60 221 56 432 
4 61 57 62 436 
4 57 63 62 436 
4 163 486 162 137 
4 64 58 59 433 
4 59 306 64 438 
4 306 309 64 438 
4 60 65 222 439 
4 579 599 18 597 
4 60 222 221 440 
4 488 563 566 573 
4 67 66 61 436 
4 61 62 67 436 
4 498 486 162 163 
4 482 486 162 498 
4 62 63 67 436 
4 63 68 67 441 
4 68 73 67 441 
4 69 68 63 441 
4 64 69 63 441 
4 69 64 309 442 
4 64 438 309 442 
4 240 431 241 242 
4 246 267 448 268 
4 357 495 170 550 
4 137 486 162 482 
4 500 357 170 550 
4 396 461 611 616 
4 508 500 170 550 
4 495 508 170 550 
4 72 67 73 441 
4 563 456 566 573 
4 485 267 448 246 
4 484 267 448 485 
4 68 69 73 441 
4 69 315 74 441 
4 69 309 312 442 
4 315 69 312 442 
4 69 74 73 441 
4 70 76 75 445 
4 77 444 76 70 
4 77 70 72 444 
4 71 70 75 445 
4 224 71 75 445 
4 77 72 73 446 
4 72 441 73 446 
4 73 78 77 447 
4 78 83 77 447 
4 79 78 73 447 
4 79 73 74 441 
4 74 315 79 441 
4 421 389 417 549 
4 75 80 81 445 
4 75 226 225 448 
4 226 246 225 448 
4 449 444 76 77 
4 445 444 76 449 
4 71 445 65 70 
4 77 82 80 449 
4 82 77 83 446 
4 77 447 83 446 
4 78 79 83 447 
4 79 84 83 446 
4 79 315 318 450 
4 321 79 318 450 
4 84 79 321 451 
4 79 450 321 451 
4 80 86 85 452 
4 87 86 80 452 
4 87 80 82 449 
4 81 80 85 452 
4 224 445 65 71 
4 70 444 76 445 
4 82 446 83 453 
4 87 83 88 454 
4 268 267 448 484 
4 83 84 89 455 
4 321 89 84 455 
4 85 227 226 456 
4 227 248 226 456 
4 85 86 90 457 
4 86 92 90 457 
4 85 90 91 458 
4 403 187 352 494 
4 359 358 416 600 
4 228 249 227 377 
4 516 323 205 204 
4 87 88 92 454 
4 323 516 205 506 
4 88 93 92 454 
4 27 421 417 549 
4 93 89 94 460 
4 456 377 566 573 
4 365 425 427 437 
4 579 598 414 597 
4 365 528 430 367 
4 386 377 388 378 
4 505 516 205 204 
4 91 90 95 458 
4 624 122 156 124 
4 349 377 388 386 
4 374 377 388 349 
4 96 92 97 462 
4 92 98 97 462 
4 99 93 94 460 
4 392 381 571 540 
4 95 229 228 463 
4 229 249 228 463 
4 95 96 100 345 
4 95 100 101 345 
4 95 230 229 463 
4 230 250 229 463 
4 95 101 230 345 
4 96 97 100 346 
4 97 103 102 346 
4 97 102 100 346 
4 97 98 103 347 
4 99 103 98 347 
4 99 327 330 459 
4 327 328 330 459 
4 99 330 333 464 
4 330 331 333 464 
4 99 333 104 347 
4 99 104 103 347 
4 100 346 345 96 
4 103 347 346 97 
4 105 147 107 341 
4 106 105 107 338 
4 149 105 110 465 
4 105 106 110 465 
4 105 149 147 466 
4 149 168 147 466 
4 106 252 254 467 
4 252 233 254 467 
4 106 108 253 338 
4 109 106 254 468 
4 106 467 254 468 
4 106 107 108 338 
4 110 106 109 468 
4 106 253 252 467 
4 253 231 252 467 
4 107 147 148 341 
4 107 341 338 105 
4 112 110 109 468 
4 109 254 112 468 
4 110 112 111 469 
4 516 505 205 506 
4 111 150 149 470 
4 150 171 149 470 
4 114 150 111 470 
4 114 111 112 469 
4 184 505 205 204 
4 506 206 605 633 
4 378 377 388 374 
4 254 233 255 471 
4 112 255 256 472 
4 569 559 516 530 
4 329 374 556 582 
4 452 453 87 454 
4 449 453 87 452 
4 114 151 150 473 
4 151 172 150 473 
4 478 625 363 383 
4 488 521 248 547 
4 82 453 87 449 
4 115 118 152 404 
4 377 488 248 547 
4 456 377 248 547 
4 116 256 257 472 
4 258 116 257 472 
4 521 456 248 547 
4 386 490 488 546 
4 392 382 540 387 
4 118 153 152 404 
4 152 473 496 172 
4 454 453 87 82 
4 496 473 152 404 
4 366 537 365 367 
4 364 537 365 366 
4 139 532 488 546 
4 488 532 386 546 
4 386 270 490 546 
4 139 489 532 546 
4 571 548 580 619 
4 621 22 620 622 
4 386 532 489 546 
4 534 440 439 612 
4 41 422 40 36 
4 625 624 477 476 
4 122 155 154 474 
4 155 176 154 474 
4 395 372 363 608 
4 489 270 386 546 
4 488 490 139 546 
4 139 490 270 546 
4 139 270 489 546 
4 381 382 540 392 
4 427 422 40 41 
4 133 131 134 479 
4 626 474 604 382 
4 528 537 365 364 
4 598 579 18 597 
4 381 364 626 382 
4 625 364 626 381 
4 127 129 130 476 
4 595 583 574 631 
4 279 14 533 409 
4 231 407 517 211 
4 414 579 544 599 
4 389 416 406 622 
4 519 258 540 120 
4 8 14 533 279 
4 13 14 533 8 
4 363 383 395 480 
4 467 407 517 231 
4 385 478 504 369 
4 557 258 540 519 
4 160 159 130 478 
4 132 160 130 478 
4 409 14 533 13 
4 131 265 266 480 
4 265 244 266 480 
4 451 614 455 564 
4 433 58 63 64 
4 58 433 63 437 
4 354 407 517 467 
4 133 136 162 481 
4 136 137 162 481 
4 135 136 133 481 
4 133 161 160 482 
4 161 182 160 482 
4 211 407 517 354 
4 162 161 133 482 
4 613 475 534 519 
4 137 135 138 483 
4 426 423 39 33 
4 135 267 268 484 
4 136 135 137 481 
4 442 433 63 64 
4 548 539 571 381 
4 139 137 138 483 
4 137 164 163 486 
4 140 137 139 483 
4 38 39 423 33 
4 476 613 625 624 
4 441 442 63 64 
4 138 268 139 483 
4 139 268 269 488 
4 268 248 269 488 
4 139 270 142 489 
4 141 139 142 489 
4 139 269 270 490 
4 269 249 270 490 
4 139 141 140 491 
4 141 165 140 491 
4 164 140 165 491 
4 263 242 475 241 
4 622 597 406 617 
4 143 141 142 489 
4 142 270 143 489 
4 144 143 145 351 
4 143 272 146 351 
4 143 270 271 493 
4 143 146 145 351 
4 143 271 272 348 
4 166 144 145 352 
4 144 166 165 494 
4 166 187 165 494 
4 145 351 352 386 
4 145 167 166 352 
4 147 169 148 341 
4 147 168 169 344 
4 130 478 158 476 
4 240 602 239 218 
4 149 171 170 495 
4 171 192 170 495 
4 171 150 172 473 
4 602 571 580 619 
4 471 360 467 551 
4 152 173 172 496 
4 173 194 172 496 
4 564 325 585 615 
4 503 537 513 529 
4 154 175 174 497 
4 175 196 174 497 
4 416 597 406 622 
4 95 463 345 230 
4 426 419 423 581 
4 33 426 423 581 
4 604 382 540 381 
4 571 381 392 548 
4 543 459 455 564 
4 158 180 179 477 
4 489 630 141 491 
4 606 564 585 615 
4 160 181 180 482 
4 464 329 388 378 
4 339 405 340 342 
4 161 162 182 482 
4 162 183 182 498 
4 183 204 182 498 
4 184 183 162 498 
4 163 184 162 498 
4 184 163 164 486 
4 185 164 165 491 
4 208 329 388 464 
4 165 187 186 403 
4 622 597 617 623 
4 165 186 185 499 
4 186 206 185 499 
4 187 166 188 352 
4 166 167 188 352 
4 189 169 168 344 
4 169 190 344 189 
4 169 344 341 147 
4 170 192 191 500 
4 192 281 191 500 
4 189 170 191 500 
4 192 171 172 473 
4 172 193 192 501 
4 193 287 192 501 
4 194 193 172 501 
4 174 194 173 496 
4 174 195 194 496 
4 403 329 388 208 
4 603 40 422 602 
4 176 196 175 497 
4 176 177 197 502 
4 177 198 197 502 
4 176 197 196 497 
4 537 528 429 513 
4 416 597 622 623 
4 378 329 388 403 
4 501 362 496 510 
4 549 33 423 581 
4 201 180 202 504 
4 419 291 522 288 
4 491 630 141 492 
4 182 203 202 505 
4 203 182 204 505 
4 182 498 204 505 
4 183 184 204 498 
4 67 436 72 70 
4 622 406 621 617 
4 186 207 206 403 
4 207 329 206 403 
4 206 329 633 606 
4 208 187 188 353 
4 188 352 353 187 
4 188 353 209 208 
4 189 281 277 507 
4 281 280 277 507 
4 189 191 281 500 
4 189 277 278 507 
4 277 275 278 507 
4 189 278 190 344 
4 192 284 281 508 
4 284 192 287 509 
4 192 501 287 509 
4 193 194 287 501 
4 293 194 195 496 
4 194 290 287 509 
4 290 194 293 510 
4 194 496 293 510 
4 330 464 328 331 
4 196 296 293 511 
4 296 295 293 511 
4 299 296 196 511 
4 299 196 197 497 
4 143 630 141 489 
4 597 17 617 623 
4 197 198 302 512 
4 302 198 199 503 
4 199 305 302 513 
4 305 304 302 513 
4 308 305 199 513 
4 308 199 200 503 
4 200 201 308 514 
4 201 311 308 514 
4 311 201 202 504 
4 317 202 203 505 
4 202 314 311 515 
4 314 313 311 515 
4 317 314 202 515 
4 317 203 204 505 
4 204 320 317 516 
4 320 319 317 516 
4 323 320 204 516 
4 441 436 72 67 
4 205 206 323 506 
4 444 436 72 441 
4 328 464 330 459 
4 406 212 354 412 
4 235 472 236 256 
4 207 208 329 403 
4 208 209 335 353 
4 208 332 329 464 
4 332 328 329 464 
4 208 335 332 464 
4 335 331 332 464 
4 232 211 231 517 
4 70 436 72 444 
4 337 211 232 517 
4 211 337 336 354 
4 422 538 603 602 
4 213 234 233 471 
4 214 235 234 472 
4 235 256 234 472 
4 240 519 475 261 
4 214 418 236 472 
4 584 486 595 627 
4 216 237 236 518 
4 237 258 236 518 
4 17 621 406 617 
4 238 216 217 424 
4 535 364 626 625 
4 515 398 435 504 
4 239 260 238 519 
4 419 549 423 581 
4 519 604 120 540 
4 240 219 241 431 
4 220 221 241 431 
4 12 406 17 15 
4 525 606 585 615 
4 595 486 596 627 
4 463 377 228 632 
4 411 406 17 12 
4 223 224 244 395 
4 224 245 244 520 
4 245 266 244 520 
4 246 245 224 520 
4 226 247 246 448 
4 121 604 120 519 
4 247 226 248 521 
4 226 456 248 521 
4 207 208 403 186 
4 141 630 143 492 
4 232 231 253 467 
4 337 232 253 467 
4 233 234 255 471 
4 621 406 622 389 
4 575 539 389 393 
4 236 257 256 472 
4 236 258 257 472 
4 157 476 624 125 
4 410 340 354 607 
4 239 240 260 519 
4 240 241 261 475 
4 486 595 574 584 
4 241 262 261 475 
4 241 263 262 475 
4 412 413 354 406 
4 371 396 399 375 
4 245 246 266 520 
4 246 267 266 485 
4 56 432 51 55 
4 247 248 268 488 
4 249 269 248 488 
4 249 271 270 493 
4 249 250 271 348 
4 250 272 271 348 
4 250 251 272 348 
4 368 396 399 371 
4 272 348 351 386 
4 509 544 565 572 
4 274 276 275 507 
4 343 276 274 507 
4 275 276 278 507 
4 276 343 278 507 
4 98 462 93 99 
4 282 279 280 410 
4 92 462 93 98 
4 283 280 284 508 
4 280 281 284 508 
4 428 432 51 56 
4 283 284 287 509 
4 427 432 51 428 
4 286 283 287 509 
4 325 525 585 615 
4 627 486 596 590 
4 289 286 287 509 
4 287 290 289 509 
4 486 541 596 590 
4 289 292 291 522 
4 86 457 87 92 
4 289 290 293 510 
4 294 291 295 511 
4 295 291 292 522 
4 292 293 295 511 
4 297 294 295 511 
4 295 298 297 523 
4 298 301 297 523 
4 299 298 295 523 
4 295 296 299 511 
4 297 301 300 429 
4 298 299 301 523 
4 300 301 304 513 
4 301 302 304 513 
4 303 304 306 434 
4 304 307 306 435 
4 304 308 307 513 
4 308 311 307 513 
4 304 305 308 513 
4 306 307 309 442 
4 307 310 309 524 
4 310 313 309 524 
4 311 310 307 524 
4 312 309 313 524 
4 131 478 480 479 
4 310 311 313 524 
4 315 312 313 515 
4 312 524 313 515 
4 313 316 315 450 
4 316 313 317 515 
4 313 314 317 515 
4 315 316 319 516 
4 318 315 319 516 
4 316 317 319 516 
4 321 318 319 516 
4 452 457 87 86 
4 454 457 87 452 
4 319 320 323 516 
4 491 594 593 487 
4 325 321 322 525 
4 322 323 325 525 
4 621 17 22 622 
4 528 529 511 561 
4 331 334 333 350 
4 331 335 334 350 
4 92 457 87 454 
4 335 353 350 388 
4 506 525 516 569 
4 355 354 337 467 
4 472 468 255 471 
4 112 468 255 472 
4 254 468 255 112 
4 471 468 255 254 
4 344 357 341 465 
4 55 432 51 427 
4 389 354 413 406 
4 529 560 511 561 
4 374 346 347 99 
4 377 488 386 493 
4 174 152 496 173 
4 352 388 353 208 
4 511 513 429 528 
4 560 528 511 561 
4 509 565 510 572 
4 486 164 574 595 
4 355 357 360 470 
4 366 537 384 364 
4 384 535 503 477 
4 240 519 239 602 
4 607 533 405 597 
4 178 502 157 477 
4 357 410 358 526 
4 358 380 362 527 
4 155 474 156 176 
4 358 390 359 389 
4 358 359 391 380 
4 368 443 370 609 
4 503 529 512 535 
4 122 474 156 155 
4 595 631 574 584 
4 234 472 255 471 
4 461 371 396 611 
4 387 382 380 392 
4 360 470 362 473 
4 529 535 503 384 
4 364 537 384 529 
4 602 40 219 603 
4 362 473 380 360 
4 529 364 537 528 
4 578 579 562 544 
4 550 357 495 558 
4 170 357 465 495 
4 363 383 372 395 
4 583 595 596 627 
4 600 579 416 599 
4 359 579 562 578 
4 497 527 496 387 
4 256 472 255 234 
4 199 503 502 178 
4 510 527 496 497 
4 159 478 158 130 
4 362 527 496 510 
4 500 357 465 170 
4 539 422 553 575 
4 497 512 529 535 
4 602 427 612 363 
4 58 430 437 57 
4 437 430 58 433 
4 164 583 574 595 
4 525 325 455 614 
4 451 370 559 611 
4 583 590 574 631 
4 369 368 399 371 
4 398 368 369 371 
4 178 503 502 477 
4 206 506 326 323 
4 398 370 368 371 
4 472 360 389 392 
4 397 371 461 611 
4 401 400 369 485 
4 400 395 369 485 
4 500 507 344 357 
4 401 369 376 506 
4 502 535 477 503 
4 518 420 216 542 
4 400 369 399 371 
4 512 502 198 503 
4 597 416 579 599 
4 278 507 344 500 
4 198 502 512 197 
4 371 373 402 376 
4 343 507 344 278 
4 206 403 373 506 
4 357 507 344 343 
4 373 371 378 530 
4 373 403 376 506 
4 263 128 476 129 
4 399 375 396 461 
4 451 525 455 614 
4 422 424 417 420 
4 508 507 550 558 
4 375 377 397 531 
4 528 529 561 587 
4 375 402 376 371 
4 36 424 417 422 
4 401 376 400 379 
4 403 379 376 401 
4 399 379 377 532 
4 379 386 377 532 
4 388 386 378 403 
4 379 378 386 403 
4 400 379 399 532 
4 509 629 358 544 
4 216 424 417 36 
4 448 246 225 520 
4 443 395 439 609 
4 580 577 420 548 
4 225 246 224 520 
4 426 528 511 429 
4 410 358 533 607 
4 559 370 371 611 
4 562 510 358 572 
4 419 423 389 426 
4 210 407 211 2 
4 528 511 419 426 
4 482 485 369 478 
4 231 407 211 210 
4 527 529 497 511 
4 420 424 417 216 
4 476 613 624 126 
4 528 529 419 511 
4 537 528 568 587 
4 4 12 408 6 
4 12 4 408 405 
4 477 478 625 476 
4 2 407 211 354 
4 491 141 165 492 
4 607 579 414 597 
4 529 382 527 497 
4 507 357 550 558 
4 164 506 576 583 
4 395 400 399 485 
4 339 4 0 405 
4 336 339 0 2 
4 339 4 408 6 
4 342 8 6 408 
4 4 339 408 405 
4 274 8 342 533 
4 8 408 342 533 
4 342 339 408 6 
4 562 527 358 362 
4 339 342 408 405 
4 518 472 258 236 
4 346 96 97 462 
4 345 96 346 462 
4 341 105 147 466 
4 338 106 105 465 
4 105 341 338 465 
4 144 351 145 386 
4 143 351 144 386 
4 351 143 272 386 
4 348 272 143 386 
4 271 348 143 386 
4 352 166 144 494 
4 352 144 145 386 
4 344 147 168 466 
4 528 561 568 587 
4 472 236 214 235 
4 352 187 166 494 
4 168 189 344 465 
4 147 344 341 466 
4 187 353 208 352 
4 278 344 189 500 
4 335 208 353 388 
4 535 502 497 512 
4 425 538 422 539 
4 583 541 498 590 
4 141 143 144 492 
4 429 528 425 426 
4 561 529 568 587 
4 528 430 433 429 
4 504 179 180 477 
4 201 179 180 504 
4 121 260 261 519 
4 350 333 331 464 
4 529 537 568 587 
4 614 525 325 615 
4 536 399 555 521 
4 555 399 536 552 
4 99 374 346 462 
4 346 347 99 98 
4 530 559 525 569 
4 541 492 403 567 
4 478 131 482 479 
4 586 499 506 541 
4 388 208 352 187 
4 463 377 531 345 
4 427 538 394 363 
4 377 463 531 458 
4 380 358 359 527 
4 99 464 347 374 
4 528 382 419 529 
4 529 528 537 587 
4 528 425 430 429 
4 333 464 347 99 
4 164 570 184 574 
4 350 464 347 333 
4 374 464 347 350 
4 449 77 76 80 
4 95 463 531 345 
4 487 541 403 567 
4 463 95 531 458 
4 96 95 531 345 
4 445 449 76 80 
4 120 121 519 260 
4 401 379 400 532 
4 496 473 380 362 
4 453 455 374 461 
4 528 433 537 429 
4 615 564 325 614 
4 133 131 482 478 
4 379 403 386 143 
4 479 131 482 133 
4 75 445 76 80 
4 529 419 527 382 
4 492 487 403 567 
4 506 498 576 583 
4 2 339 0 405 
4 386 144 143 492 
4 386 143 271 493 
4 386 352 144 494 
4 388 335 208 464 
4 395 368 609 443 
4 355 106 338 465 
4 125 476 624 126 
4 521 532 400 399 
4 99 346 98 462 
4 346 347 98 97 
4 463 377 632 458 
4 374 461 460 453 
4 370 396 368 371 
4 532 521 400 484 
4 448 521 400 399 
4 521 448 400 484 
4 143 379 403 492 
4 403 386 143 492 
4 98 346 97 462 
4 478 133 132 160 
4 485 448 400 399 
4 433 367 430 528 
4 345 346 377 531 
4 352 386 388 403 
4 455 83 88 89 
4 374 460 455 453 
4 448 485 400 484 
4 131 133 132 478 
4 445 399 368 610 
4 396 610 461 453 
4 83 455 88 454 
4 419 359 288 522 
4 404 473 380 496 
4 455 611 397 461 
4 460 455 88 89 
4 455 460 88 454 
4 528 382 393 389 
4 548 539 420 618 
4 544 358 562 578 
4 392 571 548 577 
4 404 360 116 472 
4 253 467 338 337 
4 106 467 338 253 
4 355 467 338 106 
4 212 407 2 354 
4 210 407 233 231 
4 407 212 233 412 
4 408 13 12 411 
4 530 378 373 606 
4 337 467 338 355 
4 182 160 482 181 
4 99 460 462 93 
4 165 141 144 492 
4 425 430 365 528 
4 498 574 576 583 
4 410 274 275 507 
4 273 280 410 275 
4 164 491 586 592 
4 406 16 212 412 
4 93 460 88 89 
4 374 460 462 99 
4 461 460 462 374 
4 409 279 19 414 
4 460 93 88 454 
4 536 448 81 445 
4 454 460 92 461 
4 93 460 92 454 
4 412 16 213 413 
4 412 213 233 471 
4 226 448 81 536 
4 225 520 75 448 
4 75 448 81 226 
4 224 520 75 225 
4 445 448 81 75 
4 415 26 214 418 
4 526 629 283 414 
4 462 460 92 93 
4 557 238 239 218 
4 533 414 410 279 
4 537 435 367 384 
4 537 433 435 429 
4 417 27 31 421 
4 461 460 92 462 
4 238 557 239 519 
4 124 125 624 126 
4 420 392 548 577 
4 433 537 367 528 
4 31 27 32 421 
4 551 467 354 360 
4 416 29 33 419 
4 419 29 291 288 
4 472 360 471 551 
4 527 529 522 419 
4 421 37 35 422 
4 491 499 506 586 
4 32 33 37 423 
4 389 360 472 551 
4 373 506 530 525 
4 570 498 184 574 
4 443 441 437 436 
4 557 392 472 420 
4 430 437 367 433 
4 476 478 158 477 
4 435 442 515 504 
4 423 39 43 426 
4 426 44 43 48 
4 420 392 472 389 
4 294 419 291 522 
4 426 39 297 419 
4 526 629 509 283 
4 426 297 300 429 
4 419 294 297 511 
4 527 380 361 359 
4 470 360 358 357 
4 570 498 574 576 
4 47 52 46 425 
4 426 528 423 393 
4 48 44 49 429 
4 429 300 49 54 
4 336 2 405 339 
4 2 336 405 354 
4 425 48 52 430 
4 358 579 414 607 
4 559 516 525 569 
4 426 423 389 393 
4 360 470 358 362 
4 337 336 405 339 
4 505 482 498 369 
4 182 482 498 505 
4 430 58 52 57 
4 95 91 463 228 
4 58 63 57 437 
4 432 57 55 61 
4 430 54 58 433 
4 433 54 59 435 
4 435 306 59 438 
4 60 55 61 432 
4 336 337 405 354 
4 340 337 405 339 
4 432 60 221 440 
4 436 57 63 437 
4 416 359 288 419 
4 337 340 405 354 
4 438 306 309 442 
4 266 481 134 479 
4 439 60 65 61 
4 439 222 60 440 
4 135 481 134 266 
4 133 481 134 135 
4 436 63 67 441 
4 426 389 528 393 
4 441 64 69 442 
4 164 570 574 576 
4 22 416 620 622 
4 388 464 350 335 
4 479 481 134 133 
4 403 487 506 541 
4 441 69 315 442 
4 116 473 360 404 
4 442 309 312 524 
4 442 312 315 515 
4 458 91 463 95 
4 495 470 358 357 
4 444 72 77 446 
4 498 486 184 574 
4 77 73 447 446 
4 447 73 79 441 
4 441 315 79 450 
4 374 464 350 388 
4 445 80 81 452 
4 420 580 557 571 
4 360 473 116 469 
4 179 503 201 200 
4 456 377 547 566 
4 504 503 201 179 
4 449 77 82 446 
4 447 79 83 446 
4 446 79 84 451 
4 446 84 83 455 
4 450 318 321 516 
4 451 321 84 455 
4 452 86 85 457 
4 452 80 87 449 
4 196 293 497 511 
4 373 378 403 206 
4 226 536 81 85 
4 403 378 373 402 
4 470 495 358 362 
4 526 495 358 357 
4 456 226 85 536 
4 248 456 227 377 
4 457 90 85 458 
4 452 536 81 445 
4 528 393 365 553 
4 433 435 367 537 
4 632 91 463 458 
4 228 91 463 632 
4 227 377 249 248 
4 377 228 249 463 
4 495 526 358 362 
4 558 508 495 550 
4 444 70 436 443 
4 116 472 557 540 
4 529 522 511 527 
4 85 536 81 452 
4 519 381 604 540 
4 486 164 184 574 
4 360 473 380 404 
4 563 456 547 566 
4 224 439 445 395 
4 65 439 445 224 
4 459 330 99 464 
4 198 199 502 177 
4 110 149 465 355 
4 465 149 105 466 
4 110 465 106 355 
4 466 149 168 465 
4 254 467 233 412 
4 468 110 106 355 
4 443 441 367 437 
4 571 580 548 577 
4 468 112 110 469 
4 425 365 538 539 
4 425 365 427 538 
4 514 503 201 504 
4 470 171 149 495 
4 111 114 470 469 
4 470 114 150 473 
4 583 506 498 541 
4 200 503 201 514 
4 488 563 547 566 
4 254 233 471 412 
4 377 488 547 566 
4 543 459 464 328 
4 204 184 505 498 
4 459 543 464 374 
4 515 367 442 435 
4 406 2 354 212 
4 372 395 398 609 
4 528 423 393 553 
4 556 543 464 328 
4 557 258 116 540 
4 389 359 416 419 
4 543 556 464 374 
4 528 365 423 553 
4 487 486 506 541 
4 474 497 502 176 
4 520 485 480 395 
4 486 498 506 541 
4 329 556 464 328 
4 266 485 480 520 
4 604 381 519 626 
4 479 485 480 266 
4 160 159 478 180 
4 579 389 416 597 
4 556 329 464 374 
4 502 497 474 535 
4 164 491 592 593 
4 579 416 358 600 
4 395 485 480 479 
4 373 530 369 371 
4 457 531 90 458 
4 486 541 487 593 
4 96 531 90 457 
4 127 476 128 129 
4 491 487 492 594 
4 95 531 90 96 
4 506 530 369 373 
4 420 577 580 571 
4 363 372 394 608 
4 127 476 158 157 
4 423 389 549 419 
4 499 492 403 541 
4 371 375 397 461 
4 228 85 91 632 
4 632 85 91 458 
4 130 476 158 127 
4 458 531 90 95 
4 481 162 133 482 
4 162 481 137 482 
4 356 361 380 391 
4 631 590 574 584 
4 483 137 135 484 
4 544 358 509 565 
4 371 396 375 461 
4 481 135 137 484 
4 486 137 164 487 
4 453 452 449 445 
4 282 414 283 629 
4 282 629 283 509 
4 461 452 454 453 
4 483 268 139 489 
4 488 269 139 490 
4 489 141 139 491 
4 490 249 270 493 
4 269 249 490 488 
4 374 451 371 455 
4 492 144 165 494 
4 445 368 395 443 
4 629 282 414 544 
4 489 270 143 386 
4 493 143 270 386 
4 187 165 494 492 
4 170 168 149 465 
4 474 502 535 477 
4 189 168 170 465 
4 419 527 361 359 
4 170 495 192 508 
4 435 442 433 367 
4 410 533 340 607 
4 473 171 150 470 
4 511 293 497 510 
4 380 361 356 392 
4 474 624 626 604 
4 445 453 444 449 
4 433 513 54 435 
4 429 513 433 435 
4 548 571 539 618 
4 381 382 393 364 
4 584 590 574 498 
4 216 26 418 215 
4 419 522 511 529 
4 25 26 417 31 
4 417 26 25 415 
4 482 160 478 180 
4 444 368 396 610 
4 487 401 403 376 
4 482 162 182 498 
4 498 163 184 486 
4 405 389 607 597 
4 403 186 165 499 
4 403 165 187 492 
4 509 282 629 544 
4 499 186 206 403 
4 500 170 192 508 
4 192 281 500 508 
4 473 172 192 501 
4 418 26 216 417 
4 358 389 360 356 
4 399 488 377 555 
4 502 197 176 497 
4 180 478 504 477 
4 221 428 56 432 
4 459 455 89 325 
4 371 530 515 559 
4 51 428 220 219 
4 51 428 56 221 
4 476 157 477 158 
4 371 378 530 451 
4 527 419 361 382 
4 487 567 492 594 
4 507 189 281 500 
4 507 281 280 508 
4 567 541 492 594 
4 508 192 284 509 
4 501 194 287 509 
4 221 428 220 51 
4 509 194 290 510 
4 541 583 506 586 
4 511 196 299 497 
4 371 397 374 455 
4 299 197 302 512 
4 389 419 361 359 
4 586 492 499 541 
4 299 302 301 513 
4 512 198 302 503 
4 596 593 583 541 
4 503 199 302 513 
4 513 199 308 503 
4 503 200 308 514 
4 514 311 308 513 
4 201 311 514 504 
4 311 513 514 504 
4 504 202 311 515 
4 632 227 85 456 
4 451 444 370 611 
4 505 317 202 515 
4 311 515 313 524 
4 505 204 317 516 
4 551 472 413 471 
4 394 612 427 363 
4 431 428 220 221 
4 477 157 476 624 
4 469 473 116 114 
4 443 370 444 368 
4 395 70 443 439 
4 219 428 220 431 
4 498 590 574 583 
4 22 416 622 623 
4 491 492 499 586 
4 517 231 232 467 
4 517 337 211 354 
4 543 374 459 564 
4 156 122 624 474 
4 437 439 432 612 
4 123 624 121 519 
4 222 440 431 221 
4 385 384 504 503 
4 242 222 431 221 
4 360 467 468 471 
4 506 369 505 498 
4 241 242 431 221 
4 527 496 380 362 
4 462 397 531 461 
4 377 488 573 588 
4 451 374 378 564 
4 428 219 240 431 
4 488 555 573 588 
4 555 456 573 588 
4 389 551 472 413 
4 573 488 563 555 
4 395 224 244 520 
4 487 541 567 594 
4 510 293 497 496 
4 458 452 457 461 
4 521 248 247 488 
4 247 226 521 448 
4 367 442 370 515 
4 478 385 504 503 
4 369 371 376 373 
4 432 427 437 394 
4 400 371 376 369 
4 520 246 266 485 
4 487 403 506 376 
4 268 247 488 521 
4 488 248 249 377 
4 343 507 274 410 
4 282 410 280 507 
4 508 284 283 509 
4 370 444 396 611 
4 124 126 624 123 
4 506 605 525 633 
4 532 483 487 492 
4 367 441 370 442 
4 509 290 289 510 
4 288 289 291 522 
4 423 422 421 575 
4 534 428 240 431 
4 511 294 291 522 
4 511 291 295 522 
4 292 295 522 511 
4 511 295 297 523 
4 297 523 301 511 
4 295 299 523 511 
4 429 297 301 511 
4 429 301 300 513 
4 523 299 301 511 
4 513 304 300 434 
4 434 304 306 435 
4 435 304 307 513 
4 435 307 306 442 
4 389 423 421 575 
4 364 528 393 365 
4 442 307 309 524 
4 382 528 393 364 
4 377 227 632 456 
4 515 313 315 450 
4 450 313 316 515 
4 450 316 315 516 
4 515 317 316 516 
4 516 318 315 450 
4 571 392 420 577 
4 67 436 70 66 
4 483 532 487 401 
4 420 392 571 557 
4 428 40 427 603 
4 350 331 335 464 
4 467 355 354 360 
4 354 337 467 517 
4 370 441 515 442 
4 379 532 487 492 
4 206 205 184 570 
4 206 205 570 506 
4 341 344 465 466 
4 465 344 357 500 
4 421 549 32 423 
4 505 184 205 570 
4 441 370 443 367 
4 27 549 32 421 
4 470 360 355 469 
4 371 370 396 611 
4 457 90 96 92 
4 33 549 32 27 
4 423 549 32 33 
4 428 219 40 603 
4 380 387 392 404 
4 158 180 478 159 
4 526 629 358 509 
4 503 179 199 200 
4 218 424 36 602 
4 505 570 205 506 
4 580 548 420 618 
4 602 580 420 618 
4 531 457 96 92 
4 456 377 573 588 
4 370 441 451 515 
4 419 389 361 382 
4 570 506 505 498 
4 378 451 564 606 
4 443 439 394 609 
4 24 29 416 600 
4 414 629 358 526 
4 519 123 624 613 
4 21 413 415 20 
4 562 578 358 359 
4 443 444 370 441 
4 181 180 504 202 
4 549 25 21 601 
4 519 624 626 625 
4 532 379 487 401 
4 539 602 420 618 
4 608 439 395 394 
4 21 16 413 20 
4 413 16 21 406 
4 345 531 96 92 
4 180 181 504 482 
4 370 444 451 441 
4 453 455 454 460 
4 418 472 518 236 
4 472 418 518 420 
4 403 379 487 492 
4 383 385 478 384 
4 379 403 487 401 
4 461 375 397 531 
4 215 418 518 236 
4 532 379 386 489 
4 544 629 358 414 
4 182 181 504 202 
4 573 563 456 555 
4 506 401 486 487 
4 181 182 504 482 
4 505 182 504 202 
4 454 461 453 460 
4 620 389 413 621 
4 182 505 504 482 
4 216 215 518 236 
4 462 346 345 531 
4 466 341 105 465 
4 542 216 424 420 
4 168 344 466 465 
4 216 542 424 238 
4 580 542 424 420 
4 375 458 399 377 
4 85 228 227 632 
4 465 189 344 500 
4 33 419 549 416 
4 525 451 530 606 
4 389 21 415 601 
4 451 559 530 371 
4 343 357 507 410 
4 371 451 559 611 
4 374 397 462 461 
4 388 464 378 374 
4 395 479 480 478 
4 630 143 379 489 
4 164 506 570 576 
4 184 570 505 498 
4 453 451 455 611 
4 504 478 180 482 
4 401 483 486 487 
4 562 544 510 572 
4 177 502 178 199 
4 416 19 24 600 
4 518 418 216 420 
4 222 480 223 244 
4 126 613 263 476 
4 215 418 216 518 
4 143 386 379 489 
4 492 386 144 494 
4 467 106 355 468 
4 374 99 464 459 
4 632 228 227 377 
4 387 496 380 527 
4 528 389 426 419 
4 478 180 158 477 
4 443 372 370 609 
4 420 418 216 417 
4 244 480 223 395 
4 632 85 458 456 
4 403 352 386 494 
4 329 378 206 403 
4 377 632 458 456 
4 345 92 96 462 
4 360 355 354 357 
4 506 498 570 576 
4 541 586 492 594 
4 530 506 369 516 
4 445 453 452 461 
4 407 233 231 467 
4 498 506 369 486 
4 275 280 410 507 
4 422 37 423 421 
4 463 250 229 249 
4 522 527 288 510 
4 453 444 451 611 
4 355 468 110 469 
4 467 231 252 233 
4 359 527 288 522 
4 443 444 445 368 
4 268 139 489 532 
4 386 270 493 490 
4 22 620 413 621 
4 571 602 539 618 
4 574 164 576 583 
4 277 275 507 280 
4 461 531 462 457 
4 464 331 332 328 
4 416 23 19 599 
4 370 515 451 559 
4 478 131 130 132 
4 609 395 439 394 
4 534 613 363 480 
4 439 445 395 70 
4 17 22 413 621 
4 396 444 610 453 
4 131 129 478 130 
4 501 496 194 510 
4 172 496 194 501 
4 395 478 385 369 
4 482 479 485 478 
4 416 389 620 622 
4 435 513 442 504 
4 370 371 515 559 
4 513 434 54 435 
4 377 249 348 250 
4 488 377 386 532 
4 564 451 374 455 
4 459 374 99 460 
4 462 345 92 531 
4 532 268 139 488 
4 604 624 519 121 
4 586 491 492 594 
4 436 437 443 439 
4 372 398 370 609 
4 432 439 440 612 
4 123 126 624 613 
4 326 605 525 506 
4 505 506 516 369 
4 516 515 505 369 
4 26 415 21 25 
4 20 415 21 26 
4 363 381 602 539 
4 535 382 474 626 
4 487 506 401 376 
4 453 461 445 610 
4 537 513 384 503 
4 479 266 481 485 
4 463 249 377 250 
4 421 32 37 423 
4 509 510 544 572 
4 377 552 399 555 
4 593 164 491 487 
4 267 266 481 135 
4 266 267 481 485 
4 484 267 481 135 
4 429 44 300 426 
4 513 511 299 529 
4 427 46 52 425 
4 49 54 48 429 
4 583 164 592 593 
4 630 491 628 492 
4 267 484 481 485 
4 325 556 326 328 
4 458 552 399 377 
4 513 299 512 529 
4 435 513 384 537 
4 511 510 527 522 
4 438 442 64 433 
4 428 432 440 612 
4 446 444 453 449 
4 453 444 446 451 
4 72 444 441 446 
4 506 499 403 541 
4 499 185 506 206 
4 527 510 511 497 
4 451 450 321 516 
4 451 79 450 441 
4 453 446 83 455 
4 82 446 453 449 
4 519 624 604 626 
4 15 11 406 16 
4 428 440 431 534 
4 499 491 165 492 
4 467 254 468 471 
4 565 358 509 362 
4 503 179 178 199 
4 476 613 263 480 
4 480 264 476 129 
4 597 17 406 617 
4 540 404 118 116 
4 192 495 473 509 
4 519 475 534 240 
4 377 250 230 463 
4 230 345 348 377 
4 483 487 137 486 
4 481 482 479 484 
4 542 424 557 580 
4 551 407 389 354 
4 364 384 366 383 
4 46 427 41 425 
4 389 549 416 21 
4 556 329 326 328 
4 624 124 121 122 
4 118 404 540 387 
4 461 458 375 531 
4 399 458 375 461 
4 507 278 189 500 
4 536 552 452 458 
4 509 192 501 473 
4 445 552 452 536 
4 428 427 432 612 
4 564 585 374 582 
4 232 337 517 467 
4 282 554 283 414 
4 414 554 283 526 
4 407 413 389 354 
4 358 578 544 579 
4 471 472 468 360 
4 472 469 468 360 
4 521 226 456 536 
4 485 369 484 482 
4 377 249 488 493 
4 445 368 444 610 
4 413 22 21 620 
4 312 524 515 442 
4 354 389 405 406 
4 583 164 586 592 
4 602 519 571 381 
4 506 373 369 376 
4 531 458 375 377 
4 452 85 458 457 
4 387 527 382 497 
4 404 496 380 387 
4 604 382 381 626 
4 374 455 459 564 
4 358 414 410 533 
4 360 470 473 469 
4 439 437 443 394 
4 501 496 473 172 
4 458 85 452 536 
4 371 376 399 400 
4 130 129 478 476 
4 399 532 377 488 
4 375 376 399 371 
4 506 185 499 491 
4 539 553 365 393 
4 379 376 399 375 
4 342 533 408 405 
4 369 401 484 482 
4 238 424 557 542 
4 526 554 283 280 
4 579 358 359 600 
4 230 463 345 377 
4 123 261 519 121 
4 489 491 628 630 
4 280 554 283 282 
4 452 454 457 461 
4 557 519 571 602 
4 400 376 399 379 
4 389 413 21 620 
4 416 389 21 620 
4 441 442 450 515 
4 540 519 571 557 
4 323 525 326 325 
4 551 413 389 407 
4 354 212 407 412 
4 233 407 412 467 
4 411 12 408 405 
4 438 433 435 442 
4 123 613 261 126 
4 430 54 433 429 
4 485 479 395 478 
4 359 544 527 562 
4 412 406 16 413 
4 519 613 261 123 
4 411 406 12 405 
4 506 525 326 323 
4 430 57 425 437 
4 393 539 548 381 
4 429 513 54 433 
4 213 412 413 471 
4 389 359 361 390 
4 418 415 26 417 
4 504 513 384 435 
4 571 580 557 602 
4 199 502 503 198 
4 475 613 261 519 
4 472 392 557 540 
4 448 485 246 520 
4 381 519 571 540 
4 419 416 29 288 
4 184 185 570 164 
4 164 185 570 506 
4 527 544 359 288 
4 389 417 549 25 
4 422 425 41 427 
4 22 416 21 620 
4 354 412 407 413 
4 425 423 43 426 
4 223 224 439 65 
4 369 485 395 478 
4 48 426 44 429 
4 522 294 419 511 
4 224 223 439 395 
4 426 419 297 511 
4 585 582 564 606 
4 429 426 297 511 
4 539 393 548 389 
4 31 417 36 30 
4 416 549 33 27 
4 54 429 300 513 
4 52 425 430 57 
4 430 425 48 429 
4 630 628 483 492 
4 54 430 48 429 
4 222 223 439 65 
4 405 533 408 411 
4 420 389 417 421 
4 422 420 417 421 
4 398 371 369 530 
4 575 423 422 553 
4 474 624 535 626 
4 59 433 435 438 
4 442 524 515 504 
4 438 435 306 442 
4 432 61 60 439 
4 436 61 57 437 
4 370 372 443 367 
4 221 432 440 428 
4 437 63 436 441 
4 489 628 483 630 
4 383 625 384 478 
4 414 411 533 597 
4 19 409 18 13 
4 360 551 389 354 
4 60 439 440 432 
4 358 389 359 416 
4 158 157 477 179 
4 479 485 481 484 
4 604 474 387 382 
4 387 382 540 604 
4 520 485 395 448 
4 428 612 534 363 
4 442 315 441 450 
4 565 510 358 362 
4 315 442 515 450 
4 549 419 33 589 
4 414 409 18 19 
4 444 445 70 443 
4 446 77 444 449 
4 492 630 532 483 
4 446 73 447 441 
4 79 447 441 446 
4 377 552 555 456 
4 503 502 535 512 
4 452 445 80 449 
4 411 409 18 414 
4 543 585 374 564 
4 387 474 497 382 
4 527 522 359 419 
4 84 446 451 455 
4 451 446 79 441 
4 455 451 371 611 
4 457 531 458 461 
4 13 409 18 411 
4 460 459 455 89 
4 454 453 83 455 
4 583 595 164 596 
4 457 454 92 461 
4 456 555 536 552 
4 557 580 424 602 
4 503 513 384 504 
4 455 459 460 374 
4 380 404 392 360 
4 453 446 455 451 
4 462 92 461 457 
4 488 555 521 563 
4 441 450 451 515 
4 412 254 467 471 
4 516 451 450 515 
4 469 468 112 472 
4 539 363 538 602 
4 491 165 185 499 
4 495 470 171 473 
4 547 488 521 563 
4 274 410 342 343 
4 367 398 515 370 
4 515 398 367 435 
4 8 410 533 274 
4 357 358 410 354 
4 533 410 342 274 
4 456 547 521 563 
4 422 539 538 602 
4 419 549 581 589 
4 263 613 262 475 
4 436 441 444 443 
4 384 364 529 535 
4 154 387 474 497 
4 498 486 574 584 
4 491 506 185 164 
4 549 33 581 589 
4 580 420 424 602 
4 387 392 404 540 
4 420 422 424 602 
4 420 539 422 602 
4 409 411 533 414 
4 360 392 356 389 
4 607 414 533 597 
4 555 456 521 563 
4 383 625 363 364 
4 451 378 530 606 
4 359 600 544 579 
4 157 179 178 477 
4 477 624 535 474 
4 429 425 48 426 
4 528 425 423 365 
4 126 613 262 263 
4 405 533 411 597 
4 423 425 528 426 
4 33 426 581 589 
4 382 497 535 474 
4 133 160 478 482 
4 354 358 360 357 
4 482 481 137 484 
4 185 570 206 184 
4 368 395 399 445 
4 483 137 484 482 
4 483 484 268 532 
4 506 570 206 185 
4 137 486 482 483 
4 389 579 607 597 
4 368 396 370 444 
4 489 483 268 532 
4 493 490 249 488 
4 615 525 606 614 
4 487 628 164 491 
4 628 140 164 491 
4 494 187 492 403 
4 506 401 369 486 
4 170 189 465 500 
4 206 329 605 633 
4 495 171 192 473 
4 529 537 384 503 
4 509 501 362 473 
4 452 399 445 461 
4 364 366 363 383 
4 537 435 513 429 
4 137 483 628 487 
4 383 395 480 478 
4 363 519 613 534 
4 404 540 392 472 
4 499 165 403 492 
4 399 448 545 395 
4 499 403 206 506 
4 508 281 500 507 
4 137 483 140 628 
4 164 137 628 487 
4 497 502 197 512 
4 477 384 535 625 
4 428 534 602 363 
4 625 624 535 477 
4 364 382 529 535 
4 377 488 456 555 
4 509 501 194 510 
4 534 439 480 608 
4 240 534 602 428 
4 299 497 197 512 
4 512 302 299 513 
4 511 299 301 513 
4 302 512 503 513 
4 381 625 519 626 
4 308 503 514 513 
4 544 600 359 288 
4 515 504 202 505 
4 590 596 583 541 
4 524 311 515 504 
4 317 505 516 515 
4 154 474 604 122 
4 506 323 516 525 
4 504 513 514 503 
4 575 389 420 421 
4 497 512 299 529 
4 389 575 420 539 
4 398 369 504 515 
4 511 497 299 529 
4 422 575 420 421 
4 575 422 420 539 
4 164 137 140 628 
4 510 501 362 509 
4 580 420 557 542 
4 399 461 396 610 
4 628 483 139 489 
4 368 399 396 610 
4 448 226 521 536 
4 358 562 572 544 
4 519 534 602 240 
4 553 423 393 575 
4 521 488 268 532 
4 348 271 249 493 
4 363 534 602 519 
4 591 488 555 456 
4 488 591 377 456 
4 495 192 508 509 
4 522 288 289 510 
4 176 154 497 175 
4 364 363 381 625 
4 440 612 534 428 
4 301 429 511 513 
4 434 300 513 54 
4 539 553 393 575 
4 435 434 304 513 
4 513 307 435 442 
4 608 363 480 534 
4 395 363 480 608 
4 261 613 262 126 
4 503 179 504 477 
4 316 450 515 516 
4 525 321 516 451 
4 590 631 627 584 
4 497 154 176 474 
4 360 467 355 468 
4 626 624 535 625 
4 384 367 537 366 
4 474 154 604 387 
4 444 453 445 610 
4 583 631 627 590 
4 480 439 395 608 
4 401 482 486 483 
4 599 600 579 544 
4 528 364 382 529 
4 477 625 478 384 
4 612 437 439 394 
4 216 542 237 518 
4 475 613 262 261 
4 423 389 393 575 
4 616 453 461 611 
4 119 154 604 122 
4 399 552 458 452 
4 358 526 410 414 
4 426 419 581 589 
4 238 542 237 216 
4 578 579 358 359 
4 579 358 354 607 
4 445 545 448 395 
4 399 458 461 452 
4 622 17 22 623 
4 486 482 401 369 
4 510 362 527 562 
4 544 510 527 562 
4 348 271 493 386 
4 394 437 432 612 
4 456 377 588 591 
4 492 403 386 494 
4 583 596 590 627 
4 595 631 627 583 
4 533 279 409 414 
4 469 355 468 360 
4 493 386 490 488 
4 599 19 416 600 
4 515 371 398 530 
4 368 370 398 609 
4 157 476 125 127 
4 555 456 588 591 
4 23 416 597 599 
4 531 92 462 457 
4 399 545 445 395 
4 419 426 39 589 
4 593 583 164 596 
4 382 393 548 381 
4 433 64 438 59 
4 224 445 520 395 
4 75 445 520 224 
4 426 33 39 589 
4 504 515 369 505 
4 399 545 448 445 
4 358 562 359 527 
4 33 419 39 589 
4 488 555 588 591 
4 504 482 369 478 
4 126 476 263 128 
4 187 403 208 186 
4 377 488 588 591 
4 525 530 373 606 
4 486 584 498 590 
4 208 403 187 388 
4 526 362 495 508 
4 526 357 410 507 
4 486 593 164 596 
4 399 532 488 521 
4 448 445 520 75 
4 399 445 552 452 
4 395 445 520 448 
4 461 399 445 610 
4 367 443 437 394 
4 372 394 367 366 
4 469 114 470 473 
4 630 489 532 483 
4 532 484 268 521 
4 584 631 627 595 
4 427 425 538 422 
4 484 401 483 482 
4 120 119 604 122 
4 264 129 480 131 
4 389 354 405 607 
4 124 157 156 624 
4 240 475 534 242 
4 367 394 372 443 
4 362 470 495 473 
4 536 399 448 445 
4 393 382 548 389 
4 548 420 389 392 
4 509 473 362 495 
4 364 363 393 381 
4 562 510 362 358 
4 354 389 358 579 
4 369 505 482 504 
4 484 485 401 369 
4 392 382 548 381 
4 526 362 508 509 
4 508 362 495 509 
4 508 526 280 507 
4 401 532 484 483 
4 405 406 2 354 
4 565 509 510 362 
4 399 448 521 536 
4 282 279 410 414 
4 418 389 417 420 
4 358 509 362 526 
4 491 628 139 489 
4 541 594 593 586 
4 389 418 472 420 
4 398 371 515 370 
4 512 529 503 513 
4 389 417 415 418 
4 382 392 548 389 
4 541 486 498 590 
4 410 533 279 8 
4 283 509 526 508 
4 379 532 492 630 
4 379 532 630 489 
4 535 384 364 625 
4 369 482 498 486 
4 11 406 2 405 
4 478 480 476 129 
4 400 484 485 401 
4 515 530 369 516 
4 480 244 520 395 
4 595 486 164 596 
4 520 244 480 266 
4 484 400 532 401 
4 526 283 508 280 
4 15 21 406 17 
4 395 448 485 399 
4 17 18 23 597 
4 17 22 21 413 
4 17 411 18 598 
4 411 414 18 598 
4 406 411 17 597 
4 18 414 19 599 
4 23 18 19 599 
4 285 19 282 544 
4 19 414 282 544 
4 24 19 285 600 
4 19 544 285 600 
4 19 24 23 416 
4 21 415 413 389 
4 21 22 27 416 
4 406 21 413 17 
4 21 25 415 601 
4 25 417 415 601 
4 25 21 27 549 
4 22 23 27 416 
4 23 29 416 24 
4 29 24 285 600 
4 25 27 417 549 
4 27 416 549 21 
4 288 416 29 600 
4 29 285 288 600 
4 218 36 40 602 
4 36 422 40 602 
4 424 36 217 218 
4 424 422 36 602 
4 40 422 427 603 
4 422 538 427 603 
4 40 45 219 428 
4 40 427 45 428 
4 40 219 218 602 
4 219 240 218 602 
4 427 425 57 437 
4 432 57 61 437 
4 57 432 427 437 
4 439 432 61 437 
4 436 61 437 439 
4 66 61 436 439 
4 61 66 65 439 
4 439 65 445 70 
4 65 66 70 439 
4 66 436 70 439 
4 70 443 445 395 
4 443 70 436 439 
4 324 327 89 459 
4 89 455 321 325 
4 395 368 398 609 
4 115 404 116 118 
4 121 624 123 124 
4 258 116 472 557 
4 116 117 118 540 
4 117 120 118 540 
4 492 143 379 630 
4 258 117 116 540 
4 116 469 472 360 
4 117 258 120 540 
4 404 392 360 472 
4 613 625 624 519 
4 620 621 622 389 
4 120 258 259 519 
4 258 238 259 519 
4 359 562 579 544 
4 260 120 259 519 
4 483 139 140 628 
4 367 437 430 365 
4 544 510 509 285 
4 582 605 525 326 
4 25 389 417 601 
4 369 530 515 398 
4 243 480 242 534 
4 615 606 564 614 
4 549 389 25 601 
4 584 590 486 627 
4 612 427 432 394 
4 602 427 428 612 
4 264 480 242 243 
4 363 602 381 519 
4 487 594 593 541 
4 393 539 381 363 
4 619 602 571 618 
4 416 358 389 579 
4 579 544 358 414 
4 118 604 540 120 
4 628 139 140 491 
4 394 365 367 366 
4 625 519 363 381 
4 157 178 177 502 
4 387 604 540 118 
4 503 179 477 178 
4 613 519 363 625 
4 395 609 372 394 
4 367 365 394 437 
4 396 611 444 453 
4 506 206 326 605 
4 206 329 326 605 
4 378 206 373 606 
4 206 506 373 606 
4 329 206 378 606 
4 217 238 424 218 
4 414 533 358 607 
4 477 478 503 384 
4 428 240 219 602 
4 221 428 440 431 
4 525 373 506 606 
4 618 548 571 619 
4 365 364 363 393 
4 242 222 243 534 
4 431 440 222 534 
4 440 439 222 534 
4 363 364 365 394 
4 431 222 242 534 
4 237 238 258 557 
4 238 519 258 557 
4 237 518 542 557 
4 237 542 238 557 
4 518 237 258 557 
4 544 288 285 600 
4 238 260 259 519 
4 557 424 238 218 
4 21 389 549 601 
4 240 261 260 519 
4 609 443 372 394 
4 240 534 431 242 
4 579 354 389 607 
4 131 129 480 478 
4 374 455 397 461 
4 398 385 504 369 
4 564 606 451 614 
4 119 604 118 120 
4 121 120 604 122 
4 154 604 118 119 
4 472 518 258 557 
4 389 415 417 601 
4 396 453 461 616 
4 479 484 482 485 
4 487 492 483 628 
4 285 282 283 509 
4 283 286 285 509 
4 487 492 628 491 
4 285 286 289 510 
4 285 289 288 510 
4 289 286 509 510 
4 288 510 527 544 
4 387 604 118 154 
4 359 416 288 600 
4 525 321 451 455 
4 324 321 325 89 
4 321 525 325 455 
4 324 325 328 459 
4 324 328 327 459 
4 325 543 459 455 
4 582 585 325 525 
4 582 325 556 326 
4 325 525 326 582 
4 325 585 543 564 
4 633 605 525 582 
4 326 329 556 582 
4 564 329 374 378 
4 564 582 329 606 
4 340 354 357 410 
4 340 343 342 410 
4 340 342 405 533 
4 354 340 405 607 
4 340 533 405 607 
4 340 357 343 410 
4 342 410 533 340 
4 525 506 633 606 
4 525 633 582 606 
4 593 586 583 541 
4 583 586 593 592 
4 594 593 586 592 

CELL_TYPES 2516
10
10
10
10
10
10
10
10
10
10
10
10
10
10
10
10
10
10
10
10
10
10
10
10
10
10
10
10
10
10
10
10
10
10
10
10
10
10
10
10
10
10
10
10
10
10
10
10
10
10
10
10
10
10
10
10
10
10
10
10
10
10
10
10
10
10
10
10
10
10
10
10
10
10
10
10
10
10
10
10
10
10
10
10
10
10
10
10
10
10
10
10
10
10
10
10
10
10
10
10
10
10
10
10
10
10
10
10
10
10
10
10
10
10
10
10
10
10
10
10
10
10
10
10
10
10
10
10
10
10
10
10
10
10
10
10
10
10
10
10
10
10
10
10
10
10
10
10
10
10
10
10
10
10
10
10
10
10
10
10
10
10
10
10
10
10
10
10
10
10
10
10
10
10
10
10
10
10
10
10
10
10
10
10
10
10
10
10
10
10
10
10
10
10
10
10
10
10
10
10
10
10
10
10
10
10
10
10
10
10
10
10
10
10
10
10
10
10
10
10
10
10
10
10
10
10
10
10
10
10
10
10
10
10
10
10
10
10
10
10
10
10
10
10
10
10
10
10
10
10
10
10
10
10
10
10
10
10
10
10
10
10
10
10
10
10
10
10
10
10
10
10
10
10
10
10
10
10
10
10
10
10
10
10
10
10
10
10
10
10
10
10
10
10
10
10
10
10
10
10
10
10
10
10
10
10
10
10
10
10
10
10
10
10
10
10
10
10
10
10
10
10
10
10
10
10
10
10
10
10
10
10
10
10
10
10
10
10
10
10
10
10
10
10
10
10
10
10
10
10
10
10
10
10
10
10
10
10
10
10
10
10
10
10
10
10
10
10
10
10
10
10
10
10
10
10
10
10
10
10
10
10
10
10
10
10
10
10
10
10
10
10
10
10
10
10
10
10
10
10
10
10
10
10
10
10
10
10
10
10
10
10
10
10
10
10
10
10
10
10
10
10
10
10
10
10
10
10
10
10
10
10
10
10
10
10
10
10
10
10
10
10
10
10
10
10
10
10
10
10
10
10
10
10
10
10
10
10
10
10
10
10
10
10
10
10
10
10
10
10
10
10
10
10
10
10
10
10
10
10
10
10
10
10
10
10
10
10
10
10
10
10
10
10
10
10
10
10
10
10
10
10
10
10
10
10
10
10
10
10
10
10
10
10
10
10
10
10
10
10
10
10
10
10
10
10
10
10
10
10
10
10
10
10
10
10
10
10
10
10
10
10
10
10
10
10
10
10
10
10
10
10
10
10
10
10
10
10
10
10
10
10
10
10
10
10
10
10
10
10
10
10
10
10
10
10
10
10
10
10
10
10
10
10
10
10
10
10
10
10
10
10
10
10
10
10
10
10
10
10
10
10
10
10
10
10
10
10
10
10
10
10
10
10
10
10
10
10
10
10
10
10
10
10
10
10
10
10
10
10
10
10
10
10
10
10
10
10
10
10
10
10
10
10
10
10
10
10
10
10
10
10
10
10
10
10
10
10
10
10
10
10
10
10
10
10
10
10
10
10
10
10
10
10
10
10
10
10
10
10
10
10
10
10
10
10
10
10
10
10
10
10
10
10
10
10
10
10
10
10
10
10
10
10
10
10
10
10
10
10
10
10
10
10
10
10
10
10
10
10
10
10
10
10
10
10
10
10
10
10
10
10
10
10
10
10
10
10
10
10
10
10
10
10
10
10
10
10
10
10
10
10
10
10
10
10
10
10
10
10
10
10
10
10
10
10
10
10
10
10
10
10
10
10
10
10
10
10
10
10
10
10
10
10
10
10
10
10
10
10
10
10
10
10
10
10
10
10
10
10
10
10
10
10
10
10
10
10
10
10
10
10
10
10
10
10
10
10
10
10
10
10
10
10
10
10
10
10
10
10
10
10
10
10
10
10
10
10
10
10
10
10
10
10
10
10
10
10
10
10
10
10
10
10
10
10
10
10
10
10
10
10
10
10
10
10
10
10
10
10
10
10
10
10
10
10
10
10
10
10
10
10
10
10
10
10
10
10
10
10
10
10
10
10
10
10
10
10
10
10
10
10
10
10
10
10
10
10
10
10
10
10
10
10
10
10
10
10
10
10
10
10
10
10
10
10
10
10
10
10
10
10
10
10
10
10
10
10
10
10
10
10
10
10
10
10
10
10
10
10
10
10
10
10
10
10
10
10
10
10
10
10
10
10
10
10
10
10
10
10
10
10
10
10
10
10
10
10
10
10
10
10
10
10
10
10
10
10
10
10
10
10
10
10
10
10
10
10
10
10
10
10
10
10
10
10
10
10
10
10
10
10
10
10
10
10
10
10
10
10
10
10
10
10
10
10
10
10
10
10
10
10
10
10
10
10
10
10
10
10
10
10
10
10
10
10
10
10
10
10
10
10
10
10
10
10
10
10
10
10
10
10
10
10
10
10
10
10
10
10
10
10
10
10
10
10
10
10
10
10
10
10
10
10
10
10
10
10
10
10
10
10
10
10
10
10
10
10
10
10
10
10
10
10
10
10
10
10
10
10
10
10
10
10
10
10
10
10
10
10
10
10
10
10
10
10
10
10
10
10
10
10
10
10
10
10
10
10
10
10
10
10
10
10
10
10
10
10
10
10
10
10
10
10
10
10
10
10
10
10
10
10
10
10
10
10
10
10
10
10
10
10
10
10
10
10
10
10
10
10
10
10
10
10
10
10
10
10
10
10
10
10
10
10
10
10
10
10
10
10
10
10
10
10
10
10
10
10
10
10
10
10
10
10
10
10
10
10
10
10
10
10
10
10
10
10
10
10
10
10
10
10
10
10
10
10
10
10
10
10
10
10
10
10
10
10
10
10
10
10
10
10
10
10
10
10
10
10
10
10
10
10
10
10
10
10
10
10
10
10
10
10
10
10
10
10
10
10
10
10
10
10
10
10
10
10
10
10
10
10
10
10
10
10
10
10
10
10
10
10
10
10
10
10
10
10
10
10
10
10
10
10
10
10
10
10
10
10
10
10
10
10
10
10
10
10
10
10
10
10
10
10
10
10
10
10
10
10
10
10
10
10
10
10
10
10
10
10
10
10
10
10
10
10
10
10
10
10
10
10
10
10
10
10
10
10
10
10
10
10
10
10
10
10
10
10
10
10
10
10
10
10
10
10
10
10
10
10
10
10
10
10
10
10
10
10
10
10
10
10
10
10
10
10
10
10
10
10
10
10
10
10
10
10
10
10
10
10
10
10
10
10
10
10
10
10
10
10
10
10
10
10
10
10
10
10
10
10
10
10
10
10
10
10
10
10
10
10
10
10
10
10
10
10
10
10
10
10
10
10
10
10
10
10
10
10
10
10
10
10
10
10
10
10
10
10
10
10
10
10
10
10
10
10
10
10
10
10
10
10
10
10
10
10
10
10
10
10
10
10
10
10
10
10
10
10
10
10
10
10
10
10
10
10
10
10
10
10
10
10
10
10
10
10
10
10
10
10
10
10
10
10
10
10
10
10
10
10
10
10
10
10
10
10
10
10
10
10
10
10
10
10
10
10
10
10
10
10
10
10
10
10
10
10
10
10
10
10
10
10
10
10
10
10
10
10
10
10
10
10
10
10
10
10
10
10
10
10
10
10
10
10
10
10
10
10
10
10
10
10
10
10
10
10
10
10
10
10
10
10
10
10
10
10
10
10
10
10
10
10
10
10
10
10
10
10
10
10
10
10
10
10
10
10
10
10
10
10
10
10
10
10
10
10
10
10
10
10
10
10
10
10
10
10
10
10
10
10
10
10
10
10
10
10
10
10
10
10
10
10
10
10
10
10
10
10
10
10
10
10
10
10
10
10
10
10
10
10
10
10
10
10
10
10
10
10
10
10
10
10
10
10
10
10
10
10
10
10
10
10
10
10
10
10
10
10
10
10
10
10
10
10
10
10
10
10
10
10
10
10
10
10
10
10
10
10
10
10
10
10
10
10
10
10
10
10
10
10
10
10
10
10
10
10
10
10
10
10
10
10
10
10
10
10
10
10
10
10
10
10
10
10
10
10
10
10
10
10
10
10
10
10
10
10
10
10
10
10
10
10
10
10
10
10
10
10
10
10
10
10
10
10
10
10
10
10
10
10
10
10
10
10
10
10
10
10
10
10
10
10
10
10
10
10
10
10
10
10
10
10
10
10
10
10
10
10
10
10
10
10
10
10
10
10
10
10
10
10
10
10
10
10
10
10
10
10
10
10
10
10
10
10
10
10
10
10
10
10
10
10
10
10
10
10
10
10
10
10
10
10
10
10
10
10
10
10
10
10
10
10
10
10
10
10
10
10
10
10
10
10
10
10
10
10
10
10
10
10
10
10
10
10
10
10
10
10
10
10
10
10
10
10
10
10
10
10
10
10
10
10
10
10
10
10
10
10
10
10
10
10
10
10
10
10
10
10
10
10
10
10
10
10
10
10
10
10
10
10
10
10
10
10
10
10
10
10
10
10
10
10
10
10
10
10
10
10
10
10
10
10
10
10
10
10
10
10
10
10
10
10
10
10
10
10
10
10
10
10
10
10
10
10
10
10
10
10
10
10
10
10
10
10
10
10
10
10
10
10
10
10
10
10
10
10
10
10
10
10
10
10
10
10
10
10
10
10
10
10
10
10
10
10
10
10
10
10
10
10
10
10
10
10
10
10
10
10
10
10
10
10
10
10
10
10
10
10
10
10
10
10
10
10
10
10
10
10
10
10
10
10
10
10
10
10
10
10
10
10
10
10
10
10
10
10
10
10
10
10
10
10
10
10
10
10
10
10
10
10
10
10
10
10
10
10
10
10
10
10
10
10
10
10
10
10
10
10
10
10
10
10
10
10
10
10
10
10
10
10
10
10
10
10
10
10
10
10
10
10
10
10
10
10
10
10
10
10
10
10
10
10
10
10
10
10
10
10
10
10
10
10
10
10
10
10
10
10
10
10
10
10
10
10
10
10
10
10
10
10
10
10
10
10
10
10
10
10
10
10
10
10
10
10
10
10
10
10
10
10
10
10
10
10
10
10
10
10
10
10
10
10
10
10
10
10
10
10
10
10
10
10
10
10
10
10
10
10
10
10
10
10
10
10
10
10
10
10
10
10
10
10
10
10
10
10
10
10
10
10
10
10
10
10
10
10
10
10
10
10
10
10
10
10
10
10
10
10
10
10
10
10
10
10
10
10
10
10
10
10
10
10
10
10
10
10
10
10
10
10
10
10
10
10
10
10
10
10
10
10
10
10
10
10
10
10
10
10
10
10
10
10
10
10
10
10
10
10
10
10
10
10
10
10
10
10
10
10
10
10
10
10
10
10
10
10
10
10
10
10
10
10
10
10
10
10
10
10
10
10
10
10
10
10
10
10
10
10
10
10
10
10
10
10
10
10
10
10
10
10
10
10
10
10
10
10
10
10
10
10
10
10
10
10
10
10
10
10
10
10
10
10
10
10
10
10
10
10
10
10
10
10
10
10
10
10
10
10
10
10
10
10
10
10
10
10
10
10
10
10
10
10
10
10
10
10
10
10
10
10
10
10
10
10
10
10
10
10
10
10
10
10
10
10
10
10
10
10
10
10
10
10
10
10
10
10
10
10
10
10
10
10
10
10
10
10
10
10
10
10
10
10
10
10
10
10
10
10
10
10
10
10
10
10
10
10
10
10
10
10
10
10
10
10
10
10
10
10
10
10
10
10
10
10
10
10
10
10

POINT_DATA 634
VECTORS displacement float
-0.00612526 -0.00240484 -0.00786069
0 0 0
-0.00455011 -0.00385835 -0.00841036
0 0 0
-0.00774255 0.000228557 -0.00772713
0 0 0
-0.00617417 0.00268205 -0.0075309
0 0 0
-0.00485159 0.0047367 -0.00885547
0 0 0
-0.00646725 -0.0060217 -0.0185228
-0.00856282 -0.0037275 -0.0174488
-0.0102167 0.00045758 -0.0170164
-0.00842355 0.00464252 -0.017539
-0.00642759 0.0070727 -0.0181041
-0.00927314 -0.00431268 -0.0269586
-0.00723524 -0.00717823 -0.0277537
-0.0104627 0.000641618 -0.0266576
-0.00896149 0.00512234 -0.027023
-0.00682783 0.00779401 -0.0273812
-0.0075545 -0.00748156 -0.0364163
-0.00982247 -0.00487173 -0.0362425
-0.0108516 0.000295897 -0.0358693
-0.00937769 0.00527232 -0.036143
-0.00718339 0.00788586 -0.0360333
-0.00987099 -0.00496543 -0.0445107
-0.00769971 -0.00779488 -0.0446711
-0.0108623 0.000164555 -0.0442867
-0.00964216 0.00511153 -0.0442365
-0.00755574 0.00792727 -0.0444269
-0.0079592 -0.00792762 -0.0521563
-0.0100467 -0.00508417 -0.0522403
-0.0113395 3.84395e-05 -0.0520339
-0.0101136 0.00515202 -0.0521361
-0.00783439 0.00797402 -0.0519716
-0.0103418 -0.00510324 -0.0594114
-0.00815137 -0.00803217 -0.0594293
-0.0115608 7.41507e-06 -0.0593163
-0.0102643 0.00515563 -0.059263
-0.00818761 0.0081919 -0.0593961
-0.00789168 -0.00780953 -0.0662128
-0.0101038 -0.00501781 -0.0662133
-0.0113557 5.35384e-05 -0.0661457
-0.0100948 0.00512202 -0.0662272
-0.00799672 0.007975 -0.066138
-0.00764729 -0.00753893 -0.0725849
-0.00961851 -0.00481971 -0.0726834
-0.0107933 4.15464e-05 -0.0727081
-0.0097598 0.00493653 -0.0728181
-0.00755586 0.0076967 -0.0726931
-0.0090149 -0.00454117 -0.0789165
-0.00712582 -0.00715655 -0.0788824
-0.010093 3.28393e-05 -0.0791255
-0.00905064 0.00462518 -0.0790205
-0.00709028 0.00730639 -0.0791979
-0.00842556 -0.00430267 -0.0851108
-0.00667725 -0.00677292 -0.0849879
-0.00937788 -7.61895e-06 -0.0852976
-0.00845275 0.00426436 -0.0852208
-0.00668023 0.00672034 -0.0851512
-0.00627844 -0.00635402 -0.0910516
-0.00798057 -0.00401829 -0.091049
-0.00889235 -0.000106534 -0.0910837
-0.00785086 0.00381111 -0.0910629
-0.00625608 0.00610253 -0.0911216
-0.00591489 -0.00595757 -0.0968655
-0.00745505 -0.00386124 -0.0966608
-0.00822428 -0.000225569 -0.0968356
-0.00750938 0.00354847 -0.0967843
-0.00592967 0.00572003 -0.0967899
-0.00692683 -0.00369531 -0.102166
-0.00555855 -0.00570779 -0.102308
-0.00766321 -0.000241054 -0.102331
-0.00695448 0.00318461 -0.102424
-0.00557913 0.00520253 -0.102326
-0.00511932 -0.0053674 -0.107652
-0.00644651 -0.00346571 -0.107562
-0.00718447 -0.00025739 -0.107721
-0.00652152 0.00293071 -0.107808
-0.00527232 0.00482133 -0.107694
-0.00594233 -0.00319254 -0.112951
-0.00472601 -0.00489709 -0.112947
-0.00666209 -0.000246491 -0.11304
-0.00605539 0.00269929 -0.113041
-0.00490519 0.0045035 -0.112957
-0.00442683 -0.0045788 -0.118238
-0.00563716 -0.00298048 -0.118295
-0.00630163 -0.000208092 -0.118287
-0.00571828 0.00259033 -0.118309
-0.00463839 0.00425199 -0.118262
-0.00543289 -0.00289734 -0.123712
-0.00424278 -0.00444157 -0.123701
-0.0061946 -9.41796e-05 -0.12354
-0.00556346 0.00261822 -0.12367
-0.00447958 0.00425293 -0.123729
-0.00413248 -0.00435685 -0.129253
-0.00531032 -0.0028061 -0.129364
-0.00608246 -9.25234e-05 -0.129267
-0.00553649 0.00269185 -0.129333
-0.00443782 0.00432065 -0.129266
-0.00547957 -0.00286869 -0.135452
-0.00425843 -0.0044614 -0.135433
-0.00634549 -7.32342e-05 -0.135496
-0.00569319 0.0027871 -0.135425
-0.0045628 0.00448198 -0.135453
0.00600678 -0.00258248 -0.00771793
0.00433441 -0.00451341 -0.00873635
0 0 0
0 0 0
0.00631895 -0.00638807 -0.0184668
0.00838564 -0.00412384 -0.0176345
0.00932535 -0.00441518 -0.0271238
0.00754365 -0.00729341 -0.0272817
0.00757196 -0.00724923 -0.035989
0.00955649 -0.00446451 -0.036153
0.00968145 -0.004657 -0.044373
0.00772272 -0.00753649 -0.0445225
0.00785528 -0.00789734 -0.0521238
0.0100646 -0.00502142 -0.0520873
0.0101412 -0.0051502 -0.0592849
0.00793322 -0.00815372 -0.0595079
0.00776691 -0.00803053 -0.0664156
0.010034 -0.00512103 -0.0663387
0.00752532 -0.00757163 -0.0729618
0.00962971 -0.00481344 -0.0728391
0.00905156 -0.0044608 -0.0790818
0.00716934 -0.00706827 -0.0792831
0.00838636 -0.00415258 -0.0852135
0.00666249 -0.00662156 -0.0852975
0.00609306 -0.00619282 -0.0912863
0.00767304 -0.00387424 -0.0912134
0.00545472 -0.00574938 -0.0969483
0.00702395 -0.0037052 -0.0968557
0.00644818 -0.00360023 -0.102366
0.00506462 -0.00551917 -0.102354
0.0047866 -0.0051982 -0.107763
0.00612629 -0.00339785 -0.10777
0.00577788 -0.00313806 -0.11305
0.0045824 -0.00489384 -0.113093
0.0044702 -0.00463543 -0.118393
0.0056655 -0.0029426 -0.118501
0.00564424 -0.00278092 -0.123993
0.00448693 -0.0044354 -0.123902
0.00457931 -0.00428169 -0.129456
0.00581335 -0.00264627 -0.129643
0.0061019 -0.00269972 -0.135724
0.00484245 -0.00444817 -0.135713
0.007745 -0.000113434 -0.00698063
0 0 0
0.00995247 0.000144846 -0.0177449
0.0106615 0.00032201 -0.0271583
0.0106479 0.000298391 -0.0357666
0.0108471 0.000255065 -0.0441628
0.0112525 0.000154757 -0.0519932
0.0115258 3.81937e-05 -0.0593728
0.0112407 1.34199e-05 -0.0661023
0.0107285 4.77952e-05 -0.0727525
0.0101326 4.48854e-05 -0.0791669
0.0092729 0.000102392 -0.0851901
0.00863812 -5.84253e-06 -0.0909363
0.00787209 -0.000107938 -0.0966647
0.00741756 -0.000191463 -0.102249
0.00685388 -0.000275352 -0.107784
0.0065251 -0.000139304 -0.113188
0.00633977 -3.20329e-05 -0.118534
0.00633022 8.78844e-05 -0.124044
0.00654054 0.000178598 -0.129805
0.00694628 0.000239341 -0.136057
0.0065717 0.00325949 -0.00884427
0 0 0
0.00893679 0.00447762 -0.0183449
0.00970143 0.00502082 -0.0274967
0.00955494 0.00500571 -0.0362031
0.00978899 0.00508502 -0.0442254
0.0100448 0.0052032 -0.0520304
0.0101724 0.00518869 -0.0591771
0.0100897 0.00513154 -0.0661834
0.00970601 0.00493548 -0.0727078
0.0091507 0.00464896 -0.0789365
0.00830236 0.00424662 -0.085077
0.00762596 0.00378134 -0.0909183
0.00710406 0.00358071 -0.0965224
0.0065273 0.00329121 -0.102087
0.00620915 0.00306848 -0.107659
0.00580909 0.00289651 -0.113157
0.00563199 0.00289338 -0.118632
0.00563528 0.00289396 -0.12417
0.00573924 0.00294669 -0.129824
0.00605722 0.00311553 -0.135954
0.00527033 0.00514068 -0.00964669
0 0 0
0.00690646 0.00685805 -0.0185761
0.0079246 0.00799419 -0.0277842
0.00766225 0.0077705 -0.0360909
0.00774417 0.00784981 -0.0443741
0.00787451 0.00796442 -0.0519403
0.00816168 0.00821622 -0.0593097
0.00792751 0.00803987 -0.0661416
0.00761539 0.00763399 -0.0725773
0.00716635 0.00722731 -0.0788871
0.00659048 0.00670661 -0.0849524
0.00606225 0.00612454 -0.0909693
0.00551491 0.0056621 -0.0967819
0.00518944 0.00535654 -0.102275
0.0048657 0.00499759 -0.107744
0.00457651 0.00467835 -0.113147
0.00434994 0.00454716 -0.118527
0.00436529 0.00447286 -0.124107
0.00444911 0.00446513 -0.12977
0.00471095 0.00468567 -0.13597
-0.00253808 -0.00516041 -0.0100623
0 0 0
-0.00396938 -0.00845652 -0.0184098
-0.00453331 -0.00930484 -0.0276505
-0.00475145 -0.00946784 -0.0364615
-0.00485697 -0.00964141 -0.0445514
-0.0051237 -0.0101102 -0.052335
-0.00519436 -0.0100809 -0.0593483
-0.00522959 -0.00993197 -0.0662953
-0.00488546 -0.00945811 -0.0727708
-0.00455587 -0.00901932 -0.0789289
-0.00418828 -0.0085368 -0.0850721
-0.00386287 -0.0079102 -0.0911551
-0.00376087 -0.00746331 -0.0968056
-0.00356725 -0.00710755 -0.102315
-0.00330806 -0.00668684 -0.107708
-0.00306809 -0.00616538 -0.112997
-0.00279913 -0.00575458 -0.118302
-0.00263528 -0.00555417 -0.123743
-0.00257629 -0.0055339 -0.129359
-0.00252152 -0.00549023 -0.135273
0.00029318 -0.00645142 -0.00979568
0 0 0
6.50621e-05 -0.00978475 -0.018772
0.000100704 -0.0103854 -0.0277141
6.21561e-05 -0.0105683 -0.0363063
-2.43427e-05 -0.0108131 -0.0447317
-0.00010043 -0.0112721 -0.0522922
-0.000153198 -0.0114033 -0.0594393
-0.000177124 -0.0112702 -0.0662595
-0.000152312 -0.010522 -0.073011
-4.74277e-05 -0.0100065 -0.0792377
5.24797e-05 -0.00933294 -0.0854632
-3.13253e-05 -0.00881179 -0.0912322
-0.000110329 -0.00826994 -0.0969372
-0.000162169 -0.00790521 -0.102408
-0.000140879 -0.00738674 -0.107759
-9.24259e-05 -0.00688888 -0.113035
-9.19108e-06 -0.00644958 -0.118309
9.49372e-05 -0.00622191 -0.123668
0.000154184 -0.00610523 -0.129476
0.000186916 -0.00609001 -0.135427
0.00270323 -0.00531207 -0.00985946
0 0 0
0.00428401 -0.00858747 -0.018126
0.0046945 -0.00921379 -0.0274058
0.00480877 -0.00938231 -0.036191
0.00482083 -0.00955213 -0.0444621
0.00497397 -0.0101139 -0.0524658
0.00492862 -0.0101747 -0.0595046
0.00482956 -0.0100374 -0.066381
0.00466779 -0.00949395 -0.0729453
0.00452729 -0.00897146 -0.0791782
0.00424406 -0.00837995 -0.0853725
0.00385976 -0.00787639 -0.091238
0.00345118 -0.00734816 -0.0969299
0.00314917 -0.00692597 -0.102419
0.00295567 -0.00652191 -0.107726
0.0028566 -0.00614069 -0.113007
0.00280727 -0.00579163 -0.118367
0.00288243 -0.00560704 -0.12376
0.00290906 -0.00543818 -0.129486
0.00297534 -0.00552756 -0.13551
-0.00261411 0.00586327 -0.0100939
0 0 0
0.000463684 0.00719924 -0.00986915
0 0 0
0.00312749 0.00623625 -0.0101599
0 0 0
-0.00362121 0.00867024 -0.0184893
0.000214512 0.00993779 -0.0183826
0.00464584 0.00900903 -0.0187151
-0.00420879 0.00983082 -0.0277076
0.00045344 0.0108063 -0.0278155
0.00510489 0.00976799 -0.0277255
-0.00433505 0.00965939 -0.0360429
0.000313252 0.0109289 -0.0362609
0.00497547 0.00981085 -0.0360893
-0.00465688 0.00992199 -0.0441814
0.000113419 0.0111795 -0.0445224
0.00501361 0.0100332 -0.044264
-0.00489906 0.0100081 -0.0517888
8.5528e-05 0.0113732 -0.0520671
0.00509368 0.0103186 -0.0521268
-0.00511775 0.0101418 -0.0591394
8.01351e-05 0.0115977 -0.0594225
0.00514254 0.0103172 -0.0592414
-0.00512639 0.0102578 -0.0663302
1.90851e-05 0.0112343 -0.0661053
0.00499228 0.0100967 -0.0662075
-0.00468931 0.00978524 -0.0729002
2.80387e-05 0.010831 -0.072836
0.00483175 0.00960915 -0.0726419
-0.00438834 0.00908399 -0.0789446
1.62107e-05 0.00994474 -0.079111
0.00450305 0.00900067 -0.0788077
-0.00409908 0.00835085 -0.0851214
-2.32299e-05 0.00929894 -0.0850318
0.00409122 0.00832961 -0.0850055
-0.00402842 0.00780688 -0.0909901
-0.00011276 0.00875097 -0.090884
0.00372932 0.00763721 -0.0910828
-0.00381473 0.0071755 -0.096735
-0.000224439 0.00807433 -0.0967259
0.00345475 0.0072711 -0.096718
-0.00361393 0.00665753 -0.102238
-0.00022923 0.00747999 -0.102185
0.00312525 0.00671282 -0.102275
-0.00342854 0.00618959 -0.107642
-0.000259108 0.00702193 -0.107673
0.00297515 0.00632298 -0.107756
-0.00322995 0.00578096 -0.112978
-0.00021694 0.00656361 -0.113079
0.00279855 0.00591654 -0.113173
-0.00303292 0.00552534 -0.118407
-0.000193791 0.00629728 -0.118354
0.00268843 0.00570457 -0.11852
-0.00290651 0.00544262 -0.123816
-0.000158627 0.00615176 -0.123754
0.00263738 0.00557189 -0.12392
-0.00287997 0.00549548 -0.129407
-7.61757e-05 0.00619038 -0.129489
0.00274928 0.00559969 -0.129688
-0.00285997 0.00565043 -0.135368
8.45119e-06 0.00635395 -0.135665
0.00289687 0.00571609 -0.135647
0 0 0
0 0 0
0 0 0
0 0 0
0 0 0
0 0 0
0 0 0
0 0 0
0 0 0
-0.00283348 -0.00299165 -0.134999
-0.00289073 5.92813e-05 -0.134912
-0.00306645 0.00311598 -0.135098
0.000220211 -0.00295013 -0.135149
0.000217995 6.35828e-05 -0.135053
0.000107601 0.00305482 -0.135275
0.00350798 -0.00301858 -0.135384
0.00351374 0.000144306 -0.135284
0.00337057 0.00323429 -0.135548
-0.00139482 -0.00312505 -0.0121625
0.00322899 -0.0024055 -0.0159329
0.000130492 -0.00057796 -0.040661
0.00238465 0.00156573 -0.0123748
-7.36741e-05 0.00270797 -0.0323051
-0.0025266 0.00451366 -0.0423482
0.00287937 -0.00216348 -0.0317272
-0.000789702 0.00128631 -0.0474678
0.00314701 0.00333628 -0.0381822
-8.05487e-05 -0.00345437 -0.0819388
0.000402772 5.03947e-06 -0.0757818
-0.00382869 0.00013284 -0.0759033
-0.00095817 0.000322357 -0.0837404
-0.00303325 0.00158861 -0.0895008
-0.00156806 -0.00105751 -0.104805
0.00173451 0.000443929 -0.107058
-0.00219454 0.000913883 -0.102614
-0.000522149 0.000464032 -0.112719
-0.00114284 -0.000192549 -0.0909996
0.00184222 0.00174692 -0.117144
-0.00120785 0.00283583 -0.123743
-0.000827642 -0.00103551 -0.116666
0.00153838 0.000236002 -0.115765
-0.00096426 -0.00358883 -0.123216
0.000813686 0.00155496 -0.122299
0.00238469 -0.00111019 -0.12283
0.0023146 0.00144865 -0.044389
0.00110249 -0.00317712 -0.0670051
0.00138921 0.000119977 -0.0603835
0.000974679 -0.000935685 -0.0883298
0.00150129 0.00165564 -0.084099
0.00178224 0.000765678 -0.0927402
0.00231759 -0.001946 -0.130932
0.00628898 0.000397138 -0.0559305
0.00144932 0.00179682 -0.129439
-0.00415705 -0.00127125 -0.0412844
-0.00175484 0.00102274 -0.040907
-0.000300379 0.00156538 -0.0412147
0.000919057 -0.00354186 -0.0505693
-0.00310131 -0.000282672 -0.0640159
-0.00315593 -0.00163041 -0.0860056
-0.000718806 -0.00256245 -0.0988238
-0.00224381 -0.000352809 -0.110766
-0.00124116 0.000321733 -0.119372
0.000114662 0.000762207 -0.0991708
-0.00104031 -0.00191816 -0.113505
0.000832372 -0.00189043 -0.113124
0.00213118 -0.0014691 -0.113781
0.000322016 8.98573e-05 -0.119204
0.00243397 0.000715614 -0.122308
0.00617782 -0.00202027 -0.0473424
-0.00409086 -0.000279458 -0.0105455
-0.00594744 -0.00196228 -0.022165
-0.000644446 -0.00606653 -0.015006
-0.00506533 0.00164519 -0.0098286
-0.00570949 0.00580821 -0.0204481
-0.00108968 0.00468566 -0.0112969
-0.00684246 0.00291488 -0.0176937
-0.00297041 -0.0076575 -0.0221146
-0.00557045 -0.00499532 -0.0327215
-0.0039761 0.00607806 -0.0250865
-0.00630106 -0.00622585 -0.0399947
-0.00673109 0.00313092 -0.0426305
-0.00715076 -0.00534358 -0.0514888
-0.00358859 -0.00685464 -0.0438055
-0.0050184 0.0051853 -0.0528475
-0.00373873 -0.00571105 -0.0540982
-0.00835846 -0.00233038 -0.0551419
-0.0074923 -0.00377275 -0.0639452
-0.00837294 0.00118402 -0.0617375
-0.00419557 -0.00825005 -0.0593975
-0.00748561 5.93589e-05 -0.0732454
-0.00613114 0.00488239 -0.0640006
-0.00627167 -0.00362983 -0.0773858
-0.00434159 -0.00673467 -0.078127
-0.0038658 0.00544862 -0.0728984
-0.00645158 0.00246937 -0.0793043
-0.00267202 -0.00868948 -0.0795008
-0.00596068 -0.0040951 -0.0844689
-0.00542681 0.00421682 -0.0835217
-0.00292825 0.00777763 -0.0810693
-0.00203551 0.00431682 -0.0860374
-0.00597773 -0.000905389 -0.0953257
-0.00553269 -0.000535326 -0.0887442
-0.0044515 0.00586446 -0.0891332
-0.00396996 -0.00446665 -0.0935385
-0.00377027 -0.00597014 -0.0864971
-0.00445191 0.00279266 -0.0998626
-0.0025361 0.00465945 -0.0937375
-0.00389288 -0.00090461 -0.0979788
-0.00411989 -0.000109538 -0.105459
-0.00371316 -0.00326959 -0.10698
-0.004559 0.00154581 -0.107468
-0.00554604 0.00280813 -0.106989
-0.000920669 -0.00490022 -0.109093
-0.0052327 -0.00113005 -0.110559
-0.0019103 0.0041574 -0.104395
-0.00163222 0.00292592 -0.11144
-0.00418759 -0.00204747 -0.115226
-0.00425336 0.000685784 -0.113349
-0.00496628 0.00113476 -0.11754
-0.002745 0.00365394 -0.115661
-0.00189334 -0.00375616 -0.118424
-0.00458456 -0.00143765 -0.120099
-0.00323474 -0.0026308 -0.120388
-0.00239839 0.00441549 -0.123238
-0.00365859 0.00214466 -0.121796
-0.00266054 -0.000232113 -0.116857
-0.00433015 0.000982955 -0.129083
-0.00253279 -0.00426649 -0.126154
-4.02865e-05 0.0042765 -0.128321
0.00449062 0.000382599 -0.0110411
0.00498434 0.000283772 -0.00817755
0.00215487 -0.00562819 -0.0134221
0.00471635 -0.00573108 -0.022048
0.00614535 -0.0041245 -0.0302249
0.00657517 -0.000295702 -0.0257114
0.00129738 -0.00767036 -0.0280981
0.00165295 -0.00663395 -0.0393089
0.00687885 0.00117989 -0.0359069
0.00778284 0.000686914 -0.0693518
0.00261598 -0.00874922 -0.0793875
0.0051936 -0.00372786 -0.0851979
0.00658585 0.00110475 -0.0829254
0.00401517 -0.00114774 -0.0926522
0.00312241 -0.00379278 -0.100341
0.00144384 -0.00528941 -0.0930114
0.00377807 -0.00438027 -0.104881
0.0041462 -0.000665638 -0.102754
0.0033725 -0.00283963 -0.114664
0.00259132 -0.00342608 -0.109462
0.00100728 -0.003563 -0.105128
0.00438627 -0.000548831 -0.111864
0.00330483 -0.0013437 -0.116302
0.000688651 -0.00352188 -0.119413
0.00377006 -0.00315398 -0.119054
0.00160661 -0.00491329 -0.12202
0.00546604 -0.000369825 -0.121519
0.00425147 -0.000460712 -0.12282
0.00107778 -0.00433692 -0.12711
0.00448508 -0.00010644 -0.128622
0.00590457 0.00348253 -0.0250344
0.0062189 0.0040999 -0.0478481
0.00597347 0.00464055 -0.0621085
0.0043479 0.00147092 -0.110872
0.00378038 0.00126383 -0.12074
0.00404762 0.00440372 -0.0111864
0.00641967 0.00565582 -0.0380529
0.00723337 0.00403039 -0.0741904
0.0046557 0.00412824 -0.0812074
0.0030968 0.00390083 -0.092917
0.00293075 0.00325158 -0.10772
0.00306746 0.00246625 -0.115025
0.00134235 0.00547685 -0.0106719
0.00377904 0.0066202 -0.0226396
0.00286963 0.00798132 -0.0342168
0.00147599 0.00717304 -0.0433525
0.000397457 0.00786674 -0.063835
0.00501965 0.00586249 -0.0718886
0.00070304 0.00665279 -0.0794231
0.00392439 0.00579974 -0.086969
-4.51711e-05 0.00349122 -0.100101
0.00098746 0.00461698 -0.107867
0.000227266 -0.00220356 -0.00501977
-0.001315 -0.00861366 -0.0493332
0.00297407 -0.0070197 -0.0681248
-0.000703218 -0.0055689 -0.103649
-0.000406624 -0.004603 -0.113284
-0.00229994 0.00731919 -0.0526543
0.000128399 0.00982589 -0.0649673
-5.91119e-05 0.00625439 -0.0928166
0.00075863 0.0046677 -0.114097
0.00144685 0.00513993 -0.02376
0.000177353 0.00497759 -0.0483444
-0.00239411 0.00344084 -0.0707269
0.00214373 0.00319393 -0.0694081
0.00073394 0.00206642 -0.112073
-0.00343696 -0.00215174 -0.12512
0.00165755 -0.00253674 -0.118538
-0.00370551 0.00393505 -0.0110728
-0.00068766 -0.00645517 -0.0845955
0.00468109 0.00139253 -0.0745329
-0.00266501 -0.00410851 -0.113895
-0.000157923 0.00285674 -0.0781984
-0.00465364 -0.00288321 -0.072834
-0.00380166 -0.00299005 -0.0666731
0.00491406 -0.0052017 -0.05645
0.00350475 0.000568112 -0.116957
-0.00245321 -0.00870155 -0.0550269
-0.000967164 0.00477284 -0.121485
-0.00186787 0.00701369 -0.035108
-0.00171468 -0.00330603 -0.107679
0.00237103 -0.00374732 -0.121307
-0.000225957 -0.00542575 -0.11837
-0.00165463 -0.00291685 -0.0588048
-0.00793102 0.000461681 -0.0460329
0.00439756 0.00420296 -0.0170163
0.000525914 -0.00455892 -0.029394
-0.00237558 -0.00283646 -0.115809
-0.00571856 -0.000840148 -0.0659187
-0.00041202 0.00669823 -0.0215002
-0.000716144 -0.00324575 -0.115986
0.000377027 0.00532813 -0.122783
-6.2538e-05 -0.00794447 -0.0589612
0.00302552 0.00445452 -0.0187619
-0.000649872 0.00250837 -0.109332
0.000327883 0.00537305 -0.0739249
0.000169048 0.00518406 -0.0692289
-0.000567192 0.00509787 -0.0404083
-0.000456303 -0.00429696 -0.116045
-0.000343243 0.00318167 -0.119009
0.00153368 0.00581634 -0.0359723
-0.000354898 -0.00483004 -0.118553
0.00335324 -7.09627e-05 -0.119651
0.000108955 0.00428272 -0.0730101
0.000874979 0.00367939 -0.111624
0.00493429 0.00279065 -0.115205
0.000484263 -0.0055479 -0.0619187
3.1163e-05 0.00634191 -0.0379414
-0.000431291 -0.00444138 -0.118432
0.00511497 0.00104787 -0.114193
-0.00641045 -0.0019723 -0.0593656
0.0044343 0.00174176 -0.114378
-0.00139859 -0.00434992 -0.0577078
-0.00134632 0.00420609 -0.034993
-0.00346092 0.00443471 -0.0308761
-0.00249951 -0.0064116 -0.060061
-0.00797214 0.00303726 -0.0564779
0.00100926 0.00495845 -0.120249
0.00445535 0.000658276 -0.115877
0.00457489 0.000453453 -0.113481
0.000334038 0.00477886 -0.118708
0.00422476 0.000298501 -0.118478
-1.32132e-05 0.00372904 -0.0716023
-0.00051468 -0.00412276 -0.118635
-0.00741132 0.0049549 -0.055291
0.00423213 0.000460058 -0.114142
-0.000595381 -0.00385533 -0.11875
0.00464692 -8.73114e-05 -0.118049
0.00419865 -0.000505668 -0.116932
0.00391649 -0.000403879 -0.118695
0.00504067 0.000214049 -0.11525
0.00439598 -0.000129563 -0.115523
-0.00588862 0.00231791 -0.0261436
-0.00684143 0.00387109 -0.0240375
-0.00618553 0.00474496 -0.0323767
-0.00484477 0.0048274 -0.0385915
-0.00799108 -0.00438885 -0.0404165
-0.00309803 -0.00625186 -0.0678805
-0.00583825 -0.00563707 -0.0693349
0.00673762 -0.0036503 -0.0632071
0.00227278 0.0048551 -0.118674
0.00128037 0.0030144 -0.118784
-0.00309034 0.00173595 -0.0151378
-0.00141119 -0.00369355 -0.090855
-0.00190876 -0.00116266 -0.0966273
-0.00281528 -0.00132422 -0.10917
-0.00215002 0.00113873 -0.112653
-0.0037663 -0.00402779 -0.0857808
0.00400488 -0.0059678 -0.0793469
-0.000664598 0.00376111 -0.115805
9.25809e-05 0.00430233 -0.116632
-0.00275936 0.000358002 -0.113377
-0.00823812 0.000401459 -0.0278555
-0.00272547 -0.00433255 -0.0631476
-0.00185836 -0.00542288 -0.061815
-0.00724914 -0.00118664 -0.0368057
-0.00723849 -0.00145312 -0.0312172
-0.00784598 0.000764425 -0.0334636
-0.00848593 0.00246594 -0.0329792
0.00680043 -0.00331124 -0.0747022
0.00346299 -0.0017283 -0.0791986
0.00428079 -0.00188407 -0.070233
0.00455775 0.000192852 -0.114661
0.00466719 -0.00176992 -0.117462
-0.0005207 0.00632494 -0.0293552
0.00389827 -0.00190989 -0.120857
0.00470103 0.000500748 -0.11474
-0.00287219 -0.00415606 -0.121355
0.00197205 0.00418177 -0.119027
VECTORS reaction_forces float
-0.0020054 0.000588514 0.00473488
0 0 0
-0.00228859 -0.00206143 0.0104105
0 0 0
-0.000485522 0.000817412 0.00674772
0 0 0
0.000425999 -4.20555e-05 0.00640112
0 0 0
-5.23664e-05 0.000323076 0.00818622
0 0 0
-0.000865637 -0.00161927 0.00321761
-0.00152052 -0.00171309 0.00403771
-0.00329933 -0.00154226 0.00490029
-0.00136585 0.0002596 0.00375004
-0.000644116 0.000941744 0.0022591
-0.00254135 -0.000784714 0.00456798
-0.00511607 -0.00495021 0.0142723
-0.00971144 -0.00194868 0.0173079
-0.00557044 0.00147673 0.0101999
-0.00752172 0.00838423 0.0159761
-0.0024939 -0.00216066 0.006713
-0.0117106 -0.00561828 0.0280346
-0.00738456 -0.00175317 0.0119495
-0.00951355 0.00183691 0.0166784
-0.0046207 0.00389129 0.00856087
-0.00487321 2.08898e-05 0.0140478
-0.00323418 -0.000387932 0.0142353
-0.00622681 -0.00139034 0.0209903
-0.00305906 1.01968e-05 0.00584252
-0.00725958 0.00587226 0.0177001
0.000394167 0.00139144 0.00355417
0.0017732 0.00246606 0.0120071
0.00423813 -0.000183303 0.0116721
0.00493228 -0.00414725 0.0262559
7.55025e-05 -0.00113279 0.0056463
0.0065367 0.00269905 0.0105169
0.00967405 0.00751915 0.0194409
0.0127389 0.00163449 0.0172945
0.00402364 -0.00126337 0.00659455
0.00965266 -0.0083625 0.0195186
0.00653949 0.00643051 0.0214567
0.0115026 0.00362498 0.02214
0.0115857 -0.000103743 0.0187192
0.013443 -0.00496279 0.0264467
0.00611719 -0.00310083 0.017422
0.000469519 0.000530942 0.00651698
0.00355031 0.00153016 0.0170048
0.00536316 -0.000938374 0.0145355
0.0119834 -0.00602798 0.0400645
0.00175268 -0.000693834 0.00936846
-0.000488047 0.000615619 0.00516703
-0.00252736 -0.000120833 0.00808923
0.00397387 -7.60388e-05 0.0236424
0.00192012 -0.000602953 0.00638406
0.00293604 -0.00572968 0.0326287
-0.00231769 0.00141741 0.00707351
-0.00182728 0.000173797 0.00140036
-0.00441337 0.000957885 0.0255393
-0.000214013 -0.00234263 0.0133595
-0.00160738 -0.000652361 0.00440013
-0.000991711 0.00061982 0.00126105
-0.000493607 0.0024641 0.00653704
-0.0025117 0.00071037 0.00033064
-0.00554675 -0.000641521 0.012497
-0.000898041 -0.00126817 0.00352501
0.0013346 -6.58858e-05 -0.00374139
0.000708206 0.000946614 -0.00208113
-0.00374807 0.000495125 -0.00437676
-0.000591005 -0.00062583 -0.000848592
0.000831175 0.000249439 -7.04732e-05
0.00334293 0.00539526 -0.0147311
0.000139248 0.000251285 -0.00171315
-0.00098871 -0.000251988 -0.00778235
-0.000839072 -0.000554427 -0.00478982
0.000376201 0.000706122 -0.00148647
1.88988e-05 0.00258223 -0.00717217
-0.000387981 0.00159775 -0.00680055
-0.00234378 -0.000159392 -0.0096929
-0.000337801 0.000168749 -0.00133805
0.00158721 -3.0804e-06 -0.0123516
-0.00253971 -0.00072477 -0.00981285
-0.00173746 -0.00152597 -0.00739809
-0.00274108 0.000328933 -0.00529667
-0.00374407 0.00200017 -0.0134261
-0.000328029 0.000130307 -0.00850537
-0.00253931 -0.00413273 -0.011932
-0.00121201 -3.73234e-05 -0.00472082
-0.00386143 0.00111604 -0.00954565
-0.00336174 0.00234051 -0.00743329
-0.00242383 0.00435675 -0.015411
-0.00355709 -0.00197399 -0.00630514
-0.00195397 -0.00218329 -0.00415737
-0.00741358 0.000145146 -0.0212733
-0.00361852 0.00145678 -0.00988201
-0.00105641 0.00131734 -0.00561221
-0.00554058 -0.00344111 -0.0115106
-0.00632485 -0.00306522 -0.0146708
-0.00437035 0.000263326 -0.0167255
-0.0028739 0.000573722 -0.00967288
-0.0038815 0.00540863 -0.0333624
-0.00350591 -0.000840736 -0.00806835
-0.000505499 -0.000267541 -0.00172792
-0.00103512 -0.000127884 -0.00492633
-0.00265004 0.00102776 -0.00946872
0.000304349 0.000119603 -0.00270163
0.000989116 -0.00268196 0.00740805
0.00170751 -0.00664729 0.0152113
0 0 0
0 0 0
0.00102711 -0.000708888 0.00247579
0.00620213 -0.00400514 0.0149746
0.00334938 -0.0014677 0.00983219
0.0035271 -0.00294357 0.0176648
0.0024678 -0.00291403 0.0114444
0.0159784 -0.00738508 0.0302135
0.00835409 -0.00487618 0.0131598
0.0154499 -0.0148016 0.0532013
-0.000701082 0.000803849 0.00607361
-0.0100634 0.00427122 0.0243159
-0.00426976 0.0028518 0.00634984
-0.00919369 0.0128149 0.0204562
-0.00842836 0.0119343 0.024106
-0.0139581 0.00682299 0.0300584
-0.00411338 0.00521983 0.0195979
-0.00391066 0.00113508 0.0128525
-0.00330592 0.00039568 0.00997351
-0.00337732 0.000546308 0.0191344
0.000229132 5.85349e-05 0.00719584
-2.92708e-05 0.000249447 0.00445363
6.65867e-06 -0.00107768 0.0111254
0.00458617 -0.00366949 0.00920483
0.0061455 -0.00326164 0.001999
0.00336912 -0.00175101 0.00116226
0.00629347 0.00126713 -0.00962875
0.00195897 -0.000514807 -0.00367786
0.00102973 -0.00158383 -0.00918059
8.09064e-05 0.000815637 -0.00349073
0.0034717 -0.00115853 -0.0184585
0.000242135 -0.000331069 -0.00332086
0.00180957 -0.000291827 -0.0119589
0.000545895 0.00026901 -0.00533684
0.00325836 -0.0008643 -0.00797557
0.000912027 6.41644e-05 -0.0020321
0.0070778 -0.00519521 -0.0251974
0.00562976 -0.00433424 -0.0207251
0.00211408 -0.00151028 -0.0100681
0.000715856 -0.000302121 -0.00168921
0.000547282 -0.00036971 0.00534224
0 0 0
0.00466163 0.000123843 0.0132429
0.0094573 -0.000908406 0.0171112
0.00628754 -0.000515861 0.00786394
0.01471 -0.00391334 0.031488
-0.00374536 -0.00165419 0.0179602
-0.0267895 0.000932188 0.0366699
-0.00456537 8.88812e-05 0.0106259
-0.00601933 5.40409e-05 0.0209287
-0.0102945 -0.000902027 0.0319604
0.00316129 -0.00331574 0.0139649
0.00314447 -0.00130607 0.00144366
0.00787691 -0.000224649 -0.00607589
0.00145194 0.00155595 -0.00451592
0.00240818 0.00512795 -0.0156244
0.00146505 0.000541671 -0.00509255
0.00170172 -0.000828097 -0.0140747
0.00141675 -0.0023721 -0.0124387
0.00173657 -0.00207583 -0.0157265
5.88218e-05 -0.000401412 -0.0043311
-4.70709e-05 0.000581486 0.00411674
0 0 0
0.000199428 0.0030081 0.011343
0.00488582 0.00130563 0.0144726
0.0124394 0.00552235 0.0219579
0.0028331 0.000922494 0.00731165
-0.00533479 -0.00428192 0.0242798
-0.00374883 -0.00238868 0.00782505
-0.0125265 -0.00521947 0.0245174
-0.00616326 -0.00135761 0.0133302
-0.00489804 -0.00245669 0.010393
0.00116308 -0.00355596 0.0122548
0.00588223 0.00141831 0.00798977
0.00349304 0.00235797 -0.00350522
0.00493645 0.00319509 -0.0139992
0.00038361 0.00101096 -0.0036556
0.000705354 0.000615813 -0.00805319
0.000789621 -0.00154389 -0.00592939
0.00108811 0.00118407 -0.00863229
0.00567424 0.0018429 -0.0251302
0.00268902 0.000417471 -0.00823946
-0.000292747 0.00125204 0.00658039
0 0 0
-0.000386583 0.000318452 0.00153661
0.00616936 0.00866903 0.0230663
0.00199658 0.00182282 0.00379028
0.00744065 0.00718673 0.026161
8.6991e-05 -0.000838659 0.00643764
-0.00634502 -0.0113767 0.0232815
-0.00702026 -0.00682754 0.0157056
-0.00337192 -0.00310315 0.0103603
-0.00335079 -0.00190267 0.0130027
0.000705974 -0.000777979 0.00287707
0.00198628 0.000824349 0.00596543
0.00430094 0.00172596 0.00217539
0.000914779 -2.14787e-05 -0.00200463
0.000210848 0.000344397 -0.00883412
-0.000529422 -0.000230221 -0.00811666
0.00311165 0.00159622 -0.0127652
0.000552777 0.00159084 -0.0059348
0.00729256 0.00904662 -0.024685
0.00110198 0.000689513 -0.00157064
-0.000244022 -0.000601767 0.00245557
0 0 0
-0.00373629 -0.00428009 0.00926284
-0.00307863 -0.00709522 0.0173305
-0.00672289 -0.0109147 0.0280911
-0.00113825 -0.0014459 0.00880843
0.00103907 0.0074291 0.0238615
0.00165755 0.00270033 0.00354975
0.00619715 0.0126112 0.0210161
0.00163825 0.0022052 0.0162544
-0.000535805 -0.000401373 0.00158149
-0.00220123 -0.000808659 0.00232297
-0.00371201 -0.00399879 0.0052272
0.000350922 -0.000394384 -0.00270765
0.002491 0.00536404 -0.00941146
0.000368237 0.00153401 -0.00484563
8.01649e-05 -0.00331949 -0.0112805
-0.000459729 -0.00363748 -0.00622131
-0.00126259 -0.00266321 -0.00564706
-0.000940017 -0.000894969 -0.00323967
-0.00340015 -0.00645254 -0.016286
0.000978823 -0.000612422 0.00456997
0 0 0
0.00153466 -0.00597679 0.0100102
-0.00137791 -0.00600873 0.0131194
-0.00187203 -0.00426124 0.00758477
-0.00305987 -0.00859347 0.0254438
-0.000603192 0.00281353 0.0117741
0.000140494 0.0167747 0.0224206
0.00163675 0.0149282 0.0224228
0.00510911 0.00585794 0.0477033
0.000273525 -0.000505232 0.00284054
0.00062303 -0.00308908 0.0127983
-0.00119154 -0.00157341 0.00435516
0.00188754 0.000459392 -0.00382322
0.000770296 0.00100752 -0.0025777
0.000451932 0.00167517 -0.0110704
-0.00084892 -0.00107968 -0.00623325
-0.000510577 -0.00539009 -0.0108208
0.000286118 -0.00898876 -0.0178953
0.000947565 -0.00711496 -0.0129207
-0.000135827 -0.00462883 -0.00913893
0.000738931 -0.0015154 0.00175815
0 0 0
0.00358582 -0.00630838 0.00851957
0.00169603 -0.00403273 0.0124806
0.000372436 -0.00563937 0.0145625
0.000174404 -0.00353008 0.0068609
-0.00212209 0.00732764 0.0399881
-0.00162434 0.00370534 0.00767808
-0.00227521 0.0083179 0.0146609
-0.00145075 0.00372154 0.0181134
-0.000299255 -0.000320147 0.00438865
-0.000540504 -0.00120728 0.0188654
0.000606444 -0.00139423 0.00627398
0.00162224 -0.00105632 0.00049489
0.0043968 -0.00164333 -0.0118431
0.00135312 -0.001507 -0.0110621
0.000240381 -0.00290362 -0.0208402
0.000669953 -0.00286311 -0.00607287
0.00224665 -0.00177848 -0.0131161
0.00362222 -0.00595245 -0.0139544
0.00396262 -0.00445717 -0.0112675
-0.0001734 0.000625459 0.00385284
0 0 0
-0.00111787 0.00052724 0.0050069
0 0 0
-0.000221647 0.000789324 0.0017128
0 0 0
-0.00190175 0.00345392 0.0086473
-0.000275557 0.0065479 0.0120703
1.81668e-07 0.00200788 0.00519601
-0.0043485 0.00961116 0.0149227
-0.00253035 0.00819872 0.0176655
0.00055734 0.00201884 0.00662684
-0.00714307 0.0153899 0.0242112
-0.000437821 0.00439039 0.010896
0.00306457 0.00429045 0.0123264
-0.00685091 0.0109533 0.0289938
-0.00073378 0.00311485 0.0251779
0.00180719 0.00287883 0.0113388
-0.000711292 -0.00694392 0.0169897
-0.00164293 -0.00677407 0.0134049
-0.00500862 -0.0139242 0.0504632
0.00299034 -0.00913292 0.0130822
-0.00018619 -0.0120896 0.0214943
-0.00122597 -0.0045695 0.00885451
0.0111769 -0.0169281 0.0377471
0.000771023 -0.00180493 0.00485595
-0.00421914 -0.0136626 0.0430496
0.00233058 -0.0045446 0.0272205
0.00110119 -0.010051 0.0359042
-0.00315285 -0.00400151 0.0187939
-0.000466217 -0.0007586 0.00241808
-0.00451943 -0.000174283 0.0134799
-0.00131935 0.000930974 0.00365995
-0.00296028 -0.000497767 0.00918505
-0.0017631 0.00350887 0.00845992
-0.00206646 0.00256268 0.00656857
-0.000854088 0.00141034 -0.000248924
0.000328652 0.000947035 1.77288e-05
0.00224615 0.00557458 0.0116446
-0.000554546 0.000331278 -0.00141716
0.000607937 -0.000781461 -0.00252298
0.00162572 -5.08025e-06 0.00112417
0.00167207 0.000318901 -0.00831294
0.00116629 -0.000322752 -0.00724425
0.00322069 -0.000186703 -0.00783526
-5.21548e-05 0.000384643 -0.00668313
-0.000463808 0.00129895 -0.00918448
-0.000176102 0.000434147 -0.00306895
0.00113159 0.000234284 -0.0207342
-0.00113982 0.000237948 -0.00588916
-0.00100542 0.00088893 -0.0108687
-0.000475707 0.000891869 -0.00268696
-0.00122898 0.00346168 -0.016626
0.000742139 0.00136969 -0.00638855
6.54348e-05 0.00109016 -0.00363035
0.000140362 0.00431015 -0.0115311
0.00405205 0.00705738 -0.0264065
0.00177467 0.00317888 -0.0084938
0.00167407 0.00505746 -0.0134577
0.00151745 0.00332124 -0.00641696
-0.000744267 0.00461215 -0.0139097
0.000368093 0.00303107 -0.00539408
0.00355412 0.00686091 -0.015411
0 0 0
0 0 0
0 0 0
0 0 0
0 0 0
0 0 0
0 0 0
0 0 0
0 0 0
-0.0107695 -0.00917439 -0.0327896
-0.0121947 -0.00668645 -0.0572859
-0.00519523 0.00681927 -0.0299138
0.00232029 -0.0170822 -0.0412032
-0.00368206 -0.000714008 -0.0372778
-0.000107483 0.0115559 -0.0251318
0.00415323 -0.00272277 -0.0111604
0.00830946 0.00151296 -0.0423111
0.00424418 0.00412748 -0.0117724
-0.000421217 -0.0134381 0.0337161
0.00970415 -0.0102284 0.0267287
0.00106071 -0.0016196 0.0103892
0.00345783 0.00146604 0.0336805
-0.00040579 0.012233 0.0626875
-0.00342141 0.00597084 0.0278653
0.0177795 -0.0236802 0.0677286
0.00165483 -0.00262524 0.0201326
0.00896649 0.00990833 0.0404884
0.00242006 0.0072196 0.125452
-7.60282e-05 -0.00339412 0.0623988
0.0128291 0.00015859 0.0676208
0.000481124 -0.00277987 0.0258695
0.00266211 -6.76005e-05 0.0609166
0.00143734 0.00426298 0.00357559
0.000171419 0.00318002 0.00201167
0.00206764 -0.00124817 0.00424701
-0.00358597 0.0018601 -0.00763824
-0.000268943 0.00168579 0.0238483
0.000788021 0.000679347 -0.00587604
-0.00959108 0.0085038 -0.0717012
-0.00241378 0.000327015 -0.00801202
0.0013945 0.000746633 -0.00792481
-0.0116188 -0.0209984 -0.0969705
0.00380831 0.00371006 -0.0265446
0.00363602 0.000758163 -0.0162833
-9.25367e-05 -0.000751132 0.0405101
-0.00522662 0.0107692 0.0535237
-0.00785317 -0.000416009 0.0969859
-0.00217061 -0.00277465 0.0330664
-0.00955012 -0.0131906 0.0808526
-0.00408431 -2.78934e-05 0.0355568
0.00752576 -0.00985118 -0.059762
-0.0293556 -7.20223e-05 0.0585175
0.00469108 0.0119021 -0.0509789
0.00552473 -0.0182363 0.145588
0.000459626 0.000253982 0.00387812
0.000230253 0.000382875 0.00307482
-0.00294936 0.00574566 0.0576499
0.00948052 -0.00346954 0.0536497
0.00261286 0.00442759 0.0443996
0.0081933 0.0149499 0.0156649
-0.000252344 0.000858591 -8.2827e-05
-0.00356872 -0.000315226 -0.0146586
-0.00237095 0.00124658 0.0133488
0.000215009 0.00457764 -0.0132764
0.00242046 0.000244179 -0.00603653
0.00439456 -0.000494855 -0.00942816
0.000235043 0.000146668 -0.00620781
0.00608813 0.00482766 -0.0395661
0.00633208 -0.0110834 0.0575279
-0.00395407 -0.00494354 0.0158055
-0.0146147 -0.00928268 0.0353578
-0.000636212 -0.00637599 0.0124654
0.000222341 -0.00127381 0.00677787
-0.00260594 0.00190322 0.00435126
-0.00689487 0.00601359 0.0255203
-0.00684914 -0.00110156 0.00781249
-0.00270473 -0.00980087 0.0153388
-0.0114001 -0.0190553 0.0518694
-0.0101952 0.00973148 0.0267344
-0.00548151 -0.00359688 0.0188078
-0.0232376 0.00623637 0.0535693
0.00214497 0.00989128 0.0474007
-0.0029572 -0.0081108 0.0414128
0.0141046 -0.0207027 0.0848727
0.00781801 0.0137447 0.0607286
0.0110865 0.00524488 0.0309116
0.0280727 0.0127775 0.0611851
0.0331445 -0.00638207 0.0690608
0.00814428 0.0148334 0.0245075
0.0303707 -0.00375566 0.0949094
0.0270821 -0.0175274 0.071354
0.00701607 0.00885815 0.0711388
0.0001257 0.0012076 0.036837
0.0135275 -0.0158426 0.0888097
0.0111695 -0.00450051 0.0521003
-0.000229496 -0.00227724 0.00905687
-0.00440915 0.002049 0.0173601
0.00141563 -0.00346001 0.0387249
-0.00156588 -0.00246975 0.0105804
-0.00442197 -0.00376499 0.0588469
-0.0028168 0.00505706 0.000141805
-0.000715665 0.00264727 0.0518878
-0.000999053 -0.000192615 0.0033063
0.00668268 0.00483463 0.0109855
-0.00167936 -0.00098247 0.00522562
0.00451565 -0.00125637 0.001429
0.00175433 0.000958369 0.021988
0.00426607 0.00684981 0.00640515
0.00455944 0.00262852 -0.00648399
0.00124141 0.0100012 -0.0202311
-0.00183054 -0.000755454 -0.0123551
-0.000667398 6.50081e-05 -0.00354083
0.00045881 0.00379303 -0.0190258
-0.00320026 0.000113613 -0.0103364
0.00347328 -0.00210163 -0.0123364
0.00577787 -0.00184584 -0.0173008
-0.00691362 -0.00207149 -0.0197857
-0.00633914 0.00209095 -0.0128195
-0.00718695 0.00289425 -0.013288
-0.00449972 0.00430564 -0.0297452
-0.00125349 -0.00392218 -0.00968415
-0.00427799 -0.000732881 -0.0147638
-0.00561309 -0.00411446 -0.0173278
-0.0015707 0.00612909 -0.0223157
-0.00808177 0.00388097 -0.0257602
-0.00962023 0.000676345 -0.0227768
-0.0109892 -0.00229155 -0.0492378
-0.00491549 -0.00522708 -0.0150512
0.00272801 0.0179904 -0.0442921
0.00280377 -0.00141816 0.0220877
0.000444517 -0.000383429 0.00423914
0.00438214 -0.0151288 0.0202754
0.00725765 -0.0106267 0.021415
0.0146924 -0.0109144 0.040332
0.0209027 -0.00260767 0.0526032
0.00102528 -0.0131146 0.0236198
0.00344994 -0.0329536 0.119643
0.0436749 -0.00393382 0.0887792
-0.0350431 0.00225968 0.0807198
0.000583513 0.000375614 0.0210951
-0.00917532 -0.000674183 0.0613652
-0.0150457 -0.00790286 0.0707913
0.00405938 -0.00832489 0.0701921
0.00337565 -0.00159294 -0.00562947
0.00391988 -0.00459066 0.0418429
0.00253215 -0.000495591 -0.0160125
0.012517 0.00503525 -0.0258905
0.00312909 -0.00242168 -0.0151384
0.00278186 -0.00352909 -0.0201479
0.00335543 0.000991874 -0.0138098
0.00466319 0.000820214 -0.0153235
0.00292822 -0.000636429 -0.00917313
0.000423292 -0.00695098 -0.0193867
0.00431533 -0.000150797 -0.0128038
0.000555941 -0.00229142 -0.00830768
0.00155252 -0.000611243 -0.00893061
0.00291264 -0.00392618 -0.0196763
0.00111932 -0.00556233 -0.0168108
0.00354428 -0.00269542 -0.020582
0.00838467 0.0101762 0.0384484
0.00809327 -0.00199433 0.0762297
-0.0326418 -0.0298488 0.104469
0.00153648 0.00279068 -0.0157983
0.000993546 -0.00129998 -0.00459279
-0.00137678 0.00275001 0.00832205
0.0107685 0.0116093 0.0258789
-0.017999 -0.0077689 0.0397147
-0.0116635 -0.0131409 0.0737546
0.000458933 0.0030073 0.0603677
0.00261152 -0.00089838 -0.0151457
0.00314521 0.00108059 -0.027982
-0.00308787 0.0085984 0.0137973
0.000900186 0.00874186 0.0169323
0.00568181 0.0240923 0.0598261
-0.000196428 0.00881433 0.076445
0.00249435 -0.0471022 0.119105
-0.00820902 -0.00797806 0.0337727
-0.00893291 -0.0119664 0.114878
-0.000525291 0.00172322 0.00705327
0.00310157 -0.00388205 0.00429498
-0.000567878 0.000138599 -0.0316501
0.00079918 -0.00131082 0.00188702
-3.39594e-05 0.000495129 0.0278288
-0.0178598 0.048435 0.126133
0.00340884 0.00702269 -0.0124626
-0.000339662 -0.00175019 -0.012039
-0.000914659 -0.0125833 0.0431461
0.00146422 -0.00438994 0.0112135
0.000333356 0.00418364 0.00902257
0.000896505 0.000570925 -0.0191173
-0.00179991 0.0119004 0.0226404
-0.00319506 -0.00800753 0.0664808
0.0169569 -0.00881659 0.0849314
-0.000450538 -0.0160796 0.0834209
-0.000596828 0.000820432 -0.00554606
-0.00889255 -0.0065305 -0.0336259
0.0035223 -0.00233843 -0.0173321
-0.00654582 0.00102965 0.0186677
0.00269056 -0.000594939 0.069923
-0.0134277 -0.00340141 0.0651593
-0.00218662 -0.0016451 -0.00990335
0.00230569 -0.00723787 0.0513825
0.00587314 0.00305496 0.0285903
0.00811358 0.00232067 0.0488173
-0.0114409 0.0195231 0.056152
0.000319808 0.000310848 -0.00231677
0.000410263 0.00565704 0.00914359
-0.000773926 0.00177928 -0.00774483
-0.00749244 0.0169092 0.0304743
0.000205193 0.00100534 -0.00121594
0.000661223 -0.000953943 -0.00564577
-0.000212004 -0.000334918 -0.00121577
0.0001622 0.00286391 0.0257274
0.000767153 -0.00382795 0.0359438
0.000532921 0.00128402 0.00365226
-0.000805996 -0.0104246 0.0153375
-0.000625223 -0.000687244 -0.0038249
0.0052164 -0.000324768 0.0160353
-0.0022181 0.00393708 0.00647789
-0.000124038 -0.000523627 -0.00205822
-0.000666264 0.00137676 -0.00620671
0.00282885 0.0292099 0.0595711
0.000350385 0.00133713 0.00295105
-0.00063667 -0.000159002 -0.001664
0.000152838 -0.00122089 0.00576971
0.000186919 -0.000451463 0.00252507
-0.000363776 0.001846 0.00628756
-5.44192e-05 -0.000154203 -0.000589592
0.00132219 0.00148982 -0.0083771
0.000149021 0.00195091 0.00360089
-6.385e-05 -0.00013806 -0.00058525
-4.0537e-05 2.04694e-05 -0.000492336
0.000163701 -0.000216397 0.00177642
-0.00023466 0.000166709 -0.00138405
0.000385559 -0.000265375 -0.00670884
-0.00184052 0.00917408 0.0205164
-7.03733e-05 0.00139294 0.0026111
-1.71531e-05 -0.000180585 -0.000629935
0.000189225 1.3573e-05 -0.00185099
0.00709962 0.000651114 0.0209721
0.000103028 -3.23034e-05 -0.00168376
-0.000143966 0.00108295 0.00261454
-0.000285356 0.000680275 0.00136924
-0.0077996 0.00651793 0.0230445
0.000300566 0.00341135 0.00656509
0.00255108 -0.00123943 0.00583059
0.000766118 0.000881305 -0.00628436
3.13109e-06 0.000124877 -0.00234172
3.05875e-05 4.4562e-05 -0.000150619
0.000302511 0.000591931 -0.00230887
0.00011225 -7.95012e-05 -0.00133542
0.000163395 -0.000114291 0.00133016
-3.29262e-06 -0.000111762 -0.000378762
0.00244024 -0.00203884 0.00537804
1.71524e-05 0.000112582 -0.000431834
-7.6017e-06 -9.3768e-05 -0.000265179
3.61175e-05 -7.13353e-06 -0.000438224
0.000270314 6.89836e-06 -0.00136415
6.58082e-05 -4.50742e-05 -0.000598448
-4.36234e-06 2.38407e-05 -0.000649403
9.26292e-06 5.40789e-05 -0.000882264
-0.0147273 0.00144819 0.0274322
-0.00220456 0.00031059 0.00423556
-0.00493258 0.00372157 0.0108978
-0.00896702 0.011096 0.0187631
-0.00254522 -0.000519413 0.00687214
0.0149392 0.0264451 0.105993
0.00251708 0.00378593 0.0129162
-0.0296484 0.0237595 0.0531703
0.000794647 0.000281203 -0.00256058
0.00243971 0.00100347 -0.00744983
-0.00392681 -0.000127002 0.0138579
0.00238328 0.00177705 0.0141524
0.000751082 0.00153601 0.00337575
0.000357558 0.00130088 0.00101385
-0.00105312 -0.000129154 -0.000704829
0.00028673 0.00120002 0.0212813
-0.00811295 0.00587995 0.0532309
0.000233757 0.00019962 -0.00183635
8.27737e-05 0.00026478 -0.00102434
-0.000162088 2.46061e-05 -0.000155528
-0.00131455 2.7757e-05 0.00356968
0.00014759 0.000941455 0.00434058
-6.87509e-05 0.000414191 0.00138534
-0.0023688 -0.0013364 0.00706347
-0.00220127 -0.00146127 0.00697957
-0.00399349 -0.000590389 0.00895964
-0.00375429 4.2476e-05 0.0062735
-0.0282224 0.0151627 0.0822792
-0.0168651 0.00163507 0.0659671
-0.00865726 0.00690329 0.0297252
-3.23463e-06 2.35035e-05 -0.000156592
0.000910935 9.88943e-05 -0.00504635
-0.0018938 0.00460554 0.0110913
0.00204791 -0.000561309 -0.00585711
1.24693e-06 1.28792e-05 -7.23313e-05
-0.00119199 -0.00255022 -0.00502582
0.000760803 0.000174174 -0.00265217

CELL_DATA 2516
SCALARS part_id int
LOOKUP_TABLE default
0
0
0
0
0
0
0
0
0
0
0
0
0
0
0
0
0
0
0
0
0
0
0
0
0
0
0
0
0
0
0
0
0
0
0
0
0
0
0
0
0
0
0
0
0
0
0
0
0
0
0
0
0
0
0
0
0
0
0
0
0
0
0
0
0
0
0
0
0
0
0
0
0
0
0
0
0
0
0
0
0
0
0
0
0
0
0
0
0
0
0
0
0
0
0
0
0
0
0
0
0
0
0
0
0
0
0
0
0
0
0
0
0
0
0
0
0
0
0
0
0
0
0
0
0
0
0
0
0
0
0
0
0
0
0
0
0
0
0
0
0
0
0
0
0
0
0
0
0
0
0
0
0
0
0
0
0
0
0
0
0
0
0
0
0
0
0
0
0
0
0
0
0
0
0
0
0
0
0
0
0
0
0
0
0
0
0
0
0
0
0
0
0
0
0
0
0
0
0
0
0
0
0
0
0
0
0
0
0
0
0
0
0
0
0
0
0
0
0
0
0
0
0
0
0
0
0
0
0
0
0
0
0
0
0
0
0
0
0
0
0
0
0
0
0
0
0
0
0
0
0
0
0
0
0
0
0
0
0
0
0
0
0
0
0
0
0
0
0
0
0
0
0
0
0
0
0
0
0
0
0
0
0
0
0
0
0
0
0
0
0
0
0
0
0
0
0
0
0
0
0
0
0
0
0
0
0
0
0
0
0
0
0
0
0
0
0
0
0
0
0
0
0
0
0
0
0
0
0
0
0
0
0
0
0
0
0
0
0
0
0
0
0
0
0
0
0
0
0
0
0
0
0
0
0
0
0
0
0
0
0
0
0
0
0
0
0
0
0
0
0
0
0
0
0
0
0
0
0
0
0
0
0
0
0
0
0
0
0
0
0
0
0
0
0
0
0
0
0
0
0
0
0
0
0
0
0
0
0
0
0
0
0
0
0
0
0
0
0
0
0
0
0
0
0
0
0
0
0
0
0
0
0
0
0
0
0
0
0
0
0
0
0
0
0
0
0
0
0
0
0
0
0
0
0
0
0
0
0
0
0
0
0
0
0
0
0
0
0
0
0
0
0
0
0
0
0
0
0
0
0
0
0
0
0
0
0
0
0
0
0
0
0
0
0
0
0
0
0
0
0
0
0
0
0
0
0
0
0
0
0
0
0
0
0
0
0
0
0
0
0
0
0
0
0
0
0
0
0
0
0
0
0
0
0
0
0
0
0
0
0
0
0
0
0
0
0
0
0
0
0
0
0
0
0
0
0
0
0
0
0
0
0
0
0
0
0
0
0
0
0
0
0
0
0
0
0
0
0
0
0
0
0
0
0
0
0
0
0
0
0
0
0
0
0
0
0
0
0
0
0
0
0
0
0
0
0
0
0
0
0
0
0
0
0
0
0
0
0
0
0
0
0
0
0
0
0
0
0
0
0
0
0
0
0
0
0
0
0
0
0
0
0
0
0
0
0
0
0
0
0
0
0
0
0
0
0
0
0
0
0
0
0
0
0
0
0
0
0
0
0
0
0
0
0
0
0
0
0
0
0
0
0
0
0
0
0
0
0
0
0
0
0
0
0
0
0
0
0
0
0
0
0
0
0
0
0
0
0
0
0
0
0
0
0
0
0
0
0
0
0
0
0
0
0
0
0
0
0
0
0
0
0
0
0
0
0
0
0
0
0
0
0
0
0
0
0
0
0
0
0
0
0
0
0
0
0
0
0
0
0
0
0
0
0
0
0
0
0
0
0
0
0
0
0
0
0
0
0
0
0
0
0
0
0
0
0
0
0
0
0
0
0
0
0
0
0
0
0
0
0
0
0
0
0
0
0
0
0
0
0
0
0
0
0
0
0
0
0
0
0
0
0
0
0
0
0
0
0
0
0
0
0
0
0
0
0
0
0
0
0
0
0
0
0
0
0
0
0
0
0
0
0
0
0
0
0
0
0
0
0
0
0
0
0
0
0
0
0
0
0
0
0
0
0
0
0
0
0
0
0
0
0
0
0
0
0
0
0
0
0
0
0
0
0
0
0
0
0
0
0
0
0
0
0
0
0
0
0
0
0
0
0
0
0
0
0
0
0
0
0
0
0
0
0
0
0
0
0
0
0
0
0
0
0
0
0
0
0
0
0
0
0
0
0
0
0
0
0
0
0
0
0
0
0
0
0
0
0
0
0
0
0
0
0
0
0
0
0
0
0
0
0
0
0
0
0
0
0
0
0
0
0
0
0
0
0
0
0
0
0
0
0
0
0
0
0
0
0
0
0
0
0
0
0
0
0
0
0
0
0
0
0
0
0
0
0
0
0
0
0
0
0
0
0
0
0
0
0
0
0
0
0
0
0
0
0
0
0
0
0
0
0
0
0
0
0
0
0
0
0
0
0
0
0
0
0
0
0
0
0
0
0
0
0
0
0
0
0
0
0
0
0
0
0
0
0
0
0
0
0
0
0
0
0
0
0
0
0
0
0
0
0
0
0
0
0
0
0
0
0
0
0
0
0
0
0
0
0
0
0
0
0
0
0
0
0
0
0
0
0
0
0
0
0
0
0
0
0
0
0
0
0
0
0
0
0
0
0
0
0
0
0
0
0
0
0
0
0
0
0
0
0
0
0
0
0
0
0
0
0
0
0
0
0
0
0
0
0
0
0
0
0
0
0
0
0
0
0
0
0
0
0
0
0
0
0
0
0
0
0
0
0
0
0
0
0
0
0
0
0
0
0
0
0
0
0
0
0
0
0
0
0
0
0
0
0
0
0
0
0
0
0
0
0
0
0
0
0
0
0
0
0
0
0
0
0
0
0
0
0
0
0
0
0
0
0
0
0
0
0
0
0
0
0
0
0
0
0
0
0
0
0
0
0
0
0
0
0
0
0
0
0
0
0
0
0
0
0
0
0
0
0
0
0
0
0
0
0
0
0
0
0
0
0
0
0
0
0
0
0
0
0
0
0
0
0
0
0
0
0
0
0
0
0
0
0
0
0
0
0
0
0
0
0
0
0
0
0
0
0
0
0
0
0
0
0
0
0
0
0
0
0
0
0
0
0
0
0
0
0
0
0
0
0
0
0
0
0
0
0
0
0
0
0
0
0
0
0
0
0
0
0
0
0
0
0
0
0
0
0
0
0
0
0
0
0
0
0
0
0
0
0
0
0
0
0
0
0
0
0
0
0
0
0
0
0
0
0
0
0
0
0
0
0
0
0
0
0
0
0
0
0
0
0
0
0
0
0
0
0
0
0
0
0
0
0
0
0
0
0
0
0
0
0
0
0
0
0
0
0
0
0
0
0
0
0
0
0
0
0
0
0
0
0
0
0
0
0
0
0
0
0
0
0
0
0
0
0
0
0
0
0
0
0
0
0
0
0
0
0
0
0
0
0
0
0
0
0
0
0
0
0
0
0
0
0
0
0
0
0
0
0
0
0
0
0
0
0
0
0
0
0
0
0
0
0
0
0
0
0
0
0
0
0
0
0
0
0
0
0
0
0
0
0
0
0
0
0
0
0
0
0
0
0
0
0
0
0
0
0
0
0
0
0
0
0
0
0
0
0
0
0
0
0
0
0
0
0
0
0
0
0
0
0
0
0
0
0
0
0
0
0
0
0
0
0
0
0
0
0
0
0
0
0
0
0
0
0
0
0
0
0
0
0
0
0
0
0
0
0
0
0
0
0
0
0
0
0
0
0
0
0
0
0
0
0
0
0
0
0
0
0
0
0
0
0
0
0
0
0
0
0
0
0
0
0
0
0
0
0
0
0
0
0
0
0
0
0
0
0
0
0
0
0
0
0
0
0
0
0
0
0
0
0
0
0
0
0
0
0
0
0
0
0
0
0
0
0
0
0
0
0
0
0
0
0
0
0
0
0
0
0
0
0
0
0
0
0
0
0
0
0
0
0
0
0
0
0
0
0
0
0
0
0
0
0
0
0
0
0
0
0
0
0
0
0
0
0
0
0
0
0
0
0
0
0
0
0
0
0
0
0
0
0
0
0
0
0
0
0
0
0
0
0
0
0
0
0
0
0
0
0
0
0
0
0
0
0
0
0
0
0
0
0
0
0
0
0
0
0
0
0
0
0
0
0
0
0
0
0
0
0
0
0
0
0
0
0
0
0
0
0
0
0
0
0
0
0
0
0
0
0
0
0
0
0
0
0
0
0
0
0
0
0
0
0
0
0
0
0
0
0
0
0
0
0
0
0
0
0
0
0
0
0
0
0
0
0
0
0
0
0
0
0
0
0
0
0
0
0
0
0
0
0
0
0
0
0
0
0
0
0
0
0
0
0
0
0
0
0
0
0
0
0
0
0
0
0
0
0
0
0
0
0
0
0
0
0
0
0
0
0
0
0
0
0
0
0
0
0
0
0
0
0
0
0
0
0
0
0
0
0
0
0
0
0
0
0
0
0
0
0
0
0
0
0
0
0
0
0
0
0
0
0
0
0
0
0
0
0
0
0
0
0
0
0
0
0
0
0
0
0
0
0
0
0
0
0
0
0
0
0
0
0
0
0
0
0
0
0
0
0
0
0
0
0
0
0
0
0
0
0
0
0
0
0
0
0
0
0
0
0
0
0
0
0
0
0
0
0
0
0
0
0
0
0
0
0
0
0
0
0
0
0
0
0
0
0
0
0
0
0
0
0
0
0
0
0
0
0
0
0
0
0
0
0
0
0
0
0
0
0
0
0
0
0
0
0
0
0
0
0
0
0
0
0
0
0
0
0
0
0
0
0
0
0
0
0
0
0
0
0
0
0
0
0
0
0
0
0
0
0
0
0
0
0
0
0
0
0
0
0
0
0
0
0
0
0
0
0
0
0
0
0
0
0
0
0
0
0
0
0
0
0
0
0
0
0
0
0
0
0
0
0
0
0
0
0
0
0
0
0
0
0
0
0
0
0
0
0
0
0
0
0
0
0
0
0
0
0
0
0
0
0
0
0
0
0
0
0
0
0
0
0
0
0
0
0
0
0
0
0
0
0
0
0
0
0
0
0
0
0
0
0
0
0
0
0
0
0
0
0
0
0
0
0
0
0
0
0
0
0
0
0
0
0
0
0
0
0
0
0
0
0
0
0
0
0
0
0
0
0
0
0
0
0
0
0
0
0
0
0
0
0
0
0
0
0
0
0
0
0
0
0
0
0
0
0
0
0
0
0
0
0
0
0
0
0
0
0
0
0
0
0
0
0
0
0
0
0
0
0
0
0
0
0
0
0
0
0
0
0
0
0
0
0
0
0
0
0
0
0
0
0
0
0
0
0
0
0
0
0
0
0
0
0
0
0
0
0
0
0
0
0
0
0
0
0
0
0
0
0
0
0
0
0
0
0
0
0
0
0
0
0
0
0
0
0
0
0
0
0
0
0
0
0
0
0
0
0
0
0
0
0
0
0
0
0
0
0
0
0
0
0
0
0
0
0
0
0
0
0
0
0
0
0
0
0
0
0
0
0
0
0
0
0
0
0
0
0
0
0
0
0
0
0
0
0
0
0
0
0
0
0
0
0
0
0
0
0
0
0
0
0
0
0
0
0
0
0
0
0
0
0
0
0
0
0
0
0
0
0
0
0
0
0
0
0
0
0
0
0
0
0
0
0
0
0
0
0
0
0
0
0
0
0
0
0
0
0
0
0
0
0
0
0
0
0
0
0
0
0
0
0
0
0
0
0
0
0
0
0
0
0
0
TENSORS stress float
-0.000182941 0.000402736 0.00176433
0.000402736 0.00384711 0.0122166
0.00176433 0.0122166 0.130274

-0.00271321 -0.00046611 0.000675467
-0.00046611 0.00143389 0.0117231
0.000675467 0.0117231 0.124492

-0.0192085 0.00109303 0.000480061
0.00109303 -0.0135495 -0.00103448
0.000480061 -0.00103448 0.0874552

-0.00743055 -0.00134226 -0.0557549
-0.00134226 -0.00239675 0.0408329
-0.0557549 0.0408329 -0.228006

-0.000417019 -0.0008325 0.00183067
-0.0008325 0.0068683 0.0110357
0.00183067 0.0110357 0.132059

-0.0827561 0.0130328 -0.0256671
0.0130328 -0.0702177 -0.0224635
-0.0256671 -0.0224635 -0.423434

-0.0299444 -0.00286779 0.00256209
-0.00286779 -0.0371277 -0.00253481
0.00256209 -0.00253481 0.0290988

-0.00985702 -0.00284196 0.00682585
-0.00284196 -0.00865167 -0.00149829
0.00682585 -0.00149829 0.11544

-0.0176111 -0.0153366 -0.0230147
-0.0153366 -0.0934961 0.00797306
-0.0230147 0.00797306 -0.374922

0.0261673 -0.00495724 0.000536232
-0.00495724 0.0214392 0.01053
0.000536232 0.01053 -0.116799

-0.00228275 -0.00357242 -2.95976e-05
-0.00357242 0.00210934 -0.000657962
-2.95976e-05 -0.000657962 0.128249

0.000418648 0.00518594 -0.0561983
0.00518594 0.00043093 0.0307765
-0.0561983 0.0307765 -0.199368

0.000226662 -0.00654661 -0.0193262
-0.00654661 0.00143248 -0.00590315
-0.0193262 -0.00590315 -0.144245

-0.0219907 0.00345776 -0.00560327
0.00345776 -0.0121015 0.00343118
-0.00560327 0.00343118 -0.284509

-0.26633 0.0190095 0.00198888
0.0190095 -0.239531 0.000927815
0.00198888 0.000927815 -0.532658

-0.00632139 0.00791129 -0.0272037
0.00791129 0.00995901 0.0531636
-0.0272037 0.0531636 -0.228946

-0.00736138 0.00188346 -0.00304238
0.00188346 -0.00453922 -0.00149444
-0.00304238 -0.00149444 0.0997945

-0.0284755 0.0110223 -0.00843674
0.0110223 -0.0262002 -0.00041961
-0.00843674 -0.00041961 -0.286092

0.00014648 0.00311729 -0.00310132
0.00311729 0.0026885 -0.00142474
-0.00310132 -0.00142474 0.111646

-0.112367 0.0118593 -0.0250785
0.0118593 -0.129646 -0.022737
-0.0250785 -0.022737 -0.456984

0.0203921 -0.00047268 0.0138729
-0.00047268 0.0164962 0.0265116
0.0138729 0.0265116 -0.142177

-0.00133487 0.00599095 -0.0212672
0.00599095 -0.00396082 0.0467179
-0.0212672 0.0467179 -0.209977

0.0679534 0.00633816 -0.0117874
0.00633816 0.0717441 -0.025548
-0.0117874 -0.025548 -0.063341

-0.000116215 0.000651969 -0.000564721
0.000651969 0.00275538 0.00201926
-0.000564721 0.00201926 0.126701

-0.119537 0.0172706 -0.0188385
0.0172706 -0.172435 -0.00601008
-0.0188385 -0.00601008 -0.483374

-0.104729 0.0208039 -0.0206206
0.0208039 -0.132049 -0.00263886
-0.0206206 -0.00263886 -0.46296

-0.0281869 0.00900353 -0.0277471
0.00900353 -0.0276215 0.0471623
-0.0277471 0.0471623 -0.253089

-0.00676182 -0.00204504 0.00320431
-0.00204504 -0.00293238 0.00556683
0.00320431 0.00556683 0.126447

0.00771578 -0.00651989 -0.00704306
-0.00651989 0.0169672 -0.00370915
-0.00704306 -0.00370915 0.109362

0.00484373 0.00587525 -0.0234266
0.00587525 0.0105606 0.0344092
-0.0234266 0.0344092 -0.206856

-0.919866 -0.000108276 0.064022
-0.000108276 -0.919931 -0.0476943
0.064022 -0.0476943 -0.836187

-0.0071203 -0.00139579 0.00250383
-0.00139579 -0.0118549 0.00274995
0.00250383 0.00274995 0.115994

-0.0793596 -0.00526259 0.0233123
-0.00526259 -0.103989 -0.0068128
0.0233123 -0.0068128 -0.43196

-0.000798063 -0.000208512 0.00553789
-0.000208512 -0.0019976 0.006321
0.00553789 0.006321 0.125971

0.0187842 0.0194668 -0.0167748
0.0194668 -0.0244304 -0.0156172
-0.0167748 -0.0156172 -0.349266

-0.00458474 8.24829e-05 0.00763447
8.24829e-05 -0.00610103 0.00998239
0.00763447 0.00998239 0.11865

-0.0872334 -0.0302809 -0.0154205
-0.0302809 -0.0597024 0.0180622
-0.0154205 0.0180622 -0.352066

0.00262168 -0.00217136 0.00448424
-0.00217136 0.00553169 -0.00983132
0.00448424 -0.00983132 0.115746

-0.00172231 -0.00200377 -0.0042572
-0.00200377 -0.00350999 0.00261077
-0.0042572 0.00261077 0.111286

0.0329437 0.00174941 -0.0175177
0.00174941 0.055414 -0.000960008
-0.0175177 -0.000960008 -0.0642018

-0.0294083 0.00216386 -0.0179362
0.00216386 -0.0123627 0.00405693
-0.0179362 0.00405693 -0.182131

-0.25805 0.0107699 -0.00796082
0.0107699 -0.18539 -0.0154446
-0.00796082 -0.0154446 -0.51575

0.0282909 0.00648888 -0.00991951
0.00648888 0.0221502 0.00331795
-0.00991951 0.00331795 0.0927649

-0.070665 -0.0128168 0.0121432
-0.0128168 -0.0383376 0.0482527
0.0121432 0.0482527 -0.399398

-0.153288 0.0122009 0.024861
0.0122009 -0.142245 0.0293167
0.024861 0.0293167 -0.457962

0.020421 -0.00174867 -0.02159
-0.00174867 0.0388287 -0.0104621
-0.02159 -0.0104621 -0.121015

-0.116352 -0.00279171 -0.0181002
-0.00279171 -0.131672 0.0375015
-0.0181002 0.0375015 -0.312667

-0.0949428 0.0136869 0.0227466
0.0136869 -0.0352461 0.0316295
0.0227466 0.0316295 -0.404636

-0.000470951 0.00604426 -0.0121764
0.00604426 -0.0446058 -0.0204359
-0.0121764 -0.0204359 -0.352094

0.0148561 -0.00434863 -0.00503567
-0.00434863 0.000123418 0.00110882
-0.00503567 0.00110882 0.0981265

0.0249295 -0.0064136 -0.00510622
-0.0064136 0.0311149 -0.00612761
-0.00510622 -0.00612761 0.0938082

-0.0491858 0.00596759 0.00849364
0.00596759 -0.044574 -0.010077
0.00849364 -0.010077 -0.307911

0.0107114 0.00955169 -0.00327538
0.00955169 0.00667435 -0.00812415
-0.00327538 -0.00812415 0.0860107

0.0154692 0.00267806 -0.0103914
0.00267806 0.0224338 -0.000317824
-0.0103914 -0.000317824 0.0547212

0.0277485 -0.00316749 0.00288457
-0.00316749 0.0180702 0.0228109
0.00288457 0.0228109 -0.0493283

-0.206776 -0.0220722 0.0215287
-0.0220722 -0.12263 -0.0107641
0.0215287 -0.0107641 -0.494287

0.0374859 0.00932662 -0.0219582
0.00932662 0.0341248 0.0180115
-0.0219582 0.0180115 -0.130236

0.00768722 -0.00770445 -0.00674836
-0.00770445 0.0182117 0.00729846
-0.00674836 0.00729846 -0.0690134

0.01027 0.00458827 -0.0190779
0.00458827 0.00594919 -0.0630896
-0.0190779 -0.0630896 -0.155993

-0.0070724 -0.000265456 0.00394992
-0.000265456 -0.00257006 0.006198
0.00394992 0.006198 0.126417

-0.00740252 0.000292032 0.00285608
0.000292032 -0.000556034 0.00594796
0.00285608 0.00594796 0.11686

0.0482412 -0.0163762 0.00623118
-0.0163762 0.0256735 -0.00245198
0.00623118 -0.00245198 0.0627728

-0.0377155 0.00462634 0.00294666
0.00462634 -0.0353128 0.00187179
0.00294666 0.00187179 -0.291167

0.00645165 0.00355083 -0.00869292
0.00355083 0.0179792 -0.00167497
-0.00869292 -0.00167497 0.107524

0.0153408 0.00188184 -0.00579724
0.00188184 0.0385484 -0.00252734
-0.00579724 -0.00252734 0.10095

-0.00643944 0.00789568 -0.0086021
0.00789568 0.00176018 -0.0217026
-0.0086021 -0.0217026 -0.236633

0.0160797 0.00491796 -0.0142351
0.00491796 0.0265789 0.00631306
-0.0142351 0.00631306 -0.0325782

0.019275 0.00818838 -0.0125107
0.00818838 0.0220573 0.0106059
-0.0125107 0.0106059 -0.033672

-0.0207526 0.00077386 -0.00150327
0.00077386 -0.0209077 0.00255239
-0.00150327 0.00255239 0.0794251

-0.122657 0.0121972 0.00753827
0.0121972 -0.071152 -0.0437069
0.00753827 -0.0437069 -0.479927

-0.0264646 0.00295622 -0.000218245
0.00295622 -0.0309169 0.00647715
-0.000218245 0.00647715 0.037179

0.00501467 -0.00410418 -0.00318507
-0.00410418 0.0152107 -0.00145947
-0.00318507 -0.00145947 0.134022

-0.0186217 0.00247622 -0.00926995
0.00247622 -0.0219701 -0.0387964
-0.00926995 -0.0387964 -0.226129

0.0184573 -0.00916512 0.00657175
-0.00916512 0.043474 0.00358154
0.00657175 0.00358154 0.0228837

-0.0380359 -0.00108763 0.00270466
-0.00108763 -0.0340994 0.0016204
0.00270466 0.0016204 0.0463914

-0.0568458 0.0162762 0.0107896
0.0162762 -0.0369095 -0.0425158
0.0107896 -0.0425158 -0.454445

-0.00168613 0.00036055 -0.000974126
0.00036055 0.000188838 0.00202227
-0.000974126 0.00202227 0.121111

0.0319929 0.00336513 0.0038151
0.00336513 0.010957 -0.000531564
0.0038151 -0.000531564 0.0148184

0.0108866 0.00924761 0.00352751
0.00924761 -0.00729364 -0.0633575
0.00352751 -0.0633575 -0.188094

-0.0110988 0.000788997 0.0450635
0.000788997 -0.0255278 -0.0248415
0.0450635 -0.0248415 -0.298355

-0.00599489 0.00716105 0.0435534
0.00716105 -4.11942e-05 -0.0258866
0.0435534 -0.0258866 -0.254026

-0.0323384 -0.00221342 0.000569861
-0.00221342 -0.0384729 0.00127985
0.000569861 0.00127985 0.0479864

-0.00204167 -3.51769e-05 -0.000527786
-3.51769e-05 0.00348848 -0.0031718
-0.000527786 -0.0031718 0.12241

-0.00504187 -0.000797174 0.00518691
-0.000797174 -0.00752396 0.00325244
0.00518691 0.00325244 0.104065

-0.0127612 0.00345334 0.0458415
0.00345334 -0.014228 -0.0215988
0.0458415 -0.0215988 -0.266739

-0.00525115 0.000274531 -0.00860899
0.000274531 -0.00874079 0.00813876
-0.00860899 0.00813876 0.0620907

-0.00896848 0.00350273 -0.00845438
0.00350273 -0.00774979 -0.05339
-0.00845438 -0.05339 -0.226672

8.19573e-05 -0.000634246 -0.00467056
-0.000634246 -0.00616564 0.00667132
-0.00467056 0.00667132 0.109987

0.00394943 -0.00244346 -0.00471172
-0.00244346 0.00345947 0.00453656
-0.00471172 0.00453656 0.119419

-0.00270629 -0.00194878 -0.00213717
-0.00194878 -0.0084007 0.0100142
-0.00213717 0.0100142 -0.0757532

0.00405258 0.00451258 0.0106067
0.00451258 0.00185342 0.0118584
0.0106067 0.0118584 -0.222249

0.0385968 0.00341716 -0.00099045
0.00341716 0.0385989 0.0201828
-0.00099045 0.0201828 -0.111703

0.00835304 -0.000793493 -0.00355246
-0.000793493 0.0112825 0.000964519
-0.00355246 0.000964519 0.124497

0.0165647 7.9172e-05 -0.00280321
7.9172e-05 0.00902041 0.00795836
-0.00280321 0.00795836 0.0841478

0.00393906 0.00212476 -0.000190768
0.00212476 -0.00177221 -0.00595419
-0.000190768 -0.00595419 0.12567

0.0113264 0.0047303 -0.00335752
0.0047303 0.019715 0.00727869
-0.00335752 0.00727869 0.0549864

-0.0102298 0.000556012 0.00164138
0.000556012 -0.00354801 -0.00417457
0.00164138 -0.00417457 0.112556

-0.000894525 0.000670212 -0.000802229
0.000670212 -0.00529153 0.00237052
-0.000802229 0.00237052 0.106604

-0.0177754 -0.00348757 -0.00129367
-0.00348757 -0.0152862 0.00984086
-0.00129367 0.00984086 0.0300748

0.0465669 0.00776323 0.000315243
0.00776323 0.0650561 -0.00496741
0.000315243 -0.00496741 0.067534

-0.00265826 0.000955433 0.000997431
0.000955433 0.00391185 -0.00833974
0.000997431 -0.00833974 0.11172

0.00241704 -0.000523609 -0.000231729
-0.000523609 -0.00315908 0.00229768
-0.000231729 0.00229768 0.114258

-0.0235371 -0.00234653 0.039888
-0.00234653 -0.0209202 -0.0321301
0.039888 -0.0321301 -0.28722

-0.002374 0.00279481 -0.00500047
0.00279481 -0.00258987 -0.00283993
-0.00500047 -0.00283993 0.107501

-0.0521721 0.00162728 0.0340073
0.00162728 -0.0699109 -0.0143053
0.0340073 -0.0143053 -0.365775

-0.888944 9.74103e-05 -0.0350182
9.74103e-05 -0.888769 -0.0784571
-0.0350182 -0.0784571 -0.784122

0.00302062 0.000134508 -0.00341669
0.000134508 0.00504526 -0.00356411
-0.00341669 -0.00356411 0.125639

-0.016619 -0.0104592 0.00876046
-0.0104592 -0.00703628 -0.015922
0.00876046 -0.015922 -0.140358

0.0233296 -0.00330875 -0.00350923
-0.00330875 0.0220906 0.000386399
-0.00350923 0.000386399 0.102605

-0.0148157 -0.000587001 0.00343064
-0.000587001 -0.0152748 0.00433056
0.00343064 0.00433056 0.10905

0.0703842 -0.000896324 -0.0138777
-0.000896324 0.043592 -0.00862847
-0.0138777 -0.00862847 0.0908287

0.00792962 0.00357524 0.0126196
0.00357524 -0.000431146 0.00966073
0.0126196 0.00966073 -0.211662

0.0681524 -0.143788 -0.105058
-0.143788 -0.886632 -0.232117
-0.105058 -0.232117 -0.528409

-0.00242187 -0.000878542 0.000426523
-0.000878542 -0.000759469 -0.000739234
0.000426523 -0.000739234 0.127144

-0.0093195 0.000532274 -0.00315891
0.000532274 -0.00646486 -0.00141695
-0.00315891 -0.00141695 0.0920835

-0.00173957 0.00253147 -0.00337414
0.00253147 0.00655068 -0.0105125
-0.00337414 -0.0105125 0.111611

-0.00011036 0.00217925 -0.00505709
0.00217925 -8.88314e-05 -0.0119779
-0.00505709 -0.0119779 0.121528

-0.0152406 0.000808221 -0.00127992
0.000808221 -0.0124117 0.00244002
-0.00127992 0.00244002 0.103257

-0.00760052 0.00122308 -0.012643
0.00122308 -0.000743043 0.00415821
-0.012643 0.00415821 0.0646672

-0.022801 0.00288866 -0.00181081
0.00288866 -0.0170256 0.00532229
-0.00181081 0.00532229 0.0455255

0.000568658 -0.00112092 -0.000602026
-0.00112092 0.00299906 -0.000961569
-0.000602026 -0.000961569 0.133043

0.0533306 -0.0127316 0.0125821
-0.0127316 0.0595637 0.00148553
0.0125821 0.00148553 0.0294312

0.017588 -0.0149449 -0.00573198
-0.0149449 0.0243445 -0.0172651
-0.00573198 -0.0172651 -0.078292

-0.102302 0.00506491 -0.000145722
0.00506491 -0.0723705 -0.0221577
-0.000145722 -0.0221577 -0.419357

-0.00546217 0.000506647 -0.00152809
0.000506647 -0.0088636 0.00295078
-0.00152809 0.00295078 0.0945547

-0.052873 -0.00544731 0.0438918
-0.00544731 -0.0656322 0.0197554
0.0438918 0.0197554 -0.380201

-0.37532 0.167464 -0.156953
0.167464 -0.423757 -0.123241
-0.156953 -0.123241 -0.514042

0.00121644 0.00214301 0.00136116
0.00214301 0.00182116 -0.00850681
0.00136116 -0.00850681 0.124953

0.00149284 0.0014446 0.0016284
0.0014446 0.0070071 -7.40891e-05
0.0016284 -7.40891e-05 0.138608

-0.00965031 0.00221923 0.0183687
0.00221923 0.00204941 -0.0454889
0.0183687 -0.0454889 -0.245583

-0.00686304 0.0015007 -0.000752839
0.0015007 -0.00157511 -0.00298886
-0.000752839 -0.00298886 0.13394

-0.0799849 -0.00649264 5.82029e-05
-0.00649264 -0.0488418 -0.0166
5.82029e-05 -0.0166 -0.405428

-0.00885408 -0.000148049 0.00382889
-0.000148049 -0.000743602 -0.00176606
0.00382889 -0.00176606 0.127408

0.00856875 0.0282787 0.0502878
0.0282787 -0.0359142 0.00115036
0.0502878 0.00115036 -0.347362

0.00725417 -0.000732757 0.00040391
-0.000732757 0.00313883 0.00363178
0.00040391 0.00363178 0.127217

-0.00825009 0.0013469 -0.00169092
0.0013469 -0.0092684 0.00385508
-0.00169092 0.00385508 0.117119

-0.0609261 0.00391433 0.0445723
0.00391433 -0.0477172 0.0248813
0.0445723 0.0248813 -0.374416

-0.0304643 0.00319363 0.00486247
0.00319363 -0.0236319 0.0052432
0.00486247 0.0052432 0.0354358

-0.000109978 -0.00309966 -0.0015073
-0.00309966 -0.0102408 0.00843295
-0.0015073 0.00843295 -0.0761857

0.00395745 -0.00139989 0.0116507
-0.00139989 0.00994912 0.0104561
0.0116507 0.0104561 -0.0217926

-0.000154833 -0.00421887 -0.0116807
-0.00421887 0.00852297 -0.0153454
-0.0116807 -0.0153454 -0.130214

0.0059958 0.00123526 -0.0015106
0.00123526 0.0108785 -0.00140624
-0.0015106 -0.00140624 0.136984

-0.00117356 0.00399772 0.00139398
0.00399772 -0.00344101 -0.00585372
0.00139398 -0.00585372 0.128863

0.0326656 -0.00661554 -0.0195827
-0.00661554 0.0207883 -0.0125198
-0.0195827 -0.0125198 -0.0708842

-0.0130708 -0.00714355 -0.0178727
-0.00714355 -0.0202747 0.00102616
-0.0178727 0.00102616 -0.152314

-0.00106484 -0.000665711 -0.027154
-0.000665711 0.00269894 -0.0243599
-0.027154 -0.0243599 -0.181382

0.00268562 -0.00118132 0.0129986
-0.00118132 -0.00422271 -0.0023548
0.0129986 -0.0023548 0.125315

0.0215407 -0.0079726 0.0119417
-0.0079726 0.022736 0.012565
0.0119417 0.012565 -0.058116

0.0359969 0.0103657 0.000300236
0.0103657 0.0453527 -0.0177688
0.000300236 -0.0177688 -0.0599625

-0.0222834 -0.00183607 -0.00146006
-0.00183607 -0.0343049 0.00144508
-0.00146006 0.00144508 0.0491836

-0.0548215 -0.0031265 0.00834425
-0.0031265 -0.0314622 0.0357027
0.00834425 0.0357027 -0.352996

0.0337798 -0.00848297 0.0114689
-0.00848297 0.0448932 0.00699442
0.0114689 0.00699442 -0.0468448

0.0163691 -0.00180083 -0.00197409
-0.00180083 0.0136773 -0.00433611
-0.00197409 -0.00433611 0.134299

-0.074884 0.00135026 -0.00284428
0.00135026 -0.0717115 -0.00122461
-0.00284428 -0.00122461 -0.379353

-0.010656 -0.00211138 -0.0081169
-0.00211138 -0.00388016 -0.00403954
-0.0081169 -0.00403954 0.0799315

-0.0124948 -0.00217359 -0.00299203
-0.00217359 -0.00437201 -0.00330638
-0.00299203 -0.00330638 0.0803998

-0.082693 0.0109365 -0.0040843
0.0109365 -0.0631675 -0.0105926
-0.0040843 -0.0105926 -0.337654

-0.0623137 0.000857119 0.0358453
0.000857119 -0.0759981 -0.0121535
0.0358453 -0.0121535 -0.385733

0.00276013 0.00463558 0.0128457
0.00463558 0.00571316 -0.00560736
0.0128457 -0.00560736 -0.216222

-0.000985617 -0.00381212 -0.00217473
-0.00381212 -0.000354614 0.00723828
-0.00217473 0.00723828 0.0507059

-0.0276594 0.00311964 -0.00246118
0.00311964 -0.0223177 0.00194325
-0.00246118 0.00194325 0.0373043

-0.0196956 -0.00476397 -0.00362318
-0.00476397 -0.0225879 -0.000148519
-0.00362318 -0.000148519 0.0445157

-0.00571478 -0.00453457 -0.0376952
-0.00453457 0.00463721 -0.0181326
-0.0376952 -0.0181326 -0.228901

0.021833 -0.00986077 0.00732204
-0.00986077 0.0305664 0.00646245
0.00732204 0.00646245 -0.0745792

0.00513765 -0.00690963 0.00665165
-0.00690963 0.00527386 0.00855989
0.00665165 0.00855989 -0.0909774

0.0122352 0.000363554 -0.0103012
0.000363554 0.0257576 0.0048653
-0.0103012 0.0048653 0.0180957

-0.00860996 -0.00227607 0.0024254
-0.00227607 -0.00340101 0.00195007
0.0024254 0.00195007 0.127178

0.0433716 -0.0012755 -0.000185778
-0.0012755 0.0322326 -0.00386016
-0.000185778 -0.00386016 0.122856

-0.0113327 0.0026854 0.0480432
0.0026854 -0.014548 -0.0307246
0.0480432 -0.0307246 -0.292936

-0.00322951 -0.00325937 0.0246066
-0.00325937 -0.00889173 0.0439932
0.0246066 0.0439932 -0.22686

0.0489243 0.00831564 0.00692693
0.00831564 0.043628 -0.0106662
0.00692693 -0.0106662 0.0754574

-0.00534617 -0.00193152 0.0031849
-0.00193152 -0.00113064 0.002337
0.0031849 0.002337 0.131452

-0.0228493 0.000269499 -0.00272617
0.000269499 -0.0206198 -0.00327015
-0.00272617 -0.00327015 0.0706566

0.00162797 -0.00189435 0.0118382
-0.00189435 -0.00173006 -0.000918111
0.0118382 -0.000918111 0.131176

-0.0349788 -0.00409638 0.0247537
-0.00409638 -0.0384271 0.0233577
0.0247537 0.0233577 -0.282785

0.000647753 0.00142564 -0.00720972
0.00142564 0.00653451 0.00602675
-0.00720972 0.00602675 0.0409741

-0.0237131 0.004154 0.00140832
0.004154 -0.0251428 0.00887358
0.00140832 0.00887358 0.0378164

0.00108478 -0.00274751 0.00569461
-0.00274751 0.000960105 -0.00951467
0.00569461 -0.00951467 0.102034

-0.0129544 0.000561402 0.00174643
0.000561402 0.000639769 -0.00947067
0.00174643 -0.00947067 -0.0241246

0.0234493 0.00520224 0.0149594
0.00520224 0.0256159 -0.00312341
0.0149594 -0.00312341 0.00139861

-0.0198469 0.000451174 0.00250517
0.000451174 -0.0269952 0.00123952
0.00250517 0.00123952 0.0416337

0.0216045 0.0150648 0.0525664
0.0150648 -0.0245729 -0.00296071
0.0525664 -0.00296071 -0.336669

0.0222117 0.00157099 0.0291316
0.00157099 0.0359488 0.00771408
0.0291316 0.00771408 -0.112911

-0.165899 0.00878291 -0.027069
0.00878291 -0.166534 -0.00259356
-0.027069 -0.00259356 -0.417346

0.0169034 0.00865747 -0.00503958
0.00865747 0.0174454 -0.00474448
-0.00503958 -0.00474448 0.0931272

-0.00164097 -0.00356087 0.00483571
-0.00356087 -0.0066829 0.00142005
0.00483571 0.00142005 0.101834

0.0124658 0.0062023 -0.00121147
0.0062023 0.0273352 0.00289464
-0.00121147 0.00289464 0.0536604

-0.0294803 -0.00424652 0.0105699
-0.00424652 -0.0271686 0.023359
0.0105699 0.023359 -0.258198

0.0124396 -0.00247373 -0.00252681
-0.00247373 -0.00286068 0.0246517
-0.00252681 0.0246517 0.0297876

0.00898514 -0.0120658 0.0156776
-0.0120658 0.0446849 -0.000775928
0.0156776 -0.000775928 -0.0313176

0.0476489 -0.000837052 0.0230635
-0.000837052 0.0607322 0.00425477
0.0230635 0.00425477 -0.00632206

-0.00237278 -0.000708458 -0.00445046
-0.000708458 -0.00349907 0.00137661
-0.00445046 0.00137661 0.101054

-0.00146542 -0.00367788 0.0127127
-0.00367788 -0.001559 0.0434119
0.0127127 0.0434119 -0.208972

-0.332778 0.0356341 -0.0137311
0.0356341 -0.561402 -0.067643
-0.0137311 -0.067643 -0.460999

-0.0240858 -0.000437189 -0.0027144
-0.000437189 -0.0242392 0.000657053
-0.0027144 0.000657053 0.0456151

0.0431316 -0.0050512 0.0189978
-0.0050512 0.0545735 0.00830033
0.0189978 0.00830033 -0.0309527

0.0437855 0.00181809 -0.00656663
0.00181809 0.0588592 0.00435335
-0.00656663 0.00435335 0.0794684

-0.0198831 5.79384e-05 -0.00313458
5.79384e-05 -0.0251646 0.00134319
-0.00313458 0.00134319 0.0465641

-0.0221611 0.000407539 -0.00647699
0.000407539 -0.0226177 -0.00829877
-0.00647699 -0.00829877 0.0705175

0.00631433 -0.0117521 0.0165903
-0.0117521 0.0473875 0.0144018
0.0165903 0.0144018 -0.0411532

0.0135037 -0.000879366 -0.0106755
-0.000879366 0.0291462 0.00263343
-0.0106755 0.00263343 0.019884

-0.00418257 -0.00268856 0.00440888
-0.00268856 -0.0040671 -0.0100032
0.00440888 -0.0100032 0.0934266

-0.0202638 -0.00180086 0.020378
-0.00180086 0.000281889 -0.0107585
0.020378 -0.0107585 -0.194726

-0.0154343 0.00176653 0.000614733
0.00176653 -0.0350468 0.00073852
0.000614733 0.00073852 0.0301437

-0.00469801 0.00232076 -0.00133528
0.00232076 -0.00963545 -0.00170206
-0.00133528 -0.00170206 0.10106

-0.0313153 -0.00844432 0.0356989
-0.00844432 -0.0372891 -0.0318502
0.0356989 -0.0318502 -0.31731

-0.0943537 -0.00286051 0.0275378
-0.00286051 -0.0910878 -0.0178603
0.0275378 -0.0178603 -0.397663

-0.0149496 -0.00187198 -0.00552783
-0.00187198 -0.0058371 0.00316147
-0.00552783 0.00316147 0.0779373

-0.0173906 -0.00476759 -0.00384126
-0.00476759 -0.0275522 -0.00196651
-0.00384126 -0.00196651 0.0422897

0.0304794 -0.00773188 0.0154241
-0.00773188 0.0645593 -0.00626819
0.0154241 -0.00626819 0.0569815

-0.00825345 0.00590729 -0.00437778
0.00590729 0.0110125 -0.0075175
-0.00437778 -0.0075175 -0.0112915

-0.202576 -0.031614 0.0234347
-0.031614 -0.125712 -0.00895958
0.0234347 -0.00895958 -0.494755

0.00194258 -0.000859252 -0.00534143
-0.000859252 0.00119009 0.00900866
-0.00534143 0.00900866 0.0234648

0.000959792 -0.00848404 0.0111151
-0.00848404 0.014277 -0.000686912
0.0111151 -0.000686912 -0.0403821

-0.00801843 -0.00329214 0.00355165
-0.00329214 -0.0126164 0.00149601
0.00355165 0.00149601 0.091242

-0.0182468 -0.000310243 -0.00471039
-0.000310243 -0.0140622 0.00302852
-0.00471039 0.00302852 0.0995854

-0.00608031 -0.00165386 -0.00217338
-0.00165386 -0.00611092 0.00183855
-0.00217338 0.00183855 0.108702

0.00280883 -0.00477719 -0.000929645
-0.00477719 0.00739006 0.000844245
-0.000929645 0.000844245 0.0905521

-0.0618122 -0.00531866 0.0306438
-0.00531866 -0.0408308 -0.0523448
0.0306438 -0.0523448 -0.35461

-0.00394781 0.000471584 -0.00780338
0.000471584 0.00820305 -0.000534912
-0.00780338 -0.000534912 0.101953

-0.00344505 -0.00326789 -0.00592853
-0.00326789 -0.00225947 0.00869067
-0.00592853 0.00869067 0.114052

0.0308344 -0.000349262 -0.016788
-0.000349262 0.0423195 0.0330584
-0.016788 0.0330584 -0.0502397

0.00852219 0.00182742 -0.0125779
0.00182742 0.0261233 -0.00123232
-0.0125779 -0.00123232 0.0261065

-0.00316971 -0.00195203 -0.00543119
-0.00195203 0.00558384 0.00379398
-0.00543119 0.00379398 0.0982054

0.0341359 -0.00777887 0.00609624
-0.00777887 0.0148393 0.00598663
0.00609624 0.00598663 -0.048597

-0.00578683 -0.00311699 -0.00618783
-0.00311699 -0.00657209 0.000673324
-0.00618783 0.000673324 0.124869

-0.00345191 0.00224544 0.00293933
0.00224544 -0.0110967 -0.00344262
0.00293933 -0.00344262 -0.248232

-0.0232644 -0.00272158 0.00299425
-0.00272158 -0.01487 0.00351318
0.00299425 0.00351318 0.0755481

0.00138579 -0.00237777 -0.00330323
-0.00237777 0.0028205 0.00827393
-0.00330323 0.00827393 0.124832

-0.105883 -0.00178366 0.022878
-0.00178366 -0.0687087 0.0328184
0.022878 0.0328184 -0.425455

0.0230428 -0.00263398 -0.0178068
-0.00263398 0.0398086 -0.00707604
-0.0178068 -0.00707604 -0.0736334

0.0204077 -0.0114569 0.0019319
-0.0114569 0.0278055 0.0139156
0.0019319 0.0139156 -0.0720801

0.00643182 -0.00593297 0.00509704
-0.00593297 -0.00988642 -0.0100027
0.00509704 -0.0100027 0.0328282

0.00528017 -0.000442881 -0.000759037
-0.000442881 0.00483919 -0.00223936
-0.000759037 -0.00223936 0.120879

0.0039121 -0.0039818 -0.000392153
-0.0039818 0.0024626 -0.000427059
-0.000392153 -0.000427059 0.130734

0.0215399 0.00514874 -0.00919228
0.00514874 0.0315928 -0.0196689
-0.00919228 -0.0196689 -0.164381

0.0606093 -0.00559132 0.00829751
-0.00559132 0.0465551 -0.00923037
0.00829751 -0.00923037 0.00996769

0.0052426 -0.00663914 0.0120182
-0.00663914 0.0189809 0.00525639
0.0120182 0.00525639 -0.0351255

-0.00752487 -0.000484561 -0.000116491
-0.000484561 -0.00376565 -0.00158335
-0.000116491 -0.00158335 0.133735

-0.00624605 -0.000424007 0.00115358
-0.000424007 -0.00452097 -0.00271196
0.00115358 -0.00271196 0.134541

-0.0140294 -0.00073595 -0.00461566
-0.00073595 -0.0075331 0.00146705
-0.00461566 0.00146705 0.0838365

0.0353298 -0.000495103 -0.00680418
-0.000495103 0.0281108 -0.00423733
-0.00680418 -0.00423733 0.147731

-0.0167104 0.00101047 -0.00295178
0.00101047 -0.0263273 -0.00221735
-0.00295178 -0.00221735 0.0247898

0.0268617 -0.00150765 0.0135344
-0.00150765 0.0490467 0.00263032
0.0135344 0.00263032 -0.0165773

-0.0346592 -0.00196658 -0.000385088
-0.00196658 -0.0499022 -0.00211881
-0.000385088 -0.00211881 -0.00496091

0.0134315 -0.00223639 0.0130446
-0.00223639 0.0284196 -0.00130214
0.0130446 -0.00130214 0.0491009

-0.0313249 -0.00148239 0.00362004
-0.00148239 -0.0335273 0.000412361
0.00362004 0.000412361 0.0610393

-0.00185037 -7.647e-05 -0.00126497
-7.647e-05 -0.00850024 0.00218352
-0.00126497 0.00218352 0.10524

-0.00811473 0.000311241 0.0039636
0.000311241 -0.00415352 0.00570426
0.0039636 0.00570426 0.13013

0.0291258 0.00287976 -0.00109645
0.00287976 0.0422961 0.00664899
-0.00109645 0.00664899 0.147634

0.0211466 -0.00154955 0.0121003
-0.00154955 0.0442034 0.00262673
0.0121003 0.00262673 -0.0244683

-0.0200734 -0.000823229 -0.00175875
-0.000823229 -0.0370043 -0.00121741
-0.00175875 -0.00121741 0.0196739

-0.00667129 0.00355365 -0.00186486
0.00355365 -0.00382418 0.00624963
-0.00186486 0.00624963 0.122269

-0.0320236 -0.00382255 -0.00871936
-0.00382255 -0.0180215 0.00110643
-0.00871936 0.00110643 0.00725884

0.05584 -0.00791163 -0.000583555
-0.00791163 0.034784 -0.0134787
-0.000583555 -0.0134787 0.00625008

0.00522402 0.00327725 0.00777544
0.00327725 0.00630686 0.00718573
0.00777544 0.00718573 -0.214535

0.00445268 0.0047655 0.0132753
0.0047655 0.0195094 0.00296434
0.0132753 0.00296434 -0.0361506

0.00842375 0.0019714 -0.0113855
0.0019714 0.0267641 0.00307969
-0.0113855 0.00307969 0.0251318

-0.855337 7.46848e-05 0.056645
7.46848e-05 -0.855401 0.0371922
0.056645 0.0371922 -0.727864

-0.0303558 0.00455824 0.00600064
0.00455824 -0.0317582 0.00354054
0.00600064 0.00354054 -0.280596

0.0502682 0.00199737 0.00384384
0.00199737 0.0264226 -0.0146585
0.00384384 -0.0146585 0.000381215

0.00286395 0.00400862 0.0131884
0.00400862 0.0175426 0.00192031
0.0131884 0.00192031 -0.0410028

0.00765581 -0.001784 -0.00936045
-0.001784 0.0144922 -0.000873835
-0.00936045 -0.000873835 0.106906

-0.0153549 -0.00216285 0.00097575
-0.00216285 -0.0076297 0.00339308
0.00097575 0.00339308 0.108109

-0.0482899 -0.00293685 0.035533
-0.00293685 -0.0807382 -0.0312163
0.035533 -0.0312163 -0.316127

0.00161732 0.00221717 0.00613022
0.00221717 0.00396044 0.0015297
0.00613022 0.0015297 0.0576592

-0.855337 7.46848e-05 0.056645
7.46848e-05 -0.855401 0.0371922
0.056645 0.0371922 -0.727864

-0.0020948 -0.00162574 -0.0145088
-0.00162574 0.0149989 -0.0114526
-0.0145088 -0.0114526 -0.113788

0.0685364 -0.0019776 0.00085746
-0.0019776 0.036773 -0.00354079
0.00085746 -0.00354079 0.0387981

0.0127891 -0.00387564 0.0051747
-0.00387564 0.0128478 0.00109582
0.0051747 0.00109582 0.0256114

-0.0161053 0.00283157 -0.0230248
0.00283157 -8.26505e-05 0.0130779
-0.0230248 0.0130779 -0.171374

-0.00770852 -0.00125715 0.00881043
-0.00125715 -0.000616467 7.46613e-06
0.00881043 7.46613e-06 0.0130047

0.0289131 -0.00412696 0.000785085
-0.00412696 0.0426796 -0.00169574
0.000785085 -0.00169574 0.1089

0.0379142 -0.00214593 0.000333038
-0.00214593 0.0239499 -0.00905003
0.000333038 -0.00905003 0.115377

0.0438604 0.00673531 -0.00106722
0.00673531 0.0459842 -0.0157624
-0.00106722 -0.0157624 -0.146077

0.0133628 -0.00788028 -0.00677764
-0.00788028 -0.0114962 -0.00897667
-0.00677764 -0.00897667 0.0851905

-0.0214466 0.00240356 -0.000286888
0.00240356 -0.0288348 -0.0020902
-0.000286888 -0.0020902 0.00793141

0.0127242 0.00986703 -0.000178578
0.00986703 0.00671209 -0.0010726
-0.000178578 -0.0010726 0.101721

0.00599348 -0.00213929 -0.00472399
-0.00213929 0.0333555 -0.00681506
-0.00472399 -0.00681506 0.00254111

0.0100297 -0.00153829 -0.00960625
-0.00153829 0.003602 -0.00132781
-0.00960625 -0.00132781 0.103685

-0.227451 -0.0226042 -0.0420555
-0.0226042 -0.318546 0.0236507
-0.0420555 0.0236507 -0.505796

0.00397798 0.000941191 -0.0092004
0.000941191 0.00720788 -0.00362166
-0.0092004 -0.00362166 0.101677

-0.737015 -0.0807535 -0.24613
-0.0807535 -0.542909 -0.0633619
-0.24613 -0.0633619 -0.636353

-0.316455 0.0114467 -0.066144
0.0114467 -0.363902 -0.00279443
-0.066144 -0.00279443 -0.591101

-0.144954 -0.0347794 -0.045364
-0.0347794 -0.154588 -0.0262572
-0.045364 -0.0262572 -0.444834

-0.520488 -0.111408 -0.250884
-0.111408 -0.483172 -0.095379
-0.250884 -0.095379 -0.534265

-0.91426 -0.000104134 -0.315411
-0.000104134 -0.917785 0.00931082
-0.315411 0.00931082 -0.831756

-0.998702 0.00103478 -0.185479
0.00103478 -0.999045 -0.157281
-0.185479 -0.157281 -0.969848

-0.931387 0.000867094 -0.249559
0.000867094 -0.933255 -0.0979794
-0.249559 -0.0979794 -0.858485

-0.0367707 0.00153868 -0.014046
0.00153868 -0.0108527 -0.0133053
-0.014046 -0.0133053 -0.397818

0.0450332 0.0443887 -0.042978
0.0443887 0.000833832 -0.00374729
-0.042978 -0.00374729 -0.367233

0.0181137 0.000550054 -0.00216886
0.000550054 0.0258378 -4.23353e-05
-0.00216886 -4.23353e-05 0.136545

-0.855337 7.46848e-05 0.056645
7.46848e-05 -0.855401 0.0371922
0.056645 0.0371922 -0.727864

-0.324089 -0.0441139 0.0838887
-0.0441139 -0.548099 0.0186973
0.0838887 0.0186973 -0.433608

-0.121691 0.00610085 -0.0527073
0.00610085 -0.131982 -0.00180353
-0.0527073 -0.00180353 -0.27244

-0.010414 -0.0237056 -0.0408347
-0.0237056 0.00952985 -0.021926
-0.0408347 -0.021926 -0.181147

-0.91426 -0.000104134 -0.315411
-0.000104134 -0.917785 0.00931082
-0.315411 0.00931082 -0.831756

-0.499877 0.105076 -0.243766
0.105076 -0.468626 0.114583
-0.243766 0.114583 -0.483942

-0.102696 0.0370533 -0.0656175
0.0370533 -0.155874 0.0565218
-0.0656175 0.0565218 -0.48412

-0.313324 -0.00843076 -0.104977
-0.00843076 -0.326735 0.0221129
-0.104977 0.0221129 -0.633598

-0.580047 0.0609046 -0.241215
0.0609046 -0.319509 0.0279845
-0.241215 0.0279845 -0.453562

-1.05268 -0.00135596 -0.197852
-0.00135596 -1.05275 0.193166
-0.197852 0.193166 -1.06054

-0.891588 -0.000973999 -0.251473
-0.000973999 -0.893407 0.10924
-0.251473 0.10924 -0.791739

-1.05268 -0.00135596 -0.197852
-0.00135596 -1.05275 0.193166
-0.197852 0.193166 -1.06054

-0.00379255 0.00106707 -0.000930333
0.00106707 -0.00240378 0.00239036
-0.000930333 0.00239036 0.124489

-0.00519823 -0.000101143 -0.00268062
-0.000101143 -0.00284694 0.00607352
-0.00268062 0.00607352 0.116941

-0.107251 -0.062 -0.0653029
-0.062 -0.0669465 0.0871762
-0.0653029 0.0871762 -0.452144

-0.114 -0.0414269 -0.061976
-0.0414269 0.0570225 0.089013
-0.061976 0.089013 -0.407976

-0.101877 -0.00556647 -0.0180951
-0.00556647 -0.118906 -0.0134793
-0.0180951 -0.0134793 -0.264274

-0.0419399 0.0175585 -0.00783294
0.0175585 -0.0172021 -0.00510831
-0.00783294 -0.00510831 -0.204397

-0.00909086 0.00623402 -0.0118051
0.00623402 -0.0365529 0.0270512
-0.0118051 0.0270512 -0.303458

-0.0428387 -0.0296124 0.0241123
-0.0296124 -0.0228815 0.0148111
0.0241123 0.0148111 -0.302244

-0.0358065 -0.0141521 0.0294859
-0.0141521 -0.0708643 0.00764419
0.0294859 0.00764419 -0.35707

-0.0187331 -0.0153765 0.0217179
-0.0153765 -0.0691353 0.0129553
0.0217179 0.0129553 -0.364143

-0.112755 -0.00362192 0.0542008
-0.00362192 -0.168255 -0.056683
0.0542008 -0.056683 -0.270124

0.0107656 0.00781924 0.0421909
0.00781924 -0.0342403 -0.0171403
0.0421909 -0.0171403 -0.320049

-0.00411361 -0.000914118 0.00413028
-0.000914118 -0.00180908 0.00287351
0.00413028 0.00287351 0.135844

0.0517428 -0.00819163 0.0539413
-0.00819163 -0.0116055 -0.0139511
0.0539413 -0.0139511 -0.318972

-0.0168884 -0.00247005 -0.00527594
-0.00247005 -0.0142761 0.0027905
-0.00527594 0.0027905 0.102478

-0.0145128 -0.00283701 0.0331079
-0.00283701 -0.0305482 -0.0398181
0.0331079 -0.0398181 -0.300317

-0.00715071 -0.00457342 0.0224367
-0.00457342 -0.0330886 -0.0461704
0.0224367 -0.0461704 -0.299923

-0.0270805 0.00497271 -0.0126475
0.00497271 -0.0311217 0.0228203
-0.0126475 0.0228203 -0.0163236

-0.00317456 -0.00590813 0.0227956
-0.00590813 -0.00431795 0.042254
0.0227956 0.042254 -0.290774

0.0476904 0.00525871 -0.000398077
0.00525871 0.0444837 0.00585657
-0.000398077 0.00585657 -0.133999

-0.0450198 -0.0126827 0.023271
-0.0126827 -0.0269808 0.0304525
0.023271 0.0304525 -0.308341

-0.0637496 -0.00693228 -0.0061141
-0.00693228 -0.0299125 0.0643016
-0.0061141 0.0643016 -0.309091

-0.018815 -0.0184074 0.0323294
-0.0184074 -0.0261576 0.0497952
0.0323294 0.0497952 -0.251086

-0.0193747 -0.0059592 0.0277027
-0.0059592 -0.0209488 0.0406334
0.0277027 0.0406334 -0.234887

-0.00311793 -0.00430616 -0.0330348
-0.00430616 0.00937061 0.0218643
-0.0330348 0.0218643 -0.179124

-0.00403089 0.00111239 0.0025661
0.00111239 -0.000276822 -0.00569222
0.0025661 -0.00569222 0.109869

-0.567351 0.13333 0.103011
0.13333 -0.247912 -0.0318182
0.103011 -0.0318182 -0.466432

-0.01758 -0.00206854 0.0142953
-0.00206854 0.0150481 -0.0364412
0.0142953 -0.0364412 -0.274668

0.0160596 0.0059974 0.0281965
0.0059974 -0.00750405 -0.0185011
0.0281965 -0.0185011 -0.282579

0.00850542 -2.34992e-05 -0.00342854
-2.34992e-05 0.00740302 -0.00230017
-0.00342854 -0.00230017 0.118959

0.0591476 -0.0109108 0.00262015
-0.0109108 0.0234278 -0.00986647
0.00262015 -0.00986647 0.0281005

-0.0024103 0.00293871 -0.0048827
0.00293871 -0.00386963 -0.00484526
-0.0048827 -0.00484526 0.108722

0.00808098 -0.0105916 0.0278529
-0.0105916 0.0187606 0.0328086
0.0278529 0.0328086 -0.169324

-0.0143815 -0.00553432 0.0272638
-0.00553432 -0.0141743 0.0442836
0.0272638 0.0442836 -0.227445

0.0158827 -0.00559454 -0.0446658
-0.00559454 0.0177204 0.0169158
-0.0446658 0.0169158 -0.16422

-0.00565401 0.0011915 -0.00347752
0.0011915 -0.00863921 -0.000924425
-0.00347752 -0.000924425 0.0997779

-0.00627386 0.00238933 -0.00543553
0.00238933 0.00992815 0.00258579
-0.00543553 0.00258579 -0.00319579

-0.000851998 0.00041068 -0.000506434
0.00041068 0.00126704 -0.00105349
-0.000506434 -0.00105349 0.108199

-0.0159675 0.00520308 0.0323527
0.00520308 -8.95283e-06 -0.0218887
0.0323527 -0.0218887 -0.173695

0.00262273 0.00628127 0.0246601
0.00628127 0.0199399 -0.0138009
0.0246601 -0.0138009 -0.137226

-0.0166184 0.00597194 0.0238441
0.00597194 -0.00838632 -0.0350917
0.0238441 -0.0350917 -0.178211

-0.0132427 -0.00378302 -0.0064983
-0.00378302 0.000253067 0.00240849
-0.0064983 0.00240849 0.0640649

-0.216787 -0.00955043 -0.0470881
-0.00955043 -0.176912 -0.0193258
-0.0470881 -0.0193258 -0.467036

0.0101363 -0.000694288 0.0179134
-0.000694288 0.0434788 0.0137314
0.0179134 0.0137314 -0.116197

-0.00207868 0.00274814 -0.000977295
0.00274814 -0.0011648 -0.00332498
-0.000977295 -0.00332498 0.110435

-0.00551042 -0.011517 0.000346427
-0.011517 0.00209494 0.0138122
0.000346427 0.0138122 -0.115538

-0.0107653 -0.00789329 0.00910936
-0.00789329 -0.00375508 0.0109428
0.00910936 0.0109428 -0.117278

-0.0148007 0.00101802 0.0212905
0.00101802 -0.0246506 0.0287882
0.0212905 0.0287882 -0.183634

-0.0087597 -0.00411004 0.00717228
-0.00411004 -0.0134882 0.0353133
0.00717228 0.0353133 -0.177411

0.0356543 -0.00406346 0.00863063
-0.00406346 0.0202952 0.0170549
0.00863063 0.0170549 -0.0642677

0.0184328 -0.00139062 0.00886027
-0.00139062 0.0166013 0.0142741
0.00886027 0.0142741 -0.108379

0.00352812 0.00443914 -0.0094287
0.00443914 0.00637033 -0.0560187
-0.0094287 -0.0560187 -0.202491

0.0102841 -0.00173699 -0.0133283
-0.00173699 0.0334183 -0.0106503
-0.0133283 -0.0106503 -0.12553

0.00206301 0.0071567 0.0159844
0.0071567 0.0107047 -0.0272812
0.0159844 -0.0272812 -0.142052

0.00462917 0.00770812 0.0139215
0.00770812 0.000400433 -0.0165764
0.0139215 -0.0165764 -0.113366

0.0522703 0.00591508 0.00170598
0.00591508 0.00992143 -0.0102762
0.00170598 -0.0102762 0.0205102

-0.00216898 -6.90377e-05 -0.00174596
-6.90377e-05 0.00062385 -0.00091638
-0.00174596 -0.00091638 0.107263

0.0163222 0.0103915 0.0149416
0.0103915 0.00916856 -0.0154966
0.0149416 -0.0154966 -0.105671

-0.0105328 -0.000446969 -0.00571207
-0.000446969 -0.00565385 0.00434071
-0.00571207 0.00434071 0.0913796

0.03472 -0.00360316 0.00258429
-0.00360316 0.0200554 0.00698988
0.00258429 0.00698988 0.0274229

0.0343562 -0.0090674 -0.00662504
-0.0090674 0.0481417 0.0263791
-0.00662504 0.0263791 -0.110397

0.00492361 -0.0031785 0.00554063
-0.0031785 0.0226555 0.0111528
0.00554063 0.0111528 -0.0677921

0.0119318 -0.00776327 0.0104047
-0.00776327 0.039768 0.00264905
0.0104047 0.00264905 -0.07188

-0.0179116 -0.0104041 0.008278
-0.0104041 -0.0251114 0.0538686
0.008278 0.0538686 -0.254744

-0.0296286 -0.00125994 0.00560518
-0.00125994 -0.0308049 0.065226
0.00560518 0.065226 -0.294048

-0.0288667 0.000250494 0.00936764
0.000250494 -0.0316632 0.0501665
0.00936764 0.0501665 -0.288971

-0.00070586 0.00697923 0.00337222
0.00697923 0.0206225 -0.00641239
0.00337222 -0.00641239 -0.0707786

-0.20228 -0.0102715 -0.00268936
-0.0102715 -0.222283 0.0120734
-0.00268936 0.0120734 -0.449002

0.0332296 0.0094056 0.00998748
0.0094056 0.0263247 -0.00680871
0.00998748 -0.00680871 -0.0802172

0.0216102 0.00680703 0.00907242
0.00680703 0.0182456 -0.00777763
0.00907242 -0.00777763 -0.0876268

0.0201223 -0.00796525 0.0105943
-0.00796525 0.0442964 0.00985877
0.0105943 0.00985877 -0.0183604

0.0252103 -0.0126921 0.0132313
-0.0126921 0.0381707 0.00397746
0.0132313 0.00397746 -0.0188525

-0.00612055 0.00243011 -0.00159921
0.00243011 -0.00534196 -0.00428863
-0.00159921 -0.00428863 0.104343

0.0639022 -0.000902639 -0.00432788
-0.000902639 0.0474351 -0.00782484
-0.00432788 -0.00782484 0.0138353

-0.0269822 -0.00640412 0.0116749
-0.00640412 -0.0276284 0.0479561
0.0116749 0.0479561 -0.261457

0.0196575 -0.00668683 0.00273902
-0.00668683 0.00103745 0.00920661
0.00273902 0.00920661 -0.0587683

-0.0341233 0.00773232 -0.0278983
0.00773232 -0.0575416 0.00600681
-0.0278983 0.00600681 -0.348866

-0.062157 0.0100722 -0.0363817
0.0100722 -0.0866989 0.0104683
-0.0363817 0.0104683 -0.395066

0.0068678 0.00741102 0.01023
0.00741102 0.0331513 -0.00546541
0.01023 -0.00546541 -0.0450113

0.0141186 0.00862511 0.00950218
0.00862511 0.038121 -0.00591504
0.00950218 -0.00591504 -0.0406501

0.00368517 0.00568169 0.00928568
0.00568169 0.0105233 -0.0104128
0.00928568 -0.0104128 -0.0312821

0.0237407 2.91996e-05 0.0104903
2.91996e-05 0.0200094 -0.0156042
0.0104903 -0.0156042 -0.0786541

0.0187949 0.0116454 0.00596028
0.0116454 0.0306036 -0.0124762
0.00596028 -0.0124762 -0.0183719

0.0502009 0.00968994 0.010407
0.00968994 0.0645916 -0.0227713
0.010407 -0.0227713 0.0285256

0.0497042 -0.00183804 0.019719
-0.00183804 0.0382626 -0.0146432
0.019719 -0.0146432 -0.0433631

0.0123413 -0.00202707 0.000633783
-0.00202707 0.00731101 0.00235857
0.000633783 0.00235857 0.0112026

0.0102849 -0.0130181 0.0120599
-0.0130181 0.0196189 0.00105691
0.0120599 0.00105691 0.00513302

-0.00317622 0.00316106 0.0317025
0.00316106 -0.024398 0.00561963
0.0317025 0.00561963 -0.314985

0.00666843 -0.00388767 -0.00297103
-0.00388767 0.00602666 0.000318809
-0.00297103 0.000318809 0.11581

-0.0129625 -0.00602755 -0.00799261
-0.00602755 -0.000705658 0.00185226
-0.00799261 0.00185226 0.0830027

0.0114083 -0.00256246 0.0118534
-0.00256246 0.0387089 -0.00371047
0.0118534 -0.00371047 0.00221469

0.0207324 -0.000131102 -0.00482196
-0.000131102 0.0220787 -0.0031828
-0.00482196 -0.0031828 0.128738

0.00172106 -0.000135206 0.00767163
-0.000135206 0.0152733 0.00747271
0.00767163 0.00747271 -0.00012532

0.00934868 0.00620283 0.011938
0.00620283 0.0346882 0.00278596
0.011938 0.00278596 -5.39387e-05

-0.0143223 -0.00662234 -0.00650997
-0.00662234 -0.00407094 0.00331198
-0.00650997 0.00331198 0.080968

0.0165901 -0.00881453 -0.014608
-0.00881453 0.0262212 -0.0127501
-0.014608 -0.0127501 -0.117666

0.0402289 -0.0058764 0.00759166
-0.0058764 0.0232087 -0.0454059
0.00759166 -0.0454059 -0.0910336

-0.0478413 0.0110512 -0.0364679
0.0110512 -0.0641562 0.00557121
-0.0364679 0.00557121 -0.378517

0.0115804 0.0068459 0.00909146
0.0068459 0.0145522 -0.00715488
0.00909146 -0.00715488 -0.00555957

-0.00751296 -0.0027659 0.00390136
-0.0027659 -0.00392313 -0.0104993
0.00390136 -0.0104993 0.0733507

-0.00862554 -0.0067298 0.00451412
-0.0067298 0.00151609 -0.00466395
0.00451412 -0.00466395 0.082675

-0.00343504 -0.00873528 0.00767373
-0.00873528 -0.000846119 0.00557927
0.00767373 0.00557927 0.0148344

0.00517986 0.00039971 0.0054243
0.00039971 0.00765676 0.00324735
0.0054243 0.00324735 0.0279695

-0.0204896 0.000357474 -0.00477966
0.000357474 -0.0178023 -0.00164867
-0.00477966 -0.00164867 0.0750143

0.0016861 0.00103859 0.00742084
0.00103859 0.00238721 -0.00278782
0.00742084 -0.00278782 0.0245868

0.0120745 0.000753658 0.0111964
0.000753658 0.0251751 0.00221333
0.0111964 0.00221333 0.0171729

0.00411763 9.36533e-05 0.0103611
9.36533e-05 0.00903891 -0.00686263
0.0103611 -0.00686263 0.0316312

0.0132095 0.0023908 0.0112629
0.0023908 0.0149794 -0.00576466
0.0112629 -0.00576466 0.0373148

-0.00250034 0.000567774 -0.00120693
0.000567774 -0.00380012 -0.000573175
-0.00120693 -0.000573175 0.129414

0.0266724 0.00234197 -0.00391241
0.00234197 0.0147779 -0.0162813
-0.00391241 -0.0162813 -0.0953737

0.0683485 -0.00149061 0.00398395
-0.00149061 0.0363487 -0.00406006
0.00398395 -0.00406006 0.0384414

0.00522508 -0.00125182 -0.000150196
-0.00125182 0.0105805 -0.00115955
-0.000150196 -0.00115955 0.0378891

0.00161027 -0.00112483 0.00174881
-0.00112483 0.00377776 -0.0068338
0.00174881 -0.0068338 0.0340543

-0.0259396 0.0126984 -0.0234823
0.0126984 -0.0411323 0.00870733
-0.0234823 0.00870733 -0.340673

-0.0325842 0.00291615 -0.0304652
0.00291615 -0.0181474 0.00555046
-0.0304652 0.00555046 -0.200996

0.000808992 -0.00342888 0.0023927
-0.00342888 0.00212517 -0.00387139
0.0023927 -0.00387139 0.0321703

-0.00325213 -0.000954983 -0.0454897
-0.000954983 0.000925491 -0.01931
-0.0454897 -0.01931 -0.198109

0.0208273 0.00217486 -0.00436561
0.00217486 0.00780072 -0.0241622
-0.00436561 -0.0241622 -0.104053

0.00597632 0.000295278 0.000126129
0.000295278 0.0120661 -0.00588922
0.000126129 -0.00588922 0.0379849

0.0186391 0.0105351 0.027555
0.0105351 0.0313632 0.0184257
0.027555 0.0184257 -0.0278181

-0.0128828 0.00301251 -0.00280354
0.00301251 -0.0203266 0.00195172
-0.00280354 0.00195172 0.0569432

0.014896 -0.0033841 -0.00251091
-0.0033841 0.0115162 -0.0315105
-0.00251091 -0.0315105 -0.132466

-0.012446 -0.00152991 0.00187023
-0.00152991 -0.00716571 0.0108704
0.00187023 0.0108704 0.109467

0.0156628 0.00276 0.000961297
0.00276 0.0182798 -0.00482259
0.000961297 -0.00482259 0.0439376

-0.00606883 -0.000808749 0.00201365
-0.000808749 -0.000828273 -0.00990548
0.00201365 -0.00990548 0.0552955

0.0119378 0.00260421 0.00565346
0.00260421 0.00819202 -0.00781184
0.00565346 -0.00781184 0.0514617

-0.00252602 -0.00123824 0.0048088
-0.00123824 -0.00497847 -0.00895954
0.0048088 -0.00895954 0.0411286

0.00894812 0.000569836 0.00333068
0.000569836 0.0066711 -0.00434625
0.00333068 -0.00434625 0.0397417

0.00229151 -0.000693393 0.00650645
-0.000693393 -0.00628182 -0.00902401
0.00650645 -0.00902401 0.0561363

0.0102887 0.00165087 0.0037274
0.00165087 -0.00312269 -0.00955521
0.0037274 -0.00955521 0.0533813

-0.00265126 -0.000480155 -0.038254
-0.000480155 0.00510396 0.0131026
-0.038254 0.0131026 -0.200746

0.0652147 0.00544744 -0.0017662
0.00544744 0.0539256 0.00625576
-0.0017662 0.00625576 -0.123943

-0.0118174 0.00171354 -0.00250132
0.00171354 -0.00732705 -0.00296133
-0.00250132 -0.00296133 0.0419516

-0.00320718 0.00113577 -0.00289081
0.00113577 -0.00212618 -0.00286979
-0.00289081 -0.00286979 0.0471886

-0.00564341 -1.89381e-05 0.00585548
-1.89381e-05 -0.0122012 -0.00574883
0.00585548 -0.00574883 0.0693013

-0.00320471 0.000923214 0.00674168
0.000923214 -0.00909679 -0.00254048
0.00674168 -0.00254048 0.0711289

-0.00341024 -0.00016187 -0.0086058
-0.00016187 -0.00923679 0.0049917
-0.0086058 0.0049917 0.10355

-0.010388 0.000508026 -0.00130794
0.000508026 -0.00453647 -0.00699309
-0.00130794 -0.00699309 0.0534579

-0.00814904 0.00214688 0.00509315
0.00214688 -0.0142514 -0.00870393
0.00509315 -0.00870393 0.0490547

-0.0188567 -0.0018384 -0.00479939
-0.0018384 -0.00773073 -0.00181229
-0.00479939 -0.00181229 0.0590677

-0.00958986 -0.000840088 -0.000383614
-0.000840088 -0.0128067 0.00329778
-0.000383614 0.00329778 0.065826

0.000438555 0.00260805 0.0350828
0.00260805 -0.000672267 -0.0347728
0.0350828 -0.0347728 -0.26716

-0.00245699 0.00874883 -0.00324141
0.00874883 0.00421456 0.00456969
-0.00324141 0.00456969 0.047141

-0.00372886 -0.00221818 0.000931895
-0.00221818 0.00163101 0.0128443
0.000931895 0.0128443 0.124395

-0.00076386 0.00293976 0.00355015
0.00293976 -0.00842603 -0.00460677
0.00355015 -0.00460677 0.0934835

-0.00765591 0.000108067 0.00738704
0.000108067 -0.0108426 -0.00684054
0.00738704 -0.00684054 0.0740643

-0.00486357 -6.63656e-06 -0.00815505
-6.63656e-06 -0.0118419 0.0026101
-0.00815505 0.0026101 0.102303

0.00560054 -0.00335545 -0.00673371
-0.00335545 0.00179768 4.21031e-05
-0.00673371 4.21031e-05 0.134334

-0.00506509 0.0016823 0.00839786
0.0016823 -0.00844783 -0.00315558
0.00839786 -0.00315558 0.0754644

-0.00769035 -0.00595577 0.0039997
-0.00595577 -0.00837639 -0.00375581
0.0039997 -0.00375581 0.0748035

-0.00870884 -0.0044847 0.00851122
-0.0044847 -0.005587 -0.00608319
0.00851122 -0.00608319 0.0849482

-0.00488503 -0.00287773 0.00368288
-0.00287773 -0.00663377 -0.00608406
0.00368288 -0.00608406 0.0762332

-0.00810839 -0.00153875 0.00341797
-0.00153875 -0.00527247 -0.00782496
0.00341797 -0.00782496 0.0820369

0.0041542 -0.00151049 0.00149671
-0.00151049 0.0174519 0.00473047
0.00149671 0.00473047 0.0995676

-0.00432066 -0.00142083 -0.00244931
-0.00142083 0.00468245 -0.0024526
-0.00244931 -0.0024526 0.0844587

-0.00994554 -0.00281051 0.00492166
-0.00281051 -0.016152 0.0246583
0.00492166 0.0246583 0.0163635

-0.00464189 0.000147903 0.00269712
0.000147903 0.00372931 0.0089882
0.00269712 0.0089882 0.124199

-0.106535 0.00694646 -0.0302808
0.00694646 -0.116038 -0.0330271
-0.0302808 -0.0330271 -0.411808

0.00503578 -0.00424899 -0.00747289
-0.00424899 8.72048e-05 0.0044956
-0.00747289 0.0044956 0.133327

-0.091592 -0.00338502 -0.00435869
-0.00338502 -0.120525 -0.0186188
-0.00435869 -0.0186188 -0.375907

-0.00592694 -0.000720995 0.0037078
-0.000720995 -0.00323923 0.0030503
0.0037078 0.0030503 0.134095

-0.0672697 -0.010351 -0.00687674
-0.010351 -0.0818319 -0.0138721
-0.00687674 -0.0138721 -0.350007

-0.0609053 0.00812008 -0.0297912
0.00812008 -0.0435346 -0.0219356
-0.0297912 -0.0219356 -0.360838

-0.00620116 -0.00222385 0.00870671
-0.00222385 -0.0107281 -0.00355819
0.00870671 -0.00355819 0.0987783

-0.00331182 -0.000203592 0.00526476
-0.000203592 0.00351835 0.0138447
0.00526476 0.0138447 0.125955

0.00876602 0.000735472 0.00121613
0.000735472 0.0158556 0.0108937
0.00121613 0.0108937 0.148781

0.00289733 0.000122836 0.000853461
0.000122836 0.00812104 0.00857368
0.000853461 0.00857368 0.14054

-0.00632346 -0.000566182 0.00839631
-0.000566182 -0.00540861 -0.00789612
0.00839631 -0.00789612 0.085636

-0.00687176 -0.00395763 0.00459882
-0.00395763 -0.00341077 -0.00735694
0.00459882 -0.00735694 0.0979933

-0.0202727 -0.00608774 -0.00120543
-0.00608774 -0.0144321 -0.00470224
-0.00120543 -0.00470224 0.0701397

-0.00234479 -0.00366805 -0.000825316
-0.00366805 -0.000475334 -0.00067449
-0.000825316 -0.00067449 0.107717

-0.00918917 -0.00475169 0.00520172
-0.00475169 -0.00583971 -0.00703458
0.00520172 -0.00703458 0.0960879

-0.00416147 0.000834613 0.00468488
0.000834613 -0.000249615 0.00587238
0.00468488 0.00587238 0.113993

-0.00732877 0.0010981 0.0083685
0.0010981 -0.00733448 -0.00162639
0.0083685 -0.00162639 0.110172

-0.0072263 0.00160077 0.00653485
0.00160077 -0.00426697 -0.00335214
0.00653485 -0.00335214 0.110946

-0.00439473 0.00189226 0.00519
0.00189226 0.00134827 0.00657089
0.00519 0.00657089 0.119568

0.00186925 0.00184732 0.00760632
0.00184732 0.00222681 0.00478274
0.00760632 0.00478274 0.121912

-0.00568715 -0.00286082 0.0110209
-0.00286082 -0.00652875 -0.00504859
0.0110209 -0.00504859 0.10775

0.0103861 -0.00211964 0.00683968
-0.00211964 0.00924416 -0.00504857
0.00683968 -0.00504857 0.135304

-0.00973343 -0.0018707 0.013213
-0.0018707 -0.0134789 -0.00751634
0.013213 -0.00751634 0.10212

0.00853703 -0.00173466 0.0158722
-0.00173466 0.00408176 -0.00698528
0.0158722 -0.00698528 0.131372

-0.00789662 -0.00372575 0.0132337
-0.00372575 -0.00873529 -0.00646693
0.0132337 -0.00646693 0.104772

0.000249331 -0.00211097 0.0043499
-0.00211097 0.00251763 -0.00219718
0.0043499 -0.00219718 0.119641

0.00336298 -0.00188262 0.00301319
-0.00188262 0.00443204 -0.00279619
0.00301319 -0.00279619 0.121826

0.0198528 -0.00231362 0.0294308
-0.00231362 0.0394819 0.0124392
0.0294308 0.0124392 -0.100771

-0.00277023 0.00436487 0.00765051
0.00436487 -4.33352e-05 0.00882163
0.00765051 0.00882163 0.124449

-0.00870637 0.00147406 0.0051095
0.00147406 -0.00338745 0.0125767
0.0051095 0.0125767 0.119757

-0.0060294 0.000254779 0.00332001
0.000254779 -0.00284914 0.0155706
0.00332001 0.0155706 0.119879

0.0119342 0.00124231 0.0114988
0.00124231 0.0111214 -0.00109685
0.0114988 -0.00109685 0.140399

0.00520073 0.001401 0.00675261
0.001401 0.00604894 0.00169447
0.00675261 0.00169447 0.132284

-0.0080892 0.0042279 0.00508642
0.0042279 -0.00280279 0.00550029
0.00508642 0.00550029 0.104567

-0.000671847 0.000514502 0.0131811
0.000514502 -0.0071991 0.000435525
0.0131811 0.000435525 0.116739

-0.00169519 -0.00173235 0.010954
-0.00173235 -0.00850868 -0.00178655
0.010954 -0.00178655 0.117263

0.00336029 -0.00221546 0.0106671
-0.00221546 0.0009424 -0.00443822
0.0106671 -0.00443822 0.124928

0.00988284 -0.00373665 0.0157851
-0.00373665 0.00819648 -0.00654827
0.0157851 -0.00654827 0.133491

-0.00043559 -0.00159528 0.0114284
-0.00159528 0.00305006 -0.00370521
0.0114284 -0.00370521 0.127664

-0.00579747 -0.000785886 0.00233975
-0.000785886 -0.000393708 -0.0032954
0.00233975 -0.0032954 0.113099

-0.000223899 -0.000382227 0.00349422
-0.000382227 0.00329836 -0.00206084
0.00349422 -0.00206084 0.123402

-0.00281811 -0.0017533 0.00556237
-0.0017533 0.000593875 -0.00651926
0.00556237 -0.00651926 0.127225

0.00160112 -0.00151125 0.00393657
-0.00151125 0.00195556 -0.00577206
0.00393657 -0.00577206 0.129808

-0.00334971 0.00201461 0.00936097
0.00201461 -0.00725895 0.0066682
0.00936097 0.0066682 0.112195

-0.00651921 0.00285094 0.0108638
0.00285094 -0.010521 0.00431454
0.0108638 0.00431454 0.109623

-0.00625768 0.000512819 0.010956
0.000512819 -0.00669962 0.00186963
0.010956 0.00186963 0.122434

-0.00832524 0.00323533 0.0103423
0.00323533 -0.00701963 0.00802284
0.0103423 0.00802284 0.116999

-0.00277569 0.00399713 0.00678775
0.00399713 -0.00143392 0.0042436
0.00678775 0.0042436 0.106866

-0.00725779 0.00112227 0.00504917
0.00112227 -0.00627334 0.000843399
0.00504917 0.000843399 0.11177

0.00101491 -0.00160571 0.0136884
-0.00160571 -0.00204267 -0.00308216
0.0136884 -0.00308216 0.131365

0.000751171 -0.0014901 0.0141927
-0.0014901 -0.00356088 -0.00176244
0.0141927 -0.00176244 0.121994

-0.00809487 -0.000357713 0.00235318
-0.000357713 -0.00242147 0.00835901
0.00235318 0.00835901 0.12096

0.00113975 -0.0026744 0.0071636
-0.0026744 0.00370086 -0.00117601
0.0071636 -0.00117601 0.125245

-0.00548296 -0.00301841 0.00450211
-0.00301841 -0.00696498 -0.00840344
0.00450211 -0.00840344 0.117046

-0.0048427 0.000962884 0.00820129
0.000962884 -0.00294569 0.0126164
0.00820129 0.0126164 0.118353

-0.00508415 -0.000102995 0.00615783
-0.000102995 -0.00126786 0.0135553
0.00615783 0.0135553 0.11894

-0.0136287 0.00290106 0.011381
0.00290106 -0.0131477 0.00478597
0.011381 0.00478597 0.0980354

0.00939178 -0.00323087 0.0102273
-0.00323087 0.00954535 0.00576419
0.0102273 0.00576419 0.115437

-0.00267362 0.00153712 0.00919334
0.00153712 -0.00684572 0.00347068
0.00919334 0.00347068 0.101028

-0.0136806 0.00150535 0.00339179
0.00150535 -0.0159543 -0.00427464
0.00339179 -0.00427464 0.0534124

-0.0193309 0.00576704 0.0175902
0.00576704 -0.0256808 -0.0244288
0.0175902 -0.0244288 -0.242387

0.00358032 0.000788934 0.00597478
0.000788934 0.0112405 0.00883641
0.00597478 0.00883641 0.112143

-0.00103983 0.00266383 -0.00481615
0.00266383 0.0029402 -0.00905156
-0.00481615 -0.00905156 0.110842

-0.00272192 -0.000793198 0.00728569
-0.000793198 -0.00437926 2.22303e-05
0.00728569 2.22303e-05 0.123868

-0.00122159 0.00176015 -0.00626761
0.00176015 -0.00213447 -0.0072723
-0.00626761 -0.0072723 0.112392

0.00771447 0.00325828 0.00461424
0.00325828 0.000476828 -7.12049e-05
0.00461424 -7.12049e-05 0.11932

0.0285544 -0.000547455 0.0149002
-0.000547455 0.0383068 0.00852802
0.0149002 0.00852802 -0.113377

0.00140185 -0.0015178 0.00347493
-0.0015178 -0.00258874 0.000811104
0.00347493 0.000811104 0.104791

-0.011121 -0.000305283 0.00494612
-0.000305283 -0.00454466 0.011877
0.00494612 0.011877 0.113116

0.0615085 -0.00115012 0.00597746
-0.00115012 0.0622655 -0.000189978
0.00597746 -0.000189978 0.0894947

-0.0460315 0.0053794 0.0294374
0.0053794 -0.0372521 -0.0181787
0.0294374 -0.0181787 -0.279986

0.0417615 0.00734957 0.0111241
0.00734957 0.05317 -0.002438
0.0111241 -0.002438 0.082771

-0.0263362 -0.00339263 0.00338743
-0.00339263 -0.0290769 0.00148352
0.00338743 0.00148352 0.0632074

-0.00338723 0.00708213 -0.00433656
0.00708213 -0.000817611 -0.00579937
-0.00433656 -0.00579937 0.109939

-0.008554 0.00223999 0.0081882
0.00223999 -0.0121998 0.00370371
0.0081882 0.00370371 0.089422

-0.00891607 0.00352423 -0.0040238
0.00352423 0.00398597 0.0136265
-0.0040238 0.0136265 -0.0115357

-0.0217404 -0.00242498 0.00337501
-0.00242498 -0.0332404 0.000636037
0.00337501 0.000636037 0.0473614

-0.0248275 -0.0012387 0.00230713
-0.0012387 -0.0370566 0.00135738
0.00230713 0.00135738 0.0442499

0.00798589 0.000795113 0.00033263
0.000795113 -0.000230914 0.00383271
0.00033263 0.00383271 0.0827124

0.012072 -0.000918835 0.00525412
-0.000918835 0.00323211 -0.0046508
0.00525412 -0.0046508 0.0841441

-0.00630279 -0.00142172 0.00174072
-0.00142172 -0.00947406 0.000798698
0.00174072 0.000798698 0.0933079

0.0508323 -0.00401476 -0.00365219
-0.00401476 0.0576512 0.0294453
-0.00365219 0.0294453 -0.0883136

-0.0102765 -0.00112831 0.00384476
-0.00112831 -0.00345909 0.00795806
0.00384476 0.00795806 0.0838286

-0.0154891 -4.98385e-05 0.00441941
-4.98385e-05 -0.00679365 0.00788296
0.00441941 0.00788296 0.0805577

0.00192464 0.0128481 0.00690373
0.0128481 -0.0115954 0.00209334
0.00690373 0.00209334 0.0360621

-0.00093321 0.00992577 0.0100321
0.00992577 -0.00635379 0.0048986
0.0100321 0.0048986 0.0265905

-0.01792 0.00484664 -0.00106091
0.00484664 -0.00313932 0.00395145
-0.00106091 0.00395145 0.0522799

-0.0139045 0.00545436 -0.00156263
0.00545436 -0.000832436 0.00396235
-0.00156263 0.00396235 0.0546769

-0.00285295 0.0109334 0.00967782
0.0109334 -0.0123321 0.0052541
0.00967782 0.0052541 0.0236184

-0.00831565 0.00516119 0.00260111
0.00516119 -0.0247771 0.0018191
0.00260111 0.0018191 0.0276475

-0.00207784 0.00128626 0.00223963
0.00128626 -0.0181023 -0.000987777
0.00223963 -0.000987777 0.0167264

-0.0028866 -0.000556779 0.00223916
-0.000556779 -0.0194658 0.00312108
0.00223916 0.00312108 0.0159091

-0.00674492 -0.00510195 0.00283139
-0.00510195 -0.0223708 0.000272241
0.00283139 0.000272241 0.0287594

-0.00231816 -0.00951348 0.00279496
-0.00951348 -0.0180207 -8.89821e-05
0.00279496 -8.89821e-05 0.0320395

-0.00172784 -0.00105459 0.00353722
-0.00105459 -0.00408106 -0.00982241
0.00353722 -0.00982241 0.0882189

-0.0126341 -0.00256149 0.00336475
-0.00256149 -0.0113905 -0.00990311
0.00336475 -0.00990311 0.0813747

-0.0227977 -0.00559158 -0.000700924
-0.00559158 -0.0211469 -0.00134997
-0.000700924 -0.00134997 0.0379954

-0.0127167 -0.00274 -0.000705134
-0.00274 -0.00866679 -0.00142658
-0.000705134 -0.00142658 0.0464715

0.00228501 -0.00752136 0.005044
-0.00752136 -0.00850557 -0.0024063
0.005044 -0.0024063 0.0266264

-0.000731775 -0.00753146 0.00542366
-0.00753146 -0.00556437 -0.00202644
0.00542366 -0.00202644 0.0265984

-0.00957203 0.00542851 0.00653807
0.00542851 -0.0260151 -0.00165127
0.00653807 -0.00165127 0.0265219

-0.00743663 -0.00466817 0.00240497
-0.00466817 -0.023931 0.000613823
0.00240497 0.000613823 0.0288124

-0.499911 0.109741 0.26272
0.109741 -0.477205 -0.0877157
0.26272 -0.0877157 -0.509248

-0.638839 0.0826269 0.237436
0.0826269 -0.387172 -0.0421882
0.237436 -0.0421882 -0.523118

-0.138171 0.0423475 0.0373265
0.0423475 -0.168283 -0.0513482
0.0373265 -0.0513482 -0.484654

-0.286987 0.00321393 0.0970078
0.00321393 -0.318828 -0.0117394
0.0970078 -0.0117394 -0.60795

-0.259934 0.0106062 0.0945914
0.0106062 -0.429184 0.02849
0.0945914 0.02849 -0.742896

-0.190889 0.00170644 0.0800781
0.00170644 -0.300465 -0.0454939
0.0800781 -0.0454939 -0.663608

-0.188029 -0.0393879 0.0323128
-0.0393879 -0.189605 -0.00370474
0.0323128 -0.00370474 -0.30776

0.0294875 0.0168 0.0473016
0.0168 0.0300442 0.00971389
0.0473016 0.00971389 -0.141391

-1.03838 -0.00115398 0.176741
-0.00115398 -1.03829 -0.18404
0.176741 -0.18404 -1.03617

-0.0147853 -0.0374539 0.000721226
-0.0374539 0.056467 0.00616897
0.000721226 0.00616897 -0.317402

-0.204735 -0.00350695 -0.0101851
-0.00350695 -0.0767148 0.0138191
-0.0101851 0.0138191 -0.431604

-1.03838 -0.00115398 0.176741
-0.00115398 -1.03829 -0.18404
0.176741 -0.18404 -1.03617

-0.0179487 -0.0206759 0.0103227
-0.0206759 -0.0452658 0.0209628
0.0103227 0.0209628 -0.355496

-0.105367 -0.115012 0.0446766
-0.115012 -0.035115 -0.0407424
0.0446766 -0.0407424 -0.409917

-0.0996671 -0.0846956 0.0598718
-0.0846956 0.126141 -0.0257731
0.0598718 -0.0257731 -0.346146

-0.824305 -5.16067e-05 0.315289
-5.16067e-05 -0.827827 -0.00461775
0.315289 -0.00461775 -0.680793

-0.914224 -0.00091282 0.244699
-0.00091282 -0.915954 -0.105203
0.244699 -0.105203 -0.829553

-0.0484751 0.0168002 0.000117423
0.0168002 -0.071807 0.0452755
0.000117423 0.0452755 -0.271974

-0.0563873 0.00298844 -0.0143816
0.00298844 -0.0071158 0.0222295
-0.0143816 0.0222295 -0.254022

-0.0143386 -0.0116694 -0.0219149
-0.0116694 -0.00835256 0.0342257
-0.0219149 0.0342257 -0.320093

-0.00373406 0.00448793 -0.00424351
0.00448793 -0.00256922 -0.00632174
-0.00424351 -0.00632174 0.117937

-0.0550055 0.00806342 -0.0366585
0.00806342 -0.0498153 0.0163967
-0.0366585 0.0163967 -0.345852

-0.0562785 0.00518324 -0.0327345
0.00518324 -0.0529003 -0.0121704
-0.0327345 -0.0121704 -0.349249

-0.00305258 0.00796362 -0.0580708
0.00796362 0.001688 0.0193066
-0.0580708 0.0193066 -0.259394

-0.0331087 0.00245379 -0.0444981
0.00245379 -0.00792153 0.0396248
-0.0444981 0.0396248 -0.275727

0.00537887 0.00485769 -0.00570433
0.00485769 0.00787989 -0.00425943
-0.00570433 -0.00425943 0.116577

-0.00343178 0.00277778 -0.00466776
0.00277778 -0.00241453 -0.00265191
-0.00466776 -0.00265191 0.107774

-0.0277039 -0.00192656 0.00229096
-0.00192656 -0.0314734 0.00170922
0.00229096 0.00170922 0.0621927

-0.0340405 -0.00662251 0.00705059
-0.00662251 -0.0163014 0.0707889
0.00705059 0.0707889 -0.299893

0.00329018 0.0104448 -0.0200353
0.0104448 -0.0170736 0.0425069
-0.0200353 0.0425069 -0.2445

-0.00487052 -0.000381172 0.00130021
-0.000381172 0.000352418 0.00179929
0.00130021 0.00179929 0.124217

-0.00550617 -0.000187261 -0.00292534
-0.000187261 -0.00379237 2.68717e-05
-0.00292534 2.68717e-05 0.0977983

-0.00156791 0.000758369 0.0110756
0.000758369 -0.00602952 0.00236817
0.0110756 0.00236817 0.125828

-0.00215376 0.000164615 0.0111377
0.000164615 -0.0075921 0.00133786
0.0111377 0.00133786 0.123966

-0.0308682 -0.000317156 -0.0447274
-0.000317156 -0.0222592 0.0140387
-0.0447274 0.0140387 -0.245936

-0.0320413 -0.00100741 -0.0520464
-0.00100741 -0.0268547 -0.0187412
-0.0520464 -0.0187412 -0.244056

0.0173142 0.0124013 -0.00739879
0.0124013 0.0225554 -0.00118283
-0.00739879 -0.00118283 0.0883186

-0.00715211 -0.00187114 0.00165845
-0.00187114 -0.0019712 0.0121035
0.00165845 0.0121035 0.119349

-0.00614638 0.0005984 0.0103075
0.0005984 -0.00764075 0.000820944
0.0103075 0.000820944 0.122461

0.0252355 0.00384954 -0.0244451
0.00384954 0.0398878 0.00643238
-0.0244451 0.00643238 -0.101418

-0.0123054 -0.00145662 0.00190132
-0.00145662 -0.00686881 0.0108172
0.00190132 0.0108172 0.109928

-0.0106469 -0.000276792 0.00480217
-0.000276792 -0.00419267 0.0117321
0.00480217 0.0117321 0.11361

0.00178634 5.8061e-05 -0.0264502
5.8061e-05 -0.010056 0.0331535
-0.0264502 0.0331535 -0.189679

0.0154907 0.00541854 -0.0227287
0.00541854 -0.00368762 0.0194331
-0.0227287 0.0194331 -0.150032

-0.00660144 -0.000325548 0.00509556
-0.000325548 -0.000332041 0.0129353
0.00509556 0.0129353 0.120656

-0.018961 -0.00251591 0.00208939
-0.00251591 -0.0131373 0.00417108
0.00208939 0.00417108 0.0768713

0.0293858 0.00655092 -0.00500438
0.00655092 0.023509 0.00711665
-0.00500438 0.00711665 -0.139892

0.00700483 0.00263263 -0.026669
0.00263263 0.0200242 0.00189131
-0.026669 0.00189131 -0.129896

-0.0199357 0.00305578 -0.0391497
0.00305578 -0.00947857 -0.0201827
-0.0391497 -0.0201827 -0.204641

-0.00129363 -0.00046617 0.0100534
-0.00046617 -0.000773753 0.00145561
0.0100534 0.00145561 0.126978

-0.054315 -0.00158654 -0.0291089
-0.00158654 -0.036237 -0.00941853
-0.0291089 -0.00941853 -0.247871

0.0318649 0.00692269 0.00202612
0.00692269 0.0199609 -0.00232584
0.00202612 -0.00232584 0.0703878

0.0616772 -0.00409473 0.00444208
-0.00409473 0.0448436 -0.00691285
0.00444208 -0.00691285 0.0765286

-0.0106492 -0.00380007 0.000527093
-0.00380007 -0.0105436 0.00373381
0.000527093 0.00373381 0.101106

-0.0229325 -0.00499554 0.00267052
-0.00499554 -0.0177974 0.00313536
0.00267052 0.00313536 0.0754755

-0.0123605 -0.00315888 0.00240951
-0.00315888 -0.00980814 0.00443032
0.00240951 0.00443032 0.0803056

0.00468626 -0.00178463 0.00412283
-0.00178463 0.00543271 0.00813009
0.00412283 0.00813009 0.120034

0.020888 -0.00118465 0.00689587
-0.00118465 0.0189498 0.0147305
0.00689587 0.0147305 -0.104106

-0.0524597 0.00456098 0.0276382
0.00456098 -0.0460561 0.0045415
0.0276382 0.0045415 -0.334969

-0.0159014 -0.00201495 0.00138488
-0.00201495 -0.00989458 0.00236833
0.00138488 0.00236833 0.0814072

0.0251323 -0.00441728 -0.00626653
-0.00441728 0.0269166 -0.00888588
-0.00626653 -0.00888588 0.109597

0.00516323 -0.00556126 0.0110428
-0.00556126 0.010838 0.013845
0.0110428 0.013845 -0.0345699

0.0117161 -0.00623545 -0.00842927
-0.00623545 0.0115986 0.00850306
-0.00842927 0.00850306 0.0488879

0.00420488 0.00207358 -0.0072665
0.00207358 0.0286366 -0.000513708
-0.0072665 -0.000513708 -0.0256236

-0.00185719 -0.00251001 -0.00667588
-0.00251001 0.0227509 0.00218781
-0.00667588 0.00218781 -0.0303269

0.0405689 -0.009881 0.00916209
-0.009881 0.0294685 -0.0036587
0.00916209 -0.0036587 0.140688

-0.0202008 -0.00152009 -9.24779e-05
-0.00152009 -0.0130023 0.0038718
-9.24779e-05 0.0038718 0.0761604

-0.00334227 -0.00107765 -0.000121296
-0.00107765 -0.000897462 0.0035646
-0.000121296 0.0035646 0.107158

0.00284832 -0.00133064 0.00223792
-0.00133064 0.0031437 0.00351081
0.00223792 0.00351081 0.111824

0.009791 -0.00316004 0.00466087
-0.00316004 0.0113738 0.00581487
0.00466087 0.00581487 0.131661

0.0521273 0.00168766 -0.0170317
0.00168766 0.0348879 0.00141403
-0.0170317 0.00141403 -0.0938588

0.020514 -0.00766987 0.0147863
-0.00766987 0.0214455 0.00504197
0.0147863 0.00504197 -0.00810874

-0.0175824 -0.00286792 -0.00781259
-0.00286792 -0.0182333 -0.000118148
-0.00781259 -0.000118148 0.100888

0.0505755 -0.00443242 -0.0129769
-0.00443242 0.0547215 0.00433969
-0.0129769 0.00433969 -0.041228

0.0411278 -0.00318751 0.00125945
-0.00318751 0.0304992 -0.0138272
0.00125945 -0.0138272 0.0358815

-0.0541402 0.000827998 0.034104
0.000827998 -0.0722746 -0.0142159
0.034104 -0.0142159 -0.366438

0.0312658 -0.000963753 -0.00320204
-0.000963753 0.0429465 0.0137276
-0.00320204 0.0137276 -0.048603

0.0459136 0.00514528 -0.00608304
0.00514528 0.0347996 0.00341481
-0.00608304 0.00341481 0.00141067

-0.00734969 -0.00720067 -0.00447516
-0.00720067 -0.0131 -0.00154704
-0.00447516 -0.00154704 0.0485

0.00389125 0.00111343 -0.00485899
0.00111343 -0.0020403 0.00083815
-0.00485899 0.00083815 0.113746

-0.0219325 -0.0151598 0.0209109
-0.0151598 -0.042005 -0.0453875
0.0209109 -0.0453875 -0.359752

-0.515544 -0.0584188 -0.0231728
-0.0584188 -0.300429 -0.0348557
-0.0231728 -0.0348557 -0.603463

-0.0685316 -0.00705727 0.0270783
-0.00705727 -0.0742227 -0.0474638
0.0270783 -0.0474638 -0.368759

-0.0864656 0.0111028 0.0475893
0.0111028 -0.114046 0.0326153
0.0475893 0.0326153 -0.41511

0.0256907 0.00554551 -0.00755183
0.00554551 0.0290113 0.0222666
-0.00755183 0.0222666 -0.0693308

-0.108218 0.0223027 -0.018409
0.0223027 -0.152404 0.00780197
-0.018409 0.00780197 -0.382657

-0.116246 0.0245853 -0.00456523
0.0245853 -0.132677 0.0208903
-0.00456523 0.0208903 -0.378107

-0.00544201 0.00954217 -0.0130271
0.00954217 0.00221103 -0.00111711
-0.0130271 -0.00111711 0.108651

-0.0577572 0.00764291 -0.00792553
0.00764291 0.0024279 -0.0311701
-0.00792553 -0.0311701 -0.315181

0.02222 0.00244949 0.00346585
0.00244949 0.0204156 0.00170229
0.00346585 0.00170229 0.147228

0.053091 0.0119154 -0.00596229
0.0119154 0.0434746 0.0241906
-0.00596229 0.0241906 -0.0536143

-0.00110241 0.000229307 -0.00580466
0.000229307 -0.00726878 -0.00086842
-0.00580466 -0.00086842 0.0828335

-0.00371085 -0.00271321 -0.00342593
-0.00271321 -0.0129656 0.00261204
-0.00342593 0.00261204 0.08799

-0.0137943 -0.015003 0.0337378
-0.015003 -0.031118 -0.035344
0.0337378 -0.035344 -0.342877

-0.00822128 -0.00231801 -0.00334286
-0.00231801 -0.000348313 -0.000306061
-0.00334286 -0.000306061 0.105585

-0.00571978 -0.00200394 -0.00363285
-0.00200394 0.000259614 -0.000504148
-0.00363285 -0.000504148 0.106804

-0.00945171 0.00136833 0.00179323
0.00136833 -0.00834372 -3.5271e-05
0.00179323 -3.5271e-05 0.119598

-0.00464156 -0.00441874 0.00469914
-0.00441874 -0.00963083 -0.00831886
0.00469914 -0.00831886 0.0667436

0.00186614 -0.000732857 0.00472715
-0.000732857 0.000256971 -0.0100479
0.00472715 -0.0100479 0.0727082

-0.155133 -0.00766691 -0.00475555
-0.00766691 -0.167786 -0.0874207
-0.00475555 -0.0874207 -0.414581

-0.01445 -0.00348389 -0.00403927
-0.00348389 -0.018235 0.00114705
-0.00403927 0.00114705 0.100107

0.0017597 -0.00458888 -0.00716428
-0.00458888 -0.00247446 0.00374548
-0.00716428 0.00374548 0.124495

-0.0152716 -0.0033312 -0.00606039
-0.0033312 -0.0167584 0.00588663
-0.00606039 0.00588663 0.0979554

-0.0117216 0.00283672 -0.00312166
0.00283672 -0.0186462 -0.000282539
-0.00312166 -0.000282539 0.0845631

-0.00404502 -0.00145925 -0.00303768
-0.00145925 -0.00905098 -5.92397e-05
-0.00303768 -5.92397e-05 0.0910314

-0.559387 -0.0669031 0.00201356
-0.0669031 -0.444247 -0.0854944
0.00201356 -0.0854944 -0.67172

-0.00672058 0.00287549 -0.00559887
0.00287549 -0.0133054 -0.000332453
-0.00559887 -0.000332453 0.0938977

-0.0144916 0.00566092 -0.00401494
0.00566092 -0.0116076 0.0129554
-0.00401494 0.0129554 0.0012471

-0.00783964 -0.00358883 -0.00581116
-0.00358883 -0.00442421 0.00881221
-0.00581116 0.00881221 0.111622

0.0137479 0.0143189 0.00259617
0.0143189 0.0267659 -0.0109147
0.00259617 -0.0109147 -0.0670252

0.000495469 -0.00293936 -0.00327714
-0.00293936 0.00133468 0.00761863
-0.00327714 0.00761863 0.124288

0.00274731 -0.00501247 -0.00970289
-0.00501247 0.0019146 0.00982459
-0.00970289 0.00982459 0.123404

-0.0155739 -0.00015453 0.00477867
-0.00015453 -0.00809902 -0.0130329
0.00477867 -0.0130329 0.0808654

0.0216769 -0.00383452 0.00603541
-0.00383452 0.0377573 0.0229802
0.00603541 0.0229802 -0.0836582

0.000777935 -0.00427 -0.00275447
-0.00427 0.00301416 0.00787049
-0.00275447 0.00787049 0.122094

0.000493915 0.000198943 -0.00522715
0.000198943 -0.00405582 0.00399069
-0.00522715 0.00399069 0.113888

-0.00651418 -0.000989681 -0.00227
-0.000989681 -0.00343202 0.00400743
-0.00227 0.00400743 0.100799

0.00158696 0.00761583 0.00186833
0.00761583 0.0224249 -0.00726228
0.00186833 -0.00726228 -0.0697848

0.019338 -0.00293869 -0.0102747
-0.00293869 0.0207787 0.00483565
-0.0102747 0.00483565 0.0511117

0.0111727 -0.00292743 -0.00101267
-0.00292743 0.0199974 -0.000735557
-0.00101267 -0.000735557 0.118219

0.00404665 -0.00402786 -0.00304362
-0.00402786 0.00460447 0.00766808
-0.00304362 0.00766808 0.123864

-0.00406178 -0.00140467 -0.00180171
-0.00140467 -0.00537383 0.00754707
-0.00180171 0.00754707 0.112345

-0.00684635 -0.00139349 0.00115261
-0.00139349 -0.00428117 0.0102724
0.00115261 0.0102724 0.11103

-0.00633335 -0.000116526 -0.00246056
-0.000116526 -0.00679816 0.00617599
-0.00246056 0.00617599 0.0940503

-0.00304378 0.00159141 -0.00489757
0.00159141 -0.00266459 0.00510464
-0.00489757 0.00510464 0.0964416

-0.000660883 -0.00314869 0.0017894
-0.00314869 -0.00377816 0.00420554
0.0017894 0.00420554 0.111533

0.00675863 -0.000792123 0.00347272
-0.000792123 0.00415687 0.00720061
0.00347272 0.00720061 0.116442

-0.00689914 -0.0022343 -0.00229097
-0.0022343 -0.00256015 0.004493
-0.00229097 0.004493 0.0976085

0.0187004 0.00529817 -0.0100445
0.00529817 0.012864 0.0048667
-0.0100445 0.0048667 0.109813

0.00243356 0.000841606 -0.00769377
0.000841606 -0.00491343 0.00916599
-0.00769377 0.00916599 0.0949884

-0.0522484 0.0293112 0.012003
0.0293112 -0.0201471 -0.00704443
0.012003 -0.00704443 0.00203981

-0.00504128 -0.00635255 0.0368878
-0.00635255 -0.0167273 -0.0142087
0.0368878 -0.0142087 -0.299513

-0.000502112 -0.000148929 -0.0042233
-0.000148929 0.00132547 0.00563636
-0.0042233 0.00563636 0.0967328

-0.00381645 -0.00138861 -0.00209955
-0.00138861 -0.00202372 0.00655335
-0.00209955 0.00655335 0.094462

-0.01013 -0.00112025 0.00274585
-0.00112025 -0.0198195 -0.00496734
0.00274585 -0.00496734 0.0300532

-0.00413619 -0.000661339 -0.00274603
-0.000661339 -0.0166173 -0.0025602
-0.00274603 -0.0025602 0.0133876

-0.00259936 0.00337279 0.000140798
0.00337279 0.00332067 0.00686515
0.000140798 0.00686515 0.0790539

-0.0102971 0.000212842 -0.000337034
0.000212842 -0.00362273 -0.000154312
-0.000337034 -0.000154312 0.015958

-0.0211674 -0.000767454 -0.000188368
-0.000767454 -0.0190948 0.0015652
-0.000188368 0.0015652 0.0323584

-0.00736106 -0.000854852 -0.00214428
-0.000854852 -0.0170328 -0.00461279
-0.00214428 -0.00461279 0.0317091

0.00688141 0.00395217 0.00264763
0.00395217 0.00251453 0.00245586
0.00264763 0.00245586 0.0767329

0.00807098 -0.00107909 0.00298746
-0.00107909 0.00147338 -0.00012394
0.00298746 -0.00012394 0.0768687

-0.0107377 -0.000371063 -0.0060375
-0.000371063 -0.0176629 -0.000195083
-0.0060375 -0.000195083 0.0272188

-0.000494056 0.0063613 -0.00178829
0.0063613 -0.00990424 -0.00275982
-0.00178829 -0.00275982 0.0173645

-0.824305 -5.16067e-05 0.315289
-5.16067e-05 -0.827827 -0.00461775
0.315289 -0.00461775 -0.680793

-0.75146 -0.0219757 0.259247
-0.0219757 -0.527435 0.0701739
0.259247 0.0701739 -0.743869

8.46019e-05 0.00339491 -0.00544342
0.00339491 -0.0014462 0.00493798
-0.00544342 0.00493798 0.0774717

0.0340883 -0.00347506 -0.00176421
-0.00347506 0.0208177 0.0250922
-0.00176421 0.0250922 -0.0153963

-0.0528597 0.00191294 -0.025748
0.00191294 -0.0488038 -0.0146052
-0.025748 -0.0146052 -0.314797

-0.022117 0.00134864 -0.0214677
0.00134864 0.0114733 -0.026404
-0.0214677 -0.026404 -0.279819

-0.034817 -0.00866193 -0.0568975
-0.00866193 -0.0140372 -0.0270296
-0.0568975 -0.0270296 -0.247431

0.0333157 -0.00282018 0.00813412
-0.00282018 0.0156016 0.0176782
0.00813412 0.0176782 -0.0671682

-0.0768483 -0.00768949 0.000288623
-0.00768949 -0.0639871 0.0265671
0.000288623 0.0265671 -0.432188

-0.0132324 -0.00457102 -0.0270947
-0.00457102 -0.00875941 -0.0121757
-0.0270947 -0.0121757 -0.171812

-0.0171019 -0.00720104 -0.0240426
-0.00720104 -0.0225653 -0.0211058
-0.0240426 -0.0211058 -0.177596

-0.00894739 0.0021337 0.00117344
0.0021337 -0.00385557 -0.00301887
0.00117344 -0.00301887 0.110146

-0.0123698 0.00334339 -0.00429887
0.00334339 -0.02751 -0.00372657
-0.00429887 -0.00372657 -0.0165028

0.00753305 -0.00982857 -0.006145
-0.00982857 0.0231109 -0.00388544
-0.006145 -0.00388544 -0.0688916

0.0029367 -0.00577015 -0.00554367
-0.00577015 0.0180673 -0.00911919
-0.00554367 -0.00911919 -0.0716355

0.0242294 -0.000317697 0.0556212
-0.000317697 0.012282 -0.0138939
0.0556212 -0.0138939 -0.243106

-0.0220847 0.00282307 -0.000579841
0.00282307 -0.0113577 0.00753229
-0.000579841 0.00753229 0.0517343

0.0292029 0.00235619 0.0134812
0.00235619 0.0278759 -0.0107516
0.0134812 -0.0107516 -0.0997619

0.0221187 0.00189135 0.0126452
0.00189135 0.0268237 -0.0096462
0.0126452 -0.0096462 -0.101952

0.0407093 -0.000671136 -0.00900577
-0.000671136 0.0404305 0.00827123
-0.00900577 0.00827123 -0.0720251

0.0146644 0.00283676 0.0152707
0.00283676 0.0305445 0.0236242
0.0152707 0.0236242 -0.114089

-0.00405776 0.000813775 0.000106457
0.000813775 0.00102662 -0.00192848
0.000106457 -0.00192848 0.1157

-0.00178307 0.00347529 -0.00280274
0.00347529 0.00151671 -0.00811976
-0.00280274 -0.00811976 0.0734582

-0.00185884 -0.000708998 -0.00361241
-0.000708998 -0.001525 0.00409036
-0.00361241 0.00409036 0.094126

-0.0051895 0.00105119 -0.00382004
0.00105119 0.000138125 -0.00064195
-0.00382004 -0.00064195 0.113918

-0.0306138 0.00171607 -0.0115919
0.00171607 -0.0232955 0.000555904
-0.0115919 0.000555904 0.0742338

-0.00303852 -0.00343693 -0.00148918
-0.00343693 -0.0053318 -0.003081
-0.00148918 -0.003081 0.0836962

-0.848489 3.10088e-05 -0.113159
3.10088e-05 -0.84894 -0.00773019
-0.113159 -0.00773019 -0.71688

0.00100737 -0.00149724 -0.00550718
-0.00149724 -0.00368583 -5.56125e-05
-0.00550718 -5.56125e-05 0.100386

-0.00369766 0.00304227 -0.0107817
0.00304227 -0.00678923 -0.0013365
-0.0107817 -0.0013365 0.0858636

-0.00190939 0.00331981 -0.00280037
0.00331981 -0.00678248 -0.00971592
-0.00280037 -0.00971592 0.0885821

-0.00378362 0.0039008 -0.0125687
0.0039008 -0.00174275 0.00149085
-0.0125687 0.00149085 0.0970511

0.000804609 0.00138232 -0.00772494
0.00138232 -0.00309973 0.00342549
-0.00772494 0.00342549 0.107964

0.00323682 -9.65516e-05 -0.00480872
-9.65516e-05 0.000249737 0.00177488
-0.00480872 0.00177488 0.116765

0.00561629 0.00144744 -0.0028766
0.00144744 0.00176965 -0.00151217
-0.0028766 -0.00151217 0.100841

-0.00125986 0.000308784 -0.00075788
0.000308784 -0.000372973 0.00205871
-0.00075788 0.00205871 0.0762499

-0.00934618 0.000959663 -0.00105543
0.000959663 -0.00989975 -0.000663657
-0.00105543 -0.000663657 0.0778667

-0.0395681 0.00170965 0.0377368
0.00170965 -0.0426101 -0.0156516
0.0377368 -0.0156516 -0.321819

6.85738e-05 0.000781055 -0.0017071
0.000781055 3.1389e-05 -0.000742953
-0.0017071 -0.000742953 0.0953083

-0.00160877 0.00135043 -0.00282595
0.00135043 -0.00549868 0.000676453
-0.00282595 0.000676453 0.0924137

-0.0112874 0.00386553 -0.00240831
0.00386553 -0.0236258 0.00351422
-0.00240831 0.00351422 0.0219093

-0.00255671 -0.00246184 -0.00178733
-0.00246184 -0.0133812 0.000669231
-0.00178733 0.000669231 0.0152796

-0.769187 -0.0609336 0.261761
-0.0609336 -0.528617 0.0824276
0.261761 0.0824276 -0.751889

-1.14876 0.00160165 0.215089
0.00160165 -1.14884 0.209798
0.215089 0.209798 -1.22195

-0.824305 -5.16067e-05 0.315289
-5.16067e-05 -0.827827 -0.00461775
0.315289 -0.00461775 -0.680793

0.0125165 0.00534851 -0.0254301
0.00534851 -0.0143778 -0.0179904
-0.0254301 -0.0179904 -0.272751

-0.00546339 0.00952663 -0.0138523
0.00952663 0.0301462 -0.0335781
-0.0138523 -0.0335781 -0.261715

-0.0948046 -0.0261906 0.00291314
-0.0261906 -0.10968 0.00987894
0.00291314 0.00987894 -0.327903

-0.0254471 -0.0141107 -0.0439124
-0.0141107 0.000749559 -0.0356815
-0.0439124 -0.0356815 -0.242488

-0.0255224 -0.00580748 -0.0438554
-0.00580748 -0.0172348 -0.032572
-0.0438554 -0.032572 -0.210405

-0.0153378 -0.00709144 -0.0358398
-0.00709144 -0.0119944 -0.0373428
-0.0358398 -0.0373428 -0.205907

0.00215099 -0.000144825 -0.0324111
-0.000144825 0.00771995 -0.0227669
-0.0324111 -0.0227669 -0.18722

0.00886359 -0.00648334 -0.0203885
-0.00648334 0.00356728 -0.0176204
-0.0203885 -0.0176204 -0.136062

0.025626 -0.00253811 -0.0259164
-0.00253811 0.0119488 -0.0185904
-0.0259164 -0.0185904 -0.0994093

-0.0116203 0.00341841 -0.00116066
0.00341841 -0.0191157 -0.00255247
-0.00116066 -0.00255247 0.0663989

0.0218238 -0.0109987 0.0105796
-0.0109987 0.0197424 0.00428163
0.0105796 0.00428163 -0.0170808

0.0153412 -0.00639003 -0.00872372
-0.00639003 0.0323722 -0.00804483
-0.00872372 -0.00804483 -0.0458636

0.0165859 -0.0114466 -0.00725806
-0.0114466 0.0330094 0.00102688
-0.00725806 0.00102688 0.00609194

-0.00315338 -0.00591422 -0.00297897
-0.00591422 -0.00330081 -0.00693742
-0.00297897 -0.00693742 -0.00580654

0.026831 -0.0035325 -0.0149781
-0.0035325 0.0300437 -0.0133647
-0.0149781 -0.0133647 -0.0228391

0.00936322 -0.0055043 0.00266451
-0.0055043 -0.00520687 -0.000623628
0.00266451 -0.000623628 0.0155436

-0.0140222 0.00340415 0.0441197
0.00340415 -0.0102792 -0.00706376
0.0441197 -0.00706376 -0.273778

-0.0200127 5.60433e-05 0.00246423
5.60433e-05 -0.0194249 -0.00509209
0.00246423 -0.00509209 0.0707646

-0.00920265 -0.00047167 -0.0222574
-0.00047167 -0.0021366 -0.0308214
-0.0222574 -0.0308214 -0.194047

0.0162302 0.0027721 0.0121331
0.0027721 0.0247476 -0.0124134
0.0121331 -0.0124134 -0.116318

-0.0153346 0.00258612 -0.0039264
0.00258612 -0.00847251 -0.00457775
-0.0039264 -0.00457775 0.0667275

0.0322708 0.0166443 0.00171493
0.0166443 0.0125954 -0.0193518
0.00171493 -0.0193518 -0.108256

-0.00389487 6.69661e-05 -0.0028557
6.69661e-05 -0.00341288 0.00323117
-0.0028557 0.00323117 0.0936381

-0.011802 0.00501434 -0.00496523
0.00501434 -0.00172276 -0.0102296
-0.00496523 -0.0102296 0.096389

-0.00568291 0.00512348 -0.00282202
0.00512348 0.00171369 -0.0108104
-0.00282202 -0.0108104 0.102506

-0.0117646 0.00545709 -0.00256556
0.00545709 -0.00875228 -0.00726412
-0.00256556 -0.00726412 0.0900327

0.00203064 0.00315492 -0.00507752
0.00315492 0.00187223 -0.00634312
-0.00507752 -0.00634312 0.1025

0.00726626 0.00228604 0.00164299
0.00228604 0.0013047 -0.00538391
0.00164299 -0.00538391 0.112101

-0.0150027 0.000676183 0.0553115
0.000676183 -0.044167 0.0171273
0.0553115 0.0171273 -0.34472

0.00221255 -0.000547045 -0.00347294
-0.000547045 -0.00435032 0.000155354
-0.00347294 0.000155354 0.0904123

0.00232377 -0.000100471 -0.00398786
-0.000100471 -0.00527781 0.000466387
-0.00398786 0.000466387 0.0900301

-0.0037144 0.000712374 -0.00380238
0.000712374 -0.000732699 -0.00108428
-0.00380238 -0.00108428 0.102332

-0.00466524 0.00734035 0.000391332
0.00734035 -0.0231389 0.000158106
0.000391332 0.000158106 0.0246681

-0.00598561 0.00333699 0.000429034
0.00333699 -0.0224818 0.00104794
0.000429034 0.00104794 0.0244672

-0.00396727 0.00364925 -0.00317145
0.00364925 -0.0130065 -0.00105818
-0.00317145 -0.00105818 0.0206964

-0.120906 0.0129076 -0.00191205
0.0129076 -0.148415 -0.0161895
-0.00191205 -0.0161895 -0.294655

0.00323735 -0.0189277 0.0146187
-0.0189277 -0.0182804 -0.0368836
0.0146187 -0.0368836 -0.195503

-0.106731 -0.023627 0.0159532
-0.023627 -0.0800132 -0.00683019
0.0159532 -0.00683019 -0.32051

-0.101906 0.0736495 0.0464656
0.0736495 -0.0612127 0.101124
0.0464656 0.101124 -0.453307

-0.131198 0.0826341 0.0708526
0.0826341 0.0625736 0.0666498
0.0708526 0.0666498 -0.415495

-1.14876 0.00160165 0.215089
0.00160165 -1.14884 0.209798
0.215089 0.209798 -1.22195

0.00378923 0.001753 -0.0321869
0.001753 0.000600436 -0.0432155
-0.0321869 -0.0432155 -0.249679

0.011886 -0.010749 -0.0295578
-0.010749 -0.0130373 -0.0352802
-0.0295578 -0.0352802 -0.19869

-0.00495556 -0.00520929 -0.0412281
-0.00520929 -0.00849966 -0.0404667
-0.0412281 -0.0404667 -0.207384

0.0080281 -0.00176579 -0.0244777
-0.00176579 0.0123084 -0.0274073
-0.0244777 -0.0274073 -0.184704

0.00670962 -0.0113496 -0.0127846
-0.0113496 0.014196 -0.0227625
-0.0127846 -0.0227625 -0.108889

-0.00957906 -0.00386624 -0.0269263
-0.00386624 -0.00347121 -0.0306786
-0.0269263 -0.0306786 -0.180532

0.0223439 -0.00316853 -0.0181663
-0.00316853 0.0300336 -0.0185389
-0.0181663 -0.0185389 -0.128727

0.0171999 -0.00471375 -0.0153211
-0.00471375 0.0109957 -0.016481
-0.0153211 -0.016481 -0.125892

0.0112537 -0.0033391 0.00325658
-0.0033391 0.0143816 -0.00134542
0.00325658 -0.00134542 0.0866176

0.0221291 -0.00861443 -0.00459913
-0.00861443 0.00644038 -0.0108766
-0.00459913 -0.0108766 -0.0655283

0.0158381 -0.00652208 -0.00267936
-0.00652208 -0.000887195 -0.0142782
-0.00267936 -0.0142782 -0.069416

0.0300636 -0.0111974 -0.00911144
-0.0111974 0.0140411 -0.0139166
-0.00911144 -0.0139166 -0.0432704

0.024945 -0.00255109 -0.0145178
-0.00255109 0.0268934 -0.0137008
-0.0145178 -0.0137008 -0.0247868

-0.00251895 -0.000226833 -0.00318861
-0.000226833 -0.00130791 0.00363968
-0.00318861 0.00363968 0.09314

-0.0229151 -0.00372721 0.041637
-0.00372721 -0.0394644 -0.0120583
0.041637 -0.0120583 -0.329732

0.0130933 -0.00170781 -0.0069158
-0.00170781 0.00754276 -0.00869215
-0.0069158 -0.00869215 0.00540954

0.0132961 -0.00677303 -0.00588365
-0.00677303 0.0128779 -0.00187553
-0.00588365 -0.00187553 0.0246826

0.00556205 0.00168906 -0.00234254
0.00168906 -0.000923089 -0.00634041
-0.00234254 -0.00634041 0.0322489

0.00149328 0.0032078 -0.003175
0.0032078 -0.00147523 -0.00506978
-0.003175 -0.00506978 0.0304355

0.00658459 0.00162613 -0.00275623
0.00162613 -0.000130066 -0.00302417
-0.00275623 -0.00302417 0.0341311

-0.00389468 0.00641239 -0.0058124
0.00641239 -0.00469904 -0.000243889
-0.0058124 -0.000243889 0.0430055

-0.000799452 0.00466411 -0.00144898
0.00466411 -0.000868071 -0.000558508
-0.00144898 -0.000558508 0.0544894

-0.0255773 0.00787856 0.00460876
0.00787856 -0.0209003 -0.00405874
0.00460876 -0.00405874 0.030907

-0.0169829 0.00266766 -0.00464048
0.00266766 -0.0233969 -0.00386394
-0.00464048 -0.00386394 0.0605692

-0.00314917 0.00367247 -0.00708415
0.00367247 -0.00548255 -0.00795466
-0.00708415 -0.00795466 0.0983294

-0.0185729 0.00102694 -0.00719512
0.00102694 -0.00512661 -0.00164427
-0.00719512 -0.00164427 0.0822885

-0.0131322 0.000463067 -0.00553248
0.000463067 -0.00733281 -0.00361194
-0.00553248 -0.00361194 0.0831376

-0.0122027 0.000175691 -0.00745428
0.000175691 -0.000478691 -0.00572748
-0.00745428 -0.00572748 0.0955323

0.00125187 0.00420348 -0.00508418
0.00420348 -0.00360554 -0.00838108
-0.00508418 -0.00838108 0.103235

-0.00906987 0.00296444 -0.0040393
0.00296444 -0.00446001 -0.00783261
-0.0040393 -0.00783261 0.0965279

-0.00848031 0.00262133 -0.00258935
0.00262133 -0.00147135 -0.00951226
-0.00258935 -0.00951226 0.0972771

-0.00165937 0.0028814 -0.00502125
0.0028814 0.00296061 -0.00837058
-0.00502125 -0.00837058 0.109308

-0.000999057 -0.00296697 0.00408104
-0.00296697 -0.00352161 0.00196951
0.00408104 0.00196951 0.106004

0.00211092 0.00294883 -0.00401957
0.00294883 0.00198371 -0.0041725
-0.00401957 -0.0041725 0.114078

-0.00157176 -5.64469e-05 0.00702979
-5.64469e-05 0.0021527 -0.00277365
0.00702979 -0.00277365 0.122965

-0.00329087 -0.00831906 -0.000631164
-0.00831906 -0.000494929 -0.00323951
-0.000631164 -0.00323951 0.0776573

-0.0756077 -0.00397754 0.0298012
-0.00397754 -0.0395061 0.0278921
0.0298012 0.0278921 -0.342631

0.00513145 3.46813e-05 -0.00815374
3.46813e-05 -0.00592868 0.0472563
-0.00815374 0.0472563 -0.198343

-0.00460278 -2.96244e-06 -0.00442674
-2.96244e-06 -0.0121472 -8.60861e-05
-0.00442674 -8.60861e-05 0.0780315

-0.00708322 0.00467601 -0.00913628
0.00467601 -0.017941 0.00490233
-0.00913628 0.00490233 0.0176714

-0.000240949 -0.002129 -0.00226994
-0.002129 0.00325539 0.00115635
-0.00226994 0.00115635 0.0745616

-0.015838 0.00454907 0.000361799
0.00454907 -0.0076545 -0.00404724
0.000361799 -0.00404724 0.0635672

-0.0196025 -0.00190517 -0.00257221
-0.00190517 -0.0158482 7.55571e-05
-0.00257221 7.55571e-05 0.0412167

-0.0178105 -0.00164691 -0.00137412
-0.00164691 -0.0110181 -0.00275967
-0.00137412 -0.00275967 0.0435108

-0.787926 0.0295245 0.0371041
0.0295245 -0.538518 -0.149777
0.0371041 -0.149777 -0.85957

-0.000794858 0.00141779 0.00666508
0.00141779 0.00288221 -0.00331258
0.00666508 -0.00331258 0.123868

-0.804251 -5.38425e-05 0.0125171
-5.38425e-05 -0.803735 -0.121365
0.0125171 -0.121365 -0.641863

-0.888944 9.74103e-05 -0.0350182
9.74103e-05 -0.888769 -0.0784571
-0.0350182 -0.0784571 -0.784122

0.029308 -0.0113866 0.00978339
-0.0113866 0.0335652 0.00733338
0.00978339 0.00733338 -0.00711932

-0.000590012 -0.00177036 0.0114342
-0.00177036 0.00457522 0.0488315
0.0114342 0.0488315 -0.249284

-0.0134037 -0.00395068 0.00814132
-0.00395068 -0.022203 0.0439986
0.00814132 0.0439986 -0.233597

-0.0137989 -0.000761608 -0.00700959
-0.000761608 -0.0251062 0.0500186
-0.00700959 0.0500186 -0.231364

0.0160117 0.00352166 0.00212657
0.00352166 0.00222842 0.0116495
0.00212657 0.0116495 0.0178252

-0.00625959 0.00253752 0.0113658
0.00253752 -0.0138648 0.0390805
0.0113658 0.0390805 -0.200368

0.00327104 0.00144004 -0.00420731
0.00144004 -0.00396327 0.0017048
-0.00420731 0.0017048 0.115066

0.0215558 -0.00360685 6.09221e-05
-0.00360685 0.0107597 0.0180291
6.09221e-05 0.0180291 -0.101717

0.0317469 -0.00109947 -0.00921946
-0.00109947 0.0177965 0.0138638
-0.00921946 0.0138638 -0.0978665

-0.0332731 0.00206536 0.0337489
0.00206536 -0.0532978 0.000995729
0.0337489 0.000995729 -0.36924

0.020276 -0.00722562 0.00249423
-0.00722562 0.00230858 0.00933098
0.00249423 0.00933098 -0.0580557

0.0364696 -0.00120079 -0.00567298
-0.00120079 0.0378191 0.00741349
-0.00567298 0.00741349 0.000740326

0.00340494 -0.00132333 -0.00427759
-0.00132333 0.0017065 -0.00132194
-0.00427759 -0.00132194 0.117318

0.0130142 0.00325563 0.000757547
0.00325563 0.000998157 0.00368349
0.000757547 0.00368349 -0.0418323

0.0252845 0.00286755 0.0160341
0.00286755 0.0306079 -0.0127705
0.0160341 -0.0127705 -0.109356

0.00886142 0.00579348 -0.0104727
0.00579348 0.00154011 0.0125524
-0.0104727 0.0125524 -0.100513

0.0248632 0.0138991 -0.00479917
0.0138991 -0.00791006 0.00453294
-0.00479917 0.00453294 0.0306455

0.0100173 -0.00316488 0.00122923
-0.00316488 0.0123382 -0.00838959
0.00122923 -0.00838959 0.0464656

-0.0229429 -0.00163577 0.0519324
-0.00163577 -0.0231401 0.0250657
0.0519324 0.0250657 -0.350963

-0.00806473 0.00216131 -0.00149259
0.00216131 -0.00120791 -0.000211278
-0.00149259 -0.000211278 0.108731

0.00203372 0.00154784 -0.00399242
0.00154784 -0.00486233 0.00247065
-0.00399242 0.00247065 0.112531

-0.00825302 0.00284814 0.00421093
0.00284814 -0.00604728 0.00822122
0.00421093 0.00822122 0.094107

-0.0230638 0.00724015 0.0394385
0.00724015 -0.0698955 -0.000895222
0.0394385 -0.000895222 -0.374885

-0.00998625 9.01501e-05 -0.00212859
9.01501e-05 -0.0101231 0.000119017
-0.00212859 0.000119017 0.0980788

-0.010422 -0.000606885 -0.00196005
-0.000606885 -0.00141102 0.00612425
-0.00196005 0.00612425 0.100291

-0.0153558 0.00101728 -0.00380372
0.00101728 -0.00285062 0.00560539
-0.00380372 0.00560539 0.0981342

-0.00023811 -0.00166443 0.000907938
-0.00166443 0.0068453 0.00950302
0.000907938 0.00950302 0.120725

-0.00388746 -0.00149206 0.00375549
-0.00149206 -0.00066204 0.0128283
0.00375549 0.0128283 0.122635

0.0330339 0.0114676 -0.00640491
0.0114676 0.0360361 0.0172415
-0.00640491 0.0172415 -0.0264032

-0.00249731 -0.00064878 0.00506983
-0.00064878 0.000237448 0.0127154
0.00506983 0.0127154 0.123986

-0.00388736 -0.000393711 0.00591241
-0.000393711 0.000551562 0.0130122
0.00591241 0.0130122 0.122756

-0.00468218 -0.000436077 -0.00382432
-0.000436077 -0.0112541 -0.000428727
-0.00382432 -0.000428727 0.0783936

-0.00382993 0.000267408 -0.00278093
0.000267408 -0.00392189 0.00333479
-0.00278093 0.00333479 0.0920005

-0.426071 0.0174 -0.0262716
0.0174 0.166782 -0.0720689
-0.0262716 -0.0720689 -0.448917

-0.919183 -0.000237768 0.0506683
-0.000237768 -0.918653 -0.132338
0.0506683 -0.132338 -0.834846

0.00195953 -0.000828272 -0.00417195
-0.000828272 0.00601108 0.0558006
-0.00417195 0.0558006 -0.244665

-0.0700853 0.0132999 0.042458
0.0132999 -0.0711602 0.020782
0.042458 0.020782 -0.384648

-0.0154535 0.0012634 0.0197793
0.0012634 -0.0459031 -0.00538686
0.0197793 -0.00538686 -0.177691

-0.00295019 -0.00119242 -0.0130118
-0.00119242 -0.00391902 0.0479197
-0.0130118 0.0479197 -0.184954

0.00870327 0.00297568 -0.00790609
0.00297568 -0.00504068 0.0353632
-0.00790609 0.0353632 -0.1485

0.00696509 0.00146584 -0.00503681
0.00146584 0.0105611 0.00712404
-0.00503681 0.00712404 0.0465228

0.0313586 -0.0240436 0.0467335
-0.0240436 0.00290211 -0.00773846
0.0467335 -0.00773846 -0.0681358

0.0173092 0.00358091 0.00276508
0.00358091 0.000423843 0.0219131
0.00276508 0.0219131 -0.0301949

0.0461614 -0.0171281 0.0117934
-0.0171281 0.0169246 -0.00486351
0.0117934 -0.00486351 0.0470965

0.00207603 0.0029049 -0.0044627
0.0029049 -0.00334293 0.000756071
-0.0044627 0.000756071 0.115685

-0.00894388 0.00487798 0.000920341
0.00487798 -0.0157338 -0.00440184
0.000920341 -0.00440184 0.0134047

0.00153292 0.00484397 -0.00216711
0.00484397 -0.00535868 -0.00728728
-0.00216711 -0.00728728 0.031092

0.00144216 0.0199525 0.0427577
0.0199525 0.0449734 0.055302
0.0427577 0.055302 -0.261109

-0.0154876 0.00191316 0.00751376
0.00191316 -0.0069439 0.00019709
0.00751376 0.00019709 0.128929

-0.00313521 0.000552018 -0.000394683
0.000552018 0.00697455 0.00907119
-0.000394683 0.00907119 0.119873

-0.00941603 0.000355005 -0.000439316
0.000355005 -0.00354413 0.00744267
-0.000439316 0.00744267 0.118487

-0.0151692 0.00273993 0.00325017
0.00273993 -0.0118098 -0.000339531
0.00325017 -0.000339531 0.0311305

-0.00442569 0.000759543 0.00186634
0.000759543 -0.000610846 0.0110257
0.00186634 0.0110257 0.12388

-0.00329491 -0.00133991 0.00012827
-0.00133991 0.000656421 0.00684841
0.00012827 0.00684841 0.115997

-0.0147925 -0.000684432 0.000141986
-0.000684432 -0.00584053 0.00648639
0.000141986 0.00648639 0.0711015

-0.00684626 -0.00023416 0.00114042
-0.00023416 0.0012465 -0.000483929
0.00114042 -0.000483929 0.0690717

-0.0269604 -0.00169129 0.00143556
-0.00169129 -0.0166366 0.00332305
0.00143556 0.00332305 0.0310178

-0.0177734 -0.00219829 -0.00313776
-0.00219829 -0.0160948 0.00524259
-0.00313776 0.00524259 0.0430434

-0.00206188 0.00160505 0.00229811
0.00160505 0.000462927 -0.00135411
0.00229811 -0.00135411 0.138632

-0.0151563 0.00463464 0.00400701
0.00463464 -0.0206147 0.00379495
0.00400701 0.00379495 0.018239

0.0011679 0.00745287 -0.00750957
0.00745287 0.0036489 -0.0500487
-0.00750957 -0.0500487 -0.219519

-0.584485 -0.0685773 0.0513216
-0.0685773 -0.224315 0.14933
0.0513216 0.14933 -0.669282

-0.876435 0.000207387 0.0378644
0.000207387 -0.87564 0.154488
0.0378644 0.154488 -0.76301

-0.514449 0.0225863 -0.0192294
0.0225863 -0.038214 0.114418
-0.0192294 0.114418 -0.568833

-0.876435 0.000207387 0.0378644
0.000207387 -0.87564 0.154488
0.0378644 0.154488 -0.76301

0.0105359 -0.00254418 0.00327714
-0.00254418 0.00358026 0.00256224
0.00327714 0.00256224 0.0903413

-0.0144968 -0.00014275 0.00985227
-0.00014275 0.0764463 -0.069982
0.00985227 -0.069982 -0.238614

0.0203876 -0.00541214 0.000317124
-0.00541214 -0.000315662 0.00124041
0.000317124 0.00124041 0.0930538

-0.0563341 -0.00354243 -0.00128101
-0.00354243 -0.0512733 -0.0468975
-0.00128101 -0.0468975 -0.3418

-0.000461346 -0.00171055 -0.0147024
-0.00171055 0.00429396 -0.0511594
-0.0147024 -0.0511594 -0.250198

-0.00143717 -0.000496347 0.00198425
-0.000496347 -0.00128979 5.71173e-05
0.00198425 5.71173e-05 0.040314

0.0115453 -0.00994701 -0.0192555
-0.00994701 -0.0112943 -0.0468796
-0.0192555 -0.0468796 -0.194995

0.0193883 -0.00342272 0.00510168
-0.00342272 0.0243543 -0.00620357
0.00510168 -0.00620357 0.0657189

-0.0279106 -0.00585095 -0.00704277
-0.00585095 -0.0373556 -0.0475688
-0.00704277 -0.0475688 -0.227453

-0.00876953 0.00307914 0.00148418
0.00307914 -0.00307415 -0.0033818
0.00148418 -0.0033818 0.110136

0.002865 0.00198141 -0.00200344
0.00198141 -0.00441829 0.00183319
-0.00200344 0.00183319 0.114089

-0.00414749 -0.00549458 -0.0098477
-0.00549458 -0.0148797 -0.046528
-0.0098477 -0.046528 -0.186944

-0.00428789 -0.00258647 -0.0115848
-0.00258647 -0.0153308 -0.0467945
-0.0115848 -0.0467945 -0.177935

0.00212418 -0.00034661 -0.000696799
-0.00034661 -0.00636457 0.00200548
-0.000696799 0.00200548 0.113232

0.00725066 0.00766738 -0.0064902
0.00766738 -0.00920034 -0.0224619
-0.0064902 -0.0224619 -0.116256

0.00977523 0.00186651 0.00633574
0.00186651 0.00288885 0.00818341
0.00633574 0.00818341 0.131529

0.0265882 -0.00244397 -0.00672916
-0.00244397 0.0174628 -0.0311072
-0.00672916 -0.0311072 -0.127653

0.0156207 0.00895476 -0.0048402
0.00895476 -0.000779315 -0.0141228
-0.0048402 -0.0141228 -0.0933197

0.0297374 0.00767092 -0.00574164
0.00767092 0.0140154 -0.0182134
-0.00574164 -0.0182134 -0.0788979

0.0272005 0.00176367 -0.00193818
0.00176367 0.00554785 -0.012783
-0.00193818 -0.012783 -0.085846

0.0342432 0.0112647 0.000478131
0.0112647 0.0216622 -0.00851421
0.000478131 -0.00851421 -0.0611549

0.0363144 -0.000888362 -0.00112295
-0.000888362 0.0127277 -0.0164477
-0.00112295 -0.0164477 -0.0117556

0.0301983 -0.00151447 0.00177787
-0.00151447 0.00359304 -0.0119427
0.00177787 -0.0119427 -0.0207034

0.0212782 -6.7353e-05 -0.00156066
-6.7353e-05 0.0040461 -0.0164957
-0.00156066 -0.0164957 -0.0206711

0.0236037 -0.00960192 -0.00765409
-0.00960192 0.00379056 -0.0162981
-0.00765409 -0.0162981 -0.0488436

-0.000564075 0.00237951 0.0195621
0.00237951 0.0057893 -0.0137423
0.0195621 -0.0137423 -0.0136961

0.0128398 -0.00133765 0.00150512
-0.00133765 -0.00661194 -0.0119688
0.00150512 -0.0119688 -0.031076

0.0140134 0.00163331 -0.00378667
0.00163331 0.00139418 -0.0194183
-0.00378667 -0.0194183 0.0247145

0.024144 -0.00203123 0.00872157
-0.00203123 0.00453742 -0.0168031
0.00872157 -0.0168031 0.029467

-0.00541181 -0.00327249 0.00194713
-0.00327249 -0.00430811 -0.0061268
0.00194713 -0.0061268 0.0301105

-0.0164975 -0.00110411 -0.00338456
-0.00110411 -0.0112988 -0.00736851
-0.00338456 -0.00736851 0.0509036

-0.00298296 0.00026508 0.00377438
0.00026508 0.00833792 -0.0022021
0.00377438 -0.0022021 0.0638685

-0.0156868 0.00628508 -0.00380291
0.00628508 -0.012333 0.00444164
-0.00380291 0.00444164 0.0389331

0.00247967 0.0031835 -0.00350198
0.0031835 -0.000826612 -0.00173914
-0.00350198 -0.00173914 0.0324029

-0.0132662 -0.000815183 -0.0012063
-0.000815183 -0.0105221 -0.0054848
-0.0012063 -0.0054848 0.0587769

-0.0107695 -0.000569028 -0.00264651
-0.000569028 0.000639949 -0.00716282
-0.00264651 -0.00716282 0.0651787

-0.0082255 -0.000820559 -0.00361142
-0.000820559 0.00303218 -0.00699841
-0.00361142 -0.00699841 0.0691728

-0.0180823 -0.00246406 -0.00651941
-0.00246406 -0.00396319 -0.00733002
-0.00651941 -0.00733002 0.0606531

-0.0122742 -0.00605167 0.00151676
-0.00605167 0.00388278 -0.00933188
0.00151676 -0.00933188 0.0774241

0.0126732 0.00183828 -0.00639852
0.00183828 0.0144027 0.00017536
-0.00639852 0.00017536 0.142306

-0.0161704 -0.00272917 -0.00738504
-0.00272917 -0.00196208 -0.00716859
-0.00738504 -0.00716859 0.0642382

-0.00774457 0.000441094 0.000993246
0.000441094 -0.000684057 -0.00536488
0.000993246 -0.00536488 0.102936

-0.0178289 -0.000756302 -0.00288698
-0.000756302 -0.0109222 -0.00580133
-0.00288698 -0.00580133 0.0841006

-0.0153202 0.000120362 0.00158112
0.000120362 -0.0128302 -0.0100666
0.00158112 -0.0100666 0.0988005

-0.00989618 0.00139505 -0.00212983
0.00139505 -0.000767873 -0.00625685
-0.00212983 -0.00625685 0.107194

-0.00767999 -8.43769e-05 -0.0061091
-8.43769e-05 -0.00450779 -0.0075038
-0.0061091 -0.0075038 0.0953178

-0.0155823 -0.000818122 0.00150645
-0.000818122 -0.00946463 -0.00681445
0.00150645 -0.00681445 0.0939274

-0.00649046 0.000319701 0.000431929
0.000319701 0.00152855 -0.00990904
0.000431929 -0.00990904 0.110398

-0.0207723 0.000524238 -0.00614961
0.000524238 -0.0102534 -0.0106437
-0.00614961 -0.0106437 0.0891926

0.00205769 0.000317645 0.000931173
0.000317645 0.0103807 -0.00732019
0.000931173 -0.00732019 0.124555

-0.00232153 0.00286053 0.0110804
0.00286053 -0.00366064 0.00531978
0.0110804 0.00531978 0.123291

-0.00719997 0.000960339 0.00773049
0.000960339 -0.00912472 0.00128389
0.00773049 0.00128389 0.121621

-0.000991433 0.00252461 -0.00362632
0.00252461 0.00595111 -0.00998628
-0.00362632 -0.00998628 0.110109

-0.00333775 -0.000861612 -0.00105838
-0.000861612 -0.0103777 0.00416376
-0.00105838 0.00416376 0.10353

0.0027422 0.00202419 0.00122415
0.00202419 0.00409108 -0.00680127
0.00122415 -0.00680127 0.126735

0.00200573 0.00225531 -0.00517609
0.00225531 0.00302228 -0.0102063
-0.00517609 -0.0102063 0.124174

-0.0270902 0.000445685 0.0367706
0.000445685 -0.0210919 -0.00311234
0.0367706 -0.00311234 -0.307284

0.0580242 -0.00271676 0.00134988
-0.00271676 0.0473204 -0.0120081
0.00134988 -0.0120081 0.000128269

-0.0152404 -0.00254004 -0.003365
-0.00254004 -0.0114164 -0.000998162
-0.003365 -0.000998162 0.0206252

-0.018587 -0.000929724 0.00132474
-0.000929724 -0.0134035 -0.000998289
0.00132474 -0.000998289 0.0186168

-8.25927e-05 -0.000999084 0.00339517
-0.000999084 -0.00178094 0.00403084
0.00339517 0.00403084 0.127527

-0.0151511 0.000436593 -0.00261294
0.000436593 -0.0203144 -0.000685793
-0.00261294 -0.000685793 0.0230175

-0.00251345 -0.000106328 -0.00131783
-0.000106328 0.000969332 0.00110009
-0.00131783 0.00110009 0.123069

0.0812421 0.00131287 -0.0128155
0.00131287 0.129876 -0.0891778
-0.0128155 -0.0891778 -0.0454395

-0.0116847 0.00473143 -0.0121192
0.00473143 -0.0019649 0.0682724
-0.0121192 0.0682724 -0.272178

-0.0162633 -0.00193583 -0.0333365
-0.00193583 -0.0251215 0.0590392
-0.0333365 0.0590392 -0.317011

-0.0241029 0.00551977 -0.0263897
0.00551977 -0.0385486 0.0483945
-0.0263897 0.0483945 -0.30609

-0.0314339 0.00364114 -0.00204196
0.00364114 -0.0449398 0.0479261
-0.00204196 0.0479261 -0.316331

-0.324089 -0.0441139 0.0838887
-0.0441139 -0.548099 0.0186973
0.0838887 0.0186973 -0.433608

0.00419128 0.000307856 0.00604556
0.000307856 0.0124867 -0.00647506
0.00604556 -0.00647506 0.0555585

-0.0591567 0.0139703 0.026276
0.0139703 -0.0457893 0.0253361
0.026276 0.0253361 -0.359736

0.0614633 -0.00398903 0.00339827
-0.00398903 0.0483102 -0.0114758
0.00339827 -0.0114758 0.00840553

-0.0263079 -0.00522591 -0.00212107
-0.00522591 -0.0252282 -0.000356323
-0.00212107 -0.000356323 0.0439931

-0.0197519 -0.000401274 -0.00204265
-0.000401274 -0.0150915 0.00613764
-0.00204265 0.00613764 0.0768957

0.0123982 -0.00390926 -0.0230217
-0.00390926 0.0164915 -0.00997059
-0.0230217 -0.00997059 -0.130613

-0.0314337 -0.000416978 -0.00160278
-0.000416978 -0.0327862 -0.000984857
-0.00160278 -0.000984857 0.0220689

0.0129523 0.00591564 -0.00172297
0.00591564 0.0175925 -0.00937917
-0.00172297 -0.00937917 -0.0167716

0.0613995 -0.00197981 0.000120826
-0.00197981 0.0477187 -0.0111928
0.000120826 -0.0111928 0.00871164

-0.0020038 0.00645053 -0.0097958
0.00645053 0.00337999 -0.0509503
-0.0097958 -0.0509503 -0.216018

0.00238191 0.00138961 -0.00572395
0.00138961 -0.00139434 0.00153913
-0.00572395 0.00153913 0.117524

-0.112682 0.0297749 -0.0235723
0.0297749 -0.150423 -0.00556988
-0.0235723 -0.00556988 -0.450588

0.0210377 -0.00700804 0.000706996
-0.00700804 0.0206791 -0.00822231
0.000706996 -0.00822231 0.0522321

-0.018849 0.000857645 -0.0098588
0.000857645 -0.018265 -0.00265085
-0.0098588 -0.00265085 0.0257368

0.0309814 -0.00239932 -0.00151344
-0.00239932 0.0223872 0.0253918
-0.00151344 0.0253918 -0.0159217

-0.156774 0.00744779 0.00228619
0.00744779 -0.222742 -0.00646584
0.00228619 -0.00646584 -0.486721

0.00987203 -0.00182184 -0.00693768
-0.00182184 0.013111 0.00211631
-0.00693768 0.00211631 0.0403543

-0.123685 0.0409824 -0.00341825
0.0409824 -0.112062 -0.0174519
-0.00341825 -0.0174519 -0.418026

-0.039056 0.00062624 -0.0326643
0.00062624 -0.0375098 -0.0281437
-0.0326643 -0.0281437 -0.268263

0.00588945 -0.00207617 -0.00887505
-0.00207617 0.0329011 0.00475187
-0.00887505 0.00475187 -0.012014

-0.0299386 0.00407606 0.0191006
0.00407606 -0.027379 -0.00925034
0.0191006 -0.00925034 -0.278093

-0.0352697 0.0134881 -0.0062271
0.0134881 -0.0249749 -0.0208611
-0.0062271 -0.0208611 -0.303974

0.00216308 0.00107659 -0.000215533
0.00107659 0.00200626 -0.00199998
-0.000215533 -0.00199998 0.133628

0.0774833 -0.00111439 -0.0150197
-0.00111439 0.0588869 -0.00378879
-0.0150197 -0.00378879 0.0554115

0.0114728 0.00292515 -0.00954009
0.00292515 0.0374963 0.0014874
-0.00954009 0.0014874 -0.00802047

0.00619675 0.0012732 -0.00452299
0.0012732 0.000679151 0.00152138
-0.00452299 0.00152138 0.117461

-0.0328992 0.00150105 -0.010748
0.00150105 -0.0353252 0.0725451
-0.010748 0.0725451 -0.29449

-0.00331805 -0.0016373 0.00383221
-0.0016373 -0.00119162 0.00284537
0.00383221 0.00284537 0.135857

0.0278483 0.0064333 -0.00790406
0.0064333 0.0316783 0.00734278
-0.00790406 0.00734278 -0.148052

-0.0767317 0.011184 -0.0352512
0.011184 -0.0666156 -0.00748648
-0.0352512 -0.00748648 -0.334641

0.0260442 -0.0158027 -0.0111217
-0.0158027 0.0153941 0.00179704
-0.0111217 0.00179704 0.0291529

0.0673096 0.00333609 0.00982148
0.00333609 0.0435206 -0.0062101
0.00982148 -0.0062101 0.0536333

0.0244098 -0.00270877 0.000796058
-0.00270877 0.0126731 0.00853444
0.000796058 0.00853444 0.00795731

-0.010409 0.00689667 -0.0241562
0.00689667 0.000739065 -0.017685
-0.0241562 -0.017685 -0.224992

0.0671855 -0.00272529 0.00195052
-0.00272529 0.0370894 -0.00941743
0.00195052 -0.00941743 0.0351646

0.0181822 0.010806 -0.0163043
0.010806 0.0221519 -0.0547281
-0.0163043 -0.0547281 -0.185103

-0.111287 0.00553455 -0.0315377
0.00553455 -0.112754 -0.0300384
-0.0315377 -0.0300384 -0.40742

-0.2087 0.0553626 -0.0386294
0.0553626 -0.178721 -0.0208692
-0.0386294 -0.0208692 -0.476459

0.0238227 0.00290485 -0.00522049
0.00290485 0.0295816 -0.00646004
-0.00522049 -0.00646004 0.132709

0.00172848 0.000851019 -0.00426836
0.000851019 -0.00544796 0.00181472
-0.00426836 0.00181472 0.110536

-0.0158701 -0.00239929 0.0301
-0.00239929 -0.0251486 -0.0465577
0.0301 -0.0465577 -0.280472

-0.0530909 0.00602998 -0.0037395
0.00602998 -0.0704562 -0.026619
-0.0037395 -0.026619 -0.293318

0.0293928 -0.00525888 -0.00991372
-0.00525888 0.0340337 -0.0126516
-0.00991372 -0.0126516 -0.109831

-0.0158649 0.00543057 -0.00772023
0.00543057 -0.0276027 0.0560214
-0.00772023 0.0560214 -0.252162

0.00288455 -0.00089113 -0.00554948
-0.00089113 0.00299036 0.00104513
-0.00554948 0.00104513 0.0270278

0.032329 -0.0002718 -0.0111579
-0.0002718 0.0344467 -0.0154034
-0.0111579 -0.0154034 -0.107218

-0.00496137 0.000198516 -0.00557387
0.000198516 -0.0111853 -0.00107847
-0.00557387 -0.00107847 0.0761366

-0.0240325 -0.00131758 -0.0175734
-0.00131758 -0.0107344 -0.0301403
-0.0175734 -0.0301403 -0.210202

-0.146132 0.0228909 0.0332657
0.0228909 -0.142166 -0.0131076
0.0332657 -0.0131076 -0.376112

0.0251624 -0.00534136 0.00884501
-0.00534136 0.0280925 0.0177712
0.00884501 0.0177712 -0.0760115

0.0269331 -0.0043358 -0.00427042
-0.0043358 0.00923239 -0.0035884
-0.00427042 -0.0035884 -0.035807

0.0334788 -0.00382361 0.001076
-0.00382361 0.0430874 -0.0184761
0.001076 -0.0184761 0.0583548

-0.000822306 2.84833e-05 0.0053122
2.84833e-05 0.00434219 -0.00303322
0.0053122 -0.00303322 0.0684964

0.00413118 0.00144015 0.00454211
0.00144015 0.00805995 -0.00359262
0.00454211 -0.00359262 0.0701655

0.00152358 0.000763379 -0.00535113
0.000763379 -0.00449673 0.000254101
-0.00535113 0.000254101 0.110642

-0.0128427 0.000656203 0.00140352
0.000656203 -0.00557768 -0.00463764
0.00140352 -0.00463764 0.107547

0.00551142 -0.00318437 0.00283484
-0.00318437 0.00778694 0.00130386
0.00283484 0.00130386 0.141569

0.00575196 0.00138599 -0.0038053
0.00138599 -0.000190049 0.000530241
-0.0038053 0.000530241 0.117591

-0.00715731 0.00115476 0.0010525
0.00115476 -0.00154482 -0.000801167
0.0010525 -0.000801167 0.136858

-0.00823348 0.0037165 -0.000470935
0.0037165 0.00308188 -0.00058018
-0.000470935 -0.00058018 0.137237

-0.00866184 0.00444589 -0.00622883
0.00444589 -0.0173356 -0.00394204
-0.00622883 -0.00394204 0.0200947

0.00302148 0.00332921 -0.00499473
0.00332921 0.00377073 -0.00426605
-0.00499473 -0.00426605 0.118256

0.00829953 0.00124321 -0.000958179
0.00124321 0.0108487 0.000171001
-0.000958179 0.000171001 0.146175

0.0179257 0.00068211 0.0177427
0.00068211 0.00952074 0.0306917
0.0177427 0.0306917 -0.203248

-0.0104585 -0.00217553 0.00223193
-0.00217553 -0.00710936 0.00106383
0.00223193 0.00106383 0.124625

-0.000401995 0.00106626 0.000425471
0.00106626 0.000200023 -0.00126599
0.000425471 -0.00126599 0.13624

-0.0192837 0.000328893 0.00140911
0.000328893 -0.00938681 -0.00202936
0.00140911 -0.00202936 0.126636

0.0651623 0.0425999 0.0562256
0.0425999 0.0746787 0.0921364
0.0562256 0.0921364 -0.143447

-0.00334186 0.000334044 0.00377038
0.000334044 0.00369453 0.000583438
0.00377038 0.000583438 0.136425

0.0101573 0.0114147 -0.00811821
0.0114147 0.00325424 -0.00416286
-0.00811821 -0.00416286 0.0289038

0.0174668 -0.00684813 0.00088753
-0.00684813 0.0157767 0.0106584
0.00088753 0.0106584 -0.120068

-0.00474966 0.00105309 0.00151803
0.00105309 -0.000546552 -0.00083466
0.00151803 -0.00083466 0.137115

0.0400578 -0.00851567 -0.00569925
-0.00851567 0.0292148 -0.000528164
-0.00569925 -0.000528164 0.0326319

0.00770878 0.00396691 0.0336425
0.00396691 0.00300335 -0.0360803
0.0336425 -0.0360803 -0.251031

-0.351807 -0.0156115 0.0648366
-0.0156115 -0.620768 0.124568
0.0648366 0.124568 -0.568327

0.03388 -0.00757886 -0.00867206
-0.00757886 0.0193331 -0.00610657
-0.00867206 -0.00610657 0.0175313

-0.0182018 0.000986398 0.00414377
0.000986398 -0.0142752 0.0030293
0.00414377 0.0030293 0.116322

-0.876435 0.000207387 0.0378644
0.000207387 -0.87564 0.154488
0.0378644 0.154488 -0.76301

-0.0102938 1.92665e-05 0.00311046
1.92665e-05 -0.00670605 -0.00445818
0.00311046 -0.00445818 0.0953316

-0.489159 -0.020426 0.0450363
-0.020426 -0.232274 0.0991041
0.0450363 0.0991041 -0.367104

-0.0108821 -0.00162457 0.00531745
-0.00162457 -0.00578023 0.00149884
0.00531745 0.00149884 0.115184

-0.0010557 -0.000109583 0.000672939
-0.000109583 -0.00667814 0.0043466
0.000672939 0.0043466 0.119003

0.000945716 -0.00382183 -0.00568927
-0.00382183 0.00205836 -0.000271053
-0.00568927 -0.000271053 0.0577618

0.00936604 0.00382876 0.00480193
0.00382876 0.00741009 0.000134564
0.00480193 0.000134564 0.144301

-0.00229949 0.00127426 0.00184277
0.00127426 0.002524 -0.00215929
0.00184277 -0.00215929 0.127961

0.0290656 -0.00543513 0.0108374
-0.00543513 0.0249 0.0137595
0.0108374 0.0137595 -0.0769648

-0.135321 0.0119715 -0.0319335
0.0119715 -0.139168 0.00255065
-0.0319335 0.00255065 -0.454973

0.0161419 0.00169119 0.00839753
0.00169119 0.00875509 0.00366439
0.00839753 0.00366439 0.128646

0.0715994 -0.00214957 0.00152872
-0.00214957 0.0621232 -0.00616457
0.00152872 -0.00616457 0.0220332

-0.0183727 0.00125116 0.00386638
0.00125116 -0.0123952 -0.00257738
0.00386638 -0.00257738 0.113918

0.0125019 -0.00946928 0.00451095
-0.00946928 0.0108018 0.00872678
0.00451095 0.00872678 -0.0874679

-0.0209185 -0.00011332 0.00541909
-0.00011332 -0.0145336 0.00274528
0.00541909 0.00274528 0.100921

-0.0154144 0.0024831 0.0106129
0.0024831 -0.0083564 0.00480848
0.0106129 0.00480848 0.105027

-0.0199627 0.00321549 0.00607718
0.00321549 -0.0136805 -0.00406767
0.00607718 -0.00406767 0.099449

-0.0205781 -0.00295325 -0.00164982
-0.00295325 -0.0173201 0.008373
-0.00164982 0.008373 0.075443

-0.0244191 6.21146e-05 0.00584788
6.21146e-05 -0.0266639 0.00131473
0.00584788 0.00131473 0.0636569

-0.0139859 0.00150458 0.00868327
0.00150458 -0.018379 0.0034782
0.00868327 0.0034782 0.0769499

-0.0161797 0.00294149 0.00501408
0.00294149 -0.00677842 -0.00664341
0.00501408 -0.00664341 0.11044

-0.0708239 0.00517937 -0.00180801
0.00517937 -0.0746492 -0.0455219
-0.00180801 -0.0455219 -0.344437

0.0323807 -0.00954895 0.00441332
-0.00954895 0.0378757 0.0155249
0.00441332 0.0155249 -0.0609661

0.00190657 0.000303637 0.00410529
0.000303637 0.00763613 0.0106113
0.00410529 0.0106113 0.131133

-0.000192014 0.00215293 -1.86763e-05
0.00215293 0.00155531 -0.00361171
-1.86763e-05 -0.00361171 0.124681

0.0289861 -0.000251692 0.0113416
-0.000251692 0.0238559 0.0136277
0.0113416 0.0136277 -0.096755

-0.0117063 0.000295375 0.00308713
0.000295375 -0.00566407 0.00667686
0.00308713 0.00667686 0.107954

0.0504525 0.0154065 0.00758147
0.0154065 0.0320698 -0.000634073
0.00758147 -0.000634073 -0.0235214

-0.214617 -0.0070517 0.00568595
-0.0070517 -0.243955 0.00402133
0.00568595 0.00402133 -0.474001

-0.00239658 -0.00126202 0.00199602
-0.00126202 0.00076621 0.00219656
0.00199602 0.00219656 0.135828

-0.0178933 6.80852e-05 -0.00532584
6.80852e-05 -0.0118727 -0.0523025
-0.00532584 -0.0523025 -0.220651

0.0353759 -0.00394181 0.0267324
-0.00394181 0.0564193 -0.0230493
0.0267324 -0.0230493 -0.0754823

-0.102745 0.0686756 -0.0669204
0.0686756 -0.057749 -0.035828
-0.0669204 -0.035828 -0.441252

0.02523 0.00165904 0.00789437
0.00165904 0.020483 -0.0112977
0.00789437 -0.0112977 -0.108686

-0.0169207 -0.000145227 -0.00526481
-0.000145227 -0.00840776 -0.00515428
-0.00526481 -0.00515428 0.120849

-0.0617742 0.0806147 -0.0548226
0.0806147 0.13909 -0.0537706
-0.0548226 -0.0537706 -0.3529

0.0130942 0.00170906 -0.00956382
0.00170906 0.0082606 -0.0156531
-0.00956382 -0.0156531 -0.126175

0.0393353 -0.00737022 0.00916977
-0.00737022 0.0394519 0.0172893
0.00916977 0.0172893 -0.0663991

0.00829262 0.000753741 -0.0106386
0.000753741 0.00631137 0.0050691
-0.0106386 0.0050691 0.0415406

0.0103967 0.00523758 0.00712381
0.00523758 0.0194943 -0.00667911
0.00712381 -0.00667911 -0.109045

0.0642867 -0.00101335 0.00107999
-0.00101335 0.0303236 -0.0044389
0.00107999 -0.0044389 0.0344322

-0.156623 0.0155795 -0.0650301
0.0155795 -0.296708 0.0107808
-0.0650301 0.0107808 -0.477967

-0.189776 0.0248149 -0.0475089
0.0248149 -0.298462 -0.0123807
-0.0475089 -0.0123807 -0.485775

0.0161319 0.00466042 -0.0118189
0.00466042 0.0168022 0.00122631
-0.0118189 0.00122631 0.089135

-0.115692 0.0151531 -0.064808
0.0151531 -0.12864 -0.1323
-0.064808 -0.1323 -0.35336

-0.00579455 0.00273796 -0.00159877
0.00273796 -0.00483949 0.00558328
-0.00159877 0.00558328 0.0811785

0.0353378 -0.00922984 0.0389709
-0.00922984 -0.0037204 -0.0299203
0.0389709 -0.0299203 -0.276194

0.0440434 -0.00194978 -0.0122477
-0.00194978 0.053403 -0.00244771
-0.0122477 -0.00244771 -0.0910045

-0.169122 0.00906277 -0.032173
0.00906277 -0.196662 -0.00608326
-0.032173 -0.00608326 -0.493393

-0.00440943 0.00153016 -0.00383674
0.00153016 -0.0078092 -0.00116599
-0.00383674 -0.00116599 0.100078

-0.00391145 0.00326655 -0.000509561
0.00326655 0.00233386 -0.0031537
-0.000509561 -0.0031537 0.137818

0.0602431 -0.0196579 -0.0959956
-0.0196579 -0.047756 0.0147259
-0.0959956 0.0147259 -0.0679955

-0.498688 -0.106913 -0.152493
-0.106913 -0.73011 -0.22316
-0.152493 -0.22316 -0.749856

0.0245369 0.0142404 -0.0957785
0.0142404 -0.121287 0.0174382
-0.0957785 0.0174382 -0.189541

-0.105239 -0.0260415 -0.147604
-0.0260415 -0.118752 0.0719128
-0.147604 0.0719128 -0.343528

0.0698282 0.0255088 -0.0914008
0.0255088 -0.0504917 -0.0148628
-0.0914008 -0.0148628 -0.0800678

-0.225581 -0.130593 -0.0351746
-0.130593 -0.450711 0.101849
-0.0351746 0.101849 -0.383717

0.0650538 -0.02586 -0.0605676
-0.02586 0.0387119 0.0797002
-0.0605676 0.0797002 -0.0910273

-0.270673 -0.0846618 -0.104257
-0.0846618 -0.53769 0.00951754
-0.104257 0.00951754 -0.458585

-0.0140374 -0.00384061 -0.0305161
-0.00384061 -0.0228154 -0.0551833
-0.0305161 -0.0551833 -0.215967

-0.35428 -0.123003 -0.0650673
-0.123003 -0.552533 -0.0101695
-0.0650673 -0.0101695 -0.416969

-0.0162185 0.00175468 -0.000587294
0.00175468 -0.0236342 0.0334549
-0.000587294 0.0334549 -0.188975

-0.00203368 0.000804897 0.00235383
0.000804897 -0.0102757 0.00480986
0.00235383 0.00480986 0.0657494

-0.0362559 -0.000131918 0.011929
-0.000131918 -0.0343245 0.00487134
0.011929 0.00487134 0.0306861

0.0545529 0.00977189 0.105957
0.00977189 -0.11346 0.0186934
0.105957 0.0186934 -0.212778

-0.0867447 -0.0112579 0.124093
-0.0112579 -0.108307 -0.0691236
0.124093 -0.0691236 -0.305665

-0.284135 -0.11649 0.0918651
-0.11649 -0.526124 0.0320617
0.0918651 0.0320617 -0.415468

-0.0165808 0.0102893 0.00175443
0.0102893 -0.0222181 0.000724814
0.00175443 0.000724814 0.0264117

-0.0356361 0.00158078 -0.00351706
0.00158078 -0.0371091 -0.00372548
-0.00351706 -0.00372548 0.00813002

-0.0101987 0.00742231 0.00193737
0.00742231 -0.0172892 0.00182807
0.00193737 0.00182807 0.0250203

-0.0164245 -0.00170879 0.00552685
-0.00170879 -0.0324679 -0.00406483
0.00552685 -0.00406483 0.0326171

-0.035448 0.00231406 -0.00373242
0.00231406 -0.0354627 0.006528
-0.00373242 0.006528 0.0184465

-0.00952838 0.0039048 -0.00284862
0.0039048 -0.0162042 0.000871896
-0.00284862 0.000871896 0.0432743

-0.0273347 -0.00379084 0.00149264
-0.00379084 -0.0252829 -0.0013121
0.00149264 -0.0013121 0.0212688

-0.0156097 0.0156531 0.0920219
0.0156531 -0.119221 0.0751898
0.0920219 0.0751898 -0.37801

0.0679312 -0.000797183 0.00133789
-0.000797183 0.0533598 -0.00884654
0.00133789 -0.00884654 0.021487

0.0071498 -0.00332084 0.00572389
-0.00332084 -0.00207254 0.0418236
0.00572389 0.0418236 -0.199635

-0.00805332 -0.000659337 -0.00205332
-0.000659337 -0.0164818 -0.00110138
-0.00205332 -0.00110138 0.0444659

-0.0378068 0.0520935 0.104853
0.0520935 -0.0494666 0.0603941
0.104853 0.0603941 -0.269828

-0.173581 -0.0191349 0.107804
-0.0191349 -0.491862 0.0237293
0.107804 0.0237293 -0.431439

-0.0272733 0.00389306 -0.00444377
0.00389306 -0.0335764 0.00170385
-0.00444377 0.00170385 0.0158362

-0.295193 0.125848 0.042798
0.125848 -0.526284 0.120962
0.042798 0.120962 -0.51121

-0.0212105 -0.00293305 -0.00360055
-0.00293305 -0.0205537 0.00152575
-0.00360055 0.00152575 0.0312325

-0.000327172 -0.00617508 -0.00557696
-0.00617508 -0.00653718 -0.00376961
-0.00557696 -0.00376961 -0.0522204

0.0349778 0.00613482 0.00717071
0.00613482 0.017655 0.0112772
0.00717071 0.0112772 -0.0198905

-0.00134965 0.000912275 -0.00192041
0.000912275 -0.00631309 0.00110229
-0.00192041 0.00110229 0.111237

0.0092303 0.00500377 -0.00120664
0.00500377 0.00406176 0.00332514
-0.00120664 0.00332514 0.0903843

0.0155817 0.00161853 0.00566915
0.00161853 0.00683692 -0.00751019
0.00566915 -0.00751019 -0.0253758

0.070356 -0.00419559 0.00268149
-0.00419559 0.0562474 -0.00887908
0.00268149 -0.00887908 0.02331

0.0521326 -0.00427975 0.0140006
-0.00427975 0.0519903 -0.00843391
0.0140006 -0.00843391 0.0786332

-0.0138399 0.00194931 -0.0109899
0.00194931 0.00142236 -0.00331295
-0.0109899 -0.00331295 0.0675129

-0.0263651 0.0011454 -0.0113738
0.0011454 -0.0187632 -0.0107692
-0.0113738 -0.0107692 0.0542059

0.0404394 0.00428745 -0.00180192
0.00428745 0.0259249 0.0160545
-0.00180192 0.0160545 0.00898877

-0.0188325 -0.00547859 -0.00324406
-0.00547859 -0.0181132 -0.00283098
-0.00324406 -0.00283098 0.0233386

0.0660339 -0.0025148 0.00383678
-0.0025148 0.0320851 -0.00487713
0.00383678 -0.00487713 0.0356207

-0.00903929 0.000315667 0.00224401
0.000315667 -0.00161087 -0.00547534
0.00224401 -0.00547534 0.113058

-0.00708219 -0.00128846 0.00522803
-0.00128846 -0.00239164 0.00608352
0.00522803 0.00608352 0.126828

-0.00308962 -0.00148695 0.00383838
-0.00148695 -0.000325699 0.00582333
0.00383838 0.00582333 0.130639

-0.0238797 -0.00623801 -0.000565521
-0.00623801 -0.023687 0.000219763
-0.000565521 0.000219763 0.0506182

-0.0370272 -0.00338036 0.00966881
-0.00338036 -0.0417133 -0.00151179
0.00966881 -0.00151179 0.0105181

-0.00413107 -0.000644665 0.000839575
-0.000644665 -0.000539244 0.00166177
0.000839575 0.00166177 0.121011

0.00270425 -0.00123144 -0.000540641
-0.00123144 -0.00504774 0.000334848
-0.000540641 0.000334848 0.107561

0.000944878 -0.00198484 -0.00785955
-0.00198484 -8.93175e-05 -0.0030911
-0.00785955 -0.0030911 0.130508

0.000263502 -0.000375882 -0.000217371
-0.000375882 -0.00717928 0.00125689
-0.000217371 0.00125689 0.101729

-0.0234429 -1.43648e-05 -0.00499274
-1.43648e-05 -0.0305528 -0.00211742
-0.00499274 -0.00211742 0.0347182

-0.0234373 0.00401543 0.0028947
0.00401543 -0.0191147 0.00342658
0.0028947 0.00342658 0.0553484

-0.0155681 -0.00263085 0.00710904
-0.00263085 -0.0233958 0.0122264
0.00710904 0.0122264 0.00129674

-0.00165962 0.00316825 0.00533028
0.00316825 0.00501461 0.00702772
0.00533028 0.00702772 0.0982121

-0.056207 0.011576 0.00913561
0.011576 -0.0523644 0.00413506
0.00913561 0.00413506 -0.333366

-0.0185124 -0.00299645 0.000381035
-0.00299645 -0.0222621 0.00249873
0.000381035 0.00249873 0.0501849

0.0120591 -0.00702055 0.0049225
-0.00702055 0.0267557 -0.0054233
0.0049225 -0.0054233 -0.105226

0.0687324 -0.00195371 0.00202103
-0.00195371 0.0394284 -0.00845651
0.00202103 -0.00845651 0.0366906

0.0540622 0.00368655 0.0149175
0.00368655 0.0383034 -0.000673367
0.0149175 -0.000673367 0.0334752

-0.0166115 -0.00482674 -0.00115875
-0.00482674 -0.00971762 -0.00176638
-0.00115875 -0.00176638 0.0435023

0.00429279 -0.00109943 -0.00536096
-0.00109943 -0.00047034 0.00100963
-0.00536096 0.00100963 0.109423

-0.0216864 -0.00623184 -0.0034062
-0.00623184 -0.0190748 -0.00238924
-0.0034062 -0.00238924 0.0224254

-0.0111767 -0.00698518 -0.00381995
-0.00698518 -0.0168508 0.00947645
-0.00381995 0.00947645 0.0483298

-0.00615137 0.00015313 0.015305
0.00015313 -0.00891144 0.00186497
0.015305 0.00186497 0.106875

-0.02362 0.00373372 0.00132438
0.00373372 -0.0194482 0.00278581
0.00132438 0.00278581 0.0554552

0.00202391 -0.00118867 0.000637654
-0.00118867 -0.00333495 0.00154547
0.000637654 0.00154547 0.110874

-0.00407816 0.00272192 0.00530584
0.00272192 0.00321876 0.00701973
0.00530584 0.00701973 0.0966309

-0.0207206 0.00316389 0.0075678
0.00316389 -0.0208615 -0.000957853
0.0075678 -0.000957853 0.0505533

-0.00988992 0.00189652 0.00574272
0.00189652 -0.0107912 0.00565483
0.00574272 0.00565483 0.109034

-0.000325341 0.00394527 -0.0100323
0.00394527 -0.0108271 0.00288324
-0.0100323 0.00288324 -0.0598791

-0.0202865 0.00265282 0.00784062
0.00265282 -0.0103551 -0.00661432
0.00784062 -0.00661432 0.104877

-0.0149552 0.000887121 -0.0221648
0.000887121 -0.0047229 -0.0143737
-0.0221648 -0.0143737 -0.211667

-0.0192857 -0.00260345 0.00682386
-0.00260345 -0.0183286 0.00171708
0.00682386 0.00171708 0.0987537

0.00758083 -0.0054722 0.00125453
-0.0054722 0.0219802 -0.0115827
0.00125453 -0.0115827 0.0360922

-0.0102819 5.32496e-05 0.00233348
5.32496e-05 -0.0036755 -0.00409923
0.00233348 -0.00409923 0.111894

0.00133392 -0.00180215 -0.0120849
-0.00180215 0.00115192 -0.00435547
-0.0120849 -0.00435547 0.132858

-0.0104948 -0.00513048 0.00267752
-0.00513048 -0.0165341 0.00286214
0.00267752 0.00286214 0.0768989

-0.012679 -0.00178285 -0.00934631
-0.00178285 -0.0137398 -0.00121615
-0.00934631 -0.00121615 0.108243

-0.00291557 0.000994828 0.00564412
0.000994828 0.00103586 0.00760612
0.00564412 0.00760612 0.115593

0.0504377 0.00555796 0.00386851
0.00555796 0.0523337 -0.00388829
0.00386851 -0.00388829 -0.101933

0.000385105 -0.00191669 0.000944439
-0.00191669 -0.00463698 0.00236295
0.000944439 0.00236295 0.106453

0.00153179 0.0010823 -0.00425928
0.0010823 0.000967153 0.00137889
-0.00425928 0.00137889 0.113913

-0.0281739 0.00158944 -0.112081
0.00158944 -0.10572 0.0335913
-0.112081 0.0335913 -0.114648

0.00332574 0.00242419 0.00197643
0.00242419 -0.000996756 0.00244187
0.00197643 0.00244187 0.0726637

-0.00950058 0.00229122 -0.00440866
0.00229122 -0.0083136 0.00258652
-0.00440866 0.00258652 0.0624154

-0.0247319 -0.000165488 -0.00303838
-0.000165488 -0.0294902 0.000138025
-0.00303838 0.000138025 0.0337179

-0.024106 -0.000104746 -0.0034758
-0.000104746 -0.0237364 0.000963655
-0.0034758 0.000963655 0.0364215

0.00453745 0.000855033 -0.000127417
0.000855033 0.00628923 -0.00149604
-0.000127417 -0.00149604 0.136041

0.132755 -0.0486632 0.0571198
-0.0486632 0.00995953 -0.0598399
0.0571198 -0.0598399 -0.11592

0.00630281 0.00161832 -0.00475473
0.00161832 0.00853455 0.00753472
-0.00475473 0.00753472 0.045983

-0.00980325 -0.000467451 0.00409898
-0.000467451 -0.00341175 0.00430433
0.00409898 0.00430433 0.124641

-0.0271619 -0.00258966 0.00722289
-0.00258966 -0.034126 -0.00256911
0.00722289 -0.00256911 0.0266467

-0.0195968 -0.00268293 0.00573274
-0.00268293 -0.0330623 -0.0023295
0.00573274 -0.0023295 0.0164217

-0.0141034 0.00247196 0.00526922
0.00247196 -0.0170046 0.00430696
0.00526922 0.00430696 0.0868697

0.00237992 -0.00139873 0.000828568
-0.00139873 -0.000157386 -7.3652e-05
0.000828568 -7.3652e-05 0.124552

-0.000792622 0.00131147 0.00162398
0.00131147 0.00458897 0.000358038
0.00162398 0.000358038 0.138135

-0.00755768 2.57709e-05 0.00514468
2.57709e-05 -0.00500032 0.00283202
0.00514468 0.00283202 0.122416

-0.0076626 -0.00040133 0.00265253
-0.00040133 -0.00104355 0.00459119
0.00265253 0.00459119 0.12892

-0.00669953 0.00060497 0.00484693
0.00060497 -0.00336639 0.00310725
0.00484693 0.00310725 0.127059

-0.0164004 -0.000203129 0.00331544
-0.000203129 -0.0216196 -0.00183866
0.00331544 -0.00183866 0.0739012

-0.00151779 0.00251354 0.000153091
0.00251354 0.0109255 0.00999574
0.000153091 0.00999574 0.0887445

-0.0179712 -0.000909221 0.00607572
-0.000909221 -0.0268379 -0.00323885
0.00607572 -0.00323885 0.0334664

-0.00185301 -0.000450057 -8.83637e-05
-0.000450057 -0.00691658 -0.000640786
-8.83637e-05 -0.000640786 0.105228

-0.0108985 0.000510042 0.000572301
0.000510042 -0.00154581 0.0036461
0.000572301 0.0036461 0.121941

0.0228167 0.00533134 0.0109077
0.00533134 0.0221606 -0.00725501
0.0109077 -0.00725501 0.06253

-0.030614 0.00207135 0.00166496
0.00207135 -0.0250618 0.00179235
0.00166496 0.00179235 0.0498707

-0.00945728 0.00328213 -0.00601611
0.00328213 -0.022406 -0.00136914
-0.00601611 -0.00136914 0.0570273

-0.000516035 -0.00275095 0.00725079
-0.00275095 -0.00140621 -0.00149088
0.00725079 -0.00149088 0.125868

-0.00139454 -0.00268553 0.000969795
-0.00268553 -0.00521807 0.00300071
0.000969795 0.00300071 0.118158

-0.00620694 0.00119777 0.00362198
0.00119777 -0.00117992 0.00218108
0.00362198 0.00218108 0.127992

-0.00277035 -0.000614896 -0.00238984
-0.000614896 -0.0114051 -0.00366353
-0.00238984 -0.00366353 0.102769

-0.000709272 0.00237272 0.00377082
0.00237272 0.00361133 -0.00030672
0.00377082 -0.00030672 0.140489

-0.00293123 -0.000239088 0.00430529
-0.000239088 -0.00106011 0.00357555
0.00430529 0.00357555 0.136333

-0.00383904 -0.00131544 0.00843684
-0.00131544 -0.00375462 -0.00481124
0.00843684 -0.00481124 0.122434

-0.00341775 0.0096105 0.0120594
0.0096105 -0.0109644 -0.026645
0.0120594 -0.026645 -0.189095

-0.022688 -0.000583344 -0.0224602
-0.000583344 -0.016915 -0.00946708
-0.0224602 -0.00946708 -0.227109

-0.00693946 -0.00286404 0.00168507
-0.00286404 -0.00295998 0.00188518
0.00168507 0.00188518 0.128333

-0.00582878 -0.00187385 0.00658989
-0.00187385 -0.00769129 0.000909466
0.00658989 0.000909466 0.118582

-0.0119055 -0.000582392 0.00802047
-0.000582392 -0.0120958 -0.00229141
0.00802047 -0.00229141 0.108146

0.010536 0.000897018 0.00154479
0.000897018 0.0133742 0.00506928
0.00154479 0.00506928 -0.146646

0.0333511 -0.000915783 0.00716022
-0.000915783 0.0232227 0.0175577
0.00716022 0.0175577 -0.096949

-0.00605128 0.0055921 -0.00431127
0.0055921 -0.00172532 -0.0504303
-0.00431127 -0.0504303 -0.219598

0.0210897 0.00562952 0.0125542
0.00562952 0.0145516 0.0134794
0.0125542 0.0134794 -0.129987

-0.0636257 0.010271 -0.00997893
0.010271 -0.0647849 0.0279597
-0.00997893 0.0279597 -0.302534

-0.919183 -0.000237768 0.0506683
-0.000237768 -0.918653 -0.132338
0.0506683 -0.132338 -0.834846

-0.370136 -0.0632189 0.0568018
-0.0632189 -0.587683 -0.144244
0.0568018 -0.144244 -0.541553

0.0239667 -0.0352694 0.0531247
-0.0352694 0.0916592 -0.0732802
0.0531247 -0.0732802 -0.123436

-0.218599 -0.0226332 -0.0385535
-0.0226332 -0.203865 -0.0512347
-0.0385535 -0.0512347 -0.523781

-0.244807 -0.0235731 0.0210007
-0.0235731 -0.159185 -0.0219437
0.0210007 -0.0219437 -0.401608

-0.0830044 -0.0122408 0.00245476
-0.0122408 -0.032666 0.0716059
0.00245476 0.0716059 -0.345767

0.0848674 -0.000296229 -0.0202359
-0.000296229 0.0202305 0.0130884
-0.0202359 0.0130884 -0.256889

-0.00817013 -0.00285263 0.0050261
-0.00285263 -0.000463364 0.000896017
0.0050261 0.000896017 0.117789

-0.49946 0.0223287 0.0570415
0.0223287 -0.214682 -0.0886949
0.0570415 -0.0886949 -0.411842

-0.0238654 0.000444145 -0.00967911
0.000444145 -0.0182188 -0.00151165
-0.00967911 -0.00151165 0.0835408

-0.00579027 -0.00197897 0.00224712
-0.00197897 -0.00317172 0.00238937
0.00224712 0.00238937 0.0885179

-0.00647122 0.00307595 -0.000577056
0.00307595 -0.00530862 0.00381072
-0.000577056 0.00381072 0.0811083

0.0255085 0.0120091 0.00763867
0.0120091 0.0276546 -0.00378124
0.00763867 -0.00378124 0.0235318

0.00485777 0.00172913 -0.00499353
0.00172913 0.00287921 0.00141004
-0.00499353 0.00141004 0.115829

-0.130723 -0.0284284 -0.067704
-0.0284284 0.0217086 0.0836562
-0.067704 0.0836562 -0.408894

-0.147655 0.0185321 0.0213091
0.0185321 -0.0844724 -0.00918095
0.0213091 -0.00918095 -0.28329

-0.00279969 1.58852e-05 -0.00206278
1.58852e-05 -0.0063678 0.000740524
-0.00206278 0.000740524 0.106151

-0.0540614 -0.00858742 0.0207067
-0.00858742 -0.0360815 0.0342209
0.0207067 0.0342209 -0.320468

0.00167244 -0.00481614 0.00344114
-0.00481614 -0.00350754 0.00201458
0.00344114 0.00201458 0.116267

-0.010406 -0.00512468 0.000975852
-0.00512468 -0.00590408 0.00173373
0.000975852 0.00173373 0.0851114

-0.0222885 0.000160991 -0.000192811
0.000160991 -0.0247222 0.00684387
-0.000192811 0.00684387 0.0815017

-0.0384185 -0.00442965 0.0213168
-0.00442965 -0.0430769 -0.0502683
0.0213168 -0.0502683 -0.302323

0.0063617 0.000809449 0.00292941
0.000809449 -0.00415422 -0.000578684
0.00292941 -0.000578684 0.11756

-0.00286555 0.00205762 0.00772351
0.00205762 0.000163526 0.0110135
0.00772351 0.0110135 0.135473

0.00125763 0.00350639 -0.000586304
0.00350639 -0.00500533 0.00390788
-0.000586304 0.00390788 0.115998

0.00967635 0.000658341 0.00315779
0.000658341 0.00291403 -0.000534318
0.00315779 -0.000534318 0.119545

-0.00831211 -0.00321082 0.0335609
-0.00321082 0.00862282 0.0372035
0.0335609 0.0372035 -0.279345

-0.0250324 0.00369369 0.00225159
0.00369369 -0.00237887 0.0713004
0.00225159 0.0713004 -0.296076

-0.00152719 0.00186398 0.00727642
0.00186398 0.00454158 0.0115201
0.00727642 0.0115201 0.13498

0.000238344 0.00195272 0.00527225
0.00195272 0.00723356 0.00775112
0.00527225 0.00775112 0.133601

-0.00630012 0.00330343 0.00652786
0.00330343 0.00284688 0.0134542
0.00652786 0.0134542 0.12274

-0.0158359 0.00213522 0.003579
0.00213522 -0.0089262 0.00511667
0.003579 0.00511667 0.105855

-0.00566343 0.00333126 0.00676709
0.00333126 0.00274869 0.00957907
0.00676709 0.00957907 0.12454

-0.00265132 -0.00931232 0.02385
-0.00931232 0.00548466 0.0344648
0.02385 0.0344648 -0.19378

-0.0420882 0.00190185 -0.00481136
0.00190185 -0.0304425 -0.0485647
-0.00481136 -0.0485647 -0.334136

-0.0111152 -8.50451e-05 0.00390653
-8.50451e-05 -0.0199921 -0.00132119
0.00390653 -0.00132119 0.0780433

0.0285545 -0.00476119 -0.0017684
-0.00476119 0.0178312 0.0153588
-0.0017684 0.0153588 -0.0246549

-0.112354 -0.0257982 0.0222045
-0.0257982 -0.0748428 -0.0548153
0.0222045 -0.0548153 -0.378917

-0.00385587 0.00156847 4.52211e-05
0.00156847 -0.0159562 -0.0097034
4.52211e-05 -0.0097034 0.0452203

-0.000299257 -0.00726147 0.00688548
-0.00726147 -0.00418817 -0.00359015
0.00688548 -0.00359015 0.0347444

-0.00897389 -0.00805563 0.00788102
-0.00805563 0.0140248 0.00411547
0.00788102 0.00411547 -0.129545

-0.00749593 0.000804236 -0.00267125
0.000804236 -0.0171759 0.00635234
-0.00267125 0.00635234 0.0869247

0.0305864 -4.34074e-05 -0.0160176
-4.34074e-05 0.0186953 0.0157281
-0.0160176 0.0157281 -0.0233862

0.000646873 -0.001424 -0.00578923
-0.001424 0.000704846 0.00814388
-0.00578923 0.00814388 0.0227959

0.0143742 0.00419046 0.0106575
0.00419046 0.0096334 0.0122624
0.0106575 0.0122624 -0.137247

-0.00704205 0.00158429 -0.00433051
0.00158429 -0.01979 -0.0283718
-0.00433051 -0.0283718 0.0205469

-0.0201727 -0.00531593 0.0111709
-0.00531593 0.00167283 0.00103141
0.0111709 0.00103141 -0.144879

-0.113583 0.0102012 0.00805091
0.0102012 -0.0890562 0.0100412
0.00805091 0.0100412 -0.425771

-0.00131242 0.00771935 0.0143983
0.00771935 0.00633113 -0.0271389
0.0143983 -0.0271389 -0.150938

0.025736 0.0109477 0.0124093
0.0109477 0.00932409 -0.0195084
0.0124093 -0.0195084 -0.109173

0.0394487 -0.00792164 -0.0188211
-0.00792164 0.0306119 0.0440303
-0.0188211 0.0440303 -0.227533

0.0394687 0.00894138 0.00218338
0.00894138 0.0344321 -0.0194747
0.00218338 -0.0194747 -0.117428

0.00383262 -0.00407714 0.0077889
-0.00407714 0.0156908 0.00786804
0.0077889 0.00786804 -0.0827071

0.0054588 0.000455681 -0.00333477
0.000455681 -0.00399411 -0.000301678
-0.00333477 -0.000301678 0.104128

0.0016166 0.00256114 0.00607805
0.00256114 0.0351412 -0.00260783
0.00607805 -0.00260783 -0.0796716

-0.0537136 0.00529063 0.00572116
0.00529063 -0.0611132 0.0246735
0.00572116 0.0246735 -0.338938

-0.00062512 -0.000200836 0.000912103
-0.000200836 0.0039104 0.000882237
0.000912103 0.000882237 0.128948

0.00583279 -0.000238835 -0.00467607
-0.000238835 0.00155246 0.00180492
-0.00467607 0.00180492 0.114011

-0.0217666 0.00224516 0.0059961
0.00224516 -0.0143308 -0.00236821
0.0059961 -0.00236821 0.0969004

0.00337978 -0.00204129 0.00515843
-0.00204129 0.00370062 0.00929961
0.00515843 0.00929961 -0.168001

-0.0211778 -0.00574407 0.0113863
-0.00574407 -0.0030731 -0.00279821
0.0113863 -0.00279821 0.0528726

0.015793 0.00131099 -0.00416111
0.00131099 0.0230494 -0.00189863
-0.00416111 -0.00189863 0.101203

-0.0258016 -0.000308626 -0.00401437
-0.000308626 -0.0447889 -0.0233442
-0.00401437 -0.0233442 0.085311

0.00855822 0.0113176 0.00784235
0.0113176 0.0350611 -0.00313484
0.00784235 -0.00313484 -0.0460177

0.0251134 0.00689 0.014907
0.00689 0.0275017 -0.00305831
0.014907 -0.00305831 0.00272733

0.0161022 -0.00844922 0.00516357
-0.00844922 0.0183053 0.0111366
0.00516357 0.0111366 -0.167852

0.0629885 0.016484 0.0012307
0.016484 0.0439825 -0.0145626
0.0012307 -0.0145626 -0.0571273

0.000811729 0.00154933 0.0179677
0.00154933 -0.0184598 0.00239651
0.0179677 0.00239651 -0.123516

-0.0311506 -0.00424585 -0.00219428
-0.00424585 -0.0252464 -0.0546752
-0.00219428 -0.0546752 -0.327132

0.0284997 0.0294352 -0.00673316
0.0294352 0.0433929 -0.0197227
-0.00673316 -0.0197227 0.00976086

0.0376557 0.0104884 -0.00235315
0.0104884 0.0310372 -0.0147413
-0.00235315 -0.0147413 -0.0545717

0.0115007 0.00593466 -0.00622274
0.00593466 0.015087 -0.0166399
-0.00622274 -0.0166399 -0.199306

-0.0703159 0.0166162 -0.0295961
0.0166162 -0.0703445 -0.00427448
-0.0295961 -0.00427448 -0.423323

0.00221785 0.00114456 -0.00561289
0.00114456 0.00130188 0.000744911
-0.00561289 0.000744911 0.114467

0.0122348 -0.000386854 0.0111073
-0.000386854 0.0255209 -0.00563314
0.0111073 -0.00563314 0.0173556

0.0323375 -0.00243315 0.00922016
-0.00243315 0.0346326 -0.00114529
0.00922016 -0.00114529 -0.0943104

0.00980789 0.00725433 0.0109195
0.00725433 0.00563006 -0.00397676
0.0109195 -0.00397676 -0.00982932

0.0206499 0.00702542 0.00567262
0.00702542 0.0238528 -0.0071063
0.00567262 -0.0071063 0.0104226

-0.258309 0.245314 -0.0268593
0.245314 -0.492931 -0.00239772
-0.0268593 -0.00239772 -0.356954

-0.00801534 -0.00113977 -0.0962994
-0.00113977 -0.0465522 -0.0602158
-0.0962994 -0.0602158 -0.16403

0.00319552 -0.00412208 0.0100111
-0.00412208 0.0162918 -0.00268482
0.0100111 -0.00268482 0.0159117

-0.0868527 -0.00167285 -0.00157197
-0.00167285 -0.0645202 -0.0390677
-0.00157197 -0.0390677 -0.337113

-0.00159865 -0.00131777 0.00163893
-0.00131777 0.00186198 0.00100008
0.00163893 0.00100008 0.124663

-0.0043624 -0.00171275 0.0125032
-0.00171275 -0.000967361 -0.00346489
0.0125032 -0.00346489 -0.156338

-0.0525852 0.000289715 -0.0334894
0.000289715 -0.0434846 -0.0153732
-0.0334894 -0.0153732 -0.326679

-0.848489 3.10088e-05 -0.113159
3.10088e-05 -0.84894 -0.00773019
-0.113159 -0.00773019 -0.71688

-0.00411329 0.000594938 0.00144303
0.000594938 -0.00113001 0.00158085
0.00144303 0.00158085 0.12254

0.00502564 0.00250074 0.00140306
0.00250074 0.00563308 0.00152154
0.00140306 0.00152154 0.127711

-0.00210025 0.00258107 0.00491444
0.00258107 -0.0140464 0.00462787
0.00491444 0.00462787 0.0280793

-0.0126488 0.00192162 0.00559184
0.00192162 -0.0124469 0.0100779
0.00559184 0.0100779 0.0870508

0.00260049 0.00214661 0.00493141
0.00214661 0.00684098 -0.0101981
0.00493141 -0.0101981 0.0754343

0.00201544 0.00175658 -0.00218628
0.00175658 0.00678887 0.000483828
-0.00218628 0.000483828 0.065111

0.00100402 0.00188122 0.00151283
0.00188122 0.0171637 -0.00393833
0.00151283 -0.00393833 0.0554324

0.011626 0.00093171 0.00756381
0.00093171 0.00905678 -0.00682645
0.00756381 -0.00682645 0.0654927

0.0136528 -0.00079385 -0.00043884
-0.00079385 0.00505446 -0.00522145
-0.00043884 -0.00522145 0.0749252

-0.00654753 0.0016971 -0.00202456
0.0016971 -0.00791579 -0.00111624
-0.00202456 -0.00111624 0.0565414

-0.590591 -0.114358 -0.0207974
-0.114358 -0.384123 -0.0708956
-0.0207974 -0.0708956 -0.488578

-0.848489 3.10088e-05 -0.113159
3.10088e-05 -0.84894 -0.00773019
-0.113159 -0.00773019 -0.71688

0.00634285 0.0072646 -0.0014366
0.0072646 0.0136937 0.00202895
-0.0014366 0.00202895 0.0597958

0.0313067 0.00156401 -0.00570445
0.00156401 0.0217216 -0.00420203
-0.00570445 -0.00420203 0.119046

0.0229661 0.00888458 0.0225693
0.00888458 0.00843561 -0.0241993
0.0225693 -0.0241993 -0.158213

-0.364527 -0.0990002 -0.0220966
-0.0990002 -0.582236 -0.106565
-0.0220966 -0.106565 -0.486482

-0.0186274 0.000611624 0.00260549
0.000611624 -0.00990196 -0.0035419
0.00260549 -0.0035419 0.0570052

0.00336568 -0.00241376 -0.00374849
-0.00241376 0.00825923 0.00759578
-0.00374849 0.00759578 0.137407

-0.00979872 -0.000615069 0.000199221
-0.000615069 -0.00415164 0.0023466
0.000199221 0.0023466 0.0690705

-0.00505955 -0.000580757 -0.00175065
-0.000580757 -0.00873121 0.00310973
-0.00175065 0.00310973 0.0724411

-0.014198 -0.00455998 -0.00340515
-0.00455998 -0.0105242 0.0106478
-0.00340515 0.0106478 0.100028

-0.0145715 -0.00493294 -0.00736574
-0.00493294 -0.0155351 0.00598133
-0.00736574 0.00598133 0.0983377

-0.00560615 -0.00276066 0.00216683
-0.00276066 -0.00278743 -0.00114799
0.00216683 -0.00114799 0.094144

-0.00650584 0.0011812 0.0234175
0.0011812 0.00175762 0.00249853
0.0234175 0.00249853 -0.160933

-0.018183 -0.00498551 -0.00347362
-0.00498551 -0.0148563 -0.0109578
-0.00347362 -0.0109578 0.075794

-0.00212109 0.00112743 -0.00481574
0.00112743 -0.00229316 -0.000394726
-0.00481574 -0.000394726 0.10681

-0.0379009 0.00454244 0.0280985
0.00454244 -0.031389 0.00791358
0.0280985 0.00791358 -0.310497

-0.0212267 0.00339049 -0.00346599
0.00339049 -0.024903 -0.00117301
-0.00346599 -0.00117301 0.0244229

0.0011478 -0.00316148 -0.00664846
-0.00316148 0.00264089 0.00420868
-0.00664846 0.00420868 0.13448

-0.00501473 0.000259704 0.00168864
0.000259704 -0.00621342 0.00179445
0.00168864 0.00179445 0.111476

0.00622904 -0.00618829 0.000614345
-0.00618829 0.0100638 -0.00488183
0.000614345 -0.00488183 0.121465

0.00914865 0.0117091 -0.0479935
0.0117091 0.0110079 0.00887944
-0.0479935 0.00887944 -0.17772

-0.0111461 -0.00241326 0.00453119
-0.00241326 -0.00376191 -0.00177857
0.00453119 -0.00177857 0.077604

-0.00975931 -0.000449446 0.00956673
-0.000449446 0.00278734 0.00462467
0.00956673 0.00462467 0.106208

-0.0123522 0.00197429 0.0058575
0.00197429 -0.0126217 0.00512027
0.0058575 0.00512027 0.0880298

-0.0866329 0.0140641 -0.0325034
0.0140641 -0.0960576 -0.0107959
-0.0325034 -0.0107959 -0.440752

-0.0107579 -0.000524269 0.00628368
-0.000524269 -0.0108042 0.00218837
0.00628368 0.00218837 0.107305

-0.00733787 0.0054168 -0.00596687
0.0054168 -0.00992163 0.000915971
-0.00596687 0.000915971 0.112784

-0.000267453 -0.00231965 0.00983532
-0.00231965 -0.00287145 -0.0047493
0.00983532 -0.0047493 0.118446

0.00699525 -0.00437197 0.00649871
-0.00437197 0.0069669 -0.0052498
0.00649871 -0.0052498 0.131553

-0.00676982 -0.00193304 0.00154702
-0.00193304 -0.000851379 -0.00309591
0.00154702 -0.00309591 0.115523

-0.0341205 -0.00337818 0.0067148
-0.00337818 -0.0380156 0.00366676
0.0067148 0.00366676 0.0237972

0.000352459 0.00185164 0.010319
0.00185164 0.00166352 0.00916424
0.010319 0.00916424 0.136445

0.0448688 -0.00417131 0.00654698
-0.00417131 0.0508313 0.0188214
0.00654698 0.0188214 -0.0717927

-0.0217511 0.00167574 -0.0479705
0.00167574 -0.0236728 0.0176153
-0.0479705 0.0176153 -0.266758

-0.0119027 0.00345362 0.000608916
0.00345362 -0.00151596 -0.000835649
0.000608916 -0.000835649 0.0504684

-0.0103157 -0.000160337 0.00481162
-0.000160337 -0.00347089 0.0116342
0.00481162 0.0116342 0.114021

0.00193993 0.00037343 -0.00233857
0.00037343 -0.000167039 -0.0102142
-0.00233857 -0.0102142 0.0887203

-0.00340998 -0.00115902 0.0117845
-0.00115902 -0.00659 -0.0025819
0.0117845 -0.0025819 0.116947

-0.00765754 -0.00331207 0.00878017
-0.00331207 -0.00397824 -0.00518343
0.00878017 -0.00518343 0.118021

-0.00667863 -0.0036793 0.00648245
-0.0036793 -0.000836006 -0.00432908
0.00648245 -0.00432908 0.12571

-0.0059977 -0.00133588 0.00993873
-0.00133588 -0.00217095 -0.00272578
0.00993873 -0.00272578 0.119676

-0.00112868 -0.000324917 0.00266674
-0.000324917 0.00330929 -0.00264266
0.00266674 -0.00264266 0.122965

0.00722661 -0.00163104 0.00679654
-0.00163104 0.00984302 -0.00420049
0.00679654 -0.00420049 0.144366

-0.000659903 0.00158598 0.00886374
0.00158598 -0.00283791 0.00768876
0.00886374 0.00768876 0.120681

0.00302986 0.0015322 0.012111
0.0015322 -0.00176235 0.00238165
0.012111 0.00238165 0.128167

0.034078 -0.00885246 -0.00510068
-0.00885246 0.0305077 -0.0114145
-0.00510068 -0.0114145 -0.0570418

-0.000717242 -0.000405645 -3.46908e-05
-0.000405645 -0.00153776 -0.0032931
-3.46908e-05 -0.0032931 0.104978

-0.0108685 0.00238857 0.00566168
0.00238857 -0.0050649 0.0114094
0.00566168 0.0114094 0.117344

-0.00623194 -0.00467261 0.00260289
-0.00467261 -0.0093443 0.00247876
0.00260289 0.00247876 0.109295

-0.0437306 0.00113718 -0.0354087
0.00113718 -0.0402398 -0.0208209
-0.0354087 -0.0208209 -0.307532

-0.0912442 0.0176716 -0.0289768
0.0176716 -0.106632 -0.0261509
-0.0289768 -0.0261509 -0.437797

-0.00593699 0.00257242 0.00677894
0.00257242 -0.0034679 0.0123052
0.00677894 0.0123052 0.11885

-0.00908659 -3.85316e-05 0.0054851
-3.85316e-05 -0.00518195 0.0128999
0.0054851 0.0128999 0.112018

-0.00565079 0.00152062 0.00890307
0.00152062 -0.0107282 0.004638
0.00890307 0.004638 0.0957571

-0.00230828 0.000873689 0.00795753
0.000873689 0.000234506 0.00947379
0.00795753 0.00947379 0.13314

0.0909436 -0.0113249 0.0183168
-0.0113249 0.086998 -0.0122262
0.0183168 -0.0122262 0.0128367

0.00761324 -0.00218017 0.00304541
-0.00218017 -0.0070183 -0.0124612
0.00304541 -0.0124612 0.0568474

-0.0125594 0.00213351 0.0048812
0.00213351 -0.0162389 0.00433238
0.0048812 0.00433238 0.0879247

-0.00591025 0.00290159 0.00448008
0.00290159 -0.00474996 0.0082402
0.00448008 0.0082402 0.095249

0.00155586 -2.37468e-05 0.00687367
-2.37468e-05 0.0146671 0.00741954
0.00687367 0.00741954 0.122582

-0.00714515 0.0007162 0.00274648
0.0007162 0.000452387 0.00633848
0.00274648 0.00633848 0.0942353

-0.0830437 -0.00751262 -0.0358855
-0.00751262 -0.11796 -0.0110286
-0.0358855 -0.0110286 -0.35399

-0.0739125 0.00708046 -0.0311879
0.00708046 -0.0488563 -0.0233667
-0.0311879 -0.0233667 -0.366742

0.00165562 0.00322245 -0.000291903
0.00322245 0.00343891 0.000775221
-0.000291903 0.000775221 0.131122

-0.00143183 0.00206994 -0.0163148
0.00206994 -0.0139196 0.0333156
-0.0163148 0.0333156 -0.175428

0.021806 0.00440885 0.0117487
0.00440885 0.00840269 -0.00903937
0.0117487 -0.00903937 -0.137166

-0.0104437 0.00154084 0.00672619
0.00154084 -0.00696337 0.00874139
0.00672619 0.00874139 0.117484

0.0156838 0.00502383 -0.0116139
0.00502383 0.00122358 0.0129797
-0.0116139 0.0129797 -0.0976674

0.00438822 0.00184104 -0.00680512
0.00184104 0.000675219 0.00126311
-0.00680512 0.00126311 0.121191

-0.0162202 0.00581132 -0.0244578
0.00581132 -0.00843035 -0.013991
-0.0244578 -0.013991 -0.23751

-0.00551344 -0.000421711 0.00474676
-0.000421711 0.000738005 0.0129139
0.00474676 0.0129139 0.1229

-0.00346013 0.00139715 -0.00209658
0.00139715 0.000964273 0.00274252
-0.00209658 0.00274252 0.119024

0.00419451 0.00240127 0.0026461
0.00240127 0.00557211 0.00311724
0.0026461 0.00311724 0.123237

0.00328833 -0.00552038 -0.00144056
-0.00552038 0.0053962 -0.00341152
-0.00144056 -0.00341152 0.0823214

0.0166096 -0.00549759 -0.0033948
-0.00549759 0.0174502 -0.00187906
-0.0033948 -0.00187906 0.0274801

-0.0242928 0.0103216 0.0131268
0.0103216 -0.052497 0.0283578
0.0131268 0.0283578 -0.340034

-0.215448 -0.000264852 0.0412103
-0.000264852 -0.316049 -0.000325518
0.0412103 -0.000325518 -0.488491

-0.0291318 -0.00364614 0.0155825
-0.00364614 -0.11713 -0.0198881
0.0155825 -0.0198881 -0.285026

-0.13657 0.0118008 0.0417355
0.0118008 -0.181987 -0.0121065
0.0417355 -0.0121065 -0.412948

-0.145542 -0.00585014 0.00127811
-0.00585014 -0.093288 0.0802781
0.00127811 0.0802781 -0.513344

-0.0612783 -0.00109281 0.0244437
-0.00109281 -0.121518 -0.00579567
0.0244437 -0.00579567 -0.363541

0.0149743 0.0028894 -0.00286231
0.0028894 0.0100043 -0.00357178
-0.00286231 -0.00357178 0.127022

0.014549 -0.000887748 0.00719681
-0.000887748 0.0119737 0.0131756
0.00719681 0.0131756 -0.114954

-0.077106 -0.00963659 -0.0295984
-0.00963659 -0.0438897 0.0364736
-0.0295984 0.0364736 -0.357478

-0.0017585 -0.00115131 0.00417158
-0.00115131 0.00153348 0.0141032
0.00417158 0.0141032 -0.036501

0.0266632 -0.00369945 0.0114715
-0.00369945 0.0377746 0.00607708
0.0114715 0.00607708 0.0232468

0.00854953 -0.00216542 -0.0050155
-0.00216542 -0.00456254 -0.00497353
-0.0050155 -0.00497353 0.086507

-0.0841873 0.00840371 -0.0383933
0.00840371 -0.0691094 -0.0123496
-0.0383933 -0.0123496 -0.365658

-0.0328757 0.00676211 -0.0457291
0.00676211 -0.00869527 0.0272693
-0.0457291 0.0272693 -0.278244

-0.0402922 0.00624021 -0.0612339
0.00624021 -0.0479549 0.00561154
-0.0612339 0.00561154 -0.313082

0.00160796 -8.91033e-05 -0.00239261
-8.91033e-05 -0.0013866 0.00223684
-0.00239261 0.00223684 0.115162

0.000693454 0.00277963 -0.00203862
0.00277963 -0.0010652 0.00146514
-0.00203862 0.00146514 0.0552916

-0.00545928 -0.00189652 0.0017397
-0.00189652 -0.00056017 0.0121425
0.0017397 0.0121425 0.121861

-0.00597864 -0.00226536 0.00526235
-0.00226536 0.0335631 0.0603575
0.00526235 0.0603575 -0.262617

-0.0119186 -0.00164427 0.00189962
-0.00164427 -0.00630123 0.0106588
0.00189962 0.0106588 0.110147

-0.00928129 -0.00239911 0.000134597
-0.00239911 -0.00471062 -0.00080125
0.000134597 -0.00080125 0.0892086

-0.0163811 0.00647595 -0.00140783
0.00647595 -0.0142265 -0.00925756
-0.00140783 -0.00925756 0.0855453

-0.0192532 -0.00130094 0.000900363
-0.00130094 -0.0183657 -0.00566141
0.000900363 -0.00566141 0.0768014

-0.00122728 0.00608946 0.00667304
0.00608946 0.00284742 -0.0057551
0.00667304 -0.0057551 0.10364

-0.227623 -0.0299647 -0.0180694
-0.0299647 -0.130182 -0.0157333
-0.0180694 -0.0157333 -0.486551

-0.00148623 0.000309369 -0.00214524
0.000309369 -0.00217307 -0.00454603
-0.00214524 -0.00454603 0.125897

0.0427386 -0.00816311 0.00963716
-0.00816311 0.0372543 -4.55605e-05
0.00963716 -4.55605e-05 -0.0580555

-0.00859858 -0.000712181 -0.000389093
-0.000712181 -0.00649063 -0.00147974
-0.000389093 -0.00147974 0.0891602

0.0235312 0.00657302 -0.0103584
0.00657302 0.0220413 0.0166138
-0.0103584 0.0166138 -0.115207

0.0221713 0.00756958 0.0159218
0.00756958 0.0283174 -0.0106039
0.0159218 -0.0106039 -0.175775

-0.0237307 0.00140268 0.00250035
0.00140268 -0.0250243 -0.00740547
0.00250035 -0.00740547 0.0707389

0.0797246 -0.00581266 0.00252921
-0.00581266 0.0777435 -0.00220795
0.00252921 -0.00220795 0.0154293

-0.00301658 6.61656e-05 0.00035246
6.61656e-05 -0.00405043 0.00195055
0.00035246 0.00195055 0.115241

0.0238494 -0.00567524 -0.0123723
-0.00567524 0.0311654 -0.00122245
-0.0123723 -0.00122245 -0.0204533

0.00364194 0.00105003 0.0016559
0.00105003 0.00715837 0.000355614
0.0016559 0.000355614 0.135915

0.0147087 -0.0030751 0.000479958
-0.0030751 0.000812153 -0.000402307
0.000479958 -0.000402307 0.121935

-0.0144008 -0.00119444 -0.00366708
-0.00119444 -0.0124353 -0.00306296
-0.00366708 -0.00306296 0.0803512

-0.00470053 0.00119747 -0.00422424
0.00119747 -0.00138749 0.00654749
-0.00422424 0.00654749 0.122243

0.0328719 0.00223679 -0.0143289
0.00223679 0.0192084 0.0102205
-0.0143289 0.0102205 -0.0577597

-0.00836595 0.000807478 -0.0046857
0.000807478 -0.00288639 0.00605921
-0.0046857 0.00605921 0.120647

-0.00391943 -0.000978177 -0.00568127
-0.000978177 -0.0143557 -0.0010043
-0.00568127 -0.0010043 0.0791343

-0.0458044 0.010767 0.00826015
0.010767 -0.0538183 -0.00317081
0.00826015 -0.00317081 -0.318746

-0.0174522 -0.000148195 -0.0032758
-0.000148195 -0.0173333 -0.00315394
-0.0032758 -0.00315394 0.0779962

0.0118711 -0.0100889 -0.0082958
-0.0100889 0.0182935 0.00167679
-0.0082958 0.00167679 -0.0342981

-0.00272178 -6.02155e-05 -0.00218071
-6.02155e-05 -0.00765578 0.00288106
-0.00218071 0.00288106 0.107608

-0.0957647 0.00805041 0.00385714
0.00805041 -0.101908 -0.0298863
0.00385714 -0.0298863 -0.377945

0.00436919 0.000460928 -0.00252087
0.000460928 0.0102766 -0.00426853
-0.00252087 -0.00426853 0.141252

-0.00583971 0.000367463 0.000421452
0.000367463 -0.0024045 0.00548723
0.000421452 0.00548723 0.129445

-0.0037551 0.00325658 0.00805658
0.00325658 -0.0041843 0.00753478
0.00805658 0.00753478 0.0947864

0.000400712 -0.000366818 -0.000714242
-0.000366818 -0.00347502 0.00217964
-0.000714242 0.00217964 0.113165

-0.0161392 0.00261418 0.0102314
0.00261418 -0.0200337 0.00108666
0.0102314 0.00108666 0.0723955

0.00407574 -0.00338803 -0.000475833
-0.00338803 0.00446957 0.0023223
-0.000475833 0.0023223 0.0603702

-0.000804582 6.97309e-05 -0.00120657
6.97309e-05 -0.00662507 0.00286708
-0.00120657 0.00286708 0.106086

-0.00721338 0.00207821 0.00977735
0.00207821 -0.00414477 0.00246781
0.00977735 0.00246781 0.0816532

-0.00158107 0.0011482 -0.000321099
0.0011482 -0.000220478 0.00504178
-0.000321099 0.00504178 0.13227

0.034923 0.000193889 0.00691396
0.000193889 0.0378498 0.0202627
0.00691396 0.0202627 -0.0755315

0.0217035 -0.00433806 -0.00116079
-0.00433806 0.01294 -0.00104213
-0.00116079 -0.00104213 0.118225

0.000356387 -0.00326316 -0.0147997
-0.00326316 -0.00231952 -0.00113137
-0.0147997 -0.00113137 0.0494334

0.0267163 0.00129685 0.0198021
0.00129685 0.0381559 -0.0162012
0.0198021 -0.0162012 -0.103497

0.00662108 1.33462e-05 -0.0023538
1.33462e-05 0.00582119 -0.000914478
-0.0023538 -0.000914478 0.110684

-0.00868744 -0.00200594 0.00288182
-0.00200594 -0.00338667 -0.000898578
0.00288182 -0.000898578 0.126786

-0.00104708 0.00288838 0.00549858
0.00288838 -0.000430003 0.00914288
0.00549858 0.00914288 0.103349

-0.00501546 0.00225507 0.00645154
0.00225507 -0.0090267 0.00509555
0.00645154 0.00509555 0.0996719

0.00265453 -0.00341462 -0.00389793
-0.00341462 0.00170641 0.00363711
-0.00389793 0.00363711 0.0573384

0.00350204 0.00279312 0.00810925
0.00279312 0.00791726 0.00648567
0.00810925 0.00648567 0.102334

-0.00979839 -0.00251898 -0.0033686
-0.00251898 -0.0130803 -0.000201519
-0.0033686 -0.000201519 0.111792

-0.0101335 -0.00339458 -0.00290566
-0.00339458 -0.0116896 0.00132362
-0.00290566 0.00132362 0.112782

-0.00599065 0.00627725 -0.0085987
0.00627725 -0.00232459 0.0043988
-0.0085987 0.0043988 -0.231405

0.0037218 0.0017144 -0.0031046
0.0017144 -0.00147936 0.00036543
-0.0031046 0.00036543 0.115255

0.00208419 -0.00362706 -0.00483892
-0.00362706 0.00348838 0.00526204
-0.00483892 0.00526204 0.130075

-0.0192336 0.00520862 -0.0127807
0.00520862 -0.0189412 -0.0552606
-0.0127807 -0.0552606 -0.250907

-0.00109459 -0.00158695 0.00457786
-0.00158695 0.00290356 0.000796561
0.00457786 0.000796561 0.138828

-0.00585546 -0.00135538 -0.00549979
-0.00135538 -0.0031471 0.00788207
-0.00549979 0.00788207 0.110614

-0.00382894 0.000895503 -0.00316188
0.000895503 -0.00741455 0.00418306
-0.00316188 0.00418306 0.106897

-0.010678 -0.00164543 0.00774568
-0.00164543 -0.00633047 0.00403373
0.00774568 0.00403373 0.132844

-0.0569619 -0.00445996 -3.72747e-05
-0.00445996 -0.034543 -0.0376948
-3.72747e-05 -0.0376948 -0.36866

-0.0656238 -0.000996801 0.00616102
-0.000996801 -0.0556029 -0.0592754
0.00616102 -0.0592754 -0.367863

-0.00436489 0.000232006 0.00441074
0.000232006 -0.0115212 0.00128397
0.00441074 0.00128397 0.114446

-0.0159522 -0.00457147 0.0023838
-0.00457147 -0.0104124 0.00805904
0.0023838 0.00805904 0.103465

-0.00328226 -0.00213054 0.000266357
-0.00213054 -0.00386127 0.00351632
0.000266357 0.00351632 0.111325

0.00302145 0.0014387 -0.00682506
0.0014387 0.00372743 0.00355916
-0.00682506 0.00355916 0.107651

-0.00981897 -0.00245037 0.00351669
-0.00245037 -0.00589251 0.00684423
0.00351669 0.00684423 0.0805851

0.00737493 -0.000256258 0.00359253
-0.000256258 0.00649953 0.00645357
0.00359253 0.00645357 0.122157

-0.0123936 0.000743193 0.00280017
0.000743193 -0.00410063 0.00440634
0.00280017 0.00440634 0.116877

-0.00900863 0.00101924 -0.00110657
0.00101924 -0.00643091 0.00248352
-0.00110657 0.00248352 0.0708514

-0.000599089 -0.000646083 0.00104075
-0.000646083 0.00310454 -0.000739392
0.00104075 -0.000739392 0.131909

0.0164868 0.00879876 0.000345563
0.00879876 0.0595369 -0.0765007
0.000345563 -0.0765007 -0.2236

-0.0015884 -0.003385 0.00375494
-0.003385 2.89095e-05 0.00285997
0.00375494 0.00285997 0.0911963

-0.00885771 -0.0041396 0.00468878
-0.0041396 -0.00911205 0.00521818
0.00468878 0.00521818 0.0812005

-0.00680808 0.00064602 -0.000177654
0.00064602 -0.00425717 -0.00162015
-0.000177654 -0.00162015 0.0740204

-0.0702046 -0.0117518 0.0248158
-0.0117518 -0.0882889 0.0129339
0.0248158 0.0129339 -0.376573

0.0364716 -0.000367402 -0.00548916
-0.000367402 0.0420032 -0.000757401
-0.00548916 -0.000757401 0.0419762

-0.21742 0.025935 0.0610254
0.025935 -0.237394 -0.0158466
0.0610254 -0.0158466 -0.494099

-0.00740559 0.0104264 -0.00182081
0.0104264 -0.00079944 -0.0218999
-0.00182081 -0.0218999 -0.218474

-0.0413142 0.00651928 -0.0268336
0.00651928 -0.0208789 -0.0156083
-0.0268336 -0.0156083 -0.320295

0.0602397 -0.00705583 -0.00841953
-0.00705583 0.0427947 -0.00289011
-0.00841953 -0.00289011 0.130548

-0.0861301 -0.00303774 -0.00153437
-0.00303774 -0.120832 0.0179058
-0.00153437 0.0179058 -0.244393

0.001505 0.00531252 -0.0579195
0.00531252 0.00440282 -0.0199092
-0.0579195 -0.0199092 -0.253092

0.00730605 -0.00144777 -0.0117969
-0.00144777 0.00697021 -0.0217727
-0.0117969 -0.0217727 -0.126983

-0.000963525 0.00661031 -0.00656788
0.00661031 -0.00241228 0.00227401
-0.00656788 0.00227401 -0.219391

0.0331281 0.00907021 -0.0139109
0.00907021 0.0327757 0.00503382
-0.0139109 0.00503382 -0.0244628

-0.00897483 -0.00111741 0.00672526
-0.00111741 -0.000436782 0.00151586
0.00672526 0.00151586 0.131715

0.0246227 -0.00238779 7.68419e-05
-0.00238779 0.0188273 -0.00467989
7.68419e-05 -0.00467989 0.0730737

-0.0031151 0.00861628 0.010465
0.00861628 0.0059394 -0.0203596
0.010465 -0.0203596 0.0341051

0.0200928 -0.00350052 0.00692697
-0.00350052 0.0174135 0.0159101
0.00692697 0.0159101 -0.0984562

0.0720509 0.00922541 0.0037664
0.00922541 0.0704829 0.0156124
0.0037664 0.0156124 -0.0204337

-0.00138085 0.0027274 -0.00399086
0.0027274 -0.00698433 0.00141416
-0.00399086 0.00141416 0.110066

0.0201876 0.000587963 0.0150018
0.000587963 0.00993062 0.0171691
0.0150018 0.0171691 -0.123288

0.0561947 0.0114811 -0.00422882
0.0114811 0.0434895 -0.0153166
-0.00422882 -0.0153166 -0.0829094

-0.016877 -0.0166964 0.0163526
-0.0166964 0.00267945 0.015622
0.0163526 0.015622 -0.140914

-0.0212947 -0.00864539 0.0288655
-0.00864539 -0.0100582 0.0258085
0.0288655 0.0258085 -0.187997

0.00889913 0.00343876 -0.00216401
0.00343876 0.0111592 0.00620948
-0.00216401 0.00620948 0.131501

-0.00129205 0.00108886 0.00147262
0.00108886 0.00578756 0.0014241
0.00147262 0.0014241 0.137184

-0.00916395 0.000121955 0.00633679
0.000121955 -0.00871949 0.00394371
0.00633679 0.00394371 0.111097

0.00412116 -0.000651212 -0.00551229
-0.000651212 0.00765056 0.00450226
-0.00551229 0.00450226 0.121327

0.00333529 -0.00111639 -0.00800021
-0.00111639 -0.00126212 0.00882428
-0.00800021 0.00882428 0.114599

-0.0770418 -0.0143713 0.0106728
-0.0143713 -0.118857 -0.0248323
0.0106728 -0.0248323 -0.406407

-0.000894591 0.00098544 -0.0018283
0.00098544 -0.00154689 -0.000855269
-0.0018283 -0.000855269 0.0918235

-0.00369108 0.00309921 -0.00331467
0.00309921 -0.00397379 -0.00166362
-0.00331467 -0.00166362 0.0825679

0.000372427 0.00372145 0.00301079
0.00372145 0.0186718 -0.0752568
0.00301079 -0.0752568 -0.243985

-0.00293763 0.000905432 -0.00183219
0.000905432 -0.00718664 0.000330083
-0.00183219 0.000330083 0.0881913

-0.111818 -0.0251367 0.000775628
-0.0251367 -0.129969 0.00520939
0.000775628 0.00520939 -0.395488

-0.0254147 0.012447 -0.00917792
0.012447 0.024863 -0.0365998
-0.00917792 -0.0365998 -0.273649

-0.0341283 -0.0024527 -0.0478423
-0.0024527 -0.0229691 -0.0459922
-0.0478423 -0.0459922 -0.234193

0.0178503 0.000667317 0.0161782
0.000667317 0.0132535 0.0167476
0.0161782 0.0167476 -0.132016

-0.0116009 0.00230237 0.00474324
0.00230237 -0.00105583 0.0100155
0.00474324 0.0100155 -0.262112

-0.0114257 -0.00172731 0.00421065
-0.00172731 -0.0101262 0.00337679
0.00421065 0.00337679 0.115449

0.01776 -0.00663384 -0.0113414
-0.00663384 0.0203826 -0.00695476
-0.0113414 -0.00695476 -0.028231

-0.0214782 0.00179867 -0.00974118
0.00179867 -0.0241545 -0.00158213
-0.00974118 -0.00158213 0.0719444

-0.00412007 0.00220014 0.002122
0.00220014 -0.00261977 0.00245299
0.002122 0.00245299 0.042063

-0.00416044 0.000719508 0.0034728
0.000719508 -0.00732097 -0.00752272
0.0034728 -0.00752272 0.114563

-0.000829128 -0.0012775 -0.00162453
-0.0012775 -0.000554165 0.000950345
-0.00162453 0.000950345 0.132392

-0.00694245 -0.000887187 0.000946499
-0.000887187 -0.00376367 0.00385395
0.000946499 0.00385395 0.0276318

-0.0115809 0.00133917 0.00222134
0.00133917 -0.0171944 -0.00132212
0.00222134 -0.00132212 0.0305986

-0.00107442 -0.00322262 -0.0149702
-0.00322262 0.000243095 -0.00101582
-0.0149702 -0.00101582 0.0498454

-0.0112677 -0.00105813 0.00288462
-0.00105813 -0.00730439 0.00351108
0.00288462 0.00351108 0.115319

0.0262955 0.0119959 0.00159472
0.0119959 0.0318165 -0.0183748
0.00159472 -0.0183748 -0.159912

-0.00104835 -0.00159189 0.00112084
-0.00159189 -0.00452697 0.00207972
0.00112084 0.00207972 0.106008

-0.25662 0.0050259 -0.0185891
0.0050259 -0.264816 0.0435202
-0.0185891 0.0435202 -0.552186

-0.0752275 0.010682 -0.0122401
0.010682 -0.0344297 -0.058357
-0.0122401 -0.058357 -0.424463

-0.000226566 -0.000509851 -0.000135684
-0.000509851 -0.00870973 -0.000245992
-0.000135684 -0.000245992 0.104666

-0.0179729 0.00967018 -0.0441181
0.00967018 -0.0209861 -0.0494131
-0.0441181 -0.0494131 -0.313562

0.0225029 -0.00904875 -0.0333227
-0.00904875 0.0292831 -0.023364
-0.0333227 -0.023364 -0.14358

-0.00382682 -0.00165425 -4.9126e-05
-0.00165425 -0.00180013 0.000162529
-4.9126e-05 0.000162529 0.0352424

-0.045184 -0.00302237 -0.0194623
-0.00302237 -0.0373336 -0.0212793
-0.0194623 -0.0212793 -0.243059

0.000758169 0.000791323 -0.000355275
0.000791323 -0.00519857 0.000605315
-0.000355275 0.000605315 0.108542

0.0574603 -0.0126894 -0.00820687
-0.0126894 0.0520222 -0.0237467
-0.00820687 -0.0237467 -0.0070149

-0.02044 -0.00188467 -0.00271906
-0.00188467 -0.0100051 4.21059e-05
-0.00271906 4.21059e-05 0.115434

0.0511315 -0.00701041 0.00170295
-0.00701041 0.0320824 -0.0137351
0.00170295 -0.0137351 0.029265

0.0188433 0.0113461 0.0152965
0.0113461 0.021798 -0.00741789
0.0152965 -0.00741789 -0.181435

0.00123748 0.00037748 0.00030206
0.00037748 0.0023853 -0.000646583
0.00030206 -0.000646583 0.106338

0.0146585 -0.00720362 -0.0025252
-0.00720362 0.012416 -0.0115985
-0.0025252 -0.0115985 0.00816084

0.0149267 -0.00288428 -0.00145565
-0.00288428 0.00921026 -0.00424528
-0.00145565 -0.00424528 0.0125358

-0.00150636 -0.000644752 -0.00161425
-0.000644752 -0.00731685 0.00132168
-0.00161425 0.00132168 0.107637

0.00180934 -0.000478684 -0.00409033
-0.000478684 -0.00496394 -0.00817389
-0.00409033 -0.00817389 0.0247146

0.0120933 3.38765e-06 -0.00136209
3.38765e-06 0.00665254 -0.00484975
-0.00136209 -0.00484975 0.041568

0.00276164 0.0042335 -0.00285026
0.0042335 0.00309015 -0.000493901
-0.00285026 -0.000493901 0.0620902

-0.000494529 0.000872271 0.00142344
0.000872271 -0.00546391 -0.00424264
0.00142344 -0.00424264 0.0457428

-0.0071237 0.00281501 -0.00185925
0.00281501 -0.0145299 -0.00533548
-0.00185925 -0.00533548 0.0764136

0.0140256 -0.00653959 -0.00824643
-0.00653959 0.000178345 -0.00592454
-0.00824643 -0.00592454 0.0865431

-0.00339704 0.00211345 -0.00751993
0.00211345 0.00425528 0.00335997
-0.00751993 0.00335997 0.114261

-0.00944809 0.00120123 0.00653962
0.00120123 -0.00734029 0.00976103
0.00653962 0.00976103 0.109814

0.00519054 -0.00259785 -0.000630546
-0.00259785 0.0068416 0.00248562
-0.000630546 0.00248562 0.140892

0.00319113 0.000851738 -0.00118015
0.000851738 0.00374111 -0.00567633
-0.00118015 -0.00567633 0.122813

-0.00480071 -0.000378763 -0.00245882
-0.000378763 -0.00314525 -0.00578146
-0.00245882 -0.00578146 0.0919274

-0.0062062 0.00709986 -0.000410549
0.00709986 -0.00396759 -0.00630367
-0.000410549 -0.00630367 0.104335

-0.0104647 0.000172196 0.0103661
0.000172196 0.00483927 0.0499631
0.0103661 0.0499631 -0.268981

0.00741182 0.000898646 0.000443967
0.000898646 -0.0144852 4.5115e-05
0.000443967 4.5115e-05 0.0474235

0.000863117 0.000428629 -0.000103848
0.000428629 1.30643e-06 0.000141616
-0.000103848 0.000141616 0.0376856

0.00874867 0.00155197 -0.0071246
0.00155197 0.00428429 0.00912986
-0.0071246 0.00912986 0.0454222

-0.0346633 0.00370075 -0.0520229
0.00370075 -0.0281692 0.0167609
-0.0520229 0.0167609 -0.266014

-0.00721927 0.00114472 0.00151087
0.00114472 -0.00353181 -0.00195606
0.00151087 -0.00195606 0.128085

-0.00621213 0.00215334 0.0011403
0.00215334 -0.00357585 -0.00331165
0.0011403 -0.00331165 0.114794

-0.00320274 0.000374222 0.001354
0.000374222 -0.00212257 0.00381627
0.001354 0.00381627 0.0296683

-0.00148452 0.00320336 -0.0046231
0.00320336 -0.0087572 0.00173512
-0.0046231 0.00173512 0.111365

0.00169466 0.00634721 0.0328879
0.00634721 0.0109882 -0.0134323
0.0328879 -0.0134323 -0.24204

0.00186081 0.00144656 -0.00203863
0.00144656 0.00296656 -0.00117511
-0.00203863 -0.00117511 0.10499

-0.380109 0.133458 0.0599948
0.133458 -0.238085 -0.143543
0.0599948 -0.143543 -0.591209

-0.508842 -0.0885182 0.0101539
-0.0885182 -0.50637 -0.124723
0.0101539 -0.124723 -0.466064

0.00635819 -0.00118675 0.00425635
-0.00118675 0.00692947 -0.00232466
0.00425635 -0.00232466 0.119361

0.00167924 -0.00249712 -0.0060635
-0.00249712 0.0278558 0.00675418
-0.0060635 0.00675418 -0.00514878

0.025537 0.0101632 -0.0102871
0.0101632 0.0221218 -0.00607369
-0.0102871 -0.00607369 0.107306

0.0393418 0.00815517 -0.00641912
0.00815517 0.0191773 0.0154202
-0.00641912 0.0154202 0.00884781

-0.0100634 0.00183146 -0.000957704
0.00183146 0.00327726 0.00445059
-0.000957704 0.00445059 0.0437358

0.0268334 0.00351444 0.00104883
0.00351444 -0.000640612 -0.00855354
0.00104883 -0.00855354 0.098748

-0.0294389 -0.0010934 -0.00102556
-0.0010934 -0.0341611 0.00726948
-0.00102556 0.00726948 0.021881

-0.0506252 -0.0267353 -0.0229148
-0.0267353 -0.032789 0.0323521
-0.0229148 0.0323521 -0.41942

-0.00301056 -0.000983306 0.00229682
-0.000983306 0.00344909 0.00504194
0.00229682 0.00504194 0.129947

-0.0045731 -0.012398 -0.0106318
-0.012398 0.0404013 -0.00738913
-0.0106318 -0.00738913 0.0427677

-0.0294805 0.00302862 -0.0175105
0.00302862 -0.0129623 -0.0179501
-0.0175105 -0.0179501 -0.226156

-0.011432 -0.00183276 0.00233444
-0.00183276 -0.00951573 -0.000460771
0.00233444 -0.000460771 0.0978137

-0.0106617 -0.00059687 0.00332844
-0.00059687 -0.00678397 0.00857171
0.00332844 0.00857171 0.11553

-0.00395999 -0.00454375 0.00316648
-0.00454375 -0.00130555 0.00810094
0.00316648 0.00810094 0.121655

0.0199908 0.00213494 -0.000130036
0.00213494 0.0029863 0.00827534
-0.000130036 0.00827534 0.0291968

-0.00381635 -0.000919579 0.00373878
-0.000919579 -0.000461798 0.0088359
0.00373878 0.0088359 0.128108

-0.00340188 -0.00068052 0.00352074
-0.00068052 -5.17075e-05 0.00879624
0.00352074 0.00879624 0.128366

-0.0548347 0.00401948 0.0125655
0.00401948 -0.054796 0.0328681
0.0125655 0.0328681 -0.330194

-0.0100598 -0.00112961 0.00550062
-0.00112961 -0.00717129 0.00743955
0.00550062 0.00743955 0.11617

0.0070068 0.00118175 -0.00048496
0.00118175 0.0104508 0.000994872
-0.00048496 0.000994872 0.137101

-0.000206639 -0.000604697 0.000293091
-0.000604697 -0.00492396 0.00167712
0.000293091 0.00167712 0.109301

0.0198307 -0.00411421 -0.0140746
-0.00411421 0.0179056 -0.0197771
-0.0140746 -0.0197771 -0.115904

0.00976572 -0.00110102 -0.000771895
-0.00110102 0.00183104 0.00161375
-0.000771895 0.00161375 0.12701

-0.000538683 4.30943e-05 -0.00128966
4.30943e-05 0.00191632 0.0117953
-0.00128966 0.0117953 0.125851

-0.00142055 -0.000654442 0.005009
-0.000654442 0.00122186 0.01315
0.005009 0.01315 0.125884

-0.00415078 -0.00291423 0.00170663
-0.00291423 0.00248563 -0.00124621
0.00170663 -0.00124621 0.123886

-0.0249886 0.00319643 -0.00849444
0.00319643 -0.026872 -0.00670553
-0.00849444 -0.00670553 0.0649641

-0.0059096 0.00161531 0.00115825
0.00161531 -0.00340129 0.00189446
0.00115825 0.00189446 0.132365

-0.00679186 0.00156029 -0.000158852
0.00156029 -0.0153332 0.00230308
-0.000158852 0.00230308 0.047181

-0.00179304 0.00323063 0.00113606
0.00323063 0.0031298 0.000214903
0.00113606 0.000214903 0.135822

-0.00938965 -0.000292082 0.000345312
-0.000292082 -0.00559093 0.00618601
0.000345312 0.00618601 0.113243

-0.0102788 -0.000564004 0.00492901
-0.000564004 -0.00762603 0.00192823
0.00492901 0.00192823 0.113358

-0.00827777 0.000371176 0.00197189
0.000371176 -0.00419169 0.0120936
0.00197189 0.0120936 0.116536

-0.0038147 -0.00566528 0.00268488
-0.00566528 0.00403846 0.00602953
0.00268488 0.00602953 0.117351

-0.386234 0.124139 -0.0117669
0.124139 -0.476901 0.141196
-0.0117669 0.141196 -0.446936

-0.111329 0.0219148 -0.0122644
0.0219148 0.011424 -0.0675388
-0.0122644 -0.0675388 -0.291548

0.00279063 0.00513107 -0.0204952
0.00513107 0.0178146 -0.068118
-0.0204952 -0.068118 -0.263872

-0.000598928 -0.000140875 0.000360364
-0.000140875 0.00414011 0.000337769
0.000360364 0.000337769 0.138033

0.0242726 0.00712867 0.00239217
0.00712867 0.0235262 0.013323
0.00239217 0.013323 0.0317597

-0.00607331 0.00242522 -0.00521546
0.00242522 -0.00349941 -0.0031775
-0.00521546 -0.0031775 0.106803

-0.0075245 4.74015e-05 0.00161259
4.74015e-05 -0.0116669 0.00422824
0.00161259 0.00422824 0.0983403

-0.00487059 0.000798067 0.0030237
0.000798067 0.000908701 -0.00195199
0.0030237 -0.00195199 0.122427

-0.0396187 -0.00232281 -0.00817596
-0.00232281 -0.0484678 -0.0333426
-0.00817596 -0.0333426 -0.239724

0.0040272 0.00876249 -0.00518252
0.00876249 -0.0166513 -0.0252486
-0.00518252 -0.0252486 -0.128477

0.0107791 -0.00731663 0.0189527
-0.00731663 0.018088 0.00745177
0.0189527 0.00745177 -0.0855093

0.000920335 -0.00132096 -0.00219375
-0.00132096 -0.00674609 0.00900682
-0.00219375 0.00900682 0.019232

0.0246229 0.0085489 -0.00941988
0.0085489 0.0183588 -0.0242053
-0.00941988 -0.0242053 -0.0791908

0.00586719 0.00664278 -0.00200656
0.00664278 -0.0108324 -0.0140064
-0.00200656 -0.0140064 -0.117324

0.025307 0.00956982 -0.0131594
0.00956982 0.00681679 -0.0138887
-0.0131594 -0.0138887 -0.0855442

0.029742 -0.00328689 -0.00322699
-0.00328689 0.00835634 -0.0198109
-0.00322699 -0.0198109 -0.0219961

0.0426724 -0.00446407 0.00343463
-0.00446407 0.0189452 -0.0178254
0.00343463 -0.0178254 -0.00167103

0.0188689 -0.00269498 -0.00245417
-0.00269498 0.0021527 -0.0197363
-0.00245417 -0.0197363 -0.0284188

0.0389779 -0.00426705 0.00484495
-0.00426705 0.0200037 -0.0174083
0.00484495 -0.0174083 -0.011528

0.0105877 0.00331178 0.00344385
0.00331178 0.0169909 -0.0105527
0.00344385 -0.0105527 0.00659545

0.0264531 -0.00448165 0.00361183
-0.00448165 0.00942301 -0.0178289
0.00361183 -0.0178289 -0.0113688

0.000973842 -0.00428846 0.00542269
-0.00428846 -0.00202947 -0.0119619
0.00542269 -0.0119619 0.0375081

-0.000776055 0.00195279 0.00501766
0.00195279 -0.00334554 -0.00645512
0.00501766 -0.00645512 0.0538972

-0.00249306 -0.00674873 -0.00911019
-0.00674873 0.0037746 -0.00490699
-0.00911019 -0.00490699 0.062074

0.0155693 -0.0011313 -0.00290773
-0.0011313 0.0210432 0.00335063
-0.00290773 0.00335063 0.104685

0.00664022 0.0048 0.0251691
0.0048 0.0178747 0.0121639
0.0251691 0.0121639 -0.133656

0.00981975 0.00142932 0.00597818
0.00142932 0.027361 -0.00713574
0.00597818 -0.00713574 -0.0464308

-0.0119917 -0.00454918 -0.00451144
-0.00454918 -0.00788339 -0.00563664
-0.00451144 -0.00563664 0.0747136

0.0606752 0.00960655 0.00482962
0.00960655 0.0539275 -0.0067019
0.00482962 -0.0067019 -0.0344537

-0.00901029 0.00213015 0.00666519
0.00213015 -0.00957382 0.0109797
0.00666519 0.0109797 0.108264

0.0284522 0.00273228 0.00520064
0.00273228 0.0402241 0.00385022
0.00520064 0.00385022 0.164073

-0.00601103 -0.00407085 -0.00419862
-0.00407085 0.000773052 -0.00639146
-0.00419862 -0.00639146 0.109185

0.0130025 -0.000679469 0.000351002
-0.000679469 0.0203339 0.000479583
0.000351002 0.000479583 0.141355

0.0103186 0.0011468 -0.00258894
0.0011468 0.0171981 -0.00228442
-0.00258894 -0.00228442 0.143457

-0.00240949 0.000746697 0.00298626
0.000746697 0.00519314 -0.00275481
0.00298626 -0.00275481 0.116552

0.0118375 0.00413534 0.0116444
0.00413534 0.00191067 0.0109047
0.0116444 0.0109047 -0.140491

0.00765404 0.00243932 0.0018281
0.00243932 0.00149631 -0.00540913
0.0018281 -0.00540913 0.112222

0.00231978 0.00101468 0.00369978
0.00101468 0.00373742 0.00112465
0.00369978 0.00112465 0.12878

0.0351973 0.00201946 0.0102144
0.00201946 0.0377684 0.017835
0.0102144 0.017835 -0.113008

0.00306497 0.00281654 0.00685245
0.00281654 0.00104767 0.00134826
0.00685245 0.00134826 0.000265742

-0.014801 0.000300312 -0.0014104
0.000300312 -0.0160184 -0.00297583
-0.0014104 -0.00297583 0.0255391

-0.209761 -0.0200866 0.0161651
-0.0200866 -0.191253 0.0133906
0.0161651 0.0133906 -0.487066

-0.320777 -0.0958244 -0.0362771
-0.0958244 -0.416555 -0.130168
-0.0362771 -0.130168 -0.408302

-0.0191585 -0.000497671 0.00246011
-0.000497671 -0.0202349 -0.0068905
0.00246011 -0.0068905 0.105486

0.0159651 -0.00571631 0.0057282
-0.00571631 0.00858963 -0.000661789
0.0057282 -0.000661789 0.116536

-0.0111332 0.00124152 -0.00837963
0.00124152 -0.0051114 -0.000681741
-0.00837963 -0.000681741 0.106334

-0.000475881 0.00265726 -0.00917262
0.00265726 0.00167501 -0.000835757
-0.00917262 -0.000835757 0.112308

-0.259272 0.000291201 0.0934487
0.000291201 -0.512345 0.0104561
0.0934487 0.0104561 -0.402008

0.0256638 0.0553258 0.077023
0.0553258 0.034033 0.0793355
0.077023 0.0793355 -0.169933

0.0125888 0.00306139 0.0149121
0.00306139 0.028019 0.0084328
0.0149121 0.0084328 -0.124249

-0.00246777 0.000664319 -0.00527663
0.000664319 -0.00108924 -0.00151363
-0.00527663 -0.00151363 0.116341

-0.00214905 0.00142666 0.00185004
0.00142666 0.00231864 -0.00334642
0.00185004 -0.00334642 0.124109

0.0202505 0.0055237 0.018345
0.0055237 0.0305248 0.00954871
0.018345 0.00954871 -0.115279

-0.0476333 0.0110742 -0.0274895
0.0110742 -0.0739845 0.00113698
-0.0274895 0.00113698 -0.40173

0.00231655 0.000209963 0.0011372
0.000209963 0.00578655 0.000284142
0.0011372 0.000284142 0.13976

-0.00738357 -0.00069882 0.00288172
-0.00069882 -0.00783122 0.0060467
0.00288172 0.0060467 0.0815151

0.0205398 0.00138532 0.0205554
0.00138532 0.0276845 -0.0106966
0.0205554 -0.0106966 -0.114954

0.0147682 0.00269388 0.0185672
0.00269388 0.0244775 -0.00925258
0.0185672 -0.00925258 -0.116212

0.0380568 0.000920469 -0.00355383
0.000920469 0.0250594 0.00534453
-0.00355383 0.00534453 0.0349525

0.032757 0.00464941 -0.00852132
0.00464941 0.031463 0.00561121
-0.00852132 0.00561121 -0.152928

-0.00784429 -0.000993853 -0.00546108
-0.000993853 -0.0183478 -0.00129809
-0.00546108 -0.00129809 0.0723797

-0.0756724 -0.00634645 -0.00216557
-0.00634645 -0.0828617 -0.0367368
-0.00216557 -0.0367368 -0.393336

-0.00849233 0.00595541 -0.00393458
0.00595541 -0.00169468 -0.00183559
-0.00393458 -0.00183559 0.0424275

0.0230646 -0.00581477 0.00284315
-0.00581477 0.00688507 0.00774294
0.00284315 0.00774294 -0.0555114

0.00705158 0.00304955 -0.00875228
0.00304955 0.0060868 -0.00299069
-0.00875228 -0.00299069 0.128251

0.0292613 -0.00136062 0.012063
-0.00136062 0.0244472 0.0140088
0.012063 0.0140088 -0.0977265

0.0198185 -0.021061 -0.00863411
-0.021061 0.0055315 0.0126021
-0.00863411 0.0126021 -0.0881627

0.00770507 0.00229978 0.0102818
0.00229978 0.0121861 0.0126083
0.0102818 0.0126083 0.104367

-0.0102607 -0.000338807 0.00318688
-0.000338807 -0.0064262 0.00859743
0.00318688 0.00859743 0.115706

0.00561219 -0.00180537 0.00053448
-0.00180537 0.0105113 0.00249483
0.00053448 0.00249483 0.140302

0.0167154 0.0109552 0.0133695
0.0109552 0.0109795 -0.00344427
0.0133695 -0.00344427 -0.178633

0.0114708 0.00510895 -0.00750949
0.00510895 0.0174029 -0.00492759
-0.00750949 -0.00492759 0.131575

0.00430622 -0.0031893 -0.00236745
-0.0031893 0.00789883 0.00584997
-0.00236745 0.00584997 0.135157

-0.00538551 0.00223281 -0.000511841
0.00223281 -0.00361028 -0.00281064
-0.000511841 -0.00281064 0.116131

0.0173751 0.00488334 0.0308594
0.00488334 -0.00384571 -0.0302848
0.0308594 -0.0302848 -0.190838

-0.0775107 -0.00321258 -0.000668938
-0.00321258 -0.0736087 -0.0313264
-0.000668938 -0.0313264 -0.38159

0.0305676 0.0061646 0.00195532
0.0061646 0.0222238 0.0132223
0.00195532 0.0132223 0.0243171

0.000591942 -0.0066789 0.0330582
-0.0066789 -0.0172599 0.0378299
0.0330582 0.0378299 -0.225777

-0.0326231 0.00496032 1.40586e-05
0.00496032 -0.0409718 -0.0375825
1.40586e-05 -0.0375825 -0.265446

-0.0011564 -0.0006204 0.00140808
-0.0006204 0.00389695 -0.0018398
0.00140808 -0.0018398 0.132514

-0.00857963 9.19126e-05 -1.39484e-06
9.19126e-05 -0.0146671 -0.00555292
-1.39484e-06 -0.00555292 0.0889085

0.0149329 0.0014924 0.0376135
0.0014924 0.0116793 0.0200718
0.0376135 0.0200718 -0.177993

0.0261191 0.00704358 -0.00428986
0.00704358 0.0299225 0.0170996
-0.00428986 0.0170996 -0.00301731

-0.00816926 0.00171699 0.00799475
0.00171699 -0.00362645 -0.00660792
0.00799475 -0.00660792 0.111961

0.0204202 -0.00731721 -0.00025643
-0.00731721 -0.00950609 0.00822931
-0.00025643 0.00822931 -0.0964218

0.0154825 -0.00253037 -0.00168586
-0.00253037 0.0133387 -0.00216041
-0.00168586 -0.00216041 0.13031

0.0015154 -0.00704263 0.034734
-0.00704263 -0.0180577 0.0351381
0.034734 0.0351381 -0.225406

-0.0227068 -0.00036185 0.0233703
-0.00036185 -0.0107743 0.0460875
0.0233703 0.0460875 -0.286636

-0.0226656 0.00373851 0.00751042
0.00373851 -0.0248031 0.000591752
0.00751042 0.000591752 0.0495872

-0.00469488 -0.00054801 -8.78682e-05
-0.00054801 -0.00783622 -0.00602027
-8.78682e-05 -0.00602027 0.09281

0.0055447 -0.00226734 -0.000620598
-0.00226734 0.0127543 0.000768368
-0.000620598 0.000768368 0.144468

-0.0143228 0.00154849 0.00361136
0.00154849 -0.0189704 0.00154394
0.00361136 0.00154394 0.108284

0.0140467 -0.00250649 0.00911227
-0.00250649 0.00281466 0.0295991
0.00911227 0.0295991 -0.151089

0.00885023 -0.000818687 0.00902732
-0.000818687 0.00287839 0.0248497
0.00902732 0.0248497 -0.166384

0.00191512 -0.000299487 0.00252366
-0.000299487 -0.00219457 0.00465376
0.00252366 0.00465376 0.103651

0.004492 0.00851097 -0.0034141
0.00851097 0.0100935 -0.00470825
-0.0034141 -0.00470825 0.0998296

-0.00993395 0.00013028 0.00796397
0.00013028 -0.00484679 0.0048807
0.00796397 0.0048807 0.108287

-0.018495 0.00223242 0.000770841
0.00223242 -0.0141886 0.00384498
0.000770841 0.00384498 0.100074

0.0147038 -0.00454653 -0.00178548
-0.00454653 0.00901802 0.0193804
-0.00178548 0.0193804 -0.136413

-0.0216133 -0.00206894 0.00249962
-0.00206894 -0.0191486 0.00659118
0.00249962 0.00659118 0.0743793

-0.0688963 0.00753801 0.00329517
0.00753801 -0.0653896 -0.0413744
0.00329517 -0.0413744 -0.330008

-0.00361258 0.000589295 0.000150765
0.000589295 -0.00803872 -0.00789662
0.000150765 -0.00789662 0.0979149

-0.012115 -0.000939311 0.00214142
-0.000939311 -0.00844428 0.00662405
0.00214142 0.00662405 0.114302

0.00127651 -0.000648308 0.0037299
-0.000648308 0.00246433 0.0021627
0.0037299 0.0021627 0.129011

-0.00492765 0.00071858 0.000222573
0.00071858 -0.0105399 -0.00668961
0.000222573 -0.00668961 0.0968213

-0.000876797 0.00147667 -0.00175427
0.00147667 0.00534482 -0.00287752
-0.00175427 -0.00287752 0.126167

-0.00133131 0.000135979 0.00371529
0.000135979 0.00264231 0.000301901
0.00371529 0.000301901 0.120874

-0.0630277 0.0062799 0.0381783
0.0062799 -0.0288267 0.0151491
0.0381783 0.0151491 -0.337705

-0.00106763 0.00236776 -0.00153637
0.00236776 0.00433036 -0.000487211
-0.00153637 -0.000487211 0.126272

0.0116877 -0.00732747 -0.000461601
-0.00732747 0.000176773 0.019835
-0.000461601 0.019835 -0.132375

-0.0109867 0.00531197 0.003497
0.00531197 -0.0139147 0.00124686
0.003497 0.00124686 0.0602671

-0.0371447 -0.00458146 0.0926279
-0.00458146 -0.135657 0.00726834
0.0926279 0.00726834 -0.176362

0.0384026 -0.0106715 0.00564387
-0.0106715 0.0431103 0.0188525
0.00564387 0.0188525 -0.0642976

-0.0419692 0.0672187 0.0817369
0.0672187 -0.132092 0.0448054
0.0817369 0.0448054 -0.252651

0.01421 -0.00408331 0.0076206
-0.00408331 -0.00130706 0.0149015
0.0076206 0.0149015 -0.0783201

0.0244423 -0.0123638 0.00180939
-0.0123638 0.0267071 0.0148391
0.00180939 0.0148391 -0.0875109

0.00271999 0.00258177 0.00581291
0.00258177 0.00183107 0.00549412
0.00581291 0.00549412 0.127528

-0.0100314 0.00383654 0.00741347
0.00383654 -0.0045961 0.00965483
0.00741347 0.00965483 0.10054

0.0168247 0.0366913 0.0688977
0.0366913 0.0171099 0.0778962
0.0688977 0.0778962 -0.17941

-0.0276414 0.00241915 0.0189561
0.00241915 -0.011333 -0.010174
0.0189561 -0.010174 -0.201685

-0.00790939 0.000112131 0.00114726
0.000112131 -0.0037879 0.00230394
0.00114726 0.00230394 0.117258

-0.00523308 -0.0011777 0.0432606
-0.0011777 0.00183334 0.0209651
0.0432606 0.0209651 -0.193938

-0.00346971 -0.00152358 -0.000190086
-0.00152358 -0.000441751 0.00186775
-0.000190086 0.00186775 0.128749

0.00419588 0.00517135 0.0212544
0.00517135 0.0600076 0.0957972
0.0212544 0.0957972 -0.0832879

-0.00674485 -0.00222984 -0.000351869
-0.00222984 -0.00121865 0.00249086
-0.000351869 0.00249086 0.129787

-0.0172929 -0.000733269 0.0013073
-0.000733269 -0.0158308 0.00414825
0.0013073 0.00414825 0.0896066

-0.0252578 -0.00356971 0.000665494
-0.00356971 -0.0150164 -0.00297008
0.000665494 -0.00297008 0.0710827

0.00370882 0.00301376 -0.00345529
0.00301376 0.00716585 -0.00161668
-0.00345529 -0.00161668 0.133889

-0.0046968 -0.00107243 0.00298044
-0.00107243 -0.00328177 0.00371748
0.00298044 0.00371748 0.0900141

-0.00517189 0.000478149 -0.00395518
0.000478149 -0.00473948 0.000445955
-0.00395518 0.000445955 0.102605

0.00239536 0.00289678 -0.00482516
0.00289678 0.00765754 -0.00272154
-0.00482516 -0.00272154 0.120512

-0.019382 -0.00181814 0.00103671
-0.00181814 -0.0133301 0.00267043
0.00103671 0.00267043 0.107633

0.0238243 0.00208617 0.00467186
0.00208617 0.0179199 0.00151861
0.00467186 0.00151861 0.139849

0.000182758 -0.000313325 0.00371381
-0.000313325 0.000874575 0.00233013
0.00371381 0.00233013 0.128201

-0.00017901 -0.00118744 -0.0116217
-0.00118744 -0.00233084 -0.0485238
-0.0116217 -0.0485238 -0.204946

0.00708896 -0.000335773 -0.00718341
-0.000335773 0.004224 0.00175442
-0.00718341 0.00175442 0.0279648

-0.00780819 0.00506721 0.0272654
0.00506721 -0.02379 -0.0331549
0.0272654 -0.0331549 -0.236494

-0.0105715 -0.00762869 -0.00178539
-0.00762869 -0.0135715 0.013763
-0.00178539 0.013763 -0.171794

-0.0162308 4.58172e-05 -0.00511926
4.58172e-05 -0.00933634 0.0024656
-0.00511926 0.0024656 0.0820269

0.00426372 -0.00502055 -0.00630906
-0.00502055 0.00132717 0.00437243
-0.00630906 0.00437243 0.0497381

0.022243 -0.00638968 -0.0016768
-0.00638968 0.022486 0.0248667
-0.0016768 0.0248667 -0.118094

0.0026217 -0.00615608 0.011228
-0.00615608 -0.0150746 0.00814404
0.011228 0.00814404 0.0906526

0.00393251 0.000980831 0.00183096
0.000980831 -0.0012855 0.0039959
0.00183096 0.0039959 0.0774569

-0.285178 0.00457458 -0.0106802
0.00457458 -0.221096 -0.00526408
-0.0106802 -0.00526408 -0.502917

-0.012535 -0.000842976 -0.000738756
-0.000842976 -0.0221664 -0.00174194
-0.000738756 -0.00174194 0.0670087

-0.00781118 0.00421858 0.00549203
0.00421858 -0.00292474 0.00936559
0.00549203 0.00936559 0.102474

0.00263673 -0.000420774 -0.00888399
-0.000420774 0.0181338 -0.0211125
-0.00888399 -0.0211125 -0.170709

0.0478586 0.0068946 0.00543496
0.0068946 0.0556525 -0.0198219
0.00543496 -0.0198219 -0.0895381

-0.00249634 -0.00167165 -0.00543139
-0.00167165 -0.00928298 -0.00445279
-0.00543139 -0.00445279 0.0858839

0.00271647 0.00162777 -0.0009236
0.00162777 0.00462592 -0.0022547
-0.0009236 -0.0022547 0.13304

-0.0141447 -0.00410234 0.00854371
-0.00410234 -0.0178799 0.0103869
0.00854371 0.0103869 -0.171242

-0.00162345 0.000142423 -0.00238455
0.000142423 -0.00151533 -0.00123373
-0.00238455 -0.00123373 0.111892

-0.00725246 -1.8642e-05 0.00698047
-1.8642e-05 -0.00541035 0.00817345
0.00698047 0.00817345 0.111123

-0.018648 0.00192946 0.00361668
0.00192946 -0.0276722 -0.00447545
0.00361668 -0.00447545 0.0471753

0.00895324 -5.72577e-05 0.000957625
-5.72577e-05 0.00864096 -0.00132138
0.000957625 -0.00132138 0.120132

-0.00467132 0.0011519 0.00721534
0.0011519 -0.00294254 0.0091145
0.00721534 0.0091145 0.112021

0.015717 0.000834439 -0.00239631
0.000834439 0.00636628 0.00434729
-0.00239631 0.00434729 0.0930963

-0.255148 0.00370361 0.015195
0.00370361 -0.244687 0.00744678
0.015195 0.00744678 -0.52234

0.0016061 0.000789582 -0.00475438
0.000789582 0.00186805 0.000250417
-0.00475438 0.000250417 0.11468

-0.00437837 0.00130851 0.000928146
0.00130851 -0.00939286 -0.000142198
0.000928146 -0.000142198 0.102644

0.00451191 0.00230883 -0.00136206
0.00230883 0.00677123 0.00306063
-0.00136206 0.00306063 0.140165

0.00286371 0.000140713 0.00353961
0.000140713 0.00100209 0.00407695
0.00353961 0.00407695 0.138448

-0.0528966 -0.00707328 0.0150884
-0.00707328 -0.039964 -0.0230225
0.0150884 -0.0230225 -0.284438

-0.0027125 -0.00156756 0.00287067
-0.00156756 2.09436e-05 0.00315328
0.00287067 0.00315328 0.133889

-0.122361 0.0175566 0.0200818
0.0175566 -0.0716872 -0.00844342
0.0200818 -0.00844342 -0.269107

-0.00195636 -0.00481321 0.0051965
-0.00481321 0.0133193 0.00540635
0.0051965 0.00540635 -0.0884505

-0.0108573 0.00596087 0.000507302
0.00596087 -0.00432965 0.00416492
0.000507302 0.00416492 0.0641843

0.0210568 0.00514271 -0.00318648
0.00514271 0.0144294 -0.0242822
-0.00318648 -0.0242822 -0.138345

-0.00530998 -0.00189259 0.00177852
-0.00189259 -0.000215343 0.00181187
0.00177852 0.00181187 0.1321

-0.0499077 -0.0211084 -0.0310323
-0.0211084 -0.0158031 0.044012
-0.0310323 0.044012 -0.343278

-0.327224 0.038812 -0.040657
0.038812 -0.212745 0.0183941
-0.040657 0.0183941 -0.441087

0.0408441 0.00918252 -0.0178988
0.00918252 0.027294 -0.0384886
-0.0178988 -0.0384886 -0.125906

-0.00640467 0.00103596 0.00210679
0.00103596 -0.000672131 -0.00074766
0.00210679 -0.00074766 0.128461

-0.0020135 -1.27139e-05 -0.000700564
-1.27139e-05 -0.00184527 0.00772882
-0.000700564 0.00772882 0.103883

-0.0119493 -0.00276441 0.00253122
-0.00276441 -0.0108613 0.00525024
0.00253122 0.00525024 0.0782131

-0.0636728 -0.00236909 0.0326678
-0.00236909 -0.0443158 0.0130752
0.0326678 0.0130752 -0.342955

0.0154057 -0.00731875 0.00507105
-0.00731875 -0.00641224 0.0107086
0.00507105 0.0107086 -0.0850339

0.000282085 0.00109958 -0.00529869
0.00109958 -0.00424679 -0.000956722
-0.00529869 -0.000956722 0.10691

-0.218596 -0.00552991 -0.0512262
-0.00552991 -0.146403 -0.0399857
-0.0512262 -0.0399857 -0.324197

-0.00207257 -0.00180461 -0.00182443
-0.00180461 -0.0059312 -0.00111091
-0.00182443 -0.00111091 0.0983709

0.00570963 -0.000999673 -0.00595589
-0.000999673 0.0109829 -0.00119115
-0.00595589 -0.00119115 0.083304

-0.0191514 -0.00127941 0.0307485
-0.00127941 -0.00429232 -0.0436394
0.0307485 -0.0436394 -0.273227

0.00464974 -0.00097073 0.00147005
-0.00097073 0.00809789 0.00203006
0.00147005 0.00203006 0.13974

-0.00610437 -0.00323955 -0.00634276
-0.00323955 -0.0166791 -0.00107815
-0.00634276 -0.00107815 0.085266

-0.00567095 0.00211307 0.00108904
0.00211307 -0.00416498 -0.00367144
0.00108904 -0.00367144 0.114783

0.0303589 -0.00524152 -0.000400196
-0.00524152 0.0249436 -0.00121244
-0.000400196 -0.00121244 0.0974622

0.00292996 0.000833736 0.00388952
0.000833736 0.00210368 -0.00949768
0.00388952 -0.00949768 0.130313

-0.0347804 -0.00323886 0.0427921
-0.00323886 -0.0286451 0.00933892
0.0427921 0.00933892 -0.309524

-0.00157777 0.00114307 0.00171374
0.00114307 0.00516032 0.00137182
0.00171374 0.00137182 0.135789

-0.00219455 -0.000194864 -0.00891155
-0.000194864 -0.00230366 0.00621375
-0.00891155 0.00621375 0.0895604

-0.0229744 -0.00639036 -0.0175495
-0.00639036 -0.0287453 -0.0215057
-0.0175495 -0.0215057 -0.196548

-0.00615026 -0.00444851 -0.0268369
-0.00444851 -0.0216861 -0.018266
-0.0268369 -0.018266 -0.182644

0.0121098 4.87107e-05 -0.00125364
4.87107e-05 0.0121994 -0.00364161
-0.00125364 -0.00364161 0.14007

-0.0189469 0.000563036 -0.00675757
0.000563036 -0.0133363 -0.00345734
-0.00675757 -0.00345734 0.117937

-0.065904 0.016676 0.0353437
0.016676 -0.0446848 0.00394856
0.0353437 0.00394856 -0.331319

0.0119101 0.00603394 -0.000600734
0.00603394 0.031064 0.00473376
-0.000600734 0.00473376 0.107444

0.0097942 -0.0010872 0.00186938
-0.0010872 0.00654724 0.00143793
0.00186938 0.00143793 0.140986

0.0171834 0.00151574 0.00362083
0.00151574 0.00511504 -0.00741829
0.00362083 -0.00741829 0.0644146

-0.0280143 0.00895754 -0.0129598
0.00895754 -0.0113204 -0.000488869
-0.0129598 -0.000488869 0.0563951

-0.0202487 -0.0047749 -0.000528785
-0.0047749 -0.0239679 0.00667317
-0.000528785 0.00667317 0.0735482

-0.0178727 4.0306e-05 0.00399876
4.0306e-05 -0.018603 0.00614384
0.00399876 0.00614384 0.109508

-0.0166053 -0.00365369 -2.73511e-05
-0.00365369 -0.0174078 0.00285133
-2.73511e-05 0.00285133 0.0802052

-0.0287691 0.00196275 0.0092744
0.00196275 -0.0274885 0.00312107
0.0092744 0.00312107 0.0469932

6.77988e-05 -0.00374257 0.000152149
-0.00374257 0.000889697 0.00543451
0.000152149 0.00543451 0.119874

0.0274897 0.0102915 -0.00718157
0.0102915 0.0271438 0.0120444
-0.00718157 0.0120444 -0.0314627

-0.00232923 0.00162192 -0.00103295
0.00162192 -0.00863504 0.000678103
-0.00103295 0.000678103 0.104353

-0.0208549 0.00264296 0.00608954
0.00264296 -0.0123565 -0.00439775
0.00608954 -0.00439775 0.0974662

-0.00532878 0.000765216 -0.00440163
0.000765216 -0.000733723 -0.00207744
-0.00440163 -0.00207744 0.125475

0.0275622 0.00346101 -0.0115986
0.00346101 0.0270373 -0.00786215
-0.0115986 -0.00786215 0.108863

0.002761 0.00443593 -0.0066799
0.00443593 0.0097725 0.0114569
-0.0066799 0.0114569 0.0189759

-0.00217068 0.00217957 -0.00689282
0.00217957 -0.00066638 -0.00415234
-0.00689282 -0.00415234 0.113142

-0.00356557 0.00184386 0.002909
0.00184386 -0.00114121 0.00427909
0.002909 0.00427909 0.127722

-0.00386676 0.00222346 -0.000517052
0.00222346 -0.00108962 0.00119275
-0.000517052 0.00119275 0.126185

0.0160477 -0.000111509 0.042012
-0.000111509 0.0159829 0.0303411
0.042012 0.0303411 -0.170506

0.0136372 -0.0106206 0.0310782
-0.0106206 0.00940487 0.0292845
0.0310782 0.0292845 -0.170856

0.0663434 -0.00230075 0.00650895
-0.00230075 0.0544757 0.0152732
0.00650895 0.0152732 0.0189415

0.0323491 0.000853396 -0.00885542
0.000853396 0.0370924 0.00211775
-0.00885542 0.00211775 -0.0548302

-0.00598911 -0.000474222 0.00564814
-0.000474222 -0.00339611 0.00193202
0.00564814 0.00193202 0.120605

0.000345542 0.000432376 0.00367847
0.000432376 0.00189933 0.00298936
0.00367847 0.00298936 0.139152

0.00993095 0.000848791 0.00900093
0.000848791 0.0019505 -0.0018365
0.00900093 -0.0018365 0.0427208

0.000579533 0.000544392 -0.00209447
0.000544392 0.00476262 0.00609537
-0.00209447 0.00609537 0.132982

-0.0218302 0.00326685 0.00194262
0.00326685 -0.0181969 0.0062585
0.00194262 0.0062585 0.0543221

0.0160027 -0.00603828 0.00672815
-0.00603828 0.0440854 -0.00285361
0.00672815 -0.00285361 -0.0708335

0.00381827 0.00355851 -0.0106821
0.00355851 0.00254899 -0.0488722
-0.0106821 -0.0488722 -0.214479

-0.013227 -0.00151673 0.00344944
-0.00151673 -0.0110194 0.00321367
0.00344944 0.00321367 0.114074

-0.00129688 -0.000564178 -0.00311753
-0.000564178 -0.00681804 0.00645704
-0.00311753 0.00645704 0.109626

0.00171215 -0.00451484 -0.00833801
-0.00451484 0.00320387 0.0103554
-0.00833801 0.0103554 0.121036

-0.00914056 -0.000281538 0.000170755
-0.000281538 -0.00519138 0.00785838
0.000170755 0.00785838 0.117927

-0.0107594 -0.00265332 -0.00552103
-0.00265332 -0.00909105 0.00785305
-0.00552103 0.00785305 0.106538

-0.0151283 0.00383399 0.0145872
0.00383399 -0.0221714 0.00184448
0.0145872 0.00184448 -0.067236

0.0437038 -0.00644796 -0.00405194
-0.00644796 0.038993 -0.014056
-0.00405194 -0.014056 0.00432564

0.00170754 0.00262827 0.00880373
0.00262827 0.0171488 -0.0030417
0.00880373 -0.0030417 0.0124711

0.0189008 0.00737536 0.00757113
0.00737536 0.0150314 -0.00392311
0.00757113 -0.00392311 0.00635946

-0.0013157 0.000793996 -0.00312746
0.000793996 -0.0067065 0.00250807
-0.00312746 0.00250807 0.110238

0.00476646 0.000785019 -0.00103772
0.000785019 0.00340304 0.00249158
-0.00103772 0.00249158 0.110026

0.000901125 0.000309019 0.00202981
0.000309019 0.00464122 0.00931681
0.00202981 0.00931681 0.133388

-0.00272178 -0.0011194 -0.00653503
-0.0011194 0.000786107 -0.00400061
-0.00653503 -0.00400061 0.111504

-0.00927556 -0.00386058 0.00227791
-0.00386058 -0.00931534 0.00312536
0.00227791 0.00312536 0.116212

0.0188243 0.00467022 -0.00149552
0.00467022 0.0196192 -0.0100681
-0.00149552 -0.0100681 -0.000682564

0.0122947 0.00624052 0.00391059
0.00624052 0.00783146 -0.00511811
0.00391059 -0.00511811 0.0590177

0.0407189 0.00254617 0.00507165
0.00254617 0.0344277 -0.0230054
0.00507165 -0.0230054 -0.0982305

-0.00336311 0.0102927 -0.000240393
0.0102927 -0.0117397 -0.00704328
-0.000240393 -0.00704328 0.0764184

-0.0143821 0.00334561 0.000227757
0.00334561 -0.00640849 0.00245969
0.000227757 0.00245969 0.0407295

-0.000429418 -0.0014093 0.00906777
-0.0014093 0.00283084 0.000463184
0.00906777 0.000463184 0.137442

-0.00658925 -0.000979209 0.00389404
-0.000979209 -0.000128079 -0.000915173
0.00389404 -0.000915173 0.13407

0.0070404 -0.000403351 0.00474157
-0.000403351 0.00820033 -0.00181486
0.00474157 -0.00181486 0.136911

-0.00441781 0.00272896 -0.00314176
0.00272896 -0.00804033 0.000361718
-0.00314176 0.000361718 0.100913

0.00146245 -1.37973e-05 -0.0068253
-1.37973e-05 0.000268706 0.000631689
-0.0068253 0.000631689 0.10617

0.0200312 0.00266652 -0.00952231
0.00266652 0.0204312 -0.0174319
-0.00952231 -0.0174319 -0.118507

-0.000145008 -0.00149625 0.00288075
-0.00149625 0.00102868 -0.00626505
0.00288075 -0.00626505 0.12838

-0.00530747 -0.00383565 0.00344015
-0.00383565 -0.00711166 -0.00574048
0.00344015 -0.00574048 0.124733

-0.00197308 -0.000728046 0.00973644
-0.000728046 -0.000138814 -0.00589326
0.00973644 -0.00589326 0.128607

0.00403027 -0.00151781 0.0134502
-0.00151781 0.00316515 -0.00163651
0.0134502 -0.00163651 0.135716

0.033132 0.010248 -0.00908311
0.010248 0.0226293 0.0128353
-0.00908311 0.0128353 -0.0302058

-0.0532468 -0.00893805 0.00791852
-0.00893805 -0.0496798 0.0367222
0.00791852 0.0367222 -0.358146

0.007136 0.000198013 -0.00121139
0.000198013 0.0126122 0.00168579
-0.00121139 0.00168579 0.0562131

-0.0022328 0.00340172 3.2328e-06
0.00340172 -0.00385859 -0.00310612
3.2328e-06 -0.00310612 0.0902971

-0.0899322 -0.0127695 -0.0325544
-0.0127695 -0.0841165 0.0544955
-0.0325544 0.0544955 -0.442852

-0.016406 0.00132763 -0.0349902
0.00132763 -0.0149458 -0.0434692
-0.0349902 -0.0434692 -0.255879

0.0123772 -0.00163389 -0.0128684
-0.00163389 0.0140529 0.000383993
-0.0128684 0.000383993 0.0478423

-0.0147207 0.00167134 -0.0145054
0.00167134 -0.00654172 0.00469285
-0.0145054 0.00469285 0.0566088

-0.0025605 -0.00274999 -0.0108232
-0.00274999 0.00305322 0.00135329
-0.0108232 0.00135329 0.0835779

-0.0155217 -0.00634977 0.0377251
-0.00634977 -0.0321457 -0.0101582
0.0377251 -0.0101582 -0.325244

0.00621953 0.00320749 -0.0166885
0.00320749 0.0180694 0.0174374
-0.0166885 0.0174374 -0.136579

-0.0368172 0.0157984 -0.0546005
0.0157984 -0.0207108 -0.0385555
-0.0546005 -0.0385555 -0.314756

0.0029697 0.0075544 0.00116241
0.0075544 -0.00668085 0.013773
0.00116241 0.013773 0.0142927

-0.0264436 0.00161805 -0.000786739
0.00161805 -0.0181453 0.00556369
-0.000786739 0.00556369 0.0460563

-0.0174329 0.00152109 -0.00304146
0.00152109 -0.0108067 0.00673628
-0.00304146 0.00673628 0.050127

-0.0104302 -0.000648417 -0.00419106
-0.000648417 -0.0119615 0.00385866
-0.00419106 0.00385866 0.104197

-0.0170528 -0.00143661 -0.0064353
-0.00143661 -0.0131501 0.000426272
-0.0064353 0.000426272 0.120172

0.0235143 -0.0105103 0.00315595
-0.0105103 0.022031 0.0155211
0.00315595 0.0155211 -0.0851517

-0.0425687 0.00542617 0.00540277
0.00542617 -0.00770729 0.0313513
0.00540277 0.0313513 -0.36162

-0.0145882 0.00633227 -0.000797808
0.00633227 -0.0119032 -0.0118376
-0.000797808 -0.0118376 0.0324682

0.000488336 -0.00355283 0.0106917
-0.00355283 0.0214823 0.00562723
0.0106917 0.00562723 0.002334

0.0367164 0.00709038 0.0339858
0.00709038 0.0541482 0.00499934
0.0339858 0.00499934 -0.129285

0.00479589 -0.00155787 -0.00429686
-0.00155787 0.00477892 -0.00472771
-0.00429686 -0.00472771 0.114881

0.0274521 0.0158638 -0.00747111
0.0158638 0.0353227 0.00698657
-0.00747111 0.00698657 0.0139766

-0.0202612 0.00559836 -0.0174575
0.00559836 -0.0103454 0.00740926
-0.0174575 0.00740926 -0.185241

-0.0369459 -0.000123749 -0.00250786
-0.000123749 -0.0344142 -0.00185298
-0.00250786 -0.00185298 0.0761508

0.0010333 0.00365853 0.00704566
0.00365853 0.00132442 0.00392375
0.00704566 0.00392375 0.12966

0.10764 0.0697132 0.0512818
0.0697132 0.194147 0.219829
0.0512818 0.219829 -0.140573

-0.0144918 0.000557867 0.00321498
0.000557867 -0.00891371 0.00614291
0.00321498 0.00614291 0.11723

-0.00214367 -0.00175765 -0.0421495
-0.00175765 -0.0028524 -0.0456082
-0.0421495 -0.0456082 -0.212033

-0.0105041 -0.000954362 0.00394887
-0.000954362 -0.00546625 0.00619543
0.00394887 0.00619543 0.128976

0.00673591 0.00108275 0.00328964
0.00108275 0.0326927 -0.00445333
0.00328964 -0.00445333 0.0638009

-0.00964387 0.00167336 -0.000858111
0.00167336 -0.00807477 -0.00215597
-0.000858111 -0.00215597 0.100323

-0.561991 -0.0164841 -0.0320855
-0.0164841 -0.676255 -0.124955
-0.0320855 -0.124955 -0.541709

-0.0492092 -0.00640026 0.0160714
-0.00640026 -0.0248749 -0.0510657
0.0160714 -0.0510657 -0.360175

-0.103121 0.000597001 0.0115158
0.000597001 -0.0956366 -0.030254
0.0115158 -0.030254 -0.436082

-0.0676628 0.00337676 0.0078469
0.00337676 -0.0217831 0.0326957
0.0078469 0.0326957 -0.375011

-0.015204 0.00762581 -0.0083359
0.00762581 -0.0104111 -0.049888
-0.0083359 -0.049888 -0.238045

-0.0288937 0.0110837 0.00780588
0.0110837 -0.0265745 0.0356823
0.00780588 0.0356823 -0.280896

-0.0610043 0.00350479 -0.0308524
0.00350479 -0.0686631 0.0316311
-0.0308524 0.0316311 -0.360806

-0.00870022 0.00167583 0.00472416
0.00167583 -0.00358418 0.012931
0.00472416 0.012931 0.120669

-0.000828724 0.000462987 0.00166281
0.000462987 -0.00141948 -0.00103573
0.00166281 -0.00103573 0.131974

-0.0152688 -0.000517385 -0.0018703
-0.000517385 -0.00814471 0.00801621
-0.0018703 0.00801621 0.0824183

-0.00287133 0.00100979 0.00122006
0.00100979 0.00370107 0.000668088
0.00122006 0.000668088 0.134959

-0.0179513 0.00266464 0.0213049
0.00266464 -0.00243578 0.00580825
0.0213049 0.00580825 -0.282441

0.0103877 0.00118443 0.00386569
0.00118443 0.0151559 0.00235627
0.00386569 0.00235627 0.125243

-0.0620344 0.039032 0.0228511
0.039032 -0.0838338 0.034424
0.0228511 0.034424 -0.378848

-0.00429496 0.000569899 -0.00319464
0.000569899 -0.00855355 0.00148084
-0.00319464 0.00148084 0.103998

0.00478721 -0.000377764 -0.0046634
-0.000377764 0.00720244 0.026166
-0.0046634 0.026166 -0.0723507

0.000791169 0.00142187 0.00250996
0.00142187 0.000628217 0.00162037
0.00250996 0.00162037 0.136685

-0.0216372 -0.00343086 -0.000346303
-0.00343086 -0.0252941 -0.00290327
-0.000346303 -0.00290327 0.0863943

0.0130519 0.000417956 0.00493408
0.000417956 0.00444093 0.00755947
0.00493408 0.00755947 0.126451

0.0322726 -0.00234409 -0.00950331
-0.00234409 0.0311207 -0.0106959
-0.00950331 -0.0106959 -0.123891

0.0448203 -0.000388385 -0.0219939
-0.000388385 0.0541775 -0.010504
-0.0219939 -0.010504 -0.103726

0.0469498 -0.00483149 -0.0100448
-0.00483149 0.041601 0.00886461
-0.0100448 0.00886461 -0.0483355

-0.0121652 -0.00416515 0.00181331
-0.00416515 -0.00151387 -0.00110279
0.00181331 -0.00110279 0.110995

-0.162614 -0.0322376 0.00876933
-0.0322376 -0.169224 -0.0111205
0.00876933 -0.0111205 -0.463982

-0.0569418 0.00126027 -0.0482006
0.00126027 -0.0490903 0.0125991
-0.0482006 0.0125991 -0.335676

0.0171085 -0.00185176 -0.00324245
-0.00185176 0.00982699 -0.00325544
-0.00324245 -0.00325544 0.127462

0.0126281 0.00160436 -0.0287008
0.00160436 0.0113867 -0.0244821
-0.0287008 -0.0244821 -0.172975

-0.0117303 0.00154966 0.00634049
0.00154966 -0.00762529 0.00888361
0.00634049 0.00888361 0.116586

-0.0115881 0.00160302 0.00316424
0.00160302 -0.00671411 0.00296977
0.00316424 0.00296977 0.12383

-0.00389901 -0.000690656 -0.00666475
-0.000690656 -0.00379481 0.000976344
-0.00666475 0.000976344 0.0852615

-0.0110721 -0.00135191 0.00328246
-0.00135191 -0.00675306 0.00159442
0.00328246 0.00159442 0.11337

-0.0117214 0.00331184 0.00400189
0.00331184 -0.00609177 0.00106758
0.00400189 0.00106758 0.130042

-0.00077083 0.000405787 -0.00543867
0.000405787 0.00105588 -3.12794e-05
-0.00543867 -3.12794e-05 0.102603

0.0674333 -0.00543587 0.00820306
-0.00543587 0.0617579 0.0191056
0.00820306 0.0191056 -0.0135098

-0.0159935 0.000880629 0.000915352
0.000880629 -0.00888806 0.00683884
0.000915352 0.00683884 0.11496

-0.0736472 0.00695914 -0.0775648
0.00695914 -0.075766 0.0970754
-0.0775648 0.0970754 -0.183629

0.00850453 0.000780798 0.00419218
0.000780798 0.00468939 -0.00108521
0.00419218 -0.00108521 0.140503

-0.00270943 -0.00544739 0.00401072
-0.00544739 -0.0250719 0.00743891
0.00401072 0.00743891 -0.105049

-0.0481507 0.00996219 -0.00151255
0.00996219 -0.0259908 -0.0488641
-0.00151255 -0.0488641 -0.328732

-0.115571 -0.000582561 0.0416442
-0.000582561 -0.134233 0.0430014
0.0416442 0.0430014 -0.383003

-0.0223467 0.00203233 -0.000824141
0.00203233 -0.011865 0.00746336
-0.000824141 0.00746336 0.0514146

0.0209642 -0.00239615 -0.00792818
-0.00239615 0.000849644 0.0111121
-0.00792818 0.0111121 -0.00560913

0.0149767 -0.00170925 -1.46054e-05
-0.00170925 0.0140721 0.00136755
-1.46054e-05 0.00136755 0.118439

-0.011827 -0.00873591 0.0228239
-0.00873591 0.00989924 -0.055226
0.0228239 -0.055226 -0.298903

0.00347662 0.00124957 0.000750116
0.00124957 -0.00381299 -0.000121074
0.000750116 -0.000121074 0.125551

0.0120561 0.00506335 -0.00121724
0.00506335 0.0187933 0.0265107
-0.00121724 0.0265107 -0.0681438

-0.0234069 3.31886e-05 0.00534002
3.31886e-05 -0.0159376 0.00276954
0.00534002 0.00276954 0.0996966

-0.0200173 0.00542238 0.0214616
0.00542238 -0.0115494 0.016713
0.0214616 0.016713 -0.278218

-0.0627088 0.0122665 0.0329769
0.0122665 -0.0472405 0.0081502
0.0329769 0.0081502 -0.317292

0.00342408 -0.00409211 0.0005146
-0.00409211 0.0127461 -0.00134144
0.0005146 -0.00134144 0.129878

0.0405312 0.0159787 -0.00219415
0.0159787 0.0373473 0.0201981
-0.00219415 0.0201981 -0.0650053

-0.00265848 0.00158019 -0.00520801
0.00158019 -0.00445663 -0.00782734
-0.00520801 -0.00782734 0.111416

-0.0581556 -0.0017141 0.00972285
-0.0017141 -0.0186245 0.0356424
0.00972285 0.0356424 -0.376669

-0.080862 -0.00778577 0.0224368
-0.00778577 -0.0196805 0.037704
0.0224368 0.037704 -0.327531

0.018156 0.00718752 0.0225368
0.00718752 0.0747454 0.102295
0.0225368 0.102295 -0.21236

-0.101357 0.0489156 -0.0308129
0.0489156 -0.186836 0.0268325
-0.0308129 0.0268325 -0.409461

0.0456662 0.0123849 -0.0130271
0.0123849 0.0195661 -0.00879322
-0.0130271 -0.00879322 0.121477

0.0085605 0.009673 -0.00735678
0.009673 0.00926237 0.00918248
-0.00735678 0.00918248 0.020866

0.00692068 0.0038562 0.00623787
0.0038562 0.0149055 -0.00325156
0.00623787 -0.00325156 0.0419374

0.0169526 0.00656483 0.00061613
0.00656483 0.0189267 0.00195326
0.00061613 0.00195326 0.152673

-0.00307073 0.0023341 0.0048504
0.0023341 -0.00147735 -0.0448148
0.0048504 -0.0448148 -0.232059

-0.0249513 -0.00320871 0.0334936
-0.00320871 -0.0150677 0.0430917
0.0334936 0.0430917 -0.301603

0.0199271 0.0033837 0.0021527
0.0033837 0.0073913 0.0136051
0.0021527 0.0136051 0.0146928

-0.0338495 0.00855989 0.0230122
0.00855989 -0.106017 -0.0212589
0.0230122 -0.0212589 -0.430042

-0.00163219 0.00219449 -0.00681713
0.00219449 0.000434331 -0.00456037
-0.00681713 -0.00456037 0.114737

-0.0143869 0.00650558 0.0123278
0.00650558 0.0059583 -0.0105951
0.0123278 -0.0105951 0.0362056

-0.00514171 -0.00112198 0.00604483
-0.00112198 -0.00584138 0.0128721
0.00604483 0.0128721 -0.113375

0.00234256 0.00124061 0.00599018
0.00124061 -0.00160493 -0.00752809
0.00599018 -0.00752809 0.0312128

-0.0678838 -0.000683134 0.00841019
-0.000683134 -0.0502061 0.0434871
0.00841019 0.0434871 -0.374754

-0.00699708 0.00438188 0.0244033
0.00438188 -0.0073306 -0.00123148
0.0244033 -0.00123148 -0.23966

-0.00626399 -0.0113377 0.0207459
-0.0113377 -0.00927069 0.0336012
0.0207459 0.0336012 -0.193004

0.00280424 -0.00120409 -0.00329186
-0.00120409 0.0122125 -0.00290661
-0.00329186 -0.00290661 0.0883957

0.05533 -0.00530741 0.00634295
-0.00530741 0.0519167 0.0235994
0.00634295 0.0235994 -0.044558

0.0199491 -0.0088212 -0.006497
-0.0088212 0.0210431 -0.00135477
-0.006497 -0.00135477 0.0302647

0.00437193 0.00226999 -0.00145884
0.00226999 0.000466328 0.0115223
-0.00145884 0.0115223 0.00990928

0.00600588 -0.000526706 -0.00386177
-0.000526706 0.00264906 0.010404
-0.00386177 0.010404 -0.172359

-0.00278647 -0.000838014 -0.00162509
-0.000838014 0.0036442 0.00884274
-0.00162509 0.00884274 0.127205

0.0366745 0.011489 -0.0041524
0.011489 0.03236 0.0219036
-0.0041524 0.0219036 -0.0642944

-0.00606392 0.00644829 0.0233764
0.00644829 -0.00560398 -0.0230001
0.0233764 -0.0230001 -0.173853

0.00428026 0.00138567 -0.00668168
0.00138567 0.00192696 0.00137551
-0.00668168 0.00137551 0.102395

-0.0120249 0.000714668 -0.00295306
0.000714668 -0.0091811 0.00199795
-0.00295306 0.00199795 0.0889116

-0.00904863 0.0117813 -0.00458489
0.0117813 -0.020643 -0.0354211
-0.00458489 -0.0354211 -0.213481

-0.00445125 0.00485822 0.0268086
0.00485822 0.0113977 0.0112554
0.0268086 0.0112554 -0.171949

0.0109684 -0.00232093 0.0160228
-0.00232093 0.0191108 0.00338278
0.0160228 0.00338278 -0.0129787

-0.0402536 0.00311198 0.0365772
0.00311198 -0.0195729 -0.000341297
0.0365772 -0.000341297 -0.308031

-0.116159 -0.00700692 0.0115195
-0.00700692 -0.0430236 0.0386992
0.0115195 0.0386992 -0.375259

0.0200143 0.0111277 0.0139195
0.0111277 0.038728 0.00324508
0.0139195 0.00324508 -0.0263378

-0.0061106 -0.000505853 0.00162625
-0.000505853 -0.0051116 -0.00254763
0.00162625 -0.00254763 0.101758

0.00528844 0.00230989 -0.00118862
0.00230989 0.00284919 -0.00393981
-0.00118862 -0.00393981 0.135922

-0.00145516 0.00425828 0.00817891
0.00425828 0.00113509 -0.00771134
0.00817891 -0.00771134 -0.0361021

0.0339341 0.0182533 -0.0063254
0.0182533 0.019253 -0.0123752
-0.0063254 -0.0123752 -0.0972986

-0.00213494 -0.00182999 0.00181672
-0.00182999 -0.00280946 -0.00242376
0.00181672 -0.00242376 0.10405

-0.0269193 0.013051 -0.00140459
0.013051 -0.0472047 0.00867798
-0.00140459 0.00867798 -0.159784

-0.00879071 0.00131801 -0.00110455
0.00131801 -0.00384424 -0.000228066
-0.00110455 -0.000228066 0.106516

0.072028 0.00947178 0.0125948
0.00947178 0.0551486 -0.0109143
0.0125948 -0.0109143 -0.00402181

-0.0186854 -0.0140913 -0.00962083
-0.0140913 -0.031672 0.00356155
-0.00962083 0.00356155 -0.170742

0.0151669 -0.00786915 0.010986
-0.00786915 0.0219033 0.0109017
0.010986 0.0109017 -0.074006

-0.00909722 0.00229953 0.0245244
0.00229953 0.00670816 -0.0102884
0.0245244 -0.0102884 -0.171733

0.0200577 0.0014175 0.00629381
0.0014175 0.0338657 -0.0114182
0.00629381 -0.0114182 0.0436172

0.00524843 0.00235976 0.0129736
0.00235976 0.0143635 -0.00787573
0.0129736 -0.00787573 0.0407432

0.0327224 0.00294488 0.0105266
0.00294488 0.0337564 -0.00200076
0.0105266 -0.00200076 0.0216122

-0.00244367 0.000119924 -0.00111949
0.000119924 0.00394245 0.000216832
-0.00111949 0.000216832 0.110626

0.0249463 0.00435811 0.0116907
0.00435811 0.0135466 -0.00488702
0.0116907 -0.00488702 0.0210205

-0.0170615 0.000521383 -0.00207343
0.000521383 -0.00949489 0.0014101
-0.00207343 0.0014101 0.0814539

-0.309258 0.0269304 -0.0270932
0.0269304 -0.294865 0.0313504
-0.0270932 0.0313504 -0.527885

-0.00866173 7.43964e-05 0.0154508
7.43964e-05 0.00369599 0.015144
0.0154508 0.015144 -0.167816

0.0405514 -0.00689876 0.0103411
-0.00689876 0.0438607 0.00768644
0.0103411 0.00768644 -0.0622062

-0.00884173 0.000434518 -0.000545826
0.000434518 0.00291217 0.00182408
-0.000545826 0.00182408 0.137425

0.0303568 -0.0054087 0.0235856
-0.0054087 0.0321227 0.00881048
0.0235856 0.00881048 -0.0694146

0.0307362 0.0117264 -0.0103271
0.0117264 0.0313748 0.00478724
-0.0103271 0.00478724 -0.0206323

0.0270842 0.00379815 -0.00152863
0.00379815 0.0181873 -0.00522865
-0.00152863 -0.00522865 0.0842674

0.0264855 0.000987145 0.000307586
0.000987145 0.0294961 0.00752841
0.000307586 0.00752841 0.15211

0.00974126 -0.000239471 -0.00171741
-0.000239471 0.0207225 0.00404875
-0.00171741 0.00404875 0.102454

-0.00734118 -0.00108575 0.000948505
-0.00108575 -0.00160831 0.00335425
0.000948505 0.00335425 0.0749711

0.0285906 0.000180897 -0.00589982
0.000180897 0.017889 -0.00463792
-0.00589982 -0.00463792 0.116466

0.0134802 -0.00231839 -0.00216155
-0.00231839 0.0184497 -0.000190822
-0.00216155 -0.000190822 0.138258

-0.00855699 0.0053915 0.00347058
0.0053915 0.00196557 0.00551112
0.00347058 0.00551112 0.0453273

-0.00492013 -0.00383556 0.000586931
-0.00383556 0.00162209 -0.000348867
0.000586931 -0.000348867 0.105632

0.0043757 -0.001806 -0.000609411
-0.001806 0.0107402 -0.000145518
-0.000609411 -0.000145518 0.115818

0.012094 0.000692828 -0.00568803
0.000692828 0.0239347 -0.00187803
-0.00568803 -0.00187803 0.0870776

0.0254794 -0.0340301 0.0294536
-0.0340301 0.00539148 -0.014643
0.0294536 -0.014643 -0.331791

-0.0293701 -0.00169027 0.0305509
-0.00169027 -0.0333138 -0.0325572
0.0305509 -0.0325572 -0.336071

-0.0627035 -4.22663e-05 -0.00235925
-4.22663e-05 -0.0397587 0.0188799
-0.00235925 0.0188799 -0.377975

-0.000379839 -0.00156395 -0.00102327
-0.00156395 -0.00348366 0.00208812
-0.00102327 0.00208812 0.0772099

-0.0720097 0.00847424 0.00659111
0.00847424 -0.0666695 -0.00292161
0.00659111 -0.00292161 -0.333518

-0.00844281 -0.00171075 -0.0116853
-0.00171075 -0.0171951 0.0092308
-0.0116853 0.0092308 0.0408394

0.0161188 0.00709865 -0.000277322
0.00709865 0.0199522 0.00802648
-0.000277322 0.00802648 0.145456

0.0424344 0.00106286 -0.0156416
0.00106286 0.0426036 0.00441009
-0.0156416 0.00441009 -0.0792305

0.0561226 0.00746242 -0.00977142
0.00746242 0.0578679 0.00677442
-0.00977142 0.00677442 -0.0741661

-0.0100973 0.00301671 0.00402305
0.00301671 0.00147058 0.00160598
0.00402305 0.00160598 0.13287

0.00847095 0.00582187 -0.00320186
0.00582187 0.00309805 0.00583778
-0.00320186 0.00583778 0.0463947

-0.00807873 -0.00136514 0.00267622
-0.00136514 0.000462076 -0.00445726
0.00267622 -0.00445726 0.119563

-0.0116439 0.000268405 -0.0341914
0.000268405 -0.00661744 -0.0417883
-0.0341914 -0.0417883 -0.238039

0.000920015 -0.00185339 -0.00155046
-0.00185339 0.00177161 -0.00689399
-0.00155046 -0.00689399 0.124634

0.0232453 0.00449506 0.0121081
0.00449506 0.0326165 -0.0138167
0.0121081 -0.0138167 -0.112294

-0.0416902 0.000524653 0.0278798
0.000524653 -0.0303842 -0.0377984
0.0278798 -0.0377984 -0.327593

0.00815719 0.00233325 0.0017215
0.00233325 0.00832648 -0.000767998
0.0017215 -0.000767998 0.13718

0.0124603 -0.000986683 0.0104473
-0.000986683 0.0101853 0.000770399
0.0104473 0.000770399 0.144416

0.00223306 0.000813008 0.00102719
0.000813008 0.00612957 -0.000183346
0.00102719 -0.000183346 0.112853

0.00612711 -0.00244815 0.00630011
-0.00244815 0.00357847 -0.00691067
0.00630011 -0.00691067 0.129736

-0.00012245 -0.00326187 0.00707247
-0.00326187 0.00286537 -0.00526317
0.00707247 -0.00526317 0.128883

-0.0167614 -0.00127215 0.00350047
-0.00127215 -0.017615 0.00271891
0.00350047 0.00271891 0.110149

0.0509255 -0.0047041 -0.00810226
-0.0047041 0.043941 -0.0041781
-0.00810226 -0.0041781 0.0386025

0.00393736 0.0020971 0.01096
0.0020971 0.00684436 0.00672417
0.01096 0.00672417 0.142284

-0.0497401 0.00122408 0.026997
0.00122408 -0.0447399 -0.0345727
0.026997 -0.0345727 -0.335193

-0.00111207 -0.000787772 -0.0011081
-0.000787772 -0.00110065 -0.00258826
-0.0011081 -0.00258826 0.105039

0.0437034 0.00587365 -0.0150948
0.00587365 0.0442307 -0.0117941
-0.0150948 -0.0117941 -0.0756774

-0.0371447 0.00748432 -0.000890904
0.00748432 -0.0452905 -0.00999818
-0.000890904 -0.00999818 -0.253885

-0.00369161 -0.00516087 0.0071677
-0.00516087 -0.00125367 -0.00383327
0.0071677 -0.00383327 0.136039

-0.00422522 -0.00298274 0.0051191
-0.00298274 0.00034515 -0.00552007
0.0051191 -0.00552007 0.125712

-0.0164385 -0.00152027 0.00211066
-0.00152027 -0.0108233 0.00280175
0.00211066 0.00280175 0.111755

-0.00912393 -0.000501621 -0.00178423
-0.000501621 -0.0181524 -0.00177699
-0.00178423 -0.00177699 0.0927023

-0.0414958 0.000218797 0.0290398
0.000218797 -0.0516287 -0.0285741
0.0290398 -0.0285741 -0.34886

-0.00758557 0.000185154 0.00518074
0.000185154 -0.00912781 -0.000916362
0.00518074 -0.000916362 0.108336

-0.000508846 -0.00110598 0.00798514
-0.00110598 -0.000231889 -0.0038185
0.00798514 -0.0038185 0.128791

0.000109909 0.000783222 -0.00472729
0.000783222 -0.00673554 0.00149862
-0.00472729 0.00149862 0.108204

-0.0169029 0.000827233 -0.00577607
0.000827233 -0.0177013 0.00132137
-0.00577607 0.00132137 0.0962726

-0.00578099 -0.0014376 0.00368702
-0.0014376 -0.00373531 0.00676969
0.00368702 0.00676969 0.126479

0.0363315 -0.0100448 0.0036092
-0.0100448 0.0325649 0.0200407
0.0036092 0.0200407 -0.0612904

0.048494 -0.00529138 -0.00796233
-0.00529138 0.0391718 -0.000733224
-0.00796233 -0.000733224 0.114649

-0.000337179 -0.00336615 0.00287716
-0.00336615 0.00199764 0.000556246
0.00287716 0.000556246 0.115327

-0.0406449 0.00505946 -0.0124172
0.00505946 -0.0376316 -0.000964003
-0.0124172 -0.000964003 -0.280456

-0.00290895 -0.00272906 0.00511868
-0.00272906 0.00562002 -0.00253262
0.00511868 -0.00253262 0.134639

0.000604888 -0.0014028 -0.000734013
-0.0014028 -0.0098445 -0.000269325
-0.000734013 -0.000269325 0.0982558

-0.00751984 -0.00109397 0.00459365
-0.00109397 -0.00436386 0.00711574
0.00459365 0.00711574 0.121047

-0.00351264 -0.00323335 0.00133395
-0.00323335 -0.00576143 -0.00347102
0.00133395 -0.00347102 0.129669

-0.00918296 -0.00479948 0.0109781
-0.00479948 0.0555526 0.114804
0.0109781 0.114804 -0.289838

0.0024367 -0.0015277 0.00139317
-0.0015277 0.00109718 -0.00345235
0.00139317 -0.00345235 0.134001

-0.0356819 -0.00467697 -0.0401343
-0.00467697 -0.0402761 0.0444689
-0.0401343 0.0444689 -0.345475

0.0103111 -0.00540476 0.0115805
-0.00540476 0.0213677 0.0161997
0.0115805 0.0161997 -0.0128928

-0.00531001 0.00224562 0.000274533
0.00224562 -0.00698888 -0.00256518
0.000274533 -0.00256518 0.0891846

-0.0180338 0.00813706 -0.0600012
0.00813706 -0.00852911 -0.0187721
-0.0600012 -0.0187721 -0.265501

-0.00917411 -0.00129841 0.00306798
-0.00129841 -0.00432182 0.0113771
0.00306798 0.0113771 0.116755

-0.899519 -0.000135362 -0.0297963
-0.000135362 -0.898968 0.128125
-0.0297963 0.128125 -0.801773

-0.00200814 -0.00222044 -0.00254877
-0.00222044 0.00140071 0.00242288
-0.00254877 0.00242288 0.127059

0.0061087 0.00833847 0.00150078
0.00833847 0.00374252 -0.00438461
0.00150078 -0.00438461 0.1122

0.0284711 -0.062322 -0.0644611
-0.062322 0.095816 0.156873
-0.0644611 0.156873 -0.248929

-0.203884 0.00957209 0.026345
0.00957209 -0.228805 0.00891645
0.026345 0.00891645 -0.466494

-0.267132 0.0146739 -0.105451
0.0146739 -0.536345 0.108242
-0.105451 0.108242 -0.42749

-0.00908504 -0.000718205 0.00398414
-0.000718205 -0.00383869 0.0115884
0.00398414 0.0115884 0.11708

0.0551877 -0.00400954 0.0069119
-0.00400954 0.0402099 0.0127208
0.0069119 0.0127208 -0.00381961

0.0181772 0.00417338 0.0143845
0.00417338 0.0195157 -0.00967781
0.0143845 -0.00967781 -0.120045

0.0128473 0.00290842 -0.000567546
0.00290842 0.0161219 0.0049513
-0.000567546 0.0049513 0.042396

0.00464014 0.0018087 -0.000230721
0.0018087 0.00824414 -0.00191532
-0.000230721 -0.00191532 0.135959

0.0667102 -0.00223452 -0.00833995
-0.00223452 0.055947 0.00373584
-0.00833995 0.00373584 0.0602231

0.0266292 0.00122055 -0.0231617
0.00122055 0.0374775 -0.0132596
-0.0231617 -0.0132596 -0.0709777

-0.000418903 0.00373796 -0.0053745
0.00373796 -0.00652112 0.00161899
-0.0053745 0.00161899 0.113966

-0.00431993 0.00147467 -0.00374247
0.00147467 -0.000582263 -7.65819e-05
-0.00374247 -7.65819e-05 0.102872

0.0108311 0.00144345 0.0142143
0.00144345 0.0176831 -0.0104564
0.0142143 -0.0104564 -0.123342

0.0603282 -0.0205025 -0.00569374
-0.0205025 0.0755062 0.0270197
-0.00569374 0.0270197 -0.0398894

0.0267699 0.00652247 -0.00709364
0.00652247 0.0166902 0.00569233
-0.00709364 0.00569233 -0.154687

0.0310258 0.000147442 0.0101122
0.000147442 0.0341644 0.0192634
0.0101122 0.0192634 -0.0718647

0.000896929 -0.00418801 0.00581324
-0.00418801 -0.0190413 0.0092246
0.00581324 0.0092246 -0.107557

-0.049704 -0.0138697 0.0329472
-0.0138697 -0.0580086 -0.0209682
0.0329472 -0.0209682 -0.37843

-0.0062635 -0.00101154 0.0102979
-0.00101154 -0.0141321 0.0022257
0.0102979 0.0022257 -0.241641

-0.143542 0.0288077 -0.00488762
0.0288077 -0.174089 0.0042589
-0.00488762 0.0042589 -0.471235

-0.00811553 -0.00096868 0.00307463
-0.00096868 -0.00465007 0.00674181
0.00307463 0.00674181 0.120588

0.062953 -0.00729933 -0.00531265
-0.00729933 0.0540325 0.00855248
-0.00531265 0.00855248 0.0952991

-0.0103824 -0.00173436 0.00209689
-0.00173436 -0.0030115 0.00216726
0.00209689 0.00216726 0.116438

-0.0448659 0.00358431 0.0226378
0.00358431 -0.0372875 -0.0618321
0.0226378 -0.0618321 -0.291643

0.00104909 -0.00568468 -0.0126182
-0.00568468 0.008028 -0.00574694
-0.0126182 -0.00574694 0.0410751

0.0371064 -0.00122871 -0.00481797
-0.00122871 0.0446838 0.00225739
-0.00481797 0.00225739 0.0424053

-0.00182102 0.00266538 0.00870959
0.00266538 -0.000751384 -0.00848219
0.00870959 -0.00848219 -0.0362443

-0.0377987 0.0185009 0.0240278
0.0185009 -0.0187001 -0.0141262
0.0240278 -0.0141262 -0.0803779

0.0089253 0.00160102 -0.00208718
0.00160102 0.0130124 0.00463157
-0.00208718 0.00463157 0.0397111

-0.0826831 -0.0101638 0.0270767
-0.0101638 -0.169825 -0.011947
0.0270767 -0.011947 -0.421956

0.0454054 -0.00118585 0.011515
-0.00118585 0.0751697 0.00592102
0.011515 0.00592102 -0.00230436

0.0287644 0.00232169 0.0104892
0.00232169 0.0329057 -0.010514
0.0104892 -0.010514 -0.0929907

0.0531067 0.00951928 -0.0115811
0.00951928 0.0655974 -0.00563155
-0.0115811 -0.00563155 -0.0313212

0.00787993 0.00152222 -0.00136711
0.00152222 0.00616091 0.0042422
-0.00136711 0.0042422 0.130075

-0.151854 -0.019279 0.00672062
-0.019279 -0.156624 0.013978
0.00672062 0.013978 -0.448824

-0.00275919 -0.000887364 -0.00662766
-0.000887364 -0.00702878 0.000576151
-0.00662766 0.000576151 0.122275

0.00111971 0.000139006 -0.00685916
0.000139006 -0.0043499 0.00197322
-0.00685916 0.00197322 0.0989801

0.00130562 0.00174273 0.00389747
0.00174273 0.00290604 -0.00116115
0.00389747 -0.00116115 0.140268

0.000291978 0.000420273 -0.00615995
0.000420273 -0.00168484 0.00292552
-0.00615995 0.00292552 0.129881

-0.0115131 -0.00191852 0.00149695
-0.00191852 -0.00657605 0.00777624
0.00149695 0.00777624 0.112668

-0.0137371 -0.00158477 -0.0034456
-0.00158477 -0.0144342 0.00365848
-0.0034456 0.00365848 0.0867212

-0.00170529 -0.00311571 -0.00805052
-0.00311571 -0.000408172 0.00400297
-0.00805052 0.00400297 0.130732

-0.0172833 -0.00222791 0.0213758
-0.00222791 -0.0431468 -0.00839994
0.0213758 -0.00839994 -0.342737

-0.00238209 0.00095591 0.000908315
0.00095591 0.00310608 2.17265e-05
0.000908315 2.17265e-05 0.136597

-0.00405033 -0.00389949 0.00344299
-0.00389949 -0.00405427 0.00769974
0.00344299 0.00769974 0.10969

-0.0129294 -0.00141029 0.00404377
-0.00141029 -0.00733505 0.00590226
0.00404377 0.00590226 0.0808216

-0.0114409 0.000361423 -0.000973544
0.000361423 -0.00799642 -0.000184382
-0.000973544 -0.000184382 0.108993

-0.000798712 0.000472561 -0.00139549
0.000472561 -0.00291725 0.0022366
-0.00139549 0.0022366 0.111775

0.00161602 -0.00196115 -0.00485185
-0.00196115 0.00241533 0.00504811
-0.00485185 0.00504811 0.109236

-0.0148666 0.00218832 0.000908803
0.00218832 -0.0101535 -0.00206469
0.000908803 -0.00206469 0.0690902

0.00494302 -4.53636e-05 0.0015243
-4.53636e-05 0.00930508 0.000996758
0.0015243 0.000996758 0.14308

-0.121541 0.00702545 0.0310632
0.00702545 -0.114444 0.0177468
0.0310632 0.0177468 -0.322979

-0.00420418 0.00281468 -0.00431926
0.00281468 -0.00344242 -0.00314539
-0.00431926 -0.00314539 0.106477

-0.0334642 0.003393 -0.0511095
0.003393 -0.00391491 -0.0311322
-0.0511095 -0.0311322 -0.311668

0.00945755 -0.0136908 0.00314892
-0.0136908 -0.0229315 -0.0187667
0.00314892 -0.0187667 0.000832715

-0.018391 -0.00426332 -0.0316376
-0.00426332 -0.00921489 -0.0447094
-0.0316376 -0.0447094 -0.211495

-0.00699878 0.0026028 0.00354703
0.0026028 -0.00258623 0.0022768
0.00354703 0.0022768 0.135726

-0.0188702 0.000190569 0.00692292
0.000190569 0.000304159 0.00520365
0.00692292 0.00520365 0.0390777

0.0238349 -0.00119392 0.00233756
-0.00119392 0.0151839 -0.00909654
0.00233756 -0.00909654 0.0531774

-0.0041059 -0.00163352 -0.00120015
-0.00163352 -0.00722505 0.00370919
-0.00120015 0.00370919 0.111448

0.0035023 0.00204745 -0.00293855
0.00204745 0.00549473 -0.00169411
-0.00293855 -0.00169411 0.127883

-0.0178621 0.00162483 -0.0029933
0.00162483 -0.0201224 0.00493393
-0.0029933 0.00493393 -0.00443085

0.0329125 0.00604376 -0.00733827
0.00604376 0.0288743 0.00744561
-0.00733827 0.00744561 -0.150357

0.000733991 0.00258215 -0.000303395
0.00258215 0.0010701 -0.000505494
-0.000303395 -0.000505494 0.0926917

0.00309434 0.00309124 0.00178461
0.00309124 0.00996733 0.00251082
0.00178461 0.00251082 0.142034

-0.000824349 -0.000398579 -0.00501828
-0.000398579 -0.00159845 0.000188418
-0.00501828 0.000188418 0.102376

-0.0955591 0.0321002 -0.0530549
0.0321002 -0.0452754 -0.0230395
-0.0530549 -0.0230395 -0.371186

-0.00663886 -0.0019756 -0.00207191
-0.0019756 -0.00296067 0.00540719
-0.00207191 0.00540719 0.10064

0.0045292 0.00054039 -0.00255785
0.00054039 0.00195769 0.00186854
-0.00255785 0.00186854 0.11976

0.0125542 -0.00370595 -0.00953854
-0.00370595 0.0118119 -0.00917738
-0.00953854 -0.00917738 -0.0357287

-0.00558409 0.0023402 -0.00955817
0.0023402 0.00371407 4.57431e-05
-0.00955817 4.57431e-05 0.0386635

-0.0321175 0.00637352 0.00540454
0.00637352 -0.0377747 -0.001191
0.00540454 -0.001191 -0.0204601

0.0203336 -0.00896734 -0.00795372
-0.00896734 0.034024 0.00300606
-0.00795372 0.00300606 0.0479803

-0.00307825 -0.00292826 0.00103837
-0.00292826 0.00947466 -0.0137586
0.00103837 -0.0137586 -0.0769728

-0.0156878 -0.00190085 0.00405056
-0.00190085 -0.0165815 0.00108582
0.00405056 0.00108582 0.110489

-0.029298 -0.00693535 -0.0198189
-0.00693535 -0.0133078 -0.0201149
-0.0198189 -0.0201149 -0.227824

-0.00662253 0.00108878 -0.00643127
0.00108878 -0.001157 0.00289885
-0.00643127 0.00289885 0.0957912

-0.00161816 -0.00191704 0.00235946
-0.00191704 0.00418903 0.0102925
0.00235946 0.0102925 0.0140073

0.0142347 -0.00480747 -0.0105629
-0.00480747 0.0149009 -0.00867653
-0.0105629 -0.00867653 -0.0353746

0.00375831 -0.00375927 -0.00117069
-0.00375927 0.0044077 -0.013983
-0.00117069 -0.013983 0.00145481

0.0194236 -0.000339323 -0.00165853
-0.000339323 0.00657785 -0.0180653
-0.00165853 -0.0180653 -0.0167464

-0.00422204 0.00291372 -0.00316564
0.00291372 -0.00171808 -0.00444648
-0.00316564 -0.00444648 0.00135487

0.0692691 -0.00210267 -0.0127401
-0.00210267 0.0596407 0.0185743
-0.0127401 0.0185743 0.0210115

0.0332767 -0.00217239 -0.00690627
-0.00217239 0.0206941 -0.0012608
-0.00690627 -0.0012608 0.0784194

0.00620559 0.0102409 0.0105591
0.0102409 -0.00374433 -0.0298559
0.0105591 -0.0298559 -0.180415

-0.00250355 0.00185784 -0.00227253
0.00185784 -0.00896071 -0.00292268
-0.00227253 -0.00292268 0.120268

-0.00114063 -1.79934e-05 -0.0019491
-1.79934e-05 -0.00658188 0.00217887
-0.0019491 0.00217887 0.110594

0.0184552 0.00199572 -0.00202112
0.00199572 0.0198802 0.00320077
-0.00202112 0.00320077 0.134447

0.00433126 0.00279789 -0.00232272
0.00279789 0.0100754 -0.00254421
-0.00232272 -0.00254421 0.138569

0.0152506 0.0103123 -0.014189
0.0103123 0.0285456 0.00100564
-0.014189 0.00100564 -0.0491677

0.00188545 0.00152502 -0.00840337
0.00152502 0.00303011 -0.00653112
-0.00840337 -0.00653112 0.122763

0.0241402 -0.0110834 -0.0112521
-0.0110834 0.00546284 -0.00609087
-0.0112521 -0.00609087 0.0922854

0.0164104 6.85333e-05 0.0227364
6.85333e-05 0.0296454 0.0248743
0.0227364 0.0248743 -0.125122

0.0394674 -0.00644554 -0.00248873
-0.00644554 0.0298124 -0.00821431
-0.00248873 -0.00821431 -0.0194011

0.0673936 0.0117389 0.0293103
0.0117389 0.0746611 0.0300993
0.0293103 0.0300993 -0.0847323

0.0158334 0.00410626 0.000463896
0.00410626 0.0149463 0.00391485
0.000463896 0.00391485 0.145215

0.0234211 -0.0127606 -0.00894497
-0.0127606 0.0129074 -0.0126975
-0.00894497 -0.0126975 -0.0598906

0.0308817 -0.0108695 0.0133759
-0.0108695 0.0314773 0.0116907
0.0133759 0.0116907 -0.0654913

0.019368 -0.00987131 0.00774619
-0.00987131 0.0161251 0.0109631
0.00774619 0.0109631 -0.0959835

-0.00288549 -0.00147391 -0.0048268
-0.00147391 -0.00250618 0.00290085
-0.0048268 0.00290085 0.101407

-0.038853 -0.00457334 -0.0278042
-0.00457334 -0.0228756 -0.0404906
-0.0278042 -0.0404906 -0.24993

0.0251062 -0.00953116 0.00400214
-0.00953116 0.029612 0.0146779
0.00400214 0.0146779 -0.0882052

-0.00952249 0.000389375 0.00569304
0.000389375 -0.00212418 0.00188762
0.00569304 0.00188762 0.134755

0.00565001 -3.98096e-05 -0.0060499
-3.98096e-05 0.00740949 0.00381549
-0.0060499 0.00381549 0.119261

-0.000555048 0.00233444 0.00379319
0.00233444 0.00377161 -6.46841e-05
0.00379319 -6.46841e-05 0.14078

-0.00742851 0.00147738 0.00549834
0.00147738 -0.00214305 0.0123191
0.00549834 0.0123191 0.122356

-0.0101519 0.000678956 -0.00877126
0.000678956 -0.00958069 -0.0512008
-0.00877126 -0.0512008 -0.220772

0.0556827 -0.00122454 0.00336233
-0.00122454 0.0284566 0.0130481
0.00336233 0.0130481 0.0429312

0.0507724 -0.00512494 0.0132285
-0.00512494 0.0450164 0.00212333
0.0132285 0.00212333 -0.0452874

-0.00103642 -0.000610666 -0.000142694
-0.000610666 0.00202296 0.00671472
-0.000142694 0.00671472 0.131776

-0.0211649 0.00280493 0.000603814
0.00280493 -0.016661 0.00730092
0.000603814 0.00730092 0.0415069

0.0421946 -0.00487922 0.0013729
-0.00487922 0.0126631 0.000914433
0.0013729 0.000914433 0.0251745

-0.00367217 -0.000885872 0.00344906
-0.000885872 -0.00112667 0.00893569
0.00344906 0.00893569 0.12872

-0.0120771 -0.000630364 0.00325237
-0.000630364 -0.00920862 0.00931241
0.00325237 0.00931241 0.11379

-0.0273014 0.0117294 -0.0469589
0.0117294 -0.0240651 -0.0359978
-0.0469589 -0.0359978 -0.33306

0.00576831 0.000909108 -0.00702201
0.000909108 0.00351743 -0.0286781
-0.00702201 -0.0286781 -0.152864

0.0197651 -0.0100123 -0.00929105
-0.0100123 0.0373607 -0.00336191
-0.00929105 -0.00336191 -0.042953

0.00251927 -0.00372661 0.00284249
-0.00372661 0.0155631 0.00375703
0.00284249 0.00375703 -0.025729

0.00252257 0.00158535 -0.00120233
0.00158535 0.00394754 0.00258278
-0.00120233 0.00258278 0.0511063

0.0128215 0.00170593 0.00198843
0.00170593 0.00340567 -0.0177173
0.00198843 -0.0177173 -0.0212666

0.015376 6.7812e-05 0.00605549
6.7812e-05 0.0155451 -0.0112533
0.00605549 -0.0112533 0.0496465

0.0351102 -0.00458125 0.00705388
-0.00458125 0.0301331 0.0180376
0.00705388 0.0180376 -0.0708004

0.0303663 -0.00123465 -0.00104176
-0.00123465 0.0313718 0.00199489
-0.00104176 0.00199489 0.0979857

0.0258125 0.00868568 0.00841725
0.00868568 0.0156612 0.00190955
0.00841725 0.00190955 0.113998

0.00507319 0.00392723 -0.00779481
0.00392723 0.0125825 0.00074309
-0.00779481 0.00074309 0.106312

-0.00862056 0.00186457 -0.000902613
0.00186457 -0.0276873 0.00845991
-0.000902613 0.00845991 0.0958291

0.00057375 0.00162901 0.000943953
0.00162901 0.00513918 0.00775313
0.000943953 0.00775313 0.0258503

0.0107098 -6.90353e-05 -0.00252198
-6.90353e-05 0.0157786 -0.0036765
-0.00252198 -0.0036765 0.0963228

0.00902721 0.000644337 0.000657879
0.000644337 0.0144599 -0.00159633
0.000657879 -0.00159633 0.137949

-0.00178393 1.12518e-05 0.00286265
1.12518e-05 -0.000564341 -0.00313024
0.00286265 -0.00313024 0.123774

0.00193204 0.00163678 -0.00312201
0.00163678 -0.00444566 0.00107767
-0.00312201 0.00107767 0.113382

0.0126227 -0.0102061 -0.0108384
-0.0102061 0.0242441 0.0014319
-0.0108384 0.0014319 -0.0526212

-0.108079 -0.0500237 -0.0218701
-0.0500237 -0.111508 0.0286839
-0.0218701 0.0286839 -0.442856

0.0141046 0.00403332 -0.00910828
0.00403332 0.0209102 0.00866462
-0.00910828 0.00866462 -0.0151184

0.0102288 0.00171802 0.000631861
0.00171802 0.00584536 -0.00456147
0.000631861 -0.00456147 0.0621803

0.0224995 -0.00134891 -0.0213673
-0.00134891 0.0360276 0.00644749
-0.0213673 0.00644749 -0.0791111

-0.00184862 0.000888058 0.000998036
0.000888058 0.00437952 0.000782923
0.000998036 0.000782923 0.135723

0.00411634 0.00157388 -0.0038378
0.00157388 -0.0027989 0.00107699
-0.0038378 0.00107699 0.115674

-0.00071287 0.00131747 -0.00321925
0.00131747 -0.00715717 0.000726556
-0.00321925 0.000726556 0.115029

-0.00335358 -0.0026801 -0.00148819
-0.0026801 -0.0023697 0.000707893
-0.00148819 0.000707893 0.12862

0.00777754 -0.00821828 0.0295231
-0.00821828 0.0112624 -0.0673227
0.0295231 -0.0673227 -0.249439

0.0220703 0.000557921 -0.00081967
0.000557921 0.0160841 -0.0119364
-0.00081967 -0.0119364 -0.0658876

0.0256122 0.0015419 -0.00831018
0.0015419 0.0301466 -0.00257269
-0.00831018 -0.00257269 0.0960593

0.00384353 0.00275245 -0.00954466
0.00275245 0.000333659 -0.0066882
-0.00954466 -0.0066882 0.0917217

-0.0014717 -0.00349383 0.000203078
-0.00349383 -0.0143448 0.0128287
0.000203078 0.0128287 -0.139109

0.00495394 0.00306313 0.00235691
0.00306313 0.00855351 0.00802915
0.00235691 0.00802915 0.0287468

-0.00129117 0.00257535 0.0138373
0.00257535 8.06826e-05 0.00360035
0.0138373 0.00360035 -0.158026

-0.00497989 -0.00100328 0.0037871
-0.00100328 -0.00257345 0.00289236
0.0037871 0.00289236 0.13443

0.0180252 0.0111793 -0.0116111
0.0111793 0.0368208 0.00494132
-0.0116111 0.00494132 -0.0479763

-0.0210027 -0.00135134 0.00143824
-0.00135134 -0.0153283 0.00221239
0.00143824 0.00221239 0.11113

-0.0176348 0.00755784 0.000724398
0.00755784 0.0466037 -0.0160199
0.000724398 -0.0160199 -0.345888

0.0288127 0.00270454 0.014536
0.00270454 0.0301483 -0.0124792
0.014536 -0.0124792 -0.0981456

0.0417178 -0.0050197 -0.00208827
-0.0050197 0.0169296 0.0138406
-0.00208827 0.0138406 -0.0543592

-0.0305533 0.00813109 -0.00632007
0.00813109 -0.0361271 -0.0409466
-0.00632007 -0.0409466 -0.268101

-0.146217 0.0105006 0.019484
0.0105006 -0.20093 0.024785
0.019484 0.024785 -0.481812

0.00301571 0.0026676 0.00250269
0.0026676 0.00954371 0.00284155
0.00250269 0.00284155 0.142805

-0.0189044 0.00214625 0.0025644
0.00214625 -0.0125171 0.00301316
0.0025644 0.00301316 0.113559

-0.0382468 0.00763028 0.0398916
0.00763028 -0.0352804 -0.023298
0.0398916 -0.023298 -0.315024

-0.00731948 -0.00174287 0.000392856
-0.00174287 -0.0078768 -0.00391482
0.000392856 -0.00391482 0.125062

-0.011664 -0.00308909 -0.0202427
-0.00308909 -0.00992062 -0.0325444
-0.0202427 -0.0325444 -0.218264

-0.0267934 -0.00425049 -0.0022042
-0.00425049 -0.018623 -0.0472754
-0.0022042 -0.0472754 -0.240856

-0.0248157 0.00134594 -0.00118894
0.00134594 -0.023415 0.00501979
-0.00118894 0.00501979 0.0398315

0.0051975 0.00676279 -0.00570901
0.00676279 -0.0039193 0.00365758
-0.00570901 0.00365758 0.0844763

-0.0111651 -0.000471974 0.00318012
-0.000471974 -0.00790084 0.00859145
0.00318012 0.00859145 0.114852

-0.00936516 0.00452108 0.00331369
0.00452108 -0.0131206 0.00216874
0.00331369 0.00216874 0.0689228

0.00191789 0.001427 -0.00276997
0.001427 -0.00467168 0.00183955
-0.00276997 0.00183955 0.11292

0.00379918 0.000989424 -0.00452991
0.000989424 -0.00307218 0.00111322
-0.00452991 0.00111322 0.113529

-0.0177549 -0.0206944 0.0304421
-0.0206944 -0.0198529 -0.0552787
0.0304421 -0.0552787 -0.323256

-0.110631 -0.0156567 -0.00433003
-0.0156567 -0.0665531 0.0411202
-0.00433003 0.0411202 -0.418941

-0.0146182 -0.00231264 0.00258279
-0.00231264 -0.011288 0.00459784
0.00258279 0.00459784 0.0780154

-0.00953281 -0.00350785 0.030911
-0.00350785 -0.00505615 -0.0452647
0.030911 -0.0452647 -0.270614

-0.00414325 -0.000150219 -0.00487127
-0.000150219 0.00347447 0.00557515
-0.00487127 0.00557515 0.138341

-0.00107377 0.00036442 -0.00243234
0.00036442 -5.79543e-05 -0.00257239
-0.00243234 -0.00257239 0.132343

0.000509038 0.000571332 -0.00730403
0.000571332 0.00688839 0.00521854
-0.00730403 0.00521854 0.0410814

-0.00352306 -0.000712303 0.00355229
-0.000712303 -0.000504214 0.00878169
0.00355229 0.00878169 0.128485

-0.013616 0.00246648 0.0351595
0.00246648 -0.00947519 -0.0361458
0.0351595 -0.0361458 -0.262916

0.0120728 0.00191986 -0.00247028
0.00191986 0.00618853 -0.00215347
-0.00247028 -0.00215347 0.107847

0.00386256 0.0027816 0.00251344
0.0027816 0.0114329 0.00190002
0.00251344 0.00190002 0.143189

0.0129633 0.00845853 0.0136636
0.00845853 0.00532346 0.00107237
0.0136636 0.00107237 -0.113527

-0.00445958 0.000454847 -0.00339566
0.000454847 -0.0102687 0.00194169
-0.00339566 0.00194169 0.103602

0.0375899 0.00834415 -0.000115274
0.00834415 0.0358009 0.00709455
-0.000115274 0.00709455 -0.076387

-0.00295137 5.84345e-05 0.00612434
5.84345e-05 -0.00338208 -0.00276677
0.00612434 -0.00276677 0.0560246

0.0031961 0.00382128 0.00257566
0.00382128 0.0100992 0.00193992
0.00257566 0.00193992 0.14161

-0.0227007 0.00425497 0.00131112
0.00425497 -0.016349 0.00658167
0.00131112 0.00658167 0.0988268

0.0119471 0.00670237 0.0111067
0.00670237 0.00352678 0.00040262
0.0111067 0.00040262 -0.111931

0.00280804 0.00331541 -0.00213257
0.00331541 -0.000375313 -0.00119389
-0.00213257 -0.00119389 0.125856

0.000974838 0.00264076 0.00267902
0.00264076 0.00772524 0.00302304
0.00267902 0.00302304 0.139218

-0.0186128 0.00345351 0.00355958
0.00345351 -0.0289888 -0.0403952
0.00355958 -0.0403952 -0.247384

0.00664377 0.00802409 0.0124185
0.00802409 0.000293104 0.000491185
0.0124185 0.000491185 -0.124571

-0.00386464 -0.000817264 0.00365541
-0.000817264 -0.000773838 0.00880436
0.00365541 0.00880436 0.128291

-0.0197496 -0.00167171 -0.00313122
-0.00167171 -0.0077356 3.71433e-05
-0.00313122 3.71433e-05 0.117135

-0.00379706 -0.0041494 -0.0074345
-0.0041494 -0.00224285 0.00463345
-0.0074345 0.00463345 0.0487519

0.00146326 -0.00273104 -0.00115031
-0.00273104 -0.00814947 -0.000395445
-0.00115031 -0.000395445 0.0825775

-0.0112772 -0.00054247 0.00336841
-0.00054247 -0.0079651 0.00863209
0.00336841 0.00863209 0.114911

0.00380229 -0.00243956 0.00564386
-0.00243956 0.00145131 0.00312009
0.00564386 0.00312009 0.120573

0.000251685 0.00250955 -0.00323028
0.00250955 -0.00648148 0.001779
-0.00323028 0.001779 0.113226

-0.000352572 2.29015e-05 -0.000247516
2.29015e-05 -0.00764951 -0.00317957
-0.000247516 -0.00317957 0.0732334

-0.0269226 0.00389785 -0.043878
0.00389785 -0.0212767 -0.0281476
-0.043878 -0.0281476 -0.306914

-0.297453 0.00493373 0.0232921
0.00493373 -0.269855 0.00479108
0.0232921 0.00479108 -0.564248

-0.0013487 0.000506826 -0.0041108
0.000506826 -0.00745411 0.00389214
-0.0041108 0.00389214 0.10914

-0.0023936 -0.000341538 0.00207755
-0.000341538 0.00163001 0.00442194
0.00207755 0.00442194 0.131238

0.000850412 0.00385636 0.00477705
0.00385636 0.00664552 0.00489518
0.00477705 0.00489518 0.136322

-0.00595525 0.000115038 0.0039084
0.000115038 0.00104381 0.00608434
0.0039084 0.00608434 0.132973

0.00332764 0.00390385 0.00262354
0.00390385 0.00939125 0.00153518
0.00262354 0.00153518 0.140361

-0.00834599 0.000636493 0.00546329
0.000636493 -0.000898842 0.00158904
0.00546329 0.00158904 0.135897

0.0273569 -0.000961991 -0.0026445
-0.000961991 0.0289659 -0.00231804
-0.0026445 -0.00231804 0.138171

-0.00587249 0.00508889 0.000986303
0.00508889 0.000269004 -0.00209745
0.000986303 -0.00209745 0.0798996

-0.0804419 0.0105274 -0.0425671
0.0105274 -0.0674699 0.0106055
-0.0425671 0.0106055 -0.353662

0.00571966 -0.000552125 0.00145074
-0.000552125 0.011292 -0.000264546
0.00145074 -0.000264546 0.115779

-0.011323 -0.000723582 0.00176273
-0.000723582 -0.00564609 0.00819051
0.00176273 0.00819051 0.113336

0.00493601 0.000809474 -0.00441867
0.000809474 -0.00149445 0.00172214
-0.00441867 0.00172214 0.116108

0.0112836 -0.00169767 0.00877368
-0.00169767 0.019612 0.00187307
0.00877368 0.00187307 -0.0129005

0.00498482 -0.000497607 -0.000861871
-0.000497607 -8.55266e-05 -0.000949068
-0.000861871 -0.000949068 0.130079

0.0164798 0.0124125 -0.00925455
0.0124125 0.0288763 0.0102198
-0.00925455 0.0102198 -0.0514289

0.00417263 -0.00231248 -0.0132264
-0.00231248 0.010121 0.001668
-0.0132264 0.001668 0.0965329

-0.190655 0.00778806 -0.0233921
0.00778806 -0.199142 -0.0127214
-0.0233921 -0.0127214 -0.471368

0.00505398 0.00121837 -0.00574143
0.00121837 0.0197509 -0.003414
-0.00574143 -0.003414 0.0127025

0.00382439 0.00139157 0.00445717
0.00139157 -0.00745872 0.00980008
0.00445717 0.00980008 0.0248328

0.0134484 0.000273494 -0.00324491
0.000273494 0.0203791 -0.00211702
-0.00324491 -0.00211702 0.129715

-0.0614997 0.0106273 -0.0362858
0.0106273 -0.0395082 -0.0150454
-0.0362858 -0.0150454 -0.311474

-0.00985932 0.00020375 0.00457098
0.00020375 -0.00416099 0.00581094
0.00457098 0.00581094 0.128942

0.0101944 0.000430676 0.00117872
0.000430676 0.0136378 0.00895907
0.00117872 0.00895907 -0.14815

0.0222594 -0.00217037 0.0086687
-0.00217037 0.0214849 0.0159664
0.0086687 0.0159664 -0.144784

-0.101163 0.00452462 -0.0540664
0.00452462 -0.066453 -0.03839
-0.0540664 -0.03839 -0.356377

0.0493045 -0.00629526 -0.00887869
-0.00629526 0.0396097 0.00337264
-0.00887869 0.00337264 -0.00775711

-0.0918824 -0.00403765 -0.019868
-0.00403765 -0.0852505 -0.0261891
-0.019868 -0.0261891 -0.358797

-0.0797087 0.0130824 0.0162008
0.0130824 -0.0864873 -0.00990903
0.0162008 -0.00990903 -0.36382

-0.0113739 0.000680798 -0.00244995
0.000680798 -0.00291408 -0.000785696
-0.00244995 -0.000785696 0.119636

-0.00601338 0.000933497 0.00226337
0.000933497 -0.00345864 -0.00143689
0.00226337 -0.00143689 0.131727

0.00516811 0.00945258 0.0098928
0.00945258 0.0042064 -0.000675287
0.0098928 -0.000675287 -0.126097

-0.0550476 0.00942117 -0.0363273
0.00942117 -0.0443463 -0.0391969
-0.0363273 -0.0391969 -0.342227

-0.00630676 0.0116181 -0.057872
0.0116181 -0.018504 -0.0427595
-0.057872 -0.0427595 -0.321269

-0.0807484 0.0137925 0.00561462
0.0137925 -0.048601 -0.0451438
0.00561462 -0.0451438 -0.457568

-0.00944215 -0.00189429 0.00207148
-0.00189429 -0.00800179 -0.000356813
0.00207148 -0.000356813 0.11958

-0.337884 -0.0323344 -0.00489679
-0.0323344 -0.35256 0.0129391
-0.00489679 0.0129391 -0.58221

-0.00339838 0.00245509 -0.0322154
0.00245509 -0.00104982 -0.0405866
-0.0322154 -0.0405866 -0.235725

-0.00758022 -0.00132886 0.00480983
-0.00132886 -0.00278831 0.00554137
0.00480983 0.00554137 0.126163

-0.0682104 -0.0189028 0.0462513
-0.0189028 -0.0158609 -0.0353502
0.0462513 -0.0353502 -0.299833

0.00296631 -0.00498657 0.0111765
-0.00498657 0.0191867 0.0175719
0.0111765 0.0175719 -0.158044

-0.0992808 -0.0122718 -0.0112733
-0.0122718 -0.0782924 -0.0312554
-0.0112733 -0.0312554 -0.399613

0.00080644 0.00112268 -0.00618567
0.00112268 0.000625235 0.00549143
-0.00618567 0.00549143 0.105167

0.00154238 0.000548417 -0.000207759
0.000548417 -0.00309798 0.00134862
-0.000207759 0.00134862 0.110628

0.0336614 -0.00776624 0.0115552
-0.00776624 0.0367921 0.0175611
0.0115552 0.0175611 -0.139811

0.00904725 -1.55175e-05 -0.000424726
-1.55175e-05 0.0120086 0.0057051
-0.000424726 0.0057051 0.148093

0.01431 0.0104918 -0.00508454
0.0104918 0.0134188 -0.0104002
-0.00508454 -0.0104002 0.00872392

0.0270626 -0.000391371 0.015385
-0.000391371 0.0276372 0.019788
0.015385 0.019788 -0.163368

0.0197977 -0.00417095 0.00484926
-0.00417095 0.0244497 0.00624018
0.00484926 0.00624018 -0.147379

0.000730368 -0.000134734 -0.000159891
-0.000134734 -0.00579565 0.00134572
-0.000159891 0.00134572 0.11561

-0.208387 -0.00224213 -0.0028008
-0.00224213 -0.232203 0.0257019
-0.0028008 0.0257019 -0.452108

-0.00177092 0.00447618 -0.0175895
0.00447618 0.0144869 -0.065718
-0.0175895 -0.065718 -0.26783

-0.00709575 0.00247424 -0.00230946
0.00247424 -0.0064988 0.00317323
-0.00230946 0.00317323 0.0930834

-0.00642606 0.00130543 -0.00113239
0.00130543 -0.00298583 0.00306666
-0.00113239 0.00306666 0.0918203

0.0554351 0.00217886 -0.00539802
0.00217886 0.0328994 -0.00208944
-0.00539802 -0.00208944 0.0578862

-0.00329765 -9.46748e-05 0.00194782
-9.46748e-05 -0.00401836 -0.00012286
0.00194782 -0.00012286 0.127564

-0.063516 0.00400952 0.0017167
0.00400952 -0.266858 0.0267491
0.0017167 0.0267491 -0.449377

-0.00787016 -0.00413068 -0.0104271
-0.00413068 -0.00971252 -0.000121907
-0.0104271 -0.000121907 0.0825657

0.00219482 0.00196635 0.000216394
0.00196635 0.00373308 -0.00307273
0.000216394 -0.00307273 0.14112

-0.0170115 -0.00166989 -0.00412503
-0.00166989 -0.00825545 0.00139068
-0.00412503 0.00139068 0.125112

0.000892297 0.00291719 0.000584475
0.00291719 0.00745244 0.001293
0.000584475 0.001293 0.134037

0.00130749 0.00173955 -0.00451802
0.00173955 -0.00419295 0.00294271
-0.00451802 0.00294271 0.111953

-0.00527783 0.00126156 -0.00610447
0.00126156 0.00101297 0.00259763
-0.00610447 0.00259763 0.119707

-0.00910333 -0.000358701 0.00282088
-0.000358701 -0.0075368 0.000161882
0.00282088 0.000161882 0.120611

-0.00553036 0.00910071 -0.00376175
0.00910071 -0.00221765 -0.0491346
-0.00376175 -0.0491346 -0.303459

0.0102816 -0.00831438 0.0475727
-0.00831438 0.013729 0.0078992
0.0475727 0.0078992 -0.27513

-0.00757325 0.00211205 0.00331856
0.00211205 0.00372194 0.00247389
0.00331856 0.00247389 0.136018

-0.0011334 0.00226405 0.0454407
0.00226405 -0.0180628 -0.0263345
0.0454407 -0.0263345 -0.276641

-0.0182183 0.00250751 0.0348443
0.00250751 -0.0101185 0.00135143
0.0348443 0.00135143 -0.300942

-0.0698778 0.0032703 0.0327973
0.0032703 -0.0889147 -0.00867195
0.0327973 -0.00867195 -0.396169

-0.0762334 -0.00659664 0.0320936
-0.00659664 -0.087244 -0.0199555
0.0320936 -0.0199555 -0.38622

-0.0407706 -0.000684825 0.0250004
-0.000684825 -0.0645612 0.00607755
0.0250004 0.00607755 -0.35093

-0.0204872 -0.000996871 0.042605
-0.000996871 -0.010808 -0.0451118
0.042605 -0.0451118 -0.299315

-0.0125238 0.00432686 0.0376857
0.00432686 -0.00849641 -0.0470394
0.0376857 -0.0470394 -0.275536

0.0114328 0.0130548 0.0106358
0.0130548 0.0113481 -0.0576449
0.0106358 -0.0576449 -0.182215

-0.0380221 -0.0055335 0.0289791
-0.0055335 -0.00213919 -0.063094
0.0289791 -0.063094 -0.320057

-0.0303667 0.000194554 0.0202866
0.000194554 -0.042404 -0.0389939
0.0202866 -0.0389939 -0.252481

-0.0232693 0.00825719 0.013971
0.00825719 -0.0395182 -0.0423435
0.013971 -0.0423435 -0.239137

-0.0147798 0.00506265 0.0339955
0.00506265 -0.0267083 -0.0316134
0.0339955 -0.0316134 -0.238089

-0.0228895 -0.00251895 0.031638
-0.00251895 -0.035227 0.020413
0.031638 0.020413 -0.275623

-0.0083871 -0.00506281 0.0347603
-0.00506281 0.0277026 0.00551521
0.0347603 0.00551521 -0.20285

-0.154642 -0.00877164 -0.000684981
-0.00877164 -0.109913 -0.0140289
-0.000684981 -0.0140289 -0.522935

0.0173978 0.00244274 0.0378833
0.00244274 0.0177145 0.0193248
0.0378833 0.0193248 -0.174896

-0.0141148 -0.0069789 0.0258798
-0.0069789 -0.00218584 0.0158582
0.0258798 0.0158582 -0.179628

-0.0361319 -0.00233481 0.0380932
-0.00233481 -0.00759829 0.0177325
0.0380932 0.0177325 -0.203437

-0.0475862 0.00969828 0.0496692
0.00969828 -0.000329554 -0.0194433
0.0496692 -0.0194433 -0.217946

0.0048381 0.00783451 0.0285199
0.00783451 -0.00902807 -0.0302881
0.0285199 -0.0302881 -0.198199

-0.00400244 0.00121828 0.0193589
0.00121828 -0.0176082 -0.0398661
0.0193589 -0.0398661 -0.204904

-0.0042191 -0.00221236 0.0267147
-0.00221236 0.0190098 0.0191055
0.0267147 0.0191055 -0.162953

0.00968145 0.00299545 0.0312416
0.00299545 0.0475644 0.00392985
0.0312416 0.00392985 -0.142683

-0.0636153 0.0071611 0.00887791
0.0071611 -0.0612505 -0.026178
0.00887791 -0.026178 -0.26799

0.00572772 0.00387038 0.0229553
0.00387038 0.00397323 -0.0332623
0.0229553 -0.0332623 -0.163454

-0.00691265 -0.00036721 0.0112911
-0.00036721 -0.00119756 0.00932874
0.0112911 0.00932874 -0.0450565

0.0229636 -0.0133765 0.00895071
-0.0133765 0.0258624 0.0136748
0.00895071 0.0136748 -0.0227854

0.0288748 -0.00668078 0.00221387
-0.00668078 0.0103332 0.0103696
0.00221387 0.0103696 -0.043222

0.0145448 -0.00929907 0.00452462
-0.00929907 0.00348562 0.0180165
0.00452462 0.0180165 -0.0748145

0.0347345 -0.0122629 0.00673324
-0.0122629 0.0331305 0.00699437
0.00673324 0.00699437 0.00217014

0.0307229 -0.00971425 0.00634223
-0.00971425 0.036949 0.00696173
0.00634223 0.00696173 0.00206519

0.00154331 -0.00405022 0.00323063
-0.00405022 -0.00258579 0.00841813
0.00323063 0.00841813 0.00519826

-0.00147169 0.000223598 0.00497308
0.000223598 -0.00203464 0.00102525
0.00497308 0.00102525 0.00309336

0.0311252 -0.000540316 0.00720809
-0.000540316 0.0353283 0.0164546
0.00720809 0.0164546 0.0192806

0.018592 0.00534683 0.0105519
0.00534683 0.0184766 0.0146336
0.0105519 0.0146336 0.00818437

-0.0109173 -0.00561148 0.0127182
-0.00561148 0.0175214 0.00087915
0.0127182 0.00087915 0.0439462

-0.0010655 -0.00105273 -0.00110306
-0.00105273 -0.00334685 -0.00248895
-0.00110306 -0.00248895 0.06098

-0.0228291 -0.00486852 0.00664074
-0.00486852 -0.0225422 0.00128298
0.00664074 0.00128298 0.0397003

-0.00962238 0.00404111 0.00112956
0.00404111 -0.0071376 -0.00183922
0.00112956 -0.00183922 0.0700862

0.00578163 0.00602345 0.000549798
0.00602345 -5.35055e-05 -0.00862909
0.000549798 -0.00862909 0.105288

-0.00513295 0.0047444 0.00188846
0.0047444 -0.0131676 -0.00393991
0.00188846 -0.00393991 0.0905723

-0.00453386 0.0033294 0.00332451
0.0033294 -0.00923345 0.00394089
0.00332451 0.00394089 0.090201

0.000416911 0.00348791 0.00346258
0.00348791 0.00350593 0.0019105
0.00346258 0.0019105 0.121839

0.000789517 0.00206908 0.00218223
0.00206908 -0.002319 0.0039954
0.00218223 0.0039954 0.105817

0.00240714 0.00425421 0.000531794
0.00425421 -0.00364585 -0.00492093
0.000531794 -0.00492093 0.108841

0.00742565 0.00268836 0.0026806
0.00268836 0.0104628 -0.00075845
0.0026806 -0.00075845 0.13641

-0.00726062 0.00274778 0.00111763
0.00274778 -0.00473353 -0.00284934
0.00111763 -0.00284934 0.114528

-7.09702e-05 -0.00302746 0.00589805
-0.00302746 0.00409478 -0.0113882
0.00589805 -0.0113882 0.108563

-0.00661297 -0.00034956 0.00346029
-0.00034956 -0.0070823 -0.00823951
0.00346029 -0.00823951 0.106437

0.0016444 -0.000330432 -0.00208848
-0.000330432 0.00255837 -0.00292504
-0.00208848 -0.00292504 0.134293

0.0232951 0.00352177 -0.0199099
0.00352177 0.0387489 0.0126775
-0.0199099 0.0126775 -0.103341

-0.00639209 0.00743357 0.00137922
0.00743357 -0.00762944 0.0169019
0.00137922 0.0169019 -0.0195918

-0.00515456 0.0110253 -0.0174701
0.0110253 -0.0152336 0.0101735
-0.0174701 0.0101735 -0.192526

0.00637519 0.00937121 -0.0161346
0.00937121 0.00620553 0.00782514
-0.0161346 0.00782514 -0.116747

0.0271467 0.0102888 -0.0138564
0.0102888 0.0261726 0.00810699
-0.0138564 0.00810699 -0.0796735

-0.00495524 -0.000984528 0.00296798
-0.000984528 -0.00536546 0.0029529
0.00296798 0.0029529 0.0883402

0.0066479 0.0101922 -0.00773868
0.0101922 0.0152537 0.0168622
-0.00773868 0.0168622 -0.112968

0.0207741 0.000720257 -0.0253393
0.000720257 0.0327863 0.0526592
-0.0253393 0.0526592 -0.18752

0.0269293 0.0109421 -0.00621521
0.0109421 0.0341705 0.0163341
-0.00621521 0.0163341 -0.0765214

-0.0299526 0.00559301 -0.0212556
0.00559301 -0.0303149 0.0360656
-0.0212556 0.0360656 -0.258844

0.0361099 0.00594058 -0.000758742
0.00594058 0.0230032 0.0151544
-0.000758742 0.0151544 0.0285729

-0.0649043 0.0134592 0.0352998
0.0134592 -0.0420834 0.00684998
0.0352998 0.00684998 -0.338805

0.0235382 0.00658086 -0.0051954
0.00658086 0.0098727 0.0080055
-0.0051954 0.0080055 -0.0563572

0.0258693 0.00741071 -0.00987522
0.00741071 0.0124036 0.0052528
-0.00987522 0.0052528 -0.0547332

-0.0176831 0.00057862 0.00326464
0.00057862 -0.0127064 -0.051612
0.00326464 -0.051612 -0.259727

0.0324996 0.00876686 -0.00201357
0.00876686 0.0135107 0.00683947
-0.00201357 0.00683947 -0.0350797

0.00434484 -0.00179962 -0.00499526
-0.00179962 0.0059491 0.00520565
-0.00499526 0.00520565 0.114183

-0.00959068 -0.00905373 0.00942357
-0.00905373 -0.00530817 -0.00713707
0.00942357 -0.00713707 0.0503177

-0.0216483 0.00980187 -0.0103746
0.00980187 -0.0358975 -0.0492499
-0.0103746 -0.0492499 -0.23859

-0.00477505 0.00280791 -0.0061735
0.00280791 -0.00475137 -0.00543411
-0.0061735 -0.00543411 0.10831

-0.00134451 0.00637274 0.0302144
0.00637274 0.0297795 0.0135283
0.0302144 0.0135283 -0.16616

-0.0211927 -0.0015517 0.00351942
-0.0015517 -0.00832051 0.00634272
0.00351942 0.00634272 0.124323

-0.0136957 -0.0063942 0.00411817
-0.0063942 -0.00350386 0.00259999
0.00411817 0.00259999 0.0727396

0.00518979 -5.25552e-05 -0.00408271
-5.25552e-05 0.00818387 0.00131443
-0.00408271 0.00131443 0.135029

-0.00731347 0.00552475 0.032304
0.00552475 0.00109067 0.0195084
0.032304 0.0195084 -0.181963

0.00326661 0.00182875 -0.00255171
0.00182875 -0.0040537 0.00148235
-0.00255171 0.00148235 0.11524

-0.0366715 0.00836517 0.00529483
0.00836517 -0.0435567 -0.00343201
0.00529483 -0.00343201 0.0226865

0.0217682 -0.00261002 0.0145552
-0.00261002 0.0148983 0.00948999
0.0145552 0.00948999 0.0394567

-0.00852076 -0.00450698 -0.00151649
-0.00450698 -0.00547868 0.00562926
-0.00151649 0.00562926 0.0731285

0.0566142 0.000328332 0.00287365
0.000328332 0.057672 0.0200522
0.00287365 0.0200522 0.0165119

-0.00222724 -0.000357646 9.36824e-05
-0.000357646 -0.00578954 0.00156486
9.36824e-05 0.00156486 0.109041

0.0970611 -0.000568009 0.0073195
-0.000568009 0.100902 0.0304846
0.0073195 0.0304846 0.0549069

0.0370534 -0.00257633 0.00823845
-0.00257633 0.0226078 0.0179833
0.00823845 0.0179833 -0.0641067

0.000531937 0.0163349 0.0226829
0.0163349 0.00229659 0.0114328
0.0226829 0.0114328 -0.240374

-0.0819666 0.00430174 0.00413521
0.00430174 -0.0753024 -0.0404844
0.00413521 -0.0404844 -0.336492

0.0258265 0.0113439 -0.0123723
0.0113439 0.0226984 0.00674658
-0.0123723 0.00674658 -0.0840808

-0.00711023 -0.0016564 -0.00180686
-0.0016564 -0.00435386 0.00585829
-0.00180686 0.00585829 0.0970096

0.00525953 -0.00072943 0.00610797
-0.00072943 -0.00980066 0.00422579
0.00610797 0.00422579 0.043898

0.0111605 -0.00483988 -0.00383429
-0.00483988 0.0278552 0.0176287
-0.00383429 0.0176287 -0.0153997

0.00694317 0.002993 -0.00537843
0.002993 0.0114617 -0.00360009
-0.00537843 -0.00360009 0.0307037

0.0445534 0.00677052 -0.0119093
0.00677052 0.0559408 0.00894318
-0.0119093 0.00894318 -0.0707124

-0.00543837 0.00235902 -0.012377
0.00235902 -0.0143544 -0.00566081
-0.012377 -0.00566081 0.0302278

0.000984943 0.00793836 0.00243339
0.00793836 0.00307082 0.0144707
0.00243339 0.0144707 0.00695796

0.00660475 0.00408307 -0.00259464
0.00408307 0.00675277 -0.00609858
-0.00259464 -0.00609858 0.126728

-0.0297155 -0.00642966 0.000449666
-0.00642966 -0.0302168 0.00441647
0.000449666 0.00441647 0.0234095

-0.00567146 -0.000406235 0.00162571
-0.000406235 0.000393779 0.000596642
0.00162571 0.000596642 0.133092

0.0040898 0.00286466 -0.00501494
0.00286466 0.00402386 -0.00348512
-0.00501494 -0.00348512 0.121458

-0.00391155 0.00283391 -0.00465597
0.00283391 -0.00430298 -0.00495663
-0.00465597 -0.00495663 0.107996

-0.0060267 -0.000284334 -0.00365109
-0.000284334 -0.00686338 0.000341935
-0.00365109 0.000341935 0.0964611

-0.0173395 -0.0008235 -0.00229234
-0.0008235 -0.0204821 0.00338197
-0.00229234 0.00338197 0.0750681

-0.00536718 -0.000289357 -0.00331626
-0.000289357 -0.00473917 0.000685904
-0.00331626 0.000685904 0.0968078

0.02954 -0.00723401 0.00193621
-0.00723401 0.0116502 0.0105104
0.00193621 0.0105104 -0.0424747

-0.153263 -0.0376721 0.031835
-0.0376721 -0.234303 0.0206509
0.031835 0.0206509 -0.50974

0.0416988 0.00158396 -0.0066618
0.00158396 0.0440092 0.00635875
-0.0066618 0.00635875 0.125136

0.0149307 0.000478747 0.00389707
0.000478747 0.00614031 0.00688921
0.00389707 0.00688921 0.0168531

0.015962 0.00181153 0.00395391
0.00181153 0.0179304 0.00549348
0.00395391 0.00549348 0.0605047

-0.0141625 -0.000654262 -0.00267585
-0.000654262 -0.00634514 0.000485422
-0.00267585 0.000485422 0.108172

0.0126218 -0.00118842 0.00690197
-0.00118842 0.0109391 0.0138108
0.00690197 0.0138108 -0.118297

-0.0176222 0.00380079 0.00597779
0.00380079 -0.0194626 -0.00670394
0.00597779 -0.00670394 -0.0744141

-0.014543 -0.00188173 -0.00752613
-0.00188173 -0.000160658 -0.000225713
-0.00752613 -0.000225713 0.0744426

-0.000987957 0.0035761 -0.00487976
0.0035761 0.00707808 0.00393307
-0.00487976 0.00393307 0.043245

-0.000431523 -0.00533004 -0.00590689
-0.00533004 -0.00610593 0.00268996
-0.00590689 0.00268996 0.0737765

0.0781062 0.0101909 0.0180737
0.0101909 0.0616296 0.0083116
0.0180737 0.0083116 0.0981141

-0.00780187 0.00594856 -0.00258735
0.00594856 -0.00613156 0.00171892
-0.00258735 0.00171892 0.0381681

0.0404495 0.0022989 -0.00459556
0.0022989 0.00641318 0.00789136
-0.00459556 0.00789136 -0.0617907

0.0308699 0.00350578 -0.00905409
0.00350578 0.00320022 0.0107055
-0.00905409 0.0107055 -0.0621302

0.00631335 -0.00227575 0.000148218
-0.00227575 -0.0105597 0.0120848
0.000148218 0.0120848 -0.136546

0.0424698 -0.00632367 -0.00845966
-0.00632367 0.00839216 0.00804646
-0.00845966 0.00804646 -0.0602248

0.0166688 -0.000265928 -0.00722876
-0.000265928 0.000772037 0.00931475
-0.00722876 0.00931475 -0.12041

0.0243466 0.00902456 0.0148458
0.00902456 0.013294 -0.0323724
0.0148458 -0.0323724 -0.155447

0.0331118 0.00845398 -0.00870041
0.00845398 0.0127678 0.00286408
-0.00870041 0.00286408 -0.0353721

0.0497143 -0.00504333 0.00731529
-0.00504333 0.0278782 0.0136052
0.00731529 0.0136052 -0.0179277

-0.00822292 -0.000223652 0.0431274
-0.000223652 -0.0032638 0.0205119
0.0431274 0.0205119 -0.196685

0.00592088 -0.00281172 -0.00583624
-0.00281172 -0.0016434 0.0136639
-0.00583624 0.0136639 -0.0144773

0.0027713 0.00474017 -0.00128441
0.00474017 0.00760114 -0.00728579
-0.00128441 -0.00728579 0.125145

-0.000665728 0.000972499 -0.00316643
0.000972499 -0.0102793 0.00799984
-0.00316643 0.00799984 0.0220884

-0.192807 0.0454627 -0.0251751
0.0454627 -0.151422 -0.00612085
-0.0251751 -0.00612085 -0.454285

-0.00830644 -0.00349598 -0.0127549
-0.00349598 -0.00992104 0.00460037
-0.0127549 0.00460037 0.0836443

-0.0129514 -0.00444877 0.00282874
-0.00444877 -0.0115177 0.00305052
0.00282874 0.00305052 0.109491

0.00658314 0.00616447 0.00253108
0.00616447 0.00769442 0.00202713
0.00253108 0.00202713 0.136671

0.00229042 0.000891456 -0.00326632
0.000891456 0.0010343 0.00155251
-0.00326632 0.00155251 0.132902

0.00767403 0.0103681 -0.00769227
0.0103681 0.0198318 0.00740383
-0.00769227 0.00740383 -0.073715

0.0192166 0.00690721 -0.0116998
0.00690721 0.0243416 0.0157271
-0.0116998 0.0157271 -0.0348811

0.00850467 0.00934854 -0.0104
0.00934854 0.0255228 0.00134023
-0.0104 0.00134023 -0.0714326

0.00497395 0.00426237 0.00289894
0.00426237 -0.00552376 0.0433354
0.00289894 0.0433354 -0.153034

0.0224348 0.00152257 0.0246285
0.00152257 0.0286894 0.0145474
0.0246285 0.0145474 -0.154725

-0.0044422 -0.000672887 0.0040389
-0.000672887 -0.00243203 0.00315712
0.0040389 0.00315712 0.135122

0.00168984 0.000127804 -6.74625e-05
0.000127804 -0.00457992 -0.00117044
-6.74625e-05 -0.00117044 0.133463

-0.0124202 -0.00135058 0.000294991
-0.00135058 -0.0146382 0.00423606
0.000294991 0.00423606 0.0970931

-0.00645304 0.0124065 0.00654186
0.0124065 -0.0394031 -0.0487402
0.00654186 -0.0487402 -0.212616

-0.00774114 0.00160848 -0.00454852
0.00160848 -0.00939178 -0.0464112
-0.00454852 -0.0464112 -0.210493

0.00374175 0.00264882 -0.00192703
0.00264882 0.00354193 0.00132116
-0.00192703 0.00132116 0.112328

-0.00261368 0.00456207 -0.00897764
0.00456207 -0.0112079 -0.0361089
-0.00897764 -0.0361089 -0.191617

-0.0129934 0.000734975 -0.0041486
0.000734975 -0.0148861 -0.0332829
-0.0041486 -0.0332829 -0.185054

0.00543869 -0.00278007 0.0100752
-0.00278007 -0.0166601 -0.029439
0.0100752 -0.029439 -0.194341

-0.0373655 0.00410826 -0.0100325
0.00410826 -0.0484878 -0.0404476
-0.0100325 -0.0404476 -0.232872

0.0116996 0.000856883 -0.0166715
0.000856883 0.0295093 0.00610563
-0.0166715 0.00610563 -0.0961573

-0.0263388 0.00918659 0.0172017
0.00918659 -0.0410118 -0.0230763
0.0172017 -0.0230763 -0.241621

0.00654119 -0.000427723 0.00437375
-0.000427723 0.00912016 -0.00486992
0.00437375 -0.00486992 0.139815

-0.00676979 -0.00217148 0.00546588
-0.00217148 -0.00386063 -0.0131864
0.00546588 -0.0131864 0.0999232

-0.00508938 -0.000437851 0.00404802
-0.000437851 -0.000402672 -0.00537568
0.00404802 -0.00537568 0.118165

-0.00740411 0.00116769 0.00733463
0.00116769 -0.0043286 -0.0123259
0.00733463 -0.0123259 0.104197

0.0057401 -0.00275071 0.00517816
-0.00275071 0.00714203 -0.0117045
0.00517816 -0.0117045 0.111906

-0.0020054 -0.000443685 0.00159553
-0.000443685 0.00069391 -0.00570648
0.00159553 -0.00570648 0.117991

-0.00212152 0.00318958 -0.00257316
0.00318958 -0.00151632 -0.00530857
-0.00257316 -0.00530857 0.109687

-0.00601249 0.00267874 -0.00478433
0.00267874 -0.00649919 -0.00744624
-0.00478433 -0.00744624 0.102917

-0.00347989 0.00204384 -0.00533633
0.00204384 -0.00478162 -0.00724353
-0.00533633 -0.00724353 0.108876

-0.0013867 0.00191473 -0.000548778
0.00191473 0.00386934 -0.00184462
-0.000548778 -0.00184462 0.122544

-0.0035768 0.00254738 -0.00605808
0.00254738 -0.00240488 -0.00322775
-0.00605808 -0.00322775 0.109283

-0.000568416 0.00193526 -0.00349706
0.00193526 -0.00158398 -0.00852886
-0.00349706 -0.00852886 0.109096

-0.00539781 0.000520684 -0.00323219
0.000520684 -0.00362642 -0.000759683
-0.00323219 -0.000759683 0.100534

-0.0237078 0.000681545 0.00105612
0.000681545 -0.0184983 0.000227906
0.00105612 0.000227906 0.0803894

0.00691548 0.0110218 0.0214783
0.0110218 -0.017263 0.0025413
0.0214783 0.0025413 -0.106617

-0.899519 -0.000135362 -0.0297963
-0.000135362 -0.898968 0.128125
-0.0297963 0.128125 -0.801773

-0.559785 0.109255 -0.117329
0.109255 -0.373482 0.0970717
-0.117329 0.0970717 -0.477574

-0.0951268 -0.00163476 -0.0378809
-0.00163476 -0.100919 -0.0206258
-0.0378809 -0.0206258 -0.273899

-0.14878 0.00622613 -0.0509079
0.00622613 -0.167388 -0.00270547
-0.0509079 -0.00270547 -0.3478

-0.338686 -0.115052 0.0282031
-0.115052 -0.556399 0.0861976
0.0282031 0.0861976 -0.44318

-0.419461 0.104914 -0.100262
0.104914 -0.546443 0.109871
-0.100262 0.109871 -0.488628

-0.00831992 0.0025974 -0.0034942
0.0025974 -0.00270758 -0.00193161
-0.0034942 -0.00193161 0.105028

-0.00397221 0.00250717 -0.00476986
0.00250717 0.000179764 -0.0016828
-0.00476986 -0.0016828 0.109589

0.00152642 -0.000247901 -0.000691892
-0.000247901 -0.0046974 0.00191336
-0.000691892 0.00191336 0.110764

-0.00215542 0.000237709 -0.0018569
0.000237709 -0.00742151 0.00218184
-0.0018569 0.00218184 0.107572

-0.00199834 0.000410036 -0.00160206
0.000410036 -0.00569646 0.0016188
-0.00160206 0.0016188 0.106453

TENSORS Lagrange_strain float
0.00281943 7.25879e-06 3.12411e-05
7.25879e-06 0.00289228 0.000218187
3.12411e-05 0.000218187 -0.00753385

0.00282633 -8.42681e-06 1.18976e-05
-8.42681e-06 0.00290128 0.000209314
1.18976e-05 0.000209314 -0.00758439

0.00286443 1.9739e-05 8.13526e-06
1.9739e-05 0.00296659 -1.88344e-05
8.13526e-06 -1.88344e-05 -0.00790884

0.00452514 -2.44919e-05 -0.000990538
-2.44919e-05 0.00461507 0.000726505
-0.000990538 0.000726505 -0.0120634

0.0027928 -1.50436e-05 3.23935e-05
-1.50436e-05 0.00292444 0.000197103
3.23935e-05 0.000197103 -0.00752434

0.00482719 0.000235195 -0.000450814
0.000235195 0.00505268 -0.000393041
-0.000450814 -0.000393041 -0.0138659

0.00312532 -5.17551e-05 4.56183e-05
-5.17551e-05 0.00299575 -4.53646e-05
4.56183e-05 -4.53646e-05 -0.00849336

0.00282596 -5.133e-05 0.000121657
-5.133e-05 0.00284775 -2.70841e-05
0.000121657 -2.70841e-05 -0.00761757

0.00555779 -0.000276682 -0.000399668
-0.000276682 0.00419121 0.00014152
-0.000399668 0.00014152 -0.0134497

0.00430063 -8.94077e-05 9.3742e-06
-8.94077e-05 0.00421536 0.000187416
9.3742e-06 0.000187416 -0.0109187

0.00281017 -6.45002e-05 -8.26216e-07
-6.45002e-05 0.00288952 -1.20791e-05
-8.26216e-07 -1.20791e-05 -0.00754132

0.00447332 9.29007e-05 -0.000998311
9.29007e-05 0.00447277 0.000546831
-0.000998311 0.000546831 -0.0117497

0.00419134 -0.000118045 -0.000344057
-0.000118045 0.00421304 -0.000105106
-0.000344057 -0.000105106 -0.0110481

0.00465807 6.22464e-05 -0.000100573
6.22464e-05 0.00483633 5.97028e-05
-0.000100573 5.97028e-05 -0.0126678

0.0037674 0.000340883 4.25044e-05
0.000340883 0.00424885 1.78449e-05
4.25044e-05 1.78449e-05 -0.0135558

0.00448357 0.000142615 -0.000484407
0.000142615 0.0047775 0.000945019
-0.000484407 0.000945019 -0.0121402

0.00291585 3.40263e-05 -5.46721e-05
3.40263e-05 0.00296678 -2.70351e-05
-5.46721e-05 -2.70351e-05 -0.00785095

0.00464855 0.000198471 -0.000150721
0.000198471 0.00468958 -9.32338e-06
-0.000150721 -9.32338e-06 -0.0125887

0.00292116 5.63079e-05 -5.55643e-05
5.63079e-05 0.00296704 -2.58324e-05
-5.55643e-05 -2.58324e-05 -0.00776967

0.00488953 0.000213944 -0.000439962
0.000213944 0.004579 -0.000398321
-0.000439962 -0.000398321 -0.013864

0.0043743 -8.26247e-06 0.000246014
-8.26247e-06 0.00430423 0.000471018
0.000246014 0.000471018 -0.0111921

0.0045225 0.000107848 -0.000378872
0.000107848 0.00447619 0.000829294
-0.000378872 0.000829294 -0.0118555

0.00434381 0.000114638 -0.000209268
0.000114638 0.00441237 -0.000454666
-0.000209268 -0.000454666 -0.010679

0.0028432 1.17735e-05 -1.02145e-05
1.17735e-05 0.00289505 3.57947e-05
-1.02145e-05 3.57947e-05 -0.00757486

0.00513178 0.00031061 -0.000327488
0.00031061 0.00418057 -0.000100143
-0.000327488 -0.000100143 -0.0139586

0.00503151 0.000374256 -0.000359378
0.000374256 0.00453917 -3.93717e-05
-0.000359378 -3.93717e-05 -0.0139647

0.00449642 0.000162188 -0.000493839
0.000162188 0.00450693 0.000838179
-0.000493839 0.000838179 -0.0121617

0.00278464 -3.69375e-05 5.6891e-05
-3.69375e-05 0.0028538 9.92567e-05
5.6891e-05 9.92567e-05 -0.00751846

0.00296248 -0.00011769 -0.000125528
-0.00011769 0.00312965 -6.65772e-05
-0.000125528 -6.65772e-05 -0.00790472

0.0045181 0.00010582 -0.000417195
0.00010582 0.0046216 0.000611158
-0.000417195 0.000611158 -0.0119151

0 0 0.00112252
0 0 -0.000836245
0.00112252 -0.000836245 -0.0110125

0.00287492 -2.52043e-05 4.45347e-05
-2.52043e-05 0.00278944 4.90105e-05
4.45347e-05 4.90105e-05 -0.00760817

0.00507676 -9.50762e-05 0.000407937
-9.50762e-05 0.00463315 -0.000114087
0.000407937 -0.000114087 -0.0138279

0.00286103 -3.76094e-06 9.87742e-05
-3.76094e-06 0.00283937 0.000112774
9.87742e-05 0.000112774 -0.00755798

0.00557739 0.00035143 -0.000287655
0.00035143 0.00479882 -0.000274009
-0.000287655 -0.000274009 -0.0136313

0.00286723 1.5125e-06 0.000136236
1.5125e-06 0.00283987 0.000178182
0.000136236 0.000178182 -0.0076141

0.00436181 -0.000543865 -0.000283889
-0.000543865 0.00485821 0.000327626
-0.000283889 0.000327626 -0.0129832

0.00291972 -3.92622e-05 8.01581e-05
-3.92622e-05 0.00297243 -0.000176182
8.01581e-05 -0.000176182 -0.00774275

0.00292853 -3.61826e-05 -7.6072e-05
-3.61826e-05 0.00289624 4.64594e-05
-7.6072e-05 4.64594e-05 -0.00773527

0.00396502 3.15104e-05 -0.000312308
3.15104e-05 0.00437062 -1.744e-05
-0.000312308 -1.744e-05 -0.0104416

0.00405499 3.89422e-05 -0.000318646
3.89422e-05 0.0043621 7.18098e-05
-0.000318646 7.18098e-05 -0.0113233

0.00353299 0.000193911 -0.000133531
0.000193911 0.00483709 -0.000270261
-0.000133531 -0.000270261 -0.0136416

0.00329015 0.000117203 -0.000176384
0.000117203 0.00317941 5.91921e-05
-0.000176384 5.91921e-05 -0.00824271

0.00471325 -0.000230153 0.000215622
-0.000230153 0.00529742 0.000848794
0.000215622 0.000848794 -0.0137723

0.00441639 0.0002199 0.000438797
0.0002199 0.00461518 0.00051521
0.000438797 0.00051521 -0.0136188

0.00416153 -3.15079e-05 -0.000384428
-3.15079e-05 0.00449358 -0.000186208
-0.000384428 -0.000186208 -0.0110288

0.00413084 -4.79339e-05 -0.000330013
-4.79339e-05 0.00385406 0.000673195
-0.000330013 0.000673195 -0.0119913

0.00440484 0.000247086 0.000401544
0.000247086 0.00547985 0.000554006
0.000401544 0.000554006 -0.0137364

0.00543459 0.000109704 -0.000205392
0.000109704 0.00463971 -0.000359099
-0.000205392 -0.000359099 -0.0134774

0.00319406 -7.85312e-05 -8.94064e-05
-7.85312e-05 0.00292811 1.94724e-05
-8.94064e-05 1.94724e-05 -0.00800231

0.00319705 -0.000115801 -9.07769e-05
-0.000115801 0.00330899 -0.000109808
-9.07769e-05 -0.000109808 -0.0082566

0.00457254 0.000107397 0.000149049
0.000107397 0.00465543 -0.000180255
0.000149049 -0.000180255 -0.0126787

0.00316724 0.00017247 -5.84438e-05
0.00017247 0.00309438 -0.000144702
-5.84438e-05 -0.000144702 -0.00816985

0.00330727 4.84024e-05 -0.000184861
4.84024e-05 0.00343321 -5.845e-06
-0.000184861 -5.845e-06 -0.00867127

0.00400437 -5.71516e-05 5.12682e-05
-5.71516e-05 0.00382939 0.000406903
5.12682e-05 0.000406903 -0.0100452

0.00379777 -0.000396221 0.000380119
-0.000396221 0.00531075 -0.000181118
0.000380119 -0.000181118 -0.0139168

0.0044553 0.000168063 -0.000390495
0.000168063 0.00439467 0.000319993
-0.000390495 0.000319993 -0.0112068

0.00383634 -0.000139015 -0.000120203
-0.000139015 0.00402616 0.000130021
-0.000120203 0.000130021 -0.0102017

0.00436105 8.33067e-05 -0.000338746
8.33067e-05 0.00428444 -0.00112122
-0.000338746 -0.00112122 -0.0112696

0.00277893 -4.79753e-06 7.03257e-05
-4.79753e-06 0.00286024 0.000110535
7.03257e-05 0.000110535 -0.0075191

0.00281179 5.25451e-06 5.04699e-05
5.25451e-06 0.00293544 0.000106056
5.04699e-05 0.000106056 -0.00765029

0.00368399 -0.000295849 0.000111077
-0.000295849 0.00327683 -4.37391e-05
0.000111077 -4.37391e-05 -0.00874198

0.00459594 8.33479e-05 5.08244e-05
8.33479e-05 0.00463925 3.12133e-05
5.08244e-05 3.12133e-05 -0.0125651

0.00294992 6.40755e-05 -0.000154715
6.40755e-05 0.00315814 -2.95263e-05
-0.000154715 -2.95263e-05 -0.00792708

0.00299927 3.40236e-05 -0.000103442
3.40236e-05 0.00341839 -4.4887e-05
-0.000103442 -4.4887e-05 -0.0081542

0.00455914 0.000142355 -0.000152658
0.000142355 0.00470715 -0.000384996
-0.000152658 -0.000384996 -0.0121987

0.00372612 8.88712e-05 -0.000253958
8.88712e-05 0.00391574 0.000112771
-0.000253958 0.000112771 -0.00981516

0.00379562 0.000147901 -0.000223308
0.000147901 0.00384601 0.000189118
-0.000223308 0.000189118 -0.00982277

0.00291951 1.39737e-05 -2.66797e-05
1.39737e-05 0.0029167 4.52414e-05
-2.66797e-05 4.52414e-05 -0.00796909

0.00458582 0.000219481 0.000137115
0.000219481 0.00551523 -0.000759979
0.000137115 -0.000759979 -0.014389

0.00310111 5.33404e-05 -3.92345e-06
5.33404e-05 0.00302083 0.000115595
-3.92345e-06 0.000115595 -0.00843637

0.002814 -7.41201e-05 -5.7032e-05
-7.41201e-05 0.00299814 -2.58517e-05
-5.7032e-05 -2.58517e-05 -0.00756566

0.00446143 4.45261e-05 -0.000165666
4.45261e-05 0.00440147 -0.000689323
-0.000165666 -0.000689323 -0.0118912

0.00340145 -0.000165462 0.000117061
-0.000165462 0.00385325 6.3903e-05
0.000117061 6.3903e-05 -0.00919653

0.00291881 -1.96154e-05 4.81621e-05
-1.96154e-05 0.00298985 2.88701e-05
4.81621e-05 2.88701e-05 -0.00824661

0.00516134 0.000293039 0.00019764
0.000293039 0.00552349 -0.000738582
0.00019764 -0.000738582 -0.0145466

0.00286257 6.51218e-06 -1.74373e-05
6.51218e-06 0.00289641 3.5833e-05
-1.74373e-05 3.5833e-05 -0.00762683

0.00377798 6.07705e-05 6.81853e-05
6.07705e-05 0.00339838 -9.47428e-06
6.81853e-05 -9.47428e-06 -0.00920847

0.00459184 0.000166866 6.33248e-05
0.000166866 0.00426446 -0.00112724
6.33248e-05 -0.00112724 -0.0116178

0.00493656 1.39725e-05 0.000798932
1.39725e-05 0.00467594 -0.000440986
0.000798932 -0.000440986 -0.0128325

0.00466141 0.000128557 0.000771717
0.000128557 0.00476777 -0.000459815
0.000771717 -0.000459815 -0.0124148

0.00300731 -3.99415e-05 1.01086e-05
-3.99415e-05 0.00289663 2.27523e-05
1.01086e-05 2.27523e-05 -0.0082325

0.00283538 -6.27407e-07 -9.43318e-06
-6.27407e-07 0.00293528 -5.71181e-05
-9.43318e-06 -5.71181e-05 -0.00762438

0.00293994 -1.43925e-05 9.27788e-05
-1.43925e-05 0.00289509 5.78279e-05
9.27788e-05 5.78279e-05 -0.00779275

0.00470389 6.17712e-05 0.000811915
6.17712e-05 0.00467633 -0.000383267
0.000811915 -0.000383267 -0.0124762

0.00314979 5.04041e-06 -0.000153119
5.04041e-06 0.0030868 0.000144667
-0.000153119 0.000144667 -0.00832563

0.00452294 6.31846e-05 -0.000150493
6.31846e-05 0.00454595 -0.000947859
-0.000150493 -0.000947859 -0.0120137

0.00297173 -1.15037e-05 -8.40476e-05
-1.15037e-05 0.00285885 0.000118911
-8.40476e-05 0.000118911 -0.00774792

0.00292923 -4.41278e-05 -8.42006e-05
-4.41278e-05 0.00292036 8.07751e-05
-8.42006e-05 8.07751e-05 -0.0076917

0.00386177 -3.51261e-05 -3.80371e-05
-3.51261e-05 0.00375881 0.000179154
-3.80371e-05 0.000179154 -0.0101091

0.00462582 8.14701e-05 0.00018753
8.14701e-05 0.00458627 0.000209638
0.00018753 0.000209638 -0.0120662

0.00435627 6.16097e-05 -1.73707e-05
6.16097e-05 0.00435646 0.000358945
-1.73707e-05 0.000358945 -0.0109964

0.00292407 -1.43493e-05 -6.34055e-05
-1.43493e-05 0.00297698 1.76865e-05
-6.34055e-05 1.76865e-05 -0.00768547

0.00324212 1.49355e-06 -4.96075e-05
1.49355e-06 0.00310586 0.000141544
-4.96075e-05 0.000141544 -0.0082334

0.00292383 3.83605e-05 -3.35052e-06
3.83605e-05 0.00282069 -0.000106163
-3.35052e-06 -0.000106163 -0.00758586

0.00326474 8.54592e-05 -5.96373e-05
8.54592e-05 0.00341607 0.000129346
-5.96373e-05 0.000129346 -0.00863469

0.00281035 1.0039e-05 2.92113e-05
1.0039e-05 0.00293103 -7.49548e-05
2.92113e-05 -7.49548e-05 -0.00767761

0.00297118 1.20844e-05 -1.50476e-05
1.20844e-05 0.00289177 4.20929e-05
-1.50476e-05 4.20929e-05 -0.00779092

0.00317448 -6.28844e-05 -2.29182e-05
-6.28844e-05 0.0032192 0.000174851
-2.29182e-05 0.000174851 -0.00864493

0.00344682 0.000140328 5.4357e-06
0.000140328 0.00378075 -8.85271e-05
5.4357e-06 -8.85271e-05 -0.00886327

0.00287785 1.72582e-05 1.76965e-05
1.72582e-05 0.00299653 -0.00014898
1.76965e-05 -0.00014898 -0.00776107

0.00296672 -9.46773e-06 -4.77561e-06
-9.46773e-06 0.00286602 4.07923e-05
-4.77561e-06 4.07923e-05 -0.00771872

0.00469502 -4.27913e-05 0.000707197
-4.27913e-05 0.00474183 -0.000569717
0.000707197 -0.000569717 -0.0126529

0.00293413 5.04986e-05 -8.958e-05
5.04986e-05 0.00293021 -5.11503e-05
-8.958e-05 -5.11503e-05 -0.00778534

0.00494314 2.89149e-05 0.000599938
2.89149e-05 0.00462318 -0.000251674
0.000599938 -0.000251674 -0.0132805

-2.22045e-16 -1.11022e-16 -0.000614138
-1.11022e-16 0 -0.00137596
-0.000614138 -0.00137596 -0.0106484

0.00287859 2.43001e-06 -6.07955e-05
2.43001e-06 0.00291517 -6.36422e-05
-6.07955e-05 -6.36422e-05 -0.00761479

0.0039912 -0.000188677 0.000155309
-0.000188677 0.00416378 -0.000283387
0.000155309 -0.000283387 -0.0108763

0.00317662 -5.97337e-05 -6.22945e-05
-5.97337e-05 0.00315427 6.39404e-06
-6.22945e-05 6.39404e-06 -0.00809196

0.00282437 -1.06153e-05 6.07173e-05
-1.06153e-05 0.00281611 7.71144e-05
6.07173e-05 7.71144e-05 -0.00764378

0.00375069 -1.61263e-05 -0.000247542
-1.61263e-05 0.00326664 -0.000153967
-0.000247542 -0.000153967 -0.00857507

0.00463561 6.45635e-05 0.00022345
6.45635e-05 0.00448488 0.000171078
0.00022345 0.000171078 -0.0119386

0.0112453 -0.00274238 -0.00193806
-0.00274238 -0.00576058 -0.00406798
-0.00193806 -0.00406798 -0.0119063

0.00282779 -1.58618e-05 7.29799e-06
-1.58618e-05 0.00285782 -1.35195e-05
7.29799e-06 -1.35195e-05 -0.00754101

0.00293742 9.63014e-06 -5.67951e-05
9.63014e-06 0.00298893 -2.55901e-05
-5.67951e-05 -2.55901e-05 -0.0079314

0.00287765 4.57537e-05 -6.0399e-05
4.57537e-05 0.0030274 -0.00018779
-6.0399e-05 -0.00018779 -0.00777971

0.0028827 3.94127e-05 -9.04397e-05
3.94127e-05 0.00288321 -0.000214309
-9.04397e-05 -0.000214309 -0.00762789

0.00283335 1.45904e-05 -2.29944e-05
1.45904e-05 0.00288441 4.33779e-05
-2.29944e-05 4.33779e-05 -0.00773017

0.00306718 2.21842e-05 -0.000225082
2.21842e-05 0.00319098 7.36984e-05
-0.000225082 7.36984e-05 -0.00831983

0.0030406 5.21179e-05 -3.23614e-05
5.21179e-05 0.00314485 9.50369e-05
-3.23614e-05 9.50369e-05 -0.00841394

0.00281981 -2.02416e-05 -1.07673e-05
-2.02416e-05 0.0028637 -1.71766e-05
-1.07673e-05 -1.71766e-05 -0.00749769

0.00375063 -0.000230008 0.000224552
-0.000230008 0.0038636 2.64892e-05
0.000224552 2.64892e-05 -0.00935866

0.00398314 -0.000269655 -0.000102152
-0.000269655 0.00410494 -0.000307274
-0.000102152 -0.000307274 -0.0103981

0.00455904 9.10139e-05 -4.21211e-06
9.10139e-05 0.00509879 -0.000382491
-4.21211e-06 -0.000382491 -0.0137097

0.00298774 9.14328e-06 -2.71918e-05
9.14328e-06 0.00292633 5.26566e-05
-2.71918e-05 5.26566e-05 -0.00790662

0.00498533 -9.71763e-05 0.00077509
-9.71763e-05 0.00475479 0.000347659
0.00077509 0.000347659 -0.0134818

0.00312037 0.00298425 -0.0027918
0.00298425 0.00227429 -0.00219951
-0.0027918 -0.00219951 -0.0118631

0.00287395 3.86944e-05 2.42414e-05
3.86944e-05 0.00288495 -0.00015231
2.42414e-05 -0.00015231 -0.00759937

0.00278503 2.60863e-05 2.87889e-05
2.60863e-05 0.00288462 -1.56186e-06
2.87889e-05 -1.56186e-06 -0.00744987

0.00456028 3.95846e-05 0.00032587
3.95846e-05 0.00477181 -0.000807047
0.00032587 -0.000807047 -0.0122993

0.0027398 2.71002e-05 -1.34146e-05
2.71002e-05 0.00283529 -5.34087e-05
-1.34146e-05 -5.34087e-05 -0.00742806

0.00467046 -0.000116769 -6.27681e-07
-0.000116769 0.00523189 -0.000284319
-6.27681e-07 -0.000284319 -0.0137528

0.00274167 -2.66497e-06 6.83131e-05
-2.66497e-06 0.00288812 -3.14408e-05
6.83131e-05 -3.14408e-05 -0.00750657

0.0054908 0.000509164 0.000886074
0.000509164 0.00468705 1.94418e-05
0.000886074 1.94418e-05 -0.013503

0.00293593 -1.32386e-05 7.0829e-06
-1.32386e-05 0.0028616 6.45799e-05
7.0829e-06 6.45799e-05 -0.00760572

0.00284188 2.43151e-05 -3.02834e-05
2.43151e-05 0.00282347 6.85687e-05
-3.02834e-05 6.85687e-05 -0.00760073

0.00476436 7.13442e-05 0.000787017
7.13442e-05 0.00500118 0.000438521
0.000787017 0.000438521 -0.0134558

0.00302155 5.76475e-05 8.66659e-05
5.76475e-05 0.00314485 9.35966e-05
8.66659e-05 9.35966e-05 -0.00847465

0.00390707 -5.5883e-05 -2.68041e-05
-5.5883e-05 0.00372412 0.00015095
-2.68041e-05 0.00015095 -0.0101184

0.00359399 -2.53596e-05 0.000207623
-2.53596e-05 0.00370204 0.000186472
0.000207623 0.000186472 -0.00953795

0.0040826 -7.60645e-05 -0.000207527
-7.60645e-05 0.00423892 -0.000273615
-0.000207527 -0.000273615 -0.0109009

0.00283348 2.23166e-05 -2.70248e-05
2.23166e-05 0.00292166 -2.5243e-05
-2.70248e-05 -2.5243e-05 -0.00751132

0.00284889 7.21752e-05 2.50947e-05
7.21752e-05 0.00280793 -0.000104451
2.50947e-05 -0.000104451 -0.00751194

0.0041627 -0.000119319 -0.000348521
-0.000119319 0.00394828 -0.00022299
-0.000348521 -0.00022299 -0.0103588

0.0041612 -0.000128882 -0.000317599
-0.000128882 0.00403124 1.75643e-05
-0.000317599 1.75643e-05 -0.0109825

0.0043522 -1.17669e-05 -0.000482891
-1.17669e-05 0.00442024 -0.000432418
-0.000482891 -0.000432418 -0.0115233

0.00292118 -2.13756e-05 0.000232405
-2.13756e-05 0.0027963 -4.21926e-05
0.000232405 -4.21926e-05 -0.00757262

0.00394318 -0.000143889 0.000212819
-0.000143889 0.00396476 0.000223959
0.000212819 0.000223959 -0.0101507

0.00403321 0.00018696 4.87028e-06
0.00018696 0.00420226 -0.000316287
4.87028e-06 -0.000316287 -0.0103536

0.00311357 -3.31415e-05 -2.61581e-05
-3.31415e-05 0.00289664 2.56937e-05
-2.61581e-05 2.56937e-05 -0.00828586

0.00465862 -5.5941e-05 0.000146917
-5.5941e-05 0.00508026 0.000629266
0.000146917 0.000629266 -0.0132903

0.00394128 -0.000153145 0.000204434
-0.000153145 0.00414187 0.00012495
0.000204434 0.00012495 -0.0101724

0.00296976 -3.25338e-05 -3.50602e-05
-3.25338e-05 0.00292116 -7.74455e-05
-3.50602e-05 -7.74455e-05 -0.00760961

0.00471857 2.42633e-05 -5.09777e-05
2.42633e-05 0.00477567 -2.37173e-05
-5.09777e-05 -2.37173e-05 -0.0133345

0.00296705 -3.81928e-05 -0.000144659
-3.81928e-05 0.00308929 -7.1247e-05
-0.000144659 -7.1247e-05 -0.00809365

0.00294289 -3.92754e-05 -5.31596e-05
-3.92754e-05 0.00308947 -5.81437e-05
-5.31596e-05 -5.81437e-05 -0.00807637

0.0043681 0.000196856 -7.22825e-05
0.000196856 0.0047195 -0.000188049
-7.22825e-05 -0.000188049 -0.0128068

0.0049378 1.49721e-05 0.000632261
1.49721e-05 0.0046908 -0.000212607
0.000632261 -0.000212607 -0.0134566

0.00456028 8.35286e-05 0.000227438
8.35286e-05 0.0046134 -9.99573e-05
0.000227438 -9.99573e-05 -0.0120015

0.00322128 -6.87137e-05 -3.8223e-05
-6.87137e-05 0.00323261 0.000128648
-3.8223e-05 0.000128648 -0.00853319

0.00304288 5.62842e-05 -4.39582e-05
5.62842e-05 0.00313927 3.47573e-05
-4.39582e-05 3.47573e-05 -0.00847053

0.00311357 -8.59618e-05 -6.46569e-05
-8.59618e-05 0.0030614 -2.86525e-06
-6.46569e-05 -2.86525e-06 -0.00841502

0.00451738 -8.14766e-05 -0.000668935
-8.14766e-05 0.00470341 -0.000321973
-0.000668935 -0.000321973 -0.0121176

0.00399034 -0.00017796 0.000130738
-0.00017796 0.00414796 0.000115393
0.000130738 0.000115393 -0.0104009

0.00397398 -0.000124682 0.000118755
-0.000124682 0.00397644 0.000152716
0.000118755 0.000152716 -0.0104083

0.00342907 6.60754e-06 -0.000183513
6.60754e-06 0.00367348 8.66881e-05
-0.000183513 8.66881e-05 -0.0091422

0.00275897 -4.10978e-05 4.3074e-05
-4.10978e-05 0.00285304 3.45417e-05
4.3074e-05 3.45417e-05 -0.00749784

0.00329167 -2.30091e-05 -3.58524e-06
-2.30091e-05 0.00309045 -6.91405e-05
-3.58524e-06 -6.91405e-05 -0.00797739

0.00485366 4.81238e-05 0.000852356
4.81238e-05 0.00479503 -0.000546206
0.000852356 -0.000546206 -0.012815

0.00460521 -5.83483e-05 0.000436921
-5.83483e-05 0.00450367 0.00078102
0.000436921 0.00078102 -0.0120383

0.00354299 0.000150305 0.000123272
0.000150305 0.00344755 -0.000190187
0.000123272 -0.000190187 -0.00866902

0.00276986 -3.48812e-05 5.66607e-05
-3.48812e-05 0.00284599 4.14086e-05
5.66607e-05 4.14086e-05 -0.00746957

0.00293366 4.83366e-06 -4.84226e-05
4.83366e-06 0.00297385 -5.74604e-05
-4.84226e-05 -5.74604e-05 -0.00807309

0.00286617 -3.4236e-05 0.000211611
-3.4236e-05 0.00280544 -1.65873e-05
0.000211611 -1.65873e-05 -0.00750405

0.00460601 -7.36428e-05 0.000439021
-7.36428e-05 0.00454374 0.000415068
0.000439021 0.000415068 -0.0124563

0.00325711 2.58444e-05 -0.000127963
2.58444e-05 0.0033635 0.000107209
-0.000127963 0.000107209 -0.00869938

0.00310611 7.49647e-05 2.50833e-05
7.49647e-05 0.00308039 0.000158348
2.50833e-05 0.000158348 -0.00846941

0.00298933 -4.96995e-05 0.000101885
-4.96995e-05 0.00298723 -0.000170527
0.000101885 -0.000170527 -0.00788972

0.00342782 1.02781e-05 3.12528e-05
1.02781e-05 0.00367304 -0.000168814
3.12528e-05 -0.000168814 -0.00944126

0.00366009 9.40351e-05 0.000266785
9.40351e-05 0.00369944 -5.57776e-05
0.000266785 -5.57776e-05 -0.00941004

0.00314725 8.14399e-06 4.46615e-05
8.14399e-06 0.00301826 2.21731e-05
4.46615e-05 2.21731e-05 -0.00843003

0.00555495 0.000271411 0.000926565
0.000271411 0.00472079 -5.35483e-05
0.000926565 -5.35483e-05 -0.0134844

0.00415943 2.85274e-05 0.000517974
2.85274e-05 0.00440695 0.000136662
0.000517974 0.000136662 -0.0109202

0.00416805 0.00015851 -0.000471025
0.00015851 0.00415472 -4.02932e-05
-0.000471025 -4.02932e-05 -0.0129255

0.00316128 0.00015633 -8.99611e-05
0.00015633 0.0031711 -8.43966e-05
-8.99611e-05 -8.43966e-05 -0.00816035

0.00299164 -6.43208e-05 8.65802e-05
-6.43208e-05 0.00290058 2.4742e-05
8.65802e-05 2.4742e-05 -0.00784198

0.00324926 0.000111965 -2.20304e-05
0.000111965 0.00351768 5.17069e-05
-2.20304e-05 5.17069e-05 -0.0086943

0.00450199 -7.64952e-05 0.00018815
-7.64952e-05 0.00454372 0.000415211
0.00018815 0.000415211 -0.0122232

0.00351377 -4.47321e-05 -4.50829e-05
-4.47321e-05 0.00323723 0.000439066
-4.50829e-05 0.000439066 -0.00885448

0.00353826 -0.00021761 0.000279659
-0.00021761 0.00418306 -1.38412e-05
0.000279659 -1.38412e-05 -0.00985213

0.0038467 -1.5146e-05 0.000411586
-1.5146e-05 0.00408331 7.58391e-05
0.000411586 7.58391e-05 -0.00979574

0.00297032 -1.27847e-05 -7.975e-05
-1.27847e-05 0.00294994 2.42148e-05
-7.975e-05 2.42148e-05 -0.00786389

0.00450411 -6.61927e-05 0.00022633
-6.61927e-05 0.00450313 0.000770932
0.00022633 0.000770932 -0.0118535

0.00409962 0.000635589 -0.000243935
0.000635589 0 -0.00119388
-0.000243935 -0.00119388 -0.0107727

0.00305837 -7.89419e-06 -4.84851e-05
-7.89419e-06 0.00305559 1.18019e-05
-4.84851e-05 1.18019e-05 -0.00837169

0.00393872 -9.1225e-05 0.000339446
-9.1225e-05 0.00414575 0.000147654
0.000339446 0.000147654 -0.0100602

0.00338145 3.27048e-05 -0.000117439
3.27048e-05 0.00365372 7.78131e-05
-0.000117439 7.78131e-05 -0.00866657

0.00311357 1.03913e-06 -5.59488e-05
1.03913e-06 0.00301826 2.40237e-05
-5.59488e-05 2.40237e-05 -0.00837533

0.00295317 7.30335e-06 -0.000115368
7.30335e-06 0.00294481 -0.000147205
-0.000115368 -0.000147205 -0.00806847

0.00353859 -0.000211945 0.000296086
-0.000211945 0.00428042 0.000256163
0.000296086 0.000256163 -0.00997846

0.00342048 -1.5848e-05 -0.00019018
-1.5848e-05 0.00370316 4.69388e-05
-0.00019018 4.69388e-05 -0.00914172

0.00298682 -4.86223e-05 7.89768e-05
-4.86223e-05 0.00298906 -0.000179159
7.89768e-05 -0.000179159 -0.00795071

0.0041766 -3.24098e-05 0.000362373
-3.24098e-05 0.00454676 -0.000192258
0.000362373 -0.000192258 -0.0115892

0.00330121 3.18525e-05 1.07598e-05
3.18525e-05 0.00294733 1.30233e-05
1.07598e-05 1.30233e-05 -0.00856008

0.00296956 4.19183e-05 -2.46337e-05
4.19183e-05 0.00288041 -3.06278e-05
-2.46337e-05 -3.06278e-05 -0.0078229

0.00482064 -0.00015283 0.000631572
-0.00015283 0.00471298 -0.000562714
0.000631572 -0.000562714 -0.0129208

0.00464711 -5.19861e-05 0.000485901
-5.19861e-05 0.00470563 -0.000313453
0.000485901 -0.000313453 -0.0133813

0.00292983 -3.37571e-05 -9.85269e-05
-3.37571e-05 0.0030943 5.60062e-05
-9.85269e-05 5.60062e-05 -0.00808914

0.00317911 -8.602e-05 -6.85702e-05
-8.602e-05 0.00299575 -3.52766e-05
-6.85702e-05 -3.52766e-05 -0.00843079

0.00328909 -0.00013978 0.000274895
-0.00013978 0.00390471 -0.000111733
0.000274895 -0.000111733 -0.00891849

0.00337595 0.00010649 -7.80833e-05
0.00010649 0.0037236 -0.000134142
-7.80833e-05 -0.000134142 -0.00934929

0.00386977 -0.00056749 0.000413889
-0.00056749 0.00525268 -0.000149395
0.000413889 -0.000149395 -0.013928

0.00338657 -1.53318e-05 -9.48679e-05
-1.53318e-05 0.00337302 0.000160382
-9.48679e-05 0.000160382 -0.00890473

0.00362503 -0.00015309 0.000198498
-0.00015309 0.00386555 -1.22839e-05
0.000198498 -1.22839e-05 -0.0097828

0.00298869 -5.94512e-05 6.36994e-05
-5.94512e-05 0.00290567 2.6157e-05
6.36994e-05 2.6157e-05 -0.00791875

0.00281988 -5.59073e-06 -8.40123e-05
-5.59073e-06 0.00289541 5.38304e-05
-8.40123e-05 5.38304e-05 -0.0077549

0.0028965 -2.98601e-05 -3.88478e-05
-2.98601e-05 0.00289594 3.26624e-05
-3.88478e-05 3.26624e-05 -0.00773486

0.00303719 -8.62432e-05 -1.64816e-05
-8.62432e-05 0.00311993 1.46582e-05
-1.64816e-05 1.46582e-05 -0.00807671

0.0046208 -9.69052e-05 0.000541681
-9.69052e-05 0.00499962 -0.000924577
0.000541681 -0.000924577 -0.0132327

0.00288803 8.54471e-06 -0.000139057
8.54471e-06 0.00310744 -9.91013e-06
-0.000139057 -9.91013e-06 -0.00790124

0.00288617 -5.90686e-05 -0.00010626
-5.90686e-05 0.00290758 0.000155296
-0.00010626 0.000155296 -0.00769746

0.00393231 -6.78994e-06 -0.000298655
-6.78994e-06 0.00413966 0.000588407
-0.000298655 0.000588407 -0.0101897

0.00333881 3.29636e-05 -0.000223965
3.29636e-05 0.00365684 -2.19871e-05
-0.000223965 -2.19871e-05 -0.00902308

0.00292952 -3.52085e-05 -9.68413e-05
-3.52085e-05 0.00308754 6.72024e-05
-9.68413e-05 6.72024e-05 -0.00794055

0.0041006 -0.000140443 0.000108725
-0.000140443 0.00375224 0.000107396
0.000108725 0.000107396 -0.0100512

0.00282304 -5.62816e-05 -0.000110434
-5.62816e-05 0.00280885 1.19767e-05
-0.000110434 1.19767e-05 -0.00752591

0.00471802 4.04483e-05 5.13301e-05
4.04483e-05 0.00458025 -6.09799e-05
5.13301e-05 -6.09799e-05 -0.0122991

0.00287611 -4.91358e-05 5.36218e-05
-4.91358e-05 0.00302756 6.2201e-05
5.36218e-05 6.2201e-05 -0.00803601

0.00287193 -4.29795e-05 -5.93651e-05
-4.29795e-05 0.00289786 0.000147842
-5.93651e-05 0.000147842 -0.00760657

0.00452493 -3.13147e-05 0.000404867
-3.13147e-05 0.00519473 0.000575277
0.000404867 0.000575277 -0.0137876

0.00395682 -4.75406e-05 -0.000317385
-4.75406e-05 0.0042594 -0.000126129
-0.000317385 -0.000126129 -0.0104393

0.00397266 -0.000206783 3.47512e-05
-0.000206783 0.00410608 0.000248125
3.47512e-05 0.000248125 -0.0103487

0.00345357 -0.000106885 9.04661e-05
-0.000106885 0.00315916 -0.000178415
9.04661e-05 -0.000178415 -0.00875275

0.00293282 -7.99577e-06 -1.36714e-05
-7.99577e-06 0.00292486 -3.98795e-05
-1.36714e-05 -3.98795e-05 -0.00768602

0.00287786 -7.19075e-05 -7.273e-06
-7.19075e-05 0.0028517 -7.98083e-06
-7.273e-06 -7.98083e-06 -0.00754101

0.00442598 9.29091e-05 -0.000163446
9.29091e-05 0.00460743 -0.000349458
-0.000163446 -0.000349458 -0.0115543

0.00400654 -0.000100856 0.000147794
-0.000100856 0.00375235 -0.000165062
0.000147794 -0.000165062 -0.00958102

0.00363264 -0.000119901 0.000214587
-0.000119901 0.0038808 9.37161e-05
0.000214587 9.37161e-05 -0.00975872

0.00274278 -8.7466e-06 -2.19161e-06
-8.7466e-06 0.00281066 -2.83653e-05
-2.19161e-06 -2.83653e-05 -0.0074169

0.00275935 -7.65554e-06 2.05009e-05
-7.65554e-06 0.00279051 -4.85493e-05
2.05009e-05 -4.85493e-05 -0.00740906

0.00292116 -1.32615e-05 -8.23273e-05
-1.32615e-05 0.00303842 2.58596e-05
-8.23273e-05 2.58596e-05 -0.00800952

0.00308317 -8.93028e-06 -0.000121512
-8.93028e-06 0.00295274 -7.57693e-05
-0.000121512 -7.57693e-05 -0.00759821

0.00326834 1.82255e-05 -5.27507e-05
1.82255e-05 0.0030948 -3.96935e-05
-5.27507e-05 -3.96935e-05 -0.00866491

0.00367996 -2.72421e-05 0.000241716
-2.72421e-05 0.00408074 4.68788e-05
0.000241716 4.68788e-05 -0.00977051

0.00329321 -3.54535e-05 -6.97205e-06
-3.54535e-05 0.00301826 -3.76336e-05
-6.97205e-06 -3.76336e-05 -0.00884636

0.00327887 -4.03354e-05 0.000232098
-4.03354e-05 0.0035498 -2.32406e-05
0.000232098 -2.32406e-05 -0.00876244

0.00293226 -2.67547e-05 6.41115e-05
-2.67547e-05 0.00289255 7.29371e-06
6.41115e-05 7.29371e-06 -0.00809344

0.00298096 -1.39843e-06 -2.32811e-05
-1.39843e-06 0.00286087 3.877e-05
-2.32811e-05 3.877e-05 -0.00778834

0.00275465 5.6208e-06 7.06429e-05
5.6208e-06 0.00282618 0.000101695
7.06429e-05 0.000101695 -0.00745858

0.00293259 5.2025e-05 -1.95554e-05
5.2025e-05 0.00317061 0.000119128
-1.95554e-05 0.000119128 -0.00763812

0.00366714 -2.79947e-05 0.000216156
-2.79947e-05 0.00408359 4.68247e-05
0.000216156 4.68247e-05 -0.00982077

0.00330121 -1.48708e-05 -3.14752e-05
-1.48708e-05 0.00299575 -2.18881e-05
-3.14752e-05 -2.18881e-05 -0.00866276

0.00281078 6.41385e-05 -3.37716e-05
6.41385e-05 0.00286219 0.000111517
-3.37716e-05 0.000111517 -0.00756842

0.0031126 -6.9001e-05 -0.00015536
-6.9001e-05 0.00336519 1.9797e-05
-0.00015536 1.9797e-05 -0.00885622

0.00401916 -0.000142818 -1.03605e-05
-0.000142818 0.00363857 -0.000240609
-1.03605e-05 -0.000240609 -0.00954863

0.00458146 5.91376e-05 0.000137516
5.91376e-05 0.00460101 0.000126815
0.000137516 0.000126815 -0.0119947

0.0036247 8.5943e-05 0.000236969
8.5943e-05 0.0038967 5.28951e-05
0.000236969 5.28951e-05 -0.00977063

0.00333922 3.56011e-05 -0.00020272
3.56011e-05 0.00367059 5.48602e-05
-0.00020272 5.48602e-05 -0.00903826

0 0 0.000993683
0 0 0.000652437
0.000993683 0.000652437 -0.0102571

0.00462347 8.21838e-05 0.000105032
8.21838e-05 0.00459825 6.06668e-05
0.000105032 6.06668e-05 -0.0124829

0.00401527 3.60505e-05 6.83234e-05
3.60505e-05 0.0035844 -0.000261601
6.83234e-05 -0.000261601 -0.00955661

0.00363727 7.22966e-05 0.000235464
7.22966e-05 0.00390245 3.42642e-05
0.000235464 3.42642e-05 -0.00981569

0.00298582 -3.22497e-05 -0.000166531
-3.22497e-05 0.00310935 -1.51378e-05
-0.000166531 -1.51378e-05 -0.00792397

0.00278462 -3.90516e-05 1.69621e-05
-3.90516e-05 0.0029241 6.04079e-05
1.69621e-05 6.04079e-05 -0.00769028

0.00480069 -5.32723e-05 0.000629075
-5.32723e-05 0.00421618 -0.000553518
0.000629075 -0.000553518 -0.0126139

0.00320022 3.99789e-05 0.00010872
3.99789e-05 0.00324262 2.70259e-05
0.00010872 2.70259e-05 -0.00847728

0 0 0.000993683
0 0 0.000652437
0.000993683 0.000652437 -0.0102571

0.00394427 -2.93229e-05 -0.000258511
-2.93229e-05 0.00425262 -0.00020387
-0.000258511 -0.00020387 -0.0107125

0.00401624 -3.56859e-05 1.52355e-05
-3.56859e-05 0.00344253 -6.31171e-05
1.52355e-05 -6.31171e-05 -0.00920194

0.00346224 -7.00299e-05 9.20106e-05
-7.00299e-05 0.00346342 1.93393e-05
9.20106e-05 1.93393e-05 -0.00898608

0.00411774 5.08304e-05 -0.000409352
5.08304e-05 0.00440664 0.000231502
-0.000409352 0.000231502 -0.0113093

0.0033197 -2.27887e-05 0.000156715
-2.27887e-05 0.0034479 -3.54876e-08
0.000156715 -3.54876e-08 -0.0089838

0.00311885 -7.45504e-05 1.41208e-05
-7.45504e-05 0.00336751 -3.00209e-05
1.41208e-05 -3.00209e-05 -0.00813757

0.00329697 -3.87164e-05 5.69579e-06
-3.87164e-05 0.0030448 -0.000161834
5.69579e-06 -0.000161834 -0.00800722

0.00456006 0.000121491 -1.91563e-05
0.000121491 0.00459849 -0.000280259
-1.91563e-05 -0.000280259 -0.0114974

0.00329484 -0.000142255 -0.000120285
-0.000142255 0.00284588 -0.000159456
-0.000120285 -0.000159456 -0.00810515

0.00330121 4.33661e-05 -5.23551e-06
4.33661e-05 0.0031679 -3.71331e-05
-5.23551e-06 -3.71331e-05 -0.00884642

0.00311618 0.000178172 -2.71372e-06
0.000178172 0.00300763 -1.87012e-05
-2.71372e-06 -1.87012e-05 -0.00797765

0.00338679 -3.87671e-05 -8.42146e-05
-3.87671e-05 0.00388071 -0.000121608
-8.42146e-05 -0.000121608 -0.00934854

0.0030861 -2.7823e-05 -0.000170933
-2.7823e-05 0.00297008 -2.32262e-05
-0.000170933 -2.32262e-05 -0.00792423

0.00452304 -0.000405146 -0.000756418
-0.000405146 0.00289283 0.000419806
-0.000756418 0.000419806 -0.0130174

0.00299865 1.69498e-05 -0.000163705
1.69498e-05 0.003057 -6.42033e-05
-0.000163705 -6.42033e-05 -0.00793824

-0.000443232 -0.00145063 -0.00433025
-0.00145063 0.0030683 -0.00110636
-0.00433025 -0.00110636 -0.0110993

0.00399306 0.000202764 -0.00118026
0.000202764 0.00314707 -5.61533e-05
-0.00118026 -5.61533e-05 -0.0134543

0.00451662 -0.000627226 -0.000816536
-0.000627226 0.00434626 -0.000471057
-0.000816536 -0.000471057 -0.0134259

0.00160241 -0.00200948 -0.00442889
-0.00200948 0.00229813 -0.0016808
-0.00442889 -0.0016808 -0.0111247

0 -1.11022e-16 -0.00553039
-1.11022e-16 0 0.000163255
-0.00553039 0.000163255 -0.0109166

-2.22045e-16 0 -0.00325008
0 0 -0.00275596
-0.00325008 -0.00275596 -0.0119063

0 0 -0.00437519
0 0 -0.00171775
-0.00437519 -0.00171775 -0.0111223

0.00501814 2.62645e-05 -0.000263078
2.62645e-05 0.0054846 -0.000253999
-0.000263078 -0.000253999 -0.0140438

0.00588935 0.000797153 -0.000777716
0.000797153 0.00509385 -8.45105e-05
-0.000777716 -8.45105e-05 -0.0141037

0.00292235 9.93306e-06 -3.86992e-05
9.93306e-06 0.00306187 -4.34719e-07
-3.86992e-05 -4.34719e-07 -0.00764795

0 0 0.000993683
0 0 0.000652437
0.000993683 0.000652437 -0.0102571

0.00400962 -0.000788429 0.00148768
-0.000788429 -1.11022e-16 0.000329562
0.00148768 0.000329562 -0.010525

0.0038636 0.000105572 -0.00093936
0.000105572 0.00367985 -4.30007e-05
-0.00093936 -4.30007e-05 -0.0114528

0.00419303 -0.00043072 -0.000728785
-0.00043072 0.00455128 -0.000403112
-0.000728785 -0.000403112 -0.0115025

0 6.93889e-17 -0.00553039
6.93889e-17 0 0.000163255
-0.00553039 0.000163255 -0.0109166

0.00155357 0.00189885 -0.00430281
0.00189885 0.00214097 0.00201964
-0.00430281 0.00201964 -0.010651

0.00527458 0.00066957 -0.00117418
0.00066957 0.00431927 0.00101165
-0.00117418 0.00101165 -0.0141191

0.00406732 -0.000146474 -0.00186316
-0.000146474 0.00382902 0.00040419
-0.00186316 0.00040419 -0.0141847

-0.000372021 0.00109954 -0.00425268
0.00109954 0.00433907 0.000490452
-0.00425268 0.000490452 -0.0105995

-2.22045e-16 0 -0.00346542
0 0 0.00338335
-0.00346542 0.00338335 -0.0125237

0 0 -0.00441013
0 0 0.00191575
-0.00441013 0.00191575 -0.0106543

-2.22045e-16 1.11022e-16 -0.00346542
1.11022e-16 0 0.00338335
-0.00346542 0.00338335 -0.0125237

0.00283083 1.92673e-05 -1.67786e-05
1.92673e-05 0.00285589 4.24883e-05
-1.67786e-05 4.24883e-05 -0.0075606

0.00285163 -1.82065e-06 -4.76316e-05
-1.82065e-06 0.00289411 0.000108466
-4.76316e-05 0.000108466 -0.00764886

0.00462881 -0.00110349 -0.00118304
-0.00110349 0.00533569 0.0015955
-0.00118304 0.0015955 -0.0140977

0.00372222 -0.000732201 -0.00111854
-0.000732201 0.00678649 0.00163901
-0.00111854 0.00163901 -0.0140992

0.00402152 -9.89995e-05 -0.000324643
-9.89995e-05 0.00371737 -0.000229421
-0.000324643 -0.000229421 -0.0115108

0.00402297 0.000316821 -0.000141536
0.000316821 0.00446973 -7.87847e-05
-0.000141536 -7.87847e-05 -0.0115243

0.00504028 0.000111949 -0.000211796
0.000111949 0.0045472 0.000473535
-0.000211796 0.000473535 -0.0128549

0.00452497 -0.000532531 0.000424609
-0.000532531 0.00488335 0.000256679
0.000424609 0.000256679 -0.0127428

0.00512008 -0.000254464 0.000519291
-0.000254464 0.00448862 0.000132584
0.000519291 0.000132584 -0.0132438

0.00537182 -0.000276509 0.000379328
-0.000276509 0.00446418 0.0002274
0.000379328 0.0002274 -0.0134245

0.0041449 -6.07818e-05 0.000968326
-6.07818e-05 0.00314561 -0.00100902
0.000968326 -0.00100902 -0.0112863

0.00537467 0.000140528 0.000745756
0.000140528 0.00456348 -0.000301388
0.000745756 -0.000301388 -0.0131732

0.00276779 -1.65131e-05 7.34657e-05
-1.65131e-05 0.00280941 5.10747e-05
7.34657e-05 5.10747e-05 -0.00741568

0.00580095 -0.000147783 0.000956981
-0.000147783 0.0046588 -0.000245415
0.000956981 -0.000245415 -0.0134652

0.00282457 -4.45992e-05 -9.39078e-05
-4.45992e-05 0.00287175 5.00118e-05
-9.39078e-05 5.00118e-05 -0.00772322

0.00492545 -5.22142e-05 0.000585626
-5.22142e-05 0.00463757 -0.000702174
0.000585626 -0.000702174 -0.0128184

0.00503248 -8.314e-05 0.000396862
-8.314e-05 0.00456702 -0.000814705
0.000396862 -0.000814705 -0.0128367

0.00335808 8.95117e-05 -0.000225346
8.95117e-05 0.00328474 0.000406413
-0.000225346 0.000406413 -0.00911953

0.00490048 -0.000105721 0.000403887
-0.000105721 0.00488134 0.000745771
0.000403887 0.000745771 -0.0128775

0.00455802 9.48843e-05 -7.36488e-06
9.48843e-05 0.00450024 0.000103491
-7.36488e-06 0.000103491 -0.0113541

0.00454563 -0.000227417 0.0004096
-0.000227417 0.0048709 0.000536191
0.0004096 0.000536191 -0.0127906

0.00431646 -0.000124634 -0.000110361
-0.000124634 0.00492964 0.00113477
-0.000110361 0.00113477 -0.012697

0.0046039 -0.000330941 0.000572941
-0.000330941 0.00447147 0.000884537
0.000572941 0.000884537 -0.0121892

0.00449048 -0.000106857 0.000491614
-0.000106857 0.00446259 0.000720824
0.000491614 0.000720824 -0.012005

0.00428148 -7.77239e-05 -0.000588277
-7.77239e-05 0.00450689 0.000388501
-0.000588277 0.000388501 -0.0115162

0.00288931 2.00724e-05 4.57516e-05
2.00724e-05 0.00295716 -0.000102194
4.57516e-05 -0.000102194 -0.00775803

-0.000438981 0.00240916 0.00181548
0.00240916 0.00525731 -0.000574334
0.00181548 -0.000574334 -0.0112122

0.00453715 -3.82462e-05 0.000250706
-3.82462e-05 0.0051267 -0.000640055
0.000250706 -0.000640055 -0.0126965

0.00512886 0.000108078 0.000498983
0.000108078 0.00470392 -0.000329057
0.000498983 -0.000329057 -0.0128491

0.00297229 -4.03334e-07 -6.13283e-05
-4.03334e-07 0.0029524 -4.16074e-05
-6.13283e-05 -4.16074e-05 -0.00773877

0.00401023 -0.000196882 4.67448e-05
-0.000196882 0.0033649 -0.000175816
4.67448e-05 -0.000175816 -0.00922927

0.00293388 5.31073e-05 -8.74775e-05
5.31073e-05 0.00290754 -8.69966e-05
-8.74775e-05 -8.69966e-05 -0.00776328

0.00433538 -0.000190731 0.00049576
-0.000190731 0.0045284 0.000582915
0.00049576 0.000582915 -0.0114906

0.00448677 -9.92083e-05 0.000483821
-9.92083e-05 0.00449095 0.000786058
0.000483821 0.000786058 -0.0119666

0.00441829 -0.000100998 -0.000794927
-0.000100998 0.00445129 0.000300763
-0.000794927 0.000300763 -0.0114577

0.00295845 2.15291e-05 -6.27532e-05
2.15291e-05 0.00290451 -1.68158e-05
-6.27532e-05 -1.68158e-05 -0.00783961

0.00336729 4.3142e-05 -9.68046e-05
4.3142e-05 0.00365984 4.60106e-05
-9.68046e-05 4.60106e-05 -0.00924978

0.00293189 7.42396e-06 -9.33372e-06
7.42396e-06 0.00297015 -1.92471e-05
-9.33372e-06 -1.92471e-05 -0.00780233

0.00413089 9.38829e-05 0.000575386
9.38829e-05 0.0044182 -0.000390402
0.000575386 -0.000390402 -0.0113395

0.00409887 0.000113245 0.000438286
0.000113245 0.00441084 -0.000246079
0.000438286 -0.000246079 -0.0110593

0.00418508 0.000107649 0.000424419
0.000107649 0.00433348 -0.000624584
0.000424419 -0.000624584 -0.0113536

0.00299094 -6.82351e-05 -0.00011543
-6.82351e-05 0.00323457 4.25055e-05
-0.00011543 4.25055e-05 -0.00830516

0.00379644 -0.000169028 -0.000826499
-0.000169028 0.00451073 -0.000333998
-0.000826499 -0.000333998 -0.013265

0.00397933 -1.26249e-05 0.000319534
-1.26249e-05 0.00458094 0.00024465
0.000319534 0.00024465 -0.0109397

0.00291658 4.96348e-05 -1.76696e-05
4.96348e-05 0.0029331 -5.98731e-05
-1.76696e-05 -5.98731e-05 -0.00775588

0.0039705 -0.00020775 6.54646e-06
-0.00020775 0.00410757 0.000246251
6.54646e-06 0.000246251 -0.0106561

0.00393815 -0.000142379 0.000162257
-0.000142379 0.00406452 0.00019529
0.000162257 0.00019529 -0.0106247

0.00431463 1.83654e-05 0.000378554
1.83654e-05 0.00413693 0.000512441
0.000378554 0.000512441 -0.0113534

0.00430931 -7.41644e-05 0.000128051
-7.41644e-05 0.00422418 0.000628332
0.000128051 0.000628332 -0.0113568

0.00417161 -7.33975e-05 0.000153966
-7.33975e-05 0.00389426 0.000304374
0.000153966 0.000304374 -0.0102857

0.00418043 -2.51015e-05 0.000157955
-2.51015e-05 0.00414742 0.000254219
0.000157955 0.000254219 -0.0107501

0.00449974 8.00278e-05 -0.000168086
8.00278e-05 0.00455217 -0.000994892
-0.000168086 -0.000994892 -0.0118332

0.0040764 -3.12672e-05 -0.000236889
-3.12672e-05 0.00449361 -0.00018956
-0.000236889 -0.00018956 -0.0110117

0.00415995 0.000128926 0.000284238
0.000128926 0.00431586 -0.000485376
0.000284238 -0.000485376 -0.0110737

0.0041017 0.000139074 0.000247794
0.000139074 0.00402531 -0.000295676
0.000247794 -0.000295676 -0.010669

0.00402259 0.000106708 3.02564e-05
0.000106708 0.00325781 -0.000183104
3.02564e-05 -0.000183104 -0.00922819

0.00292228 -1.23154e-06 -3.13921e-05
-1.23154e-06 0.00297271 -1.6807e-05
-3.13921e-05 -1.6807e-05 -0.0078049

0.00417534 0.000187512 0.000265944
0.000187512 0.0040462 -0.000276533
0.000265944 -0.000276533 -0.0106692

0.00292092 -8.03784e-06 -0.000101838
-8.03784e-06 0.00300896 7.69467e-05
-0.000101838 7.69467e-05 -0.00793843

0.00370754 -6.51177e-05 4.60837e-05
-6.51177e-05 0.00344269 0.000124506
4.60837e-05 0.000124506 -0.00910365

0.00424784 -0.000163878 -0.000117126
-0.000163878 0.00449675 0.000468613
-0.000117126 0.000468613 -0.0110056

0.00377224 -5.73785e-05 9.88804e-05
-5.73785e-05 0.00409213 0.00019887
9.88804e-05 0.00019887 -0.0101941

0.00380172 -0.000140043 0.00018576
-0.000140043 0.00430413 4.69298e-05
0.00018576 4.69298e-05 -0.0103629

0.00462797 -0.000187297 0.000147007
-0.000187297 0.0044991 0.000956584
0.000147007 0.000956584 -0.0122451

0.00469599 -2.22842e-05 9.83795e-05
-2.22842e-05 0.00467648 0.00115642
9.83795e-05 0.00115642 -0.0126634

0.00468473 4.91181e-06 0.000164934
4.91181e-06 0.00463508 0.000889978
0.000164934 0.000889978 -0.0125977

0.00372261 0.000125954 6.05098e-05
0.000125954 0.0041074 -0.000114546
6.05098e-05 -0.000114546 -0.0101953

0.00411296 -0.000184307 -4.7721e-05
-0.000184307 0.00375327 0.000215587
-4.7721e-05 0.000215587 -0.0128831

0.00418921 0.000169733 0.000177644
0.000169733 0.00406462 -0.000121551
0.000177644 -0.000121551 -0.0105078

0.00411178 0.000122813 0.000161368
0.000122813 0.00405105 -0.000138756
0.000161368 -0.000138756 -0.0105076

0.00362306 -0.000143942 0.000189225
-0.000143942 0.00405957 0.000175844
0.000189225 0.000175844 -0.00973783

0.00372227 -0.000229188 0.000236215
-0.000229188 0.00395656 7.10409e-05
0.000236215 7.10409e-05 -0.00973912

0.0029137 4.38946e-05 -2.87458e-05
4.38946e-05 0.00292779 -7.70549e-05
-2.87458e-05 -7.70549e-05 -0.00779455

0.00402648 -1.63658e-05 -7.71803e-05
-1.63658e-05 0.00372887 -0.000140031
-7.71803e-05 -0.000140031 -0.0095515

0.00455374 -0.000115181 0.000207121
-0.000115181 0.00454255 0.00085177
0.000207121 0.00085177 -0.0122748

0.00402692 -0.000120686 4.89957e-05
-0.000120686 0.00369081 0.000164537
4.89957e-05 0.000164537 -0.010045

0.00503761 0.000139133 -0.00048937
0.000139133 0.0046151 0.000105878
-0.00048937 0.000105878 -0.0132118

0.00503829 0.000180998 -0.000638541
0.000180998 0.00459529 0.000185116
-0.000638541 0.000185116 -0.013525

0.00363414 0.000133809 0.00018276
0.000133809 0.00410862 -9.76121e-05
0.00018276 -9.76121e-05 -0.00996189

0.00368406 0.000155732 0.000169852
0.000155732 0.00411741 -0.000105606
0.000169852 -0.000105606 -0.00996501

0.00363434 0.000102697 0.000165694
0.000102697 0.00375771 -0.000185852
0.000165694 -0.000185852 -0.00966099

0.00408704 5.42195e-07 0.000186609
5.42195e-07 0.00401951 -0.000278397
0.000186609 -0.000278397 -0.0104114

0.0036723 0.000210369 0.000106475
0.000210369 0.00388531 -0.000222649
0.000106475 -0.000222649 -0.00966538

0.00368958 0.000175365 0.000185686
0.000175365 0.00394918 -0.000406336
0.000185686 -0.000406336 -0.00937896

0.00416655 -3.31202e-05 0.000351319
-3.31202e-05 0.00395987 -0.000261125
0.000351319 -0.000261125 -0.0101726

0.00355449 -3.66141e-05 1.12829e-05
-3.66141e-05 0.00346366 4.19674e-05
1.12829e-05 4.19674e-05 -0.00914232

0.00349712 -0.000235042 0.000214887
-0.000235042 0.00366608 1.87248e-05
0.000214887 1.87248e-05 -0.00926945

0.00511741 5.73925e-05 0.00056064
5.73925e-05 0.00473472 9.77566e-05
0.00056064 9.77566e-05 -0.0130883

0.00297031 -7.02163e-05 -5.33453e-05
-7.02163e-05 0.00295871 6.04436e-06
-5.33453e-05 6.04436e-06 -0.00776375

0.00290598 -0.00010874 -0.00014213
-0.00010874 0.00312733 3.26298e-05
-0.00014213 3.26298e-05 -0.00805833

0.00343349 -4.61495e-05 0.000211399
-4.61495e-05 0.00392672 -6.61583e-05
0.000211399 -6.61583e-05 -0.00940457

0.00301372 -2.36878e-06 -8.64019e-05
-2.36878e-06 0.00303798 -5.64919e-05
-8.64019e-05 -5.64919e-05 -0.00774299

0.00343145 -2.5855e-06 0.000136735
-2.5855e-06 0.00367619 0.000133231
0.000136735 0.000133231 -0.00927464

0.00343709 0.000111904 0.0002129
0.000111904 0.0038949 4.9727e-05
0.0002129 4.9727e-05 -0.00940431

0.00291449 -0.000119484 -0.000115654
-0.000119484 0.00309961 5.86759e-05
-0.000115654 5.86759e-05 -0.00806165

0.00415555 -0.000158996 -0.000259836
-0.000158996 0.00432916 -0.00022735
-0.000259836 -0.00022735 -0.0109066

0.00435058 -0.000106289 0.000134643
-0.000106289 0.0040443 -0.000807886
0.000134643 -0.000807886 -0.0106656

0.00503628 0.000198701 -0.000640246
0.000198701 0.00474119 9.78821e-05
-0.000640246 9.78821e-05 -0.0134919

0.00359177 0.00012373 0.000162161
0.00012373 0.00364552 -0.000127588
0.000162161 -0.000127588 -0.00938852

0.00304105 -4.98271e-05 6.89691e-05
-4.98271e-05 0.00310577 -0.000186651
6.89691e-05 -0.000186651 -0.00819316

0.00295391 -0.000121414 8.00032e-05
-0.000121414 0.00313702 -8.25251e-05
8.00032e-05 -8.25251e-05 -0.00809422

0.00336811 -0.00015778 0.000136435
-0.00015778 0.003415 9.91361e-05
0.000136435 9.91361e-05 -0.00897974

0.00337553 7.1249e-06 9.63128e-05
7.1249e-06 0.00342036 5.77316e-05
9.63128e-05 5.77316e-05 -0.00889385

0.0029296 6.47553e-06 -8.55164e-05
6.47553e-06 0.00297807 -2.96429e-05
-8.55164e-05 -2.96429e-05 -0.00804217

0.00337176 1.872e-05 0.000131902
1.872e-05 0.00338469 -4.9865e-05
0.000131902 -4.9865e-05 -0.00889499

0.00343427 1.35881e-05 0.000199463
1.35881e-05 0.00367112 3.94428e-05
0.000199463 3.94428e-05 -0.00915037

0.00333658 1.87897e-06 0.000184186
1.87897e-06 0.00342567 -0.000122149
0.000184186 -0.000122149 -0.00884811

0.00339946 4.33356e-05 0.000200331
4.33356e-05 0.00343171 -0.000102542
0.000200331 -0.000102542 -0.00884773

0.00283042 1.02517e-05 -2.15756e-05
1.02517e-05 0.00280695 -1.02253e-05
-2.15756e-05 -1.02253e-05 -0.00749668

0.00423368 4.22553e-05 -6.96062e-05
4.22553e-05 0.00401907 -0.000290069
-6.96062e-05 -0.000290069 -0.0106145

0.00401761 -2.68805e-05 7.09499e-05
-2.68805e-05 0.00343961 -7.23729e-05
7.09499e-05 -7.23729e-05 -0.00920357

0.00331313 -2.25799e-05 -3.11955e-06
-2.25799e-05 0.00340981 -2.08342e-05
-3.11955e-06 -2.08342e-05 -0.00878099

0.00331748 -2.02267e-05 3.07419e-05
-2.02267e-05 0.00335675 -0.000122022
3.07419e-05 -0.000122022 -0.00877994

0.00502546 0.000228437 -0.00041142
0.000228437 0.00475129 0.000153685
-0.00041142 0.000153685 -0.0132257

0.00413481 5.23545e-05 -0.000541107
5.23545e-05 0.00439468 9.78112e-05
-0.000541107 9.78112e-05 -0.0115214

0.00332424 -6.18864e-05 4.23137e-05
-6.18864e-05 0.00334818 -6.94568e-05
4.23137e-05 -6.94568e-05 -0.0087923

0.00441504 -1.69354e-05 -0.000809174
-1.69354e-05 0.00449035 -0.000342651
-0.000809174 -0.000342651 -0.0117177

0.00423341 3.92274e-05 -7.76903e-05
3.92274e-05 0.00399828 -0.000430666
-7.76903e-05 -0.000430666 -0.0106636

0.00331533 5.41215e-06 1.81401e-06
5.41215e-06 0.00342518 -0.00010479
1.81401e-06 -0.00010479 -0.00879047

0.00371374 0.000190204 0.000490886
0.000190204 0.00394311 0.000328282
0.000490886 0.000328282 -0.00978981

0.00313115 5.43402e-05 -5.04363e-05
5.43402e-05 0.00299673 3.47355e-05
-5.04363e-05 3.47355e-05 -0.00829914

0.00427774 -6.10843e-05 -4.49939e-05
-6.10843e-05 0.00421695 -0.000560745
-4.49939e-05 -0.000560745 -0.0110169

0.00281402 -2.76364e-05 3.31332e-05
-2.76364e-05 0.00290943 0.000194127
3.31332e-05 0.000194127 -0.00768916

0.00338339 4.98965e-05 1.67458e-05
4.98965e-05 0.0034306 -8.575e-05
1.67458e-05 -8.575e-05 -0.00879083

0.003134 -1.44965e-05 3.53811e-05
-1.44965e-05 0.00322841 -0.000175952
3.53811e-05 -0.000175952 -0.00844723

0.00334624 4.71744e-05 0.000100472
4.71744e-05 0.00327845 -0.000138455
0.000100472 -0.000138455 -0.00862708

0.0032707 -2.21977e-05 8.54217e-05
-2.21977e-05 0.00322619 -0.000158878
8.54217e-05 -0.000158878 -0.00862627

0.00337207 1.03679e-05 5.91922e-05
1.03679e-05 0.00333087 -7.69357e-05
5.91922e-05 -7.69357e-05 -0.00875609

0.00326655 -1.23629e-05 0.000115605
-1.23629e-05 0.00311169 -0.000160148
0.000115605 -0.000160148 -0.00845043

0.0033702 2.99245e-05 6.62154e-05
2.99245e-05 0.00312793 -0.000169638
6.62154e-05 -0.000169638 -0.00853981

0.00441541 -8.85649e-06 -0.000680856
-8.85649e-06 0.00455536 0.000232114
-0.000680856 0.000232114 -0.0117744

0.00469377 9.83217e-05 -3.18524e-05
9.83217e-05 0.00449016 0.00011064
-3.18524e-05 0.00011064 -0.0113556

0.00315572 3.09673e-05 -4.49346e-05
3.09673e-05 0.00323677 -5.31241e-05
-4.49346e-05 -5.31241e-05 -0.00855989

0.00321805 2.05432e-05 -5.18651e-05
2.05432e-05 0.00323756 -5.15007e-05
-5.18651e-05 -5.15007e-05 -0.00855935

0.00312597 -3.05304e-07 0.000103992
-3.05304e-07 0.00300765 -0.0001024
0.000103992 -0.0001024 -0.0082144

0.00313396 1.66935e-05 0.000119813
1.66935e-05 0.00302766 -4.51341e-05
0.000119813 -4.51341e-05 -0.00821769

0.00297242 -2.93568e-06 -0.000154059
-2.93568e-06 0.0028671 8.87718e-05
-0.000154059 8.87718e-05 -0.00779903

0.00310424 9.20399e-06 -2.37794e-05
9.20399e-06 0.00320971 -0.000124071
-2.37794e-05 -0.000124071 -0.00843219

0.00320269 3.8858e-05 9.0454e-05
3.8858e-05 0.00309248 -0.000154508
9.0454e-05 -0.000154508 -0.00845254

0.00298056 -3.32188e-05 -8.55785e-05
-3.32188e-05 0.00318133 -3.17497e-05
-8.55785e-05 -3.17497e-05 -0.00830377

0.00309408 -1.51822e-05 -7.09965e-06
-1.51822e-05 0.003036 5.85489e-05
-7.09965e-06 5.85489e-05 -0.00823714

0.00481388 4.64605e-05 0.000621759
4.64605e-05 0.00479364 -0.000616985
0.000621759 -0.000616985 -0.0126103

0.00319737 0.000157938 -5.80135e-05
0.000157938 0.00331756 8.11244e-05
-5.80135e-05 8.11244e-05 -0.0085941

0.00281248 -4.00829e-05 1.63477e-05
-4.00829e-05 0.00290932 0.000229294
1.63477e-05 0.000229294 -0.00758167

0.00305277 5.30956e-05 6.28687e-05
5.30956e-05 0.00291449 -8.22845e-05
6.28687e-05 -8.22845e-05 -0.00794521

0.00306933 2.00024e-06 0.000131159
2.00024e-06 0.00301189 -0.000121842
0.000131159 -0.000121842 -0.00814993

0.00297211 -1.12172e-07 -0.000146005
-1.12172e-07 0.00284601 4.62262e-05
-0.000146005 4.62262e-05 -0.00779546

0.00288569 -6.05897e-05 -0.000120463
-6.05897e-05 0.00281696 6.34232e-07
-0.000120463 6.34232e-07 -0.00749962

0.00308489 3.04064e-05 0.000149213
3.04064e-05 0.00302392 -5.60572e-05
0.000149213 -5.60572e-05 -0.00815603

0.0030533 -0.000107506 7.13286e-05
-0.000107506 0.00304092 -6.68127e-05
7.13286e-05 -6.68127e-05 -0.00815228

0.00297628 -8.09251e-05 0.000151539
-8.09251e-05 0.00303266 -0.00010822
0.000151539 -0.00010822 -0.00803028

0.00307473 -5.19468e-05 6.56658e-05
-5.19468e-05 0.00304315 -0.000108373
6.56658e-05 -0.000108373 -0.00815589

0.00299702 -2.77637e-05 6.08131e-05
-2.77637e-05 0.00304821 -0.000139369
6.08131e-05 -0.000139369 -0.0080722

0.00296146 -2.72824e-05 2.65043e-05
-2.72824e-05 0.00320163 8.47329e-05
2.65043e-05 8.47329e-05 -0.00801591

0.00298647 -2.56645e-05 -4.36889e-05
-2.56645e-05 0.00314898 -4.31797e-05
-4.36889e-05 -4.31797e-05 -0.00810751

0.00334958 -5.07835e-05 8.76581e-05
-5.07835e-05 0.00323723 0.000439066
8.76581e-05 0.000439066 -0.00885448

0.00279115 2.67515e-06 4.78662e-05
2.67515e-06 0.00294238 0.000160654
4.78662e-05 0.000160654 -0.00758994

0.00467785 0.000126165 -0.000531272
0.000126165 0.00450696 -0.000580699
-0.000531272 -0.000580699 -0.0133838

0.00289157 -7.67509e-05 -0.000133668
-7.67509e-05 0.00280215 8.02298e-05
-0.000133668 8.02298e-05 -0.00750159

0.00471719 -6.03695e-05 -6.95017e-05
-6.03695e-05 0.00419758 -0.000323949
-6.95017e-05 -0.000323949 -0.0129762

0.00275948 -1.30246e-05 6.59318e-05
-1.30246e-05 0.00280802 5.42281e-05
6.59318e-05 5.42281e-05 -0.00742252

0.00472271 -0.000185808 -0.000114737
-0.000185808 0.00446128 -0.000239539
-0.000114737 -0.000239539 -0.0129497

0.00467672 0.000147171 -0.000523067
0.000147171 0.00498897 -0.000383748
-0.000523067 -0.000383748 -0.0133034

0.00296629 -4.01556e-05 0.000155084
-4.01556e-05 0.00288459 -6.35091e-05
0.000155084 -6.35091e-05 -0.00783964

0.00280108 -3.67098e-06 9.37829e-05
-3.67098e-06 0.0029245 0.000247168
9.37829e-05 0.000247168 -0.00757272

0.00278762 1.32837e-05 2.15411e-05
1.32837e-05 0.00291572 0.000194536
2.15411e-05 0.000194536 -0.00739684

0.0027886 2.21482e-06 1.50481e-05
2.21482e-06 0.00288299 0.000153189
1.50481e-05 0.000153189 -0.00743719

0.00300346 -1.01896e-05 0.000149479
-1.01896e-05 0.00301998 -0.000140568
0.000149479 -0.000140568 -0.00803383

0.00292565 -7.14356e-05 8.19982e-05
-7.14356e-05 0.0029881 -0.000130811
8.19982e-05 -0.000130811 -0.00788186

0.00294003 -0.000109884 -2.16204e-05
-0.000109884 0.00304534 -8.32391e-05
-2.16204e-05 -8.32391e-05 -0.00812211

0.00292309 -6.62343e-05 -1.47793e-05
-6.62343e-05 0.00295683 -1.16555e-05
-1.47793e-05 -1.16555e-05 -0.00779286

0.00291635 -8.5768e-05 9.27653e-05
-8.5768e-05 0.00297678 -0.000125049
9.27653e-05 -0.000125049 -0.00788343

0.00286714 1.50716e-05 8.34435e-05
1.50716e-05 0.0029378 0.000104832
8.34435e-05 0.000104832 -0.00770438

0.0028788 1.98147e-05 0.000149249
1.98147e-05 0.00287869 -2.91395e-05
0.000149249 -2.91395e-05 -0.00770398

0.00286138 2.8893e-05 0.000116632
2.8893e-05 0.0029148 -5.98302e-05
0.000116632 -5.98302e-05 -0.00770936

0.00282881 3.41648e-05 9.23321e-05
3.41648e-05 0.00293255 0.000117345
9.23321e-05 0.000117345 -0.0076392

0.00289554 3.33639e-05 0.00013553
3.33639e-05 0.00290201 8.5401e-05
0.00013553 8.5401e-05 -0.00764356

0.00290849 -5.16807e-05 0.000196769
-5.16807e-05 0.00289326 -9.01407e-05
0.000196769 -9.01407e-05 -0.00774704

0.00290762 -3.82951e-05 0.000122135
-3.82951e-05 0.00288699 -9.01081e-05
0.000122135 -9.01081e-05 -0.00754628

0.00291686 -3.3815e-05 0.000235913
-3.3815e-05 0.00284916 -0.000134081
0.000235913 -0.000134081 -0.00776635

0.00292795 -3.13782e-05 0.000283458
-3.13782e-05 0.00284739 -0.000124722
0.000283458 -0.000124722 -0.00756306

0.00290485 -6.72987e-05 0.000236303
-6.72987e-05 0.00288965 -0.000115349
0.000236303 -0.000115349 -0.00776403

0.00288396 -3.81173e-05 7.77724e-05
-3.81173e-05 0.00292491 -3.90663e-05
7.77724e-05 -3.90663e-05 -0.0076664

0.00290489 -3.39981e-05 5.38928e-05
-3.39981e-05 0.00292418 -4.97705e-05
5.38928e-05 -4.97705e-05 -0.00766258

0.00405129 -4.14299e-05 0.000523195
-4.14299e-05 0.00440507 0.000220663
0.000523195 0.000220663 -0.0107706

0.00283302 7.88175e-05 0.000136461
7.88175e-05 0.00288223 0.000157166
0.000136461 0.000157166 -0.00757745

0.00279422 2.66286e-05 9.11496e-05
2.66286e-05 0.00289028 0.000224328
9.11496e-05 0.000224328 -0.007593

0.00282628 4.60562e-06 5.91702e-05
4.60562e-06 0.00288376 0.000277821
5.91702e-05 0.000277821 -0.00760701

0.00289378 2.24238e-05 0.000205123
2.24238e-05 0.00287909 -1.97155e-05
0.000205123 -1.97155e-05 -0.00749722

0.0028697 2.52981e-05 0.000120291
2.52981e-05 0.00288504 3.0185e-05
0.000120291 3.0185e-05 -0.0075446

0.00287427 7.63482e-05 9.06527e-05
7.63482e-05 0.00296975 9.83747e-05
9.06527e-05 9.83747e-05 -0.00779439

0.00293361 9.28942e-06 0.000235274
9.28942e-06 0.00281568 7.75127e-06
0.000235274 7.75127e-06 -0.00765232

0.00292389 -3.12996e-05 0.000195478
-3.12996e-05 0.00280084 -3.19454e-05
0.000195478 -3.19454e-05 -0.00763428

0.00290667 -4.00218e-05 0.000190439
-4.00218e-05 0.00286297 -7.91703e-05
0.000190439 -7.91703e-05 -0.00760577

0.00291516 -6.75318e-05 0.000281921
-6.75318e-05 0.00288463 -0.000116925
0.000281921 -0.000116925 -0.00756218

0.0028329 -2.88203e-05 0.000204089
-2.88203e-05 0.0028958 -6.61927e-05
0.000204089 -6.61927e-05 -0.00756238

0.00285069 -1.41927e-05 4.18412e-05
-1.41927e-05 0.00294825 -5.86923e-05
4.18412e-05 -5.86923e-05 -0.00770728

0.00285539 -6.90568e-06 6.24408e-05
-6.90568e-06 0.00291899 -3.6804e-05
6.24408e-05 -3.6804e-05 -0.00761945

0.00281559 -3.16715e-05 9.92263e-05
-3.16715e-05 0.00287723 -0.000116481
9.92263e-05 -0.000116481 -0.00754461

0.00285445 -2.73054e-05 7.03029e-05
-2.73054e-05 0.00286088 -0.000103199
7.03029e-05 -0.000103199 -0.00753932

0.002921 3.64164e-05 0.000167398
3.64164e-05 0.00285034 0.000119037
0.000167398 0.000119037 -0.00769762

0.00290784 5.14999e-05 0.000194235
5.14999e-05 0.00283547 7.69805e-05
0.000194235 7.69805e-05 -0.00769964

0.00282955 9.26482e-06 0.000195884
9.26482e-06 0.00282147 3.32906e-05
0.000195884 3.32906e-05 -0.00755444

0.0028306 5.84584e-05 0.000184731
5.84584e-05 0.00285414 0.000143233
0.000184731 0.000143233 -0.00761284

0.0029263 7.2192e-05 0.000121056
7.2192e-05 0.00295053 7.59321e-05
0.000121056 7.59321e-05 -0.00779711

0.00286667 2.02599e-05 8.99489e-05
2.02599e-05 0.00288445 1.49807e-05
8.99489e-05 1.49807e-05 -0.00768888

0.0028587 -2.9024e-05 0.000244524
-2.9024e-05 0.0028034 -5.50852e-05
0.000244524 -5.50852e-05 -0.00749712

0.00290883 -2.69531e-05 0.000253678
-2.69531e-05 0.00283083 -3.17027e-05
0.000253678 -3.17027e-05 -0.00760924

0.0027916 -6.4612e-06 4.17162e-05
-6.4612e-06 0.00289411 0.000149394
4.17162e-05 0.000149394 -0.00758519

0.00286235 -4.83011e-05 0.000128106
-4.83011e-05 0.00290858 -2.11063e-05
0.000128106 -2.11063e-05 -0.0076043

0.00286748 -5.45369e-05 8.05093e-05
-5.45369e-05 0.00284078 -0.000150219
8.05093e-05 -0.000150219 -0.00762626

0.0028499 1.74131e-05 0.000146248
1.74131e-05 0.00288421 0.000225256
0.000146248 0.000225256 -0.00763194

0.00283563 -1.84697e-06 0.000109734
-1.84697e-06 0.00290463 0.000242033
0.000109734 0.000242033 -0.00763134

0.00288406 5.24392e-05 0.000203486
5.24392e-05 0.00289263 8.56515e-05
0.000203486 8.56515e-05 -0.00780175

0.00299099 -5.82774e-05 0.000182952
-5.82774e-05 0.00299371 0.000103155
0.000182952 0.000103155 -0.00779884

0.00298287 2.77952e-05 0.000164306
2.77952e-05 0.00290748 6.22405e-05
0.000164306 6.22405e-05 -0.00784664

0.00311665 2.71754e-05 6.00978e-05
2.71754e-05 0.00307567 -7.63959e-05
6.00978e-05 -7.63959e-05 -0.00836177

0.00455073 0.000103604 0.000310833
0.000103604 0.00443621 -0.00043372
0.000310833 -0.00043372 -0.0120779

0.00292226 1.42921e-05 0.00010668
1.42921e-05 0.00306067 0.000158099
0.00010668 0.000158099 -0.00782131

0.00290828 4.81414e-05 -8.61119e-05
4.81414e-05 0.00298017 -0.000161724
-8.61119e-05 -0.000161724 -0.00777553

0.00285776 -1.43453e-05 0.000130865
-1.43453e-05 0.00282772 3.83523e-08
0.000130865 3.83523e-08 -0.00756434

0.002923 3.18264e-05 -0.000111982
3.18264e-05 0.00290656 -0.000130162
-0.000111982 -0.000130162 -0.00773017

0.00299393 5.88076e-05 8.28564e-05
5.88076e-05 0.00286317 -1.76896e-06
8.28564e-05 -1.76896e-06 -0.0076968

0.00423354 -9.7716e-06 0.000264968
-9.7716e-06 0.00440948 0.000151107
0.000264968 0.000151107 -0.010968

0.00299719 -2.74315e-05 6.22916e-05
-2.74315e-05 0.00292512 1.38747e-05
6.22916e-05 1.38747e-05 -0.00783843

0.00280074 -5.50334e-06 8.80942e-05
-5.50334e-06 0.00291956 0.000212098
8.80942e-05 0.000212098 -0.00766128

0.00354894 -2.07685e-05 0.000106331
-2.07685e-05 0.00356275 -3.3833e-06
0.000106331 -3.3833e-06 -0.00863955

0.00444069 9.66204e-05 0.000522989
9.66204e-05 0.00459898 -0.000321697
0.000522989 -0.000321697 -0.0123731

0.00336602 0.000132817 0.000198243
0.000132817 0.00357216 -4.32733e-05
0.000198243 -4.32733e-05 -0.0085865

0.00296561 -6.12339e-05 6.00201e-05
-6.12339e-05 0.00291618 2.63296e-05
6.00201e-05 2.63296e-05 -0.00811119

0.00290011 0.000127899 -7.75734e-05
0.000127899 0.00294652 -0.000103619
-7.75734e-05 -0.000103619 -0.00775759

0.00298863 4.04697e-05 0.000146295
4.04697e-05 0.00292276 6.6292e-05
0.000146295 6.6292e-05 -0.00794164

0.0034026 6.38279e-05 -7.16916e-05
6.38279e-05 0.00363534 0.00024281
-7.16916e-05 0.00024281 -0.00931519

0.00312451 -4.37667e-05 6.00954e-05
-4.37667e-05 0.002917 1.12791e-05
6.00954e-05 1.12791e-05 -0.00831705

0.00311775 -2.23636e-05 4.1047e-05
-2.23636e-05 0.0028971 2.41374e-05
4.1047e-05 2.41374e-05 -0.00832368

0.00318123 1.43502e-05 6.16216e-06
1.43502e-05 0.00303288 6.84364e-05
6.16216e-06 6.84364e-05 -0.00816577

0.0032112 -1.66407e-05 9.39865e-05
-1.66407e-05 0.00305157 -8.30232e-05
9.39865e-05 -8.30232e-05 -0.0081839

0.00298578 -2.56804e-05 3.13746e-05
-2.56804e-05 0.00292852 1.37108e-05
3.13746e-05 1.37108e-05 -0.00791565

0.00430966 -7.24714e-05 -6.49543e-05
-7.24714e-05 0.00443313 0.000523787
-6.49543e-05 0.000523787 -0.0108481

0.00295082 -2.03251e-05 6.87329e-05
-2.03251e-05 0.00307398 0.000142459
6.87329e-05 0.000142459 -0.00804759

0.00291451 -8.48267e-07 7.89842e-05
-8.48267e-07 0.00307156 0.000141108
7.89842e-05 0.000141108 -0.00804834

0.00338679 0.000231918 0.000123271
0.000231918 0.00314264 3.73467e-05
0.000123271 3.73467e-05 -0.00868138

0.00337036 0.000179224 0.000178932
0.000179224 0.00327236 8.73821e-05
0.000178932 8.73821e-05 -0.00881469

0.00300399 8.74772e-05 -1.89743e-05
8.74772e-05 0.00327076 7.05313e-05
-1.89743e-05 7.05313e-05 -0.0084178

0.00303385 9.84508e-05 -2.79257e-05
9.84508e-05 0.00326979 7.07316e-05
-2.79257e-05 7.07316e-05 -0.00841755

0.00338883 0.000197385 0.000172594
0.000197385 0.00321757 9.37203e-05
0.000172594 9.37203e-05 -0.00881469

0.00335738 9.31092e-05 4.65846e-05
9.31092e-05 0.00306025 3.25336e-05
4.65846e-05 3.25336e-05 -0.00867624

0.0034609 2.3168e-05 4.00831e-05
2.3168e-05 0.00317169 -1.7641e-05
4.00831e-05 -1.7641e-05 -0.00887896

0.0034609 -1.00577e-05 4.00831e-05
-1.00577e-05 0.0031617 5.56266e-05
4.00831e-05 5.56266e-05 -0.00887896

0.00336084 -9.21018e-05 5.06748e-05
-9.21018e-05 0.00307886 4.71593e-06
5.06748e-05 4.71593e-06 -0.00868117

0.0033818 -0.000171746 5.00065e-05
-0.000171746 0.00309851 -1.69578e-06
5.00065e-05 -1.69578e-06 -0.00868143

0.00304488 -1.91077e-05 6.33053e-05
-1.91077e-05 0.00300256 -0.00017595
6.33053e-05 -0.00017595 -0.00802951

0.00297051 -4.62984e-05 6.02143e-05
-4.62984e-05 0.00299314 -0.000177366
6.02143e-05 -0.000177366 -0.00802948

0.0030978 -0.000100893 -1.25102e-05
-0.000100893 0.00312764 -2.44144e-05
-1.25102e-05 -2.44144e-05 -0.0084908

0.00312807 -4.94428e-05 -1.25719e-05
-4.94428e-05 0.0032012 -2.57632e-05
-1.25719e-05 -2.57632e-05 -0.00849091

0.0034229 -0.000135802 8.99848e-05
-0.000135802 0.00322816 -4.3059e-05
8.99848e-05 -4.3059e-05 -0.00881929

0.00336895 -0.000135982 9.67718e-05
-0.000135982 0.00328175 -3.6272e-05
9.67718e-05 -3.6272e-05 -0.00881929

0.00335248 9.79094e-05 0.000116767
9.79094e-05 0.00305559 -2.93731e-05
0.000116767 -2.93731e-05 -0.0086787

0.00335905 -8.42697e-05 4.30882e-05
-8.42697e-05 0.0030614 1.07807e-05
4.30882e-05 1.07807e-05 -0.0086696

0.00172192 0.00198102 0.00463851
0.00198102 0.00215496 -0.00154582
0.00463851 -0.00154582 -0.0109339

-0.000470497 0.00148489 0.00418259
0.00148489 0.00407848 -0.000737125
0.00418259 -0.000737125 -0.0108789

0.00487032 0.000763723 0.000675419
0.000763723 0.00432953 -0.000916024
0.000675419 -0.000916024 -0.0138981

0.00424707 6.11439e-05 0.00172432
6.11439e-05 0.0036801 -0.000217024
0.00172432 -0.000217024 -0.0140244

0.00579982 0.000190737 0.00167969
0.000190737 0.00277296 0.00050377
0.00167969 0.00050377 -0.0153348

0.00569746 2.98764e-05 0.00142759
2.98764e-05 0.00373788 -0.000797786
0.00142759 -0.000797786 -0.0152826

0.00344455 -0.000705474 0.000579759
-0.000705474 0.00341671 -7.56869e-05
0.000579759 -7.56869e-05 -0.0113065

0.00442274 0.000306662 0.000844869
0.000306662 0.00443654 0.000159694
0.000844869 0.000159694 -0.0112899

-2.22045e-16 1.11022e-16 0.00309601
1.11022e-16 0 -0.00322387
0.00309601 -0.00322387 -0.0123627

0.00458504 -0.000674435 2.7534e-05
-0.000674435 0.00587081 9.23493e-05
2.7534e-05 9.23493e-05 -0.0134523

0.0032941 -6.24702e-05 -0.000172372
-6.24702e-05 0.00559575 0.000231678
-0.000172372 0.000231678 -0.0133512

0 1.11022e-16 0.00309601
1.11022e-16 2.22045e-16 -0.00322387
0.00309601 -0.00322387 -0.0123627

0.00522287 -0.000372388 0.000198121
-0.000372388 0.00473331 0.000357105
0.000198121 0.000357105 -0.0134331

0.00429277 -0.00206197 0.000823576
-0.00206197 0.00554802 -0.000773938
0.000823576 -0.000773938 -0.0137345

0.00326839 -0.00151262 0.00108646
-0.00151262 0.00734139 -0.000521701
0.00108646 -0.000521701 -0.0137279

0 9.71445e-17 0.00553214
9.71445e-17 0 -8.10242e-05
0.00553214 -8.10242e-05 -0.00986138

0 0 0.00429056
0 0 -0.00184463
0.00429056 -0.00184463 -0.0109212

0.00453585 0.000301554 6.62716e-06
0.000301554 0.00411871 0.000799416
6.62716e-06 0.000799416 -0.0120945

0.00403074 5.33155e-05 -0.000250317
5.33155e-05 0.00491841 0.000390268
-0.000250317 0.000390268 -0.0121384

0.00491838 -0.000211051 -0.000383924
-0.000211051 0.00502641 0.000604774
-0.000383924 0.000604774 -0.0131777

0.00286471 8.10757e-05 -7.60754e-05
8.10757e-05 0.00288576 -0.000113138
-7.60754e-05 -0.000113138 -0.00764452

0.00471048 0.000144837 -0.000646763
0.000144837 0.00480278 0.000291247
-0.000646763 0.000291247 -0.0131099

0.00472513 9.37563e-05 -0.000577252
9.37563e-05 0.00478516 -0.000213792
-0.000577252 -0.000213792 -0.0131322

0.00471871 0.00014331 -0.00103069
0.00014331 0.00480304 0.000343494
-0.00103069 0.000343494 -0.0125055

0.00444917 4.37351e-05 -0.000789963
4.37351e-05 0.00490289 0.000703107
-0.000789963 0.000703107 -0.0125226

0.00294052 8.77444e-05 -0.00010202
8.77444e-05 0.00298567 -7.61219e-05
-0.00010202 -7.61219e-05 -0.00775662

0.00291798 5.01894e-05 -8.3615e-05
5.01894e-05 0.00293633 -4.78252e-05
-8.3615e-05 -4.78252e-05 -0.00777755

0.00296428 -3.47779e-05 4.04518e-05
-3.47779e-05 0.00289628 3.03713e-05
4.04518e-05 3.03713e-05 -0.00810605

0.00459682 -0.000119124 0.000126262
-0.000119124 0.00492021 0.00125132
0.000126262 0.00125132 -0.0127883

0.00481791 0.000188049 -0.000355947
0.000188049 0.00445122 0.00075539
-0.000355947 0.00075539 -0.0122551

0.00280451 -6.88571e-06 2.31108e-05
-6.88571e-06 0.00289882 3.18646e-05
2.31108e-05 3.18646e-05 -0.00757222

0.00294648 -3.36704e-06 -5.25397e-05
-3.36704e-06 0.00297739 9.59665e-08
-5.25397e-05 9.59665e-08 -0.00788921

0.00287136 1.36866e-05 0.00019799
1.36866e-05 0.0027907 4.2067e-05
0.00019799 4.2067e-05 -0.00753665

0.00288043 2.96356e-06 0.000199059
2.96356e-06 0.00278214 2.37379e-05
0.000199059 2.37379e-05 -0.00755023

0.00439946 -5.91736e-06 -0.000795982
-5.91736e-06 0.00455486 0.000248586
-0.000795982 0.000248586 -0.0120833

0.00439731 -1.78518e-05 -0.000925649
-1.78518e-05 0.0044909 -0.000332179
-0.000925649 -0.000332179 -0.0120315

0.00316534 0.000223926 -0.000131315
0.000223926 0.00326025 -2.12362e-05
-0.000131315 -2.12362e-05 -0.00824879

0.00280978 -3.38076e-05 2.93265e-05
-3.38076e-05 0.0029034 0.000216072
2.93265e-05 0.000216072 -0.00761266

0.00283546 1.08014e-05 0.000184297
1.08014e-05 0.00280839 1.45492e-05
0.000184297 1.45492e-05 -0.00755006

0.00412307 6.93367e-05 -0.000435062
6.93367e-05 0.00438732 0.000114045
-0.000435062 0.000114045 -0.0108064

0.00281216 -2.63128e-05 3.36927e-05
-2.63128e-05 0.00291038 0.000193176
3.36927e-05 0.000193176 -0.00768535

0.00280283 -4.99017e-06 8.55249e-05
-4.99017e-06 0.00291944 0.000209511
8.55249e-05 0.000209511 -0.0076589

0.00449261 1.02215e-06 -0.000470597
1.02215e-06 0.00427909 0.000590092
-0.000470597 0.000590092 -0.011581

0.00444632 9.74731e-05 -0.000404091
9.74731e-05 0.00410057 0.000345083
-0.000404091 0.000345083 -0.0111714

0.00280261 -5.87467e-06 9.07464e-05
-5.87467e-06 0.00291589 0.000230932
9.07464e-05 0.000230932 -0.00760642

0.0029178 -4.5433e-05 3.68376e-05
-4.5433e-05 0.00302293 7.43842e-05
3.68376e-05 7.43842e-05 -0.00804817

0.00444732 0.000118141 -8.9003e-05
0.000118141 0.00434135 0.000126341
-8.9003e-05 0.000126341 -0.0112398

0.00411982 4.7387e-05 -0.000474542
4.7387e-05 0.0043545 3.31786e-05
-0.000474542 3.31786e-05 -0.010987

0.00427782 5.53348e-05 -0.000695738
5.53348e-05 0.00446611 -0.000358279
-0.000695738 -0.000358279 -0.0116707

0.00284365 -8.41661e-06 0.000179774
-8.41661e-06 0.00285295 2.589e-05
0.000179774 2.589e-05 -0.00754859

0.00416776 -2.85075e-05 -0.000516989
-2.85075e-05 0.00449319 -0.000167322
-0.000516989 -0.000167322 -0.011928

0.0034584 0.000125022 3.58554e-05
0.000125022 0.00324343 -4.12309e-05
3.58554e-05 -4.12309e-05 -0.00853733

0.00370014 -7.39756e-05 7.918e-05
-7.39756e-05 0.00339611 -0.000123291
7.918e-05 -0.000123291 -0.0087229

0.00289532 -6.86228e-05 8.81771e-06
-6.86228e-05 0.00289725 6.6831e-05
8.81771e-06 6.6831e-05 -0.00778911

0.00289506 -9.01797e-05 4.71373e-05
-9.01797e-05 0.00298777 5.58543e-05
4.71373e-05 5.58543e-05 -0.00802438

0.00297162 -5.70412e-05 4.2535e-05
-5.70412e-05 0.00301771 7.90078e-05
4.2535e-05 7.90078e-05 -0.008052

0.00292624 -3.22512e-05 7.29825e-05
-3.22512e-05 0.00293981 0.00014535
7.29825e-05 0.00014535 -0.00769689

0.00418029 -2.13958e-05 0.000123052
-2.13958e-05 0.00414535 0.000262332
0.000123052 0.000262332 -0.0107186

0.00467097 8.23055e-05 0.000489191
8.23055e-05 0.00478597 7.889e-05
0.000489191 7.889e-05 -0.013001

0.00291996 -3.63805e-05 2.42003e-05
-3.63805e-05 0.0030284 4.21944e-05
2.42003e-05 4.21944e-05 -0.0080203

0.00314249 -7.9709e-05 -0.000112156
-7.9709e-05 0.00317477 -0.000158904
-0.000112156 -0.000158904 -0.00803419

0.00366847 -0.000100567 0.00019712
-0.000100567 0.00377091 0.000246969
0.00019712 0.000246969 -0.00971171

0.00333935 -0.000112427 -0.000149857
-0.000112427 0.00333731 0.000151441
-0.000149857 0.000151441 -0.00867561

0.00352515 3.73828e-05 -0.00012992
3.73828e-05 0.00396628 -9.214e-06
-0.00012992 -9.214e-06 -0.00967858

0.00349708 -4.52597e-05 -0.000119364
-4.52597e-05 0.00394134 3.89515e-05
-0.000119364 3.89515e-05 -0.00968121

0.00318047 -0.000178525 0.000163838
-0.000178525 0.00297976 -6.54859e-05
0.000163838 -6.54859e-05 -0.00772088

0.00290432 -2.74555e-05 -2.14847e-06
-2.74555e-05 0.00303426 6.90362e-05
-2.14847e-06 6.90362e-05 -0.008052

0.00291476 -1.94773e-05 -2.71374e-06
-1.94773e-05 0.00295892 6.38593e-05
-2.71374e-06 6.38593e-05 -0.00779322

0.00295362 -2.40414e-05 3.92843e-05
-2.40414e-05 0.002959 6.29058e-05
3.92843e-05 6.29058e-05 -0.00778262

0.00290727 -5.70754e-05 8.26561e-05
-5.70754e-05 0.00293594 0.000104199
8.26561e-05 0.000104199 -0.00760062

0.00446463 3.05301e-05 -0.00030281
3.05301e-05 0.0041534 2.55464e-05
-0.00030281 2.55464e-05 -0.0108153

0.00368856 -0.000138565 0.000263756
-0.000138565 0.0037057 8.98982e-05
0.000263756 8.98982e-05 -0.00949771

0.00284257 -5.17822e-05 -0.000139215
-5.17822e-05 0.00283082 -1.94393e-06
-0.000139215 -1.94393e-06 -0.00772118

0.00408733 -8.00081e-05 -0.000231507
-8.00081e-05 0.00416227 7.7299e-05
-0.000231507 7.7299e-05 -0.010229

0.00369953 -5.75435e-05 2.2457e-05
-5.75435e-05 0.00350751 -0.000246485
2.2457e-05 -0.000246485 -0.00907646

0.00493191 1.45388e-05 0.000601584
1.45388e-05 0.0046048 -0.00025016
0.000601584 -0.00025016 -0.0132681

0.0039263 -1.74254e-05 -5.71312e-05
-1.74254e-05 0.00413715 0.000244474
-5.71312e-05 0.000244474 -0.0101735

0.00391186 9.29976e-05 -0.000108507
9.29976e-05 0.00371127 6.11066e-05
-0.000108507 6.11066e-05 -0.00956314

0.00321029 -0.000129964 -7.91431e-05
-0.000129964 0.00310667 -2.77891e-05
-7.91431e-05 -2.77891e-05 -0.00846923

0.00298328 2.01064e-05 -8.73625e-05
2.01064e-05 0.0028761 1.47171e-05
-8.73625e-05 1.47171e-05 -0.00773791

0.00517738 -0.000274087 0.000366976
-0.000274087 0.00481795 -0.000796771
0.000366976 -0.000796771 -0.0134857

0.00114898 -0.00105158 -0.00040555
-0.00105158 0.00499196 -0.000640166
-0.00040555 -0.000640166 -0.0129566

0.00476308 -0.000127881 0.000478127
-0.000127881 0.00466166 -0.000838605
0.000478127 -0.000838605 -0.0132194

0.00494959 0.000200996 0.000838483
0.000200996 0.00445275 0.000576042
0.000838483 0.000576042 -0.0135317

0.00402288 0.000100172 -0.000135005
0.000100172 0.00408285 0.00039675
-0.000135005 0.00039675 -0.0103447

0.00468406 0.000402484 -0.000333753
0.000402484 0.00389017 0.000149859
-0.000333753 0.000149859 -0.0128253

0.0044617 0.000443094 -8.87102e-05
0.000443094 0.00416449 0.000381955
-8.87102e-05 0.000381955 -0.0128233

0.00286474 0.000172351 -0.000232491
0.000172351 0.00300276 -2.01285e-05
-0.000232491 -2.01285e-05 -0.00777887

0.00426854 0.000136112 -0.000145689
0.000136112 0.00534758 -0.000580285
-0.000145689 -0.000580285 -0.0129507

0.00295035 4.42586e-05 6.21337e-05
4.42586e-05 0.00291774 3.05766e-05
6.21337e-05 3.05766e-05 -0.00750402

0.00423656 0.000215172 -0.000106648
0.000215172 0.0040629 0.000431215
-0.000106648 0.000431215 -0.0103454

0.00309505 4.11895e-06 -0.000102705
4.11895e-06 0.00298383 -1.52692e-05
-0.000102705 -1.52692e-05 -0.0080861

0.0030631 -4.89599e-05 -6.03518e-05
-4.89599e-05 0.00289608 4.66087e-05
-6.03518e-05 4.66087e-05 -0.00797966

0.00514913 -0.000271647 0.000593816
-0.000271647 0.00483769 -0.0006194
0.000593816 -0.0006194 -0.0133623

0.00285551 -4.18354e-05 -5.94001e-05
-4.18354e-05 0.00299769 -5.59842e-06
-5.94001e-05 -5.59842e-06 -0.00779248

0.00287951 -3.617e-05 -6.45798e-05
-3.617e-05 0.00298749 -9.14037e-06
-6.45798e-05 -9.14037e-06 -0.00779183

0.00280932 2.47027e-05 3.18952e-05
2.47027e-05 0.00282932 -9.22457e-07
3.18952e-05 -9.22457e-07 -0.00756748

0.00313922 -7.96633e-05 8.31441e-05
-7.96633e-05 0.00304915 -0.000147809
8.31441e-05 -0.000147809 -0.00826443

0.00314742 -1.31127e-05 8.36372e-05
-1.31127e-05 0.00311833 -0.000178678
8.36372e-05 -0.000178678 -0.00826698

0.00430125 -0.000139685 -8.85317e-05
-0.000139685 0.00406276 -0.00156674
-8.85317e-05 -0.00156674 -0.0129214

0.00288771 -6.28954e-05 -7.23731e-05
-6.28954e-05 0.00281935 2.04903e-05
-7.23731e-05 2.04903e-05 -0.0077464

0.00290439 -8.28753e-05 -0.00012819
-8.28753e-05 0.00282786 6.67558e-05
-0.00012819 6.67558e-05 -0.00758708

0.00288032 -6.01698e-05 -0.000108457
-6.01698e-05 0.00285344 0.000105146
-0.000108457 0.000105146 -0.0077773

0.00300216 5.12059e-05 -5.56462e-05
5.12059e-05 0.00287718 -4.82371e-06
-5.56462e-05 -4.82371e-06 -0.0079576

0.00302468 -2.63518e-05 -5.41526e-05
-2.63518e-05 0.00293431 -8.36859e-07
-5.41526e-05 -8.36859e-07 -0.0079579

0.00160356 -0.00119797 3.76435e-05
-0.00119797 0.00365083 -0.00152255
3.76435e-05 -0.00152255 -0.0129186

0.00299604 5.19056e-05 -9.97191e-05
5.19056e-05 0.00287719 -5.71113e-06
-9.97191e-05 -5.71113e-06 -0.00788749

0.00334201 0.000102194 -7.14508e-05
0.000102194 0.00339376 0.000230646
-7.14508e-05 0.000230646 -0.00904878

0.00285079 -6.48587e-05 -0.000104159
-6.48587e-05 0.00291247 0.000157458
-0.000104159 0.000157458 -0.00769702

0.00386493 0.000258455 4.66332e-05
0.000258455 0.00409964 -0.000194819
4.66332e-05 -0.000194819 -0.0102466

0.00287012 -5.31183e-05 -5.88932e-05
-5.31183e-05 0.00288529 0.000136187
-5.88932e-05 0.000136187 -0.00760207

0.00290142 -9.0581e-05 -0.00017354
-9.0581e-05 0.00288632 0.000175394
-0.00017354 0.000175394 -0.00762719

0.00291819 -2.70473e-06 8.47176e-05
-2.70473e-06 0.00305304 -0.000231828
8.47176e-05 -0.000231828 -0.00803733

0.00399844 -6.91155e-05 0.000107421
-6.91155e-05 0.00428866 0.000409207
0.000107421 0.000409207 -0.0105513

0.00287645 -7.71602e-05 -4.97652e-05
-7.71602e-05 0.00291687 0.000140705
-4.97652e-05 0.000140705 -0.00763983

0.00294766 3.57094e-06 -9.40349e-05
3.57094e-06 0.00286541 7.0975e-05
-9.40349e-05 7.0975e-05 -0.0077099

0.00291667 -1.79001e-05 -4.12363e-05
-1.79001e-05 0.00297229 7.15415e-05
-4.12363e-05 7.15415e-05 -0.00784748

0.0037392 0.000137446 3.37693e-05
0.000137446 0.00411513 -0.000129656
3.37693e-05 -0.000129656 -0.0102024

0.00338413 -5.29415e-05 -0.000182849
-5.29415e-05 0.00341028 8.60198e-05
-0.000182849 8.60198e-05 -0.00872828

0.00294966 -5.28763e-05 -1.84381e-05
-5.28763e-05 0.00310902 -1.29619e-05
-1.84381e-05 -1.29619e-05 -0.00782209

0.00290306 -7.2792e-05 -5.49315e-05
-7.2792e-05 0.00291316 0.000137095
-5.49315e-05 0.000137095 -0.00764055

0.00290159 -2.53968e-05 -3.2578e-05
-2.53968e-05 0.00287792 0.000134858
-3.2578e-05 0.000134858 -0.00770134

0.00286603 -2.51874e-05 2.01942e-05
-2.51874e-05 0.00291243 0.000183542
2.01942e-05 0.000183542 -0.00771009

0.00296871 -2.15605e-06 -4.45823e-05
-2.15605e-06 0.00296032 0.000110363
-4.45823e-05 0.000110363 -0.00791895

0.00298018 2.86794e-05 -8.8101e-05
2.86794e-05 0.00298696 9.1243e-05
-8.8101e-05 9.1243e-05 -0.0079241

0.00294258 -5.6868e-05 3.13258e-05
-5.6868e-05 0.00288635 7.54203e-05
3.13258e-05 7.54203e-05 -0.00773593

0.00297747 -1.43192e-05 6.14149e-05
-1.43192e-05 0.00293059 0.000128948
6.14149e-05 0.000128948 -0.00774702

0.00292307 -4.03779e-05 -4.16349e-05
-4.03779e-05 0.00300138 8.01978e-05
-4.16349e-05 8.01978e-05 -0.0078909

0.00312535 9.56123e-05 -0.000180064
9.56123e-05 0.0030197 8.69233e-05
-0.000180064 8.69233e-05 -0.00793239

0.0030706 1.50889e-05 -0.000138152
1.50889e-05 0.00293777 0.000163375
-0.000138152 0.000163375 -0.00795845

0.00288188 0.000528141 0.000214472
0.000528141 0.00346246 -0.000125772
0.000214472 -0.000125772 -0.00881527

0.00497943 -0.000114454 0.000653244
-0.000114454 0.00476801 -0.000252978
0.000653244 -0.000252978 -0.0129189

0.00299276 -2.73903e-06 -7.60253e-05
-2.73903e-06 0.00302571 0.000100642
-7.60253e-05 0.000100642 -0.00795193

0.00297657 -2.51204e-05 -3.81031e-05
-2.51204e-05 0.00300893 0.000117006
-3.81031e-05 0.000117006 -0.00794889

0.00329736 -2.01727e-05 4.85855e-05
-2.01727e-05 0.00312254 -8.84795e-05
4.85855e-05 -8.84795e-05 -0.00866043

0.00344302 -1.18732e-05 -4.90694e-05
-1.18732e-05 0.00321771 -4.54805e-05
-4.90694e-05 -4.54805e-05 -0.00891906

0.00304242 6.08576e-05 2.25415e-06
6.08576e-05 0.00314937 0.000122611
2.25415e-06 0.000122611 -0.00817884

0.00328585 3.83358e-06 -6.22404e-06
3.83358e-06 0.00340629 -2.63515e-06
-6.22404e-06 -2.63515e-06 -0.00891906

0.00313708 -1.38562e-05 -3.49428e-06
-1.38562e-05 0.00317448 2.81206e-05
-3.49428e-06 2.81206e-05 -0.00858105

0.00331221 -1.53755e-05 -3.85913e-05
-1.53755e-05 0.00313762 -8.21598e-05
-3.85913e-05 -8.21598e-05 -0.0086661

0.0031827 7.13211e-05 4.64789e-05
7.13211e-05 0.0031039 4.369e-05
4.64789e-05 4.369e-05 -0.00825054

0.00320277 -1.95014e-05 5.2542e-05
-1.95014e-05 0.00308372 -2.41762e-06
5.2542e-05 -2.41762e-06 -0.00824952

0.00329294 -6.70449e-06 -0.000107795
-6.70449e-06 0.0031679 -3.39707e-06
-0.000107795 -3.39707e-06 -0.00870446

0.00343873 0.000114842 -3.20811e-05
0.000114842 0.00326889 -4.91587e-05
-3.20811e-05 -4.91587e-05 -0.00891805

0 -6.93889e-17 0.00553214
-6.93889e-17 0 -8.10242e-05
0.00553214 -8.10242e-05 -0.00986138

-0.000178903 -0.000410266 0.00456723
-0.000410266 0.00385755 0.00124319
0.00456723 0.00124319 -0.0124585

0.00310875 6.1329e-05 -9.63712e-05
6.1329e-05 0.0030812 8.80022e-05
-9.63712e-05 8.80022e-05 -0.00818899

0.00390706 -6.2699e-05 -3.1485e-05
-6.2699e-05 0.00366659 0.000447802
-3.1485e-05 0.000447802 -0.0096532

0.00457954 3.50063e-05 -0.000453444
3.50063e-05 0.00465209 -0.000256255
-0.000453444 -0.000256255 -0.0127294

0.00452027 2.49638e-05 -0.00037798
2.49638e-05 0.0051257 -0.000465026
-0.00037798 -0.000465026 -0.0127222

0.00431575 -0.000156007 -0.0010119
-0.000156007 0.00469005 -0.000480569
-0.0010119 -0.000480569 -0.0121227

0.00417787 -5.09662e-05 0.000145147
-5.09662e-05 0.00385806 0.000315445
0.000145147 0.000315445 -0.0102889

0.00491753 -0.000138429 6.79484e-06
-0.000138429 0.00514998 0.000464359
6.79484e-06 0.000464359 -0.0140354

0.0041997 -8.24381e-05 -0.000482246
-8.24381e-05 0.00428028 -0.000216911
-0.000482246 -0.000216911 -0.0112865

0.00424414 -0.000129765 -0.000428045
-0.000129765 0.0041458 -0.000375287
-0.000428045 -0.000375287 -0.0112752

0.00284061 3.85279e-05 2.08331e-05
3.85279e-05 0.00293257 -5.43879e-05
2.08331e-05 -5.43879e-05 -0.00771334

0.00353478 6.02894e-05 -7.66079e-05
6.02894e-05 0.00326167 -6.63349e-05
-7.66079e-05 -6.63349e-05 -0.00921031

0.00380981 -0.000177381 -0.00010992
-0.000177381 0.00409091 -6.96177e-05
-0.00010992 -6.96177e-05 -0.0102229

0.00378727 -0.000104197 -9.92352e-05
-0.000104197 0.00406022 -0.000162704
-9.92352e-05 -0.000162704 -0.0102115

0.00494727 -5.94958e-06 0.000985578
-5.94958e-06 0.00473011 -0.000246965
0.000985578 -0.000246965 -0.012481

0.00299184 5.09527e-05 -1.03651e-05
5.09527e-05 0.00318548 0.00013445
-1.03651e-05 0.00013445 -0.00836499

0.00422529 4.24878e-05 0.000239856
4.24878e-05 0.00420128 -0.000191554
0.000239856 -0.000191554 -0.0107463

0.00414774 3.41082e-05 0.000225044
3.41082e-05 0.00423258 -0.000171855
0.000225044 -0.000171855 -0.010735

0.00417887 -1.20866e-05 -0.000160646
-1.20866e-05 0.00417384 0.000147516
-0.000160646 0.000147516 -0.0105071

0.0040917 5.14287e-05 0.000271309
5.14287e-05 0.00437816 0.000420043
0.000271309 0.000420043 -0.0108726

0.00285387 1.46964e-05 1.95845e-06
1.46964e-05 0.00294569 -3.48591e-05
1.95845e-06 -3.48591e-05 -0.0076891

0.00308951 6.26298e-05 -4.91265e-05
6.26298e-05 0.00314902 -0.000144291
-4.91265e-05 -0.000144291 -0.00824582

0.00300161 -1.2834e-05 -6.50922e-05
-1.2834e-05 0.00300759 7.29954e-05
-6.50922e-05 7.29954e-05 -0.0079651

0.00285209 1.9005e-05 -6.83793e-05
1.9005e-05 0.00294827 -1.19262e-05
-6.83793e-05 -1.19262e-05 -0.00770228

0.00282678 3.09512e-05 -0.000206301
3.09512e-05 0.00295892 1.00486e-05
-0.000206301 1.00486e-05 -0.00797659

0.00305595 -6.20309e-05 -2.69988e-05
-6.20309e-05 0.00301457 -5.51226e-05
-2.69988e-05 -5.51226e-05 -0.00807515

0 0 -0.00198517
0 0 -0.000135612
-0.00198517 -0.000135612 -0.0101745

0.00301902 -2.70462e-05 -9.80959e-05
-2.70462e-05 0.00293429 -7.59999e-07
-9.80959e-05 -7.59999e-07 -0.00788789

0.00304384 5.49342e-05 -0.000192741
5.49342e-05 0.00298791 -2.38095e-05
-0.000192741 -2.38095e-05 -0.00803712

0.00305386 5.99848e-05 -5.02374e-05
5.99848e-05 0.00296593 -0.000173424
-5.02374e-05 -0.000173424 -0.00801076

0.00296298 7.04249e-05 -0.000224498
7.04249e-05 0.00299973 2.65335e-05
-0.000224498 2.65335e-05 -0.00791712

0.00297628 2.49584e-05 -0.000138336
2.49584e-05 0.00290567 6.07959e-05
-0.000138336 6.07959e-05 -0.00779228

0.00294862 -1.74538e-06 -8.65662e-05
-1.74538e-06 0.0028946 3.13934e-05
-8.65662e-05 3.13934e-05 -0.00770696

0.00305098 2.6159e-05 -5.21676e-05
2.6159e-05 0.00298148 -2.73111e-05
-5.21676e-05 -2.73111e-05 -0.00793079

0.00309191 5.56676e-06 -1.39953e-05
5.56676e-06 0.00310789 3.63391e-05
-1.39953e-05 3.63391e-05 -0.00820348

0.00302382 1.73326e-05 -1.94977e-05
1.73326e-05 0.00301382 -1.21821e-05
-1.94977e-05 -1.21821e-05 -0.00809755

0.00475969 3.06801e-05 0.000667971
3.06801e-05 0.00470412 -0.000278365
0.000667971 -0.000278365 -0.0129122

0.00301357 1.41156e-05 -3.12141e-05
1.41156e-05 0.00301287 -1.36393e-05
-3.12141e-05 -1.36393e-05 -0.00796672

0.00303271 2.43803e-05 -5.11782e-05
2.43803e-05 0.00296242 1.16995e-05
-5.11782e-05 1.16995e-05 -0.00796912

0.0033409 6.96853e-05 -4.32371e-05
6.96853e-05 0.00311813 6.2465e-05
-4.32371e-05 6.2465e-05 -0.00874115

0.00343873 -4.44585e-05 -3.20811e-05
-4.44585e-05 0.00324337 1.18554e-05
-3.20811e-05 1.18554e-05 -0.00891805

-0.000366121 -0.00110219 0.00460916
-0.00110219 0.00397012 0.00145181
0.00460916 0.00145181 -0.0124668

-2.22045e-16 0 0.00376453
0 0 0.00367192
0.00376453 0.00367192 -0.0136307

0 0 0.00553214
0 0 -8.10242e-05
0.00553214 -8.10242e-05 -0.00986138

0.00506743 9.73633e-05 -0.000445413
9.73633e-05 0.00458243 -0.000313346
-0.000445413 -0.000313346 -0.0126751

0.00455977 0.000172545 -0.000240776
0.000172545 0.00520325 -0.00058867
-0.000240776 -0.00058867 -0.0126626

0.00438468 -0.000471753 5.92364e-05
-0.000471753 0.00411672 0.000182409
5.92364e-05 0.000182409 -0.012399

0.00434285 -0.000254303 -0.000781923
-0.000254303 0.0048153 -0.00063375
-0.000781923 -0.00063375 -0.0121761

0.00426981 -0.000105047 -0.000780842
-0.000105047 0.00441903 -0.000580731
-0.000780842 -0.000580731 -0.0116786

0.00435624 -0.000128203 -0.000638834
-0.000128203 0.00441657 -0.000665347
-0.000638834 -0.000665347 -0.0116955

0.00439911 -2.71987e-06 -0.000576884
-2.71987e-06 0.00449937 -0.000405881
-0.000576884 -0.000405881 -0.011637

0.00425439 -0.000116909 -0.000363282
-0.000116909 0.00415901 -0.000313474
-0.000363282 -0.000313474 -0.0109953

0.0042537 -4.58583e-05 -0.000461608
-4.58583e-05 0.0040069 -0.000331352
-0.000461608 -0.000331352 -0.0106473

0.00309529 6.16956e-05 -2.11794e-05
6.16956e-05 0.00295996 -4.57182e-05
-2.11794e-05 -4.57182e-05 -0.0081895

0.00375846 -0.000198613 0.000188924
-0.000198613 0.00372118 7.63396e-05
0.000188924 7.63396e-05 -0.00961104

0.00375393 -0.000115431 -0.000155938
-0.000115431 0.00406135 -0.000143572
-0.000155938 -0.000143572 -0.0100101

0.00351049 -0.000206632 -0.000129394
-0.000206632 0.00380727 1.82425e-05
-0.000129394 1.82425e-05 -0.00935251

0.00348572 -0.000106836 -5.30385e-05
-0.000106836 0.00348299 -0.000123556
-5.30385e-05 -0.000123556 -0.00923436

0.00380292 -6.39924e-05 -0.000267328
-6.39924e-05 0.00386097 -0.000238539
-0.000267328 -0.000238539 -0.00975869

0.00355476 -9.92818e-05 4.74935e-05
-9.92818e-05 0.00329176 -1.10025e-05
4.74935e-05 -1.10025e-05 -0.0090117

0.00470283 6.12974e-05 0.000781235
6.12974e-05 0.00476908 -0.00012598
0.000781235 -0.00012598 -0.0125789

0.00296466 1.02703e-06 4.35364e-05
1.02703e-06 0.00297532 -9.09795e-05
4.35364e-05 -9.09795e-05 -0.00809126

0.00433093 -8.27606e-06 -0.000395897
-8.27606e-06 0.0044588 -0.000546863
-0.000395897 -0.000546863 -0.0116227

0.00415121 4.99657e-05 0.000215946
4.99657e-05 0.00430487 -0.000220832
0.000215946 -0.000220832 -0.0108806

0.00299277 4.66272e-05 -6.9436e-05
4.66272e-05 0.00311665 -8.1289e-05
-6.9436e-05 -8.1289e-05 -0.00821865

0.00438194 0.000300237 3.04607e-05
0.000300237 0.00402671 -0.000345296
3.04607e-05 -0.000345296 -0.0107958

0.00298637 1.18057e-06 -5.16479e-05
1.18057e-06 0.00299504 5.77194e-05
-5.16479e-05 5.77194e-05 -0.0079524

0.00286038 9.05464e-05 -8.85665e-05
9.05464e-05 0.00304242 -0.000182664
-8.85665e-05 -0.000182664 -0.00788693

0.00289411 9.25192e-05 -5.04019e-05
9.25192e-05 0.00302774 -0.000192995
-5.04019e-05 -0.000192995 -0.00785442

0.00292645 9.85357e-05 -4.5915e-05
9.85357e-05 0.00298087 -0.00012977
-4.5915e-05 -0.00012977 -0.0079349

0.00299502 5.69947e-05 -9.07193e-05
5.69947e-05 0.00299219 -0.00011338
-9.07193e-05 -0.00011338 -0.00789257

0.00301947 4.13001e-05 2.89759e-05
4.13001e-05 0.00291185 -9.61307e-05
2.89759e-05 -9.61307e-05 -0.00779153

0.00520609 1.33423e-05 0.000977289
1.33423e-05 0.00467939 0.000301553
0.000977289 0.000301553 -0.0133161

0.00308733 -9.87466e-06 -6.25695e-05
-9.87466e-06 0.00296879 2.37497e-06
-6.25695e-05 2.37497e-06 -0.00801891

0.00309521 -1.81621e-06 -7.17567e-05
-1.81621e-06 0.0029579 7.92981e-06
-7.17567e-05 7.92981e-06 -0.00801988

0.00293285 1.28843e-05 -6.82522e-05
1.28843e-05 0.00298666 -1.97039e-05
-6.82522e-05 -1.97039e-05 -0.00785435

0.00341216 0.000132412 6.71931e-06
0.000132412 0.00307874 2.63586e-06
6.71931e-06 2.63586e-06 -0.00874002

0.00339253 6.01436e-05 7.36304e-06
6.01436e-05 0.0030948 1.84666e-05
7.36304e-06 1.84666e-05 -0.0087394

0.00339166 6.58532e-05 -5.67098e-05
6.58532e-05 0.00322844 -1.90633e-05
-5.67098e-05 -1.90633e-05 -0.00884349

0.0040646 0.000232783 -2.68348e-05
0.000232783 0.0035716 -0.000276842
-2.68348e-05 -0.000276842 -0.0116659

0.00457921 -0.00034126 0.000264803
-0.00034126 0.00419839 -0.000643578
0.000264803 -0.000643578 -0.0116273

0.0040474 -0.000425767 0.000289309
-0.000425767 0.00452932 -0.000112117
0.000289309 -0.000112117 -0.0123906

0.00467762 0.00131239 0.000857221
0.00131239 0.00538731 0.00184818
0.000857221 0.00184818 -0.0141609

0.00350331 0.00147062 0.00128455
0.00147062 0.00698535 0.00125391
0.00128455 0.00125391 -0.0141385

2.22045e-16 -1.11022e-16 0.00376453
-1.11022e-16 0 0.00367192
0.00376453 0.00367192 -0.0136307

0.00476585 3.2979e-05 -0.000568658
3.2979e-05 0.0047091 -0.000763511
-0.000568658 -0.000763511 -0.0124111

0.00468482 -0.000193869 -0.000526191
-0.000193869 0.00423561 -0.000628017
-0.000526191 -0.000628017 -0.0117303

0.00448381 -9.41781e-05 -0.000734314
-9.41781e-05 0.00441992 -0.000720846
-0.000734314 -0.000720846 -0.0117814

0.00444178 -3.1953e-05 -0.000436191
-3.1953e-05 0.00451899 -0.00048821
-0.000436191 -0.00048821 -0.0116553

0.00404014 -0.000204833 -0.000228034
-0.000204833 0.00417509 -0.000405405
-0.000228034 -0.000405405 -0.0106882

0.00426567 -6.96455e-05 -0.000478857
-6.96455e-05 0.00437566 -0.000546025
-0.000478857 -0.000546025 -0.0114411

0.00426769 -5.72095e-05 -0.000323477
-5.72095e-05 0.00440629 -0.000330531
-0.000323477 -0.000330531 -0.0110942

0.00427807 -8.49756e-05 -0.000272729
-8.49756e-05 0.00416618 -0.000293304
-0.000272729 -0.000293304 -0.0109414

0.00313381 -6.03116e-05 5.79698e-05
-6.03116e-05 0.00319033 -2.45162e-05
5.79698e-05 -2.45162e-05 -0.008202

0.00406667 -0.000155492 -8.21424e-05
-0.000155492 0.00378345 -0.000194323
-8.21424e-05 -0.000194323 -0.0101697

0.00403851 -0.00011773 -4.80154e-05
-0.00011773 0.00373658 -0.000254785
-4.80154e-05 -0.000254785 -0.0101537

0.00402441 -0.000202239 -0.000162628
-0.000202239 0.00373508 -0.000248489
-0.000162628 -0.000248489 -0.00995914

0.00380298 -4.62781e-05 -0.000259136
-4.62781e-05 0.0038382 -0.000244508
-0.000259136 -0.000244508 -0.00975934

0.0029967 -4.12504e-06 -5.75305e-05
-4.12504e-06 0.00301852 6.49867e-05
-5.75305e-05 6.49867e-05 -0.00797565

0.00500308 -6.70214e-05 0.000738323
-6.70214e-05 0.00470441 -0.000214851
0.000738323 -0.000214851 -0.0131081

0.00359176 -3.09981e-05 -0.000123294
-3.09981e-05 0.00349151 -0.000154899
-0.000123294 -0.000154899 -0.00922115

0.00347336 -0.000122347 -0.000104657
-0.000122347 0.00346593 -3.32097e-05
-0.000104657 -3.32097e-05 -0.00900058

0.00340136 3.03874e-05 -4.15475e-05
3.03874e-05 0.00328415 -0.000112488
-4.15475e-05 -0.000112488 -0.00879922

0.00335935 5.78012e-05 -5.63879e-05
5.78012e-05 0.00330566 -8.98619e-05
-5.63879e-05 -8.98619e-05 -0.00880021

0.00340169 2.92772e-05 -4.89037e-05
2.92772e-05 0.00328044 -5.34112e-05
-4.89037e-05 -5.34112e-05 -0.00878392

0.003242 0.000115663 -0.000103116
0.000115663 0.00322756 -3.84717e-06
-0.000103116 -3.84717e-06 -0.00859712

0.00320762 8.41705e-05 -2.53741e-05
8.41705e-05 0.00320636 -9.4181e-06
-2.53741e-05 -9.4181e-06 -0.0084831

0.00309506 0.00014219 8.24758e-05
0.00014219 0.0031792 -7.1811e-05
8.24758e-05 -7.1811e-05 -0.00856961

0.00307412 4.80895e-05 -8.22039e-05
4.80895e-05 0.00295838 -6.8488e-05
-8.22039e-05 -6.8488e-05 -0.00821772

0.0029832 6.63301e-05 -0.000126425
6.63301e-05 0.00294107 -0.000142043
-0.000126425 -0.000142043 -0.00788561

0.00285719 1.85277e-05 -0.000128129
1.85277e-05 0.00309992 -2.922e-05
-0.000128129 -2.922e-05 -0.00801908

0.00293543 8.35724e-06 -9.84462e-05
8.35724e-06 0.00304014 -6.43305e-05
-9.84462e-05 -6.43305e-05 -0.0080238

0.00285321 3.13993e-06 -0.000132714
3.13993e-06 0.00306487 -0.000101833
-0.000132714 -0.000101833 -0.00790191

0.00300787 7.59164e-05 -9.08176e-05
7.59164e-05 0.00292017 -0.000149612
-9.08176e-05 -0.000149612 -0.00785283

0.00290905 5.35581e-05 -7.2271e-05
5.35581e-05 0.0029923 -0.000139939
-7.2271e-05 -0.000139939 -0.00788513

0.00289855 4.7362e-05 -4.63791e-05
4.7362e-05 0.00302515 -0.00016994
-4.63791e-05 -0.00016994 -0.0078928

0.00290757 5.20671e-05 -8.97617e-05
5.20671e-05 0.00299101 -0.000149541
-8.97617e-05 -0.000149541 -0.00779238

0.00296409 -5.35733e-05 7.24881e-05
-5.35733e-05 0.00291858 3.52094e-05
7.24881e-05 3.52094e-05 -0.00780666

0.00293851 5.3283e-05 -7.19801e-05
5.3283e-05 0.00293623 -7.50068e-05
-7.19801e-05 -7.50068e-05 -0.00774449

0.00284538 -1.02475e-06 0.00012538
-1.02475e-06 0.00291263 -4.95283e-05
0.00012538 -4.95283e-05 -0.00761302

0.00305877 -0.000150175 -1.12561e-05
-0.000150175 0.00310936 -5.82201e-05
-1.12561e-05 -5.82201e-05 -0.008175

0.00437322 -7.03186e-05 0.000525281
-7.03186e-05 0.00502343 0.000488428
0.000525281 0.000488428 -0.0130203

0.00455969 5.72172e-07 -0.000145035
5.72172e-07 0.00436072 0.000840267
-0.000145035 0.000840267 -0.0117281

0.00309653 -5.09827e-08 -7.9511e-05
-5.09827e-08 0.00296027 -1.86726e-06
-7.9511e-05 -1.86726e-06 -0.00810754

0.00338971 8.43297e-05 -0.000163002
8.43297e-05 0.00319344 8.72293e-05
-0.000163002 8.72293e-05 -0.00884349

0.00309598 -3.84194e-05 -4.09043e-05
-3.84194e-05 0.00315908 2.02068e-05
-4.09043e-05 2.02068e-05 -0.00824769

0.00299778 8.21334e-05 6.05898e-06
8.21334e-05 0.00314554 -7.26173e-05
6.05898e-06 -7.26173e-05 -0.00826095

0.00309825 -3.43582e-05 -4.61666e-05
-3.43582e-05 0.00316599 1.07044e-06
-4.61666e-05 1.07044e-06 -0.00849047

0.00308701 -2.96833e-05 -2.48078e-05
-2.96833e-05 0.00320963 -4.94891e-05
-2.48078e-05 -4.94891e-05 -0.00849301

5.23963e-06 0.00053234 0.000648211
0.00053234 0.00441603 -0.00267383
0.000648211 -0.00267383 -0.0137235

0.00284761 2.55938e-05 0.000118895
2.55938e-05 0.00291401 -5.91555e-05
0.000118895 -5.91555e-05 -0.00760868

0 0 0.000219667
0 0 -0.00212988
0.000219667 -0.00212988 -0.00964762

-1.11022e-16 0 -0.000614138
0 -2.22045e-16 -0.00137596
-0.000614138 -0.00137596 -0.0106484

0.00374079 -0.000205669 0.000174724
-0.000205669 0.00381788 0.000130774
0.000174724 0.000130774 -0.00958615

0.00468582 -3.15495e-05 0.000202786
-3.15495e-05 0.00478056 0.000864422
0.000202786 0.000864422 -0.0124031

0.00456851 -7.09919e-05 0.000144006
-7.09919e-05 0.00441017 0.000782138
0.000144006 0.000782138 -0.0120106

0.00456636 -1.38222e-05 -0.000124428
-1.38222e-05 0.00436312 0.000888823
-0.000124428 0.000888823 -0.0119662

0.00359499 6.35816e-05 3.79228e-05
6.35816e-05 0.00334596 0.000207423
3.79228e-05 0.000207423 -0.00905021

0.00445782 4.58502e-05 0.000201922
4.58502e-05 0.00432103 0.000694669
0.000201922 0.000694669 -0.0116608

0.00297798 2.59971e-05 -7.57817e-05
2.59971e-05 0.00284728 3.01846e-05
-7.57817e-05 3.01846e-05 -0.0077086

0.00421705 -6.50264e-05 8.10345e-07
-6.50264e-05 0.00402237 0.000320927
8.10345e-07 0.000320927 -0.0106517

0.00429831 -1.98581e-05 -0.000164112
-1.98581e-05 0.00404663 0.000246928
-0.000164112 0.000246928 -0.0106856

0.00512903 3.75096e-05 0.000596001
3.75096e-05 0.00476788 1.61381e-05
0.000596001 1.61381e-05 -0.0134953

0.00402539 -0.000130405 4.4635e-05
-0.000130405 0.00370103 0.000166755
4.4635e-05 0.000166755 -0.010045

0.00377595 -2.16129e-05 -0.000101256
-2.16129e-05 0.00380023 0.000132405
-0.000101256 0.000132405 -0.00954063

0.00294093 -2.39154e-05 -7.62737e-05
-2.39154e-05 0.00291025 -2.30405e-05
-7.62737e-05 -2.30405e-05 -0.00770762

0.00385586 5.8727e-05 1.34952e-05
5.8727e-05 0.00363895 6.61535e-05
1.34952e-05 6.61535e-05 -0.00979569

0.00420785 5.16717e-05 0.000285304
5.16717e-05 0.00430386 -0.000227207
0.000285304 -0.000227207 -0.0108635

0.00408832 0.000104574 -0.000186792
0.000104574 0.00395632 0.000223737
-0.000186792 0.000223737 -0.0105303

0.00369774 0.000251116 -8.539e-05
0.000251116 0.00310632 8.02909e-05
-8.539e-05 8.02909e-05 -0.00887941

0.00332543 -5.70752e-05 2.15511e-05
-5.70752e-05 0.0033676 -0.000150012
2.15511e-05 -0.000150012 -0.0087026

0.00502984 -2.90597e-05 0.000920438
-2.90597e-05 0.00502556 0.000444539
0.000920438 0.000444539 -0.0134574

0.0028463 3.90401e-05 -2.67956e-05
3.90401e-05 0.00297009 -4.16808e-06
-2.67956e-05 -4.16808e-06 -0.00774861

0.00297854 2.79363e-05 -7.19296e-05
2.79363e-05 0.00285396 4.38794e-05
-7.19296e-05 4.38794e-05 -0.0077309

0.00293948 5.14641e-05 7.53197e-05
5.14641e-05 0.00297935 0.000147041
7.53197e-05 0.000147041 -0.00791259

0.00537118 0.000130527 0.000699618
0.000130527 0.00452819 -1.43745e-05
0.000699618 -1.43745e-05 -0.0135358

0.00291692 1.62665e-06 -3.80616e-05
1.62665e-06 0.00291444 2.15399e-06
-3.80616e-05 2.15399e-06 -0.0078333

0.00285779 -1.09523e-05 -3.4878e-05
-1.09523e-05 0.00302052 0.000109516
-3.4878e-05 0.000109516 -0.00784488

0.00281044 1.83724e-05 -6.78113e-05
1.83724e-05 0.00303623 0.000100253
-6.78113e-05 0.000100253 -0.00784181

0.00285109 -3.00533e-05 1.61263e-05
-3.00533e-05 0.00297904 0.000169606
1.61263e-05 0.000169606 -0.00767102

0.00283024 -2.69338e-05 6.69352e-05
-2.69338e-05 0.00288856 0.000229049
6.69352e-05 0.000229049 -0.00759248

0.00387335 0.000207182 -0.000114669
0.000207182 0.00392755 0.000307475
-0.000114669 0.000307475 -0.0098635

0.00283752 -1.17067e-05 9.03203e-05
-1.17067e-05 0.00288698 0.000227086
9.03203e-05 0.000227086 -0.00758617

0.00282372 -7.10305e-06 0.000105317
-7.10305e-06 0.00290396 0.00023234
0.000105317 0.00023234 -0.00759679

0.00308933 -7.86554e-06 -6.87636e-05
-7.86554e-06 0.00297065 -7.9861e-06
-6.87636e-05 -7.9861e-06 -0.00810681

0.00299778 4.79901e-06 -5.02765e-05
4.79901e-06 0.00299608 5.9574e-05
-5.02765e-05 5.9574e-05 -0.00797132

-0.000687966 0.00028262 -0.000464638
0.00028262 0.00995066 -0.0013631
-0.000464638 -0.0013631 -0.0136386

0 0 0.000888396
0 0 -0.00232035
0.000888396 -0.00232035 -0.0109936

0.0046897 -1.51153e-05 -7.36527e-05
-1.51153e-05 0.00476492 0.000987967
-7.36527e-05 0.000987967 -0.0123637

0.00480722 0.000240037 0.00074901
0.000240037 0.004787 0.000366317
0.00074901 0.000366317 -0.0134289

0.00437942 2.26732e-05 0.000351523
2.26732e-05 0.00383055 -9.58451e-05
0.000351523 -9.58451e-05 -0.0111719

0.00437707 -2.13712e-05 -0.000232167
-2.13712e-05 0.00436014 0.000852119
-0.000232167 0.000852119 -0.0115275

0.00435569 5.35892e-05 -0.000140944
5.35892e-05 0.00410869 0.000627931
-0.000140944 0.000627931 -0.0111128

0.00329347 2.65811e-05 -8.92715e-05
2.65811e-05 0.00335842 0.000126741
-8.92715e-05 0.000126741 -0.00867811

0.00422079 -0.000433445 0.000831437
-0.000433445 0.00370504 -0.000137164
0.000831437 -0.000137164 -0.0102313

0.00385793 6.45532e-05 4.93371e-05
6.45532e-05 0.0035524 0.000390967
4.93371e-05 0.000390967 -0.00966355

0.00377659 -0.000309649 0.000209935
-0.000309649 0.0032492 -8.72547e-05
0.000209935 -8.72547e-05 -0.0088913

0.00295617 5.24512e-05 -8.03779e-05
5.24512e-05 0.00285824 1.33115e-05
-8.03779e-05 1.33115e-05 -0.00769786

0.00337521 8.79934e-05 1.65907e-05
8.79934e-05 0.00325286 -7.89297e-05
1.65907e-05 -7.89297e-05 -0.0089

0.00337556 8.74273e-05 -3.83611e-05
8.74273e-05 0.00325146 -0.00013046
-3.83611e-05 -0.00013046 -0.0087736

0.00457844 0.00036168 0.000756593
0.00036168 0.00536284 0.000978228
0.000756593 0.000978228 -0.0127596

0.00267702 3.45286e-05 0.000133696
3.45286e-05 0.00283132 3.29149e-06
0.000133696 3.29149e-06 -0.00742486

0.00281648 9.97752e-06 -7.15109e-06
9.97752e-06 0.00299906 0.000161899
-7.15109e-06 0.000161899 -0.00766859

0.00279186 6.41491e-06 -7.87192e-06
6.41491e-06 0.00289791 0.000132942
-7.87192e-06 0.000132942 -0.0076052

0.00318663 4.9421e-05 5.75134e-05
4.9421e-05 0.00324732 -6.39051e-06
5.75134e-05 -6.39051e-06 -0.00866096

0.00281675 1.37039e-05 3.30755e-05
1.37039e-05 0.0028857 0.000196893
3.30755e-05 0.000196893 -0.00757409

0.00286427 -2.42126e-05 1.97051e-06
-2.42126e-05 0.00293569 0.00012263
1.97051e-06 0.00012263 -0.00768721

0.0029656 -1.23845e-05 2.26983e-06
-1.23845e-05 0.00312722 0.000115821
2.26983e-06 0.000115821 -0.00817787

0.00304576 -4.22504e-06 2.02397e-05
-4.22504e-06 0.00319184 -8.44454e-06
2.02397e-05 -8.44454e-06 -0.00827662

0.00305539 -3.0517e-05 2.54616e-05
-3.0517e-05 0.00324172 5.94463e-05
2.54616e-05 5.94463e-05 -0.00858216

0.00311455 -3.96935e-05 -5.60188e-05
-3.96935e-05 0.00314485 9.35966e-05
-5.60188e-05 9.35966e-05 -0.00847465

0.00277002 2.89848e-05 4.09266e-05
2.89848e-05 0.00281561 -2.42927e-05
4.09266e-05 -2.42927e-05 -0.00740071

0.00329321 8.36292e-05 7.11837e-05
8.36292e-05 0.00319483 6.77293e-05
7.11837e-05 6.77293e-05 -0.00878411

0.00456597 0.000134349 -0.000133745
0.000134349 0.00461158 -0.000888781
-0.000133745 -0.000888781 -0.0120261

0.000214628 -0.00123588 0.000896766
-0.00123588 0.00661919 0.00269817
0.000896766 0.00269817 -0.0137835

-2.22045e-16 0 0.00066412
0 0 0.00270964
0.00066412 0.00270964 -0.0104884

-0.000261721 0.000418584 -0.000333104
0.000418584 0.00824269 0.00210209
-0.000333104 0.00210209 -0.0137438

-2.22045e-16 0 0.00066412
0 0 0.00270964
0.00066412 0.00270964 -0.0104884

0.00315869 -4.59516e-05 5.88715e-05
-4.59516e-05 0.00303307 4.53895e-05
5.88715e-05 4.53895e-05 -0.00809839

0.00410315 -3.856e-06 0.000172439
-3.856e-06 0.00574773 -0.00123383
0.000172439 -0.00123383 -0.0125492

0.00329418 -9.7723e-05 5.9854e-06
-9.7723e-05 0.00292034 2.17642e-05
5.9854e-06 2.17642e-05 -0.00809225

0.00467887 -6.33909e-05 -2.09383e-05
-6.33909e-05 0.00477222 -0.000826655
-2.09383e-05 -0.000826655 -0.0130457

0.00469372 -2.98957e-05 -0.000259035
-2.98957e-05 0.00478154 -0.000904265
-0.000259035 -0.000904265 -0.0124149

0.00327112 -8.97598e-06 3.49624e-05
-8.97598e-06 0.00327381 6.64318e-07
3.49624e-05 6.64318e-07 -0.00866019

0.00465358 -0.000179482 -0.000343586
-0.000179482 0.00424235 -0.0008338
-0.000343586 -0.0008338 -0.01169

0.00329542 -6.1781e-05 9.04676e-05
-6.1781e-05 0.00338529 -0.000110952
9.04676e-05 -0.000110952 -0.00855831

0.00442016 -0.000105439 -0.000125497
-0.000105439 0.00425032 -0.000845561
-0.000125497 -0.000845561 -0.0117889

0.0028392 5.55996e-05 2.63859e-05
5.55996e-05 0.00294205 -6.08357e-05
2.63859e-05 -6.08357e-05 -0.00771812

0.00297962 3.57673e-05 -3.64044e-05
3.57673e-05 0.00284808 3.24844e-05
-3.64044e-05 3.24844e-05 -0.00771698

0.00442423 -9.90712e-05 -0.000175576
-9.90712e-05 0.00423124 -0.000827255
-0.000175576 -0.000827255 -0.0114944

0.00437997 -4.66925e-05 -0.000206703
-4.66925e-05 0.00418153 -0.000831861
-0.000206703 -0.000831861 -0.0113765

0.00298356 -6.26533e-06 -1.30681e-05
-6.26533e-06 0.00283026 3.55525e-05
-1.30681e-05 3.55525e-05 -0.007715

0.00419719 0.00013825 -0.000115477
0.00013825 0.00390029 -0.000400275
-0.000115477 -0.000400275 -0.0106722

0.00294926 3.37697e-05 0.000113907
3.37697e-05 0.00282479 0.000145881
0.000113907 0.000145881 -0.00756126

0.0043793 -4.41739e-05 -0.000120367
-4.41739e-05 0.0042149 -0.000553624
-0.000120367 -0.000553624 -0.0110404

0.0041533 0.000161511 -8.60036e-05
0.000161511 0.00385728 -0.000251855
-8.60036e-05 -0.000251855 -0.0104596

0.00419643 0.000138389 -0.000102161
0.000138389 0.00391262 -0.000324647
-0.000102161 -0.000324647 -0.0104145

0.00423831 3.18189e-05 -3.44902e-05
3.18189e-05 0.00384759 -0.000228043
-3.44902e-05 -0.000228043 -0.0104504

0.00413098 0.000203304 8.89337e-06
0.000203304 0.00390385 -0.000151965
8.89337e-06 -0.000151965 -0.0102458

0.00395769 -1.60455e-05 -2.00449e-05
-1.60455e-05 0.00353149 -0.000293453
-2.00449e-05 -0.000293453 -0.00957861

0.00396558 -2.72925e-05 3.16884e-05
-2.72925e-05 0.00348512 -0.000213109
3.16884e-05 -0.000213109 -0.00961992

0.00384559 -1.24461e-06 -2.78434e-05
-1.24461e-06 0.00353415 -0.00029426
-2.78434e-05 -0.00029426 -0.00957843

0.00401655 -0.00017343 -0.000136705
-0.00017343 0.00365883 -0.000290791
-0.000136705 -0.000290791 -0.00994986

0.00351446 4.33022e-05 0.000348616
4.33022e-05 0.00362904 -0.000245044
0.000348616 -0.000245044 -0.00939154

0.00383747 -2.41083e-05 2.68252e-05
-2.41083e-05 0.00348618 -0.000213532
2.68252e-05 -0.000213532 -0.00961985

0.00353877 2.94314e-05 -6.75137e-05
2.94314e-05 0.00331026 -0.000345616
-6.75137e-05 -0.000345616 -0.00894752

0.00363366 -3.65093e-05 0.00015553
-3.65093e-05 0.003279 -0.000298967
0.00015553 -0.000298967 -0.00895074

0.00328377 -5.89959e-05 3.45438e-05
-5.89959e-05 0.00330351 -0.000108674
3.45438e-05 -0.000108674 -0.00875732

0.00306925 -1.99696e-05 -6.02995e-05
-1.99696e-05 0.0031629 -0.00013054
-6.02995e-05 -0.00013054 -0.00840273

0.00308779 4.84198e-06 6.74185e-05
4.84198e-06 0.00329208 -3.84852e-05
6.74185e-05 -3.84852e-05 -0.00839645

0.00314391 0.000113389 -6.75714e-05
0.000113389 0.00320464 7.98191e-05
-6.75714e-05 7.98191e-05 -0.00855578

0.00335948 5.73904e-05 -6.21997e-05
5.73904e-05 0.00329981 -3.05256e-05
-6.21997e-05 -3.05256e-05 -0.00878294

0.00306924 -1.4724e-05 -2.14679e-05
-1.4724e-05 0.00311869 -9.72475e-05
-2.14679e-05 -9.72475e-05 -0.00832099

0.00301621 -1.03023e-05 -4.70521e-05
-1.03023e-05 0.00322208 -0.000127277
-4.70521e-05 -0.000127277 -0.00830468

0.00301839 -1.48503e-05 -6.42281e-05
-1.48503e-05 0.00322153 -0.000124337
-6.42281e-05 -0.000124337 -0.00827718

0.0029646 -4.45287e-05 -0.000116144
-4.45287e-05 0.00321935 -0.000130253
-0.000116144 -0.000130253 -0.00830526

0.00292024 -0.000109211 2.69775e-05
-0.000109211 0.00321185 -0.000165965
2.69775e-05 -0.000165965 -0.00815557

0.00287807 3.32053e-05 -0.000113985
3.32053e-05 0.00290932 3.114e-06
-0.000113985 3.114e-06 -0.0074921

0.00296237 -4.93228e-05 -0.000131549
-4.93228e-05 0.00321875 -0.000127366
-0.000131549 -0.000127366 -0.00827807

0.0028765 7.96773e-06 1.76763e-05
7.96773e-06 0.00300395 -9.54279e-05
1.76763e-05 -9.54279e-05 -0.00782725

0.00288632 -1.366e-05 -5.13369e-05
-1.366e-05 0.00301098 -0.000103257
-5.13369e-05 -0.000103257 -0.00797134

0.00285631 2.16925e-06 2.82541e-05
2.16925e-06 0.00290122 -0.000179239
2.82541e-05 -0.000179239 -0.00778507

0.00282759 2.51911e-05 -3.80365e-05
2.51911e-05 0.00299237 -0.000111258
-3.80365e-05 -0.000111258 -0.00776161

0.00293351 -1.54925e-06 -0.000108695
-1.54925e-06 0.00299077 -0.000133521
-0.000108695 -0.000133521 -0.00790706

0.00286043 -1.47808e-05 2.69945e-05
-1.47808e-05 0.00297089 -0.000121684
2.69945e-05 -0.000121684 -0.00786287

0.0028455 5.77144e-06 7.75546e-06
5.77144e-06 0.00299032 -0.000176835
7.75546e-06 -0.000176835 -0.00774801

0.00281925 9.50652e-06 -0.000109724
9.50652e-06 0.00300919 -0.000190047
-0.000109724 -0.000190047 -0.00789491

0.00284522 5.73653e-06 1.66408e-05
5.73653e-06 0.00299556 -0.000130797
1.66408e-05 -0.000130797 -0.00764992

0.00286242 5.16943e-05 0.00019834
5.16943e-05 0.0028381 9.49135e-05
0.00019834 9.49135e-05 -0.00757719

0.00283294 1.73395e-05 0.000138473
1.73395e-05 0.0027981 2.27903e-05
0.000138473 2.27903e-05 -0.00754862

0.00289783 4.56232e-05 -6.48464e-05
4.56232e-05 0.00302325 -0.000178409
-6.48464e-05 -0.000178409 -0.00779977

0.00297894 -1.55902e-05 -1.95917e-05
-1.55902e-05 0.00285182 7.41335e-05
-1.95917e-05 7.41335e-05 -0.00779407

0.0028742 3.65496e-05 2.18053e-05
3.65496e-05 0.00289863 -0.000121967
2.18053e-05 -0.000121967 -0.00759479

0.00288236 4.07872e-05 -9.25589e-05
4.07872e-05 0.00290083 -0.000182791
-9.25589e-05 -0.000182791 -0.0076191

0.00474779 8.30716e-06 0.000652534
8.30716e-06 0.00485542 -5.76458e-05
0.000652534 -5.76458e-05 -0.0128904

0.00401722 -4.90538e-05 2.39717e-05
-4.90538e-05 0.00382362 -0.000214667
2.39717e-05 -0.000214667 -0.00969844

0.00323564 -4.58054e-05 -6.00842e-05
-4.58054e-05 0.00330465 -1.79999e-05
-6.00842e-05 -1.79999e-05 -0.00879757

0.00321109 -1.67755e-05 2.35306e-05
-1.67755e-05 0.00330465 -1.79999e-05
2.35306e-05 -1.79999e-05 -0.00879757

0.00286176 -1.80223e-05 6.1362e-05
-1.80223e-05 0.00283104 7.1676e-05
6.1362e-05 7.1676e-05 -0.00754247

0.00326834 7.87187e-06 -4.67054e-05
7.87187e-06 0.00317515 -1.23229e-05
-4.67054e-05 -1.23229e-05 -0.00872426

0.00283821 -1.91576e-06 -2.36258e-05
-1.91576e-06 0.0029011 1.93629e-05
-2.36258e-05 1.93629e-05 -0.0076014

0.0041501 2.39283e-05 -0.000228545
2.39283e-05 0.00502292 -0.00159555
-0.000228545 -0.00159555 -0.0107874

0.00468501 8.50472e-05 -0.000215392
8.50472e-05 0.00486216 0.00121046
-0.000215392 0.00121046 -0.0126101

0.0049592 -3.59263e-05 -0.000589913
-3.59263e-05 0.00480075 0.00104548
-0.000589913 0.00104548 -0.0130485

0.00486624 9.82508e-05 -0.000465679
9.82508e-05 0.00460735 0.000855229
-0.000465679 0.000855229 -0.0128073

0.00485034 6.52852e-05 -3.49046e-05
6.52852e-05 0.00460904 0.000846751
-3.49046e-05 0.000846751 -0.0128712

0.00400962 -0.000788429 0.00148768
-0.000788429 0 0.000329562
0.00148768 0.000329562 -0.010525

0.00320298 5.57678e-06 0.000107264
5.57678e-06 0.00335296 -0.000115753
0.000107264 -0.000115753 -0.00855806

0.00470457 0.000252095 0.000463923
0.000252095 0.00494508 0.000446094
0.000463923 0.000446094 -0.0132861

0.00401692 -7.19988e-05 6.04946e-05
-7.19988e-05 0.00377903 -0.000205134
6.04946e-05 -0.000205134 -0.00961359

0.00304189 -9.42916e-05 -3.78272e-05
-9.42916e-05 0.0030614 -6.56753e-06
-3.78272e-05 -6.56753e-06 -0.00837701

0.00291683 -7.28174e-06 -3.69148e-05
-7.28174e-06 0.00300094 0.000109503
-3.69148e-05 0.000109503 -0.00803464

0.00421142 -7.05417e-05 -0.000410078
-7.05417e-05 0.00428525 -0.000177693
-0.000410078 -0.000177693 -0.011005

0.00311921 -7.51323e-06 -2.88615e-05
-7.51323e-06 0.0030948 -1.77813e-05
-2.88615e-05 -1.77813e-05 -0.00859749

0.00365063 0.000106708 -3.08026e-05
0.000106708 0.00373415 -0.000167647
-3.08026e-05 -0.000167647 -0.00955384

0.0040174 -3.5759e-05 2.08376e-06
-3.5759e-05 0.00377003 -0.000200096
2.08376e-06 -0.000200096 -0.00960648

0.0045081 0.000116228 -0.00017471
0.000116228 0.00460603 -0.000904964
-0.00017471 -0.000904964 -0.0119647

0.00294166 2.50894e-05 -0.000102934
2.50894e-05 0.00287338 2.72576e-05
-0.000102934 2.72576e-05 -0.00768512

0.00495364 0.000535498 -0.000412722
0.000535498 0.00427505 -9.8262e-05
-0.000412722 -9.8262e-05 -0.0136805

0.00340169 -0.00012652 1.25685e-05
-0.00012652 0.00339522 -0.000146552
1.25685e-05 -0.000146552 -0.00872187

0.00319608 1.54369e-05 -0.000175291
1.54369e-05 0.00320676 -4.71551e-05
-0.000175291 -4.71551e-05 -0.00868115

0.00386104 -4.32994e-05 -2.69855e-05
-4.32994e-05 0.00370498 0.000453176
-2.69855e-05 0.000453176 -0.0096525

0.00489968 0.000133742 3.77177e-05
0.000133742 0.00371499 -0.000112519
3.77177e-05 -0.000112519 -0.0135795

0.00334973 -3.28992e-05 -0.000123232
-3.28992e-05 0.0034084 3.78707e-05
-0.000123232 3.78707e-05 -0.00878382

0.00446282 0.000737044 -5.94909e-05
0.000737044 0.00467174 -0.000304112
-5.94909e-05 -0.000304112 -0.0133978

0.00447634 1.16344e-05 -0.000579159
1.16344e-05 0.004504 -0.00049948
-0.000579159 -0.00049948 -0.0122561

0.00345934 -3.73805e-05 -0.000158443
-3.73805e-05 0.00394716 8.46879e-05
-0.000158443 8.46879e-05 -0.00953259

0.00459584 7.34092e-05 0.000337047
7.34092e-05 0.00464149 -0.000165772
0.000337047 -0.000165772 -0.0124742

0.00464174 0.000242847 -0.000111397
0.000242847 0.00482726 -0.000370952
-0.000111397 -0.000370952 -0.0127898

0.00284279 1.94437e-05 -3.93001e-06
1.94437e-05 0.00283996 -3.56713e-05
-3.93001e-06 -3.56713e-05 -0.00749307

0.00394452 -2.03528e-05 -0.000267999
-2.03528e-05 0.00360867 -6.75649e-05
-0.000267999 -6.75649e-05 -0.00913849

0.00349086 5.28016e-05 -0.000170335
5.28016e-05 0.00396091 2.64683e-05
-0.000170335 2.64683e-05 -0.0095305

0.0029821 2.29877e-05 -8.14008e-05
2.29877e-05 0.00288239 2.68967e-05
-8.14008e-05 2.68967e-05 -0.00771439

0.00467709 2.68511e-05 -0.000191011
2.68511e-05 0.00463566 0.00128595
-0.000191011 0.00128595 -0.0126317

0.00277519 -2.9573e-05 6.81479e-05
-2.9573e-05 0.0028136 5.05846e-05
6.81479e-05 5.05846e-05 -0.00742235

0.00442785 0.000115987 -0.000140648
0.000115987 0.00449702 0.00012985
-0.000140648 0.00012985 -0.0113763

0.00444854 0.000201377 -0.000626347
0.000201377 0.00463071 -0.00013236
-0.000626347 -0.00013236 -0.0127803

0.00360729 -0.000285368 -0.000198119
-0.000285368 0.00341517 3.21584e-05
-0.000198119 3.21584e-05 -0.00901705

0.00389411 6.02208e-05 0.000175038
6.02208e-05 0.00346424 -0.000110743
0.000175038 -0.000110743 -0.00903814

0.00370357 -4.89666e-05 1.42835e-05
-4.89666e-05 0.00349156 0.000152124
1.42835e-05 0.000152124 -0.00926809

0.00445432 0.000124476 -0.000429059
0.000124476 0.00465524 -0.000313567
-0.000429059 -0.000313567 -0.012026

0.00401483 -4.92161e-05 3.47099e-05
-4.92161e-05 0.0034712 -0.000167919
3.47099e-05 -0.000167919 -0.00924356

0.00453076 0.000195164 -0.000289761
0.000195164 0.00460321 -0.000972232
-0.000289761 -0.000972232 -0.0117579

0.00457785 0.000100791 -0.000553334
0.000100791 0.00455124 -0.000527696
-0.000553334 -0.000527696 -0.013321

0.00395523 0.000994888 -0.000678248
0.000994888 0.00449596 -0.00036505
-0.000678248 -0.00036505 -0.0134123

0.00299828 5.25083e-05 -9.31367e-05
5.25083e-05 0.00310233 -0.000115606
-9.31367e-05 -0.000115606 -0.00774314

0.0029872 1.5359e-05 -7.68086e-05
1.5359e-05 0.00285755 3.21528e-05
-7.68086e-05 3.21528e-05 -0.00775227

0.00478313 -4.40002e-05 0.000532681
-4.40002e-05 0.00461631 -0.000825347
0.000532681 -0.000825347 -0.0125838

0.00457387 0.000108526 -6.69854e-05
0.000108526 0.00426154 -0.000471928
-6.69854e-05 -0.000471928 -0.0123491

0.00424768 -9.48783e-05 -0.000176476
-9.48783e-05 0.00433137 -0.000225606
-0.000176476 -0.000225606 -0.0109058

0.00465425 9.78711e-05 -0.000137768
9.78711e-05 0.00444372 0.000994658
-0.000137768 0.000994658 -0.01221

0.00337265 -1.61202e-05 -9.85646e-05
-1.61202e-05 0.00337473 1.8863e-05
-9.85646e-05 1.8863e-05 -0.00887239

0.00427151 -4.90417e-06 -0.000198654
-4.90417e-06 0.00430968 -0.000274506
-0.000198654 -0.000274506 -0.0108885

0.00309628 3.56114e-06 -9.86216e-05
3.56114e-06 0.00298402 -1.90102e-05
-9.86216e-05 -1.90102e-05 -0.00813466

0.00425695 -2.35671e-05 -0.000312481
-2.35671e-05 0.00449702 -0.000534759
-0.000312481 -0.000534759 -0.0117161

0.00410178 0.000411297 0.000601041
0.000411297 0.00417701 -0.000225904
0.000601041 -0.000225904 -0.0126084

0.00405335 -9.64866e-05 0.000158188
-9.64866e-05 0.00410633 0.000316512
0.000158188 0.000316512 -0.0104234

0.00396955 -7.83386e-05 -7.66444e-05
-7.83386e-05 0.0036502 -6.41998e-05
-7.66444e-05 -6.41998e-05 -0.00982539

0.00342647 -6.89326e-05 1.894e-05
-6.89326e-05 0.00360062 -0.000329702
1.894e-05 -0.000329702 -0.00881222

0.00311281 5.63608e-07 9.4087e-05
5.63608e-07 0.00320611 -5.38354e-05
9.4087e-05 -5.38354e-05 -0.008328

0.00315176 2.60508e-05 8.03515e-05
2.60508e-05 0.00322275 -6.38269e-05
8.03515e-05 -6.38269e-05 -0.00834847

0.00297936 1.379e-05 -9.61351e-05
1.379e-05 0.00287058 4.31145e-06
-9.61351e-05 4.31145e-06 -0.00775455

0.00281049 1.18492e-05 2.4981e-05
1.18492e-05 0.00294169 -8.31454e-05
2.4981e-05 -8.31454e-05 -0.00771964

0.0028196 -5.75091e-05 5.05611e-05
-5.75091e-05 0.00286071 2.3274e-05
5.05611e-05 2.3274e-05 -0.00743495

0.00297983 2.50297e-05 -6.85493e-05
2.50297e-05 0.00287247 9.19944e-06
-6.85493e-05 9.19944e-06 -0.00770635

0.00272141 2.08529e-05 1.86308e-05
2.08529e-05 0.00282276 -1.44219e-05
1.86308e-05 -1.44219e-05 -0.0073892

0.00268277 6.71021e-05 -8.48946e-06
6.71021e-05 0.00288713 -1.04087e-05
-8.48946e-06 -1.04087e-05 -0.00740148

0.00335358 8.01255e-05 -0.000110608
8.01255e-05 0.00319718 -7.00479e-05
-0.000110608 -7.00479e-05 -0.00880731

0.00292123 6.01619e-05 -8.94432e-05
6.01619e-05 0.00293477 -7.66708e-05
-8.94432e-05 -7.66708e-05 -0.00770376

0.00281873 2.24552e-05 -1.72272e-05
2.24552e-05 0.00286477 3.01138e-06
-1.72272e-05 3.01138e-06 -0.00740392

0.00467806 1.2763e-05 0.000313826
1.2763e-05 0.00452685 0.000544145
0.000313826 0.000544145 -0.0119278

0.00276528 -3.92832e-05 3.9605e-05
-3.92832e-05 0.00282576 1.87174e-05
3.9605e-05 1.87174e-05 -0.00750384

0.00280495 1.92574e-05 7.37419e-06
1.92574e-05 0.00281582 -2.27373e-05
7.37419e-06 -2.27373e-05 -0.00743828

0.00265024 5.93534e-06 2.50238e-05
5.93534e-06 0.00282894 -3.63443e-05
2.50238e-05 -3.63443e-05 -0.00742425

0.0046854 0.000760555 0.00101606
0.000760555 0.00485489 0.00165415
0.00101606 0.00165415 -0.0116871

0.00274823 6.02435e-06 6.70813e-05
6.02435e-06 0.00287531 1.01956e-05
6.70813e-05 1.01956e-05 -0.00743856

0.003458 0.000205934 -0.000144506
0.000205934 0.00333351 -7.41959e-05
-0.000144506 -7.41959e-05 -0.00888457

0.00422951 -0.000123496 1.55301e-05
-0.000123496 0.00419904 0.000189644
1.55301e-05 0.000189644 -0.0108912

0.00274699 1.90171e-05 2.68822e-05
1.90171e-05 0.00282289 -1.50149e-05
2.68822e-05 -1.50149e-05 -0.00740235

0.00370759 -0.000153839 -0.000101564
-0.000153839 0.00351193 -9.30019e-06
-0.000101564 -9.30019e-06 -0.00910687

0.00481209 7.08832e-05 0.0005962
7.08832e-05 0.00472723 -0.00063995
0.0005962 -0.00063995 -0.0124574

0.00465768 -0.000284931 0.00115487
-0.000284931 -0.000159687 0.00219863
0.00115487 0.00219863 -0.0117429

0.00374865 -0.000137018 -0.000154642
-0.000137018 0.0034861 -0.000108777
-0.000154642 -0.000108777 -0.00922296

0.0027391 1.78011e-05 7.36224e-05
1.78011e-05 0.00281 5.38415e-05
7.36224e-05 5.38415e-05 -0.00753862

-1.11022e-16 -1.11022e-16 0.00066412
-1.11022e-16 -2.22045e-16 0.00270964
0.00066412 0.00270964 -0.0104884

0.00290971 3.51537e-07 5.50644e-05
3.51537e-07 0.00297455 -7.99849e-05
5.50644e-05 -7.99849e-05 -0.00788371

0 -0.000367788 0.000795808
-0.000367788 0.00460247 0.00175953
0.000795808 0.00175953 -0.0103981

0.0027997 -2.93386e-05 9.47317e-05
-2.93386e-05 0.00289182 2.64858e-05
9.47317e-05 2.64858e-05 -0.00762978

0.00291475 -2.00491e-06 1.1526e-05
-2.00491e-06 0.00281323 7.7435e-05
1.1526e-05 7.7435e-05 -0.0076238

0.00320014 -6.89523e-05 -0.000100939
-6.89523e-05 0.00322034 -5.18008e-06
-0.000100939 -5.18008e-06 -0.00846355

0.00285878 6.91465e-05 8.54661e-05
6.91465e-05 0.00282348 2.16083e-06
8.54661e-05 2.16083e-06 -0.00741656

0.00280936 2.30111e-05 3.27805e-05
2.30111e-05 0.00289647 -3.88044e-05
3.27805e-05 -3.88044e-05 -0.00754696

0.00412508 -9.81077e-05 0.000193269
-9.81077e-05 0.00404993 0.000245222
0.000193269 0.000245222 -0.0104391

0.00462427 0.000215798 -0.000558627
0.000215798 0.00455324 5.27037e-05
-0.000558627 5.27037e-05 -0.0136823

0.00301866 3.05375e-05 0.000149833
3.05375e-05 0.00288523 6.52611e-05
0.000149833 6.52611e-05 -0.00765749

0.00401613 -3.88137e-05 2.71577e-05
-3.88137e-05 0.00384483 -0.00011037
2.71577e-05 -0.00011037 -0.00955461

0.00273951 2.25859e-05 6.86647e-05
2.25859e-05 0.00284746 -4.63353e-05
6.86647e-05 -4.63353e-05 -0.00757787

0.00402693 -0.000170868 8.07284e-05
-0.000170868 0.00399625 0.000155663
8.07284e-05 0.000155663 -0.0104256

0.00278038 -2.05361e-06 9.62405e-05
-2.05361e-06 0.00289566 4.88683e-05
9.62405e-05 4.88683e-05 -0.00772249

0.00280257 4.48326e-05 0.000189038
4.48326e-05 0.00293001 8.5722e-05
0.000189038 8.5722e-05 -0.00772611

0.00279606 5.8028e-05 0.000108132
5.8028e-05 0.00290953 -7.28299e-05
0.000108132 -7.28299e-05 -0.00775021

0.00292397 -5.33568e-05 -2.99622e-05
-5.33568e-05 0.00298278 0.000149356
-2.99622e-05 0.000149356 -0.00803856

0.00297689 1.11011e-06 0.000103945
1.11011e-06 0.00293641 2.33592e-05
0.000103945 2.33592e-05 -0.00812633

0.00300849 2.71448e-05 0.000154481
2.71448e-05 0.00292924 6.19989e-05
0.000154481 6.19989e-05 -0.00804582

0.00275812 5.31025e-05 8.90429e-05
5.31025e-05 0.00292793 -0.000118811
8.90429e-05 -0.000118811 -0.00766042

0.0046138 9.33377e-05 -3.14607e-05
9.33377e-05 0.00454591 -0.000806026
-3.14607e-05 -0.000806026 -0.0128957

0.00402674 -0.000172402 7.89858e-05
-0.000172402 0.00412585 0.000276867
7.89858e-05 0.000276867 -0.0103127

0.00282424 5.49678e-06 7.31374e-05
5.49678e-06 0.00292779 0.0001896
7.31374e-05 0.0001896 -0.00755123

0.00285801 3.88824e-05 -5.02928e-07
3.88824e-05 0.00288957 -6.4501e-05
-5.02928e-07 -6.4501e-05 -0.00759471

0.00422697 -4.5502e-06 0.000202157
-4.5502e-06 0.00413444 0.000242736
0.000202157 0.000242736 -0.0106872

0.00282388 5.33927e-06 5.49344e-05
5.33927e-06 0.002933 0.000119227
5.49344e-05 0.000119227 -0.00771945

0.00410818 0.000278222 0.000135414
0.000278222 0.00377649 -1.18321e-05
0.000135414 -1.18321e-05 -0.00989175

0.00417865 -0.000126472 0.000100011
-0.000126472 0.00365167 7.31619e-05
0.000100011 7.31619e-05 -0.0130377

0.00277792 -2.27869e-05 3.55692e-05
-2.27869e-05 0.00283505 3.92247e-05
3.55692e-05 3.92247e-05 -0.00743667

0.00439537 1.22693e-06 -9.49208e-05
1.22693e-06 0.00450506 -0.000928265
-9.49208e-05 -0.000928265 -0.011874

0.00404872 -7.14373e-05 0.000475601
-7.14373e-05 0.00442814 -0.000410315
0.000475601 -0.000410315 -0.0106031

0.00458815 0.00122576 -0.00121059
0.00122576 0.00539351 -0.000683718
-0.00121059 -0.000683718 -0.0140387

0.00425279 2.99259e-05 0.000140573
2.99259e-05 0.00416715 -0.000201249
0.000140573 -0.000201249 -0.0108057

0.00270507 -2.6386e-06 -9.36295e-05
-2.6386e-06 0.00285879 -9.18857e-05
-9.36295e-05 -9.18857e-05 -0.00751491

0.00373947 0.00143976 -0.000996096
0.00143976 0.00735788 -0.00101562
-0.000996096 -0.00101562 -0.0140546

0.00423852 3.08365e-05 -0.000170169
3.08365e-05 0.00415132 -0.000278824
-0.000170169 -0.000278824 -0.0109119

0.00413773 -0.000133055 0.000163536
-0.000133055 0.00413979 0.000308263
0.000163536 0.000308263 -0.0104235

0.00335615 1.37281e-05 -0.000189263
1.37281e-05 0.00332054 9.01059e-05
-0.000189263 9.01059e-05 -0.00872793

0.00406366 9.44773e-05 0.000127103
9.44773e-05 0.00422782 -0.000119064
0.000127103 -0.000119064 -0.0107338

0.0040131 -1.82763e-05 1.91945e-05
-1.82763e-05 0.0033997 -7.91125e-05
1.91945e-05 -7.91125e-05 -0.00920627

0.00521147 0.000280801 -0.0011634
0.000280801 0.00270106 0.000190785
-0.0011634 0.000190785 -0.0131071

0.00482226 0.000446415 -0.000853264
0.000446415 0.00287643 -0.000219042
-0.000853264 -0.000219042 -0.0130402

0.00317381 8.41585e-05 -0.000210254
8.41585e-05 0.00318605 2.18809e-05
-0.000210254 2.18809e-05 -0.00820472

0.00432838 0.000263128 -0.00116144
0.000263128 0.00407766 -0.00236617
-0.00116144 -0.00236617 -0.0125038

0.00302967 4.93769e-05 -2.92841e-05
4.93769e-05 0.00304686 9.95006e-05
-2.92841e-05 9.95006e-05 -0.00809659

0.00533438 -0.000167141 0.000688719
-0.000167141 0.0046299 -0.000529407
0.000688719 -0.000529407 -0.0128797

0.0042539 -3.52409e-05 -0.000218028
-3.52409e-05 0.00442274 -4.41851e-05
-0.000218028 -4.41851e-05 -0.0108291

0.00464648 0.000163542 -0.000562272
0.000163542 0.00415039 -0.00010131
-0.000562272 -0.00010131 -0.013732

0.00296932 2.76459e-05 -6.91301e-05
2.76459e-05 0.0029079 -2.11059e-05
-6.91301e-05 -2.11059e-05 -0.00784578

0.00274052 5.89892e-05 -9.17278e-06
5.89892e-05 0.00285332 -5.642e-05
-9.17278e-06 -5.642e-05 -0.0074113

0.00483895 -0.000354621 -0.001715
-0.000354621 0.00289908 0.000263592
-0.001715 0.000263592 -0.0101134

0.00417061 -0.00191641 -0.0026783
-0.00191641 0 -0.00393734
-0.0026783 -0.00393734 -0.0127863

0.00532711 0.000257772 -0.00170993
0.000257772 0.00270549 0.000309508
-0.00170993 0.000309508 -0.0111442

0.00436758 -0.000459439 -0.00262803
-0.000459439 0.00412418 0.00128946
-0.00262803 0.00128946 -0.0124859

0.00503907 0.000461561 -0.00163316
0.000461561 0.00287671 -0.000266258
-0.00163316 -0.000266258 -0.0103025

0.00459978 -0.00232887 -0.000639918
-0.00232887 0.000540963 0.00180771
-0.000639918 0.00180771 -0.0108211

0.00459873 -0.000460002 -0.00108762
-0.000460002 0.00412185 0.00142758
-0.00108762 0.00142758 -0.0108444

0.00478867 -0.00150938 -0.0018501
-0.00150938 0 0.000167576
-0.0018501 0.000167576 -0.0111479

0.00447673 -6.83042e-05 -0.000541352
-6.83042e-05 0.00431971 -0.000979031
-0.000541352 -0.000979031 -0.0117807

0.00356445 -0.00219645 -0.00115324
-0.00219645 0 -0.000175927
-0.00115324 -0.000175927 -0.0101452

0.0043173 3.1705e-05 -1.09082e-05
3.1705e-05 0.00418423 0.000593883
-1.09082e-05 0.000593883 -0.0114203

0.00318172 1.45258e-05 4.21198e-05
1.45258e-05 0.00303294 8.57999e-05
4.21198e-05 8.57999e-05 -0.00828693

0.00302082 -2.36263e-06 0.000212708
-2.36263e-06 0.00305559 8.67624e-05
0.000212708 8.67624e-05 -0.00845604

0.00580329 0.000177353 0.00188829
0.000177353 0.00277908 0.000333046
0.00188829 0.000333046 -0.0116258

0.00437282 -0.00019518 0.00221085
-0.00019518 0.00398427 -0.00123681
0.00221085 -0.00123681 -0.0121456

0.00434896 -0.00208104 0.00162802
-0.00208104 0 0.000565639
0.00162802 0.000565639 -0.0105875

0.00324194 0.000185682 3.086e-05
0.000185682 0.0031404 1.31289e-05
3.086e-05 1.31289e-05 -0.00866447

0.00315362 2.85418e-05 -6.29752e-05
2.85418e-05 0.00312699 -6.62906e-05
-6.29752e-05 -6.62906e-05 -0.00873538

0.00330894 0.000133945 3.42847e-05
0.000133945 0.00318108 3.2743e-05
3.42847e-05 3.2743e-05 -0.00873704

0.0032634 -3.07109e-05 9.83038e-05
-3.07109e-05 0.00297387 -7.19397e-05
9.83038e-05 -7.19397e-05 -0.00853588

0.00309721 4.17228e-05 -6.65875e-05
4.17228e-05 0.00309699 0.000116452
-6.65875e-05 0.000116452 -0.00861172

0.00322261 7.04648e-05 -5.11664e-05
7.04648e-05 0.00310208 1.54855e-05
-5.11664e-05 1.54855e-05 -0.00851101

0.00314057 -6.83792e-05 2.61708e-05
-6.83792e-05 0.00317763 -2.33223e-05
2.61708e-05 -2.33223e-05 -0.00866378

0.0057217 0.000274209 0.00164362
0.000274209 0.00385189 0.00135096
0.00164362 0.00135096 -0.0133579

0.00401304 -1.43918e-05 2.37585e-05
-1.43918e-05 0.00374965 -0.000158146
2.37585e-05 -0.000158146 -0.00950141

0.00457398 -5.9669e-05 0.000100992
-5.9669e-05 0.00440788 0.000743949
0.000100992 0.000743949 -0.0117729

0.00323751 -1.19029e-05 -3.70099e-05
-1.19029e-05 0.00308537 -1.9752e-05
-3.70099e-05 -1.9752e-05 -0.00850148

0.00455228 0.00092993 0.00187722
0.00092993 0.00434438 0.00108754
0.00187722 0.00108754 -0.0122052

0.00570655 -0.000342453 0.00191279
-0.000342453 0 0.000420167
0.00191279 0.000420167 -0.0114903

0.00320866 7.02209e-05 -7.94576e-05
7.02209e-05 0.0030948 3.01382e-05
-7.94576e-05 3.01382e-05 -0.00869387

0.00467497 0.00223805 0.000779611
0.00223805 0.000515307 0.00214545
0.000779611 0.00214545 -0.011742

0.00314919 -5.292e-05 -6.44855e-05
-5.292e-05 0.00316102 2.69808e-05
-6.44855e-05 2.69808e-05 -0.00858827

0.00376775 -0.000111478 -9.97712e-05
-0.000111478 0.0036558 -6.74004e-05
-9.97712e-05 -6.74004e-05 -0.009828

0.0039561 0.000110666 0.000128191
0.000110666 0.00364353 0.000201223
0.000128191 0.000201223 -0.00970063

0.00294736 1.64714e-05 -3.48742e-05
1.64714e-05 0.00285772 1.93757e-05
-3.48742e-05 1.93757e-05 -0.00772415

0.00313893 9.03139e-05 -2.23043e-05
9.03139e-05 0.00304558 5.9321e-05
-2.23043e-05 5.9321e-05 -0.00809386

0.00377996 2.93291e-05 0.000101464
2.93291e-05 0.00362218 -0.000134024
0.000101464 -0.000134024 -0.00962503

0.00402202 -7.57415e-05 4.77483e-05
-7.57415e-05 0.00376694 -0.000158728
4.77483e-05 -0.000158728 -0.0095037

0.00352895 -7.71688e-05 0.0002496
-7.71688e-05 0.0035264 -0.000150258
0.0002496 -0.000150258 -0.00868399

0.00296026 3.50523e-05 -0.000195148
3.50523e-05 0.00323591 -5.85237e-05
-0.000195148 -5.85237e-05 -0.00826342

0.00295918 2.0499e-05 -0.000201941
2.0499e-05 0.00309644 -0.000191463
-0.000201941 -0.000191463 -0.0082763

0.00384547 7.75348e-05 -3.22617e-05
7.75348e-05 0.00358299 0.00028638
-3.22617e-05 0.00028638 -0.00939604

0.00320753 -9.88331e-05 -5.79216e-05
-9.88331e-05 0.00322054 -5.06528e-05
-5.79216e-05 -5.06528e-05 -0.00871299

0.00402174 -4.53628e-05 6.83329e-05
-4.53628e-05 0.00340856 -8.69229e-05
6.83329e-05 -8.69229e-05 -0.00920798

0.00281412 5.69668e-06 3.99862e-05
5.69668e-06 0.00294829 -9.80963e-05
3.99862e-05 -9.80963e-05 -0.00768629

0.00277591 -2.32708e-05 9.30593e-05
-2.32708e-05 0.00286062 0.000108488
9.30593e-05 0.000108488 -0.00751462

0.00279967 -2.68536e-05 6.83187e-05
-2.68536e-05 0.0028496 0.00010389
6.83187e-05 0.00010389 -0.00749486

0.00303373 -0.000112568 -1.00644e-05
-0.000112568 0.00303724 3.73645e-06
-1.00644e-05 3.73645e-06 -0.00831102

0.00314599 -6.10218e-05 0.000172412
-6.10218e-05 0.0030614 -2.70769e-05
0.000172412 -2.70769e-05 -0.00867577

0.00283439 -1.16416e-05 1.49798e-05
-1.16416e-05 0.00289924 2.94059e-05
1.49798e-05 2.94059e-05 -0.00761277

0.0030127 -2.22344e-05 -1.03141e-05
-2.22344e-05 0.00287272 5.79283e-06
-1.03141e-05 5.79283e-06 -0.00779718

0.00285233 -3.585e-05 -0.000140021
-3.585e-05 0.00283366 -5.50408e-05
-0.000140021 -5.50408e-05 -0.00751719

0.00301965 -6.78912e-06 -4.45005e-06
-6.78912e-06 0.00288526 2.20977e-05
-4.45005e-06 2.20977e-05 -0.00785012

0.00315133 -2.568e-07 -8.92828e-05
-2.568e-07 0.00302299 -3.78831e-05
-8.92828e-05 -3.78831e-05 -0.00848439

0.00299401 7.24776e-05 5.1632e-05
7.24776e-05 0.003072 6.11585e-05
5.1632e-05 6.11585e-05 -0.00827446

0.00338482 -4.75771e-05 0.000126527
-4.75771e-05 0.00324373 0.000217759
0.000126527 0.000217759 -0.00898617

0.00295222 5.725e-05 9.53193e-05
5.725e-05 0.00307271 0.000125506
9.53193e-05 0.000125506 -0.00794511

0.00464369 0.000208481 0.000160203
0.000208481 0.00471288 7.13167e-05
0.000160203 7.13167e-05 -0.012932

0.00309964 -5.40775e-05 6.78851e-06
-5.40775e-05 0.00303197 4.4367e-05
6.78851e-06 4.4367e-05 -0.00834941

0.00403148 -0.000126601 8.78042e-05
-0.000126601 0.00429665 -9.67745e-05
8.78042e-05 -9.67745e-05 -0.010728

0.00401632 -3.52727e-05 3.59659e-05
-3.52727e-05 0.00348698 -0.000150796
3.59659e-05 -0.000150796 -0.00924276

0.00384374 6.65994e-05 0.000266202
6.65994e-05 0.0035595 -1.2011e-05
0.000266202 -1.2011e-05 -0.0092074

0.00309651 -8.70952e-05 -2.06545e-05
-8.70952e-05 0.00322096 -3.17645e-05
-2.06545e-05 -3.17645e-05 -0.00850517

0.00300221 -1.98431e-05 -9.62411e-05
-1.98431e-05 0.00291613 1.76694e-05
-9.62411e-05 1.76694e-05 -0.00780309

0.00317911 -0.000112421 -6.08056e-05
-0.000112421 0.00322626 -4.27774e-05
-6.08056e-05 -4.27774e-05 -0.00870628

0.00317911 -0.000126092 -6.81692e-05
-0.000126092 0.00307673 0.000168874
-6.81692e-05 0.000168874 -0.00843488

0.00291834 2.74834e-06 0.000273091
2.74834e-06 0.00286843 3.30873e-05
0.000273091 3.30873e-05 -0.00774451

0.00299269 6.73885e-05 2.36121e-05
6.73885e-05 0.00306797 4.97295e-05
2.36121e-05 4.97295e-05 -0.00827058

0.00297905 -2.14733e-05 1.07475e-05
-2.14733e-05 0.00288229 2.73955e-05
1.07475e-05 2.73955e-05 -0.00775951

0.00293689 4.91902e-05 9.48824e-05
4.91902e-05 0.00306862 0.000125362
9.48824e-05 0.000125362 -0.00794507

0.00306197 5.70951e-05 0.000135022
5.70951e-05 0.00305937 -1.70776e-05
0.000135022 -1.70776e-05 -0.00834081

0.0028675 3.42349e-05 0.000102264
3.42349e-05 0.00285124 0.000100794
0.000102264 0.000100794 -0.0076895

0.00382638 7.12936e-05 -0.000179148
7.12936e-05 0.00363707 5.17752e-05
-0.000179148 5.17752e-05 -0.00990542

0.00274886 4.787e-05 0.000139527
4.787e-05 0.00292823 -0.000118284
0.000139527 -0.000118284 -0.00769485

0.00435464 1.60428e-05 -0.000394263
1.60428e-05 0.00453908 -0.000255389
-0.000394263 -0.000255389 -0.0118073

0.00283112 -4.70085e-05 0.000121816
-4.70085e-05 0.00284838 3.03175e-05
0.000121816 3.03175e-05 -0.00773997

0.00329755 -9.86743e-05 2.21832e-05
-9.86743e-05 0.00355743 -0.000206407
2.21832e-05 -0.000206407 -0.00887038

0.00281354 9.55952e-07 4.15766e-05
9.55952e-07 0.00293286 -7.36175e-05
4.15766e-05 -7.36175e-05 -0.00768526

0.00283987 -3.2545e-05 -0.000215545
-3.2545e-05 0.00283657 -7.76386e-05
-0.000215545 -7.76386e-05 -0.00749481

0.00304577 -9.26127e-05 4.72836e-05
-9.26127e-05 0.00293676 5.10316e-05
4.72836e-05 5.10316e-05 -0.00807232

0.00284904 -3.21965e-05 -0.000166523
-3.21965e-05 0.00282989 -2.15606e-05
-0.000166523 -2.15606e-05 -0.00767193

0.00286941 1.79597e-05 0.000100512
1.79597e-05 0.00294078 0.000135682
0.000100512 0.000135682 -0.00769601

0.00439754 0.000100301 6.82137e-05
0.000100301 0.00443165 -7.00306e-05
6.82137e-05 -7.00306e-05 -0.0109948

0.00298557 -3.46235e-05 1.6199e-05
-3.46235e-05 0.00289491 4.20215e-05
1.6199e-05 4.20215e-05 -0.0078022

0.00293667 1.95471e-05 -7.6611e-05
1.95471e-05 0.00292642 2.42618e-05
-7.6611e-05 2.42618e-05 -0.00773887

0.00418575 2.90288e-05 -0.00199716
2.90288e-05 0.00279653 0.000597588
-0.00199716 0.000597588 -0.0100047

0.00317301 4.37419e-05 3.4673e-05
4.37419e-05 0.00309501 4.34154e-05
3.4673e-05 4.34154e-05 -0.00826873

0.00309017 4.13362e-05 -7.86388e-05
4.13362e-05 0.00311162 4.63484e-05
-7.86388e-05 4.63484e-05 -0.00830319

0.00313408 -2.98454e-06 -5.45482e-05
-2.98454e-06 0.00304818 2.40546e-06
-5.45482e-05 2.40546e-06 -0.00849614

0.00310098 -1.87655e-06 -6.2231e-05
-1.87655e-06 0.0031076 1.68748e-05
-6.2231e-05 1.68748e-05 -0.00849221

0.0028413 1.54431e-05 -2.35732e-06
1.54431e-05 0.00287293 -2.66617e-05
-2.35732e-06 -2.66617e-05 -0.00749419

0.00575983 -0.000871481 0.00102922
-0.000871481 0.00353896 -0.00107094
0.00102922 -0.00107094 -0.0113562

0.00329728 2.93353e-05 -8.42407e-05
2.93353e-05 0.0033376 0.000134055
-8.42407e-05 0.000134055 -0.00867206

0.00275578 -8.44534e-06 7.2766e-05
-8.44534e-06 0.00287122 7.67899e-05
7.2766e-05 7.67899e-05 -0.00752468

0.0031595 -4.6764e-05 0.000128889
-4.6764e-05 0.00303383 -4.58764e-05
0.000128889 -4.58764e-05 -0.00855287

0.00330438 -4.84666e-05 0.000102348
-4.84666e-05 0.0030614 -4.16183e-05
0.000102348 -4.16183e-05 -0.00872595

0.00295147 4.46514e-05 9.42115e-05
4.46514e-05 0.00289909 7.71576e-05
9.42115e-05 7.71576e-05 -0.00792441

0.00290089 -2.52643e-05 1.48843e-05
-2.52643e-05 0.00285508 -1.63295e-06
1.48843e-05 -1.63295e-06 -0.00760052

0.00276904 2.36855e-05 2.88806e-05
2.36855e-05 0.00286623 6.3631e-06
2.88806e-05 6.3631e-06 -0.0074332

0.00280408 4.65641e-07 9.15199e-05
4.65641e-07 0.00285028 5.05276e-05
9.15199e-05 5.05276e-05 -0.00755651

0.00275138 -7.25091e-06 4.70457e-05
-7.25091e-06 0.00287091 8.18961e-05
4.70457e-05 8.18961e-05 -0.0074914

0.00278456 1.0925e-05 8.6284e-05
1.0925e-05 0.00284476 5.53987e-05
8.6284e-05 5.53987e-05 -0.00750878

0.00300749 -3.65064e-06 5.85923e-05
-3.65064e-06 0.00291331 -3.25753e-05
5.85923e-05 -3.25753e-05 -0.00805772

0.00297189 4.53628e-05 2.33475e-06
4.53628e-05 0.00319649 0.000178031
2.33475e-06 0.000178031 -0.00809608

0.00321149 -1.64532e-05 0.000108458
-1.64532e-05 0.00305146 -5.78194e-05
0.000108458 -5.78194e-05 -0.00854487

0.00297324 -8.13057e-06 -1.0151e-06
-8.13057e-06 0.00288181 -1.1231e-05
-1.0151e-06 -1.1231e-05 -0.00779613

0.00274556 9.20691e-06 1.00345e-05
9.20691e-06 0.00291444 6.51721e-05
1.00345e-05 6.51721e-05 -0.00756321

0.00336711 9.63366e-05 0.000194334
9.63366e-05 0.00335526 -0.000129124
0.000194334 -0.000129124 -0.00860514

0.00295542 3.73892e-05 2.96999e-05
3.73892e-05 0.00305559 3.20031e-05
2.96999e-05 3.20031e-05 -0.00828144

0.00318607 5.9239e-05 -0.000107734
5.9239e-05 0.00295226 -2.45157e-05
-0.000107734 -2.45157e-05 -0.00830462

0.00286239 -4.96974e-05 0.000129658
-4.96974e-05 0.0028463 -2.68414e-05
0.000129658 -2.68414e-05 -0.00756357

0.00290732 -4.84986e-05 1.73687e-05
-4.84986e-05 0.00283829 5.32872e-05
1.73687e-05 5.32872e-05 -0.0076401

0.0027758 2.16329e-05 6.44955e-05
2.16329e-05 0.00286657 3.89294e-05
6.44955e-05 3.89294e-05 -0.00750974

0.00299514 -1.11173e-05 -4.21281e-05
-1.11173e-05 0.00283926 -6.52159e-05
-4.21281e-05 -6.52159e-05 -0.00780161

0.00276333 4.28508e-05 6.72554e-05
4.28508e-05 0.00284136 -5.57922e-06
6.72554e-05 -5.57922e-06 -0.00739856

0.00277731 -4.32395e-06 7.66062e-05
-4.32395e-06 0.0028111 6.36198e-05
7.66062e-05 6.36198e-05 -0.00741873

0.002847 -2.37951e-05 0.000150824
-2.37951e-05 0.0028485 -8.61719e-05
0.000150824 -8.61719e-05 -0.00758038

0.00442539 0.000173076 0.000213829
0.000173076 0.00428941 -0.000473696
0.000213829 -0.000473696 -0.0115445

0.00438814 -1.04684e-05 -0.00039923
-1.04684e-05 0.00449211 -0.000168225
-0.00039923 -0.000168225 -0.0119085

0.00277314 -5.17177e-05 2.98491e-05
-5.17177e-05 0.00284501 3.33698e-05
2.98491e-05 3.33698e-05 -0.00749318

0.00285892 -3.38531e-05 0.000117856
-3.38531e-05 0.00282526 1.58795e-05
0.000117856 1.58795e-05 -0.00760128

0.00285174 -1.05529e-05 0.000143311
-1.05529e-05 0.00284828 -4.13224e-05
0.000143311 -4.13224e-05 -0.00768496

0.00428118 1.61683e-05 2.80047e-05
1.61683e-05 0.00433241 8.96118e-05
2.80047e-05 8.96118e-05 -0.0111864

0.00428858 -1.65547e-05 0.000127859
-1.65547e-05 0.00410592 0.000312635
0.000127859 0.000312635 -0.0107078

0.00449718 0.000100791 -7.68999e-05
0.000100791 0.00457615 -0.000895219
-7.68999e-05 -0.000895219 -0.0119665

0.00433238 0.000101604 0.000223227
0.000101604 0.00421449 0.000239603
0.000223227 0.000239603 -0.0110298

0.00445337 0.0001848 -0.000177427
0.0001848 0.00443304 0.000494557
-0.000177427 0.000494557 -0.0124435

0 0 0.000888396
0 0 -0.00232035
0.000888396 -0.00232035 -0.0109936

0.00413143 -0.00112041 0.00101532
-0.00112041 0.000225893 -0.00254875
0.00101532 -0.00254875 -0.0114724

0.00396148 -0.000631208 0.000952682
-0.000631208 0.00518334 -0.00131452
0.000952682 -0.00131452 -0.011321

0.00417729 -0.000409886 -0.000692438
-0.000409886 0.00443965 -0.000922821
-0.000692438 -0.000922821 -0.0138355

0.00301676 -0.000422221 0.000372038
-0.000422221 0.00455139 -0.000405915
0.000372038 -0.000405915 -0.0123757

0.00425817 -0.000219784 4.24599e-05
-0.000219784 0.00516941 0.00126143
4.24599e-05 0.00126143 -0.0130595

0.00577398 -3.81196e-06 -0.000371931
-3.81196e-06 0.00460937 0.000238508
-0.000371931 0.000238508 -0.0129844

0.00279666 -5.15099e-05 8.95472e-05
-5.15099e-05 0.00293583 1.57036e-05
8.95472e-05 1.57036e-05 -0.00763507

0 0.000401625 0.00100849
0.000401625 0.00510497 -0.00157522
0.00100849 -0.00157522 -0.0110044

0.0028451 7.98464e-06 -0.000172219
7.98464e-06 0.00294706 -2.67072e-05
-0.000172219 -2.67072e-05 -0.00791403

0.0029854 -3.57196e-05 4.03764e-05
-3.57196e-05 0.00303266 4.22909e-05
4.03764e-05 4.22909e-05 -0.00801023

0.00302336 5.54924e-05 -1.11105e-05
5.54924e-05 0.00304433 6.79587e-05
-1.11105e-05 6.79587e-05 -0.00809194

0.00356818 0.00021686 0.000136137
0.00021686 0.00360709 -6.72985e-05
0.000136137 -6.72985e-05 -0.00914582

0.00296176 3.12286e-05 -8.97217e-05
3.12286e-05 0.00292595 2.4824e-05
-8.97217e-05 2.4824e-05 -0.00773955

0.0036762 -0.000497963 -0.00121664
-0.000497963 0.00640732 0.00153653
-0.00121664 0.00153653 -0.013863

0.00334798 0.000332054 0.000377928
0.000332054 0.00448538 -0.000150494
0.000377928 -0.000150494 -0.0116991

0.00295358 2.84046e-07 -3.758e-05
2.84046e-07 0.00288912 1.29706e-05
-3.758e-05 1.29706e-05 -0.00778236

0.00453046 -0.000153611 0.000363626
-0.000153611 0.00485484 0.000602702
0.000363626 0.000602702 -0.0128579

0.00294873 -8.6981e-05 6.19011e-05
-8.6981e-05 0.0028552 3.55073e-05
6.19011e-05 3.55073e-05 -0.00768758

0.00295467 -9.25029e-05 1.76792e-05
-9.25029e-05 0.00303596 3.06389e-05
1.76792e-05 3.06389e-05 -0.00801852

0.00290766 2.91599e-06 -3.2391e-06
2.91599e-06 0.00286373 0.000121943
-3.2391e-06 0.000121943 -0.00791651

0.00468063 -8.08495e-05 0.000376038
-8.08495e-05 0.00459846 -0.000887513
0.000376038 -0.000887513 -0.0126687

0.00300733 1.45932e-05 5.27455e-05
1.45932e-05 0.00281741 -1.08517e-05
5.27455e-05 -1.08517e-05 -0.0076905

0.00277648 3.71749e-05 0.000137787
3.71749e-05 0.00283121 0.000196576
0.000137787 0.000196576 -0.00743606

0.00295188 6.33234e-05 -1.00784e-05
6.33234e-05 0.00283878 6.94135e-05
-1.00784e-05 6.94135e-05 -0.00768176

0.00300676 1.18688e-05 5.68107e-05
1.18688e-05 0.00288461 -9.95402e-06
5.68107e-05 -9.95402e-06 -0.00771517

0.00471428 -5.67626e-05 0.000593367
-5.67626e-05 0.00501979 0.000656874
0.000593367 0.000656874 -0.0127695

0.00462951 6.6723e-05 3.92128e-05
6.6723e-05 0.00504146 0.00126021
3.92128e-05 0.00126021 -0.0128502

0.00277517 3.36807e-05 0.000129804
3.36807e-05 0.00288482 0.00020571
0.000129804 0.00020571 -0.00747008

0.00279207 3.52828e-05 9.40342e-05
3.52828e-05 0.00291843 0.000138487
9.40342e-05 0.000138487 -0.0075094

0.00278082 5.96518e-05 0.000116377
5.96518e-05 0.00294601 0.000239944
0.000116377 0.000239944 -0.00759636

0.00279572 3.85542e-05 6.37301e-05
3.85542e-05 0.00292048 9.13537e-05
6.37301e-05 9.13537e-05 -0.00771071

0.00278081 6.01476e-05 0.000120659
6.01476e-05 0.0029327 0.000170703
0.000120659 0.000170703 -0.00757579

0.00437905 -0.000167727 0.000424774
-0.000167727 0.00452626 0.000612228
0.000424774 0.000612228 -0.0116873

0.00472811 3.40499e-05 -8.72321e-05
3.40499e-05 0.00493995 -0.000856853
-8.72321e-05 -0.000856853 -0.0131168

0.00304885 -1.55699e-06 6.98421e-05
-1.55699e-06 0.00288861 -2.38351e-05
6.98421e-05 -2.38351e-05 -0.00803793

0.00389423 -8.58973e-05 -3.15786e-05
-8.58973e-05 0.00370039 0.000274061
-3.15786e-05 0.000274061 -0.00973152

0.00424029 -0.000466027 0.000389875
-0.000466027 0.00491672 -0.000963767
0.000389875 -0.000963767 -0.0131365

0.00328654 2.83579e-05 5.81238e-07
2.83579e-05 0.00306807 -0.000172648
5.81238e-07 -0.000172648 -0.00851447

0.00332767 -0.000130973 0.000122592
-0.000130973 0.00325749 -6.36313e-05
0.000122592 -6.36313e-05 -0.00872312

0.00393621 -0.000145235 0.000140422
-0.000145235 0.00435101 7.27854e-05
0.000140422 7.27854e-05 -0.0108764

0.00303906 1.45125e-05 -4.75728e-05
1.45125e-05 0.00286431 0.000113185
-4.75728e-05 0.000113185 -0.00795475

0.00391075 -7.13263e-07 -0.000285182
-7.13263e-07 0.00369571 0.000280644
-0.000285182 0.000280644 -0.00972932

0.00337514 -2.55339e-05 -0.000102842
-2.55339e-05 0.00337624 0.000144975
-0.000102842 0.000144975 -0.00890472

0.00430352 7.56366e-05 0.000189451
7.56366e-05 0.00421808 0.000217846
0.000189451 0.000217846 -0.0110666

0.00338504 2.88343e-05 -7.73004e-05
2.88343e-05 0.00315501 -0.000505516
-7.73004e-05 -0.000505516 -0.00879764

0.00392431 -9.57744e-05 0.000198839
-9.57744e-05 0.00431819 1.78103e-05
0.000198839 1.78103e-05 -0.010959

0.00452259 0.000183523 0.000141812
0.000183523 0.00496399 0.000173834
0.000141812 0.000173834 -0.0136557

0.00418055 0.000139087 0.00025609
0.000139087 0.0043185 -0.000482745
0.00025609 -0.000482745 -0.01115

0.00431616 0.000197487 0.000220507
0.000197487 0.00401984 -0.000348119
0.000220507 -0.000348119 -0.0107602

0.0049804 -0.000143013 -0.000334568
-0.000143013 0.00482148 0.000782153
-0.000334568 0.000782153 -0.0124431

0.00441632 0.000161243 3.83193e-05
0.000161243 0.00432545 -0.000346916
3.83193e-05 -0.000346916 -0.0110537

0.00386532 -7.36028e-05 0.000139135
-7.36028e-05 0.00407928 0.000140286
0.000139135 0.000140286 -0.0103463

0.00306081 8.24698e-06 -6.01106e-05
8.24698e-06 0.00289009 -5.73626e-06
-6.01106e-05 -5.73626e-06 -0.00785982

0.0037267 4.61573e-05 0.000108734
4.61573e-05 0.00433162 -4.64478e-05
0.000108734 -4.64478e-05 -0.0103906

0.00474638 9.53319e-05 0.000100886
9.53319e-05 0.00461339 0.000437262
0.000100886 0.000437262 -0.0129728

0.00281979 -3.62628e-06 1.60328e-05
-3.62628e-06 0.0029017 1.54957e-05
1.60328e-05 1.54957e-05 -0.00754905

0.00299002 -4.30939e-06 -8.4001e-05
-4.30939e-06 0.00291266 3.18111e-05
-8.4001e-05 3.18111e-05 -0.00776124

0.00278803 4.05509e-05 0.000106652
4.05509e-05 0.00292226 -4.20398e-05
0.000106652 -4.20398e-05 -0.00777111

0.00433939 -3.67623e-05 9.11775e-05
-3.67623e-05 0.00434516 0.00016537
9.11775e-05 0.00016537 -0.0113783

0.00295769 -0.000103666 0.000202346
-0.000103666 0.00328456 -4.97555e-05
0.000202346 -4.97555e-05 -0.00839451

0.00307944 2.36506e-05 -7.33811e-05
2.36506e-05 0.00321057 -3.38275e-05
-7.33811e-05 -3.38275e-05 -0.00807813

0.0029406 -5.5479e-06 -7.1526e-05
-5.5479e-06 0.00259804 -0.000416236
-7.1526e-05 -0.000416236 -0.00775347

0.00365219 0.000204286 0.000140256
0.000204286 0.00413059 -5.59773e-05
0.000140256 -5.59773e-05 -0.00999225

0.0036663 0.000124502 0.00026585
0.000124502 0.00370967 -5.45993e-05
0.00026585 -5.45993e-05 -0.00941014

0.0044357 -0.00015232 9.16372e-05
-0.00015232 0.00447552 0.000197643
9.16372e-05 0.000197643 -0.0115083

0.0043821 0.000297529 2.18787e-05
0.000297529 0.00403881 -0.000259954
2.18787e-05 -0.000259954 -0.0104408

0.00419309 2.81254e-05 0.000319409
2.81254e-05 0.00384551 4.21133e-05
0.000319409 4.21133e-05 -0.0106897

0.00481268 -7.67268e-05 -4.05611e-05
-7.67268e-05 0.00492113 -0.000966205
-4.05611e-05 -0.000966205 -0.0131052

0.00360006 0.000531751 -0.000120178
0.000531751 0.00386751 -0.000351426
-0.000120178 -0.000351426 -0.00941289

0.00409801 0.000189351 -4.14695e-05
0.000189351 0.00397841 -0.000262778
-4.14695e-05 -0.000262778 -0.0102232

0.00454633 0.000106997 -0.00011072
0.000106997 0.00461107 -0.000295912
-0.00011072 -0.000295912 -0.0118726

0.0049911 0.000299226 -0.000520619
0.000299226 0.00498994 -7.28556e-05
-0.000520619 -7.28556e-05 -0.0139233

0.00294138 2.06797e-05 -0.000100798
2.06797e-05 0.00292476 1.2938e-05
-0.000100798 1.2938e-05 -0.00773671

0.0034338 -6.89059e-06 0.000197866
-6.89059e-06 0.00367402 -0.000100402
0.000197866 -0.000100402 -0.00915048

0.00420679 -4.3909e-05 0.0001643
-4.3909e-05 0.0042482 -2.03111e-05
0.0001643 -2.03111e-05 -0.0107242

0.00363281 0.000131085 0.000194729
0.000131085 0.00355766 -7.0908e-05
0.000194729 -7.0908e-05 -0.00939166

0.00358731 0.000126951 0.000101159
0.000126951 0.00364515 -0.000126689
0.000101159 -0.000126689 -0.00927222

0.00428155 0.00438113 -0.000482156
0.00438113 -1.11022e-16 -5.51999e-05
-0.000482156 -5.51999e-05 -0.0101208

0.0044082 -2.6668e-05 -0.00171962
-2.6668e-05 0.00371636 -0.00107596
-0.00171962 -0.00107596 -0.0110153

0.00336672 -7.43313e-05 0.000178219
-7.43313e-05 0.00360339 -4.79071e-05
0.000178219 -4.79071e-05 -0.00908076

0.00431742 -3.00065e-05 -2.83069e-05
-3.00065e-05 0.00472036 -0.000690786
-2.83069e-05 -0.000690786 -0.012774

0.00283806 -2.37983e-05 2.92066e-05
-2.37983e-05 0.00290055 1.7584e-05
2.92066e-05 1.7584e-05 -0.00758961

0.0042022 -3.08705e-05 0.000222535
-3.08705e-05 0.00426339 -6.18258e-05
0.000222535 -6.18258e-05 -0.0111692

0.00461578 5.20052e-06 -0.000594475
5.20052e-06 0.00477941 -0.000273615
-0.000594475 -0.000273615 -0.0129067

0 0 -0.00198517
0 0 -0.000135612
-0.00198517 -0.000135612 -0.0101745

0.00282998 1.07435e-05 2.57056e-05
1.07435e-05 0.00288385 2.8268e-05
2.57056e-05 2.8268e-05 -0.00759032

0.00289195 4.51632e-05 2.50503e-05
4.51632e-05 0.00290293 2.72426e-05
2.50503e-05 2.72426e-05 -0.00760066

0.00338472 4.64921e-05 8.71286e-05
4.64921e-05 0.00316928 8.25964e-05
8.71286e-05 8.25964e-05 -0.00875244

0.00294753 3.47446e-05 9.99356e-05
3.47446e-05 0.00295124 0.000180103
9.99356e-05 0.000180103 -0.0079512

0.00311158 3.88811e-05 8.72367e-05
3.88811e-05 0.00318809 -0.000181362
8.72367e-05 -0.000181362 -0.0082673

0.0031551 3.17182e-05 -3.94008e-05
3.17182e-05 0.00324123 8.37637e-06
-3.94008e-05 8.37637e-06 -0.00839723

0.00313889 3.40036e-05 2.64636e-05
3.40036e-05 0.0034306 -6.99099e-05
2.64636e-05 -6.99099e-05 -0.00856682

0.00326873 1.69592e-05 0.000134467
1.69592e-05 0.00322229 -0.000121021
0.000134467 -0.000121021 -0.00844946

0.00326855 -1.42933e-05 -8.10227e-06
-1.42933e-05 0.0031132 -9.24156e-05
-8.10227e-06 -9.24156e-05 -0.00831878

0.00315612 3.06502e-05 -3.65087e-05
3.06502e-05 0.0031314 -2.02053e-05
-3.65087e-05 -2.02053e-05 -0.00839494

0 -0.00204076 -0.000365502
-0.00204076 0.00370788 -0.00125523
-0.000365502 -0.00125523 -0.0107329

0 0 -0.00198517
0 0 -0.000135612
-0.00198517 -0.000135612 -0.0101745

0.00320474 0.00013117 -2.58831e-05
0.00013117 0.00333732 3.58223e-05
-2.58831e-05 3.58223e-05 -0.00851983

0.00320269 2.82823e-05 -0.000102403
2.82823e-05 0.00302947 -7.47998e-05
-0.000102403 -7.47998e-05 -0.00791725

0.00452684 0.000160023 0.000400643
0.000160023 0.00426461 -0.000430621
0.000400643 -0.000430621 -0.0113706

0.00391777 -0.0017658 -0.000383372
-0.0017658 0 -0.00188179
-0.000383372 -0.00188179 -0.0108377

0.00300432 1.10618e-05 4.65373e-05
1.10618e-05 0.00316173 -6.2601e-05
4.65373e-05 -6.2601e-05 -0.00832088

0.00280953 -4.36013e-05 -6.68575e-05
-4.36013e-05 0.00289793 0.000135671
-6.68575e-05 0.000135671 -0.00748047

0.00303316 -1.11049e-05 3.28802e-06
-1.11049e-05 0.00313509 4.15967e-05
3.28802e-06 4.15967e-05 -0.00823625

0.00310134 -1.04973e-05 -3.14491e-05
-1.04973e-05 0.00303503 5.51888e-05
-3.14491e-05 5.51888e-05 -0.00819368

0.00285382 -8.23561e-05 -6.09299e-05
-8.23561e-05 0.00292021 0.000190171
-6.09299e-05 0.000190171 -0.00778597

0.0028817 -8.90864e-05 -0.00013167
-8.90864e-05 0.00286427 0.000106818
-0.00013167 0.000106818 -0.00778167

0.00295822 -4.98302e-05 3.8417e-05
-4.98302e-05 0.00300912 -2.01591e-05
3.8417e-05 -2.01591e-05 -0.00794057

0.00418372 2.13863e-05 0.000416276
2.13863e-05 0.00433254 4.39337e-05
0.000416276 4.39337e-05 -0.0112308

0.0029418 -8.99502e-05 -6.22246e-05
-8.99502e-05 0.00300182 -0.000195292
-6.22246e-05 -0.000195292 -0.00805749

0.00293944 2.03714e-05 -8.65769e-05
2.03714e-05 0.00293626 -7.30214e-06
-8.65769e-05 -7.30214e-06 -0.0077969

0.00467085 8.20536e-05 0.000497529
8.20536e-05 0.00478788 0.000138646
0.000497529 0.000138646 -0.0128299

0.00320372 6.11817e-05 -6.18638e-05
6.11817e-05 0.00313734 -2.10547e-05
-6.18638e-05 -2.10547e-05 -0.00865467

0.00282215 -5.71037e-05 -0.000118689
-5.71037e-05 0.0028491 7.51238e-05
-0.000118689 7.51238e-05 -0.00748026

0.00289736 4.67783e-06 2.95878e-05
4.67783e-06 0.00287573 3.17942e-05
2.95878e-05 3.17942e-05 -0.00770379

0.00291696 -0.000111748 1.08161e-05
-0.000111748 0.00298619 -8.67825e-05
1.08161e-05 -8.67825e-05 -0.00770829

0.00442992 0.000210768 -0.000852059
0.000210768 0.00446224 0.000157362
-0.000852059 0.000157362 -0.0115664

0.00297147 -4.35314e-05 8.0759e-05
-4.35314e-05 0.00310474 -3.10725e-05
8.0759e-05 -3.10725e-05 -0.00812185

0.00281698 -8.04064e-06 0.000170853
-8.04064e-06 0.00304351 8.29654e-05
0.000170853 8.29654e-05 -0.00779228

0.00294746 3.56737e-05 0.00010468
3.56737e-05 0.00294259 9.15873e-05
0.00010468 9.15873e-05 -0.00793914

0.00498652 0.000253439 -0.000571712
0.000253439 0.00481641 -0.000188127
-0.000571712 -0.000188127 -0.0139429

0.00286466 -9.45553e-06 0.000112136
-9.45553e-06 0.00286382 3.91423e-05
0.000112136 3.91423e-05 -0.00770754

0.00287854 9.77999e-05 -0.000107296
9.77999e-05 0.00283177 1.61782e-05
-0.000107296 1.61782e-05 -0.00765788

0.00290938 -4.19025e-05 0.000175629
-4.19025e-05 0.00286233 -8.47092e-05
0.000175629 -8.47092e-05 -0.00765323

0.0028925 -7.89683e-05 0.000116042
-7.89683e-05 0.00289201 -9.36777e-05
0.000116042 -9.36777e-05 -0.00756717

0.00282817 -3.49061e-05 2.77846e-05
-3.49061e-05 0.00293503 -5.50854e-05
2.77846e-05 -5.50854e-05 -0.00766915

0.00310077 -6.09542e-05 0.000119668
-6.09542e-05 0.0030305 6.52418e-05
0.000119668 6.52418e-05 -0.008537

0.00280681 3.34622e-05 0.000184233
3.34622e-05 0.00283046 0.000163482
0.000184233 0.000163482 -0.00744637

0.00418219 -7.53488e-05 0.000116965
-7.53488e-05 0.00428981 0.000335392
0.000116965 0.000335392 -0.0105744

0.00463032 3.01739e-05 -0.000851934
3.01739e-05 0.00459513 0.000313729
-0.000851934 0.000313729 -0.0123866

0.0030843 6.23439e-05 1.14254e-05
6.23439e-05 0.00327173 -1.43896e-05
1.14254e-05 -1.43896e-05 -0.00847801

0.00280165 -2.88702e-06 8.56934e-05
-2.88702e-06 0.00292532 0.000207769
8.56934e-05 0.000207769 -0.00765871

0.0030716 6.64649e-06 -4.09869e-05
6.64649e-06 0.00303352 -0.000181729
-4.09869e-05 -0.000181729 -0.0080594

0.0028935 -2.09468e-05 0.000210303
-2.09468e-05 0.00283605 -4.61609e-05
0.000210303 -4.61609e-05 -0.00763935

0.00281947 -5.98124e-05 0.000156756
-5.98124e-05 0.0028859 -9.24958e-05
0.000156756 -9.24958e-05 -0.0076176

0.00277915 -6.64399e-05 0.000115678
-6.64399e-05 0.00288467 -7.73442e-05
0.000115678 -7.73442e-05 -0.00753852

0.00282439 -2.41257e-05 0.000177469
-2.41257e-05 0.00289346 -4.86898e-05
0.000177469 -4.86898e-05 -0.00761306

0.00284556 -5.86997e-06 4.76551e-05
-5.86997e-06 0.0029257 -4.72004e-05
4.76551e-05 -4.72004e-05 -0.00762077

0.00281841 -2.94775e-05 0.000121231
-2.94775e-05 0.0028657 -7.53071e-05
0.000121231 -7.53071e-05 -0.00741717

0.0028931 2.86924e-05 0.000158678
2.86924e-05 0.0028537 0.000137267
0.000158678 0.000137267 -0.00762279

0.00289963 2.76684e-05 0.000216466
2.76684e-05 0.00281298 4.23859e-05
0.000216466 4.23859e-05 -0.00754942

0.00406547 -0.000159826 -9.11332e-05
-0.000159826 0.00400093 -0.000203896
-9.11332e-05 -0.000203896 -0.0102349

0.0029632 -7.31242e-06 -1.03416e-06
-7.31242e-06 0.00294842 -5.91655e-05
-1.03416e-06 -5.91655e-05 -0.00783088

0.0027858 4.31543e-05 0.000101093
4.31543e-05 0.00289065 0.000203737
0.000101093 0.000203737 -0.00760556

0.00290733 -8.43791e-05 4.61462e-05
-8.43791e-05 0.00285118 4.3979e-05
4.61462e-05 4.3979e-05 -0.00771084

0.00462204 2.0599e-05 -0.000628684
2.0599e-05 0.0046848 -0.000369738
-0.000628684 -0.000369738 -0.012721

0.00496194 0.00031863 -0.000509496
0.00031863 0.00468546 -0.000459089
-0.000509496 -0.000459089 -0.0138325

0.00283558 4.64755e-05 0.000120945
4.64755e-05 0.00288022 0.00021969
0.000120945 0.00021969 -0.00761774

0.00283607 -6.80258e-07 9.77614e-05
-6.80258e-07 0.00290665 0.000230352
9.77614e-05 0.000230352 -0.00768217

0.00298852 2.74975e-05 0.000159086
2.74975e-05 0.00289681 8.30534e-05
0.000159086 8.30534e-05 -0.0078813

0.00279497 1.57944e-05 0.000142023
1.57944e-05 0.00284089 0.000169038
0.000142023 0.000169038 -0.00746915

0.00419609 -0.000204704 0.000326753
-0.000204704 0.00412505 -0.00021748
0.000326753 -0.00021748 -0.00988664

0.00333686 -3.92622e-05 5.41004e-05
-3.92622e-05 0.00307263 -0.000221777
5.41004e-05 -0.000221777 -0.00846357

0.00296288 3.85402e-05 8.72888e-05
3.85402e-05 0.00289645 7.7611e-05
8.72888e-05 7.7611e-05 -0.007922

0.0029584 5.24324e-05 8.01318e-05
5.24324e-05 0.0029794 0.000147382
8.01318e-05 0.000147382 -0.0079155

0.00282742 -3.92217e-07 0.0001225
-3.92217e-07 0.00306428 0.000132856
0.0001225 0.000132856 -0.00769365

0.00292173 1.29631e-05 4.92039e-05
1.29631e-05 0.00305896 0.000113568
4.92039e-05 0.000113568 -0.00794772

0.00470926 -0.000135151 -0.000636422
-0.000135151 0.00408086 -0.000195878
-0.000636422 -0.000195878 -0.0127493

0.00456044 0.00012855 -0.000547759
0.00012855 0.0050109 -0.000408995
-0.000547759 -0.000408995 -0.0132905

0.00284145 5.81928e-05 -5.44011e-06
5.81928e-05 0.00287366 1.39374e-05
-5.44011e-06 1.39374e-05 -0.00752982

0.00439837 3.70381e-05 -0.000289771
3.70381e-05 0.00417373 0.000591579
-0.000289771 0.000591579 -0.0113654

0.00440721 7.95055e-05 0.000208139
7.95055e-05 0.0041653 -0.000161397
0.000208139 -0.000161397 -0.0110955

0.00279997 2.78469e-05 0.000120113
2.78469e-05 0.00286282 0.000156065
0.000120113 0.000156065 -0.00759661

0.00416578 9.06997e-05 -0.000207114
9.06997e-05 0.00390499 0.000231331
-0.000207114 0.000231331 -0.0105253

0.00293997 3.32447e-05 -0.00012227
3.32447e-05 0.0028728 2.23538e-05
-0.00012227 2.23538e-05 -0.00765764

0.00448406 0.000104888 -0.000434151
0.000104888 0.00462431 -0.00024793
-0.000434151 -0.00024793 -0.0121136

0.00280067 -7.61364e-06 8.45232e-05
-7.61364e-06 0.00291363 0.000230538
8.45232e-05 0.000230538 -0.00758796

0.00284569 2.52172e-05 -3.77102e-05
2.52172e-05 0.00292558 4.90671e-05
-3.77102e-05 4.90671e-05 -0.00764889

0.00290332 4.33646e-05 4.70411e-05
4.33646e-05 0.00292822 5.57675e-05
4.70411e-05 5.57675e-05 -0.00765395

0.00309379 -9.96592e-05 -2.56458e-05
-9.96592e-05 0.00313193 -6.12782e-05
-2.56458e-05 -6.12782e-05 -0.00817532

0.00348103 -9.93011e-05 -6.03166e-05
-9.93011e-05 0.00349629 -3.33046e-05
-6.03166e-05 -3.33046e-05 -0.00900282

0.00509691 0.000184816 0.00024557
0.000184816 0.00459022 0.000505401
0.00024557 0.000505401 -0.0131684

0.0045827 -4.75652e-06 0.000744132
-4.75652e-06 0.00278177 -4.53245e-06
0.000744132 -4.53245e-06 -0.0128665

0.0050732 -6.38083e-05 0.000286478
-6.38083e-05 0.00348914 -0.00035714
0.000286478 -0.00035714 -0.0121312

0.00460032 0.000212451 0.000755183
0.000212451 0.00378903 -0.000211103
0.000755183 -0.000211103 -0.0129299

0.00455779 -0.000105284 2.43329e-05
-0.000105284 0.0055033 0.00140778
2.43329e-05 0.00140778 -0.014599

0.00505827 -1.81939e-05 0.000444597
-1.81939e-05 0.00397574 -0.000111014
0.000444597 -0.000111014 -0.0129564

0.00300516 5.21902e-05 -5.13848e-05
5.21902e-05 0.00291537 -6.35703e-05
-5.13848e-05 -6.35703e-05 -0.0076788

0.00418416 -1.60279e-05 0.000128367
-1.60279e-05 0.00413774 0.000234574
0.000128367 0.000234574 -0.0107932

0.00444815 -0.000174165 -0.000521256
-0.000174165 0.0050461 0.000644618
-0.000521256 0.000644618 -0.0131804

0.00363216 -2.08687e-05 7.44829e-05
-2.08687e-05 0.00369147 0.000251399
7.44829e-05 0.000251399 -0.00965841

0.0035355 -6.68956e-05 0.000204508
-6.68956e-05 0.00373629 0.00010835
0.000204508 0.00010835 -0.00920386

0.003191 -3.91922e-05 -8.88864e-05
-3.91922e-05 0.00295431 -8.81496e-05
-8.88864e-05 -8.81496e-05 -0.00809859

0.00451705 0.000151675 -0.000678258
0.000151675 0.0047876 -0.000216922
-0.000678258 -0.000216922 -0.0131287

0.00446837 0.000121538 -0.000811755
0.000121538 0.00490349 0.000484363
-0.000811755 0.000484363 -0.0125519

0.00473337 0.000112255 -0.00108635
0.000112255 0.0045944 9.95e-05
-0.00108635 9.95e-05 -0.0127714

0.00294298 -1.61617e-06 -4.32796e-05
-1.61617e-06 0.00288887 3.96117e-05
-4.32796e-05 3.96117e-05 -0.00771175

0.00322429 5.01607e-05 -3.58728e-05
5.01607e-05 0.00319258 2.67155e-05
-3.58728e-05 2.67155e-05 -0.00847909

0.00281283 -3.4266e-05 3.07846e-05
-3.4266e-05 0.00290136 0.00021676
3.07846e-05 0.00021676 -0.00759532

0.004541 -4.06368e-05 9.38049e-05
-4.06368e-05 0.00525681 0.00106632
9.38049e-05 0.00106632 -0.0126881

0.00281341 -2.97011e-05 3.36599e-05
-2.97011e-05 0.0029149 0.000190362
3.36599e-05 0.000190362 -0.00768714

0.00294349 -4.33034e-05 2.18519e-06
-4.33034e-05 0.00302602 -1.46416e-05
2.18519e-06 -1.46416e-05 -0.00797703

0.00291442 0.000116922 -2.53112e-05
0.000116922 0.00295336 -0.00016523
-2.53112e-05 -0.00016523 -0.00794384

0.00293979 -2.34731e-05 1.58409e-05
-2.34731e-05 0.00295588 -0.000101366
1.58409e-05 -0.000101366 -0.00802245

0.00294177 0.000109969 0.000119276
0.000109969 0.00301521 -0.000102152
0.000119276 -0.000102152 -0.00786679

0.003522 -0.000540263 -0.000325338
-0.000540263 0.0052707 -0.000292589
-0.000325338 -0.000292589 -0.0136789

0.00285316 5.58915e-06 -3.83221e-05
5.58915e-06 0.00284076 -8.10581e-05
-3.83221e-05 -8.10581e-05 -0.00755475

0.00415196 -0.000147377 0.000171987
-0.000147377 0.00405301 -2.85937e-07
0.000171987 -2.85937e-07 -0.0103225

0.00296141 -1.2848e-05 -7.14623e-06
-1.2848e-05 0.00299947 -2.6709e-05
-7.14623e-06 -2.6709e-05 -0.00797235

0.00425508 0.000118555 -0.00018477
0.000118555 0.0042284 0.000295286
-0.00018477 0.000295286 -0.0108885

0.00450669 0.000136527 0.000282435
0.000136527 0.0046173 -0.00018997
0.000282435 -0.00018997 -0.0116871

0.00294313 2.53112e-05 4.44083e-05
2.53112e-05 0.00291985 -0.00013242
4.44083e-05 -0.00013242 -0.00804659

0.00408003 -0.000104987 4.55537e-05
-0.000104987 0.0040443 -3.91532e-05
4.55537e-05 -3.91532e-05 -0.00975434

0.00289461 1.18423e-06 5.70603e-06
1.18423e-06 0.00287594 3.45726e-05
5.70603e-06 3.45726e-05 -0.00767546

0.00374641 -0.000102535 -0.000220741
-0.000102535 0.00387862 -2.2134e-05
-0.000220741 -2.2134e-05 -0.00971941

0.00282588 1.89671e-05 2.98059e-05
1.89671e-05 0.00288938 6.33761e-06
2.98059e-05 6.33761e-06 -0.00749569

0.00307155 -5.55069e-05 7.90757e-06
-5.55069e-05 0.00282058 -7.34789e-06
7.90757e-06 -7.34789e-06 -0.00769853

0.00295735 -2.15328e-05 -6.56611e-05
-2.15328e-05 0.00299284 -5.49426e-05
-6.56611e-05 -5.49426e-05 -0.00802891

0.00282497 2.16185e-05 -7.52793e-05
2.16185e-05 0.00288482 0.000116975
-7.52793e-05 0.000116975 -0.00759007

0.00410788 4.04366e-05 -0.000255767
4.04366e-05 0.00386149 0.000182035
-0.000255767 0.000182035 -0.0101837

0.00279185 1.45772e-05 -8.35345e-05
1.45772e-05 0.00289081 0.000108252
-8.35345e-05 0.000108252 -0.00758564

0.0031107 -1.76851e-05 -0.000100504
-1.76851e-05 0.00292241 -1.76753e-05
-0.000100504 -1.76753e-05 -0.0080858

0.00471525 0.000193888 0.000146138
0.000193888 0.00457106 -5.68752e-05
0.000146138 -5.68752e-05 -0.0127886

0.00295262 -2.65242e-06 -5.86977e-05
-2.65242e-06 0.00295477 -5.65388e-05
-5.86977e-05 -5.65388e-05 -0.00802077

0.00371946 -0.000182112 -0.000148099
-0.000182112 0.00383546 2.95607e-05
-0.000148099 2.95607e-05 -0.00977704

0.00295371 -1.1085e-06 -3.96936e-05
-1.1085e-06 0.00286459 5.12168e-05
-3.96936e-05 5.12168e-05 -0.00775775

0.00458246 0.000144665 6.743e-05
0.000144665 0.00447241 -0.000528666
6.743e-05 -0.000528666 -0.0130709

0.00279396 8.33272e-06 -4.48766e-05
8.33272e-06 0.00290067 -7.63007e-05
-4.48766e-05 -7.63007e-05 -0.00744555

0.00277946 6.62658e-06 7.20804e-06
6.62658e-06 0.00284149 9.78445e-05
7.20804e-06 9.78445e-05 -0.00748688

0.00298637 5.88402e-05 0.000143981
5.88402e-05 0.00297857 0.000134507
0.000143981 0.000134507 -0.00793459

0.00294708 -6.63621e-06 -1.33911e-05
-6.63621e-06 0.00287708 3.86768e-05
-1.33911e-05 3.86768e-05 -0.00772151

0.00301079 4.71865e-05 0.00018277
4.71865e-05 0.00294037 1.93915e-05
0.00018277 1.93915e-05 -0.00808614

0.00321688 -6.1135e-05 -7.92484e-06
-6.1135e-05 0.00322397 4.10873e-05
-7.92484e-06 4.10873e-05 -0.00845687

0.00298143 1.23285e-06 -2.22327e-05
1.23285e-06 0.00287632 5.10731e-05
-2.22327e-05 5.10731e-05 -0.00779157

0.00300533 3.7547e-05 0.000174701
3.7547e-05 0.00306062 4.4058e-05
0.000174701 4.4058e-05 -0.00808704

0.00281101 2.07238e-05 -6.0378e-06
2.07238e-05 0.00283558 8.98868e-05
-6.0378e-06 8.98868e-05 -0.00748166

0.00413243 3.42325e-06 0.000123567
3.42325e-06 0.00418536 0.000360865
0.000123567 0.000360865 -0.0105116

0.00312287 -7.83378e-05 -2.05878e-05
-7.83378e-05 0.00296459 -1.88896e-05
-2.05878e-05 -1.88896e-05 -0.00783881

0.00325443 -5.8893e-05 -0.00026301
-5.8893e-05 0.0032066 -2.01965e-05
-0.00026301 -2.01965e-05 -0.00854621

0.00416126 2.32714e-05 0.000352292
2.32714e-05 0.0043676 -0.000288205
0.000352292 -0.000288205 -0.0108319

0.00299595 2.53166e-07 -4.26783e-05
2.53166e-07 0.00298148 -1.65772e-05
-4.26783e-05 -1.65772e-05 -0.00782854

0.00275981 -3.6222e-05 5.12184e-05
-3.6222e-05 0.00285554 -1.63452e-05
5.12184e-05 -1.63452e-05 -0.00750259

0.00296154 5.22107e-05 9.83264e-05
5.22107e-05 0.00297274 0.000163554
9.83264e-05 0.000163554 -0.0078557

0.00296928 4.07517e-05 0.000115337
4.07517e-05 0.00289685 9.12653e-05
0.000115337 9.12653e-05 -0.00784221

0.00322647 -6.15837e-05 -6.88395e-05
-6.15837e-05 0.00320943 6.46816e-05
-6.88395e-05 6.46816e-05 -0.00847554

0.00298581 5.04862e-05 0.000144943
5.04862e-05 0.00306549 0.000115827
0.000144943 0.000115827 -0.00793108

0.00286632 -4.54747e-05 -6.03459e-05
-4.54747e-05 0.00280704 -3.63397e-06
-6.03459e-05 -3.63397e-06 -0.00764341

0.00285025 -6.12872e-05 -5.21312e-05
-6.12872e-05 0.00282212 2.34938e-05
-5.21312e-05 2.34938e-05 -0.00763577

0.00455882 0.000113087 -0.000152726
0.000113087 0.00462492 7.74554e-05
-0.000152726 7.74554e-05 -0.0121143

0.00297085 3.09603e-05 -5.60628e-05
3.09603e-05 0.00287689 6.24696e-06
-5.60628e-05 6.24696e-06 -0.00772035

0.00285207 -6.55327e-05 -8.68694e-05
-6.55327e-05 0.0028774 9.40049e-05
-8.68694e-05 9.40049e-05 -0.00754566

0.00456171 9.38094e-05 -0.000227893
9.38094e-05 0.00456798 -0.000981096
-0.000227893 -0.000981096 -0.0122195

0.00276988 -2.8665e-05 8.148e-05
-2.8665e-05 0.00284209 1.39758e-05
8.148e-05 1.39758e-05 -0.00741466

0.00287564 -2.45186e-05 -9.84454e-05
-2.45186e-05 0.00292456 0.000140896
-9.84454e-05 0.000140896 -0.00772574

0.00294146 1.61423e-05 -5.71256e-05
1.61423e-05 0.00287667 7.44604e-05
-5.71256e-05 7.44604e-05 -0.00776272

0.00271817 -2.97158e-05 0.000138222
-2.97158e-05 0.00279665 7.17794e-05
0.000138222 7.17794e-05 -0.00740071

0.00472289 -8.06103e-05 -2.97469e-06
-8.06103e-05 0.00512845 -0.000660797
-2.97469e-06 -0.000660797 -0.0134653

0.00470683 -1.83944e-05 0.000108051
-1.83944e-05 0.00488944 -0.00104717
0.000108051 -0.00104717 -0.0133119

0.00291723 4.17869e-06 7.88244e-05
4.17869e-06 0.00278801 2.27319e-05
7.88244e-05 2.27319e-05 -0.00764305

0.00281319 -8.25624e-05 4.18965e-05
-8.25624e-05 0.00291328 0.000143986
4.18965e-05 0.000143986 -0.00773373

0.00290948 -3.84838e-05 4.22295e-06
-3.84838e-05 0.00289905 6.31471e-05
4.22295e-06 6.31471e-05 -0.00772553

0.00297376 2.59348e-05 -0.000122595
2.59348e-05 0.0029864 6.36618e-05
-0.000122595 6.36618e-05 -0.00784011

0.00298464 -4.42562e-05 6.23446e-05
-4.42562e-05 0.00305556 0.0001221
6.23446e-05 0.0001221 -0.00807963

0.00294602 -4.6349e-06 6.36161e-05
-4.6349e-06 0.0029303 0.000115625
6.36161e-05 0.000115625 -0.00768775

0.00276326 1.34314e-05 4.98833e-05
1.34314e-05 0.00291298 7.84149e-05
4.98833e-05 7.84149e-05 -0.0076088

0.00304593 1.83808e-05 -2.03986e-05
1.83808e-05 0.00309243 4.41714e-05
-2.03986e-05 4.41714e-05 -0.00820618

0.00280949 -1.16642e-05 1.846e-05
-1.16642e-05 0.00287638 -1.31357e-05
1.846e-05 -1.31357e-05 -0.00750715

0.00451886 0.000158844 6.31118e-06
0.000158844 0.00529768 -0.00135699
6.31118e-06 -0.00135699 -0.0124228

0.00301194 -6.11261e-05 6.64843e-05
-6.11261e-05 0.00304118 5.10205e-05
6.64843e-05 5.10205e-05 -0.00801153

0.00300995 -7.47484e-05 8.31532e-05
-7.47484e-05 0.00300541 9.30452e-05
8.31532e-05 9.30452e-05 -0.00806077

0.0030487 1.16786e-05 -3.8337e-06
1.16786e-05 0.00309475 -2.90751e-05
-3.8337e-06 -2.90751e-05 -0.00818657

0.00484441 -0.00021257 0.000454194
-0.00021257 0.00452044 0.000236331
0.000454194 0.000236331 -0.0132387

0.00355186 -6.65483e-06 -9.77846e-05
-6.65483e-06 0.0036519 -1.35039e-05
-9.77846e-05 -1.35039e-05 -0.00903128

0.00420599 0.000464131 0.00109186
0.000464131 0.00385282 -0.000271583
0.00109186 -0.000271583 -0.0133073

0.00446883 0.000187922 -3.23334e-05
0.000187922 0.00458791 -0.000389737
-3.23334e-05 -0.000389737 -0.0119495

0.00462433 0.000118144 -0.000471897
0.000118144 0.00499185 -0.000272371
-0.000471897 -0.000272371 -0.0129899

0.00342482 -0.000127533 -0.000150393
-0.000127533 0.0031095 -5.09722e-05
-0.000150393 -5.09722e-05 -0.00801105

0.00414054 -5.45337e-05 -2.69829e-05
-5.45337e-05 0.00351586 0.000318007
-2.69829e-05 0.000318007 -0.0113223

0.00473419 9.62233e-05 -0.00102865
9.62233e-05 0.00478582 -0.000352748
-0.00102865 -0.000352748 -0.0124601

0.00417254 -2.6063e-05 -0.000209802
-2.6063e-05 0.00416646 -0.000387618
-0.000209802 -0.000387618 -0.0108881

0.00456603 0.00011913 -0.000116671
0.00011913 0.00453992 4.01318e-05
-0.000116671 4.01318e-05 -0.0119847

0.00388078 0.000163829 -0.000248293
0.000163829 0.00387453 8.99611e-05
-0.000248293 8.99611e-05 -0.00982338

0.0027174 -2.01757e-05 0.000120076
-2.01757e-05 0.00287156 2.708e-05
0.000120076 2.708e-05 -0.00745201

0.00335519 -4.30895e-05 1.1939e-06
-4.30895e-05 0.00325043 -8.28669e-05
1.1939e-06 -8.28669e-05 -0.00846224

0.00324439 0.000155611 0.000186389
0.000155611 0.00340793 -0.000362605
0.000186389 -0.000362605 -0.00876645

0.00414935 -6.31442e-05 0.000123441
-6.31442e-05 0.00410106 0.000283191
0.000123441 0.000283191 -0.010635

0.00419149 0.000166626 6.69599e-05
0.000166626 0.00416319 0.000278228
6.69599e-05 0.000278228 -0.0101424

0.00295603 4.92436e-05 -7.18451e-05
4.92436e-05 0.00285479 2.49422e-05
-7.18451e-05 2.49422e-05 -0.00773585

0.00430987 1.07004e-05 0.000266555
1.07004e-05 0.00412483 0.000305352
0.000266555 0.000305352 -0.0109175

0.0044223 0.000207149 -7.56552e-05
0.000207149 0.00419285 -0.000273421
-7.56552e-05 -0.000273421 -0.010736

0.00394317 -0.000301007 0.000291589
-0.000301007 0.00429616 0.000277874
0.000291589 0.000277874 -0.0109288

0.0041801 -0.000155512 0.000513122
-0.000155512 0.0043828 0.000458193
0.000513122 0.000458193 -0.0114487

0.00289736 6.21144e-05 -3.82227e-05
6.21144e-05 0.00293826 0.00011119
-3.82227e-05 0.00011119 -0.00759735

0.00276129 1.96662e-05 2.61759e-05
1.96662e-05 0.00288915 2.54342e-05
2.61759e-05 2.54342e-05 -0.00744883

0.00285678 2.18738e-06 0.000112697
2.18738e-06 0.00286483 7.0197e-05
0.000112697 7.0197e-05 -0.00767646

0.00290166 -1.17867e-05 -9.85197e-05
-1.17867e-05 0.00296539 8.05606e-05
-9.85197e-05 8.05606e-05 -0.00768828

0.00296802 -2.01759e-05 -0.000143337
-2.01759e-05 0.00288482 0.000156805
-0.000143337 0.000156805 -0.00772794

0.00505197 -0.000258551 0.000186491
-0.000258551 0.00429965 -0.000439213
0.000186491 -0.000439213 -0.0134417

0.00302574 1.78056e-05 -3.33187e-05
1.78056e-05 0.00301393 -1.56211e-05
-3.33187e-05 -1.56211e-05 -0.00799927

0.00304633 5.59751e-05 -5.96931e-05
5.59751e-05 0.00304119 -2.99653e-05
-5.96931e-05 -2.99653e-05 -0.00809311

0.00460474 6.70422e-05 5.37759e-05
6.70422e-05 0.004937 -0.001335
5.37759e-05 -0.001335 -0.0124081

0.0030442 1.63453e-05 -3.33945e-05
1.63453e-05 0.00296746 5.50267e-06
-3.33945e-05 5.50267e-06 -0.00800884

0.00459259 -0.000452374 2.09335e-05
-0.000452374 0.00426702 9.74961e-05
2.09335e-05 9.74961e-05 -0.0130812

0.00438131 0.000225084 -0.000157557
0.000225084 0.00528917 -0.000642385
-0.000157557 -0.000642385 -0.0126929

0.00430231 -4.43298e-05 -0.000851238
-4.43298e-05 0.00450338 -0.000818444
-0.000851238 -0.000818444 -0.0119135

0.00430612 1.21142e-05 0.000287458
1.21142e-05 0.00422309 0.000298083
0.000287458 0.000298083 -0.0110339

0.00463086 4.15596e-05 8.26061e-05
4.15596e-05 0.00482096 0.000176328
8.26061e-05 0.000176328 -0.0124856

0.00281244 -3.11887e-05 7.49531e-05
-3.11887e-05 0.00283591 6.01947e-05
7.49531e-05 6.01947e-05 -0.00760273

0.00375693 -0.000119835 -0.000202383
-0.000119835 0.00380437 -0.000124147
-0.000202383 -0.000124147 -0.00973761

0.00296246 3.24147e-05 -0.000172759
3.24147e-05 0.00291432 -2.78749e-05
-0.000172759 -2.78749e-05 -0.00804593

0.00323361 3.96697e-05 3.74335e-05
3.96697e-05 0.00326068 4.33174e-05
3.74335e-05 4.33174e-05 -0.00861826

0.00289887 1.29521e-05 6.20619e-05
1.29521e-05 0.00284188 -0.000134864
6.20619e-05 -0.000134864 -0.00766293

0.00282194 -2.307e-05 -2.89885e-05
-2.307e-05 0.00282691 1.69899e-05
-2.89885e-05 1.69899e-05 -0.00748212

0.00327316 -1.60565e-05 1.65429e-05
-1.60565e-05 0.00333045 6.82895e-05
1.65429e-05 6.82895e-05 -0.00878451

0.00326276 2.4162e-05 3.91965e-05
2.4162e-05 0.00316153 -2.39672e-05
3.91965e-05 -2.39672e-05 -0.00865915

0.00322106 -5.81584e-05 -0.000266023
-5.81584e-05 0.00324531 -1.81405e-05
-0.000266023 -1.81405e-05 -0.00854638

0.00280139 -1.91084e-05 5.12679e-05
-1.91084e-05 0.00287295 6.24396e-05
5.12679e-05 6.24396e-05 -0.0076188

0.00446549 0.000216333 2.82331e-05
0.000216333 0.00456513 -0.00032684
2.82331e-05 -0.00032684 -0.0115211

0.00296833 -2.87578e-05 1.93296e-05
-2.87578e-05 0.00290554 3.69823e-05
1.93296e-05 3.69823e-05 -0.00780152

0.0041154 8.89977e-05 -0.000315853
8.89977e-05 0.00396266 0.000784054
-0.000315853 0.000784054 -0.0137264

0.00475941 0.000193804 -0.000211156
0.000193804 0.00549804 -0.00101964
-0.000211156 -0.00101964 -0.0140909

0.00300619 -9.20061e-06 -3.10141e-06
-9.20061e-06 0.00285302 -4.55597e-06
-3.10141e-06 -4.55597e-06 -0.00780255

0.00489991 0.000175351 -0.000781554
0.000175351 0.00484611 -0.000873913
-0.000781554 -0.000873913 -0.0130163

0.00434732 -0.000163148 -0.000593048
-0.000163148 0.00446943 -0.000415982
-0.000593048 -0.000415982 -0.0112815

0.00326715 -2.98568e-05 -1.22766e-06
-2.98568e-05 0.00330372 2.49327e-06
-1.22766e-06 2.49327e-06 -0.00871138

0.00426931 -5.45447e-05 -0.000346225
-5.45447e-05 0.00441057 -0.000379194
-0.000346225 -0.000379194 -0.0119049

0.00298296 1.4287e-05 -7.04302e-06
1.4287e-05 0.0028754 1.05372e-05
-7.04302e-06 1.05372e-05 -0.00777441

0.00402226 -0.000229353 -0.000146529
-0.000229353 0.00392359 -0.000423931
-0.000146529 -0.000423931 -0.00980965

0.00269317 -3.39953e-05 -4.87995e-05
-3.39953e-05 0.00288156 4.20319e-07
-4.87995e-05 4.20319e-07 -0.00755992

0.00385653 -0.000126645 3.0305e-05
-0.000126645 0.00351212 -0.000244851
3.0305e-05 -0.000244851 -0.00921724

0.00452237 0.000204626 0.00027132
0.000204626 0.00457547 -0.000133093
0.00027132 -0.000133093 -0.011712

0.00296313 6.82022e-06 4.74702e-06
6.82022e-06 0.00298386 -1.17834e-05
4.74702e-06 -1.17834e-05 -0.00784178

0.00357523 -0.000130127 -4.49433e-05
-0.000130127 0.00353447 -0.000206707
-4.49433e-05 -0.000206707 -0.00921691

0.00357275 -5.21105e-05 -2.59301e-05
-5.21105e-05 0.00346951 -7.55939e-05
-2.59301e-05 -7.55939e-05 -0.00914682

0.00296792 -1.16465e-05 -2.94562e-05
-1.16465e-05 0.00286299 2.33662e-05
-2.94562e-05 2.33662e-05 -0.00776488

0.00340869 -8.7894e-06 -7.26797e-05
-8.7894e-06 0.00328628 -0.000145199
-7.26797e-05 -0.000145199 -0.00885826

0.00340463 -7.60278e-09 -2.40373e-05
-7.60278e-09 0.0033063 -8.59382e-05
-2.40373e-05 -8.59382e-05 -0.00874775

0.00319778 7.63898e-05 -5.02749e-05
7.63898e-05 0.00320371 -8.21138e-06
-5.02749e-05 -8.21138e-06 -0.0084217

0.00327717 1.57279e-05 2.56836e-05
1.57279e-05 0.00318735 -7.50401e-05
2.56836e-05 -7.50401e-05 -0.00857475

0.00308281 5.07635e-05 -3.26739e-05
5.07635e-05 0.00294908 -9.46314e-05
-3.26739e-05 -9.46314e-05 -0.00810449

0.00323996 -0.000118125 -0.000146723
-0.000118125 0.00298989 -0.00010509
-0.000146723 -0.00010509 -0.0081475

0.00285392 3.81283e-05 -0.000134018
3.81283e-05 0.00299213 6.04017e-05
-0.000134018 6.04017e-05 -0.00772642

0.00285268 2.17216e-05 0.000116678
2.17216e-05 0.0028908 0.000174436
0.000116678 0.000174436 -0.00769837

0.00282332 -4.69196e-05 -1.13822e-05
-4.69196e-05 0.00285315 4.43978e-05
-1.13822e-05 4.43978e-05 -0.00743754

0.00290113 1.53727e-05 -2.08395e-05
1.53727e-05 0.00291107 -0.000101306
-2.08395e-05 -0.000101306 -0.00764569

0.00298151 -6.84838e-06 -4.37076e-05
-6.84838e-06 0.00301139 -0.000102919
-4.37076e-05 -0.000102919 -0.00797125

0.00290591 0.000128211 -7.71822e-06
0.000128211 0.00294635 -0.00011257
-7.71822e-06 -0.00011257 -0.00780084

0.00465202 3.54919e-06 0.000182868
3.54919e-06 0.00492856 0.000886308
0.000182868 0.000886308 -0.0126074

0.00341701 1.62156e-05 7.60874e-06
1.62156e-05 0.00302178 3.92072e-07
7.60874e-06 3.92072e-07 -0.00854781

0.00330815 7.7356e-06 -2.16202e-06
7.7356e-06 0.00329258 2.13232e-06
-2.16202e-06 2.13232e-06 -0.00871136

0.00335294 2.81569e-05 -0.000126524
2.81569e-05 0.00327242 0.000162496
-0.000126524 0.000162496 -0.00867047

0.00447855 6.6607e-05 -0.00092341
6.6607e-05 0.00459466 0.000298479
-0.00092341 0.000298479 -0.0122934

0.00277347 2.06723e-05 2.67707e-05
2.06723e-05 0.00284006 -3.48852e-05
2.67707e-05 -3.48852e-05 -0.00749227

0.0028524 3.88843e-05 2.01709e-05
3.88843e-05 0.0029 -5.90803e-05
2.01709e-05 -5.90803e-05 -0.00766807

0.00330441 6.70418e-06 2.38413e-05
6.70418e-06 0.00332383 6.76261e-05
2.38413e-05 6.76261e-05 -0.00878435

0.00295693 5.7832e-05 -8.31453e-05
5.7832e-05 0.00282554 3.07214e-05
-8.31453e-05 3.07214e-05 -0.00771006

0.00464933 0.000114265 0.000582894
0.000114265 0.00481625 -0.000239236
0.000582894 -0.000239236 -0.0123517

0.00297518 2.6135e-05 -3.7051e-05
2.6135e-05 0.00299512 -2.1225e-05
-3.7051e-05 -2.1225e-05 -0.00786498

0.00257721 0.00240239 0.00103931
0.00240239 0.00507009 -0.00258475
0.00103931 -0.00258475 -0.0137181

0.00155597 -0.00158586 0.000181453
-0.00158586 0.00159588 -0.00220229
0.000181453 -0.00220229 -0.0102533

0.0029443 -2.14443e-05 7.5754e-05
-2.14443e-05 0.00295465 -4.18864e-05
7.5754e-05 -4.18864e-05 -0.00772089

0.00339459 -4.49888e-05 -0.000108161
-4.49888e-05 0.00386715 0.000120482
-0.000108161 0.000120482 -0.00939982

0.00318263 0.000183644 -0.000183942
0.000183644 0.00312083 -0.000108629
-0.000183942 -0.000108629 -0.00804246

0.00386441 0.000147468 -0.000114616
0.000147468 0.00350021 0.000274875
-0.000114616 0.000274875 -0.00935993

0.00311838 3.30453e-05 -1.73772e-05
3.30453e-05 0.00335907 7.89537e-05
-1.73772e-05 7.89537e-05 -0.00859654

0.00335276 6.33078e-05 1.9249e-05
6.33078e-05 0.00285651 -0.000152184
1.9249e-05 -0.000152184 -0.00804852

0.00315311 -1.97765e-05 -1.8587e-05
-1.97765e-05 0.00306778 0.000129
-1.8587e-05 0.000129 -0.00860275

0.00505069 -0.00048215 -0.000402271
-0.00048215 0.00537213 0.00056524
-0.000402271 0.00056524 -0.0141501

0.0027857 -1.77684e-05 4.07904e-05
-1.77684e-05 0.00290235 8.98687e-05
4.07904e-05 8.98687e-05 -0.00752241

0.00301476 -0.000223165 -0.000190096
-0.000223165 0.00382728 -0.00013173
-0.000190096 -0.00013173 -0.0088153

0.00427471 5.46205e-05 -0.000311454
5.46205e-05 0.00457247 -0.000318666
-0.000311454 -0.000318666 -0.0118826

0.00289622 -3.30914e-05 4.18935e-05
-3.30914e-05 0.00293081 -8.41321e-06
4.18935e-05 -8.41321e-06 -0.00783267

0.00280581 -1.07806e-05 5.91997e-05
-1.07806e-05 0.00287586 0.000153041
5.91997e-05 0.000153041 -0.00762156

0.00283721 -8.20421e-05 5.64633e-05
-8.20421e-05 0.00288518 0.000144422
5.64633e-05 0.000144422 -0.00760158

0.00358765 3.85142e-05 -2.35086e-06
3.85142e-05 0.00328052 0.000147188
-2.35086e-06 0.000147188 -0.00892711

0.00280323 -1.66139e-05 6.6477e-05
-1.66139e-05 0.00286384 0.000157704
6.6477e-05 0.000157704 -0.00752329

0.00280541 -1.22978e-05 6.25806e-05
-1.22978e-05 0.00286594 0.000156995
6.25806e-05 0.000156995 -0.00752394

0.00465806 7.26225e-05 0.000221863
7.26225e-05 0.00465907 0.000582291
0.000221863 0.000582291 -0.0128866

0.00281248 -2.03961e-05 9.79807e-05
-2.03961e-05 0.00286465 0.000132726
9.79807e-05 0.000132726 -0.00761433

0.00284831 2.13483e-05 -8.43884e-06
2.13483e-05 0.00291051 1.76875e-05
-8.43884e-06 1.76875e-05 -0.00751262

0.00296515 -1.09297e-05 4.59472e-06
-1.09297e-05 0.00287998 2.97425e-05
4.59472e-06 2.97425e-05 -0.00776129

0.00422991 -7.4162e-05 -0.000250407
-7.4162e-05 0.00419516 -0.000352114
-0.000250407 -0.000352114 -0.0108596

0.00297643 -1.9887e-05 -1.3554e-05
-1.9887e-05 0.00283314 2.87493e-05
-1.3554e-05 2.87493e-05 -0.00761422

0.00284595 7.44014e-07 -2.33199e-05
7.44014e-07 0.00289035 0.000210655
-2.33199e-05 0.000210655 -0.00757976

0.00283756 -1.18103e-05 8.92388e-05
-1.18103e-05 0.00288536 0.000234822
8.92388e-05 0.000234822 -0.00757169

0.00280522 -5.26254e-05 3.03707e-05
-5.26254e-05 0.00292505 -2.20312e-05
3.03707e-05 -2.20312e-05 -0.00759028

0.0029639 5.75977e-05 -0.000150769
5.75977e-05 0.00292996 -0.000119056
-0.000150769 -0.000119056 -0.0081056

0.00276903 2.9166e-05 2.03968e-05
2.9166e-05 0.00281431 3.36148e-05
2.03968e-05 3.36148e-05 -0.00744411

0.00323514 2.81206e-05 -3.43775e-06
2.81206e-05 0.00308095 4.08106e-05
-3.43775e-06 4.08106e-05 -0.00847818

0.00277437 5.83418e-05 1.99912e-05
5.83418e-05 0.00286327 3.59398e-06
1.99912e-05 3.59398e-06 -0.00745109

0.002828 -5.27576e-06 6.01098e-06
-5.27576e-06 0.00289662 0.00011057
6.01098e-06 0.00011057 -0.00766294

0.00282562 -1.01955e-05 8.75085e-05
-1.01955e-05 0.00287354 3.41942e-05
8.75085e-05 3.41942e-05 -0.00764726

0.00281963 6.68774e-06 3.49329e-05
6.68774e-06 0.00289349 0.000215966
3.49329e-05 0.000215966 -0.00763271

0.00283427 -0.00010231 4.76581e-05
-0.00010231 0.00297611 0.000108004
4.76581e-05 0.000108004 -0.0076836

0.00292134 0.00222766 -0.000206742
0.00222766 0.001296 0.00249516
-0.000206742 0.00249516 -0.0107308

0.00340325 0.000393082 -0.00022076
0.000393082 0.00561999 -0.00118925
-0.00022076 -0.00118925 -0.0124433

0.0047393 9.29937e-05 -0.000364193
9.29937e-05 0.00501267 -0.0012065
-0.000364193 -0.0012065 -0.0126699

0.00277429 -2.54177e-06 6.33618e-06
-2.54177e-06 0.00285988 6.00726e-06
6.33618e-06 6.00726e-06 -0.00743329

0.00353157 0.000128827 4.27858e-05
0.000128827 0.00351779 0.000237315
4.27858e-05 0.000237315 -0.00901413

0.00289325 4.38261e-05 -9.33538e-05
4.38261e-05 0.00293971 -5.71802e-05
-9.33538e-05 -5.71802e-05 -0.00777203

0.00295558 8.26628e-07 2.81195e-05
8.26628e-07 0.00288081 7.53705e-05
2.81195e-05 7.53705e-05 -0.00783435

0.00281061 1.44192e-05 5.38999e-05
1.44192e-05 0.00291496 -3.45953e-05
5.38999e-05 -3.45953e-05 -0.00759796

0.00438001 -4.19689e-05 -0.000146212
-4.19689e-05 0.00422075 -0.000592797
-0.000146212 -0.000592797 -0.0118356

0.00425125 0.000158032 -9.19729e-05
0.000158032 0.00387816 -0.000449822
-9.19729e-05 -0.000449822 -0.0107771

0.00395926 -0.000132044 0.000337624
-0.000132044 0.00409109 0.000132959
0.000337624 0.000132959 -0.0104273

0.00343278 -2.38544e-05 -3.91812e-05
-2.38544e-05 0.00329419 0.000160178
-3.91812e-05 0.000160178 -0.00891591

0.00410949 0.000154308 -0.000167467
0.000154308 0.00399624 -0.000431221
-0.000167467 -0.000431221 -0.0104145

0.00419204 0.000119772 -3.57007e-05
0.000119772 0.00389078 -0.000249639
-3.57007e-05 -0.000249639 -0.0106715

0.00420589 0.000172606 -0.000234025
0.000172606 0.00387203 -0.000247649
-0.000234025 -0.000247649 -0.0104435

0.00394283 -5.9387e-05 -5.75361e-05
-5.9387e-05 0.00355637 -0.000353384
-5.75361e-05 -0.000353384 -0.00965707

0.00396155 -8.05435e-05 6.1275e-05
-8.05435e-05 0.00353282 -0.000317939
6.1275e-05 -0.000317939 -0.00950999

0.00386129 -4.87002e-05 -4.37787e-05
-4.87002e-05 0.00355915 -0.000352013
-4.37787e-05 -0.000352013 -0.00965698

0.00395633 -7.69648e-05 8.63999e-05
-7.69648e-05 0.00361338 -0.000310666
8.63999e-05 -0.000310666 -0.00962373

0.00350703 5.98292e-05 6.13624e-05
5.98292e-05 0.00362238 -0.000188168
6.13624e-05 -0.000188168 -0.00923955

0.00384178 -8.08452e-05 6.44154e-05
-8.08452e-05 0.00353402 -0.000317942
6.44154e-05 -0.000317942 -0.00951007

0.00332035 -7.72419e-05 9.64987e-05
-7.72419e-05 0.00326581 -0.00021257
9.64987e-05 -0.00021257 -0.00870389

0.00322289 3.53318e-05 8.92222e-05
3.53318e-05 0.0031764 -0.000114367
8.92222e-05 -0.000114367 -0.00847869

0.00312539 -0.000121948 -0.000162399
-0.000121948 0.00323832 -8.6728e-05
-0.000162399 -8.6728e-05 -0.00839976

0.00306919 -2.04594e-05 -5.18592e-05
-2.04594e-05 0.00316811 6.04909e-05
-5.18592e-05 6.04909e-05 -0.00802267

0.00414418 8.67593e-05 0.000447365
8.67593e-05 0.00434664 0.000215818
0.000447365 0.000215818 -0.0110232

0.00370835 2.57788e-05 0.000106716
2.57788e-05 0.00402503 -0.000126563
0.000106716 -0.000126563 -0.00996673

0.00299464 -8.21709e-05 -8.0135e-05
-8.21709e-05 0.00306873 -9.97132e-05
-8.0135e-05 -9.97132e-05 -0.00813491

0.00419106 0.000173389 8.5924e-05
0.000173389 0.00406929 -0.000118962
8.5924e-05 -0.000118962 -0.0101873

0.00287699 3.84881e-05 0.000118881
3.84881e-05 0.00286688 0.000196126
0.000118881 0.000196126 -0.00770963

0.00285285 4.9396e-05 9.30467e-05
4.9396e-05 0.00306553 6.88396e-05
9.30467e-05 6.88396e-05 -0.00741301

0.00286149 -7.35137e-05 -7.49692e-05
-7.35137e-05 0.00298392 -0.000113674
-7.49692e-05 -0.000113674 -0.00776224

0.00285815 -1.22729e-05 6.35252e-06
-1.22729e-05 0.00299057 8.51071e-06
6.35252e-06 8.51071e-06 -0.00753465

0.00282773 2.07183e-05 -4.62549e-05
2.07183e-05 0.00295199 -4.07024e-05
-4.62549e-05 -4.07024e-05 -0.00747942

0.00285108 1.34851e-05 5.3393e-05
1.34851e-05 0.00298835 -4.90483e-05
5.3393e-05 -4.90483e-05 -0.00770624

0.00432356 7.46304e-05 0.000206986
7.46304e-05 0.00414456 0.000193751
0.000206986 0.000193751 -0.0110586

0.00302305 4.40689e-05 3.22704e-05
4.40689e-05 0.00291189 -9.65806e-05
3.22704e-05 -9.65806e-05 -0.00779277

0.00286026 1.83185e-05 6.55914e-05
1.83185e-05 0.00288588 1.99669e-05
6.55914e-05 1.99669e-05 -0.00756461

0.00432193 3.64946e-05 0.000181685
3.64946e-05 0.0043684 0.000317221
0.000181685 0.000317221 -0.0109927

0.00351655 5.07467e-05 0.000122143
5.07467e-05 0.00348023 2.40548e-05
0.000122143 2.40548e-05 -0.00920757

0.0032396 5.42838e-06 -2.52033e-05
5.42838e-06 0.00321765 -5.32204e-05
-2.52033e-05 -5.32204e-05 -0.00871433

0.0040531 -0.000360625 0.000287492
-0.000360625 0.00438575 0.000235185
0.000287492 0.000235185 -0.0134805

0.00330199 -0.00171769 -0.000639378
-0.00171769 0.00157807 -0.00230553
-0.000639378 -0.00230553 -0.0108507

0.00280893 -8.97705e-06 4.38309e-05
-8.97705e-06 0.00278947 -0.000122501
4.38309e-05 -0.000122501 -0.00764466

0.00307669 -0.000103253 0.000101625
-0.000103253 0.00294359 -1.1988e-05
0.000101625 -1.1988e-05 -0.00781168

0.00283679 2.24552e-05 -0.000149848
2.24552e-05 0.00294545 -1.26333e-05
-0.000149848 -1.26333e-05 -0.0077458

0.00291472 4.80278e-05 -0.000164036
4.80278e-05 0.00295348 -1.53855e-05
-0.000164036 -1.53855e-05 -0.00775329

0.00453112 4.53156e-06 0.00165911
4.53156e-06 0 0.00018474
0.00165911 0.00018474 -0.010605

0.00449137 0.000989607 0.00138466
0.000989607 0.00464147 0.0014257
0.00138466 0.0014257 -0.0116376

0.0041266 5.5306e-05 0.000265256
5.5306e-05 0.00440495 0.000149387
0.000265256 0.000149387 -0.0109804

0.00288204 1.20191e-05 -9.45586e-05
1.20191e-05 0.0029069 -2.73868e-05
-9.45586e-05 -2.73868e-05 -0.00767834

0.00283131 2.57674e-05 3.29304e-05
2.57674e-05 0.00291198 -5.95104e-05
3.29304e-05 -5.95104e-05 -0.00759628

0.00417113 9.97572e-05 0.000326468
9.97572e-05 0.00435657 0.000169176
0.000326468 0.000169176 -0.0109146

0.00520064 0.000199274 -0.000481672
0.000199274 0.00472562 1.93381e-05
-0.000481672 1.93381e-05 -0.0137404

0.00279617 3.79413e-06 2.02232e-05
3.79413e-06 0.00285884 5.04827e-06
2.02232e-05 5.04827e-06 -0.00743311

0.00302163 -1.25935e-05 5.16058e-05
-1.25935e-05 0.00301357 0.000107965
5.16058e-05 0.000107965 -0.00807012

0.00418717 2.4959e-05 0.000365801
2.4959e-05 0.00431597 -0.000190479
0.000365801 -0.000190479 -0.0108981

0.00413283 4.85471e-05 0.000330257
4.85471e-05 0.00430786 -0.000164686
0.000330257 -0.000164686 -0.0108709

0.00369013 1.65862e-05 -6.33106e-05
1.65862e-05 0.0034553 9.52033e-05
-6.33106e-05 9.52033e-05 -0.00904739

0.00451777 8.38261e-05 -0.000151909
8.38261e-05 0.00449451 9.90755e-05
-0.000151909 9.90755e-05 -0.0114613

0.00311171 -1.7969e-05 -9.66091e-05
-1.7969e-05 0.00292222 -2.29092e-05
-9.66091e-05 -2.29092e-05 -0.00813441

0.00483152 -0.00011428 -3.97818e-05
-0.00011428 0.00470339 -0.000647394
-3.97818e-05 -0.000647394 -0.0134559

0.00316965 0.000107425 -6.95667e-05
0.000107425 0.00329237 -3.22827e-05
-6.95667e-05 -3.22827e-05 -0.00859685

0.00402736 -0.000104959 5.08562e-05
-0.000104959 0.00373525 0.000138616
5.08562e-05 0.000138616 -0.010048

0.00291388 5.51122e-05 -0.000156638
5.51122e-05 0.00289639 -5.36444e-05
-0.000156638 -5.36444e-05 -0.00760577

0.00423255 -2.4555e-05 0.000214967
-2.4555e-05 0.00414571 0.000249561
0.000214967 0.000249561 -0.0107039

0.00415302 -0.000379888 -0.000153108
-0.000379888 0.00389443 0.000224666
-0.000153108 0.000224666 -0.0104444

0.00301046 4.16405e-05 0.000183833
4.16405e-05 0.00309133 0.000225062
0.000183833 0.000225062 -0.00794596

0.00280848 -6.12181e-06 5.66695e-05
-6.12181e-06 0.00287775 0.000153496
5.66695e-05 0.000153496 -0.00762296

0.00281387 -3.2605e-05 9.55589e-06
-3.2605e-05 0.00290236 4.46078e-05
9.55589e-06 4.46078e-05 -0.00746494

0.00453275 0.000197555 0.000237008
0.000197555 0.00442924 -6.17993e-05
0.000237008 -6.17993e-05 -0.0116138

0.00290052 9.23251e-05 -0.000134485
9.23251e-05 0.00300764 -8.83084e-05
-0.000134485 -8.83084e-05 -0.0076391

0.00283475 -5.7601e-05 -4.24422e-05
-5.7601e-05 0.00289965 0.000104273
-4.24422e-05 0.000104273 -0.00751224

0.00285688 4.032e-05 -9.29736e-06
4.032e-05 0.00288893 -5.01823e-05
-9.29736e-06 -5.01823e-05 -0.00765469

0.00467428 8.79636e-05 0.000547897
8.79636e-05 0.00429124 -0.00053928
0.000547897 -0.00053928 -0.0117013

0.00470442 -5.79818e-05 -1.38335e-05
-5.79818e-05 0.00477573 -0.000551216
-1.38335e-05 -0.000551216 -0.013342

0.00365762 0.000111331 3.48857e-05
0.000111331 0.00350668 0.000235633
3.48857e-05 0.000235633 -0.0091338

0.00469104 -0.000119872 0.000586427
-0.000119872 0.00436937 0.000671599
0.000586427 0.000671599 -0.0120027

0.00456334 8.92147e-05 -5.22304e-07
8.92147e-05 0.00441361 -0.000666519
-5.22304e-07 -0.000666519 -0.0122344

0.0027953 -1.12012e-05 2.49102e-05
-1.12012e-05 0.00288656 -3.27722e-05
2.49102e-05 -3.27722e-05 -0.00750049

0.00300277 1.62322e-06 5.40293e-07
1.62322e-06 0.00289288 -9.90111e-05
5.40293e-07 -9.90111e-05 -0.00793613

0.00450272 2.68648e-05 0.000670128
2.68648e-05 0.00444425 0.000357163
0.000670128 0.000357163 -0.0115998

0.00369643 0.000127223 -7.65526e-05
0.000127223 0.00376499 0.00030487
-7.65526e-05 0.00030487 -0.00950057

0.00284079 3.09855e-05 0.000142294
3.09855e-05 0.0029229 -0.000118195
0.000142294 -0.000118195 -0.00769481

0.00427423 -0.000131963 -4.03144e-06
-0.000131963 0.0037343 0.00014695
-4.03144e-06 0.00014695 -0.0104804

0.00297938 -4.57001e-05 -3.01076e-05
-4.57001e-05 0.00294067 -3.86526e-05
-3.01076e-05 -3.86526e-05 -0.00765506

0.00470521 -0.000126428 0.000616346
-0.000126428 0.00435255 0.000623534
0.000616346 0.000623534 -0.0119986

0.00465384 -5.62217e-06 0.000413154
-5.62217e-06 0.00487012 0.000814419
0.000413154 0.000814419 -0.0126995

0.00306031 6.74682e-05 0.00013399
6.74682e-05 0.00302168 1.05823e-05
0.00013399 1.05823e-05 -0.00832478

0.00300144 -9.93149e-06 -1.00224e-06
-9.93149e-06 0.00294473 -0.000107367
-1.00224e-06 -0.000107367 -0.00793775

0.00278152 -4.09489e-05 -1.11484e-05
-4.09489e-05 0.00291174 1.37667e-05
-1.11484e-05 1.37667e-05 -0.0074218

0.00285271 2.79362e-05 6.45639e-05
2.79362e-05 0.00276877 2.72269e-05
6.45639e-05 2.72269e-05 -0.00763819

0.00440092 -4.49671e-05 0.000161469
-4.49671e-05 0.00419885 0.000525552
0.000161469 0.000525552 -0.0112096

0.00440768 -1.45949e-05 0.000159974
-1.45949e-05 0.00430025 0.000441271
0.000159974 0.000441271 -0.0113803

0.00300761 -5.43224e-06 4.44621e-05
-5.43224e-06 0.00293344 8.29912e-05
4.44621e-05 8.29912e-05 -0.00785746

0.0030005 0.000153652 -6.04468e-05
0.000153652 0.0031016 -8.36289e-05
-6.04468e-05 -8.36289e-05 -0.00797847

0.00284159 2.34581e-06 0.000141728
2.34581e-06 0.00293347 8.70266e-05
0.000141728 8.70266e-05 -0.00772764

0.00281482 4.03032e-05 1.38632e-05
4.03032e-05 0.00289256 6.8509e-05
1.38632e-05 6.8509e-05 -0.00774681

0.00430671 -8.19959e-05 -3.18488e-05
-8.19959e-05 0.00420442 0.000344196
-3.18488e-05 0.000344196 -0.0110546

0.00292443 -3.73688e-05 4.41094e-05
-3.73688e-05 0.00296896 0.000117556
4.41094e-05 0.000117556 -0.00803834

0.00452302 0.000135645 5.85075e-05
0.000135645 0.00458696 -0.000732544
5.85075e-05 -0.000732544 -0.0127656

0.00299156 1.05926e-05 3.22517e-06
1.05926e-05 0.00291164 -0.000140756
3.22517e-06 -0.000140756 -0.0078763

0.0028008 -1.69695e-05 3.79623e-05
-1.69695e-05 0.00286709 0.000118149
3.79623e-05 0.000118149 -0.0076223

0.00285158 -1.17194e-05 6.60965e-05
-1.17194e-05 0.00287305 3.8389e-05
6.60965e-05 3.8389e-05 -0.00755041

0.00299181 1.29323e-05 4.50865e-06
1.29323e-05 0.00289047 -0.000119193
4.50865e-06 -0.000119193 -0.00787192

0.00282317 2.66589e-05 -3.11025e-05
2.66589e-05 0.00293552 -5.12244e-05
-3.11025e-05 -5.12244e-05 -0.00759057

0.00285645 2.46048e-06 6.64157e-05
2.46048e-06 0.00292819 5.18907e-06
6.64157e-05 5.18907e-06 -0.00764348

0.00446279 0.000113737 0.000675995
0.000113737 0.00507802 0.000265799
0.000675995 0.000265799 -0.0130683

0.00282509 4.27514e-05 -2.72173e-05
4.27514e-05 0.00292258 -8.51086e-06
-2.72173e-05 -8.51086e-06 -0.00758341

0.00428983 -0.000132158 -8.13514e-06
-0.000132158 0.00408243 0.000352625
-8.13514e-06 0.000352625 -0.0109456

0.00310851 9.58738e-05 6.2421e-05
9.58738e-05 0.00305559 2.22879e-05
6.2421e-05 2.22879e-05 -0.00829654

0.00451749 -8.2515e-05 0.00165184
-8.2515e-05 0.00274944 0.000129488
0.00165184 0.000129488 -0.0106088

0.00409731 -0.000192661 0.000100805
-0.000192661 0.00418218 0.000336091
0.000100805 0.000336091 -0.0104097

0.00481474 0.00120392 0.00146514
0.00120392 0.00319262 0.000802706
0.00146514 0.000802706 -0.0115729

0.00406308 -7.37152e-05 0.000135809
-7.37152e-05 0.00378298 0.000265893
0.000135809 0.000265893 -0.010258

0.00410756 -0.000223139 3.26452e-05
-0.000223139 0.00414829 0.000264494
3.26452e-05 0.000264494 -0.0105606

0.00288101 4.66177e-05 0.000103446
4.66177e-05 0.00286499 9.80218e-05
0.000103446 9.80218e-05 -0.00757343

0.00287731 6.93281e-05 0.000132344
6.93281e-05 0.00297551 0.000172681
0.000132344 0.000172681 -0.00782823

0.00450288 0.000653637 0.00123887
0.000653637 0.00450788 0.00139911
0.00123887 0.00139911 -0.0116357

0.00416997 4.36779e-05 0.00033707
4.36779e-05 0.00446374 -0.000181905
0.00033707 -0.000181905 -0.0115866

0.00281894 2.02302e-06 2.03175e-05
2.02302e-06 0.00289335 4.08389e-05
2.03175e-05 4.08389e-05 -0.0076271

0.00436337 -2.12551e-05 0.000770602
-2.12551e-05 0.00449106 0.000372901
0.000770602 0.000372901 -0.0116586

0.00280453 -2.75094e-05 -3.42906e-06
-2.75094e-05 0.00285921 3.32559e-05
-3.42906e-06 3.32559e-05 -0.0075168

0.00366024 9.30528e-05 0.000379301
9.30528e-05 0.00466041 0.00171142
0.000379301 0.00171142 -0.010561

0.00276005 -4.02563e-05 -6.21934e-06
-4.02563e-05 0.00285985 4.43895e-05
-6.21934e-06 4.43895e-05 -0.00748383

0.00289021 -1.32259e-05 2.35672e-05
-1.32259e-05 0.00291659 7.38816e-05
2.35672e-05 7.38816e-05 -0.00787939

0.0028725 -6.4383e-05 1.1357e-05
-6.4383e-05 0.00305741 -5.31021e-05
1.1357e-05 -5.31021e-05 -0.00808312

0.00283669 5.44286e-05 -6.13952e-05
5.44286e-05 0.00289913 -2.89062e-05
-6.13952e-05 -2.89062e-05 -0.00752212

0.00299294 -1.93774e-05 5.26286e-05
-1.93774e-05 0.00301853 6.63606e-05
5.26286e-05 6.63606e-05 -0.00799571

0.00293186 8.64182e-06 -7.12148e-05
8.64182e-06 0.00293961 7.64842e-06
-7.12148e-05 7.64842e-06 -0.00782441

0.0028829 5.23356e-05 -8.65213e-05
5.23356e-05 0.00297793 -4.89777e-05
-8.65213e-05 -4.89777e-05 -0.00769047

0.00276172 -3.28185e-05 1.83706e-05
-3.28185e-05 0.00287098 4.75118e-05
1.83706e-05 4.75118e-05 -0.00764938

0.00302006 3.77046e-05 8.39339e-05
3.77046e-05 0.00291336 2.73732e-05
8.39339e-05 2.73732e-05 -0.00759478

0.00284891 -5.67028e-06 6.5802e-05
-5.67028e-06 0.00286143 4.13878e-05
6.5802e-05 4.13878e-05 -0.00754787

0.00450498 -2.12797e-05 -0.000206805
-2.12797e-05 0.00446714 -0.0008616
-0.000206805 -0.0008616 -0.0118047

0.0034174 -6.10464e-06 -0.000127719
-6.10464e-06 0.00336592 3.14917e-05
-0.000127719 3.14917e-05 -0.00888659

0.00466455 9.10977e-05 0.000483646
9.10977e-05 0.00437638 -0.000589445
0.000483646 -0.000589445 -0.0120671

0.00425785 -0.000137521 -3.17566e-05
-0.000137521 0.00420384 0.000244543
-3.17566e-05 0.000244543 -0.0112761

0.00290987 8.48832e-07 -9.13076e-05
8.48832e-07 0.0030343 4.36841e-05
-9.13076e-05 4.36841e-05 -0.00801343

0.003287 -9.05386e-05 -0.000112117
-9.05386e-05 0.00323403 7.75671e-05
-0.000112117 7.75671e-05 -0.00857912

0.00425032 -0.000115292 -2.97155e-05
-0.000115292 0.00425495 0.000442134
-2.97155e-05 0.000442134 -0.0109215

0.0031438 -0.00011107 0.00019987
-0.00011107 0.00282436 0.000145507
0.00019987 0.000145507 -0.00796581

0.00315881 1.76756e-05 3.20831e-05
1.76756e-05 0.00306462 7.11673e-05
3.20831e-05 7.11673e-05 -0.00820862

0.0032856 8.25887e-05 -0.000181809
8.25887e-05 0.00443437 -0.000100939
-0.000181809 -0.000100939 -0.0131763

0.00309506 -1.52108e-05 -1.31131e-05
-1.52108e-05 0.00292125 -3.14922e-05
-1.31131e-05 -3.14922e-05 -0.00816247

0.00288887 7.62105e-05 9.80297e-05
7.62105e-05 0.00297717 0.000167526
9.80297e-05 0.000167526 -0.00782215

0.00427321 -7.47221e-06 -0.00015764
-7.47221e-06 0.0045528 -0.000374877
-0.00015764 -0.000374877 -0.0114791

0.00428609 0.000124426 9.69698e-05
0.000124426 0.00442688 -0.000352749
9.69698e-05 -0.000352749 -0.0108396

0.00307147 -3.02373e-05 -9.59164e-05
-3.02373e-05 0.00294904 -7.90954e-05
-9.59164e-05 -7.90954e-05 -0.00803035

0.00284019 2.93968e-05 -1.65317e-05
2.93968e-05 0.00287468 -4.01477e-05
-1.65317e-05 -4.01477e-05 -0.00751599

0.00422892 -7.39037e-05 0.000151541
-7.39037e-05 0.00416158 0.000184672
0.000151541 0.000184672 -0.0112311

0.00291711 2.57186e-06 -4.26349e-05
2.57186e-06 0.00291905 -2.19363e-05
-4.26349e-05 -2.19363e-05 -0.00773759

0.00286575 -3.04143e-07 0.000124569
-3.04143e-07 0.00289905 0.000146077
0.000124569 0.000146077 -0.00770146

0.00313901 3.48228e-05 6.41056e-05
3.48228e-05 0.00297622 -7.99667e-05
6.41056e-05 -7.99667e-05 -0.00836129

0.00296636 -1.03351e-06 1.66434e-05
-1.03351e-06 0.00296074 -2.4049e-05
1.66434e-05 -2.4049e-05 -0.0077318

0.0028833 2.08277e-05 0.000128725
2.08277e-05 0.00291456 0.000162805
0.000128725 0.000162805 -0.00771431

0.0031998 1.50532e-05 -4.25276e-05
1.50532e-05 0.00303098 7.76538e-05
-4.25276e-05 7.76538e-05 -0.00810146

0.00388831 6.64565e-05 0.000269527
6.64565e-05 0.00407623 0.000130682
0.000269527 0.000130682 -0.0134539

0.00292949 1.42722e-05 -8.54657e-05
1.42722e-05 0.00293416 4.10424e-06
-8.54657e-05 4.10424e-06 -0.00773373

0.00296475 2.36216e-05 1.58811e-05
2.36216e-05 0.00287423 -2.67705e-06
1.58811e-05 -2.67705e-06 -0.00780519

0.00281831 4.16935e-05 -2.45871e-05
4.16935e-05 0.0028591 5.45278e-05
-2.45871e-05 5.45278e-05 -0.00744328

0.0028332 2.53309e-06 6.30105e-05
2.53309e-06 0.00279957 7.25362e-05
6.30105e-05 7.25362e-05 -0.0074295

0.0043855 -0.000126558 0.000266166
-0.000126558 0.00461479 -0.000426311
0.000266166 -0.000426311 -0.0123805

0.00278694 -2.83177e-05 5.10063e-05
-2.83177e-05 0.0028363 5.6014e-05
5.10063e-05 5.6014e-05 -0.00745649

0.00354874 0.000314736 0.000356081
0.000314736 0.00446119 -0.000137559
0.000356081 -0.000137559 -0.0117015

0.0038289 -8.68571e-05 9.29992e-05
-8.68571e-05 0.00410448 9.65261e-05
9.29992e-05 9.65261e-05 -0.0103805

0.00304417 0.000107594 8.92873e-06
0.000107594 0.00316203 7.45139e-05
8.92873e-06 7.45139e-05 -0.00829315

0.0043739 9.27532e-05 -5.6762e-05
9.27532e-05 0.00425449 -0.000431975
-5.6762e-05 -0.000431975 -0.011136

0.00276267 -3.41718e-05 3.15958e-05
-3.41718e-05 0.00285469 3.23435e-05
3.15958e-05 3.23435e-05 -0.00746584

0.00460082 -0.000381029 -0.000545783
-0.000381029 0.00521574 0.000777515
-0.000545783 0.000777515 -0.0132662

0.00238879 0.000692042 -0.000722806
0.000692042 0.00444708 0.000307039
-0.000722806 0.000307039 -0.01223

0.00451148 0.000165968 -0.000317954
0.000165968 0.00426745 -0.000684388
-0.000317954 -0.000684388 -0.0111347

0.0027684 1.87094e-05 3.74121e-05
1.87094e-05 0.00287192 -1.32733e-05
3.74121e-05 -1.32733e-05 -0.0075052

0.00295303 -2.54221e-07 -1.27812e-05
-2.54221e-07 0.00295613 0.000138242
-1.27812e-05 0.000138242 -0.00783725

0.00299248 -4.99203e-05 4.47494e-05
-4.99203e-05 0.00301214 9.36368e-05
4.47494e-05 9.36368e-05 -0.00807582

0.00455465 -4.22251e-05 0.000578434
-4.22251e-05 0.00490283 0.000229537
0.000578434 0.000229537 -0.0130573

0.00413679 -0.000132031 9.0457e-05
-0.000132031 0.00374312 0.000191067
9.0457e-05 0.000191067 -0.0103252

0.00298015 1.98733e-05 -9.51913e-05
1.98733e-05 0.00289831 -1.73456e-05
-9.51913e-05 -1.73456e-05 -0.00779779

0.00291814 -9.5076e-05 -0.000908609
-9.5076e-05 0.00422095 -0.00069639
-0.000908609 -0.00069639 -0.0115857

0.00299931 -3.25802e-05 -3.24532e-05
-3.25802e-05 0.00292965 -2.00141e-05
-3.24532e-05 -2.00141e-05 -0.00788808

0.00309369 -1.79904e-05 -0.000106477
-1.79904e-05 0.00318888 -2.17455e-05
-0.000106477 -2.17455e-05 -0.00820142

0.00460322 -2.38943e-05 0.000544305
-2.38943e-05 0.00487123 -0.000773206
0.000544305 -0.000773206 -0.0125762

0.00281574 -1.75285e-05 2.62776e-05
-1.75285e-05 0.00287802 3.62801e-05
2.62776e-05 3.62801e-05 -0.00745585

0.00306306 -5.84785e-05 -0.000112427
-5.84785e-05 0.00287225 -1.92828e-05
-0.000112427 -1.92828e-05 -0.00798514

0.00286246 3.81554e-05 1.93087e-05
3.81554e-05 0.00288966 -6.55614e-05
1.93087e-05 -6.55614e-05 -0.00766798

0.00328076 -9.46731e-05 -6.76973e-06
-9.46731e-05 0.00318299 -2.21135e-05
-6.76973e-06 -2.21135e-05 -0.00820597

0.00286876 1.50545e-05 6.92212e-05
1.50545e-05 0.00285389 -0.000169706
6.92212e-05 -0.000169706 -0.00753995

0.00469436 -5.77378e-05 0.000759
-5.77378e-05 0.00480446 0.000162665
0.000759 0.000162665 -0.0128458

0.00276746 2.06452e-05 3.05005e-05
2.06452e-05 0.00288915 2.45035e-05
3.05005e-05 2.45035e-05 -0.00746239

0.0030233 -3.44062e-06 -0.000158171
-3.44062e-06 0.00302142 0.000110455
-0.000158171 0.000110455 -0.00801821

0.00429035 -0.000115108 -0.000312433
-0.000115108 0.00418654 -0.000381995
-0.000312433 -0.000381995 -0.0114595

0.00440936 -8.00998e-05 -0.000477354
-8.00998e-05 0.00412934 -0.000324665
-0.000477354 -0.000324665 -0.011397

0.00289241 8.75792e-07 -2.22198e-05
8.75792e-07 0.00289403 -6.49341e-05
-2.22198e-05 -6.49341e-05 -0.00750752

0.00271676 1.01549e-05 -0.000120306
1.01549e-05 0.00281807 -6.15664e-05
-0.000120306 -6.15664e-05 -0.00751877

0.00446958 0.000300592 0.000625829
0.000300592 0.00485095 6.73385e-05
0.000625829 6.73385e-05 -0.0128963

0.00295849 0.000108959 -1.06261e-05
0.000108959 0.00330454 8.51449e-05
-1.06261e-05 8.51449e-05 -0.00801794

0.00288497 -1.96392e-05 3.34268e-05
-1.96392e-05 0.00282633 2.5706e-05
3.34268e-05 2.5706e-05 -0.00745718

0.00336656 2.74773e-05 6.42886e-05
2.74773e-05 0.00314857 -0.000131545
6.42886e-05 -0.000131545 -0.00847118

0.00289082 0.000161672 -0.00023143
0.000161672 0.00319184 -8.44454e-06
-0.00023143 -8.44454e-06 -0.00827662

0.00297001 -8.62228e-05 -9.94483e-06
-8.62228e-05 0.00290292 0.000118992
-9.94483e-06 0.000118992 -0.00803236

0.00279811 7.2516e-07 7.12811e-05
7.2516e-07 0.00278492 0.000109446
7.12811e-05 0.000109446 -0.00760702

0.00295324 -6.59402e-05 -1.63447e-07
-6.59402e-05 0.00293875 5.04419e-05
-1.63447e-07 5.04419e-05 -0.00799602

0.00300579 3.54447e-05 0.000165476
3.54447e-05 0.00302883 5.56976e-05
0.000165476 5.56976e-05 -0.00831567

0.00288835 -6.76067e-05 2.15975e-06
-6.76067e-05 0.00290323 9.71665e-05
2.15975e-06 9.71665e-05 -0.00765466

0.00386837 0.000185885 -0.000128524
0.000185885 0.00386226 0.00021472
-0.000128524 0.00021472 -0.00985876

0.00297967 2.92755e-05 -1.91381e-05
2.92755e-05 0.0028658 1.19827e-05
-1.91381e-05 1.19827e-05 -0.00779679

0.00278763 4.77325e-05 0.00010832
4.77325e-05 0.00294104 -7.82891e-05
0.00010832 -7.82891e-05 -0.00777778

0.00279759 1.38145e-05 -7.86544e-05
1.38145e-05 0.00288055 -3.69541e-05
-7.86544e-05 -3.69541e-05 -0.00754856

0.00317769 6.26239e-05 -0.000207353
6.26239e-05 0.00316811 -0.000140591
-0.000207353 -0.000140591 -0.00805604

0.00337779 8.02252e-05 -0.000118865
8.02252e-05 0.00350423 0.000204016
-0.000118865 0.000204016 -0.00900774

0.00289966 3.94105e-05 -0.000123322
3.94105e-05 0.00292681 -7.46439e-05
-0.000123322 -7.46439e-05 -0.00772303

0.00281174 3.32922e-05 5.17457e-05
3.32922e-05 0.00285552 7.62705e-05
5.17457e-05 7.62705e-05 -0.00752617

0.00281509 4.01508e-05 -9.19653e-06
4.01508e-05 0.00286523 2.13721e-05
-9.19653e-06 2.13721e-05 -0.00754477

0.00445982 -1.87976e-06 0.000748193
-1.87976e-06 0.00445896 0.000539379
0.000748193 0.000539379 -0.0115303

0.00446157 -0.000191299 0.000553006
-0.000191299 0.00438562 0.000520331
0.000553006 0.000520331 -0.0114918

0.00399927 -4.15831e-05 0.000116058
-4.15831e-05 0.00378484 0.000272454
0.000116058 0.000272454 -0.00953189

0.00399975 1.53931e-05 -0.000157891
1.53931e-05 0.00408538 3.76011e-05
-0.000157891 3.76011e-05 -0.0102302

0.00282582 -8.57615e-06 0.0001003
-8.57615e-06 0.00287267 3.42756e-05
0.0001003 3.42756e-05 -0.00759515

0.00279216 7.80221e-06 6.54193e-05
7.80221e-06 0.00282022 5.31545e-05
6.54193e-05 5.31545e-05 -0.00741259

0.00339336 1.53737e-05 0.000160396
1.53737e-05 0.0032493 -3.25351e-05
0.000160396 -3.25351e-05 -0.00869987

0.00281166 9.83308e-06 -3.72882e-05
9.83308e-06 0.00288723 0.000108958
-3.72882e-05 0.000108958 -0.00750707

0.00301575 5.89604e-05 3.45388e-05
5.89604e-05 0.00308138 0.000111854
3.45388e-05 0.000111854 -0.0082999

0.00382928 -0.000108918 0.000120374
-0.000108918 0.00433612 -5.08933e-05
0.000120374 -5.08933e-05 -0.0103901

0.00458125 6.4133e-05 -0.000190501
6.4133e-05 0.00455914 -0.000868143
-0.000190501 -0.000868143 -0.0119691

0.00279983 -2.73864e-05 6.13566e-05
-2.73864e-05 0.00283969 5.72738e-05
6.13566e-05 5.72738e-05 -0.00760739

0.00295849 -1.02403e-05 -5.64253e-05
-1.02403e-05 0.00285875 0.000115097
-5.64253e-05 0.000115097 -0.00774272

0.0028931 -8.15906e-05 -0.000149022
-8.15906e-05 0.00292006 0.000185019
-0.000149022 0.000185019 -0.00765891

0.00280628 -5.08001e-06 3.02913e-06
-5.08001e-06 0.00287762 0.000140367
3.02913e-06 0.000140367 -0.00760578

0.0028601 -4.79499e-05 -9.88151e-05
-4.79499e-05 0.00289023 0.000140368
-9.88151e-05 0.000140368 -0.00772575

0.00372262 6.92791e-05 0.000260128
6.92791e-05 0.00359591 3.25177e-05
0.000260128 3.25177e-05 -0.00987347

0.00384804 -0.000116469 -7.21434e-05
-0.000116469 0.00376258 -0.000251018
-7.21434e-05 -0.000251018 -0.00953498

0.00335995 4.7485e-05 0.000156718
4.7485e-05 0.00363892 -5.41637e-05
0.000156718 -5.41637e-05 -0.00912196

0.00362716 0.000133253 0.000134994
0.000133253 0.00355747 -6.99071e-05
0.000134994 -6.99071e-05 -0.00927332

0.00295467 1.43217e-05 -5.65489e-05
1.43217e-05 0.00285729 4.45422e-05
-5.65489e-05 4.45422e-05 -0.00773529

0.00298653 1.41566e-05 -1.9243e-05
1.41566e-05 0.00296189 4.44293e-05
-1.9243e-05 4.44293e-05 -0.00781631

0.0028145 5.58498e-06 3.61381e-05
5.58498e-06 0.00288209 0.000166445
3.61381e-05 0.000166445 -0.00750282

0.00289335 -2.0155e-05 -0.000116818
-2.0155e-05 0.00295672 -7.19685e-05
-0.000116818 -7.19685e-05 -0.00774847

0.00283305 -6.97056e-05 4.05258e-05
-6.97056e-05 0.00283235 5.57039e-05
4.05258e-05 5.57039e-05 -0.00760723

0.0036388 8.42407e-05 -2.67852e-05
8.42407e-05 0.00365292 -0.000179653
-2.67852e-05 -0.000179653 -0.00938556

0.00331551 0.000112701 6.95151e-05
0.000112701 0.00323489 -9.09088e-05
6.95151e-05 -9.09088e-05 -0.00853019

0.00433789 4.5858e-05 8.98803e-05
4.5858e-05 0.00422439 -0.000409722
8.98803e-05 -0.000409722 -0.0108139

0.00311869 0.000185847 -4.45483e-06
0.000185847 0.00296758 -0.000124982
-4.45483e-06 -0.000124982 -0.00813607

0.00312345 6.03706e-05 3.62597e-06
6.03706e-05 0.00326728 4.33569e-05
3.62597e-06 4.33569e-05 -0.00856751

0.00278587 -2.54499e-05 0.000161914
-2.54499e-05 0.00284472 8.24002e-06
0.000161914 8.24002e-06 -0.0074354

0.0027357 -1.76793e-05 6.94279e-05
-1.76793e-05 0.00285239 -1.63962e-05
6.94279e-05 -1.63962e-05 -0.00743471

0.00286068 -7.28276e-06 8.45971e-05
-7.28276e-06 0.00288163 -3.23062e-05
8.45971e-05 -3.23062e-05 -0.00750435

0.00296622 4.92737e-05 -5.67046e-05
4.92737e-05 0.00290077 6.16477e-06
-5.67046e-05 6.16477e-06 -0.00783387

0.00297735 -2.32547e-07 -0.000122371
-2.32547e-07 0.0029557 1.09251e-05
-0.000122371 1.09251e-05 -0.00783487

0.0042331 4.81043e-05 -0.000169449
4.81043e-05 0.00424027 -0.000310594
-0.000169449 -0.000310594 -0.010906

0.002843 -2.70298e-05 5.1436e-05
-2.70298e-05 0.00286422 -0.000112008
5.1436e-05 -0.000112008 -0.00754478

0.00283265 -6.9274e-05 6.14836e-05
-6.9274e-05 0.0028001 -0.000102567
6.14836e-05 -0.000102567 -0.00752739

0.00282355 -1.31783e-05 0.000173903
-1.31783e-05 0.00285665 -0.000105356
0.000173903 -0.000105356 -0.00752738

0.00285159 -2.7427e-05 0.000240273
-2.7427e-05 0.00283588 -2.92797e-05
0.000240273 -2.92797e-05 -0.00748086

0.00395853 0.000185111 -0.000162425
0.000185111 0.00376909 0.000228777
-0.000162425 0.000228777 -0.00984805

0.00479284 -0.000160398 0.000138219
-0.000160398 0.00485843 0.000646213
0.000138219 0.000646213 -0.0132761

0.00323808 3.5835e-06 -2.20293e-05
3.5835e-06 0.00333688 2.95796e-05
-2.20293e-05 2.95796e-05 -0.00856451

0.00302687 6.14403e-05 -7.20189e-07
6.14403e-05 0.00299753 -5.56696e-05
-7.20189e-07 -5.56696e-05 -0.00800124

0.00489692 -0.000231607 -0.000572369
-0.000231607 0.00500362 0.000955853
-0.000572369 0.000955853 -0.0140138

0.00460466 2.42745e-05 -0.000621282
2.42745e-05 0.00463103 -0.000772253
-0.000621282 -0.000772253 -0.0123157

0.00334103 -2.961e-05 -0.000228791
-2.961e-05 0.00337171 7.21592e-06
-0.000228791 7.21592e-06 -0.00870399

0.00304133 3.0289e-05 -0.000258253
3.0289e-05 0.00318897 8.32312e-05
-0.000258253 8.32312e-05 -0.00836096

0.00302186 -4.95915e-05 -0.000192502
-4.95915e-05 0.00312331 2.38025e-05
-0.000192502 2.38025e-05 -0.00811936

0.00504301 -0.000114304 0.000668406
-0.000114304 0.0047429 -0.00018089
0.000668406 -0.00018089 -0.013122

0.00415181 5.77369e-05 -0.000297226
5.77369e-05 0.00436576 0.000309487
-0.000297226 0.000309487 -0.0110594

0.00465579 0.000285373 -0.000969196
0.000285373 0.00494602 -0.000682041
-0.000969196 -0.000682041 -0.012941

0.00348382 0.000136345 2.07646e-05
0.000136345 0.00330944 0.000245196
2.07646e-05 0.000245196 -0.00898945

0.00299545 2.92009e-05 -1.40426e-05
2.92009e-05 0.00314523 9.93413e-05
-1.40426e-05 9.93413e-05 -0.00838409

0.00305837 2.74311e-05 -5.43136e-05
2.74311e-05 0.00317799 0.00012026
-5.43136e-05 0.00012026 -0.00841081

0.00288996 -1.17278e-05 -7.54197e-05
-1.17278e-05 0.00286226 6.86974e-05
-7.54197e-05 6.86974e-05 -0.00774356

0.00272984 -2.59397e-05 -0.000114957
-2.59397e-05 0.00280028 7.60939e-06
-0.000114957 7.60939e-06 -0.0075001

0.00410631 -0.00018969 5.65669e-05
-0.00018969 0.00407942 0.00027676
5.65669e-05 0.00027676 -0.0105033

0.00474823 9.78341e-05 9.46081e-05
9.78341e-05 0.0053771 0.000550712
9.46081e-05 0.000550712 -0.0135735

0.00318821 0.000114254 -1.41259e-05
0.000114254 0.00323675 -0.000210986
-1.41259e-05 -0.000210986 -0.00864617

0.00337281 -6.42787e-05 0.000190469
-6.42787e-05 0.00375195 0.000100345
0.000190469 0.000100345 -0.00926703

0.00434332 0.000127948 0.000605393
0.000127948 0.00465781 8.896e-05
0.000605393 8.896e-05 -0.0112872

0.00295631 -2.80902e-05 -7.70103e-05
-2.80902e-05 0.00295604 -8.49174e-05
-7.70103e-05 -8.49174e-05 -0.00776067

0.0036036 0.000286535 -0.000133232
0.000286535 0.00374592 0.000124481
-0.000133232 0.000124481 -0.0093148

0.00418108 0.000100823 -0.000310444
0.000100823 0.00435983 0.000131259
-0.000310444 0.000131259 -0.0114169

0.00278818 -2.2313e-06 -4.45943e-05
-2.2313e-06 0.00283388 -3.31473e-05
-4.45943e-05 -3.31473e-05 -0.00786764

0.00285076 6.60632e-05 0.000125515
6.60632e-05 0.00285604 6.99473e-05
0.000125515 6.99473e-05 -0.00753537

0.00466494 0.00124165 0.000938235
0.00124165 0.00618925 0.00395461
0.000938235 0.00395461 -0.0123915

0.00275737 1.00786e-05 5.73911e-05
1.00786e-05 0.00285809 0.00010962
5.73911e-05 0.00010962 -0.00757084

0.00451676 -3.18433e-05 -0.00075051
-3.18433e-05 0.00450408 -0.000811949
-0.00075051 -0.000811949 -0.0118817

0.00273526 -1.72351e-05 7.03565e-05
-1.72351e-05 0.00282623 0.000110429
7.03565e-05 0.000110429 -0.00745554

0.00309752 1.96568e-05 5.80922e-05
1.96568e-05 0.00356632 -7.96566e-05
5.80922e-05 -7.96566e-05 -0.0085621

0.00290039 3.02223e-05 -1.5563e-05
3.02223e-05 0.00292872 -3.89054e-05
-1.5563e-05 -3.89054e-05 -0.007816

0.00205387 -0.000291864 -0.000565398
-0.000291864 -1.11022e-16 -0.00220011
-0.000565398 -0.00220011 -0.0101443

0.00473677 -0.000115758 0.000284937
-0.000115758 0.00517709 -0.000899922
0.000284937 -0.000899922 -0.0134413

0.00474327 1.04206e-05 0.000204305
1.04206e-05 0.00487943 -0.00052832
0.000204305 -0.00052832 -0.0138066

0.00455191 6.10207e-05 0.000137713
6.10207e-05 0.00537893 0.000574316
0.000137713 0.000574316 -0.0135554

0.00450988 0.000137546 -0.000148161
0.000137546 0.00459729 -0.000885043
-0.000148161 -0.000885043 -0.0121162

0.00461957 0.000199898 0.00013734
0.000199898 0.00466148 0.000633384
0.00013734 0.000633384 -0.0125188

0.00479578 6.26658e-05 -0.000545925
6.26658e-05 0.0046578 0.000560517
-0.000545925 0.000560517 -0.0131802

0.00279076 3.02653e-05 8.4186e-05
3.02653e-05 0.00288321 0.000230846
8.4186e-05 0.000230846 -0.00758037

0.00282822 8.35848e-06 2.96051e-05
8.35848e-06 0.00281756 -1.8661e-05
2.96051e-05 -1.8661e-05 -0.00748332

0.00291483 -9.38849e-06 -3.38404e-05
-9.38849e-06 0.00304343 0.000143027
-3.38404e-05 0.000143027 -0.00801886

0.00276162 1.82372e-05 2.16601e-05
1.82372e-05 0.00288031 1.19319e-05
2.16601e-05 1.19319e-05 -0.00745976

0.00465494 4.82175e-05 0.000376496
4.82175e-05 0.00493418 0.000101003
0.000376496 0.000101003 -0.0127079

0.00292833 2.14113e-05 6.91779e-05
2.14113e-05 0.00301445 4.24519e-05
6.91779e-05 4.24519e-05 -0.00770448

0.00494461 0.0007032 0.000401401
0.0007032 0.0045537 0.000607068
0.000401401 0.000607068 -0.0133324

0.00295515 1.02848e-05 -5.77094e-05
1.02848e-05 0.00287821 2.61544e-05
-5.77094e-05 2.61544e-05 -0.00779227

0.00386811 -6.75615e-06 -8.31991e-05
-6.75615e-06 0.00391142 0.000466444
-8.31991e-05 0.000466444 -0.0101769

0.00281638 2.56718e-05 4.45536e-05
2.56718e-05 0.00281344 2.87151e-05
4.45536e-05 2.87151e-05 -0.00744038

0.00289492 -6.19311e-05 -6.1035e-06
-6.19311e-05 0.00282895 -5.19105e-05
-6.1035e-06 -5.19105e-05 -0.00785396

0.00300981 7.57943e-06 8.84048e-05
7.57943e-06 0.00285429 0.000135002
8.84048e-05 0.000135002 -0.00764998

0.00436931 -4.23358e-05 -0.000169549
-4.23358e-05 0.0043485 -0.000190953
-0.000169549 -0.000190953 -0.0110856

0.00432369 -6.91824e-06 -0.000390952
-6.91824e-06 0.00449228 -0.000187024
-0.000390952 -0.000187024 -0.0109997

0.00413835 -8.7197e-05 -0.00017933
-8.7197e-05 0.00404191 0.000157802
-0.00017933 0.000157802 -0.0102393

0.00278259 -7.51824e-05 3.23301e-05
-7.51824e-05 0.00297495 -2.00869e-05
3.23301e-05 -2.00869e-05 -0.00769816

0.00445324 -0.000579459 0.000152177
-0.000579459 0.00433433 -0.00019126
0.000152177 -0.00019126 -0.0135201

0.00463058 2.24071e-05 -0.000855191
2.24071e-05 0.0047715 0.000222701
-0.000855191 0.000222701 -0.0129736

0.003032 -3.34244e-05 -5.81435e-05
-3.34244e-05 0.00290047 -5.8097e-05
-5.81435e-05 -5.8097e-05 -0.00768262

0.00444917 2.91868e-05 -0.000510401
2.91868e-05 0.00442693 -0.000434633
-0.000510401 -0.000434633 -0.0115238

0.00279067 2.80058e-05 0.000113249
2.80058e-05 0.0028648 0.000158589
0.000113249 0.000158589 -0.00759875

0.00275238 2.89308e-05 5.61455e-05
2.89308e-05 0.00284038 5.26307e-05
5.61455e-05 5.26307e-05 -0.00751051

0.00302931 -1.24499e-05 -0.000118212
-1.24499e-05 0.00303128 1.72566e-05
-0.000118212 1.72566e-05 -0.00805816

0.00281087 -2.44118e-05 5.83762e-05
-2.44118e-05 0.00288885 2.82963e-05
5.83762e-05 2.82963e-05 -0.00764751

0.002717 5.97933e-05 7.09314e-05
5.97933e-05 0.00281867 1.88423e-05
7.09314e-05 1.88423e-05 -0.00743288

0.00296162 7.35144e-06 -9.76385e-05
7.35144e-06 0.00299453 -9.55668e-07
-9.76385e-05 -9.55668e-07 -0.00787377

0.00413864 -9.82204e-05 0.000146601
-9.82204e-05 0.00403626 0.000340466
0.000146601 0.000340466 -0.00998896

0.00274863 1.58721e-05 1.57206e-05
1.58721e-05 0.00287693 0.000122044
1.57206e-05 0.000122044 -0.00759292

0.00378328 0.00013267 -0.00138378
0.00013267 0.00374355 0.00173047
-0.00138378 0.00173047 -0.0108056

0.00287942 1.40976e-05 7.46779e-05
1.40976e-05 0.00281052 -1.95101e-05
7.46779e-05 -1.95101e-05 -0.00744817

0.00408734 -9.8241e-05 7.16462e-05
-9.8241e-05 0.00368396 0.000133021
7.16462e-05 0.000133021 -0.0104041

0.00460015 0.000179836 -2.49594e-05
0.000179836 0.0050013 -0.000861449
-2.49594e-05 -0.000861449 -0.0130404

0.00450458 -9.10428e-06 0.000735046
-9.10428e-06 0.00416897 0.000759622
0.000735046 0.000759622 -0.012886

0.00299243 3.66774e-05 -1.4723e-05
3.66774e-05 0.00318165 0.000133221
-1.4723e-05 0.000133221 -0.00836538

0.00378249 -4.30694e-05 -0.000141516
-4.30694e-05 0.00341935 0.000198114
-0.000141516 0.000198114 -0.00936821

0.0030276 -3.08798e-05 -1.00083e-06
-3.08798e-05 0.00301127 2.43868e-05
-1.00083e-06 2.43868e-05 -0.007809

0.00475812 -0.000158045 0.000405569
-0.000158045 0.00515227 -0.000974492
0.000405569 -0.000974492 -0.0130085

0.00292827 2.25584e-05 1.37041e-05
2.25584e-05 0.00279663 -2.30399e-06
1.37041e-05 -2.30399e-06 -0.00757528

0.00388689 9.13476e-05 -2.1739e-05
9.13476e-05 0.00400816 0.000472776
-2.1739e-05 0.000472776 -0.010214

0.00276047 5.91212e-07 9.48074e-05
5.91212e-07 0.00289533 4.93019e-05
9.48074e-05 4.93019e-05 -0.00771942

0.00465088 9.79325e-05 0.000379227
9.79325e-05 0.00480316 0.000296114
0.000379227 0.000296114 -0.0126001

0.00445432 0.000221111 0.000584275
0.000221111 0.00473242 0.000143064
0.000584275 0.000143064 -0.0127206

0.00282546 -7.38962e-05 9.21461e-06
-7.38962e-05 0.00299382 -2.3676e-05
9.21461e-06 -2.3676e-05 -0.0075994

0.00415687 0.000288463 -3.95057e-05
0.000288463 0.00409934 0.000360141
-3.95057e-05 0.000360141 -0.0104012

0.00292021 2.85913e-05 -9.32334e-05
2.85913e-05 0.0028878 -0.000140274
-9.32334e-05 -0.000140274 -0.00772459

0.00467021 -3.0546e-05 0.000171748
-3.0546e-05 0.00538318 0.000626286
0.000171748 0.000626286 -0.0136377

0.00413328 -0.00013922 0.000395728
-0.00013922 0.00523601 0.00066258
0.000395728 0.00066258 -0.012898

0.00441318 0.000131505 0.000399588
0.000131505 0.00543931 0.00181265
0.000399588 0.00181265 -0.0123633

0.0050722 0.000881542 -0.000556544
0.000881542 0.00353786 0.000479268
-0.000556544 0.000479268 -0.0130316

0.00339048 0.000223853 -0.000232469
0.000223853 0.00291921 -0.00015646
-0.000232469 -0.00015646 -0.00794479

0.00344735 0.000174752 -0.00013092
0.000174752 0.00346005 0.000163402
-0.00013092 0.000163402 -0.00900905

0.0032944 6.96779e-05 0.000110955
6.96779e-05 0.00343856 -5.77201e-05
0.000110955 -5.77201e-05 -0.00875792

0.00286135 0.000118589 1.10922e-05
0.000118589 0.00289703 3.49111e-05
1.10922e-05 3.49111e-05 -0.00740116

0.0045969 4.18243e-05 8.54291e-05
4.18243e-05 0.00462657 -0.000794931
8.54291e-05 -0.000794931 -0.0121414

0.00471966 -5.66284e-05 0.000592014
-5.66284e-05 0.00489831 0.000761339
0.000592014 0.000761339 -0.012859

0.00363697 6.11126e-05 3.83741e-05
6.11126e-05 0.00341037 0.000242362
3.83741e-05 0.000242362 -0.00913427

0.00567657 0.00015403 0.000403946
0.00015403 0.00437789 -0.00037769
0.000403946 -0.00037769 -0.014012

0.00289353 3.96827e-05 -0.000121998
3.96827e-05 0.00293084 -8.19184e-05
-0.000121998 -8.19184e-05 -0.00771043

0.00308526 0.000117456 0.000219208
0.000117456 0.0034528 -0.000188782
0.000219208 -0.000188782 -0.00868518

0.00400315 -2.02259e-05 0.000107513
-2.02259e-05 0.00399049 0.000229306
0.000107513 0.000229306 -0.0105919

0.00336732 2.24994e-05 0.000106565
2.24994e-05 0.00329603 -0.000133859
0.000106565 -0.000133859 -0.0087937

0.00468488 -1.18776e-05 0.00014761
-1.18776e-05 0.00500453 0.000766778
0.00014761 0.000766778 -0.0134145

0.00461116 7.90015e-05 0.000431976
7.90015e-05 0.00460473 -2.23381e-05
0.000431976 -2.23381e-05 -0.0121911

0.00439894 -0.000204211 0.000369454
-0.000204211 0.00434551 0.000596434
0.000369454 0.000596434 -0.011589

0.00302424 -2.17611e-05 -5.83963e-05
-2.17611e-05 0.0031941 -5.11747e-05
-5.83963e-05 -5.11747e-05 -0.00812769

0.0041803 -9.59097e-05 0.000113314
-9.59097e-05 0.00411848 0.00042103
0.000113314 0.00042103 -0.0102809

0.0034938 -0.000159336 -0.000115589
-0.000159336 0.00351369 -2.39398e-05
-0.000115589 -2.39398e-05 -0.0090005

0.00348915 4.1009e-05 -2.59527e-05
4.1009e-05 0.00341839 0.00020519
-2.59527e-05 0.00020519 -0.00908709

0.00440064 -9.49658e-06 -6.88631e-05
-9.49658e-06 0.00434015 0.000184996
-6.88631e-05 0.000184996 -0.0114416

0.00280122 -1.51536e-05 -2.92752e-05
-1.51536e-05 0.00291739 0.000157991
-2.92752e-05 0.000157991 -0.00755979

0.00412668 0.000207453 -7.44706e-05
0.000207453 0.00404874 0.000390404
-7.44706e-05 0.000390404 -0.0103494

0.00428931 0.00011606 0.000415143
0.00011606 0.00429747 -0.000409029
0.000415143 -0.000409029 -0.0113628

0.003025 2.50389e-05 -0.000119824
2.50389e-05 0.0029824 2.40909e-05
-0.000119824 2.40909e-05 -0.00790511

0.00293065 1.29024e-05 -5.33195e-05
1.29024e-05 0.00298192 3.52015e-05
-5.33195e-05 3.52015e-05 -0.00794598

0.00451865 0.000212339 -8.15141e-05
0.000212339 0.00430998 -0.00062946
-8.15141e-05 -0.00062946 -0.0117822

0.00421868 8.76819e-05 0.000476731
8.76819e-05 0.00450431 0.000199961
0.000476731 0.000199961 -0.0114281

0.0035981 -4.20164e-05 0.000285732
-4.20164e-05 0.00374534 6.04419e-05
0.000285732 6.04419e-05 -0.0095028

0.00457065 5.64094e-05 0.000649084
5.64094e-05 0.00494275 -9.03137e-06
0.000649084 -9.03137e-06 -0.0128438

0.0040173 -0.000125313 0.000201452
-0.000125313 0.00533461 0.000680278
0.000201452 0.000680278 -0.0132231

0.00368806 0.00020082 0.000248592
0.00020082 0.0040261 5.79559e-05
0.000248592 5.79559e-05 -0.00981275

0.00292542 -9.13277e-06 2.8989e-05
-9.13277e-06 0.00294346 -4.54655e-05
2.8989e-05 -4.54655e-05 -0.00782893

0.00286857 4.17095e-05 -2.09964e-05
4.17095e-05 0.00282452 -7.03473e-05
-2.09964e-05 -7.03473e-05 -0.00748271

0.00363596 7.69705e-05 0.00014606
7.69705e-05 0.00368279 -0.000137569
0.00014606 -0.000137569 -0.00965273

0.00431735 0.000329263 -0.000112836
0.000329263 0.0040523 -0.000221077
-0.000112836 -0.000221077 -0.0106957

0.00295529 -3.30427e-05 3.23979e-05
-3.30427e-05 0.00294312 -4.32627e-05
3.23979e-05 -4.32627e-05 -0.00782979

0.00414597 0.000235187 -2.47678e-05
0.000235187 0.00378048 0.000153796
-2.47678e-05 0.000153796 -0.0108813

0.0028605 2.38078e-05 -2.00657e-05
2.38078e-05 0.0029498 -4.55754e-06
-2.00657e-05 -4.55754e-06 -0.00776086

0.00418441 0.000171201 0.000224853
0.000171201 0.00387954 -0.000195038
0.000224853 -0.000195038 -0.00985718

0.00423361 -0.000253979 -0.000170134
-0.000253979 0.00399924 6.29641e-05
-0.000170134 6.29641e-05 -0.0111362

0.00394169 -0.000142024 0.000195768
-0.000142024 0.00406319 0.000194548
0.000195768 0.000194548 -0.0103195

0.00417902 4.15465e-05 0.000436062
4.15465e-05 0.00446372 -0.000183967
0.000436062 -0.000183967 -0.0113802

0.00336701 2.57151e-05 0.00011205
2.57151e-05 0.00361614 -0.000203411
0.00011205 -0.000203411 -0.00889126

0.00328067 4.26719e-05 0.000230801
4.26719e-05 0.00344556 -0.000140374
0.000230801 -0.000140374 -0.00876236

0.003643 5.32401e-05 0.000187759
5.32401e-05 0.0036619 -3.56826e-05
0.000187759 -3.56826e-05 -0.00923476

0.00288592 2.16068e-06 -2.06285e-05
2.16068e-06 0.00300122 3.88367e-06
-2.06285e-05 3.88367e-06 -0.00777632

0.00364167 7.88301e-05 0.000208377
7.88301e-05 0.00343611 -8.69816e-05
0.000208377 -8.69816e-05 -0.00910696

0.00290251 9.43251e-06 -3.69334e-05
9.43251e-06 0.00303908 2.48463e-05
-3.69334e-05 2.48463e-05 -0.00801603

0.00344589 0.000484783 -0.000487097
0.000484783 0.00370419 0.000559106
-0.000487097 0.000559106 -0.0130196

0.00417984 1.4834e-06 0.000274669
1.4834e-06 0.00440275 0.000268509
0.000274669 0.000268509 -0.0113179

0.00411155 -0.000124551 0.000184509
-0.000124551 0.00417131 0.00013721
0.000184509 0.00013721 -0.010397

0.00267467 7.84439e-06 -9.80921e-06
7.84439e-06 0.00288693 3.25607e-05
-9.80921e-06 3.25607e-05 -0.0073953

0.00406978 -9.76718e-05 0.000420341
-9.76718e-05 0.00410166 0.00015722
0.000420341 0.00015722 -0.0103833

0.00383719 0.000211738 -0.0001843
0.000211738 0.00384876 8.54861e-05
-0.0001843 8.54861e-05 -0.00975601

0.00333557 6.8623e-05 -2.75238e-05
6.8623e-05 0.00317483 -9.25551e-05
-2.75238e-05 -9.25551e-05 -0.00832709

0.0029382 1.78466e-05 5.65322e-06
1.78466e-05 0.00299268 0.000135023
5.65322e-06 0.000135023 -0.00750577

0.00300493 -4.33254e-06 -3.06009e-05
-4.33254e-06 0.00320331 7.29368e-05
-3.06009e-05 7.29368e-05 -0.00802165

0.00302407 -1.96102e-05 1.65931e-05
-1.96102e-05 0.00312755 5.95094e-05
1.65931e-05 5.95094e-05 -0.00818453

0.00319829 3.29945e-06 -0.000105879
3.29945e-06 0.0030049 -8.25844e-05
-0.000105879 -8.25844e-05 -0.00791878

0.0028889 -4.18808e-05 -3.87271e-05
-4.18808e-05 0.00297865 -3.1795e-06
-3.87271e-05 -3.1795e-06 -0.00756774

0.00313674 9.72613e-05 6.15073e-05
9.72613e-05 0.00332656 9.78312e-05
6.15073e-05 9.78312e-05 -0.00857693

0.00288918 -6.92497e-05 1.00434e-05
-6.92497e-05 0.00300731 -5.93874e-06
1.00434e-05 -5.93874e-06 -0.00781739

0.00291705 -3.26144e-05 -1.15403e-05
-3.26144e-05 0.00303197 -2.58156e-06
-1.15403e-05 -2.58156e-06 -0.00777535

0.00309599 1.25139e-05 -0.000100831
1.25139e-05 0.00330989 -3.35102e-05
-0.000100831 -3.35102e-05 -0.00824624

0.00543633 -0.000613691 0.00051707
-0.000613691 0.00507284 -0.000253993
0.00051707 -0.000253993 -0.0135847

0.00491987 -3.12809e-05 0.000539765
-3.12809e-05 0.00484918 -0.000573852
0.000539765 -0.000573852 -0.0131887

0.00471829 -8.47362e-07 -4.24226e-05
-8.47362e-07 0.0051318 0.00033066
-4.24226e-05 0.00033066 -0.0135299

0.00311393 -2.82451e-05 -1.84923e-05
-2.82451e-05 0.00305789 3.6973e-05
-1.84923e-05 3.6973e-05 -0.00818035

0.00450524 0.000152523 0.00011498
0.000152523 0.00460131 -5.33409e-05
0.00011498 -5.33409e-05 -0.0127888

0.00325336 -3.07287e-05 -0.000207419
-3.07287e-05 0.00309581 0.000164582
-0.000207419 0.000164582 -0.00854232

0.0028809 0.000128224 -4.95264e-06
0.000128224 0.00295021 0.000143463
-4.95264e-06 0.000143463 -0.00749507

0.00422656 1.91519e-05 -0.000279512
1.91519e-05 0.00422986 7.81333e-05
-0.000279512 7.81333e-05 -0.0106181

0.00430819 0.000134705 -0.000174722
0.000134705 0.00433981 0.000120438
-0.000174722 0.000120438 -0.0106932

0.00268759 5.44757e-05 7.17807e-05
5.44757e-05 0.00289648 2.86571e-05
7.17807e-05 2.86571e-05 -0.00744092

0.00335046 0.000105083 -5.72805e-05
0.000105083 0.00325332 0.00010366
-5.72805e-05 0.00010366 -0.0086511

0.00278463 -2.46458e-05 4.78059e-05
-2.46458e-05 0.00293883 -7.93154e-05
4.78059e-05 -7.93154e-05 -0.00761715

0.00453892 5.27577e-06 -0.000606804
5.27577e-06 0.00462947 -0.000742392
-0.000606804 -0.000742392 -0.0121513

0.00287185 -3.34668e-05 -2.76928e-05
-3.34668e-05 0.00288722 -0.000122879
-2.76928e-05 -0.000122879 -0.00760173

0.00418571 8.10464e-05 0.000215356
8.10464e-05 0.00435473 -0.000246026
0.000215356 -0.000246026 -0.0109009

0.00470149 8.36865e-06 0.000491674
8.36865e-06 0.00490548 -0.000667048
0.000491674 -0.000667048 -0.0130356

0.00287345 4.21421e-05 3.05195e-05
4.21421e-05 0.0028765 -1.3643e-05
3.05195e-05 -1.3643e-05 -0.00750688

0.00288551 -1.78246e-05 0.000186442
-1.78246e-05 0.0028444 1.37036e-05
0.000186442 1.37036e-05 -0.0074435

0.00292588 1.46813e-05 1.77386e-05
1.46813e-05 0.00299626 -3.25684e-06
1.77386e-05 -3.25684e-06 -0.00778083

0.00290655 -4.42293e-05 0.000112481
-4.42293e-05 0.00286053 -0.000123352
0.000112481 -0.000123352 -0.00756998

0.00283188 -5.89155e-05 0.000126352
-5.89155e-05 0.00288583 -9.39356e-05
0.000126352 -9.39356e-05 -0.00754729

0.00280477 -2.29696e-05 6.22543e-05
-2.29696e-05 0.00278936 4.84523e-05
6.22543e-05 4.84523e-05 -0.00760894

0.0037498 -8.50687e-05 -0.00014451
-8.50687e-05 0.00362372 -7.45045e-05
-0.00014451 -7.45045e-05 -0.00915383

0.00280002 3.7889e-05 0.000195729
3.7889e-05 0.00285248 0.000119902
0.000195729 0.000119902 -0.00741358

0.00470221 2.11027e-05 0.00047597
2.11027e-05 0.00479251 -0.000610083
0.00047597 -0.000610083 -0.0130244

0.00295557 -1.42114e-05 -2.00762e-05
-1.42114e-05 0.0029558 -4.65724e-05
-2.00762e-05 -4.65724e-05 -0.0078303

0.00421786 0.000105939 -0.000269791
0.000105939 0.00422763 -0.000210022
-0.000269791 -0.000210022 -0.0105865

0.00446716 0.000134809 -1.57646e-05
0.000134809 0.00432037 -0.000178361
-1.57646e-05 -0.000178361 -0.0120438

0.00276969 -9.32149e-05 0.000127811
-9.32149e-05 0.00281377 -6.8755e-05
0.000127811 -6.8755e-05 -0.00741793

0.00280571 -5.3865e-05 9.14461e-05
-5.3865e-05 0.00288825 -9.85249e-05
9.14461e-05 -9.85249e-05 -0.00755608

0.00276798 -2.74429e-05 3.75471e-05
-2.74429e-05 0.00286936 4.98379e-05
3.75471e-05 4.98379e-05 -0.00762267

0.00299391 -9.05932e-06 -3.17477e-05
-9.05932e-06 0.00283093 -3.18057e-05
-3.17477e-05 -3.18057e-05 -0.00786783

0.00491161 3.22597e-06 0.000512914
3.22597e-06 0.00472942 -0.000503341
0.000512914 -0.000503341 -0.0132048

0.00289321 3.31678e-06 9.2562e-05
3.31678e-06 0.00286535 -1.6808e-05
9.2562e-05 -1.6808e-05 -0.00771773

0.00284238 -2.00052e-05 0.000142755
-2.00052e-05 0.00284736 -6.8442e-05
0.000142755 -6.8442e-05 -0.00753165

0.00298364 1.41372e-05 -8.49775e-05
1.41372e-05 0.00285997 2.65353e-05
-8.49775e-05 2.65353e-05 -0.00776825

0.00287161 1.49545e-05 -0.000102558
1.49545e-05 0.00285722 2.31968e-05
-0.000102558 2.31968e-05 -0.0077864

0.00280133 -2.59618e-05 6.56337e-05
-2.59618e-05 0.00283828 0.000120749
6.56337e-05 0.000120749 -0.00751892

0.00410631 -0.000181359 6.45797e-05
-0.000181359 0.00403811 0.000357527
6.45797e-05 0.000357527 -0.0103101

0.00336577 -9.56633e-05 -0.000141636
-9.56633e-05 0.00319744 -1.24724e-05
-0.000141636 -1.24724e-05 -0.00814125

0.0029 -6.07892e-05 5.14107e-05
-6.07892e-05 0.00294217 9.52288e-06
5.14107e-05 9.52288e-06 -0.00771658

0.00451552 9.11295e-05 -0.000220753
9.11295e-05 0.00456979 -1.69863e-05
-0.000220753 -1.69863e-05 -0.0124031

0.00275335 -4.92873e-05 9.13466e-05
-4.92873e-05 0.00290739 -4.53583e-05
9.13466e-05 -4.53583e-05 -0.007473

0.00305424 -2.53414e-05 -1.3037e-05
-2.53414e-05 0.0028656 -5.06399e-06
-1.3037e-05 -5.06399e-06 -0.00788358

0.00280823 -1.97572e-05 8.17686e-05
-1.97572e-05 0.00286523 0.000126954
8.17686e-05 0.000126954 -0.00757741

0.0028254 -5.83912e-05 2.38448e-05
-5.83912e-05 0.00278481 -6.19989e-05
2.38448e-05 -6.19989e-05 -0.00747902

0.00452981 -8.56597e-05 0.000195535
-8.56597e-05 0.00570689 0.00202716
0.000195535 0.00202716 -0.0131309

0.002849 -2.75929e-05 2.48747e-05
-2.75929e-05 0.00282482 -6.17083e-05
2.48747e-05 -6.17083e-05 -0.0074852

0.00491739 -8.51002e-05 -0.000709935
-8.51002e-05 0.00483466 0.000787415
-0.000709935 0.000787415 -0.0132442

0.00357834 -9.76186e-05 0.000206392
-9.76186e-05 0.00377782 0.000288777
0.000206392 0.000288777 -0.00950957

0.00300705 4.05619e-05 4.06522e-06
4.05619e-05 0.00297676 -4.60769e-05
4.06522e-06 -4.60769e-05 -0.00798553

0.00460066 0.000147073 -0.00106531
0.000147073 0.00477119 -0.000332531
-0.00106531 -0.000332531 -0.0124619

0.00280738 -2.34549e-05 5.45105e-05
-2.34549e-05 0.00289505 0.000203097
5.45105e-05 0.000203097 -0.0076249

0 0 -0.000522515
0 0 0.00224684
-0.000522515 0.00224684 -0.0107647

0.00282313 -4.01092e-05 -4.56654e-05
-4.01092e-05 0.00288469 4.35591e-05
-4.56654e-05 4.35591e-05 -0.00755457

0.00299191 0.000150566 2.69157e-05
0.000150566 0.00294903 -7.75417e-05
2.69157e-05 -7.75417e-05 -0.00779638

0.00462836 -0.00111068 -0.00116804
-0.00111068 0.00581381 0.00282993
-0.00116804 0.00282993 -0.012933

0.00421012 0.000171843 0.000464763
0.000171843 0.00376208 0.000159332
0.000464763 0.000159332 -0.0130669

0.00467172 0.000266042 -0.00186935
0.000266042 -0.000154882 0.00191303
-0.00186935 0.00191303 -0.0107652

0.00280459 -1.29725e-05 7.08812e-05
-1.29725e-05 0.00289938 0.000206872
7.08812e-05 0.000206872 -0.00762348

0.00403377 -7.25102e-05 0.000123639
-7.25102e-05 0.00376332 0.000226937
0.000123639 0.000226937 -0.00970108

0.00422071 7.5239e-05 0.000255963
7.5239e-05 0.00424483 -0.000172134
0.000255963 -0.000172134 -0.0109124

0.0033644 5.25408e-05 -9.90098e-06
5.25408e-05 0.00342341 8.7926e-05
-9.90098e-06 8.7926e-05 -0.00878657

0.00283352 3.26717e-05 -4.3844e-06
3.26717e-05 0.0028986 -3.41344e-05
-4.3844e-06 -3.41344e-05 -0.0075052

0.00379301 -4.04019e-05 -0.000148737
-4.04019e-05 0.00359863 6.6646e-05
-0.000148737 6.6646e-05 -0.00901064

0.00400229 2.20438e-05 -0.000412907
2.20438e-05 0.00419826 -0.000235955
-0.000412907 -0.000235955 -0.0104113

0.00294727 6.74886e-05 -9.65961e-05
6.74886e-05 0.002837 2.8657e-05
-9.65961e-05 2.8657e-05 -0.00769255

0.0029215 2.66442e-05 -6.7507e-05
2.66442e-05 0.00298892 -1.74194e-06
-6.7507e-05 -1.74194e-06 -0.0078452

0.00414902 2.59902e-05 0.000252897
2.59902e-05 0.00427259 -0.000185994
0.000252897 -0.000185994 -0.0109103

0.00410904 -0.000370413 -0.000101003
-0.000370413 0.00438253 0.000481722
-0.000101003 0.000481722 -0.0103592

0.00451905 0.000117615 -0.000126534
0.000117615 0.0043373 0.000100908
-0.000126534 0.000100908 -0.0113836

0.0040808 2.60876e-06 0.000180358
2.60876e-06 0.00413736 0.000343474
0.000180358 0.000343474 -0.0104278

0.00411799 -7.55698e-05 0.000103818
-7.55698e-05 0.00375838 0.000164642
0.000103818 0.000164642 -0.0104827

0.00498179 -0.000250642 0.000578394
-0.000250642 0.00483119 -0.000365611
0.000578394 -0.000365611 -0.0135118

0.00466312 -1.81953e-05 0.000181637
-1.81953e-05 0.0045212 3.93486e-05
0.000181637 3.93486e-05 -0.0121869

0.00476333 0.000517481 -8.88682e-05
0.000517481 0.00421358 7.9407e-05
-8.88682e-05 7.9407e-05 -0.0136799

0.00280403 -1.74991e-05 5.46255e-05
-1.74991e-05 0.00286662 0.000120271
5.46255e-05 0.000120271 -0.00757906

0.00357958 -0.000131896 -9.46467e-05
-0.000131896 0.00341857 0.000152771
-9.46467e-05 0.000152771 -0.0085322

0.00278659 -3.13104e-05 3.72099e-05
-3.13104e-05 0.00291969 3.84176e-05
3.72099e-05 3.84176e-05 -0.00762944

0.004515 6.35164e-05 0.000400022
6.35164e-05 0.0046531 -0.00109516
0.000400022 -0.00109516 -0.0125287

0.00325447 -0.000102819 -0.000224184
-0.000102819 0.0033807 -0.000102107
-0.000224184 -0.000102107 -0.00870697

0.00354508 -2.21679e-05 -8.58225e-05
-2.21679e-05 0.00368206 4.02583e-05
-8.58225e-05 4.02583e-05 -0.00904182

0.003641 4.82434e-05 0.000155521
4.82434e-05 0.00366039 -0.000151296
0.000155521 -0.000151296 -0.00964365

0.00347171 0.000333555 0.000428371
0.000333555 0.00381706 -0.000250909
0.000428371 -0.000250909 -0.00994886

0.00334106 2.89495e-05 -3.70086e-05
2.89495e-05 0.00341476 8.22226e-05
-3.70086e-05 8.22226e-05 -0.00878707

0.00530095 -0.000182554 0.000475678
-0.000182554 0.00373335 -0.00020999
0.000475678 -0.00020999 -0.0133673

0.0037271 -2.15653e-05 0.000205869
-2.15653e-05 0.00426484 0.000105596
0.000205869 0.000105596 -0.00980326

0.00416156 4.18791e-05 0.000186727
4.18791e-05 0.00423625 -0.000187319
0.000186727 -0.000187319 -0.0106817

0.00401892 0.000171831 -0.000206576
0.000171831 0.00424456 -0.000100406
-0.000206576 -0.000100406 -0.0101668

0.00291534 2.75013e-05 -2.39915e-05
2.75013e-05 0.00288434 7.60342e-05
-2.39915e-05 7.60342e-05 -0.00758659

0.00445889 -0.00034639 0.000118989
-0.00034639 0.00437269 0.000247145
0.000118989 0.000247145 -0.0134394

0.00287797 -1.60241e-05 -0.000118611
-1.60241e-05 0.00280083 1.0266e-05
-0.000118611 1.0266e-05 -0.00757178

0.00303078 2.51876e-06 -0.000122981
2.51876e-06 0.00293191 3.47523e-05
-0.000122981 3.47523e-05 -0.0079034

0.00279442 3.14713e-05 6.9555e-05
3.14713e-05 0.00282331 -2.08376e-05
6.9555e-05 -2.08376e-05 -0.00740775

0.00285466 7.5752e-06 -0.000110388
7.5752e-06 0.00281891 5.22202e-05
-0.000110388 5.22202e-05 -0.00751445

0.00280766 -3.4654e-05 2.63557e-05
-3.4654e-05 0.00289685 0.000138925
2.63557e-05 0.000138925 -0.00765531

0.00294449 -2.86208e-05 -6.2098e-05
-2.86208e-05 0.00293184 6.48312e-05
-6.2098e-05 6.48312e-05 -0.00794048

0.00281793 -5.6283e-05 -0.000144005
-5.6283e-05 0.0028413 7.14422e-05
-0.000144005 7.14422e-05 -0.00750001

0.00515921 -4.01704e-05 0.000376169
-4.01704e-05 0.00469302 -0.000148388
0.000376169 -0.000148388 -0.0132836

0.00276291 1.72637e-05 1.60904e-05
1.72637e-05 0.00286202 3.57268e-07
1.60904e-05 3.57268e-07 -0.00743815

0.00290833 -7.04317e-05 6.08832e-05
-7.04317e-05 0.00290835 0.000137603
6.08832e-05 0.000137603 -0.00774191

0.00294952 -2.54759e-05 7.1774e-05
-2.54759e-05 0.00305054 0.000105284
7.1774e-05 0.000105284 -0.00805457

0.00283363 6.53282e-06 -1.74956e-05
6.53282e-06 0.00289582 -3.58782e-06
-1.74956e-05 -3.58782e-06 -0.00769607

0.00293541 8.51853e-06 -2.5677e-05
8.51853e-06 0.00289713 3.97153e-05
-2.5677e-05 3.97153e-05 -0.00773631

0.00295379 -3.54559e-05 -8.74032e-05
-3.54559e-05 0.00296814 8.99955e-05
-8.74032e-05 8.99955e-05 -0.00780652

0.00299553 3.95182e-05 1.55434e-05
3.95182e-05 0.00308062 -3.70019e-05
1.55434e-05 -3.70019e-05 -0.00818249

0.00279726 -8.23801e-07 2.69712e-05
-8.23801e-07 0.00287604 1.758e-05
2.69712e-05 1.758e-05 -0.00742007

0.00402879 0.000124397 0.000561158
0.000124397 0.00415843 0.000322951
0.000561158 0.000322951 -0.0121812

0.0029192 5.08545e-05 -7.74133e-05
5.08545e-05 0.00293295 -5.66061e-05
-7.74133e-05 -5.66061e-05 -0.00778554

0.00460324 6.19279e-05 -0.000907362
6.19279e-05 0.00513588 -0.000549331
-0.000907362 -0.000549331 -0.0129989

0.00371482 -0.000247305 5.59729e-05
-0.000247305 0.00313057 -0.000334251
5.59729e-05 -0.000334251 -0.00911529

0.00433083 -7.6783e-05 -0.00056253
-7.6783e-05 0.00449601 -0.000795705
-0.00056253 -0.000795705 -0.0117664

0.00273415 4.69932e-05 6.3272e-05
4.69932e-05 0.00281383 4.03752e-05
6.3272e-05 4.03752e-05 -0.0073995

0.00303984 3.51304e-06 0.000123603
3.51304e-06 0.00338587 9.28647e-05
0.000123603 9.28647e-05 -0.00859961

0.00346065 -2.14704e-05 4.15117e-05
-2.14704e-05 0.00330433 -0.000161848
4.15117e-05 -0.000161848 -0.00869652

0.00291445 -2.95206e-05 -2.22035e-05
-2.95206e-05 0.00285811 6.60026e-05
-2.22035e-05 6.60026e-05 -0.00770369

0.0028717 3.69749e-05 -5.23008e-05
3.69749e-05 0.00290768 -3.02265e-05
-5.23008e-05 -3.02265e-05 -0.00759039

0.00336699 2.93579e-05 -5.32748e-05
2.93579e-05 0.00332607 8.76732e-05
-5.32748e-05 8.76732e-05 -0.00906445

0.00451964 0.000109009 -0.000130919
0.000109009 0.00444683 0.000132341
-0.000130919 0.000132341 -0.0114166

0.00303014 4.66263e-05 -6.16848e-06
4.66263e-05 0.0030362 -9.39245e-06
-6.16848e-06 -9.39245e-06 -0.0080086

0.00277483 5.58345e-05 3.18085e-05
5.58345e-05 0.00289895 4.48275e-05
3.18085e-05 4.48275e-05 -0.00742782

0.00297497 -7.18073e-06 -9.00867e-05
-7.18073e-06 0.00296093 2.99563e-06
-9.00867e-05 2.99563e-06 -0.00786358

0.00428315 0.000580046 -0.000932302
0.000580046 0.00518547 -0.000398784
-0.000932302 -0.000398784 -0.0132621

0.00291351 -3.57101e-05 -3.76997e-05
-3.57101e-05 0.00297991 9.65341e-05
-3.76997e-05 9.65341e-05 -0.0078512

0.00294253 9.74817e-06 -4.64081e-05
9.74817e-06 0.00289606 3.31742e-05
-4.64081e-05 3.31742e-05 -0.00768289

0.00376697 -6.70054e-05 -0.000170315
-6.70054e-05 0.00375364 -0.000163742
-0.000170315 -0.000163742 -0.00976723

0.00320014 4.22129e-05 -0.000169981
4.22129e-05 0.00336812 8.92327e-07
-0.000169981 8.92327e-07 -0.0086854

0.00334403 0.000114899 9.62662e-05
0.000114899 0.00324207 -2.13813e-05
9.62662e-05 -2.13813e-05 -0.00911619

0.00334828 -0.000161895 -0.000141503
-0.000161895 0.00359559 5.36637e-05
-0.000141503 5.36637e-05 -0.00883746

0.00377616 -5.28972e-05 1.83486e-05
-5.28972e-05 0.00400275 -0.000244424
1.83486e-05 -0.000244424 -0.0102097

0.00281219 -3.43201e-05 7.20867e-05
-3.43201e-05 0.00279607 1.92748e-05
7.20867e-05 1.92748e-05 -0.00761475

0.00428707 -0.00012508 -0.000352686
-0.00012508 0.00457504 -0.000358637
-0.000352686 -0.000358637 -0.0119028

0.00292879 1.96928e-05 -0.00011465
1.96928e-05 0.00302743 5.12158e-05
-0.00011465 5.12158e-05 -0.00792233

0.00337183 -3.46506e-05 4.19804e-05
-3.46506e-05 0.00347648 0.000183296
4.19804e-05 0.000183296 -0.00902358

0.00377236 -8.68858e-05 -0.000188551
-8.68858e-05 0.00378446 -0.000154857
-0.000188551 -0.000154857 -0.00978571

0.0035036 -6.79502e-05 -2.08213e-05
-6.79502e-05 0.00351495 -0.000249165
-2.08213e-05 -0.000249165 -0.0092116

0.00378946 -6.15389e-06 -2.95754e-05
-6.15389e-06 0.0035572 -0.000322165
-2.95754e-05 -0.000322165 -0.00953136

0.00342864 5.25134e-05 -5.63952e-05
5.25134e-05 0.00347376 -7.92058e-05
-5.63952e-05 -7.92058e-05 -0.00914501

0.00400259 -3.7897e-05 -0.000227253
-3.7897e-05 0.00382855 0.00033131
-0.000227253 0.00033131 -0.00954435

0.00343375 -3.93207e-05 -0.000122762
-3.93207e-05 0.0032066 -2.18316e-05
-0.000122762 -2.18316e-05 -0.00844433

0.00447442 0.000184449 0.000187019
0.000184449 0.00429505 -0.000531119
0.000187019 -0.000531119 -0.0115147

0.00290059 3.35291e-05 -4.03505e-05
3.35291e-05 0.00278399 -5.1984e-05
-4.03505e-05 -5.1984e-05 -0.00758947

0.0029546 -3.34003e-07 -3.53977e-05
-3.34003e-07 0.00285632 3.86039e-05
-3.53977e-05 3.86039e-05 -0.00773213

0.00296626 3.60383e-05 -3.60532e-05
3.60383e-05 0.00299204 5.76125e-05
-3.60532e-05 5.76125e-05 -0.00764784

0.00280766 5.05366e-05 -4.14908e-05
5.05366e-05 0.00291139 -4.5344e-05
-4.14908e-05 -4.5344e-05 -0.00747895

0.00378757 0.000186133 -0.000253359
0.000186133 0.00402772 1.80048e-05
-0.000253359 1.80048e-05 -0.0100334

0.00288772 2.76007e-05 -0.000150238
2.76007e-05 0.00290839 -0.00011698
-0.000150238 -0.00011698 -0.00763668

0.00331922 -0.000200236 -0.000200257
-0.000200236 0.00298198 -0.000108023
-0.000200257 -0.000108023 -0.00814802

0.00417377 1.57821e-06 0.000404266
1.57821e-06 0.00441274 0.00044157
0.000404266 0.00044157 -0.0110182

0.00395389 -0.000116454 -4.49079e-05
-0.000116454 0.00377957 -0.000146655
-4.49079e-05 -0.000146655 -0.00977489

0.00442863 0.000212327 0.000521602
0.000212327 0.00455991 0.000534957
0.000521602 0.000534957 -0.0109647

0.00290277 7.41799e-05 8.54621e-06
7.41799e-05 0.00288674 7.01281e-05
8.54621e-06 7.01281e-05 -0.00747257

0.00402443 -0.000230403 -0.00015976
-0.000230403 0.00383455 -0.000226822
-0.00015976 -0.000226822 -0.0101347

0.00406041 -0.000196164 0.000238415
-0.000196164 0.0040712 0.000208328
0.000238415 0.000208328 -0.0103326

0.00413373 -0.000178133 0.000138437
-0.000178133 0.0040753 0.000195357
0.000138437 0.000195357 -0.0105935

0.00295703 -2.66393e-05 -8.68933e-05
-2.66393e-05 0.0029638 5.17789e-05
-8.68933e-05 5.17789e-05 -0.00786172

0.00431733 -8.2249e-05 -0.000494023
-8.2249e-05 0.00460526 -0.000719551
-0.000494023 -0.000719551 -0.0120931

0.0041056 -0.000172025 7.16587e-05
-0.000172025 0.00418685 0.000261584
7.16587e-05 0.000261584 -0.0105867

0.00270343 7.02429e-06 0.000101448
7.02429e-06 0.00283702 3.34729e-05
0.000101448 3.34729e-05 -0.00740202

0.00293323 -7.59368e-07 -0.000108744
-7.59368e-07 0.00296492 6.82455e-05
-0.000108744 6.82455e-05 -0.00772116

0.00276315 4.216e-05 6.76564e-05
4.216e-05 0.00284128 -1.25298e-06
6.76564e-05 -1.25298e-06 -0.00739633

0.00279218 2.66829e-05 9.79602e-05
2.66829e-05 0.00288769 0.000219964
9.79602e-05 0.000219964 -0.00757178

0.00448695 1.23648e-05 -0.000155914
1.23648e-05 0.00449838 -0.000908709
-0.000155914 -0.000908709 -0.011924

0.00386671 -2.2122e-05 5.99422e-05
-2.2122e-05 0.00337482 0.000232514
5.99422e-05 0.000232514 -0.00904624

0.00415711 -9.2574e-05 0.000236125
-9.2574e-05 0.00405326 3.82969e-05
0.000236125 3.82969e-05 -0.010235

0.00280967 -1.10449e-05 -2.90351e-06
-1.10449e-05 0.00286493 0.000119856
-2.90351e-06 0.000119856 -0.00750152

0.00308017 5.06168e-05 1.07571e-05
5.06168e-05 0.00316154 0.000130358
1.07571e-05 0.000130358 -0.00847529

0.00385324 -8.80827e-05 2.44515e-05
-8.80827e-05 0.00332006 1.61311e-05
2.44515e-05 1.61311e-05 -0.00913303

0.00280536 -1.60047e-05 6.1308e-05
-1.60047e-05 0.00285136 0.000159512
6.1308e-05 0.000159512 -0.00751288

0.00280756 -1.13853e-05 5.78363e-05
-1.13853e-05 0.00285939 0.000166258
5.78363e-05 0.000166258 -0.00762539

0.00488831 0.000212106 -0.000831664
0.000212106 0.00494621 -0.000636523
-0.000831664 -0.000636523 -0.0132045

0.00429701 1.64187e-05 -0.000125055
1.64187e-05 0.00425666 -0.000509894
-0.000125055 -0.000509894 -0.0111953

0.00377364 -0.000180765 -0.000166032
-0.000180765 0.00409133 -6.02308e-05
-0.000166032 -6.02308e-05 -0.0100182

0.0035672 -6.72631e-05 5.05991e-05
-6.72631e-05 0.00380251 6.72302e-05
5.05991e-05 6.72302e-05 -0.00960881

0.00324466 2.86092e-05 -2.18436e-05
2.86092e-05 0.00327029 4.55472e-05
-2.18436e-05 4.55472e-05 -0.00856594

0.00374015 3.07678e-05 3.53293e-05
3.07678e-05 0.00356979 -0.000315964
3.53293e-05 -0.000315964 -0.00954216

0.00336474 1.38862e-06 0.000107749
1.38862e-06 0.00336752 -0.000200046
0.000107749 -0.000200046 -0.0087025

0.00414893 -8.27675e-05 0.000126272
-8.27675e-05 0.00405917 0.00032134
0.000126272 0.00032134 -0.0104145

0.00324695 -2.23156e-05 -1.87006e-05
-2.23156e-05 0.00326515 3.63149e-05
-1.87006e-05 3.63149e-05 -0.00823041

0.00318473 0.000156895 0.0001503
0.000156895 0.00300124 3.4646e-05
0.0001503 3.4646e-05 -0.0079263

0.0029641 7.09598e-05 -0.000138951
7.09598e-05 0.00309968 1.28483e-05
-0.000138951 1.28483e-05 -0.00790996

0.00303166 3.37084e-05 -1.5946e-05
3.37084e-05 0.00268751 0.000150827
-1.5946e-05 0.000150827 -0.00778389

0.0033377 2.94229e-05 1.69571e-05
2.94229e-05 0.0034199 0.000137888
1.69571e-05 0.000137888 -0.00888667

0.00307197 -1.2878e-06 -4.42733e-05
-1.2878e-06 0.0031635 -6.50446e-05
-4.42733e-05 -6.50446e-05 -0.00808117

0.00285119 1.16387e-05 1.18072e-05
1.16387e-05 0.00294931 -2.84249e-05
1.18072e-05 -2.84249e-05 -0.00753086

0.00285184 1.93685e-07 5.10693e-05
1.93685e-07 0.00287389 -5.62404e-05
5.10693e-05 -5.62404e-05 -0.00758846

0.00297096 2.95515e-05 -5.63718e-05
2.95515e-05 0.00285575 1.89663e-05
-5.63718e-05 1.89663e-05 -0.00772146

0.00379092 -0.000184195 -0.000193645
-0.000184195 0.00400081 2.52981e-05
-0.000193645 2.52981e-05 -0.0100443

0.00478967 -0.00090025 -0.000381766
-0.00090025 0.0047274 0.000503297
-0.000381766 0.000503297 -0.013792

0.00364153 7.28794e-05 -0.000162348
7.28794e-05 0.00376428 0.000154642
-0.000162348 0.000154642 -0.00955432

0.00328237 3.10388e-05 1.10347e-05
3.10388e-05 0.00320319 -8.10157e-05
1.10347e-05 -8.10157e-05 -0.00846998

0.00399503 -2.43966e-05 -0.00038097
-2.43966e-05 0.00423931 0.000114456
-0.00038097 0.000114456 -0.0104885

0.00276803 1.60387e-05 1.77074e-05
1.60387e-05 0.0028805 1.3975e-05
1.77074e-05 1.3975e-05 -0.00745816

0.00298043 2.84179e-05 -6.91207e-05
2.84179e-05 0.00285551 1.89567e-05
-6.91207e-05 1.89567e-05 -0.00771048

0.00294119 2.37902e-05 -5.74383e-05
2.37902e-05 0.00282482 1.28661e-05
-5.74383e-05 1.28661e-05 -0.00767432

0.00281611 -4.83961e-05 -2.67264e-05
-4.83961e-05 0.00283388 1.25591e-05
-2.67264e-05 1.25591e-05 -0.00750971

0.00476576 -0.000149249 0.000522743
-0.000149249 0.00483024 -0.00119364
0.000522743 -0.00119364 -0.0124781

0.00402086 1.00593e-05 -1.46947e-05
1.00593e-05 0.00391302 -0.00021207
-1.46947e-05 -0.00021207 -0.010221

0.00319962 2.78369e-05 -0.000147651
2.78369e-05 0.00328164 -4.59467e-05
-0.000147651 -4.59467e-05 -0.00822608

0.00307963 4.97779e-05 -0.000170662
4.97779e-05 0.0030162 -0.000119588
-0.000170662 -0.000119588 -0.00803269

0.00421994 -6.29755e-05 3.36655e-06
-6.29755e-05 0.00398788 0.000228202
3.36655e-06 0.000228202 -0.0108981

0.00336455 5.52991e-05 4.21632e-05
5.52991e-05 0.0034293 0.000142815
4.21632e-05 0.000142815 -0.00888714

0.00424599 4.64805e-05 0.000246129
4.64805e-05 0.00427073 6.35978e-05
0.000246129 6.35978e-05 -0.0112107

0.00276706 -1.81223e-05 6.73601e-05
-1.81223e-05 0.00281053 5.14024e-05
6.73601e-05 5.14024e-05 -0.00742601

0.00377813 0.000201827 -0.000207391
0.000201827 0.00411749 8.82784e-05
-0.000207391 8.82784e-05 -0.0100716

0.00273291 -2.43935e-05 2.56588e-05
-2.43935e-05 0.00283535 3.93964e-05
2.56588e-05 3.93964e-05 -0.00758686

0.00473703 0.000136159 1.17697e-05
0.000136159 0.00589516 -0.000273069
1.17697e-05 -0.000273069 -0.0137548

0.00420115 4.87585e-05 0.000258601
4.87585e-05 0.00422518 -0.000222269
0.000258601 -0.000222269 -0.0107347

0.00421898 -9.05597e-05 -3.73331e-05
-9.05597e-05 0.00377149 0.000247013
-3.73331e-05 0.000247013 -0.0101718

0.00458042 0.000146462 -0.000112678
0.000146462 0.00448086 -0.000725922
-0.000112678 -0.000725922 -0.0123018

0.00490986 0.000189473 0.000340221
0.000189473 0.0039268 0.000439298
0.000340221 0.000439298 -0.0136731

0.00277206 4.81839e-05 4.46483e-05
4.81839e-05 0.00288996 5.07539e-05
4.46483e-05 5.07539e-05 -0.00741545

0.00273488 3.87419e-05 4.56848e-05
3.87419e-05 0.0028502 5.36963e-05
4.56848e-05 5.36963e-05 -0.00757933

0.0047078 0.000137324 0.000707697
0.000137324 0.0047608 -0.000414604
0.000707697 -0.000414604 -0.0128668

0.00280824 -3.14675e-05 6.88467e-06
-3.14675e-05 0.0027982 -7.00509e-05
6.88467e-06 -7.00509e-05 -0.00750971

0.00445616 -5.5372e-05 -0.000359246
-5.5372e-05 0.00448786 -0.000577579
-0.000359246 -0.000577579 -0.0118828

0.00441062 -7.66132e-05 -3.93891e-05
-7.66132e-05 0.00455899 -0.000838223
-3.93891e-05 -0.000838223 -0.0120567

0.00307322 2.42789e-05 -2.12136e-05
2.42789e-05 0.00309854 8.96641e-05
-2.12136e-05 8.96641e-05 -0.00844651

0.00315388 0.0001221 -0.000102337
0.0001221 0.00298912 6.46138e-05
-0.000102337 6.46138e-05 -0.00811176

0.00280796 -8.52616e-06 5.6547e-05
-8.52616e-06 0.00286694 0.000153383
5.6547e-05 0.000153383 -0.00762245

0.00308327 8.15873e-05 5.85274e-05
8.15873e-05 0.00301553 3.85536e-05
5.85274e-05 3.85536e-05 -0.00819684

0.00297414 2.57572e-05 -5.00454e-05
2.57572e-05 0.00285512 3.25792e-05
-5.00454e-05 3.25792e-05 -0.00772623

0.00298816 1.78646e-05 -8.14854e-05
1.78646e-05 0.00286402 1.96332e-05
-8.14854e-05 1.96332e-05 -0.00773526

0.00494586 -0.000374683 0.000535269
-0.000374683 0.00490964 -0.0009731
0.000535269 -0.0009731 -0.0131485

0.0044194 -0.000281695 -7.29041e-05
-0.000281695 0.00521401 0.000724718
-7.29041e-05 0.000724718 -0.0136919

0.00296037 -4.17633e-05 4.56894e-05
-4.17633e-05 0.00302049 8.20027e-05
4.56894e-05 8.20027e-05 -0.0080634

0.0047208 -6.40184e-05 0.000547369
-6.40184e-05 0.00480177 -0.000802194
0.000547369 -0.000802194 -0.0125855

0.00272935 -2.72727e-06 -8.71384e-05
-2.72727e-06 0.00286691 9.96043e-05
-8.71384e-05 9.96043e-05 -0.00740897

0.00281654 6.5852e-06 -4.35579e-05
6.5852e-06 0.00283488 -4.59057e-05
-4.35579e-05 -4.59057e-05 -0.00748397

0.00325302 1.04169e-05 -0.000129645
1.04169e-05 0.00336831 9.28113e-05
-0.000129645 9.28113e-05 -0.00869904

0.00280544 -1.28712e-05 6.31437e-05
-1.28712e-05 0.00285999 0.000156748
6.31437e-05 0.000156748 -0.00751964

0.00465017 4.37565e-05 0.000622905
4.37565e-05 0.0047246 -0.000640956
0.000622905 -0.000640956 -0.0124461

0.00307996 3.46642e-05 -4.39331e-05
3.46642e-05 0.00297371 -3.85592e-05
-4.39331e-05 -3.85592e-05 -0.00789315

0.00277211 5.02427e-05 4.48395e-05
5.02427e-05 0.00290883 3.39145e-05
4.48395e-05 3.39145e-05 -0.00742374

0.00418851 0.00015263 0.000242988
0.00015263 0.00405071 1.86147e-05
0.000242988 1.86147e-05 -0.0107353

0.0029633 8.20293e-06 -6.12585e-05
8.20293e-06 0.00285836 3.44195e-05
-6.12585e-05 3.44195e-05 -0.00778827

0.00418178 0.000150583 -2.19864e-06
0.000150583 0.00414947 0.000126529
-2.19864e-06 0.000126529 -0.0105256

0.00318389 1.13615e-06 0.000108858
1.13615e-06 0.00317611 -4.86577e-05
0.000108858 -4.86577e-05 -0.00844072

0.00277761 6.90172e-05 4.5922e-05
6.90172e-05 0.00290228 3.4611e-05
4.5922e-05 3.4611e-05 -0.0074344

0.0027761 7.68107e-05 2.33735e-05
7.68107e-05 0.00289077 0.000117441
2.33735e-05 0.000117441 -0.00773208

0.00417588 0.000120941 0.000197584
0.000120941 0.00402403 6.78005e-06
0.000197584 6.78005e-06 -0.0107012

0.00290118 5.98622e-05 -3.78628e-05
5.98622e-05 0.00284368 -2.11131e-05
-3.78628e-05 -2.11131e-05 -0.00758474

0.0027717 4.76968e-05 4.77918e-05
4.76968e-05 0.00289361 5.39622e-05
4.77918e-05 5.39622e-05 -0.00744298

0.00460078 6.20381e-05 6.25087e-05
6.20381e-05 0.00441457 -0.000716564
6.25087e-05 -0.000716564 -0.0121293

0.00418414 0.000144779 0.000220799
0.000144779 0.00406962 8.14943e-06
0.000220799 8.14943e-06 -0.0108219

0.00280321 -1.47661e-05 6.49866e-05
-1.47661e-05 0.00285906 0.000157153
6.49866e-05 0.000157153 -0.00751918

0.0026828 -3.01901e-05 -5.55359e-05
-3.01901e-05 0.00289972 8.91112e-07
-5.55359e-05 8.91112e-07 -0.0075523

0.00320297 -7.47878e-05 -0.000132042
-7.47878e-05 0.00323109 8.21791e-05
-0.000132042 8.21791e-05 -0.00853552

0.00313452 -4.93209e-05 -2.11641e-05
-4.93209e-05 0.002961 -7.43544e-06
-2.11641e-05 -7.43544e-06 -0.00809768

0.00280651 -9.79805e-06 5.99117e-05
-9.79805e-06 0.00286635 0.00015411
5.99117e-05 0.00015411 -0.00762084

0.0029314 -4.40624e-05 0.000100711
-4.40624e-05 0.00288892 5.5389e-05
0.000100711 5.5389e-05 -0.0076664

0.00295952 4.53068e-05 -5.82814e-05
4.53068e-05 0.00283789 3.14886e-05
-5.82814e-05 3.14886e-05 -0.00770549

0.00315419 4.12937e-07 -4.94396e-06
4.12937e-07 0.00302247 -5.6857e-05
-4.94396e-06 -5.6857e-05 -0.00821151

0.00474962 7.07632e-05 -0.000778441
7.07632e-05 0.00485113 -0.000498082
-0.000778441 -0.000498082 -0.012886

0.00366131 8.82671e-05 0.000412491
8.82671e-05 0.00415595 8.93754e-05
0.000412491 8.93754e-05 -0.0136617

0.00296331 9.12592e-06 -7.40524e-05
9.12592e-06 0.00285301 6.92674e-05
-7.40524e-05 6.92674e-05 -0.00774566

0.00279634 -6.17453e-06 3.67739e-05
-6.17453e-06 0.00286901 7.88797e-05
3.67739e-05 7.88797e-05 -0.00749997

0.0027896 6.96529e-05 8.52324e-05
6.96529e-05 0.00289427 8.74373e-05
8.52324e-05 8.74373e-05 -0.00747446

0.00274374 2.07625e-06 6.96517e-05
2.07625e-06 0.00287013 0.000108481
6.96517e-05 0.000108481 -0.00745755

0.00278895 7.05065e-05 4.6745e-05
7.05065e-05 0.00289846 2.73918e-05
4.6745e-05 2.73918e-05 -0.0074477

0.00270732 1.14867e-05 9.7348e-05
1.14867e-05 0.0028418 2.81414e-05
9.7348e-05 2.81414e-05 -0.00739893

0.00302095 -1.7373e-05 -4.74787e-05
-1.7373e-05 0.00305 -4.13227e-05
-4.74787e-05 -4.13227e-05 -0.00768689

0.00301001 9.18718e-05 1.76651e-05
9.18718e-05 0.00312086 -3.71167e-05
1.76651e-05 -3.71167e-05 -0.00813733

0.00449854 0.000189247 -0.000755252
0.000189247 0.00473161 0.000187289
-0.000755252 0.000187289 -0.0130009

0.00293224 -9.96781e-06 2.52766e-05
-9.96781e-06 0.00303288 -4.68932e-06
2.52766e-05 -4.68932e-06 -0.00778499

0.00280234 -1.30767e-05 3.1107e-05
-1.30767e-05 0.00290489 0.000146302
3.1107e-05 0.000146302 -0.00765212

0.00298275 1.46124e-05 -7.95353e-05
1.46124e-05 0.00286657 3.04696e-05
-7.95353e-05 3.04696e-05 -0.00771519

0.0035995 -3.07151e-05 0.000156625
-3.07151e-05 0.00375001 3.35633e-05
0.000156625 3.35633e-05 -0.0095059

0.00290767 -8.98131e-06 -1.56748e-05
-8.98131e-06 0.0028161 -1.70224e-05
-1.56748e-05 -1.70224e-05 -0.00754231

0.0038134 0.000224082 -0.000165485
0.000224082 0.00403729 0.000182133
-0.000165485 0.000182133 -0.01007

0.00301227 -4.16812e-05 -0.000235254
-4.16812e-05 0.00311983 2.93616e-05
-0.000235254 2.93616e-05 -0.00801936

0.00426475 0.00013996 -0.000414037
0.00013996 0.00411232 -0.000225417
-0.000414037 -0.000225417 -0.013335

0.00339034 2.19413e-05 -0.000102195
2.19413e-05 0.0036558 -6.08522e-05
-0.000102195 -6.08522e-05 -0.00914784

0.00344688 2.50508e-05 7.94115e-05
2.50508e-05 0.00324302 0.000174239
7.94115e-05 0.000174239 -0.00885448

0.00292116 4.94297e-06 -5.8172e-05
4.94297e-06 0.00304632 -3.7734e-05
-5.8172e-05 -3.7734e-05 -0.00768694

0.00440381 0.0001915 -0.000644673
0.0001915 0.00479976 -0.000266454
-0.000644673 -0.000266454 -0.012689

0.00273755 3.678e-06 8.14669e-05
3.678e-06 0.00284044 0.000103572
8.14669e-05 0.000103572 -0.00746541

0.00428285 7.74544e-06 2.15198e-05
7.74544e-06 0.00434505 0.000158654
2.15198e-05 0.000158654 -0.0112053

0.00438736 -3.90921e-05 0.000154444
-3.90921e-05 0.00437361 0.000283204
0.000154444 0.000283204 -0.0112584

0.004235 8.23527e-05 -0.000959163
8.23527e-05 0.00485976 -0.000678562
-0.000959163 -0.000678562 -0.0129411

0.00397868 -0.000113601 -0.000158036
-0.000113601 0.00380351 6.04057e-05
-0.000158036 6.04057e-05 -0.00972056

0.00445869 -7.24758e-05 -0.000351476
-7.24758e-05 0.00457786 -0.000464874
-0.000351476 -0.000464874 -0.0129257

0.00464973 0.000235333 0.00028553
0.000235333 0.00452753 -0.000176341
0.00028553 -0.000176341 -0.0130424

0.00275731 1.22813e-05 -4.3528e-05
1.22813e-05 0.00291006 -1.38387e-05
-4.3528e-05 -1.38387e-05 -0.00758394

0.00277107 1.68565e-05 4.02017e-05
1.68565e-05 0.00281721 -2.57957e-05
4.02017e-05 -2.57957e-05 -0.00745155

0.00415331 0.000170431 0.000175645
0.000170431 0.00413588 -1.16203e-05
0.000175645 -1.16203e-05 -0.0108532

0.00466514 0.000170277 -0.000643861
0.000170277 0.00485821 -0.000693129
-0.000643861 -0.000693129 -0.0130897

0.00508079 0.000210592 -0.00102468
0.000210592 0.00486056 -0.000756335
-0.00102468 -0.000756335 -0.0131828

0.00491828 0.000248357 0.000103971
0.000248357 0.00550011 -0.000785681
0.000103971 -0.000785681 -0.0144153

0.00280786 -3.42016e-05 3.65983e-05
-3.42016e-05 0.00283388 -6.40781e-06
3.65983e-05 -6.40781e-06 -0.00756941

0.00361742 -0.000579232 -9.12237e-05
-0.000579232 0.003355 0.000224634
-9.12237e-05 0.000224634 -0.0132989

0.00460912 4.46034e-05 -0.000571907
4.46034e-05 0.00465145 -0.000721197
-0.000571907 -0.000721197 -0.0121883

0.00277455 -2.3998e-05 8.56198e-05
-2.3998e-05 0.0028611 9.88437e-05
8.56198e-05 9.88437e-05 -0.00751886

0.00414653 -0.000342885 0.000816331
-0.000342885 0.00508835 -0.000620013
0.000816331 -0.000620013 -0.0126256

0.00420977 -8.97578e-05 0.00019845
-8.97578e-05 0.0045024 0.000311921
0.00019845 0.000311921 -0.0113238

0.00452978 -0.000220731 -0.000200478
-0.000220731 0.00490801 -0.000550333
-0.000200478 -0.000550333 -0.0134439

0.00297193 2.02134e-05 -0.000111207
2.02134e-05 0.00296856 9.80433e-05
-0.000111207 9.80433e-05 -0.00784636

0.00297277 9.89266e-06 -4.39626e-06
9.89266e-06 0.00288897 2.38781e-05
-4.39626e-06 2.38781e-05 -0.00776151

0.00443912 -0.000139962 0.000205199
-0.000139962 0.00449573 0.000311866
0.000205199 0.000311866 -0.0113237

0.00281348 -2.83911e-07 -7.68015e-06
-2.83911e-07 0.00286699 0.000101944
-7.68015e-06 0.000101944 -0.00738845

0.00356297 0.000189263 -9.07313e-05
0.000189263 0.00354677 -0.00018544
-9.07313e-05 -0.00018544 -0.00921297

0.00451295 -7.02176e-06 0.000274225
-7.02176e-06 0.0045235 0.000351595
0.000274225 0.000351595 -0.0115488

0.0043533 -7.52154e-05 8.66176e-05
-7.52154e-05 0.00443727 0.000110511
8.66176e-05 0.000110511 -0.0112939

0.0029507 -2.43549e-06 -3.4456e-06
-2.43549e-06 0.00283285 2.37739e-05
-3.4456e-06 2.37739e-05 -0.0076804

0.00409569 -3.92158e-05 -5.60394e-05
-3.92158e-05 0.00366502 0.000468468
-5.60394e-05 0.000468468 -0.0128425

0.0047147 8.10572e-05 -0.000312731
8.10572e-05 0.00501013 -0.00116393
-0.000312731 -0.00116393 -0.0126822

0.00296194 4.4656e-05 -4.15209e-05
4.4656e-05 0.00297271 5.65929e-05
-4.15209e-05 5.65929e-05 -0.0079291

0.00295985 2.3553e-05 -2.05664e-05
2.3553e-05 0.00302196 5.4763e-05
-2.05664e-05 5.4763e-05 -0.00796558

0.00376795 3.93551e-05 -9.62527e-05
3.93551e-05 0.00336098 -3.71949e-05
-9.62527e-05 -3.71949e-05 -0.0088746

0.00283008 -1.71107e-06 3.46856e-05
-1.71107e-06 0.00281707 -2.28321e-06
3.46856e-05 -2.28321e-06 -0.00751559

0.00615657 6.70122e-05 2.51179e-05
6.70122e-05 0.00250338 0.000471002
2.51179e-05 0.000471002 -0.0133399

0.00301911 -7.45433e-05 -0.000185374
-7.45433e-05 0.00298597 -2.36491e-06
-0.000185374 -2.36491e-06 -0.00804499

0.0027979 3.55166e-05 3.68409e-06
3.55166e-05 0.00282569 -5.50219e-05
3.68409e-06 -5.50219e-05 -0.00740508

0.00268217 -3.01571e-05 -7.3827e-05
-3.01571e-05 0.00284025 2.47882e-05
-7.3827e-05 2.47882e-05 -0.00746035

0.00279746 5.2696e-05 1.0696e-05
5.2696e-05 0.00291591 2.29929e-05
1.0696e-05 2.29929e-05 -0.00750799

0.00296856 3.13954e-05 -8.13094e-05
3.13954e-05 0.00286917 5.23253e-05
-8.13094e-05 5.23253e-05 -0.00773807

0.00281814 2.27833e-05 -0.000108866
2.27833e-05 0.00293173 4.63726e-05
-0.000108866 4.63726e-05 -0.00763152

0.00280497 -6.47683e-06 4.99909e-05
-6.47683e-06 0.00283327 2.81921e-06
4.99909e-05 2.81921e-06 -0.00756001

0.00492202 0.000164408 -6.46532e-05
0.000164408 0.0049839 -0.000866682
-6.46532e-05 -0.000866682 -0.0130383

0.00491434 -0.000149264 0.0008426
-0.000149264 0.00497524 0.000137937
0.0008426 0.000137937 -0.0128292

0.00269436 3.81457e-05 5.92392e-05
3.81457e-05 0.00289833 4.41667e-05
5.92392e-05 4.41667e-05 -0.00742347

0.00492444 4.04386e-05 0.000805695
4.04386e-05 0.00461878 -0.000467175
0.000805695 -0.000467175 -0.0126398

0.00478025 4.5493e-05 0.000618532
4.5493e-05 0.00492591 2.13296e-05
0.000618532 2.13296e-05 -0.0129052

0.00495185 5.85086e-05 0.000578307
5.85086e-05 0.00460872 -0.000151011
0.000578307 -0.000151011 -0.0134906

0.00481075 -0.000119294 0.000566728
-0.000119294 0.00461242 -0.000350452
0.000566728 -0.000350452 -0.0133415

0.00499356 -1.2225e-05 0.000440637
-1.2225e-05 0.00456467 0.00010908
0.000440637 0.00010908 -0.0131716

0.00474679 -1.90781e-05 0.000755103
-1.90781e-05 0.00492151 -0.000798027
0.000755103 -0.000798027 -0.0128714

0.00472243 7.71443e-05 0.000668461
7.71443e-05 0.00479546 -0.000833762
0.000668461 -0.000833762 -0.0126172

0.00447967 0.000235379 0.000189249
0.000235379 0.00447808 -0.00102613
0.000189249 -0.00102613 -0.0116351

0.00457651 -0.000100842 0.000512818
-0.000100842 0.00522462 -0.00111578
0.000512818 -0.00111578 -0.0130936

0.00453615 3.29485e-06 0.000359905
3.29485e-06 0.0043194 -0.00069273
0.000359905 -0.00069273 -0.0120726

0.00454962 0.000148634 0.000247959
0.000148634 0.00425697 -0.000752894
0.000247959 -0.000752894 -0.0119501

0.00459496 9.09336e-05 0.000602853
9.09336e-05 0.00437955 -0.00056208
0.000602853 -0.00056208 -0.0120399

0.00471469 -4.52705e-05 0.000560986
-4.52705e-05 0.00449205 0.000362954
0.000560986 0.000362954 -0.0124387

0.00424046 -9.11618e-05 0.000619767
-9.11618e-05 0.00489147 9.68415e-05
0.000619767 9.68415e-05 -0.0118822

0.00456408 -0.000157492 -1.50033e-05
-0.000157492 0.00536813 -0.000246021
-1.50033e-05 -0.000246021 -0.0145924

0.00449068 4.40033e-05 0.000674951
4.40033e-05 0.00449657 0.000343962
0.000674951 0.000343962 -0.0116012

0.00419504 -0.000125648 0.000460127
-0.000125648 0.00441007 0.000281723
0.000460127 0.000281723 -0.0114142

0.00404884 -4.21307e-05 0.000677926
-4.21307e-05 0.00456313 0.000315479
0.000677926 0.000315479 -0.0115857

0.00393485 0.000174371 0.000883695
0.000174371 0.00478663 -0.00034515
0.000883695 -0.00034515 -0.0117508

0.00457034 0.0001411 0.000506285
0.0001411 0.00432002 -0.00053928
0.000506285 -0.00053928 -0.0117099

0.00452831 2.1831e-05 0.000343889
2.1831e-05 0.00428307 -0.000709099
0.000343889 -0.000709099 -0.0117114

0.00414034 -3.99217e-05 0.000475313
-3.99217e-05 0.00455908 0.000340223
0.000475313 0.000340223 -0.0113507

0.00408489 5.39606e-05 0.000556334
5.39606e-05 0.00476823 6.98651e-05
0.000556334 6.98651e-05 -0.0112963

0.00426561 0.000128675 0.000155867
0.000128675 0.0043081 -0.000465426
0.000155867 -0.000465426 -0.0120195

0.00434721 6.9455e-05 0.000407278
6.9455e-05 0.00431534 -0.000591784
0.000407278 -0.000591784 -0.0113329

0.00361954 -6.85124e-06 0.000201492
-6.85124e-06 0.00372269 0.000166618
0.000201492 0.000166618 -0.00972981

0.00377202 -0.000241646 0.00015989
-0.000241646 0.00382436 0.000243944
0.00015989 0.000243944 -0.00971914

0.00402655 -0.000120598 3.96087e-05
-0.000120598 0.00369176 0.000185247
3.96087e-05 0.000185247 -0.00993508

0.00402691 -0.000167863 8.08889e-05
-0.000167863 0.00382718 0.000321418
8.08889e-05 0.000321418 -0.0102377

0.00376866 -0.000221502 0.000120373
-0.000221502 0.00373987 0.000124656
0.000120373 0.000124656 -0.0094911

0.00369767 -0.000175472 0.000113378
-0.000175472 0.00381027 0.000124119
0.000113378 0.000124119 -0.00949153

0.00348988 -7.32036e-05 5.74986e-05
-7.32036e-05 0.00341529 0.00014988
5.74986e-05 0.00014988 -0.00911925

0.0034578 3.97023e-06 8.8565e-05
3.97023e-06 0.00344771 1.82153e-05
8.8565e-05 1.82153e-05 -0.00913448

0.00362595 -1.00209e-05 0.000128554
-1.00209e-05 0.00370154 0.000293527
0.000128554 0.000293527 -0.00926424

0.00359738 9.62396e-05 0.000188198
9.62396e-05 0.0035951 0.000260984
0.000188198 0.000260984 -0.00926468

0.0030365 -0.000101218 0.000226163
-0.000101218 0.00355013 1.56229e-05
0.000226163 1.56229e-05 -0.00865834

0.00318422 -1.89784e-05 -2.01008e-05
-1.89784e-05 0.00314303 -4.45834e-05
-2.01008e-05 -4.45834e-05 -0.00838645

0.00309569 -8.78908e-05 0.000117726
-8.78908e-05 0.00310096 2.25696e-05
0.000117726 2.25696e-05 -0.00846184

0.00304502 7.29457e-05 1.98177e-05
7.29457e-05 0.00308991 -3.31543e-05
1.98177e-05 -3.31543e-05 -0.00820963

0.0030401 0.000108807 9.31188e-06
0.000108807 0.00293476 -0.000153853
9.31188e-06 -0.000153853 -0.00786545

0.00303266 8.56705e-05 3.31849e-05
8.56705e-05 0.00288766 -7.03544e-05
3.31849e-05 -7.03544e-05 -0.00793862

0.00302319 6.00905e-05 5.88091e-05
6.00905e-05 0.00293839 7.03713e-05
5.88091e-05 7.03713e-05 -0.00796531

0.00287051 6.29865e-05 6.16438e-05
6.29865e-05 0.0029263 3.4205e-05
6.16438e-05 3.4205e-05 -0.00764368

0.00298273 3.7349e-05 3.85539e-05
3.7349e-05 0.00292663 7.14336e-05
3.85539e-05 7.14336e-05 -0.00782356

0.00299564 7.68362e-05 9.09995e-06
7.68362e-05 0.00288637 -8.78342e-05
9.09995e-06 -8.78342e-05 -0.00778604

0.00285717 4.85545e-05 4.76135e-05
4.85545e-05 0.00291203 -1.35273e-05
4.76135e-05 -1.35273e-05 -0.0075236

0.00284554 4.9616e-05 1.97813e-05
4.9616e-05 0.00289117 -5.08624e-05
1.97813e-05 -5.08624e-05 -0.00766082

0.00292665 -5.47436e-05 0.000105402
-5.47436e-05 0.00300207 -0.000203981
0.000105402 -0.000203981 -0.00781528

0.00290539 -6.33691e-06 6.17702e-05
-6.33691e-06 0.00289699 -0.000147432
6.17702e-05 -0.000147432 -0.00775681

0.00282999 -5.96269e-06 -3.74112e-05
-5.96269e-06 0.0028465 -5.22123e-05
-3.74112e-05 -5.22123e-05 -0.00748467

0.0041124 6.33996e-05 -0.000354452
6.33996e-05 0.00439129 0.000224996
-0.000354452 0.000224996 -0.0108162

0.00353226 0.000134292 2.44909e-05
0.000134292 0.00350956 0.000301134
2.44909e-05 0.000301134 -0.0093746

0.00444008 0.000198666 -0.000310004
0.000198666 0.0042583 0.000180902
-0.000310004 0.000180902 -0.0115594

0.00411316 0.000169023 -0.0002876
0.000169023 0.00411024 0.000139234
-0.0002876 0.000139234 -0.0107488

0.00410692 0.000185682 -0.000247198
0.000185682 0.00408947 0.000144461
-0.000247198 0.000144461 -0.0104706

0.00300794 -1.77872e-05 5.23909e-05
-1.77872e-05 0.00300057 5.27297e-05
5.23909e-05 5.27297e-05 -0.00800592

0.00405423 0.000183892 -0.000138438
0.000183892 0.00420964 0.000299799
-0.000138438 0.000299799 -0.0107455

0.00452516 1.29698e-05 -0.000451665
1.29698e-05 0.00474281 0.000935753
-0.000451665 0.000935753 -0.0118521

0.00404971 0.000197526 -0.00011134
0.000197526 0.0041805 0.000290742
-0.00011134 0.000290742 -0.0104679

0.00451457 0.0001004 -0.000377419
0.0001004 0.00450874 0.000638887
-0.000377419 0.000638887 -0.0122147

0.00370592 0.000107317 -1.34904e-05
0.000107317 0.00346897 0.000270055
-1.34904e-05 0.000270055 -0.00910964

0.00450733 0.000242637 0.000624698
0.000242637 0.00491751 0.000119378
0.000624698 0.000119378 -0.0130092

0.00402322 0.000118839 -9.29406e-05
0.000118839 0.0037766 0.000143095
-9.29406e-05 0.000143095 -0.0100756

0.00403364 0.000133837 -0.000176183
0.000133837 0.00379067 9.41298e-05
-0.000176183 9.41298e-05 -0.0100782

0.00459567 1.01412e-05 5.70017e-05
1.01412e-05 0.00468675 -0.000914683
5.70017e-05 -0.000914683 -0.0123703

0.00401868 0.000158286 -3.62305e-05
0.000158286 0.00367588 0.000122317
-3.62305e-05 0.000122317 -0.00986356

0.00294814 -3.25411e-05 -8.98401e-05
-3.25411e-05 0.00297705 9.29371e-05
-8.98401e-05 9.29371e-05 -0.00777314

0.0031339 -0.000163352 0.000167616
-0.000163352 0.00321127 -0.000127126
0.000167616 -0.000127126 -0.00847263

0.00455079 0.000176594 -0.000184809
0.000176594 0.00429485 -0.000874612
-0.000184809 -0.000874612 -0.0119687

0.00290906 5.07513e-05 -0.000110438
5.07513e-05 0.0029095 -9.74776e-05
-0.000110438 -9.74776e-05 -0.00775289

0.004142 0.000114895 0.000537534
0.000114895 0.00470316 0.000240803
0.000537534 0.000240803 -0.0114576

0.00263129 -2.80048e-05 6.28059e-05
-2.80048e-05 0.00286371 0.000113276
6.28059e-05 0.000113276 -0.00744997

0.00296062 -0.000115442 7.3634e-05
-0.000115442 0.00314453 4.58379e-05
7.3634e-05 4.58379e-05 -0.00817335

0.00284565 -9.37132e-07 -7.30249e-05
-9.37132e-07 0.0028997 2.31273e-05
-7.30249e-05 2.31273e-05 -0.00751955

0.00428043 9.96122e-05 0.000574861
9.96122e-05 0.00443184 0.000347224
0.000574861 0.000347224 -0.0114923

0.00297748 3.30146e-05 -4.62063e-05
3.30146e-05 0.00284526 2.62102e-05
-4.62063e-05 2.62102e-05 -0.00770588

0.00309954 0.000150904 9.37458e-05
0.000150904 0.00297544 -6.14096e-05
9.37458e-05 -6.14096e-05 -0.00851208

0.00350248 -4.72373e-05 0.000259363
-4.72373e-05 0.00337837 0.000168993
0.000259363 0.000168993 -0.00886141

0.00303647 -8.13362e-05 -2.69344e-05
-8.13362e-05 0.00309134 9.98687e-05
-2.69344e-05 9.98687e-05 -0.00818376

0.00386736 5.90058e-06 5.12524e-05
5.90058e-06 0.00388638 0.000357616
5.12524e-05 0.000357616 -0.0095315

0.00294403 -6.46827e-06 9.99424e-07
-6.46827e-06 0.00287971 2.77467e-05
9.99424e-07 2.77467e-05 -0.00775069

0.00400133 -1.02531e-05 0.0001306
-1.02531e-05 0.00407076 0.00054388
0.0001306 0.00054388 -0.00944302

0.00417804 -4.65789e-05 0.000147022
-4.65789e-05 0.00391716 0.000320974
0.000147022 0.000320974 -0.0103016

0.00466739 0.000294544 0.000401649
0.000294544 0.00469898 0.000202634
0.000401649 0.000202634 -0.0122828

0.00443077 7.74124e-05 7.36466e-05
7.74124e-05 0.00455159 -0.000716479
7.36466e-05 -0.000716479 -0.0127376

0.00412816 0.000204703 -0.000220685
0.000204703 0.00407185 0.00012022
-0.000220685 0.00012022 -0.010504

0.00293197 -2.99525e-05 -3.30162e-05
-2.99525e-05 0.00298172 0.000104494
-3.30162e-05 0.000104494 -0.0078889

0.00338313 -1.31988e-05 0.000108614
-1.31988e-05 0.00311143 7.55609e-05
0.000108614 7.55609e-05 -0.00860533

0.00357044 -8.73691e-05 -6.83002e-05
-8.73691e-05 0.00387164 0.000314241
-6.83002e-05 0.000314241 -0.00957731

0.00336678 5.39325e-05 -9.55306e-05
5.39325e-05 0.00344845 -6.40654e-05
-9.55306e-05 -6.40654e-05 -0.00888565

0.00414783 0.000122182 -0.000212465
0.000122182 0.00435346 0.000159097
-0.000212465 0.000159097 -0.0105838

0.0033314 4.23769e-05 -0.000219986
4.23769e-05 0.0031708 -0.000100552
-0.000219986 -0.000100552 -0.00870682

0.00344646 0.000143284 4.34754e-05
0.000143284 0.00348375 0.000257772
4.34754e-05 0.000257772 -0.00912118

0.00291216 7.37525e-05 -4.64683e-05
7.37525e-05 0.00291484 -0.00010891
-4.64683e-05 -0.00010891 -0.00762639

0.00312271 -0.000116039 7.60068e-06
-0.000116039 0.00311373 7.88901e-05
7.60068e-06 7.88901e-05 -0.00860099

0.00275006 -7.33251e-06 2.88988e-05
-7.33251e-06 0.00285959 1.06309e-05
2.88988e-05 1.06309e-05 -0.00745426

0.00291831 5.17746e-05 -8.98348e-05
5.17746e-05 0.00291712 -6.28264e-05
-8.98348e-05 -6.28264e-05 -0.00766893

0.00291978 5.12139e-05 -8.34291e-05
5.12139e-05 0.00291273 -8.89844e-05
-8.34291e-05 -8.89844e-05 -0.00776327

0.00296119 -5.12469e-06 -6.55946e-05
-5.12469e-06 0.00294605 5.77398e-06
-6.55946e-05 5.77398e-06 -0.00788906

0.00298388 -1.48838e-05 -4.14149e-05
-1.48838e-05 0.00292712 5.99728e-05
-4.14149e-05 5.99728e-05 -0.00804372

0.00295781 -5.21501e-06 -5.96295e-05
-5.21501e-06 0.00296912 1.18815e-05
-5.96295e-05 1.18815e-05 -0.00789806

0.00402525 -0.000130578 3.46613e-05
-0.000130578 0.0037022 0.00018776
3.46613e-05 0.00018776 -0.00993507

0.00511831 -0.000675239 0.000556394
-0.000675239 0.00365892 0.00037107
0.000556394 0.00037107 -0.0138332

0.00320082 2.86527e-05 -0.000118164
2.86527e-05 0.0032427 0.000113608
-0.000118164 0.000113608 -0.00799681

0.00356643 8.56289e-06 6.94405e-05
8.56289e-06 0.00340768 0.000122675
6.94405e-05 0.000122675 -0.00907648

0.0033073 3.26312e-05 7.01851e-05
3.26312e-05 0.00334278 9.75258e-05
7.01851e-05 9.75258e-05 -0.00857757

0.00279377 -1.17935e-05 -4.78933e-05
-1.17935e-05 0.0029349 8.29519e-06
-4.78933e-05 8.29519e-06 -0.00770147

0.00418029 -2.14621e-05 0.000123152
-2.14621e-05 0.00414995 0.000245973
0.000123152 0.000245973 -0.0108217

0.00371221 6.85246e-05 0.000106675
6.85246e-05 0.00367918 -0.000118939
0.000106675 -0.000118939 -0.00996681

0.00292475 -3.38859e-05 -0.000134195
-3.38859e-05 0.00318438 -4.58349e-06
-0.000134195 -4.58349e-06 -0.00816352

0.00322197 6.45719e-05 -8.72867e-05
6.45719e-05 0.0033674 6.97794e-05
-8.72867e-05 6.97794e-05 -0.00866517

0.003143 -9.62204e-05 -0.000105642
-9.62204e-05 0.00304052 4.7709e-05
-0.000105642 4.7709e-05 -0.00821161

0.00372847 0.000184209 0.00032225
0.000184209 0.00343117 0.000148541
0.00032225 0.000148541 -0.00860576

0.00322149 0.000107378 -4.63755e-05
0.000107378 0.00325153 3.01945e-05
-4.63755e-05 3.01945e-05 -0.00863362

0.00429002 4.14735e-05 -8.18443e-05
4.14735e-05 0.00367574 0.000141088
-8.18443e-05 0.000141088 -0.0102102

0.00418092 6.32997e-05 -0.000161429
6.32997e-05 0.00368151 0.000191246
-0.000161429 0.000191246 -0.0101527

0.00429157 -4.10215e-05 2.47693e-06
-4.10215e-05 0.00398735 0.000214998
2.47693e-06 0.000214998 -0.0109212

0.00429939 -0.000114004 -0.000150647
-0.000114004 0.00368428 0.000143831
-0.000150647 0.000143831 -0.0102095

0.00429344 -4.82372e-06 -0.000128553
-4.82372e-06 0.00400673 0.000165771
-0.000128553 0.000165771 -0.0108193

0.00450774 0.000162535 0.000263348
0.000162535 0.00430839 -0.000576098
0.000263348 -0.000576098 -0.0113652

0.00403176 0.000152695 -0.000155228
0.000152695 0.00366465 5.15557e-05
-0.000155228 5.15557e-05 -0.0098667

0.00409127 -9.11118e-05 0.000130545
-9.11118e-05 0.00369687 0.000242869
0.000130545 0.000242869 -0.00979599

0.0043622 -4.04991e-06 0.000768202
-4.04991e-06 0.00445191 0.000364755
0.000768202 0.000364755 -0.0116547

0.00364012 -5.05712e-05 -0.000104131
-5.05712e-05 0.00350326 0.000243647
-0.000104131 0.000243647 -0.00939725

0.00286528 8.56114e-05 -2.30643e-05
8.56114e-05 0.00295254 -0.000130128
-2.30643e-05 -0.000130128 -0.00763232

0.00341499 1.75643e-05 -5.64924e-05
1.75643e-05 0.00324127 0.000142133
-5.64924e-05 0.000142133 -0.00885448

0.00392364 0.000817347 -0.000445943
0.000817347 0.00466512 -0.000107294
-0.000445943 -0.000107294 -0.0133364

0.00300903 -6.30317e-05 -0.000226786
-6.30317e-05 0.00298001 8.16593e-05
-0.000226786 8.16593e-05 -0.0080279

0.00282846 -8.03227e-05 5.04606e-05
-8.03227e-05 0.00285434 5.40621e-05
5.04606e-05 5.40621e-05 -0.0076653

0.00285833 0.000111344 4.54123e-05
0.000111344 0.00287837 3.63789e-05
4.54123e-05 3.63789e-05 -0.00750278

0.0028528 1.61008e-05 -5.84816e-05
1.61008e-05 0.0028301 2.74486e-05
-5.84816e-05 2.74486e-05 -0.00749834

0.00385137 0.000187093 -0.00013763
0.000187093 0.00407088 0.000131839
-0.00013763 0.000131839 -0.0102696

0.00378976 0.000124829 -0.000208877
0.000124829 0.00388231 0.000280493
-0.000208877 0.000280493 -0.00984893

0.00382341 0.000168688 -0.000185763
0.000168688 0.00413061 2.40425e-05
-0.000185763 2.40425e-05 -0.0102718

0.00433142 7.70034e-05 5.11389e-05
7.70034e-05 0.00414321 0.000769624
5.11389e-05 0.000769624 -0.0111507

0.00440422 2.75602e-05 0.000438146
2.75602e-05 0.00451695 0.000258617
0.000438146 0.000258617 -0.0114211

0.00277005 -1.21571e-05 7.18458e-05
-1.21571e-05 0.00280636 5.61401e-05
7.18458e-05 5.61401e-05 -0.00742038

0.00286951 2.30048e-06 -1.23329e-06
2.30048e-06 0.00275629 -2.09777e-05
-1.23329e-06 -2.09777e-05 -0.00746104

0.00291171 -2.44112e-05 4.53376e-06
-2.44112e-05 0.00287168 7.54698e-05
4.53376e-06 7.54698e-05 -0.00781237

0.00463954 0.000223725 0.000116689
0.000223725 0.00404578 -0.000867434
0.000116689 -0.000867434 -0.0116924

0.00446681 2.89128e-05 -8.14051e-05
2.89128e-05 0.00443726 -0.000825439
-8.14051e-05 -0.000825439 -0.0118044

0.00296102 4.78229e-05 -3.50574e-05
4.78229e-05 0.00295738 2.35262e-05
-3.50574e-05 2.35262e-05 -0.0077824

0.00444961 8.21456e-05 -0.000160245
8.21456e-05 0.00429477 -0.000642442
-0.000160245 -0.000642442 -0.0115791

0.00429808 1.32881e-05 -7.37179e-05
1.32881e-05 0.00426411 -0.000591876
-7.37179e-05 -0.000591876 -0.0114276

0.00459578 -5.03293e-05 0.000177668
-5.03293e-05 0.00419721 -0.000524026
0.000177668 -0.000524026 -0.0116266

0.00437615 7.41532e-05 -0.000177997
7.41532e-05 0.00417623 -0.00071828
-0.000177997 -0.00071828 -0.0117592

0.00396855 1.54178e-05 -0.000297178
1.54178e-05 0.00428994 0.000108473
-0.000297178 0.000108473 -0.0106234

0.00452865 0.000165282 0.000304149
0.000165282 0.00426411 -0.000410222
0.000304149 -0.000410222 -0.0119602

0.0028353 -7.73371e-06 7.78987e-05
-7.73371e-06 0.00288192 -8.73035e-05
7.78987e-05 -8.73035e-05 -0.00746899

0.00291972 -3.92622e-05 9.75892e-05
-3.92622e-05 0.00297243 -0.000235794
9.75892e-05 -0.000235794 -0.00785556

0.00283511 -7.91615e-06 7.20774e-05
-7.91615e-06 0.0029198 -9.64318e-05
7.20774e-05 -9.64318e-05 -0.00764548

0.00289261 2.10025e-05 0.000130918
2.10025e-05 0.00294833 -0.000220663
0.000130918 -0.000220663 -0.00779526

0.0029719 -4.97481e-05 9.25485e-05
-4.97481e-05 0.00299742 -0.000209645
9.25485e-05 -0.000209645 -0.0078151

0.00287127 -8.02171e-06 2.85343e-05
-8.02171e-06 0.00292007 -0.000102378
2.85343e-05 -0.000102378 -0.00766797

0.00292143 5.76187e-05 -4.61286e-05
5.76187e-05 0.00293239 -9.5221e-05
-4.61286e-05 -9.5221e-05 -0.00776361

0.00292783 4.84222e-05 -8.56636e-05
4.84222e-05 0.0029191 -0.000133449
-8.56636e-05 -0.000133449 -0.00780789

0.00292348 3.69582e-05 -9.54902e-05
3.69582e-05 0.00290002 -0.000129806
-9.54902e-05 -0.000129806 -0.00775174

0.0028415 3.45871e-05 -9.80732e-06
3.45871e-05 0.00293642 -3.35044e-05
-9.80732e-06 -3.35044e-05 -0.00762765

0.0029086 4.60361e-05 -0.000108382
4.60361e-05 0.00292975 -5.80586e-05
-0.000108382 -5.80586e-05 -0.00775748

0.00294515 3.49972e-05 -6.27235e-05
3.49972e-05 0.0029269 -0.000152797
-6.27235e-05 -0.000152797 -0.00777846

0.00293362 9.41849e-06 -5.79879e-05
9.41849e-06 0.00296559 -1.39334e-05
-5.79879e-05 -1.39334e-05 -0.00785534

0.00286408 1.23032e-05 1.83926e-05
1.23032e-05 0.00295811 3.6897e-06
1.83926e-05 3.6897e-06 -0.00795405

0.00418438 0.000198761 0.000381971
0.000198761 0.00374818 4.53578e-05
0.000381971 4.53578e-05 -0.0105085

0 0 -0.000522515
0 0 0.00224684
-0.000522515 0.00224684 -0.0107647

0.000308525 0.00196932 -0.00206488
0.00196932 0.00363011 0.00172078
-0.00206488 0.00172078 -0.0107796

0.0040728 -2.87442e-05 -0.000670703
-2.87442e-05 0.00396789 -0.000365019
-0.000670703 -0.000365019 -0.0117528

0.00405392 0.000112434 -0.000900222
0.000112434 0.00371766 -4.65726e-05
-0.000900222 -4.65726e-05 -0.0121172

0.0039217 -0.00205343 0.00049227
-0.00205343 0 0.00152285
0.00049227 0.00152285 -0.0105367

0.00302069 0.00188774 -0.00177296
0.00188774 0.000754783 0.00193472
-0.00177296 0.00193472 -0.0107655

0.00286851 4.69222e-05 -6.26236e-05
4.69222e-05 0.00296982 -3.48962e-05
-6.26236e-05 -3.48962e-05 -0.00778781

0.00288926 4.52994e-05 -8.53813e-05
4.52994e-05 0.00296421 -3.0444e-05
-8.53813e-05 -3.0444e-05 -0.0077641

0.0029797 -4.48702e-06 -1.30355e-05
-4.48702e-06 0.00286731 3.39019e-05
-1.30355e-05 3.39019e-05 -0.00775195

0.0029602 4.28016e-06 -3.38352e-05
4.28016e-06 0.00286509 3.86919e-05
-3.38352e-05 3.86919e-05 -0.00776207

0.00295936 7.39391e-06 -2.92816e-05
7.39391e-06 0.00289257 2.87161e-05
-2.92816e-05 2.87161e-05 -0.00778558

SCALARS relative_volume float
LOOKUP_TABLE default
0.998106
0.998071
0.997844
0.996889
0.998121
0.995778
0.997539
0.997983
0.996074
0.997443
0.998087
0.997018
0.997201
0.996624
0.994258
0.996931
0.997954
0.996551
0.998042
0.995374
0.997325
0.996963
0.997925
0.998091
0.995123
0.995372
0.996655
0.998049
0.998107
0.997042
0.988922
0.997984
0.995649
0.99807
0.996507
0.99802
0.99603
0.998073
0.998014
0.997751
0.996933
0.994518
0.998139
0.996001
0.995194
0.997468
0.995823
0.995914
0.996367
0.998038
0.998161
0.99635
0.998007
0.997972
0.997658
0.994964
0.997479
0.997527
0.997211
0.998049
0.998023
0.998119
0.996473
0.998101
0.998177
0.996878
0.997702
0.997694
0.997788
0.995459
0.997598
0.998173
0.996793
0.997948
0.997579
0.995873
0.998059
0.997859
0.997064
0.996571
0.996817
0.997588
0.998073
0.997966
0.996706
0.997824
0.996871
0.998007
0.998083
0.997382
0.99696
0.997559
0.99814
0.998028
0.998086
0.99795
0.99799
0.997996
0.997655
0.99826
0.998037
0.998039
0.996581
0.998003
0.996068
0.98929
0.998105
0.997129
0.998154
0.997924
0.998344
0.997
0.993242
0.998073
0.997916
0.998049
0.998064
0.997913
0.997851
0.997684
0.998115
0.99814
0.99755
0.995719
0.997929
0.996032
0.993353
0.998086
0.998149
0.996839
0.998078
0.995916
0.998052
0.996442
0.998118
0.997992
0.996084
0.997603
0.997383
0.997642
0.997269
0.998172
0.998074
0.997613
0.997058
0.997079
0.998072
0.997624
0.997742
0.99764
0.996228
0.997776
0.998207
0.995942
0.99788
0.997874
0.99608
0.995949
0.996988
0.997829
0.997623
0.997672
0.996915
0.997597
0.997404
0.997853
0.998044
0.998322
0.996624
0.996885
0.998223
0.998076
0.997754
0.998096
0.996499
0.997825
0.997628
0.998008
0.997547
0.997835
0.997647
0.996557
0.997491
0.995204
0.998087
0.997973
0.997975
0.996635
0.997796
0.997743
0.998007
0.997978
0.996974
0.993212
0.997656
0.997891
0.998269
0.99767
0.997749
0.997711
0.997874
0.997946
0.996964
0.997598
0.99795
0.996403
0.995754
0.997853
0.997656
0.99817
0.997639
0.994966
0.997754
0.997586
0.997897
0.997886
0.997982
0.997998
0.996168
0.998015
0.998022
0.997746
0.997868
0.997997
0.997671
0.998035
0.996807
0.997787
0.99809
0.9957
0.997635
0.997592
0.997763
0.998097
0.998116
0.997306
0.998057
0.997633
0.998067
0.998072
0.99787
0.998363
0.997605
0.997866
0.99737
0.997967
0.997651
0.997977
0.998052
0.998389
0.997805
0.997541
0.998033
0.997524
0.997989
0.997004
0.997629
0.997867
0.989687
0.996544
0.997924
0.997601
0.998091
0.997945
0.996206
0.997874
0.989687
0.997338
0.998145
0.997836
0.997053
0.997682
0.998262
0.998251
0.997488
0.997952
0.997526
0.998065
0.997806
0.998052
0.994212
0.998037
0.991383
0.993494
0.995223
0.992616
0.988961
0.987985
0.98877
0.99621
0.99662
0.998261
0.989687
0.993372
0.995936
0.997072
0.988961
0.992894
0.995231
0.993489
0.993218
0.987349
0.989242
0.987349
0.998054
0.998023
0.995614
0.996146
0.996071
0.996802
0.996524
0.996461
0.996147
0.996186
0.995853
0.996544
0.998092
0.996758
0.997899
0.996536
0.996554
0.99742
0.996692
0.997535
0.996421
0.996346
0.996697
0.996765
0.997102
0.998013
0.993453
0.996761
0.996772
0.99811
0.998034
0.998002
0.997203
0.996829
0.997242
0.997946
0.997669
0.998023
0.997046
0.997293
0.997001
0.997834
0.99484
0.997465
0.998018
0.997278
0.997235
0.996936
0.997013
0.997643
0.997429
0.997038
0.997402
0.997245
0.997313
0.997941
0.998013
0.997406
0.997912
0.997939
0.99758
0.997537
0.997604
0.996692
0.996506
0.996522
0.997502
0.994797
0.997603
0.997513
0.997821
0.997816
0.997971
0.998083
0.996631
0.997544
0.996224
0.995884
0.997653
0.997708
0.997612
0.997555
0.997771
0.998143
0.997818
0.997769
0.997783
0.996547
0.998089
0.997893
0.997841
0.998231
0.997723
0.997814
0.997871
0.997425
0.99758
0.99606
0.997736
0.997869
0.997914
0.997701
0.997801
0.997785
0.997761
0.997847
0.997814
0.997883
0.99807
0.997493
0.998142
0.997844
0.997797
0.996332
0.996841
0.997782
0.997012
0.997422
0.997852
0.997743
0.997743
0.997322
0.99796
0.997924
0.997825
0.997903
0.997777
0.997849
0.997838
0.997866
0.997019
0.997658
0.997741
0.997804
0.997835
0.997859
0.997964
0.997792
0.997753
0.997772
0.997808
0.996793
0.997827
0.998067
0.997943
0.997848
0.997946
0.998132
0.997869
0.997859
0.997898
0.997878
0.997891
0.998065
0.997945
0.997634
0.998071
0.995585
0.998121
0.995736
0.998076
0.996029
0.996142
0.997934
0.99808
0.998237
0.998164
0.997908
0.997954
0.997781
0.99801
0.997932
0.998026
0.997979
0.997992
0.998049
0.99808
0.997979
0.998176
0.997924
0.998139
0.997955
0.998068
0.998092
0.997535
0.998065
0.998019
0.99803
0.998204
0.998138
0.997973
0.998023
0.998017
0.998091
0.998165
0.998094
0.998017
0.998082
0.998076
0.998104
0.997999
0.997969
0.998025
0.997999
0.998003
0.997988
0.998094
0.998057
0.998028
0.998093
0.998009
0.998029
0.998035
0.997899
0.998108
0.997966
0.997743
0.996725
0.998084
0.998036
0.998049
0.998024
0.998085
0.997519
0.998006
0.997985
0.998373
0.996476
0.998255
0.99769
0.998013
0.997891
0.997613
0.997639
0.997606
0.997964
0.997994
0.99792
0.997739
0.997896
0.997857
0.997753
0.99773
0.997768
0.997797
0.997694
0.997647
0.997655
0.997645
0.997664
0.997704
0.997937
0.997854
0.997645
0.997748
0.997734
0.997733
0.997635
0.997657
0.992784
0.992579
0.995071
0.993685
0.992975
0.993882
0.99541
0.997403
0.98752
0.996768
0.995326
0.98752
0.996296
0.995863
0.996624
0.990028
0.988974
0.996379
0.996626
0.996546
0.998032
0.99619
0.996164
0.996815
0.99663
0.998093
0.998001
0.997674
0.99652
0.996822
0.998059
0.997956
0.998054
0.998041
0.996687
0.996674
0.998089
0.998028
0.998022
0.997552
0.997963
0.99799
0.997019
0.997216
0.998039
0.997812
0.997386
0.997332
0.9969
0.998076
0.996556
0.99807
0.998273
0.997928
0.997779
0.997856
0.998094
0.997459
0.996246
0.997848
0.998199
0.997607
0.997905
0.997693
0.997637
0.998361
0.997806
0.998004
0.998053
0.998169
0.99765
0.99778
0.997878
0.997883
0.998023
0.996051
0.997755
0.99794
0.997758
0.998046
0.99628
0.993009
0.995989
0.995647
0.997622
0.995554
0.995607
0.998012
0.996454
0.998291
0.997813
0.99791
0.9979
0.996398
0.997984
0.997999
0.997999
0.997838
0.997912
0.995244
0.997886
0.998072
0.997881
0.997843
0.997922
0.992173
0.997908
0.997584
0.997992
0.997583
0.99808
0.998087
0.997853
0.997591
0.99808
0.998028
0.997964
0.997519
0.997968
0.998158
0.998102
0.998004
0.997994
0.997931
0.997964
0.998018
0.998085
0.997955
0.998132
0.99797
0.997433
0.996616
0.997987
0.997957
0.997666
0.997642
0.997928
0.997673
0.997639
0.99769
0.99795
0.997951
0.997662
0.997689
0.990028
0.991042
0.997916
0.9978
0.996301
0.996717
0.996696
0.99761
0.995789
0.997032
0.996955
0.997985
0.99748
0.997544
0.997503
0.996994
0.997725
0.997531
0.997496
0.997701
0.997444
0.998036
0.997907
0.997964
0.998023
0.997731
0.997913
0.989765
0.997987
0.997913
0.997928
0.997966
0.998013
0.998061
0.998022
0.997911
0.997858
0.996343
0.99798
0.997946
0.997623
0.997664
0.990954
0.986219
0.990028
0.99677
0.996894
0.995918
0.996792
0.996837
0.996903
0.997088
0.997263
0.997467
0.997782
0.99775
0.997676
0.997852
0.997627
0.997782
0.997732
0.996692
0.997767
0.996995
0.997423
0.997806
0.997462
0.997949
0.997938
0.99799
0.997894
0.998016
0.998063
0.996345
0.997956
0.997952
0.997987
0.997655
0.997652
0.997678
0.995811
0.996978
0.996001
0.995647
0.996083
0.986219
0.996866
0.997014
0.996944
0.997131
0.99738
0.997033
0.99742
0.997349
0.998036
0.997548
0.99749
0.997672
0.997759
0.997959
0.996383
0.997754
0.997835
0.997788
0.997767
0.9978
0.997779
0.99784
0.997614
0.997731
0.99796
0.997858
0.997871
0.997938
0.997997
0.997938
0.997952
0.998029
0.997999
0.998054
0.998072
0.997909
0.996166
0.997016
0.997867
0.997642
0.997921
0.997797
0.997684
0.997714
0.990516
0.99808
0.990296
0.98929
0.997853
0.996866
0.996785
0.996782
0.997786
0.996945
0.998042
0.997442
0.997512
0.996174
0.997552
0.997917
0.998068
0.997577
0.997495
0.997373
0.997824
0.997894
0.996368
0.997992
0.998026
0.997928
0.996134
0.997921
0.997956
0.997928
0.998084
0.998054
0.997811
0.998066
0.998058
0.997871
0.997943
0.995343
0.988933
0.996894
0.995943
0.996882
0.99704
0.997194
0.997878
0.997558
0.997627
0.998031
0.998042
0.997629
0.997756
0.996968
0.998015
0.998072
0.998012
0.997679
0.998056
0.998038
0.997831
0.997875
0.997624
0.997695
0.998116
0.997608
0.996966
0.99282
0.98944
0.993986
0.98944
0.99801
0.997093
0.998039
0.996194
0.996862
0.99779
0.99703
0.998028
0.996707
0.997988
0.998036
0.996993
0.99702
0.998024
0.99728
0.99814
0.997396
0.997411
0.997555
0.997495
0.997653
0.997792
0.997712
0.997684
0.997598
0.99764
0.997586
0.997799
0.997859
0.997733
0.997741
0.997894
0.997701
0.997779
0.99778
0.997847
0.997876
0.997792
0.997893
0.998223
0.997817
0.997976
0.997847
0.997897
0.997983
0.997939
0.997891
0.998012
0.997856
0.998116
0.998051
0.998011
0.998044
0.99796
0.998105
0.998091
0.996503
0.998018
0.997646
0.997622
0.998079
0.997624
0.998065
0.998222
0.996732
0.996494
0.996459
0.99638
0.993372
0.997905
0.996144
0.99806
0.99764
0.997803
0.997336
0.997526
0.997714
0.998059
0.996966
0.998055
0.995325
0.997977
0.997628
0.997793
0.994823
0.997876
0.995521
0.996536
0.997757
0.996568
0.996474
0.998119
0.998303
0.997804
0.998075
0.996478
0.998097
0.997381
0.996099
0.997901
0.998212
0.997817
0.9969
0.99813
0.997196
0.995595
0.99483
0.99828
0.998017
0.996614
0.996299
0.997519
0.996699
0.997775
0.997539
0.997863
0.996864
0.995484
0.997596
0.99767
0.998113
0.997903
0.997937
0.99802
0.997958
0.998175
0.998071
0.998086
0.998099
0.997646
0.998077
0.99821
0.997094
0.998017
0.998113
0.997986
0.997663
0.998115
0.997806
0.997385
0.998099
0.998005
0.996882
0.992608
0.997902
0.99794
0.98944
0.997923
0.994083
0.997989
0.998031
0.997866
0.998196
0.998087
0.997595
0.995273
0.998171
0.998185
0.997938
0.997458
0.997879
0.997932
0.997881
0.997788
0.997705
0.997811
0.997952
0.99606
0.997701
0.998128
0.99808
0.997526
0.997963
0.997865
0.994604
0.998107
0.996847
0.997726
0.995695
0.997464
0.997979
0.996771
0.997325
0.997712
0.997852
0.99741
0.998095
0.994608
0.994467
0.998069
0.995703
0.997897
0.99687
0.997694
0.994847
0.997954
0.998113
0.997486
0.991186
0.996726
0.995802
0.997469
0.994178
0.997715
0.993501
0.996839
0.993312
0.996917
0.997841
0.997533
0.996776
0.996022
0.993635
0.997624
0.997452
0.997657
0.997611
0.997491
0.997723
0.997562
0.995986
0.998142
0.997031
0.997731
0.996496
0.99406
0.997516
0.993288
0.99763
0.997473
0.997777
0.998006
0.998007
0.997659
0.998165
0.998272
0.997847
0.997694
0.997918
0.997621
0.998111
0.998002
0.998051
0.998084
0.997674
0.99744
0.998048
0.998012
0.998097
0.997977
0.997601
0.997707
0.997542
0.998
0.996218
0.997696
0.997452
0.998148
0.998084
0.997722
0.998038
0.997605
0.997732
0.997967
0.997705
0.998026
0.997981
0.997694
0.997955
0.997434
0.997908
0.99691
0.997865
0.997884
0.997987
0.998111
0.997829
0.997934
0.998039
0.997676
0.998002
0.998048
0.996847
0.997913
0.997812
0.997597
0.997627
0.998149
0.997763
0.997867
0.998031
0.99755
0.997546
0.997848
0.998082
0.998132
0.998026
0.99806
0.99805
0.997782
0.997989
0.997627
0.997982
0.998025
0.998022
0.997645
0.997748
0.998073
0.998032
0.998062
0.997956
0.998137
0.9981
0.998043
0.997001
0.996793
0.998054
0.99801
0.997941
0.997267
0.997538
0.996923
0.99736
0.996253
0.988933
0.992743
0.997648
0.994561
0.995018
0.996154
0.997177
0.998024
0.993963
0.9978
0.997927
0.997893
0.997921
0.998072
0.99597
0.995972
0.997984
0.996321
0.998042
0.997891
0.997777
0.996409
0.998059
0.998102
0.998034
0.998101
0.996755
0.996609
0.998119
0.99813
0.998058
0.997931
0.998065
0.997043
0.996335
0.997819
0.997741
0.995809
0.997749
0.997766
0.99726
0.99787
0.997755
0.997746
0.997298
0.997645
0.997132
0.995606
0.99719
0.997427
0.997156
0.997529
0.997461
0.998013
0.997529
0.996179
0.9981
0.998065
0.997864
0.997141
0.997759
0.998128
0.997711
0.997662
0.997851
0.997233
0.997836
0.997204
0.996411
0.997938
0.997717
0.997104
0.995819
0.998054
0.99785
0.997581
0.997686
0.997849
0.994018
0.996949
0.997784
0.996064
0.998076
0.997138
0.996281
0.989765
0.998051
0.998121
0.997705
0.997869
0.997946
0.99791
0.997909
0.99795
0.997975
0.997804
0.992858
0.989765
0.99793
0.998234
0.997254
0.992957
0.997759
0.998156
0.997847
0.997858
0.997912
0.997889
0.997947
0.997125
0.997805
0.998002
0.996423
0.997593
0.99812
0.997995
0.998119
0.997153
0.997872
0.997992
0.997872
0.995623
0.997947
0.997979
0.998045
0.998145
0.99802
0.997505
0.998121
0.997751
0.996644
0.997788
0.997995
0.997963
0.998017
0.998015
0.998054
0.998032
0.998077
0.998197
0.998051
0.998091
0.997695
0.998003
0.997998
0.997973
0.996384
0.995582
0.998025
0.997986
0.997926
0.998096
0.998302
0.997855
0.997859
0.997943
0.998123
0.997953
0.995845
0.996062
0.998114
0.997042
0.997319
0.997994
0.997404
0.998081
0.996809
0.998054
0.998049
0.998103
0.997966
0.99787
0.996302
0.994316
0.99625
0.995264
0.995201
0.995874
0.998166
0.997379
0.996098
0.997547
0.997958
0.997964
0.995965
0.99662
0.996351
0.998045
0.997847
0.998046
0.9969
0.997967
0.997913
0.997845
0.997793
0.998012
0.994895
0.998067
0.997743
0.997909
0.997442
0.99726
0.997736
0.998242
0.998021
0.997783
0.998148
0.998118
0.997841
0.998047
0.997651
0.998025
0.997865
0.996295
0.997807
0.997655
0.997985
0.995778
0.998179
0.998064
0.997951
0.998027
0.997784
0.997893
0.99799
0.997897
0.998094
0.997662
0.99817
0.997822
0.997544
0.998071
0.998042
0.998001
0.997947
0.997869
0.99804
0.997957
0.997964
0.996883
0.998052
0.998112
0.99672
0.998128
0.997999
0.99798
0.998046
0.99616
0.996064
0.997989
0.997918
0.998008
0.998042
0.997879
0.998113
0.997995
0.997848
0.998107
0.997189
0.997961
0.997873
0.997873
0.995912
0.998066
0.994551
0.996926
0.996414
0.998438
0.996182
0.99686
0.997299
0.996939
0.997806
0.998067
0.998051
0.997788
0.99747
0.998075
0.998
0.997364
0.997728
0.997159
0.996948
0.998165
0.998131
0.997971
0.998104
0.998049
0.995691
0.99796
0.997912
0.996933
0.997922
0.995575
0.996771
0.996712
0.997339
0.996768
0.997973
0.997702
0.997751
0.997782
0.998004
0.998096
0.997722
0.997671
0.997828
0.997983
0.997337
0.997996
0.994143
0.995918
0.99798
0.996513
0.99737
0.997764
0.996599
0.998008
0.998009
0.997944
0.99804
0.997209
0.998027
0.997784
0.997788
0.99799
0.997737
0.997866
0.99789
0.997797
0.997845
0.997998
0.998044
0.997971
0.998169
0.998092
0.997942
0.997975
0.996769
0.997799
0.997793
0.997859
0.996589
0.998051
0.99801
0.997746
0.997998
0.996918
0.998027
0.993698
0.992798
0.998102
0.997749
0.998177
0.997891
0.997788
0.998078
0.997527
0.996021
0.998094
0.997926
0.996787
0.997918
0.997987
0.998048
0.997839
0.998072
0.998076
0.996225
0.99799
0.998174
0.998008
0.997414
0.998122
0.998084
0.998079
0.998067
0.997707
0.99807
0.997748
0.998116
0.997988
0.997979
0.998007
0.998052
0.993359
0.996383
0.996873
0.998131
0.99793
0.997985
0.997925
0.998055
0.996591
0.997205
0.997483
0.997711
0.997551
0.997267
0.997494
0.997722
0.997867
0.997644
0.997826
0.997781
0.997749
0.997786
0.99783
0.997875
0.998132
0.997311
0.997639
0.997846
0.997936
0.99796
0.998434
0.998007
0.998241
0.998229
0.998058
0.997253
0.998065
0.998109
0.99754
0.997682
0.997648
0.994751
0.993898
0.997881
0.998131
0.997961
0.998039
0.993805
0.99731
0.997396
0.998036
0.998074
0.997459
0.995952
0.998152
0.997883
0.997451
0.997418
0.997992
0.997381
0.997817
0.995857
0.997772
0.997585
0.998131
0.997526
0.997463
0.998075
0.99799
0.99818
0.997175
0.998194
0.99815
0.998017
0.997088
0.99592
0.997922
0.996874
0.996555
0.99811
0.997881
0.997174
0.997844
0.997994
0.997388
0.99819
0.996875
0.996619
0.997671
0.997929
0.998201
0.997911
0.997229
0.997162
0.998006
0.998043
0.997972
0.997886
0.9973
0.997775
0.996144
0.997949
0.997973
0.998102
0.997933
0.998095
0.998067
0.996259
0.998092
0.997274
0.997781
0.996517
0.997728
0.996264
0.997454
0.997551
0.9981
0.997948
0.997193
0.996878
0.998012
0.997022
0.998076
0.997608
0.998066
0.99785
0.997766
0.998142
0.997935
0.99797
0.998095
0.997911
0.998264
0.998091
0.996989
0.997796
0.996789
0.997025
0.997851
0.997849
0.99743
0.997922
0.99793
0.994353
0.997771
0.997967
0.997178
0.997719
0.997909
0.998127
0.997001
0.998023
0.997989
0.997667
0.998119
0.998009
0.998046
0.994311
0.998054
0.997957
0.998164
0.998133
0.996429
0.998097
0.996144
0.997416
0.997827
0.997333
0.998081
0.996328
0.994442
0.997482
0.998064
0.997994
0.997847
0.996189
0.997419
0.998004
0.995399
0.997963
0.997995
0.996696
0.998167
0.99787
0.99801
0.998171
0.998111
0.996445
0.998124
0.997945
0.996853
0.996977
0.998207
0.997946
0.996218
0.998162
0.998183
0.997952
0.997721
0.997761
0.997904
0.997816
0.997634
0.998063
0.997746
0.997972
0.997876
0.998058
0.998206
0.997771
0.998028
0.99807
0.998064
0.997216
0.997185
0.998132
0.997719
0.998031
0.99813
0.997846
0.99812
0.997712
0.997635
0.996987
0.99796
0.997999
0.99808
0.998006
0.99795
0.997323
0.997957
0.997771
0.997801
0.998001
0.998055
0.998122
0.998026
0.997986
0.997793
0.997927
0.997596
0.997867
0.997731
0.998125
0.998084
0.998166
0.997956
0.998021
0.997414
0.998091
0.998034
0.998081
0.998136
0.997754
0.996156
0.997917
0.997942
0.995645
0.996727
0.997912
0.997782
0.997942
0.996446
0.997301
0.996448
0.997702
0.997669
0.997737
0.997934
0.99796
0.99754
0.996319
0.997685
0.997748
0.997546
0.998075
0.997922
0.99696
0.997679
0.9981
0.998212
0.997973
0.996957
0.998036
0.998007
0.997937
0.991824
0.996245
0.995585
0.996146
0.996804
0.996565
0.996059
0.998021
0.998092
0.997859
0.998112
0.996676
0.998162
0.995946
0.997965
0.99747
0.99812
0.997794
0.99814
0.997473
0.997657
0.997804
0.997985
0.995054
0.996219
0.998174
0.997181
0.997984
0.998012
0.997921
0.997979
0.998034
0.998004
0.998053
0.997961
0.996571
0.998171
0.997231
0.996347
0.995589
0.997721
0.997721
0.998152
0.996684
0.998077
0.997547
0.997863
0.996653
0.996266
0.998146
0.997714
0.998008
0.996182
0.996264
0.997282
0.995376
0.998282
0.997795
0.997877
0.998287
0.996893
0.996549
0.997806
0.9958
0.998039
0.997758
0.99726
0.997772
0.996052
0.996836
0.996984
0.998007
0.997878
0.997903
0.997716
0.997132
0.998087
0.997687
0.99706
0.998023
0.997888
0.996871
0.997128
0.997725
0.996462
0.995914
0.997776
0.997963
0.998139
0.997548
0.997526
0.997991
0.996898
0.997974
0.998078
0.996942
0.997548
0.997098
0.997989
0.997866
0.997959
0.998034
0.997864
0.997845
0.993949
0.997102
0.997745
0.998097
0.997648
0.997806
0.998094
0.998352
0.998104
0.997883
0.998203
0.998226
0.997794
0.998002
0.998097
0.998072
0.996686
0.996361
0.996093
0.997907
0.996118
0.997715
0.998264
0.997691
0.997804
0.998074
0.997858
0.998033
0.996828
0.998084
0.997486
0.996358
0.998171
0.998216
0.998065
0.998124
0.998098
0.997913
0.99811
0.998169
0.996259
0.998004
0.997712
0.996564
0.998096
0.998066
0.997942
0.99788
0.996219
0.997966
0.998086
0.997999
0.997867
0.99805
0.997696
0.998335
0.99805
0.996491
0.998117
0.997958
0.998024
0.998061
0.996874
0.998118
0.996287
0.99773
0.997918
0.996711
0.998004
0.989166
0.998081
0.998067
0.997266
0.994713
0.993618
0.998007
0.997972
0.9974
0.997902
0.998155
0.998273
0.997648
0.998017
0.997988
0.997359
0.997989
0.997306
0.997649
0.997255
0.996074
0.99681
0.995078
0.998019
0.998369
0.998004
0.996441
0.997832
0.998078
0.99754
0.997216
0.99787
0.995453
0.998061
0.997568
0.99796
0.99814
0.995181
0.998035
0.99798
0.998141
0.998088
0.997976
0.997857
0.998088
0.996347
0.998117
0.997999
0.997864
0.997959
0.998021
0.998038
0.99781
0.998183
0.99583
0.99799
0.996525
0.997625
0.996884
0.99808
0.997733
0.997971
0.997994
0.998116
0.997526
0.997381
0.997977
0.998176
0.997994
0.995988
0.997965
0.998081
0.997631
0.997787
0.997368
0.998005
0.997437
0.997921
0.996781
0.997955
0.997721
0.997648
0.997699
0.997699
0.997652
0.998165
0.998104
0.997085
0.998023
0.998004
0.998235
0.998169
0.997652
0.998086
0.998068
0.997411
0.997834
0.997863
0.998245
0.997592
0.99766
0.997471
0.997981
0.996645
0.997561
0.99807
0.998101
0.998139
0.998036
0.99688
0.998088
0.997838
0.998102
0.997677
0.997932
0.998073
0.997969
0.996409
0.997198
0.997717
0.997643
0.997856
0.997652
0.997933
0.997653
0.998194
0.998179
0.998074
0.99786
0.997771
0.998071
0.998197
0.998065
0.99803
0.997618
0.995494
0.997734
0.997924
0.997603
0.99812
0.99805
0.998018
0.998069
0.996915
0.997579
0.998167
0.997981
0.99716
0.997806
0.997146
0.998082
0.997693
0.99791
0.996633
0.997542
0.997684
0.99657
0.994946
0.998177
0.997934
0.996394
0.998026
0.996882
0.996729
0.997637
0.997948
0.99798
0.997818
0.998028
0.998041
0.996486
0.995712
0.997836
0.996734
0.998118
0.998097
0.997826
0.998074
0.996731
0.998081
0.998187
0.997357
0.997957
0.997661
0.997829
0.998175
0.997861
0.997352
0.998087
0.998152
0.9967
0.997283
0.998072
0.997959
0.997807
0.997915
0.997979
0.998079
0.998017
0.99788
0.996504
0.993953
0.997995
0.998094
0.998139
0.998086
0.998169
0.998081
0.998307
0.99791
0.996021
0.998103
0.997982
0.998059
0.997728
0.998109
0.99765
0.998031
0.994839
0.997791
0.997736
0.998205
0.996314
0.998043
0.997262
0.997339
0.995947
0.997938
0.995908
0.995928
0.998011
0.998067
0.997286
0.99622
0.996535
0.995745
0.998001
0.99349
0.996882
0.998046
0.996408
0.997224
0.995774
0.998016
0.998024
0.997444
0.998222
0.997788
0.997315
0.997332
0.998029
0.994734
0.996834
0.997927
0.997936
0.998151
0.998061
0.995107
0.997879
0.998149
0.997993
0.998134
0.998024
0.998045
0.998007
0.99665
0.996848
0.9981
0.996699
0.99659
0.995847
0.995864
0.996171
0.996585
0.996697
0.997147
0.996488
0.9966
0.996677
0.996751
0.996574
0.997068
0.995085
0.997212
0.997026
0.996857
0.996795
0.997005
0.996925
0.997183
0.997391
0.996377
0.997165
0.997493
0.997755
0.997656
0.997482
0.9979
0.997899
0.997681
0.997666
0.997952
0.997817
0.997833
0.997852
0.997646
0.997841
0.998031
0.997903
0.997917
0.998079
0.998009
0.998019
0.998173
0.998002
0.998036
0.99797
0.998121
0.997535
0.997556
0.99697
0.997327
0.997584
0.997922
0.99737
0.997232
0.99762
0.996621
0.997958
0.996205
0.997594
0.997615
0.996717
0.997705
0.998075
0.997782
0.996696
0.99799
0.997218
0.997976
0.997848
0.998154
0.997051
0.998042
0.997474
0.997918
0.99786
0.998102
0.997997
0.998507
0.997656
0.996891
0.996046
0.997553
0.997947
0.997796
0.997747
0.997829
0.99777
0.9977
0.997703
0.998127
0.997544
0.998085
0.998092
0.997993
0.99794
0.997787
0.99795
0.997665
0.994722
0.998363
0.997792
0.997978
0.997953
0.997359
0.9973
0.997862
0.997829
0.997887
0.998454
0.997746
0.997621
0.997577
0.997206
0.997639
0.997331
0.997284
0.997704
0.997867
0.996986
0.997634
0.998112
0.997703
0.995045
0.99788
0.997944
0.998162
0.998113
0.997517
0.997698
0.997547
0.997165
0.997331
0.998087
0.998095
0.997895
0.99682
0.996922
0.998059
0.996995
0.996969
0.996994
0.996621
0.99749
0.996654
0.998177
0.997959
0.998036
0.997969
0.998076
0.998049
0.998014
0.997962
0.997996
0.998077
0.998005
0.998017
0.997966
0.99779
0.997284
0.989166
0.99303
0.996122
0.995484
0.993266
0.992887
0.997974
0.998013
0.998019
0.997987
0.99799
VECTORS fiber_vector float
0.000126476 5.80213e-05 1
8.00211e-05 7.23341e-05 1
0.000231062 0.000204076 1
-0.000602131 0.000727227 1
0.000143668 4.86639e-05 1
0.000347029 0.000512469 1
5.4821e-05 0.000130864 1
0.000128214 0.000137351 1
0.00105207 0.000164174 0.999999
-6.04143e-05 0.000135915 1
0.000122656 0.000139114 1
-0.000480588 0.000266339 1
-0.000348014 -9.9108e-05 1
-0.000292191 -0.000207263 1
0.00157308 0.000187042 0.999999
-0.000599058 0.000700277 1
0.000178171 0.000191754 1
-0.000285087 -0.000405844 1
8.71527e-05 0.000202256 1
0.000358563 0.000476521 1
-9.9913e-05 9.58044e-05 1
-0.000484953 0.000265845 1
0.000125874 -0.00017578 1
5.50898e-05 0.000130597 1
0.00066215 0.00100604 0.999999
0.00060937 0.00114468 0.999999
-0.0005893 0.000667965 1
0.000156745 9.45339e-05 1
-0.000176529 0.000213841 1
-0.000488621 0.000285132 1
0.00227019 -0.00169122 0.999996
9.04095e-05 5.36281e-05 1
-0.000537326 0.00102642 0.999999
8.42871e-05 7.80121e-05 1
0.00129282 0.000281679 0.999999
7.98913e-05 7.78139e-05 1
-0.00228505 0.00140015 0.999996
-4.17579e-05 0.000277211 1
1.18703e-05 8.78202e-05 1
-0.000401673 -0.000167546 1
-0.000124939 -5.62732e-05 1
0.00150062 0.000264981 0.999999
-0.000610737 -4.11706e-06 1
0.000116404 -0.000466223 1
2.97876e-05 -0.000334057 1
-0.000341379 -0.000146313 1
-0.00281585 0.00281219 0.999992
-1.3117e-05 -0.000618893 1
0.00154678 0.000375543 0.999999
-0.000347295 0.00020621 1
-0.000376461 0.000414959 1
-0.000273402 -0.000414293 1
-2.11896e-05 -0.000235318 1
-0.000705968 0.000268448 1
-3.86122e-05 0.00081682 1
0.000183701 0.00132636 0.999999
-0.000178115 2.87487e-05 1
-0.0001081 0.000148673 1
-3.76147e-05 -0.000461036 1
0.000110298 9.65597e-05 1
0.000253744 9.81176e-05 1
0.000270407 -0.000136441 1
-0.000288163 -0.00041861 1
-0.000317794 -0.000251749 1
-6.83467e-05 -0.000195616 1
-7.37542e-05 -0.000113981 1
-0.000649834 0.000425693 1
-0.000657545 0.000429272 1
-8.4987e-05 0.000182824 1
0.000601804 0.00140492 0.999999
1.58462e-05 -5.12819e-05 1
4.7278e-05 -0.000110553 1
-0.000348009 -0.000452731 1
0.000496865 0.00045364 1
6.41979e-05 2.22305e-05 1
0.000973157 0.00146857 0.999998
1.51405e-05 0.000139092 1
0.000566942 0.000592482 1
0.000187612 -0.00100588 0.999999
0.000293745 -0.00033212 1
4.05969e-05 -0.00030954 1
4.01408e-05 5.30515e-05 1
-3.10383e-07 0.000210576 1
-6.87374e-05 0.000132148 1
1.57228e-05 -0.000216577 1
-0.000411691 0.000442882 1
-0.000175682 -0.000414238 1
0.000318219 0.000128204 1
9.70774e-06 0.000133608 1
4.52634e-06 0.000865099 1
-9.97587e-05 -0.000138371 1
9.17355e-05 0.000141941 1
-3.30102e-05 -0.00022583 1
-0.000360456 0.000390526 1
-2.96378e-05 -0.000105864 1
-0.000274287 0.000733259 1
5.12641e-05 0.000183016 1
0.000375218 0.000128021 1
-0.000216667 0.000786403 1
0.000529212 7.60754e-05 1
5.95073e-05 5.71836e-06 1
0.000317976 0.000121275 1
0.000234216 -0.000241575 1
0.000138698 0.000222388 1
-0.000190293 0.000191636 1
-0.00124157 -0.00278169 0.999995
-0.000119511 -1.89029e-05 1
-0.000147498 -0.000300731 1
-0.00027561 0.000362069 1
0.000259206 0.000109408 1
-0.000195695 -0.000112598 1
-5.71354e-05 -5.62567e-05 1
-0.00657897 -0.00557875 0.999963
0.000138633 0.000134186 1
0.000213759 0.000167583 1
5.94823e-05 1.25589e-05 1
4.10695e-05 0.000137015 1
6.35799e-05 9.99883e-05 1
-0.000408414 0.000438462 1
4.0994e-05 -8.59019e-05 1
2.87843e-06 -3.74294e-06 1
0.000867642 0.000360373 1
-0.000140038 -0.000153925 1
-0.000317587 0.00140305 0.999999
-5.15368e-05 2.16251e-05 1
-3.50726e-05 -0.000296368 1
-0.00639268 -0.00548113 0.999965
3.99838e-05 0.000137431 1
0.000131368 0.000102202 1
7.30173e-05 -0.000301289 1
-1.6207e-05 -4.23938e-06 1
-0.000243918 0.00137697 0.999999
4.76338e-05 -5.30317e-05 1
-0.000373811 -1.69837e-05 1
6.28327e-05 0.00014431 1
3.50315e-05 0.000139319 1
-0.000100487 -0.000161352 1
4.59877e-05 -8.87865e-05 1
3.93158e-05 0.00081478 1
0.00035611 0.000503584 1
-2.30554e-05 -0.000426594 1
1.05857e-05 4.96791e-05 1
-8.1117e-05 -7.32223e-05 1
-0.000154859 -0.000184928 1
-0.000128647 -0.000276193 1
-0.000352 -7.76855e-05 1
-6.63386e-05 4.17106e-05 1
0.000266077 0.00030929 1
-0.000313994 -0.000109169 1
8.76982e-05 5.90964e-05 1
-0.000130932 -0.000294082 1
0.000263075 0.000327194 1
-0.000107505 -2.0081e-05 1
-0.000133683 -0.000380495 1
-0.000139319 -0.000578189 1
-0.000141581 -0.000578071 1
-8.53144e-06 -0.000156497 1
-0.000167788 0.000347884 1
-7.34713e-05 -0.000144895 1
-0.000647935 0.000561997 1
4.56487e-05 -8.85907e-05 1
1.02776e-05 0.000179832 1
-0.000226775 -0.000120359 1
0.000318828 0.000278896 1
0.000301874 0.000328196 1
-0.000980033 -3.25681e-06 1
0.000111735 0.000128613 1
0.000189761 0.000106325 1
0.000413714 -0.000533781 1
0.000188195 0.000337055 1
0.000725688 -7.60188e-05 1
0.000107512 0.000148243 1
-0.000144121 -0.000557784 1
-2.21149e-05 7.28633e-05 1
0.000172092 0.000359958 1
-0.0008572 0.000390638 1
1.31147e-05 -7.02326e-05 1
-0.000122563 0.000333359 1
0.000798029 -0.000430745 1
0.000814043 -0.00042701 1
1.8974e-05 -5.11954e-05 1
-0.000354339 -0.000159827 1
0.000153229 -0.000148376 1
0.00156198 0.00116558 0.999998
-2.02987e-05 -0.000228906 1
-0.000126756 0.000322994 1
0.000560687 -3.52071e-05 1
0.0002167 0.000362057 1
0.000147592 0.000856923 1
0.000736107 0.00010465 1
0.000865251 7.7294e-05 1
0.000144916 0.000201948 1
0.000228841 0.000340944 1
-5.71586e-05 -0.00241391 0.999997
5.14067e-05 -6.3447e-05 1
0.000965786 1.52718e-06 1
0.000348243 -0.000399079 1
2.77932e-05 -4.74765e-05 1
-0.0001448 -0.000557035 1
0.000734955 8.2667e-05 1
-0.00097973 -3.43624e-06 1
-0.000164954 0.000310927 1
0.000272379 -0.000431318 1
0.000252319 0.00013407 1
0.00042007 0.00012413 1
2.96489e-05 0.000110157 1
-0.000105614 0.00034216 1
-9.74436e-05 0.0002882 1
3.89003e-05 0.000151156 1
0.000546001 0.00013911 1
-0.000863253 -0.000469927 1
0.000262354 0.00133932 0.999999
-0.000939931 0.000562643 0.999999
0.000873368 3.53587e-05 1
-0.000167065 0.000304507 1
-5.62619e-05 0.000130111 1
1.16959e-05 8.78245e-05 1
-8.88173e-05 0.00028413 1
-3.21746e-05 5.83011e-05 1
-0.000169009 0.000213162 1
0.000170401 -2.59114e-05 1
0.000206123 0.000264994 1
-0.000899063 -5.30457e-05 1
-8.87078e-05 0.000333216 1
0.000249463 0.000767819 1
-6.11934e-05 2.13356e-05 1
-0.000170484 3.81595e-06 1
-0.000104332 0.000321503 1
0.000158141 -2.63085e-06 1
0.000136625 -0.000594617 1
-0.000400027 -0.000166344 1
0.000258014 0.000402161 1
0.000909074 -4.73234e-05 1
5.24107e-05 -6.3196e-05 1
0.000111665 0.000148617 1
-0.000103705 -0.000133134 1
-0.000115671 -0.000996893 1
0.000898331 0.000246881 1
4.28206e-05 2.67491e-05 1
4.59063e-05 3.03622e-05 1
-4.74686e-05 0.000206491 1
-5.24146e-05 1.10189e-05 1
0.000165647 0.000183325 1
0.0008821 6.5438e-05 1
0.000220319 -0.000171499 1
0.000915217 -5.91412e-05 1
0.000298365 3.38317e-05 1
0.00036039 0.000115105 1
8.10821e-05 0.000103086 1
-2.81119e-05 -0.000157556 1
0.000853339 7.74196e-05 1
0.000167387 0.000178084 1
0.000191971 7.3946e-05 1
-7.35132e-05 -0.000192205 1
-0.000114768 -0.00092032 1
-7.42817e-05 -0.000145081 1
0.000873314 7.52607e-05 1
-0.000899217 -5.43984e-05 1
0.00200807 0.00131847 0.999997
-0.000259742 -0.000454546 1
-0.000114571 -0.000938578 1
0.000895814 3.17563e-05 1
-0.000368677 -0.000269627 1
0.000214045 9.28263e-05 1
0.00010556 -0.000274074 1
0.000661174 0.000298692 1
0.00200807 0.00131847 0.999997
-0.000334689 -0.000179521 1
-0.000117931 -0.000437475 1
0.000836512 0.000635431 0.999999
-0.000240103 -0.000184018 1
0.000834033 0.000636329 0.999999
-5.95114e-05 -0.000213504 1
0.000183383 9.86179e-05 1
-7.40211e-05 -0.00013671 1
-0.000469651 -0.000473029 1
0.000220179 -0.000174126 1
-0.000329937 -0.000302061 1
-0.00086397 -0.00045113 1
-0.000366374 -0.000272241 1
-0.00311761 0.000322644 0.999995
-0.000351954 -0.000277981 1
-0.00891555 -0.00341299 0.999954
-0.00316909 -0.00172271 0.999994
-0.00314777 -0.00176645 0.999994
-0.00882113 -0.00352035 0.999955
-0.0111835 0.000330134 0.999937
-0.00657897 -0.00557875 0.999963
-0.00884935 -0.00347435 0.999955
-0.00237181 -0.00277562 0.999993
-0.00232303 -0.00267816 0.999994
-3.09676e-05 -0.000162137 1
0.00200807 0.00131847 0.999997
0.00366426 0.000666174 0.999993
-0.00188745 -0.00441964 0.999988
-0.00192362 -0.00436346 0.999989
-0.0111835 0.000330134 0.999937
-0.00888835 0.0039158 0.999953
-0.00280641 0.0027036 0.999992
-0.00286737 0.00267631 0.999992
-0.00897099 0.00378619 0.999953
-0.00701931 0.00685308 0.999952
-0.00891575 0.00387299 0.999953
-0.00701931 0.00685308 0.999952
6.89062e-05 0.000100702 1
-0.000117615 2.1405e-05 1
-0.00369904 0.00830164 0.999959
-0.00368703 0.00828077 0.999959
-0.00130185 0.00369288 0.999992
-0.00130192 0.00366204 0.999992
-0.000567766 -0.0011099 0.999999
-0.000612052 -0.00123117 0.999999
-0.000337088 -0.000519062 1
-0.000735274 -0.000355273 1
0.00252375 -0.00275068 0.999993
-5.7635e-05 0.000315957 1
0.000145317 0.00011378 1
0.000570206 0.000194472 1
-0.000152714 -7.94136e-05 1
-3.71859e-05 0.000494804 1
-3.20192e-05 0.000488846 1
0.00035318 0.000632313 1
8.41508e-05 -0.000402584 1
-8.30423e-05 -0.000154728 1
-0.000526889 -0.000547019 1
-0.000506504 -0.000542529 1
6.85645e-05 0.000524017 1
0.000153462 0.000188776 1
-0.000679156 0.000188811 1
4.41077e-05 0.000260743 1
0.00234011 -0.00249404 0.999994
-0.00053451 0.000938267 0.999999
-1.74055e-05 -0.000348361 1
3.63243e-05 0.000259988 1
-0.000122317 -0.000636061 1
0.000137653 0.000228828 1
0.000413491 0.000260158 1
0.000131218 0.000311161 1
-0.000699616 0.000205819 1
0.000345983 0.000162498 1
-0.000922536 -5.78906e-05 1
0.00014767 0.000226017 1
0.00042922 -0.000658797 1
0.000122966 -0.000360902 1
0.000431768 -0.0006614 1
-0.000413421 0.00042547 1
0.00118765 0.00132816 0.999998
0.000544034 0.000269501 1
0.000111218 0.000243543 1
0.000218174 0.00042202 1
0.000214925 0.000433946 1
0.000258004 0.000586959 1
0.000257969 0.000585666 1
0.00029764 0.00065135 1
0.000237189 0.000252302 1
-0.00026092 -0.000428011 1
-3.92949e-05 -0.000152952 1
0.000125831 -0.000363814 1
0.000208057 -0.000557941 1
-0.000122733 -0.000656481 1
0.000103903 0.000232022 1
0.000207548 -0.00055808 1
-8.71237e-05 0.000326757 1
0.000455486 0.000611221 1
0.000240262 3.85623e-05 1
0.000243839 0.000334953 1
0.00044399 -6.20391e-05 1
3.9919e-05 0.000570294 1
-0.000185953 0.000432051 1
-0.000191355 0.000437008 1
0.000436657 -0.000347305 1
-1.9814e-05 0.000597965 1
4.35334e-05 -0.000255902 1
4.40171e-05 -0.000255821 1
0.000850797 0.000388861 1
0.000849442 0.000388219 1
9.6724e-05 0.000235783 1
-0.000116994 -0.00100825 0.999999
6.26897e-05 0.000576389 1
0.00024619 0.000690193 1
0.000675756 -6.21257e-05 1
0.000676116 2.66405e-05 1
0.000749553 -0.000329009 1
0.000754636 -0.000327437 1
0.000666123 -0.00073157 1
1.40655e-05 -0.000547441 1
0.000667522 -0.000724577 1
0.0007838 -0.00103415 0.999999
0.000270536 -0.000408618 1
0.000609849 0.000634597 1
0.00100055 0.000448283 0.999999
1.21553e-05 -0.00035705 1
0.000144942 -0.000184511 1
-0.000350719 0.000315884 1
0.00116219 -1.08796e-05 0.999999
0.000125632 -0.000199529 1
0.00101013 0.000460036 0.999999
0.00116256 -1.09166e-05 0.999999
-0.000351252 0.000317727 1
-0.000132233 -0.00032818 1
-4.45557e-05 -0.000329904 1
0.00068282 -0.000114536 1
0.000883226 -0.000659248 0.999999
0.000473624 -0.000549377 1
0.000390704 -0.00053319 1
0.000828379 0.000635653 0.999999
0.000976262 0.000456058 0.999999
0.000113221 0.000133291 1
0.000976322 0.000455868 0.999999
0.00113067 -1.04459e-05 0.999999
0.00112741 -0.000502299 0.999999
0.00112816 -0.000502241 0.999999
2.37247e-06 -7.06444e-06 1
-3.03505e-05 -0.000331095 1
-0.000117951 -0.000437738 1
0.000745422 0.000290767 1
0.00074549 0.000291045 1
0.000676844 -7.91386e-05 1
-0.000227129 -0.000193863 1
0.000521805 0.000738703 1
-0.000695854 -5.54407e-05 1
-4.5743e-05 -0.000610531 1
0.000757263 -0.000466589 1
0.000307005 0.000360383 1
0.000340207 8.61402e-05 1
-0.000143085 -0.000432876 1
0.000128018 2.37305e-05 1
0.000756453 -0.000466641 1
0.00051371 -0.00076238 1
0.00048094 -0.00111501 0.999999
0.000482858 -0.001114 0.999999
0.000368126 -0.0009499 0.999999
0.000512146 -0.000763658 1
0.000353754 -0.000812695 1
-0.000696025 -5.86666e-05 1
-0.000136277 -0.000141492 1
0.000345944 0.000366065 1
0.000342755 0.000366204 1
0.000380096 -0.000138855 1
0.000379281 -0.000139431 1
0.000186858 0.000191974 1
0.000391063 -0.000655396 1
0.000393827 -0.000658271 1
-3.75544e-05 -0.000491546 1
0.000192923 0.000215633 1
0.000100424 -0.000294085 1
0.000323819 0.00058487 1
0.000132416 9.45109e-05 1
0.000315093 1.85585e-05 1
0.000473978 -0.000168657 1
0.000186789 0.000192854 1
4.98306e-05 4.32129e-05 1
0.000471508 -0.000169215 1
4.68901e-05 -0.00015243 1
0.000253948 -0.000246441 1
5.17075e-05 -0.000152333 1
0.000128022 -0.000206772 1
0.000136055 -0.000185605 1
-1.99112e-05 -0.00042211 1
0.000147592 0.000856923 1
0.000149474 -2.77415e-05 1
0.000614509 0.000467645 1
5.02627e-05 4.33971e-05 1
0.00152838 0.00116939 0.999998
0.000137626 0.000116265 1
0.0014388 0.00126584 0.999998
0.000635537 0.000660564 1
0.000213438 -2.6741e-05 1
0.000131756 9.88515e-05 1
8.57647e-05 8.59385e-05 1
8.83268e-05 2.461e-05 1
0.00026196 -0.000247147 1
7.58194e-05 -0.000315867 1
9.40642e-05 -0.000462754 1
2.56194e-05 -0.000204728 1
7.65238e-05 -0.000314025 1
0.000119802 3.6919e-05 1
0.000117725 4.0429e-05 1
5.3649e-05 -2.42828e-05 1
0.00017974 2.7045e-05 1
0.000176484 2.48808e-05 1
4.32104e-05 -2.03132e-05 1
4.43217e-05 -5.58961e-05 1
3.4458e-05 -8.79306e-05 1
7.97266e-05 -5.72193e-05 1
2.95397e-05 -8.52248e-05 1
-2.41639e-05 -9.03614e-05 1
-2.59101e-05 -9.02316e-05 1
3.01449e-05 -0.000150098 1
0.00011438 0.000206519 1
6.71748e-05 0.000171584 1
7.35919e-05 0.000172455 1
0.000178813 4.73088e-05 1
0.000171782 4.45493e-05 1
9.36662e-05 -7.06629e-05 1
0.000100463 1.27529e-05 1
0.00010261 4.91825e-06 1
7.47023e-05 -6.40558e-05 1
7.44887e-05 -5.47317e-05 1
5.96709e-05 -1.76159e-05 1
-1.87331e-05 -8.63798e-05 1
-1.48232e-06 -8.89275e-06 1
7.24487e-05 -9.56238e-06 1
1.81503e-05 2.0073e-05 1
-8.33579e-05 3.52761e-05 1
-8.28567e-05 3.49176e-05 1
-4.80145e-05 4.77202e-05 1
2.3705e-05 4.32466e-05 1
9.1405e-05 -7.18678e-05 1
0.000119254 4.14302e-05 1
4.48005e-05 -4.67721e-06 1
-4.44357e-05 8.95e-05 1
0.000149292 -2.00932e-05 1
-4.602e-05 3.90941e-05 1
-4.48411e-05 3.31611e-05 1
0.000130097 7.22614e-05 1
0.000130216 7.26343e-05 1
-0.000113606 -0.000105926 1
-0.000123637 -9.19724e-05 1
-6.60686e-05 -0.000139964 1
0.000344415 0.000106624 1
-0.000219655 -0.000209725 1
2.52958e-05 -0.000147399 1
3.76752e-05 2.63024e-05 1
-0.000300306 0.000155404 1
1.05113e-05 0.000124197 1
-0.00020521 0.000222474 1
9.29217e-05 -0.000143973 1
-0.000127167 0.000317677 1
0.000124726 3.53827e-05 1
0.000698023 -6.66445e-05 1
0.000392276 3.5713e-06 1
0.000346275 -0.000374465 1
0.000269455 8.10734e-05 1
6.11442e-05 2.1301e-05 1
-5.44742e-05 -9.73727e-05 1
-0.000893118 0.000600297 0.999999
8.77474e-05 4.59534e-05 1
8.65269e-05 5.3077e-05 1
-0.000163381 -1.10814e-05 1
-0.000166435 -9.96202e-06 1
-0.000166925 0.000301216 1
-5.25949e-05 0.000181194 1
-4.83962e-05 -0.000250445 1
-4.69593e-05 -0.000251891 1
-0.000353675 -0.000148018 1
-0.000267344 -0.00023919 1
2.97836e-05 -4.18983e-05 1
2.93536e-05 -4.22323e-05 1
-0.000267344 -0.00023919 1
-0.000348654 -0.000146191 1
-0.00050101 2.31295e-05 1
-0.00050101 2.31295e-05 1
-0.000334644 0.000185578 1
-0.000337766 0.000185968 1
-0.000110914 0.000347072 1
-0.000110568 0.00034717 1
-2.57346e-05 0.000322027 1
-2.39486e-05 0.000323853 1
-0.000270241 0.000314786 1
-0.000270241 0.000314786 1
-0.000348567 -0.000146284 1
-0.000351164 0.000207215 1
0.00864616 -0.00377338 0.999955
0.00874651 -0.00364867 0.999955
0.00302381 -0.00212604 0.999993
0.00306267 -0.00206423 0.999993
0.00260712 0.000392952 0.999997
0.00261744 0.000373225 0.999996
0.00208347 -0.00437784 0.999988
0.00211631 -0.00433835 0.999988
0.00627002 -0.00652895 0.999959
0.00245723 -0.00227648 0.999994
0.00183842 -0.00191762 0.999996
0.00627002 -0.00652895 0.999959
0.00249831 -0.00231522 0.999994
0.00379626 -0.00748134 0.999965
0.00378362 -0.00745655 0.999965
0.011175 -0.00016367 0.999938
0.0086764 -0.00373022 0.999955
0.00131966 -0.000852623 0.999999
0.00127171 -0.000811394 0.999999
0.000627199 -6.4174e-05 1
0.000126258 9.55912e-05 1
0.000274071 0.000249482 1
0.000271708 0.000249091 1
-0.000492539 0.00035307 1
-0.000474469 0.00033722 1
6.0325e-05 2.20042e-05 1
0.000125609 0.000238373 1
0.00026963 7.41883e-05 1
0.000214581 -0.000212782 1
-0.000227253 0.000543646 1
5.35819e-05 0.000129004 1
0.000160507 0.000213623 1
-3.15657e-05 0.000100738 1
-1.92848e-05 6.74281e-05 1
-0.000904453 -3.1e-05 1
-0.000903931 -2.81324e-05 1
-0.000601295 -1.10468e-06 1
0.000135361 8.02733e-05 1
-4.91983e-05 4.91984e-05 1
-0.000260758 -0.000102802 1
0.000125837 2.50144e-05 1
0.000123495 3.61703e-05 1
-0.000434731 0.000604962 1
-0.000213321 -9.84298e-06 1
0.000134994 8.31952e-05 1
0.000269134 3.83542e-05 1
-4.56939e-05 -1.00709e-05 1
-0.000332069 -0.00015927 1
-0.000441481 -0.000108617 1
-5.08378e-05 5.26299e-05 1
-0.000322419 -0.000126333 1
0.000385317 -0.00025817 1
0.000211573 -0.000152437 1
0.00030424 -8.18238e-05 1
0.000305056 5.42546e-05 1
0.000290388 4.18236e-05 1
0.000332959 -5.05039e-05 1
0.000237245 0.000248938 1
9.20223e-05 -0.000286691 1
0.000302709 4.50904e-05 1
0.000138503 0.00013001 1
0.000754958 0.000756141 0.999999
-0.000796389 0.000420868 1
-0.000972733 -3.1936e-05 1
-0.000968271 -3.12449e-05 1
-7.26914e-05 8.00954e-05 1
0.000290394 4.18168e-05 1
0.000277986 -0.000101089 1
0.000357141 -0.000101821 1
0.000298634 -0.000137555 1
-6.35862e-05 0.000190357 1
0.000833865 0.000400365 1
-0.000153123 -7.86115e-05 1
-0.000371987 3.25549e-05 1
9.95141e-05 -0.000511354 1
-0.000200675 0.000177856 1
-8.27828e-05 0.000163375 1
-0.000241963 0.000523829 1
-0.000724502 0.000255252 1
0.000288747 0.000129013 1
-0.000372129 0.000913361 1
-0.00112993 -0.0051963 0.999986
-4.95534e-05 3.50866e-05 1
-0.000217516 -1.56693e-05 1
-0.000397169 0.000454256 1
-0.00198978 0.00310893 0.999993
-0.0019907 0.00311013 0.999993
-9.91742e-05 0.000123485 1
-0.00109162 -0.00517504 0.999986
-8.19902e-05 -6.76076e-05 1
-0.000337416 0.000523403 1
-0.000610962 -0.000147891 1
-0.000495938 2.9656e-05 1
-0.000379874 0.000920611 1
-0.000155966 7.45997e-05 1
-0.000157811 7.54426e-05 1
6.49768e-05 0.000127634 1
0.000573545 -0.000512498 1
0.000578667 -0.000509745 1
-0.0010824 -0.00515588 0.999986
0.000113268 -7.70016e-06 1
7.87596e-05 6.69446e-05 1
0.000109925 -1.37344e-05 1
-5.28601e-05 -0.000121647 1
-4.8354e-05 -0.000123407 1
-0.00110969 -0.00516752 0.999986
-0.000146084 -0.000122323 1
-0.000105946 0.000867412 1
0.000168013 -2.5333e-05 1
0.00037557 -0.000471207 1
0.000155709 -2.82794e-05 1
7.74096e-05 5.66018e-05 1
0.000349876 -0.000517876 1
3.03639e-05 0.000334332 1
0.000261485 -4.75827e-05 1
0.000323798 0.000152342 1
0.000362274 1.12342e-05 1
0.000438777 -0.000345588 1
-0.000770548 0.000445718 1
0.000183684 -0.000107592 1
0.000263096 -4.79749e-05 1
0.000188251 -1.81671e-05 1
0.0001913 -2.11861e-05 1
0.000360788 -4.25431e-05 1
0.000361465 -3.92178e-05 1
0.000324963 -0.000149117 1
0.000319078 -0.000153537 1
0.000386553 1.05617e-05 1
0.000414252 4.58562e-05 1
0.000474588 0.000183917 1
0.000103325 0.000849016 1
0.000106631 -0.000355988 1
0.000351212 4.55934e-06 1
0.000350567 3.06365e-06 1
0.0005201 -0.000126607 1
0.000459668 -0.00032607 1
0.000159973 -4.76088e-05 1
0.000459668 -0.00032607 1
0.00014306 -0.000230121 1
0.000519781 -0.000128115 1
0.00062804 0.000139786 1
0.000630086 0.000140011 1
0.000225795 -0.000106263 1
0.000705956 9.09138e-05 1
0.011175 -0.00016367 0.999938
0.0095342 0.00463832 0.999944
-0.000569577 8.10755e-05 1
4.00227e-05 0.00145431 0.999999
0.000452875 0.000443285 1
0.000450083 0.000434897 1
-0.000992115 -0.000379727 0.999999
0.000298719 0.000659853 1
0.000245411 -0.000671121 1
-0.000502945 -0.000270496 1
-0.000498054 -0.000265732 1
6.41328e-05 0.000226781 1
-0.000402842 -0.000407097 1
-0.000483419 -0.000358049 1
-0.000492057 -0.000356173 1
8.52134e-05 -0.000219668 1
1.15479e-05 -7.08193e-05 1
0.0001219 -0.000204571 1
0.000140254 -0.000190751 1
-0.000251573 0.000219871 1
-4.44922e-05 0.000174462 1
-2.54558e-05 0.000198575 1
-0.000692162 -0.000514859 1
0.00034357 2.3583e-05 1
6.3415e-05 0.00022889 1
-0.000345712 -7.70139e-05 1
0.000259616 6.44277e-05 1
-0.00401136 -0.000274027 0.999992
-0.000140987 -0.000124275 1
0.000160667 -3.00804e-05 1
0.000161609 -2.81422e-05 1
2.47834e-05 5.41125e-05 1
0.000187714 0.000202739 1
0.000323992 0.000151239 1
0.000471478 0.000180699 1
0.000342185 0.000299728 1
0.000424635 0.000219404 1
8.00721e-05 -0.000348565 1
0.000431209 0.000223589 1
0.000432332 0.000226113 1
0.000561958 0.0002999 1
0.000705956 9.09138e-05 1
0.00956237 0.00463615 0.999944
0.00763382 0.00744603 0.999943
0.011175 -0.00016367 0.999938
0.000911125 0.00109541 0.999999
0.000896048 0.00108082 0.999999
0.00209101 0.00221271 0.999995
-0.000995352 -0.00035918 0.999999
-0.000981397 -0.000926596 0.999999
-0.000986516 -0.000926867 0.999999
-0.000584053 -0.000584175 1
-0.000469276 -0.000214472 1
-0.000467784 -0.000464608 1
0.000337089 0.000122928 1
0.000841671 0.000364898 1
-0.000649375 -0.000348767 1
-0.00085879 -0.000450076 1
-0.000687846 -0.000835733 0.999999
-0.000751666 -0.00068939 0.999999
0.000215038 -0.000333205 1
1.40566e-05 -0.000234654 1
0.000271009 5.40813e-05 1
-0.000338845 -6.19953e-05 1
0.000155548 -0.000125695 1
-0.000442461 -0.000314332 1
4.32571e-05 -0.00063972 1
0.000376528 -1.16893e-05 1
-4.63457e-05 -2.04306e-07 1
1.10857e-05 -3.48672e-05 1
6.70523e-05 4.37089e-05 1
2.77793e-05 5.47774e-05 1
0.000202788 -2.04709e-05 1
-1.12367e-05 -0.000322946 1
0.000356907 0.0002371 1
0.000357318 0.000238162 1
0.000180164 0.000188051 1
0.000565788 0.000300045 1
0.000562865 0.000300365 1
0.00045812 0.000405274 1
0.00201107 0.0036595 0.999991
0.00204767 0.00362465 0.999991
0.00208489 0.00220673 0.999995
0.00443264 0.00883959 0.999951
0.00440262 0.00880843 0.999952
0.00763382 0.00744603 0.999943
0.000356584 0.000404971 1
-0.000547204 -0.00069547 1
-0.000940087 -0.000924438 0.999999
-0.000586842 -0.000582023 1
-0.00044814 -0.000427219 1
-0.000384848 -0.000529232 1
-0.000324933 -0.000446399 1
-0.000242055 -0.000212303 1
0.000104867 0.000381467 1
-0.000269764 -0.000666023 1
-0.000275851 -0.000660076 1
-0.000475486 -0.00083575 1
-0.000751669 -0.000690817 0.999999
0.000348825 2.07352e-06 1
0.000382638 -0.000349199 1
-0.000708208 -0.000834578 0.999999
-0.00072926 -0.000671066 1
-0.00052642 -0.000981829 0.999999
-0.000527901 -0.000982297 0.999999
-0.000540876 -0.000862529 0.999999
-0.000748959 -0.000664417 1
-0.000532349 -0.000591972 1
-0.000380126 -0.000694211 1
-0.000445905 -0.0003192 1
-4.85482e-05 -1.81707e-06 1
-0.000189024 -8.51762e-05 1
-0.000194736 -8.94804e-05 1
-0.000215769 -0.000255463 1
8.77956e-06 -3.67979e-05 1
7.1527e-05 4.44966e-05 1
7.31396e-05 4.84544e-05 1
3.28074e-05 2.02565e-05 1
0.00021387 -2.08607e-05 1
9.35959e-05 0.00023879 1
0.000105618 -1.42888e-05 1
-4.77211e-05 0.000289625 1
-0.000418497 -0.000855904 1
-0.000147899 0.000617931 1
0.000336201 0.000210805 1
0.00045812 0.000405274 1
0.000284905 0.000334 1
0.000301906 0.000333023 1
0.000255427 0.000269328 1
0.000256109 0.000270418 1
0.000425343 -0.00918951 0.999958
9.3382e-05 -1.46056e-05 1
0.000443636 -0.00430146 0.999991
-0.00124157 -0.00278169 0.999995
0.000801905 0.000443361 1
3.65587e-05 -0.000105953 1
-8.21996e-05 0.000622268 1
-8.20208e-05 0.00061275 1
-7.08335e-05 0.00083215 1
0.000105891 0.000467574 1
0.000313155 0.000133874 1
-0.000131847 0.000232843 1
-0.000123661 0.000238254 1
-2.9654e-05 -0.000296095 1
0.000246192 0.000690215 1
-0.000290769 0.000539716 1
-6.92757e-05 -0.000280268 1
-3.04589e-05 0.000771769 1
0.000162961 -0.000124451 1
-0.000326785 0.000361022 1
0.000171201 0.000852328 1
0.000482819 0.00058844 1
0.000447345 0.000260558 1
6.67907e-05 0.0002038 1
0.000311763 0.000129204 1
-7.10696e-05 -0.000137825 1
0.000501868 0.000215572 1
2.42187e-05 -1.38782e-05 1
-6.22235e-05 -8.01262e-05 1
-6.00771e-05 -8.32699e-05 1
5.07174e-05 8.47546e-05 1
7.97341e-05 7.51602e-05 1
-0.000641876 0.000607913 1
0.000122659 5.39711e-05 1
0.000146628 7.37418e-05 1
0.000335959 0.00021015 1
0.000363078 -1.46613e-05 1
0.000528572 -0.00899452 0.999959
0.00179665 -0.00469258 0.999987
3.62745e-05 -0.000108519 1
-0.000156127 -0.000128537 1
0.000212863 -7.25524e-05 1
-0.00044741 0.000613349 1
-0.00022326 -9.05357e-06 1
-0.000788089 0.000461742 1
0.000160008 -0.000264214 1
3.75053e-05 0.00144266 0.999999
0.000129188 0.000857351 1
0.000324597 0.000103929 1
-0.00025029 0.000855519 1
-0.000360402 0.00075022 1
-0.000184178 2.96274e-05 1
0.000234754 9.7268e-05 1
5.24655e-05 8.03135e-05 1
1.4215e-05 1.49769e-05 1
0.000566302 0.000470362 1
0.000120964 5.42226e-05 1
0.000153594 -0.00013905 1
0.000168672 -4.61699e-05 1
8.46206e-05 -0.000157943 1
0.000144688 -0.000231303 1
4.59877e-05 -8.87865e-05 1
6.14072e-05 3.56389e-05 1
0.000377514 -5.49591e-05 1
-0.00018756 -0.000420837 1
0.000703681 0.0101959 0.999948
0.00134239 0.00547703 0.999984
0.00071144 0.0101386 0.999948
0.00134239 0.00547703 0.999984
-0.000258142 0.000236043 1
-0.000556291 0.000859628 0.999999
-0.000266749 0.000247845 1
0.000377571 0.000495341 1
0.000357028 0.000405948 1
0.000564803 0.000472006 1
-0.000550613 -0.000696077 1
0.000645306 0.000326442 1
-0.000173406 -0.000677325 1
6.4782e-05 0.000210936 1
0.000311978 0.000132374 1
-0.000260212 -0.000580639 1
-0.000370757 -0.000507803 1
0.000312147 0.000128733 1
-5.01759e-05 -0.000588762 1
-0.000314836 0.000156717 1
-0.000309422 -0.000424183 1
4.54905e-05 -0.000476785 1
-1.73521e-05 -0.000461664 1
-1.68804e-05 -0.000448649 1
0.000259112 -0.000371509 1
-9.57805e-05 -0.00108672 0.999999
1.13728e-05 -0.000938103 1
-9.45193e-05 -0.00108714 0.999999
-0.000476862 -0.000828027 1
0.000776792 -0.00101651 0.999999
1.2281e-05 -0.000938212 1
-1.89178e-05 -0.00139419 0.999999
-1.96058e-05 -0.0013931 0.999999
0.000365794 -0.000950439 0.999999
-5.70632e-05 -0.000819092 1
-5.81581e-05 -0.000814551 1
-0.000359603 -0.000703665 1
-0.000539395 -0.000862108 0.999999
-3.90411e-05 -0.00049767 1
-0.000127743 -0.000460282 1
-0.000160424 -0.000462208 1
-0.00012796 -0.000460561 1
7.43493e-05 -0.000449766 1
-0.000168119 9.33342e-06 1
-0.000160797 -0.000462651 1
3.21436e-05 -0.0002084 1
-0.000116227 -0.000183361 1
-7.81856e-06 -0.000274356 1
-8.68199e-06 -0.000256111 1
-0.000223256 -0.000262231 1
-4.79103e-05 4.12094e-07 1
-2.13558e-05 -8.35743e-05 1
-5.28524e-05 8.89737e-06 1
-2.08691e-06 2.97619e-06 1
-0.000153829 5.22468e-05 1
-0.000147144 5.98087e-05 1
3.4302e-05 2.41401e-05 1
0.000362671 0.000115851 1
3.53339e-05 0.000197351 1
3.62006e-05 0.000197784 1
0.000392576 -0.00052999 1
-0.000113369 -0.000934189 1
0.000118476 0.000352122 1
0.000118476 0.000352122 1
-0.000300947 0.000155914 1
0.000177807 0.000136143 1
3.46914e-05 0.000134935 1
-9.45943e-06 -0.00330807 0.999995
-0.000188737 0.000379421 1
-5.21326e-05 0.000231394 1
0.000269534 -0.00025122 1
0.000270691 -0.00024614 1
0.00366426 0.000666174 0.999993
0.000644624 0.000327228 1
-8.52074e-05 -0.000252581 1
-0.000113736 -0.000987172 1
-2.17519e-05 0.000172382 1
0.000258241 3.25516e-05 1
-0.000474001 -0.000218941 1
0.000293312 0.000227419 1
-0.000106246 -0.00100803 0.999999
-0.000113767 -0.000991611 1
-0.000301704 -0.000461747 1
0.000328397 0.00011924 1
0.000511883 -6.00567e-05 1
7.53665e-05 -0.000199254 1
-0.000622509 -0.000145969 1
3.72783e-05 0.00145823 0.999999
-0.000455711 0.000356152 1
-0.000884965 -0.000245286 1
3.80688e-05 0.000728403 1
-0.000185622 -0.000236519 1
-0.00109256 4.99512e-05 0.999999
-0.000260269 -0.000455386 1
-0.000258909 -0.000369181 1
3.3215e-05 -3.10473e-05 1
-0.000556772 -0.000628211 1
-0.00109577 4.97026e-05 0.999999
0.000302736 0.000141861 1
-0.000184909 0.000427034 1
0.000141366 0.000109076 1
-9.44398e-05 -0.000153318 1
-0.000625668 1.73526e-05 1
-0.000271188 -0.000343925 1
-0.000190281 -0.000316217 1
0.000442587 0.000733388 1
-0.000238508 -4.43656e-05 1
-0.000119261 -0.000442722 1
-0.000143512 -0.000438075 1
0.000675339 0.000526408 1
0.000499006 0.000468461 1
-8.07406e-05 0.000102464 1
0.000292339 0.000132133 1
-3.95496e-05 -0.000256125 1
-0.00019549 -0.000156211 1
-0.0001318 -0.000327585 1
-0.000243642 0.000542856 1
-0.000838634 -0.000486912 1
-0.000163127 -0.000323859 1
-0.000598076 -0.000156521 1
-0.000247948 -0.000111321 1
0.00303376 0.00113605 0.999995
0.000508914 0.000291469 1
-0.000597881 -0.000454994 1
0.000401185 0.000562712 1
0.000576812 -0.000257282 1
0.000594575 -0.000246233 1
0.000283358 0.000114497 1
4.2115e-05 0.000151971 1
4.76956e-05 1.22947e-05 1
0.000286033 0.000135572 1
7.16657e-05 4.16476e-05 1
2.81776e-05 1.71567e-05 1
-0.000888171 -0.000436031 1
0.000107972 0.000229178 1
3.97122e-05 1.93869e-05 1
-0.000176963 -2.3982e-05 1
0.000115348 0.000122071 1
9.46925e-05 4.54665e-05 1
6.23709e-05 3.28711e-05 1
0.00432213 0.00429745 0.999981
0.000126246 9.83347e-05 1
-0.000825759 -0.000336919 1
-9.91673e-05 0.000116701 1
0.000100165 3.96005e-05 1
-0.000562963 -0.000650842 1
4.37861e-05 -0.000212839 1
0.00432805 0.00471625 0.999979
-0.000703946 -0.000834472 0.999999
0.000176125 0.000120581 1
0.00134239 0.00547703 0.999984
0.000254145 0.000203463 1
0.00160843 0.0038151 0.999991
0.000121365 0.000132519 1
0.000234666 0.000102105 1
-0.000582482 0.000381958 1
0.000157569 0.00010432 1
6.60208e-05 9.7207e-05 1
0.000306751 0.000308322 1
0.000805398 0.00130539 0.999999
0.000108554 0.00010139 1
-0.000123117 -0.000740229 1
0.00017756 0.000127702 1
0.000312522 0.000312299 1
0.000256756 7.80053e-05 1
0.000256323 7.63478e-05 1
0.000201794 9.60842e-05 1
0.000300765 5.25753e-05 1
0.000267545 6.02429e-05 1
0.000321488 5.33447e-05 1
0.000244312 7.14915e-05 1
9.88572e-05 -0.000222131 1
0.000305698 0.000441829 1
0.000105277 1.04541e-05 1
7.69884e-05 -1.49728e-05 1
0.00026862 0.00023542 1
0.000103519 1.65075e-05 1
0.000490419 -0.000653871 1
-5.12214e-05 0.000522543 1
4.50564e-05 1.37548e-05 1
-0.000153899 -0.000310437 1
7.28625e-05 -0.000299839 1
-0.00357217 -0.00728568 0.999967
0.000129939 -0.000213751 1
-0.000182895 -9.28225e-05 1
-0.00353754 -0.00724111 0.999968
-0.000126628 -0.000315729 1
0.000250445 0.000422855 1
-0.000769834 0.000442897 1
0.000234484 -0.000180284 1
-0.0001154 -0.000462003 1
-0.00304736 0.000337053 0.999995
-0.00308703 0.00032235 0.999995
-0.00056978 -7.69119e-06 1
-0.0028804 -0.00675652 0.999973
0.000481516 0.000126828 1
-0.000138553 3.82785e-05 1
-0.000142667 -0.000261168 1
0.000835476 0.00108843 0.999999
0.00032914 0.000151884 1
2.79341e-05 2.20875e-05 1
-0.00403718 0.00024215 0.999992
-0.00399103 -0.00797735 0.99996
-0.00332228 0.000381825 0.999994
-0.00390769 0.00410293 0.999984
-0.00374335 0.000238065 0.999993
-0.00377208 0.00398685 0.999985
-0.00377194 0.00408508 0.999985
-0.00332988 0.000338952 0.999994
-0.000111424 -0.000151154 1
-0.00394546 -0.000355478 0.999992
-0.000164312 0.000114351 1
-9.02736e-05 2.40495e-05 1
3.75517e-05 8.72995e-05 1
0.00262725 0.000136071 0.999997
0.00356708 -0.00378187 0.999986
0.00360345 0.00114345 0.999993
0.000511848 -0.000126962 1
0.000366778 -0.000133197 1
0.000365458 -0.000133651 1
0.00031398 -0.000469641 1
2.68112e-05 -6.7215e-05 1
0.000387959 9.34335e-05 1
0.000516764 -0.000127317 1
0.00282525 0.0046638 0.999985
-0.000113209 -0.000874479 1
-0.000149209 0.000628493 1
0.000409878 9.56373e-05 1
0.0042892 0.00407501 0.999982
0.00276946 0.00085016 0.999996
0.000348733 0.000323809 1
0.00432804 0.00471025 0.99998
0.00028917 0.000234897 1
-0.000618581 -0.000463242 1
0.000556025 0.000486253 1
0.000284157 0.000152959 1
0.000526311 6.33697e-05 1
0.000755775 -0.000538522 1
-0.000113634 -0.000868718 1
0.000518381 -0.000542748 1
-0.00070022 -0.000523404 1
-0.000701345 -0.00053038 1
-0.000402354 0.00110774 0.999999
7.15737e-05 0.000228335 1
-0.000115551 -0.000461083 1
4.69378e-05 0.00013884 1
0.000156282 9.609e-05 1
0.000119423 7.59348e-05 1
-3.02138e-05 0.000141279 1
-8.62372e-05 0.000131114 1
9.49067e-06 0.000131394 1
0.000350213 8.97929e-05 1
-0.000188591 -8.77982e-05 1
0.000312558 0.000179731 1
0.0002283 0.00011435 1
1.26592e-05 -2.0787e-05 1
0.000566582 0.000216384 1
-6.93189e-05 -1.90098e-05 1
-0.000259418 -0.000350291 1
3.07281e-06 0.000164914 1
0.000153021 -0.000167746 1
-0.000118618 -0.000442346 1
0.000943763 -0.000211864 1
-4.08734e-05 0.000277086 1
0.000256578 0.000183181 1
5.44832e-05 0.00023137 1
3.97061e-05 0.000150341 1
0.000143322 0.000112776 1
1.27501e-05 -2.01199e-05 1
0.000329811 0.000101144 1
-6.89042e-05 -1.87504e-05 1
-7.38047e-06 -2.48261e-05 1
0.000151338 0.000106078 1
-0.00065969 0.000582743 1
0.0002476 7.52806e-05 1
-0.000356113 -0.000156568 1
2.80728e-05 0.000164983 1
0.000382961 -0.000504252 1
5.03078e-05 0.000188355 1
-0.000186751 -8.92912e-05 1
0.000326027 2.43548e-05 1
-0.00020132 -7.74712e-05 1
0.000153536 9.85051e-05 1
-0.00018188 -0.000333826 1
0.000352933 8.82796e-05 1
0.00026179 0.000188592 1
-0.0039302 0.000225672 0.999992
0.000487133 0.000142214 1
-3.3672e-05 -0.000157879 1
0.000347923 4.89222e-05 1
0.000222971 0.000297463 1
3.39021e-05 -3.29222e-05 1
0.00292832 -0.00299191 0.999991
-0.000784539 0.000455618 1
0.000203695 5.26319e-05 1
-0.00011468 5.06907e-05 1
-0.000270702 0.000101828 1
-7.45217e-05 -0.000145011 1
-3.79041e-05 0.000142219 1
6.00088e-05 1.53643e-05 1
0.000178872 3.10758e-05 1
0.000149279 6.38007e-05 1
0.000142483 5.29883e-05 1
0.000363718 -0.000145766 1
0.000264491 0.000302102 1
-0.000134038 3.99076e-05 1
-0.000294127 -0.000106099 1
8.1087e-05 -1.1625e-05 1
0.000336356 -0.000402773 1
5.22874e-06 -2.28345e-05 1
0.000342788 8.40351e-05 1
-4.35241e-05 8.42658e-05 1
-1.91812e-05 0.000148679 1
9.88947e-05 1.92644e-05 1
-0.000292685 -0.000108316 1
6.12018e-05 3.82544e-05 1
0.000141528 0.000116034 1
-3.60713e-05 8.45775e-05 1
-3.09984e-05 -0.000304629 1
-0.000302314 -0.000122517 1
0.000108931 0.00013369 1
-5.24629e-05 0.000159468 1
-1.99827e-05 0.000174437 1
0.00020699 -0.000137076 1
0.000266645 0.000258943 1
-0.000126335 -0.000343894 1
0.000108928 7.6129e-05 1
-0.00017309 -7.55996e-05 1
0.00179665 -0.00469258 0.999987
0.00335054 -0.00533048 0.99998
0.00311559 -0.00319803 0.99999
-0.00254942 -0.00368801 0.99999
-0.000380326 -0.00435608 0.99999
-0.000304821 -0.000737387 1
-0.00227537 0.00139835 0.999996
0.000112854 0.000140458 1
0.00203955 -0.00315309 0.999993
-0.000315471 -0.000159939 1
-0.000151126 0.000226146 1
0.000518849 6.32316e-05 1
0.000627837 -0.000256156 1
0.000262427 0.000189198 1
-0.00364088 0.00785802 0.999963
-0.000385349 0.00350009 0.999994
0.000378362 0.00012841 1
-0.000606532 -0.000538188 1
-0.000213495 0.000233912 1
-0.000157715 0.000201601 1
-0.000106029 0.000131592 1
-0.000299129 0.000411109 1
-0.000206656 0.000232702 1
0.000103983 0.000113601 1
-0.000188407 0.000183502 1
-0.000200998 0.000192673 1
-0.000166329 -0.000317645 1
-8.81228e-05 -0.000232965 1
0.000100384 7.8914e-05 1
8.38451e-05 1.41532e-05 1
0.000116959 0.000208145 1
9.42844e-05 1.84121e-05 1
0.000116928 0.000210096 1
0.000459769 0.000311036 1
-0.000426699 0.000337652 1
-6.99995e-05 0.000140029 1
-3.65686e-05 0.000781516 1
-0.00050494 0.000730874 1
0.000254869 -0.000407057 1
0.000408338 -0.000616115 1
0.000175674 -0.000114917 1
-6.65652e-05 0.000132799 1
-3.664e-05 0.00078077 1
-0.000939918 0.000562641 0.999999
8.39333e-05 2.94644e-05 1
0.000342695 -0.000458469 1
0.00018489 -0.000188071 1
-3.23458e-05 -0.00056719 1
0.00014649 -0.000346725 1
3.71593e-05 -0.000658531 1
-0.000227279 0.000443979 1
-0.000166948 -0.000345466 1
0.000410885 0.000237399 1
0.000316053 0.000180564 1
0.000428961 -5.73713e-05 1
-4.67553e-05 0.000191047 1
0.000115783 0.000120284 1
0.000243076 0.000216053 1
0.000206735 -0.000128899 1
-0.000122654 0.000108235 1
0.000639706 -0.000176637 1
-0.000608223 -6.38779e-05 1
-6.72613e-05 -0.000299029 1
0.000722077 -0.000224068 1
0.000811878 -0.00042738 1
-9.47129e-06 5.71951e-06 1
3.87613e-05 -0.000498559 1
0.000116593 -0.000285799 1
-0.000344714 0.000116124 1
0.000778745 -0.00099468 0.999999
0.00026608 -0.000379435 1
-0.000109036 -0.000223654 1
0.000257364 0.000387003 1
0.000264803 0.00018934 1
0.00113065 -1.04448e-05 0.999999
0.000187834 1.62438e-05 1
0.000881292 -0.000656743 0.999999
0.000756345 -0.00065166 1
-0.0039327 -0.000111534 0.999992
-0.00387576 -0.00325048 0.999987
0.00103707 -0.000210017 0.999999
-6.66257e-05 5.14602e-06 1
3.46741e-05 0.000130029 1
0.000209648 -0.000118333 1
-0.000443569 -0.00032368 1
-0.00401136 -0.000274027 0.999992
3.51448e-05 -9.56874e-06 1
9.03676e-06 -2.47494e-05 1
0.000911493 -6.51973e-05 1
-5.31523e-05 -9.6955e-05 1
0.000581018 -0.000517887 1
0.000351553 0.00025842 1
0.00053069 -0.000466607 1
0.000512202 -0.000762256 1
0.000264519 -0.000628897 1
0.000351995 0.000262556 1
-0.000738978 -0.00323671 0.999995
-0.00401136 -0.000274027 0.999992
0.00033401 0.000515007 1
0.000326297 -0.000150763 1
2.474e-05 -0.000340198 1
-0.000111224 -0.00380505 0.999993
-3.90931e-05 -0.000497602 1
-5.89663e-05 3.81074e-05 1
0.000190569 0.000212784 1
0.000151703 0.000219593 1
6.39908e-05 -6.37059e-06 1
6.31365e-05 -4.9365e-06 1
0.000160171 -0.000200371 1
0.000212675 -0.000137005 1
0.000131298 -0.000200935 1
0.000288361 0.000135642 1
9.06721e-05 -0.000283909 1
9.34277e-05 0.000179684 1
-5.89923e-05 3.81936e-05 1
0.000278351 0.000125277 1
8.57638e-05 -0.000223712 1
-0.000156952 -0.0001169 1
9.4104e-05 -0.000462606 1
2.54526e-05 -0.000204461 1
-5.32498e-05 -9.63681e-05 1
0.000256451 0.000371021 1
5.29202e-05 -2.47539e-05 1
0.000330077 0.000107112 1
4.10879e-05 -6.92428e-05 1
3.92334e-05 -6.57923e-05 1
-6.55174e-05 -0.000105602 1
6.24964e-05 0.000124173 1
8.63686e-05 0.000129817 1
0.000278101 0.000342827 1
-0.000566875 0.000409184 1
-0.00053786 -0.000593789 1
0.000124171 3.30327e-05 1
-0.000500297 -0.000402677 1
0.000109352 1.02321e-05 1
5.10372e-05 -5.61583e-05 1
6.6675e-05 -8.97485e-06 1
4.96776e-05 -1.37909e-05 1
-1.92669e-06 -8.47554e-06 1
0.000105716 8.83498e-05 1
-0.000138884 4.45217e-05 1
-1.88327e-05 6.81101e-05 1
-0.000280461 -0.000555415 1
0.000215772 0.000181591 1
2.37498e-05 4.86992e-05 1
0.000168202 0.00013513 1
-0.000475181 -0.000255367 1
0.00023747 0.000396818 1
7.54807e-05 7.60771e-05 1
0.000105263 4.53723e-05 1
-5.62927e-05 -0.000127044 1
8.30333e-05 0.000118945 1
0.000431404 0.000226939 1
0.000291174 -0.000503403 1
-7.6935e-05 -0.000141983 1
-7.51226e-05 -0.000137988 1
0.000152881 -0.000159467 1
-8.9625e-05 -0.000234356 1
-0.000432268 -0.00019549 1
0.000657057 0.000654065 1
9.53201e-05 -3.39321e-05 1
-0.000110462 0.000104242 1
-0.000165806 -0.000326336 1
2.7456e-05 5.12505e-05 1
-0.000342463 0.00035076 1
0.000329574 0.000107973 1
-0.000192019 -1.85631e-05 1
0.000131416 9.27306e-05 1
0.000112805 -3.09093e-05 1
0.000111094 -3.18427e-05 1
-7.70301e-05 0.000282467 1
-0.00072907 -0.000673347 1
0.00244762 0.000674709 0.999997
0.00364449 0.00036918 0.999993
0.00232421 -0.00158101 0.999996
0.00369125 0.000490144 0.999993
0.000223669 -0.000800368 1
0.00237047 -0.002019 0.999995
0.000118485 -0.000117209 1
0.000224686 0.000206717 1
0.00035483 1.67222e-05 1
0.000372519 0.000514394 1
0.000751325 0.000379831 1
-0.00046452 -0.000384198 1
6.43199e-05 0.000244906 1
-0.000464001 0.000337297 1
-0.000633547 4.30729e-05 1
0.000264481 0.000168434 1
-0.000536285 -0.000592733 1
0.000132247 8.89105e-05 1
9.9656e-05 -0.000376564 1
0.000127308 1.81662e-05 1
0.000118243 0.000197145 1
0.000105664 -2.39038e-05 1
0.000127641 0.000176152 1
-6.75987e-05 -0.000367345 1
-0.00168552 -0.00253006 0.999995
-6.00519e-06 -7.82011e-05 1
0.000345051 0.000318984 1
0.00011069 0.000168509 1
-0.000288151 5.56131e-05 1
-6.31025e-06 -0.000512754 1
0.000126261 0.000135166 1
0.000457594 0.000199022 1
0.000279936 0.000129355 1
-0.000609178 -0.000447167 1
-8.81617e-05 6.36427e-06 1
0.000346386 6.52158e-05 1
0.000108682 0.000160769 1
-8.85755e-05 8.34545e-06 1
-0.000541025 0.000168671 1
-8.21427e-05 6.65419e-06 1
-0.000608477 -0.000145334 1
6.57507e-06 -0.000166504 1
0.000125058 0.000141398 1
-0.000597495 -0.000381461 1
0.00037727 0.000121161 1
-0.000160951 -9.26326e-05 1
-7.80738e-05 2.85278e-06 1
0.000136626 9.28427e-05 1
-6.07525e-05 8.79643e-06 1
0.000313735 0.000125126 1
-9.42199e-05 -2.00685e-05 1
-0.000581875 0.000382222 1
0.000359142 7.08708e-05 1
-9.45301e-05 -2.21772e-05 1
0.000126609 9.45989e-05 1
0.000341383 0.000282958 1
-9.21931e-05 0.000146531 1
-0.00112415 8.22789e-05 0.999999
0.000152657 -0.000144265 1
0.000340654 0.000130161 1
0.000115055 0.000121533 1
-6.88797e-05 -0.000147565 1
-6.54553e-05 -0.00014077 1
-0.000728649 0.000251795 1
-6.14897e-05 -1.66695e-05 1
7.66728e-05 1.12782e-05 1
9.87906e-05 6.3576e-05 1
-7.90249e-05 -0.000121452 1
0.000304103 0.000141046 1
0.000175067 7.94453e-06 1
-0.000372867 -0.000523792 1
0.000139905 0.000105934 1
9.68964e-05 -4.8797e-05 1
0.000328547 0.000131095 1
8.75477e-05 0.000127486 1
-0.000414978 0.000860277 1
-0.000180438 3.58767e-05 1
-1.24748e-05 9.07186e-05 1
0.000328598 -3.32972e-05 1
0.000264723 -0.000165785 1
0.0003686 -3.83801e-05 1
0.000270975 4.4682e-05 1
0.000277843 -0.000152916 1
6.96048e-05 0.000139426 1
0.000457617 0.000117588 1
5.94551e-05 -3.44885e-05 1
5.96912e-05 -0.000398918 1
0.000340414 1.69948e-05 1
0.000343691 5.70087e-05 1
0.000459357 0.000117274 1
0.00297746 0.00160065 0.999994
-0.000905849 -5.01549e-05 1
0.0030132 0.00155292 0.999994
-1.64962e-05 -0.000402674 1
0.000548276 0.000664956 1
4.06194e-05 -0.000443928 1
0.000108303 0.000222844 1
-0.000630578 -2.89721e-05 1
-0.000108335 -0.000361585 1
-6.19188e-05 -4.68119e-05 1
-0.000680448 0.000389186 1
5.22259e-05 5.79936e-06 1
0.000240163 -0.000681049 1
0.000450884 -0.000605374 1
0.000160787 0.000194093 1
-4.30145e-05 0.000215576 1
0.000283816 0.000162515 1
2.32296e-05 0.000156963 1
-0.000175616 -0.00049074 1
0.000481328 0.000237517 1
0.000286823 0.000138952 1
-0.00021544 -0.000110507 1
5.9655e-05 7.9935e-06 1
0.000235869 0.000119994 1
1.24405e-05 -6.27958e-05 1
0.000206409 0.000402474 1
-0.000339883 -0.000136936 1
0.000408977 0.000215354 1
0.000345104 0.000187508 1
7.58274e-05 -0.000453364 1
0.000422261 0.000235409 1
0.00153937 0.00130658 0.999998
0.00101903 0.000951893 0.999999
-0.000939661 -0.0008881 0.999999
4.44486e-05 0.00025767 1
-0.000305367 -0.000218837 1
0.000122994 5.95972e-05 1
-0.000613845 -0.000454065 1
-0.000672874 -0.000224966 1
0.000527337 0.000563838 1
-1.50966e-05 0.0002081 1
-1.84971e-05 -1.03575e-06 1
0.000525332 0.000737422 1
0.000563872 0.000474288 1
-0.00112533 8.10411e-05 0.999999
0.000121149 0.000129731 1
-2.74595e-05 -0.000221032 1
0.000360746 7.89357e-05 1
0.00215657 0.00332879 0.999992
0.000742463 0.00139737 0.999999
0.000361608 7.82726e-05 1
-0.000217216 -1.83377e-05 1
-0.000497834 -0.000353745 1
0.000479826 0.000591546 1
-0.000391505 -0.000572981 1
0.000362979 0.00013829 1
-0.000483539 -0.00106349 0.999999
8.57368e-05 0.00014876 1
-0.000402731 -0.00101507 0.999999
5.32449e-06 -0.000408286 1
0.000345504 0.000127564 1
-0.000378962 -0.00102226 0.999999
-0.000505305 -0.000665249 1
0.000319077 0.000116611 1
-0.000595377 -0.000979968 0.999999
-0.000493123 -0.000884093 0.999999
-0.000592554 -0.000603622 1
-0.000372364 -0.000704732 1
-0.000357564 -0.000387357 1
-0.000330897 -0.000441287 1
-0.000163215 -0.000195039 1
6.76943e-05 -3.40004e-05 1
4.77739e-05 1.2767e-05 1
-0.000118874 -5.53981e-05 1
-0.000115605 -0.000183299 1
0.000203325 3.69352e-06 1
-0.000171781 0.000379241 1
0.000441352 0.000380029 1
0.000479359 0.000590625 1
-0.000794828 0.000453453 1
-0.000498879 0.000377003 1
9.58035e-05 -2.95226e-05 1
9.37656e-05 -3.78646e-05 1
0.000525692 0.000737995 1
0.000282735 0.000140119 1
4.25329e-05 -0.000302392 1
0.000348742 0.000136891 1
0.000443784 -0.00916641 0.999958
-0.000574646 -0.00338315 0.999994
0.000140369 0.00017315 1
-0.000904136 0.000290267 1
0.000188043 0.000153391 1
-0.000609613 0.000911669 0.999999
0.000326281 0.000593048 1
-0.000439831 -0.0003515 1
0.00033988 0.000616855 1
0.000263761 -0.000759754 1
0.000107449 0.000102936 1
0.000170423 0.000836181 1
-0.000301842 -0.000139015 1
-0.000105283 9.78516e-05 1
0.000118896 4.56312e-05 1
5.88385e-05 0.000144925 1
0.000295453 0.000805859 1
0.000143785 8.51409e-05 1
0.000143967 8.58096e-05 1
-7.52065e-05 0.000205359 1
0.000132419 8.66094e-05 1
-9.79971e-05 4.06779e-05 1
0.000327275 0.000104691 1
-0.000152474 -0.000304672 1
-0.00011327 4.1138e-05 1
0.000122419 5.32958e-05 1
0.000120814 7.09133e-05 1
5.77431e-05 -0.000108887 1
-0.000528374 -0.000391333 1
0.000124851 0.000101365 1
0.000637948 0.000262895 1
0.000130592 0.000106623 1
7.61482e-05 -2.82252e-05 1
0.000250043 0.000116247 1
0.00013602 4.46319e-05 1
0.000152416 -0.000145469 1
-0.000758212 0.004659 0.999989
-0.00143562 0.00103055 0.999998
-0.000279333 -0.00012098 1
4.26118e-05 1.23905e-05 1
-0.000596623 0.000811353 0.999999
0.00010054 0.000220633 1
0.000361251 7.35621e-05 1
5.68758e-05 -0.000130524 1
-0.000371097 -0.000543824 1
5.28835e-05 -0.000627133 1
0.00038213 0.000256435 1
0.000202518 0.000814944 1
5.69172e-05 -0.000495288 1
-8.21401e-06 -0.000389823 1
-1.63194e-05 -0.000453545 1
-0.000149076 -0.00107216 0.999999
7.76367e-05 -0.000967255 1
-0.000149347 -0.00107206 0.999999
9.6739e-05 -0.00105659 0.999999
0.000196856 -0.00089358 1
8.09023e-05 -0.000967572 1
0.000430612 -0.0010904 0.999999
0.000278728 -0.000766788 1
-5.78867e-05 -0.00081644 1
-3.87907e-05 -0.000440323 1
0.000141067 -6.15397e-05 1
0.000307368 0.000302285 1
-0.00023032 -0.000597079 1
-4.2487e-05 0.000210206 1
8.66799e-05 2.04527e-06 1
-1.71891e-05 -4.75083e-06 1
-8.39394e-06 -0.000257801 1
-3.42228e-05 2.83491e-05 1
-1.15685e-05 -5.66149e-05 1
-1.87156e-05 -8.3888e-05 1
8.9388e-05 3.96484e-05 1
0.000210028 -2.04223e-05 1
0.000233412 5.93209e-05 1
9.14107e-05 0.000141397 1
0.000564792 0.000593606 1
7.09221e-05 0.000224088 1
0.000439395 -0.000178311 1
-8.16264e-05 -0.00348464 0.999994
5.15952e-05 -0.000262273 1
0.000383307 6.49559e-05 1
7.85512e-05 0.000232021 1
9.24445e-05 0.000237525 1
0.00356843 0.000373462 0.999994
0.0043091 0.0043195 0.999981
0.000149308 -0.000142036 1
0.000136244 0.00016385 1
5.60288e-05 -0.000130423 1
0.000239731 -0.000182315 1
0.000583347 -0.000145356 1
4.27573e-05 1.24854e-05 1
-9.48922e-05 -1.31473e-05 1
0.000243285 -0.000181374 1
0.000154761 -0.00012543 1
0.000459898 0.000569439 1
-0.000194581 -0.000157005 1
-0.000596502 -0.000154878 1
-0.000261947 0.00027675 1
-0.000749248 -0.000664725 1
0.000251505 0.000766937 1
0.000113357 9.91828e-05 1
0.000265391 0.000257692 1
0.000292695 0.000490795 1
-0.000100102 4.04844e-05 1
0.000119555 4.77893e-05 1
1.16761e-07 -6.54703e-06 1
-4.19692e-05 -0.000195958 1
0.000142379 0.000134749 1
5.99516e-05 0.000122518 1
7.12383e-05 -1.35734e-05 1
0.000145059 -0.000641819 1
-0.000359914 0.000406016 1
-0.000194889 0.000880814 1
9.98669e-05 0.000289954 1
-0.000204078 -0.000208165 1
0.000107526 -4.71621e-05 1
-0.00032635 -7.87383e-05 1
0.000816728 0.000339165 1
-0.000288956 0.00056069 1
0.000252363 7.58481e-05 1
0.000278559 0.000428865 1
-1.03636e-05 2.18952e-05 1
0.000159159 0.000192366 1
-0.000118071 -0.000251096 1
-3.12638e-06 -3.42232e-05 1
-0.000328372 -7.46747e-05 1
2.22299e-05 -1.40469e-05 1
-2.02806e-05 0.000151127 1
-0.000101475 5.1475e-06 1
-6.86914e-05 7.78013e-05 1
0.000336212 6.74457e-05 1
-0.000330769 -0.000301467 1
0.000256955 7.49991e-05 1
-4.4844e-05 7.87538e-05 1
-6.66055e-05 2.59706e-06 1
0.000300766 5.26214e-05 1
4.73138e-05 -0.000155749 1
-0.000297475 -0.000145716 1
0.000131637 8.72673e-05 1
0.000245133 0.000113679 1
-0.000296927 -0.000147779 1
-0.00010886 -9.03802e-05 1
-1.35698e-05 9.23507e-05 1
0.000149564 -0.000328096 1
-0.000106117 -9.1458e-05 1
6.64044e-06 0.000127455 1
-2.03328e-05 -4.2369e-05 1
0.00356054 0.000199802 0.999994
0.000254764 0.000436974 1
0.00393623 0.00287965 0.999988
0.000209347 0.000623851 1
0.000265359 0.000368624 1
0.000190688 7.44594e-05 1
2.45112e-05 -0.000141129 1
0.00430901 0.00432408 0.999981
0.000272727 -0.000439162 1
8.18712e-05 0.000149222 1
0.0009587 0.000347941 0.999999
1.42495e-05 5.26983e-05 1
0.000303404 0.00365757 0.999993
-2.71313e-05 5.36927e-05 1
-0.000116239 0.000102014 1
0.000294994 4.77863e-05 1
-0.000154497 4.10816e-06 1
0.000349169 4.87296e-06 1
0.000298529 0.000168518 1
0.000153026 0.000178774 1
6.70038e-05 8.67458e-05 1
-0.000214136 -0.000110124 1
0.000247471 0.00011045 1
-0.00019594 -0.000327874 1
-0.000906715 -0.000468324 0.999999
0.000104735 -0.000507909 1
-3.13365e-05 0.000101953 1
-5.04266e-05 0.000206951 1
-0.000564081 0.000545053 1
2.28191e-05 0.000155034 1
0.000365451 -2.60124e-05 1
0.000455037 0.000118884 1
0.00178873 -0.00168825 0.999997
-5.25063e-05 0.000252159 1
2.34649e-05 -0.000142233 1
1.02855e-05 -8.92507e-05 1
0.000141486 -0.000186837 1
-0.000660826 -0.000230576 1
1.05444e-05 -6.42397e-05 1
-3.48882e-05 0.000116253 1
1.79536e-05 -4.99373e-05 1
6.54393e-05 -3.35505e-05 1
0.00035077 9.52207e-05 1
0.000233146 0.000220487 1
8.52726e-05 5.25634e-06 1
-0.000177843 -1.63058e-05 1
0.000351905 -0.00014403 1
0.000263685 0.000187575 1
0.000364758 7.24143e-05 1
9.99442e-05 7.77906e-05 1
0.000107136 0.000137497 1
-0.000352658 -0.00434959 0.99999
0.000122445 0.000143422 1
-0.000376229 0.00350256 0.999994
0.000394357 0.000246399 1
7.50857e-05 -0.000154901 1
-6.51383e-05 -0.000283589 1
7.94404e-05 1.44606e-05 1
0.000448117 -3.00895e-05 1
-0.000209496 -0.0043668 0.99999
-6.54682e-05 -0.00028362 1
9.95621e-05 -3.75949e-05 1
0.000140833 -0.000106225 1
0.0002701 4.7468e-05 1
0.000144194 -0.000307308 1
0.000198583 0.000449038 1
0.000290266 0.000133779 1
-0.000347358 0.00352721 0.999994
-7.34518e-05 9.46376e-05 1
0.000104938 0.000381319 1
-5.07273e-05 -0.000160143 1
6.33748e-07 2.21339e-06 1
-0.000495941 2.86528e-05 1
6.9964e-05 -1.32634e-05 1
-0.000345381 0.000383892 1
0.000125336 -1.36397e-05 1
0.000381781 -0.000535126 1
5.38378e-05 6.14061e-06 1
-0.000569957 0.000307344 1
-0.000372081 -0.000165316 1
-0.000396584 -0.00019099 1
-8.3206e-05 -6.8045e-05 1
-0.000182058 -9.00971e-05 1
0.000164029 -0.000452898 1
-9.84087e-05 -0.000460531 1
-4.21792e-06 -1.83368e-06 1
0.000367805 -0.0007684 1
8.46206e-05 -0.000157943 1
0.000310098 5.98924e-05 1
7.11089e-05 0.000135943 1
-0.00019447 0.000272541 1
-1.02558e-05 -3.34921e-05 1
0.00026608 -4.05e-05 1
-0.000670569 0.000419613 1
0.000362912 7.01601e-05 1
0.00020808 -0.000127203 1
-1.92665e-06 -7.5301e-05 1
0.000142469 0.000162253 1
-0.000593595 0.000812634 1
9.47186e-05 0.000233851 1
0.000103619 8.63299e-05 1
-1.93541e-05 -2.56138e-05 1
0.000805203 0.000334915 1
0.000412138 0.000258724 1
0.000109505 0.00047763 1
-0.000224557 -4.61157e-05 1
0.000275328 0.000109562 1
0.000136136 0.000112866 1
0.000195725 -0.000286263 1
-5.99162e-05 -9.52689e-06 1
7.91734e-05 -0.000146674 1
0.000449524 -5.76706e-05 1
-0.000293568 -0.000458831 1
0.000120614 6.18042e-05 1
0.000374958 0.000120472 1
2.83788e-05 -4.7911e-06 1
1.38375e-05 1.58172e-05 1
9.66434e-05 -4.92421e-05 1
0.000710063 -0.000458267 1
-9.95782e-05 -0.000999674 1
0.00102725 9.23907e-05 0.999999
0.000755701 -0.000650801 1
0.000344052 0.000128965 1
0.000376861 4.37494e-05 1
6.29912e-05 2.70835e-05 1
2.88918e-05 0.000260673 1
7.88825e-05 5.82959e-05 1
-0.000237549 -0.000780405 1
0.000251625 -0.00042186 1
-0.000100675 -0.000362554 1
9.28127e-05 -0.000465309 1
0.000484532 0.000639434 1
6.93811e-05 1.53002e-05 1
6.95698e-05 1.51916e-05 1
6.4987e-05 -5.78115e-05 1
0.000320335 0.000162397 1
0.000248449 0.000195121 1
-0.000120138 -0.00036979 1
1.64025e-05 2.10593e-05 1
-9.18073e-06 -6.35261e-06 1
3.67926e-05 9.44391e-06 1
5.21397e-05 9.46499e-06 1
-0.000691047 0.000398963 1
-0.000351324 -0.000530647 1
0.000483367 0.000637996 1
0.000477154 0.000141379 1
0.000317632 -0.000820246 1
-0.000367691 -0.000538132 1
-0.00111962 -0.000524183 0.999999
-0.00043567 0.000450884 1
-0.000476829 0.000260922 1
0.000237804 -0.00027351 1
-0.000316845 -4.84762e-05 1
-0.000673542 -5.48035e-05 1
-3.66175e-06 0.000809369 1
4.67226e-06 -8.44586e-05 1
3.96832e-05 -8.37459e-05 1
0.000273635 0.000107623 1
-1.62372e-05 1.37315e-06 1
0.000263915 0.000445381 1
-0.000125532 -0.00049188 1
-8.20815e-05 -0.000136237 1
0.0010061 0.000449572 0.999999
0.000610817 6.67775e-05 1
0.000117637 0.000234986 1
-0.000893749 0.000600117 0.999999
-0.000226496 -5.44189e-05 1
-8.94297e-05 3.38295e-05 1
0.000172186 8.00002e-05 1
0.00433865 0.00920103 0.999948
2.31263e-05 5.89373e-05 1
-0.000896358 -0.000886003 0.999999
8.85204e-05 0.000120628 1
0.000595393 0.000398916 1
0.000122573 0.000209577 1
0.00094205 -0.00444554 0.99999
0.00016531 0.000380443 1
0.000179249 0.00092759 1
-0.00015631 -0.000491176 1
-0.000114009 -0.000276311 1
-0.000197173 0.000395038 1
-0.000116216 0.00026826 1
9.38117e-05 9.08425e-05 1
4.77327e-05 6.27688e-05 1
0.000254898 4.48412e-05 1
6.00397e-05 3.73249e-06 1
-0.000136157 -0.00036179 1
-5.29506e-05 -0.000180119 1
-0.000271898 -0.000179097 1
0.000337518 0.000149804 1
-0.000162455 0.000756284 1
0.00012886 0.000101689 1
-4.61047e-05 3.55614e-05 1
-0.000118991 3.76247e-05 1
-0.000273941 -0.00035867 1
-4.9295e-05 -0.000155163 1
-0.000376807 4.06632e-05 1
2.17822e-05 0.000191333 1
-0.00036929 0.000893383 1
-0.000558328 -1.94008e-05 1
0.000107875 -4.12417e-05 1
-0.000351067 -7.69825e-05 1
1.5314e-05 5.7059e-05 1
0.000167702 0.000188367 1
-0.000486713 0.000117909 1
0.00012071 8.60385e-05 1
0.000237272 0.000100986 1
0.000273323 0.000224027 1
0.000414224 0.000235201 1
0.000272298 6.26976e-05 1
-0.00372213 0.00406144 0.999985
0.000108321 4.60907e-05 1
0.000232884 0.000546984 1
0.000354272 0.000458844 1
-0.000171898 -0.000114469 1
1.15748e-05 -7.21131e-05 1
-0.000629881 0.000907156 0.999999
0.000400901 1.72187e-05 1
0.000360216 0.000434853 1
-0.00013729 5.90119e-05 1
-3.32765e-05 0.000823314 1
0.000263301 7.73359e-05 1
-0.00015479 6.51112e-05 1
0.000188795 -0.000212253 1
-4.51515e-06 -0.000140118 1
-0.000278078 0.0005366 1
9.90002e-05 0.000219557 1
-1.66151e-05 -0.000494371 1
-0.000332626 -0.000746834 1
-8.6352e-05 0.000158975 1
-0.00249258 0.00172826 0.999995
-0.000137179 -0.000395046 1
-0.00059025 0.00081191 1
0.000422633 -0.000495465 1
-3.37786e-05 2.12515e-06 1
-0.000145608 -0.000193993 1
-0.0001454 -0.000218129 1
-0.000189802 0.000887497 1
-0.000282543 -0.000399209 1
0.000104982 0.000225065 1
0.000779412 -6.52571e-05 1
4.439e-05 0.000296543 1
0.000469776 -0.000598589 1
-0.00018782 -0.000253538 1
-9.58763e-05 -0.000133393 1
0.000370489 0.000159726 1
-0.000244387 -0.000516731 1
0.000298408 0.000670375 1
-0.000729341 -0.000670841 1
-0.000148477 0.00088195 1
-0.000110885 0.000119725 1
0.000104305 9.0089e-06 1
-0.000366379 0.000507178 1
8.51711e-05 -0.000303903 1
0.000286799 0.000272523 1
0.000329718 0.000273436 1
-7.54067e-05 -0.000405244 1
0.000321413 8.73815e-05 1
0.00085117 0.000403632 1
0.000391658 -0.000588885 1
-0.000522381 -0.0005472 1
0.000904206 6.97218e-05 1
2.78985e-05 -1.93663e-05 1
-0.00010644 -3.1408e-05 1
0.000775584 -0.000530037 1
-0.000137614 -0.00053033 1
2.51871e-05 -1.5007e-05 1
0.000103182 -0.000169525 1
0.000165393 0.000248344 1
0.000506704 -0.000663927 1
0.000217859 -5.21499e-05 1
0.000255211 0.000412832 1
0.000282559 -0.000443827 1
0.000475649 -0.00085951 1
0.000915153 -5.91016e-05 1
0.000839037 -0.000293984 1
0.000311712 -5.48429e-06 1
0.000884256 -0.000524031 0.999999
-4.61056e-05 0.000203155 1
-0.00258027 0.0017422 0.999995
0.00014638 -6.95214e-05 1
0.000323488 0.000281127 1
1.96204e-05 1.71427e-05 1
0.000510157 0.000292039 1
-0.00053166 0.000342493 1
0.000214278 -0.000651778 1
-7.10284e-05 -0.000201239 1
-4.02917e-05 -0.000438774 1
0.000229517 0.000257585 1
0.000320478 -0.00015376 1
4.33974e-05 -0.000109634 1
0.000483455 0.000634499 1
0.000228624 -0.000165359 1
0.000328115 -1.54466e-05 1
-0.000537224 -8.49651e-06 1
-0.000479137 0.000684216 1
-8.91504e-05 0.000313185 1
-0.000120803 -0.000468618 1
0.000164849 0.000206512 1
-0.000338551 -0.000342656 1
-0.00112419 7.93787e-05 0.999999
-1.27129e-05 4.18786e-06 1
-0.000659683 -0.000129782 1
-0.000422589 1.36966e-05 1
5.10905e-05 1.83031e-05 1
0.000342952 0.00065561 1
6.48034e-06 -0.000149763 1
-0.000247086 -0.000473645 1
-3.07261e-06 -0.000141383 1
8.58177e-05 -0.000220644 1
-0.000328487 0.000227919 1
0.000107689 -3.51488e-05 1
0.000131725 2.60333e-05 1
0.000309422 -7.28112e-06 1
4.29121e-05 -6.73289e-05 1
1.31982e-05 -5.49175e-05 1
0.000124434 5.25586e-05 1
-0.000543955 -0.00061839 1
7.89851e-05 0.000120494 1
-0.000328764 0.000217596 1
0.000146639 0.000180645 1
-0.000669226 -0.000129655 1
1.10677e-05 -0.000330268 1
0.000114896 9.2984e-05 1
9.71388e-06 -5.2991e-05 1
7.20367e-05 9.61013e-05 1
-6.22067e-05 3.63069e-05 1
-9.17555e-05 0.000328645 1
-9.46388e-06 0.000202739 1
-2.70763e-05 8.30699e-05 1
0.000280966 0.000118067 1
-0.000293758 0.000201144 1
0.000109827 9.63602e-05 1
0.000263968 0.000647757 1
-0.00043611 -0.000438378 1
-9.55983e-06 0.000204486 1
-0.000212748 1.88083e-05 1
5.74363e-05 4.06082e-05 1
-4.24928e-05 0.000132403 1
0.000136707 8.42324e-05 1
-4.7615e-06 -1.46556e-05 1
0.000128325 -0.000474539 1
8.44876e-06 1.43598e-06 1
-9.38766e-05 0.000244428 1
0.000333624 0.000514749 1
0.000500335 0.000171578 1
-0.00063407 -2.83019e-05 1
0.000135956 7.54154e-05 1
-0.00105647 0.00454285 0.999989
5.33919e-05 -0.000119131 1
-8.93483e-05 -0.000415518 1
-0.00370824 0.00854943 0.999957
-3.70586e-05 0.000471422 1
-0.00377375 0.00386715 0.999985
0.000135835 7.63494e-05 1
0.000558959 0.000485215 1
0.000172316 -8.10759e-05 1
-0.00035772 0.000745144 1
0.000110466 -4.08422e-05 1
-0.000185994 -0.000305415 1
-0.000570195 -7.88978e-05 1
0.0002906 0.000138103 1
0.00034916 0.000210494 1
0.00015646 -0.00010666 1
0.000264349 0.000591796 1
-0.000192519 -4.38145e-05 1
0.000267818 0.000500927 1
0.000280257 0.000427347 1
-0.000611063 0.00074663 1
-0.000192501 -2.52906e-05 1
-0.000534959 0.000847704 1
0.000136579 8.44031e-05 1
-0.000218146 -0.000101735 1
0.000113394 0.000138531 1
-0.000177964 -0.000161968 1
-0.00111957 -0.000534202 0.999999
-0.000902335 -5.30507e-05 1
0.000791755 -0.000523934 1
0.0010119 1.12019e-05 0.999999
-0.000357937 0.00074475 1
-0.000343497 0.000182149 1
0.000899589 0.000119618 1
0.000128888 -0.000199665 1
-0.000307696 -8.98138e-05 1
-0.000204156 -0.000103014 1
7.89793e-05 7.07399e-05 1
8.3682e-05 1.08768e-05 1
0.000283289 0.000269033 1
4.63775e-05 3.11502e-05 1
0.000129609 2.60008e-05 1
0.000179029 -6.02527e-06 1
0.00032183 0.000269079 1
5.48906e-05 3.84997e-05 1
-0.000287726 5.62585e-06 1
5.87556e-05 1.32508e-05 1
0.000313773 -3.90552e-05 1
0.000249159 4.8091e-05 1
4.85843e-05 0.00014161 1
0.00037263 0.000118814 1
0.000382363 8.22412e-05 1
0.00045437 0.00012034 1
0.000112575 9.93248e-05 1
0.00317568 0.00225013 0.999992
0.000138821 0.000222438 1
-0.000639528 0.000249408 1
-0.000291318 -0.000384583 1
-0.000466666 -0.000834627 1
5.26232e-05 0.000129925 1
-0.000105354 -0.000124517 1
0.000382213 -0.00062271 1
0.000370405 0.000118118 1
-9.53964e-05 -2.1541e-05 1
-0.000114687 0.000863637 1
-0.000203223 5.62369e-05 1
0.000464301 0.000237399 1
3.79836e-05 2.18257e-05 1
0.000249526 0.00020182 1
0.000981046 0.00121499 0.999999
0.000364955 1.06725e-05 1
0.000344774 0.000102193 1
-0.000618225 -0.000502058 1
-0.000623951 -0.000152683 1
0.000353107 0.000632479 1
-0.000748961 9.47449e-05 1
-0.00010634 0.00014842 1
0.000122431 5.32227e-05 1
-0.000400024 -0.000560882 1
-0.000106147 0.000320086 1
0.000279089 0.000695439 1
-0.000615661 -0.00051875 1
-0.000385902 -0.00102104 0.999999
-0.000102015 -0.000994593 1
-0.000501258 -0.000671205 1
-0.000249407 0.000527956 1
-0.000561964 -0.000633239 1
-9.67829e-05 -0.000423616 1
-0.000118108 -0.000104166 1
0.000291285 0.000153254 1
-3.69049e-05 -0.000201809 1
-1.24756e-05 -5.48774e-05 1
-0.000765848 0.000146466 1
4.14373e-05 0.000135876 1
-0.00043888 -0.000446386 1
0.000139285 -6.07995e-05 1
-0.000608608 -0.000521525 1
0.000246099 6.23751e-05 1
-0.000111794 -6.69072e-05 1
-0.000526683 -0.000765228 1
0.000298453 0.000244708 1
0.000369706 0.000267173 1
0.000369426 8.73013e-06 1
-0.000380957 -0.000553155 1
0.000266017 0.000333612 1
0.000123252 0.000107657 1
0.000323479 -3.77355e-05 1
6.08474e-05 3.82354e-05 1
0.000121041 7.09201e-05 1
-0.000123599 -0.000297869 1
0.000189139 0.00073401 1
0.000470459 0.000319269 1
0.000150579 6.25081e-05 1
-8.59005e-06 -0.00013407 1
0.000163046 0.00072269 1
0.000140233 7.50815e-05 1
0.000120571 5.094e-05 1
-0.000249744 -5.57691e-05 1
-0.000123806 -0.000282821 1
-0.000643222 -0.000350233 1
1.65166e-05 0.000464734 1
0.000480461 0.000641352 1
-9.77502e-05 -0.00100165 1
0.000450018 -0.00107388 0.999999
0.000463584 0.000317456 1
9.45106e-05 -0.000589284 1
-8.94725e-06 -0.000336242 1
-0.000143027 0.000257356 1
-0.000101112 0.000128202 1
-0.000252609 0.000861159 1
-0.000499242 -0.000414291 1
-2.12151e-05 -4.79339e-05 1
3.57901e-05 0.000136803 1
0.000304262 0.000142009 1
-0.000706049 -0.000193394 1
0.000594437 -0.00033356 1
-0.000308472 0.00056059 1
0.000248117 -0.000364023 1
-0.000559672 -8.34342e-05 1
5.37428e-05 7.76113e-06 1
0.000283764 0.000140348 1
-3.44103e-05 5.29825e-05 1
5.49645e-05 3.78826e-05 1
-5.34303e-06 -0.000288271 1
-7.70982e-05 0.000175171 1
-0.000574069 6.04995e-06 1
0.000166833 0.000108409 1
-0.000102288 0.000149694 1
-0.000252859 0.000860727 1
0.000184356 -0.000119548 1
0.000133698 0.000117534 1
-0.000677494 0.000309158 1
1.61626e-05 5.62835e-05 1
-0.000214303 0.00142684 0.999999
0.000115471 -0.000209503 1
-9.4335e-05 0.000567855 1
-0.000199037 -0.000177665 1
-0.000519384 0.000387809 1
3.67065e-05 1.56226e-05 1
5.60361e-05 6.09795e-05 1
0.000384513 -0.000526842 1
5.49645e-05 3.78827e-05 1
-0.000105617 -0.000172317 1
-9.29566e-05 -0.000149655 1
-5.5838e-06 -0.000115775 1
0.000338627 0.000472757 1
0.000119964 5.00437e-05 1
0.000441549 0.000126832 1
0.000286579 0.000140579 1
0.000289984 0.000126418 1
-0.000531812 0.000722976 1
0.000538961 -0.000128243 1
0.000250944 4.14158e-05 1
-1.41388e-05 -0.000203406 1
2.43331e-05 1.92268e-05 1
3.61347e-05 -2.89865e-05 1
-0.000856834 0.000390582 1
0.00014407 8.04632e-05 1
1.99425e-05 -0.000219404 1
-0.000108356 5.20597e-05 1
3.75626e-05 1.9781e-05 1
0.000115236 -0.000209294 1
0.000317318 0.000131492 1
-7.97806e-05 0.000197167 1
0.000388513 -0.000653463 1
4.91684e-05 2.70432e-05 1
1.87734e-05 5.14329e-05 1
0.00011976 -0.000188616 1
-0.000113757 -9.91682e-05 1
3.95493e-05 2.9431e-05 1
-0.000146667 -0.000209045 1
0.000103723 -0.000261919 1
0.00014381 8.00988e-05 1
-0.000169609 -0.000100776 1
-0.000648165 0.000561959 1
0.000427066 0.000220169 1
0.000119629 4.95507e-05 1
5.78331e-05 0.000170023 1
0.000288573 0.000145397 1
0.000393117 7.28025e-05 1
-0.000414079 -5.31683e-05 1
0.000407621 0.000987457 0.999999
0.000317304 0.000128337 1
0.000150318 6.24302e-05 1
6.21363e-05 2.1872e-05 1
8.35981e-05 0.000109019 1
6.23607e-05 2.09226e-05 1
0.000121323 0.00010601 1
0.000110392 -5.48608e-05 1
-4.9657e-05 -0.000231207 1
-0.000538115 -6.80044e-05 1
0.000326168 -2.12146e-05 1
0.000177484 6.77789e-06 1
0.000302599 0.000145496 1
0.000851188 0.000403902 1
0.000122071 2.54316e-05 1
-0.000676827 0.00030849 1
-0.000572818 0.000286081 1
-0.000272997 -0.000179794 1
-0.000978672 -4.7958e-06 1
0.000147592 0.000856923 1
8.91459e-05 -4.76756e-05 1
-0.000576981 -6.68718e-05 1
9.26655e-05 0.000115063 1
0.0002091 -0.000138792 1
0.000181213 -9.05869e-05 1
-0.000655182 -4.90089e-05 1
0.000107601 0.000445266 1
-4.61848e-05 -0.000388894 1
-0.00016266 -0.000222216 1
-0.000107282 -9.21358e-05 1
0.000102494 4.76948e-05 1
-5.10253e-05 0.000179912 1
-0.000309013 -4.97245e-05 1
-0.000260945 -4.8149e-05 1
0.000668459 0.00139532 0.999999
0.000179893 1.15972e-05 1
-0.00130995 -0.00100074 0.999999
-0.000274188 -0.000488137 1
0.00014173 7.66065e-05 1
-0.000558786 0.000902259 0.999999
-8.32898e-06 2.42539e-05 1
-0.000250914 0.00029053 1
0.000390968 2.90556e-05 1
0.000352234 0.000106964 1
-6.69375e-06 2.34426e-05 1
3.61179e-05 1.95596e-05 1
-0.00043369 -0.000649875 1
0.000342026 0.000144501 1
0.00017156 -8.41022e-05 1
0.000286584 0.000123941 1
-0.00144836 0.00374559 0.999992
-0.000276283 -0.000120638 1
0.000155276 4.32961e-05 1
0.000195479 -1.17937e-06 1
-0.000212109 -0.00020104 1
5.27314e-05 3.70638e-05 1
-0.000847163 -0.000588763 0.999999
-0.00048571 0.000129684 1
7.51764e-05 3.98919e-05 1
4.03948e-05 2.4084e-05 1
-0.00010341 4.77879e-05 1
0.00030641 0.000124197 1
-9.31257e-05 2.10511e-05 1
0.00017891 3.04451e-05 1
0.000344553 0.00046162 1
8.4856e-05 -0.000406394 1
3.21936e-05 1.93859e-05 1
0.000251081 -0.00024924 1
0.000399114 -0.000511384 1
-0.000163435 0.000378104 1
-2.85082e-05 0.000376755 1
-0.000215817 0.000295762 1
0.000187888 -2.55699e-05 1
0.000218118 -0.000245203 1
0.000195636 -0.00102292 0.999999
2.28855e-05 -6.10512e-05 1
0.000101795 -0.000509475 1
9.40172e-05 -0.000676929 1
9.69624e-05 -0.000506239 1
0.000180249 0.000368109 1
0.000929724 -0.000234443 1
-0.000432521 0.000130597 1
0.000819061 0.000341733 1
0.000281636 0.000136217 1
0.000743668 0.000289066 1
0.000861532 -0.000218963 1
0.000132364 -0.000626002 1
0.000141382 -0.000642077 1
0.000398361 0.000353696 1
0.000554288 1.02791e-05 1
-0.000404702 -0.000462737 1
-6.63804e-05 -0.000483743 1
0.000795853 0.000725417 0.999999
0.000764216 0.000732822 0.999999
0.000225337 0.000729117 1
0.000310496 0.000724043 1
0.000831993 0.000403802 1
0.000829251 0.000408838 1
0.00059577 0.000635237 1
0.000605062 0.000637113 1
0.00067377 0.00101491 0.999999
0.000673875 0.00101419 0.999999
0.000749344 -5.87251e-05 1
0.000378647 0.000142696 1
0.000628836 0.000246985 1
0.00025604 0.000252312 1
0.00028819 -0.000130985 1
0.000317257 1.25934e-05 1
0.000322814 7.83771e-06 1
0.000102197 -3.139e-05 1
0.000223658 -3.21621e-05 1
0.000213732 -2.74644e-05 1
0.000129366 -1.05477e-05 1
8.62745e-05 -1.8079e-05 1
-5.0298e-05 0.000303567 1
9.50217e-06 0.000122065 1
3.5413e-05 -2.83734e-05 1
-0.000260112 -0.000102975 1
-0.000590729 0.000909168 0.999999
-3.80964e-05 0.000124047 1
-0.00041773 0.000111409 1
-0.000435354 0.000193291 1
0.000361371 -7.24402e-06 1
-0.000418384 0.000112439 1
-0.0006316 0.000476064 1
-0.000435931 0.000194149 1
-0.000212052 9.90593e-06 1
-0.000209091 0.000869376 1
9.71302e-05 -0.00029845 1
-0.000396005 0.000584385 1
-0.000395838 0.00058477 1
-0.000197357 -0.000146086 1
-0.000403972 0.000711952 1
0.000308649 2.24703e-05 1
0.000481778 -0.000238211 1
-0.000281246 -0.000476898 1
8.64241e-05 0.000208789 1
0.000420826 0.000215948 1
3.84654e-05 2.54766e-05 1
-0.000108869 0.000429504 1
2.39799e-05 0.000163108 1
0.000537758 0.00036717 1
0.000313132 0.000134517 1
0.000665669 0.00024346 1
0.000393504 0.000573848 1
-0.000104994 0.00043493 1
0.000109903 0.000477864 1
0.000339125 0.000100065 1
0.000118782 0.000529587 1
0.000302989 0.000693494 1
-3.77246e-05 4.31548e-05 1
0.000116072 -0.000103864 1
-0.00037087 0.000168659 1
0.000402771 6.0196e-05 1
0.000471744 -0.000209397 1
1.60839e-05 0.000469196 1
-0.000907454 -0.000468736 0.999999
-0.000321892 5.19094e-05 1
-0.0011179 -0.00052687 0.999999
-0.000135819 0.000838993 1
5.16341e-05 -2.78346e-05 1
0.000477229 -0.000205003 1
6.4288e-05 1.31039e-05 1
0.000117726 0.000271627 1
0.000137627 0.000228808 1
0.000214852 0.000182662 1
0.00030344 0.000234036 1
0.000223132 0.000204525 1
0.000225338 0.000729135 1
-0.000576032 0.00113443 0.999999
-0.000568856 -1.99742e-05 1
0.000412428 0.000640445 1
0.000478563 0.00063743 1
4.05093e-05 0.000184893 1
0.00023706 0.000259946 1
0.000306768 0.000304378 1
-0.000108018 0.000425441 1
0.000366111 0.000609581 1
0.0001566 0.000199592 1
0.000679887 -7.00478e-05 1
0.000365925 0.000642435 1
-8.15697e-05 0.000548679 1
-0.000274626 0.000646184 1
-6.2271e-05 0.000149237 1
-8.1621e-05 0.000550392 1
-6.29888e-05 0.00012098 1
-4.92441e-05 -0.000463315 1
-0.0004038 0.000711702 1
0.000325126 0.000722682 1
0.000959511 0.000324831 0.999999
-0.000404113 0.00110659 0.999999
5.86542e-05 -2.30712e-05 1
0.000147592 0.000856923 1
-0.000328807 6.19086e-05 1
-0.000570981 0.000299193 1
2.94459e-05 0.000199796 1
-7.88563e-05 -7.09011e-05 1
4.6357e-05 0.000128596 1
-0.000556841 0.000161213 1
-0.000635574 0.000618231 1
-0.000557496 0.000161831 1
-9.53823e-05 8.46909e-05 1
0.000303682 0.000148845 1
0.00014003 0.000115489 1
1.11485e-05 2.32447e-05 1
0.000376733 8.78973e-05 1
0.000160734 -0.00097217 1
-0.000180983 -0.00071486 1
0.000327413 4.71476e-05 1
-0.000280997 -0.000594896 1
-1.80523e-05 -0.00045825 1
-0.000291196 -0.000573257 1
-5.95894e-05 -0.000389207 1
-0.000416267 -6.05705e-06 1
-0.000174647 -0.000331318 1
0.000114904 0.000107816 1
-6.69263e-06 0.000157358 1
0.000109332 0.000181268 1
4.33912e-05 0.000259328 1
-5.06242e-05 0.000303642 1
-1.72459e-05 0.000202494 1
8.72408e-05 0.000203762 1
0.000115408 0.000238378 1
8.69934e-05 0.000208959 1
3.81964e-06 0.000258108 1
8.70188e-05 0.00020762 1
0.000134391 0.000231032 1
0.000138589 0.000200142 1
0.000250865 0.000215526 1
0.000149095 0.000133744 1
-0.00105647 0.00454285 0.999989
-0.00365818 0.00399609 0.999985
8.31015e-05 0.000182606 1
6.69039e-05 0.000401558 1
0.000335485 0.0030783 0.999995
-0.00358154 0.00391495 0.999986
0.000107771 0.000211696 1
9.00093e-05 0.000203739 1
0.000346465 0.000134661 1
0.000340982 0.000138758 1
0.000344534 0.000101294 1
SCALARS fiber_stretch float
LOOKUP_TABLE default
0.992438
0.992387
0.99206
0.987863
0.992447
0.986037
0.99147
0.992353
0.986459
0.989021
0.99243
0.98818
0.98889
0.987251
0.986351
0.987785
0.992118
0.987331
0.9922
0.986039
0.988744
0.988073
0.989263
0.992396
0.985943
0.985936
0.987763
0.992453
0.992064
0.988013
0.988926
0.992363
0.986075
0.992413
0.986275
0.992357
0.986931
0.992227
0.992235
0.989503
0.988612
0.986264
0.991723
0.986131
0.986287
0.98891
0.987936
0.986168
0.986431
0.991965
0.991709
0.98724
0.991796
0.991291
0.989904
0.985985
0.98873
0.989746
0.988666
0.992452
0.99232
0.991219
0.987355
0.992041
0.991812
0.987726
0.990136
0.990129
0.991999
0.985506
0.991528
0.992406
0.988037
0.990761
0.991719
0.985346
0.992344
0.990749
0.988314
0.987084
0.987507
0.991733
0.992346
0.992177
0.987445
0.991639
0.987913
0.992222
0.992279
0.989839
0.98786
0.988942
0.992285
0.991732
0.992385
0.991328
0.992293
0.992178
0.991317
0.991097
0.992209
0.992251
0.987266
0.992184
0.98663
0.989294
0.992356
0.989064
0.991875
0.992327
0.991388
0.987989
0.988022
0.99243
0.992037
0.99219
0.992343
0.99224
0.991645
0.99155
0.992474
0.990597
0.989547
0.986195
0.992062
0.986426
0.988066
0.992371
0.992522
0.987624
0.992544
0.986151
0.992465
0.986405
0.992365
0.99237
0.986452
0.991489
0.98983
0.990416
0.989039
0.99246
0.99246
0.989587
0.988956
0.98841
0.992399
0.989797
0.989592
0.99168
0.98662
0.989775
0.992361
0.986575
0.991873
0.991891
0.98711
0.986452
0.987926
0.99143
0.991493
0.991549
0.987808
0.989544
0.989537
0.990816
0.992474
0.991991
0.987102
0.987888
0.991293
0.992502
0.991894
0.992468
0.987465
0.991262
0.991494
0.992079
0.990514
0.990545
0.991534
0.986423
0.98902
0.98699
0.991806
0.992127
0.991268
0.987701
0.991106
0.990099
0.990156
0.992105
0.988075
0.989169
0.991593
0.989889
0.991296
0.991589
0.991899
0.989971
0.990816
0.992017
0.988343
0.991403
0.992146
0.986995
0.986528
0.991878
0.991533
0.991041
0.990607
0.985974
0.991055
0.990169
0.99205
0.992215
0.992235
0.99189
0.986679
0.992067
0.992273
0.989758
0.990936
0.992028
0.989898
0.992446
0.987624
0.991931
0.992364
0.986116
0.989506
0.989597
0.991209
0.992284
0.99243
0.988378
0.990373
0.990193
0.992555
0.992563
0.991958
0.992373
0.991297
0.990181
0.991114
0.991199
0.991874
0.992181
0.992513
0.992332
0.990131
0.991299
0.992403
0.991104
0.990405
0.987933
0.990181
0.990921
0.98969
0.987438
0.990397
0.990136
0.992044
0.99228
0.987305
0.991486
0.98969
0.98923
0.990755
0.990973
0.988626
0.990975
0.991829
0.99196
0.988436
0.991862
0.991114
0.99199
0.990607
0.992044
0.986897
0.99203
0.988838
0.986454
0.986483
0.988813
0.989023
0.988022
0.988815
0.985856
0.985795
0.992323
0.98969
0.989419
0.988481
0.988431
0.989023
0.989292
0.98578
0.985713
0.989344
0.987397
0.989288
0.987397
0.992411
0.992322
0.985802
0.9858
0.988422
0.988409
0.987061
0.987175
0.986667
0.986484
0.988649
0.986739
0.992557
0.986443
0.992247
0.987098
0.98708
0.990839
0.987039
0.988581
0.987127
0.987221
0.987736
0.987922
0.988417
0.992212
0.988724
0.987222
0.987067
0.992231
0.990728
0.992206
0.988443
0.987961
0.988476
0.992129
0.990707
0.992167
0.988595
0.988879
0.988581
0.99166
0.986646
0.989
0.992214
0.989287
0.989318
0.988581
0.988578
0.989661
0.989191
0.988096
0.988927
0.988864
0.989274
0.990729
0.992164
0.989273
0.99203
0.990855
0.988933
0.989753
0.989583
0.987679
0.987255
0.987322
0.989752
0.987033
0.989436
0.989437
0.990214
0.990213
0.992175
0.990402
0.987649
0.989904
0.9867
0.986382
0.989988
0.989985
0.990292
0.989534
0.990287
0.990577
0.989775
0.990816
0.990687
0.986825
0.992206
0.991909
0.990551
0.992227
0.990682
0.990551
0.991906
0.989033
0.989277
0.986416
0.990567
0.991773
0.991873
0.99098
0.991066
0.991925
0.991065
0.990807
0.991112
0.991113
0.992475
0.989329
0.990754
0.99118
0.991181
0.986686
0.988411
0.991169
0.988213
0.989279
0.991171
0.990162
0.991666
0.988922
0.992281
0.99117
0.991517
0.991335
0.991336
0.991205
0.991514
0.991423
0.988155
0.988579
0.991403
0.991404
0.991752
0.991748
0.99217
0.991532
0.991511
0.991661
0.991729
0.987309
0.991369
0.992389
0.992023
0.991817
0.992174
0.992472
0.99181
0.991814
0.991937
0.991811
0.991895
0.991952
0.991859
0.991106
0.992381
0.986525
0.99247
0.986938
0.99255
0.986965
0.986607
0.992129
0.992398
0.992576
0.992535
0.991934
0.992087
0.991845
0.992177
0.992085
0.992266
0.992266
0.992261
0.992331
0.992327
0.992223
0.992425
0.992203
0.992408
0.992206
0.992304
0.992308
0.989171
0.992394
0.992378
0.992364
0.992474
0.992427
0.992175
0.992318
0.992336
0.992365
0.992409
0.992409
0.992263
0.992351
0.992427
0.992432
0.992272
0.99227
0.992417
0.992358
0.992172
0.992281
0.992475
0.992362
0.992386
0.992367
0.992344
0.992339
0.992339
0.992168
0.992171
0.992122
0.991603
0.987848
0.992148
0.992194
0.992407
0.99224
0.992273
0.988971
0.992131
0.992309
0.991323
0.987549
0.991376
0.991856
0.992212
0.992027
0.990641
0.991648
0.991641
0.991801
0.991782
0.992053
0.989092
0.99192
0.991919
0.991281
0.991146
0.991546
0.991547
0.991146
0.991286
0.991081
0.991081
0.991281
0.991281
0.991938
0.991938
0.991473
0.991473
0.991141
0.991141
0.991283
0.991292
0.989006
0.989061
0.986004
0.985876
0.984546
0.984599
0.988629
0.988646
0.98756
0.986456
0.986558
0.98756
0.986475
0.98617
0.986177
0.99009
0.989018
0.987831
0.987787
0.986734
0.992326
0.986803
0.98678
0.987415
0.987398
0.992213
0.992192
0.991861
0.987129
0.987669
0.992399
0.992079
0.992435
0.992421
0.987843
0.987895
0.991717
0.992358
0.992421
0.989135
0.992285
0.992312
0.988351
0.988765
0.992364
0.991919
0.988696
0.988952
0.98826
0.992423
0.988
0.991426
0.991239
0.99218
0.991943
0.991915
0.992273
0.989223
0.986913
0.991947
0.991933
0.990241
0.991286
0.990274
0.990271
0.992249
0.991915
0.992176
0.992187
0.99237
0.989126
0.990457
0.992249
0.989718
0.990882
0.986643
0.989774
0.990391
0.991495
0.992232
0.986422
0.986958
0.986692
0.986375
0.989601
0.987091
0.987093
0.992191
0.986964
0.992468
0.9896
0.991881
0.991988
0.986547
0.992177
0.992178
0.992404
0.991701
0.991699
0.986994
0.992223
0.992384
0.992192
0.99201
0.99201
0.986997
0.992081
0.99091
0.992273
0.9897
0.992369
0.992343
0.99193
0.989392
0.992331
0.99226
0.992121
0.989745
0.991233
0.992147
0.99233
0.992269
0.99226
0.992049
0.992044
0.992234
0.992223
0.992078
0.992036
0.99201
0.991146
0.986997
0.992016
0.992019
0.991302
0.991041
0.991787
0.991041
0.991382
0.991296
0.991715
0.991716
0.991257
0.991042
0.99009
0.987463
0.991777
0.9903
0.987189
0.987196
0.987803
0.989658
0.985865
0.988649
0.988661
0.992257
0.990747
0.989724
0.989736
0.98744
0.9916
0.989195
0.989207
0.989437
0.989068
0.992281
0.99172
0.992003
0.992268
0.991991
0.991892
0.989773
0.992081
0.99193
0.991957
0.992051
0.992177
0.992263
0.992038
0.991763
0.991869
0.987003
0.992001
0.991999
0.99122
0.991042
0.987455
0.986275
0.99009
0.987244
0.987256
0.987523
0.987749
0.988252
0.988235
0.988294
0.988944
0.989295
0.991777
0.990342
0.989939
0.990603
0.990723
0.990193
0.990947
0.987341
0.991876
0.988309
0.98906
0.991747
0.989145
0.992016
0.992082
0.992114
0.992033
0.992076
0.992178
0.986594
0.991949
0.991948
0.992115
0.991221
0.991222
0.991117
0.988265
0.988304
0.987532
0.985737
0.98576
0.986275
0.987511
0.9882
0.988148
0.988276
0.989254
0.988493
0.988844
0.988998
0.991764
0.989778
0.989794
0.989991
0.990193
0.991992
0.986805
0.990736
0.990959
0.991162
0.991161
0.991177
0.991366
0.991481
0.991393
0.991748
0.992083
0.991948
0.991944
0.992067
0.992116
0.992084
0.992076
0.992177
0.992163
0.992225
0.992358
0.991791
0.986894
0.988202
0.991859
0.991117
0.991718
0.991705
0.991473
0.991471
0.986181
0.992362
0.990305
0.989294
0.990367
0.987519
0.987916
0.987961
0.990908
0.98827
0.992261
0.989291
0.989257
0.986412
0.989904
0.990413
0.992262
0.990156
0.989077
0.989414
0.991081
0.991259
0.986451
0.992221
0.992239
0.992056
0.986371
0.992136
0.992124
0.992127
0.992299
0.992378
0.990087
0.992385
0.992374
0.99186
0.991997
0.986267
0.988945
0.987559
0.98648
0.988765
0.988405
0.988825
0.991284
0.989716
0.990289
0.991069
0.992272
0.99106
0.991188
0.987158
0.992547
0.992302
0.992366
0.991301
0.992397
0.992283
0.991788
0.991689
0.991381
0.991489
0.992572
0.991177
0.987901
0.98612
0.989456
0.98616
0.989456
0.991869
0.987371
0.991875
0.986868
0.987507
0.991302
0.988241
0.991405
0.988141
0.992252
0.992253
0.988439
0.988558
0.992255
0.98927
0.99241
0.988898
0.989485
0.989531
0.989494
0.989701
0.990375
0.990333
0.990375
0.99
0.990564
0.990333
0.991012
0.991009
0.991204
0.991562
0.991568
0.991407
0.991178
0.991644
0.991661
0.991688
0.99166
0.991811
0.99248
0.991687
0.992142
0.991997
0.992184
0.992208
0.992061
0.992106
0.992222
0.992074
0.992321
0.992394
0.992423
0.99217
0.992175
0.992376
0.992352
0.987025
0.990254
0.991163
0.991163
0.992429
0.991237
0.992369
0.989154
0.987309
0.986865
0.98711
0.987045
0.989419
0.991405
0.986624
0.99034
0.991588
0.991933
0.988934
0.991365
0.9904
0.990347
0.987963
0.992285
0.986225
0.99124
0.991281
0.9903
0.986327
0.991177
0.986511
0.987668
0.990422
0.987447
0.987127
0.992479
0.990819
0.990424
0.992256
0.987288
0.99255
0.988558
0.987137
0.990942
0.990921
0.990689
0.987901
0.990713
0.988172
0.986589
0.986497
0.992227
0.992217
0.987336
0.987574
0.989034
0.987715
0.991088
0.989052
0.991832
0.988214
0.987311
0.989522
0.990126
0.991149
0.991637
0.991616
0.992215
0.99225
0.992537
0.992264
0.992583
0.992571
0.991154
0.992266
0.992568
0.988
0.992468
0.992534
0.992548
0.988244
0.992534
0.991076
0.989049
0.99257
0.990851
0.987464
0.988187
0.990734
0.992433
0.989456
0.992085
0.989547
0.992341
0.992347
0.9915
0.992556
0.992424
0.989506
0.986223
0.992313
0.990399
0.992393
0.989519
0.992247
0.992244
0.99222
0.991929
0.99184
0.991922
0.99231
0.98702
0.989634
0.99242
0.992376
0.989255
0.992251
0.990059
0.986876
0.992535
0.988055
0.98934
0.985861
0.989135
0.992457
0.985845
0.989028
0.989522
0.991234
0.989208
0.990751
0.986806
0.986874
0.991761
0.987417
0.99187
0.987036
0.989112
0.986172
0.992123
0.992561
0.989835
0.987131
0.988793
0.987435
0.989644
0.98912
0.989096
0.988789
0.988149
0.989803
0.988514
0.991678
0.991508
0.988306
0.98778
0.989356
0.991298
0.991226
0.991224
0.991427
0.991351
0.991452
0.991298
0.986552
0.990453
0.988157
0.991462
0.987719
0.988443
0.991268
0.988188
0.991375
0.990123
0.990252
0.992246
0.991873
0.990328
0.990451
0.991278
0.991702
0.991689
0.990559
0.991249
0.990749
0.992284
0.992457
0.992477
0.991654
0.991286
0.992358
0.992172
0.992454
0.992119
0.991479
0.991691
0.990973
0.992023
0.986983
0.991615
0.989214
0.990714
0.99075
0.991458
0.992166
0.991255
0.991529
0.992225
0.991695
0.99221
0.992023
0.991624
0.992281
0.990045
0.992275
0.988122
0.99223
0.99109
0.992285
0.992477
0.991895
0.992298
0.992274
0.988944
0.992167
0.992231
0.989945
0.991697
0.991662
0.991467
0.991471
0.992478
0.988579
0.99129
0.992447
0.99141
0.991236
0.992044
0.99237
0.992539
0.992415
0.99248
0.992463
0.99191
0.991871
0.991418
0.992173
0.992408
0.991358
0.991684
0.991661
0.992408
0.99233
0.992462
0.992168
0.992574
0.992554
0.992391
0.988388
0.98802
0.992479
0.99237
0.992285
0.98875
0.989234
0.987961
0.988909
0.987478
0.988945
0.988461
0.988614
0.986067
0.987547
0.986854
0.98693
0.992336
0.988934
0.992054
0.991957
0.991875
0.990812
0.99223
0.98604
0.988232
0.992187
0.987058
0.992283
0.991949
0.992052
0.98725
0.99228
0.992536
0.992289
0.992255
0.987148
0.987066
0.992502
0.992462
0.992375
0.992259
0.992395
0.988244
0.986796
0.99193
0.990221
0.986776
0.991449
0.991238
0.989064
0.992013
0.990223
0.991055
0.988871
0.991163
0.98898
0.98625
0.988787
0.989181
0.987479
0.988885
0.9896
0.992109
0.989555
0.986942
0.992422
0.992208
0.992198
0.988556
0.99157
0.991889
0.992216
0.989957
0.990545
0.988425
0.989504
0.989253
0.986808
0.990542
0.989724
0.988056
0.985978
0.992233
0.990807
0.989218
0.990564
0.990684
0.989828
0.988923
0.990878
0.987143
0.992381
0.988768
0.987009
0.989773
0.992381
0.99237
0.991209
0.992017
0.991698
0.991567
0.991396
0.991515
0.991646
0.99157
0.989209
0.989773
0.991444
0.992051
0.988564
0.989103
0.991644
0.992491
0.99173
0.991772
0.992184
0.992188
0.992028
0.988705
0.99191
0.992172
0.987087
0.991308
0.992492
0.992266
0.992262
0.988366
0.991845
0.992177
0.992029
0.985959
0.992263
0.992313
0.992317
0.992404
0.992301
0.991426
0.992526
0.989369
0.987536
0.991486
0.992312
0.991908
0.992331
0.992353
0.992433
0.992358
0.99235
0.992555
0.992348
0.992422
0.989712
0.992138
0.992365
0.992259
0.987197
0.986071
0.992353
0.992288
0.992087
0.992503
0.990064
0.9915
0.992046
0.992053
0.992277
0.99202
0.987168
0.98662
0.992442
0.988569
0.988842
0.992374
0.989419
0.992313
0.987812
0.992383
0.992322
0.992317
0.991791
0.990956
0.986744
0.98705
0.987794
0.986985
0.985293
0.986959
0.992292
0.989148
0.986732
0.990295
0.990753
0.991868
0.986784
0.987368
0.987146
0.992258
0.991485
0.992376
0.98723
0.992283
0.991991
0.992024
0.991945
0.992102
0.986226
0.992417
0.989624
0.991996
0.989052
0.988244
0.991921
0.990198
0.992295
0.990233
0.992476
0.992272
0.991939
0.992381
0.989764
0.992385
0.991881
0.987129
0.991947
0.990175
0.992212
0.986843
0.992527
0.992485
0.992034
0.992248
0.991881
0.991507
0.992178
0.99188
0.99249
0.989433
0.99213
0.991417
0.989109
0.992141
0.992469
0.992113
0.992127
0.991488
0.992037
0.992327
0.992335
0.987811
0.99225
0.992426
0.987705
0.992558
0.992244
0.992207
0.992572
0.986443
0.986598
0.992328
0.992236
0.992244
0.992129
0.991887
0.992282
0.992362
0.99176
0.992464
0.987499
0.991956
0.991906
0.99178
0.986672
0.990928
0.986603
0.987978
0.986925
0.991957
0.988613
0.987461
0.989052
0.987943
0.990128
0.99252
0.991502
0.991195
0.989308
0.989806
0.992234
0.989022
0.989206
0.989011
0.988485
0.992374
0.992523
0.992294
0.992282
0.992242
0.986467
0.991968
0.991874
0.987514
0.991959
0.986832
0.987225
0.988015
0.988905
0.987436
0.992368
0.990215
0.991921
0.991344
0.992307
0.99249
0.991177
0.991303
0.991417
0.992352
0.988412
0.992168
0.986178
0.985808
0.992167
0.986898
0.988654
0.99125
0.988023
0.992195
0.990142
0.992411
0.99074
0.988219
0.992127
0.99074
0.990811
0.992205
0.991102
0.991214
0.991543
0.991388
0.991862
0.991819
0.992243
0.992272
0.992535
0.992325
0.991997
0.992168
0.987312
0.991415
0.99125
0.991292
0.98763
0.992479
0.992302
0.991177
0.99226
0.987571
0.992104
0.986187
0.989694
0.992249
0.990556
0.991925
0.990596
0.991366
0.991919
0.99136
0.985748
0.992449
0.991145
0.988046
0.992136
0.992349
0.992369
0.991033
0.992448
0.992448
0.987029
0.992356
0.992459
0.992208
0.989081
0.992357
0.992391
0.992399
0.992381
0.991861
0.992528
0.991486
0.992521
0.992307
0.992323
0.992338
0.992287
0.989211
0.987478
0.987249
0.992539
0.990945
0.992198
0.992135
0.992373
0.988093
0.989164
0.989518
0.991044
0.989531
0.989271
0.989501
0.990296
0.990444
0.990296
0.99033
0.990717
0.990444
0.991258
0.991485
0.991565
0.991945
0.988915
0.989983
0.991832
0.98976
0.99226
0.992559
0.992207
0.992437
0.992492
0.992264
0.98888
0.992177
0.992407
0.988946
0.99075
0.991247
0.986427
0.98909
0.992326
0.992158
0.992224
0.992216
0.989338
0.988294
0.988959
0.992292
0.992375
0.989025
0.986164
0.992539
0.991897
0.989042
0.989069
0.990911
0.988472
0.991832
0.986452
0.991366
0.989901
0.992365
0.989238
0.989501
0.992022
0.992348
0.992507
0.988318
0.992332
0.992459
0.992316
0.988229
0.986568
0.990824
0.987924
0.98769
0.992471
0.992032
0.988332
0.990454
0.992275
0.989464
0.992315
0.987929
0.987219
0.99164
0.992031
0.99255
0.992332
0.988727
0.988554
0.992111
0.991989
0.992242
0.992223
0.988884
0.991929
0.987152
0.992092
0.992348
0.992421
0.992097
0.99238
0.992327
0.986845
0.992388
0.988994
0.991669
0.989334
0.989536
0.988359
0.989689
0.989383
0.992398
0.992141
0.988296
0.988346
0.992344
0.988273
0.992455
0.989383
0.992488
0.992089
0.991884
0.992449
0.991972
0.992145
0.99228
0.992321
0.992376
0.992423
0.988125
0.991074
0.987859
0.98866
0.991954
0.991384
0.989018
0.992002
0.991757
0.986736
0.991804
0.992147
0.988454
0.989101
0.991937
0.992456
0.988705
0.992232
0.992269
0.991603
0.992238
0.992256
0.991865
0.986454
0.992236
0.992164
0.992529
0.992543
0.987542
0.992516
0.988229
0.989565
0.991672
0.988801
0.992506
0.986645
0.987694
0.988803
0.992466
0.992132
0.991891
0.986856
0.989621
0.992172
0.988346
0.992081
0.991765
0.987344
0.992516
0.991983
0.992302
0.99176
0.992431
0.987071
0.99251
0.991949
0.988474
0.988537
0.992464
0.992453
0.987019
0.99195
0.992515
0.991493
0.991689
0.991935
0.992364
0.991972
0.991649
0.992316
0.990092
0.992173
0.992192
0.992423
0.991911
0.990951
0.992247
0.992445
0.992427
0.988402
0.988441
0.990422
0.989717
0.992376
0.99256
0.991262
0.992465
0.991665
0.989555
0.987958
0.992363
0.992227
0.992312
0.992365
0.992244
0.990077
0.990419
0.990836
0.990683
0.992235
0.992153
0.992469
0.992221
0.992364
0.99057
0.991433
0.989127
0.991831
0.991395
0.992537
0.992537
0.992467
0.992135
0.992134
0.989034
0.992427
0.992444
0.992444
0.992491
0.990103
0.986635
0.991399
0.991966
0.985887
0.987607
0.991258
0.991604
0.991847
0.986791
0.988879
0.986974
0.99097
0.99158
0.991554
0.992226
0.992472
0.989441
0.986333
0.991316
0.99069
0.988648
0.992209
0.990641
0.988517
0.992101
0.992436
0.987531
0.9924
0.988047
0.992516
0.991401
0.992153
0.989804
0.986467
0.986097
0.986351
0.987809
0.987402
0.986732
0.992391
0.992488
0.991949
0.992512
0.98721
0.992266
0.986578
0.992177
0.989771
0.992532
0.992115
0.992321
0.988852
0.988939
0.989708
0.992272
0.986387
0.986941
0.992288
0.988409
0.992372
0.992461
0.991909
0.992323
0.992539
0.992095
0.989961
0.992378
0.989135
0.992524
0.989541
0.986873
0.98703
0.991599
0.990587
0.99216
0.986906
0.992396
0.989733
0.992251
0.987319
0.987197
0.992371
0.989544
0.992245
0.986268
0.987018
0.987559
0.986882
0.992023
0.99095
0.991203
0.992571
0.987784
0.987057
0.990824
0.985888
0.99226
0.991277
0.989351
0.991167
0.986494
0.987734
0.988343
0.991839
0.989666
0.990959
0.990871
0.988492
0.992411
0.989597
0.988572
0.992063
0.992022
0.988148
0.988506
0.990452
0.987073
0.986688
0.990139
0.99214
0.992489
0.9903
0.989246
0.992139
0.989059
0.992209
0.990094
0.988801
0.989627
0.988554
0.991069
0.991199
0.990722
0.992193
0.990851
0.991952
0.986895
0.988617
0.989548
0.992577
0.989562
0.990196
0.991638
0.992466
0.991946
0.991782
0.99205
0.992403
0.991386
0.992152
0.992194
0.991719
0.986322
0.986723
0.986377
0.991786
0.987128
0.991421
0.992477
0.989325
0.989249
0.992531
0.991311
0.992354
0.987774
0.992369
0.989039
0.986878
0.992465
0.992529
0.992189
0.992401
0.992424
0.992362
0.990804
0.992559
0.98689
0.992139
0.989357
0.987883
0.992554
0.992415
0.992348
0.992101
0.986707
0.992252
0.99244
0.992201
0.992183
0.992453
0.989636
0.991825
0.992253
0.987519
0.992499
0.992085
0.992394
0.992493
0.986782
0.992487
0.986667
0.990445
0.991982
0.987459
0.992346
0.989177
0.992417
0.992173
0.986982
0.986847
0.989176
0.992347
0.990251
0.989027
0.991174
0.992466
0.990948
0.989534
0.992278
0.992124
0.98903
0.989587
0.988551
0.989517
0.989462
0.986396
0.987738
0.986225
0.992392
0.991431
0.992341
0.987392
0.991255
0.990917
0.990309
0.990001
0.991174
0.986542
0.990148
0.989261
0.989781
0.992384
0.986469
0.992399
0.992065
0.992565
0.992457
0.992315
0.992028
0.992472
0.986627
0.992534
0.992228
0.991913
0.992274
0.992234
0.992163
0.991784
0.992552
0.987744
0.992184
0.986916
0.990843
0.988164
0.992573
0.991363
0.991265
0.992266
0.992381
0.990894
0.988517
0.991959
0.992544
0.992105
0.986649
0.992118
0.992287
0.990185
0.991277
0.990842
0.991123
0.989738
0.992356
0.988025
0.992046
0.990935
0.990166
0.990746
0.990423
0.990813
0.99041
0.99152
0.988418
0.992382
0.992238
0.992323
0.992493
0.989916
0.992334
0.991818
0.98892
0.990177
0.988975
0.992499
0.989813
0.989613
0.98935
0.992107
0.987833
0.989357
0.99257
0.992249
0.992576
0.992399
0.988004
0.990912
0.989712
0.99247
0.991489
0.990825
0.992459
0.992345
0.986707
0.988741
0.989931
0.990345
0.991397
0.990412
0.991259
0.989531
0.991735
0.992042
0.992059
0.992186
0.991073
0.991886
0.992441
0.992383
0.992248
0.989905
0.986112
0.9904
0.991494
0.989456
0.992514
0.99226
0.992296
0.992462
0.987443
0.989726
0.99174
0.991935
0.989042
0.991073
0.988726
0.992546
0.989877
0.992384
0.986149
0.989207
0.989776
0.987622
0.986232
0.992557
0.992392
0.987049
0.992462
0.988046
0.98787
0.991518
0.991855
0.992348
0.991769
0.992244
0.992235
0.986764
0.986213
0.991904
0.987334
0.992563
0.992488
0.991263
0.992452
0.987475
0.992075
0.992549
0.989206
0.992181
0.989418
0.991523
0.992538
0.992238
0.989241
0.992386
0.992529
0.987796
0.989119
0.992452
0.992419
0.991428
0.991869
0.99235
0.992304
0.992265
0.991754
0.98703
0.986244
0.992224
0.992472
0.992497
0.992514
0.992524
0.992573
0.992283
0.991829
0.986913
0.992184
0.992318
0.992255
0.990448
0.992429
0.989879
0.991948
0.986575
0.99081
0.991106
0.992283
0.987229
0.992507
0.988731
0.988678
0.986974
0.990232
0.98699
0.986871
0.992387
0.99252
0.989087
0.986823
0.986729
0.985479
0.992402
0.986611
0.987737
0.992453
0.987294
0.988611
0.986465
0.992123
0.992208
0.988611
0.992584
0.990744
0.988384
0.988642
0.99229
0.987074
0.987236
0.992039
0.992002
0.991086
0.992456
0.98657
0.991922
0.992567
0.992512
0.992464
0.992232
0.992339
0.992411
0.986876
0.987087
0.992549
0.987279
0.98701
0.986417
0.986568
0.98674
0.987045
0.987302
0.988296
0.98682
0.987854
0.987978
0.987887
0.987483
0.988046
0.9853
0.988331
0.98852
0.988346
0.988179
0.988221
0.988219
0.988584
0.988639
0.987907
0.988602
0.990222
0.990233
0.990015
0.989709
0.990463
0.990463
0.990839
0.990823
0.990692
0.990692
0.991304
0.991578
0.991502
0.991756
0.992103
0.99203
0.992003
0.992327
0.992146
0.992183
0.992448
0.99231
0.992154
0.992213
0.992487
0.989125
0.990581
0.988373
0.989193
0.989474
0.991962
0.989196
0.988077
0.989477
0.98771
0.990848
0.986905
0.989873
0.98987
0.987552
0.990087
0.992196
0.991491
0.987959
0.992217
0.988476
0.992522
0.991793
0.992452
0.988441
0.992264
0.991451
0.991099
0.991782
0.990423
0.992219
0.990512
0.989645
0.987641
0.98718
0.98944
0.99208
0.991357
0.990376
0.991075
0.98936
0.991255
0.990837
0.992344
0.991362
0.992518
0.992301
0.992206
0.99208
0.991924
0.99207
0.990015
0.98607
0.991971
0.990882
0.991385
0.992269
0.989119
0.989983
0.991803
0.991297
0.991754
0.991357
0.991329
0.989737
0.989795
0.989019
0.989738
0.989122
0.988569
0.990084
0.990156
0.988277
0.990558
0.992338
0.991106
0.986573
0.99194
0.992305
0.992469
0.992473
0.989677
0.990102
0.989675
0.988786
0.988513
0.992552
0.992511
0.992157
0.988238
0.988125
0.992187
0.988353
0.988506
0.988305
0.988171
0.98932
0.987967
0.992503
0.992113
0.992325
0.992174
0.992154
0.992302
0.992206
0.992161
0.992218
0.992343
0.992212
0.992191
0.992114
0.992014
0.989436
0.989177
0.989162
0.988177
0.987808
0.989407
0.989176
0.992182
0.992206
0.992218
0.992208
0.992184
